o convex_0
v -0.005835 -0.016327 0.013916
v 0.003172 -0.027334 -0.003094
v 0.004674 -0.027334 -0.003094
v 0.004173 -0.025333 0.013416
v -0.005835 -0.021332 0.001409
v -0.003832 -0.020832 -0.003094
v 0.004674 -0.025333 0.001409
v -0.000331 -0.023330 0.012915
v 0.004674 -0.023829 0.013916
v -0.005334 -0.018830 0.013416
v -0.005835 -0.021332 -0.003094
v -0.005334 -0.016327 0.013416
v 0.000169 -0.025832 -0.002595
v -0.001331 -0.022330 0.013916
v 0.001671 -0.024833 0.010915
v 0.004674 -0.026332 -0.002595
v -0.005835 -0.020330 -0.002094
f 1 12 17 
f 2 3 4 
f 3 2 6 
f 4 3 9 
f 3 7 9 
f 1 5 10 
f 5 1 11 
f 6 2 11 
f 7 6 12 
f 1 9 12 
f 9 7 12 
f 8 5 13 
f 5 11 13 
f 11 2 13 
f 8 4 14 
f 5 8 14 
f 4 9 14 
f 9 1 14 
f 1 10 14 
f 10 5 14 
f 2 4 15 
f 4 8 15 
f 13 2 15 
f 8 13 15 
f 3 6 16 
f 7 3 16 
f 6 7 16 
f 11 1 17 
f 6 11 17 
f 12 6 17 
o convex_1
v -0.002831 -0.020828 0.013918
v 0.014181 -0.011823 0.016920
v 0.008176 -0.013326 0.017421
v 0.006176 -0.023330 0.016419
v 0.014181 -0.018824 0.013918
v -0.005835 -0.013325 0.014919
v 0.000672 -0.020828 0.017421
v 0.004173 -0.024833 0.013918
v 0.011176 -0.013826 0.014418
v 0.008176 -0.020327 0.017421
v -0.005835 -0.015827 0.013918
v -0.005333 -0.013325 0.015919
v -0.005835 -0.017328 0.014919
v 0.014181 -0.017328 0.015919
v 0.014181 -0.011823 0.015919
v 0.004673 -0.011823 0.016920
v 0.007676 -0.024329 0.014418
v -0.003833 -0.013325 0.014418
v 0.001671 -0.022829 0.016419
v 0.005172 -0.013326 0.017421
v -0.002831 -0.019326 0.016419
f 18 36 38 
f 18 22 25 
f 19 20 27 
f 20 24 27 
f 24 21 27 
f 22 18 28 
f 26 22 28 
f 28 18 30 
f 23 28 30 
f 29 23 30 
f 22 19 31 
f 19 27 31 
f 27 21 31 
f 19 22 32 
f 22 26 32 
f 20 19 33 
f 23 29 33 
f 19 32 33 
f 21 25 34 
f 25 22 34 
f 31 21 34 
f 22 31 34 
f 28 23 35 
f 26 28 35 
f 32 26 35 
f 23 33 35 
f 33 32 35 
f 21 24 36 
f 25 21 36 
f 18 25 36 
f 24 20 37 
f 29 24 37 
f 20 33 37 
f 33 29 37 
f 24 29 38 
f 30 18 38 
f 29 30 38 
f 36 24 38 
o convex_2
v -0.011339 -0.029336 -0.024113
v -0.009837 -0.023331 -0.033121
v -0.009837 -0.022831 -0.033121
v -0.019846 -0.023832 -0.025616
v -0.005836 -0.027334 -0.024113
v -0.019344 -0.022831 -0.024115
v -0.005836 -0.022831 -0.031617
v -0.011339 -0.027334 -0.029617
v -0.005836 -0.026333 -0.030118
v -0.014343 -0.029336 -0.024615
v -0.018343 -0.025834 -0.026116
v -0.019344 -0.025834 -0.024115
v -0.005836 -0.023832 -0.033121
v -0.005836 -0.023331 -0.030118
v -0.018844 -0.022831 -0.027117
v -0.005836 -0.027833 -0.026616
v -0.008839 -0.027334 -0.029617
f 54 39 55 
f 39 43 44 
f 41 44 45 
f 45 43 47 
f 46 48 49 
f 40 46 49 
f 42 49 50 
f 44 42 50 
f 39 44 50 
f 48 39 50 
f 49 48 50 
f 40 41 51 
f 41 45 51 
f 46 40 51 
f 45 47 51 
f 44 43 52 
f 43 45 52 
f 45 44 52 
f 41 40 53 
f 44 41 53 
f 42 44 53 
f 40 49 53 
f 49 42 53 
f 43 39 54 
f 47 43 54 
f 47 54 55 
f 39 48 55 
f 48 46 55 
f 46 51 55 
f 51 47 55 
o convex_3
v 0.028694 -0.031835 -0.021107
v 0.029194 -0.013824 -0.013105
v 0.029194 -0.013824 -0.019106
v 0.031195 -0.039344 -0.015608
v 0.029194 -0.038343 -0.013105
v 0.031195 -0.033838 -0.022610
v 0.031195 -0.017828 -0.013105
v 0.028193 -0.019829 -0.022609
v 0.029694 -0.039344 -0.023110
v 0.030695 -0.018830 -0.020608
v 0.028193 -0.014328 -0.016609
v 0.028693 -0.035842 -0.016609
v 0.030694 -0.039344 -0.013105
v 0.030695 -0.028333 -0.023109
v 0.028193 -0.024333 -0.023109
v 0.030694 -0.039344 -0.023110
v 0.028693 -0.013824 -0.013105
v 0.028193 -0.013824 -0.019608
v 0.029694 -0.018330 -0.021608
v 0.030695 -0.015830 -0.014107
f 65 58 75 
f 59 61 62 
f 57 60 62 
f 62 61 65 
f 56 64 67 
f 64 60 67 
f 60 66 67 
f 59 62 68 
f 62 60 68 
f 60 64 68 
f 64 59 68 
f 65 61 69 
f 64 56 70 
f 66 63 70 
f 67 66 70 
f 56 67 70 
f 63 69 70 
f 70 69 71 
f 61 59 71 
f 59 64 71 
f 69 61 71 
f 64 70 71 
f 57 58 72 
f 60 57 72 
f 66 60 72 
f 66 72 73 
f 63 66 73 
f 72 58 73 
f 63 73 74 
f 58 65 74 
f 69 63 74 
f 65 69 74 
f 73 58 74 
f 58 57 75 
f 57 62 75 
f 62 65 75 
o convex_4
v -0.016345 -0.021827 -0.029617
v -0.020345 -0.013825 -0.024113
v -0.021847 -0.013825 -0.024113
v -0.016845 -0.007819 -0.034120
v -0.021847 -0.011322 -0.031118
v -0.019845 -0.022831 -0.025616
v -0.015843 -0.022330 -0.027117
v -0.021847 -0.007819 -0.027116
v -0.016344 -0.007819 -0.032618
v -0.018846 -0.017326 -0.024113
v -0.022848 -0.008821 -0.028618
v -0.019346 -0.022831 -0.024113
v -0.018346 -0.019326 -0.030117
v -0.021346 -0.007819 -0.031618
v -0.015843 -0.014827 -0.032119
v -0.020846 -0.007819 -0.027116
v -0.022348 -0.012322 -0.029118
v -0.016845 -0.008821 -0.034120
v -0.015843 -0.022831 -0.029117
v -0.019346 -0.022330 -0.027117
f 94 81 95 
f 78 77 83 
f 79 83 84 
f 77 78 85 
f 82 84 85 
f 84 77 85 
f 78 83 86 
f 78 81 87 
f 85 78 87 
f 82 85 87 
f 83 79 89 
f 80 86 89 
f 86 83 89 
f 79 84 90 
f 84 82 90 
f 83 77 91 
f 77 84 91 
f 84 83 91 
f 81 78 92 
f 80 81 92 
f 86 80 92 
f 78 86 92 
f 76 88 93 
f 88 80 93 
f 89 79 93 
f 80 89 93 
f 90 76 93 
f 79 90 93 
f 87 81 94 
f 82 87 94 
f 76 90 94 
f 90 82 94 
f 81 80 95 
f 88 76 95 
f 80 88 95 
f 76 94 95 
o convex_5
v -0.005835 -0.008821 -0.035622
v -0.016343 -0.013823 -0.032121
v -0.016343 -0.013823 -0.031621
v -0.005835 -0.022831 -0.033619
v -0.013341 -0.022330 -0.028118
v -0.005835 -0.007819 -0.034120
v -0.009840 -0.022330 -0.033619
v -0.016343 -0.007819 -0.034120
v -0.007337 -0.015826 -0.036122
v -0.015843 -0.022831 -0.029119
v -0.011837 -0.007819 -0.033120
v -0.005835 -0.022831 -0.032619
v -0.016343 -0.007819 -0.033120
v -0.016343 -0.009321 -0.034120
v -0.011339 -0.009321 -0.035622
v -0.015843 -0.022330 -0.028118
v -0.005835 -0.015826 -0.036122
v -0.011837 -0.011822 -0.031621
f 108 111 113 
f 99 96 101 
f 97 98 103 
f 101 96 103 
f 99 102 104 
f 98 97 105 
f 102 99 105 
f 101 103 106 
f 99 101 107 
f 101 100 107 
f 105 99 107 
f 100 105 107 
f 103 98 108 
f 106 103 108 
f 97 103 109 
f 104 102 109 
f 105 97 109 
f 102 105 109 
f 103 96 110 
f 96 104 110 
f 109 103 110 
f 104 109 110 
f 98 105 111 
f 105 100 111 
f 108 98 111 
f 96 99 112 
f 104 96 112 
f 99 104 112 
f 100 101 113 
f 101 106 113 
f 106 108 113 
f 111 100 113 
o convex_6
v 0.001671 0.002690 0.012916
v -0.005835 -0.006317 0.012416
v -0.005835 -0.006317 0.013417
v -0.005835 0.012198 0.013417
v -0.004833 0.003690 0.010915
v 0.001671 -0.000812 0.010915
v 0.001671 -0.003313 0.013417
v -0.005835 -0.001812 0.010915
v -0.004833 0.011696 0.012416
v -0.005835 0.007692 0.011416
v -0.003833 0.011696 0.013417
v -0.000331 -0.003313 0.011416
f 121 119 125 
f 115 116 117 
f 116 115 120 
f 117 116 120 
f 119 114 120 
f 115 117 121 
f 118 119 121 
f 114 119 122 
f 122 119 123 
f 119 118 123 
f 121 117 123 
f 118 121 123 
f 117 122 123 
f 117 120 124 
f 120 114 124 
f 114 122 124 
f 122 117 124 
f 120 115 125 
f 119 120 125 
f 115 121 125 
o convex_7
v 0.003672 0.008695 0.007913
v -0.005835 -0.001811 0.010414
v 0.002171 -0.003314 0.011915
v 0.000669 0.005190 0.005412
v -0.005835 0.006191 0.004910
v 0.003672 0.007191 0.010414
v 0.004674 0.008695 0.004910
v 0.004674 -0.002313 0.013417
v -0.005835 0.001191 0.010414
v -0.005333 0.002191 0.006412
v 0.004674 0.000189 0.009413
v 0.001671 -0.000812 0.013417
v 0.000669 0.009694 0.005412
v -0.005333 0.006191 0.006412
v 0.004674 0.007191 0.010414
v 0.001671 -0.003314 0.013417
v -0.005835 0.004691 0.004910
v -0.005835 -0.001811 0.010915
v 0.004674 -0.003314 0.012415
f 133 141 144 
f 130 127 134 
f 128 127 135 
f 129 132 136 
f 132 133 136 
f 128 135 136 
f 135 129 136 
f 131 134 137 
f 131 126 138 
f 126 132 138 
f 132 130 138 
f 130 134 139 
f 134 131 139 
f 138 130 139 
f 131 138 139 
f 126 131 140 
f 132 126 140 
f 133 132 140 
f 137 133 140 
f 131 137 140 
f 127 128 141 
f 133 137 141 
f 127 130 142 
f 132 129 142 
f 130 132 142 
f 135 127 142 
f 129 135 142 
f 134 127 143 
f 137 134 143 
f 127 141 143 
f 141 137 143 
f 128 136 144 
f 136 133 144 
f 141 128 144 
o convex_8
v 0.030695 0.031213 -0.015106
v 0.023689 0.016701 -0.017107
v 0.023689 0.016701 -0.016607
v 0.023689 0.031213 -0.017608
v 0.030695 0.030712 -0.018108
v 0.030695 0.016701 -0.015106
v 0.023689 0.027207 -0.015607
v 0.030193 0.016701 -0.017107
v 0.026191 0.024707 -0.018108
v 0.023689 0.019704 -0.015607
v 0.023689 0.017203 -0.017608
v 0.024190 0.031213 -0.018108
v 0.028192 0.017203 -0.017608
v 0.023689 0.031213 -0.016607
f 151 145 158 
f 146 147 148 
f 147 146 150 
f 149 145 150 
f 148 147 151 
f 150 145 151 
f 150 146 152 
f 149 150 152 
f 147 150 154 
f 151 147 154 
f 150 151 154 
f 146 148 155 
f 152 146 155 
f 153 155 156 
f 148 145 156 
f 145 149 156 
f 149 153 156 
f 155 148 156 
f 149 152 157 
f 153 149 157 
f 152 155 157 
f 155 153 157 
f 145 148 158 
f 148 151 158 
o convex_9
v 0.028692 0.034217 0.011913
v 0.029693 0.031213 -0.003596
v 0.029693 0.033716 -0.003596
v 0.026191 0.031213 0.009412
v 0.027192 0.038719 0.003409
v 0.030695 0.038719 0.009412
v 0.030695 0.031213 0.011913
v 0.030695 0.038719 -0.003596
v 0.026191 0.038719 0.009913
v 0.027693 0.033716 -0.001594
v 0.030695 0.031213 -0.003596
v 0.028193 0.031213 0.012416
v 0.027693 0.031213 -0.000093
v 0.029693 0.038719 -0.003094
v 0.026191 0.036216 0.010913
f 170 159 173 
f 162 160 165 
f 164 159 165 
f 164 165 166 
f 160 161 166 
f 163 164 166 
f 159 164 167 
f 164 163 167 
f 161 160 168 
f 162 167 168 
f 167 163 168 
f 165 160 169 
f 166 165 169 
f 160 166 169 
f 162 165 170 
f 165 159 170 
f 160 162 171 
f 168 160 171 
f 162 168 171 
f 166 161 172 
f 163 166 172 
f 161 168 172 
f 168 163 172 
f 159 167 173 
f 167 162 173 
f 162 170 173 
o convex_10
v -0.021848 -0.020327 0.013918
v -0.020347 -0.013824 0.018421
v -0.021848 -0.013824 0.018421
v -0.022348 -0.013824 0.011916
v -0.017345 -0.023832 0.011916
v -0.017345 -0.013824 0.016419
v -0.017846 -0.020828 0.015418
v -0.022348 -0.019828 0.011916
v -0.023349 -0.015826 0.016419
v -0.021347 -0.017328 0.017420
v -0.017345 -0.015826 0.017420
v -0.018846 -0.023330 0.012917
v -0.023349 -0.013824 0.014419
v -0.017345 -0.022830 0.011916
f 177 179 187 
f 176 175 177 
f 177 175 179 
f 177 178 181 
f 181 174 182 
f 175 176 183 
f 176 182 183 
f 182 174 183 
f 179 175 184 
f 178 179 184 
f 180 178 184 
f 175 183 184 
f 183 180 184 
f 178 180 185 
f 174 181 185 
f 181 178 185 
f 183 174 185 
f 180 183 185 
f 176 177 186 
f 177 181 186 
f 182 176 186 
f 181 182 186 
f 178 177 187 
f 179 178 187 
o convex_11
v -0.010839 0.000687 0.029430
v -0.018846 -0.005817 0.024426
v -0.017843 -0.005817 0.024426
v -0.011341 0.003190 0.026429
v -0.018846 0.003190 0.027928
v -0.010839 -0.005817 0.025928
v -0.012341 -0.004316 0.028429
v -0.018846 0.002689 0.026429
v -0.017843 -0.005817 0.025928
v -0.013342 -0.000314 0.029430
v -0.010839 0.003190 0.027928
v -0.015341 0.002689 0.028929
v -0.010839 -0.005817 0.026928
f 194 196 200 
f 190 189 191 
f 189 190 193 
f 190 191 193 
f 191 189 195 
f 192 191 195 
f 189 192 195 
f 192 189 196 
f 189 193 196 
f 196 194 197 
f 194 188 197 
f 192 196 197 
f 191 192 198 
f 188 193 198 
f 193 191 198 
f 197 188 199 
f 192 197 199 
f 188 198 199 
f 198 192 199 
f 193 188 200 
f 188 194 200 
f 196 193 200 
o convex_12
v 0.022188 -0.019828 0.003909
v 0.024690 -0.023329 0.002907
v 0.027192 -0.022830 0.001407
v 0.022188 -0.014826 -0.004595
v 0.028193 -0.013824 -0.003595
v 0.028193 -0.022329 0.003408
v 0.028193 -0.019327 -0.003095
v 0.022188 -0.023329 0.006410
v 0.025190 -0.019828 -0.002595
v 0.023189 -0.013824 -0.003595
v 0.028193 -0.013824 -0.005097
v 0.022188 -0.023329 0.004909
v 0.022689 -0.021329 0.005409
v 0.028193 -0.023329 0.003408
f 206 208 214 
f 205 206 207 
f 201 204 208 
f 203 202 209 
f 207 203 209 
f 204 207 209 
f 204 201 210 
f 201 205 210 
f 210 205 211 
f 207 204 211 
f 205 207 211 
f 204 210 211 
f 202 208 212 
f 208 204 212 
f 209 202 212 
f 204 209 212 
f 205 201 213 
f 206 205 213 
f 201 208 213 
f 208 206 213 
f 202 203 214 
f 203 207 214 
f 207 206 214 
f 208 202 214 
o convex_13
v -0.015844 -0.001313 -0.027116
v -0.016344 -0.007819 -0.034120
v -0.016344 -0.007318 -0.034120
v -0.023848 -0.004316 -0.029118
v -0.020846 -0.007819 -0.027116
v -0.019845 -0.004316 -0.032119
v -0.020846 -0.007819 -0.032619
v -0.015343 -0.007819 -0.033120
v -0.015343 -0.003817 -0.031619
v -0.021847 -0.003315 -0.027116
v -0.023348 -0.003315 -0.030119
v -0.015343 -0.002314 -0.027116
v -0.022848 -0.007318 -0.029618
f 221 219 227 
f 217 216 221 
f 216 219 221 
f 220 217 221 
f 216 217 222 
f 219 216 222 
f 217 220 223 
f 222 217 223 
f 219 215 224 
f 218 219 224 
f 221 218 225 
f 220 221 225 
f 215 223 225 
f 223 220 225 
f 224 215 225 
f 218 224 225 
f 215 219 226 
f 219 222 226 
f 223 215 226 
f 222 223 226 
f 219 218 227 
f 218 221 227 
o convex_14
v -0.005835 -0.001314 -0.027116
v -0.012840 -0.007317 -0.034622
v -0.012840 -0.006317 -0.034622
v -0.015343 -0.002315 -0.027116
v -0.005835 -0.007819 -0.033620
v -0.014341 -0.000813 -0.027617
v -0.009839 -0.005316 -0.034120
v -0.015343 -0.007819 -0.033620
v -0.005835 -0.005316 -0.030119
v -0.015343 -0.003816 -0.031618
v -0.005835 -0.007317 -0.034622
v -0.007337 -0.000813 -0.027617
v -0.005835 -0.002315 -0.027116
f 231 236 240 
f 231 228 233 
f 230 229 235 
f 229 232 235 
f 232 228 236 
f 231 235 236 
f 235 232 236 
f 231 233 237 
f 234 230 237 
f 233 234 237 
f 230 235 237 
f 235 231 237 
f 229 230 238 
f 228 232 238 
f 232 229 238 
f 230 234 238 
f 238 234 239 
f 233 228 239 
f 234 233 239 
f 228 238 239 
f 228 231 240 
f 236 228 240 
o convex_15
v -0.018847 -0.004317 0.009916
v -0.020347 -0.007317 0.019422
v -0.022848 -0.007317 0.019422
v -0.018846 0.008194 0.005913
v -0.022848 -0.013824 0.005411
v -0.023348 0.003188 0.009916
v -0.018846 -0.013824 0.017418
v -0.019847 -0.010319 0.005411
v -0.023349 -0.013319 0.015417
v -0.023849 -0.006317 0.005411
v -0.024350 -0.002815 0.015917
v -0.018847 0.004190 0.010916
v -0.021347 0.006692 0.005411
v -0.022848 -0.012319 0.019422
v -0.018846 -0.008317 0.019422
v -0.022848 0.004190 0.010916
v -0.020848 -0.013824 0.005411
v -0.023349 -0.013824 0.009915
v -0.024350 -0.005315 0.015917
v -0.023849 -0.001315 0.015417
v -0.018846 0.006192 0.005411
v -0.022848 -0.013824 0.017919
v -0.020347 -0.013319 0.018920
f 254 262 263 
f 241 247 248 
f 248 245 250 
f 246 250 251 
f 250 246 253 
f 248 250 253 
f 242 243 254 
f 243 251 254 
f 247 244 255 
f 252 242 255 
f 244 252 255 
f 242 254 255 
f 246 251 256 
f 252 244 256 
f 244 253 256 
f 253 246 256 
f 247 245 257 
f 245 248 257 
f 248 247 257 
f 245 247 258 
f 250 245 258 
f 251 250 259 
f 249 254 259 
f 254 251 259 
f 258 249 259 
f 250 258 259 
f 243 242 260 
f 251 243 260 
f 242 252 260 
f 256 251 260 
f 252 256 260 
f 244 247 261 
f 247 241 261 
f 241 248 261 
f 253 244 261 
f 248 253 261 
f 254 249 262 
f 258 247 262 
f 249 258 262 
f 247 255 263 
f 255 254 263 
f 262 247 263 
o convex_16
v 0.025190 0.000688 -0.003597
v 0.027692 0.005192 0.009414
v 0.027692 0.004191 0.009414
v 0.017684 0.001189 0.000908
v 0.024188 0.001189 0.009414
v 0.018186 0.002690 -0.001595
v 0.027692 0.000188 -0.000093
v 0.027191 0.003190 0.000908
v 0.024188 0.004191 0.009414
v 0.020188 0.002690 0.005410
v 0.024690 0.000188 -0.003597
v 0.023188 0.001189 0.009414
v 0.025690 0.003190 -0.000093
v 0.020688 0.003691 0.002409
v 0.017684 0.001189 -0.001595
v 0.027692 0.000688 -0.001595
f 270 274 279 
f 266 265 268 
f 265 266 270 
f 266 268 270 
f 268 265 272 
f 269 267 273 
f 269 264 274 
f 274 270 275 
f 270 268 275 
f 268 272 275 
f 272 273 275 
f 273 267 275 
f 267 274 275 
f 264 269 276 
f 265 271 276 
f 271 264 276 
f 272 265 277 
f 269 273 277 
f 273 272 277 
f 265 276 277 
f 276 269 277 
f 267 269 278 
f 274 267 278 
f 269 274 278 
f 265 270 279 
f 271 265 279 
f 264 271 279 
f 274 264 279 
o convex_17
v -0.013342 0.008695 0.005411
v -0.018846 0.001687 0.007913
v -0.018846 0.001687 0.008413
v -0.011841 -0.008319 0.008413
v -0.012842 -0.003814 0.005411
v -0.014343 0.006192 0.008413
v -0.018846 0.007694 0.005411
v -0.018846 0.002186 0.006412
v -0.012341 0.006691 0.005911
v -0.013842 -0.007318 0.007913
v -0.017343 0.007694 0.007412
v -0.011841 -0.003814 0.005411
v -0.018846 0.004691 0.008413
f 290 286 292 
f 282 283 285 
f 281 282 286 
f 280 284 286 
f 281 286 287 
f 286 284 287 
f 280 285 288 
f 285 283 288 
f 282 281 289 
f 283 282 289 
f 284 283 289 
f 281 287 289 
f 287 284 289 
f 285 280 290 
f 280 286 290 
f 284 280 291 
f 283 284 291 
f 280 288 291 
f 288 283 291 
f 282 285 292 
f 286 282 292 
f 285 290 292 
o convex_18
v -0.011839 -0.007817 0.007913
v -0.005835 -0.001314 0.011415
v -0.005835 0.001188 0.010415
v -0.005836 0.004190 0.005411
v -0.011338 -0.000315 0.005912
v -0.009837 -0.011322 0.011415
v -0.008837 -0.002316 0.011415
v -0.011338 -0.003813 0.005411
v -0.006337 0.005192 0.006412
v -0.005836 0.001687 0.006412
v -0.010839 -0.009319 0.011415
v -0.009837 -0.011322 0.010915
v -0.011839 -0.002813 0.006913
v -0.005835 -0.001815 0.010415
f 304 302 306 
f 294 295 299 
f 298 294 299 
f 297 296 300 
f 295 296 301 
f 296 297 301 
f 299 295 301 
f 297 299 301 
f 300 296 302 
f 293 298 303 
f 298 299 303 
f 298 293 304 
f 293 300 304 
f 300 302 304 
f 299 297 305 
f 300 293 305 
f 297 300 305 
f 293 303 305 
f 303 299 305 
f 295 294 306 
f 296 295 306 
f 294 298 306 
f 302 296 306 
f 298 304 306 
o convex_19
v -0.004333 -0.019828 -0.034621
v 0.000169 -0.012322 -0.029117
v 0.000169 -0.012322 -0.030619
v 0.002671 -0.020329 -0.029618
v -0.001830 -0.012322 -0.034621
v -0.005835 -0.020329 -0.033621
v -0.005835 -0.012322 -0.034120
v -0.003332 -0.020329 -0.031119
v -0.005835 -0.013825 -0.035623
v 0.003172 -0.017826 -0.029618
v 0.000169 -0.018826 -0.032619
v 0.000669 -0.020329 -0.029117
v -0.004333 -0.016825 -0.035623
v -0.000331 -0.012322 -0.029117
f 314 318 320 
f 308 309 311 
f 307 310 312 
f 308 311 313 
f 313 312 314 
f 312 310 314 
f 313 311 315 
f 312 313 315 
f 309 308 316 
f 311 309 316 
f 311 316 317 
f 310 307 317 
f 316 310 317 
f 314 310 318 
f 316 308 318 
f 310 316 318 
f 307 312 319 
f 315 311 319 
f 312 315 319 
f 311 317 319 
f 317 307 319 
f 308 313 320 
f 313 314 320 
f 318 308 320 
o convex_20
v -0.004834 -0.024834 -0.015606
v 0.004674 -0.026832 -0.003096
v -0.003332 -0.021331 -0.003096
v -0.002329 -0.026832 -0.008601
v 0.004674 -0.029334 -0.015606
v 0.004173 -0.031337 -0.011100
v -0.004333 -0.022832 -0.015606
v -0.005835 -0.021331 -0.003096
v 0.002672 -0.027333 -0.003096
v -0.002832 -0.027333 -0.014104
v 0.004674 -0.031338 -0.015104
v -0.005835 -0.024334 -0.010602
v -0.005835 -0.022331 -0.015606
v -0.001831 -0.024334 -0.015606
v -0.004333 -0.020829 -0.004599
v -0.000331 -0.025835 -0.003096
v 0.004674 -0.026832 -0.004098
v 0.004674 -0.027833 -0.003096
v -0.002832 -0.027333 -0.011601
f 332 330 339 
f 325 321 327 
f 322 323 328 
f 322 328 329 
f 321 325 331 
f 325 322 331 
f 330 321 331 
f 326 330 331 
f 324 328 332 
f 321 330 332 
f 327 321 333 
f 321 332 333 
f 332 328 333 
f 325 327 334 
f 334 327 335 
f 328 323 335 
f 327 333 335 
f 333 328 335 
f 324 326 336 
f 328 324 336 
f 326 329 336 
f 329 328 336 
f 323 322 337 
f 322 325 337 
f 325 334 337 
f 334 335 337 
f 335 323 337 
f 322 329 338 
f 329 326 338 
f 331 322 338 
f 326 331 338 
f 326 324 339 
f 330 326 339 
f 324 332 339 
o convex_21
v 0.021688 0.055233 -0.008099
v 0.029692 0.059736 0.002408
v 0.028192 0.059736 0.002408
v 0.028692 0.059236 -0.008600
v 0.021688 0.053231 -0.008099
v 0.021189 0.056733 0.002408
v 0.029692 0.058735 0.002408
v 0.029692 0.058234 -0.009101
v 0.023189 0.056235 0.002408
v 0.023690 0.057734 -0.004097
v 0.021189 0.054232 -0.009101
v 0.027692 0.059736 -0.000595
v 0.025690 0.057734 -0.009101
v 0.021189 0.055733 0.001907
f 345 350 353 
f 341 342 345 
f 341 345 346 
f 343 341 347 
f 341 346 347 
f 346 344 347 
f 344 346 348 
f 346 345 348 
f 340 345 349 
f 345 340 350 
f 347 344 350 
f 342 341 351 
f 341 343 351 
f 345 342 351 
f 343 349 351 
f 349 345 351 
f 343 347 352 
f 349 343 352 
f 340 349 352 
f 350 340 352 
f 347 350 352 
f 344 348 353 
f 348 345 353 
f 350 344 353 
o convex_22
v 0.015182 -0.008818 -0.008100
v 0.019185 0.002689 -0.001595
v 0.019185 0.002689 -0.002095
v 0.018685 -0.008818 -0.001595
v 0.019185 -0.000314 -0.008100
v 0.017184 0.001187 -0.001595
v 0.017683 0.000187 -0.008100
v 0.016183 -0.008818 -0.004097
v 0.018184 -0.004315 -0.008100
v 0.015182 -0.006317 -0.007600
v 0.019185 -0.006317 -0.001595
v 0.017184 0.001187 -0.004598
v 0.017683 -0.008818 -0.001595
v 0.016183 -0.008818 -0.007600
f 362 357 367 
f 356 355 358 
f 355 356 359 
f 357 355 359 
f 358 354 360 
f 356 358 360 
f 354 357 361 
f 354 358 362 
f 358 357 362 
f 360 354 363 
f 354 361 363 
f 361 359 363 
f 355 357 364 
f 357 358 364 
f 358 355 364 
f 359 356 365 
f 356 360 365 
f 360 363 365 
f 363 359 365 
f 357 359 366 
f 361 357 366 
f 359 361 366 
f 357 354 367 
f 354 362 367 
o convex_23
v 0.029194 0.004692 -0.018609
v 0.030695 0.016701 -0.015607
v 0.030695 0.016701 -0.016608
v 0.030695 -0.006317 -0.018609
v 0.029694 -0.003814 -0.015607
v 0.029194 0.016199 -0.016107
v 0.030695 -0.006317 -0.015607
v 0.031195 0.001190 -0.018609
v 0.029194 0.016701 -0.017108
v 0.030194 -0.006317 -0.018609
f 374 372 377 
f 372 369 373 
f 368 372 373 
f 369 372 374 
f 370 369 375 
f 371 368 375 
f 369 374 375 
f 374 371 375 
f 369 370 376 
f 373 369 376 
f 368 373 376 
f 375 368 376 
f 370 375 376 
f 368 371 377 
f 372 368 377 
f 371 374 377 
o convex_24
v -0.005835 0.001690 -0.020110
v 0.004674 0.010196 -0.018609
v 0.004674 0.009694 -0.018609
v 0.004674 0.003190 -0.024613
v 0.004674 0.000188 -0.023612
v 0.003673 0.008694 -0.022111
v -0.005334 0.001189 -0.018609
v -0.004333 0.000188 -0.022111
v -0.004333 0.004692 -0.018609
v -0.000331 0.000188 -0.021111
v -0.003833 0.001690 -0.022111
v 0.002672 0.000688 -0.024613
v 0.001671 0.009195 -0.019610
v -0.004333 0.003691 -0.020611
f 390 383 391 
f 379 380 381 
f 381 380 382 
f 379 381 383 
f 380 379 384 
f 384 378 385 
f 384 379 386 
f 378 384 386 
f 382 380 387 
f 380 384 387 
f 385 382 387 
f 384 385 387 
f 383 381 388 
f 385 378 388 
f 381 382 389 
f 382 385 389 
f 388 381 389 
f 385 388 389 
f 379 383 390 
f 386 379 390 
f 386 390 391 
f 378 386 391 
f 383 388 391 
f 388 378 391 
o convex_25
v 0.004173 0.017202 -0.006598
v -0.005835 0.006193 -0.009101
v -0.005835 0.006193 -0.008099
v -0.000331 0.015699 -0.002596
v 0.004674 0.015199 -0.002596
v -0.005835 0.007194 -0.002596
v 0.001671 0.016701 -0.008600
v 0.004674 0.016201 -0.009101
v -0.004834 0.006193 -0.008600
v -0.005835 0.007194 -0.009101
v -0.004834 0.007194 -0.002596
v 0.004674 0.015199 -0.006097
v 0.004674 0.016201 -0.002596
v 0.001170 0.016701 -0.003597
v 0.003172 0.017202 -0.009101
f 398 405 406 
f 393 394 397 
f 396 395 397 
f 394 393 400 
f 393 399 400 
f 393 397 401 
f 397 395 401 
f 395 398 401 
f 399 393 401 
f 397 394 402 
f 396 397 402 
f 394 400 402 
f 400 396 402 
f 399 396 403 
f 396 400 403 
f 400 399 403 
f 395 396 404 
f 399 392 404 
f 396 399 404 
f 398 395 405 
f 404 392 405 
f 395 404 405 
f 392 399 406 
f 401 398 406 
f 399 401 406 
f 405 392 406 
o convex_26
v 0.024690 0.002691 -0.010101
v 0.030194 0.009195 -0.005598
v 0.030194 0.009195 -0.012103
v 0.028692 0.000188 -0.005598
v 0.027193 0.000188 -0.012103
v 0.025190 0.007694 -0.012103
v 0.025691 0.002190 -0.007100
v 0.030194 0.003692 -0.006099
v 0.025190 0.006692 -0.009100
v 0.025190 0.000188 -0.011102
v 0.028192 0.009195 -0.007600
v 0.027692 0.003692 -0.005598
v 0.025190 0.000188 -0.008601
f 407 416 419 
f 409 411 412 
f 409 408 414 
f 408 410 414 
f 410 411 414 
f 411 409 414 
f 412 407 415 
f 407 413 415 
f 411 410 416 
f 412 411 416 
f 407 412 416 
f 408 409 417 
f 409 412 417 
f 415 408 417 
f 412 415 417 
f 410 408 418 
f 413 410 418 
f 408 415 418 
f 415 413 418 
f 413 407 419 
f 410 413 419 
f 416 410 419 
o convex_27
v -0.018846 -0.002815 0.009414
v -0.017843 -0.008318 0.019422
v -0.010839 -0.007318 0.018420
v -0.010839 -0.013824 0.012418
v -0.010839 0.003190 0.010917
v -0.018846 -0.013824 0.016918
v -0.018846 0.002188 0.012417
v -0.012841 -0.008819 0.008413
v -0.010839 -0.011319 0.019422
v -0.018846 0.002188 0.008413
v -0.010839 -0.005818 0.008413
v -0.012341 0.002687 0.012417
v -0.018846 -0.008817 0.019422
v -0.018846 -0.013824 0.016418
v -0.014343 -0.013824 0.016918
v -0.015842 0.001187 0.008413
v -0.018846 0.003190 0.010415
v -0.018846 -0.004316 0.009915
f 427 433 437 
f 422 423 424 
f 420 425 426 
f 422 421 428 
f 423 422 428 
f 420 426 429 
f 427 420 429 
f 427 429 430 
f 424 423 430 
f 423 427 430 
f 421 422 431 
f 422 424 431 
f 426 421 431 
f 421 426 432 
f 426 425 432 
f 428 421 432 
f 425 428 432 
f 425 420 433 
f 423 425 433 
f 427 423 433 
f 425 423 434 
f 423 428 434 
f 428 425 434 
f 429 424 435 
f 430 429 435 
f 424 430 435 
f 429 426 436 
f 424 429 436 
f 431 424 436 
f 426 431 436 
f 420 427 437 
f 433 420 437 
o convex_28
v 0.004674 -0.031338 -0.015108
v 0.014181 -0.034840 -0.009102
v 0.012679 -0.033839 -0.009102
v 0.014181 -0.029336 -0.022611
v 0.005675 -0.029837 -0.009102
v 0.009178 -0.034840 -0.013604
v 0.014181 -0.034340 -0.016107
v 0.011177 -0.030838 -0.022110
v 0.004674 -0.029336 -0.016107
v 0.008177 -0.033839 -0.009602
v 0.013681 -0.035841 -0.009102
v 0.004674 -0.030838 -0.009102
v 0.014181 -0.029336 -0.021610
v 0.010678 -0.032838 -0.019108
v 0.005174 -0.032339 -0.012604
v 0.011177 -0.029336 -0.022611
v 0.014181 -0.035841 -0.012103
v 0.013681 -0.030838 -0.022110
f 451 445 455 
f 439 440 442 
f 441 439 444 
f 445 438 446 
f 447 443 448 
f 439 442 448 
f 446 438 449 
f 442 446 449 
f 447 448 449 
f 448 442 449 
f 440 439 450 
f 439 441 450 
f 442 440 450 
f 441 446 450 
f 446 442 450 
f 443 438 451 
f 444 443 451 
f 438 445 451 
f 438 443 452 
f 443 447 452 
f 449 438 452 
f 447 449 452 
f 441 445 453 
f 446 441 453 
f 445 446 453 
f 444 439 454 
f 443 444 454 
f 448 443 454 
f 439 448 454 
f 441 444 455 
f 445 441 455 
f 444 451 455 
o convex_29
v 0.030695 -0.006317 -0.012103
v 0.024690 0.004692 -0.012604
v 0.024690 0.004692 -0.012103
v 0.030695 0.016701 -0.012103
v 0.030695 0.016701 -0.015606
v 0.030194 -0.006317 -0.015606
v 0.027192 0.005192 -0.015105
v 0.027692 -0.004314 -0.012103
v 0.025191 0.007693 -0.013104
v 0.030695 -0.006317 -0.015606
v 0.030194 0.016701 -0.015606
v 0.030194 0.016701 -0.012103
f 459 466 467 
f 458 456 459 
f 459 456 460 
f 461 457 462 
f 456 458 463 
f 458 457 463 
f 457 461 463 
f 461 456 463 
f 457 458 464 
f 462 457 464 
f 460 456 465 
f 461 460 465 
f 456 461 465 
f 459 460 466 
f 460 461 466 
f 461 462 466 
f 462 464 466 
f 466 464 467 
f 458 459 467 
f 464 458 467 
o convex_30
v 0.014181 -0.034339 -0.004098
v 0.005174 -0.026835 -0.003097
v 0.005174 -0.026835 -0.003597
v 0.005174 -0.030838 -0.009100
v 0.010678 -0.028837 -0.005098
v 0.014181 -0.034839 -0.009100
v 0.013681 -0.035841 -0.003097
v 0.012179 -0.029838 -0.003097
v 0.005174 -0.029337 -0.009100
v 0.004674 -0.027837 -0.003097
v 0.013681 -0.035841 -0.009100
v 0.008677 -0.029337 -0.007599
v 0.008677 -0.027336 -0.003597
v 0.004674 -0.030338 -0.008100
v 0.008677 -0.033339 -0.008600
f 474 481 482 
f 473 468 474 
f 468 473 475 
f 473 472 475 
f 469 474 475 
f 474 468 475 
f 473 471 476 
f 469 470 477 
f 474 469 477 
f 470 476 477 
f 471 473 478 
f 473 474 478 
f 472 473 479 
f 473 476 479 
f 479 476 480 
f 470 469 480 
f 469 475 480 
f 475 472 480 
f 476 470 480 
f 472 479 480 
f 476 471 481 
f 474 477 481 
f 477 476 481 
f 471 478 482 
f 478 474 482 
f 481 471 482 
o convex_31
v 0.004674 0.015700 -0.012602
v 0.014181 0.016201 -0.014103
v 0.014181 0.014700 -0.014103
v 0.005174 0.016701 -0.003097
v 0.004674 0.014700 -0.011602
v 0.004674 0.015700 -0.003097
v 0.004674 0.016701 -0.011101
v 0.013180 0.016701 -0.015105
v 0.005675 0.014700 -0.013603
f 490 485 491 
f 485 484 486 
f 487 485 488 
f 485 486 488 
f 483 487 488 
f 483 488 489 
f 488 486 489 
f 489 486 490 
f 484 485 490 
f 486 484 490 
f 483 489 490 
f 487 483 491 
f 485 487 491 
f 483 490 491 
o convex_32
v 0.004674 -0.027834 -0.003096
v 0.010678 -0.024833 0.010412
v 0.007676 -0.024833 0.012916
v 0.010678 -0.029336 -0.002595
v 0.005175 -0.026334 -0.002094
v 0.004674 -0.025334 0.013417
v 0.010678 -0.027334 -0.001594
v 0.004674 -0.025334 0.002909
v 0.010678 -0.026835 0.007411
v 0.010678 -0.024833 0.008912
v 0.008176 -0.026835 -0.002595
v 0.004674 -0.024833 0.010412
v 0.005175 -0.025834 0.011916
f 500 497 504 
f 493 495 498 
f 496 492 499 
f 492 497 499 
f 493 494 500 
f 495 493 500 
f 494 497 500 
f 494 493 501 
f 493 498 501 
f 496 499 501 
f 495 492 502 
f 492 496 502 
f 498 495 502 
f 501 498 502 
f 496 501 502 
f 497 494 503 
f 499 497 503 
f 494 501 503 
f 501 499 503 
f 492 495 504 
f 497 492 504 
f 495 500 504 
o convex_33
v 0.013680 -0.028337 0.008413
v 0.013680 -0.035841 -0.003096
v 0.014181 -0.035841 -0.003096
v 0.011179 -0.028337 -0.003096
v 0.010678 -0.026836 0.007912
v 0.014181 -0.024834 0.008913
v 0.014181 -0.033338 0.004408
v 0.010678 -0.024834 0.009914
v 0.010678 -0.029838 -0.003096
v 0.014181 -0.034338 -0.003096
v 0.012680 -0.033838 -0.000594
v 0.012180 -0.029338 -0.003096
v 0.010678 -0.027336 -0.000594
v 0.013680 -0.033338 0.004408
v 0.014181 -0.025835 0.009914
f 510 512 519 
f 507 506 508 
f 506 507 511 
f 507 510 511 
f 508 506 513 
f 509 512 513 
f 507 508 514 
f 510 507 514 
f 513 506 515 
f 509 513 515 
f 508 510 516 
f 514 508 516 
f 510 514 516 
f 510 508 517 
f 512 510 517 
f 508 513 517 
f 513 512 517 
f 506 511 518 
f 511 505 518 
f 512 509 518 
f 505 512 518 
f 515 506 518 
f 509 515 518 
f 505 511 519 
f 511 510 519 
f 512 505 519 
o convex_34
v 0.014181 -0.018329 0.014418
v 0.019185 -0.014824 0.010916
v 0.019185 -0.015325 0.010916
v 0.004674 -0.024832 0.012916
v 0.018184 -0.024832 0.009414
v 0.010178 -0.024331 0.009414
v 0.018684 -0.014824 0.009414
v 0.016682 -0.014824 0.014418
v 0.007178 -0.024832 0.013917
v 0.016682 -0.017328 0.014418
v 0.017182 -0.025333 0.009915
v 0.004674 -0.024331 0.012916
v 0.018184 -0.015325 0.013917
v 0.004674 -0.024331 0.013917
v 0.018684 -0.023830 0.009915
f 532 529 534 
f 521 522 526 
f 524 525 526 
f 521 526 527 
f 527 520 529 
f 520 528 529 
f 529 528 530 
f 525 524 530 
f 523 525 530 
f 528 523 530 
f 525 523 531 
f 526 525 531 
f 527 526 531 
f 522 521 532 
f 521 527 532 
f 527 529 532 
f 520 527 533 
f 528 520 533 
f 523 528 533 
f 531 523 533 
f 527 531 533 
f 526 522 534 
f 524 526 534 
f 529 530 534 
f 530 524 534 
f 522 532 534 
o convex_35
v -0.006837 0.011697 0.025927
v -0.010840 0.014198 0.016420
v -0.018846 0.012698 0.017421
v -0.006337 0.008695 0.025427
v -0.018846 0.011198 0.025926
v -0.005835 0.013197 0.016420
v -0.005835 0.013197 0.024926
v -0.011342 0.014699 0.018422
v -0.010840 0.008695 0.024926
v -0.018846 0.012698 0.022424
v -0.018846 0.010697 0.023424
v -0.017842 0.013699 0.017421
v -0.009337 0.014698 0.016420
v -0.005835 0.009196 0.025927
v -0.010840 0.008695 0.025927
v -0.014342 0.011198 0.026428
v -0.016842 0.012198 0.024926
f 550 541 551 
f 537 536 540 
f 537 540 543 
f 540 538 543 
f 537 539 544 
f 539 537 545 
f 537 543 545 
f 536 537 546 
f 537 544 546 
f 544 542 546 
f 540 536 547 
f 541 540 547 
f 542 541 547 
f 536 546 547 
f 546 542 547 
f 538 540 548 
f 540 541 548 
f 541 535 548 
f 543 538 549 
f 539 545 549 
f 545 543 549 
f 538 548 549 
f 549 548 550 
f 535 541 550 
f 548 535 550 
f 539 549 550 
f 539 550 551 
f 541 542 551 
f 544 539 551 
f 542 544 551 
o convex_36
v 0.007176 0.001188 0.010916
v 0.004674 -0.003314 0.013417
v 0.006676 -0.008819 0.014417
v 0.009678 0.005692 0.014918
v 0.004674 0.005692 0.010416
v 0.004674 -0.002812 0.014918
v 0.004674 -0.000315 0.009914
v 0.008176 -0.008819 0.014918
v 0.007675 0.005692 0.014918
v 0.009678 -0.002312 0.014417
v 0.004674 0.005692 0.011916
v 0.006676 -0.000315 0.010416
v 0.008176 -0.008819 0.014417
v 0.009678 0.005692 0.014417
f 555 561 565 
f 556 553 557 
f 553 554 557 
f 554 553 558 
f 553 556 558 
f 557 554 559 
f 555 557 559 
f 555 556 560 
f 557 555 560 
f 555 559 561 
f 556 557 562 
f 560 556 562 
f 557 560 562 
f 556 552 563 
f 558 556 563 
f 552 561 563 
f 563 561 564 
f 554 558 564 
f 559 554 564 
f 561 559 564 
f 558 563 564 
f 552 556 565 
f 556 555 565 
f 561 552 565 
o convex_37
v 0.029694 -0.019329 -0.003096
v 0.029194 -0.027333 0.007412
v 0.028193 -0.027333 0.007412
v 0.030194 -0.032836 -0.003096
v 0.030695 -0.025334 0.005911
v 0.028193 -0.019329 -0.002595
v 0.028193 -0.032836 0.004409
v 0.030695 -0.032836 0.003409
v 0.030695 -0.019329 -0.003096
v 0.028193 -0.019831 0.000407
v 0.030695 -0.032836 -0.003096
v 0.030194 -0.025334 0.006911
v 0.030194 -0.020330 0.000907
v 0.028694 -0.032836 0.005911
v 0.030194 -0.027834 0.006911
f 567 579 580 
f 566 569 571 
f 568 571 572 
f 571 569 572 
f 572 569 573 
f 569 566 574 
f 566 571 574 
f 570 573 574 
f 571 568 575 
f 574 571 575 
f 573 569 576 
f 569 574 576 
f 574 573 576 
f 568 567 577 
f 575 568 577 
f 575 577 578 
f 570 574 578 
f 574 575 578 
f 577 570 578 
f 567 568 579 
f 568 572 579 
f 572 573 579 
f 579 573 580 
f 573 570 580 
f 577 567 580 
f 570 577 580 
o convex_38
v 0.024690 0.000187 0.012916
v 0.017184 -0.014824 0.013417
v 0.017184 -0.014824 0.014418
v 0.023188 0.003691 0.014418
v 0.023688 0.003691 0.009414
v 0.019686 -0.014824 0.009414
v 0.020688 -0.009817 0.014418
v 0.024690 -0.000813 0.009414
v 0.018686 -0.013822 0.009414
v 0.017184 -0.013822 0.013917
v 0.024189 0.003189 0.014418
v 0.024690 0.003691 0.009414
v 0.018186 -0.014824 0.014418
f 586 587 593 
f 583 582 586 
f 584 583 587 
f 586 581 587 
f 586 585 588 
f 581 586 588 
f 586 582 589 
f 585 586 589 
f 582 583 590 
f 583 584 590 
f 584 585 590 
f 589 582 590 
f 585 589 590 
f 584 587 591 
f 587 581 591 
f 585 584 592 
f 581 588 592 
f 588 585 592 
f 584 591 592 
f 591 581 592 
f 583 586 593 
f 587 583 593 
o convex_39
v 0.023688 0.000686 0.015921
v 0.014181 -0.018327 0.014418
v 0.014682 -0.018327 0.014418
v 0.016684 0.000186 0.020923
v 0.014682 0.003691 0.018921
v 0.023187 0.003691 0.014418
v 0.018185 -0.007318 0.018921
v 0.020187 0.003691 0.019922
v 0.020687 -0.009318 0.014418
v 0.014181 -0.007318 0.018921
v 0.014181 0.002688 0.020423
v 0.014682 -0.017321 0.015921
v 0.014181 -0.014323 0.014919
v 0.020187 -0.008816 0.016421
v 0.017184 -0.016323 0.014919
v 0.020687 -0.000814 0.018921
v 0.017184 -0.007318 0.019421
v 0.024189 0.002688 0.014418
v 0.023187 0.003691 0.016921
v 0.017685 0.000686 0.020923
f 610 600 613 
f 596 595 599 
f 599 598 601 
f 596 599 602 
f 601 598 604 
f 603 597 604 
f 595 603 604 
f 595 596 605 
f 603 595 605 
f 599 595 606 
f 598 599 606 
f 595 604 606 
f 604 598 606 
f 602 594 607 
f 596 602 608 
f 605 596 608 
f 600 605 608 
f 607 600 608 
f 602 607 608 
f 607 594 609 
f 600 607 609 
f 597 603 610 
f 605 600 610 
f 603 605 610 
f 594 602 611 
f 602 599 611 
f 599 601 612 
f 601 609 612 
f 609 594 612 
f 611 599 612 
f 594 611 612 
f 604 597 613 
f 601 604 613 
f 600 609 613 
f 609 601 613 
f 597 610 613 
o convex_40
v 0.018185 -0.015326 0.009414
v 0.021687 -0.023329 0.005411
v 0.021687 -0.018826 -0.000092
v 0.017184 -0.022830 0.008912
v 0.018686 -0.013824 -0.002093
v 0.020185 -0.013824 0.008413
v 0.022188 -0.013824 -0.004597
v 0.022188 -0.022830 0.006911
v 0.019186 -0.023329 0.009414
v 0.019186 -0.014325 -0.003094
v 0.019686 -0.013824 0.009414
v 0.022188 -0.018826 0.003408
v 0.017184 -0.021329 0.009414
v 0.022188 -0.014826 -0.004597
f 623 620 627 
f 616 615 617 
f 618 619 620 
f 617 615 622 
f 615 621 622 
f 616 617 623 
f 617 618 623 
f 618 620 623 
f 618 614 624 
f 619 618 624 
f 621 619 624 
f 614 622 624 
f 622 621 624 
f 620 619 625 
f 619 621 625 
f 621 620 625 
f 614 618 626 
f 618 617 626 
f 617 622 626 
f 622 614 626 
f 615 616 627 
f 620 621 627 
f 621 615 627 
f 616 623 627 
o convex_41
v 0.020685 0.006193 0.018922
v 0.023188 0.003691 0.013417
v 0.023188 0.005692 0.013417
v 0.014182 0.007194 0.015419
v 0.014182 0.003691 0.019923
v 0.021186 0.003691 0.019422
v 0.023688 0.007694 0.014919
v 0.014182 0.007194 0.018420
v 0.014182 0.003691 0.018922
v 0.023688 0.003691 0.015419
v 0.022687 0.007694 0.013918
f 635 634 638 
f 630 629 631 
f 632 629 633 
f 628 632 633 
f 629 630 634 
f 628 633 634 
f 632 628 635 
f 631 632 635 
f 628 634 635 
f 631 629 636 
f 632 631 636 
f 629 632 636 
f 633 629 637 
f 629 634 637 
f 634 633 637 
f 630 631 638 
f 634 630 638 
f 631 635 638 
o convex_42
v 0.014182 0.007694 0.015919
v 0.023688 0.016701 0.012917
v 0.023688 0.016200 0.013418
v 0.023688 0.007694 0.013918
v 0.014182 0.016200 0.012416
v 0.023188 0.009696 0.015919
v 0.014182 0.016701 0.013418
v 0.014182 0.008195 0.013918
v 0.023688 0.015699 0.012416
v 0.014182 0.011197 0.015418
v 0.023188 0.007694 0.015919
v 0.023188 0.009196 0.013418
v 0.023688 0.012697 0.014918
f 644 649 651 
f 640 641 642 
f 641 640 645 
f 643 639 645 
f 640 643 645 
f 642 639 646 
f 639 643 646 
f 640 642 647 
f 643 640 647 
f 639 644 648 
f 645 639 648 
f 639 642 649 
f 644 639 649 
f 642 646 650 
f 646 643 650 
f 643 647 650 
f 647 642 650 
f 642 641 651 
f 641 645 651 
f 648 644 651 
f 645 648 651 
f 649 642 651 
o convex_43
v 0.031195 0.009196 0.011417
v 0.023689 0.003691 0.011416
v 0.023689 0.003691 0.013917
v 0.023689 0.016701 0.012416
v 0.030193 0.013198 0.014918
v 0.030193 0.016701 0.009414
v 0.024190 0.003691 0.009414
v 0.030694 0.004692 0.009414
v 0.030694 0.007695 0.013917
v 0.023689 0.012697 0.014918
v 0.030193 0.016701 0.013917
v 0.029192 0.016701 0.009414
v 0.025693 0.005693 0.014418
v 0.030694 0.016701 0.012916
v 0.030694 0.005693 0.011916
v 0.031195 0.008696 0.009414
f 657 665 667 
f 653 654 655 
f 654 653 658 
f 653 655 658 
f 658 657 659 
f 654 658 659 
f 655 654 661 
f 661 656 662 
f 657 655 662 
f 655 661 662 
f 655 657 663 
f 658 655 663 
f 657 658 663 
f 654 660 664 
f 660 656 664 
f 661 654 664 
f 656 661 664 
f 660 652 665 
f 656 660 665 
f 662 656 665 
f 657 662 665 
f 659 652 666 
f 654 659 666 
f 660 654 666 
f 652 660 666 
f 659 657 667 
f 652 659 667 
f 665 652 667 
o convex_44
v 0.028193 -0.046347 -0.021108
v 0.021688 -0.037843 -0.013107
v 0.021688 -0.036845 -0.014108
v 0.022690 -0.036345 -0.026114
v 0.022188 -0.030337 -0.023610
v 0.028193 -0.046347 -0.013107
v 0.028193 -0.040845 -0.026114
v 0.023189 -0.042844 -0.017110
v 0.021187 -0.038842 -0.013107
v 0.021187 -0.030337 -0.025111
v 0.024690 -0.039844 -0.013107
v 0.025190 -0.045347 -0.013607
v 0.023189 -0.032842 -0.020608
v 0.027191 -0.044847 -0.023110
v 0.022188 -0.038842 -0.021609
v 0.022188 -0.030337 -0.026114
v 0.027691 -0.047350 -0.017610
v 0.027691 -0.042347 -0.026114
v 0.021187 -0.030840 -0.021609
v 0.028193 -0.040845 -0.025111
v 0.025190 -0.043846 -0.021108
v 0.027691 -0.047350 -0.013107
f 679 684 689 
f 673 668 674 
f 669 670 676 
f 673 669 676 
f 670 669 678 
f 669 673 678 
f 676 675 679 
f 670 678 680 
f 678 673 680 
f 675 676 682 
f 677 671 682 
f 676 677 682 
f 674 671 683 
f 672 674 683 
f 677 672 683 
f 671 677 683 
f 668 673 684 
f 679 675 684 
f 681 668 684 
f 674 668 685 
f 671 674 685 
f 668 681 685 
f 681 671 685 
f 676 670 686 
f 672 677 686 
f 677 676 686 
f 670 680 686 
f 680 672 686 
f 673 674 687 
f 674 672 687 
f 672 680 687 
f 680 673 687 
f 671 681 688 
f 675 682 688 
f 682 671 688 
f 684 675 688 
f 681 684 688 
f 673 676 689 
f 676 679 689 
f 684 673 689 
o convex_45
v 0.023188 0.031213 -0.015105
v 0.016183 0.016701 -0.015105
v 0.016183 0.016701 -0.014106
v 0.023689 0.016701 -0.017107
v 0.016684 0.029710 -0.011103
v 0.019687 0.031213 -0.015606
v 0.023689 0.019704 -0.015606
v 0.023188 0.031213 -0.017107
v 0.019187 0.017203 -0.017107
v 0.016183 0.030712 -0.012604
v 0.017685 0.016701 -0.014106
v 0.016684 0.019204 -0.015606
v 0.023689 0.026207 -0.015105
v 0.023689 0.019204 -0.017608
v 0.016183 0.031213 -0.011103
v 0.016684 0.025707 -0.011603
f 704 692 705 
f 692 691 693 
f 695 690 697 
f 693 691 698 
f 695 697 698 
f 691 692 699 
f 692 693 700 
f 693 696 700 
f 698 691 701 
f 695 698 701 
f 691 699 701 
f 699 695 701 
f 690 694 702 
f 696 693 702 
f 694 696 702 
f 697 690 702 
f 697 702 703 
f 693 698 703 
f 698 697 703 
f 702 693 703 
f 694 690 704 
f 690 695 704 
f 699 692 704 
f 695 699 704 
f 696 694 705 
f 692 700 705 
f 700 696 705 
f 694 704 705 
o convex_46
v 0.006175 0.016701 -0.007099
v 0.009678 0.031213 0.001908
v 0.008676 0.031213 0.001908
v 0.011679 0.031213 -0.007099
v 0.005675 0.016701 0.001908
v 0.004674 0.019704 -0.003596
v 0.009676 0.031213 -0.006098
v 0.008176 0.022707 0.001908
v 0.009177 0.022707 -0.006599
v 0.004674 0.018204 0.001407
v 0.005174 0.017203 -0.007099
v 0.008676 0.031213 -0.003096
v 0.011679 0.030210 -0.006599
v 0.004674 0.016701 -0.004096
v 0.005675 0.020204 -0.006599
f 717 712 720 
f 708 707 709 
f 707 708 710 
f 708 709 712 
f 707 710 713 
f 713 710 714 
f 706 709 714 
f 710 706 714 
f 710 708 715 
f 708 711 715 
f 709 706 716 
f 712 709 716 
f 711 708 717 
f 708 712 717 
f 709 707 718 
f 707 713 718 
f 713 714 718 
f 714 709 718 
f 706 710 719 
f 710 715 719 
f 715 711 719 
f 711 716 719 
f 716 706 719 
f 716 711 720 
f 712 716 720 
f 711 717 720 
o convex_47
v 0.009678 0.046226 -0.004597
v 0.014682 0.050228 0.004410
v 0.013681 0.050228 0.004410
v 0.014682 0.050228 -0.005598
v 0.012180 0.046226 0.004410
v 0.011680 0.050228 0.001908
v 0.009678 0.046726 0.002408
v 0.011179 0.046226 -0.005598
v 0.013180 0.050228 -0.005598
v 0.010179 0.048227 -0.002095
v 0.014682 0.049728 -0.005598
v 0.014682 0.049227 0.004410
f 725 731 732 
f 723 722 724 
f 722 723 725 
f 723 724 726 
f 721 725 727 
f 725 723 727 
f 723 726 727 
f 725 721 728 
f 726 724 729 
f 728 721 729 
f 724 728 729 
f 721 727 730 
f 727 726 730 
f 726 729 730 
f 729 721 730 
f 724 722 731 
f 728 724 731 
f 725 728 731 
f 722 725 732 
f 731 722 732 
o convex_48
v 0.029694 0.023708 -0.007102
v 0.030694 0.031212 -0.003599
v 0.030695 0.038719 -0.003600
v 0.031195 0.032715 -0.016606
v 0.030195 0.038719 -0.016606
v 0.030694 0.016701 -0.015105
v 0.030694 0.016701 -0.004600
v 0.029694 0.016701 -0.003599
v 0.030195 0.016701 -0.015105
v 0.030195 0.038719 -0.003600
v 0.031195 0.021208 -0.011602
v 0.031195 0.035715 -0.013603
v 0.029694 0.027710 -0.003599
v 0.030695 0.038719 -0.016606
v 0.031195 0.020206 -0.014103
f 744 743 747 
f 738 739 740 
f 739 734 740 
f 733 737 741 
f 737 736 741 
f 736 738 741 
f 738 740 741 
f 740 733 741 
f 734 735 742 
f 735 737 742 
f 735 734 743 
f 734 739 743 
f 735 743 744 
f 737 733 745 
f 733 740 745 
f 740 734 745 
f 734 742 745 
f 742 737 745 
f 736 737 746 
f 737 735 746 
f 744 736 746 
f 735 744 746 
f 738 736 747 
f 739 738 747 
f 743 739 747 
f 736 744 747 
o convex_49
v 0.026191 0.022207 0.005410
v 0.030695 0.031212 0.009414
v 0.030695 0.031213 -0.003095
v 0.030695 0.016701 -0.002094
v 0.030194 0.016701 0.009414
v 0.027693 0.030712 -0.000594
v 0.029693 0.016701 -0.003597
v 0.026692 0.024707 0.008410
v 0.027192 0.031212 0.005910
v 0.028692 0.016701 0.008410
v 0.027192 0.021707 -0.000093
v 0.028193 0.016701 0.002409
v 0.030695 0.018204 0.009414
v 0.029693 0.031213 -0.003597
v 0.028194 0.027209 0.009414
v 0.027192 0.029710 0.000407
v 0.026692 0.020204 0.006910
v 0.030695 0.020204 -0.003597
v 0.029192 0.016701 0.009414
f 764 757 766 
f 750 749 751 
f 751 752 754 
f 748 755 756 
f 754 752 757 
f 758 754 759 
f 754 757 759 
f 748 758 759 
f 751 749 760 
f 752 751 760 
f 749 752 760 
f 749 750 761 
f 756 749 761 
f 753 756 761 
f 758 753 761 
f 754 758 761 
f 752 749 762 
f 749 756 762 
f 756 755 762 
f 748 756 763 
f 756 753 763 
f 758 748 763 
f 753 758 763 
f 755 748 764 
f 748 759 764 
f 759 757 764 
f 750 751 765 
f 751 754 765 
f 761 750 765 
f 754 761 765 
f 757 752 766 
f 752 762 766 
f 762 755 766 
f 755 764 766 
o convex_50
v 0.009177 0.031213 0.001908
v 0.013679 0.018204 0.012916
v 0.012679 0.018204 0.012916
v 0.005675 0.016701 0.001908
v 0.005174 0.017203 0.003911
v 0.013179 0.031213 0.009914
v 0.011177 0.027710 0.004410
v 0.008177 0.021207 0.001908
v 0.013679 0.016701 0.012415
v 0.013679 0.031213 0.007913
v 0.009178 0.019704 0.009414
v 0.011178 0.031213 0.007413
v 0.012178 0.016701 0.012916
v 0.008677 0.030712 0.002409
v 0.005174 0.018704 0.001908
v 0.009676 0.029210 0.001908
v 0.013679 0.021707 0.010414
v 0.008177 0.016701 0.008413
f 779 777 784 
f 769 768 772 
f 770 767 774 
f 770 774 775 
f 772 768 776 
f 767 772 776 
f 768 775 776 
f 777 772 778 
f 772 767 778 
f 771 777 778 
f 768 769 779 
f 769 772 779 
f 775 768 779 
f 770 775 779 
f 772 777 779 
f 778 767 780 
f 771 778 780 
f 767 770 781 
f 770 771 781 
f 780 767 781 
f 771 780 781 
f 774 767 782 
f 773 774 782 
f 767 776 782 
f 776 773 782 
f 774 773 783 
f 775 774 783 
f 773 776 783 
f 776 775 783 
f 771 770 784 
f 777 771 784 
f 770 779 784 
o convex_51
v -0.009838 -0.011821 0.011416
v -0.009838 -0.010319 0.020423
v -0.005835 -0.004818 0.017421
v -0.010839 0.001689 0.011917
v -0.005835 0.001689 0.011416
v -0.005835 -0.013824 0.014418
v -0.010839 -0.013824 0.012918
v -0.005835 -0.011821 0.020423
v -0.010839 -0.011320 0.020423
v -0.005835 -0.003817 0.011416
v -0.010839 0.001689 0.012417
v -0.008337 -0.013824 0.012417
v -0.006836 -0.012322 0.019922
v -0.010839 -0.010820 0.011416
v -0.005835 -0.000813 0.014418
v -0.009337 0.001689 0.011416
f 798 788 800 
f 789 787 790 
f 787 786 792 
f 790 787 792 
f 788 791 793 
f 792 786 793 
f 785 789 794 
f 789 790 794 
f 786 787 795 
f 789 788 795 
f 793 786 795 
f 788 793 795 
f 791 785 796 
f 790 791 796 
f 785 794 796 
f 794 790 796 
f 791 790 797 
f 790 792 797 
f 793 791 797 
f 792 793 797 
f 789 785 798 
f 785 791 798 
f 791 788 798 
f 787 789 799 
f 795 787 799 
f 789 795 799 
f 788 789 800 
f 789 798 800 
o convex_52
v 0.013681 0.031213 0.010415
v 0.013681 0.016701 0.012416
v 0.013681 0.016701 0.012916
v 0.024690 0.031213 0.009915
v 0.024690 0.020206 0.014418
v 0.024690 0.016701 0.012416
v 0.013681 0.023206 0.009915
v 0.017186 0.021207 0.013917
v 0.013681 0.031213 0.008914
v 0.022688 0.030712 0.009414
v 0.024690 0.030210 0.010915
v 0.014682 0.027710 0.011916
v 0.020684 0.018206 0.014418
v 0.024690 0.016701 0.013416
v 0.016183 0.017204 0.011916
f 807 806 815 
f 801 802 803 
f 803 802 806 
f 804 805 806 
f 802 801 807 
f 801 804 809 
f 807 801 809 
f 807 809 810 
f 804 806 810 
f 806 807 810 
f 809 804 810 
f 804 801 811 
f 805 804 811 
f 805 811 812 
f 801 803 812 
f 803 808 812 
f 808 805 812 
f 811 801 812 
f 808 803 813 
f 805 808 813 
f 803 806 814 
f 806 805 814 
f 813 803 814 
f 805 813 814 
f 806 802 815 
f 802 807 815 
o convex_53
v 0.027691 -0.022831 -0.022612
v 0.027190 -0.030337 -0.037124
v 0.027190 -0.029335 -0.037124
v 0.021187 -0.029335 -0.023613
v 0.021187 -0.022831 -0.024615
v 0.028193 -0.023332 -0.033619
v 0.022690 -0.027335 -0.032118
v 0.028193 -0.024333 -0.023615
v 0.028193 -0.030337 -0.036622
v 0.021689 -0.030337 -0.023613
v 0.021689 -0.030337 -0.030617
v 0.027691 -0.025333 -0.036622
v 0.021187 -0.022831 -0.023615
v 0.028193 -0.022831 -0.032118
v 0.025190 -0.025333 -0.034119
v 0.021187 -0.028835 -0.028619
f 822 826 831 
f 818 817 822 
f 821 823 824 
f 817 818 824 
f 816 819 825 
f 823 816 825 
f 824 823 825 
f 817 824 825 
f 822 817 826 
f 825 819 826 
f 817 825 826 
f 821 824 827 
f 824 818 827 
f 819 816 828 
f 816 820 828 
f 820 819 828 
f 820 816 829 
f 821 820 829 
f 816 823 829 
f 823 821 829 
f 820 821 830 
f 822 820 830 
f 818 822 830 
f 821 827 830 
f 827 818 830 
f 819 820 831 
f 820 822 831 
f 826 819 831 
o convex_54
v 0.016184 -0.003316 -0.025113
v 0.015683 0.002689 -0.020110
v 0.018685 0.003691 -0.024613
v 0.018685 -0.013323 -0.022112
v 0.014181 -0.013824 -0.020610
v 0.014181 0.003691 -0.022613
v 0.018685 0.002689 -0.026615
v 0.017183 -0.013824 -0.023612
v 0.017183 -0.001314 -0.020110
v 0.014181 -0.012822 -0.022112
v 0.017183 -0.010318 -0.020110
v 0.014181 0.002689 -0.020110
v 0.018685 -0.013824 -0.023612
v 0.017684 0.000185 -0.026615
v 0.018685 -0.009819 -0.021612
f 840 842 846 
f 833 834 837 
f 837 834 838 
f 834 835 838 
f 834 833 840 
f 836 837 841 
f 837 832 841 
f 832 839 841 
f 839 836 841 
f 836 835 842 
f 840 833 842 
f 833 837 843 
f 837 836 843 
f 836 842 843 
f 842 833 843 
f 835 836 844 
f 838 835 844 
f 836 839 844 
f 844 839 845 
f 832 837 845 
f 837 838 845 
f 839 832 845 
f 838 844 845 
f 835 834 846 
f 834 840 846 
f 842 835 846 
o convex_55
v 0.018685 -0.005816 -0.026115
v 0.021687 -0.011319 -0.021111
v 0.020187 -0.011319 -0.021111
v 0.022688 0.003691 -0.025114
v 0.022688 -0.010820 -0.025114
v 0.018685 0.003691 -0.025114
v 0.022688 0.000687 -0.028116
v 0.018685 -0.013824 -0.023613
v 0.022688 -0.013824 -0.021111
v 0.021186 -0.001814 -0.028116
v 0.018685 -0.012822 -0.021612
v 0.019186 0.002189 -0.027115
v 0.019686 -0.004818 -0.027115
f 847 858 859 
f 849 848 850 
f 849 850 852 
f 850 851 853 
f 852 847 854 
f 848 849 855 
f 850 848 855 
f 851 850 855 
f 854 851 855 
f 853 851 856 
f 849 852 857 
f 852 854 857 
f 855 849 857 
f 854 855 857 
f 847 852 858 
f 852 850 858 
f 850 853 858 
f 853 856 858 
f 858 856 859 
f 854 847 859 
f 851 854 859 
f 856 851 859 
o convex_56
v 0.030194 0.028210 0.013917
v 0.024690 0.016701 0.012416
v 0.029194 0.016701 0.009414
v 0.025191 0.031213 0.009414
v 0.030695 0.031213 0.009414
v 0.030695 0.017704 0.014418
v 0.024690 0.020204 0.014418
v 0.028193 0.031213 0.012916
v 0.030194 0.016701 0.009414
v 0.024690 0.031213 0.010416
v 0.028193 0.017203 0.014918
v 0.028693 0.026707 0.014418
v 0.030695 0.031213 0.011917
v 0.030695 0.016701 0.011917
v 0.027191 0.029210 0.013417
f 871 867 874 
f 862 861 863 
f 862 863 864 
f 864 863 867 
f 861 862 868 
f 862 864 868 
f 863 861 869 
f 861 866 869 
f 867 863 869 
f 866 861 870 
f 865 860 871 
f 860 867 871 
f 870 865 871 
f 866 870 871 
f 865 864 872 
f 860 865 872 
f 867 860 872 
f 864 867 872 
f 864 865 873 
f 861 868 873 
f 868 864 873 
f 865 870 873 
f 870 861 873 
f 869 866 874 
f 867 869 874 
f 866 871 874 
o convex_57
v 0.019688 -0.013824 -0.001595
v 0.015182 -0.009321 -0.008100
v 0.015182 -0.008819 -0.008100
v 0.024690 -0.009321 -0.008100
v 0.017686 -0.008819 -0.001595
v 0.024690 -0.013824 -0.004598
v 0.019187 -0.012322 -0.007099
v 0.018186 -0.013824 -0.002095
v 0.024690 -0.012322 -0.004097
v 0.024690 -0.011822 -0.007600
v 0.018686 -0.013824 -0.004598
v 0.018686 -0.008819 -0.001595
v 0.015683 -0.009821 -0.005097
v 0.015683 -0.010321 -0.008100
f 887 876 888 
f 876 877 878 
f 875 879 882 
f 880 875 882 
f 875 880 883 
f 880 878 883 
f 878 880 884 
f 880 881 884 
f 881 880 885 
f 880 882 885 
f 878 877 886 
f 879 875 886 
f 877 879 886 
f 875 883 886 
f 883 878 886 
f 877 876 887 
f 879 877 887 
f 882 879 887 
f 882 887 888 
f 876 878 888 
f 878 884 888 
f 884 881 888 
f 881 885 888 
f 885 882 888 
o convex_58
v 0.013181 0.038719 -0.009102
v 0.025691 0.033716 -0.019109
v 0.025190 0.032214 -0.018608
v 0.026191 0.031714 -0.017107
v 0.013181 0.031213 -0.009601
v 0.022686 0.038719 -0.018608
v 0.026191 0.038719 -0.018108
v 0.013681 0.037718 -0.008601
v 0.020185 0.031213 -0.016107
v 0.016685 0.038719 -0.014105
v 0.013681 0.031213 -0.008601
v 0.025691 0.037718 -0.017107
v 0.026191 0.031213 -0.018108
v 0.014182 0.038719 -0.011604
v 0.026191 0.038719 -0.019109
f 895 901 903 
f 894 889 895 
f 895 889 896 
f 890 891 897 
f 894 890 897 
f 894 897 898 
f 889 894 898 
f 897 893 898 
f 889 893 899 
f 892 896 899 
f 896 889 899 
f 893 897 899 
f 892 895 900 
f 896 892 900 
f 895 896 900 
f 891 890 901 
f 895 892 901 
f 897 891 901 
f 892 899 901 
f 899 897 901 
f 893 889 902 
f 889 898 902 
f 898 893 902 
f 890 894 903 
f 894 895 903 
f 901 890 903 
o convex_59
v 0.026191 0.040221 -0.021110
v 0.030695 0.038719 -0.016608
v 0.030194 0.038719 -0.016608
v 0.030695 0.050227 -0.018609
v 0.030194 0.044223 -0.022612
v 0.026692 0.050227 -0.019110
v 0.026191 0.031213 -0.017108
v 0.030695 0.031213 -0.018110
v 0.028692 0.049727 -0.021611
v 0.030695 0.031213 -0.016608
v 0.030695 0.049727 -0.021110
v 0.026191 0.033718 -0.019109
v 0.027192 0.044223 -0.022111
v 0.026191 0.046224 -0.020611
v 0.029192 0.038719 -0.021110
f 911 915 918 
f 906 905 907 
f 906 907 909 
f 906 909 910 
f 907 905 911 
f 909 907 912 
f 905 906 913 
f 906 910 913 
f 911 905 913 
f 910 911 913 
f 907 911 914 
f 911 908 914 
f 908 912 914 
f 912 907 914 
f 910 904 915 
f 911 910 915 
f 908 904 916 
f 912 908 916 
f 912 916 917 
f 904 910 917 
f 910 909 917 
f 909 912 917 
f 916 904 917 
f 904 908 918 
f 908 911 918 
f 915 904 918 
o convex_60
v 0.010679 0.035716 0.004910
v 0.018683 0.038719 0.009914
v 0.018683 0.038218 0.010415
v 0.018683 0.031213 0.009413
v 0.014182 0.031213 0.010415
v 0.010180 0.031213 0.004910
v 0.012681 0.038719 0.004910
v 0.013681 0.038719 0.007912
v 0.018683 0.032214 0.008913
v 0.011180 0.031714 0.007413
v 0.011180 0.031213 0.004910
v 0.018184 0.031213 0.010415
f 921 923 930 
f 920 921 922 
f 922 923 924 
f 924 919 925 
f 921 920 926 
f 923 921 926 
f 925 919 926 
f 920 925 926 
f 920 922 927 
f 925 920 927 
f 919 924 928 
f 924 923 928 
f 926 919 928 
f 923 926 928 
f 922 924 929 
f 924 925 929 
f 927 922 929 
f 925 927 929 
f 922 921 930 
f 923 922 930 
o convex_61
v 0.023689 0.035216 0.011415
v 0.018685 0.031213 0.009414
v 0.026191 0.031213 0.009414
v 0.018685 0.038719 0.009414
v 0.026191 0.038719 0.009414
v 0.019687 0.033215 0.011415
v 0.018685 0.038218 0.010415
v 0.025690 0.031213 0.010415
v 0.026191 0.036216 0.010915
f 931 938 939 
f 933 932 934 
f 933 934 935 
f 934 932 937 
f 935 934 937 
f 936 931 937 
f 932 936 937 
f 932 933 938 
f 931 936 938 
f 936 932 938 
f 933 935 939 
f 937 931 939 
f 935 937 939 
f 938 933 939 
o convex_62
v 0.017687 0.041221 0.009414
v 0.011683 0.038719 0.004910
v 0.011683 0.038719 0.005411
v 0.030693 0.038719 0.007412
v 0.027191 0.041221 0.004910
v 0.017186 0.038719 0.009914
v 0.030192 0.040721 0.009414
v 0.012182 0.041221 0.004910
v 0.028190 0.038719 0.004910
v 0.030192 0.038719 0.009914
v 0.030192 0.041221 0.006913
v 0.013183 0.041221 0.006913
f 940 947 951 
f 942 941 943 
f 942 943 945 
f 941 942 947 
f 940 944 947 
f 944 941 947 
f 943 941 948 
f 941 944 948 
f 940 945 949 
f 945 943 949 
f 943 946 949 
f 946 940 949 
f 944 940 950 
f 946 943 950 
f 940 946 950 
f 943 948 950 
f 948 944 950 
f 945 940 951 
f 942 945 951 
f 947 942 951 
o convex_63
v 0.016183 0.050228 -0.010102
v 0.021187 0.056233 0.000907
v 0.019685 0.056233 0.000907
v 0.012681 0.050228 0.000907
v 0.021187 0.050228 -0.012603
v 0.017683 0.054231 -0.005601
v 0.021187 0.052731 -0.011600
v 0.013182 0.052230 -0.001096
v 0.020686 0.055232 0.000907
v 0.020686 0.055232 -0.006099
v 0.016183 0.054732 0.000907
v 0.020686 0.050729 -0.014606
v 0.013681 0.050729 -0.005601
v 0.016183 0.050729 -0.010102
f 964 957 965 
f 953 954 955 
f 955 952 956 
f 953 956 958 
f 953 955 960 
f 955 956 960 
f 956 953 960 
f 954 953 961 
f 957 954 961 
f 958 957 961 
f 953 958 961 
f 955 954 962 
f 954 957 962 
f 959 955 962 
f 957 959 962 
f 956 952 963 
f 957 958 963 
f 958 956 963 
f 952 955 964 
f 955 959 964 
f 959 957 964 
f 963 952 965 
f 957 963 965 
f 952 964 965 
o convex_64
v 0.012682 0.052231 0.000908
v 0.027692 0.059236 0.003410
v 0.027692 0.059236 0.002408
v 0.027692 0.050228 0.007912
v 0.022689 0.056231 0.008411
v 0.017684 0.050228 0.007913
v 0.012682 0.050228 0.000908
v 0.027692 0.053233 0.009413
v 0.016683 0.054732 0.004410
v 0.021186 0.055732 0.000908
v 0.027692 0.058234 0.007411
v 0.014684 0.050729 0.005910
v 0.017684 0.055732 0.001909
v 0.019685 0.056233 0.005910
v 0.027692 0.050729 0.009413
v 0.027692 0.058234 0.002408
v 0.012180 0.050729 0.002909
v 0.018185 0.055732 0.000908
f 966 978 983 
f 968 967 969 
f 969 971 972 
f 969 967 973 
f 970 971 973 
f 972 966 975 
f 969 972 975 
f 973 967 976 
f 970 973 976 
f 971 970 977 
f 967 968 978 
f 966 974 978 
f 976 967 979 
f 970 976 979 
f 977 970 979 
f 974 977 979 
f 967 978 979 
f 978 974 979 
f 971 969 980 
f 969 973 980 
f 973 971 980 
f 968 969 981 
f 975 968 981 
f 969 975 981 
f 966 972 982 
f 972 971 982 
f 974 966 982 
f 971 977 982 
f 977 974 982 
f 975 966 983 
f 968 975 983 
f 978 968 983 
o convex_65
v -0.025350 -0.020829 -0.005600
v -0.019347 -0.019829 -0.022111
v -0.019847 -0.018328 -0.021109
v -0.020347 -0.019328 -0.002095
v -0.023849 -0.018328 -0.005600
v -0.020847 -0.021330 -0.004598
v -0.025350 -0.021330 -0.014102
v -0.019347 -0.021330 -0.024113
v -0.020847 -0.018328 -0.024113
v -0.025350 -0.019829 -0.012106
v -0.021848 -0.018328 -0.002095
v -0.022848 -0.021330 -0.002095
v -0.021348 -0.021330 -0.023111
v -0.023849 -0.018828 -0.002095
v -0.022348 -0.018328 -0.020109
v -0.020347 -0.020829 -0.003098
f 995 989 999 
f 985 986 987 
f 989 990 991 
f 986 985 992 
f 988 986 992 
f 985 991 992 
f 990 984 993 
f 987 986 994 
f 986 988 994 
f 984 990 995 
f 990 989 995 
f 987 994 995 
f 991 990 996 
f 990 992 996 
f 992 991 996 
f 993 984 997 
f 988 993 997 
f 994 988 997 
f 984 995 997 
f 995 994 997 
f 988 992 998 
f 992 990 998 
f 993 988 998 
f 990 993 998 
f 985 987 999 
f 989 991 999 
f 991 985 999 
f 987 995 999 
o convex_66
v -0.023349 -0.016325 -0.014102
v -0.018846 -0.015826 -0.018604
v -0.018846 -0.016325 -0.018604
v -0.020848 -0.016825 -0.002095
v -0.022848 -0.013824 -0.002095
v -0.021848 -0.013824 -0.024113
v -0.020848 -0.018327 -0.024113
v -0.023349 -0.018327 -0.003598
v -0.020347 -0.013824 -0.005600
v -0.018846 -0.018327 -0.024113
v -0.021848 -0.018327 -0.002095
v -0.022348 -0.018327 -0.019609
v -0.020848 -0.013824 -0.024113
v -0.023349 -0.014825 -0.011606
v -0.019346 -0.014325 -0.015604
v -0.022348 -0.013824 -0.022611
v -0.023349 -0.018327 -0.013104
f 1015 1011 1016 
f 1002 1001 1008 
f 1003 1002 1008 
f 1004 1003 1008 
f 1005 1004 1008 
f 1001 1002 1009 
f 1002 1003 1009 
f 1006 1005 1009 
f 1007 1006 1009 
f 1007 1009 1010 
f 1003 1004 1010 
f 1004 1007 1010 
f 1009 1003 1010 
f 1005 1006 1011 
f 1006 1007 1011 
f 1005 1008 1012 
f 1001 1009 1012 
f 1009 1005 1012 
f 1000 1007 1013 
f 1007 1004 1013 
f 1008 1001 1014 
f 1001 1012 1014 
f 1012 1008 1014 
f 1004 1005 1015 
f 1005 1011 1015 
f 1013 1004 1015 
f 1000 1013 1015 
f 1007 1000 1016 
f 1011 1007 1016 
f 1000 1015 1016 
o convex_67
v -0.018346 -0.030337 -0.002095
v -0.022348 -0.013824 0.011916
v -0.022848 -0.013824 0.011916
v -0.021348 -0.013824 -0.002095
v -0.017345 -0.023331 0.011916
v -0.023349 -0.019829 -0.002095
v -0.022348 -0.019829 0.011916
v -0.017345 -0.025333 0.001408
v -0.020847 -0.013824 0.010414
v -0.021346 -0.026333 -0.001094
v -0.020347 -0.014826 -0.000093
v -0.022848 -0.013824 -0.002095
v -0.018346 -0.024833 0.010915
v -0.017345 -0.030337 -0.002095
v -0.023349 -0.013824 0.010915
v -0.018847 -0.029834 -0.001595
v -0.018346 -0.024833 -0.002095
f 1024 1030 1033 
f 1019 1018 1020 
f 1018 1019 1021 
f 1020 1017 1022 
f 1021 1019 1023 
f 1020 1018 1025 
f 1018 1021 1025 
f 1022 1017 1026 
f 1023 1022 1026 
f 1021 1024 1027 
f 1020 1025 1027 
f 1025 1021 1027 
f 1019 1020 1028 
f 1020 1022 1028 
f 1021 1023 1029 
f 1017 1020 1030 
f 1024 1021 1030 
f 1029 1017 1030 
f 1021 1029 1030 
f 1023 1019 1031 
f 1022 1023 1031 
f 1019 1028 1031 
f 1028 1022 1031 
f 1026 1017 1032 
f 1023 1026 1032 
f 1017 1029 1032 
f 1029 1023 1032 
f 1020 1027 1033 
f 1027 1024 1033 
f 1030 1020 1033 
o convex_68
v 0.024188 -0.031337 0.008914
v 0.014181 -0.032839 0.003910
v 0.014181 -0.032338 0.003910
v 0.028193 -0.032839 0.004911
v 0.028193 -0.028336 0.006911
v 0.014683 -0.028336 0.008413
v 0.020688 -0.032839 0.008413
v 0.014181 -0.028336 0.006911
v 0.014683 -0.032839 0.006412
v 0.028193 -0.029337 0.005912
v 0.020688 -0.028336 0.008914
v 0.028193 -0.032839 0.006412
v 0.015684 -0.028837 0.008914
v 0.027691 -0.028837 0.007912
v 0.023687 -0.032839 0.008914
f 1047 1034 1048 
f 1035 1036 1037 
f 1035 1037 1040 
f 1036 1035 1041 
f 1039 1038 1041 
f 1039 1041 1042 
f 1035 1040 1042 
f 1041 1035 1042 
f 1037 1036 1043 
f 1038 1037 1043 
f 1036 1041 1043 
f 1041 1038 1043 
f 1038 1039 1044 
f 1037 1038 1045 
f 1040 1037 1045 
f 1039 1042 1046 
f 1042 1040 1046 
f 1034 1044 1046 
f 1044 1039 1046 
f 1044 1034 1047 
f 1038 1044 1047 
f 1045 1038 1047 
f 1045 1047 1048 
f 1040 1045 1048 
f 1034 1046 1048 
f 1046 1040 1048 
o convex_69
v -0.009337 -0.027835 -0.016107
v -0.017343 -0.027336 -0.024113
v -0.017343 -0.030836 -0.022111
v -0.005836 -0.028335 -0.024113
v -0.009337 -0.025333 -0.016107
v -0.017343 -0.031337 -0.019110
v -0.005836 -0.025333 -0.019111
v -0.017343 -0.026334 -0.024113
v -0.011838 -0.029835 -0.016107
v -0.005836 -0.027336 -0.018609
v -0.015342 -0.031337 -0.019611
v -0.014841 -0.029335 -0.024113
v -0.017343 -0.026334 -0.023111
v -0.005836 -0.028335 -0.020609
v -0.005836 -0.027835 -0.024113
f 1052 1056 1063 
f 1050 1051 1054 
f 1053 1055 1056 
f 1052 1050 1056 
f 1050 1054 1056 
f 1049 1053 1057 
f 1053 1054 1057 
f 1053 1049 1058 
f 1052 1055 1058 
f 1055 1053 1058 
f 1049 1057 1058 
f 1051 1052 1059 
f 1054 1051 1059 
f 1057 1054 1059 
f 1051 1050 1060 
f 1052 1051 1060 
f 1050 1052 1060 
f 1054 1053 1061 
f 1053 1056 1061 
f 1056 1054 1061 
f 1052 1058 1062 
f 1058 1057 1062 
f 1059 1052 1062 
f 1057 1059 1062 
f 1055 1052 1063 
f 1056 1055 1063 
o convex_70
v -0.017343 -0.031838 -0.004599
v -0.012340 -0.026834 -0.001595
v -0.012340 -0.028336 -0.001595
v -0.012340 -0.030337 -0.019109
v -0.017343 -0.030837 -0.019109
v -0.017343 -0.029836 -0.001595
v -0.012841 -0.027335 -0.009104
v -0.015843 -0.031838 -0.007602
v -0.012340 -0.029336 -0.019109
v -0.016843 -0.031838 -0.015603
v -0.013842 -0.029836 -0.002096
f 1071 1067 1074 
f 1065 1066 1067 
f 1066 1065 1069 
f 1068 1064 1069 
f 1069 1065 1070 
f 1068 1069 1070 
f 1065 1067 1072 
f 1067 1068 1072 
f 1070 1065 1072 
f 1068 1070 1072 
f 1064 1068 1073 
f 1068 1067 1073 
f 1071 1064 1073 
f 1067 1071 1073 
f 1067 1066 1074 
f 1069 1064 1074 
f 1066 1069 1074 
f 1064 1071 1074 
o convex_71
v -0.013341 -0.023832 0.010414
v -0.017344 -0.030337 -0.001593
v -0.015842 -0.030337 -0.001593
v -0.013842 -0.027834 -0.001593
v -0.017344 -0.024332 0.009412
v -0.013842 -0.026335 0.007911
v -0.017344 -0.025334 0.010414
v -0.017344 -0.027834 0.000408
v -0.013341 -0.028835 -0.000093
f 1075 1080 1083 
f 1077 1076 1078 
f 1075 1078 1079 
f 1080 1075 1081 
f 1076 1077 1081 
f 1075 1079 1081 
f 1079 1076 1081 
f 1077 1080 1081 
f 1078 1076 1082 
f 1079 1078 1082 
f 1076 1079 1082 
f 1077 1078 1083 
f 1078 1075 1083 
f 1080 1077 1083 
o convex_72
v -0.012840 -0.024831 0.009913
v -0.013341 -0.028335 -0.001593
v -0.012840 -0.028335 -0.001593
v -0.005835 -0.020829 -0.001593
v -0.006836 -0.022832 0.003410
v -0.007838 -0.017827 0.009913
v -0.005835 -0.018828 0.010414
v -0.013341 -0.027334 -0.001593
v -0.013341 -0.023330 0.010414
v -0.006836 -0.020829 -0.001593
v -0.008839 -0.022832 0.008912
v -0.012840 -0.028335 0.000408
v -0.007337 -0.023830 -0.001593
v -0.005835 -0.017827 0.009412
f 1093 1089 1097 
f 1086 1085 1087 
f 1088 1087 1090 
f 1087 1085 1091 
f 1089 1091 1092 
f 1085 1084 1092 
f 1084 1090 1092 
f 1090 1089 1092 
f 1091 1085 1092 
f 1087 1091 1093 
f 1091 1089 1093 
f 1090 1084 1094 
f 1088 1090 1094 
f 1084 1085 1095 
f 1085 1086 1095 
f 1094 1084 1095 
f 1088 1094 1095 
f 1086 1087 1096 
f 1087 1088 1096 
f 1095 1086 1096 
f 1088 1095 1096 
f 1090 1087 1097 
f 1089 1090 1097 
f 1087 1093 1097 
o convex_73
v -0.012841 -0.024329 0.010415
v -0.005836 -0.013824 0.015419
v -0.005836 -0.013824 0.014418
v -0.017343 -0.013825 0.016919
v -0.011342 -0.013825 0.012418
v -0.016843 -0.021327 0.014918
v -0.017343 -0.023829 0.010415
v -0.005836 -0.017328 0.010415
v -0.005836 -0.016327 0.014918
v -0.016343 -0.015327 0.017421
v -0.008837 -0.021828 0.010916
v -0.013839 -0.024329 0.011417
v -0.017343 -0.024830 0.011417
v -0.008337 -0.017328 0.010415
v -0.014841 -0.020827 0.014918
v -0.007837 -0.013824 0.012417
f 1105 1111 1113 
f 1101 1102 1104 
f 1100 1099 1105 
f 1098 1104 1105 
f 1105 1099 1106 
f 1099 1101 1107 
f 1101 1103 1107 
f 1106 1099 1107 
f 1098 1105 1108 
f 1105 1106 1108 
f 1108 1106 1109 
f 1098 1108 1109 
f 1098 1109 1110 
f 1103 1101 1110 
f 1101 1104 1110 
f 1104 1098 1110 
f 1109 1103 1110 
f 1104 1102 1111 
f 1105 1104 1111 
f 1107 1103 1112 
f 1106 1107 1112 
f 1109 1106 1112 
f 1103 1109 1112 
f 1099 1100 1113 
f 1101 1099 1113 
f 1102 1101 1113 
f 1100 1105 1113 
f 1111 1102 1113 
o convex_74
v -0.010839 -0.008320 0.024926
v -0.018846 -0.008819 0.019422
v -0.018846 -0.008320 0.019422
v -0.018345 -0.005817 0.025426
v -0.010839 -0.005817 0.025426
v -0.010839 -0.011322 0.019422
v -0.016843 -0.009319 0.022925
v -0.011840 -0.008819 0.019422
v -0.013841 -0.006318 0.026928
v -0.018345 -0.005817 0.023925
v -0.018846 -0.007319 0.024426
v -0.015842 -0.010320 0.021424
f 1120 1115 1125 
f 1115 1116 1119 
f 1118 1114 1119 
f 1119 1116 1121 
f 1118 1119 1121 
f 1114 1118 1122 
f 1118 1117 1122 
f 1120 1114 1122 
f 1117 1118 1123 
f 1121 1116 1123 
f 1118 1121 1123 
f 1116 1115 1124 
f 1115 1120 1124 
f 1122 1117 1124 
f 1120 1122 1124 
f 1123 1116 1124 
f 1117 1123 1124 
f 1115 1119 1125 
f 1119 1114 1125 
f 1114 1120 1125 
o convex_75
v -0.022848 -0.007819 0.004908
v -0.021349 -0.013823 -0.027114
v -0.020847 -0.013823 -0.027114
v -0.020847 -0.013823 0.005411
v -0.023849 -0.013322 -0.015605
v -0.021349 -0.007819 -0.027114
v -0.019846 -0.009320 0.005411
v -0.023849 -0.007819 -0.021607
v -0.019846 -0.013823 -0.014602
v -0.022347 -0.013823 0.005411
v -0.023849 -0.008321 -0.002596
v -0.020347 -0.010821 -0.026611
v -0.022848 -0.009320 -0.027114
v -0.021349 -0.007819 0.005411
v -0.024350 -0.007819 -0.013603
v -0.020847 -0.007819 -0.020610
v -0.023348 -0.013823 -0.018108
v -0.019846 -0.012321 -0.000097
v -0.020347 -0.009320 -0.022110
v -0.022848 -0.013823 0.000906
f 1130 1142 1145 
f 1127 1128 1129 
f 1128 1127 1131 
f 1126 1131 1133 
f 1129 1128 1134 
f 1127 1129 1135 
f 1129 1132 1135 
f 1135 1126 1136 
f 1128 1131 1137 
f 1134 1128 1137 
f 1131 1127 1138 
f 1130 1133 1138 
f 1133 1131 1138 
f 1131 1126 1139 
f 1126 1135 1139 
f 1135 1132 1139 
f 1126 1133 1140 
f 1133 1130 1140 
f 1136 1126 1140 
f 1130 1136 1140 
f 1131 1139 1141 
f 1139 1132 1141 
f 1127 1135 1142 
f 1138 1127 1142 
f 1130 1138 1142 
f 1132 1129 1143 
f 1129 1134 1143 
f 1134 1132 1143 
f 1132 1134 1144 
f 1137 1131 1144 
f 1134 1137 1144 
f 1131 1141 1144 
f 1141 1132 1144 
f 1136 1130 1145 
f 1135 1136 1145 
f 1142 1135 1145 
o convex_76
v -0.019347 -0.000313 -0.015607
v -0.021847 -0.007819 -0.027114
v -0.022347 -0.006317 -0.027114
v -0.022849 -0.003315 -0.011603
v -0.021346 -0.007819 -0.015609
v -0.017845 -0.002314 -0.027116
v -0.019847 -0.000313 -0.023610
v -0.022348 -0.000814 -0.015109
v -0.023349 -0.007819 -0.019610
v -0.017845 -0.003315 -0.021607
v -0.020347 -0.002314 -0.012104
v -0.019847 -0.006817 -0.027114
v -0.021346 -0.002815 -0.027116
v -0.023349 -0.004816 -0.020109
v -0.017845 -0.000313 -0.026110
v -0.021847 -0.000313 -0.011603
v -0.017845 -0.001814 -0.018611
v -0.023349 -0.007317 -0.024612
v -0.022848 -0.007819 -0.015609
v -0.020847 -0.007819 -0.018110
f 1157 1155 1165 
f 1147 1150 1154 
f 1149 1150 1156 
f 1147 1151 1157 
f 1151 1155 1157 
f 1147 1148 1158 
f 1151 1147 1158 
f 1153 1152 1158 
f 1153 1158 1159 
f 1149 1153 1159 
f 1154 1149 1159 
f 1152 1146 1160 
f 1155 1151 1160 
f 1151 1158 1160 
f 1158 1152 1160 
f 1146 1152 1161 
f 1152 1153 1161 
f 1153 1149 1161 
f 1149 1156 1161 
f 1156 1146 1161 
f 1150 1155 1162 
f 1156 1150 1162 
f 1146 1156 1162 
f 1160 1146 1162 
f 1155 1160 1162 
f 1148 1147 1163 
f 1147 1154 1163 
f 1158 1148 1163 
f 1159 1158 1163 
f 1154 1159 1163 
f 1150 1149 1164 
f 1149 1154 1164 
f 1154 1150 1164 
f 1150 1147 1165 
f 1155 1150 1165 
f 1147 1157 1165 
o convex_77
v -0.021848 -0.003315 0.005409
v -0.022848 -0.007819 -0.015604
v -0.021348 -0.007819 -0.015604
v -0.021348 -0.003315 -0.015604
v -0.023850 -0.007317 0.005409
v -0.019846 -0.003816 0.001905
v -0.023349 -0.004316 -0.013103
v -0.021848 -0.007819 0.005409
v -0.023850 -0.007819 -0.014602
v -0.020847 -0.007819 -0.001598
v -0.020347 -0.004817 -0.010601
v -0.023850 -0.006317 0.005409
v -0.022848 -0.003315 -0.014105
v -0.020347 -0.003315 0.004909
f 1173 1171 1179 
f 1168 1167 1169 
f 1167 1168 1173 
f 1166 1170 1173 
f 1167 1173 1174 
f 1173 1170 1174 
f 1173 1168 1175 
f 1171 1173 1175 
f 1168 1169 1176 
f 1169 1171 1176 
f 1175 1168 1176 
f 1171 1175 1176 
f 1170 1166 1177 
f 1172 1174 1177 
f 1174 1170 1177 
f 1169 1167 1178 
f 1166 1169 1178 
f 1167 1174 1178 
f 1174 1172 1178 
f 1177 1166 1178 
f 1172 1177 1178 
f 1169 1166 1179 
f 1171 1169 1179 
f 1166 1173 1179 
o convex_78
v -0.023348 0.013198 0.015918
v -0.023348 0.004191 0.010415
v -0.023849 0.005193 0.009914
v -0.018847 0.011195 0.010415
v -0.018847 0.012196 0.019422
v -0.018847 0.004191 0.010415
v -0.022848 0.011697 0.019422
v -0.024350 0.010695 0.010415
v -0.018847 0.013198 0.013417
v -0.018847 0.013198 0.018921
v -0.018847 0.004191 0.010916
v -0.023348 0.012196 0.011917
f 1188 1183 1191 
f 1181 1182 1185 
f 1182 1183 1185 
f 1183 1184 1185 
f 1182 1181 1186 
f 1183 1182 1187 
f 1186 1180 1187 
f 1182 1186 1187 
f 1184 1183 1188 
f 1180 1186 1189 
f 1186 1184 1189 
f 1188 1180 1189 
f 1184 1188 1189 
f 1181 1185 1190 
f 1185 1184 1190 
f 1186 1181 1190 
f 1184 1186 1190 
f 1183 1187 1191 
f 1187 1180 1191 
f 1180 1188 1191 
o convex_79
v -0.020347 -0.007818 0.022426
v -0.018846 0.002189 0.026928
v -0.018846 0.002189 0.026427
v -0.023349 0.000687 0.025426
v -0.020848 -0.006816 0.019422
v -0.022848 -0.005315 0.024426
v -0.018846 -0.006316 0.024926
v -0.018846 -0.008819 0.019422
v -0.022848 -0.007818 0.019422
v -0.020347 0.000187 0.026928
v -0.022348 0.001188 0.024926
v -0.022848 0.002189 0.026427
f 1202 1195 1203 
f 1194 1193 1198 
f 1197 1192 1198 
f 1196 1194 1199 
f 1194 1198 1199 
f 1198 1192 1199 
f 1192 1197 1200 
f 1197 1195 1200 
f 1199 1192 1200 
f 1196 1199 1200 
f 1198 1193 1201 
f 1197 1198 1201 
f 1194 1196 1202 
f 1200 1195 1202 
f 1196 1200 1202 
f 1193 1194 1203 
f 1195 1197 1203 
f 1201 1193 1203 
f 1197 1201 1203 
f 1194 1202 1203 
o convex_80
v -0.022848 0.011697 0.019424
v -0.018847 0.005693 0.027927
v -0.021348 0.008695 0.026928
v -0.022848 0.002189 0.025927
v -0.018847 0.012197 0.019424
v -0.019347 0.002189 0.025927
v -0.024350 0.010195 0.023925
v -0.018847 0.011196 0.025426
v -0.024350 0.005693 0.025426
v -0.021847 0.012197 0.022425
v -0.022848 0.008193 0.026928
v -0.018847 0.003190 0.027927
f 1214 1207 1215 
f 1207 1204 1209 
f 1204 1208 1209 
f 1206 1205 1211 
f 1205 1208 1211 
f 1204 1207 1212 
f 1210 1204 1212 
f 1208 1204 1213 
f 1204 1210 1213 
f 1211 1208 1213 
f 1210 1211 1213 
f 1205 1206 1214 
f 1206 1211 1214 
f 1211 1210 1214 
f 1212 1207 1214 
f 1210 1212 1214 
f 1208 1205 1215 
f 1209 1208 1215 
f 1207 1209 1215 
f 1205 1214 1215 
o convex_81
v 0.029694 -0.022832 -0.006600
v 0.030695 -0.019329 -0.003097
v 0.030695 -0.019329 -0.013103
v 0.030695 -0.032836 -0.003097
v 0.030194 -0.032836 -0.013103
v 0.029694 -0.019329 -0.003097
v 0.030194 -0.032836 -0.003097
v 0.030695 -0.032836 -0.013103
v 0.030194 -0.019329 -0.013103
f 1221 1218 1224 
f 1218 1217 1219 
f 1217 1218 1221 
f 1219 1217 1221 
f 1219 1221 1222 
f 1216 1220 1222 
f 1220 1219 1222 
f 1221 1216 1222 
f 1218 1219 1223 
f 1219 1220 1223 
f 1220 1218 1223 
f 1220 1216 1224 
f 1218 1220 1224 
f 1216 1221 1224 
o convex_82
v -0.005833 -0.028335 -0.024614
v 0.004172 -0.020330 -0.024614
v 0.004172 -0.020831 -0.024614
v -0.005835 -0.020330 -0.034121
v 0.001170 -0.020330 -0.021611
v 0.001170 -0.025832 -0.026115
v -0.005833 -0.027833 -0.021611
v -0.001330 -0.027333 -0.021611
v -0.004833 -0.022832 -0.033619
v 0.002670 -0.020830 -0.029619
v -0.005835 -0.025832 -0.030118
v 0.001669 -0.024332 -0.021611
v -0.005835 -0.020330 -0.033120
v -0.001330 -0.027333 -0.025614
v -0.001830 -0.023832 -0.031117
v -0.000332 -0.020330 -0.032118
v 0.003171 -0.023833 -0.025614
f 1236 1232 1241 
f 1226 1228 1229 
f 1231 1225 1232 
f 1229 1231 1232 
f 1226 1227 1234 
f 1225 1231 1235 
f 1228 1233 1235 
f 1227 1226 1236 
f 1226 1229 1236 
f 1229 1232 1236 
f 1229 1228 1237 
f 1231 1229 1237 
f 1235 1231 1237 
f 1228 1235 1237 
f 1230 1232 1238 
f 1232 1225 1238 
f 1225 1235 1238 
f 1238 1235 1239 
f 1234 1230 1239 
f 1235 1233 1239 
f 1230 1238 1239 
f 1239 1233 1240 
f 1228 1226 1240 
f 1233 1228 1240 
f 1226 1234 1240 
f 1234 1239 1240 
f 1232 1230 1241 
f 1230 1234 1241 
f 1234 1227 1241 
f 1227 1236 1241 
o convex_83
v -0.020848 0.014199 0.000907
v -0.021347 0.007194 -0.011603
v -0.021847 0.007694 -0.011603
v -0.022848 0.007194 0.001407
v -0.018846 0.007694 -0.000594
v -0.018345 0.010196 -0.011603
v -0.023349 0.009695 -0.007598
v -0.018846 0.014199 0.001908
v -0.023349 0.012197 0.001908
v -0.019347 0.012197 -0.009100
v -0.020847 0.007194 0.001908
v -0.019847 0.007194 -0.011603
v -0.022347 0.013198 -0.001096
v -0.018846 0.014199 -0.003097
v -0.018846 0.007194 -0.004098
v -0.021847 0.008695 -0.011603
f 1248 1251 1257 
f 1244 1243 1245 
f 1243 1244 1247 
f 1244 1245 1248 
f 1246 1247 1249 
f 1248 1245 1250 
f 1249 1242 1250 
f 1245 1243 1252 
f 1246 1249 1252 
f 1250 1245 1252 
f 1249 1250 1252 
f 1243 1247 1253 
f 1252 1243 1253 
f 1248 1250 1254 
f 1250 1242 1254 
f 1251 1248 1254 
f 1251 1254 1255 
f 1242 1249 1255 
f 1249 1247 1255 
f 1247 1251 1255 
f 1254 1242 1255 
f 1247 1246 1256 
f 1246 1252 1256 
f 1253 1247 1256 
f 1252 1253 1256 
f 1247 1244 1257 
f 1244 1248 1257 
f 1251 1247 1257 
o convex_84
v 0.000670 -0.023832 -0.017609
v -0.005835 -0.028335 -0.021611
v -0.004834 -0.028335 -0.021611
v 0.000170 -0.021331 -0.021611
v -0.005835 -0.022331 -0.015607
v 0.000670 -0.027834 -0.015607
v 0.000170 -0.025833 -0.021611
v -0.005835 -0.022331 -0.017609
v -0.005835 -0.027834 -0.019609
v -0.004333 -0.022331 -0.015607
v 0.000670 -0.021331 -0.020610
v -0.005835 -0.023332 -0.015607
v -0.005835 -0.027334 -0.021611
f 1265 1261 1270 
f 1260 1259 1261 
f 1259 1260 1263 
f 1260 1261 1264 
f 1263 1260 1264 
f 1262 1261 1265 
f 1259 1262 1265 
f 1262 1259 1266 
f 1259 1263 1266 
f 1262 1263 1267 
f 1263 1258 1267 
f 1261 1262 1268 
f 1258 1263 1268 
f 1263 1264 1268 
f 1264 1261 1268 
f 1267 1258 1268 
f 1262 1267 1268 
f 1263 1262 1269 
f 1262 1266 1269 
f 1266 1263 1269 
f 1261 1259 1270 
f 1259 1265 1270 
o convex_85
v 0.009176 -0.020331 -0.023112
v 0.000671 -0.028333 -0.016108
v 0.000671 -0.028333 -0.015607
v 0.009176 -0.029334 -0.020109
v 0.000671 -0.021833 -0.021611
v 0.003672 -0.020831 -0.018109
v 0.006175 -0.028834 -0.015608
v 0.009176 -0.019328 -0.021610
v 0.001171 -0.020330 -0.020609
v 0.008676 -0.024332 -0.022611
v 0.009176 -0.028834 -0.018610
v 0.000671 -0.026832 -0.015607
v 0.003173 -0.029836 -0.015607
v 0.008676 -0.028834 -0.020609
v 0.004674 -0.019328 -0.021610
v 0.000671 -0.023833 -0.017109
f 1282 1276 1286 
f 1272 1273 1275 
f 1276 1277 1278 
f 1274 1271 1278 
f 1271 1274 1280 
f 1275 1271 1280 
f 1278 1277 1281 
f 1274 1278 1281 
f 1275 1273 1282 
f 1277 1276 1282 
f 1273 1272 1283 
f 1274 1281 1283 
f 1281 1277 1283 
f 1282 1273 1283 
f 1277 1282 1283 
f 1272 1275 1284 
f 1280 1274 1284 
f 1275 1280 1284 
f 1283 1272 1284 
f 1274 1283 1284 
f 1271 1275 1285 
f 1276 1278 1285 
f 1278 1271 1285 
f 1275 1279 1285 
f 1279 1276 1285 
f 1279 1275 1286 
f 1276 1279 1286 
f 1275 1282 1286 
o convex_86
v 0.002671 -0.018327 -0.022612
v -0.002833 -0.013323 -0.023613
v -0.002833 -0.013323 -0.022612
v 0.000170 -0.012322 -0.029117
v 0.002171 -0.020329 -0.029117
v 0.003171 -0.015326 -0.025115
v 0.001671 -0.020329 -0.022612
v 0.003673 -0.019828 -0.028617
v -0.002332 -0.012322 -0.022612
v 0.004173 -0.020329 -0.024614
v 0.003673 -0.016825 -0.028116
v -0.000330 -0.013323 -0.029117
v 0.000170 -0.012322 -0.025115
f 1295 1292 1299 
f 1287 1289 1293 
f 1289 1288 1293 
f 1288 1291 1293 
f 1291 1290 1294 
f 1289 1287 1295 
f 1288 1289 1295 
f 1290 1288 1295 
f 1287 1292 1295 
f 1292 1287 1296 
f 1287 1293 1296 
f 1293 1291 1296 
f 1291 1294 1296 
f 1296 1294 1297 
f 1290 1292 1297 
f 1294 1290 1297 
f 1292 1296 1297 
f 1288 1290 1298 
f 1290 1291 1298 
f 1291 1288 1298 
f 1292 1290 1299 
f 1290 1295 1299 
o convex_87
v 0.004674 -0.015326 -0.018609
v -0.003833 -0.006819 -0.023612
v -0.003833 -0.006819 -0.022111
v 0.004674 -0.003816 -0.023111
v 0.002170 -0.020329 -0.022612
v -0.001330 -0.016825 -0.020611
v -0.002332 -0.003816 -0.021112
v -0.002332 -0.012320 -0.024613
v -0.003833 -0.003816 -0.024613
v 0.004674 -0.020329 -0.021611
v 0.000670 -0.014323 -0.018609
v 0.003171 -0.020329 -0.019611
v 0.004674 -0.004317 -0.021611
v 0.000170 -0.008820 -0.024613
v 0.003171 -0.012823 -0.018609
v 0.001170 -0.020329 -0.022612
v -0.002832 -0.013322 -0.022612
f 1315 1305 1316 
f 1301 1302 1308 
f 1302 1306 1308 
f 1306 1303 1308 
f 1307 1301 1308 
f 1303 1300 1309 
f 1302 1305 1310 
f 1306 1302 1310 
f 1300 1310 1311 
f 1309 1300 1311 
f 1304 1309 1311 
f 1310 1305 1311 
f 1300 1303 1312 
f 1303 1306 1312 
f 1304 1307 1313 
f 1308 1303 1313 
f 1307 1308 1313 
f 1303 1309 1313 
f 1309 1304 1313 
f 1306 1310 1314 
f 1310 1300 1314 
f 1300 1312 1314 
f 1312 1306 1314 
f 1307 1304 1315 
f 1304 1311 1315 
f 1311 1305 1315 
f 1302 1301 1316 
f 1305 1302 1316 
f 1301 1307 1316 
f 1307 1315 1316 
o convex_88
v 0.000170 -0.012320 -0.030117
v -0.005334 -0.000314 -0.024614
v -0.005835 -0.000314 -0.024614
v -0.005834 -0.008819 -0.035623
v -0.002332 -0.011820 -0.024614
v 0.001171 -0.009318 -0.029117
v -0.005834 -0.012322 -0.034120
v -0.001833 -0.009820 -0.034621
v 0.000170 -0.008318 -0.024614
v -0.002831 -0.002816 -0.028117
v -0.001332 -0.012322 -0.034621
v -0.000332 -0.012320 -0.025116
v -0.001832 -0.003317 -0.024614
v -0.005334 -0.005817 -0.033120
v 0.001171 -0.009819 -0.030617
v -0.005835 -0.001315 -0.024614
v -0.005835 -0.001315 -0.027617
v -0.002332 -0.007318 -0.033120
f 1331 1324 1334 
f 1318 1319 1321 
f 1318 1321 1325 
f 1323 1320 1327 
f 1320 1324 1327 
f 1321 1323 1328 
f 1325 1321 1328 
f 1322 1325 1328 
f 1327 1317 1328 
f 1323 1327 1328 
f 1318 1325 1329 
f 1325 1322 1329 
f 1322 1326 1329 
f 1326 1318 1329 
f 1326 1322 1331 
f 1317 1327 1331 
f 1327 1324 1331 
f 1328 1317 1331 
f 1322 1328 1331 
f 1321 1319 1332 
f 1323 1321 1332 
f 1323 1332 1333 
f 1319 1318 1333 
f 1320 1323 1333 
f 1318 1326 1333 
f 1330 1320 1333 
f 1326 1330 1333 
f 1332 1319 1333 
f 1324 1320 1334 
f 1320 1330 1334 
f 1330 1326 1334 
f 1326 1331 1334 
o convex_89
v 0.012680 0.009695 0.023425
v 0.004674 0.004192 0.018922
v 0.006675 0.001691 0.018922
v 0.011178 0.000688 0.023926
v 0.004674 0.008694 0.020424
v 0.008178 0.010196 0.019423
v 0.010177 0.000688 0.019923
v 0.011678 0.010196 0.023926
v 0.004674 0.010196 0.018922
v 0.011678 0.009695 0.021424
v 0.011678 0.000688 0.021923
v 0.008677 0.000688 0.018922
v 0.004674 0.006191 0.020424
v 0.010677 0.003191 0.023926
f 1347 1338 1348 
f 1336 1337 1338 
f 1338 1335 1342 
f 1342 1340 1343 
f 1337 1336 1343 
f 1336 1339 1343 
f 1339 1342 1343 
f 1342 1335 1344 
f 1340 1342 1344 
f 1335 1338 1345 
f 1338 1341 1345 
f 1341 1344 1345 
f 1344 1335 1345 
f 1338 1337 1346 
f 1341 1338 1346 
f 1343 1340 1346 
f 1337 1343 1346 
f 1340 1344 1346 
f 1344 1341 1346 
f 1336 1338 1347 
f 1339 1336 1347 
f 1339 1347 1348 
f 1338 1342 1348 
f 1342 1339 1348 
o convex_90
v 0.015182 -0.032840 0.006410
v 0.019685 -0.041846 -0.004096
v 0.020186 -0.041846 -0.004096
v 0.014181 -0.035342 -0.004096
v 0.020186 -0.032840 0.006910
v 0.019685 -0.040344 0.002908
v 0.014181 -0.035843 0.000407
v 0.020186 -0.035843 0.006910
v 0.020186 -0.040844 -0.004096
v 0.014181 -0.032840 0.002908
v 0.014181 -0.033841 0.004910
v 0.014682 -0.035342 -0.004096
v 0.019685 -0.041846 -0.000593
v 0.014181 -0.036342 -0.004096
v 0.016183 -0.034341 0.006410
f 1359 1354 1363 
f 1351 1350 1352 
f 1353 1349 1356 
f 1351 1353 1356 
f 1354 1351 1356 
f 1351 1352 1357 
f 1353 1351 1357 
f 1349 1353 1358 
f 1352 1355 1358 
f 1358 1355 1359 
f 1355 1354 1359 
f 1349 1358 1359 
f 1357 1352 1360 
f 1353 1357 1360 
f 1358 1353 1360 
f 1352 1358 1360 
f 1350 1351 1361 
f 1351 1354 1361 
f 1354 1355 1361 
f 1361 1355 1362 
f 1352 1350 1362 
f 1355 1352 1362 
f 1350 1361 1362 
f 1356 1349 1363 
f 1354 1356 1363 
f 1349 1359 1363 
o convex_91
v 0.004674 -0.001314 -0.022611
v -0.005835 -0.001314 -0.024614
v -0.005835 -0.000313 -0.024614
v -0.005835 -0.000313 -0.019610
v -0.001831 -0.003815 -0.021111
v -0.003833 -0.003815 -0.024614
v 0.004674 0.000188 -0.024113
v 0.004674 -0.003815 -0.022112
v -0.005334 0.000188 -0.019610
v -0.005835 -0.002314 -0.021612
v 0.004674 -0.003815 -0.023112
f 1370 1371 1374 
f 1366 1365 1367 
f 1365 1366 1369 
f 1369 1366 1370 
f 1367 1368 1371 
f 1368 1369 1371 
f 1370 1364 1371 
f 1366 1367 1372 
f 1370 1366 1372 
f 1364 1370 1372 
f 1371 1364 1372 
f 1367 1371 1372 
f 1367 1365 1373 
f 1368 1367 1373 
f 1365 1369 1373 
f 1369 1368 1373 
f 1369 1370 1374 
f 1371 1369 1374 
o convex_92
v 0.002671 0.016701 -0.009101
v -0.005835 0.001692 -0.018609
v -0.005334 0.001692 -0.018609
v -0.005835 0.006194 -0.009101
v 0.004674 0.010695 -0.014605
v 0.004173 0.010695 -0.018609
v -0.004333 0.005194 -0.018108
v 0.004674 0.016200 -0.009101
v -0.004333 0.006194 -0.009602
v 0.001671 0.016200 -0.009602
v -0.005835 0.006692 -0.010603
v 0.004674 0.009693 -0.018609
v -0.005334 0.001692 -0.017607
v 0.004674 0.016701 -0.011104
v 0.001170 0.009195 -0.018609
v -0.000331 0.010194 -0.009101
v 0.002671 0.015699 -0.011604
f 1389 1381 1391 
f 1377 1376 1380 
f 1375 1378 1382 
f 1378 1375 1384 
f 1384 1381 1385 
f 1376 1378 1385 
f 1381 1376 1385 
f 1378 1384 1385 
f 1377 1380 1386 
f 1382 1379 1386 
f 1376 1377 1387 
f 1378 1376 1387 
f 1383 1378 1387 
f 1379 1383 1387 
f 1377 1386 1387 
f 1386 1379 1387 
f 1375 1382 1388 
f 1384 1375 1388 
f 1386 1380 1388 
f 1382 1386 1388 
f 1380 1376 1389 
f 1376 1381 1389 
f 1382 1378 1390 
f 1379 1382 1390 
f 1378 1383 1390 
f 1383 1379 1390 
f 1381 1384 1391 
f 1384 1388 1391 
f 1388 1380 1391 
f 1380 1389 1391 
o convex_93
v -0.012341 0.014700 0.016919
v -0.014343 0.010696 0.009914
v -0.018846 0.010696 0.010416
v -0.017343 0.012698 0.017421
v -0.018846 0.013198 0.013418
v -0.010839 0.013198 0.010917
v -0.010839 0.010696 0.010917
v -0.011341 0.013699 0.017421
v -0.018846 0.013699 0.016919
v -0.010839 0.014700 0.014417
v -0.018846 0.010696 0.011416
f 1395 1400 1402 
f 1394 1396 1397 
f 1393 1394 1397 
f 1394 1393 1398 
f 1393 1397 1398 
f 1395 1398 1399 
f 1396 1394 1400 
f 1395 1399 1400 
f 1399 1392 1400 
f 1397 1396 1401 
f 1398 1397 1401 
f 1399 1398 1401 
f 1392 1399 1401 
f 1400 1392 1401 
f 1396 1400 1401 
f 1394 1398 1402 
f 1398 1395 1402 
f 1400 1394 1402 
o convex_94
v 0.004674 0.016201 -0.002596
v -0.005835 0.005192 0.003909
v -0.005835 0.005192 0.004910
v 0.004674 0.008695 0.002908
v -0.004833 0.007194 -0.002596
v 0.000169 0.016201 -0.001594
v 0.003172 0.010197 0.004910
v 0.004674 0.011697 -0.001094
v -0.005835 0.007694 -0.002596
v -0.005835 0.006193 0.004910
v 0.004674 0.016201 -0.000594
v 0.000670 0.010197 0.004910
v 0.004674 0.008695 0.004910
v -0.001332 0.006193 0.003909
v -0.000331 0.015700 -0.002596
v -0.005835 0.007694 0.000407
f 1417 1411 1418 
f 1403 1406 1410 
f 1407 1403 1410 
f 1406 1407 1410 
f 1404 1405 1411 
f 1403 1407 1411 
f 1407 1404 1411 
f 1405 1409 1412 
f 1411 1405 1412 
f 1406 1403 1413 
f 1403 1408 1413 
f 1409 1413 1414 
f 1408 1412 1414 
f 1412 1409 1414 
f 1413 1408 1414 
f 1409 1405 1415 
f 1406 1413 1415 
f 1413 1409 1415 
f 1405 1404 1416 
f 1407 1406 1416 
f 1404 1407 1416 
f 1415 1405 1416 
f 1406 1415 1416 
f 1408 1403 1417 
f 1403 1411 1417 
f 1412 1408 1418 
f 1411 1412 1418 
f 1408 1417 1418 
o convex_95
v 0.030695 -0.006317 0.001406
v 0.030693 -0.009820 -0.012103
v 0.027693 -0.004317 -0.012103
v 0.024690 -0.009820 -0.007598
v 0.024690 0.000188 -0.002596
v 0.031195 0.000188 -0.001598
v 0.026693 0.000188 -0.012103
v 0.031195 -0.009820 -0.005597
v 0.030693 -0.005816 -0.012103
v 0.029193 -0.005816 0.001908
v 0.029193 0.000188 0.001908
v 0.025191 0.000188 -0.010602
v 0.028691 -0.009820 -0.003596
v 0.024690 -0.009820 -0.008601
v 0.031195 -0.008318 -0.012103
v 0.030695 0.000188 0.001908
v 0.030695 0.000188 -0.004097
v 0.028691 -0.006818 0.000905
v 0.031195 -0.006317 -0.000096
v 0.026192 -0.001314 -0.012103
v 0.027193 0.000188 -0.012103
f 1435 1427 1439 
f 1420 1421 1425 
f 1423 1424 1425 
f 1422 1420 1426 
f 1420 1425 1427 
f 1424 1423 1429 
f 1423 1428 1429 
f 1423 1425 1430 
f 1422 1426 1431 
f 1426 1419 1431 
f 1421 1420 1432 
f 1420 1422 1432 
f 1422 1423 1432 
f 1423 1430 1432 
f 1426 1420 1433 
f 1424 1426 1433 
f 1427 1424 1433 
f 1420 1427 1433 
f 1428 1419 1434 
f 1424 1429 1434 
f 1429 1428 1434 
f 1425 1424 1435 
f 1424 1427 1435 
f 1423 1422 1436 
f 1419 1428 1436 
f 1428 1423 1436 
f 1422 1431 1436 
f 1431 1419 1436 
f 1419 1426 1437 
f 1426 1424 1437 
f 1434 1419 1437 
f 1424 1434 1437 
f 1425 1421 1438 
f 1430 1425 1438 
f 1421 1432 1438 
f 1432 1430 1438 
f 1427 1425 1439 
f 1425 1435 1439 
o convex_96
v 0.004674 -0.001814 0.018420
v -0.005835 -0.013322 0.014919
v -0.000831 -0.013322 0.013918
v -0.005835 -0.000314 0.013418
v -0.005835 -0.011822 0.020423
v 0.004674 -0.002315 0.013418
v 0.004674 -0.013322 0.016920
v 0.004674 -0.008818 0.020423
v 0.004173 0.001186 0.014419
v -0.004834 -0.004816 0.017919
v 0.002672 -0.012822 0.013918
v -0.005835 -0.008319 0.013417
v 0.004173 0.001186 0.016420
v 0.002171 -0.004317 0.019420
v 0.000670 0.001186 0.013418
v -0.005835 -0.000814 0.014419
v -0.002832 -0.011822 0.020423
v 0.004674 -0.013322 0.015920
v -0.005835 -0.012322 0.019922
v -0.000831 -0.004317 0.018920
f 1444 1453 1459 
f 1443 1441 1444 
f 1441 1442 1446 
f 1445 1440 1446 
f 1446 1440 1447 
f 1440 1445 1448 
f 1442 1441 1451 
f 1441 1443 1451 
f 1450 1442 1451 
f 1445 1450 1451 
f 1440 1448 1452 
f 1447 1440 1453 
f 1444 1447 1453 
f 1448 1445 1454 
f 1451 1443 1454 
f 1445 1451 1454 
f 1452 1448 1454 
f 1443 1452 1454 
f 1443 1444 1455 
f 1444 1449 1455 
f 1452 1443 1455 
f 1449 1452 1455 
f 1447 1444 1456 
f 1446 1447 1456 
f 1446 1442 1457 
f 1445 1446 1457 
f 1442 1450 1457 
f 1450 1445 1457 
f 1444 1441 1458 
f 1441 1446 1458 
f 1456 1444 1458 
f 1446 1456 1458 
f 1449 1444 1459 
f 1440 1452 1459 
f 1452 1449 1459 
f 1453 1440 1459 
o convex_97
v -0.003833 -0.011822 0.021424
v 0.004674 -0.004316 0.025427
v 0.004674 -0.004316 0.024926
v -0.005835 -0.007819 0.025427
v -0.005835 -0.011321 0.020423
v 0.004674 -0.008818 0.020423
v -0.000331 -0.008319 0.025427
v 0.004674 -0.007319 0.024426
v 0.004173 -0.007819 0.020423
v -0.005835 -0.010820 0.023425
v 0.003673 -0.004316 0.024926
f 1468 1464 1470 
f 1462 1461 1465 
f 1460 1464 1465 
f 1461 1463 1466 
f 1465 1461 1467 
f 1460 1465 1467 
f 1466 1460 1467 
f 1461 1466 1467 
f 1462 1465 1468 
f 1465 1464 1468 
f 1464 1460 1469 
f 1463 1464 1469 
f 1460 1466 1469 
f 1466 1463 1469 
f 1461 1462 1470 
f 1463 1461 1470 
f 1464 1463 1470 
f 1462 1468 1470 
o convex_98
v 0.004674 0.005692 0.029931
v -0.005835 -0.008319 0.025428
v -0.005835 -0.008319 0.025928
v -0.005835 0.007194 0.028430
v 0.004674 -0.003812 0.025428
v -0.002832 -0.000812 0.029429
v 0.004173 -0.002815 0.027929
v 0.004674 0.007194 0.028430
v -0.005835 0.007194 0.029430
v -0.005835 0.004691 0.027429
v -0.004834 -0.004313 0.028429
v -0.000831 -0.007818 0.025928
v 0.004173 0.000186 0.029429
v -0.005334 0.000186 0.029429
v -0.001831 -0.004313 0.028429
v -0.005835 -0.006816 0.025428
v 0.004674 -0.004814 0.025928
f 1483 1477 1487 
f 1472 1473 1474 
f 1471 1475 1478 
f 1474 1473 1479 
f 1471 1478 1479 
f 1478 1474 1479 
f 1472 1474 1480 
f 1474 1478 1480 
f 1478 1475 1480 
f 1473 1472 1482 
f 1472 1475 1482 
f 1471 1476 1483 
f 1476 1471 1484 
f 1479 1473 1484 
f 1471 1479 1484 
f 1473 1481 1484 
f 1481 1476 1484 
f 1481 1473 1485 
f 1476 1481 1485 
f 1473 1482 1485 
f 1482 1477 1485 
f 1483 1476 1485 
f 1477 1483 1485 
f 1475 1472 1486 
f 1472 1480 1486 
f 1480 1475 1486 
f 1475 1471 1487 
f 1482 1475 1487 
f 1477 1482 1487 
f 1471 1483 1487 
o convex_99
v 0.004674 0.001189 0.016420
v -0.004334 0.010195 0.013417
v -0.003832 0.008193 0.013417
v 0.003172 0.007694 0.020423
v 0.004674 0.011197 0.018921
v 0.002671 0.002190 0.013417
v 0.000669 0.005192 0.017920
v 0.001170 0.001189 0.013919
v -0.002832 0.011197 0.013417
v -0.001331 0.011197 0.016920
v 0.004674 0.006691 0.020423
v 0.003672 0.003691 0.018921
v 0.002170 0.010195 0.019922
v 0.004674 0.002190 0.015420
f 1488 1493 1501 
f 1490 1489 1493 
f 1489 1490 1494 
f 1493 1488 1495 
f 1490 1493 1495 
f 1494 1490 1495 
f 1493 1489 1496 
f 1492 1493 1496 
f 1489 1494 1497 
f 1496 1489 1497 
f 1492 1496 1497 
f 1488 1492 1498 
f 1491 1494 1499 
f 1495 1488 1499 
f 1494 1495 1499 
f 1488 1498 1499 
f 1498 1491 1499 
f 1494 1491 1500 
f 1492 1497 1500 
f 1497 1494 1500 
f 1498 1492 1500 
f 1491 1498 1500 
f 1492 1488 1501 
f 1493 1492 1501 
o convex_100
v -0.005835 0.011698 0.013417
v 0.004674 0.014199 0.024426
v 0.001170 0.014199 0.024426
v 0.000670 0.012198 0.024426
v 0.004674 0.011197 0.018922
v -0.005835 0.012698 0.024426
v -0.005334 0.013698 0.015919
v 0.004674 0.012698 0.019421
v -0.005835 0.013698 0.023925
v -0.003332 0.011197 0.013417
v -0.004834 0.012698 0.013417
v 0.003673 0.014199 0.021924
v -0.000331 0.011197 0.017923
v -0.004834 0.011197 0.013918
f 1514 1507 1515 
f 1503 1504 1505 
f 1503 1505 1506 
f 1505 1504 1507 
f 1503 1506 1509 
f 1502 1507 1510 
f 1507 1504 1510 
f 1504 1508 1510 
f 1508 1502 1510 
f 1509 1506 1511 
f 1509 1511 1512 
f 1502 1508 1512 
f 1511 1502 1512 
f 1512 1508 1513 
f 1504 1503 1513 
f 1508 1504 1513 
f 1503 1509 1513 
f 1509 1512 1513 
f 1506 1505 1514 
f 1505 1507 1514 
f 1511 1506 1514 
f 1511 1514 1515 
f 1507 1502 1515 
f 1502 1511 1515 
o convex_101
v 0.022689 -0.038844 -0.012102
v 0.025690 -0.045349 -0.013104
v 0.026191 -0.045349 -0.013104
v 0.023690 -0.042847 -0.004097
v 0.026191 -0.041346 -0.004097
v 0.025190 -0.040346 -0.013104
v 0.022188 -0.042847 -0.004097
v 0.022188 -0.039845 -0.013104
v 0.026191 -0.044849 -0.008601
v 0.022188 -0.042847 -0.007101
v 0.023690 -0.041346 -0.004097
f 1522 1520 1526 
f 1520 1518 1521 
f 1518 1517 1521 
f 1516 1520 1521 
f 1519 1520 1522 
f 1521 1517 1523 
f 1516 1521 1523 
f 1522 1516 1523 
f 1517 1518 1524 
f 1520 1519 1524 
f 1518 1520 1524 
f 1522 1517 1524 
f 1519 1522 1524 
f 1517 1522 1525 
f 1523 1517 1525 
f 1522 1523 1525 
f 1520 1516 1526 
f 1516 1522 1526 
o convex_102
v -0.005835 0.012196 0.024426
v 0.004674 0.014700 0.026429
v 0.004674 0.014199 0.027928
v 0.004674 0.007194 0.028429
v -0.005334 0.007695 0.029430
v 0.004674 0.013697 0.024426
v -0.003833 0.013198 0.027428
v 0.004674 0.013697 0.028929
v -0.005835 0.007194 0.027928
v -0.005334 0.010697 0.024927
v -0.004333 0.013697 0.024426
v 0.004674 0.007194 0.028929
v -0.005835 0.013198 0.024927
f 1533 1537 1539 
f 1528 1529 1530 
f 1528 1530 1532 
f 1529 1528 1533 
f 1533 1531 1534 
f 1530 1529 1534 
f 1529 1533 1534 
f 1527 1532 1536 
f 1532 1530 1536 
f 1535 1527 1536 
f 1530 1535 1536 
f 1528 1532 1537 
f 1532 1527 1537 
f 1533 1528 1537 
f 1534 1531 1538 
f 1530 1534 1538 
f 1535 1530 1538 
f 1531 1535 1538 
f 1531 1533 1539 
f 1527 1535 1539 
f 1535 1531 1539 
f 1537 1527 1539 
o convex_103
v -0.016343 0.011698 -0.010602
v -0.013841 0.014198 0.001908
v -0.013841 0.013198 0.001908
v -0.018845 0.013698 0.001908
v -0.018845 0.010196 -0.010101
v -0.018845 0.014198 -0.003598
v -0.013841 0.010196 -0.011603
v -0.013841 0.014700 -0.002095
v -0.018845 0.014700 0.000907
v -0.018845 0.010697 -0.011603
v -0.014342 0.013198 -0.007099
f 1547 1546 1550 
f 1542 1541 1543 
f 1542 1543 1544 
f 1544 1543 1545 
f 1541 1542 1546 
f 1542 1544 1546 
f 1541 1546 1547 
f 1543 1541 1548 
f 1545 1543 1548 
f 1541 1547 1548 
f 1547 1545 1548 
f 1545 1540 1549 
f 1544 1545 1549 
f 1540 1546 1549 
f 1546 1544 1549 
f 1540 1545 1550 
f 1546 1540 1550 
f 1545 1547 1550 
o convex_104
v 0.014181 -0.023332 -0.024113
v 0.009177 -0.029334 -0.020611
v 0.009177 -0.029334 -0.019610
v 0.009177 -0.019328 -0.021111
v 0.010178 -0.024332 -0.024614
v 0.014181 -0.029334 -0.022112
v 0.013680 -0.019328 -0.022112
v 0.009177 -0.020330 -0.023112
v 0.014181 -0.019830 -0.023612
v 0.010679 -0.029334 -0.022611
v 0.014181 -0.028334 -0.023112
v 0.009678 -0.028334 -0.019610
f 1557 1554 1562 
f 1552 1553 1554 
f 1553 1552 1556 
f 1552 1554 1558 
f 1555 1552 1558 
f 1551 1555 1559 
f 1556 1551 1559 
f 1557 1556 1559 
f 1554 1557 1559 
f 1558 1554 1559 
f 1555 1558 1559 
f 1552 1555 1560 
f 1556 1552 1560 
f 1556 1560 1561 
f 1555 1551 1561 
f 1551 1556 1561 
f 1560 1555 1561 
f 1554 1553 1562 
f 1553 1556 1562 
f 1556 1557 1562 
o convex_105
v 0.005174 -0.015324 -0.018609
v 0.004674 -0.019328 -0.021610
v 0.007677 -0.019328 -0.022111
v 0.006676 -0.007318 -0.023613
v 0.011679 -0.013323 -0.020611
v 0.004674 -0.007318 -0.020611
v 0.011679 -0.007318 -0.023613
v 0.011679 -0.019328 -0.021111
v 0.007677 -0.012824 -0.018609
v 0.011679 -0.017826 -0.022611
v 0.011679 -0.007318 -0.022611
v 0.004674 -0.018826 -0.020111
v 0.004674 -0.007318 -0.021610
v 0.004674 -0.013323 -0.018609
f 1574 1563 1576 
f 1565 1564 1566 
f 1566 1568 1569 
f 1564 1565 1570 
f 1569 1567 1570 
f 1563 1570 1571 
f 1570 1567 1571 
f 1565 1566 1572 
f 1566 1569 1572 
f 1570 1565 1572 
f 1569 1570 1572 
f 1567 1569 1573 
f 1569 1568 1573 
f 1568 1571 1573 
f 1571 1567 1573 
f 1568 1564 1574 
f 1564 1570 1574 
f 1570 1563 1574 
f 1566 1564 1575 
f 1564 1568 1575 
f 1568 1566 1575 
f 1563 1571 1576 
f 1571 1568 1576 
f 1568 1574 1576 
o convex_106
v 0.009677 0.006193 -0.024113
v 0.004674 -0.007318 -0.021612
v 0.005675 -0.007318 -0.022613
v 0.011679 -0.005816 -0.022112
v 0.006175 -0.004816 -0.025114
v 0.004674 0.006193 -0.022613
v 0.011679 0.003189 -0.022112
v 0.011178 -0.006817 -0.024113
v 0.004674 0.002689 -0.025114
v 0.005675 -0.005816 -0.021111
v 0.009177 0.003189 -0.025114
v 0.011679 0.006193 -0.023612
v 0.011679 -0.007318 -0.022613
v 0.011679 0.006193 -0.022613
f 1583 1588 1590 
f 1579 1578 1581 
f 1579 1581 1584 
f 1581 1578 1585 
f 1578 1582 1585 
f 1582 1577 1585 
f 1582 1578 1586 
f 1580 1583 1586 
f 1583 1582 1586 
f 1584 1581 1587 
f 1585 1577 1587 
f 1581 1585 1587 
f 1577 1582 1588 
f 1583 1580 1588 
f 1587 1577 1588 
f 1584 1587 1588 
f 1578 1579 1589 
f 1579 1584 1589 
f 1586 1578 1589 
f 1580 1586 1589 
f 1588 1580 1589 
f 1584 1588 1589 
f 1582 1583 1590 
f 1588 1582 1590 
o convex_107
v 0.011679 -0.019328 -0.022612
v 0.014181 0.006193 -0.020110
v 0.013680 0.006193 -0.020110
v 0.011679 0.006193 -0.023112
v 0.014181 -0.019328 -0.023112
v 0.011679 -0.015324 -0.020611
v 0.014181 -0.013822 -0.020611
v 0.014181 0.003690 -0.022111
v 0.011679 -0.001314 -0.020110
v 0.012180 -0.019328 -0.021111
v 0.012680 0.005691 -0.023112
v 0.014181 -0.005319 -0.020110
f 1599 1596 1602 
f 1593 1592 1594 
f 1591 1594 1595 
f 1594 1591 1596 
f 1595 1592 1597 
f 1592 1595 1598 
f 1592 1593 1599 
f 1593 1594 1599 
f 1594 1596 1599 
f 1591 1595 1600 
f 1596 1591 1600 
f 1595 1597 1600 
f 1597 1596 1600 
f 1594 1592 1601 
f 1595 1594 1601 
f 1592 1598 1601 
f 1598 1595 1601 
f 1597 1592 1602 
f 1596 1597 1602 
f 1592 1599 1602 
o convex_108
v 0.021687 -0.002315 -0.012605
v 0.011679 -0.003313 -0.019108
v 0.011679 -0.003313 -0.016105
v 0.019685 -0.008818 -0.012104
v 0.017182 0.002186 -0.020108
v 0.014683 0.001187 -0.013107
v 0.017182 -0.005315 -0.020108
v 0.013682 -0.006317 -0.011605
v 0.015183 -0.008316 -0.016605
v 0.013181 0.002689 -0.020107
v 0.016683 0.003188 -0.016106
v 0.020686 -0.000815 -0.012104
v 0.013181 -0.005315 -0.020107
v 0.019185 -0.008318 -0.015106
v 0.011679 -0.001316 -0.016105
v 0.013682 0.003189 -0.016606
v 0.021687 -0.003815 -0.013106
v 0.016184 -0.008817 -0.012104
v 0.013682 -0.004315 -0.011605
v 0.017684 -0.004313 -0.020108
v 0.016683 0.003188 -0.019608
v 0.018685 0.000185 -0.012104
v 0.012181 -0.004814 -0.014607
v 0.011679 -0.001316 -0.020107
v 0.016683 -0.008316 -0.017105
f 1620 1611 1627 
f 1606 1603 1614 
f 1610 1606 1614 
f 1604 1605 1617 
f 1612 1617 1618 
f 1608 1613 1618 
f 1617 1608 1618 
f 1603 1606 1619 
f 1607 1603 1619 
f 1606 1616 1619 
f 1606 1610 1620 
f 1610 1611 1620 
f 1610 1614 1621 
f 1608 1617 1621 
f 1609 1607 1622 
f 1616 1609 1622 
f 1607 1619 1622 
f 1619 1616 1622 
f 1603 1607 1623 
f 1607 1612 1623 
f 1614 1603 1623 
f 1613 1614 1623 
f 1612 1618 1623 
f 1618 1613 1623 
f 1613 1608 1624 
f 1614 1613 1624 
f 1621 1614 1624 
f 1608 1621 1624 
f 1605 1604 1625 
f 1611 1610 1625 
f 1604 1615 1625 
f 1615 1611 1625 
f 1617 1605 1625 
f 1610 1621 1625 
f 1621 1617 1625 
f 1607 1609 1626 
f 1612 1607 1626 
f 1615 1604 1626 
f 1609 1615 1626 
f 1604 1617 1626 
f 1617 1612 1626 
f 1611 1615 1627 
f 1615 1609 1627 
f 1616 1606 1627 
f 1609 1616 1627 
f 1606 1620 1627 
o convex_109
v 0.007677 0.006194 -0.024111
v 0.014181 0.014698 -0.014107
v 0.014181 0.013197 -0.014107
v 0.004674 0.014698 -0.012105
v 0.014181 0.006194 -0.019609
v 0.004674 0.011696 -0.013107
v 0.004674 0.009196 -0.022109
v 0.004674 0.006194 -0.022109
v 0.011179 0.008696 -0.022609
v 0.014181 0.014698 -0.015109
v 0.011179 0.014198 -0.012105
v 0.006675 0.014698 -0.014107
v 0.014181 0.006695 -0.021108
v 0.014181 0.011196 -0.014608
v 0.006675 0.009697 -0.022109
v 0.012179 0.006194 -0.023110
f 1636 1640 1643 
f 1629 1630 1632 
f 1633 1631 1634 
f 1628 1632 1635 
f 1632 1633 1635 
f 1634 1628 1635 
f 1633 1634 1635 
f 1631 1629 1637 
f 1629 1632 1637 
f 1630 1629 1638 
f 1629 1631 1638 
f 1631 1633 1638 
f 1634 1631 1639 
f 1631 1637 1639 
f 1636 1637 1640 
f 1637 1632 1640 
f 1632 1630 1641 
f 1633 1632 1641 
f 1630 1638 1641 
f 1638 1633 1641 
f 1628 1634 1642 
f 1636 1628 1642 
f 1637 1636 1642 
f 1634 1639 1642 
f 1639 1637 1642 
f 1632 1628 1643 
f 1628 1636 1643 
f 1640 1632 1643 
o convex_110
v 0.004674 0.013198 0.020424
v 0.012180 0.011198 0.026428
v 0.012180 0.010697 0.026428
v 0.004674 0.013197 0.028930
v 0.004674 0.010196 0.018922
v 0.004674 0.010697 0.027928
v 0.010177 0.013198 0.023425
v 0.010678 0.010196 0.020924
v 0.005175 0.014700 0.025927
v 0.009176 0.013698 0.026927
v 0.011177 0.010697 0.027928
v 0.007177 0.012198 0.019924
v 0.012180 0.010196 0.023926
f 1654 1649 1656 
f 1647 1644 1648 
f 1647 1648 1649 
f 1644 1647 1652 
f 1650 1644 1652 
f 1650 1652 1653 
f 1645 1650 1653 
f 1652 1647 1653 
f 1653 1647 1654 
f 1646 1645 1654 
f 1647 1649 1654 
f 1645 1653 1654 
f 1648 1644 1655 
f 1644 1650 1655 
f 1651 1648 1655 
f 1650 1651 1655 
f 1645 1646 1656 
f 1649 1648 1656 
f 1650 1645 1656 
f 1648 1651 1656 
f 1651 1650 1656 
f 1646 1654 1656 
o convex_111
v 0.004674 0.005692 0.009912
v 0.014181 0.009195 0.014918
v 0.014181 0.007693 0.014918
v 0.006176 0.009195 0.002408
v 0.004674 0.008194 0.008913
v 0.007678 0.006193 0.014918
v 0.010178 0.005692 0.013917
v 0.004674 0.009195 0.005913
v 0.006176 0.008694 0.002408
v 0.014181 0.007693 0.013917
v 0.004674 0.008694 0.002408
v 0.012179 0.009195 0.013917
f 1664 1661 1668 
f 1659 1658 1662 
f 1661 1657 1662 
f 1659 1662 1663 
f 1662 1657 1663 
f 1658 1660 1664 
f 1657 1661 1664 
f 1663 1657 1665 
f 1658 1659 1666 
f 1660 1658 1666 
f 1659 1663 1666 
f 1665 1660 1666 
f 1663 1665 1666 
f 1664 1660 1667 
f 1657 1664 1667 
f 1660 1665 1667 
f 1665 1657 1667 
f 1662 1658 1668 
f 1661 1662 1668 
f 1658 1664 1668 
o convex_112
v 0.006675 0.004190 0.018922
v 0.004674 -0.011820 0.015919
v 0.005174 -0.011319 0.015419
v 0.008677 -0.011820 0.016420
v 0.008677 -0.001815 0.014918
v 0.004674 0.002188 0.015919
v 0.004674 -0.007817 0.018922
v 0.008677 -0.001315 0.018922
v 0.004674 0.005190 0.018922
v 0.004674 -0.002815 0.014918
v 0.008677 -0.009819 0.014918
v 0.007175 -0.006316 0.018922
f 1676 1675 1680 
f 1670 1671 1672 
f 1669 1673 1674 
f 1670 1672 1675 
f 1674 1670 1675 
f 1673 1669 1676 
f 1672 1673 1676 
f 1669 1675 1676 
f 1669 1674 1677 
f 1675 1669 1677 
f 1674 1675 1677 
f 1671 1670 1678 
f 1674 1673 1678 
f 1670 1674 1678 
f 1672 1671 1679 
f 1673 1672 1679 
f 1671 1678 1679 
f 1678 1673 1679 
f 1675 1672 1680 
f 1672 1676 1680 
o convex_113
v 0.009177 0.006192 0.014919
v 0.008677 -0.011820 0.015920
v 0.008677 -0.011820 0.016421
v 0.014181 -0.011820 0.016421
v 0.013180 0.004189 0.019922
v 0.014181 0.011195 0.014919
v 0.009678 -0.009819 0.014918
v 0.014181 0.000688 0.019922
v 0.009678 0.006192 0.016421
v 0.012680 -0.011319 0.015419
v 0.013681 -0.007316 0.018421
v 0.008677 -0.002316 0.016421
v 0.012680 0.006693 0.018921
v 0.014181 0.006693 0.018921
v 0.008677 0.005192 0.014919
v 0.013681 0.011195 0.015420
f 1693 1694 1696 
f 1683 1682 1684 
f 1681 1686 1687 
f 1685 1683 1688 
f 1684 1686 1688 
f 1684 1682 1690 
f 1686 1684 1690 
f 1682 1687 1690 
f 1687 1686 1690 
f 1683 1684 1691 
f 1688 1683 1691 
f 1684 1688 1691 
f 1682 1683 1692 
f 1683 1685 1692 
f 1685 1689 1692 
f 1689 1685 1693 
f 1685 1688 1694 
f 1688 1686 1694 
f 1693 1685 1694 
f 1687 1682 1695 
f 1681 1687 1695 
f 1689 1681 1695 
f 1682 1692 1695 
f 1692 1689 1695 
f 1686 1681 1696 
f 1681 1689 1696 
f 1689 1693 1696 
f 1694 1686 1696 
o convex_114
v 0.021187 -0.031339 -0.020609
v 0.020686 -0.038343 -0.014107
v 0.014181 -0.034840 -0.015107
v 0.020686 -0.030838 -0.024111
v 0.015183 -0.034339 -0.013105
v 0.014181 -0.029838 -0.022611
v 0.019685 -0.029337 -0.021610
v 0.019685 -0.035841 -0.013105
v 0.014181 -0.030339 -0.019109
v 0.021187 -0.029337 -0.024613
v 0.014181 -0.032340 -0.019609
v 0.021187 -0.038343 -0.013105
v 0.014181 -0.035340 -0.013105
v 0.017684 -0.030339 -0.019109
v 0.014181 -0.029337 -0.021610
f 1703 1706 1711 
f 1697 1703 1704 
f 1702 1699 1705 
f 1700 1702 1706 
f 1703 1697 1706 
f 1698 1699 1707 
f 1700 1698 1707 
f 1699 1702 1707 
f 1702 1700 1707 
f 1698 1700 1708 
f 1697 1704 1708 
f 1704 1701 1708 
f 1706 1697 1708 
f 1700 1706 1708 
f 1699 1698 1709 
f 1705 1699 1709 
f 1701 1705 1709 
f 1698 1708 1709 
f 1708 1701 1709 
f 1701 1704 1710 
f 1704 1703 1710 
f 1705 1701 1710 
f 1703 1705 1710 
f 1702 1705 1711 
f 1705 1703 1711 
f 1706 1702 1711 
o convex_115
v 0.014683 -0.014325 -0.022613
v 0.014181 -0.029336 -0.022613
v 0.014181 -0.029336 -0.022112
v 0.021187 -0.029336 -0.024614
v 0.021187 -0.016326 -0.021612
v 0.020686 -0.022328 -0.025114
v 0.014181 -0.025332 -0.024113
v 0.020185 -0.029336 -0.022112
v 0.014181 -0.013824 -0.021111
v 0.021187 -0.013824 -0.023112
v 0.017184 -0.013824 -0.023612
v 0.020686 -0.028334 -0.025114
v 0.014181 -0.023331 -0.024113
v 0.016183 -0.013824 -0.021111
f 1721 1720 1725 
f 1714 1713 1715 
f 1713 1714 1718 
f 1714 1715 1719 
f 1715 1716 1719 
f 1718 1714 1720 
f 1714 1719 1720 
f 1716 1715 1721 
f 1715 1717 1721 
f 1720 1721 1722 
f 1712 1720 1722 
f 1721 1717 1722 
f 1715 1713 1723 
f 1717 1715 1723 
f 1713 1718 1723 
f 1718 1717 1723 
f 1717 1718 1724 
f 1720 1712 1724 
f 1718 1720 1724 
f 1712 1722 1724 
f 1722 1717 1724 
f 1719 1716 1725 
f 1720 1719 1725 
f 1716 1721 1725 
o convex_116
v 0.016183 0.031213 -0.011602
v 0.005174 0.016701 -0.008102
v 0.005174 0.016701 -0.007099
v 0.016183 0.016701 -0.014604
v 0.013180 0.017203 -0.015106
v 0.012180 0.030210 -0.007100
v 0.010680 0.030712 -0.007601
v 0.016183 0.021206 -0.012102
v 0.009177 0.019704 -0.011602
v 0.006676 0.016701 -0.007099
v 0.015182 0.031213 -0.011602
v 0.016183 0.031213 -0.010603
v 0.016183 0.018204 -0.015106
v 0.005675 0.017203 -0.009101
v 0.009680 0.023209 -0.007100
v 0.015682 0.029210 -0.012603
v 0.010180 0.016701 -0.013104
v 0.011180 0.031213 -0.007100
f 1737 1736 1743 
f 1728 1727 1729 
f 1727 1728 1732 
f 1729 1726 1733 
f 1728 1729 1735 
f 1729 1733 1735 
f 1730 1734 1736 
f 1734 1732 1736 
f 1733 1726 1737 
f 1731 1733 1737 
f 1726 1736 1737 
f 1726 1729 1738 
f 1729 1730 1738 
f 1727 1732 1739 
f 1732 1734 1739 
f 1733 1731 1740 
f 1731 1735 1740 
f 1735 1733 1740 
f 1736 1726 1741 
f 1730 1736 1741 
f 1726 1738 1741 
f 1738 1730 1741 
f 1729 1727 1742 
f 1730 1729 1742 
f 1734 1730 1742 
f 1727 1739 1742 
f 1739 1734 1742 
f 1732 1728 1743 
f 1728 1735 1743 
f 1735 1731 1743 
f 1736 1732 1743 
f 1731 1737 1743 
o convex_117
v 0.023689 -0.001816 -0.028116
v 0.029194 -0.013322 -0.018610
v 0.028193 -0.013322 -0.018610
v 0.028693 0.000187 -0.024113
v 0.028193 -0.005817 -0.026614
v 0.022688 -0.013824 -0.021111
v 0.023689 -0.010819 -0.025114
v 0.029194 -0.012822 -0.022112
v 0.022688 0.000187 -0.027615
v 0.024191 -0.011820 -0.020111
v 0.029194 -0.000315 -0.026114
v 0.022688 -0.010819 -0.025114
v 0.024690 0.000187 -0.028116
v 0.027191 -0.002817 -0.027615
f 1744 1756 1757 
f 1746 1745 1747 
f 1745 1746 1749 
f 1744 1748 1750 
f 1745 1749 1751 
f 1749 1750 1751 
f 1750 1748 1751 
f 1746 1747 1753 
f 1749 1746 1753 
f 1747 1752 1753 
f 1752 1749 1753 
f 1747 1745 1754 
f 1745 1751 1754 
f 1751 1748 1754 
f 1744 1750 1755 
f 1750 1749 1755 
f 1752 1744 1755 
f 1749 1752 1755 
f 1744 1752 1756 
f 1752 1747 1756 
f 1747 1754 1756 
f 1756 1754 1757 
f 1748 1744 1757 
f 1754 1748 1757 
o convex_118
v 0.008677 0.038719 -0.003597
v 0.012680 0.031213 -0.009100
v 0.013181 0.031213 -0.009100
v 0.009178 0.031213 -0.001095
v 0.013181 0.038719 -0.008600
v 0.009678 0.038719 -0.001095
v 0.010178 0.031213 -0.006598
v 0.011179 0.038719 -0.008100
v 0.013181 0.032214 -0.007599
v 0.008677 0.031213 -0.002596
v 0.008677 0.038719 -0.001095
v 0.009678 0.031714 -0.001095
v 0.012680 0.038719 -0.009600
f 1759 1765 1770 
f 1759 1760 1761 
f 1762 1758 1763 
f 1759 1761 1764 
f 1758 1762 1765 
f 1759 1764 1765 
f 1764 1758 1765 
f 1760 1762 1766 
f 1762 1763 1766 
f 1764 1761 1767 
f 1758 1764 1767 
f 1761 1763 1768 
f 1763 1758 1768 
f 1758 1767 1768 
f 1767 1761 1768 
f 1761 1760 1769 
f 1763 1761 1769 
f 1760 1766 1769 
f 1766 1763 1769 
f 1760 1759 1770 
f 1762 1760 1770 
f 1765 1762 1770 
o convex_119
v 0.007676 0.040721 -0.001092
v 0.012680 0.041222 0.004910
v 0.011177 0.041222 0.004910
v 0.010678 0.031213 0.004909
v 0.011177 0.045223 -0.006099
v 0.009179 0.045724 0.002908
v 0.008677 0.031213 -0.001093
v 0.008177 0.042222 -0.006099
v 0.012179 0.046225 0.004409
v 0.009178 0.031213 0.003408
v 0.010178 0.038719 -0.005097
v 0.009179 0.046225 -0.004096
v 0.007676 0.043223 0.000406
v 0.012179 0.037217 0.004408
v 0.009678 0.031714 -0.001093
v 0.011177 0.046225 -0.006099
v 0.007676 0.042222 -0.004596
v 0.010178 0.034716 0.004909
v 0.012680 0.045223 0.003908
v 0.008177 0.044222 0.001907
f 1780 1788 1790 
f 1772 1773 1774 
f 1773 1772 1779 
f 1776 1773 1779 
f 1771 1777 1780 
f 1777 1774 1780 
f 1778 1775 1781 
f 1777 1778 1781 
f 1776 1779 1782 
f 1771 1780 1783 
f 1772 1774 1784 
f 1775 1772 1784 
f 1781 1775 1784 
f 1781 1784 1785 
f 1774 1777 1785 
f 1777 1781 1785 
f 1784 1774 1785 
f 1775 1778 1786 
f 1778 1782 1786 
f 1782 1779 1786 
f 1777 1771 1787 
f 1778 1777 1787 
f 1782 1778 1787 
f 1771 1783 1787 
f 1783 1782 1787 
f 1774 1773 1788 
f 1773 1776 1788 
f 1780 1774 1788 
f 1772 1775 1789 
f 1779 1772 1789 
f 1775 1786 1789 
f 1786 1779 1789 
f 1776 1782 1790 
f 1783 1780 1790 
f 1782 1783 1790 
f 1788 1776 1790 
o convex_120
v 0.024689 -0.030339 -0.034620
v 0.027192 -0.041346 -0.026616
v 0.027692 -0.041346 -0.026616
v 0.022188 -0.030339 -0.026115
v 0.027692 -0.030339 -0.036123
v 0.021688 -0.032840 -0.029118
v 0.027192 -0.034842 -0.035622
v 0.027692 -0.039843 -0.026115
v 0.023690 -0.037842 -0.026616
v 0.024689 -0.036341 -0.031120
v 0.021187 -0.030339 -0.026616
v 0.021688 -0.031840 -0.030119
v 0.022689 -0.035842 -0.026115
v 0.027692 -0.030839 -0.037124
f 1797 1791 1804 
f 1791 1794 1795 
f 1793 1792 1797 
f 1792 1793 1798 
f 1795 1794 1798 
f 1793 1795 1798 
f 1797 1792 1800 
f 1799 1796 1800 
f 1792 1799 1800 
f 1794 1791 1801 
f 1791 1797 1802 
f 1797 1800 1802 
f 1800 1796 1802 
f 1801 1791 1802 
f 1796 1801 1802 
f 1792 1798 1803 
f 1798 1794 1803 
f 1796 1799 1803 
f 1799 1792 1803 
f 1794 1801 1803 
f 1801 1796 1803 
f 1791 1795 1804 
f 1795 1793 1804 
f 1793 1797 1804 
o convex_121
v 0.012179 0.010696 0.026928
v 0.004674 0.000688 0.028429
v 0.011178 0.000688 0.023926
v 0.004674 0.010696 0.027428
v 0.008677 0.006192 0.029430
v 0.011678 0.010696 0.023926
v 0.011178 0.001189 0.026429
v 0.004674 0.005692 0.029931
v 0.011178 0.010195 0.028429
v 0.007177 0.000688 0.028929
v 0.012680 0.007193 0.023926
v 0.010677 0.002190 0.023926
v 0.004674 0.001689 0.027929
f 1808 1816 1817 
f 1808 1805 1810 
f 1808 1806 1812 
f 1812 1809 1813 
f 1805 1808 1813 
f 1811 1805 1813 
f 1809 1811 1813 
f 1808 1812 1813 
f 1806 1807 1814 
f 1807 1811 1814 
f 1811 1809 1814 
f 1812 1806 1814 
f 1809 1812 1814 
f 1810 1805 1815 
f 1807 1810 1815 
f 1805 1811 1815 
f 1811 1807 1815 
f 1810 1807 1816 
f 1808 1810 1816 
f 1807 1806 1817 
f 1806 1808 1817 
f 1816 1807 1817 
o convex_122
v 0.030195 0.058233 -0.011600
v 0.029694 0.050229 -0.020610
v 0.029694 0.050730 -0.020610
v 0.031195 0.051231 -0.017107
v 0.030195 0.050229 0.002408
v 0.031195 0.058233 -0.000095
v 0.029694 0.059735 0.002408
v 0.030694 0.050229 0.002408
v 0.031195 0.056233 -0.013103
v 0.029694 0.056733 -0.014603
v 0.030694 0.050229 -0.020108
v 0.030694 0.059235 -0.005600
v 0.030694 0.054232 -0.017607
v 0.030694 0.059235 0.002408
f 1829 1824 1831 
f 1820 1819 1824 
f 1819 1822 1824 
f 1822 1819 1825 
f 1821 1823 1825 
f 1824 1822 1825 
f 1823 1821 1826 
f 1824 1818 1827 
f 1820 1824 1827 
f 1819 1820 1828 
f 1825 1819 1828 
f 1821 1825 1828 
f 1818 1824 1829 
f 1826 1818 1829 
f 1823 1826 1829 
f 1818 1826 1830 
f 1826 1821 1830 
f 1827 1818 1830 
f 1820 1827 1830 
f 1828 1820 1830 
f 1821 1828 1830 
f 1825 1823 1831 
f 1824 1825 1831 
f 1823 1829 1831 
o convex_123
v 0.016183 -0.008819 -0.012103
v 0.021185 0.000188 -0.008100
v 0.021687 -0.000313 -0.008100
v 0.016183 -0.010321 -0.008100
v 0.024690 -0.010321 -0.008601
v 0.016685 0.000188 -0.012103
v 0.022186 -0.002815 -0.012103
v 0.014181 -0.006317 -0.008601
v 0.024690 -0.003315 -0.008100
v 0.017184 -0.000813 -0.008100
v 0.014181 -0.003315 -0.012103
v 0.020686 -0.008318 -0.012103
v 0.014181 -0.008318 -0.010602
v 0.020184 -0.000313 -0.012103
v 0.024690 -0.010321 -0.008100
f 1836 1840 1846 
f 1834 1833 1835 
f 1835 1832 1836 
f 1832 1837 1838 
f 1834 1835 1840 
f 1836 1838 1840 
f 1835 1833 1841 
f 1833 1837 1841 
f 1839 1835 1841 
f 1839 1841 1842 
f 1837 1832 1842 
f 1841 1837 1842 
f 1836 1832 1843 
f 1832 1838 1843 
f 1838 1836 1843 
f 1832 1835 1844 
f 1835 1839 1844 
f 1839 1842 1844 
f 1842 1832 1844 
f 1833 1834 1845 
f 1837 1833 1845 
f 1838 1837 1845 
f 1834 1840 1845 
f 1840 1838 1845 
f 1835 1836 1846 
f 1840 1835 1846 
o convex_124
v 0.029694 0.050229 0.002408
v 0.029694 0.054232 0.009414
v 0.030695 0.055232 0.008412
v 0.027692 0.059235 0.002408
v 0.027692 0.050229 0.008913
v 0.030695 0.059235 0.002408
v 0.027692 0.058233 0.007412
v 0.030695 0.050229 0.003910
v 0.030194 0.058233 0.007412
v 0.030194 0.052731 0.008913
v 0.027692 0.050229 0.007412
f 1851 1850 1857 
f 1847 1850 1852 
f 1852 1850 1853 
f 1850 1851 1853 
f 1851 1848 1853 
f 1851 1847 1854 
f 1847 1852 1854 
f 1852 1849 1854 
f 1848 1849 1855 
f 1849 1852 1855 
f 1852 1853 1855 
f 1853 1848 1855 
f 1849 1848 1856 
f 1848 1851 1856 
f 1854 1849 1856 
f 1851 1854 1856 
f 1850 1847 1857 
f 1847 1851 1857 
o convex_125
v -0.023848 -0.030837 -0.015107
v -0.017344 -0.031337 -0.011607
v -0.017346 -0.029837 -0.002095
v -0.017344 -0.029336 -0.022612
v -0.024850 -0.029336 -0.016107
v -0.020346 -0.032339 -0.005600
v -0.019348 -0.031838 -0.019108
v -0.018847 -0.029336 -0.002095
v -0.017346 -0.032339 -0.006100
v -0.022348 -0.031838 -0.017605
v -0.017344 -0.031838 -0.019108
v -0.023349 -0.030337 -0.019608
f 1864 1867 1869 
f 1860 1859 1861 
f 1862 1858 1863 
f 1860 1861 1865 
f 1861 1862 1865 
f 1863 1860 1865 
f 1862 1863 1865 
f 1859 1860 1866 
f 1860 1863 1866 
f 1863 1864 1866 
f 1863 1858 1867 
f 1864 1863 1867 
f 1861 1859 1868 
f 1864 1861 1868 
f 1859 1866 1868 
f 1866 1864 1868 
f 1858 1862 1869 
f 1862 1861 1869 
f 1861 1864 1869 
f 1867 1858 1869 
o convex_126
v 0.024189 -0.035843 0.007412
v 0.020687 -0.042847 -0.004097
v 0.023189 -0.042847 -0.004097
v 0.026190 -0.032839 0.006411
v 0.020187 -0.032839 0.006912
v 0.020187 -0.040345 0.003408
v 0.026190 -0.040844 -0.004097
v 0.026190 -0.038842 0.003408
v 0.020187 -0.041344 -0.004097
v 0.022188 -0.041845 0.001409
v 0.021688 -0.033341 0.008413
v 0.026190 -0.041845 -0.003596
v 0.023189 -0.038842 0.005411
v 0.020187 -0.036844 0.006411
v 0.026190 -0.034842 0.006912
v 0.024189 -0.032839 0.008413
f 1884 1873 1885 
f 1872 1871 1876 
f 1874 1873 1876 
f 1876 1873 1877 
f 1871 1875 1878 
f 1875 1874 1878 
f 1876 1871 1878 
f 1874 1876 1878 
f 1871 1872 1879 
f 1875 1871 1879 
f 1872 1876 1881 
f 1876 1877 1881 
f 1879 1872 1881 
f 1877 1879 1881 
f 1877 1870 1882 
f 1875 1879 1882 
f 1879 1877 1882 
f 1874 1875 1883 
f 1870 1880 1883 
f 1880 1874 1883 
f 1882 1870 1883 
f 1875 1882 1883 
f 1870 1877 1884 
f 1877 1873 1884 
f 1873 1874 1885 
f 1880 1870 1885 
f 1874 1880 1885 
f 1870 1884 1885 
o convex_127
v -0.020347 -0.021830 -0.002095
v -0.022848 -0.029336 -0.011603
v -0.023848 -0.028835 -0.011603
v -0.022347 -0.021330 -0.011603
v -0.025351 -0.021330 -0.008600
v -0.018346 -0.029336 -0.002095
v -0.023848 -0.021830 -0.003098
v -0.018846 -0.027335 -0.006601
v -0.020848 -0.029336 -0.011102
v -0.021348 -0.026332 -0.002095
v -0.025351 -0.025832 -0.011102
v -0.023349 -0.027335 -0.007098
v -0.024850 -0.021830 -0.011603
v -0.019347 -0.023832 -0.003597
v -0.022848 -0.021330 -0.002095
v -0.019347 -0.029336 -0.002596
f 1895 1897 1901 
f 1887 1888 1889 
f 1893 1891 1894 
f 1887 1889 1894 
f 1891 1887 1894 
f 1889 1893 1894 
f 1891 1886 1895 
f 1892 1890 1896 
f 1895 1892 1897 
f 1892 1896 1897 
f 1896 1888 1897 
f 1889 1888 1898 
f 1890 1889 1898 
f 1888 1896 1898 
f 1896 1890 1898 
f 1889 1886 1899 
f 1886 1891 1899 
f 1893 1889 1899 
f 1891 1893 1899 
f 1886 1889 1900 
f 1889 1890 1900 
f 1890 1892 1900 
f 1895 1886 1900 
f 1892 1895 1900 
f 1888 1887 1901 
f 1887 1891 1901 
f 1891 1895 1901 
f 1897 1888 1901 
o convex_128
v -0.023347 0.010197 0.002409
v -0.016345 0.014199 0.002409
v -0.014343 0.013698 0.003409
v -0.020846 0.007194 0.001908
v -0.020846 0.007194 0.005411
v -0.021846 0.012697 0.004410
v -0.013842 0.008195 0.005411
v -0.013842 0.012697 0.001908
v -0.022347 0.013198 0.001908
v -0.018844 0.010197 0.005411
v -0.013842 0.012197 0.004410
v -0.022347 0.007694 0.004410
f 1907 1902 1913 
f 1904 1903 1907 
f 1906 1905 1908 
f 1903 1904 1909 
f 1908 1905 1909 
f 1905 1902 1910 
f 1907 1903 1910 
f 1902 1907 1910 
f 1903 1909 1910 
f 1909 1905 1910 
f 1907 1906 1911 
f 1906 1908 1911 
f 1911 1908 1912 
f 1904 1907 1912 
f 1909 1904 1912 
f 1908 1909 1912 
f 1907 1911 1912 
f 1902 1905 1913 
f 1905 1906 1913 
f 1906 1907 1913 
o convex_129
v -0.005836 -0.021831 -0.016605
v -0.012340 -0.029335 -0.016106
v -0.012340 -0.028835 -0.016106
v -0.005835 -0.020830 -0.001595
v -0.011339 -0.020830 -0.013604
v -0.012340 -0.027833 -0.001595
v -0.005836 -0.025332 -0.018609
v -0.012340 -0.026333 -0.001595
v -0.007838 -0.024332 -0.002098
v -0.010338 -0.019829 -0.012605
v -0.009337 -0.021331 -0.016106
v -0.011339 -0.029335 -0.015103
v -0.008337 -0.019829 -0.014104
v -0.006837 -0.020830 -0.001595
v -0.011838 -0.027833 -0.001595
v -0.007337 -0.023331 -0.018106
v -0.005836 -0.025332 -0.017606
f 1928 1925 1930 
f 1916 1915 1919 
f 1914 1917 1920 
f 1918 1916 1921 
f 1916 1919 1921 
f 1919 1917 1921 
f 1918 1921 1923 
f 1916 1918 1924 
f 1918 1923 1924 
f 1919 1915 1925 
f 1915 1920 1925 
f 1917 1914 1926 
f 1923 1917 1926 
f 1914 1924 1926 
f 1924 1923 1926 
f 1921 1917 1927 
f 1917 1923 1927 
f 1923 1921 1927 
f 1917 1919 1928 
f 1922 1917 1928 
f 1919 1925 1928 
f 1915 1916 1929 
f 1920 1915 1929 
f 1914 1920 1929 
f 1916 1924 1929 
f 1924 1914 1929 
f 1920 1917 1930 
f 1917 1922 1930 
f 1925 1920 1930 
f 1922 1928 1930 
o convex_130
v -0.018846 0.003191 0.027928
v -0.005835 0.010696 0.026428
v -0.005835 0.009693 0.027429
v -0.008838 0.001689 0.026428
v -0.018846 0.010696 0.024928
v -0.014342 0.007692 0.029430
v -0.005835 0.001689 0.028930
v -0.011342 0.010195 0.023426
v -0.018846 0.003191 0.026927
v -0.014841 0.010195 0.028429
v -0.005835 0.007693 0.028930
v -0.005835 0.008693 0.025928
v -0.014342 0.004693 0.029430
v -0.018846 0.005694 0.027928
v -0.010840 0.001689 0.026428
v -0.018846 0.010696 0.025928
v -0.010840 0.010696 0.023426
f 1942 1934 1947 
f 1932 1933 1937 
f 1935 1938 1939 
f 1931 1935 1939 
f 1933 1932 1940 
f 1940 1936 1941 
f 1936 1937 1941 
f 1937 1933 1941 
f 1933 1940 1941 
f 1932 1937 1942 
f 1937 1934 1942 
f 1936 1931 1943 
f 1931 1937 1943 
f 1937 1936 1943 
f 1935 1931 1944 
f 1931 1936 1944 
f 1936 1940 1944 
f 1937 1931 1945 
f 1934 1937 1945 
f 1938 1934 1945 
f 1939 1938 1945 
f 1931 1939 1945 
f 1932 1935 1946 
f 1940 1932 1946 
f 1935 1944 1946 
f 1944 1940 1946 
f 1935 1932 1947 
f 1934 1938 1947 
f 1938 1935 1947 
f 1932 1942 1947 
o convex_131
v 0.011682 0.048227 -0.006600
v 0.025688 0.046226 -0.020610
v 0.025688 0.046726 -0.020610
v 0.015185 0.049728 -0.006099
v 0.025688 0.050228 -0.019608
v 0.026691 0.046226 -0.019608
v 0.011682 0.046226 -0.005598
v 0.012180 0.046726 -0.008603
v 0.018685 0.049728 -0.014104
v 0.026691 0.050228 -0.018607
v 0.013683 0.050228 -0.005598
v 0.020683 0.048227 -0.017106
v 0.015685 0.050228 -0.010102
v 0.023187 0.046226 -0.019109
f 1955 1959 1961 
f 1949 1950 1953 
f 1949 1953 1954 
f 1953 1951 1954 
f 1954 1948 1955 
f 1950 1952 1957 
f 1953 1950 1957 
f 1951 1953 1957 
f 1948 1954 1958 
f 1954 1951 1958 
f 1951 1957 1958 
f 1957 1952 1958 
f 1952 1950 1959 
f 1956 1952 1959 
f 1955 1956 1959 
f 1955 1948 1960 
f 1952 1956 1960 
f 1956 1955 1960 
f 1948 1958 1960 
f 1958 1952 1960 
f 1950 1949 1961 
f 1949 1954 1961 
f 1954 1955 1961 
f 1959 1950 1961 
o convex_132
v 0.017184 -0.000813 -0.001595
v 0.024189 0.001188 0.009414
v 0.024189 -0.001813 0.009414
v 0.019686 -0.002314 -0.001094
v 0.022687 -0.002814 0.009414
v 0.017685 0.001188 0.001408
v 0.018186 0.001188 -0.001595
v 0.024189 0.000187 0.007412
v 0.023188 -0.002814 0.005411
v 0.018186 -0.002814 -0.001595
v 0.019686 0.001188 0.004908
v 0.017184 -0.000313 -0.000093
f 1971 1966 1973 
f 1964 1963 1966 
f 1967 1963 1968 
f 1963 1964 1969 
f 1968 1963 1969 
f 1965 1968 1969 
f 1964 1966 1970 
f 1969 1964 1970 
f 1965 1969 1970 
f 1968 1965 1971 
f 1962 1968 1971 
f 1965 1970 1971 
f 1970 1966 1971 
f 1966 1963 1972 
f 1963 1967 1972 
f 1967 1966 1972 
f 1966 1967 1973 
f 1968 1962 1973 
f 1967 1968 1973 
f 1962 1971 1973 
o convex_133
v 0.029194 0.015199 -0.015607
v 0.022688 0.009197 -0.018609
v 0.028693 0.005192 -0.018609
v 0.029194 0.016701 -0.017108
v 0.022688 0.015199 -0.016107
v 0.027691 0.009197 -0.016608
v 0.022688 0.014198 -0.018108
v 0.022688 0.010696 -0.017108
v 0.029194 0.007194 -0.018609
v 0.022688 0.016701 -0.016107
v 0.029194 0.005192 -0.018108
f 1976 1982 1984 
f 1974 1978 1979 
f 1975 1978 1980 
f 1978 1975 1981 
f 1979 1978 1981 
f 1976 1975 1982 
f 1977 1974 1982 
f 1975 1980 1982 
f 1980 1977 1982 
f 1974 1977 1983 
f 1978 1974 1983 
f 1977 1980 1983 
f 1980 1978 1983 
f 1975 1976 1984 
f 1974 1979 1984 
f 1981 1975 1984 
f 1979 1981 1984 
f 1982 1974 1984 
o convex_134
v -0.017344 0.008694 -0.017111
v -0.017844 -0.002314 -0.027116
v -0.015343 -0.002314 -0.027116
v -0.013842 0.009695 -0.011603
v -0.014342 0.005190 -0.022109
v -0.017844 0.010196 -0.011603
v -0.017844 0.005690 -0.022109
v -0.013842 -0.000312 -0.027116
v -0.013842 0.010696 -0.012104
v -0.017844 -0.001814 -0.025612
v -0.013842 -0.001814 -0.026615
v -0.013842 0.006192 -0.020609
v -0.017844 0.010696 -0.012605
f 1990 1993 1997 
f 1986 1990 1991 
f 1987 1986 1992 
f 1986 1991 1992 
f 1991 1989 1992 
f 1990 1988 1993 
f 1988 1992 1993 
f 1986 1987 1994 
f 1990 1986 1994 
f 1988 1990 1994 
f 1987 1992 1995 
f 1992 1988 1995 
f 1994 1987 1995 
f 1988 1994 1995 
f 1991 1985 1996 
f 1989 1991 1996 
f 1992 1989 1996 
f 1985 1993 1996 
f 1993 1992 1996 
f 1985 1991 1997 
f 1991 1990 1997 
f 1993 1985 1997 
o convex_135
v -0.013841 0.001190 -0.025613
v -0.005835 0.004691 -0.012604
v -0.005835 0.004191 -0.012604
v -0.005835 -0.001814 -0.027113
v -0.006336 -0.001814 -0.021109
v -0.011838 0.004691 -0.021609
v -0.013841 -0.001313 -0.026613
v -0.013841 0.004191 -0.020609
v -0.008338 0.003190 -0.014608
v -0.005835 -0.000813 -0.027113
v -0.005835 0.004691 -0.014107
v -0.013841 0.004691 -0.022110
v -0.008838 0.004691 -0.014107
v -0.013841 -0.000312 -0.027113
f 1998 2007 2011 
f 1999 2000 2001 
f 2001 2000 2002 
f 2001 2002 2004 
f 1998 2004 2005 
f 2005 2004 2006 
f 2002 2000 2006 
f 2004 2002 2006 
f 1999 2001 2007 
f 2003 1999 2008 
f 1999 2007 2008 
f 2007 2003 2008 
f 1999 2003 2009 
f 1998 2005 2009 
f 2007 1998 2009 
f 2003 2007 2009 
f 2000 1999 2010 
f 2005 2006 2010 
f 2006 2000 2010 
f 1999 2009 2010 
f 2009 2005 2010 
f 2004 1998 2011 
f 2001 2004 2011 
f 2007 2001 2011 
o convex_136
v -0.008338 0.009695 -0.008601
v -0.013841 0.004691 -0.021611
v -0.013841 0.005193 -0.021611
v -0.013841 0.012696 -0.004097
v -0.006836 0.006695 -0.004097
v -0.005835 0.004691 -0.013103
v -0.011338 0.013197 -0.004598
v -0.008838 0.008195 -0.013103
v -0.013340 0.011696 -0.010104
v -0.013841 0.004691 -0.020108
v -0.005835 0.007695 -0.004097
v -0.011838 0.005693 -0.020108
v -0.007337 0.004691 -0.011606
v -0.007837 0.007195 -0.004097
v -0.005835 0.006695 -0.010104
v -0.013841 0.013699 -0.005098
f 2020 2014 2027 
f 2014 2013 2015 
f 2018 2012 2019 
f 2018 2019 2020 
f 2015 2013 2021 
f 2013 2017 2021 
f 2015 2016 2022 
f 2016 2017 2022 
f 2012 2018 2022 
f 2018 2015 2022 
f 2013 2014 2023 
f 2017 2013 2023 
f 2019 2017 2023 
f 2020 2019 2023 
f 2014 2020 2023 
f 2017 2016 2024 
f 2016 2021 2024 
f 2021 2017 2024 
f 2016 2015 2025 
f 2015 2021 2025 
f 2021 2016 2025 
f 2019 2012 2026 
f 2017 2019 2026 
f 2022 2017 2026 
f 2012 2022 2026 
f 2014 2015 2027 
f 2015 2018 2027 
f 2018 2020 2027 
o convex_137
v -0.005835 0.006194 0.000907
v -0.013841 0.013197 -0.004097
v -0.013841 0.013197 -0.002596
v -0.009339 0.005194 0.000406
v -0.005835 0.007194 -0.004097
v -0.012339 0.014198 0.000907
v -0.009838 0.012197 -0.004097
v -0.008338 0.007194 -0.004097
v -0.005835 0.007695 -0.000594
v -0.013841 0.013697 0.000907
v -0.009838 0.005693 0.000907
v -0.013340 0.014699 -0.001595
f 2037 2033 2039 
f 2028 2031 2032 
f 2032 2029 2034 
f 2031 2029 2035 
f 2032 2031 2035 
f 2029 2032 2035 
f 2028 2032 2036 
f 2033 2028 2036 
f 2034 2033 2036 
f 2032 2034 2036 
f 2029 2030 2037 
f 2028 2033 2037 
f 2030 2029 2038 
f 2029 2031 2038 
f 2031 2028 2038 
f 2037 2030 2038 
f 2028 2037 2038 
f 2033 2034 2039 
f 2034 2029 2039 
f 2029 2037 2039 
o convex_138
v -0.005835 0.004192 0.004910
v -0.013841 0.007693 0.004910
v -0.013841 0.007693 0.005411
v -0.012839 -0.003315 0.004910
v -0.012839 0.014199 0.000907
v -0.005835 0.006191 0.000907
v -0.010338 0.005194 0.000907
v -0.005835 0.005691 0.005411
v -0.013340 0.013198 0.003909
v -0.013841 0.013198 0.000907
v -0.011838 -0.003315 0.005411
v -0.010838 0.012697 0.001408
v -0.005835 0.007192 0.000907
v -0.013841 0.011196 0.004910
f 2048 2049 2053 
f 2042 2041 2043 
f 2044 2045 2046 
f 2045 2043 2046 
f 2040 2045 2047 
f 2041 2042 2049 
f 2043 2041 2049 
f 2044 2046 2049 
f 2046 2043 2049 
f 2048 2044 2049 
f 2042 2043 2050 
f 2045 2040 2050 
f 2043 2045 2050 
f 2047 2042 2050 
f 2040 2047 2050 
f 2044 2048 2051 
f 2048 2047 2051 
f 2045 2044 2052 
f 2047 2045 2052 
f 2044 2051 2052 
f 2051 2047 2052 
f 2042 2047 2053 
f 2047 2048 2053 
f 2049 2042 2053 
o convex_139
v 0.028193 -0.039345 -0.029615
v 0.029194 -0.047850 -0.019111
v 0.029694 -0.047850 -0.019111
v 0.030194 -0.039345 -0.013104
v 0.030695 -0.040846 -0.029116
v 0.028193 -0.046850 -0.013104
v 0.030695 -0.047350 -0.013104
v 0.031195 -0.039345 -0.014608
v 0.030695 -0.046349 -0.023111
v 0.028193 -0.045849 -0.023111
v 0.030695 -0.039345 -0.029116
v 0.031195 -0.043348 -0.018611
v 0.028693 -0.041847 -0.028614
v 0.028193 -0.047850 -0.014107
f 2059 2063 2067 
f 2057 2054 2059 
f 2057 2059 2060 
f 2054 2057 2061 
f 2057 2060 2061 
f 2056 2055 2062 
f 2060 2056 2062 
f 2059 2054 2063 
f 2062 2055 2063 
f 2058 2054 2064 
f 2054 2061 2064 
f 2064 2061 2065 
f 2061 2060 2065 
f 2062 2058 2065 
f 2060 2062 2065 
f 2058 2064 2065 
f 2054 2058 2066 
f 2058 2062 2066 
f 2063 2054 2066 
f 2062 2063 2066 
f 2055 2056 2067 
f 2060 2059 2067 
f 2056 2060 2067 
f 2063 2055 2067 
o convex_140
v 0.014181 -0.034842 -0.013104
v 0.022188 -0.042346 -0.004097
v 0.019185 -0.039343 -0.004097
v 0.022188 -0.038344 -0.013104
v 0.020685 -0.042847 -0.006099
v 0.014181 -0.035342 -0.004097
v 0.019185 -0.035843 -0.012603
v 0.021687 -0.040344 -0.012102
v 0.014181 -0.035843 -0.012603
v 0.014181 -0.036343 -0.004097
v 0.020685 -0.042847 -0.004097
v 0.022188 -0.042847 -0.007101
v 0.014683 -0.035342 -0.004097
v 0.016184 -0.034842 -0.013104
v 0.021687 -0.037844 -0.012603
f 2074 2080 2082 
f 2069 2070 2073 
f 2068 2071 2075 
f 2075 2072 2076 
f 2073 2068 2076 
f 2068 2075 2076 
f 2069 2073 2077 
f 2076 2072 2077 
f 2073 2076 2077 
f 2069 2077 2078 
f 2077 2072 2078 
f 2071 2069 2079 
f 2075 2071 2079 
f 2072 2075 2079 
f 2069 2078 2079 
f 2078 2072 2079 
f 2073 2070 2080 
f 2068 2073 2080 
f 2080 2074 2081 
f 2071 2068 2081 
f 2074 2071 2081 
f 2068 2080 2081 
f 2070 2069 2082 
f 2069 2071 2082 
f 2071 2074 2082 
f 2080 2070 2082 
o convex_141
v -0.010338 -0.010821 0.021925
v -0.005835 0.001689 0.028930
v -0.005835 0.001689 0.028429
v -0.010839 0.001689 0.028429
v -0.005835 -0.007317 0.026927
v -0.005835 -0.011321 0.020423
v -0.009838 0.001689 0.025926
v -0.010839 -0.003817 0.028429
v -0.010839 -0.009818 0.020423
v -0.008337 -0.010320 0.023927
v -0.010839 -0.008317 0.025426
v -0.005835 -0.011822 0.021425
v -0.010839 0.001689 0.026427
v -0.008337 0.001689 0.026427
f 2088 2089 2096 
f 2084 2085 2086 
f 2085 2084 2087 
f 2085 2087 2088 
f 2086 2085 2089 
f 2084 2086 2090 
f 2087 2084 2090 
f 2088 2083 2091 
f 2089 2088 2091 
f 2090 2086 2091 
f 2087 2090 2093 
f 2091 2083 2093 
f 2090 2091 2093 
f 2083 2092 2093 
f 2092 2087 2093 
f 2083 2088 2094 
f 2088 2087 2094 
f 2092 2083 2094 
f 2087 2092 2094 
f 2086 2089 2095 
f 2091 2086 2095 
f 2089 2091 2095 
f 2085 2088 2096 
f 2089 2085 2096 
o convex_142
v -0.010839 0.003191 0.010415
v -0.009337 0.014700 0.016420
v -0.009337 0.014700 0.015419
v -0.005835 0.001689 0.011916
v -0.010338 0.012197 0.009914
v -0.005835 0.012197 0.012417
v -0.010839 0.001689 0.012417
v -0.005835 0.012698 0.016420
v -0.010839 0.014199 0.016420
v -0.005835 0.001689 0.010915
v -0.010839 0.013198 0.010915
v -0.010839 0.004692 0.009914
f 2107 2101 2108 
f 2099 2098 2104 
f 2102 2099 2104 
f 2100 2102 2104 
f 2103 2100 2104 
f 2103 2104 2105 
f 2098 2099 2105 
f 2097 2103 2105 
f 2104 2098 2105 
f 2101 2102 2106 
f 2102 2100 2106 
f 2100 2103 2106 
f 2103 2097 2106 
f 2099 2102 2107 
f 2102 2101 2107 
f 2105 2099 2107 
f 2097 2105 2107 
f 2106 2097 2108 
f 2101 2106 2108 
f 2097 2107 2108 
o convex_143
v 0.026691 0.057233 -0.012105
v 0.028192 0.050229 -0.020609
v 0.029692 0.050229 -0.020609
v 0.021688 0.052731 -0.009102
v 0.029692 0.058234 -0.009102
v 0.021189 0.050730 -0.015106
v 0.028692 0.055732 -0.016106
v 0.021189 0.054232 -0.009102
v 0.029692 0.050229 -0.019608
v 0.021189 0.050229 -0.013105
v 0.025191 0.054732 -0.015106
v 0.029692 0.058735 -0.010604
v 0.026691 0.058234 -0.009102
v 0.026691 0.051230 -0.019608
v 0.023189 0.055232 -0.011604
v 0.029692 0.051730 -0.020108
f 2122 2115 2124 
f 2112 2113 2116 
f 2110 2111 2117 
f 2113 2112 2117 
f 2111 2113 2117 
f 2114 2110 2118 
f 2112 2116 2118 
f 2116 2114 2118 
f 2110 2117 2118 
f 2117 2112 2118 
f 2109 2115 2119 
f 2113 2111 2120 
f 2115 2109 2120 
f 2116 2113 2121 
f 2113 2120 2121 
f 2120 2109 2121 
f 2110 2114 2122 
f 2114 2119 2122 
f 2119 2115 2122 
f 2114 2116 2123 
f 2119 2114 2123 
f 2109 2119 2123 
f 2121 2109 2123 
f 2116 2121 2123 
f 2111 2110 2124 
f 2120 2111 2124 
f 2115 2120 2124 
f 2110 2122 2124 
o convex_144
v 0.019185 0.001188 -0.007099
v 0.021688 0.002690 -0.001595
v 0.019185 0.002690 -0.001595
v 0.024189 -0.008319 -0.007600
v 0.024189 -0.002316 -0.008100
v 0.024690 0.002189 -0.001595
v 0.019185 -0.000313 -0.008100
v 0.019185 0.001689 -0.001595
v 0.020687 0.000688 -0.008100
v 0.024690 -0.008319 -0.008100
v 0.024690 0.001188 -0.001595
v 0.024690 0.001689 -0.003096
f 2134 2129 2136 
f 2127 2126 2125 
f 2126 2127 2130 
f 2127 2125 2131 
f 2130 2127 2132 
f 2127 2131 2132 
f 2131 2128 2132 
f 2125 2126 2133 
f 2131 2125 2133 
f 2129 2131 2133 
f 2128 2131 2134 
f 2131 2129 2134 
f 2130 2132 2135 
f 2132 2128 2135 
f 2128 2134 2135 
f 2134 2130 2135 
f 2126 2130 2136 
f 2133 2126 2136 
f 2129 2133 2136 
f 2130 2134 2136 
o convex_145
v 0.004674 0.016200 0.002407
v 0.014181 0.012699 0.014918
v 0.014181 0.009195 0.014918
v 0.005174 0.015700 -0.003096
v 0.004674 0.009195 0.003409
v 0.014181 0.016701 0.012414
v 0.009678 0.012199 0.011915
v 0.007175 0.009697 0.001908
v 0.012679 0.016701 0.013416
v 0.005174 0.016701 0.004409
v 0.004674 0.016701 -0.003096
v 0.014181 0.009195 0.013915
v 0.010179 0.009195 0.011915
v 0.004674 0.011698 -0.001093
v 0.013180 0.012199 0.014918
v 0.006675 0.009195 0.001908
f 2141 2150 2152 
f 2138 2139 2142 
f 2138 2142 2145 
f 2143 2145 2146 
f 2137 2141 2146 
f 2141 2143 2146 
f 2145 2142 2146 
f 2146 2142 2147 
f 2141 2137 2147 
f 2142 2140 2147 
f 2137 2146 2147 
f 2139 2141 2148 
f 2142 2139 2148 
f 2140 2142 2148 
f 2144 2140 2148 
f 2141 2139 2149 
f 2143 2141 2149 
f 2140 2144 2150 
f 2141 2147 2150 
f 2147 2140 2150 
f 2139 2138 2151 
f 2138 2145 2151 
f 2145 2143 2151 
f 2149 2139 2151 
f 2143 2149 2151 
f 2148 2141 2152 
f 2144 2148 2152 
f 2150 2144 2152 
o convex_146
v -0.020846 0.009194 -0.011604
v -0.018846 -0.000313 -0.025614
v -0.017845 -0.000313 -0.025614
v -0.020846 -0.000313 -0.011604
v -0.017845 0.010696 -0.011604
v -0.020846 0.005192 -0.021109
v -0.021848 0.002691 -0.018110
v -0.017845 0.006693 -0.021109
v -0.021848 -0.000313 -0.012105
v -0.021848 0.008194 -0.013106
v -0.020846 -0.000313 -0.023110
v -0.019347 -0.000313 -0.016108
v -0.019846 0.006693 -0.021109
v -0.017845 0.009695 -0.011604
v -0.018846 0.010195 -0.013607
f 2165 2162 2167 
f 2154 2155 2156 
f 2153 2156 2157 
f 2155 2154 2160 
f 2157 2155 2160 
f 2154 2156 2161 
f 2156 2153 2161 
f 2159 2161 2162 
f 2158 2159 2162 
f 2161 2153 2162 
f 2158 2154 2163 
f 2159 2158 2163 
f 2154 2161 2163 
f 2161 2159 2163 
f 2156 2155 2164 
f 2154 2158 2165 
f 2160 2154 2165 
f 2158 2162 2165 
f 2157 2156 2166 
f 2155 2157 2166 
f 2164 2155 2166 
f 2156 2164 2166 
f 2153 2157 2167 
f 2157 2160 2167 
f 2162 2153 2167 
f 2160 2165 2167 
o convex_147
v -0.017343 0.003691 0.008413
v -0.010839 0.010696 0.010915
v -0.010839 0.010195 0.011416
v -0.018846 0.010696 0.010915
v -0.010839 0.003190 0.011416
v -0.012841 0.007693 0.008413
v -0.018846 0.003190 0.010915
v -0.018846 0.007693 0.011416
v -0.010839 0.003190 0.010415
v -0.015341 0.009195 0.008914
v -0.018846 0.010696 0.010415
f 2177 2168 2178 
f 2170 2169 2171 
f 2169 2170 2172 
f 2174 2172 2175 
f 2170 2171 2175 
f 2172 2170 2175 
f 2171 2174 2175 
f 2169 2172 2176 
f 2173 2169 2176 
f 2168 2173 2176 
f 2174 2168 2176 
f 2172 2174 2176 
f 2169 2173 2177 
f 2173 2168 2177 
f 2171 2169 2178 
f 2168 2174 2178 
f 2174 2171 2178 
f 2169 2177 2178 
o convex_148
v -0.019847 0.007194 0.005411
v -0.022848 -0.003314 -0.011603
v -0.021347 -0.003314 -0.011603
v -0.021347 -0.003314 0.005411
v -0.023349 0.006692 -0.001596
v -0.019847 0.007194 -0.011603
v -0.019346 -0.002814 0.003909
v -0.018846 0.006692 -0.004094
v -0.023348 0.000688 0.000406
v -0.021848 0.006692 0.004909
v -0.019847 0.000188 -0.009100
v -0.021347 0.005191 -0.011603
v -0.019346 0.002188 0.005411
v -0.023348 -0.001813 -0.006097
v -0.022848 0.007194 0.001407
v -0.020347 -0.003314 -0.008099
v -0.022348 -0.003314 0.001407
v -0.021847 -0.002313 0.005411
v -0.019847 0.003190 -0.011603
f 2189 2194 2197 
f 2180 2181 2182 
f 2181 2180 2184 
f 2184 2179 2186 
f 2186 2185 2189 
f 2180 2183 2190 
f 2184 2180 2190 
f 2183 2184 2190 
f 2179 2182 2191 
f 2182 2185 2191 
f 2186 2179 2191 
f 2185 2186 2191 
f 2183 2180 2192 
f 2187 2183 2192 
f 2184 2183 2193 
f 2179 2184 2193 
f 2183 2187 2193 
f 2187 2188 2193 
f 2188 2179 2193 
f 2182 2181 2194 
f 2185 2182 2194 
f 2189 2185 2194 
f 2180 2182 2195 
f 2192 2180 2195 
f 2187 2192 2195 
f 2182 2179 2196 
f 2188 2187 2196 
f 2179 2188 2196 
f 2195 2182 2196 
f 2187 2195 2196 
f 2181 2184 2197 
f 2184 2186 2197 
f 2186 2189 2197 
f 2194 2181 2197 
o convex_149
v 0.011679 0.000688 0.024926
v 0.004674 -0.008319 0.018922
v 0.004674 -0.007317 0.018922
v 0.004674 0.000688 0.028930
v 0.007677 0.000688 0.018922
v 0.005174 -0.007317 0.023926
v 0.009677 -0.003316 0.019924
v 0.008676 -0.001314 0.027428
v 0.010678 -0.002315 0.023926
v 0.005174 -0.003815 0.018922
v 0.006676 -0.007317 0.018922
v 0.011178 0.000688 0.020924
v 0.004674 -0.002315 0.027928
v 0.006175 -0.007817 0.021424
v 0.009177 -0.001815 0.018922
v 0.011679 -0.000813 0.022426
f 2204 2209 2213 
f 2200 2199 2201 
f 2201 2198 2202 
f 2199 2200 2202 
f 2198 2201 2205 
f 2205 2203 2206 
f 2198 2205 2206 
f 2200 2201 2207 
f 2201 2202 2207 
f 2202 2200 2207 
f 2199 2202 2208 
f 2202 2198 2209 
f 2201 2199 2210 
f 2199 2203 2210 
f 2205 2201 2210 
f 2203 2205 2210 
f 2203 2199 2211 
f 2206 2203 2211 
f 2199 2208 2211 
f 2208 2206 2211 
f 2208 2202 2212 
f 2204 2208 2212 
f 2202 2209 2212 
f 2209 2204 2212 
f 2198 2206 2213 
f 2208 2204 2213 
f 2206 2208 2213 
f 2209 2198 2213 
o convex_150
v 0.028193 -0.013824 -0.020111
v 0.021187 -0.022831 -0.025113
v 0.024690 -0.022831 -0.025113
v 0.027691 -0.022330 -0.022112
v 0.021187 -0.013824 -0.021611
v 0.022189 -0.014325 -0.023112
v 0.027691 -0.015827 -0.019110
v 0.021187 -0.021328 -0.023112
v 0.028193 -0.020328 -0.023112
v 0.028193 -0.022831 -0.022612
f 2222 2214 2223 
f 2215 2218 2219 
f 2216 2215 2219 
f 2218 2214 2219 
f 2214 2218 2220 
f 2220 2218 2221 
f 2215 2217 2221 
f 2218 2215 2221 
f 2217 2220 2221 
f 2219 2214 2222 
f 2216 2219 2222 
f 2215 2216 2223 
f 2217 2215 2223 
f 2220 2217 2223 
f 2214 2220 2223 
f 2216 2222 2223 
o convex_151
v 0.031195 0.008694 0.009414
v 0.028193 0.000188 -0.005598
v 0.028193 0.002690 -0.005598
v 0.027692 0.004191 0.009414
v 0.031195 0.000188 -0.000592
v 0.030194 0.009195 -0.005598
v 0.028693 0.009195 -0.002095
v 0.031195 0.005191 0.009414
v 0.029194 0.000188 0.001908
v 0.030694 0.007193 -0.005598
v 0.030194 0.009195 0.009414
v 0.030694 0.000188 -0.004096
v 0.027692 0.000188 -0.001094
v 0.027692 0.005191 0.009414
v 0.030694 0.000188 0.001908
v 0.027692 0.003190 0.001908
f 2236 2237 2239 
f 2225 2226 2229 
f 2229 2226 2230 
f 2224 2227 2231 
f 2228 2224 2231 
f 2225 2228 2232 
f 2224 2228 2233 
f 2225 2229 2233 
f 2229 2224 2233 
f 2227 2224 2234 
f 2224 2229 2234 
f 2229 2230 2234 
f 2228 2225 2235 
f 2233 2228 2235 
f 2225 2233 2235 
f 2226 2225 2236 
f 2225 2232 2236 
f 2232 2227 2236 
f 2227 2234 2237 
f 2234 2230 2237 
f 2236 2227 2237 
f 2231 2227 2238 
f 2228 2231 2238 
f 2232 2228 2238 
f 2227 2232 2238 
f 2230 2226 2239 
f 2226 2236 2239 
f 2237 2230 2239 
o convex_152
v 0.026692 -0.036344 0.005409
v 0.028693 -0.047851 -0.013104
v 0.029194 -0.047851 -0.013104
v 0.029194 -0.032839 0.003409
v 0.026191 -0.044848 -0.013104
v 0.029194 -0.043845 -0.002597
v 0.026191 -0.044848 -0.007099
v 0.026191 -0.032839 0.005911
v 0.029194 -0.033340 0.004910
v 0.026191 -0.038345 0.003409
v 0.029194 -0.046849 -0.013104
v 0.028693 -0.046849 -0.008100
v 0.027692 -0.043845 -0.003096
v 0.029194 -0.037844 -0.003096
f 2250 2244 2253 
f 2242 2241 2244 
f 2242 2243 2245 
f 2244 2241 2246 
f 2243 2244 2247 
f 2244 2246 2247 
f 2245 2243 2248 
f 2240 2245 2248 
f 2247 2240 2248 
f 2243 2247 2248 
f 2245 2240 2249 
f 2240 2247 2249 
f 2247 2246 2249 
f 2243 2242 2250 
f 2242 2244 2250 
f 2241 2242 2251 
f 2242 2245 2251 
f 2246 2241 2251 
f 2246 2251 2252 
f 2245 2249 2252 
f 2249 2246 2252 
f 2251 2245 2252 
f 2244 2243 2253 
f 2243 2250 2253 
o convex_153
v 0.030194 -0.034342 0.003409
v 0.029194 -0.047851 -0.013104
v 0.030194 -0.047851 -0.013104
v 0.030194 -0.032839 -0.013104
v 0.031195 -0.043845 -0.005096
v 0.029194 -0.033340 0.004410
v 0.029194 -0.036344 -0.013104
v 0.029194 -0.043845 -0.002598
v 0.031195 -0.040345 -0.013104
v 0.030695 -0.032839 0.002908
v 0.030695 -0.032839 -0.013104
v 0.030695 -0.041844 -0.001097
v 0.031195 -0.046348 -0.013104
v 0.030194 -0.047350 -0.009598
v 0.029194 -0.032839 0.002908
f 2259 2263 2268 
f 2256 2255 2257 
f 2257 2255 2260 
f 2255 2259 2260 
f 2259 2255 2261 
f 2256 2257 2262 
f 2258 2262 2263 
f 2259 2254 2263 
f 2262 2257 2264 
f 2263 2262 2264 
f 2257 2263 2264 
f 2254 2259 2265 
f 2259 2261 2265 
f 2258 2263 2265 
f 2263 2254 2265 
f 2256 2262 2266 
f 2262 2258 2266 
f 2255 2256 2267 
f 2261 2255 2267 
f 2258 2265 2267 
f 2265 2261 2267 
f 2256 2266 2267 
f 2266 2258 2267 
f 2257 2260 2268 
f 2260 2259 2268 
f 2263 2257 2268 
o convex_154
v 0.029194 -0.015826 -0.002596
v 0.030194 -0.019328 -0.013104
v 0.028693 -0.015326 -0.013104
v 0.028193 -0.019328 -0.002095
v 0.031195 -0.015826 -0.005099
v 0.030695 -0.019328 -0.002596
v 0.028193 -0.013825 -0.003598
v 0.029194 -0.013825 -0.013104
v 0.031195 -0.017826 -0.013104
v 0.030695 -0.014825 -0.004098
f 2276 2275 2278 
f 2271 2270 2272 
f 2272 2270 2274 
f 2269 2272 2274 
f 2271 2272 2275 
f 2272 2269 2275 
f 2270 2271 2276 
f 2271 2275 2276 
f 2270 2276 2277 
f 2274 2270 2277 
f 2273 2274 2277 
f 2276 2273 2277 
f 2274 2273 2278 
f 2269 2274 2278 
f 2275 2269 2278 
f 2273 2276 2278 
o convex_155
v 0.017685 0.008695 -0.020111
v 0.019685 0.003691 -0.026114
v 0.019685 0.004191 -0.026114
v 0.022688 0.006692 -0.020111
v 0.014181 0.003691 -0.021111
v 0.022688 0.003691 -0.024613
v 0.021186 0.006193 -0.024613
v 0.017185 0.006193 -0.024113
v 0.014181 0.006692 -0.020111
v 0.022688 0.007694 -0.020611
v 0.014181 0.004191 -0.022112
v 0.018186 0.008695 -0.021111
f 2288 2285 2290 
f 2283 2280 2284 
f 2280 2281 2284 
f 2282 2283 2284 
f 2284 2281 2285 
f 2285 2281 2286 
f 2282 2279 2287 
f 2283 2282 2287 
f 2279 2282 2288 
f 2282 2284 2288 
f 2284 2285 2288 
f 2281 2280 2289 
f 2280 2283 2289 
f 2286 2281 2289 
f 2283 2287 2289 
f 2287 2286 2289 
f 2285 2286 2290 
f 2286 2287 2290 
f 2287 2279 2290 
f 2279 2288 2290 
o convex_156
v 0.021186 0.014199 -0.015607
v 0.014181 0.006193 -0.020110
v 0.014181 0.006193 -0.019108
v 0.014181 0.016701 -0.015107
v 0.022688 0.016701 -0.017108
v 0.022688 0.007194 -0.020110
v 0.014683 0.011197 -0.014606
v 0.017685 0.009197 -0.020110
v 0.022688 0.008195 -0.018608
v 0.017185 0.016701 -0.014106
v 0.018684 0.016701 -0.017108
v 0.014181 0.007194 -0.020110
v 0.022688 0.016701 -0.016108
v 0.014181 0.015198 -0.014106
v 0.016684 0.007194 -0.018108
f 2299 2297 2305 
f 2292 2293 2294 
f 2293 2292 2296 
f 2296 2292 2298 
f 2295 2296 2298 
f 2296 2295 2299 
f 2291 2297 2299 
f 2295 2294 2300 
f 2297 2291 2300 
f 2294 2295 2301 
f 2295 2298 2301 
f 2301 2298 2302 
f 2292 2294 2302 
f 2298 2292 2302 
f 2294 2301 2302 
f 2291 2299 2303 
f 2299 2295 2303 
f 2300 2291 2303 
f 2295 2300 2303 
f 2294 2293 2304 
f 2293 2297 2304 
f 2300 2294 2304 
f 2297 2300 2304 
f 2293 2296 2305 
f 2297 2293 2305 
f 2296 2299 2305 
o convex_157
v 0.023690 0.000190 -0.028116
v 0.024690 0.009695 -0.018610
v 0.024690 0.009695 -0.019110
v 0.031193 0.000190 -0.018610
v 0.029693 0.000689 -0.024613
v 0.022690 0.007193 -0.019110
v 0.030194 0.005191 -0.019110
v 0.022690 0.000190 -0.027114
v 0.022690 0.003191 -0.026614
v 0.027191 0.001691 -0.026114
v 0.030194 0.000190 -0.018610
v 0.022690 0.009695 -0.018610
v 0.030694 0.000190 -0.022112
f 2310 2312 2318 
f 2308 2307 2312 
f 2307 2309 2312 
f 2306 2309 2313 
f 2313 2311 2314 
f 2306 2313 2314 
f 2314 2308 2315 
f 2310 2306 2315 
f 2308 2312 2315 
f 2312 2310 2315 
f 2306 2314 2315 
f 2309 2307 2316 
f 2313 2309 2316 
f 2311 2313 2316 
f 2307 2308 2317 
f 2314 2311 2317 
f 2308 2314 2317 
f 2316 2307 2317 
f 2311 2316 2317 
f 2309 2306 2318 
f 2306 2310 2318 
f 2312 2309 2318 
o convex_158
v 0.029694 -0.002819 -0.026115
v 0.030694 -0.006319 -0.012103
v 0.031195 0.000188 -0.018610
v 0.031195 -0.011821 -0.019610
v 0.028693 -0.013824 -0.012103
v 0.029194 0.000188 -0.023110
v 0.029194 -0.012822 -0.022111
v 0.031195 -0.011820 -0.012103
v 0.030695 -0.001314 -0.024613
v 0.030695 -0.012822 -0.021612
v 0.030194 -0.006319 -0.012103
v 0.028693 -0.013824 -0.018610
v 0.029194 -0.001815 -0.026115
v 0.030194 0.000188 -0.019109
v 0.031195 -0.004316 -0.022111
f 2328 2327 2333 
f 2321 2320 2326 
f 2320 2323 2326 
f 2324 2321 2327 
f 2325 2319 2328 
f 2322 2326 2328 
f 2326 2323 2328 
f 2319 2327 2328 
f 2320 2321 2329 
f 2323 2320 2329 
f 2324 2323 2329 
f 2323 2324 2330 
f 2325 2328 2330 
f 2328 2323 2330 
f 2319 2325 2331 
f 2327 2319 2331 
f 2324 2327 2331 
f 2330 2324 2331 
f 2325 2330 2331 
f 2321 2324 2332 
f 2329 2321 2332 
f 2324 2329 2332 
f 2321 2326 2333 
f 2326 2322 2333 
f 2327 2321 2333 
f 2322 2328 2333 
o convex_159
v 0.018185 -0.013322 -0.001595
v 0.023189 -0.002815 0.009414
v 0.023189 -0.002815 0.005911
v 0.018685 -0.002815 -0.000594
v 0.019186 -0.013824 0.009414
v 0.019686 -0.013824 -0.000594
v 0.019686 -0.003816 -0.001595
v 0.020186 -0.013824 0.009414
v 0.022188 -0.003316 0.009414
v 0.017684 -0.009318 -0.001595
v 0.021687 -0.009820 0.003910
v 0.019186 -0.012822 0.009414
v 0.022688 -0.005818 0.009414
v 0.021687 -0.009318 0.002911
f 2344 2339 2347 
f 2335 2336 2337 
f 2338 2334 2339 
f 2339 2334 2340 
f 2337 2336 2340 
f 2335 2338 2341 
f 2338 2339 2341 
f 2335 2337 2342 
f 2338 2335 2342 
f 2334 2338 2343 
f 2340 2334 2343 
f 2337 2340 2343 
f 2341 2339 2344 
f 2342 2337 2345 
f 2338 2342 2345 
f 2343 2338 2345 
f 2337 2343 2345 
f 2336 2335 2346 
f 2335 2341 2346 
f 2344 2336 2346 
f 2341 2344 2346 
f 2339 2340 2347 
f 2340 2336 2347 
f 2336 2344 2347 
o convex_160
v 0.024690 -0.011822 -0.007600
v 0.031195 -0.009820 -0.006600
v 0.030695 -0.009820 -0.004598
v 0.029193 -0.013824 -0.006099
v 0.029193 -0.013824 -0.012102
v 0.024690 -0.013824 -0.004098
v 0.024690 -0.009820 -0.008100
v 0.031195 -0.009820 -0.012102
v 0.031195 -0.011322 -0.007600
v 0.024690 -0.012322 -0.004098
v 0.026192 -0.013824 -0.003597
v 0.028192 -0.009820 -0.004598
v 0.028692 -0.013824 -0.012102
f 2354 2355 2360 
f 2352 2351 2353 
f 2350 2349 2354 
f 2348 2353 2354 
f 2354 2349 2355 
f 2349 2350 2356 
f 2350 2351 2356 
f 2351 2352 2356 
f 2355 2349 2356 
f 2352 2355 2356 
f 2354 2353 2357 
f 2351 2350 2358 
f 2353 2351 2358 
f 2357 2353 2358 
f 2357 2358 2359 
f 2350 2354 2359 
f 2354 2357 2359 
f 2358 2350 2359 
f 2353 2348 2360 
f 2352 2353 2360 
f 2348 2354 2360 
f 2355 2352 2360 
o convex_161
v 0.029194 0.016701 0.009414
v 0.029694 0.009195 -0.012103
v 0.030194 0.009195 -0.012103
v 0.030194 0.016701 -0.012103
v 0.030695 0.009195 0.009414
v 0.028193 0.016200 0.003908
v 0.028694 0.010197 0.005909
v 0.030695 0.016701 0.006410
v 0.030695 0.009697 -0.012103
v 0.029194 0.009195 -0.010100
v 0.030695 0.016701 -0.012103
v 0.028694 0.012699 0.009414
v 0.028193 0.016701 0.002908
v 0.029194 0.009195 0.006410
f 2372 2367 2374 
f 2363 2362 2364 
f 2362 2363 2365 
f 2364 2361 2368 
f 2361 2365 2368 
f 2368 2365 2369 
f 2363 2364 2369 
f 2365 2363 2369 
f 2364 2362 2370 
f 2362 2365 2370 
f 2367 2366 2370 
f 2364 2368 2371 
f 2368 2369 2371 
f 2369 2364 2371 
f 2365 2361 2372 
f 2361 2366 2372 
f 2366 2367 2372 
f 2361 2364 2373 
f 2366 2361 2373 
f 2364 2370 2373 
f 2370 2366 2373 
f 2370 2365 2374 
f 2367 2370 2374 
f 2365 2372 2374 
o convex_162
v 0.008176 0.040721 -0.005098
v 0.024689 0.044223 -0.020610
v 0.023685 0.042722 -0.020106
v 0.026191 0.038719 -0.018108
v 0.011682 0.046225 -0.006100
v 0.026191 0.046225 -0.019607
v 0.012682 0.045223 -0.010604
v 0.016688 0.038719 -0.014101
v 0.010180 0.038719 -0.005098
v 0.008677 0.042722 -0.007101
v 0.017679 0.044723 -0.015606
v 0.022185 0.038719 -0.018604
v 0.025188 0.046225 -0.020610
v 0.026191 0.040721 -0.020610
v 0.010680 0.046225 -0.007101
v 0.009679 0.040721 -0.008101
v 0.015184 0.042722 -0.013603
v 0.025690 0.039721 -0.017607
v 0.010180 0.038719 -0.007101
f 2390 2382 2393 
f 2379 2375 2383 
f 2382 2378 2383 
f 2376 2377 2385 
f 2378 2382 2386 
f 2379 2380 2387 
f 2376 2385 2387 
f 2385 2381 2387 
f 2377 2376 2388 
f 2380 2378 2388 
f 2386 2377 2388 
f 2378 2386 2388 
f 2376 2387 2388 
f 2387 2380 2388 
f 2375 2379 2389 
f 2384 2375 2389 
f 2381 2384 2389 
f 2379 2387 2389 
f 2387 2381 2389 
f 2375 2384 2390 
f 2384 2381 2391 
f 2385 2377 2391 
f 2381 2385 2391 
f 2377 2386 2391 
f 2386 2382 2391 
f 2382 2390 2391 
f 2390 2384 2391 
f 2380 2379 2392 
f 2378 2380 2392 
f 2379 2383 2392 
f 2383 2378 2392 
f 2383 2375 2393 
f 2382 2383 2393 
f 2375 2390 2393 
o convex_163
v 0.022187 -0.025334 0.008914
v 0.025189 -0.023832 0.002909
v 0.025189 -0.023331 0.002909
v 0.014181 -0.027834 0.007412
v 0.028193 -0.028335 0.006911
v 0.017686 -0.023331 0.009414
v 0.028193 -0.024833 0.006411
v 0.017185 -0.028335 0.009414
v 0.014181 -0.024833 0.008914
v 0.028193 -0.023331 0.002909
v 0.022687 -0.028335 0.006411
v 0.021187 -0.027834 0.009414
v 0.028193 -0.024333 0.002909
v 0.014181 -0.028335 0.007412
v 0.019186 -0.023331 0.009414
v 0.028193 -0.027334 0.007412
f 2400 2408 2409 
f 2396 2395 2397 
f 2401 2399 2402 
f 2396 2397 2402 
f 2399 2396 2402 
f 2395 2396 2403 
f 2396 2399 2403 
f 2400 2398 2403 
f 2398 2401 2404 
f 2401 2398 2405 
f 2399 2401 2405 
f 2395 2403 2406 
f 2403 2398 2406 
f 2398 2404 2406 
f 2406 2404 2407 
f 2397 2395 2407 
f 2401 2402 2407 
f 2402 2397 2407 
f 2404 2401 2407 
f 2395 2406 2407 
f 2403 2399 2408 
f 2400 2403 2408 
f 2405 2394 2408 
f 2399 2405 2408 
f 2398 2400 2409 
f 2394 2405 2409 
f 2405 2398 2409 
f 2408 2394 2409 
o convex_164
v 0.030694 -0.033837 -0.035621
v 0.029194 -0.023334 -0.023112
v 0.029694 -0.022834 -0.027118
v 0.027692 -0.030340 -0.037124
v 0.027692 -0.041843 -0.026115
v 0.030694 -0.039344 -0.023112
v 0.030694 -0.024834 -0.035621
v 0.028193 -0.023334 -0.023112
v 0.030694 -0.023835 -0.024114
v 0.028193 -0.023334 -0.034121
v 0.030193 -0.038841 -0.032118
v 0.027692 -0.035340 -0.035621
v 0.029194 -0.038841 -0.023112
v 0.030193 -0.028339 -0.037624
v 0.027692 -0.032338 -0.026617
v 0.028193 -0.024834 -0.036622
v 0.030694 -0.039344 -0.029120
v 0.030193 -0.022834 -0.031617
v 0.029694 -0.035837 -0.035621
f 2413 2423 2428 
f 2415 2410 2416 
f 2411 2412 2417 
f 2415 2411 2417 
f 2412 2411 2418 
f 2411 2415 2418 
f 2415 2416 2418 
f 2417 2412 2419 
f 2413 2417 2419 
f 2414 2413 2421 
f 2420 2414 2421 
f 2414 2415 2422 
f 2417 2414 2422 
f 2415 2417 2422 
f 2416 2410 2423 
f 2413 2414 2424 
f 2417 2413 2424 
f 2414 2417 2424 
f 2419 2416 2425 
f 2413 2419 2425 
f 2416 2423 2425 
f 2423 2413 2425 
f 2415 2414 2426 
f 2410 2415 2426 
f 2420 2410 2426 
f 2414 2420 2426 
f 2412 2418 2427 
f 2418 2416 2427 
f 2419 2412 2427 
f 2416 2419 2427 
f 2410 2420 2428 
f 2421 2413 2428 
f 2420 2421 2428 
f 2423 2410 2428 
o convex_165
v 0.030194 0.050228 0.004407
v 0.030194 0.038720 -0.018108
v 0.030194 0.041222 -0.019109
v 0.026691 0.044723 0.003906
v 0.029692 0.038720 0.002404
v 0.030194 0.050228 -0.018606
v 0.026691 0.039721 0.004910
v 0.030695 0.038720 -0.002599
v 0.030695 0.050228 -0.018606
v 0.027693 0.048726 0.004407
v 0.030695 0.050228 0.002905
v 0.030695 0.038720 -0.018108
v 0.027692 0.038720 0.004910
v 0.028694 0.050228 0.004407
v 0.026691 0.040221 0.003906
f 2435 2432 2443 
f 2431 2432 2434 
f 2433 2430 2436 
f 2434 2429 2437 
f 2431 2434 2437 
f 2434 2432 2438 
f 2432 2435 2438 
f 2429 2433 2439 
f 2433 2436 2439 
f 2437 2429 2439 
f 2436 2437 2439 
f 2430 2431 2440 
f 2436 2430 2440 
f 2431 2437 2440 
f 2437 2436 2440 
f 2433 2429 2441 
f 2430 2433 2441 
f 2435 2430 2441 
f 2429 2435 2441 
f 2429 2434 2442 
f 2435 2429 2442 
f 2434 2438 2442 
f 2438 2435 2442 
f 2431 2430 2443 
f 2432 2431 2443 
f 2430 2435 2443 
o convex_166
v 0.011179 0.042723 0.004411
v 0.024189 0.050227 0.007912
v 0.024189 0.049727 0.008412
v 0.025691 0.041221 0.008412
v 0.016183 0.041221 0.008913
v 0.014183 0.049727 0.006413
v 0.015185 0.050227 0.004410
v 0.023188 0.044224 0.010414
v 0.017685 0.050227 0.008412
v 0.012682 0.041221 0.004411
v 0.025691 0.042723 0.010414
v 0.011680 0.047727 0.004911
v 0.024189 0.050227 0.007412
v 0.013682 0.047727 0.006913
v 0.013182 0.041221 0.006913
f 2448 2457 2458 
f 2446 2445 2452 
f 2450 2449 2452 
f 2445 2450 2452 
f 2451 2446 2452 
f 2448 2451 2452 
f 2447 2448 2453 
f 2444 2450 2453 
f 2450 2447 2453 
f 2445 2446 2454 
f 2448 2447 2454 
f 2446 2451 2454 
f 2451 2448 2454 
f 2450 2444 2455 
f 2449 2450 2455 
f 2450 2445 2456 
f 2447 2450 2456 
f 2445 2454 2456 
f 2454 2447 2456 
f 2448 2452 2457 
f 2452 2449 2457 
f 2449 2455 2457 
f 2457 2455 2458 
f 2444 2453 2458 
f 2453 2448 2458 
f 2455 2444 2458 
o convex_167
v 0.030695 0.047727 0.008412
v 0.024189 0.046225 0.008412
v 0.024189 0.046225 0.009414
v 0.029693 0.041221 0.008913
v 0.026692 0.041221 0.004411
v 0.029694 0.050227 0.004410
v 0.024189 0.050227 0.007412
v 0.025691 0.042723 0.010414
v 0.028191 0.050227 0.008412
v 0.030194 0.044224 0.010414
v 0.030695 0.043223 0.007912
v 0.025691 0.041221 0.009413
v 0.027692 0.048727 0.004410
v 0.029693 0.041221 0.006913
f 2464 2469 2472 
f 2460 2461 2465 
f 2463 2460 2465 
f 2459 2464 2467 
f 2464 2465 2467 
f 2465 2461 2467 
f 2461 2466 2468 
f 2466 2462 2468 
f 2459 2467 2468 
f 2467 2461 2468 
f 2464 2459 2469 
f 2459 2468 2469 
f 2468 2462 2469 
f 2461 2460 2470 
f 2463 2462 2470 
f 2460 2463 2470 
f 2466 2461 2470 
f 2462 2466 2470 
f 2464 2463 2471 
f 2463 2465 2471 
f 2465 2464 2471 
f 2462 2463 2472 
f 2463 2464 2472 
f 2469 2462 2472 
o convex_168
v -0.025851 -0.023832 -0.013106
v -0.017346 -0.027335 -0.022110
v -0.017346 -0.029336 -0.022110
v -0.021848 -0.028835 -0.011604
v -0.023849 -0.029336 -0.019108
v -0.019347 -0.021330 -0.024113
v -0.022349 -0.021330 -0.011604
v -0.024849 -0.021330 -0.016107
v -0.020848 -0.026834 -0.023611
v -0.024349 -0.024834 -0.020110
v -0.023849 -0.029336 -0.012105
v -0.020848 -0.021330 -0.024113
v -0.025350 -0.028334 -0.016607
v -0.025851 -0.023331 -0.011604
v -0.017346 -0.025832 -0.024113
v -0.019848 -0.029336 -0.022611
v -0.019848 -0.021330 -0.020110
v -0.025350 -0.024834 -0.018107
f 2482 2485 2490 
f 2475 2474 2476 
f 2476 2474 2479 
f 2479 2478 2480 
f 2481 2477 2482 
f 2475 2476 2483 
f 2477 2475 2483 
f 2480 2478 2484 
f 2482 2480 2484 
f 2481 2482 2484 
f 2482 2477 2485 
f 2477 2483 2485 
f 2485 2483 2486 
f 2476 2479 2486 
f 2480 2473 2486 
f 2479 2480 2486 
f 2483 2476 2486 
f 2473 2485 2486 
f 2474 2475 2487 
f 2484 2478 2487 
f 2481 2484 2487 
f 2475 2477 2488 
f 2477 2481 2488 
f 2487 2475 2488 
f 2481 2487 2488 
f 2478 2479 2489 
f 2479 2474 2489 
f 2474 2487 2489 
f 2487 2478 2489 
f 2473 2480 2490 
f 2480 2482 2490 
f 2485 2473 2490 
