mtllib decomp.mtl
o proximal000
usemtl Material000
v 0.001216785 0.011300700 0.017925763
v -0.000416099 0.010905142 0.008233897
v -0.002829255 0.008760114 0.014937109
v -0.000363230 0.010498045 0.008237316
v 0.001369057 0.010992661 0.010118926
v -0.002765556 0.008453563 0.011183635
v 0.000120158 0.011709527 0.017618394
v 0.000681547 0.010755232 0.008223704
v -0.001756741 0.010368885 0.010647053
v -0.001756741 0.009832628 0.009306411
v -0.000952356 0.008491985 0.015205237
v -0.000488354 0.009594353 0.017889238
v 0.000388287 0.011173270 0.008502025
v 0.001192672 0.011709527 0.016009623
v -0.000428969 0.010375452 0.008234180
v -0.002829255 0.009028242 0.011183310
v -0.000147970 0.011173270 0.008502025
v -0.002829255 0.009028242 0.014400852
v -0.001774944 0.010134485 0.009321714
v 0.001192672 0.010637013 0.010647053
v -0.002604243 0.008392985 0.014874554
v -0.000952356 0.008491985 0.011451439
v -0.000416099 0.010637013 0.017886522
v -0.000147970 0.009564499 0.017886522
v 0.001216613 0.010848465 0.009310385
v 0.001192672 0.011709527 0.017618394
v 0.000120158 0.011709527 0.015741494
v -0.002561127 0.009028242 0.015205237
v 0.001311296 0.011122918 0.014907286
v -0.002462668 0.008434721 0.015145548
v -0.002292998 0.008491985 0.011183310
v 0.000388287 0.011709527 0.017886522
v -0.000416099 0.009028242 0.015205237
v 0.000924544 0.011709527 0.015473366
v -0.000147970 0.011173270 0.017886522
v 0.000924544 0.011709527 0.017886522
v 0.000388287 0.011709527 0.015473366
f 13 8 2
f 14 5 13
f 15 2 8
f 15 6 10
f 16 6 3
f 16 10 6
f 17 13 2
f 18 7 9
f 18 16 3
f 18 9 16
f 19 15 10
f 19 2 15
f 19 17 2
f 19 9 17
f 19 16 9
f 19 10 16
f 21 3 6
f 22 20 11
f 22 15 8
f 22 21 6
f 22 11 21
f 23 3 12
f 23 12 1
f 24 1 12
f 25 13 5
f 25 8 13
f 25 5 20
f 25 22 8
f 25 20 22
f 26 14 7
f 26 5 14
f 27 17 9
f 27 9 7
f 27 7 14
f 28 18 3
f 28 7 18
f 29 20 5
f 29 24 20
f 29 1 24
f 29 26 1
f 29 5 26
f 30 12 3
f 30 3 21
f 30 24 12
f 30 21 11
f 30 11 24
f 31 22 6
f 31 6 15
f 31 15 22
f 32 26 7
f 33 24 11
f 33 11 20
f 33 20 24
f 34 27 14
f 34 14 13
f 34 13 17
f 35 7 28
f 35 32 7
f 35 23 1
f 35 1 32
f 35 28 3
f 35 3 23
f 36 32 1
f 36 1 26
f 36 26 32
f 37 34 17
f 37 17 27
f 37 27 34
o proximal001
usemtl Material001
v -0.010316865 0.003658379 -0.014557088
v -0.010336853 0.002593159 -0.014557025
v -0.009532467 0.005542572 -0.023137136
v -0.013057915 0.003212698 -0.023461562
v -0.013286266 0.001252516 -0.015093282
v -0.012750009 0.001252516 -0.021796494
v -0.011409367 0.006078829 -0.021796494
v -0.009532467 0.005006315 -0.017238309
v -0.013018138 0.001252516 -0.014557025
v -0.010873110 0.001788773 -0.016165796
v -0.012481881 0.002861287 -0.023405265
v -0.013152096 0.001197511 -0.021813600
v -0.011409367 0.006078829 -0.023137136
v -0.012213752 0.004470058 -0.019919594
v -0.009532467 0.005006315 -0.019651466
v -0.010068724 0.005274444 -0.017238309
v -0.011580910 0.001122096 -0.014453485
v -0.010604981 0.002056902 -0.015629539
v -0.011945624 0.003397544 -0.023405265
v -0.012750009 0.001520645 -0.022332751
v -0.013286266 0.001788773 -0.021796494
v -0.009587264 0.006103916 -0.023131017
v -0.011677495 0.005810701 -0.022064622
v -0.013018138 0.003397544 -0.023137136
v -0.009712122 0.005366917 -0.017236698
v -0.011677495 0.004738187 -0.018310823
v -0.010604981 0.003665673 -0.014557025
v -0.011409367 0.000984388 -0.014825153
v -0.010336853 0.002593159 -0.015093282
v -0.009800596 0.004470058 -0.020187723
v -0.013018138 0.002861287 -0.023405265
v -0.013167349 0.000938923 -0.020456956
v -0.013286266 0.001520645 -0.016165796
v -0.012155883 0.003759531 -0.023401237
v -0.009556247 0.006088594 -0.020455508
v -0.011677495 0.005810701 -0.023137136
v -0.012750009 0.002056902 -0.015093282
v -0.011945624 0.004738187 -0.018847080
v -0.010873110 0.001520645 -0.014825153
v -0.012922297 0.000883366 -0.014588542
v -0.013126718 0.001564868 -0.022301328
v -0.012750009 0.002056902 -0.022869008
v -0.013286266 0.001788773 -0.021528365
v -0.013018138 0.002056902 -0.015897667
v -0.013018138 0.001520645 -0.014825153
v -0.010873110 0.001520645 -0.014557025
v -0.013079377 0.000834619 -0.015112202
v -0.013175619 0.002120163 -0.022678757
v -0.012750009 0.002325030 -0.015629539
f 45 38 39
f 47 43 40
f 52 45 39
f 52 40 45
f 54 39 38
f 55 47 40
f 56 48 41
f 57 40 43
f 57 43 49
f 57 56 40
f 57 48 56
f 59 50 44
f 59 40 56
f 60 44 50
f 61 51 60
f 62 38 45
f 62 44 53
f 63 53 44
f 64 54 38
f 64 46 54
f 64 53 63
f 64 62 53
f 64 38 62
f 65 43 47
f 66 52 39
f 67 55 40
f 67 40 52
f 67 66 55
f 67 52 66
f 68 41 48
f 69 58 49
f 69 42 58
f 69 49 43
f 69 43 65
f 70 58 42
f 70 61 41
f 71 41 50
f 71 50 59
f 71 59 56
f 71 56 41
f 72 45 40
f 72 40 59
f 72 62 45
f 72 59 44
f 72 44 62
f 73 61 60
f 73 60 50
f 73 50 41
f 73 41 61
f 74 64 63
f 74 46 64
f 75 74 63
f 75 60 51
f 75 63 44
f 75 44 60
f 76 65 47
f 76 47 55
f 76 66 39
f 76 55 66
f 77 65 54
f 77 54 46
f 77 46 42
f 78 57 49
f 79 68 48
f 79 48 57
f 79 78 68
f 79 57 78
f 80 70 41
f 80 41 58
f 80 58 70
f 81 51 61
f 81 61 70
f 81 75 51
f 81 70 42
f 82 74 42
f 82 42 46
f 82 46 74
f 83 76 39
f 83 39 54
f 83 54 65
f 83 65 76
f 84 69 65
f 84 65 77
f 84 77 42
f 84 42 69
f 85 78 49
f 85 49 58
f 85 58 41
f 85 41 68
f 85 68 78
f 86 74 75
f 86 75 81
f 86 81 42
f 86 42 74
o proximal002
usemtl Material002
v -0.007743736 0.007550988 -0.021674757
v -0.007541252 0.007800959 -0.021870853
v -0.008996210 0.008223857 -0.022332751
v -0.013554395 0.004201930 -0.026354678
v -0.012213752 0.003397544 -0.025282164
v -0.008728082 0.007955728 -0.025282164
v -0.008728082 0.008223857 -0.021796494
v -0.009532467 0.005542572 -0.023673393
v -0.011141238 0.007151343 -0.025818421
v -0.012213752 0.004201930 -0.026086550
v -0.008191825 0.008223857 -0.021796494
v -0.013006927 0.003179865 -0.023390062
v -0.007655568 0.007419471 -0.022064622
v -0.007749447 0.007841184 -0.024707829
v -0.011677495 0.005810701 -0.023137136
v -0.008996210 0.008223857 -0.024745907
v -0.013286266 0.003665673 -0.026354678
v -0.008996210 0.007419471 -0.021528365
v -0.012213752 0.003129416 -0.023405265
v -0.007744724 0.007841630 -0.024697982
v -0.009532467 0.006615086 -0.025550293
v -0.011141238 0.007151343 -0.025282164
v -0.013554395 0.003933801 -0.025282164
v -0.007923696 0.008223857 -0.024745907
v -0.012481881 0.003397544 -0.025550293
v -0.012750009 0.004470058 -0.026354678
v -0.009800596 0.006346958 -0.021528365
v -0.012213752 0.003129416 -0.024477779
v -0.009532467 0.005542572 -0.023137136
v -0.009264339 0.006078829 -0.021528365
v -0.008728082 0.007419471 -0.025282164
v -0.010873110 0.007151343 -0.025818421
v -0.011677495 0.004470058 -0.025818421
v -0.013057915 0.003212698 -0.023461562
v -0.013554395 0.003665673 -0.026354678
v -0.013554395 0.004201930 -0.025818421
v -0.007655568 0.008223857 -0.022064622
v -0.012750009 0.004201930 -0.026354678
v -0.011945624 0.005274444 -0.023137136
v -0.009532467 0.006883214 -0.021528365
v -0.012481881 0.003129416 -0.025014036
v -0.008787191 0.007050488 -0.021481078
v -0.009638647 0.005967884 -0.021528286
v -0.013429233 0.003520873 -0.025307460
v -0.007655568 0.008223857 -0.023941522
v -0.013018138 0.003129416 -0.025014036
f 97 87 88
f 97 89 93
f 99 88 87
f 101 93 89
f 102 95 89
f 102 92 95
f 102 89 97
f 104 97 93
f 104 87 97
f 106 99 94
f 106 94 91
f 106 91 100
f 106 88 99
f 108 95 90
f 108 101 89
f 108 89 95
f 110 100 92
f 110 92 102
f 110 106 100
f 110 102 97
f 111 103 96
f 111 96 91
f 112 103 90
f 112 90 95
f 114 91 94
f 114 94 105
f 115 105 94
f 115 94 99
f 116 99 87
f 116 115 99
f 116 105 115
f 117 107 92
f 117 92 100
f 117 100 107
f 118 95 92
f 118 92 107
f 118 112 95
f 118 107 112
f 119 107 100
f 119 100 91
f 119 91 96
f 119 96 107
f 121 109 90
f 121 90 103
f 122 108 90
f 122 90 109
f 122 109 101
f 122 101 108
f 123 110 97
f 123 97 88
f 124 112 107
f 124 107 96
f 124 96 103
f 124 103 112
f 125 98 113
f 125 120 98
f 125 101 109
f 125 109 120
f 126 104 93
f 126 93 101
f 126 125 113
f 126 101 125
f 127 111 91
f 127 91 114
f 127 114 105
f 127 121 103
f 127 103 111
f 128 116 87
f 128 87 104
f 128 126 113
f 128 104 126
f 129 113 98
f 129 98 105
f 129 105 116
f 129 128 113
f 129 116 128
f 130 120 109
f 130 109 121
f 131 123 88
f 131 88 106
f 131 106 110
f 131 110 123
f 132 121 127
f 132 130 121
f 132 98 120
f 132 120 130
f 132 127 105
f 132 105 98
o proximal003
usemtl Material003
v -0.003901769 -0.009740752 -0.008658198
v -0.002258155 -0.011257029 -0.014840466
v -0.006314925 -0.008936366 -0.009194455
v -0.003931088 -0.012507589 -0.017232005
v -0.002292998 -0.012958294 -0.016433924
v -0.003097384 -0.011081394 -0.015897667
v -0.003819040 -0.010089423 -0.008671084
v -0.004438026 -0.010545137 -0.014288896
v -0.002232057 -0.012732870 -0.017233185
v -0.003365512 -0.010277009 -0.013216382
v -0.006372629 -0.009075083 -0.008631043
v -0.006342600 -0.011166114 -0.012938323
v -0.003901769 -0.010277009 -0.013752639
v -0.003633641 -0.012958294 -0.017238309
v -0.003097384 -0.012422037 -0.017238309
v -0.002292998 -0.011081394 -0.015897667
v -0.002090150 -0.012020672 -0.016599377
v -0.004438026 -0.009472623 -0.009194455
v -0.006140357 -0.009168320 -0.008614147
v -0.004438026 -0.009472623 -0.008658198
v -0.005778668 -0.009740752 -0.011607611
v -0.006314925 -0.009472623 -0.010266969
v -0.006314925 -0.011081394 -0.010803226
v -0.004438026 -0.010277009 -0.013752639
v -0.006046797 -0.008936366 -0.009194455
v -0.002346625 -0.012871864 -0.017251054
v -0.006046797 -0.011617651 -0.012948254
v -0.003901769 -0.009740752 -0.009730712
v -0.004169898 -0.010277009 -0.008658198
v -0.006371944 -0.010624608 -0.010357239
v -0.003097384 -0.012958294 -0.016433924
v -0.004706155 -0.009472623 -0.010266969
v -0.003850381 -0.012540508 -0.017253066
v -0.006314925 -0.011349523 -0.011875740
v -0.006314925 -0.009472623 -0.008658198
v -0.004974283 -0.011617651 -0.012143868
v -0.003633641 -0.012958294 -0.016970181
v -0.005510540 -0.011617651 -0.012143868
v -0.006046797 -0.011617651 -0.012680125
f 139 137 134
f 139 134 133
f 140 138 136
f 144 140 136
f 147 136 138
f 148 145 142
f 148 138 145
f 148 133 134
f 148 147 138
f 148 141 147
f 149 134 137
f 149 137 141
f 149 148 134
f 149 141 148
f 152 133 150
f 152 151 133
f 152 143 151
f 153 140 144
f 154 144 143
f 154 143 135
f 154 153 144
f 154 135 153
f 156 145 138
f 156 138 140
f 156 140 153
f 156 153 135
f 156 135 145
f 157 145 135
f 157 142 145
f 157 152 150
f 157 135 143
f 157 143 152
f 158 141 137
f 158 137 146
f 158 147 141
f 159 144 136
f 159 136 146
f 160 148 142
f 160 133 148
f 160 150 133
f 160 142 150
f 161 139 133
f 161 133 151
f 161 137 139
f 162 143 144
f 163 146 137
f 164 157 150
f 164 150 142
f 164 142 157
f 165 158 146
f 165 146 136
f 165 136 147
f 165 147 158
f 166 144 159
f 166 162 144
f 166 155 162
f 167 161 151
f 167 151 143
f 167 155 161
f 167 162 155
f 167 143 162
f 168 137 161
f 168 163 137
f 169 159 146
f 169 146 163
f 170 168 161
f 170 161 155
f 170 163 168
f 170 169 163
f 171 166 159
f 171 159 169
f 171 169 170
f 171 170 155
f 171 155 166
o proximal004
usemtl Material004
v 0.007627756 0.009564499 0.003407584
v 0.007682258 0.009171009 0.003396043
v 0.005214600 0.008223857 -0.021528365
v -0.000600224 0.010089163 -0.022784406
v -0.000227165 0.011223442 -0.003516867
v 0.000388287 0.011709527 -0.005440656
v 0.007895884 0.008491985 -0.006781298
v 0.003333315 0.010894631 0.003408531
v 0.004410214 0.007955728 -0.020455851
v 0.007895884 0.008760114 -0.005172528
v -0.000147970 0.010368885 -0.021528365
v -0.000147970 0.011709527 -0.005440656
v 0.007091499 0.009028242 0.003407584
v 0.004142086 0.010905142 0.002871327
v 0.007789191 0.008127136 -0.006759425
v -0.000147970 0.009564499 -0.021796494
v 0.007918615 0.008526541 -0.002762905
v 0.000120158 0.010100756 -0.022869008
v 0.005214600 0.008491985 -0.019651466
v -0.000515995 0.010674955 -0.015874283
v 0.000388287 0.011709527 -0.003563757
v -0.000147970 0.010905142 -0.015897667
v 0.003605829 0.010368885 0.003139456
v 0.004142086 0.010905142 0.003407584
v 0.006287113 0.010100756 0.003139456
v 0.005215774 0.007958336 -0.021406000
v 0.006555242 0.008223857 -0.007049427
v -0.000416099 0.009832628 -0.020187723
v 0.007921929 0.008244723 -0.004907177
v 0.002533315 0.009296371 -0.022064622
v 0.005750856 0.009028242 -0.011607611
v -0.000416099 0.010368885 -0.014557025
v -0.000147970 0.011709527 -0.003563757
v -0.000147970 0.010637013 -0.018847080
v 0.004410214 0.010100756 0.003407584
v 0.007627756 0.009028242 -0.003295628
v 0.006287113 0.010100756 0.003407584
v 0.004946471 0.007955728 -0.018310823
v 0.000388287 0.009296371 -0.022869008
v 0.000388287 0.009296371 -0.022332751
v -0.000416099 0.009832628 -0.022869008
v 0.007359627 0.008223857 -0.004904399
v 0.007359627 0.008760114 0.001262556
v 0.000388287 0.010368885 -0.019651466
v 0.004678343 0.008491985 -0.021528365
v 0.007627756 0.009564499 0.003139456
v 0.004410214 0.007955728 -0.021528365
v 0.003337700 0.008760114 -0.022332751
v 0.003605829 0.008223857 -0.020723980
v -0.000147970 0.009564499 -0.022869008
v 0.001997058 0.009564499 -0.021528365
v 0.004946471 0.008491985 -0.020723980
v 0.003069572 0.009028242 -0.022332751
v 0.000924544 0.009564499 -0.022869008
v 0.002801443 0.008491985 -0.022332751
v 0.000924544 0.009296371 -0.022869008
v 0.000656415 0.009832628 -0.022869008
f 181 178 174
f 184 173 172
f 184 172 179
f 188 181 172
f 188 172 173
f 189 175 182
f 190 181 174
f 192 177 183
f 192 185 177
f 193 191 183
f 193 175 191
f 193 183 177
f 194 179 176
f 194 176 184
f 195 185 192
f 196 177 185
f 196 185 195
f 197 174 178
f 197 178 186
f 198 184 176
f 199 187 176
f 200 178 181
f 200 181 188
f 200 186 178
f 200 188 173
f 201 189 182
f 202 190 177
f 202 177 181
f 202 181 190
f 203 191 175
f 203 176 191
f 203 199 176
f 203 175 199
f 204 191 176
f 204 183 191
f 204 192 183
f 204 176 179
f 204 195 192
f 204 179 195
f 205 182 175
f 205 175 193
f 205 193 177
f 206 194 184
f 206 184 179
f 206 179 194
f 207 181 177
f 207 177 196
f 208 196 195
f 208 172 196
f 208 195 179
f 208 179 172
f 209 197 186
f 209 198 180
f 211 187 210
f 211 198 176
f 211 176 187
f 212 199 175
f 212 187 199
f 212 175 189
f 212 189 210
f 213 186 200
f 213 209 186
f 213 198 209
f 214 200 173
f 214 173 184
f 214 213 200
f 214 184 198
f 214 198 213
f 215 177 190
f 215 205 177
f 215 182 205
f 217 207 196
f 217 196 172
f 217 172 181
f 217 181 207
f 218 209 180
f 218 197 209
f 219 174 197
f 220 180 198
f 220 198 211
f 220 211 210
f 220 218 180
f 221 212 210
f 221 210 187
f 221 187 212
f 222 215 190
f 222 201 182
f 222 182 215
f 223 216 201
f 223 190 174
f 223 174 216
f 223 222 190
f 223 201 222
f 224 189 201
f 224 201 216
f 224 216 174
f 224 174 219
f 225 210 189
f 226 220 210
f 226 218 220
f 226 219 197
f 226 197 218
f 227 225 219
f 227 210 225
f 227 226 210
f 227 219 226
f 228 225 189
f 228 189 224
f 228 224 219
f 228 219 225
o proximal005
usemtl Material005
v 0.004156994 -0.007354959 0.018154998
v 0.000924544 -0.007595724 0.003407584
v -0.000147970 -0.008400109 0.012255824
v 0.001192672 -0.007595724 0.003407584
v 0.001460801 -0.006523210 0.014937109
v 0.000916131 -0.008390949 0.003374784
v 0.003427226 -0.008217833 0.003408627
v 0.001192672 -0.007327595 0.003943841
v 0.000388287 -0.007327595 0.005284483
v 0.001189859 -0.006534588 0.017084289
v 0.004146871 -0.007330319 0.015205164
v 0.003337700 -0.008400109 0.007965768
v 0.000113254 -0.008394267 0.005284429
v 0.000924544 -0.007327595 0.003943841
v 0.002533315 -0.007327595 0.018154651
v 0.002265186 -0.006523210 0.017082137
v -0.000165646 -0.007916166 0.014137382
v 0.001192672 -0.006523210 0.015205237
v 0.003873957 -0.007863852 0.015741494
v 0.001728929 -0.007327595 0.005016355
v 0.003300814 -0.008320443 0.003404403
v 0.000924544 -0.007059467 0.007161383
v 0.003069572 -0.006791338 0.018154651
v 0.000619223 -0.007799000 0.015462854
v -0.000175400 -0.008296595 0.009319285
v 0.000388287 -0.008400109 0.011987696
v 0.003337700 -0.007595724 0.018154651
v 0.001997058 -0.007327595 0.006088869
v 0.001460801 -0.007327595 0.004211970
v 0.000924544 -0.006791338 0.011451439
v 0.002265186 -0.006523210 0.016545880
v 0.002258675 -0.006806187 0.018155714
v -0.000231029 -0.008104080 0.011471819
v 0.000120158 -0.008400109 0.012255824
v 0.004050610 -0.007412963 0.018151754
v 0.001460801 -0.007059467 0.007429511
v 0.000656415 -0.007059467 0.008233897
v 0.003069572 -0.006791338 0.017886522
v 0.002265186 -0.006791338 0.013328338
v 0.001192672 -0.007059467 0.007161383
v 0.001728929 -0.006523210 0.014937109
v 0.001997058 -0.006523210 0.015473366
v 0.001997058 -0.006791338 0.012255824
f 234 230 232
f 235 234 232
f 236 232 230
f 236 235 232
f 241 240 231
f 241 234 240
f 241 237 230
f 241 230 234
f 242 236 230
f 242 230 237
f 246 245 238
f 246 237 245
f 246 244 233
f 246 238 244
f 247 239 229
f 247 235 239
f 247 240 235
f 249 240 234
f 249 234 235
f 249 235 240
f 250 236 242
f 250 246 233
f 250 242 237
f 251 229 239
f 251 244 238
f 252 243 238
f 252 238 245
f 252 245 231
f 253 241 231
f 253 237 241
f 254 231 240
f 254 240 247
f 255 243 252
f 255 252 231
f 256 239 235
f 256 235 248
f 257 248 235
f 257 235 236
f 258 246 250
f 259 244 251
f 259 233 244
f 260 251 238
f 260 238 243
f 260 229 251
f 260 255 229
f 260 243 255
f 261 253 231
f 261 231 245
f 261 245 237
f 261 237 253
f 262 254 247
f 262 231 254
f 262 255 231
f 262 247 255
f 263 255 247
f 263 247 229
f 263 229 255
f 264 257 236
f 265 258 250
f 265 250 237
f 265 237 246
f 265 246 258
f 266 259 251
f 266 251 239
f 266 239 259
f 267 259 239
f 267 239 256
f 268 250 233
f 268 264 236
f 268 236 250
f 269 233 259
f 269 268 233
f 269 264 268
f 270 248 257
f 270 257 264
f 270 269 259
f 270 264 269
f 271 248 270
f 271 267 256
f 271 256 248
f 271 270 259
f 271 259 267
o proximal006
usemtl Material006
v 0.004129568 0.011899771 0.017623966
v 0.001205202 0.011079440 -0.002777991
v 0.001997058 0.012245784 0.011719567
v 0.001172769 0.011066477 -0.002729591
v 0.004210161 0.010545897 0.003391801
v 0.001192672 0.011441399 0.000726299
v 0.001997058 0.010368885 0.015205237
v 0.002801443 0.010368885 -0.000882472
v 0.003337700 0.011977656 0.010378925
v 0.001171911 0.011331679 0.017852736
v 0.003337700 0.010637013 0.017618394
v 0.001728929 0.010637013 -0.002759371
v 0.003337700 0.010905142 -0.000882472
v 0.003069572 0.010368885 0.016277751
v 0.002533315 0.012245784 0.010378925
v 0.004142086 0.011709527 0.011451439
v 0.001044251 0.010731968 -0.001935817
v 0.004142086 0.011441399 0.016009623
v 0.002265186 0.010637013 0.017618394
v 0.002204887 0.011021280 0.017896569
v 0.003383351 0.010485515 -0.000892899
v 0.002265186 0.011173270 -0.002759371
v 0.002533315 0.012245784 0.011719567
v 0.004142086 0.011977656 0.015473366
v 0.001997058 0.012245784 0.010647053
v 0.004142086 0.010905142 0.003407584
v 0.001192672 0.010637013 0.013864595
v 0.001997058 0.010368885 0.013060210
v 0.003605829 0.010905142 0.017618394
v 0.001728929 0.010905142 0.017886522
v 0.002533315 0.010368885 0.016277751
v 0.001997058 0.011441399 0.017886522
v 0.002311459 0.010746943 -0.002770402
v 0.001460801 0.011441399 -0.000346215
v 0.002533315 0.011441399 0.000994428
v 0.004233994 0.010607872 0.004190660
v 0.004142086 0.011173270 0.005820740
v 0.004171367 0.011891722 0.017605359
v 0.002296450 0.010983946 0.017881313
v 0.001997058 0.010637013 0.017082137
v 0.001192672 0.010905142 0.016009623
v 0.001216785 0.011300700 0.017925763
v 0.001997058 0.011441399 -0.000346215
v 0.001728929 0.011709527 0.003139456
v 0.001460801 0.011709527 0.003407584
v 0.002801443 0.011977656 0.008233897
v 0.002265186 0.010368885 0.016009623
v 0.001728929 0.010637013 0.016277751
v 0.002265186 0.011441399 0.000190042
v 0.002265186 0.012245784 0.010378925
v 0.001997058 0.011709527 0.003139456
v 0.001460801 0.010637013 0.015205237
f 277 273 275
f 281 272 274
f 281 274 277
f 283 275 273
f 285 279 276
f 285 278 279
f 285 276 282
f 287 284 280
f 288 281 277
f 288 277 275
f 288 275 283
f 288 283 279
f 290 285 282
f 292 284 276
f 292 276 279
f 294 286 274
f 294 274 272
f 295 280 286
f 295 287 280
f 295 294 272
f 295 286 294
f 296 274 286
f 297 276 284
f 298 281 288
f 299 288 279
f 299 279 278
f 299 298 288
f 299 278 298
f 301 290 282
f 302 278 285
f 302 285 290
f 303 291 272
f 303 272 281
f 304 292 279
f 304 279 283
f 304 283 273
f 304 273 293
f 304 293 284
f 304 284 292
f 305 293 273
f 305 273 277
f 306 280 284
f 306 284 293
f 307 287 295
f 307 276 297
f 307 289 300
f 307 300 282
f 307 282 276
f 308 297 284
f 308 284 287
f 308 307 297
f 308 287 307
f 309 300 289
f 309 272 300
f 309 289 307
f 309 307 295
f 309 295 272
f 310 282 300
f 310 301 282
f 310 291 301
f 310 300 272
f 310 272 291
f 311 290 301
f 312 281 298
f 313 301 291
f 313 291 303
f 313 303 281
f 313 312 301
f 313 281 312
f 314 293 305
f 315 314 305
f 316 305 277
f 316 315 305
f 316 277 274
f 316 274 296
f 317 306 286
f 317 286 280
f 317 280 306
f 318 302 290
f 318 290 311
f 318 278 302
f 319 311 301
f 319 301 312
f 319 318 311
f 319 278 318
f 320 306 293
f 320 293 314
f 320 314 286
f 320 286 306
f 321 296 286
f 321 286 315
f 321 316 296
f 321 315 316
f 322 315 286
f 322 286 314
f 322 314 315
f 323 319 312
f 323 312 298
f 323 298 278
f 323 278 319
o proximal007
usemtl Material007
v -0.002676235 0.009948276 -0.011344840
v -0.001220484 0.009832628 -0.012948254
v -0.002561127 0.011441399 -0.016433924
v -0.006265690 0.009157002 -0.017921470
v -0.006992266 0.007307807 -0.011392233
v -0.005510540 0.007687600 -0.017238309
v -0.001488613 0.011441399 -0.013752639
v -0.003365512 0.008760114 -0.011339483
v -0.006851182 0.008491985 -0.011607611
v -0.002292998 0.010637013 -0.016702053
v -0.007187411 0.007588598 -0.017775742
v -0.001129383 0.010575821 -0.012997445
v -0.002561127 0.009564499 -0.011339483
v -0.006670786 0.007528697 -0.011219554
v -0.003097384 0.008760114 -0.013484511
v -0.004438026 0.010637013 -0.015361410
v -0.002292998 0.011441399 -0.013752639
v -0.001220484 0.009832628 -0.013216382
v -0.002286029 0.011160912 -0.016701342
v -0.003626600 0.010124097 -0.017777082
v -0.007239688 0.007368193 -0.014558676
v -0.007387439 0.007955728 -0.017774566
v -0.001220484 0.011173270 -0.013484511
v -0.005616230 0.007868602 -0.011252952
v -0.007119311 0.007955728 -0.011339483
v -0.003097384 0.008760114 -0.011875740
v -0.004706155 0.010368885 -0.017774566
v -0.006314925 0.009296371 -0.017506438
v -0.004974283 0.009296371 -0.011339483
v -0.002561127 0.011441399 -0.014288896
v -0.005242411 0.007955728 -0.017238309
v -0.005242411 0.007687600 -0.016702053
v -0.001488613 0.011441399 -0.014020768
v -0.005242411 0.008491985 -0.017774566
v -0.001183028 0.011051609 -0.014008039
v -0.007387439 0.007419471 -0.011875740
v -0.007387439 0.007955728 -0.013484511
v -0.006583054 0.007419471 -0.011607611
v -0.004438026 0.010637013 -0.016433924
v -0.006851182 0.008760114 -0.017774566
v -0.006851182 0.008223857 -0.011339483
v -0.002206236 0.011222120 -0.016419298
v -0.005510540 0.007955728 -0.017506438
v -0.001220484 0.010100756 -0.013484511
v -0.007119311 0.008223857 -0.011875740
v -0.005242411 0.007687600 -0.014825153
v -0.006851182 0.008760114 -0.017506438
v -0.007387439 0.007687600 -0.011875740
f 336 331 325
f 336 335 324
f 336 325 335
f 337 336 324
f 340 324 330
f 340 330 326
f 341 325 338
f 341 335 325
f 343 342 333
f 344 334 329
f 345 327 334
f 345 334 344
f 346 330 324
f 346 324 335
f 347 337 328
f 347 331 336
f 347 336 337
f 348 328 337
f 349 338 325
f 349 325 331
f 349 331 347
f 350 343 327
f 350 326 342
f 350 342 343
f 351 332 339
f 351 350 327
f 352 340 332
f 352 324 340
f 352 337 324
f 353 339 332
f 353 332 340
f 353 340 326
f 353 326 339
f 354 341 329
f 354 333 341
f 354 343 333
f 355 341 338
f 355 329 341
f 355 338 349
f 355 344 329
f 355 328 344
f 356 326 330
f 356 330 346
f 357 334 327
f 357 327 343
f 357 354 329
f 357 343 354
f 358 333 342
f 358 356 346
f 358 346 335
f 359 344 328
f 359 328 348
f 359 345 344
f 360 345 359
f 361 349 347
f 361 347 328
f 362 339 326
f 362 326 350
f 362 351 339
f 362 350 351
f 363 351 327
f 363 327 345
f 363 345 360
f 364 352 332
f 364 332 348
f 364 348 337
f 364 337 352
f 365 342 326
f 365 326 356
f 365 358 342
f 365 356 358
f 366 357 329
f 366 329 334
f 366 334 357
f 367 341 333
f 367 333 358
f 367 358 335
f 367 335 341
f 368 348 332
f 369 355 349
f 369 349 361
f 369 361 328
f 369 328 355
f 370 332 351
f 370 351 363
f 370 368 332
f 370 363 360
f 370 360 368
f 371 368 360
f 371 360 359
f 371 359 348
f 371 348 368
o proximal008
usemtl Material008
v -0.007170528 -0.002105008 0.012581907
v -0.006046797 -0.003841925 0.012523953
v -0.007923696 -0.003573797 0.005820740
v -0.009028654 -0.002843483 0.005272209
v -0.008996210 -0.003037540 0.011719567
v -0.008239440 -0.001138765 0.011183615
v -0.007119311 -0.001965026 0.012255824
v -0.007655568 -0.003573797 0.012523953
v -0.008459953 -0.004378182 0.005552612
v -0.008965309 -0.002680147 0.005298251
v -0.008459953 -0.001160640 0.012523953
v -0.006046797 -0.003841925 0.011719567
v -0.006240030 -0.004172284 0.012533953
v -0.009264339 -0.003841925 0.005284483
v -0.007923696 -0.004110053 0.010647053
v -0.008295929 -0.004459337 0.005185924
v -0.008177970 -0.001083880 0.012272504
v -0.008459953 -0.001965026 0.012523953
v -0.009264339 -0.002769411 0.007429511
v -0.007387439 -0.003841925 0.012523953
v -0.009264339 -0.003841925 0.005552612
v -0.008083230 -0.004026503 0.005355478
v -0.006284802 -0.004159191 0.011732710
v -0.007988670 -0.004418658 0.006614182
v -0.008172157 -0.001152064 0.012544631
v -0.008728082 -0.003037540 0.012255824
v -0.008996210 -0.002233154 0.011451439
v -0.007387439 -0.004110053 0.011719567
v -0.008996210 -0.003305668 0.010915182
v -0.009264339 -0.003305668 0.007161383
v -0.008121541 -0.004296296 0.005333921
v -0.008996210 -0.002501283 0.011719567
v -0.008728082 -0.003305668 0.011719567
v -0.008728082 -0.003573797 0.010378925
v -0.009264339 -0.003037540 0.007429511
v -0.008728082 -0.002501283 0.012255824
f 378 372 373
f 378 374 377
f 381 377 374
f 382 377 381
f 383 378 373
f 383 374 378
f 384 373 372
f 384 383 373
f 387 375 381
f 387 385 375
f 387 380 385
f 387 386 380
f 388 378 377
f 388 377 382
f 389 379 372
f 390 382 381
f 390 381 375
f 390 375 385
f 391 384 372
f 391 372 379
f 392 385 380
f 392 380 386
f 392 390 385
f 393 387 381
f 393 381 374
f 393 374 383
f 394 383 384
f 394 384 387
f 395 387 384
f 395 386 387
f 396 388 382
f 396 372 378
f 396 378 388
f 396 389 372
f 396 382 389
f 397 389 382
f 397 379 389
f 397 391 379
f 398 382 390
f 399 384 391
f 399 395 384
f 399 386 395
f 401 390 392
f 401 400 376
f 401 392 400
f 402 393 383
f 402 387 393
f 402 394 387
f 402 383 394
f 403 376 397
f 403 382 398
f 403 398 390
f 403 390 376
f 404 391 397
f 404 399 391
f 404 386 399
f 404 400 386
f 404 397 376
f 404 376 400
f 405 400 392
f 405 392 386
f 405 386 400
f 406 401 376
f 406 376 390
f 406 390 401
f 407 403 397
f 407 397 382
f 407 382 403
o proximal009
usemtl Material009
v 0.008724492 -0.004963250 0.018157228
v 0.008700270 -0.005450696 0.018154651
v 0.008168003 -0.005863112 0.003417334
v 0.005690939 -0.006997157 0.002067164
v 0.005704057 -0.006490644 0.018171418
v 0.007359627 -0.007059467 0.004748226
v 0.007895884 -0.005450696 0.005284483
v 0.008758781 -0.005517013 0.009289842
v 0.007359627 -0.007059467 0.003407584
v 0.005750856 -0.007327595 0.009306411
v 0.007627756 -0.005718824 0.003407584
v 0.006287113 -0.005718824 0.015205237
v 0.008700270 -0.004914439 0.013328338
v 0.008432141 -0.005986953 0.018154651
v 0.006580750 -0.006931067 0.002058078
v 0.007627756 -0.006791338 0.003407584
v 0.005456994 -0.007300453 0.003407109
v 0.008164013 -0.005450696 0.005284483
v 0.006287113 -0.005718824 0.017350265
v 0.005750856 -0.006523210 0.002603199
v 0.008164013 -0.004914439 0.015473366
v 0.008700270 -0.005718824 0.010110796
v 0.006287113 -0.006791338 0.017350265
v 0.008160627 -0.005864534 0.003399311
v 0.005469726 -0.007086654 0.009290898
v 0.008700270 -0.005182567 0.009306411
v 0.005750856 -0.006255081 0.017082137
v 0.006704063 -0.005870930 0.018151072
v 0.005482728 -0.006791338 0.003407584
v 0.005802754 -0.006904832 0.002070294
v 0.008432141 -0.004914439 0.013328338
v 0.008164013 -0.004914439 0.015741494
v 0.006018985 -0.007059467 0.013596467
v 0.007895884 -0.006523210 0.012255824
v 0.006018985 -0.006791338 0.018154651
v 0.005482728 -0.006791338 0.009306411
v 0.006018985 -0.005986953 0.013328338
v 0.007627756 -0.006791338 0.008770154
v 0.005750856 -0.006791338 0.018154651
f 415 408 409
f 417 416 413
f 420 408 415
f 421 413 416
f 421 409 408
f 421 408 412
f 423 416 422
f 424 416 417
f 424 422 416
f 424 411 422
f 425 418 414
f 427 419 414
f 427 414 418
f 428 414 419
f 428 419 426
f 429 415 409
f 429 409 421
f 429 421 416
f 429 416 423
f 429 423 410
f 429 410 415
f 431 422 418
f 431 423 422
f 431 410 423
f 431 425 410
f 431 418 425
f 432 424 417
f 433 420 415
f 433 415 410
f 433 410 425
f 433 425 414
f 434 426 419
f 434 412 426
f 435 426 412
f 435 412 408
f 435 408 426
f 436 427 411
f 436 411 424
f 437 422 411
f 437 411 427
f 437 427 418
f 437 418 422
f 438 428 420
f 438 414 428
f 438 433 414
f 438 420 433
f 439 428 426
f 439 426 408
f 439 408 420
f 439 420 428
f 440 417 413
f 441 413 421
f 441 421 430
f 442 430 421
f 442 421 412
f 442 440 430
f 442 417 440
f 443 436 424
f 443 424 432
f 443 432 412
f 443 412 434
f 443 434 436
f 444 436 434
f 444 434 419
f 444 419 427
f 444 427 436
f 445 440 413
f 445 430 440
f 445 441 430
f 445 413 441
f 446 432 417
f 446 417 442
f 446 442 412
f 446 412 432
o proximal010
usemtl Material010
v -0.005242411 0.004470058 0.015205237
v -0.003097384 0.006615086 0.012523953
v -0.005510540 0.006615086 0.011719567
v -0.005801357 0.005282769 0.005285131
v -0.006314925 0.003397544 0.005284483
v -0.003364285 0.007418278 0.008233590
v -0.003116890 0.007425348 0.012524103
v -0.004139646 0.004980071 0.014659583
v -0.006314925 0.004201930 0.014668981
v -0.005242411 0.006883214 0.008233897
v -0.005778668 0.004470058 0.005284483
v -0.003365512 0.006346958 0.008770154
v -0.005242411 0.006615086 0.013060210
v -0.003097384 0.006883214 0.009306411
v -0.006506681 0.003101490 0.012522670
v -0.004438026 0.005274444 0.014668981
v -0.004009164 0.005164442 0.014645064
v -0.006583054 0.004201930 0.005284483
v -0.004617858 0.007064807 0.008103417
v -0.004706155 0.007151343 0.008502025
v -0.003365512 0.006883214 0.008233897
v -0.004169898 0.005006315 0.013596467
v -0.005778668 0.005006315 0.014668981
v -0.005510540 0.006346958 0.012792081
v -0.003193985 0.007459501 0.009312166
v -0.003097384 0.006615086 0.009574539
v -0.005778668 0.003665673 0.015205237
v -0.005242411 0.003933801 0.014668981
v -0.005210132 0.004011069 0.015232472
v -0.006583054 0.003933801 0.011451439
v -0.006703383 0.003493753 0.005348498
v -0.005840969 0.005184006 0.005279367
v -0.005510540 0.006615086 0.008233897
v -0.005242411 0.006883214 0.008502025
v -0.003901769 0.007419471 0.008502025
v -0.005778668 0.004470058 0.015205237
v -0.006046797 0.005006315 0.013864595
v -0.006223768 0.003608666 0.015203893
v -0.006521159 0.003106754 0.011182790
v -0.005778668 0.006078829 0.011451439
v -0.006583054 0.004201930 0.006088869
v -0.005778668 0.006078829 0.008233897
v -0.006314925 0.004470058 0.013596467
f 457 450 452
f 458 451 457
f 460 453 448
f 462 453 459
f 463 448 453
f 463 453 462
f 463 462 447
f 465 452 450
f 465 450 456
f 466 465 456
f 466 459 453
f 466 449 459
f 467 458 457
f 467 457 452
f 467 460 458
f 467 452 460
f 468 454 451
f 468 451 458
f 469 462 459
f 470 459 449
f 471 460 452
f 471 453 460
f 472 460 448
f 472 458 460
f 472 448 463
f 472 463 454
f 472 468 458
f 472 454 468
f 474 451 454
f 474 473 461
f 475 463 447
f 475 454 463
f 475 474 454
f 475 473 474
f 476 461 455
f 477 464 451
f 477 461 476
f 478 457 451
f 478 451 464
f 478 464 450
f 478 450 457
f 479 456 450
f 479 450 464
f 479 449 456
f 480 466 456
f 480 456 449
f 480 449 466
f 481 452 465
f 481 465 466
f 481 471 452
f 481 466 453
f 481 453 471
f 482 469 455
f 482 447 462
f 482 462 469
f 482 475 447
f 483 470 449
f 483 459 470
f 483 469 459
f 483 455 469
f 484 455 461
f 484 461 473
f 484 482 455
f 484 473 475
f 484 475 482
f 485 474 461
f 485 451 474
f 485 477 451
f 485 461 477
f 486 449 479
f 486 483 449
f 487 477 476
f 487 464 477
f 487 486 464
f 487 476 486
f 488 486 479
f 488 479 464
f 488 464 486
f 489 486 476
f 489 476 455
f 489 455 483
f 489 483 486
o proximal011
usemtl Material011
v 0.014062840 0.006346958 0.019495293
v 0.015403482 0.003129416 0.018690908
v 0.014330968 0.006078829 0.013864595
v 0.012412754 0.005553055 0.009307094
v 0.014025233 0.002318517 0.019527256
v 0.014599097 0.002593159 0.012792081
v 0.012568612 0.006482651 0.013308032
v 0.015403482 0.004201930 0.018959036
v 0.013526583 0.004201930 0.009306411
v 0.014867225 0.002325030 0.019227165
v 0.014330968 0.006346958 0.015205237
v 0.012493350 0.006379377 0.012250698
v 0.013794711 0.006346958 0.019495293
v 0.015403482 0.004201930 0.017082137
v 0.013258454 0.002593159 0.012255824
v 0.015135354 0.002593159 0.017350265
v 0.015135354 0.003129416 0.019495293
v 0.014330968 0.006346958 0.019227165
v 0.014062840 0.006346958 0.014400852
v 0.012185940 0.005006315 0.012792081
v 0.014599097 0.003933801 0.019763422
v 0.014599097 0.006078829 0.018959036
v 0.014599097 0.006078829 0.016277751
v 0.015403482 0.003397544 0.017350265
v 0.013359167 0.003652255 0.009303078
v 0.014386393 0.002218172 0.012808749
v 0.015135354 0.002593159 0.018959036
v 0.015403482 0.003397544 0.018959036
v 0.014330968 0.002325030 0.019763422
v 0.015135354 0.004201930 0.019495293
v 0.012185940 0.005274444 0.012792081
v 0.013802548 0.004453644 0.019366529
v 0.013258454 0.002861287 0.015473366
v 0.012185940 0.004470058 0.009306411
v 0.015403482 0.003665673 0.017082137
v 0.015403482 0.003129416 0.018154651
v 0.014298688 0.002309012 0.012258189
v 0.012390515 0.005477517 0.009303954
v 0.013794711 0.002325030 0.012255824
v 0.014867225 0.002593159 0.019495293
v 0.014599097 0.003129416 0.019763422
v 0.014062840 0.003933801 0.019763422
v 0.012185940 0.005542572 0.012523953
v 0.013258454 0.002593159 0.012523953
v 0.013258454 0.003129416 0.016545880
v 0.012185940 0.004738187 0.012523953
v 0.012454069 0.004201930 0.009306411
v 0.013794711 0.002325030 0.013328338
v 0.012185940 0.004470058 0.010378925
f 498 493 492
f 501 492 493
f 502 490 496
f 503 498 492
f 503 495 498
f 503 497 491
f 507 500 496
f 507 496 490
f 508 500 492
f 508 492 501
f 508 501 496
f 508 496 500
f 510 490 502
f 511 497 503
f 511 500 507
f 512 503 492
f 512 492 500
f 512 511 503
f 512 500 511
f 513 503 491
f 513 505 495
f 515 505 499
f 515 495 505
f 516 505 491
f 516 499 505
f 516 506 499
f 516 491 506
f 517 506 491
f 517 491 497
f 517 497 506
f 518 515 499
f 518 494 515
f 519 507 490
f 519 511 507
f 519 497 511
f 519 490 510
f 519 510 506
f 519 506 497
f 520 509 502
f 521 509 494
f 521 502 509
f 523 509 520
f 524 513 495
f 524 495 503
f 524 503 513
f 525 513 491
f 525 491 505
f 525 505 513
f 526 514 498
f 526 498 495
f 526 495 515
f 527 493 498
f 527 498 514
f 527 514 523
f 528 526 515
f 528 504 514
f 528 514 526
f 529 518 499
f 529 499 506
f 529 506 518
f 530 518 506
f 530 506 510
f 530 510 518
f 531 518 510
f 531 510 502
f 531 494 518
f 531 521 494
f 531 502 521
f 532 520 502
f 532 502 496
f 532 496 501
f 532 501 493
f 532 493 527
f 532 527 523
f 532 523 520
f 533 494 522
f 533 504 528
f 533 523 504
f 534 522 494
f 534 494 509
f 535 509 523
f 535 534 509
f 535 522 534
f 536 523 514
f 536 514 504
f 536 504 523
f 537 528 515
f 537 515 494
f 537 533 528
f 537 494 533
f 538 533 522
f 538 522 535
f 538 535 523
f 538 523 533
o proximal012
usemtl Material012
v -0.006046797 -0.011349523 -0.018310823
v -0.005749275 -0.011817799 -0.018315632
v -0.006314925 -0.013494551 -0.024477779
v -0.012750009 -0.011349523 -0.025818421
v -0.011409367 -0.011617651 -0.020455851
v -0.006314925 -0.011349523 -0.019651466
v -0.009532467 -0.010813266 -0.018310823
v -0.006314925 -0.013762679 -0.020992108
v -0.011945624 -0.011349523 -0.025818421
v -0.005778668 -0.011617651 -0.019651466
v -0.005845199 -0.011775518 -0.018299707
v -0.013018138 -0.010545137 -0.022332751
v -0.008996210 -0.010277009 -0.018578952
v -0.005764832 -0.014001216 -0.023802436
v -0.009800596 -0.012153908 -0.019115209
v -0.013018138 -0.011617651 -0.024745907
v -0.008996210 -0.012422037 -0.025282164
v -0.006046797 -0.011349523 -0.018847080
v -0.009551564 -0.010314306 -0.018303845
v -0.012750009 -0.011081394 -0.025550293
v -0.009264339 -0.010277009 -0.019383337
v -0.005778668 -0.013762679 -0.021260237
v -0.006583054 -0.014030808 -0.024477779
v -0.011141238 -0.011617651 -0.020187723
v -0.006583054 -0.013494551 -0.020455851
v -0.006314925 -0.011885780 -0.018310823
v -0.013018138 -0.011349523 -0.022600879
v -0.007387439 -0.010813266 -0.018578952
v -0.007387439 -0.010813266 -0.018310823
v -0.011409367 -0.010813266 -0.020455851
v -0.013070183 -0.011261272 -0.025486976
v -0.006851182 -0.011081394 -0.019383337
v -0.012917495 -0.010500797 -0.022734208
v -0.008996210 -0.010277009 -0.018310823
v -0.006046797 -0.013494551 -0.020455851
v -0.005778668 -0.014030808 -0.022332751
v -0.006314925 -0.014030808 -0.024477779
v -0.011677495 -0.012153908 -0.025818421
v -0.007119311 -0.013762679 -0.022332751
v -0.009532467 -0.012422037 -0.019383337
v -0.008996210 -0.011081394 -0.018310823
v -0.013018138 -0.011081394 -0.022332751
v -0.011677495 -0.010545137 -0.022332751
v -0.013032415 -0.010541548 -0.022853995
v -0.005778668 -0.013494551 -0.020723980
v -0.006046797 -0.013762679 -0.020992108
v -0.008996210 -0.012958294 -0.025282164
v -0.011141238 -0.011885780 -0.025818421
v -0.006583054 -0.014030808 -0.023405265
v -0.013018138 -0.011617651 -0.025550293
v -0.007119311 -0.013494551 -0.020723980
v -0.010068724 -0.012422037 -0.020455851
v -0.010068724 -0.012153908 -0.019383337
v -0.009264339 -0.011885780 -0.018847080
v -0.009264339 -0.012958294 -0.025282164
v -0.011409367 -0.011617651 -0.025818421
v -0.011141238 -0.012153908 -0.025818421
v -0.011677495 -0.012153908 -0.025282164
v -0.006314925 -0.014030808 -0.022600879
v -0.012750009 -0.011617651 -0.025818421
v -0.006851182 -0.013762679 -0.021528365
v -0.012750009 -0.011617651 -0.023405265
v -0.011409367 -0.011885780 -0.020992108
v -0.006046797 -0.014030808 -0.022332751
f 548 539 540
f 549 540 539
f 552 548 540
f 552 541 548
f 555 547 544
f 555 548 541
f 555 544 548
f 556 548 544
f 556 539 548
f 557 543 545
f 558 547 542
f 559 547 558
f 560 552 540
f 562 553 545
f 562 545 543
f 562 543 553
f 564 540 549
f 566 539 556
f 567 557 549
f 567 549 539
f 567 566 551
f 567 539 566
f 568 557 550
f 568 550 543
f 568 543 557
f 569 554 565
f 569 558 542
f 570 544 547
f 570 547 559
f 570 559 551
f 570 551 566
f 570 566 556
f 570 556 544
f 571 550 557
f 571 557 559
f 572 559 557
f 572 551 559
f 572 567 551
f 572 557 567
f 573 563 546
f 573 564 563
f 573 540 564
f 574 552 560
f 575 541 552
f 575 574 561
f 575 552 574
f 575 555 541
f 576 542 547
f 578 564 553
f 578 563 564
f 579 564 549
f 579 545 553
f 579 557 545
f 579 549 557
f 580 565 543
f 580 543 550
f 580 569 565
f 581 571 559
f 581 559 558
f 581 558 571
f 582 550 571
f 582 580 550
f 582 569 580
f 582 571 558
f 582 558 569
f 583 573 560
f 583 560 540
f 583 540 573
f 584 573 546
f 584 560 573
f 584 574 560
f 584 546 574
f 585 575 561
f 585 555 575
f 586 576 547
f 586 555 585
f 587 576 561
f 587 577 554
f 587 561 574
f 588 569 542
f 588 576 554
f 588 554 569
f 589 546 563
f 589 563 578
f 591 578 553
f 591 553 543
f 591 590 578
f 592 579 553
f 592 553 564
f 592 564 579
f 593 585 561
f 593 561 576
f 593 576 585
f 594 586 547
f 594 547 555
f 594 555 586
f 595 586 585
f 595 585 576
f 595 576 586
f 596 587 554
f 596 554 576
f 596 576 587
f 597 587 574
f 598 588 542
f 598 542 576
f 598 576 588
f 599 546 589
f 599 577 587
f 599 587 597
f 599 590 577
f 599 589 578
f 599 578 590
f 600 565 554
f 600 554 577
f 600 577 590
f 601 591 543
f 601 543 565
f 601 590 591
f 601 600 590
f 601 565 600
f 602 597 574
f 602 574 546
f 602 599 597
f 602 546 599
o proximal013
usemtl Material013
v 0.001216613 0.010848465 0.009310385
v -0.000684227 0.011173270 -0.003563757
v 0.000924544 0.009832628 -0.001954986
v -0.000236268 0.011297018 -0.003616173
v -0.001756741 0.011173270 -0.000882472
v -0.000416099 0.010368885 -0.003563757
v 0.001205202 0.011079440 -0.002777991
v -0.000147970 0.011441399 -0.003027500
v -0.000428969 0.010375452 0.008234180
v -0.000911066 0.010448008 -0.003575151
v 0.001192672 0.010100756 -0.001150600
v 0.000924544 0.010905142 -0.003563757
v -0.000416099 0.010905142 0.008233897
v -0.000416099 0.011441399 -0.003295628
v 0.000924544 0.011441399 -0.003027500
v 0.001192672 0.010368885 0.007429511
v -0.001794706 0.010717061 -0.002741744
v -0.000147970 0.009832628 -0.002491243
v 0.001289860 0.010984816 -0.001699100
v 0.001192672 0.010637013 -0.002759371
v 0.000656415 0.009832628 -0.002491243
v 0.000645674 0.010865774 0.009310237
v -0.001760628 0.010981702 0.000454357
v 0.000865382 0.011212525 -0.003583384
v 0.000656415 0.009832628 0.000458171
v 0.001121693 0.010807252 0.009294434
v 0.001192672 0.010100756 0.001530685
v -0.000966779 0.010434910 -0.003559776
v -0.001756741 0.010368885 -0.002491243
v 0.001192672 0.010368885 -0.002223114
v 0.000924544 0.010100756 -0.002491243
v -0.000147970 0.009832628 -0.000346215
v 0.000924544 0.009832628 -0.000078086
v -0.000952356 0.010100756 -0.003027500
v -0.001756741 0.010368885 -0.002759371
v -0.001756741 0.010637013 -0.000078086
v 0.000120158 0.009832628 0.000458171
f 612 604 606
f 612 606 608
f 614 608 606
f 616 606 604
f 616 615 610
f 616 607 615
f 617 616 610
f 617 606 616
f 619 616 604
f 619 607 616
f 621 603 618
f 621 617 603
f 621 609 617
f 622 609 621
f 622 614 609
f 623 608 614
f 623 605 620
f 624 615 611
f 624 603 617
f 624 617 610
f 624 610 615
f 625 615 607
f 625 611 615
f 625 607 619
f 626 614 606
f 626 606 617
f 626 617 609
f 626 609 614
f 627 618 611
f 627 620 605
f 628 618 603
f 628 611 618
f 628 624 611
f 628 603 624
f 629 605 613
f 629 621 618
f 629 613 621
f 630 619 604
f 630 604 612
f 630 612 608
f 632 613 605
f 632 605 622
f 632 622 621
f 632 621 613
f 633 622 605
f 633 605 623
f 633 623 614
f 633 614 622
f 634 620 627
f 634 611 631
f 635 627 605
f 635 605 629
f 635 629 618
f 635 618 627
f 636 630 608
f 636 634 631
f 636 620 634
f 636 623 620
f 636 608 623
f 637 631 619
f 637 619 630
f 637 636 631
f 637 630 636
f 638 625 619
f 638 619 631
f 638 631 611
f 638 611 625
f 639 634 627
f 639 627 611
f 639 611 634
o proximal014
usemtl Material014
v 0.013794711 0.006346958 0.019495293
v 0.014066843 0.002325724 0.019520431
v 0.013526583 0.006078829 0.018690908
v 0.001196612 0.009578620 0.019518070
v -0.000684227 0.007151343 0.020299679
v 0.008976137 0.009581666 0.019260011
v 0.013820629 0.006412097 0.018699395
v 0.006555242 0.000448131 0.020299679
v 0.004678343 0.009832628 0.019763422
v 0.014099549 0.004495236 0.019280836
v 0.014062840 0.002861287 0.019227165
v 0.011781013 0.008588148 0.019085336
v 0.004410214 0.009832628 0.019227165
v 0.014062840 0.003397544 0.019763422
v -0.002027855 0.003661982 0.020247635
v 0.011576633 0.008416419 0.019281649
v 0.001192672 0.009028242 0.020031550
v 0.013794711 0.006078829 0.018690908
v 0.006018985 0.000180002 0.019763422
v 0.013577901 0.006500007 0.018709376
v -0.000684227 0.005542572 0.019763422
v 0.011381555 0.008491985 0.018959036
v 0.005750455 0.009835111 0.019441906
v 0.002222189 0.009847275 0.019658383
v 0.006555242 0.000180002 0.020299679
v 0.001460801 0.009028242 0.020031550
v -0.002005240 0.007176448 0.020152177
v 0.008928186 0.009476103 0.019326577
v 0.013526583 0.002593159 0.019227165
v 0.001192672 0.008223857 0.019495293
v 0.005482728 0.000448131 0.019763422
v 0.008693073 0.000171408 0.019903093
v 0.002263053 0.000177383 0.020262570
v -0.002046026 0.007124286 0.020169670
v -0.001488613 0.006883214 0.019763422
v -0.000438110 0.008500470 0.019781727
v 0.012185940 0.002593159 0.019227165
v 0.004410214 0.009028242 0.019227165
v 0.001460801 0.007687600 0.019495293
v -0.000147970 0.005006315 0.019763422
f 649 646 640
f 650 649 641
f 650 646 649
f 651 640 646
f 653 644 647
f 653 640 648
f 653 649 640
f 653 641 649
f 655 648 640
f 655 651 645
f 655 640 651
f 657 642 646
f 657 646 650
f 659 646 642
f 659 642 652
f 661 652 645
f 661 645 651
f 661 659 652
f 661 651 646
f 661 646 659
f 662 648 645
f 662 645 652
f 663 652 643
f 663 662 652
f 663 648 662
f 663 656 648
f 663 643 656
f 664 653 647
f 664 641 653
f 664 647 644
f 665 653 648
f 665 644 653
f 665 656 644
f 665 648 656
f 667 655 645
f 667 645 648
f 667 648 655
f 668 657 650
f 668 642 657
f 668 650 641
f 669 643 652
f 670 642 658
f 671 641 664
f 671 668 641
f 671 658 668
f 672 671 664
f 672 658 671
f 672 670 658
f 672 654 670
f 672 664 644
f 672 644 654
f 673 654 644
f 673 644 656
f 673 656 666
f 674 660 654
f 674 673 666
f 674 654 673
f 674 643 669
f 675 666 656
f 675 656 643
f 675 674 666
f 675 643 674
f 676 668 658
f 676 658 642
f 676 642 668
f 677 669 652
f 677 652 642
f 678 642 660
f 678 674 669
f 678 660 674
f 678 677 642
f 678 669 677
f 679 660 642
f 679 642 670
f 679 670 654
f 679 654 660
o proximal015
usemtl Material015
v 0.006454709 -0.008314421 -0.002693062
v 0.006244463 -0.008438650 -0.002811219
v 0.005750856 -0.010008880 -0.015093282
v 0.005750856 -0.008668238 -0.015897667
v 0.004678343 -0.008131981 -0.003563757
v 0.006316278 -0.008419075 -0.012947768
v 0.006287113 -0.008936366 -0.004904399
v 0.003316364 -0.009065807 -0.003515856
v 0.006018985 -0.009472623 -0.015897667
v 0.006287113 -0.008131981 -0.003027500
v 0.004410214 -0.009740752 -0.004100014
v 0.006287113 -0.009204495 -0.012411997
v 0.003337700 -0.009472623 -0.003563757
v 0.004676619 -0.008153952 -0.002747080
v 0.002533315 -0.009472623 -0.010803226
v 0.006083856 -0.008744787 -0.015898940
v 0.005482728 -0.008131981 -0.003831885
v 0.004678343 -0.009472623 -0.003563757
v 0.006287113 -0.009204495 -0.009462583
v 0.005750856 -0.008668238 -0.002759371
v 0.004142086 -0.008936366 -0.014288896
v 0.002378699 -0.009946636 -0.007886510
v 0.005557005 -0.009941347 -0.015911795
v 0.004946471 -0.008131981 -0.003831885
v 0.004410214 -0.008668238 -0.011875740
v 0.002472382 -0.009626846 -0.007635770
v 0.003605829 -0.009740752 -0.004368142
v 0.003605829 -0.010813266 -0.014557025
v 0.005520926 -0.010022737 -0.015892197
v 0.002570333 -0.009538630 -0.007556766
v 0.003873957 -0.009740752 -0.004100014
v 0.003337700 -0.010813266 -0.014557025
v 0.003605829 -0.010813266 -0.014825153
v 0.002459311 -0.009939735 -0.011337182
v 0.003337700 -0.010008880 -0.014557025
v 0.003261485 -0.010754841 -0.014908795
v 0.004142086 -0.009204495 -0.014825153
v 0.005482728 -0.009204495 -0.015897667
f 685 683 684
f 689 680 685
f 690 682 686
f 691 685 680
f 691 682 688
f 693 684 687
f 693 689 684
f 693 680 689
f 693 687 692
f 694 687 684
f 695 683 685
f 695 691 688
f 695 685 691
f 696 689 685
f 696 684 689
f 697 690 686
f 697 686 680
f 697 692 690
f 698 691 680
f 698 680 686
f 698 686 682
f 698 682 691
f 699 693 692
f 699 680 693
f 699 697 680
f 699 692 697
f 701 692 687
f 702 695 688
f 702 683 695
f 703 696 685
f 703 685 684
f 703 684 696
f 704 700 694
f 704 694 684
f 704 684 683
f 704 683 700
f 705 701 687
f 705 694 701
f 706 692 701
f 707 682 690
f 708 702 688
f 708 688 682
f 709 705 687
f 709 687 694
f 709 694 705
f 710 690 692
f 710 692 706
f 710 707 690
f 711 706 701
f 711 710 706
f 711 707 710
f 712 708 682
f 712 682 707
f 712 707 711
f 713 701 694
f 714 713 694
f 714 694 700
f 715 702 708
f 715 708 712
f 715 712 711
f 715 713 714
f 715 711 701
f 715 701 713
f 716 714 700
f 716 700 683
f 716 715 714
f 716 683 715
f 717 715 683
f 717 683 702
f 717 702 715
o proximal016
usemtl Material016
v 0.008930300 0.010004996 0.017625309
v 0.004120948 0.010582050 0.003412485
v 0.010172757 0.008191545 0.009302547
v 0.004210161 0.010545897 0.003391801
v 0.004946471 0.011977656 0.017082137
v 0.004410214 0.010100756 0.003675713
v 0.010040912 0.009028242 0.007429511
v 0.004410214 0.010100756 0.003407584
v 0.004142086 0.011441399 0.016545880
v 0.010309041 0.009028242 0.009306411
v 0.004946471 0.010637013 0.003407584
v 0.004142086 0.010368885 0.005284483
v 0.007895884 0.008760114 0.003407584
v 0.004410214 0.011977656 0.015741494
v 0.004129568 0.011899771 0.017623966
v 0.004142086 0.010905142 0.011451439
v 0.008432141 0.009832628 0.017618394
v 0.009021985 0.009967318 0.017608668
v 0.010309041 0.008491985 0.006625126
v 0.008700270 0.010368885 0.016277751
v 0.007091499 0.009832628 0.003675713
v 0.007895884 0.008760114 0.003943841
v 0.008234731 0.008976027 0.003393349
v 0.004410214 0.010905142 0.003943841
v 0.004946471 0.011977656 0.017618394
v 0.004047697 0.010659467 0.003965706
v 0.004142086 0.010637013 0.008502025
v 0.004946471 0.010905142 0.014937109
v 0.005750856 0.010905142 0.017618394
v 0.010187906 0.008252713 0.009310389
v 0.010309041 0.008760114 0.007161383
v 0.010040406 0.008217386 0.006610710
v 0.010309041 0.009028242 0.009038282
v 0.009772784 0.009296371 0.009038282
v 0.009772784 0.008223857 0.007429511
v 0.008164013 0.009296371 0.003407584
v 0.004678343 0.011977656 0.016277751
v 0.008607693 0.010132885 0.017635052
v 0.008164013 0.010637013 0.017618394
v 0.004100345 0.011715407 0.015771054
v 0.004142086 0.011173270 0.014132724
v 0.006287113 0.010637013 0.017350265
v 0.004410214 0.011441399 0.017350265
v 0.007627756 0.009564499 0.003407584
v 0.009772784 0.009028242 0.006625126
v 0.008164013 0.010637013 0.016814008
v 0.005750856 0.010637013 0.015473366
v 0.005482728 0.010905142 0.016814008
f 725 719 721
f 728 721 719
f 729 725 723
f 729 719 725
f 730 723 725
f 730 725 721
f 735 734 720
f 735 718 734
f 737 735 727
f 739 723 730
f 740 730 721
f 740 721 728
f 741 728 719
f 741 738 728
f 741 722 738
f 742 722 731
f 742 731 732
f 743 719 729
f 743 741 719
f 743 732 731
f 743 731 741
f 744 723 720
f 744 720 733
f 744 729 723
f 744 743 729
f 744 733 743
f 745 733 720
f 747 735 720
f 747 727 735
f 747 736 727
f 747 720 736
f 748 727 736
f 749 736 720
f 749 740 736
f 749 730 740
f 750 737 727
f 750 748 724
f 750 727 748
f 751 738 722
f 751 724 738
f 751 750 724
f 751 737 750
f 752 720 723
f 752 723 739
f 752 749 720
f 752 739 730
f 752 730 749
f 753 748 736
f 753 736 740
f 754 741 731
f 754 731 722
f 754 722 741
f 755 742 732
f 755 732 746
f 755 746 734
f 755 734 718
f 756 718 735
f 756 735 737
f 756 722 742
f 756 755 718
f 756 742 755
f 757 743 726
f 757 726 732
f 757 732 743
f 758 743 733
f 758 726 743
f 758 745 726
f 758 733 745
f 759 720 734
f 759 734 746
f 760 746 732
f 760 732 726
f 760 759 746
f 760 726 759
f 761 753 740
f 761 740 728
f 761 728 738
f 761 738 724
f 762 724 748
f 762 748 753
f 762 761 724
f 762 753 761
f 763 756 737
f 763 722 756
f 763 751 722
f 763 737 751
f 764 759 745
f 764 745 720
f 764 720 759
f 765 759 726
f 765 726 745
f 765 745 759
o proximal017
usemtl Material017
v -0.012928965 0.001754398 -0.021807778
v -0.013018138 0.000716259 -0.021796494
v -0.013286266 0.003397544 -0.026086550
v -0.014358780 0.002861287 -0.026622807
v -0.016235679 -0.002233154 -0.024209650
v -0.013822523 0.003397544 -0.023137136
v -0.013018138 0.003129416 -0.024745907
v -0.015163166 -0.003037540 -0.022064622
v -0.015431294 -0.001696897 -0.026890935
v -0.013822523 0.003665673 -0.026086550
v -0.014626909 0.002056902 -0.023941522
v -0.013018138 0.000984388 -0.022600879
v -0.013018138 0.003397544 -0.023137136
v -0.014228040 -0.001377934 -0.021754906
v -0.015699422 -0.001160640 -0.022869008
v -0.016235679 -0.001965026 -0.026622807
v -0.013822523 0.002593159 -0.026622807
v -0.013822523 0.002861287 -0.026622807
v -0.014090652 0.003397544 -0.024209650
v -0.012896013 0.002742966 -0.022745225
v -0.013018138 0.000716259 -0.022064622
v -0.014895037 -0.003841925 -0.023673393
v -0.013286266 0.002861287 -0.022600879
v -0.013018138 0.003665673 -0.024209650
v -0.013286266 0.001788773 -0.021796494
v -0.015699422 -0.001965026 -0.022869008
v -0.015699422 -0.000624383 -0.023673393
v -0.014358780 -0.000624383 -0.021796494
v -0.015967551 -0.001428769 -0.026890935
v -0.014090652 0.001788773 -0.026622807
v -0.013450825 0.003768469 -0.026017665
v -0.014090652 0.003397544 -0.026086550
v -0.013554395 0.003665673 -0.023941522
v -0.014090652 0.003129416 -0.023405265
v -0.014358780 0.002861287 -0.024745907
v -0.016129088 -0.002526710 -0.026499700
v -0.015431294 -0.003841925 -0.022869008
v -0.014358780 -0.002769411 -0.022064622
v -0.013048304 0.003433664 -0.024785696
v -0.015431294 -0.000892512 -0.022600879
v -0.015967551 -0.001428769 -0.023673393
v -0.013554395 0.001252516 -0.021796494
v -0.015699422 -0.000892512 -0.026890935
v -0.013822523 0.003665673 -0.025014036
v -0.013286266 0.003665673 -0.023941522
v -0.014895037 0.001252516 -0.023405265
v -0.014358780 0.002325030 -0.023137136
v -0.016235679 -0.001965026 -0.024745907
v -0.015699422 -0.002233154 -0.026622807
v -0.015967551 -0.001965026 -0.026890935
v -0.015255213 -0.003875885 -0.023709490
v -0.015144740 -0.003850894 -0.022063965
v -0.014358780 -0.002769411 -0.022600879
v -0.013822523 -0.001160640 -0.021796494
v -0.015163166 -0.001160640 -0.022332751
v -0.015699422 -0.000892512 -0.023137136
v -0.015699422 -0.001965026 -0.026890935
v -0.013554395 -0.000624383 -0.021796494
f 777 768 772
f 783 769 775
f 783 768 782
f 783 782 774
f 785 777 772
f 785 766 777
f 785 778 766
f 786 777 766
f 786 766 767
f 787 774 768
f 787 768 777
f 787 777 786
f 788 778 771
f 788 766 778
f 789 785 772
f 789 778 785
f 790 779 767
f 790 767 766
f 790 788 771
f 790 766 788
f 791 780 770
f 791 773 780
f 793 773 779
f 794 781 769
f 795 782 768
f 795 768 774
f 795 774 782
f 796 783 775
f 796 768 783
f 796 789 768
f 797 784 775
f 797 775 769
f 797 769 784
f 798 784 771
f 798 771 778
f 799 784 776
f 799 771 784
f 800 784 769
f 800 776 784
f 800 792 776
f 800 769 781
f 801 770 781
f 802 770 801
f 803 786 767
f 804 789 772
f 804 772 768
f 804 768 789
f 805 780 773
f 806 770 780
f 807 793 779
f 807 779 790
f 807 805 793
f 807 790 771
f 808 783 774
f 808 774 794
f 808 794 769
f 808 769 783
f 809 775 784
f 809 784 798
f 809 798 796
f 809 796 775
f 810 789 796
f 810 796 798
f 810 798 778
f 810 778 789
f 811 799 776
f 811 776 792
f 812 771 799
f 812 780 805
f 812 807 771
f 812 805 807
f 812 799 811
f 813 800 781
f 813 792 800
f 813 806 792
f 813 781 770
f 813 770 806
f 814 774 787
f 814 787 801
f 815 794 774
f 815 801 781
f 815 781 794
f 816 802 801
f 816 801 787
f 817 791 770
f 817 770 802
f 817 773 791
f 817 787 803
f 817 816 787
f 817 802 816
f 817 779 773
f 818 803 787
f 818 787 786
f 818 786 803
f 819 817 803
f 819 779 817
f 820 805 773
f 820 773 793
f 820 793 805
f 821 806 780
f 821 792 806
f 821 811 792
f 821 812 811
f 821 780 812
f 822 814 801
f 822 801 815
f 822 815 774
f 822 774 814
f 823 819 803
f 823 803 767
f 823 767 779
f 823 779 819
o proximal018
usemtl Material018
v 0.010012464 0.007962011 0.006626268
v 0.011551382 0.003943575 0.003416197
v 0.010577169 0.006078829 -0.003295628
v 0.009504655 0.006346958 -0.004904399
v 0.010309041 0.004470058 0.002335070
v 0.011088832 0.003640497 -0.004899283
v 0.009883659 0.007959982 0.003417939
v 0.011649683 0.004470058 0.002335070
v 0.009772784 0.006615086 0.006625126
v 0.010309041 0.006078829 -0.004904399
v 0.009772784 0.004201930 -0.004904399
v 0.010651453 0.006593324 0.006340401
v 0.010845298 0.006346958 0.001798813
v 0.011381555 0.003933801 -0.004636271
v 0.010577169 0.004470058 0.003407584
v 0.009388612 0.007728296 0.001953052
v 0.009772784 0.006346958 -0.004904399
v 0.009572830 0.005963525 -0.004953432
v 0.009504655 0.006615086 0.003943841
v 0.010309041 0.003665673 -0.004636271
v 0.011501999 0.004317956 0.003470401
v 0.010583122 0.006634530 0.006623731
v 0.011649683 0.004201930 0.000458171
v 0.010577169 0.005810701 -0.004368142
v 0.011247223 0.003650367 -0.002753008
v 0.010309041 0.004738187 0.003407584
v 0.011113426 0.003933801 0.002603199
v 0.011539311 0.003884895 0.003399802
v 0.009504655 0.007419471 0.004480098
v 0.010040912 0.006346958 -0.004368142
v 0.009772784 0.007687600 0.001798813
v 0.010309041 0.003665673 -0.004904399
v 0.009772784 0.004201930 -0.004636271
v 0.009504655 0.005810701 -0.004100014
v 0.010505550 0.006660164 0.006642683
v 0.011138477 0.003585057 -0.004608821
v 0.010845298 0.004201930 0.003139456
v 0.010577169 0.004201930 0.001798813
v 0.010309041 0.006346958 0.006356997
v 0.010845298 0.003665673 -0.002759371
v 0.009504655 0.007151343 0.004748226
v 0.009504655 0.007687600 0.003407584
v 0.010040912 0.003933801 -0.004100014
v 0.009504655 0.006346958 0.002335070
v 0.009504655 0.006883214 0.004748226
f 833 830 826
f 836 830 824
f 836 835 831
f 836 824 835
f 836 826 830
f 837 829 833
f 839 824 830
f 840 827 839
f 841 833 829
f 841 834 827
f 841 840 833
f 841 827 840
f 842 828 832
f 844 835 825
f 844 825 831
f 844 831 835
f 845 825 835
f 845 835 824
f 846 836 831
f 846 831 825
f 846 837 826
f 846 826 836
f 847 837 833
f 847 833 826
f 847 826 837
f 849 838 832
f 849 832 828
f 849 828 838
f 851 832 838
f 851 825 845
f 851 846 825
f 851 848 837
f 851 837 846
f 851 850 843
f 853 830 833
f 853 833 840
f 854 840 839
f 854 839 830
f 854 853 840
f 854 830 853
f 855 841 829
f 855 834 841
f 856 828 842
f 857 839 827
f 857 827 834
f 857 834 856
f 858 845 824
f 858 824 832
f 858 832 845
f 859 829 837
f 859 837 848
f 859 855 829
f 859 843 855
f 860 838 828
f 860 828 850
f 860 851 838
f 860 850 851
f 861 850 828
f 861 843 850
f 862 851 845
f 862 845 832
f 862 832 851
f 863 851 843
f 863 848 851
f 863 859 848
f 863 843 859
f 864 832 824
f 864 824 852
f 864 852 839
f 865 852 824
f 865 824 839
f 865 839 852
f 866 828 856
f 866 861 828
f 866 843 861
f 866 856 834
f 866 855 843
f 866 834 855
f 867 842 839
f 867 839 857
f 867 857 856
f 867 856 842
f 868 842 832
f 868 832 864
f 868 864 839
f 868 839 842
o proximal019
usemtl Material019
v 0.013416642 0.003703640 0.012257052
v 0.014599097 0.001520645 0.012255824
v 0.013526583 0.004201930 0.007965768
v 0.011649683 0.004738187 0.005284483
v 0.012454069 0.001252516 0.010647053
v 0.013526583 -0.000624383 0.007161383
v 0.012290608 0.005007282 0.009302331
v 0.014599097 0.002325030 0.012255824
v 0.013894537 0.000667205 0.012255675
v 0.012722197 0.002593159 0.005284483
v 0.011381555 0.002861287 0.006088869
v 0.013258454 0.004470058 0.009306411
v 0.012092805 0.005043543 0.005308183
v 0.012990326 0.003397544 0.011719567
v 0.014086620 0.001092108 0.012273394
v 0.013794711 0.000448131 0.007429511
v 0.013794711 -0.000356255 0.009306411
v 0.012722197 -0.000356255 0.006893254
v 0.011553238 0.002985569 0.005266458
v 0.011381555 0.003933801 0.005820740
v 0.011381555 0.003665673 0.006088869
v 0.013526583 0.004201930 0.009306411
v 0.011917812 0.005006315 0.007429511
v 0.012043640 0.004956018 0.005252464
v 0.013258454 0.003933801 0.006356997
v 0.013258454 0.004470058 0.007965768
v 0.012454069 0.001788773 0.010647053
v 0.012291038 0.005004809 0.009312765
v 0.013258454 0.002593159 0.012255824
v 0.013526583 -0.000088126 0.006625126
v 0.014599097 0.001788773 0.011451439
v 0.013794711 -0.000088126 0.007429511
v 0.013286935 -0.000638122 0.009306882
v 0.012185940 0.000716259 0.007161383
v 0.012489273 0.001774588 0.005283895
v 0.011381555 0.003933801 0.005284483
v 0.012215470 0.005089249 0.006370195
v 0.011649683 0.004738187 0.005552612
v 0.013258454 0.004201930 0.006625126
v 0.013388044 0.003620919 0.012254376
v 0.013526583 0.000716259 0.006625126
v 0.013018922 -0.000621851 0.006609665
v 0.014599097 0.002325030 0.011451439
v 0.013794711 -0.000356255 0.008502025
v 0.014599097 0.001520645 0.011987696
v 0.013533651 -0.000091504 0.010915217
v 0.012848475 -0.000287351 0.006475011
v 0.013233748 -0.000707276 0.007680567
v 0.013526583 0.003933801 0.007429511
v 0.013080819 -0.000640110 0.006721163
f 883 876 869
f 883 870 876
f 883 877 870
f 885 870 877
f 887 886 879
f 889 879 873
f 889 888 879
f 890 876 871
f 890 871 880
f 890 880 869
f 890 869 876
f 891 881 872
f 892 881 878
f 892 872 881
f 893 878 881
f 894 880 871
f 895 873 882
f 895 889 873
f 896 882 869
f 896 895 882
f 896 889 895
f 896 888 889
f 896 891 888
f 896 875 891
f 896 880 875
f 896 869 880
f 897 883 869
f 897 877 883
f 897 882 873
f 897 873 877
f 899 876 870
f 900 884 899
f 900 898 884
f 900 874 898
f 901 873 886
f 901 874 885
f 902 886 873
f 902 873 879
f 902 879 886
f 903 878 898
f 903 892 878
f 903 887 892
f 904 887 879
f 904 879 888
f 904 888 872
f 904 892 887
f 904 872 892
f 905 891 875
f 905 881 891
f 905 894 881
f 905 875 880
f 905 880 894
f 906 891 872
f 906 872 888
f 906 888 891
f 907 893 881
f 907 894 871
f 907 881 894
f 908 897 869
f 908 869 882
f 908 882 897
f 909 893 884
f 909 884 898
f 909 898 878
f 909 878 893
f 910 898 874
f 910 903 898
f 910 901 886
f 911 899 884
f 911 871 876
f 911 876 899
f 912 885 874
f 912 874 900
f 912 870 885
f 913 900 899
f 913 899 870
f 913 912 900
f 913 870 912
f 914 901 885
f 914 885 877
f 914 877 873
f 914 873 901
f 915 910 886
f 915 886 887
f 915 887 903
f 915 903 910
f 916 874 901
f 916 901 910
f 917 911 884
f 917 884 893
f 917 893 907
f 917 907 871
f 917 871 911
f 918 916 910
f 918 910 874
f 918 874 916
o proximal020
usemtl Material020
v 0.006200033 0.008459214 -0.009993460
v 0.007379557 0.006431342 -0.010003896
v 0.005750856 0.007955728 -0.021528365
v 0.005482728 0.007151343 -0.021796494
v 0.006018985 0.006615086 -0.009998840
v 0.007091499 0.006078829 -0.019115209
v 0.005152672 0.008570692 -0.014808904
v 0.007320006 0.006446300 -0.009988837
v 0.006555242 0.006078829 -0.020992108
v 0.007091499 0.005810701 -0.014288896
v 0.006287113 0.008491985 -0.013484511
v 0.005214600 0.008223857 -0.021528365
v 0.005438555 0.008635437 -0.012937185
v 0.005214600 0.006346958 -0.020992108
v 0.006555242 0.006346958 -0.009998840
v 0.005750856 0.007151343 -0.021796494
v 0.007359627 0.005810701 -0.014288896
v 0.007359627 0.006615086 -0.012411997
v 0.006018985 0.008223857 -0.018042695
v 0.005750856 0.006883214 -0.011339483
v 0.006106907 0.008566926 -0.010007329
v 0.005482728 0.008760114 -0.015629539
v 0.006018985 0.005810701 -0.021528365
v 0.005214600 0.006346958 -0.021528365
v 0.005482728 0.008223857 -0.021528365
v 0.007091499 0.006078829 -0.011071354
v 0.007359627 0.006346958 -0.014825153
v 0.006018985 0.007955728 -0.019383337
v 0.005750856 0.007419471 -0.011339483
v 0.005482728 0.006078829 -0.018310823
v 0.005482728 0.006346958 -0.016702053
v 0.006018985 0.008760114 -0.013216382
v 0.006946989 0.005701198 -0.019047080
v 0.005750856 0.006883214 -0.021796494
v 0.005132068 0.008508706 -0.015607820
v 0.005750856 0.008223857 -0.019919594
v 0.006018985 0.005810701 -0.018310823
v 0.007359627 0.006078829 -0.011071354
v 0.007419456 0.006030684 -0.014841488
v 0.005750856 0.005810701 -0.019651466
v 0.005214600 0.008223857 -0.014825153
v 0.005750856 0.006615086 -0.012143868
v 0.006018985 0.008760114 -0.012948254
v 0.005750856 0.008491985 -0.017506438
v 0.006018985 0.008491985 -0.015897667
v 0.006404911 0.005702103 -0.020972240
v 0.005482728 0.006883214 -0.021796494
v 0.006287113 0.006346958 -0.010803226
v 0.005750856 0.006346958 -0.014020768
v 0.005750856 0.008760114 -0.014557025
v 0.006555242 0.005810701 -0.016165796
v 0.005750856 0.006078829 -0.016433924
v 0.006555242 0.006078829 -0.012948254
v 0.006018985 0.006078829 -0.015093282
f 926 920 919
f 926 919 923
f 927 921 924
f 933 926 923
f 933 920 926
f 934 921 927
f 934 922 930
f 936 929 919
f 936 919 920
f 938 931 925
f 939 931 923
f 939 923 919
f 939 919 929
f 940 930 925
f 940 925 931
f 941 934 927
f 942 930 922
f 943 934 930
f 943 921 934
f 943 930 940
f 944 928 935
f 945 929 936
f 945 937 929
f 945 924 937
f 946 937 924
f 946 924 921
f 946 921 937
f 947 938 923
f 947 923 931
f 947 931 938
f 948 932 942
f 949 932 948
f 951 935 928
f 952 922 934
f 952 934 941
f 953 942 932
f 953 932 925
f 953 925 930
f 953 930 942
f 954 937 921
f 954 921 943
f 956 944 935
f 956 920 933
f 956 933 944
f 957 924 945
f 957 951 924
f 957 935 951
f 957 956 935
f 957 920 956
f 957 945 936
f 957 936 920
f 958 948 942
f 958 942 941
f 959 938 925
f 959 925 932
f 959 932 949
f 960 949 948
f 960 923 938
f 960 959 949
f 960 938 959
f 961 939 929
f 961 929 950
f 961 931 939
f 961 950 940
f 961 940 931
f 963 950 929
f 963 929 937
f 963 937 954
f 963 962 950
f 963 954 943
f 963 943 962
f 964 941 927
f 964 927 924
f 964 924 951
f 964 958 941
f 964 955 958
f 965 942 922
f 965 922 952
f 965 952 941
f 965 941 942
f 966 944 933
f 966 933 923
f 967 960 948
f 967 923 960
f 967 966 923
f 968 940 950
f 968 950 962
f 968 962 943
f 968 943 940
f 969 964 951
f 969 951 928
f 969 955 964
f 969 966 955
f 969 928 944
f 970 958 955
f 970 948 958
f 970 967 948
f 970 966 967
f 971 969 944
f 971 944 966
f 971 966 969
f 972 970 955
f 972 955 966
f 972 966 970
o proximal021
usemtl Material021
v -0.003882205 -0.011972261 -0.014726249
v -0.002292998 -0.013226422 -0.017238309
v -0.003365512 -0.012958294 -0.023137136
v -0.004974283 -0.014567064 -0.024209650
v -0.004169898 -0.012422037 -0.014825153
v -0.002247940 -0.013745288 -0.023294586
v -0.005778668 -0.011885780 -0.020187723
v -0.002112794 -0.012781553 -0.020109762
v -0.003901769 -0.012422037 -0.014825153
v -0.004974283 -0.014567064 -0.023405265
v -0.002829255 -0.013494551 -0.023673393
v -0.005510540 -0.013762679 -0.023941522
v -0.005864607 -0.011557729 -0.014809393
v -0.002232057 -0.012732870 -0.017233185
v -0.005510540 -0.011349523 -0.015361410
v -0.004706155 -0.012153908 -0.021260237
v -0.002292998 -0.013494551 -0.023405265
v -0.002194864 -0.013522802 -0.021591952
v -0.003097384 -0.013226422 -0.017238309
v -0.003633641 -0.014567064 -0.023405265
v -0.003633641 -0.014567064 -0.023941522
v -0.005778668 -0.014298936 -0.023137136
v -0.004438026 -0.014298936 -0.024209650
v -0.005778668 -0.011885780 -0.014825153
v -0.003901769 -0.011885780 -0.015361410
v -0.005510540 -0.011349523 -0.014825153
v -0.005874401 -0.011854594 -0.019072390
v -0.003097384 -0.012958294 -0.022869008
v -0.005510540 -0.011617651 -0.019115209
v -0.005510540 -0.012422037 -0.022064622
v -0.002829255 -0.013226422 -0.023405265
v -0.002829255 -0.013762679 -0.023673393
v -0.005778668 -0.014298936 -0.023941522
v -0.005242411 -0.014567064 -0.023673393
v -0.005242411 -0.014298936 -0.022600879
v -0.004438026 -0.014567064 -0.024209650
v -0.004706155 -0.012422037 -0.015361410
v -0.005878494 -0.011589486 -0.015346204
v -0.005242411 -0.011617651 -0.018042695
v -0.005510540 -0.012153908 -0.021260237
v -0.004438026 -0.012422037 -0.022064622
v -0.004169898 -0.012958294 -0.023137136
v -0.005858905 -0.013962662 -0.023801280
v -0.005242411 -0.014567064 -0.023941522
v -0.005778668 -0.012422037 -0.021528365
v -0.005778668 -0.012153908 -0.020992108
f 981 977 974
f 981 974 973
f 981 973 977
f 986 973 974
f 986 974 980
f 989 980 978
f 990 980 974
f 990 974 978
f 990 978 980
f 991 982 974
f 991 974 977
f 991 977 982
f 992 978 974
f 992 974 982
f 992 982 976
f 993 992 976
f 993 978 992
f 995 984 983
f 995 976 984
f 995 983 993
f 996 977 973
f 996 973 985
f 996 985 994
f 997 986 980
f 997 973 986
f 997 980 987
f 998 987 985
f 998 985 973
f 998 997 987
f 998 973 997
f 1000 988 980
f 1000 975 988
f 1000 980 989
f 1001 980 988
f 1001 988 979
f 1001 979 999
f 1003 989 983
f 1003 1000 989
f 1003 975 1000
f 1003 983 984
f 1004 989 978
f 1004 978 993
f 1004 993 983
f 1004 983 989
f 1005 984 976
f 1006 976 982
f 1006 982 994
f 1006 994 1005
f 1007 994 982
f 1007 982 977
f 1007 977 994
f 1008 995 993
f 1008 993 976
f 1008 976 995
f 1009 996 994
f 1009 994 977
f 1009 977 996
f 1010 985 987
f 1010 1001 999
f 1010 987 1001
f 1011 1001 987
f 1011 987 980
f 1011 980 1001
f 1012 1002 979
f 1012 979 988
f 1012 988 1002
f 1013 1002 988
f 1013 988 975
f 1013 975 1002
f 1014 1002 975
f 1014 984 1002
f 1014 1003 984
f 1014 975 1003
f 1015 1002 984
f 1015 984 1005
f 1015 1005 994
f 1015 1010 999
f 1015 994 985
f 1015 985 1010
f 1016 1006 1005
f 1016 1005 976
f 1016 976 1006
f 1017 1002 1015
f 1018 979 1002
f 1018 1002 1017
f 1018 999 979
f 1018 1017 1015
f 1018 1015 999
o proximal022
usemtl Material022
v 0.009995198 0.004749670 -0.004891051
v 0.010531496 0.000666820 -0.005967776
v 0.010309041 0.001788773 -0.013752639
v 0.009201897 0.003417108 -0.013763898
v 0.008432141 0.004470058 -0.005976913
v 0.009834839 0.000693544 -0.013769572
v 0.009504655 0.003933801 -0.012411997
v 0.010577169 0.002593159 -0.006513170
v 0.009504655 0.002861287 -0.005440656
v 0.010309041 0.000716259 -0.013216382
v 0.009112807 0.002183121 -0.013795304
v 0.010040912 0.000716259 -0.005976913
v 0.010040912 0.004738187 -0.005708785
v 0.009504655 0.003665673 -0.012948254
v 0.008230029 0.004779787 -0.012939077
v 0.010159845 0.004109992 -0.004959828
v 0.009772784 0.003933801 -0.004904399
v 0.010309041 0.000984388 -0.013752639
v 0.010031077 0.000668505 -0.007632578
v 0.008968398 0.002056902 -0.012411997
v 0.009236527 0.002593159 -0.005708785
v 0.010577169 0.002056902 -0.009462583
v 0.009236527 0.004201930 -0.012411997
v 0.008752267 0.004872800 -0.005832748
v 0.008218623 0.004726946 -0.012950733
v 0.008700270 0.004470058 -0.005708785
v 0.008164013 0.004201930 -0.010266969
v 0.010577169 0.001520645 -0.009998840
v 0.008164013 0.004738187 -0.008926326
v 0.008164013 0.003933801 -0.012948254
v 0.008164013 0.004470058 -0.008926326
v 0.010577169 0.001788773 -0.009998840
v 0.010577169 0.001252516 -0.009730712
v 0.008607000 0.004846000 -0.006038000
v 0.008164013 0.003933801 -0.012411997
v 0.010577169 0.000716259 -0.006781298
f 1028 1020 1024
f 1029 1022 1021
f 1029 1021 1024
f 1031 1021 1025
f 1032 1025 1021
f 1032 1021 1022
f 1033 1032 1022
f 1034 1020 1026
f 1034 1031 1019
f 1034 1026 1031
f 1035 1034 1019
f 1035 1027 1030
f 1035 1030 1020
f 1035 1020 1034
f 1036 1028 1024
f 1036 1024 1021
f 1037 1030 1024
f 1037 1024 1020
f 1037 1020 1030
f 1038 1029 1024
f 1038 1024 1030
f 1039 1030 1027
f 1039 1027 1035
f 1040 1031 1026
f 1040 1021 1031
f 1041 1033 1031
f 1041 1031 1025
f 1041 1025 1032
f 1041 1032 1033
f 1042 1019 1031
f 1042 1031 1033
f 1043 1033 1022
f 1043 1022 1029
f 1044 1035 1019
f 1044 1039 1035
f 1044 1023 1039
f 1044 1042 1023
f 1044 1019 1042
f 1045 1038 1030
f 1045 1030 1039
f 1046 1036 1021
f 1046 1040 1026
f 1047 1033 1043
f 1048 1043 1029
f 1048 1029 1038
f 1048 1047 1043
f 1048 1045 1047
f 1049 1045 1039
f 1049 1039 1023
f 1049 1047 1045
f 1049 1023 1047
f 1050 1046 1021
f 1050 1021 1040
f 1050 1040 1046
f 1051 1028 1036
f 1051 1036 1046
f 1051 1046 1026
f 1052 1042 1033
f 1052 1033 1047
f 1052 1047 1023
f 1052 1023 1042
f 1053 1048 1038
f 1053 1038 1045
f 1053 1045 1048
f 1054 1020 1028
f 1054 1028 1051
f 1054 1051 1026
f 1054 1026 1020
o proximal023
usemtl Material023
v -0.010116558 -0.001147665 0.003411262
v -0.008647342 -0.005535289 0.003381158
v -0.008459953 -0.005450696 -0.000346215
v -0.010604981 -0.001160640 -0.002759371
v -0.011409367 -0.004914439 -0.002491243
v -0.010235619 -0.001114090 -0.002734939
v -0.009264339 -0.003305668 0.003407584
v -0.010873110 -0.003037540 0.003139456
v -0.010336853 -0.005718824 -0.002759371
v -0.010604981 -0.001160640 -0.002491243
v -0.010068724 -0.004914439 0.003407584
v -0.008459953 -0.005450696 0.000458171
v -0.008509346 -0.005828475 -0.000327574
v -0.009264339 -0.005450696 -0.002759371
v -0.011356447 -0.004766460 -0.002873043
v -0.010604981 -0.001428769 0.002871327
v -0.011141238 -0.002501283 -0.001150600
v -0.008996210 -0.005718824 0.003407584
v -0.010604981 -0.001965026 0.003407584
v -0.008728082 -0.005182567 0.003407584
v -0.008468916 -0.005744460 0.000460491
v -0.008996210 -0.005450696 -0.002223114
v -0.009311377 -0.005801682 -0.002746291
v -0.010873110 -0.001965026 0.002066942
v -0.011141238 -0.002501283 -0.002759371
v -0.009123316 -0.005841012 -0.002191506
v -0.009800596 -0.005450696 0.003139456
v -0.010873110 -0.002501283 0.003139456
v -0.011409367 -0.004110053 -0.002491243
v -0.009264339 -0.005718824 0.003139456
v -0.009532467 -0.005450696 0.003407584
v -0.010336853 -0.005718824 -0.002491243
v -0.010873110 -0.002233154 0.002871327
v -0.009532467 -0.005718824 0.001798813
f 1060 1055 1057
f 1061 1057 1055
f 1064 1060 1058
f 1064 1055 1060
f 1065 1062 1059
f 1066 1057 1061
f 1068 1058 1060
f 1069 1063 1059
f 1069 1058 1068
f 1070 1055 1064
f 1071 1064 1058
f 1073 1065 1055
f 1073 1062 1065
f 1073 1055 1070
f 1074 1066 1061
f 1074 1056 1066
f 1074 1072 1056
f 1074 1061 1055
f 1074 1055 1072
f 1075 1066 1056
f 1075 1072 1067
f 1075 1056 1072
f 1075 1067 1057
f 1075 1057 1066
f 1076 1068 1060
f 1076 1060 1057
f 1076 1057 1067
f 1077 1069 1068
f 1077 1063 1069
f 1077 1068 1076
f 1078 1070 1064
f 1078 1064 1071
f 1079 1071 1058
f 1079 1058 1069
f 1080 1063 1077
f 1080 1077 1076
f 1080 1076 1067
f 1081 1065 1059
f 1082 1073 1070
f 1082 1062 1073
f 1082 1059 1062
f 1083 1079 1069
f 1083 1069 1059
f 1083 1071 1079
f 1083 1059 1082
f 1084 1080 1067
f 1084 1067 1072
f 1085 1065 1081
f 1085 1072 1055
f 1085 1055 1065
f 1085 1084 1072
f 1085 1081 1084
f 1086 1081 1059
f 1086 1059 1063
f 1086 1063 1080
f 1087 1082 1070
f 1087 1070 1078
f 1087 1078 1071
f 1087 1083 1082
f 1087 1071 1083
f 1088 1084 1081
f 1088 1081 1086
f 1088 1086 1080
f 1088 1080 1084
o proximal024
usemtl Material024
v 0.012722197 0.006615086 0.012255824
v 0.012526265 0.005600322 0.012278823
v 0.012454069 0.005542572 0.004480098
v 0.010465378 0.006409500 0.003432854
v 0.011027166 0.006963985 0.012289706
v 0.011620405 0.003835144 0.004989202
v 0.012185940 0.006346958 0.005552612
v 0.012722197 0.005542572 0.009038282
v 0.011539311 0.003884895 0.003399802
v 0.010309041 0.004738187 0.003943841
v 0.011113426 0.006615086 0.012255824
v 0.012454069 0.006078829 0.005016355
v 0.011381555 0.007151343 0.011719567
v 0.011917812 0.003933801 0.003943841
v 0.010845298 0.006615086 0.003407584
v 0.010569442 0.006866069 0.009307881
v 0.010577169 0.004470058 0.003675713
v 0.012185940 0.005542572 0.011719567
v 0.012722197 0.006615086 0.011451439
v 0.012722197 0.006078829 0.009038282
v 0.011381555 0.007151343 0.012255824
v 0.012454069 0.005006315 0.005016355
v 0.011649683 0.004738187 0.003407584
v 0.012501745 0.005528520 0.012250228
v 0.010309041 0.004738187 0.003407584
v 0.012454069 0.005810701 0.004480098
v 0.011649683 0.006615086 0.005552612
v 0.010309041 0.005542572 0.003675713
v 0.010577169 0.006883214 0.006088869
v 0.012454069 0.006346958 0.006893254
v 0.012185940 0.006883214 0.010915182
v 0.012722197 0.006346958 0.009574539
v 0.012185940 0.006883214 0.012255824
v 0.011113426 0.007151343 0.011719567
v 0.011687666 0.003918039 0.005280194
v 0.010309041 0.005542572 0.003407584
v 0.010577169 0.004470058 0.003407584
v 0.012185940 0.006078829 0.004480098
v 0.010309041 0.005274444 0.003943841
v 0.010845298 0.006883214 0.006088869
v 0.012454069 0.006615086 0.009574539
v 0.012185940 0.006615086 0.007965768
v 0.011917812 0.006883214 0.009842668
v 0.011917812 0.006615086 0.006625126
f 1093 1090 1089
f 1096 1089 1090
f 1099 1090 1093
f 1099 1098 1094
f 1102 1094 1097
f 1103 1095 1100
f 1104 1099 1093
f 1104 1098 1099
f 1105 1094 1098
f 1106 1099 1094
f 1107 1089 1096
f 1108 1096 1091
f 1108 1107 1096
f 1110 1102 1091
f 1110 1091 1096
f 1110 1096 1102
f 1111 1102 1097
f 1111 1091 1102
f 1111 1097 1103
f 1112 1102 1096
f 1112 1096 1090
f 1112 1106 1094
f 1112 1090 1099
f 1112 1099 1106
f 1113 1105 1098
f 1114 1111 1103
f 1114 1091 1111
f 1114 1108 1091
f 1114 1100 1108
f 1115 1095 1103
f 1116 1104 1092
f 1116 1113 1098
f 1117 1103 1092
f 1117 1092 1104
f 1118 1100 1095
f 1119 1089 1107
f 1119 1101 1109
f 1120 1108 1100
f 1120 1107 1108
f 1120 1118 1107
f 1120 1100 1118
f 1121 1109 1093
f 1121 1093 1089
f 1121 1119 1109
f 1121 1089 1119
f 1122 1104 1093
f 1122 1093 1109
f 1122 1117 1104
f 1122 1109 1101
f 1122 1101 1117
f 1123 1112 1094
f 1123 1094 1102
f 1123 1102 1112
f 1124 1103 1097
f 1124 1097 1113
f 1124 1092 1103
f 1124 1116 1092
f 1124 1113 1116
f 1125 1113 1097
f 1125 1105 1113
f 1125 1097 1094
f 1125 1094 1105
f 1126 1114 1103
f 1126 1103 1100
f 1126 1100 1114
f 1127 1116 1098
f 1127 1098 1104
f 1127 1104 1116
f 1128 1115 1103
f 1128 1103 1117
f 1128 1117 1101
f 1129 1119 1107
f 1129 1107 1118
f 1130 1118 1095
f 1130 1129 1118
f 1130 1119 1129
f 1131 1119 1115
f 1131 1115 1128
f 1131 1128 1101
f 1131 1101 1119
f 1132 1130 1095
f 1132 1095 1115
f 1132 1115 1119
f 1132 1119 1130
o proximal025
usemtl Material025
v -0.012086560 -0.000676930 -0.012715517
v -0.012213752 -0.001428769 -0.013216382
v -0.013018138 0.000716259 -0.021796494
v -0.014431331 -0.001482333 -0.022176370
v -0.014090652 -0.001160640 -0.013484511
v -0.012750009 -0.002501283 -0.016165796
v -0.012023092 -0.000199629 -0.013050181
v -0.012617570 -0.002264363 -0.012959497
v -0.013554395 0.000984388 -0.021260237
v -0.013018138 0.000448131 -0.021528365
v -0.014626909 -0.002501283 -0.016702053
v -0.013018138 0.000716259 -0.013484511
v -0.012360624 -0.001364884 -0.012640222
v -0.012481881 -0.002233154 -0.014020768
v -0.013554395 0.000984388 -0.021796494
v -0.014626909 -0.001428769 -0.021796494
v -0.014090652 -0.001965026 -0.022064622
v -0.014090652 -0.001696897 -0.013484511
v -0.012833743 -0.002504687 -0.014817401
v -0.012213752 0.000716259 -0.013484511
v -0.013554395 0.000716259 -0.014825153
v -0.012600067 -0.002207749 -0.012934798
v -0.013554395 -0.000356255 -0.013216382
v -0.013152096 0.001197511 -0.021813600
v -0.014626909 -0.001965026 -0.016970181
v -0.013822523 0.000448131 -0.021796494
v -0.013286266 -0.000088126 -0.021796494
v -0.014590238 -0.002514322 -0.022067578
v -0.013018138 -0.002233154 -0.013216382
v -0.014358780 -0.002501283 -0.016165796
v -0.012481881 -0.000088126 -0.012948254
v -0.012223356 0.001202614 -0.014629353
v -0.013822523 -0.001696897 -0.013216382
v -0.013554395 0.000448131 -0.014020768
v -0.013111104 0.001289554 -0.021784650
v -0.014626909 -0.002233154 -0.016702053
v -0.014090652 -0.000624383 -0.014557025
v -0.013822523 0.000448131 -0.021528365
v -0.013822523 -0.001965026 -0.013752639
v -0.013018138 0.000180002 -0.013216382
v -0.012481881 -0.000624383 -0.012680125
v -0.012213752 0.001252516 -0.014288896
v -0.012157443 0.000906201 -0.014393796
v -0.012750009 -0.001428769 -0.012680125
v -0.013822523 -0.000892512 -0.013216382
v -0.013286266 0.000448131 -0.013484511
v -0.013018138 0.001252516 -0.014288896
v -0.014358780 -0.001160640 -0.016433924
v -0.013822523 -0.000088126 -0.014020768
v -0.012481881 0.000984388 -0.013752639
v -0.012750009 -0.001160640 -0.012680125
v -0.013286266 0.000984388 -0.014288896
v -0.013286266 0.000716259 -0.013752639
v -0.013018138 0.000984388 -0.013752639
f 1139 1133 1134
f 1142 1134 1138
f 1142 1139 1134
f 1142 1135 1139
f 1145 1134 1133
f 1146 1138 1134
f 1146 1134 1140
f 1149 1136 1135
f 1150 1137 1143
f 1151 1146 1140
f 1151 1138 1146
f 1152 1133 1139
f 1154 1140 1134
f 1154 1134 1145
f 1156 1135 1136
f 1156 1136 1147
f 1157 1148 1143
f 1158 1147 1136
f 1158 1136 1148
f 1158 1141 1147
f 1159 1142 1138
f 1159 1138 1149
f 1159 1149 1135
f 1159 1135 1142
f 1160 1149 1138
f 1160 1143 1148
f 1160 1148 1136
f 1160 1136 1149
f 1160 1138 1151
f 1162 1151 1140
f 1162 1160 1151
f 1162 1143 1160
f 1162 1140 1161
f 1162 1150 1143
f 1163 1152 1144
f 1163 1133 1152
f 1165 1161 1140
f 1165 1150 1161
f 1165 1137 1150
f 1166 1137 1155
f 1167 1156 1147
f 1167 1147 1141
f 1167 1164 1135
f 1167 1135 1156
f 1168 1157 1143
f 1168 1143 1137
f 1168 1137 1157
f 1169 1153 1148
f 1169 1157 1137
f 1170 1153 1141
f 1170 1141 1158
f 1170 1158 1148
f 1170 1148 1153
f 1171 1162 1161
f 1171 1161 1150
f 1171 1150 1162
f 1172 1163 1144
f 1173 1145 1133
f 1173 1133 1163
f 1173 1172 1155
f 1173 1163 1172
f 1174 1152 1139
f 1174 1164 1167
f 1175 1139 1135
f 1175 1135 1164
f 1175 1174 1139
f 1175 1164 1174
f 1176 1165 1140
f 1176 1140 1154
f 1176 1154 1145
f 1177 1155 1137
f 1177 1137 1165
f 1177 1165 1176
f 1177 1173 1155
f 1178 1166 1155
f 1178 1172 1144
f 1178 1155 1172
f 1179 1174 1167
f 1179 1167 1141
f 1180 1169 1148
f 1180 1148 1157
f 1180 1157 1169
f 1181 1166 1153
f 1181 1153 1169
f 1181 1169 1137
f 1181 1137 1166
f 1182 1144 1152
f 1182 1152 1174
f 1182 1174 1179
f 1183 1176 1145
f 1183 1145 1173
f 1183 1177 1176
f 1183 1173 1177
f 1184 1153 1166
f 1184 1179 1141
f 1184 1141 1153
f 1185 1178 1144
f 1185 1179 1184
f 1185 1184 1166
f 1185 1166 1178
f 1186 1182 1179
f 1186 1144 1182
f 1186 1185 1144
f 1186 1179 1185
o proximal026
usemtl Material026
v 0.005214600 -0.010277009 -0.014825153
v 0.006018985 -0.009472623 -0.015897667
v 0.003337700 -0.010277009 -0.015093282
v 0.002533315 -0.011885780 -0.022332751
v 0.004946471 -0.011349523 -0.021528365
v 0.005750856 -0.008668238 -0.021260237
v 0.002801443 -0.011885780 -0.015361410
v 0.005750856 -0.008668238 -0.015897667
v 0.005482728 -0.010813266 -0.015361410
v 0.003337700 -0.010813266 -0.022064622
v 0.005482728 -0.010277009 -0.021796494
v 0.003403538 -0.010486681 -0.014720159
v 0.002261226 -0.011360731 -0.015358459
v 0.002533315 -0.012422037 -0.022332751
v 0.006083856 -0.008744787 -0.015898940
v 0.005750856 -0.010277009 -0.015361410
v 0.005214600 -0.010813266 -0.015093282
v 0.003873957 -0.010813266 -0.022064622
v 0.006018985 -0.009204495 -0.021260237
v 0.005482728 -0.010813266 -0.020455851
v 0.004009475 -0.010160456 -0.014752393
v 0.002194958 -0.011874337 -0.020436024
v 0.003605829 -0.011081394 -0.014825153
v 0.003337700 -0.011885780 -0.015629539
v 0.005482728 -0.010545137 -0.021796494
v 0.002801443 -0.011885780 -0.022332751
v 0.002265186 -0.011885780 -0.015897667
v 0.005152728 -0.009906777 -0.015019518
v 0.006018985 -0.008668238 -0.021260237
v 0.005482728 -0.010545137 -0.015093282
v 0.005750856 -0.010008880 -0.015361410
v 0.006018985 -0.009472623 -0.017506438
v 0.002206278 -0.012118053 -0.021982892
v 0.003069572 -0.011885780 -0.015361410
v 0.004946471 -0.010545137 -0.014825153
v 0.004946471 -0.011349523 -0.020187723
v 0.004678343 -0.011349523 -0.021796494
v 0.005214600 -0.011081394 -0.021528365
v 0.002265186 -0.012422037 -0.021796494
v 0.002173841 -0.011591525 -0.016669885
v 0.005750856 -0.010277009 -0.018310823
v 0.002261749 -0.012230744 -0.022263174
v 0.002533315 -0.012422037 -0.021796494
v 0.005214600 -0.011081394 -0.015897667
v 0.002309000 -0.012249000 -0.022281000
f 1194 1192 1189
f 1196 1189 1192
f 1199 1189 1196
f 1199 1198 1189
f 1202 1188 1201
f 1204 1196 1192
f 1204 1190 1196
f 1206 1195 1191
f 1206 1202 1195
f 1207 1194 1189
f 1207 1189 1198
f 1207 1198 1187
f 1208 1199 1196
f 1209 1199 1193
f 1209 1198 1199
f 1210 1195 1203
f 1211 1197 1205
f 1211 1205 1206
f 1212 1200 1190
f 1212 1211 1200
f 1212 1197 1211
f 1212 1204 1197
f 1212 1190 1204
f 1213 1193 1199
f 1214 1201 1194
f 1214 1187 1201
f 1214 1207 1187
f 1214 1194 1207
f 1215 1192 1194
f 1215 1194 1201
f 1215 1201 1205
f 1215 1205 1197
f 1215 1204 1192
f 1215 1197 1204
f 1216 1202 1187
f 1216 1195 1202
f 1216 1203 1195
f 1216 1187 1203
f 1217 1202 1201
f 1217 1201 1187
f 1217 1187 1202
f 1218 1205 1201
f 1218 1201 1188
f 1218 1188 1202
f 1219 1208 1196
f 1219 1196 1190
f 1220 1209 1193
f 1220 1203 1209
f 1220 1210 1203
f 1221 1209 1203
f 1221 1203 1187
f 1221 1187 1198
f 1221 1198 1209
f 1222 1200 1191
f 1222 1191 1195
f 1223 1191 1200
f 1223 1200 1211
f 1224 1211 1206
f 1224 1206 1191
f 1224 1223 1211
f 1224 1191 1223
f 1225 1193 1213
f 1225 1220 1193
f 1226 1213 1199
f 1226 1199 1208
f 1226 1208 1219
f 1226 1225 1213
f 1226 1219 1225
f 1227 1206 1205
f 1227 1205 1218
f 1227 1218 1202
f 1227 1202 1206
f 1228 1219 1190
f 1228 1225 1219
f 1228 1200 1225
f 1229 1222 1210
f 1229 1200 1222
f 1229 1225 1200
f 1229 1210 1220
f 1229 1220 1225
f 1230 1222 1195
f 1230 1195 1210
f 1230 1210 1222
f 1231 1228 1190
f 1231 1190 1200
f 1231 1200 1228
o proximal027
usemtl Material027
v -0.006583054 0.005542572 -0.001686857
v -0.006118727 0.005430871 -0.001782433
v -0.004930267 0.008558494 -0.008386295
v -0.006685480 0.007842462 -0.011454174
v -0.007870966 0.005255037 -0.008390973
v -0.007387439 0.006346958 -0.002759371
v -0.006583054 0.006078829 -0.002223114
v -0.007309615 0.005115913 -0.002057667
v -0.005242411 0.006883214 -0.009998840
v -0.007119311 0.007419471 -0.007049427
v -0.006314925 0.005810701 -0.001954986
v -0.007387439 0.006078829 -0.002223114
v -0.006851182 0.006346958 -0.002759371
v -0.006221131 0.005223471 -0.001738351
v -0.005242411 0.006615086 -0.005440656
v -0.006851182 0.006883214 -0.011339483
v -0.005053400 0.008534038 -0.011337593
v -0.005242411 0.008491985 -0.008390069
v -0.007655568 0.006883214 -0.009730712
v -0.005364947 0.007194900 -0.005433571
v -0.007387439 0.005542572 -0.001954986
v -0.007923696 0.005810701 -0.003295628
v -0.006583054 0.005274444 -0.001686857
v -0.005778668 0.005542572 -0.005708785
v -0.004706155 0.008223857 -0.009462583
v -0.005778668 0.006615086 -0.010535097
v -0.005510540 0.007419471 -0.011339483
v -0.006851182 0.007955728 -0.011071354
v -0.004952669 0.008574966 -0.009454010
v -0.007308745 0.006837266 -0.011348244
v -0.004706155 0.008223857 -0.008390069
v -0.007655568 0.006078829 -0.002759371
v -0.007695153 0.005162174 -0.002812652
v -0.007923696 0.006078829 -0.008390069
v -0.007655568 0.006883214 -0.008121941
v -0.005778668 0.005542572 -0.005440656
v -0.005242411 0.006615086 -0.005976913
v -0.004974283 0.007955728 -0.011339483
v -0.005778668 0.006883214 -0.011071354
v -0.007119311 0.007687600 -0.011339483
v -0.007387439 0.007151343 -0.007317555
v -0.007923696 0.005542572 -0.002759371
v -0.007923696 0.006078829 -0.007853812
v -0.005510540 0.006078829 -0.005976913
v -0.004974283 0.007419471 -0.009730712
v -0.005116400 0.008413371 -0.011346160
v -0.005242411 0.007151343 -0.010803226
v -0.007119311 0.007687600 -0.011071354
v -0.007655568 0.005542572 -0.002223114
v -0.007508318 0.005144021 -0.002286359
v -0.005510540 0.006883214 -0.010803226
f 1242 1238 1232
f 1242 1232 1233
f 1242 1234 1238
f 1243 1238 1237
f 1243 1232 1238
f 1244 1238 1234
f 1244 1234 1237
f 1244 1237 1238
f 1245 1239 1236
f 1245 1233 1232
f 1246 1233 1245
f 1249 1241 1237
f 1249 1237 1234
f 1251 1242 1233
f 1251 1234 1242
f 1251 1233 1246
f 1252 1232 1243
f 1254 1245 1232
f 1254 1239 1245
f 1254 1252 1239
f 1254 1232 1252
f 1255 1245 1236
f 1257 1255 1236
f 1257 1240 1255
f 1258 1247 1235
f 1259 1241 1249
f 1259 1249 1248
f 1259 1248 1235
f 1260 1249 1234
f 1260 1248 1249
f 1260 1256 1248
f 1260 1234 1256
f 1261 1247 1236
f 1261 1235 1247
f 1262 1251 1246
f 1262 1234 1251
f 1262 1256 1234
f 1262 1246 1256
f 1263 1243 1237
f 1263 1237 1241
f 1264 1236 1239
f 1265 1261 1236
f 1265 1250 1261
f 1266 1250 1265
f 1267 1255 1246
f 1267 1246 1245
f 1267 1245 1255
f 1268 1246 1255
f 1268 1256 1246
f 1269 1248 1256
f 1269 1258 1235
f 1270 1257 1236
f 1270 1236 1247
f 1270 1247 1258
f 1270 1258 1269
f 1271 1259 1235
f 1271 1235 1261
f 1271 1261 1250
f 1271 1250 1266
f 1272 1263 1241
f 1272 1253 1263
f 1272 1266 1253
f 1273 1263 1253
f 1273 1243 1263
f 1273 1236 1264
f 1273 1265 1236
f 1273 1253 1265
f 1274 1266 1265
f 1274 1265 1253
f 1274 1253 1266
f 1275 1268 1255
f 1275 1255 1240
f 1275 1240 1268
f 1276 1268 1240
f 1276 1256 1268
f 1276 1269 1256
f 1276 1240 1269
f 1277 1269 1235
f 1277 1235 1248
f 1277 1248 1269
f 1278 1270 1269
f 1278 1269 1240
f 1279 1241 1259
f 1279 1259 1271
f 1279 1272 1241
f 1279 1271 1266
f 1279 1266 1272
f 1280 1252 1243
f 1280 1243 1273
f 1280 1239 1252
f 1281 1273 1264
f 1281 1264 1239
f 1281 1280 1273
f 1281 1239 1280
f 1282 1278 1240
f 1282 1240 1257
f 1282 1257 1270
f 1282 1270 1278
o proximal028
usemtl Material028
v -0.011191593 -0.002152445 -0.005311729
v -0.010006560 -0.007667598 -0.008669244
v -0.011677495 -0.003573797 -0.009730712
v -0.013018138 -0.002501283 -0.009998840
v -0.011945624 -0.005182567 -0.005708785
v -0.010604981 -0.007863852 -0.009998840
v -0.012533166 -0.002209123 -0.009999001
v -0.010873110 -0.002233154 -0.005708785
v -0.010734717 -0.006218750 -0.005434710
v -0.012750009 -0.002501283 -0.005976913
v -0.010022652 -0.007732824 -0.010006730
v -0.012213752 -0.006523210 -0.009730712
v -0.012144348 -0.001350740 -0.006775163
v -0.012213752 -0.002501283 -0.005440656
v -0.010979109 -0.002299225 -0.005383968
v -0.010751659 -0.005576313 -0.005423396
v -0.010336853 -0.007863852 -0.008658198
v -0.010068724 -0.007327595 -0.009462583
v -0.010604981 -0.005718824 -0.009462583
v -0.011677495 -0.003841925 -0.009998840
v -0.012893826 -0.004158186 -0.010132840
v -0.012750009 -0.003305668 -0.005976913
v -0.011141238 -0.007595724 -0.008926326
v -0.012025550 -0.001425640 -0.005424768
v -0.012481881 -0.001428769 -0.006781298
v -0.011700122 -0.004808246 -0.005456671
v -0.011141238 -0.001965026 -0.005708785
v -0.010754327 -0.006287691 -0.005446400
v -0.012195132 -0.006518859 -0.010070040
v -0.013018138 -0.004110053 -0.009730712
v -0.010604981 -0.007863852 -0.009194455
v -0.013018138 -0.002501283 -0.008926326
v -0.012481881 -0.001428769 -0.006245042
v -0.012481881 -0.003037540 -0.005708785
v -0.013018138 -0.003037540 -0.008658198
v -0.012750009 -0.002233154 -0.006245042
v -0.013018138 -0.002769411 -0.008658198
f 1290 1285 1289
f 1295 1290 1289
f 1298 1291 1284
f 1298 1284 1290
f 1298 1290 1297
f 1298 1297 1283
f 1298 1283 1291
f 1299 1293 1284
f 1299 1288 1293
f 1300 1293 1290
f 1300 1290 1284
f 1300 1284 1293
f 1301 1285 1290
f 1301 1290 1293
f 1302 1289 1285
f 1302 1301 1293
f 1302 1285 1301
f 1303 1286 1289
f 1303 1302 1293
f 1303 1289 1302
f 1304 1294 1287
f 1305 1287 1294
f 1306 1296 1283
f 1306 1292 1296
f 1307 1295 1289
f 1307 1289 1286
f 1308 1291 1283
f 1308 1283 1296
f 1309 1297 1290
f 1309 1283 1297
f 1309 1306 1283
f 1309 1290 1295
f 1309 1295 1306
f 1310 1299 1284
f 1310 1284 1291
f 1310 1305 1299
f 1310 1287 1305
f 1310 1308 1287
f 1310 1291 1308
f 1311 1303 1293
f 1311 1293 1288
f 1311 1305 1294
f 1311 1288 1305
f 1312 1294 1304
f 1312 1311 1294
f 1312 1303 1311
f 1312 1286 1303
f 1313 1305 1288
f 1313 1288 1299
f 1313 1299 1305
f 1314 1307 1286
f 1314 1286 1312
f 1315 1306 1295
f 1315 1295 1307
f 1315 1292 1306
f 1315 1307 1314
f 1316 1304 1287
f 1316 1287 1308
f 1316 1308 1296
f 1316 1296 1292
f 1316 1292 1304
f 1317 1314 1312
f 1317 1312 1304
f 1317 1304 1292
f 1318 1315 1314
f 1318 1314 1292
f 1318 1292 1315
f 1319 1317 1292
f 1319 1292 1314
f 1319 1314 1317
o proximal029
usemtl Material029
v -0.013853091 -0.007673424 -0.021960459
v -0.012866748 -0.010944233 -0.022669830
v -0.013018138 -0.011081394 -0.025818421
v -0.016503808 -0.006791338 -0.027159064
v -0.015431294 -0.008400109 -0.022332751
v -0.015163166 -0.007059467 -0.026354678
v -0.013018138 -0.009204495 -0.023137136
v -0.013554395 -0.009472623 -0.022064622
v -0.015163166 -0.006791338 -0.022064622
v -0.015967551 -0.010277009 -0.026354678
v -0.013286266 -0.011081394 -0.026354678
v -0.012969161 -0.009342506 -0.022085555
v -0.013822523 -0.007595724 -0.022332751
v -0.013286266 -0.011081394 -0.022600879
v -0.017040065 -0.007863852 -0.026622807
v -0.015163166 -0.006791338 -0.025282164
v -0.014895037 -0.008400109 -0.022064622
v -0.016235679 -0.006791338 -0.027159064
v -0.015163166 -0.010277009 -0.026890935
v -0.013055602 -0.009304026 -0.022048610
v -0.014750740 -0.006842888 -0.022009985
v -0.014626909 -0.010545137 -0.023673393
v -0.013822523 -0.011349523 -0.026354678
v -0.013018138 -0.011349523 -0.023137136
v -0.015889391 -0.006655933 -0.023954643
v -0.017040065 -0.008131981 -0.026622807
v -0.014895037 -0.007059467 -0.025282164
v -0.014090652 -0.009204495 -0.022064622
v -0.015163166 -0.007059467 -0.022064622
v -0.015431294 -0.006791338 -0.025818421
v -0.015163166 -0.010008880 -0.026890935
v -0.016771936 -0.008400109 -0.027159064
v -0.014626909 -0.006791338 -0.022600879
v -0.015431294 -0.008668238 -0.022600879
v -0.013018138 -0.011349523 -0.025818421
v -0.013286266 -0.011349523 -0.026354678
v -0.015823232 -0.010157296 -0.026782752
v -0.014358780 -0.011081394 -0.024477779
v -0.016503808 -0.006791338 -0.026086550
v -0.015650355 -0.006679647 -0.023154289
v -0.016503808 -0.008400109 -0.027159064
v -0.017040065 -0.008131981 -0.027159064
v -0.013554395 -0.011349523 -0.023941522
v -0.014626909 -0.010813266 -0.024209650
v -0.017040065 -0.007595724 -0.027159064
v -0.017040065 -0.007595724 -0.026890935
v -0.015431294 -0.008131981 -0.022332751
v -0.016235679 -0.007059467 -0.027159064
v -0.013822523 -0.011349523 -0.025014036
v -0.013286266 -0.011349523 -0.023137136
v -0.014358780 -0.010813266 -0.023673393
f 1326 1321 1322
f 1326 1322 1325
f 1330 1325 1322
f 1331 1321 1326
f 1332 1326 1325
f 1332 1331 1326
f 1332 1320 1331
f 1333 1321 1331
f 1337 1325 1330
f 1339 1331 1320
f 1339 1320 1327
f 1339 1333 1331
f 1339 1327 1333
f 1340 1320 1332
f 1340 1336 1320
f 1343 1321 1333
f 1344 1337 1323
f 1345 1324 1334
f 1346 1332 1325
f 1346 1325 1335
f 1347 1327 1320
f 1347 1320 1336
f 1347 1333 1327
f 1347 1336 1324
f 1347 1324 1333
f 1348 1328 1324
f 1348 1324 1336
f 1348 1340 1328
f 1348 1336 1340
f 1349 1335 1325
f 1349 1325 1337
f 1349 1344 1335
f 1349 1337 1344
f 1350 1338 1337
f 1350 1337 1330
f 1350 1330 1338
f 1351 1323 1337
f 1352 1340 1332
f 1352 1335 1344
f 1352 1328 1340
f 1352 1346 1335
f 1352 1332 1346
f 1353 1341 1333
f 1353 1333 1324
f 1353 1329 1341
f 1353 1345 1329
f 1353 1324 1345
f 1354 1330 1322
f 1354 1343 1342
f 1354 1322 1321
f 1354 1321 1343
f 1355 1342 1338
f 1355 1338 1330
f 1355 1354 1342
f 1355 1330 1354
f 1356 1342 1329
f 1356 1338 1342
f 1356 1351 1338
f 1357 1329 1342
f 1358 1344 1323
f 1359 1344 1334
f 1359 1352 1344
f 1359 1328 1352
f 1360 1351 1337
f 1360 1338 1351
f 1361 1329 1345
f 1361 1345 1334
f 1361 1323 1351
f 1361 1356 1329
f 1361 1351 1356
f 1362 1342 1343
f 1363 1341 1329
f 1363 1329 1357
f 1364 1358 1323
f 1364 1361 1334
f 1364 1323 1361
f 1365 1334 1344
f 1365 1344 1358
f 1365 1364 1334
f 1365 1358 1364
f 1366 1359 1334
f 1366 1334 1324
f 1366 1324 1328
f 1366 1328 1359
f 1367 1360 1337
f 1367 1337 1338
f 1367 1338 1360
f 1368 1362 1357
f 1368 1357 1342
f 1368 1342 1362
f 1369 1362 1343
f 1369 1343 1333
f 1369 1357 1362
f 1369 1363 1357
f 1370 1333 1341
f 1370 1341 1363
f 1370 1369 1333
f 1370 1363 1369
o proximal030
usemtl Material030
v -0.006677579 0.002096653 0.018448493
v -0.006583054 0.001520645 0.018422779
v -0.006314925 0.002861287 0.008233897
v -0.008720112 -0.000601490 0.006613207
v -0.008996210 -0.002233154 0.011183310
v -0.006583054 0.003665673 0.015205237
v -0.007655568 0.000180002 0.017886522
v -0.008459953 -0.002501283 0.010378925
v -0.006851182 0.003129416 0.008233897
v -0.007387439 0.001520645 0.017886522
v -0.006148357 0.003729185 0.015206736
v -0.007302035 0.000233214 0.018415173
v -0.007655568 -0.000624383 0.008770154
v -0.008978356 -0.002773787 0.006625191
v -0.006421636 0.003436842 0.008235307
v -0.008996210 -0.001965026 0.010647053
v -0.007655568 0.000716259 0.017886522
v -0.007119311 0.002056902 0.018154651
v -0.006046797 0.003397544 0.012523953
v -0.007185437 0.000090277 0.018439893
v -0.006583054 0.002056902 0.009038282
v -0.008910925 -0.002788965 0.009316981
v -0.008191825 -0.001696897 0.006625126
v -0.006324069 0.003669048 0.009306489
v -0.008996210 -0.001965026 0.006625126
v -0.008191825 -0.000624383 0.015473366
v -0.007387439 0.001252516 0.018422779
v -0.008191825 -0.000356255 0.015205237
v -0.006583054 0.001520645 0.017886522
v -0.007119311 0.000180002 0.017350265
v -0.007952414 -0.001178501 0.015475069
v -0.008191825 -0.001965026 0.010915182
v -0.007923696 -0.001160640 0.007429511
v -0.008945061 -0.002676330 0.006620792
v -0.008367530 -0.000782290 0.006691299
v -0.006268421 0.003748721 0.012528274
v -0.007119311 0.001788773 0.018422779
v -0.006314925 0.002593159 0.012792081
v -0.007119311 0.000716259 0.008770154
v -0.008751433 -0.002544605 0.011156138
f 1379 1374 1376
f 1380 1376 1374
f 1381 1376 1371
f 1381 1371 1372
f 1385 1374 1379
f 1388 1371 1376
f 1388 1376 1380
f 1389 1381 1372
f 1390 1372 1371
f 1390 1382 1377
f 1392 1384 1378
f 1392 1375 1384
f 1393 1378 1384
f 1393 1385 1373
f 1394 1385 1379
f 1394 1379 1376
f 1394 1381 1389
f 1394 1389 1373
f 1394 1373 1385
f 1395 1384 1375
f 1395 1375 1386
f 1395 1386 1374
f 1396 1377 1387
f 1397 1387 1377
f 1397 1377 1382
f 1397 1390 1371
f 1397 1382 1390
f 1397 1388 1380
f 1397 1380 1387
f 1398 1386 1375
f 1398 1396 1387
f 1398 1375 1396
f 1398 1387 1380
f 1398 1380 1374
f 1398 1374 1386
f 1399 1389 1372
f 1399 1391 1373
f 1400 1390 1378
f 1400 1391 1399
f 1400 1399 1372
f 1400 1372 1390
f 1401 1378 1390
f 1401 1390 1377
f 1401 1396 1375
f 1401 1377 1396
f 1402 1378 1393
f 1402 1400 1378
f 1402 1383 1400
f 1403 1402 1393
f 1403 1383 1402
f 1403 1393 1373
f 1404 1393 1384
f 1404 1374 1393
f 1404 1395 1374
f 1404 1384 1395
f 1405 1393 1374
f 1405 1374 1385
f 1405 1385 1393
f 1406 1394 1376
f 1406 1376 1381
f 1406 1381 1394
f 1407 1397 1371
f 1407 1371 1388
f 1407 1388 1397
f 1408 1399 1373
f 1408 1373 1389
f 1408 1389 1399
f 1409 1400 1383
f 1409 1391 1400
f 1409 1383 1403
f 1409 1403 1373
f 1409 1373 1391
f 1410 1392 1378
f 1410 1378 1401
f 1410 1401 1375
f 1410 1375 1392
o proximal031
usemtl Material031
v -0.010336853 -0.007327595 -0.009998840
v -0.008996210 -0.009204495 -0.011875740
v -0.008996210 -0.008400109 -0.011875740
v -0.012571764 -0.006036630 -0.014845831
v -0.011945624 -0.009204495 -0.013216382
v -0.010024344 -0.009886436 -0.014832410
v -0.011945624 -0.005986953 -0.010535097
v -0.010022652 -0.007732824 -0.010006730
v -0.012557362 -0.005987097 -0.014820782
v -0.011945624 -0.009472623 -0.014825153
v -0.010336853 -0.009740752 -0.012143868
v -0.009532467 -0.007863852 -0.011607611
v -0.012750009 -0.006791338 -0.010266969
v -0.009054683 -0.008487249 -0.011461546
v -0.012607146 -0.007133547 -0.014890797
v -0.010336853 -0.010008880 -0.013216382
v -0.009135257 -0.009144650 -0.011454734
v -0.011955472 -0.005985739 -0.009988060
v -0.009532467 -0.007863852 -0.011875740
v -0.011409367 -0.007595724 -0.009998840
v -0.012481881 -0.007059467 -0.010266969
v -0.012750009 -0.007059467 -0.010803226
v -0.012750009 -0.005986953 -0.010803226
v -0.011409367 -0.009740752 -0.014825153
v -0.010604981 -0.009740752 -0.012411997
v -0.011141238 -0.009740752 -0.013752639
v -0.010604981 -0.007863852 -0.009998840
v -0.012213752 -0.007059467 -0.009998840
v -0.012213752 -0.008936366 -0.014557025
v -0.012750009 -0.007327595 -0.013216382
v -0.012481881 -0.005986953 -0.009998840
v -0.010604981 -0.010008880 -0.014825153
v -0.011945624 -0.009472623 -0.014557025
v -0.011409367 -0.009740752 -0.014557025
v -0.011677495 -0.009472623 -0.013752639
v -0.010106288 -0.007702554 -0.009992408
v -0.012213752 -0.008936366 -0.014825153
v -0.012750009 -0.006255081 -0.010266969
v -0.010604981 -0.010008880 -0.014288896
f 1416 1413 1412
f 1418 1413 1411
f 1419 1416 1414
f 1419 1413 1416
f 1422 1411 1413
f 1424 1412 1413
f 1424 1413 1418
f 1425 1414 1416
f 1426 1416 1412
f 1426 1412 1421
f 1427 1421 1412
f 1427 1424 1418
f 1427 1412 1424
f 1428 1422 1417
f 1428 1411 1422
f 1428 1417 1419
f 1429 1419 1417
f 1429 1417 1422
f 1429 1422 1413
f 1429 1413 1419
f 1431 1423 1415
f 1432 1415 1423
f 1433 1419 1414
f 1433 1432 1423
f 1433 1428 1419
f 1434 1420 1425
f 1435 1426 1421
f 1435 1431 1415
f 1435 1421 1430
f 1435 1430 1431
f 1436 1426 1435
f 1437 1427 1418
f 1437 1421 1427
f 1437 1430 1421
f 1438 1430 1428
f 1438 1431 1430
f 1438 1423 1431
f 1439 1415 1432
f 1440 1433 1414
f 1440 1414 1425
f 1440 1432 1433
f 1440 1439 1432
f 1441 1428 1433
f 1441 1438 1428
f 1441 1423 1438
f 1442 1434 1425
f 1442 1425 1416
f 1442 1416 1426
f 1443 1420 1434
f 1443 1439 1420
f 1443 1415 1439
f 1444 1426 1436
f 1444 1434 1442
f 1444 1443 1434
f 1444 1436 1443
f 1445 1436 1435
f 1445 1435 1415
f 1445 1443 1436
f 1445 1415 1443
f 1446 1437 1418
f 1446 1418 1411
f 1446 1411 1428
f 1446 1428 1430
f 1446 1430 1437
f 1447 1425 1420
f 1447 1420 1439
f 1447 1440 1425
f 1447 1439 1440
f 1448 1441 1433
f 1448 1433 1423
f 1448 1423 1441
f 1449 1444 1442
f 1449 1442 1426
f 1449 1426 1444
o proximal032
usemtl Material032
v -0.001756741 0.009832628 0.011183310
v -0.000416099 0.009832628 0.009306411
v -0.000684227 0.010637013 0.009306411
v -0.001760628 0.010981702 0.000454357
v -0.002677315 0.009216499 0.003406421
v -0.000416099 0.010905142 0.000726299
v -0.002292998 0.010368885 0.010110796
v -0.000304919 0.010569285 0.009305044
v -0.002460141 0.008887774 0.011157365
v -0.001220484 0.011173270 0.001530685
v -0.000952356 0.010368885 0.000458171
v -0.001756741 0.010368885 0.010647053
v -0.002829255 0.009564499 0.003407584
v -0.001739772 0.009095152 0.011247250
v -0.000380197 0.010435755 0.000450186
v -0.002561127 0.009296371 0.011183310
v -0.001220484 0.011173270 0.000458171
v -0.000416099 0.010905142 0.002066942
v -0.001756741 0.011173270 0.001798813
v -0.001488613 0.010637013 0.000458171
v -0.002024870 0.010368885 0.010647053
v -0.002829255 0.009296371 0.010110796
v -0.000952356 0.009296371 0.002603199
v -0.000416099 0.009832628 0.003407584
v -0.002024870 0.009832628 0.011183310
v -0.000684227 0.010905142 0.000458171
v -0.001488613 0.011173270 0.001798813
v -0.002561127 0.010100756 0.007429511
v -0.002561127 0.009564499 0.010915182
v -0.002685098 0.008985989 0.006622580
v -0.001756741 0.009028242 0.010915182
v -0.001488613 0.009296371 0.002603199
v -0.000684227 0.009564499 0.002871327
v -0.002561127 0.010100756 0.009842668
v -0.002292998 0.010100756 0.010647053
v -0.002595246 0.008928490 0.010094743
v -0.000952356 0.009296371 0.004748226
v -0.002829255 0.009564499 0.008770154
v -0.000684227 0.009564499 0.007965768
f 1459 1452 1457
f 1461 1457 1452
f 1461 1450 1457
f 1462 1453 1454
f 1463 1457 1450
f 1463 1451 1457
f 1464 1455 1457
f 1465 1458 1463
f 1466 1459 1455
f 1466 1464 1453
f 1467 1459 1457
f 1467 1457 1455
f 1467 1455 1459
f 1468 1453 1462
f 1468 1466 1453
f 1468 1459 1466
f 1469 1460 1454
f 1469 1454 1453
f 1469 1464 1460
f 1469 1453 1464
f 1470 1461 1452
f 1470 1450 1461
f 1470 1468 1456
f 1470 1452 1468
f 1471 1458 1465
f 1472 1460 1464
f 1473 1464 1457
f 1473 1457 1451
f 1474 1465 1463
f 1474 1463 1450
f 1474 1450 1470
f 1475 1466 1455
f 1475 1455 1464
f 1475 1464 1466
f 1476 1468 1452
f 1476 1452 1459
f 1476 1459 1468
f 1477 1468 1462
f 1478 1474 1470
f 1478 1465 1474
f 1478 1471 1465
f 1479 1471 1462
f 1479 1462 1454
f 1479 1472 1458
f 1479 1454 1472
f 1480 1463 1458
f 1480 1458 1472
f 1480 1451 1463
f 1481 1472 1454
f 1481 1454 1460
f 1481 1460 1472
f 1482 1472 1464
f 1482 1464 1473
f 1482 1473 1451
f 1483 1456 1468
f 1483 1468 1477
f 1483 1478 1456
f 1483 1471 1478
f 1483 1477 1462
f 1484 1478 1470
f 1484 1470 1456
f 1484 1456 1478
f 1485 1479 1458
f 1485 1458 1471
f 1485 1471 1479
f 1486 1480 1472
f 1486 1472 1482
f 1487 1483 1462
f 1487 1462 1471
f 1487 1471 1483
f 1488 1451 1480
f 1488 1480 1486
f 1488 1486 1482
f 1488 1482 1451
o proximal033
usemtl Material033
v 0.002171220 -0.006749461 0.018438162
v 0.002362930 -0.006833916 0.018407149
v 0.001228247 -0.006865395 0.015481046
v -0.003984174 -0.006232495 0.015486756
v -0.002292998 -0.007059467 0.018422779
v 0.000924544 -0.005986953 0.017350265
v -0.000416099 -0.007327595 0.018422779
v -0.003633641 -0.005986953 0.015473366
v -0.004652095 -0.005450366 0.018420564
v 0.001192672 -0.005986953 0.018422779
v 0.002265186 -0.006523210 0.017082137
v -0.001488613 -0.007327595 0.018422779
v 0.000656415 -0.008131981 0.015473366
v 0.000388287 -0.005986953 0.016814008
v -0.004625576 -0.005532482 0.018436971
v -0.004974283 -0.005450696 0.017350265
v -0.004438026 -0.005450696 0.017082137
v 0.001192672 -0.005986953 0.017886522
v 0.000656415 -0.008131981 0.015741494
v 0.002331291 -0.006908190 0.017072500
v 0.000964863 -0.007201848 0.015425480
v -0.001488613 -0.007595724 0.015473366
v -0.004730965 -0.005457209 0.017055515
v -0.004706155 -0.005986953 0.018422779
v 0.000120158 -0.008131981 0.015473366
v -0.003822351 -0.006288657 0.015460537
v -0.004974283 -0.005718824 0.017082137
v -0.003633641 -0.006523210 0.018422779
v -0.003365512 -0.006791338 0.015473366
v 0.000714220 -0.007702027 0.015447267
v 0.000120158 -0.008131981 0.015741494
v -0.004974283 -0.005718824 0.017350265
v -0.004438026 -0.006255081 0.018154651
v -0.004438026 -0.006255081 0.017082137
v -0.001756741 -0.007327595 0.017886522
v -0.003365512 -0.006791338 0.016277751
v -0.001488613 -0.007595724 0.015741494
v -0.002024870 -0.007327595 0.016545880
v -0.003901769 -0.006523210 0.017350265
f 1495 1490 1489
f 1498 1489 1490
f 1499 1498 1490
f 1500 1495 1489
f 1502 1491 1496
f 1502 1499 1491
f 1502 1494 1499
f 1503 1498 1497
f 1503 1489 1498
f 1503 1500 1489
f 1503 1493 1500
f 1505 1497 1498
f 1505 1504 1497
f 1505 1494 1502
f 1505 1502 1496
f 1506 1499 1494
f 1506 1498 1499
f 1506 1505 1498
f 1506 1494 1505
f 1507 1490 1495
f 1507 1495 1500
f 1508 1499 1490
f 1508 1507 1501
f 1508 1490 1507
f 1508 1501 1491
f 1508 1491 1499
f 1509 1496 1491
f 1509 1491 1501
f 1511 1496 1492
f 1511 1505 1496
f 1511 1504 1505
f 1512 1503 1497
f 1512 1497 1504
f 1513 1501 1507
f 1514 1492 1496
f 1514 1496 1509
f 1514 1509 1510
f 1515 1511 1492
f 1515 1504 1511
f 1516 1493 1503
f 1516 1503 1512
f 1517 1514 1510
f 1517 1492 1514
f 1518 1513 1510
f 1518 1510 1509
f 1518 1509 1501
f 1518 1501 1513
f 1519 1513 1507
f 1519 1507 1500
f 1519 1510 1513
f 1520 1515 1512
f 1520 1512 1504
f 1520 1504 1515
f 1521 1493 1516
f 1521 1516 1512
f 1521 1512 1515
f 1522 1515 1492
f 1522 1492 1517
f 1522 1521 1515
f 1522 1517 1521
f 1523 1519 1500
f 1523 1500 1493
f 1523 1493 1521
f 1524 1521 1517
f 1524 1517 1510
f 1525 1510 1519
f 1525 1519 1523
f 1525 1524 1510
f 1526 1525 1523
f 1526 1523 1521
f 1526 1521 1525
f 1527 1525 1521
f 1527 1521 1524
f 1527 1524 1525
o proximal034
usemtl Material034
v -0.009264339 -0.005450696 -0.002759371
v -0.009140199 -0.007448409 -0.002786899
v -0.009520555 -0.007830030 -0.008660189
v -0.011141238 -0.006255081 -0.008658198
v -0.011677495 -0.005182567 -0.003295628
v -0.010810492 -0.006201259 -0.008633232
v -0.008996210 -0.005718824 -0.003563757
v -0.011409367 -0.005182567 -0.002759371
v -0.010873110 -0.007327595 -0.004636271
v -0.011141238 -0.004914439 -0.005440656
v -0.009184335 -0.005886410 -0.002729393
v -0.009215683 -0.007712330 -0.005449522
v -0.010873110 -0.007059467 -0.003831885
v -0.011141238 -0.007327595 -0.007585684
v -0.010604981 -0.005182567 -0.005440656
v -0.011356447 -0.004766460 -0.002873043
v -0.011654565 -0.004903731 -0.005442192
v -0.008996210 -0.006791338 -0.003295628
v -0.010469458 -0.005040006 -0.002651095
v -0.008996210 -0.006523210 -0.003563757
v -0.009532467 -0.007863852 -0.004100014
v -0.009532467 -0.007595724 -0.002759371
v -0.010336853 -0.007863852 -0.008658198
v -0.010336853 -0.004914439 -0.003295628
v -0.011517564 -0.004812721 -0.003318101
v -0.009176840 -0.007635083 -0.004119404
v -0.009216525 -0.006699463 -0.002687161
v -0.010336853 -0.007595724 -0.004636271
v -0.010940652 -0.007197298 -0.008697754
v -0.010873110 -0.007595724 -0.007049427
v -0.009264339 -0.005450696 -0.003027500
v -0.010604981 -0.007595724 -0.005440656
v -0.010336853 -0.007863852 -0.007585684
v -0.010068724 -0.007863852 -0.006245042
f 1533 1530 1531
f 1534 1530 1533
f 1538 1534 1528
f 1540 1535 1532
f 1540 1532 1536
f 1541 1536 1532
f 1542 1534 1533
f 1542 1533 1537
f 1543 1532 1535
f 1544 1537 1533
f 1544 1533 1531
f 1544 1543 1537
f 1544 1541 1532
f 1544 1531 1541
f 1545 1538 1529
f 1545 1534 1538
f 1546 1538 1528
f 1546 1543 1535
f 1547 1539 1530
f 1547 1530 1534
f 1547 1545 1539
f 1547 1534 1545
f 1548 1530 1539
f 1549 1535 1540
f 1549 1546 1535
f 1549 1548 1529
f 1549 1540 1536
f 1550 1530 1548
f 1551 1542 1537
f 1551 1546 1528
f 1551 1537 1543
f 1551 1543 1546
f 1552 1544 1532
f 1552 1532 1543
f 1552 1543 1544
f 1553 1545 1529
f 1553 1539 1545
f 1553 1548 1539
f 1553 1529 1548
f 1554 1549 1529
f 1554 1529 1538
f 1554 1538 1546
f 1554 1546 1549
f 1555 1549 1536
f 1555 1548 1549
f 1556 1550 1541
f 1556 1541 1531
f 1556 1531 1530
f 1556 1530 1550
f 1557 1536 1541
f 1557 1541 1550
f 1558 1551 1528
f 1558 1528 1534
f 1558 1534 1542
f 1558 1542 1551
f 1559 1555 1536
f 1559 1536 1557
f 1559 1548 1555
f 1560 1559 1557
f 1560 1557 1550
f 1560 1550 1548
f 1561 1560 1548
f 1561 1548 1559
f 1561 1559 1560
o proximal035
usemtl Material035
v 0.009575805 0.007148261 0.002584839
v 0.009594389 0.006929462 0.002582113
v 0.009572830 0.005963525 -0.004953432
v 0.007789191 0.008127136 -0.006759425
v 0.007895884 0.007151343 0.001530685
v 0.008164013 0.008491985 -0.005440656
v 0.009625787 0.007625464 0.002262292
v 0.009236527 0.006883214 0.002603199
v 0.007895884 0.006346958 -0.004904399
v 0.008164013 0.008223857 -0.006781298
v 0.007610111 0.008977022 0.000462052
v 0.009602306 0.006029602 -0.004706504
v 0.009236527 0.006346958 0.001262556
v 0.007916013 0.006634623 -0.005979349
v 0.007702447 0.008329363 -0.005991148
v 0.008164013 0.009028242 -0.000614343
v 0.008164013 0.007687600 0.001798813
v 0.007627756 0.006615086 -0.004100014
v 0.009610950 0.006767639 0.002300235
v 0.009504655 0.006346958 -0.004904399
v 0.009236527 0.005810701 -0.004636271
v 0.009236527 0.006615086 0.002335070
v 0.008164013 0.006615086 0.000190042
v 0.008164013 0.007687600 -0.006781298
v 0.008164013 0.009028242 0.000458171
v 0.008432141 0.008760114 -0.000614343
v 0.007895884 0.009028242 -0.002223114
v 0.007895884 0.007687600 0.001530685
v 0.008164013 0.007151343 0.001798813
v 0.009236527 0.007687600 0.002335070
v 0.007627756 0.006883214 -0.003027500
v 0.007540747 0.008777671 -0.002201439
v 0.007815845 0.006736945 -0.005997900
v 0.009603062 0.006575656 0.001229418
v 0.009236527 0.005810701 -0.004904399
v 0.008700270 0.006346958 -0.000078086
v 0.007895884 0.006346958 -0.004100014
v 0.007895884 0.006883214 0.000458171
v 0.008164013 0.006883214 0.001530685
v 0.007837621 0.007710324 -0.006766718
v 0.008164013 0.008760114 -0.003295628
v 0.009236527 0.007151343 0.002603199
v 0.007638909 0.008507929 -0.004906100
v 0.008968398 0.006346958 0.000726299
v 0.007895884 0.006615086 -0.001418729
v 0.008432141 0.006615086 0.000994428
f 1568 1562 1563
f 1569 1563 1562
f 1571 1567 1568
f 1576 1571 1565
f 1576 1567 1571
f 1579 1576 1565
f 1580 1573 1568
f 1580 1568 1563
f 1581 1571 1568
f 1581 1568 1573
f 1581 1573 1564
f 1581 1564 1571
f 1582 1564 1574
f 1583 1574 1580
f 1583 1580 1563
f 1583 1563 1569
f 1585 1571 1564
f 1585 1564 1575
f 1586 1568 1577
f 1587 1577 1568
f 1587 1568 1567
f 1588 1586 1577
f 1588 1572 1586
f 1588 1567 1576
f 1589 1578 1572
f 1589 1572 1566
f 1589 1566 1578
f 1590 1578 1566
f 1590 1569 1578
f 1591 1562 1568
f 1591 1572 1578
f 1591 1586 1572
f 1591 1568 1586
f 1592 1579 1566
f 1592 1566 1572
f 1593 1572 1588
f 1593 1592 1572
f 1593 1579 1592
f 1594 1575 1570
f 1594 1570 1579
f 1594 1579 1565
f 1595 1564 1573
f 1595 1573 1580
f 1595 1580 1574
f 1595 1574 1564
f 1596 1575 1564
f 1596 1564 1582
f 1596 1582 1570
f 1596 1570 1575
f 1598 1579 1570
f 1598 1597 1584
f 1598 1570 1582
f 1598 1582 1597
f 1599 1566 1579
f 1600 1599 1584
f 1600 1566 1599
f 1600 1590 1566
f 1600 1583 1569
f 1600 1569 1590
f 1601 1565 1571
f 1601 1571 1585
f 1601 1594 1565
f 1601 1585 1575
f 1601 1575 1594
f 1602 1587 1567
f 1602 1577 1587
f 1602 1588 1577
f 1602 1567 1588
f 1603 1591 1578
f 1603 1578 1569
f 1603 1569 1562
f 1603 1562 1591
f 1604 1576 1579
f 1604 1579 1593
f 1604 1593 1588
f 1604 1588 1576
f 1605 1597 1582
f 1605 1582 1574
f 1605 1584 1597
f 1606 1598 1584
f 1606 1584 1599
f 1606 1599 1579
f 1606 1579 1598
f 1607 1574 1583
f 1607 1583 1600
f 1607 1605 1574
f 1607 1600 1584
f 1607 1584 1605
o proximal036
usemtl Material036
v -0.009021507 0.001262596 0.006628301
v -0.008996210 0.000448131 0.006625126
v -0.008191825 0.002861287 0.003407584
v -0.008728082 0.003397544 -0.002759371
v -0.010192964 -0.001221331 -0.000882521
v -0.008728082 0.003129416 0.003407584
v -0.010336853 -0.001428769 0.004211970
v -0.009800596 -0.001160640 -0.000882472
v -0.008298507 0.003444543 0.003410134
v -0.009532467 0.000984388 0.006625126
v -0.009532467 0.001520645 -0.002759371
v -0.009585848 -0.001564568 0.005067563
v -0.008191825 0.003129416 -0.002759371
v -0.008728082 0.003397544 0.001262556
v -0.010336853 -0.000892512 0.004211970
v -0.009328888 0.001142437 -0.002786773
v -0.009552586 -0.001486767 0.005306642
v -0.010036563 -0.001523558 0.004026156
v -0.008459953 0.002325030 -0.002759371
v -0.008406844 0.003466532 -0.002756329
v -0.008996210 0.002593159 0.003407584
v -0.010068724 -0.000356255 0.005284483
v -0.009532467 0.001520645 -0.002491243
v -0.009375557 0.000390488 0.006605163
v -0.009910630 -0.001308009 0.005261296
v -0.008191825 0.002861287 0.000994428
v -0.009800596 0.000448131 0.005284483
f 1608 1609 1610
f 1616 1608 1610
f 1617 1609 1608
f 1617 1616 1613
f 1617 1608 1616
f 1619 1612 1615
f 1620 1616 1610
f 1621 1613 1616
f 1621 1611 1618
f 1622 1618 1612
f 1622 1612 1614
f 1623 1615 1612
f 1623 1612 1618
f 1623 1618 1611
f 1623 1611 1620
f 1624 1610 1609
f 1625 1619 1614
f 1625 1614 1612
f 1625 1612 1619
f 1626 1619 1615
f 1626 1623 1620
f 1626 1615 1623
f 1626 1624 1619
f 1627 1620 1611
f 1627 1616 1620
f 1627 1621 1616
f 1627 1611 1621
f 1628 1617 1613
f 1628 1613 1621
f 1629 1622 1614
f 1629 1617 1622
f 1630 1621 1618
f 1630 1618 1622
f 1631 1624 1609
f 1631 1609 1617
f 1632 1614 1619
f 1632 1619 1624
f 1632 1629 1614
f 1632 1624 1631
f 1632 1631 1617
f 1632 1617 1629
f 1633 1620 1610
f 1633 1610 1624
f 1633 1626 1620
f 1633 1624 1626
f 1634 1622 1617
f 1634 1617 1628
f 1634 1628 1621
f 1634 1630 1622
f 1634 1621 1630
o proximal037
usemtl Material037
v 0.012437125 0.001791683 0.003408303
v 0.012454069 0.000984388 0.003407584
v 0.012454069 0.001788773 -0.001686857
v 0.010719338 -0.001374865 -0.007618191
v 0.010309041 -0.002501283 0.003407584
v 0.010577169 -0.003037540 -0.006781298
v 0.012066110 0.001947120 -0.001710906
v 0.010388555 -0.003232416 0.003417976
v 0.012185940 0.000448131 -0.001418729
v 0.011113426 -0.001696897 -0.007049427
v 0.010040912 -0.002501283 -0.007585684
v 0.011381555 0.000180002 0.003407584
v 0.011113426 -0.002233154 0.003407584
v 0.012454069 0.001252516 -0.001418729
v 0.010845298 -0.002233154 -0.007585684
v 0.011113426 -0.001428769 -0.007049427
v 0.011381555 -0.001160640 -0.005976913
v 0.010040912 -0.003037540 0.001530685
v 0.010040912 -0.002501283 -0.006513170
v 0.010577169 -0.003305668 -0.003027500
v 0.012454069 0.000984388 0.000458171
v 0.010063267 -0.003314395 -0.007586372
v 0.012454069 0.001520645 -0.001686857
v 0.010351448 -0.003323083 0.003405744
v 0.010577169 -0.001696897 0.002335070
v 0.010845298 -0.002769411 -0.001418729
v 0.010273249 -0.003397524 0.001528689
v 0.011113426 -0.002233154 0.002066942
f 1635 1636 1637
f 1641 1635 1637
f 1641 1637 1638
f 1642 1636 1635
f 1645 1641 1638
f 1646 1635 1641
f 1646 1642 1635
f 1646 1639 1642
f 1647 1636 1642
f 1648 1637 1636
f 1649 1644 1640
f 1650 1638 1637
f 1650 1649 1638
f 1650 1644 1649
f 1651 1643 1640
f 1651 1640 1644
f 1651 1648 1643
f 1651 1650 1637
f 1651 1644 1650
f 1653 1646 1641
f 1653 1641 1645
f 1653 1645 1652
f 1654 1640 1643
f 1655 1636 1647
f 1655 1648 1636
f 1655 1643 1648
f 1656 1645 1638
f 1656 1638 1649
f 1656 1649 1640
f 1656 1640 1654
f 1656 1652 1645
f 1657 1651 1637
f 1657 1637 1648
f 1657 1648 1651
f 1658 1642 1639
f 1658 1639 1652
f 1658 1654 1647
f 1658 1647 1642
f 1659 1652 1639
f 1659 1639 1646
f 1659 1653 1652
f 1659 1646 1653
f 1660 1654 1643
f 1660 1643 1655
f 1660 1647 1654
f 1661 1658 1652
f 1661 1652 1656
f 1661 1656 1654
f 1661 1654 1658
f 1662 1660 1655
f 1662 1655 1647
f 1662 1647 1660
o proximal038
usemtl Material038
v -0.000939055 0.010424461 -0.002758924
v -0.000147970 0.011709527 -0.003563757
v -0.002829255 0.010368885 -0.005172528
v -0.001263939 0.011077836 -0.015353765
v -0.000093962 0.010785997 -0.012960821
v -0.002292998 0.010905142 -0.003831885
v -0.000416099 0.010368885 -0.003563757
v -0.000416099 0.011173270 -0.014288896
v -0.002944941 0.009751383 -0.013508914
v -0.000416099 0.011709527 -0.005440656
v -0.002829255 0.010368885 -0.013484511
v -0.002292998 0.010905142 -0.002759371
v -0.000147970 0.010637013 -0.011607611
v -0.000325764 0.011006264 -0.003459136
v -0.000399245 0.010675848 -0.015365341
v -0.000147970 0.011173270 -0.012680125
v -0.002561127 0.009564499 -0.008390069
v -0.000684227 0.011173270 -0.015361410
v -0.003097384 0.010100756 -0.012948254
v -0.003097384 0.010100756 -0.013484511
v -0.001576666 0.010666610 -0.002735076
v -0.000416099 0.011709527 -0.003563757
v -0.002541704 0.010091338 -0.003832416
v -0.000837183 0.010873761 -0.015386276
v -0.000952356 0.009832628 -0.012680125
v -0.000147970 0.011709527 -0.005440656
v -0.002889631 0.009600472 -0.008388764
v -0.001025823 0.010451976 -0.002747539
v -0.002356500 0.010406647 -0.002758982
v -0.001163351 0.011030617 -0.015371462
v -0.000952356 0.009832628 -0.009462583
v -0.002561127 0.009564499 -0.011339483
v -0.001220484 0.009832628 -0.012948254
v -0.002919944 0.009612432 -0.011339256
v -0.002561127 0.010637013 -0.003831885
v -0.000952356 0.010100756 -0.005440656
v -0.002292998 0.009832628 -0.013484511
f 1672 1666 1668
f 1673 1668 1666
f 1673 1665 1668
f 1674 1672 1668
f 1674 1668 1665
f 1675 1667 1664
f 1675 1664 1669
f 1676 1669 1664
f 1676 1664 1663
f 1676 1663 1669
f 1678 1677 1670
f 1678 1667 1677
f 1680 1666 1672
f 1680 1670 1677
f 1681 1665 1673
f 1682 1673 1666
f 1682 1666 1671
f 1682 1681 1673
f 1683 1664 1674
f 1684 1674 1664
f 1684 1664 1672
f 1684 1672 1674
f 1685 1679 1669
f 1685 1669 1663
f 1686 1677 1671
f 1686 1680 1677
f 1687 1677 1667
f 1687 1667 1675
f 1688 1664 1667
f 1688 1667 1678
f 1688 1672 1664
f 1688 1678 1670
f 1688 1680 1672
f 1688 1670 1680
f 1689 1665 1681
f 1689 1685 1665
f 1689 1679 1685
f 1690 1663 1664
f 1690 1664 1683
f 1691 1665 1685
f 1691 1685 1663
f 1691 1663 1690
f 1691 1690 1683
f 1691 1683 1674
f 1692 1686 1671
f 1692 1671 1666
f 1692 1666 1680
f 1692 1680 1686
f 1693 1679 1687
f 1693 1687 1675
f 1693 1675 1669
f 1694 1687 1679
f 1694 1679 1689
f 1695 1677 1687
f 1695 1694 1671
f 1695 1687 1694
f 1696 1682 1671
f 1696 1694 1689
f 1696 1671 1694
f 1696 1689 1681
f 1696 1681 1682
f 1697 1691 1674
f 1697 1674 1665
f 1697 1665 1691
f 1698 1693 1669
f 1698 1669 1679
f 1698 1679 1693
f 1699 1695 1671
f 1699 1671 1677
f 1699 1677 1695
o proximal039
usemtl Material039
v -0.003234316 0.007592015 0.008231127
v -0.003495930 0.007263125 0.008266937
v -0.003365512 0.007955728 -0.002759371
v -0.005242411 0.008223857 -0.002759371
v -0.004974283 0.007687600 0.007965768
v -0.005324517 0.006911601 -0.000077536
v -0.003901769 0.009028242 0.003139456
v -0.003365512 0.007151343 0.004211970
v -0.004974283 0.007419471 0.008233897
v -0.005296002 0.007166693 -0.002757982
v -0.005510540 0.006883214 0.007429511
v -0.003365512 0.008760114 0.003407584
v -0.004169898 0.008760114 -0.001418729
v -0.003633641 0.007687600 0.008233897
v -0.004438026 0.009028242 0.003139456
v -0.003633641 0.006883214 0.007965768
v -0.003248592 0.008360011 -0.002784115
v -0.004974283 0.006883214 -0.000078086
v -0.005510540 0.006883214 0.006625126
v -0.005242411 0.006883214 0.008233897
v -0.004433874 0.006693510 0.008372741
v -0.004974283 0.008491985 0.002871327
v -0.004706155 0.008760114 -0.001418729
v -0.003901769 0.009028242 0.001530685
v -0.004974283 0.007151343 -0.002759371
v -0.004438026 0.006615086 0.007965768
v -0.005242411 0.007419471 0.007697640
v -0.003736282 0.007019997 0.008349712
v -0.004706155 0.008760114 0.003407584
v -0.005242411 0.008223857 0.000190042
v -0.004794687 0.008292976 -0.002758940
v -0.004438026 0.009028242 0.001530685
v -0.003365512 0.008760114 0.000458171
v -0.005271158 0.006507293 0.007391048
v -0.005327675 0.006550575 0.006615602
v -0.005122052 0.006473850 0.008200870
f 1711 1706 1700
f 1713 1700 1706
f 1713 1704 1708
f 1714 1713 1706
f 1714 1704 1713
f 1715 1707 1700
f 1715 1700 1701
f 1716 1707 1702
f 1716 1700 1707
f 1716 1711 1700
f 1716 1709 1703
f 1717 1705 1709
f 1718 1709 1705
f 1718 1710 1703
f 1718 1703 1709
f 1719 1708 1704
f 1720 1708 1719
f 1721 1714 1703
f 1722 1703 1714
f 1722 1712 1716
f 1723 1714 1706
f 1723 1712 1722
f 1723 1716 1712
f 1723 1706 1711
f 1724 1716 1702
f 1724 1709 1716
f 1724 1717 1709
f 1724 1702 1707
f 1724 1707 1717
f 1725 1717 1707
f 1725 1707 1715
f 1725 1715 1720
f 1726 1719 1704
f 1726 1710 1719
f 1727 1713 1708
f 1727 1708 1720
f 1727 1700 1713
f 1727 1701 1700
f 1727 1720 1715
f 1727 1715 1701
f 1728 1704 1714
f 1728 1714 1721
f 1728 1726 1704
f 1728 1721 1726
f 1729 1721 1703
f 1729 1703 1710
f 1729 1726 1721
f 1729 1710 1726
f 1730 1722 1716
f 1730 1716 1703
f 1730 1703 1722
f 1731 1723 1722
f 1731 1722 1714
f 1731 1714 1723
f 1732 1723 1711
f 1732 1711 1716
f 1732 1716 1723
f 1734 1705 1717
f 1734 1717 1733
f 1734 1718 1705
f 1734 1733 1710
f 1734 1710 1718
f 1735 1733 1717
f 1735 1717 1725
f 1735 1725 1720
f 1735 1720 1719
f 1735 1719 1710
f 1735 1710 1733
o proximal040
usemtl Material040
v 0.000937395 -0.007435645 0.005290980
v 0.002292079 -0.008199586 0.003387634
v 0.002265186 -0.008400109 -0.002759371
v 0.001460801 -0.008400109 -0.002759371
v 0.000388287 -0.009472623 0.002603199
v 0.000924544 -0.007327595 0.003943841
v 0.000388287 -0.008668238 0.005016355
v 0.001192672 -0.009740752 0.001262556
v 0.000120158 -0.007863852 0.003943841
v 0.002265186 -0.007863852 0.003407584
v 0.000656415 -0.008131981 0.005284483
v 0.002328892 -0.008706098 -0.002775510
v 0.001460801 -0.009472623 0.002871327
v 0.000884580 -0.009667651 -0.002761930
v 0.000388287 -0.007327595 0.004211970
v 0.000027767 -0.008496855 0.005005126
v 0.002265186 -0.007863852 0.003139456
v 0.000656415 -0.009472623 0.002871327
v 0.002265186 -0.008668238 0.000994428
v 0.000924544 -0.009740752 0.001262556
v 0.001027118 -0.009589651 -0.002759726
v 0.001192672 -0.008668238 -0.002759371
v 0.000656415 -0.007327595 0.003943841
v 0.000388287 -0.007327595 0.005284483
v 0.000120158 -0.009204495 0.003139456
v 0.000113254 -0.008394267 0.005284429
v 0.002333565 -0.008687427 -0.002510524
v 0.001728929 -0.009204495 0.002871327
v 0.000924544 -0.009204495 -0.002759371
v 0.000073561 -0.009059365 0.002085927
v 0.000192261 -0.008294909 0.005286153
f 1741 1738 1739
f 1745 1741 1736
f 1745 1736 1737
f 1746 1742 1737
f 1746 1737 1736
f 1747 1739 1738
f 1748 1737 1742
f 1748 1743 1747
f 1752 1738 1741
f 1752 1741 1745
f 1753 1748 1742
f 1753 1742 1740
f 1753 1743 1748
f 1755 1749 1743
f 1755 1740 1749
f 1755 1753 1740
f 1755 1743 1753
f 1756 1749 1747
f 1756 1747 1743
f 1756 1743 1749
f 1757 1739 1747
f 1757 1750 1739
f 1757 1744 1750
f 1758 1750 1741
f 1758 1741 1739
f 1758 1739 1750
f 1759 1736 1741
f 1759 1741 1750
f 1759 1750 1744
f 1759 1744 1751
f 1760 1740 1742
f 1760 1742 1751
f 1760 1749 1740
f 1761 1751 1742
f 1761 1742 1746
f 1761 1759 1751
f 1762 1747 1738
f 1762 1738 1752
f 1762 1754 1747
f 1762 1737 1754
f 1762 1752 1745
f 1762 1745 1737
f 1763 1748 1747
f 1763 1747 1754
f 1763 1754 1737
f 1763 1737 1748
f 1764 1744 1757
f 1764 1757 1747
f 1764 1747 1749
f 1765 1760 1751
f 1765 1751 1744
f 1765 1749 1760
f 1765 1764 1749
f 1765 1744 1764
f 1766 1761 1746
f 1766 1746 1736
f 1766 1736 1759
f 1766 1759 1761
o proximal041
usemtl Material041
v -0.006295614 -0.010932851 -0.011573283
v -0.004924895 -0.011440090 -0.012930025
v -0.009285465 -0.009197903 -0.011587324
v -0.011936366 -0.009443890 -0.018848406
v -0.006046797 -0.011885780 -0.015093282
v -0.006583054 -0.011081394 -0.018310823
v -0.010068724 -0.010008880 -0.012411997
v -0.005510540 -0.011885780 -0.013484511
v -0.004974283 -0.011349523 -0.014020768
v -0.010873110 -0.009472623 -0.018847080
v -0.006314925 -0.011885780 -0.018310823
v -0.009532467 -0.010008880 -0.011607611
v -0.011685389 -0.009217383 -0.014823339
v -0.011945624 -0.009740752 -0.017506438
v -0.004974283 -0.011885780 -0.013484511
v -0.007387439 -0.011081394 -0.011875740
v -0.010068724 -0.009740752 -0.018578952
v -0.009483703 -0.010481484 -0.018869372
v -0.005749275 -0.011817799 -0.018315632
v -0.011409367 -0.009204495 -0.017506438
v -0.010068724 -0.009204495 -0.011607611
v -0.008728082 -0.011081394 -0.018042695
v -0.011918530 -0.009384726 -0.017511632
v -0.011409367 -0.009740752 -0.014825153
v -0.006314925 -0.011349523 -0.012143868
v -0.004956770 -0.011831616 -0.014835527
v -0.006314925 -0.011617651 -0.013216382
v -0.008728082 -0.010545137 -0.011875740
v -0.007119311 -0.011081394 -0.011607611
v -0.009532467 -0.010008880 -0.018847080
v -0.009687307 -0.010348438 -0.018889102
v -0.006046797 -0.011349523 -0.018310823
v -0.010068724 -0.009472623 -0.011607611
v -0.009391546 -0.009186999 -0.011660903
v -0.006314925 -0.011885780 -0.016970181
v -0.011677495 -0.009740752 -0.015897667
v -0.010604981 -0.010277009 -0.018847080
v -0.005778668 -0.011885780 -0.014020768
v -0.009264339 -0.010277009 -0.011875740
v -0.007923696 -0.010813266 -0.011607611
v -0.006583054 -0.011349523 -0.012143868
v -0.010068724 -0.009740752 -0.011875740
v -0.008728082 -0.011081394 -0.018310823
v -0.011945624 -0.009740752 -0.018847080
f 1767 1768 1769
f 1775 1772 1769
f 1775 1769 1768
f 1777 1774 1771
f 1778 1767 1769
f 1781 1768 1767
f 1781 1774 1777
f 1783 1776 1769
f 1783 1769 1772
f 1785 1781 1777
f 1785 1777 1784
f 1786 1776 1770
f 1786 1769 1776
f 1789 1780 1779
f 1789 1770 1780
f 1789 1786 1770
f 1789 1779 1786
f 1791 1781 1767
f 1791 1774 1781
f 1792 1775 1768
f 1792 1768 1781
f 1792 1785 1775
f 1792 1781 1785
f 1793 1782 1771
f 1793 1774 1782
f 1794 1773 1790
f 1795 1791 1767
f 1796 1785 1784
f 1796 1783 1772
f 1796 1776 1783
f 1797 1770 1776
f 1797 1796 1784
f 1797 1776 1796
f 1798 1772 1775
f 1798 1775 1785
f 1798 1796 1772
f 1798 1785 1796
f 1799 1778 1769
f 1799 1769 1787
f 1799 1787 1779
f 1800 1786 1779
f 1800 1779 1787
f 1800 1787 1769
f 1800 1769 1786
f 1801 1788 1777
f 1801 1777 1771
f 1801 1771 1788
f 1802 1788 1771
f 1802 1771 1782
f 1802 1794 1790
f 1802 1782 1794
f 1802 1780 1788
f 1802 1790 1779
f 1802 1779 1780
f 1803 1784 1777
f 1803 1797 1784
f 1804 1793 1771
f 1804 1771 1774
f 1804 1774 1793
f 1805 1778 1773
f 1805 1773 1794
f 1806 1795 1767
f 1806 1767 1778
f 1806 1794 1782
f 1806 1782 1795
f 1806 1805 1794
f 1806 1778 1805
f 1807 1795 1782
f 1807 1782 1774
f 1807 1774 1791
f 1807 1791 1795
f 1808 1773 1778
f 1808 1778 1799
f 1808 1790 1773
f 1808 1799 1779
f 1808 1779 1790
f 1809 1803 1777
f 1809 1777 1788
f 1809 1788 1780
f 1810 1770 1797
f 1810 1797 1803
f 1810 1780 1770
f 1810 1809 1780
f 1810 1803 1809
o proximal042
usemtl Material042
v 0.005704057 -0.006490644 0.018171418
v 0.003605829 -0.007327595 0.003407584
v 0.003273136 -0.007515943 0.015222372
v 0.003337700 -0.007863852 0.003407584
v 0.005584862 -0.007136476 0.003407448
v 0.003337700 -0.007327595 0.014400852
v 0.004678343 -0.006255081 0.015205237
v 0.005331696 -0.007417414 0.003402657
v 0.003873957 -0.007059467 0.003675713
v 0.005750856 -0.006255081 0.016814008
v 0.004142086 -0.006791338 0.018154651
v 0.003300814 -0.008320443 0.003404403
v 0.005214600 -0.007059467 0.003407584
v 0.005750856 -0.007327595 0.009842668
v 0.004410214 -0.007595724 0.018154651
v 0.004810786 -0.006458961 0.018155027
v 0.004410214 -0.006791338 0.007429511
v 0.005214600 -0.006255081 0.015205237
v 0.005482728 -0.007595724 0.005820740
v 0.005796475 -0.006528986 0.017869283
v 0.005822473 -0.006845947 0.009306069
v 0.004050610 -0.007412963 0.018151754
v 0.003337700 -0.008131981 0.011719567
v 0.005750856 -0.007327595 0.009306411
v 0.003605829 -0.008400109 0.007697640
v 0.005755055 -0.006502077 0.018153147
v 0.003337700 -0.007863852 0.015205237
v 0.003337700 -0.008400109 0.007697640
v 0.003873957 -0.008131981 0.011451439
v 0.003873957 -0.007863852 0.015205237
v 0.004142086 -0.007863852 0.014937109
v 0.003605829 -0.008131981 0.011719567
f 1816 1812 1814
f 1816 1814 1813
f 1819 1812 1816
f 1819 1816 1817
f 1821 1817 1816
f 1821 1816 1813
f 1822 1814 1812
f 1822 1812 1818
f 1822 1813 1814
f 1823 1818 1812
f 1823 1815 1818
f 1823 1812 1819
f 1823 1820 1815
f 1826 1820 1817
f 1826 1817 1821
f 1826 1821 1811
f 1826 1811 1820
f 1827 1823 1819
f 1827 1819 1817
f 1827 1817 1823
f 1828 1823 1817
f 1828 1817 1820
f 1828 1820 1823
f 1829 1818 1815
f 1829 1822 1818
f 1830 1825 1824
f 1831 1815 1820
f 1831 1830 1824
f 1831 1820 1830
f 1832 1821 1813
f 1832 1825 1811
f 1832 1811 1821
f 1834 1829 1815
f 1834 1824 1829
f 1834 1831 1824
f 1834 1815 1831
f 1835 1829 1824
f 1835 1822 1829
f 1836 1830 1820
f 1836 1820 1811
f 1836 1811 1825
f 1836 1825 1830
f 1837 1832 1813
f 1837 1825 1832
f 1837 1813 1833
f 1838 1833 1813
f 1838 1813 1822
f 1838 1835 1833
f 1838 1822 1835
f 1839 1835 1824
f 1840 1837 1833
f 1840 1825 1837
f 1841 1839 1824
f 1841 1824 1825
f 1841 1840 1839
f 1841 1825 1840
f 1842 1833 1835
f 1842 1835 1839
f 1842 1840 1833
f 1842 1839 1840
o proximal043
usemtl Material043
v -0.005369583 0.008946619 -0.017691169
v -0.005140555 0.009176276 -0.017791259
v -0.006851182 0.009296371 -0.018042695
v -0.006583054 0.010100756 -0.024745907
v -0.005242411 0.008760114 -0.023673393
v -0.005778668 0.010368885 -0.023941522
v -0.006583054 0.009296371 -0.017774566
v -0.007387439 0.006615086 -0.018578952
v -0.006314925 0.010368885 -0.024209650
v -0.005510540 0.010368885 -0.024477779
v -0.006046797 0.009564499 -0.018042695
v -0.008728082 0.007687600 -0.021528365
v -0.008721666 0.006959653 -0.017736483
v -0.007119311 0.007687600 -0.024745907
v -0.006314925 0.010368885 -0.024477779
v -0.005242411 0.010100756 -0.023673393
v -0.006046797 0.010368885 -0.023941522
v -0.006583054 0.009564499 -0.018310823
v -0.005510540 0.010368885 -0.024209650
v -0.006583054 0.010100756 -0.024209650
v -0.008739594 0.007014179 -0.017842904
v -0.007784632 0.006798845 -0.017727809
v -0.008369903 0.006832844 -0.017693003
v -0.005242411 0.009564499 -0.024209650
v -0.006314925 0.009832628 -0.024745907
v -0.007749447 0.007841184 -0.024707829
v -0.007387439 0.006615086 -0.020992108
v -0.006314925 0.009564499 -0.018042695
v -0.008728082 0.006615086 -0.020992108
v -0.005510540 0.009832628 -0.024477779
v -0.005291048 0.009987674 -0.024125643
v -0.006314925 0.010100756 -0.024745907
v -0.008728082 0.006883214 -0.021796494
v -0.008728082 0.006615086 -0.019651466
v -0.008459953 0.006615086 -0.021528365
v -0.006851182 0.008223857 -0.024745907
v -0.008636120 0.007608415 -0.021917171
v -0.007655568 0.006615086 -0.021528365
f 1849 1843 1844
f 1850 1847 1844
f 1850 1844 1843
f 1852 1851 1848
f 1853 1849 1844
f 1855 1849 1845
f 1857 1852 1846
f 1857 1846 1851
f 1857 1851 1852
f 1859 1853 1848
f 1859 1848 1851
f 1860 1851 1845
f 1860 1845 1849
f 1860 1859 1851
f 1861 1852 1848
f 1861 1848 1853
f 1861 1853 1844
f 1861 1858 1852
f 1861 1844 1858
f 1862 1851 1846
f 1862 1846 1854
f 1862 1854 1845
f 1862 1845 1851
f 1863 1855 1845
f 1863 1845 1854
f 1864 1850 1843
f 1865 1843 1849
f 1865 1849 1855
f 1865 1864 1843
f 1865 1850 1864
f 1866 1847 1856
f 1866 1858 1844
f 1866 1844 1847
f 1867 1856 1846
f 1868 1854 1846
f 1868 1846 1856
f 1869 1856 1847
f 1869 1847 1850
f 1870 1860 1849
f 1870 1849 1853
f 1870 1853 1859
f 1870 1859 1860
f 1871 1869 1850
f 1872 1866 1856
f 1872 1852 1866
f 1872 1867 1852
f 1873 1866 1852
f 1873 1852 1858
f 1873 1858 1866
f 1874 1867 1846
f 1874 1846 1852
f 1874 1852 1867
f 1875 1871 1863
f 1875 1863 1854
f 1876 1855 1863
f 1876 1863 1871
f 1876 1865 1855
f 1876 1871 1850
f 1876 1850 1865
f 1877 1869 1871
f 1877 1871 1875
f 1877 1875 1868
f 1877 1868 1856
f 1878 1872 1856
f 1878 1856 1867
f 1878 1867 1872
f 1879 1875 1854
f 1879 1854 1868
f 1879 1868 1875
f 1880 1877 1856
f 1880 1856 1869
f 1880 1869 1877
o proximal044
usemtl Material044
v -0.002225538 0.010574030 -0.002758151
v -0.002292998 0.009832628 -0.002759371
v -0.002798838 0.009813626 -0.011339222
v -0.004974283 0.009296371 -0.011339483
v -0.005023010 0.007977237 -0.002758600
v -0.002561127 0.010637013 -0.003831885
v -0.002292998 0.009832628 -0.005440656
v -0.003365512 0.007955728 -0.002759371
v -0.002237355 0.010541323 -0.003827727
v -0.004706155 0.009564499 -0.010266969
v -0.004438026 0.009832628 -0.004368142
v -0.002829255 0.008491985 -0.003295628
v -0.005116400 0.008413371 -0.011346160
v -0.002582982 0.010121680 -0.008390084
v -0.002561127 0.010637013 -0.002759371
v -0.004438026 0.009832628 -0.007049427
v -0.004974283 0.009296371 -0.005172528
v -0.002561127 0.009028242 -0.003027500
v -0.003228311 0.009157360 -0.011344074
v -0.004706155 0.007955728 -0.005172528
v -0.004794687 0.008292976 -0.002758940
v -0.004706155 0.009564499 -0.004368142
v -0.005242411 0.008760114 -0.009194455
v -0.002829255 0.008491985 -0.002759371
v -0.003097384 0.008223857 -0.003563757
v -0.003025676 0.009419140 -0.011340862
v -0.004706155 0.008491985 -0.011339483
v -0.003365512 0.007955728 -0.003027500
v -0.005064403 0.007989023 -0.005169612
v -0.005242411 0.008760114 -0.011339483
v -0.002561127 0.009028242 -0.002759371
f 1887 1881 1882
f 1888 1881 1885
f 1889 1886 1881
f 1889 1887 1883
f 1889 1881 1887
f 1890 1886 1883
f 1890 1883 1884
f 1892 1883 1887
f 1894 1889 1883
f 1894 1883 1886
f 1894 1886 1889
f 1895 1885 1881
f 1895 1881 1886
f 1895 1886 1891
f 1896 1891 1886
f 1896 1886 1890
f 1896 1890 1884
f 1896 1884 1891
f 1897 1891 1884
f 1898 1892 1887
f 1898 1887 1882
f 1899 1893 1884
f 1899 1884 1883
f 1900 1888 1885
f 1901 1885 1895
f 1902 1897 1885
f 1902 1891 1897
f 1902 1885 1901
f 1902 1901 1895
f 1902 1895 1891
f 1903 1885 1897
f 1903 1897 1884
f 1904 1888 1892
f 1904 1892 1898
f 1904 1881 1888
f 1905 1899 1892
f 1905 1892 1888
f 1906 1899 1883
f 1906 1883 1892
f 1906 1892 1899
f 1907 1893 1899
f 1908 1900 1893
f 1908 1888 1900
f 1908 1893 1907
f 1908 1907 1899
f 1908 1905 1888
f 1908 1899 1905
f 1909 1900 1885
f 1909 1893 1900
f 1909 1885 1903
f 1910 1903 1884
f 1910 1884 1893
f 1910 1909 1903
f 1910 1893 1909
f 1911 1904 1898
f 1911 1898 1882
f 1911 1882 1881
f 1911 1881 1904
o proximal045
usemtl Material045
v -0.000146982 -0.002768344 0.020586790
v -0.000147970 -0.005986953 0.020299679
v -0.000044679 -0.006125452 0.018431054
v -0.004783657 -0.003975196 0.018432296
v -0.004706155 -0.003573797 0.021104064
v -0.004169898 -0.006255081 0.018690908
v -0.004438026 -0.003841925 0.018422779
v -0.000147970 -0.005450696 0.020835936
v -0.000684227 -0.007327595 0.018959036
v -0.004169898 -0.006255081 0.018422779
v -0.004706155 -0.005986953 0.018690908
v -0.004803646 -0.002257996 0.020700240
v -0.002292998 -0.003305668 0.021104064
v -0.000147970 -0.006791338 0.019227165
v -0.001488613 -0.006791338 0.019763422
v -0.001488613 -0.007327595 0.018422779
v -0.004706155 -0.005986953 0.018422779
v -0.002823103 -0.002221909 0.020703116
v -0.004706155 -0.005718824 0.019495293
v -0.002561127 -0.003841925 0.021104064
v -0.004706155 -0.002233154 0.021104064
v -0.000147970 -0.006791338 0.018422779
v -0.000416099 -0.007059467 0.019495293
v -0.004438026 -0.003841925 0.021104064
v -0.001488613 -0.007059467 0.019495293
v -0.000763726 -0.007102713 0.018402234
v -0.004706155 -0.005450696 0.019763422
v -0.004438026 -0.005986953 0.019227165
v -0.002292998 -0.003573797 0.021104064
v -0.003633641 -0.002233154 0.021104064
v -0.000416099 -0.006791338 0.019763422
v -0.000684227 -0.005450696 0.020835936
v -0.001488613 -0.007327595 0.018690908
v -0.004438026 -0.005718824 0.019763422
v -0.002561127 -0.003037540 0.021104064
v -0.001220484 -0.007327595 0.018959036
v -0.003901769 -0.006255081 0.019227165
v -0.002292998 -0.006523210 0.019763422
v -0.002024870 -0.007059467 0.018959036
v -0.004169898 -0.005450696 0.020031550
f 1918 1912 1914
f 1919 1913 1914
f 1919 1914 1912
f 1922 1921 1917
f 1923 1918 1915
f 1924 1919 1912
f 1925 1914 1913
f 1927 1917 1921
f 1928 1915 1918
f 1928 1922 1915
f 1928 1921 1922
f 1929 1912 1918
f 1929 1918 1923
f 1930 1923 1915
f 1930 1915 1922
f 1931 1924 1916
f 1932 1923 1916
f 1932 1916 1924
f 1932 1929 1923
f 1933 1925 1920
f 1933 1914 1925
f 1934 1925 1913
f 1934 1920 1925
f 1935 1931 1916
f 1935 1919 1931
f 1936 1934 1926
f 1936 1920 1934
f 1937 1927 1921
f 1937 1918 1914
f 1937 1914 1933
f 1937 1933 1920
f 1937 1920 1927
f 1937 1928 1918
f 1937 1921 1928
f 1938 1916 1923
f 1938 1923 1930
f 1938 1935 1916
f 1939 1930 1922
f 1939 1922 1917
f 1940 1931 1919
f 1940 1919 1924
f 1940 1924 1931
f 1941 1932 1924
f 1941 1912 1929
f 1941 1929 1932
f 1942 1919 1926
f 1942 1926 1934
f 1942 1934 1913
f 1942 1913 1919
f 1943 1935 1926
f 1943 1926 1919
f 1943 1919 1935
f 1944 1917 1927
f 1944 1927 1920
f 1945 1930 1939
f 1945 1938 1930
f 1945 1935 1938
f 1946 1941 1924
f 1946 1924 1912
f 1946 1912 1941
f 1947 1944 1920
f 1947 1920 1936
f 1947 1936 1944
f 1948 1939 1917
f 1948 1945 1939
f 1948 1936 1945
f 1949 1945 1936
f 1949 1936 1926
f 1949 1926 1935
f 1950 1944 1936
f 1950 1936 1948
f 1950 1948 1917
f 1950 1917 1944
f 1951 1949 1935
f 1951 1935 1945
f 1951 1945 1949
o proximal046
usemtl Material046
v 0.011113426 0.000716259 -0.005976913
v 0.011381555 -0.000892512 -0.006513170
v 0.010577169 -0.001428769 -0.013484511
v 0.009504655 0.000716259 -0.013752639
v 0.009504655 -0.000892512 -0.007317555
v 0.009881090 0.000774763 -0.013709029
v 0.011381555 0.000448131 -0.006781298
v 0.010892481 -0.001449099 -0.005978155
v 0.009772784 0.000716259 -0.007317555
v 0.009236527 -0.001428769 -0.013484511
v 0.010040912 0.000180002 -0.013752639
v 0.011209364 0.000260950 -0.005955770
v 0.011381555 -0.000356255 -0.007049427
v 0.011113426 0.000716259 -0.006245042
v 0.010309041 0.000448131 -0.005976913
v 0.010577169 -0.002769411 -0.012948254
v 0.009236527 -0.000088126 -0.009194455
v 0.010242528 0.000832656 -0.006562458
v 0.009259502 -0.000891117 -0.013756180
v 0.011144836 -0.000796884 -0.005949885
v 0.011381555 0.000180002 -0.007049427
v 0.009504655 -0.000088126 -0.007317555
v 0.010577169 -0.002769411 -0.007585684
v 0.010577169 -0.002501283 -0.013484511
v 0.009504655 0.000448131 -0.008121941
v 0.009236527 -0.000892512 -0.009194455
v 0.009504655 0.000716259 -0.013484511
v 0.010391802 0.000767378 -0.005993417
v 0.009236527 -0.000088126 -0.013752639
v 0.010934598 -0.001351716 -0.005972207
v 0.009236527 -0.000624383 -0.008926326
v 0.010845298 -0.002233154 -0.007585684
v 0.010246156 -0.002852883 -0.007590962
v 0.010116077 -0.002794152 -0.013499211
v 0.009504655 0.000180002 -0.007585684
v 0.009236527 -0.000356255 -0.008926326
v 0.010845298 -0.002233154 -0.009462583
v 0.009236527 -0.001160640 -0.010803226
v 0.009236527 -0.001428769 -0.012948254
f 1958 1954 1957
f 1962 1957 1954
f 1962 1955 1957
f 1963 1958 1952
f 1963 1953 1958
f 1964 1958 1953
f 1965 1958 1957
f 1965 1952 1958
f 1966 1956 1959
f 1966 1963 1952
f 1969 1957 1955
f 1969 1965 1957
f 1969 1952 1965
f 1970 1955 1962
f 1971 1953 1963
f 1971 1963 1966
f 1972 1964 1954
f 1972 1954 1958
f 1972 1958 1964
f 1973 1956 1966
f 1974 1953 1959
f 1975 1964 1953
f 1975 1953 1967
f 1975 1954 1964
f 1975 1970 1962
f 1975 1962 1954
f 1977 1968 1961
f 1978 1969 1955
f 1978 1960 1969
f 1978 1976 1960
f 1978 1955 1968
f 1978 1968 1976
f 1979 1966 1952
f 1979 1952 1969
f 1979 1969 1960
f 1979 1973 1966
f 1979 1960 1973
f 1980 1968 1955
f 1980 1955 1970
f 1980 1970 1961
f 1980 1961 1968
f 1981 1959 1953
f 1981 1953 1971
f 1981 1971 1966
f 1981 1966 1959
f 1982 1956 1973
f 1982 1977 1956
f 1982 1968 1977
f 1983 1974 1967
f 1983 1953 1974
f 1984 1974 1959
f 1984 1959 1956
f 1984 1956 1977
f 1984 1967 1974
f 1985 1975 1967
f 1985 1961 1970
f 1985 1970 1975
f 1985 1967 1984
f 1986 1973 1960
f 1986 1960 1976
f 1986 1976 1968
f 1986 1968 1973
f 1987 1982 1973
f 1987 1973 1968
f 1987 1968 1982
f 1988 1983 1967
f 1988 1967 1953
f 1988 1953 1983
f 1989 1984 1977
f 1989 1977 1961
f 1990 1985 1984
f 1990 1961 1985
f 1990 1989 1961
f 1990 1984 1989
o proximal047
usemtl Material047
v -0.002250115 -0.010053351 -0.005417135
v -0.000952356 -0.010813266 -0.005976913
v -0.000814555 -0.010140474 -0.011297862
v -0.003365512 -0.010813266 -0.014825153
v -0.003365512 -0.010545137 -0.006781298
v -0.000944753 -0.011599366 -0.012953460
v -0.003917589 -0.010044225 -0.008655670
v -0.000946256 -0.009759135 -0.005963639
v -0.002829255 -0.010545137 -0.005708785
v -0.000952356 -0.011081394 -0.007049427
v -0.002561127 -0.010813266 -0.014825153
v -0.003365512 -0.011349523 -0.014288896
v -0.003365512 -0.010277009 -0.012948254
v -0.000878104 -0.009858082 -0.006188328
v -0.003378872 -0.010041687 -0.005438189
v -0.000952356 -0.011617651 -0.012143868
v -0.001756741 -0.011081394 -0.006781298
v -0.000952356 -0.011081394 -0.012680125
v -0.002258155 -0.011257029 -0.014840466
v -0.003937192 -0.010430825 -0.012930701
v -0.003901769 -0.010545137 -0.009998840
v -0.003365512 -0.010545137 -0.014020768
v -0.003097384 -0.010545137 -0.014020768
v -0.001220484 -0.009740752 -0.006245042
v -0.001186682 -0.009793305 -0.005870674
v -0.003097384 -0.010545137 -0.005976913
v -0.001756741 -0.011617651 -0.012948254
v -0.001220484 -0.011081394 -0.006781298
v -0.001756741 -0.010813266 -0.005976913
v -0.002292998 -0.011081394 -0.007585684
v -0.003390049 -0.011334209 -0.014840145
v -0.003957880 -0.010265963 -0.011315730
v -0.001756741 -0.011617651 -0.012680125
v -0.002024870 -0.011081394 -0.007049427
v -0.001220484 -0.011617651 -0.012143868
f 1998 1991 1992
f 1999 1992 1991
f 2004 1998 1992
f 2004 1993 1998
f 2004 2000 1993
f 2004 1992 2000
f 2005 1999 1991
f 2005 1997 1995
f 2006 1996 1993
f 2006 1993 2000
f 2008 2001 1993
f 2008 1993 1996
f 2009 2008 1996
f 2009 2001 2008
f 2009 1994 2001
f 2011 2002 1995
f 2011 1995 1997
f 2012 2001 1994
f 2012 2010 2003
f 2012 1994 2010
f 2013 2003 1993
f 2013 1993 2001
f 2013 2012 2003
f 2013 2001 2012
f 2014 1998 1993
f 2014 1993 2003
f 2014 2003 1997
f 2014 2005 1998
f 2014 1997 2005
f 2015 2005 1991
f 2015 1991 1998
f 2015 1998 2005
f 2016 2005 1995
f 2016 1999 2005
f 2017 1996 2006
f 2018 2000 1992
f 2018 1992 2007
f 2018 2007 2006
f 2018 2006 2000
f 2019 2007 1992
f 2019 1992 1999
f 2019 1999 2007
f 2020 1995 2002
f 2020 2016 1995
f 2021 1994 2009
f 2021 2010 1994
f 2021 2011 2010
f 2021 2002 2011
f 2021 2017 2002
f 2021 2009 1996
f 2021 1996 2017
f 2022 1997 2003
f 2022 2003 2010
f 2022 2011 1997
f 2022 2010 2011
f 2023 2017 2006
f 2023 2020 2002
f 2023 2002 2017
f 2024 2016 2020
f 2024 2007 1999
f 2024 1999 2016
f 2024 2023 2007
f 2024 2020 2023
f 2025 2023 2006
f 2025 2006 2007
f 2025 2007 2023
o proximal048
usemtl Material048
v 0.008117148 -0.006189188 -0.000865929
v 0.003370410 -0.009110033 -0.003586591
v 0.002533315 -0.008936366 -0.000882472
v 0.003687238 -0.009231975 -0.003637166
v 0.007895884 -0.005986953 -0.002759371
v 0.003605829 -0.009472623 -0.003295628
v 0.004410214 -0.008400109 -0.003563757
v 0.003337700 -0.007595724 -0.000882472
v 0.002328892 -0.008706098 -0.002775510
v 0.006555242 -0.008668238 -0.002491243
v 0.004322903 -0.009286758 -0.003625401
v 0.002236260 -0.008533498 -0.000871506
v 0.007359627 -0.005986953 -0.000882472
v 0.002265186 -0.008936366 -0.001418729
v 0.003605829 -0.007863852 -0.003027500
v 0.006970087 -0.007104321 -0.000906217
v 0.004410214 -0.009472623 -0.003295628
v 0.008207124 -0.006376456 -0.002771853
v 0.004463313 -0.009097158 -0.003617031
v 0.003069572 -0.008936366 -0.000882472
v 0.002265186 -0.008400109 -0.002759371
v 0.008164013 -0.005986953 -0.002491243
v 0.003337700 -0.007595724 -0.002491243
v 0.007627756 -0.005986953 -0.002759371
v 0.008178502 -0.006206097 -0.000886650
v 0.006555242 -0.008668238 -0.002759371
v 0.003605829 -0.007595724 -0.002759371
v 0.007359627 -0.005986953 -0.002491243
v 0.006823370 -0.008400109 -0.002491243
v 0.008239372 -0.006271812 -0.001440314
v 0.006823370 -0.008400109 -0.002759371
f 2031 2027 2029
f 2032 2029 2027
f 2034 2027 2031
f 2036 2031 2029
f 2037 2026 2033
f 2038 2033 2026
f 2039 2034 2031
f 2039 2031 2028
f 2039 2028 2037
f 2040 2032 2027
f 2042 2028 2031
f 2042 2031 2036
f 2043 2032 2030
f 2044 2036 2029
f 2044 2029 2032
f 2044 2043 2036
f 2044 2032 2043
f 2045 2037 2028
f 2045 2026 2037
f 2045 2041 2026
f 2045 2035 2041
f 2045 2042 2035
f 2045 2028 2042
f 2046 2037 2033
f 2046 2039 2037
f 2046 2034 2039
f 2046 2040 2027
f 2046 2027 2034
f 2047 2038 2026
f 2047 2030 2038
f 2047 2043 2030
f 2048 2033 2038
f 2048 2046 2033
f 2049 2030 2032
f 2049 2032 2040
f 2049 2038 2030
f 2050 2041 2035
f 2050 2026 2041
f 2050 2047 2026
f 2051 2042 2036
f 2051 2035 2042
f 2052 2040 2046
f 2052 2046 2048
f 2052 2049 2040
f 2052 2048 2049
f 2053 2049 2048
f 2053 2048 2038
f 2053 2038 2049
f 2054 2050 2035
f 2054 2035 2051
f 2055 2043 2047
f 2055 2047 2050
f 2055 2054 2043
f 2055 2050 2054
f 2056 2051 2036
f 2056 2036 2043
f 2056 2054 2051
f 2056 2043 2054
o proximal049
usemtl Material049
v -0.002601282 -0.008089942 0.000478601
v -0.000856636 -0.008976222 -0.001971132
v -0.001220484 -0.008936366 -0.005440656
v -0.002257952 -0.010343256 -0.006058022
v -0.004438026 -0.009472623 0.000458171
v -0.000952356 -0.010277009 -0.005708785
v -0.000952356 -0.008668238 -0.003295628
v -0.003633641 -0.009472623 0.000458171
v -0.004491638 -0.009336499 -0.002748071
v -0.001110680 -0.010209555 -0.006122841
v -0.002561127 -0.007863852 -0.000346215
v -0.000952356 -0.009204495 -0.005708785
v -0.003097384 -0.008936366 0.000458171
v -0.004487436 -0.009063410 0.000481661
v -0.002024870 -0.010008880 -0.001954986
v -0.003378872 -0.010041687 -0.005438189
v -0.001220484 -0.010545137 -0.005708785
v -0.002555479 -0.008100183 0.000455297
v -0.000952356 -0.008668238 -0.002759371
v -0.001220484 -0.008668238 -0.004100014
v -0.002024870 -0.008936366 -0.005440656
v -0.000952356 -0.008936366 -0.005172528
v -0.000905453 -0.009661043 -0.005842310
v -0.001756741 -0.009472623 -0.005976913
v -0.003097384 -0.007863852 0.000458171
v -0.004534240 -0.009184596 -0.000863470
v -0.002292998 -0.010277009 -0.002759371
v -0.003365512 -0.010277009 -0.003563757
v -0.001264257 -0.010437242 -0.006113994
v -0.002292998 -0.010008880 -0.005976913
v -0.002024870 -0.009204495 -0.005708785
v -0.003365512 -0.008131981 -0.000882472
v -0.002292998 -0.010008880 -0.001686857
v -0.004169898 -0.009740752 -0.001954986
v -0.003097384 -0.010277009 -0.002759371
v -0.002292998 -0.010545137 -0.005708785
v -0.003097384 -0.007863852 -0.000078086
v -0.002829255 -0.007863852 -0.000346215
f 2069 2064 2058
f 2069 2057 2064
f 2070 2064 2057
f 2070 2061 2064
f 2071 2058 2064
f 2073 2062 2058
f 2073 2058 2071
f 2074 2058 2067
f 2074 2069 2058
f 2074 2057 2069
f 2075 2067 2058
f 2075 2058 2063
f 2075 2063 2067
f 2076 2067 2063
f 2076 2059 2067
f 2077 2067 2059
f 2077 2072 2065
f 2078 2068 2059
f 2078 2063 2058
f 2078 2076 2063
f 2078 2059 2076
f 2079 2062 2066
f 2079 2066 2068
f 2079 2058 2062
f 2079 2078 2058
f 2079 2068 2078
f 2080 2068 2066
f 2080 2066 2060
f 2080 2077 2059
f 2080 2059 2068
f 2081 2070 2057
f 2081 2074 2067
f 2081 2057 2074
f 2082 2065 2061
f 2082 2061 2070
f 2083 2073 2071
f 2085 2066 2062
f 2085 2062 2073
f 2085 2060 2066
f 2086 2080 2060
f 2086 2060 2072
f 2087 2072 2077
f 2087 2077 2080
f 2087 2086 2072
f 2087 2080 2086
f 2088 2077 2065
f 2088 2065 2082
f 2088 2082 2070
f 2089 2083 2071
f 2089 2071 2064
f 2089 2064 2061
f 2090 2084 2061
f 2090 2061 2065
f 2090 2065 2072
f 2090 2072 2084
f 2091 2061 2084
f 2091 2089 2061
f 2091 2083 2089
f 2091 2073 2083
f 2092 2084 2072
f 2092 2072 2060
f 2092 2091 2084
f 2092 2073 2091
f 2092 2085 2073
f 2092 2060 2085
f 2093 2088 2070
f 2093 2070 2081
f 2093 2081 2067
f 2093 2077 2088
f 2094 2093 2067
f 2094 2067 2077
f 2094 2077 2093
o proximal050
usemtl Material050
v 0.013339095 -0.000531606 0.009303110
v 0.013526583 -0.000892512 0.009306411
v 0.013526583 -0.000624383 0.007429511
v 0.013018922 -0.000621851 0.006609665
v 0.009683447 -0.005395520 0.009307215
v 0.011702980 -0.004519617 0.009334797
v 0.010040912 -0.003573797 0.007429511
v 0.012990326 -0.000624383 0.009306411
v 0.011917812 -0.004646310 0.008502025
v 0.009772784 -0.004646310 0.009306411
v 0.012990326 -0.002233154 0.007161383
v 0.012454069 -0.003573797 0.009306411
v 0.010040912 -0.005450696 0.009306411
v 0.010309041 -0.003305668 0.007697640
v 0.009772784 -0.004110053 0.006625126
v 0.013526583 -0.000892512 0.007429511
v 0.012454069 -0.003573797 0.008502025
v 0.011649683 -0.004914439 0.008502025
v 0.009772784 -0.004110053 0.006893254
v 0.009753159 -0.005175627 0.006625605
v 0.013258454 -0.001428769 0.006625126
v 0.012722197 -0.002769411 0.006625126
v 0.011511000 -0.004738000 0.009317000
v 0.009674684 -0.005390975 0.007161824
v 0.010273030 -0.003698958 0.006614806
v 0.010040912 -0.005182567 0.006625126
v 0.010040912 -0.005450696 0.007161383
v 0.012049252 -0.003411059 0.006623237
f 2095 2096 2097
f 2095 2097 2098
f 2102 2100 2096
f 2102 2096 2095
f 2102 2095 2098
f 2102 2098 2101
f 2104 2099 2100
f 2104 2100 2102
f 2106 2096 2100
f 2106 2100 2103
f 2106 2105 2096
f 2107 2100 2099
f 2108 2104 2102
f 2108 2102 2101
f 2108 2101 2104
f 2109 2101 2098
f 2110 2097 2096
f 2110 2096 2105
f 2111 2106 2103
f 2111 2105 2106
f 2113 2104 2101
f 2113 2101 2109
f 2113 2099 2104
f 2115 2110 2105
f 2115 2098 2097
f 2115 2097 2110
f 2116 2111 2103
f 2116 2105 2111
f 2116 2103 2112
f 2116 2115 2105
f 2116 2098 2115
f 2117 2112 2103
f 2117 2103 2100
f 2117 2100 2107
f 2117 2107 2112
f 2118 2113 2109
f 2118 2099 2113
f 2118 2109 2114
f 2119 2114 2109
f 2119 2109 2098
f 2120 2114 2119
f 2121 2107 2099
f 2121 2099 2118
f 2121 2112 2107
f 2121 2120 2112
f 2121 2118 2114
f 2121 2114 2120
f 2122 2116 2112
f 2122 2112 2120
f 2122 2098 2116
f 2122 2120 2119
f 2122 2119 2098
o proximal051
usemtl Material051
v -0.004974283 -0.002769411 0.021104064
v -0.004706155 -0.003573797 0.021104064
v -0.006046797 -0.003841925 0.012523953
v -0.007521324 -0.002552705 0.012355257
v -0.007119311 -0.003037540 0.019495293
v -0.004686720 -0.002234340 0.020772400
v -0.005510540 -0.003573797 0.020835936
v -0.007655568 -0.003573797 0.012523953
v -0.006851182 -0.002501283 0.012792081
v -0.006314925 -0.002233154 0.020031550
v -0.004610333 -0.002822960 0.020882009
v -0.004974283 -0.003573797 0.021104064
v -0.007655568 -0.002501283 0.012792081
v -0.006240030 -0.004172284 0.012533953
v -0.005778668 -0.004378182 0.015741494
v -0.005242411 -0.002233154 0.020835936
v -0.005510540 -0.003037540 0.020835936
v -0.006906865 -0.002227675 0.015476651
v -0.004653626 -0.004065739 0.018416410
v -0.007655568 -0.003573797 0.012792081
v -0.007119311 -0.002233154 0.018959036
v -0.007234500 -0.002442038 0.012593909
v -0.006443327 -0.003883968 0.012498920
v -0.006314925 -0.003841925 0.018422779
v -0.006583054 -0.004110053 0.014132724
v -0.007119311 -0.002769411 0.019495293
v -0.004614036 -0.003865896 0.019994293
v -0.005503495 -0.004371145 0.015462142
v -0.006851182 -0.003305668 0.019495293
v -0.007119311 -0.003573797 0.017082137
v -0.006851182 -0.002233154 0.019495293
v -0.004974283 -0.004110053 0.020031550
v -0.007119311 -0.003841925 0.013596467
v -0.006851182 -0.003573797 0.018422779
v -0.007119311 -0.003305668 0.018959036
v -0.006583054 -0.003841925 0.017350265
v -0.004706155 -0.003841925 0.020835936
v -0.005510540 -0.003841925 0.020299679
v -0.004974283 -0.003841925 0.020835936
v -0.005778668 -0.003841925 0.019763422
f 2131 2128 2125
f 2131 2125 2126
f 2133 2128 2123
f 2133 2123 2124
f 2134 2124 2123
f 2134 2123 2129
f 2135 2126 2130
f 2138 2123 2128
f 2139 2127 2129
f 2139 2138 2132
f 2139 2129 2123
f 2139 2123 2138
f 2140 2128 2131
f 2140 2138 2128
f 2140 2132 2138
f 2141 2125 2128
f 2141 2128 2133
f 2142 2135 2130
f 2142 2127 2135
f 2143 2140 2135
f 2144 2131 2126
f 2144 2126 2135
f 2144 2140 2131
f 2144 2135 2140
f 2145 2136 2130
f 2145 2130 2126
f 2145 2126 2125
f 2145 2125 2136
f 2147 2130 2136
f 2147 2136 2137
f 2147 2142 2130
f 2148 2139 2132
f 2148 2127 2139
f 2148 2143 2135
f 2148 2135 2127
f 2149 2141 2133
f 2149 2133 2124
f 2150 2137 2136
f 2150 2136 2125
f 2150 2125 2141
f 2151 2129 2127
f 2153 2148 2132
f 2153 2143 2148
f 2153 2132 2140
f 2153 2140 2143
f 2154 2146 2137
f 2154 2150 2141
f 2154 2137 2150
f 2155 2152 2142
f 2155 2142 2147
f 2155 2147 2152
f 2157 2127 2142
f 2157 2142 2152
f 2157 2152 2156
f 2157 2151 2127
f 2158 2152 2147
f 2158 2147 2137
f 2158 2156 2152
f 2158 2137 2146
f 2158 2146 2156
f 2159 2149 2124
f 2159 2124 2134
f 2159 2154 2141
f 2159 2141 2149
f 2160 2129 2151
f 2160 2151 2157
f 2161 2159 2134
f 2161 2134 2129
f 2161 2129 2160
f 2161 2160 2154
f 2161 2154 2159
f 2162 2160 2157
f 2162 2157 2156
f 2162 2156 2146
f 2162 2146 2154
f 2162 2154 2160
o proximal052
usemtl Material052
v -0.007556450 0.005362455 -0.002665502
v -0.007387439 0.005006315 -0.002759371
v -0.007655568 0.005006315 -0.012411997
v -0.009329860 0.005337271 -0.014195867
v -0.008947908 0.002036951 -0.002761022
v -0.008092867 0.005388463 -0.013691149
v -0.007387439 0.005274444 -0.003027500
v -0.008459953 0.002325030 -0.002759371
v -0.008191825 0.005006315 -0.002759371
v -0.008459953 0.004201930 -0.013484511
v -0.008461912 0.005420640 -0.014207022
v -0.007387439 0.005006315 -0.003027500
v -0.007899765 0.005357291 -0.012399036
v -0.008909344 0.002129656 -0.002753052
v -0.008996210 0.002861287 -0.003295628
v -0.009153226 0.002197822 -0.005394882
v -0.008728082 0.002056902 -0.005440656
v -0.007923696 0.005006315 -0.013752639
v -0.008459953 0.005006315 -0.014288896
v -0.008459953 0.002325030 -0.003563757
v -0.009284187 0.004672076 -0.011334547
v -0.009264339 0.004470058 -0.013752639
v -0.007923696 0.004470058 -0.012948254
v -0.008191825 0.004470058 -0.013752639
v -0.007923696 0.003933801 -0.007317555
v -0.009400818 0.005131296 -0.014122588
v -0.008996210 0.004201930 -0.013484511
v -0.008191825 0.004201930 -0.013216382
v -0.007923696 0.004738187 -0.013484511
v -0.008191825 0.004738187 -0.014020768
f 2169 2163 2164
f 2170 2164 2163
f 2171 2163 2166
f 2173 2166 2163
f 2173 2163 2168
f 2174 2169 2164
f 2174 2165 2169
f 2174 2164 2170
f 2175 2168 2163
f 2175 2163 2169
f 2175 2169 2165
f 2175 2165 2168
f 2176 2170 2163
f 2176 2167 2170
f 2176 2171 2167
f 2176 2163 2171
f 2177 2167 2171
f 2178 2167 2177
f 2179 2170 2167
f 2179 2167 2178
f 2180 2168 2165
f 2180 2173 2168
f 2181 2166 2173
f 2181 2173 2180
f 2182 2174 2170
f 2182 2170 2179
f 2183 2177 2171
f 2183 2171 2166
f 2185 2182 2179
f 2185 2165 2182
f 2186 2172 2181
f 2187 2182 2165
f 2187 2165 2174
f 2187 2174 2182
f 2188 2178 2177
f 2188 2177 2183
f 2188 2183 2166
f 2188 2184 2178
f 2188 2166 2181
f 2188 2181 2184
f 2189 2179 2178
f 2189 2178 2184
f 2189 2172 2179
f 2189 2184 2181
f 2189 2181 2172
f 2190 2185 2179
f 2190 2179 2172
f 2190 2186 2185
f 2190 2172 2186
f 2191 2180 2165
f 2191 2165 2185
f 2191 2186 2180
f 2191 2185 2186
f 2192 2186 2181
f 2192 2181 2180
f 2192 2180 2186
o proximal053
usemtl Material053
v -0.000187747 -0.009573302 -0.004893754
v 0.001521407 -0.010339202 -0.007701923
v -0.000147970 -0.009740752 -0.011071354
v -0.000147970 -0.011081394 -0.016433924
v -0.000684227 -0.012153908 -0.013752639
v 0.001460801 -0.010545137 -0.012680125
v 0.001460801 -0.010008880 -0.007853812
v -0.000684227 -0.010545137 -0.006513170
v -0.000952356 -0.009740752 -0.011071354
v 0.000686944 -0.010961813 -0.016452485
v -0.000147970 -0.012153908 -0.013752639
v 0.001452683 -0.010150105 -0.007439207
v -0.000416099 -0.009204495 -0.005440656
v 0.000656415 -0.010008880 -0.010803226
v -0.000102753 -0.009610490 -0.004920481
v -0.000703915 -0.011993202 -0.016428540
v -0.001110680 -0.010209555 -0.006122841
v 0.000638160 -0.010944123 -0.016413077
v 0.001493015 -0.010899008 -0.012959372
v 0.000120158 -0.011885780 -0.012411997
v 0.000120158 -0.009740752 -0.010266969
v -0.000684227 -0.009204495 -0.005708785
v -0.000952356 -0.010008880 -0.011875740
v -0.000147970 -0.012153908 -0.016433924
v -0.000680759 -0.011998021 -0.016440006
v -0.001058248 -0.010496959 -0.006539462
v -0.000684227 -0.009740752 -0.004904399
v 0.000297078 -0.010999261 -0.016415684
v 0.001547739 -0.010571999 -0.008430654
v -0.000684227 -0.011885780 -0.012411997
v 0.001511210 -0.010818773 -0.011624139
v -0.000969820 -0.009245129 -0.004891482
v -0.001033661 -0.011545062 -0.012892577
v 0.000120158 -0.011885780 -0.016433924
v -0.000952356 -0.009740752 -0.005172528
v -0.000952356 -0.011885780 -0.012680125
v -0.000952356 -0.009204495 -0.005708785
v -0.000512829 -0.009438017 -0.004872203
f 2199 2194 2198
f 2202 2195 2198
f 2204 2194 2199
f 2206 2199 2198
f 2207 2200 2194
f 2207 2194 2204
f 2207 2204 2199
f 2207 2205 2193
f 2207 2199 2205
f 2210 2201 2195
f 2210 2195 2202
f 2211 2202 2198
f 2212 2197 2203
f 2213 2205 2199
f 2213 2195 2205
f 2213 2199 2206
f 2213 2206 2198
f 2213 2198 2195
f 2214 2205 2195
f 2214 2195 2201
f 2215 2201 2196
f 2215 2196 2208
f 2215 2209 2201
f 2216 2203 2197
f 2216 2197 2208
f 2216 2211 2203
f 2217 2208 2196
f 2217 2196 2202
f 2217 2216 2208
f 2217 2202 2216
f 2219 2207 2193
f 2219 2218 2200
f 2219 2200 2207
f 2220 2196 2201
f 2220 2201 2210
f 2220 2210 2202
f 2220 2202 2196
f 2221 2198 2194
f 2221 2194 2200
f 2221 2200 2212
f 2222 2212 2200
f 2222 2197 2212
f 2222 2200 2218
f 2223 2212 2203
f 2223 2203 2211
f 2223 2221 2212
f 2223 2211 2198
f 2223 2198 2221
f 2225 2215 2208
f 2225 2209 2215
f 2226 2216 2202
f 2226 2202 2211
f 2226 2211 2216
f 2227 2209 2218
f 2227 2218 2219
f 2227 2224 2209
f 2227 2219 2224
f 2228 2222 2218
f 2228 2197 2222
f 2228 2218 2209
f 2228 2209 2225
f 2228 2225 2208
f 2228 2208 2197
f 2229 2214 2201
f 2229 2201 2209
f 2229 2209 2224
f 2229 2224 2205
f 2229 2205 2214
f 2230 2224 2219
f 2230 2219 2193
f 2230 2193 2205
f 2230 2205 2224
o proximal054
usemtl Material054
v 0.011917812 0.008491985 0.019495293
v 0.014010355 0.006253833 0.018925011
v 0.011917812 0.008760114 0.014132724
v 0.011434709 0.006805903 0.012241557
v 0.011648169 0.006339111 0.019339206
v 0.013794711 0.006615086 0.014937109
v 0.011379175 0.008754638 0.014670056
v 0.012185940 0.009028242 0.018690908
v 0.013258454 0.006615086 0.019495293
v 0.012569421 0.006290937 0.012274323
v 0.011381555 0.008760114 0.013864595
v 0.011576633 0.008416419 0.019281649
v 0.011381555 0.006883214 0.014400852
v 0.014062840 0.006615086 0.018959036
v 0.012185940 0.008760114 0.015205237
v 0.013236235 0.006232403 0.019293260
v 0.011917812 0.006346958 0.012255824
v 0.013733398 0.006223606 0.014961456
v 0.012722197 0.006615086 0.012255824
v 0.011917812 0.009028242 0.015473366
v 0.011649683 0.009028242 0.019227165
v 0.011381555 0.006615086 0.013596467
v 0.011309855 0.008343859 0.013785659
v 0.012185940 0.008760114 0.019227165
v 0.014062840 0.006615086 0.016009623
v 0.013794711 0.006615086 0.019227165
v 0.013760144 0.006250576 0.019146137
v 0.011917812 0.008491985 0.013596467
v 0.011649683 0.008760114 0.013864595
v 0.012185940 0.009028242 0.017350265
v 0.011365755 0.006826495 0.012260065
v 0.011917812 0.009028242 0.019227165
v 0.013986561 0.006237624 0.016022662
v 0.012185940 0.006883214 0.012255824
f 2239 2231 2235
f 2242 2235 2231
f 2243 2235 2242
f 2245 2236 2233
f 2246 2239 2235
f 2246 2235 2240
f 2247 2240 2235
f 2248 2246 2240
f 2248 2232 2246
f 2249 2248 2240
f 2249 2236 2248
f 2249 2247 2234
f 2249 2240 2247
f 2250 2245 2233
f 2251 2237 2242
f 2251 2238 2250
f 2251 2250 2241
f 2251 2241 2237
f 2251 2242 2231
f 2252 2235 2243
f 2252 2247 2235
f 2253 2243 2242
f 2253 2242 2237
f 2253 2252 2243
f 2253 2237 2241
f 2254 2244 2238
f 2255 2244 2232
f 2255 2236 2245
f 2255 2238 2244
f 2255 2248 2236
f 2256 2232 2244
f 2256 2244 2254
f 2256 2254 2231
f 2256 2231 2239
f 2257 2246 2232
f 2257 2239 2246
f 2257 2256 2239
f 2257 2232 2256
f 2258 2233 2236
f 2258 2236 2249
f 2259 2250 2233
f 2259 2241 2250
f 2259 2258 2241
f 2259 2233 2258
f 2260 2250 2238
f 2260 2245 2250
f 2260 2255 2245
f 2260 2238 2255
f 2261 2234 2247
f 2261 2247 2252
f 2261 2252 2253
f 2261 2253 2241
f 2261 2241 2258
f 2262 2251 2231
f 2262 2231 2254
f 2262 2254 2238
f 2262 2238 2251
f 2263 2255 2232
f 2263 2232 2248
f 2263 2248 2255
f 2264 2258 2249
f 2264 2249 2234
f 2264 2261 2258
f 2264 2234 2261
o proximal055
usemtl Material055
v -0.005346281 -0.004255095 0.015627726
v -0.005069342 -0.005647757 0.015408785
v -0.005778668 -0.005718824 0.009306411
v -0.008295929 -0.004459337 0.005185924
v -0.008191825 -0.005182567 0.010647053
v -0.006046797 -0.004110053 0.011183310
v -0.005242411 -0.004110053 0.015205237
v -0.006314925 -0.005450696 0.015205237
v -0.007655568 -0.005986953 0.006625126
v -0.007092044 -0.005911990 0.005278557
v -0.005172279 -0.006029327 0.012511035
v -0.007923696 -0.004110053 0.010915182
v -0.005510540 -0.005718824 0.015473366
v -0.008459953 -0.005450696 0.006088869
v -0.006046797 -0.005986953 0.013864595
v -0.008121541 -0.004296296 0.005333921
v -0.005242411 -0.005718824 0.012523953
v -0.005710439 -0.006085307 0.009290621
v -0.005905192 -0.003889565 0.015418292
v -0.008459953 -0.004378182 0.005820740
v -0.006314925 -0.004646310 0.015205237
v -0.006046797 -0.005182567 0.015473366
v -0.005510540 -0.006255081 0.013060210
v -0.008191825 -0.005718824 0.006893254
v -0.008061855 -0.005542910 0.005257724
v -0.006314925 -0.005718824 0.014668981
v -0.006046797 -0.006255081 0.009306411
v -0.007959571 -0.004098975 0.006616476
v -0.008191825 -0.004378182 0.010378925
v -0.008459953 -0.004646310 0.006088869
v -0.008314963 -0.005346501 0.005230976
v -0.006314925 -0.004110053 0.014937109
v -0.006046797 -0.004378182 0.015473366
v -0.005102044 -0.005808201 0.014884415
v -0.005510540 -0.005986953 0.014937109
v -0.006314925 -0.005986953 0.012792081
v -0.008191825 -0.005450696 0.009306411
v -0.007575531 -0.005747129 0.005266184
v -0.006046797 -0.006255081 0.010378925
v -0.008191825 -0.004110053 0.009574539
v -0.008191825 -0.004646310 0.010647053
v -0.005165862 -0.006000277 0.013046218
v -0.005778668 -0.005986953 0.014668981
v -0.007923696 -0.005718824 0.008770154
v -0.007923696 -0.005450696 0.010378925
v -0.007655568 -0.005718824 0.009842668
f 2271 2265 2266
f 2271 2267 2270
f 2274 2270 2267
f 2275 2271 2266
f 2277 2266 2265
f 2280 2274 2268
f 2280 2270 2274
f 2281 2275 2267
f 2281 2267 2271
f 2281 2271 2275
f 2282 2274 2267
f 2282 2267 2275
f 2283 2271 2270
f 2283 2265 2271
f 2284 2280 2268
f 2285 2269 2272
f 2286 2277 2265
f 2286 2272 2277
f 2286 2285 2272
f 2287 2282 2275
f 2288 2278 2273
f 2289 2273 2278
f 2290 2272 2269
f 2290 2277 2272
f 2291 2273 2274
f 2291 2274 2282
f 2291 2282 2287
f 2292 2280 2284
f 2292 2283 2270
f 2292 2270 2280
f 2294 2284 2278
f 2294 2278 2269
f 2294 2293 2284
f 2295 2284 2268
f 2295 2278 2284
f 2295 2289 2278
f 2295 2268 2274
f 2296 2283 2276
f 2297 2286 2265
f 2297 2265 2283
f 2297 2285 2286
f 2297 2296 2285
f 2297 2283 2296
f 2298 2275 2266
f 2299 2277 2290
f 2299 2287 2298
f 2299 2298 2266
f 2299 2266 2277
f 2300 2287 2279
f 2300 2273 2287
f 2301 2269 2278
f 2301 2278 2288
f 2302 2274 2273
f 2302 2273 2289
f 2302 2295 2274
f 2302 2289 2295
f 2303 2291 2287
f 2303 2287 2273
f 2303 2273 2291
f 2304 2276 2283
f 2304 2283 2292
f 2304 2292 2284
f 2304 2293 2276
f 2304 2284 2293
f 2305 2269 2285
f 2305 2285 2296
f 2305 2296 2276
f 2305 2276 2293
f 2305 2294 2269
f 2305 2293 2294
f 2306 2298 2287
f 2306 2287 2275
f 2306 2275 2298
f 2307 2279 2287
f 2307 2287 2299
f 2307 2299 2290
f 2307 2290 2279
f 2308 2288 2273
f 2308 2273 2300
f 2308 2301 2288
f 2308 2300 2279
f 2309 2290 2269
f 2309 2269 2301
f 2309 2301 2308
f 2310 2308 2279
f 2310 2279 2290
f 2310 2309 2308
f 2310 2290 2309
o proximal056
usemtl Material056
v 0.011113426 -0.003305668 0.020299679
v 0.011113426 -0.003841925 0.020031550
v 0.011121172 -0.004066394 0.017883488
v 0.008700270 -0.004646310 0.017886522
v 0.005750856 -0.005718824 0.020835936
v 0.008703207 -0.003018852 0.020145184
v 0.011129210 -0.003028101 0.020072602
v 0.010309041 -0.004646310 0.020299679
v 0.010577169 -0.003841925 0.017886522
v 0.005750856 -0.005182567 0.020835936
v 0.011113426 -0.004110053 0.019495293
v 0.008164013 -0.005450696 0.020567807
v 0.011113426 -0.003037540 0.019763422
v 0.006018985 -0.005182567 0.020835936
v 0.005755453 -0.004358543 0.020412897
v 0.010309041 -0.005182567 0.017886522
v 0.010309041 -0.004914439 0.020031550
v 0.010309041 -0.003037540 0.019763422
v 0.006018985 -0.005718824 0.020835936
v 0.005704057 -0.006490644 0.018171418
v 0.010577169 -0.004914439 0.017886522
v 0.008432141 -0.005718824 0.020299679
v 0.005744902 -0.004403622 0.020421145
v 0.008589405 -0.005082008 0.017890140
v 0.006018985 -0.006523210 0.020299679
v 0.010309041 -0.005182567 0.019227165
v 0.005755055 -0.006502077 0.018153147
v 0.005750856 -0.006255081 0.020567807
v 0.008432141 -0.005986953 0.018154651
v 0.010577169 -0.004914439 0.019227165
v 0.005750856 -0.006523210 0.020031550
v 0.006287113 -0.006255081 0.020567807
v 0.006555242 -0.006523210 0.018154651
v 0.008432141 -0.005986953 0.019495293
v 0.006287113 -0.006523210 0.020299679
v 0.006555242 -0.006523210 0.020031550
f 2317 2311 2312
f 2317 2316 2311
f 2318 2312 2311
f 2319 2313 2314
f 2319 2314 2316
f 2320 2311 2316
f 2321 2317 2312
f 2321 2313 2317
f 2322 2318 2311
f 2323 2317 2313
f 2323 2313 2319
f 2323 2316 2317
f 2324 2320 2315
f 2324 2311 2320
f 2325 2320 2316
f 2325 2316 2314
f 2326 2314 2313
f 2327 2321 2312
f 2327 2312 2318
f 2328 2323 2319
f 2328 2319 2316
f 2328 2316 2323
f 2329 2322 2311
f 2329 2311 2324
f 2329 2324 2315
f 2330 2325 2314
f 2330 2315 2320
f 2331 2326 2313
f 2331 2313 2321
f 2332 2327 2318
f 2332 2318 2322
f 2333 2330 2320
f 2333 2320 2325
f 2333 2325 2330
f 2334 2314 2326
f 2336 2326 2331
f 2336 2327 2332
f 2337 2330 2314
f 2337 2314 2334
f 2337 2334 2326
f 2338 2329 2315
f 2338 2315 2330
f 2339 2326 2336
f 2340 2336 2331
f 2340 2331 2321
f 2340 2321 2327
f 2340 2327 2336
f 2341 2330 2337
f 2341 2338 2330
f 2341 2335 2338
f 2342 2322 2329
f 2342 2329 2338
f 2342 2332 2322
f 2342 2338 2335
f 2343 2337 2326
f 2343 2326 2339
f 2343 2341 2337
f 2343 2335 2341
f 2344 2339 2336
f 2344 2336 2332
f 2344 2343 2339
f 2345 2342 2335
f 2345 2332 2342
f 2345 2335 2343
f 2346 2344 2332
f 2346 2332 2345
f 2346 2345 2343
f 2346 2343 2344
o proximal057
usemtl Material057
v 0.011649683 0.008760114 0.019495293
v 0.011576633 0.008416419 0.019281649
v 0.010309041 0.009028242 0.009306411
v 0.008945675 0.009227248 0.009312422
v 0.008968398 0.009832628 0.019495293
v 0.010172757 0.008191545 0.009302547
v 0.011707621 0.008579718 0.014653415
v 0.008969740 0.008486067 0.019351028
v 0.011649683 0.009296371 0.016814008
v 0.009024991 0.009199308 0.009291374
v 0.010187906 0.008252713 0.009310389
v 0.010577169 0.008223857 0.011719567
v 0.008881431 0.009319835 0.010132429
v 0.011649683 0.009296371 0.018690908
v 0.011649683 0.009028242 0.014668981
v 0.009772784 0.009296371 0.009306411
v 0.010265353 0.008157211 0.012229505
v 0.008966843 0.008498848 0.019351670
v 0.009504655 0.010100756 0.018959036
v 0.011649683 0.009028242 0.019227165
v 0.009236527 0.009564499 0.010110796
v 0.010040912 0.009296371 0.010110796
v 0.010309041 0.009832628 0.017618394
v 0.010577169 0.009564499 0.019227165
v 0.008968398 0.010100756 0.015741494
v 0.010309041 0.009832628 0.018422779
v 0.009236527 0.010100756 0.015741494
v 0.009236527 0.010100756 0.019227165
v 0.011381555 0.009028242 0.019495293
v 0.008968398 0.010100756 0.019227165
v 0.009504655 0.010100756 0.016814008
v 0.009236527 0.009832628 0.019495293
f 2353 2347 2348
f 2354 2348 2347
f 2354 2347 2351
f 2354 2350 2352
f 2356 2352 2350
f 2356 2349 2352
f 2357 2353 2352
f 2357 2352 2349
f 2357 2349 2353
f 2358 2353 2348
f 2358 2352 2353
f 2359 2350 2354
f 2360 2353 2355
f 2361 2355 2353
f 2361 2353 2349
f 2362 2356 2350
f 2362 2349 2356
f 2363 2354 2352
f 2363 2352 2358
f 2363 2358 2348
f 2363 2348 2354
f 2364 2359 2354
f 2364 2354 2351
f 2364 2351 2359
f 2366 2347 2353
f 2366 2353 2360
f 2367 2362 2350
f 2367 2350 2359
f 2368 2361 2349
f 2368 2349 2362
f 2368 2355 2361
f 2368 2362 2367
f 2369 2360 2355
f 2370 2366 2360
f 2370 2360 2365
f 2371 2367 2359
f 2372 2369 2365
f 2372 2365 2360
f 2372 2360 2369
f 2373 2368 2367
f 2373 2367 2371
f 2373 2371 2365
f 2374 2370 2365
f 2374 2365 2371
f 2375 2347 2366
f 2375 2366 2370
f 2375 2370 2374
f 2375 2351 2347
f 2376 2371 2359
f 2376 2359 2351
f 2376 2374 2371
f 2376 2351 2374
f 2377 2373 2365
f 2377 2365 2369
f 2377 2369 2355
f 2377 2355 2368
f 2377 2368 2373
f 2378 2375 2374
f 2378 2374 2351
f 2378 2351 2375
o proximal058
usemtl Material058
v -0.007427124 0.001268166 0.008245116
v -0.007387439 0.000448131 0.008233897
v -0.008728082 -0.001965026 0.003943841
v -0.010186178 -0.001435235 0.003380225
v -0.009532467 -0.000088126 0.007429511
v -0.009418964 0.000510913 0.005287436
v -0.007387439 0.001252516 0.007697640
v -0.008062157 -0.000607772 0.008256352
v -0.008996210 -0.001965026 0.003675713
v -0.009264339 0.001252516 0.007429511
v -0.008728082 -0.002501283 0.003943841
v -0.008728082 0.001252516 0.006625126
v -0.008728082 0.000984388 0.007965768
v -0.009800596 0.000448131 0.005284483
v -0.007387439 0.000448131 0.007965768
v -0.008459953 -0.002233154 0.005820740
v -0.010319952 -0.002759403 0.003362889
v -0.008191825 0.000716259 0.008233897
v -0.007923696 0.001252516 0.008233897
v -0.009264339 0.000716259 0.007697640
v -0.009532467 0.000716259 0.007161383
v -0.009061347 0.001171633 0.006599650
v -0.007387439 0.000984388 0.007697640
v -0.008978356 -0.002773787 0.006625191
v -0.008728082 -0.002769411 0.004211970
v -0.009264339 -0.002769411 0.003407584
v -0.010336853 -0.001428769 0.004211970
v -0.008996210 0.001252516 0.007697640
v -0.009264339 -0.000088126 0.007697640
v -0.009800596 0.000448131 0.005820740
v -0.009532467 0.000448131 0.007429511
v -0.008079450 -0.000657191 0.008223959
v -0.010068724 -0.001428769 0.005820740
v -0.009264339 -0.002233154 0.003407584
v -0.008996210 -0.002769411 0.003675713
v -0.010336853 -0.002769411 0.003675713
v -0.010068724 -0.000892512 0.005820740
v -0.010336853 -0.001696897 0.004211970
v -0.010068724 -0.000624383 0.005552612
f 2385 2379 2380
f 2386 2380 2379
f 2387 2382 2384
f 2387 2385 2381
f 2387 2384 2385
f 2389 2381 2385
f 2390 2385 2384
f 2390 2388 2379
f 2390 2379 2385
f 2392 2384 2382
f 2392 2390 2384
f 2393 2385 2380
f 2394 2393 2380
f 2397 2391 2396
f 2397 2396 2386
f 2397 2386 2379
f 2400 2392 2388
f 2400 2388 2390
f 2400 2390 2392
f 2401 2393 2389
f 2401 2389 2385
f 2401 2385 2393
f 2402 2394 2380
f 2403 2389 2393
f 2403 2393 2394
f 2403 2394 2402
f 2404 2381 2389
f 2405 2392 2382
f 2405 2382 2395
f 2406 2397 2379
f 2406 2379 2388
f 2406 2391 2397
f 2406 2398 2391
f 2406 2388 2398
f 2407 2398 2383
f 2407 2386 2396
f 2407 2396 2391
f 2407 2391 2398
f 2407 2383 2402
f 2408 2399 2388
f 2408 2388 2392
f 2408 2392 2405
f 2409 2398 2388
f 2409 2388 2399
f 2409 2383 2398
f 2410 2402 2380
f 2410 2380 2386
f 2410 2407 2402
f 2410 2386 2407
f 2411 2402 2383
f 2411 2383 2409
f 2412 2404 2395
f 2412 2395 2382
f 2412 2382 2387
f 2412 2387 2381
f 2412 2381 2404
f 2413 2404 2389
f 2413 2389 2403
f 2413 2403 2402
f 2413 2402 2404
f 2414 2404 2402
f 2414 2395 2404
f 2414 2402 2411
f 2414 2405 2395
f 2415 2411 2409
f 2415 2405 2411
f 2416 2414 2411
f 2416 2411 2405
f 2416 2405 2414
f 2417 2408 2405
f 2417 2405 2415
f 2417 2399 2408
f 2417 2415 2409
f 2417 2409 2399
o proximal059
usemtl Material059
v -0.002005240 0.007176448 0.020152177
v -0.002012601 0.003680839 0.020245423
v -0.003901769 0.004201930 0.018154651
v -0.006314925 0.003933801 0.018154651
v -0.004706155 0.002593159 0.020567807
v -0.002938253 0.007198323 0.019522200
v -0.002003328 0.004745277 0.020184159
v -0.002561127 0.005542572 0.020567807
v -0.006756975 0.002018043 0.018142555
v -0.004000803 0.004776175 0.018157436
v -0.003097384 0.006883214 0.020299679
v -0.002292998 0.003665673 0.020567807
v -0.005242411 0.002056902 0.019227165
v -0.006583054 0.002593159 0.019227165
v -0.002988135 0.007107386 0.019468910
v -0.005867052 0.004053755 0.018133497
v -0.002829255 0.007151343 0.020299679
v -0.003633641 0.005006315 0.020567807
v -0.003097384 0.007151343 0.020031550
v -0.004158612 0.002047485 0.020514414
v -0.002292998 0.003933801 0.020567807
v -0.004169898 0.003933801 0.018154651
v -0.006851182 0.002593159 0.018690908
v -0.006583054 0.003397544 0.018154651
v -0.004035072 0.004687077 0.018154002
v -0.003097384 0.005542572 0.020567807
v -0.006314925 0.002593159 0.019495293
v -0.006046797 0.004201930 0.018959036
v -0.002027855 0.003661982 0.020247635
v -0.004582275 0.001993695 0.020368878
v -0.006851182 0.002056902 0.018959036
v -0.006851182 0.002593159 0.018154651
v -0.004438026 0.003397544 0.020567807
v -0.006046797 0.003933801 0.019227165
v -0.006583054 0.003397544 0.018422779
v -0.004438026 0.002056902 0.020031550
v -0.006851182 0.002325030 0.018959036
v -0.006221029 0.001990794 0.019281391
v -0.003633641 0.005810701 0.020299679
v -0.006314925 0.003397544 0.019227165
v -0.006314925 0.003665673 0.018959036
v -0.006314925 0.003933801 0.018422779
f 2424 2418 2419
f 2424 2419 2420
f 2424 2420 2418
f 2427 2423 2418
f 2427 2418 2420
f 2429 2425 2422
f 2432 2427 2421
f 2432 2421 2423
f 2432 2423 2427
f 2433 2421 2427
f 2433 2420 2426
f 2434 2418 2423
f 2434 2425 2418
f 2435 2422 2425
f 2435 2434 2428
f 2436 2423 2421
f 2436 2434 2423
f 2436 2428 2434
f 2437 2429 2422
f 2438 2429 2419
f 2438 2419 2418
f 2438 2418 2425
f 2438 2425 2429
f 2439 2430 2426
f 2439 2426 2420
f 2441 2421 2433
f 2442 2433 2427
f 2442 2427 2420
f 2442 2420 2433
f 2443 2435 2425
f 2443 2425 2434
f 2443 2434 2435
f 2445 2428 2436
f 2445 2436 2421
f 2446 2419 2429
f 2446 2429 2437
f 2446 2430 2439
f 2446 2439 2420
f 2446 2420 2419
f 2447 2426 2430
f 2447 2437 2422
f 2448 2444 2431
f 2448 2447 2422
f 2448 2422 2444
f 2449 2440 2441
f 2449 2448 2440
f 2449 2426 2448
f 2449 2441 2433
f 2449 2433 2426
f 2450 2444 2422
f 2450 2422 2435
f 2450 2435 2428
f 2451 2428 2445
f 2452 2441 2440
f 2452 2421 2441
f 2453 2446 2437
f 2453 2430 2446
f 2453 2447 2430
f 2453 2437 2447
f 2454 2448 2431
f 2454 2440 2448
f 2455 2448 2426
f 2455 2426 2447
f 2455 2447 2448
f 2456 2450 2428
f 2457 2444 2450
f 2457 2450 2456
f 2457 2456 2428
f 2457 2428 2451
f 2457 2431 2444
f 2457 2454 2431
f 2457 2440 2454
f 2457 2451 2445
f 2458 2452 2440
f 2458 2445 2452
f 2458 2457 2445
f 2458 2440 2457
f 2459 2452 2445
f 2459 2445 2421
f 2459 2421 2452
o proximal060
usemtl Material060
v -0.004976632 0.006617162 0.008234890
v -0.005091565 0.006484582 0.008266079
v -0.005510540 0.005810701 -0.005440656
v -0.005242411 0.008491985 -0.008390069
v -0.005510540 0.007151343 0.006088869
v -0.004974283 0.007419471 -0.008390069
v -0.005510540 0.005274444 0.000726299
v -0.005510540 0.006615086 0.008233897
v -0.004868730 0.008446120 -0.004911130
v -0.006419323 0.005377843 -0.002088170
v -0.006321356 0.005760710 -0.005440487
v -0.005759247 0.005267729 0.008233703
v -0.004974283 0.006346958 0.007161383
v -0.005242411 0.006346958 -0.004636271
v -0.005081860 0.007198560 0.006631520
v -0.005242411 0.008491985 -0.004904399
v -0.004952033 0.008485383 -0.008390444
v -0.005778668 0.005542572 -0.005440656
v -0.006046797 0.005542572 0.006625126
v -0.005488669 0.007123601 -0.008388441
v -0.005778668 0.006078829 0.008233897
v -0.006314925 0.005274444 -0.001150600
v -0.006314925 0.006078829 -0.002223114
v -0.005389481 0.007255404 -0.008392619
v -0.005510540 0.007687600 -0.008390069
v -0.005731626 0.005349150 0.008236952
v -0.005805015 0.005195051 0.006620163
v -0.005778668 0.005274444 -0.001954986
v -0.006046797 0.005274444 -0.002223114
v -0.006314925 0.006078829 -0.004904399
f 2467 2461 2460
f 2471 2460 2461
f 2472 2471 2466
f 2472 2460 2471
f 2472 2468 2460
f 2472 2465 2468
f 2473 2466 2462
f 2473 2462 2465
f 2473 2472 2466
f 2473 2465 2472
f 2474 2467 2460
f 2474 2464 2467
f 2474 2460 2468
f 2475 2474 2468
f 2475 2464 2474
f 2476 2468 2465
f 2476 2475 2468
f 2476 2463 2475
f 2477 2462 2466
f 2477 2469 2470
f 2477 2465 2462
f 2479 2477 2470
f 2479 2465 2477
f 2480 2461 2467
f 2480 2478 2471
f 2480 2467 2464
f 2481 2478 2469
f 2482 2464 2475
f 2482 2469 2478
f 2482 2480 2464
f 2482 2478 2480
f 2482 2475 2463
f 2483 2476 2465
f 2483 2463 2476
f 2483 2465 2479
f 2484 2479 2470
f 2484 2483 2479
f 2484 2463 2483
f 2485 2480 2471
f 2485 2471 2461
f 2485 2461 2480
f 2486 2466 2471
f 2486 2471 2478
f 2486 2478 2481
f 2487 2477 2466
f 2487 2466 2486
f 2488 2481 2469
f 2488 2469 2477
f 2488 2477 2487
f 2488 2487 2486
f 2488 2486 2481
f 2489 2470 2469
f 2489 2469 2482
f 2489 2482 2463
f 2489 2484 2470
f 2489 2463 2484
o proximal061
usemtl Material061
v -0.001756741 -0.007863852 0.003407584
v -0.001448678 -0.008316549 0.003400811
v -0.002555479 -0.008100183 0.000455297
v -0.008779809 -0.005651314 0.000467229
v -0.008743718 -0.005492386 0.003413506
v -0.008191825 -0.005450696 0.000726299
v -0.001756741 -0.007863852 0.002335070
v -0.001552734 -0.008265097 0.003418600
v -0.007119311 -0.008400109 0.000726299
v -0.007655568 -0.005718824 0.000458171
v -0.006314925 -0.005986953 0.003407584
v -0.008459953 -0.005450696 0.000458171
v -0.001486807 -0.008396242 0.002066682
v -0.007655568 -0.007863852 0.001798813
v -0.007119311 -0.008400109 0.000458171
v -0.007923696 -0.005450696 0.003407584
v -0.003633641 -0.007059467 0.002871327
v -0.002292998 -0.007595724 0.003407584
v -0.004169898 -0.009472623 0.000726299
v -0.005510540 -0.007059467 0.003407584
v -0.008728082 -0.005986953 0.000994428
v -0.008728082 -0.005986953 0.000458171
v -0.007655568 -0.008131981 0.000458171
v -0.007923696 -0.005450696 0.002335070
v -0.006314925 -0.005986953 0.003139456
v -0.002292998 -0.007595724 0.002871327
v -0.003633641 -0.009472623 0.000726299
v -0.004974283 -0.009204495 0.000458171
v -0.004706155 -0.009204495 0.001262556
v -0.008191825 -0.005986953 0.003407584
v -0.002024870 -0.008400109 0.003407584
v -0.007655568 -0.008131981 0.000726299
v -0.007387439 -0.005718824 0.001262556
v -0.007119311 -0.005718824 0.002603199
v -0.003097384 -0.008936366 0.000458171
v -0.004974283 -0.009204495 0.000726299
v -0.003633641 -0.009472623 0.000458171
v -0.004706155 -0.008936366 0.001798813
v -0.004438026 -0.009204495 0.001530685
v -0.003365512 -0.009204495 0.001530685
v -0.004169898 -0.009472623 0.000458171
f 2496 2490 2491
f 2497 2491 2490
f 2499 2496 2492
f 2499 2495 2496
f 2500 2494 2497
f 2501 2493 2494
f 2501 2495 2499
f 2501 2499 2492
f 2502 2496 2491
f 2502 2492 2496
f 2505 2494 2500
f 2505 2501 2494
f 2505 2495 2501
f 2507 2500 2497
f 2507 2497 2490
f 2507 2490 2496
f 2510 2494 2493
f 2511 2493 2501
f 2511 2501 2492
f 2511 2510 2493
f 2512 2504 2498
f 2512 2510 2511
f 2512 2511 2492
f 2512 2492 2504
f 2513 2505 2500
f 2513 2495 2505
f 2514 2500 2507
f 2514 2513 2500
f 2515 2507 2496
f 2515 2496 2506
f 2515 2514 2507
f 2515 2506 2514
f 2516 2502 2491
f 2517 2498 2504
f 2517 2504 2492
f 2518 2503 2498
f 2519 2509 2497
f 2519 2497 2494
f 2519 2494 2503
f 2519 2503 2509
f 2520 2509 2503
f 2520 2491 2497
f 2520 2497 2509
f 2521 2512 2498
f 2521 2498 2503
f 2521 2503 2494
f 2521 2494 2510
f 2521 2510 2512
f 2522 2514 2506
f 2522 2495 2514
f 2522 2506 2496
f 2522 2496 2495
f 2523 2514 2495
f 2523 2495 2513
f 2523 2513 2514
f 2524 2492 2502
f 2525 2517 2508
f 2525 2498 2517
f 2525 2518 2498
f 2525 2508 2518
f 2526 2516 2508
f 2526 2492 2524
f 2526 2524 2502
f 2526 2502 2516
f 2527 2520 2503
f 2528 2518 2508
f 2528 2508 2516
f 2528 2520 2527
f 2528 2527 2503
f 2528 2503 2518
f 2529 2516 2491
f 2529 2491 2520
f 2529 2528 2516
f 2529 2520 2528
f 2530 2526 2508
f 2530 2508 2517
f 2530 2517 2492
f 2530 2492 2526
o proximal062
usemtl Material062
v 0.009802716 -0.005198155 0.009305980
v 0.009772784 -0.005718824 0.009306411
v 0.010577169 -0.003573797 0.003407584
v 0.010301764 -0.003302737 0.000458248
v 0.008160627 -0.005864534 0.003399311
v 0.009504655 -0.006255081 0.000458171
v 0.008194768 -0.005521303 0.009309443
v 0.010309041 -0.004378182 0.006625126
v 0.010577169 -0.003573797 0.001262556
v 0.008646136 -0.006216808 0.000476738
v 0.010040912 -0.003305668 0.003407584
v 0.010040912 -0.005182567 0.003675713
v 0.010309041 -0.004110053 0.000458171
v 0.010388555 -0.003232416 0.003417976
v 0.008701487 -0.006227435 0.000456237
v 0.008432141 -0.006255081 0.003675713
v 0.008164013 -0.005450696 0.005284483
v 0.010040912 -0.005182567 0.006625126
v 0.009772784 -0.005718824 0.000458171
v 0.010344463 -0.003213880 0.001263686
v 0.010129475 -0.004045032 0.006635943
v 0.010264326 -0.003395638 0.000455806
v 0.008164013 -0.005986953 0.006088869
v 0.008432141 -0.006255081 0.003407584
v 0.009236527 -0.006255081 0.004211970
v 0.008070726 -0.005628922 0.009305591
v 0.009772784 -0.004110053 0.006625126
v 0.009504655 -0.006255081 0.003139456
v 0.008968398 -0.005986953 0.007965768
v 0.009504655 -0.005986953 0.007965768
v 0.008700270 -0.005986953 0.007697640
v 0.008700270 -0.006255081 0.004211970
f 2537 2532 2531
f 2538 2531 2532
f 2539 2533 2538
f 2540 2535 2534
f 2542 2539 2538
f 2543 2534 2539
f 2544 2533 2539
f 2545 2540 2534
f 2547 2541 2534
f 2547 2534 2535
f 2548 2542 2538
f 2548 2538 2532
f 2548 2532 2542
f 2549 2539 2542
f 2549 2543 2539
f 2549 2542 2532
f 2549 2532 2536
f 2550 2544 2539
f 2550 2539 2534
f 2550 2534 2541
f 2550 2541 2544
f 2551 2538 2533
f 2551 2533 2544
f 2551 2531 2538
f 2552 2545 2534
f 2552 2534 2543
f 2552 2543 2549
f 2552 2549 2536
f 2552 2536 2545
f 2554 2535 2540
f 2554 2540 2545
f 2554 2545 2536
f 2554 2536 2546
f 2554 2553 2535
f 2554 2546 2553
f 2555 2546 2536
f 2556 2537 2541
f 2556 2541 2547
f 2556 2547 2535
f 2556 2535 2553
f 2556 2532 2537
f 2557 2537 2531
f 2557 2531 2551
f 2557 2541 2537
f 2557 2551 2544
f 2557 2544 2541
f 2558 2555 2536
f 2558 2536 2532
f 2559 2532 2556
f 2560 2558 2532
f 2560 2555 2558
f 2560 2559 2555
f 2560 2532 2559
f 2561 2553 2546
f 2561 2559 2556
f 2561 2556 2553
f 2562 2546 2555
f 2562 2555 2559
f 2562 2561 2546
f 2562 2559 2561
o proximal063
usemtl Material063
v 0.010309041 0.001788773 -0.013752639
v 0.010577169 -0.002501283 -0.013484511
v 0.010040912 -0.003037540 -0.015093282
v 0.008641925 0.001981678 -0.015653571
v 0.009504655 -0.003573797 -0.012948254
v 0.009504655 0.000448131 -0.015629539
v 0.010577169 -0.001696897 -0.014288896
v 0.010206151 -0.002735076 -0.012936049
v 0.009112807 0.002183121 -0.013795304
v 0.010040912 -0.003841925 -0.012948254
v 0.008432141 -0.002769411 -0.015361410
v 0.010040912 0.001788773 -0.014557025
v 0.010040912 -0.003573797 -0.015093282
v 0.010309041 -0.003305668 -0.012948254
v 0.010040912 0.002056902 -0.013752639
v 0.009772784 -0.003037540 -0.012948254
v 0.009641974 -0.003896857 -0.015363931
v 0.009109223 -0.000966809 -0.015629397
v 0.008164013 0.000984388 -0.014825153
v 0.008723313 0.002162372 -0.015609404
v 0.010309041 0.001520645 -0.014288896
v 0.010577169 -0.001965026 -0.014288896
v 0.010040912 -0.003841925 -0.014825153
v 0.010040912 0.002056902 -0.014020768
v 0.009669304 -0.003912692 -0.012950430
v 0.009504655 -0.000892512 -0.015629539
v 0.008164013 0.000448131 -0.015629539
v 0.008432141 -0.002769411 -0.014825153
v 0.008432141 0.002056902 -0.015093282
v 0.010309041 0.001788773 -0.014020768
v 0.010309041 -0.003305668 -0.013484511
v 0.010577169 -0.002501283 -0.013752639
v 0.009668551 -0.003817715 -0.015357240
v 0.008164013 0.000716259 -0.014825153
v 0.008700270 0.002056902 -0.014288896
v 0.008164013 0.001520645 -0.015629539
v 0.008164013 0.000448131 -0.015361410
v 0.008164013 0.001520645 -0.015361410
f 2569 2563 2564
f 2569 2565 2568
f 2575 2565 2569
f 2575 2568 2565
f 2576 2564 2563
f 2576 2563 2570
f 2576 2570 2572
f 2577 2571 2570
f 2577 2570 2563
f 2578 2571 2567
f 2578 2567 2570
f 2578 2570 2571
f 2580 2579 2573
f 2581 2567 2571
f 2582 2574 2568
f 2582 2568 2566
f 2583 2569 2568
f 2583 2568 2574
f 2584 2575 2569
f 2584 2569 2564
f 2585 2575 2584
f 2585 2576 2572
f 2585 2579 2575
f 2586 2577 2563
f 2586 2574 2582
f 2586 2582 2571
f 2586 2571 2577
f 2587 2572 2570
f 2587 2570 2567
f 2587 2585 2572
f 2587 2579 2585
f 2588 2568 2575
f 2588 2579 2580
f 2588 2580 2566
f 2588 2566 2568
f 2589 2580 2573
f 2589 2566 2580
f 2590 2587 2567
f 2590 2573 2579
f 2590 2579 2587
f 2590 2589 2573
f 2591 2571 2582
f 2592 2583 2574
f 2592 2563 2569
f 2592 2569 2583
f 2592 2586 2563
f 2592 2574 2586
f 2593 2564 2576
f 2593 2576 2585
f 2594 2585 2584
f 2594 2584 2564
f 2594 2593 2585
f 2594 2564 2593
f 2595 2588 2575
f 2595 2575 2579
f 2595 2579 2588
f 2596 2590 2567
f 2596 2567 2581
f 2596 2581 2589
f 2597 2581 2571
f 2597 2571 2591
f 2598 2591 2582
f 2598 2582 2566
f 2598 2566 2589
f 2598 2589 2581
f 2599 2596 2589
f 2599 2589 2590
f 2599 2590 2596
f 2600 2598 2581
f 2600 2591 2598
f 2600 2597 2591
f 2600 2581 2597
o proximal064
usemtl Material064
v 0.014330968 0.002325030 0.019763422
v 0.014867225 0.002056902 0.018959036
v 0.014762629 0.002366020 0.017619873
v 0.014330968 0.002056902 0.017618394
v 0.011113426 -0.004110053 0.019763422
v 0.013523151 0.002333061 0.019560770
v 0.014657390 0.002414832 0.018895000
v 0.012454069 -0.003841925 0.020031550
v 0.011113426 -0.002501283 0.020299679
v 0.014599097 0.002325030 0.019495293
v 0.013794711 -0.000892512 0.017618394
v 0.012185940 0.000180002 0.020031550
v 0.012185940 -0.003573797 0.020299679
v 0.011115651 -0.001419934 0.019859376
v 0.014599097 0.001788773 0.019495293
v 0.014867225 0.001788773 0.017618394
v 0.012454069 -0.004110053 0.019227165
v 0.013258454 0.000180002 0.020031550
v 0.011113426 -0.003573797 0.020299679
v 0.011110269 -0.001444056 0.019861674
v 0.012990326 -0.001160640 0.017618394
v 0.011917812 -0.000088126 0.020031550
v 0.011921836 0.000730264 0.019670504
v 0.014062840 0.000180002 0.019495293
v 0.014062840 0.000716259 0.019763422
v 0.013192845 -0.001511646 0.017610096
v 0.014726721 0.002274763 0.017616609
v 0.012185940 -0.004110053 0.019763422
v 0.012722197 -0.003573797 0.019495293
v 0.012185940 -0.002501283 0.020299679
v 0.011113426 -0.003573797 0.019227165
v 0.014062840 0.001520645 0.017618394
v 0.012990326 -0.001965026 0.020031550
v 0.014330968 0.001788773 0.019763422
v 0.013526583 -0.001428769 0.017618394
v 0.012454069 -0.004110053 0.019495293
v 0.012722197 -0.003573797 0.019227165
v 0.014867225 0.001788773 0.018422779
v 0.014599097 0.001252516 0.018959036
v 0.011151633 -0.003892913 0.019163661
f 2606 2603 2604
f 2607 2602 2603
f 2607 2606 2601
f 2607 2603 2606
f 2610 2607 2601
f 2610 2602 2607
f 2612 2601 2606
f 2615 2602 2610
f 2615 2610 2601
f 2616 2603 2602
f 2618 2612 2609
f 2618 2601 2612
f 2619 2613 2609
f 2619 2605 2613
f 2620 2609 2614
f 2620 2619 2609
f 2620 2605 2619
f 2622 2614 2609
f 2622 2609 2612
f 2623 2606 2604
f 2623 2621 2614
f 2623 2614 2622
f 2623 2622 2612
f 2623 2612 2606
f 2624 2615 2608
f 2625 2608 2615
f 2626 2616 2611
f 2627 2604 2603
f 2627 2603 2616
f 2627 2626 2604
f 2627 2616 2626
f 2628 2605 2617
f 2628 2613 2605
f 2628 2608 2613
f 2629 2611 2616
f 2629 2624 2608
f 2630 2618 2609
f 2630 2609 2613
f 2630 2613 2601
f 2630 2601 2618
f 2631 2620 2614
f 2631 2614 2621
f 2631 2605 2620
f 2632 2623 2604
f 2632 2621 2623
f 2632 2626 2621
f 2632 2604 2626
f 2633 2625 2613
f 2633 2613 2608
f 2633 2608 2625
f 2634 2625 2615
f 2634 2615 2601
f 2634 2601 2613
f 2634 2613 2625
f 2635 2626 2611
f 2635 2611 2617
f 2635 2617 2626
f 2636 2628 2617
f 2636 2608 2628
f 2636 2629 2608
f 2636 2617 2629
f 2637 2629 2617
f 2637 2617 2611
f 2637 2611 2629
f 2638 2629 2616
f 2638 2616 2602
f 2639 2624 2629
f 2639 2602 2615
f 2639 2615 2624
f 2639 2638 2602
f 2639 2629 2638
f 2640 2631 2621
f 2640 2621 2626
f 2640 2626 2617
f 2640 2617 2605
f 2640 2605 2631
o proximal065
usemtl Material065
v -0.009532467 0.003933801 -0.008926326
v -0.008968680 0.003635726 -0.009237481
v -0.009264339 0.005006315 -0.010266969
v -0.010068724 0.005274444 -0.017238309
v -0.010998038 0.001968491 -0.014577459
v -0.009532467 0.005006315 -0.017238309
v -0.010873110 0.002861287 -0.009730712
v -0.008996210 0.004201930 -0.009194455
v -0.009478409 0.005380072 -0.014439380
v -0.010429615 0.003707766 -0.017216683
v -0.010604981 0.002056902 -0.014557025
v -0.010068724 0.004738187 -0.009998840
v -0.011141238 0.002325030 -0.014557025
v -0.010849639 0.002048577 -0.009730817
v -0.008962541 0.004559941 -0.011346772
v -0.009712122 0.005366917 -0.017236698
v -0.010068724 0.003665673 -0.017238309
v -0.010336853 0.003933801 -0.009462583
v -0.010336853 0.004470058 -0.010803226
v -0.010068724 0.005274444 -0.015093282
v -0.009800596 0.004738187 -0.009730712
v -0.010336853 0.004738187 -0.017238309
v -0.009552152 0.003570403 -0.008955661
v -0.009800596 0.003933801 -0.008926326
v -0.010900248 0.001968133 -0.012683638
v -0.011141238 0.002325030 -0.012680125
v -0.008996210 0.004738187 -0.009730712
v -0.009264339 0.004470058 -0.013752639
v -0.009264339 0.005274444 -0.013752639
v -0.010068724 0.003397544 -0.016165796
v -0.009800596 0.005006315 -0.010266969
v -0.010336853 0.004738187 -0.016433924
v -0.009789521 0.003594966 -0.008943009
v -0.009264339 0.005006315 -0.014557025
v -0.009800596 0.005274444 -0.014020768
f 2648 2641 2642
f 2653 2650 2645
f 2654 2651 2642
f 2656 2646 2644
f 2657 2644 2646
f 2657 2646 2642
f 2657 2651 2645
f 2657 2645 2650
f 2658 2652 2647
f 2659 2647 2652
f 2660 2659 2652
f 2660 2656 2644
f 2660 2649 2656
f 2661 2652 2658
f 2662 2650 2653
f 2662 2657 2650
f 2662 2644 2657
f 2662 2660 2644
f 2663 2654 2642
f 2663 2642 2641
f 2664 2647 2654
f 2664 2658 2647
f 2664 2661 2658
f 2664 2641 2648
f 2664 2648 2661
f 2665 2654 2645
f 2665 2645 2651
f 2665 2651 2654
f 2666 2653 2645
f 2666 2645 2654
f 2666 2654 2647
f 2666 2647 2659
f 2666 2662 2653
f 2667 2648 2642
f 2667 2642 2655
f 2667 2661 2648
f 2667 2643 2661
f 2668 2655 2642
f 2668 2642 2646
f 2668 2646 2655
f 2669 2667 2655
f 2669 2649 2643
f 2669 2643 2667
f 2669 2656 2649
f 2669 2646 2656
f 2670 2657 2642
f 2670 2642 2651
f 2670 2651 2657
f 2671 2660 2652
f 2671 2643 2649
f 2671 2661 2643
f 2671 2652 2661
f 2672 2659 2660
f 2672 2660 2662
f 2672 2666 2659
f 2672 2662 2666
f 2673 2663 2641
f 2673 2641 2664
f 2673 2664 2654
f 2673 2654 2663
f 2674 2669 2655
f 2674 2655 2646
f 2674 2646 2669
f 2675 2671 2649
f 2675 2649 2660
f 2675 2660 2671
o proximal066
usemtl Material066
v -0.004000803 0.004776175 0.018157436
v -0.003901769 0.004201930 0.018154651
v -0.003901769 0.004738187 0.014400852
v -0.005242411 0.004738187 0.014132724
v -0.006756975 0.002018043 0.018142555
v -0.004069296 0.005140634 0.014456667
v -0.006715216 0.002110682 0.018171558
v -0.004438026 0.003665673 0.014937109
v -0.003983532 0.005059763 0.015211734
v -0.004241113 0.005110320 0.014167658
v -0.004169898 0.003933801 0.018154651
v -0.006314925 0.003933801 0.018154651
v -0.003901769 0.004201930 0.015741494
v -0.006826836 0.002047516 0.015204835
v -0.004169898 0.004738187 0.014132724
v -0.005253809 0.005118905 0.014230465
v -0.004438026 0.003665673 0.017618394
v -0.006851182 0.002593159 0.018154651
v -0.004169898 0.003933801 0.015205237
v -0.004438026 0.003933801 0.014668981
v -0.006583054 0.003665673 0.015205237
v -0.006583054 0.003397544 0.018154651
v -0.003901769 0.004470058 0.014937109
v -0.006583054 0.003665673 0.016545880
v -0.006851182 0.002861287 0.015205237
v -0.006851182 0.002861287 0.017618394
f 2676 2677 2678
f 2682 2677 2676
f 2684 2681 2676
f 2684 2676 2678
f 2684 2678 2681
f 2685 2681 2678
f 2686 2682 2680
f 2686 2677 2682
f 2686 2683 2677
f 2687 2682 2676
f 2688 2678 2677
f 2688 2677 2683
f 2689 2683 2680
f 2690 2685 2678
f 2690 2679 2685
f 2690 2689 2679
f 2691 2676 2681
f 2691 2681 2685
f 2691 2687 2676
f 2691 2685 2679
f 2692 2686 2680
f 2692 2680 2683
f 2692 2683 2686
f 2693 2680 2682
f 2693 2689 2680
f 2694 2688 2683
f 2694 2683 2678
f 2695 2683 2689
f 2695 2689 2690
f 2695 2690 2678
f 2695 2678 2683
f 2697 2693 2682
f 2697 2682 2687
f 2698 2694 2678
f 2698 2678 2688
f 2698 2688 2694
f 2699 2687 2691
f 2699 2691 2696
f 2699 2697 2687
f 2700 2689 2693
f 2700 2699 2696
f 2700 2679 2689
f 2700 2696 2691
f 2700 2691 2679
f 2701 2693 2697
f 2701 2697 2699
f 2701 2700 2693
f 2701 2699 2700
o proximal067
usemtl Material067
v 0.000741813 -0.007659853 0.015483088
v 0.000656415 -0.008131981 0.015473366
v 0.000126642 -0.008773678 0.003362339
v -0.007133664 -0.006023343 0.003410384
v -0.005293266 -0.005861312 0.014151739
v -0.001488613 -0.008668238 0.003943841
v 0.000255192 -0.008205371 0.004757206
v 0.000273688 -0.008536174 0.003753536
v -0.003903582 -0.006260435 0.015473659
v -0.000684227 -0.008936366 0.004211970
v -0.001488613 -0.008668238 0.003407584
v -0.007119311 -0.005986953 0.009038282
v -0.006851182 -0.005450696 0.007429511
v 0.000773113 -0.007659204 0.014128988
v 0.000120158 -0.008936366 0.004211970
v -0.006314925 -0.005986953 0.003407584
v -0.002829255 -0.007059467 0.015473366
v -0.006046797 -0.006791338 0.003407584
v -0.000684227 -0.008936366 0.003407584
v -0.004706155 -0.005718824 0.013864595
v -0.007168223 -0.005587650 0.009320348
v -0.005242411 -0.005718824 0.011183310
v -0.000416099 -0.008668238 0.008233897
v -0.002829255 -0.007327595 0.003407584
v -0.007042610 -0.006060625 0.003392621
v -0.006851182 -0.005718824 0.003943841
v -0.000147970 -0.008131981 0.015473366
v -0.005242411 -0.006255081 0.014132724
v -0.007119311 -0.006255081 0.005552612
v -0.004706155 -0.005718824 0.014132724
v 0.000120158 -0.008668238 0.008233897
v -0.000416099 -0.008400109 0.003407584
v -0.004169898 -0.006791338 0.003407584
v -0.007119311 -0.005450696 0.007429511
v -0.000416099 -0.008131981 0.014937109
v -0.007204396 -0.005961268 0.003958286
v -0.006046797 -0.006791338 0.003943841
v -0.003097384 -0.006255081 0.015473366
v -0.006583054 -0.005450696 0.009306411
v -0.000952356 -0.008668238 0.006625126
v -0.000416099 -0.008400109 0.011719567
v -0.002292998 -0.006523210 0.015473366
v -0.006583054 -0.005450696 0.008770154
v -0.003097384 -0.006255081 0.014400852
v -0.002292998 -0.006523210 0.015205237
f 2712 2711 2707
f 2715 2702 2703
f 2715 2703 2709
f 2715 2709 2708
f 2716 2709 2703
f 2716 2704 2709
f 2718 2702 2710
f 2719 2712 2707
f 2719 2704 2712
f 2720 2712 2704
f 2720 2711 2712
f 2720 2716 2711
f 2720 2704 2716
f 2723 2715 2708
f 2724 2711 2716
f 2725 2708 2709
f 2726 2717 2704
f 2726 2705 2717
f 2726 2719 2705
f 2726 2704 2719
f 2727 2708 2717
f 2727 2723 2708
f 2727 2714 2723
f 2727 2717 2705
f 2728 2703 2702
f 2728 2702 2718
f 2728 2724 2703
f 2729 2718 2710
f 2729 2710 2706
f 2729 2722 2713
f 2729 2706 2722
f 2730 2705 2719
f 2730 2707 2713
f 2731 2706 2710
f 2731 2722 2706
f 2732 2724 2716
f 2732 2716 2703
f 2732 2703 2724
f 2733 2725 2709
f 2733 2709 2704
f 2733 2704 2725
f 2734 2725 2704
f 2734 2704 2717
f 2734 2717 2708
f 2734 2708 2725
f 2735 2714 2727
f 2736 2728 2718
f 2736 2718 2729
f 2736 2729 2713
f 2737 2705 2730
f 2737 2722 2735
f 2737 2735 2727
f 2737 2727 2705
f 2737 2730 2713
f 2737 2713 2722
f 2738 2730 2719
f 2738 2719 2707
f 2738 2707 2730
f 2739 2731 2710
f 2739 2710 2702
f 2739 2721 2731
f 2740 2731 2721
f 2740 2714 2735
f 2740 2735 2722
f 2740 2722 2731
f 2741 2707 2711
f 2741 2736 2713
f 2741 2713 2707
f 2742 2711 2724
f 2742 2724 2728
f 2742 2728 2736
f 2742 2741 2711
f 2742 2736 2741
f 2743 2739 2702
f 2743 2702 2715
f 2744 2740 2721
f 2744 2714 2740
f 2744 2723 2714
f 2744 2721 2723
f 2745 2721 2739
f 2745 2739 2743
f 2745 2723 2721
f 2745 2715 2723
f 2746 2745 2743
f 2746 2743 2715
f 2746 2715 2745
o proximal068
usemtl Material068
v -0.012939356 -0.002482489 -0.015857741
v -0.012750009 -0.002769411 -0.015897667
v -0.014565012 -0.002448779 -0.022038509
v -0.015255213 -0.003875885 -0.023709490
v -0.014626909 -0.006791338 -0.017506438
v -0.014090652 -0.005986953 -0.021528365
v -0.012750009 -0.002501283 -0.016165796
v -0.013702212 -0.005226453 -0.015836670
v -0.014626909 -0.002501283 -0.016433924
v -0.014090652 -0.005450696 -0.021528365
v -0.016235679 -0.006791338 -0.023673393
v -0.013504669 -0.002352847 -0.016050052
v -0.012750009 -0.002769411 -0.016165796
v -0.014104766 -0.006815717 -0.017503754
v -0.015431294 -0.003573797 -0.021528365
v -0.014626909 -0.003305668 -0.016433924
v -0.015163166 -0.004646310 -0.023673393
v -0.014895037 -0.002501283 -0.017506438
v -0.014358780 -0.002501283 -0.016165796
v -0.013286266 -0.004646310 -0.017506438
v -0.013286266 -0.004646310 -0.015897667
v -0.014358780 -0.006791338 -0.021796494
v -0.014181213 -0.006950641 -0.019902869
v -0.014895037 -0.002501283 -0.022064622
v -0.016235679 -0.005450696 -0.023673393
v -0.014090652 -0.005182567 -0.016165796
v -0.016235679 -0.006523210 -0.022332751
v -0.015465845 -0.006852103 -0.023662703
v -0.014358780 -0.003037540 -0.016165796
v -0.014358780 -0.006255081 -0.022064622
v -0.016235679 -0.006791338 -0.023137136
v -0.015431294 -0.003573797 -0.020723980
v -0.015163166 -0.003037540 -0.022064622
v -0.014895037 -0.003305668 -0.017238309
v -0.016235679 -0.005718824 -0.022869008
v -0.015284335 -0.006908088 -0.023380253
v -0.016235679 -0.005450696 -0.023405265
v -0.014895037 -0.002769411 -0.017238309
v -0.016235679 -0.006255081 -0.022332751
f 2753 2747 2748
f 2754 2748 2747
f 2756 2753 2752
f 2756 2749 2753
f 2758 2753 2749
f 2758 2747 2753
f 2759 2753 2748
f 2759 2752 2753
f 2760 2754 2751
f 2763 2756 2752
f 2763 2750 2749
f 2763 2749 2756
f 2764 2758 2749
f 2764 2755 2758
f 2765 2758 2755
f 2765 2754 2747
f 2765 2747 2758
f 2765 2755 2762
f 2766 2752 2759
f 2766 2759 2748
f 2767 2748 2754
f 2767 2754 2760
f 2767 2766 2748
f 2767 2760 2766
f 2769 2760 2751
f 2769 2766 2760
f 2769 2768 2752
f 2769 2752 2766
f 2770 2749 2750
f 2770 2764 2749
f 2770 2761 2764
f 2771 2750 2757
f 2771 2770 2750
f 2772 2762 2751
f 2772 2751 2754
f 2773 2771 2757
f 2774 2757 2750
f 2774 2750 2763
f 2775 2765 2762
f 2775 2754 2765
f 2775 2772 2754
f 2775 2762 2772
f 2776 2763 2752
f 2776 2752 2768
f 2777 2769 2751
f 2777 2773 2757
f 2777 2751 2773
f 2778 2764 2761
f 2778 2761 2771
f 2779 2771 2761
f 2779 2761 2770
f 2779 2770 2771
f 2780 2773 2751
f 2780 2751 2762
f 2780 2762 2755
f 2781 2771 2773
f 2782 2768 2769
f 2782 2769 2777
f 2782 2777 2757
f 2782 2757 2774
f 2782 2776 2768
f 2782 2774 2763
f 2782 2763 2776
f 2783 2778 2771
f 2783 2764 2778
f 2783 2781 2764
f 2783 2771 2781
f 2784 2780 2755
f 2784 2755 2764
f 2784 2773 2780
f 2785 2781 2773
f 2785 2773 2784
f 2785 2784 2764
f 2785 2764 2781
o proximal069
usemtl Material069
v -0.005801357 0.005282769 0.005285131
v -0.005778668 0.004470058 0.005284483
v -0.005778668 0.005006315 -0.001418729
v -0.007695153 0.005162174 -0.002812652
v -0.008459953 0.003665673 0.004748226
v -0.006011667 0.005374351 -0.001359500
v -0.008191825 0.003665673 0.005284483
v -0.007655568 0.005274444 0.003675713
v -0.008431997 0.003388499 -0.002759729
v -0.006419323 0.005377843 -0.002088170
v -0.008459953 0.004201930 -0.002759371
v -0.007923696 0.003933801 0.005284483
v -0.008191825 0.003933801 0.005016355
v -0.008020320 0.003284437 0.005181098
v -0.006314925 0.003397544 0.005016355
v -0.006200290 0.005372528 -0.001876246
v -0.007556450 0.005362455 -0.002665502
v -0.006314925 0.005006315 -0.002223114
v -0.008191825 0.004738187 0.002603199
v -0.007923696 0.005006315 0.003675713
v -0.008226050 0.003287838 0.004685583
v -0.006314925 0.003397544 0.005284483
v -0.006046797 0.004470058 -0.001150600
v -0.005778668 0.004738187 -0.000614343
v -0.007923696 0.005274444 -0.002223114
v -0.007387439 0.005006315 -0.002759371
v -0.006046797 0.005006315 -0.001954986
v -0.008459953 0.004201930 0.000458171
v -0.006046797 0.003933801 0.004748226
v -0.006046797 0.004738187 -0.001686857
v -0.008459953 0.003933801 0.003675713
v -0.005778668 0.004470058 0.005016355
v -0.006314925 0.004470058 -0.001686857
f 2786 2787 2788
f 2791 2786 2788
f 2793 2786 2791
f 2795 2793 2791
f 2796 2794 2790
f 2796 2789 2794
f 2797 2792 2786
f 2797 2786 2793
f 2798 2790 2792
f 2798 2797 2793
f 2798 2792 2797
f 2799 2792 2790
f 2800 2799 2794
f 2801 2795 2791
f 2801 2791 2788
f 2802 2793 2795
f 2803 2802 2795
f 2803 2795 2801
f 2805 2798 2793
f 2805 2790 2798
f 2805 2804 2790
f 2806 2799 2790
f 2806 2790 2794
f 2806 2794 2799
f 2807 2792 2799
f 2807 2787 2786
f 2807 2786 2792
f 2807 2799 2800
f 2808 2800 2794
f 2809 2788 2787
f 2809 2808 2788
f 2809 2800 2808
f 2810 2802 2789
f 2810 2789 2796
f 2810 2796 2804
f 2810 2793 2802
f 2810 2805 2793
f 2810 2804 2805
f 2811 2803 2794
f 2811 2794 2789
f 2811 2789 2802
f 2811 2802 2803
f 2812 2803 2801
f 2812 2801 2788
f 2812 2794 2803
f 2813 2804 2796
f 2813 2796 2790
f 2814 2800 2809
f 2814 2807 2800
f 2814 2787 2807
f 2815 2812 2788
f 2815 2788 2808
f 2815 2794 2812
f 2816 2813 2790
f 2816 2790 2804
f 2816 2804 2813
f 2817 2814 2809
f 2817 2809 2787
f 2817 2787 2814
f 2818 2815 2808
f 2818 2808 2794
f 2818 2794 2815
o proximal070
usemtl Material070
v -0.009174797 0.001321844 -0.000880840
v -0.008996210 0.000984388 -0.000882472
v -0.008922242 0.002556130 -0.005459787
v -0.010873110 0.002325030 -0.005440656
v -0.010192964 -0.001221331 -0.000882521
v -0.009264339 0.002325030 -0.003295628
v -0.008872070 0.002264539 -0.003298696
v -0.009800596 -0.001160640 -0.000882472
v -0.011409367 0.000716259 -0.003027500
v -0.011391465 0.000440577 -0.005441060
v -0.010336853 0.002593159 -0.005172528
v -0.008909344 0.002129656 -0.002753052
v -0.008728082 0.001788773 -0.003563757
v -0.008868411 0.002532599 -0.005188339
v -0.009800596 0.000716259 -0.000882472
v -0.010873110 0.002325030 -0.004904399
v -0.011409367 0.001252516 -0.005440656
v -0.010261738 -0.001184689 -0.002770305
v -0.011409367 0.000448131 -0.003027500
v -0.010336853 0.002593159 -0.005440656
v -0.009264339 0.000180002 -0.001150600
v -0.008728082 0.001788773 -0.002759371
v -0.008996210 0.001788773 -0.005172528
v -0.009532467 0.001252516 -0.000882472
v -0.011409367 0.000984388 -0.003831885
v -0.009800596 -0.001160640 -0.001686857
v -0.009264339 0.000180002 -0.000882472
v -0.009264339 0.001788773 -0.005440656
v -0.011141238 0.000984388 -0.003027500
v -0.011141238 0.001788773 -0.004904399
v -0.009800596 -0.000892512 -0.002491243
v -0.008996210 0.000984388 -0.002759371
v -0.011409367 0.001252516 -0.005172528
f 2826 2819 2823
f 2830 2819 2820
f 2830 2825 2824
f 2830 2824 2819
f 2832 2824 2825
f 2832 2829 2824
f 2832 2821 2829
f 2833 2827 2823
f 2833 2823 2819
f 2834 2829 2822
f 2834 2824 2829
f 2835 2822 2821
f 2835 2821 2828
f 2835 2834 2822
f 2837 2823 2827
f 2837 2835 2828
f 2837 2827 2835
f 2837 2836 2823
f 2837 2828 2836
f 2838 2829 2821
f 2838 2821 2822
f 2838 2822 2829
f 2840 2830 2820
f 2840 2820 2831
f 2840 2825 2830
f 2840 2832 2825
f 2840 2831 2832
f 2841 2832 2831
f 2841 2821 2832
f 2842 2833 2819
f 2842 2827 2833
f 2842 2819 2824
f 2842 2824 2834
f 2843 2835 2827
f 2843 2827 2834
f 2844 2826 2823
f 2844 2823 2836
f 2844 2839 2826
f 2845 2839 2820
f 2845 2826 2839
f 2845 2820 2819
f 2845 2819 2826
f 2846 2841 2836
f 2846 2836 2828
f 2846 2828 2821
f 2846 2821 2841
f 2847 2842 2834
f 2847 2834 2827
f 2847 2827 2842
f 2848 2843 2834
f 2848 2834 2835
f 2849 2844 2836
f 2849 2836 2841
f 2849 2841 2831
f 2849 2831 2844
f 2850 2844 2831
f 2850 2839 2844
f 2850 2831 2820
f 2850 2820 2839
f 2851 2848 2835
f 2851 2835 2843
f 2851 2843 2848
o proximal071
usemtl Material071
v 0.013099090 -0.001467938 0.019270149
v 0.013258454 -0.002233154 0.018959036
v 0.013258454 -0.001696897 0.011183310
v 0.012943868 -0.001410246 0.009306749
v 0.011113426 -0.004914439 0.011451439
v 0.013023260 -0.001337342 0.011191595
v 0.013149269 -0.001387045 0.019208359
v 0.011109145 -0.003864130 0.019233850
v 0.012185940 -0.004378182 0.009306411
v 0.013258454 -0.001965026 0.019227165
v 0.011083268 -0.004744479 0.009305319
v 0.012722197 -0.001428769 0.014937109
v 0.012722197 -0.001696897 0.019227165
v 0.013258454 -0.002233154 0.017082137
v 0.012185940 -0.004378182 0.018959036
v 0.012990326 -0.002233154 0.009306411
v 0.012454069 -0.004110053 0.019227165
v 0.011113426 -0.003841925 0.017082137
v 0.011039721 -0.004364094 0.013618219
v 0.011649683 -0.004914439 0.011451439
v 0.012722197 -0.003037540 0.009842668
v 0.011113426 -0.004378182 0.018154651
v 0.012907080 -0.001502483 0.009305065
v 0.012722197 -0.003573797 0.019227165
v 0.011649683 -0.004378182 0.018959036
v 0.011049001 -0.004629838 0.010942095
v 0.011511000 -0.004738000 0.009317000
v 0.011158528 -0.004767630 0.009308043
v 0.012454069 -0.003841925 0.010915182
v 0.012454069 -0.004110053 0.014668981
v 0.011381555 -0.004378182 0.018690908
v 0.012722197 -0.003573797 0.016277751
f 2857 2854 2855
f 2858 2854 2857
f 2861 2858 2852
f 2861 2853 2854
f 2861 2854 2858
f 2863 2857 2855
f 2863 2858 2857
f 2864 2859 2852
f 2864 2852 2858
f 2864 2863 2859
f 2864 2858 2863
f 2865 2854 2853
f 2867 2855 2854
f 2868 2852 2859
f 2868 2866 2860
f 2869 2855 2862
f 2869 2863 2855
f 2869 2859 2863
f 2870 2859 2869
f 2871 2866 2856
f 2871 2860 2866
f 2872 2854 2865
f 2872 2867 2854
f 2872 2860 2867
f 2873 2859 2870
f 2874 2862 2855
f 2874 2855 2867
f 2874 2867 2860
f 2874 2860 2862
f 2875 2861 2852
f 2875 2852 2868
f 2875 2853 2861
f 2875 2865 2853
f 2876 2868 2859
f 2876 2866 2868
f 2876 2856 2866
f 2877 2862 2856
f 2877 2873 2870
f 2877 2856 2873
f 2877 2870 2869
f 2877 2869 2862
f 2878 2860 2871
f 2879 2871 2856
f 2879 2856 2862
f 2879 2878 2871
f 2879 2862 2860
f 2879 2860 2878
f 2880 2872 2865
f 2880 2860 2872
f 2881 2875 2868
f 2881 2868 2860
f 2882 2876 2859
f 2882 2859 2873
f 2882 2873 2856
f 2882 2856 2876
f 2883 2880 2865
f 2883 2865 2875
f 2883 2875 2881
f 2883 2881 2860
f 2883 2860 2880
o proximal072
usemtl Material072
v -0.006046797 -0.000356255 0.018422779
v -0.006046797 -0.001160640 0.018422779
v -0.006851182 -0.001965026 0.012523953
v -0.008174316 -0.001161244 0.012522495
v -0.007655568 0.000180002 0.017618394
v -0.006883168 -0.002312867 0.018127887
v -0.007579944 0.000260255 0.015477232
v -0.006046797 -0.000892512 0.017350265
v -0.006851182 -0.002501283 0.012523953
v -0.008191825 -0.001428769 0.016009623
v -0.007302035 0.000233214 0.018415173
v -0.006314925 -0.000356255 0.016814008
v -0.007119311 -0.001696897 0.012523953
v -0.007923696 0.000180002 0.015473366
v -0.006583054 -0.002233154 0.015741494
v -0.006046797 -0.001160640 0.017618394
v -0.007849004 -0.002088750 0.012346678
v -0.006783786 -0.002148771 0.018443292
v -0.007923696 0.000180002 0.016009623
v -0.006851182 0.000180002 0.017618394
v -0.006046797 -0.000356255 0.017618394
v -0.006991047 -0.002545901 0.015475015
v -0.008191825 -0.001965026 0.012792081
v -0.006480005 -0.000268659 0.018482811
v -0.006823557 -0.002243684 0.018419541
v -0.008191825 -0.000892512 0.016009623
v -0.006046797 -0.000624383 0.017350265
v -0.006314925 -0.000088126 0.017618394
v -0.008055810 -0.001805590 0.012428554
v -0.007338471 -0.002526468 0.012494213
v -0.007923696 -0.002233154 0.012792081
v -0.006959764 -0.000032996 0.018469493
v -0.008191825 -0.000624383 0.015741494
v -0.007160425 -0.002602634 0.012999006
v -0.008191825 -0.000624383 0.015473366
f 2891 2884 2885
f 2892 2886 2891
f 2894 2888 2893
f 2895 2886 2890
f 2896 2890 2886
f 2896 2887 2890
f 2897 2890 2887
f 2899 2892 2891
f 2899 2891 2885
f 2899 2898 2892
f 2899 2885 2898
f 2900 2886 2892
f 2900 2896 2886
f 2900 2887 2896
f 2902 2894 2890
f 2902 2888 2894
f 2902 2890 2897
f 2903 2894 2884
f 2903 2890 2894
f 2904 2886 2895
f 2904 2884 2891
f 2905 2898 2889
f 2905 2892 2898
f 2907 2901 2885
f 2907 2885 2884
f 2907 2884 2894
f 2908 2898 2885
f 2908 2885 2901
f 2908 2889 2898
f 2908 2893 2889
f 2908 2901 2894
f 2908 2894 2893
f 2909 2893 2888
f 2909 2906 2893
f 2910 2904 2891
f 2910 2891 2886
f 2910 2886 2904
f 2911 2903 2884
f 2911 2884 2904
f 2911 2890 2903
f 2911 2904 2895
f 2911 2895 2890
f 2912 2906 2887
f 2912 2887 2900
f 2912 2900 2906
f 2913 2900 2892
f 2914 2905 2889
f 2914 2889 2893
f 2914 2893 2906
f 2914 2906 2900
f 2914 2900 2913
f 2915 2907 2894
f 2915 2894 2901
f 2915 2901 2907
f 2916 2909 2888
f 2916 2888 2902
f 2916 2902 2897
f 2916 2906 2909
f 2917 2913 2892
f 2917 2892 2905
f 2917 2914 2913
f 2917 2905 2914
f 2918 2916 2897
f 2918 2897 2887
f 2918 2887 2906
f 2918 2906 2916
o proximal073
usemtl Material073
v 0.005752894 0.000182486 0.020066600
v 0.005760752 -0.004876137 0.020507393
v 0.005482728 -0.003573797 0.020031550
v -0.004196403 0.003680588 0.020052864
v -0.004706155 -0.000624383 0.021104064
v 0.005750856 -0.003573797 0.020031550
v 0.005750856 -0.003037540 0.020567807
v -0.002292998 0.003665673 0.020567807
v -0.004981282 -0.002236386 0.020572840
v 0.002265186 -0.004914439 0.020299679
v 0.003069572 -0.004914439 0.020835936
v 0.000393955 0.003672605 0.020129563
v -0.004169898 0.003665673 0.020567807
v 0.004142086 -0.001428769 0.020567807
v 0.005748425 -0.004923849 0.020516778
v 0.001192672 -0.004110053 0.020299679
v 0.003069572 -0.004646310 0.020835936
v -0.004169898 -0.002233154 0.021104064
v -0.000149206 -0.004648981 0.020795471
v -0.004988936 0.000201543 0.020672386
v -0.000416099 0.002325030 0.020567807
v 0.002242434 -0.004951351 0.020643150
v -0.004974283 -0.001428769 0.021104064
v -0.004169898 -0.001965026 0.021104064
v -0.004974283 -0.000624383 0.021104064
f 2924 2919 2920
f 2924 2921 2922
f 2924 2922 2919
f 2925 2920 2919
f 2928 2921 2924
f 2930 2926 2919
f 2930 2919 2922
f 2930 2922 2926
f 2931 2926 2922
f 2931 2923 2926
f 2932 2925 2919
f 2932 2923 2925
f 2933 2928 2924
f 2933 2924 2920
f 2933 2920 2925
f 2933 2925 2929
f 2934 2928 2927
f 2934 2927 2922
f 2934 2922 2921
f 2934 2921 2928
f 2935 2929 2925
f 2935 2925 2923
f 2936 2929 2935
f 2937 2927 2928
f 2937 2936 2927
f 2937 2929 2936
f 2938 2931 2922
f 2938 2922 2927
f 2939 2932 2919
f 2939 2919 2926
f 2939 2926 2923
f 2939 2923 2932
f 2940 2933 2929
f 2940 2928 2933
f 2940 2937 2928
f 2940 2929 2937
f 2941 2936 2923
f 2941 2927 2936
f 2941 2938 2927
f 2942 2936 2935
f 2942 2935 2923
f 2942 2923 2936
f 2943 2941 2923
f 2943 2923 2931
f 2943 2931 2938
f 2943 2938 2941
o proximal074
usemtl Material074
v -0.010638070 0.002082169 -0.005436078
v -0.010604981 0.001520645 -0.005440656
v -0.010873110 0.001520645 -0.014557025
v -0.012223356 0.001202614 -0.014629353
v -0.012750009 -0.001965026 -0.006781298
v -0.010921219 0.002086604 -0.014550160
v -0.010604981 0.001788773 -0.012948254
v -0.012213752 -0.000892512 -0.005440656
v -0.012617570 -0.002264363 -0.012959497
v -0.010998038 0.001968491 -0.014577459
v -0.011141238 0.002056902 -0.005976913
v -0.010842090 0.002143724 -0.012941286
v -0.012541980 -0.003072788 -0.006777021
v -0.012025550 -0.001425640 -0.005424768
v -0.012750009 -0.001428769 -0.012411997
v -0.011409367 0.000716259 -0.014557025
v -0.012213752 -0.002233154 -0.012411997
v -0.012213752 0.001252516 -0.014288896
v -0.011141238 0.001788773 -0.005440656
v -0.011945624 -0.000088126 -0.005440656
v -0.012610728 -0.002960171 -0.006789915
v -0.011677495 -0.001160640 -0.005440656
v -0.012658503 -0.001434490 -0.013064868
v -0.011141238 0.000984388 -0.014557025
v -0.010873110 0.001252516 -0.014020768
v -0.012655786 -0.003140481 -0.008635058
v -0.011409367 0.001252516 -0.005440656
v -0.012213752 -0.000624383 -0.006245042
v -0.012213752 -0.002501283 -0.007049427
v -0.011945624 -0.001696897 -0.011607611
v -0.012714455 -0.003033145 -0.008660791
v -0.012213752 -0.002501283 -0.006781298
v -0.011141238 0.000448131 -0.012948254
v -0.010873110 0.000984388 -0.010803226
v -0.011409367 -0.000356255 -0.011607611
v -0.010604981 0.001520645 -0.006245042
v -0.011677495 -0.001160640 -0.008390069
f 2950 2944 2945
f 2950 2946 2949
f 2953 2949 2946
f 2953 2946 2947
f 2953 2947 2949
f 2955 2950 2949
f 2955 2944 2950
f 2955 2954 2944
f 2955 2949 2954
f 2957 2945 2944
f 2959 2952 2947
f 2961 2954 2949
f 2961 2949 2947
f 2961 2958 2948
f 2961 2947 2958
f 2962 2944 2954
f 2962 2957 2944
f 2963 2948 2951
f 2963 2951 2957
f 2963 2954 2961
f 2964 2951 2948
f 2964 2957 2951
f 2964 2956 2957
f 2965 2957 2956
f 2965 2945 2957
f 2966 2958 2947
f 2966 2947 2952
f 2966 2952 2958
f 2967 2959 2947
f 2967 2947 2946
f 2967 2960 2952
f 2967 2952 2959
f 2968 2946 2950
f 2968 2967 2946
f 2968 2960 2967
f 2969 2960 2956
f 2969 2952 2960
f 2969 2956 2964
f 2970 2962 2954
f 2970 2954 2963
f 2970 2963 2957
f 2970 2957 2962
f 2971 2963 2961
f 2971 2961 2948
f 2971 2948 2963
f 2972 2956 2960
f 2973 2972 2960
f 2974 2958 2952
f 2974 2952 2969
f 2974 2948 2958
f 2974 2969 2964
f 2974 2964 2948
f 2975 2965 2956
f 2975 2956 2972
f 2975 2972 2945
f 2975 2945 2965
f 2976 2968 2950
f 2976 2950 2973
f 2976 2973 2960
f 2976 2960 2968
f 2978 2973 2950
f 2978 2950 2977
f 2979 2977 2950
f 2979 2950 2945
f 2979 2945 2972
f 2980 2972 2973
f 2980 2973 2978
f 2980 2979 2972
f 2980 2978 2977
f 2980 2977 2979
o proximal075
usemtl Material075
v 0.008638128 -0.005973861 0.003428678
v 0.009504655 -0.006255081 0.000458171
v 0.009318305 -0.005652190 -0.002753385
v 0.008207124 -0.006376456 -0.002771853
v 0.006555242 -0.007327595 0.000458171
v 0.009236527 -0.006523210 -0.002759371
v 0.009413631 -0.005677642 0.000460648
v 0.007359627 -0.007059467 0.003407584
v 0.007627756 -0.005718824 0.001530685
v 0.009504655 -0.005986953 -0.002759371
v 0.006572977 -0.007203346 -0.000910114
v 0.008760677 -0.006007162 0.003387079
v 0.009236527 -0.006523210 -0.000346215
v 0.007359627 -0.005986953 -0.000882472
v 0.007627756 -0.005718824 0.003407584
v 0.009504655 -0.006255081 -0.000882472
v 0.008968398 -0.005718824 -0.002759371
v 0.007091499 -0.007327595 0.000190042
v 0.007091499 -0.006255081 -0.000882472
v 0.006548440 -0.006816792 0.003409742
v 0.008135094 -0.006353522 -0.002750998
v 0.006823370 -0.007327595 0.000458171
v 0.006555242 -0.006791338 -0.000078086
v 0.006537157 -0.007185811 -0.000854340
f 2990 2987 2982
f 2990 2983 2987
f 2990 2986 2984
f 2991 2984 2986
f 2992 2987 2981
f 2992 2982 2987
f 2992 2988 2982
f 2992 2981 2988
f 2993 2986 2982
f 2993 2982 2988
f 2995 2987 2983
f 2995 2983 2989
f 2995 2981 2987
f 2996 2990 2982
f 2996 2982 2986
f 2996 2986 2990
f 2997 2990 2984
f 2997 2983 2990
f 2997 2994 2989
f 2997 2989 2983
f 2998 2991 2986
f 2998 2985 2991
f 2998 2986 2993
f 2998 2993 2988
f 2999 2995 2989
f 2999 2989 2994
f 3000 2988 2981
f 3000 2981 2995
f 3000 2985 2988
f 3001 2997 2984
f 3001 2994 2997
f 3001 2999 2994
f 3001 2984 2991
f 3002 2998 2988
f 3002 2988 2985
f 3002 2985 2998
f 3003 3000 2995
f 3003 2995 2999
f 3004 3001 2991
f 3004 2999 3001
f 3004 3003 2999
f 3004 2991 2985
f 3004 2985 3000
f 3004 3000 3003
o proximal076
usemtl Material076
v 0.002584949 -0.009799270 -0.008651448
v 0.003364732 -0.009879231 -0.011347929
v 0.002265186 -0.009740752 -0.014288896
v 0.000686944 -0.010961813 -0.016452485
v 0.003337700 -0.011617651 -0.015093282
v 0.000656415 -0.010545137 -0.014020768
v 0.003337700 -0.009740752 -0.013752639
v 0.002533315 -0.010545137 -0.008658198
v 0.002265186 -0.009740752 -0.008658198
v 0.000638160 -0.010944123 -0.016413077
v 0.003453137 -0.010875866 -0.015308544
v 0.001450281 -0.010574331 -0.008653287
v 0.001192672 -0.010813266 -0.016433924
v 0.000656415 -0.011081394 -0.013484511
v 0.001460801 -0.011081394 -0.011071354
v 0.003337700 -0.010008880 -0.014557025
v 0.002272673 -0.011597816 -0.016436561
v 0.000637262 -0.010756696 -0.012954664
v 0.003069572 -0.011617651 -0.014825153
v 0.001533706 -0.010610943 -0.008692231
v 0.002801443 -0.009740752 -0.014288896
v 0.001997058 -0.011081394 -0.016433924
v 0.003176452 -0.011473329 -0.015422382
v 0.001460801 -0.011617651 -0.016165796
v 0.002133777 -0.010583741 -0.008672652
v 0.000924544 -0.011349523 -0.016433924
v 0.001997058 -0.011617651 -0.015093282
v 0.001460801 -0.011617651 -0.016433924
v 0.000924544 -0.011349523 -0.015897667
v 0.002533315 -0.011617651 -0.014825153
f 3011 3005 3006
f 3012 3009 3006
f 3012 3006 3005
f 3013 3007 3010
f 3013 3011 3007
f 3013 3005 3011
f 3014 3010 3007
f 3015 3011 3006
f 3015 3006 3009
f 3016 3012 3005
f 3016 3005 3013
f 3016 3013 3010
f 3017 3014 3007
f 3017 3008 3014
f 3019 3016 3018
f 3020 3011 3015
f 3022 3018 3016
f 3022 3016 3010
f 3022 3010 3014
f 3022 3014 3018
f 3023 3009 3012
f 3023 3012 3019
f 3024 3016 3019
f 3025 3020 3017
f 3025 3017 3007
f 3025 3007 3011
f 3025 3011 3020
f 3026 3020 3015
f 3026 3017 3020
f 3026 3015 3021
f 3026 3021 3008
f 3026 3008 3017
f 3027 3021 3015
f 3027 3015 3009
f 3027 3009 3021
f 3028 3019 3018
f 3028 3009 3023
f 3029 3024 3019
f 3029 3019 3012
f 3029 3012 3016
f 3029 3016 3024
f 3030 3018 3014
f 3030 3014 3008
f 3031 3028 3023
f 3031 3019 3028
f 3032 3021 3009
f 3032 3009 3028
f 3032 3028 3030
f 3032 3030 3008
f 3032 3008 3021
f 3033 3030 3028
f 3033 3028 3018
f 3033 3018 3030
f 3034 3031 3023
f 3034 3023 3019
f 3034 3019 3031
o proximal077
usemtl Material077
v -0.000684227 0.008760114 0.020031550
v -0.000396360 0.007156763 0.020002503
v -0.000353419 0.010081660 0.015204616
v -0.002386825 0.008644334 0.015081618
v -0.003097384 0.007151343 0.020031550
v -0.001220484 0.007419471 0.016009623
v -0.000282868 0.009505674 0.019438973
v -0.001220484 0.007151343 0.020299679
v -0.000416099 0.009028242 0.015205237
v -0.003186702 0.007077563 0.015202304
v -0.000312127 0.008718573 0.019815192
v -0.002829255 0.007955728 0.020031550
v -0.001220484 0.007419471 0.020299679
v -0.000280182 0.009239875 0.019641534
v -0.000952356 0.007687600 0.016277751
v -0.002170243 0.008886727 0.015088422
v -0.001220484 0.008223857 0.015205237
v -0.002829255 0.007151343 0.015205237
v -0.002829255 0.007151343 0.020299679
v -0.000418612 0.007150611 0.020004610
v -0.000684227 0.009296371 0.019763422
v -0.003365512 0.007419471 0.018959036
v -0.000684227 0.010100756 0.017082137
v -0.001488613 0.007687600 0.015473366
v -0.002829255 0.007419471 0.020299679
v -0.003365512 0.007151343 0.018959036
v -0.003097384 0.007687600 0.019763422
v -0.003097384 0.007955728 0.015205237
v -0.002292998 0.009028242 0.015473366
v -0.000684227 0.009832628 0.018959036
v -0.000321138 0.010064050 0.017077321
v -0.001488613 0.007419471 0.015741494
v -0.002561127 0.007687600 0.020299679
v -0.003365512 0.007419471 0.015205237
v -0.003097384 0.007419471 0.020031550
v -0.002561127 0.008760114 0.015473366
v -0.003097384 0.007955728 0.018959036
v -0.000684227 0.010100756 0.015205237
v -0.000684227 0.009564499 0.019495293
v -0.000307555 0.009776870 0.018935545
v -0.001756741 0.007687600 0.020299679
f 3045 3035 3036
f 3047 3042 3036
f 3047 3036 3035
f 3048 3043 3037
f 3048 3036 3043
f 3048 3045 3036
f 3048 3035 3045
f 3049 3043 3036
f 3049 3036 3040
f 3049 3040 3043
f 3050 3043 3038
f 3050 3037 3043
f 3051 3043 3040
f 3051 3038 3043
f 3052 3044 3038
f 3052 3038 3051
f 3053 3044 3042
f 3053 3039 3044
f 3053 3042 3047
f 3054 3036 3042
f 3054 3042 3044
f 3054 3044 3052
f 3054 3052 3040
f 3054 3040 3036
f 3055 3048 3041
f 3055 3035 3048
f 3058 3052 3051
f 3058 3051 3040
f 3059 3039 3053
f 3059 3053 3047
f 3060 3044 3039
f 3060 3039 3056
f 3065 3037 3057
f 3065 3048 3037
f 3065 3041 3048
f 3065 3057 3064
f 3066 3058 3040
f 3066 3040 3052
f 3066 3052 3058
f 3067 3055 3046
f 3067 3046 3059
f 3067 3035 3055
f 3067 3059 3047
f 3068 3060 3056
f 3068 3044 3060
f 3068 3056 3062
f 3068 3062 3038
f 3068 3038 3044
f 3069 3061 3056
f 3069 3056 3039
f 3069 3039 3059
f 3069 3059 3046
f 3069 3046 3061
f 3070 3050 3038
f 3070 3038 3062
f 3070 3063 3050
f 3071 3057 3063
f 3071 3064 3057
f 3071 3046 3064
f 3071 3063 3070
f 3071 3061 3046
f 3071 3056 3061
f 3071 3070 3062
f 3071 3062 3056
f 3072 3063 3057
f 3072 3057 3037
f 3072 3037 3050
f 3072 3050 3063
f 3073 3064 3046
f 3073 3046 3055
f 3073 3055 3041
f 3074 3065 3064
f 3074 3041 3065
f 3074 3073 3041
f 3074 3064 3073
f 3075 3067 3047
f 3075 3047 3035
f 3075 3035 3067
o proximal078
usemtl Material078
v 0.009185733 -0.000876401 -0.014554106
v 0.009668551 -0.003817715 -0.015357240
v 0.009095057 -0.000830830 -0.020416944
v 0.008432141 -0.001696897 -0.020723980
v 0.008432141 -0.002769411 -0.015361410
v 0.009504655 -0.004378182 -0.020455851
v 0.008700270 -0.000892512 -0.019919594
v 0.009772784 -0.003037540 -0.016165796
v 0.009173005 -0.001448686 -0.014529359
v 0.009504655 -0.003305668 -0.020723980
v 0.008164013 -0.003037540 -0.020723980
v 0.009369435 -0.004440449 -0.017509086
v 0.008700270 -0.000892512 -0.020455851
v 0.008432141 -0.001696897 -0.015629539
v 0.009629749 -0.003199721 -0.015297325
v 0.009772784 -0.004378182 -0.017774566
v 0.009641974 -0.003896857 -0.015363931
v 0.008432141 -0.001965026 -0.015361410
v 0.008700270 -0.001696897 -0.020723980
v 0.009772784 -0.003573797 -0.019383337
v 0.009236527 -0.003841925 -0.020723980
v 0.009236527 -0.004378182 -0.020455851
v 0.008164013 -0.003037540 -0.018847080
v 0.008164013 -0.001965026 -0.020723980
v 0.008700270 -0.001160640 -0.015093282
v 0.009772784 -0.004378182 -0.017506438
v 0.008432141 -0.003037540 -0.015897667
v 0.009772784 -0.003305668 -0.018578952
v 0.009772784 -0.004110053 -0.019383337
v 0.009504655 -0.003841925 -0.020723980
v 0.008432141 -0.003305668 -0.020723980
v 0.008164013 -0.002233154 -0.018042695
v 0.008164013 -0.001965026 -0.020187723
v 0.009160496 -0.000953440 -0.014568061
v 0.008164013 -0.002769411 -0.018042695
v 0.008432141 -0.001428769 -0.019919594
f 3082 3076 3078
f 3083 3078 3076
f 3084 3077 3076
f 3086 3079 3085
f 3088 3082 3078
f 3090 3083 3076
f 3090 3076 3077
f 3090 3077 3083
f 3091 3087 3081
f 3092 3084 3080
f 3092 3077 3084
f 3093 3080 3084
f 3094 3085 3079
f 3094 3078 3085
f 3094 3088 3078
f 3094 3079 3088
f 3095 3085 3078
f 3095 3083 3091
f 3096 3086 3085
f 3097 3081 3087
f 3097 3096 3081
f 3098 3097 3087
f 3098 3086 3097
f 3099 3088 3079
f 3099 3082 3088
f 3099 3079 3086
f 3099 3086 3098
f 3100 3076 3082
f 3100 3089 3093
f 3101 3091 3083
f 3101 3083 3077
f 3101 3077 3092
f 3101 3092 3087
f 3101 3087 3091
f 3102 3092 3080
f 3102 3087 3092
f 3102 3098 3087
f 3103 3095 3078
f 3103 3078 3083
f 3103 3083 3095
f 3104 3095 3091
f 3104 3091 3081
f 3104 3085 3095
f 3105 3096 3085
f 3105 3081 3096
f 3105 3104 3081
f 3105 3085 3104
f 3106 3097 3086
f 3106 3086 3096
f 3106 3096 3097
f 3107 3080 3093
f 3107 3093 3089
f 3107 3099 3098
f 3108 3089 3100
f 3108 3107 3089
f 3108 3099 3107
f 3108 3082 3099
f 3109 3100 3093
f 3109 3093 3084
f 3109 3084 3076
f 3109 3076 3100
f 3110 3102 3080
f 3110 3098 3102
f 3110 3107 3098
f 3110 3080 3107
f 3111 3108 3100
f 3111 3100 3082
f 3111 3082 3108
o proximal079
usemtl Material079
v 0.002180225 -0.011555820 -0.016403100
v 0.002265186 -0.011885780 -0.016433924
v 0.002265186 -0.011885780 -0.022332751
v -0.000416099 -0.012690165 -0.023137136
v -0.000703915 -0.011993202 -0.016428540
v 0.000924544 -0.013226422 -0.022869008
v 0.002265186 -0.011349523 -0.017506438
v -0.000147970 -0.012153908 -0.016433924
v 0.000120158 -0.010813266 -0.017238309
v 0.002265186 -0.012422037 -0.021796494
v 0.001997058 -0.012153908 -0.022600879
v -0.000819689 -0.013156696 -0.022345809
v 0.002309000 -0.012249000 -0.022281000
v 0.000924544 -0.012958294 -0.018310823
v 0.001460801 -0.011617651 -0.021796494
v 0.001192672 -0.010813266 -0.016433924
v -0.000147970 -0.012690165 -0.023137136
v 0.001460801 -0.011885780 -0.022600879
v -0.000777856 -0.013155323 -0.022779670
v 0.002265186 -0.011617651 -0.021260237
v 0.001997058 -0.012422037 -0.022600879
v 0.001192672 -0.012958294 -0.018578952
v 0.000388287 -0.013226422 -0.022064622
v 0.000120158 -0.012958294 -0.018847080
v -0.000147970 -0.011081394 -0.016433924
v -0.000416099 -0.012958294 -0.023137136
v 0.001728929 -0.011885780 -0.022600879
v -0.000684227 -0.011885780 -0.018578952
v 0.001192672 -0.010813266 -0.016970181
v 0.001997058 -0.011617651 -0.021796494
v 0.001460801 -0.012958294 -0.022600879
v 0.000924544 -0.013226422 -0.022064622
v 0.000656415 -0.012958294 -0.018310823
v -0.000684227 -0.012690165 -0.019115209
v 0.000297078 -0.010999261 -0.016415684
v -0.000147970 -0.012958294 -0.023137136
v -0.000147970 -0.011081394 -0.016970181
v 0.000924544 -0.010813266 -0.017238309
v 0.001460801 -0.012958294 -0.022332751
v -0.000147970 -0.012958294 -0.019383337
f 3118 3112 3113
f 3119 3113 3112
f 3119 3112 3116
f 3124 3118 3113
f 3124 3113 3121
f 3125 3113 3119
f 3126 3115 3120
f 3127 3112 3118
f 3129 3115 3126
f 3129 3128 3115
f 3131 3124 3114
f 3131 3118 3124
f 3132 3122 3114
f 3132 3114 3124
f 3132 3128 3122
f 3133 3121 3113
f 3133 3113 3125
f 3134 3130 3117
f 3134 3123 3130
f 3136 3127 3120
f 3137 3115 3128
f 3137 3130 3115
f 3137 3117 3130
f 3138 3114 3122
f 3138 3122 3128
f 3138 3128 3129
f 3138 3129 3126
f 3139 3120 3115
f 3139 3115 3130
f 3139 3116 3136
f 3139 3130 3123
f 3139 3123 3116
f 3140 3127 3118
f 3140 3118 3131
f 3140 3120 3127
f 3141 3131 3114
f 3141 3140 3131
f 3141 3126 3120
f 3141 3138 3126
f 3141 3114 3138
f 3142 3132 3124
f 3142 3124 3121
f 3142 3117 3132
f 3143 3133 3125
f 3143 3125 3134
f 3143 3134 3117
f 3143 3117 3142
f 3144 3125 3119
f 3144 3119 3116
f 3144 3116 3135
f 3144 3134 3125
f 3144 3135 3123
f 3144 3123 3134
f 3145 3135 3116
f 3145 3116 3123
f 3146 3136 3116
f 3146 3116 3112
f 3146 3112 3127
f 3146 3127 3136
f 3147 3137 3128
f 3147 3117 3137
f 3147 3132 3117
f 3147 3128 3132
f 3148 3139 3136
f 3148 3136 3120
f 3148 3120 3139
f 3149 3141 3120
f 3149 3120 3140
f 3149 3140 3141
f 3150 3142 3121
f 3150 3121 3133
f 3150 3143 3142
f 3150 3133 3143
f 3151 3145 3123
f 3151 3123 3135
f 3151 3135 3145
o proximal080
usemtl Material080
v -0.007398698 0.006619975 -0.008389431
v -0.007387439 0.005810701 -0.008390069
v -0.006732179 0.008054482 -0.016717552
v -0.008739594 0.007014179 -0.017842904
v -0.007923696 0.006078829 -0.008390069
v -0.007655568 0.005542572 -0.016433924
v -0.007119311 0.008223857 -0.014557025
v -0.006851182 0.006883214 -0.011339483
v -0.007839370 0.005340701 -0.008386820
v -0.007387439 0.006615086 -0.017774566
v -0.007119311 0.008223857 -0.016702053
v -0.007655568 0.006883214 -0.009730712
v -0.007119311 0.006615086 -0.009730712
v -0.006871410 0.007431335 -0.011329710
v -0.007387439 0.006078829 -0.016433924
v -0.007655568 0.005274444 -0.013484511
v -0.008789852 0.005672138 -0.014603906
v -0.008728082 0.005542572 -0.016970181
v -0.007134150 0.007695120 -0.017774099
v -0.006796109 0.008121782 -0.014548954
v -0.008728082 0.007151343 -0.017506438
v -0.007387439 0.007419471 -0.011339483
v -0.006851182 0.007419471 -0.015361410
v -0.007119311 0.006883214 -0.016970181
v -0.006851182 0.006883214 -0.011607611
v -0.007870966 0.005255037 -0.008390973
v -0.007923696 0.005542572 -0.016970181
v -0.008728082 0.006615086 -0.017774566
v -0.008459953 0.005274444 -0.014825153
v -0.007923696 0.005810701 -0.017238309
v -0.007655568 0.005810701 -0.016970181
v -0.007923696 0.005274444 -0.014557025
v -0.008728082 0.005810701 -0.017238309
v -0.008459953 0.005274444 -0.013484511
v -0.008191825 0.005274444 -0.014825153
f 3160 3153 3152
f 3160 3152 3156
f 3163 3156 3152
f 3164 3152 3153
f 3164 3153 3159
f 3165 3164 3159
f 3165 3152 3164
f 3166 3157 3161
f 3167 3157 3166
f 3170 3161 3155
f 3170 3154 3161
f 3170 3162 3154
f 3170 3155 3162
f 3171 3162 3158
f 3171 3154 3162
f 3171 3158 3165
f 3171 3165 3159
f 3171 3159 3154
f 3172 3162 3155
f 3172 3158 3162
f 3172 3156 3163
f 3172 3168 3156
f 3172 3155 3168
f 3173 3163 3152
f 3173 3172 3163
f 3173 3158 3172
f 3173 3165 3158
f 3173 3152 3165
f 3175 3166 3161
f 3175 3161 3154
f 3175 3154 3174
f 3176 3167 3166
f 3176 3159 3153
f 3176 3153 3167
f 3176 3166 3175
f 3176 3175 3174
f 3176 3174 3154
f 3176 3154 3159
f 3177 3167 3153
f 3177 3153 3160
f 3177 3160 3156
f 3177 3156 3168
f 3179 3155 3161
f 3180 3169 3178
f 3181 3178 3169
f 3181 3161 3178
f 3181 3179 3161
f 3182 3178 3161
f 3182 3161 3157
f 3182 3157 3178
f 3183 3178 3157
f 3183 3157 3167
f 3183 3167 3177
f 3184 3155 3179
f 3184 3169 3168
f 3184 3168 3155
f 3184 3181 3169
f 3184 3179 3181
f 3185 3180 3177
f 3185 3177 3168
f 3185 3168 3169
f 3185 3169 3180
f 3186 3180 3178
f 3186 3178 3183
f 3186 3183 3177
f 3186 3177 3180
o proximal081
usemtl Material081
v 0.011075270 -0.004057002 0.017901469
v 0.008758781 -0.005517013 0.009289842
v 0.010845298 -0.004378182 0.009306411
v 0.008689801 -0.005498658 0.009310232
v 0.008589405 -0.005082008 0.017890140
v 0.010040912 -0.004378182 0.009306411
v 0.009772784 -0.005718824 0.011987696
v 0.008700270 -0.004646310 0.017618394
v 0.011113426 -0.003841925 0.016545880
v 0.009772784 -0.005718824 0.009306411
v 0.011113426 -0.004914439 0.011183310
v 0.010309041 -0.005182567 0.017886522
v 0.008700270 -0.005718824 0.010915182
v 0.008700270 -0.005182567 0.009842668
v 0.010577169 -0.003841925 0.017886522
v 0.010845298 -0.004110053 0.012255824
v 0.011083268 -0.004744479 0.009305319
v 0.011113426 -0.004378182 0.017350265
v 0.009236527 -0.005450696 0.015741494
v 0.010040912 -0.005450696 0.015205237
v 0.008700270 -0.004914439 0.013328338
v 0.008700270 -0.004646310 0.017886522
v 0.011121172 -0.004066394 0.017883488
v 0.010577169 -0.003841925 0.016545880
v 0.011113426 -0.004110053 0.012792081
v 0.011158528 -0.004767630 0.009308043
v 0.010577169 -0.004914439 0.017886522
v 0.008968398 -0.005718824 0.011719567
v 0.009772784 -0.005450696 0.015741494
v 0.010309041 -0.004110053 0.012255824
v 0.011113426 -0.004378182 0.009842668
v 0.009236527 -0.005718824 0.011987696
f 3192 3189 3188
f 3192 3188 3190
f 3197 3193 3196
f 3198 3187 3191
f 3199 3191 3190
f 3199 3190 3188
f 3199 3196 3193
f 3199 3188 3196
f 3200 3192 3190
f 3200 3190 3191
f 3202 3189 3192
f 3203 3196 3188
f 3203 3188 3189
f 3205 3198 3191
f 3205 3191 3199
f 3206 3193 3197
f 3206 3197 3198
f 3207 3194 3192
f 3207 3192 3200
f 3207 3200 3191
f 3207 3191 3194
f 3208 3201 3194
f 3208 3194 3191
f 3208 3191 3187
f 3208 3187 3201
f 3209 3201 3187
f 3209 3195 3201
f 3210 3201 3195
f 3210 3194 3201
f 3210 3195 3202
f 3211 3202 3195
f 3211 3189 3202
f 3212 3197 3196
f 3212 3196 3203
f 3212 3203 3189
f 3212 3209 3204
f 3212 3204 3197
f 3212 3211 3195
f 3212 3195 3209
f 3213 3198 3197
f 3213 3197 3204
f 3213 3204 3209
f 3213 3209 3187
f 3213 3187 3198
f 3214 3205 3199
f 3214 3199 3193
f 3215 3205 3193
f 3215 3193 3206
f 3215 3206 3198
f 3215 3198 3205
f 3216 3192 3194
f 3216 3194 3210
f 3216 3210 3202
f 3216 3202 3192
f 3217 3212 3189
f 3217 3189 3211
f 3217 3211 3212
f 3218 3214 3193
f 3218 3193 3205
f 3218 3205 3214
o proximal082
usemtl Material082
v 0.012164555 0.001779164 -0.001684893
v 0.012185940 0.000716259 -0.001686857
v 0.011649683 -0.000088126 -0.005976913
v 0.009929726 0.003887790 -0.005658323
v 0.010309041 0.000984388 -0.003027500
v 0.011381555 0.003665673 -0.005172528
v 0.012185940 0.001252516 -0.002759371
v 0.011113426 -0.000356255 -0.001686857
v 0.011225208 0.003723223 -0.002768123
v 0.010040912 0.000716259 -0.005976913
v 0.010577169 0.002861287 -0.005976913
v 0.012185940 0.000716259 -0.002223114
v 0.011649683 -0.000624383 -0.001686857
v 0.009991951 0.004469412 -0.004891125
v 0.012066110 0.001947120 -0.001710906
v 0.010845298 0.003129416 -0.002759371
v 0.010040912 0.000984388 -0.005172528
v 0.010309041 0.000716259 -0.003295628
v 0.010845298 -0.000892512 -0.005708785
v 0.011113426 0.003933801 -0.005440656
v 0.009987743 0.002692553 -0.005869700
v 0.011079526 -0.000970944 -0.006003710
v 0.011649683 -0.000356255 -0.005976913
v 0.011917812 -0.000088126 -0.002223114
v 0.010309041 0.001520645 -0.003027500
v 0.010040912 0.000716259 -0.005708785
v 0.009924190 0.004470956 -0.005141927
v 0.011154754 -0.000910028 -0.002760101
v 0.010309041 0.003933801 -0.005708785
v 0.010309041 0.004470058 -0.004904399
v 0.011649683 -0.000624383 -0.005172528
v 0.011917812 -0.000088126 -0.001686857
v 0.011270809 -0.000687614 -0.001690947
v 0.010309041 0.004470058 -0.005172528
f 3225 3219 3220
f 3225 3224 3219
f 3225 3221 3224
f 3227 3219 3224
f 3230 3225 3220
f 3231 3219 3226
f 3233 3226 3219
f 3233 3219 3227
f 3234 3233 3227
f 3234 3226 3233
f 3234 3227 3232
f 3236 3226 3223
f 3236 3223 3235
f 3238 3224 3221
f 3238 3221 3229
f 3238 3227 3224
f 3239 3229 3228
f 3239 3228 3222
f 3239 3222 3229
f 3240 3229 3221
f 3240 3228 3229
f 3240 3237 3228
f 3241 3221 3225
f 3241 3225 3230
f 3241 3240 3221
f 3242 3230 3220
f 3243 3223 3226
f 3243 3226 3234
f 3243 3234 3232
f 3244 3235 3222
f 3244 3222 3228
f 3244 3236 3235
f 3244 3228 3237
f 3245 3222 3235
f 3245 3235 3223
f 3245 3243 3232
f 3245 3223 3243
f 3246 3226 3236
f 3246 3244 3237
f 3246 3236 3244
f 3246 3240 3231
f 3246 3237 3240
f 3247 3238 3229
f 3247 3229 3222
f 3247 3222 3245
f 3248 3232 3227
f 3248 3227 3238
f 3248 3245 3232
f 3249 3231 3240
f 3249 3240 3241
f 3249 3242 3231
f 3249 3241 3230
f 3249 3230 3242
f 3250 3242 3220
f 3250 3231 3242
f 3250 3220 3219
f 3250 3219 3231
f 3251 3246 3231
f 3251 3231 3226
f 3251 3226 3246
f 3252 3247 3245
f 3252 3238 3247
f 3252 3248 3238
f 3252 3245 3248
o proximal083
usemtl Material083
v 0.012534020 0.001882030 0.006622529
v 0.013258454 -0.001428769 0.006625126
v 0.013258454 0.000180002 0.006356997
v 0.012428990 0.001747036 0.003397269
v 0.009772784 -0.003841925 0.004211970
v 0.012990326 -0.001696897 0.005016355
v 0.012722197 0.001788773 0.003675713
v 0.013196646 0.000209645 0.006714026
v 0.010097635 -0.004130593 0.006621709
v 0.011381555 0.000180002 0.004748226
v 0.013258454 -0.001160640 0.006088869
v 0.010001338 -0.004189753 0.003402578
v 0.012437125 0.001791683 0.003408303
v 0.012454069 0.000984388 0.003407584
v 0.012185940 0.001788773 0.006625126
v 0.012214876 -0.003186964 0.006633802
v 0.013258454 -0.001428769 0.006356997
v 0.013258454 -0.000624383 0.006088869
v 0.012722197 0.001520645 0.003675713
v 0.010013432 -0.004196996 0.004208261
v 0.011381555 0.000180002 0.003407584
v 0.010845298 -0.003037540 0.003407584
v 0.010129475 -0.004045032 0.006635943
v 0.011649683 0.000716259 0.005552612
v 0.012722197 -0.002769411 0.006625126
v 0.012185940 -0.003573797 0.005284483
v 0.009772784 -0.003841925 0.003407584
v 0.012722197 -0.001965026 0.004748226
v 0.012049252 -0.003411059 0.006623237
v 0.012722197 -0.002769411 0.005820740
v 0.012185940 -0.003037540 0.004748226
v 0.012454069 -0.003305668 0.005552612
v 0.012990326 -0.001965026 0.005552612
f 3259 3253 3255
f 3260 3254 3255
f 3260 3255 3253
f 3263 3255 3254
f 3265 3259 3256
f 3265 3253 3259
f 3266 3256 3259
f 3267 3260 3253
f 3267 3253 3265
f 3269 3263 3254
f 3269 3258 3263
f 3270 3263 3259
f 3270 3259 3255
f 3270 3255 3263
f 3271 3263 3258
f 3271 3259 3263
f 3271 3266 3259
f 3271 3258 3266
f 3272 3261 3257
f 3272 3257 3264
f 3273 3257 3262
f 3273 3267 3265
f 3273 3262 3267
f 3273 3265 3256
f 3274 3264 3256
f 3274 3256 3266
f 3275 3260 3267
f 3275 3268 3260
f 3275 3267 3257
f 3275 3257 3261
f 3276 3267 3262
f 3276 3262 3257
f 3276 3257 3267
f 3277 3254 3260
f 3277 3260 3268
f 3277 3269 3254
f 3278 3261 3272
f 3278 3272 3264
f 3279 3264 3257
f 3279 3257 3273
f 3279 3273 3256
f 3279 3256 3264
f 3280 3274 3266
f 3280 3266 3258
f 3280 3258 3278
f 3281 3275 3261
f 3281 3268 3275
f 3281 3261 3278
f 3281 3277 3268
f 3282 3269 3277
f 3283 3278 3264
f 3283 3264 3274
f 3283 3280 3278
f 3283 3274 3280
f 3284 3281 3278
f 3284 3277 3281
f 3284 3282 3277
f 3284 3278 3258
f 3284 3258 3282
f 3285 3282 3258
f 3285 3258 3269
f 3285 3269 3282
o proximal084
usemtl Material084
v 0.007850360 0.008187331 -0.005971499
v 0.008001465 0.006548545 -0.006261396
v 0.007633740 0.006370513 -0.010000454
v 0.004869772 0.009082561 -0.009980713
v 0.004934747 0.009266619 -0.007583071
v 0.006018985 0.009028242 -0.009998840
v 0.007895884 0.008223857 -0.007317555
v 0.007815845 0.006736945 -0.005997900
v 0.006018985 0.006615086 -0.009730712
v 0.006018985 0.006615086 -0.009998840
v 0.005750856 0.009296371 -0.007585684
v 0.007929545 0.006450938 -0.007593020
v 0.007916013 0.006634623 -0.005979349
v 0.007702447 0.008329363 -0.005991148
v 0.004946471 0.008760114 -0.008926326
v 0.006018985 0.006883214 -0.007853812
v 0.004946471 0.008760114 -0.009998840
v 0.006555242 0.006346958 -0.009462583
v 0.006287113 0.009028242 -0.008926326
v 0.005214600 0.009296371 -0.009998840
v 0.007627756 0.006346958 -0.006245042
v 0.006555242 0.006346958 -0.009998840
v 0.006287113 0.006615086 -0.008390069
v 0.005750856 0.009296371 -0.008121941
v 0.006018985 0.007151343 -0.007585684
v 0.005482728 0.009296371 -0.009194455
f 3292 3286 3287
f 3292 3288 3291
f 3297 3292 3287
f 3297 3288 3292
f 3298 3287 3286
f 3299 3290 3293
f 3299 3296 3290
f 3299 3286 3292
f 3299 3298 3286
f 3299 3293 3298
f 3300 3290 3289
f 3300 3295 3294
f 3301 3300 3294
f 3301 3290 3300
f 3302 3288 3295
f 3302 3300 3289
f 3302 3295 3300
f 3303 3294 3295
f 3304 3292 3291
f 3304 3299 3292
f 3305 3289 3290
f 3305 3290 3296
f 3305 3302 3289
f 3305 3291 3288
f 3305 3288 3302
f 3306 3293 3290
f 3306 3298 3293
f 3306 3287 3298
f 3306 3297 3287
f 3306 3288 3297
f 3307 3303 3295
f 3307 3295 3288
f 3307 3306 3303
f 3307 3288 3306
f 3308 3301 3294
f 3308 3294 3303
f 3308 3306 3301
f 3308 3303 3306
f 3309 3296 3299
f 3309 3299 3304
f 3309 3305 3296
f 3310 3306 3290
f 3310 3290 3301
f 3310 3301 3306
f 3311 3291 3305
f 3311 3305 3309
f 3311 3309 3304
f 3311 3304 3291
o proximal085
usemtl Material085
v -0.000684227 -0.011349523 -0.012948254
v -0.000639380 -0.011725438 -0.012997171
v -0.000588989 -0.012858017 -0.022586269
v -0.002292998 -0.013494551 -0.023405265
v -0.002295147 -0.011086896 -0.012947871
v -0.000952356 -0.014030808 -0.021796494
v -0.000684227 -0.011349523 -0.013216382
v -0.001220484 -0.011885780 -0.012948254
v -0.002024870 -0.011885780 -0.020187723
v -0.000684227 -0.013762679 -0.022332751
v -0.001488613 -0.011081394 -0.013752639
v -0.002375280 -0.012764018 -0.016783532
v -0.000952356 -0.012690165 -0.022600879
v -0.002292998 -0.011081394 -0.015629539
v -0.001756741 -0.014030808 -0.023405265
v -0.001488613 -0.011081394 -0.012948254
v -0.002024870 -0.012958294 -0.016702053
v -0.000666737 -0.012968372 -0.022822465
v -0.000952356 -0.011885780 -0.019919594
v -0.002292998 -0.012153908 -0.019919594
v -0.000952356 -0.014030808 -0.022869008
v -0.002292998 -0.014030808 -0.022600879
v -0.001220484 -0.014030808 -0.021528365
v -0.002024870 -0.013494551 -0.023405265
v -0.000684227 -0.013762679 -0.022869008
v -0.001220484 -0.011885780 -0.020187723
v -0.000684227 -0.011885780 -0.019115209
v -0.002024870 -0.011081394 -0.015629539
v -0.002292998 -0.014030808 -0.023405265
v -0.002292998 -0.013762679 -0.020992108
v -0.001756741 -0.013762679 -0.023405265
v -0.001756741 -0.011081394 -0.014825153
v -0.001756741 -0.014030808 -0.021528365
v -0.002024870 -0.014030808 -0.021796494
f 3318 3312 3313
f 3318 3313 3314
f 3319 3313 3312
f 3319 3312 3316
f 3319 3317 3313
f 3321 3314 3313
f 3321 3313 3317
f 3322 3312 3318
f 3323 3319 3316
f 3324 3315 3320
f 3325 3323 3316
f 3327 3316 3312
f 3327 3312 3322
f 3327 3325 3316
f 3327 3322 3325
f 3328 3319 3323
f 3329 3324 3314
f 3330 3314 3324
f 3331 3325 3320
f 3331 3320 3315
f 3331 3315 3323
f 3331 3323 3325
f 3332 3321 3317
f 3332 3317 3326
f 3333 3326 3317
f 3334 3317 3319
f 3334 3319 3328
f 3334 3333 3317
f 3335 3315 3324
f 3335 3324 3329
f 3335 3326 3315
f 3336 3329 3314
f 3336 3314 3321
f 3336 3321 3332
f 3336 3332 3326
f 3337 3330 3324
f 3337 3324 3320
f 3337 3320 3325
f 3338 3322 3318
f 3338 3318 3314
f 3338 3314 3330
f 3339 3325 3322
f 3339 3338 3330
f 3339 3337 3325
f 3339 3330 3337
f 3340 3333 3323
f 3340 3323 3315
f 3340 3315 3326
f 3340 3326 3333
f 3341 3328 3323
f 3341 3323 3333
f 3342 3335 3329
f 3342 3326 3335
f 3342 3336 3326
f 3342 3329 3336
f 3343 3339 3322
f 3343 3322 3338
f 3343 3338 3339
f 3344 3334 3328
f 3344 3333 3334
f 3345 3344 3328
f 3345 3328 3341
f 3345 3341 3333
f 3345 3333 3344
o proximal086
usemtl Material086
v 0.013523151 0.002333061 0.019560770
v 0.013580693 0.000704582 0.019603689
v 0.011917812 -0.000356255 0.019495293
v 0.008700270 0.001788773 0.019495293
v 0.005750856 -0.003305668 0.020567807
v 0.011113426 -0.002501283 0.020299679
v 0.008700270 0.002325030 0.020031550
v 0.006018985 -0.003841925 0.020031550
v 0.013474577 0.000727518 0.019659104
v 0.011113426 -0.002769411 0.019763422
v 0.008714732 0.002342301 0.019753437
v 0.009772784 0.001788773 0.020031550
v 0.005737589 0.000163710 0.020068816
v 0.011113426 -0.000356255 0.019495293
v 0.008432141 -0.004378182 0.020567807
v 0.013530649 0.002303157 0.019564831
v 0.011129210 -0.003028101 0.020072602
v 0.008968398 0.002325030 0.020031550
v 0.005750856 -0.003573797 0.020031550
v 0.006287113 0.000180002 0.019763422
v 0.006823370 0.000180002 0.020299679
v 0.005752894 0.000182486 0.020066600
v 0.008432141 -0.002233154 0.019763422
v 0.005744902 -0.004403622 0.020421145
v 0.008709542 -0.004389799 0.020054031
v 0.008164013 -0.003841925 0.020567807
v 0.006287113 -0.000088126 0.019763422
v 0.008968398 0.001520645 0.019495293
v 0.008968398 -0.002501283 0.019763422
v 0.007895884 -0.004378182 0.020031550
v 0.008432141 -0.004110053 0.020567807
v 0.006287113 -0.003305668 0.020567807
v 0.010309041 -0.002769411 0.019763422
v 0.007359627 -0.003573797 0.020567807
f 3346 3347 3348
f 3346 3348 3349
f 3354 3351 3347
f 3355 3348 3347
f 3356 3346 3349
f 3359 3349 3348
f 3359 3348 3355
f 3361 3354 3347
f 3361 3347 3346
f 3361 3351 3354
f 3361 3357 3351
f 3362 3355 3347
f 3362 3347 3351
f 3362 3351 3360
f 3363 3356 3352
f 3363 3346 3356
f 3363 3361 3346
f 3363 3357 3361
f 3365 3356 3349
f 3365 3364 3358
f 3366 3358 3350
f 3366 3363 3352
f 3367 3352 3356
f 3367 3365 3358
f 3367 3356 3365
f 3367 3366 3352
f 3367 3358 3366
f 3368 3353 3364
f 3369 3360 3350
f 3369 3364 3353
f 3369 3350 3358
f 3369 3358 3364
f 3370 3362 3360
f 3370 3355 3362
f 3370 3360 3369
f 3371 3351 3357
f 3371 3357 3363
f 3371 3363 3366
f 3371 3350 3360
f 3372 3365 3349
f 3372 3364 3365
f 3372 3368 3364
f 3372 3349 3368
f 3373 3368 3349
f 3373 3349 3359
f 3373 3359 3368
f 3374 3368 3359
f 3374 3353 3368
f 3375 3370 3369
f 3375 3369 3353
f 3375 3353 3374
f 3375 3355 3370
f 3376 3371 3360
f 3376 3360 3351
f 3376 3351 3371
f 3377 3366 3350
f 3377 3350 3371
f 3378 3374 3359
f 3378 3359 3355
f 3378 3375 3374
f 3378 3355 3375
f 3379 3377 3371
f 3379 3371 3366
f 3379 3366 3377
o proximal087
usemtl Material087
v -0.003633641 0.001788773 0.020835936
v -0.003630404 0.000181318 0.020598319
v -0.006046797 -0.000088126 0.018422779
v -0.007119311 0.001788773 0.018422779
v -0.006314925 -0.001428769 0.020835936
v -0.003613206 0.002068717 0.020512271
v -0.004974283 -0.001428769 0.021104064
v -0.006583054 0.002056902 0.019495293
v -0.006823557 -0.002243684 0.018419541
v -0.006677579 0.002096653 0.018448493
v -0.003633641 0.000716259 0.020299679
v -0.005778668 -0.000624383 0.021104064
v -0.007387439 0.000448131 0.019495293
v -0.004974283 0.002056902 0.020567807
v -0.007232501 0.000115917 0.018386635
v -0.005242411 -0.002233154 0.020835936
v -0.006728444 0.002006045 0.018402534
v -0.006851182 0.002056902 0.019227165
v -0.006314925 -0.001965026 0.018422779
v -0.004974283 -0.000356255 0.021104064
v -0.005510540 -0.001428769 0.021104064
v -0.007119311 0.001252516 0.019495293
v -0.006314925 -0.000892512 0.020835936
v -0.006851182 -0.002233154 0.019495293
v -0.004438026 0.001788773 0.020835936
v -0.007387439 0.001252516 0.018422779
v -0.007387439 -0.000088126 0.019227165
v -0.004854485 -0.002202628 0.020673201
v -0.006046797 -0.001160640 0.018422779
v -0.004974283 -0.002233154 0.020031550
v -0.005778668 -0.001160640 0.021104064
v -0.006046797 -0.001696897 0.020835936
v -0.005778668 0.000180002 0.020835936
v -0.007387439 0.000180002 0.019495293
v -0.006046797 -0.002233154 0.020299679
v -0.004974283 0.001252516 0.020835936
v -0.005510540 -0.000356255 0.021104064
v -0.007387439 0.000984388 0.019227165
v -0.007119311 0.001788773 0.018959036
v -0.007387439 0.001252516 0.018690908
f 3385 3380 3381
f 3386 3381 3380
f 3389 3385 3382
f 3390 3385 3381
f 3390 3382 3385
f 3393 3380 3385
f 3393 3389 3387
f 3393 3385 3389
f 3396 3389 3382
f 3396 3383 3389
f 3396 3382 3394
f 3397 3389 3383
f 3397 3387 3389
f 3398 3388 3394
f 3399 3391 3386
f 3399 3386 3380
f 3400 3386 3391
f 3400 3395 3386
f 3401 3387 3397
f 3401 3393 3387
f 3402 3392 3384
f 3402 3384 3391
f 3402 3401 3392
f 3404 3380 3393
f 3404 3399 3380
f 3405 3396 3394
f 3405 3383 3396
f 3406 3394 3388
f 3406 3405 3394
f 3406 3392 3405
f 3406 3388 3403
f 3407 3381 3386
f 3407 3386 3395
f 3408 3382 3390
f 3408 3390 3398
f 3408 3398 3394
f 3408 3394 3382
f 3409 3398 3390
f 3409 3390 3381
f 3409 3381 3407
f 3409 3388 3398
f 3409 3407 3395
f 3409 3395 3388
f 3410 3400 3391
f 3410 3391 3384
f 3411 3395 3400
f 3411 3384 3403
f 3411 3410 3384
f 3411 3400 3410
f 3412 3393 3401
f 3412 3402 3391
f 3412 3401 3402
f 3413 3403 3384
f 3413 3384 3392
f 3413 3406 3403
f 3413 3392 3406
f 3414 3403 3388
f 3414 3388 3395
f 3414 3411 3403
f 3414 3395 3411
f 3415 3404 3393
f 3415 3391 3404
f 3415 3412 3391
f 3415 3393 3412
f 3416 3404 3391
f 3416 3391 3399
f 3416 3399 3404
f 3417 3405 3392
f 3417 3392 3401
f 3417 3401 3397
f 3418 3397 3383
f 3418 3383 3405
f 3418 3417 3397
f 3419 3418 3405
f 3419 3405 3417
f 3419 3417 3418
o proximal088
usemtl Material088
v 0.000116738 -0.008754062 0.003431453
v 0.000941001 -0.009370295 0.002050918
v 0.001076261 -0.009550528 -0.006214059
v -0.000119237 -0.009846851 -0.007595212
v -0.002495057 -0.009039481 -0.001473617
v 0.000924544 -0.010277009 -0.007049427
v 0.000656415 -0.008936366 0.001798813
v -0.000952356 -0.008936366 0.003407584
v -0.002292998 -0.007863852 -0.000078086
v 0.000924544 -0.009740752 0.001262556
v 0.000656415 -0.009740752 -0.007585684
v 0.000388287 -0.010277009 -0.007049427
v 0.000656415 -0.008936366 0.002066942
v -0.000147970 -0.009204495 0.002871327
v -0.002561127 -0.008131981 -0.001150600
v -0.002024870 -0.007863852 0.000726299
v -0.002589041 -0.007961147 0.002077136
v 0.000388287 -0.009740752 0.000726299
v 0.000952459 -0.010162542 -0.007629337
v -0.000684227 -0.008936366 -0.004904399
v -0.000165181 -0.009837808 -0.007579976
v 0.000924544 -0.009204495 0.000458171
v 0.000120158 -0.009472623 0.002066942
v 0.000120158 -0.008668238 0.002335070
v -0.002292998 -0.008400109 0.002066942
v -0.002561127 -0.007863852 -0.000078086
v -0.001552734 -0.008265097 0.003418600
v -0.002591345 -0.008846297 -0.001367150
v 0.000656415 -0.009740752 0.001262556
v -0.000147970 -0.010008880 -0.005172528
v 0.000465227 -0.010024597 -0.007630803
v 0.000924544 -0.009740752 -0.007317555
v -0.000952356 -0.008936366 -0.004904399
v -0.001220484 -0.008131981 0.001798813
v -0.000416099 -0.008400109 0.003407584
v -0.001488613 -0.008668238 0.003407584
v -0.002561127 -0.008668238 -0.001686857
v 0.000120158 -0.010008880 -0.004100014
v -0.000416099 -0.008400109 0.003139456
v -0.001333901 -0.008369295 0.003426819
f 3429 3425 3422
f 3429 3422 3421
f 3431 3425 3429
f 3432 3420 3421
f 3433 3421 3420
f 3433 3420 3427
f 3433 3429 3421
f 3435 3422 3428
f 3437 3427 3424
f 3438 3425 3431
f 3438 3422 3425
f 3439 3428 3422
f 3440 3431 3424
f 3440 3423 3431
f 3440 3430 3423
f 3441 3432 3421
f 3441 3421 3422
f 3441 3422 3426
f 3441 3426 3432
f 3442 3433 3427
f 3442 3429 3433
f 3442 3427 3437
f 3443 3426 3422
f 3443 3432 3426
f 3444 3436 3424
f 3445 3436 3435
f 3445 3435 3428
f 3445 3428 3439
f 3447 3424 3436
f 3447 3445 3434
f 3447 3436 3445
f 3448 3437 3431
f 3448 3431 3429
f 3448 3442 3437
f 3448 3429 3442
f 3449 3437 3424
f 3449 3424 3431
f 3450 3423 3430
f 3450 3430 3438
f 3450 3438 3431
f 3450 3431 3423
f 3451 3438 3430
f 3451 3422 3438
f 3451 3439 3422
f 3451 3430 3439
f 3452 3440 3434
f 3452 3439 3430
f 3452 3430 3440
f 3452 3445 3439
f 3452 3434 3445
f 3453 3443 3422
f 3453 3422 3435
f 3454 3420 3432
f 3454 3432 3443
f 3454 3435 3436
f 3454 3436 3446
f 3455 3444 3424
f 3455 3424 3427
f 3455 3446 3436
f 3455 3436 3444
f 3456 3440 3424
f 3456 3424 3447
f 3456 3447 3434
f 3456 3434 3440
f 3457 3449 3431
f 3457 3431 3437
f 3457 3437 3449
f 3458 3454 3443
f 3458 3443 3453
f 3458 3453 3435
f 3458 3435 3454
f 3459 3454 3446
f 3459 3420 3454
f 3459 3446 3455
f 3459 3455 3427
f 3459 3427 3420
o proximal089
usemtl Material089
v 0.008680136 0.002065566 -0.015627884
v 0.009504655 -0.000892512 -0.015629539
v 0.009236527 0.000180002 -0.020187723
v 0.007895884 0.002056902 -0.020992108
v 0.008164013 0.000448131 -0.015629539
v 0.008700270 0.002056902 -0.019383337
v 0.009504655 0.000448131 -0.015629539
v 0.007538264 0.002131287 -0.020667573
v 0.007895884 0.000180002 -0.020992108
v 0.008432141 0.001788773 -0.020992108
v 0.009504655 -0.000356255 -0.019115209
v 0.008164013 0.001788773 -0.015897667
v 0.008432141 0.002056902 -0.020455851
v 0.007680829 0.002187181 -0.019963793
v 0.009109223 -0.000966809 -0.015629397
v 0.007895884 0.000448131 -0.018042695
v 0.009236527 -0.000892512 -0.020723980
v 0.009504655 -0.000088126 -0.018847080
v 0.007895884 0.000984388 -0.017506438
v 0.008164013 0.001520645 -0.015629539
v 0.008164013 0.002056902 -0.020992108
v 0.007895884 0.000180002 -0.019651466
v 0.008164013 0.000180002 -0.020992108
v 0.008968398 -0.000892512 -0.020723980
v 0.009504655 -0.000892512 -0.018310823
v 0.009504655 0.000448131 -0.015897667
v 0.007895884 0.000716259 -0.017506438
v 0.008432141 0.000984388 -0.020992108
v 0.009504655 -0.000624383 -0.019115209
v 0.009504655 0.000180002 -0.017506438
f 3466 3460 3461
f 3466 3465 3460
f 3468 3467 3463
f 3469 3465 3462
f 3469 3468 3463
f 3470 3466 3461
f 3472 3465 3469
f 3473 3460 3465
f 3473 3465 3472
f 3473 3471 3460
f 3473 3467 3471
f 3474 3461 3460
f 3474 3460 3464
f 3476 3469 3462
f 3476 3462 3470
f 3477 3470 3462
f 3477 3462 3465
f 3477 3466 3470
f 3479 3464 3460
f 3479 3460 3471
f 3479 3478 3464
f 3479 3471 3467
f 3479 3467 3478
f 3480 3463 3467
f 3480 3473 3472
f 3480 3467 3473
f 3480 3472 3469
f 3480 3469 3463
f 3481 3475 3467
f 3481 3467 3468
f 3481 3474 3464
f 3481 3464 3475
f 3482 3476 3468
f 3482 3468 3469
f 3483 3476 3474
f 3483 3468 3476
f 3483 3481 3468
f 3483 3474 3481
f 3484 3470 3461
f 3484 3461 3474
f 3484 3474 3476
f 3485 3465 3466
f 3485 3466 3477
f 3486 3475 3464
f 3486 3464 3478
f 3486 3478 3467
f 3486 3467 3475
f 3487 3482 3469
f 3487 3469 3476
f 3487 3476 3482
f 3488 3484 3476
f 3488 3476 3470
f 3488 3470 3484
f 3489 3485 3477
f 3489 3477 3465
f 3489 3465 3485
o proximal090
usemtl Material090
v 0.008968398 0.004201930 -0.012948254
v 0.009466910 0.001980884 -0.013727847
v 0.009236527 0.003397544 -0.018310823
v 0.007692433 0.004461122 -0.018881015
v 0.007895884 0.004201930 -0.013484511
v 0.008495159 0.002074237 -0.018870030
v 0.008164013 0.004470058 -0.018578952
v 0.009504655 0.003665673 -0.012948254
v 0.008164013 0.003933801 -0.012948254
v 0.008968398 0.002056902 -0.018310823
v 0.008849867 0.003248408 -0.018788654
v 0.007627756 0.003665673 -0.018310823
v 0.008210071 0.004471404 -0.012951091
v 0.009504655 0.002325030 -0.014020768
v 0.009236527 0.003933801 -0.014825153
v 0.008247150 0.004386933 -0.012931476
v 0.008968398 0.003397544 -0.012948254
v 0.008432141 0.002056902 -0.015361410
v 0.009442212 0.001914475 -0.013978211
v 0.007822823 0.003747281 -0.018935846
v 0.008968398 0.002325030 -0.018847080
v 0.008968398 0.003665673 -0.018578952
v 0.007627756 0.004470058 -0.018042695
v 0.008432141 0.004470058 -0.014825153
v 0.007895884 0.004470058 -0.013484511
v 0.009504655 0.003665673 -0.013216382
v 0.008700270 0.002056902 -0.014020768
v 0.009245061 0.003381063 -0.012936077
v 0.009236527 0.002593159 -0.018042695
v 0.009236527 0.003665673 -0.017238309
v 0.007627756 0.003933801 -0.018042695
v 0.007768955 0.004504806 -0.018770694
v 0.008968398 0.004201930 -0.013752639
v 0.009236527 0.002861287 -0.018310823
f 3503 3497 3491
f 3504 3490 3497
f 3505 3497 3490
f 3505 3502 3498
f 3505 3490 3502
f 3507 3501 3495
f 3507 3494 3501
f 3508 3495 3499
f 3508 3507 3495
f 3508 3503 3491
f 3509 3493 3500
f 3509 3501 3493
f 3509 3495 3501
f 3510 3499 3495
f 3510 3509 3500
f 3510 3495 3509
f 3511 3510 3500
f 3511 3492 3510
f 3511 3500 3493
f 3511 3493 3496
f 3512 3493 3501
f 3513 3502 3490
f 3514 3494 3498
f 3514 3498 3502
f 3514 3512 3494
f 3515 3503 3492
f 3515 3497 3503
f 3515 3504 3497
f 3516 3506 3498
f 3516 3491 3506
f 3516 3498 3494
f 3516 3494 3507
f 3516 3508 3491
f 3516 3507 3508
f 3517 3506 3491
f 3517 3491 3497
f 3517 3497 3505
f 3517 3505 3498
f 3517 3498 3506
f 3518 3503 3508
f 3518 3508 3499
f 3518 3499 3510
f 3519 3492 3511
f 3519 3515 3492
f 3519 3504 3515
f 3519 3511 3496
f 3519 3496 3504
f 3520 3512 3501
f 3520 3501 3494
f 3520 3494 3512
f 3521 3496 3493
f 3521 3493 3512
f 3521 3513 3496
f 3521 3502 3513
f 3521 3514 3502
f 3521 3512 3514
f 3522 3504 3496
f 3522 3496 3513
f 3522 3513 3490
f 3522 3490 3504
f 3523 3492 3503
f 3523 3503 3518
f 3523 3518 3510
f 3523 3510 3492
o proximal091
usemtl Material091
v 0.008432141 0.006615086 -0.007585684
v 0.008595080 0.004634476 -0.007575031
v 0.008432141 0.005274444 -0.017238309
v 0.007359627 0.005542572 -0.019383337
v 0.007320006 0.006446300 -0.009988837
v 0.007471306 0.004396161 -0.019185589
v 0.008164013 0.005810701 -0.018042695
v 0.008700270 0.006346958 -0.009462583
v 0.007614144 0.006595927 -0.007581309
v 0.008164013 0.004470058 -0.018847080
v 0.006946989 0.005701198 -0.019047080
v 0.007088293 0.004463776 -0.019374063
v 0.007359627 0.006346958 -0.015629539
v 0.008511284 0.006181087 -0.007569307
v 0.008700270 0.005006315 -0.011339483
v 0.008432141 0.005542572 -0.016970181
v 0.008164013 0.004738187 -0.008658198
v 0.008247150 0.004386933 -0.012931476
v 0.008164013 0.005274444 -0.019115209
v 0.007359627 0.006078829 -0.018578952
v 0.007034097 0.006139831 -0.014807845
v 0.006977554 0.005484855 -0.019287611
v 0.007895884 0.006078829 -0.016970181
v 0.007627756 0.006615086 -0.011339483
v 0.008432141 0.004738187 -0.016970181
v 0.008432141 0.005810701 -0.015629539
v 0.008700270 0.005810701 -0.012143868
v 0.007359627 0.006078829 -0.010266969
v 0.008432141 0.004470058 -0.014288896
v 0.007895884 0.004470058 -0.013484511
v 0.008164013 0.004738187 -0.019115209
v 0.008164013 0.005542572 -0.018847080
v 0.007359627 0.005810701 -0.019115209
v 0.007091499 0.006346958 -0.015629539
v 0.008164013 0.006078829 -0.015629539
v 0.007895884 0.006615086 -0.010535097
v 0.008700270 0.005274444 -0.012143868
v 0.008700270 0.006078829 -0.011339483
v 0.007091499 0.005810701 -0.014825153
v 0.007627756 0.005274444 -0.019383337
v 0.008432141 0.005006315 -0.017238309
v 0.007895884 0.005810701 -0.018578952
v 0.007895884 0.005542572 -0.019115209
v 0.007091499 0.006078829 -0.018578952
v 0.008432141 0.006615086 -0.008121941
v 0.008432141 0.006346958 -0.011339483
v 0.008164013 0.006615086 -0.009462583
f 3537 3531 3524
f 3537 3525 3531
f 3537 3532 3525
f 3537 3524 3532
f 3538 3531 3525
f 3540 3525 3532
f 3541 3529 3533
f 3541 3535 3529
f 3544 3534 3535
f 3545 3535 3534
f 3545 3527 3535
f 3546 3543 3536
f 3546 3530 3543
f 3547 3532 3524
f 3549 3539 3530
f 3549 3530 3531
f 3550 3526 3539
f 3550 3531 3538
f 3551 3540 3532
f 3551 3532 3528
f 3551 3535 3540
f 3551 3528 3544
f 3552 3541 3533
f 3552 3525 3541
f 3552 3533 3548
f 3552 3548 3538
f 3552 3538 3525
f 3553 3540 3535
f 3553 3535 3541
f 3553 3541 3525
f 3553 3525 3540
f 3554 3542 3526
f 3554 3533 3529
f 3554 3529 3535
f 3555 3530 3539
f 3555 3539 3526
f 3555 3526 3542
f 3556 3545 3534
f 3556 3527 3545
f 3557 3536 3543
f 3557 3534 3544
f 3557 3544 3528
f 3557 3547 3536
f 3557 3528 3532
f 3557 3532 3547
f 3558 3530 3546
f 3559 3546 3536
f 3559 3536 3547
f 3559 3547 3524
f 3560 3526 3550
f 3560 3550 3538
f 3560 3538 3548
f 3561 3549 3531
f 3561 3531 3550
f 3561 3550 3539
f 3561 3539 3549
f 3562 3551 3544
f 3562 3544 3535
f 3562 3535 3551
f 3563 3554 3535
f 3563 3535 3527
f 3563 3527 3542
f 3563 3542 3554
f 3564 3554 3526
f 3564 3548 3533
f 3564 3533 3554
f 3564 3560 3548
f 3564 3526 3560
f 3565 3543 3530
f 3565 3530 3555
f 3565 3556 3543
f 3566 3555 3542
f 3566 3542 3527
f 3566 3527 3556
f 3566 3565 3555
f 3566 3556 3565
f 3567 3556 3534
f 3567 3543 3556
f 3567 3557 3543
f 3567 3534 3557
f 3568 3559 3524
f 3568 3524 3531
f 3569 3558 3546
f 3569 3568 3531
f 3569 3531 3530
f 3569 3530 3558
f 3570 3546 3559
f 3570 3559 3568
f 3570 3569 3546
f 3570 3568 3569
o proximal092
usemtl Material092
v 0.003347082 -0.008676945 -0.002754494
v 0.003337700 -0.009204495 -0.003027500
v 0.003383114 -0.009588372 -0.007597560
v 0.001460801 -0.010277009 -0.008658198
v 0.000884580 -0.009667651 -0.002761930
v 0.002265186 -0.010813266 -0.007853812
v 0.001192672 -0.008668238 -0.006513170
v 0.003431390 -0.009500134 -0.006264352
v 0.002533315 -0.010545137 -0.008658198
v 0.001460801 -0.010813266 -0.007853812
v 0.003337700 -0.009472623 -0.003831885
v 0.002265186 -0.008668238 -0.006513170
v 0.001460801 -0.008400109 -0.002759371
v 0.000903863 -0.010120131 -0.007549203
v 0.003337700 -0.009204495 -0.007317555
v 0.001533706 -0.010610943 -0.008692231
v 0.000924544 -0.009204495 -0.002759371
v 0.001997058 -0.008400109 -0.003831885
v 0.001192672 -0.008936366 -0.007049427
v 0.000924544 -0.010277009 -0.007049427
v 0.003337700 -0.008668238 -0.003295628
v 0.002584949 -0.009799270 -0.008651448
v 0.002133777 -0.010583741 -0.008672652
v 0.000952459 -0.010162542 -0.007629337
v 0.001192672 -0.008668238 -0.002759371
v 0.001027118 -0.009589651 -0.002759726
v 0.000924544 -0.009204495 -0.006781298
v 0.001460801 -0.008668238 -0.006781298
v 0.001728929 -0.008400109 -0.003831885
v 0.002265186 -0.008400109 -0.002759371
v 0.002533315 -0.008668238 -0.005976913
v 0.002265186 -0.009740752 -0.008658198
v 0.001997058 -0.008668238 -0.006781298
v 0.001460801 -0.008400109 -0.003027500
v 0.002265186 -0.008400109 -0.003563757
v 0.003069572 -0.009204495 -0.007585684
f 3575 3572 3571
f 3578 3571 3572
f 3579 3578 3576
f 3579 3573 3578
f 3580 3576 3575
f 3581 3572 3575
f 3581 3575 3576
f 3581 3578 3572
f 3581 3576 3578
f 3585 3578 3573
f 3586 3576 3580
f 3586 3584 3574
f 3589 3574 3584
f 3590 3584 3580
f 3590 3580 3575
f 3590 3575 3584
f 3591 3571 3578
f 3591 3578 3585
f 3592 3585 3573
f 3592 3573 3579
f 3593 3579 3576
f 3593 3576 3586
f 3593 3592 3579
f 3593 3586 3592
f 3594 3586 3580
f 3594 3580 3584
f 3594 3584 3586
f 3595 3583 3577
f 3595 3577 3587
f 3595 3587 3571
f 3595 3571 3583
f 3596 3587 3575
f 3596 3575 3571
f 3596 3571 3587
f 3597 3584 3575
f 3597 3575 3587
f 3597 3587 3577
f 3597 3589 3584
f 3597 3577 3589
f 3598 3589 3577
f 3599 3583 3588
f 3599 3598 3577
f 3599 3588 3598
f 3600 3588 3583
f 3600 3583 3571
f 3600 3571 3591
f 3601 3591 3585
f 3601 3585 3582
f 3602 3574 3589
f 3602 3589 3598
f 3602 3592 3586
f 3602 3586 3574
f 3603 3598 3588
f 3603 3588 3582
f 3603 3582 3585
f 3603 3602 3598
f 3604 3599 3577
f 3604 3577 3583
f 3604 3583 3599
f 3605 3600 3591
f 3605 3588 3600
f 3605 3591 3601
f 3605 3601 3582
f 3605 3582 3588
f 3606 3585 3592
f 3606 3592 3602
f 3606 3603 3585
f 3606 3602 3603
o proximal093
usemtl Material093
v 0.011728470 0.004003288 0.005322380
v 0.012722197 0.002593159 0.005284483
v 0.011649683 0.003933801 -0.000078086
v 0.010918098 0.004053422 -0.002769906
v 0.010845298 0.002056902 -0.002223114
v 0.010936717 0.004087836 -0.002235797
v 0.012722197 0.002593159 0.004748226
v 0.011381555 0.002593159 0.005016355
v 0.012185940 0.002056902 -0.002759371
v 0.011671128 0.004019966 0.004778797
v 0.010845298 0.002861287 -0.001686857
v 0.012489273 0.001774588 0.005283895
v 0.011001082 0.002093819 -0.002871320
v 0.011173978 0.003824961 -0.002743736
v 0.012454069 0.002056902 -0.001418729
v 0.011381555 0.003933801 0.005284483
v 0.011113426 0.002861287 0.003943841
v 0.011113426 0.001788773 -0.002491243
v 0.012514822 0.001842316 0.005290156
v 0.011553238 0.002985569 0.005266458
v 0.010845298 0.002593159 -0.001686857
v 0.011113426 0.003397544 0.003943841
v 0.012013174 0.001775038 -0.002607231
v 0.012722197 0.001788773 0.003139456
v 0.011113426 0.003665673 0.003139456
v 0.012434410 0.001700295 0.003937044
v 0.011165201 0.001867765 -0.002856065
v 0.012722197 0.002325030 0.003407584
v 0.012186993 0.001774492 -0.001401421
v 0.012722197 0.002056902 0.003139456
f 3612 3609 3610
f 3613 3607 3608
f 3613 3609 3607
f 3616 3607 3609
f 3616 3609 3612
f 3617 3612 3610
f 3617 3610 3611
f 3619 3611 3610
f 3619 3610 3615
f 3620 3615 3610
f 3620 3610 3609
f 3620 3609 3615
f 3621 3615 3609
f 3621 3609 3613
f 3622 3607 3616
f 3622 3616 3612
f 3623 3611 3614
f 3623 3614 3622
f 3624 3618 3614
f 3624 3614 3611
f 3624 3611 3619
f 3625 3608 3607
f 3626 3622 3614
f 3626 3614 3618
f 3626 3618 3625
f 3626 3625 3607
f 3626 3607 3622
f 3627 3623 3617
f 3627 3617 3611
f 3627 3611 3623
f 3628 3623 3622
f 3628 3612 3617
f 3628 3617 3623
f 3629 3615 3621
f 3630 3613 3608
f 3630 3608 3625
f 3630 3625 3618
f 3631 3628 3622
f 3631 3622 3612
f 3631 3612 3628
f 3632 3618 3624
f 3632 3624 3629
f 3632 3630 3618
f 3633 3629 3624
f 3633 3624 3619
f 3633 3619 3615
f 3633 3615 3629
f 3634 3621 3613
f 3634 3613 3630
f 3635 3629 3621
f 3635 3621 3630
f 3635 3632 3629
f 3635 3630 3632
f 3636 3634 3630
f 3636 3630 3621
f 3636 3621 3634
o proximal094
usemtl Material094
v -0.002329608 0.008523840 0.015261494
v -0.002292998 0.007955728 0.015205237
v -0.002561127 0.008760114 0.003407584
v -0.003365512 0.008760114 0.003407584
v -0.003365512 0.007687600 0.013864595
v -0.002581171 0.009303130 0.006625432
v -0.002024870 0.008760114 0.010915182
v -0.003046844 0.007395017 0.015204112
v -0.002612615 0.009328985 0.003407715
v -0.003097384 0.008491985 0.014132724
v -0.002024870 0.008760114 0.011183310
v -0.003097384 0.006883214 0.008770154
v -0.002994591 0.007503586 0.015213840
v -0.002677315 0.009216499 0.003406421
v -0.003365512 0.008760114 0.003943841
v -0.002113074 0.009211560 0.011029860
v -0.003097384 0.007955728 0.015205237
v -0.002292998 0.007955728 0.014937109
v -0.002829255 0.007687600 0.004748226
v -0.003097384 0.006883214 0.009306411
v -0.003499635 0.006947532 0.008800133
v -0.003097384 0.008223857 0.003407584
v -0.002829255 0.009028242 0.011183310
v -0.002063343 0.009108203 0.011233331
v -0.003097384 0.008223857 0.014937109
v -0.002561127 0.008491985 0.004480098
v -0.003097384 0.007419471 0.004211970
v -0.003504021 0.007532877 0.004303523
v -0.003408371 0.006900188 0.009311591
v -0.002829255 0.008491985 0.015205237
v -0.003384118 0.008387531 0.003517926
f 3645 3643 3639
f 3647 3637 3638
f 3647 3638 3643
f 3649 3644 3638
f 3649 3638 3637
f 3650 3645 3639
f 3650 3640 3645
f 3651 3645 3640
f 3651 3642 3645
f 3651 3641 3646
f 3652 3645 3642
f 3653 3641 3644
f 3653 3644 3649
f 3653 3649 3637
f 3654 3648 3643
f 3654 3643 3638
f 3654 3638 3648
f 3655 3643 3648
f 3656 3648 3638
f 3656 3638 3644
f 3657 3644 3641
f 3658 3650 3639
f 3658 3640 3650
f 3659 3651 3646
f 3659 3642 3651
f 3659 3652 3642
f 3660 3643 3645
f 3660 3645 3652
f 3660 3647 3643
f 3660 3652 3637
f 3660 3637 3647
f 3661 3646 3641
f 3661 3641 3653
f 3662 3655 3639
f 3662 3639 3643
f 3662 3643 3655
f 3663 3655 3648
f 3663 3648 3657
f 3663 3658 3639
f 3663 3639 3655
f 3664 3651 3640
f 3664 3663 3657
f 3664 3658 3663
f 3664 3657 3641
f 3664 3641 3651
f 3665 3657 3648
f 3665 3648 3656
f 3665 3656 3644
f 3665 3644 3657
f 3666 3659 3646
f 3666 3637 3652
f 3666 3652 3659
f 3666 3646 3661
f 3666 3661 3653
f 3666 3653 3637
f 3667 3664 3640
f 3667 3640 3658
f 3667 3658 3664
o proximal095
usemtl Material095
v 0.007096205 0.005821832 -0.018312824
v 0.008968398 0.002861287 -0.019115209
v 0.007091499 0.005810701 -0.019651466
v 0.006555242 0.005006315 -0.021528365
v 0.007091499 0.002056902 -0.019919594
v 0.008968398 0.003397544 -0.019115209
v 0.006360212 0.005972024 -0.019403978
v 0.008164013 0.002056902 -0.018847080
v 0.007359627 0.002325030 -0.021260237
v 0.006428051 0.005611773 -0.021137646
v 0.008794033 0.002962919 -0.018738249
v 0.007190415 0.005763573 -0.018371884
v 0.006862668 0.005912392 -0.018325258
v 0.006287113 0.003933801 -0.021260237
v 0.007860105 0.001953634 -0.020643728
v 0.007359627 0.002861287 -0.021260237
v 0.006417741 0.005643438 -0.021096960
v 0.008849867 0.003248408 -0.018788654
v 0.008523886 0.002093821 -0.018803318
v 0.006287113 0.004201930 -0.019383337
v 0.006823370 0.005542572 -0.018310823
v 0.007091499 0.002056902 -0.020992108
v 0.007091499 0.002325030 -0.021260237
v 0.006344000 0.004881000 -0.021318000
v 0.008466962 0.001979952 -0.019029264
v 0.007895884 0.002325030 -0.020723980
v 0.007091499 0.002325030 -0.019383337
v 0.006287113 0.003933801 -0.020455851
v 0.006555242 0.004738187 -0.021528365
v 0.006339804 0.004853478 -0.021302943
v 0.007359627 0.002056902 -0.019383337
v 0.007359627 0.002325030 -0.019115209
f 3677 3673 3671
f 3677 3670 3673
f 3679 3673 3670
f 3679 3670 3668
f 3680 3668 3670
f 3680 3670 3674
f 3683 3676 3671
f 3683 3671 3673
f 3684 3674 3670
f 3684 3670 3677
f 3685 3678 3669
f 3685 3669 3673
f 3685 3673 3679
f 3685 3679 3668
f 3685 3668 3678
f 3686 3669 3678
f 3687 3674 3681
f 3688 3668 3680
f 3688 3675 3686
f 3688 3686 3678
f 3688 3678 3668
f 3688 3680 3674
f 3688 3674 3687
f 3689 3672 3681
f 3689 3682 3672
f 3689 3676 3682
f 3690 3689 3681
f 3690 3676 3689
f 3691 3677 3671
f 3691 3684 3677
f 3692 3686 3675
f 3692 3682 3669
f 3692 3669 3686
f 3693 3673 3669
f 3693 3669 3682
f 3693 3683 3673
f 3693 3682 3676
f 3693 3676 3683
f 3694 3687 3672
f 3695 3687 3681
f 3695 3681 3672
f 3695 3672 3687
f 3696 3690 3681
f 3696 3671 3676
f 3696 3676 3690
f 3696 3691 3671
f 3696 3681 3691
f 3697 3691 3681
f 3697 3681 3674
f 3697 3674 3684
f 3697 3684 3691
f 3698 3692 3675
f 3698 3672 3682
f 3698 3682 3692
f 3698 3694 3672
f 3699 3688 3687
f 3699 3687 3694
f 3699 3675 3688
f 3699 3698 3675
f 3699 3694 3698
o proximal096
usemtl Material096
v 0.009712612 -0.003815195 -0.012947521
v 0.009772784 -0.004378182 -0.012948254
v 0.009504655 -0.004646310 -0.020187723
v 0.008164013 -0.006255081 -0.020992108
v 0.007318880 -0.008574372 -0.013702856
v 0.008968398 -0.004378182 -0.020187723
v 0.009772784 -0.004378182 -0.017506438
v 0.008216201 -0.007394524 -0.012926319
v 0.007627756 -0.009204495 -0.020992108
v 0.009236527 -0.004914439 -0.020455851
v 0.009236527 -0.004110053 -0.012948254
v 0.008700270 -0.004914439 -0.019919594
v 0.009585444 -0.003809204 -0.017498887
v 0.007359627 -0.008400109 -0.020723980
v 0.008164013 -0.008668238 -0.014288896
v 0.008164013 -0.008131981 -0.020723980
v 0.009349231 -0.004324550 -0.020182529
v 0.008700270 -0.004914439 -0.020455851
v 0.008700270 -0.006523210 -0.020992108
v 0.008164013 -0.006791338 -0.012948254
v 0.007627756 -0.007595724 -0.020455851
v 0.008968398 -0.004378182 -0.019115209
v 0.008968398 -0.004646310 -0.014020768
v 0.007280000 -0.009012000 -0.020905999
v 0.007627756 -0.008936366 -0.014020768
v 0.008968398 -0.006523210 -0.012948254
v 0.009504655 -0.005182567 -0.012948254
v 0.009504655 -0.004914439 -0.019383337
v 0.007895884 -0.008936366 -0.019383337
v 0.007359627 -0.008668238 -0.021260237
v 0.008700270 -0.006255081 -0.020992108
v 0.009236527 -0.005450696 -0.020187723
v 0.008164013 -0.006255081 -0.019651466
v 0.007627756 -0.007595724 -0.020723980
v 0.008164013 -0.008400109 -0.013752639
v 0.007895884 -0.008936366 -0.014557025
v 0.007359627 -0.008936366 -0.014020768
v 0.009504655 -0.005182567 -0.014288896
v 0.008164013 -0.008668238 -0.015093282
v 0.007627756 -0.008936366 -0.021260237
v 0.007627756 -0.009204495 -0.019115209
v 0.007284841 -0.008958674 -0.019122697
v 0.008164013 -0.008400109 -0.018042695
v 0.007627756 -0.008668238 -0.021260237
f 3706 3700 3701
f 3707 3701 3700
f 3710 3707 3700
f 3712 3700 3706
f 3712 3710 3700
f 3712 3705 3710
f 3712 3706 3702
f 3716 3702 3709
f 3716 3712 3702
f 3716 3705 3712
f 3717 3709 3703
f 3717 3716 3709
f 3717 3705 3716
f 3717 3711 3705
f 3717 3703 3711
f 3718 3709 3702
f 3719 3710 3704
f 3719 3704 3707
f 3719 3707 3710
f 3720 3711 3703
f 3720 3713 3704
f 3721 3711 3710
f 3721 3710 3705
f 3721 3705 3711
f 3722 3711 3704
f 3722 3704 3710
f 3722 3710 3711
f 3723 3704 3713
f 3724 3707 3704
f 3726 3706 3701
f 3726 3725 3714
f 3726 3701 3707
f 3726 3707 3725
f 3727 3702 3706
f 3728 3708 3715
f 3728 3715 3727
f 3729 3723 3713
f 3730 3703 3709
f 3730 3709 3718
f 3730 3729 3703
f 3731 3718 3702
f 3731 3715 3718
f 3731 3727 3715
f 3731 3702 3727
f 3732 3720 3704
f 3732 3704 3711
f 3732 3711 3720
f 3733 3720 3703
f 3733 3713 3720
f 3733 3729 3713
f 3733 3703 3729
f 3734 3724 3714
f 3734 3707 3724
f 3734 3725 3707
f 3734 3714 3725
f 3735 3714 3724
f 3735 3728 3714
f 3735 3708 3728
f 3736 3724 3704
f 3737 3726 3714
f 3737 3706 3726
f 3738 3727 3706
f 3738 3714 3728
f 3738 3737 3714
f 3738 3706 3737
f 3739 3708 3723
f 3739 3723 3729
f 3739 3718 3715
f 3739 3715 3708
f 3739 3730 3718
f 3740 3735 3724
f 3740 3708 3735
f 3740 3724 3736
f 3740 3736 3723
f 3740 3723 3708
f 3741 3736 3704
f 3741 3704 3723
f 3741 3723 3736
f 3742 3738 3728
f 3742 3728 3727
f 3742 3727 3738
f 3743 3739 3729
f 3743 3729 3730
f 3743 3730 3739
o proximal097
usemtl Material097
v 0.008700270 0.010100756 0.019495293
v 0.009041525 0.009737860 0.019096470
v 0.004946471 0.011977656 0.017618394
v 0.002198835 0.011006024 0.017629449
v 0.002273770 0.009830670 0.019670687
v 0.009021985 0.009967318 0.017608668
v 0.008928186 0.009476103 0.019326577
v 0.004142086 0.011441399 0.019763422
v 0.002265186 0.010637013 0.017618394
v 0.008968398 0.010368885 0.018422779
v 0.008968398 0.009832628 0.019495293
v 0.008432141 0.009832628 0.017618394
v 0.004678343 0.011977656 0.019227165
v 0.002265186 0.011173270 0.019227165
v 0.003778673 0.011782753 0.017624547
v 0.002222189 0.009847275 0.019658383
v 0.008968398 0.010368885 0.017618394
v 0.004946471 0.009832628 0.019763422
v 0.004678343 0.011441399 0.019763422
v 0.008968398 0.010100756 0.019227165
v 0.005754364 0.009562353 0.019431002
v 0.004946471 0.011977656 0.018959036
v 0.003873957 0.011977656 0.019227165
v 0.002299683 0.010499470 0.019547146
v 0.005214600 0.010905142 0.019763422
v 0.004946471 0.011709527 0.019495293
v 0.007895884 0.010637013 0.019227165
v 0.008432141 0.009564499 0.018959036
v 0.003873957 0.011709527 0.019495293
v 0.003605829 0.011977656 0.018959036
v 0.005214600 0.010100756 0.019763422
v 0.008164013 0.010368885 0.019495293
v 0.008700270 0.010368885 0.018959036
v 0.008164013 0.010637013 0.018959036
f 3750 3749 3745
f 3752 3746 3749
f 3753 3745 3749
f 3754 3750 3745
f 3755 3749 3750
f 3755 3752 3749
f 3755 3748 3752
f 3758 3752 3747
f 3758 3746 3752
f 3759 3752 3748
f 3759 3747 3752
f 3759 3757 3747
f 3759 3748 3751
f 3760 3753 3749
f 3760 3749 3746
f 3760 3746 3753
f 3761 3750 3754
f 3761 3751 3748
f 3762 3754 3744
f 3762 3751 3761
f 3762 3756 3751
f 3763 3744 3754
f 3763 3754 3745
f 3763 3745 3753
f 3764 3748 3755
f 3764 3761 3748
f 3764 3750 3761
f 3765 3753 3746
f 3765 3746 3756
f 3766 3751 3756
f 3766 3756 3746
f 3767 3759 3751
f 3767 3751 3757
f 3767 3757 3759
f 3768 3762 3761
f 3768 3754 3762
f 3769 3756 3762
f 3770 3756 3769
f 3770 3765 3756
f 3771 3764 3755
f 3771 3755 3750
f 3771 3750 3764
f 3772 3766 3757
f 3772 3757 3751
f 3772 3751 3766
f 3773 3766 3746
f 3773 3746 3758
f 3773 3758 3747
f 3773 3747 3757
f 3773 3757 3766
f 3774 3768 3761
f 3774 3761 3754
f 3774 3754 3768
f 3775 3769 3762
f 3775 3762 3744
f 3775 3770 3769
f 3775 3744 3763
f 3775 3763 3770
f 3776 3770 3763
f 3776 3763 3753
f 3777 3776 3753
f 3777 3753 3765
f 3777 3765 3770
f 3777 3770 3776
o proximal098
usemtl Material098
v -0.006421636 0.003436842 0.008235307
v -0.006314925 0.002861287 0.008233897
v -0.006576960 0.003660885 0.005282507
v -0.008728082 0.003129416 0.003407584
v -0.009264339 0.001252516 0.006893254
v -0.007923696 0.003665673 0.005552612
v -0.006314925 0.003129416 0.005820740
v -0.007655568 0.001788773 0.008233897
v -0.006851182 0.003665673 0.006088869
v -0.008298507 0.003444543 0.003410134
v -0.008728082 0.002325030 0.007429511
v -0.006469438 0.003592273 0.006077902
v -0.009152817 0.001210757 0.003406000
v -0.007119311 0.001252516 0.008233897
v -0.008459953 0.003397544 0.005284483
v -0.008728082 0.002593159 0.006893254
v -0.006851182 0.003129416 0.008233897
v -0.008728082 0.001788773 0.007697640
v -0.009264339 0.001788773 0.003407584
v -0.008340108 0.003349542 0.003404444
v -0.008459953 0.002056902 0.003407584
v -0.006314925 0.002861287 0.006893254
v -0.006851182 0.002325030 0.005820740
v -0.008817504 0.001170269 0.007328509
v -0.008996210 0.002325030 0.006625126
v -0.008996210 0.001788773 0.007429511
v -0.007496836 0.001186935 0.008138689
v -0.008191825 0.002861287 0.003407584
v -0.006583054 0.002325030 0.006893254
v -0.007119311 0.001252516 0.007965768
v -0.008728082 0.001520645 0.003407584
v -0.009264339 0.001788773 0.006088869
v -0.008728082 0.003129416 0.004480098
v -0.008996210 0.002056902 0.007161383
v -0.008600577 0.001183635 0.007535887
v -0.006583054 0.003129416 0.005284483
v -0.006583054 0.002593159 0.006088869
v -0.008996210 0.002593159 0.003675713
v -0.009264339 0.001520645 0.006893254
v -0.006583054 0.002861287 0.005552612
v -0.008996210 0.002593159 0.003407584
f 3784 3778 3779
f 3786 3783 3778
f 3786 3780 3783
f 3787 3783 3780
f 3789 3784 3780
f 3789 3778 3784
f 3789 3786 3778
f 3789 3780 3786
f 3791 3779 3778
f 3791 3778 3785
f 3792 3787 3781
f 3792 3783 3787
f 3793 3788 3778
f 3793 3778 3783
f 3793 3783 3792
f 3794 3785 3778
f 3794 3778 3788
f 3795 3794 3788
f 3795 3785 3794
f 3796 3790 3782
f 3797 3781 3787
f 3797 3790 3796
f 3799 3784 3779
f 3799 3779 3791
f 3801 3782 3790
f 3802 3788 3793
f 3802 3793 3792
f 3803 3795 3788
f 3803 3801 3795
f 3803 3782 3801
f 3804 3791 3785
f 3804 3785 3795
f 3804 3801 3790
f 3805 3787 3780
f 3805 3798 3797
f 3805 3797 3787
f 3806 3784 3799
f 3807 3804 3790
f 3807 3791 3804
f 3807 3800 3806
f 3807 3806 3799
f 3807 3799 3791
f 3808 3790 3797
f 3808 3797 3798
f 3808 3807 3790
f 3808 3800 3807
f 3809 3796 3782
f 3810 3802 3792
f 3810 3792 3781
f 3810 3809 3802
f 3811 3803 3788
f 3811 3788 3802
f 3812 3804 3795
f 3812 3795 3801
f 3812 3801 3804
f 3813 3805 3780
f 3813 3780 3784
f 3813 3798 3805
f 3813 3808 3798
f 3814 3806 3800
f 3814 3800 3784
f 3814 3784 3806
f 3815 3796 3809
f 3815 3810 3781
f 3815 3809 3810
f 3816 3811 3802
f 3816 3802 3809
f 3816 3809 3782
f 3816 3782 3803
f 3816 3803 3811
f 3817 3813 3784
f 3817 3784 3800
f 3817 3800 3808
f 3817 3808 3813
f 3818 3815 3781
f 3818 3796 3815
f 3818 3797 3796
f 3818 3781 3797
o proximal099
usemtl Material099
v -0.012533166 -0.002209123 -0.009999001
v -0.011955472 -0.005985739 -0.009988060
v -0.012481881 -0.002233154 -0.014020768
v -0.013262736 -0.002393933 -0.016033155
v -0.013554395 -0.004914439 -0.010266969
v -0.012571764 -0.006036630 -0.014845831
v -0.012795337 -0.002135883 -0.013828385
v -0.011945624 -0.004914439 -0.009998840
v -0.013286266 -0.004914439 -0.009998840
v -0.013018138 -0.002501283 -0.009998840
v -0.012750009 -0.003037540 -0.015897667
v -0.013759632 -0.005162972 -0.015925316
v -0.012750009 -0.005986953 -0.011607611
v -0.012989043 -0.002201354 -0.014831746
v -0.011945624 -0.005182567 -0.010535097
v -0.012109141 -0.006003437 -0.010121459
v -0.013822523 -0.004110053 -0.013484511
v -0.013286266 -0.003841925 -0.009998840
v -0.012939356 -0.002482489 -0.015857741
v -0.013286266 -0.004646310 -0.015897667
v -0.013554395 -0.005450696 -0.014825153
v -0.011945624 -0.004914439 -0.010266969
v -0.012557362 -0.005987097 -0.014820782
v -0.011945624 -0.005986953 -0.010535097
v -0.012275978 -0.006063004 -0.010377755
v -0.013554395 -0.003573797 -0.011339483
v -0.013822523 -0.004914439 -0.012948254
v -0.013822523 -0.004110053 -0.015093282
v -0.013333188 -0.003288667 -0.016019237
v -0.013702212 -0.005226453 -0.015836670
v -0.013554395 -0.005182567 -0.011339483
v -0.013554395 -0.004110053 -0.010266969
v -0.013822523 -0.005182567 -0.014288896
v -0.013822523 -0.004378182 -0.012680125
v -0.013554395 -0.005450696 -0.014288896
v -0.013822523 -0.004646310 -0.012680125
f 3825 3819 3821
f 3826 3819 3820
f 3826 3821 3819
f 3828 3819 3825
f 3828 3820 3819
f 3832 3825 3821
f 3832 3828 3825
f 3832 3822 3828
f 3834 3827 3823
f 3834 3820 3827
f 3836 3823 3827
f 3836 3827 3820
f 3836 3820 3828
f 3837 3829 3822
f 3837 3821 3829
f 3837 3832 3821
f 3837 3822 3832
f 3838 3829 3824
f 3838 3824 3830
f 3839 3824 3831
f 3840 3833 3821
f 3840 3821 3826
f 3840 3826 3833
f 3841 3829 3821
f 3841 3821 3833
f 3841 3824 3829
f 3842 3833 3826
f 3842 3826 3820
f 3842 3841 3833
f 3842 3824 3841
f 3843 3834 3823
f 3843 3823 3831
f 3843 3831 3824
f 3843 3824 3842
f 3843 3842 3820
f 3843 3820 3834
f 3844 3828 3822
f 3844 3822 3835
f 3846 3835 3822
f 3846 3822 3830
f 3846 3845 3835
f 3847 3838 3830
f 3847 3830 3822
f 3847 3822 3829
f 3847 3829 3838
f 3848 3839 3830
f 3848 3830 3824
f 3848 3824 3839
f 3849 3831 3823
f 3849 3823 3845
f 3850 3823 3836
f 3850 3836 3828
f 3850 3828 3844
f 3851 3830 3839
f 3851 3849 3845
f 3851 3846 3830
f 3851 3845 3846
f 3852 3850 3844
f 3852 3844 3835
f 3852 3835 3845
f 3852 3823 3850
f 3853 3851 3839
f 3853 3839 3831
f 3853 3831 3849
f 3853 3849 3851
f 3854 3852 3845
f 3854 3845 3823
f 3854 3823 3852
o proximal100
usemtl Material100
v 0.011408501 0.008550359 0.014096525
v 0.011478111 0.007204190 0.013824514
v 0.011133947 0.006691344 0.009300199
v 0.010040406 0.008217386 0.006610710
v 0.010040912 0.007419471 0.013328338
v 0.011475721 0.006847779 0.012760015
v 0.011113426 0.008223857 0.014132724
v 0.010040912 0.008491985 0.012523953
v 0.010040912 0.006615086 0.008233897
v 0.011434709 0.006805903 0.012241557
v 0.011113426 0.006883214 0.013596467
v 0.011381555 0.008223857 0.014132724
v 0.011183122 0.008628019 0.014050872
v 0.009772784 0.007687600 0.009842668
v 0.010583122 0.006634530 0.006623731
v 0.011113426 0.006615086 0.012792081
v 0.011113426 0.007151343 0.013864595
v 0.010042269 0.008230307 0.006639496
v 0.010309041 0.008223857 0.013596467
v 0.010040912 0.007955728 0.013328338
v 0.009772784 0.006883214 0.008502025
v 0.011113426 0.006615086 0.012255824
v 0.011483024 0.007017111 0.013564247
v 0.010309041 0.007151343 0.013328338
v 0.010309041 0.007419471 0.013596467
v 0.010040912 0.008491985 0.012255824
v 0.009772784 0.008223857 0.007429511
v 0.010309041 0.008491985 0.013328338
v 0.010040912 0.008223857 0.013060210
v 0.009772784 0.007151343 0.009842668
v 0.009934332 0.007012141 0.006606977
v 0.010845298 0.006883214 0.013328338
v 0.010309041 0.006883214 0.012255824
v 0.009772784 0.007955728 0.009574539
v 0.010040912 0.007151343 0.012792081
v 0.010166576 0.006803098 0.006605699
v 0.010577169 0.006615086 0.010915182
v 0.010040912 0.006883214 0.010915182
v 0.010505550 0.006660164 0.006642683
v 0.010845298 0.006615086 0.011987696
f 3860 3855 3856
f 3864 3857 3855
f 3864 3855 3860
f 3866 3856 3855
f 3866 3855 3861
f 3867 3861 3855
f 3870 3864 3860
f 3871 3865 3856
f 3871 3866 3861
f 3871 3856 3866
f 3872 3867 3855
f 3872 3855 3857
f 3872 3869 3858
f 3872 3857 3869
f 3873 3861 3867
f 3874 3868 3859
f 3874 3859 3873
f 3876 3857 3864
f 3876 3864 3870
f 3876 3869 3857
f 3876 3870 3863
f 3876 3863 3869
f 3877 3870 3860
f 3877 3860 3856
f 3877 3856 3865
f 3877 3865 3870
f 3878 3865 3871
f 3879 3871 3861
f 3879 3878 3871
f 3879 3859 3878
f 3879 3873 3859
f 3879 3861 3873
f 3880 3862 3867
f 3880 3867 3872
f 3881 3872 3858
f 3881 3880 3872
f 3881 3862 3880
f 3881 3875 3868
f 3882 3873 3867
f 3882 3867 3862
f 3882 3874 3873
f 3883 3882 3862
f 3883 3874 3882
f 3884 3859 3868
f 3884 3868 3875
f 3885 3863 3875
f 3885 3881 3858
f 3885 3875 3881
f 3886 3878 3870
f 3886 3870 3865
f 3886 3865 3878
f 3888 3881 3868
f 3888 3862 3881
f 3888 3883 3862
f 3888 3868 3874
f 3888 3874 3883
f 3889 3884 3875
f 3889 3859 3884
f 3889 3878 3859
f 3889 3887 3870
f 3889 3870 3878
f 3890 3863 3885
f 3890 3885 3858
f 3890 3858 3869
f 3891 3863 3870
f 3892 3889 3875
f 3892 3875 3863
f 3892 3887 3889
f 3892 3891 3887
f 3892 3863 3891
f 3893 3890 3869
f 3893 3869 3863
f 3893 3863 3890
f 3894 3891 3870
f 3894 3870 3887
f 3894 3887 3891
o proximal101
usemtl Material101
v -0.012750009 -0.005182567 -0.014825153
v -0.011567699 -0.009293269 -0.014850464
v -0.011673848 -0.009460918 -0.017507040
v -0.014358780 -0.005450696 -0.017506438
v -0.014358780 -0.006791338 -0.016165796
v -0.012481881 -0.005450696 -0.015897667
v -0.013554395 -0.005450696 -0.014825153
v -0.013554395 -0.008936366 -0.016702053
v -0.013902749 -0.005143253 -0.017505160
v -0.011677495 -0.007327595 -0.014825153
v -0.012213752 -0.009204495 -0.014825153
v -0.014090652 -0.005182567 -0.015897667
v -0.014626909 -0.006523210 -0.017506438
v -0.012386031 -0.009234920 -0.017534125
v -0.012750009 -0.005182567 -0.015361410
v -0.011677495 -0.007327595 -0.015629539
v -0.012657653 -0.005620932 -0.014804850
v -0.013018138 -0.007059467 -0.014825153
v -0.011945624 -0.009472623 -0.014825153
v -0.013554395 -0.008668238 -0.016165796
v -0.013822523 -0.005182567 -0.015093282
v -0.014626909 -0.006523210 -0.017238309
v -0.014366155 -0.006295947 -0.017522269
v -0.013286266 -0.009204495 -0.017506438
v -0.013486690 -0.005088232 -0.014855186
v -0.013822523 -0.005450696 -0.015093282
v -0.014358780 -0.005986953 -0.016165796
v -0.014626909 -0.006255081 -0.017238309
v -0.013956346 -0.005250011 -0.017508490
v -0.013554395 -0.008936366 -0.017506438
v -0.013286266 -0.009204495 -0.017238309
v -0.012481881 -0.009472623 -0.016702053
v -0.014358780 -0.005450696 -0.016702053
v -0.012213752 -0.009472623 -0.015629539
f 3903 3900 3897
f 3904 3900 3895
f 3906 3903 3898
f 3908 3903 3897
f 3909 3895 3900
f 3909 3900 3903
f 3910 3904 3896
f 3910 3896 3897
f 3910 3897 3900
f 3910 3900 3904
f 3911 3904 3895
f 3911 3895 3901
f 3912 3899 3905
f 3912 3911 3901
f 3912 3905 3911
f 3913 3896 3904
f 3913 3911 3905
f 3913 3904 3911
f 3913 3897 3896
f 3914 3905 3899
f 3914 3899 3902
f 3914 3913 3905
f 3914 3902 3913
f 3916 3907 3902
f 3916 3902 3899
f 3917 3907 3898
f 3918 3908 3897
f 3919 3909 3903
f 3919 3895 3909
f 3919 3903 3906
f 3919 3906 3915
f 3919 3915 3901
f 3919 3901 3895
f 3920 3912 3901
f 3920 3899 3912
f 3920 3915 3899
f 3920 3901 3915
f 3921 3915 3906
f 3921 3899 3915
f 3921 3916 3899
f 3922 3898 3907
f 3922 3907 3916
f 3922 3916 3921
f 3923 3917 3898
f 3923 3898 3903
f 3923 3903 3908
f 3923 3908 3917
f 3924 3918 3902
f 3924 3902 3907
f 3924 3907 3917
f 3924 3917 3908
f 3924 3908 3918
f 3925 3913 3902
f 3925 3902 3918
f 3926 3918 3897
f 3926 3897 3913
f 3926 3925 3918
f 3927 3922 3921
f 3927 3921 3906
f 3927 3906 3898
f 3927 3898 3922
f 3928 3926 3913
f 3928 3913 3925
f 3928 3925 3926
o proximal102
usemtl Material102
v -0.015208688 -0.002532899 -0.023543338
v -0.015465845 -0.006852103 -0.023662703
v -0.015967551 -0.006255081 -0.026890935
v -0.017040065 -0.003841925 -0.027159064
v -0.017040065 -0.004378182 -0.025014036
v -0.016086459 -0.002430144 -0.026516664
v -0.015163166 -0.004378182 -0.024477779
v -0.016235679 -0.005450696 -0.023673393
v -0.016503808 -0.006791338 -0.025818421
v -0.016503808 -0.003573797 -0.027159064
v -0.016235679 -0.002501283 -0.023941522
v -0.015163166 -0.004646310 -0.023673393
v -0.015502673 -0.006902594 -0.024196282
v -0.015163166 -0.002501283 -0.023941522
v -0.015967551 -0.005182567 -0.026890935
v -0.016235679 -0.006791338 -0.023673393
v -0.017040065 -0.004914439 -0.026890935
v -0.016235679 -0.006791338 -0.027159064
v -0.016503808 -0.002501283 -0.026622807
v -0.015967551 -0.002501283 -0.023673393
v -0.015163166 -0.004646310 -0.023941522
v -0.015771296 -0.006940459 -0.025505736
v -0.015163166 -0.003573797 -0.024477779
v -0.017040065 -0.004914439 -0.025282164
v -0.016503808 -0.006791338 -0.027159064
v -0.016235679 -0.006523210 -0.027159064
v -0.016771936 -0.003573797 -0.027159064
v -0.016503808 -0.002501283 -0.026354678
v -0.017040065 -0.004646310 -0.025014036
v -0.017040065 -0.004646310 -0.027159064
v -0.016503808 -0.002769411 -0.024477779
v -0.017040065 -0.003841925 -0.026086550
v -0.017040065 -0.004110053 -0.025282164
f 3939 3933 3936
f 3940 3929 3930
f 3942 3940 3935
f 3942 3929 3940
f 3943 3935 3931
f 3943 3938 3934
f 3944 3930 3929
f 3944 3929 3936
f 3944 3936 3933
f 3944 3941 3930
f 3945 3933 3932
f 3946 3932 3938
f 3946 3943 3931
f 3947 3934 3938
f 3948 3939 3936
f 3948 3936 3929
f 3948 3929 3942
f 3948 3942 3934
f 3948 3934 3939
f 3949 3940 3930
f 3949 3935 3940
f 3949 3941 3935
f 3949 3930 3941
f 3950 3931 3935
f 3950 3935 3941
f 3950 3946 3931
f 3950 3944 3937
f 3950 3941 3944
f 3951 3942 3935
f 3951 3934 3942
f 3951 3943 3934
f 3951 3935 3943
f 3952 3937 3944
f 3952 3945 3937
f 3952 3933 3945
f 3953 3932 3946
f 3953 3937 3945
f 3953 3950 3937
f 3953 3946 3950
f 3954 3946 3938
f 3954 3938 3943
f 3954 3943 3946
f 3955 3947 3938
f 3955 3938 3932
f 3955 3932 3947
f 3956 3939 3934
f 3956 3934 3947
f 3956 3947 3932
f 3957 3952 3944
f 3957 3944 3933
f 3957 3933 3952
f 3958 3953 3945
f 3958 3945 3932
f 3958 3932 3953
f 3959 3933 3939
f 3959 3939 3956
f 3960 3959 3956
f 3960 3956 3932
f 3960 3932 3933
f 3961 3960 3933
f 3961 3933 3959
f 3961 3959 3960
o proximal103
usemtl Material103
v -0.011409367 -0.009204495 -0.017506438
v -0.009411760 -0.010742134 -0.019176584
v -0.009532467 -0.010008880 -0.019115209
v -0.012750009 -0.009472623 -0.023137136
v -0.013018138 -0.010545137 -0.022332751
v -0.011141238 -0.010008880 -0.022064622
v -0.012750009 -0.008936366 -0.020992108
v -0.009532467 -0.010008880 -0.018847080
v -0.012750009 -0.009472623 -0.017506438
v -0.009532467 -0.010277009 -0.019919594
v -0.011141238 -0.009740752 -0.021796494
v -0.012750009 -0.010545137 -0.023137136
v -0.011677495 -0.009204495 -0.019651466
v -0.013018138 -0.009204495 -0.022869008
v -0.009483703 -0.010481484 -0.018869372
v -0.011015287 -0.010893911 -0.020593200
v -0.012213752 -0.008936366 -0.017506438
v -0.010068724 -0.010813266 -0.020455851
v -0.011945624 -0.009204495 -0.020992108
v -0.010873110 -0.009472623 -0.019115209
v -0.013107894 -0.009171492 -0.020708328
v -0.013171443 -0.010548999 -0.023023546
v -0.012750009 -0.009204495 -0.022869008
v -0.011431610 -0.009540162 -0.017502732
v -0.009800596 -0.010813266 -0.019115209
v -0.012213752 -0.008936366 -0.017774566
v -0.011141238 -0.010277009 -0.022064622
v -0.011409367 -0.009472623 -0.021260237
v -0.011409367 -0.009204495 -0.017774566
v -0.012801414 -0.009062516 -0.017483009
v -0.013069194 -0.009584368 -0.023011032
v -0.012481881 -0.009204495 -0.022332751
v -0.011677495 -0.010545137 -0.022332751
v -0.013109564 -0.009187706 -0.020977301
f 3969 3963 3964
f 3969 3964 3962
f 3971 3964 3963
f 3972 3967 3965
f 3972 3971 3967
f 3972 3964 3971
f 3973 3965 3967
f 3976 3969 3962
f 3976 3963 3969
f 3977 3970 3966
f 3979 3971 3963
f 3979 3977 3973
f 3980 3968 3974
f 3981 3980 3974
f 3981 3964 3980
f 3982 3968 3975
f 3983 3966 3970
f 3983 3977 3966
f 3983 3973 3977
f 3983 3965 3973
f 3984 3972 3965
f 3984 3965 3975
f 3984 3975 3968
f 3985 3976 3962
f 3986 3970 3977
f 3986 3985 3970
f 3986 3963 3976
f 3986 3976 3985
f 3986 3979 3963
f 3986 3977 3979
f 3987 3974 3968
f 3987 3968 3978
f 3987 3978 3962
f 3988 3967 3971
f 3988 3971 3979
f 3988 3973 3967
f 3989 3980 3964
f 3989 3964 3972
f 3989 3972 3984
f 3990 3981 3974
f 3990 3962 3964
f 3990 3964 3981
f 3990 3987 3962
f 3990 3974 3987
f 3991 3978 3968
f 3991 3968 3982
f 3991 3970 3985
f 3991 3985 3962
f 3991 3962 3978
f 3991 3983 3970
f 3991 3982 3983
f 3992 3975 3965
f 3992 3965 3983
f 3993 3984 3968
f 3993 3968 3980
f 3993 3989 3984
f 3993 3980 3989
f 3994 3988 3979
f 3994 3979 3973
f 3994 3973 3988
f 3995 3992 3983
f 3995 3983 3982
f 3995 3982 3975
f 3995 3975 3992
o proximal104
usemtl Material104
v -0.002286029 0.011160912 -0.016701342
v -0.002292998 0.010637013 -0.016702053
v -0.002292998 0.010905142 -0.023405265
v -0.005291048 0.009987674 -0.024125643
v -0.005252706 0.009046510 -0.017770536
v -0.003097384 0.010905142 -0.023673393
v -0.002271372 0.010701287 -0.023186009
v -0.003670792 0.010247293 -0.016692933
v -0.002292998 0.011173270 -0.020723980
v -0.003097384 0.010100756 -0.023941522
v -0.004706155 0.010368885 -0.017774566
v -0.003097384 0.009832628 -0.017238309
v -0.002427404 0.011054893 -0.016698180
v -0.002561127 0.010905142 -0.023673393
v -0.002561127 0.010637013 -0.023673393
v -0.004974283 0.008760114 -0.022869008
v -0.005242411 0.010100756 -0.023405265
v -0.002561127 0.011173270 -0.020723980
v -0.005242411 0.009564499 -0.017774566
v -0.002981473 0.010257071 -0.016710470
v -0.003097384 0.009564499 -0.023405265
v -0.003901769 0.010368885 -0.024209650
v -0.005352898 0.008924775 -0.022841924
v -0.004438026 0.009832628 -0.024209650
v -0.004974283 0.008760114 -0.020455851
v -0.004438026 0.010368885 -0.024209650
v -0.004706155 0.010368885 -0.018847080
v -0.003596246 0.010223144 -0.016711232
v -0.002829255 0.009832628 -0.022869008
v -0.003097384 0.010368885 -0.023941522
v -0.005369589 0.009114047 -0.023330974
v -0.003365512 0.009564499 -0.023673393
v -0.003901769 0.010100756 -0.024209650
v -0.005343815 0.009003850 -0.020475096
v -0.003097384 0.009564499 -0.020723980
v -0.004974283 0.009028242 -0.023405265
v -0.003365512 0.009832628 -0.023941522
v -0.002829255 0.009832628 -0.018042695
f 4002 3996 3997
f 4004 4002 3998
f 4004 3996 4002
f 4006 4003 3996
f 4008 4003 3997
f 4008 3997 3996
f 4008 3996 4003
f 4009 4004 3998
f 4009 4001 4004
f 4010 3998 4002
f 4010 4009 3998
f 4010 4005 4009
f 4013 4004 4001
f 4013 4001 4012
f 4013 4006 3996
f 4013 3996 4004
f 4014 4000 4003
f 4014 4003 4006
f 4014 4006 4012
f 4014 4012 3999
f 4015 4000 4007
f 4015 4007 3997
f 4015 3997 4003
f 4016 4010 4002
f 4016 4005 4010
f 4017 4001 4009
f 4020 4007 4000
f 4020 4018 4011
f 4020 4011 4016
f 4021 4012 4001
f 4021 3999 4012
f 4021 4001 4017
f 4021 4019 3999
f 4021 4017 4019
f 4022 4013 4012
f 4022 4012 4006
f 4022 4006 4013
f 4023 4015 4003
f 4023 4003 4000
f 4023 4000 4015
f 4024 4016 4002
f 4024 4002 3997
f 4025 4017 4009
f 4025 4009 4005
f 4025 4005 4017
f 4026 4011 4018
f 4027 4016 4011
f 4027 4005 4016
f 4028 4019 4017
f 4028 4017 4005
f 4029 4020 4000
f 4029 4018 4020
f 4029 4026 4018
f 4029 4000 4014
f 4029 4014 3999
f 4029 3999 4026
f 4030 4020 4016
f 4030 4016 4024
f 4031 4011 4026
f 4031 4027 4011
f 4031 4019 4027
f 4031 4026 3999
f 4031 3999 4019
f 4032 4027 4019
f 4032 4019 4028
f 4032 4028 4005
f 4032 4005 4027
f 4033 4007 4020
f 4033 4020 4030
f 4033 3997 4007
f 4033 4030 4024
f 4033 4024 3997
o proximal105
usemtl Material105
v 0.009772784 0.009028242 0.006625126
v 0.010309041 0.007955728 0.006625126
v 0.010040912 0.008223857 0.002066942
v 0.007610111 0.008977022 0.000462052
v 0.008154999 0.009273735 0.006627231
v 0.008111819 0.007640553 0.000435958
v 0.007895884 0.009296371 0.000994428
v 0.010309041 0.008491985 0.006356997
v 0.010040912 0.007687600 0.002066942
v 0.008432141 0.008760114 0.000458171
v 0.007627756 0.008760114 0.002603199
v 0.008164013 0.007687600 0.001798813
v 0.009772784 0.008760114 0.003139456
v 0.008968398 0.009296371 0.006088869
v 0.007592054 0.009207157 0.003415518
v 0.010309041 0.008491985 0.006625126
v 0.010309041 0.007955728 0.006356997
v 0.007701057 0.008942155 0.000443938
v 0.008432141 0.007687600 0.000458171
v 0.007895884 0.007687600 0.000994428
v 0.008432141 0.008760114 0.006356997
v 0.009841727 0.007673563 0.003403116
v 0.009772784 0.008491985 0.002066942
v 0.010040912 0.008491985 0.002871327
v 0.007627756 0.009296371 0.000994428
v 0.008968398 0.009296371 0.006625126
v 0.009236527 0.009028242 0.003407584
v 0.008164013 0.009028242 0.000458171
v 0.009999065 0.007904371 0.006616753
v 0.010040912 0.008760114 0.004748226
v 0.009772784 0.009028242 0.006088869
v 0.008432141 0.009028242 0.000994428
f 4042 4036 4041
f 4043 4036 4042
f 4048 4044 4038
f 4048 4037 4044
f 4049 4041 4034
f 4049 4035 4041
f 4049 4038 4035
f 4049 4034 4038
f 4050 4042 4041
f 4050 4041 4035
f 4050 4035 4042
f 4051 4043 4039
f 4051 4039 4037
f 4052 4043 4042
f 4052 4042 4039
f 4052 4039 4043
f 4053 4044 4037
f 4053 4037 4039
f 4053 4039 4045
f 4053 4038 4044
f 4054 4053 4045
f 4054 4038 4053
f 4055 4042 4035
f 4055 4045 4039
f 4055 4039 4042
f 4056 4036 4043
f 4057 4041 4036
f 4057 4056 4046
f 4057 4036 4056
f 4058 4047 4040
f 4058 4048 4038
f 4058 4037 4048
f 4059 4038 4034
f 4059 4034 4047
f 4059 4058 4038
f 4059 4047 4058
f 4060 4046 4040
f 4060 4040 4047
f 4061 4051 4037
f 4061 4043 4051
f 4061 4056 4043
f 4061 4058 4040
f 4061 4037 4058
f 4062 4054 4045
f 4062 4035 4038
f 4062 4038 4054
f 4062 4055 4035
f 4062 4045 4055
f 4063 4057 4046
f 4063 4041 4057
f 4064 4060 4047
f 4064 4047 4034
f 4064 4046 4060
f 4064 4063 4046
f 4064 4034 4041
f 4064 4041 4063
f 4065 4061 4040
f 4065 4040 4046
f 4065 4046 4056
f 4065 4056 4061
o proximal106
usemtl Material106
v -0.004706155 -0.008668238 0.000458171
v -0.003290520 -0.009826941 -0.002794917
v -0.003633641 -0.009740752 -0.008121941
v -0.009604232 -0.007799770 -0.008646229
v -0.007387439 -0.008400109 -0.000346215
v -0.003633641 -0.010545137 -0.008390069
v -0.008996210 -0.007059467 -0.003027500
v -0.003365512 -0.009472623 -0.003295628
v -0.004974283 -0.009204495 0.000458171
v -0.003270504 -0.010330926 -0.008672720
v -0.009532467 -0.008131981 -0.007585684
v -0.008459953 -0.007863852 -0.008658198
v -0.007632849 -0.007585853 0.000455292
v -0.003365512 -0.009472623 -0.002759371
v -0.005242411 -0.008400109 0.000190042
v -0.003901769 -0.009204495 -0.003027500
v -0.004399469 -0.009105355 0.000439840
v -0.003633641 -0.010008880 -0.002759371
v -0.003275486 -0.010045555 -0.004921158
v -0.003365512 -0.009740752 -0.006513170
v -0.007655568 -0.008936366 -0.008658198
v -0.003633641 -0.010277009 -0.004904399
v -0.009386887 -0.007054135 -0.002994850
v -0.004974283 -0.009204495 -0.008390069
v -0.009264339 -0.007595724 -0.008658198
v -0.007536255 -0.007750173 0.000482471
v -0.004706155 -0.008668238 -0.000346215
v -0.005242411 -0.008400109 0.000458171
v -0.004487436 -0.009063410 0.000481661
v -0.003264737 -0.010315217 -0.008406467
v -0.003633641 -0.010545137 -0.008658198
v -0.009532467 -0.008131981 -0.008658198
v -0.007655568 -0.008936366 -0.008390069
v -0.003901769 -0.010277009 -0.006245042
v -0.008728082 -0.008131981 -0.003563757
v -0.004706155 -0.009472623 -0.000614343
v -0.009537127 -0.007611230 -0.005439723
v -0.008996210 -0.007059467 -0.002759371
v -0.007655568 -0.008131981 -0.008390069
v -0.004438026 -0.009472623 -0.008658198
v -0.007655568 -0.008131981 0.000458171
v -0.007387439 -0.007595724 -0.000882472
v -0.003901769 -0.010008880 -0.003027500
v -0.005778668 -0.008936366 0.000458171
v -0.009264339 -0.007863852 -0.003027500
v -0.009320015 -0.007057685 -0.002744345
v -0.007119311 -0.008400109 0.000458171
f 4079 4073 4066
f 4079 4067 4073
f 4081 4073 4068
f 4081 4068 4072
f 4081 4072 4080
f 4082 4079 4066
f 4082 4067 4079
f 4083 4082 4074
f 4083 4067 4082
f 4085 4075 4068
f 4085 4068 4073
f 4087 4084 4067
f 4087 4067 4083
f 4089 4072 4068
f 4090 4072 4077
f 4090 4088 4072
f 4090 4069 4088
f 4090 4077 4075
f 4092 4080 4066
f 4092 4066 4073
f 4092 4081 4080
f 4092 4073 4081
f 4093 4066 4080
f 4093 4078 4091
f 4094 4082 4066
f 4094 4074 4082
f 4094 4093 4091
f 4094 4066 4093
f 4095 4073 4067
f 4095 4067 4084
f 4095 4085 4073
f 4095 4075 4085
f 4095 4084 4087
f 4095 4087 4071
f 4095 4071 4075
f 4096 4086 4075
f 4096 4075 4071
f 4096 4071 4086
f 4097 4086 4076
f 4097 4076 4069
f 4097 4069 4090
f 4097 4090 4075
f 4097 4075 4086
f 4098 4086 4071
f 4098 4071 4076
f 4098 4076 4086
f 4099 4087 4076
f 4099 4076 4071
f 4099 4071 4087
f 4100 4087 4070
f 4100 4076 4087
f 4101 4083 4074
f 4102 4088 4069
f 4102 4069 4076
f 4103 4072 4088
f 4104 4089 4077
f 4104 4077 4072
f 4104 4072 4089
f 4105 4089 4068
f 4105 4068 4075
f 4105 4075 4077
f 4105 4077 4089
f 4106 4091 4078
f 4107 4093 4080
f 4107 4080 4072
f 4107 4072 4103
f 4107 4103 4078
f 4107 4078 4093
f 4108 4087 4083
f 4108 4083 4101
f 4108 4101 4070
f 4108 4070 4087
f 4109 4101 4074
f 4109 4070 4101
f 4109 4074 4094
f 4110 4088 4102
f 4110 4100 4070
f 4110 4070 4106
f 4110 4102 4076
f 4110 4076 4100
f 4111 4103 4088
f 4111 4078 4103
f 4111 4106 4078
f 4111 4110 4106
f 4111 4088 4110
f 4112 4106 4070
f 4112 4070 4109
f 4112 4091 4106
f 4112 4109 4094
f 4112 4094 4091
o proximal107
usemtl Material107
v 0.005819858 -0.006865331 0.003409181
v 0.006580750 -0.006931067 0.002058078
v 0.005482728 -0.006791338 -0.000882472
v 0.002291004 -0.008547002 -0.000892241
v 0.003337700 -0.008668238 0.003139456
v 0.006572977 -0.007203346 -0.000910114
v 0.003605829 -0.007327595 0.003407584
v 0.006555242 -0.006791338 -0.000614343
v 0.005331696 -0.007417414 0.003402657
v 0.003337700 -0.007595724 -0.000882472
v 0.003161825 -0.008508638 -0.000883197
v 0.006555242 -0.007327595 0.000190042
v 0.005482728 -0.006791338 0.003407584
v 0.002257095 -0.008192312 0.003413586
v 0.006287113 -0.006791338 -0.000882472
v 0.005553231 -0.007178394 0.003408153
v 0.003605829 -0.007327595 -0.000614343
v 0.002265186 -0.008668238 0.001798813
v 0.005214600 -0.007863852 0.002066942
v 0.006523562 -0.006916296 0.002076042
v 0.003420268 -0.008225181 0.003406493
v 0.002265186 -0.008131981 0.000726299
v 0.002801443 -0.008668238 0.003139456
v 0.002236260 -0.008533498 -0.000871506
v 0.002533315 -0.008668238 0.002603199
f 4120 4114 4118
f 4122 4118 4116
f 4122 4115 4118
f 4123 4116 4118
f 4124 4118 4114
f 4124 4123 4118
f 4124 4117 4123
f 4125 4115 4119
f 4125 4120 4115
f 4126 4125 4119
f 4126 4113 4125
f 4127 4120 4118
f 4127 4118 4115
f 4127 4115 4120
f 4128 4121 4114
f 4128 4114 4113
f 4128 4113 4126
f 4129 4119 4115
f 4129 4115 4122
f 4130 4123 4117
f 4130 4116 4123
f 4131 4121 4117
f 4131 4117 4124
f 4131 4124 4114
f 4131 4114 4121
f 4132 4125 4113
f 4132 4113 4114
f 4132 4114 4120
f 4132 4120 4125
f 4133 4117 4121
f 4133 4128 4126
f 4133 4121 4128
f 4134 4126 4119
f 4134 4119 4129
f 4134 4129 4122
f 4135 4130 4117
f 4135 4133 4126
f 4135 4117 4133
f 4136 4130 4126
f 4136 4126 4134
f 4136 4116 4130
f 4136 4134 4122
f 4136 4122 4116
f 4137 4135 4126
f 4137 4126 4130
f 4137 4130 4135
o proximal108
usemtl Material108
v -0.010188589 -0.000346311 -0.002699469
v -0.010636104 -0.004960334 -0.002729060
v -0.010604981 -0.002501283 -0.005172528
v -0.011945624 -0.000088126 -0.005440656
v -0.011677495 -0.000088126 -0.003295628
v -0.011700122 -0.004808246 -0.005456671
v -0.011349114 0.000536653 -0.005433759
v -0.010068724 -0.001428769 -0.003295628
v -0.011677495 -0.004378182 -0.002759371
v -0.011544040 -0.005050608 -0.005428347
v -0.011141238 0.000448131 -0.002759371
v -0.011987498 -0.001894570 -0.005541201
v -0.010068724 -0.000624383 -0.003563757
v -0.011677495 -0.004914439 -0.002759371
v -0.010699439 -0.005053730 -0.002935505
v -0.010873110 -0.003037540 -0.005440656
v -0.010330624 0.000471388 -0.003006182
v -0.011409367 0.000448131 -0.003027500
v -0.011432091 0.000344576 -0.005446190
v -0.012213752 -0.001160640 -0.004636271
v -0.010068724 -0.000356255 -0.003295628
v -0.010068724 -0.001160640 -0.003563757
v -0.010604981 -0.002233154 -0.005172528
v -0.011945624 -0.004914439 -0.004636271
v -0.010361974 0.000346963 -0.002909778
v -0.011677495 0.000448131 -0.003831885
v -0.010873110 -0.001965026 -0.005440656
v -0.012213752 -0.000892512 -0.005440656
v -0.012213752 -0.001428769 -0.004636271
v -0.012213752 -0.001965026 -0.005172528
v -0.011945624 -0.000088126 -0.004636271
v -0.012213752 -0.000892512 -0.004904399
f 4145 4138 4139
f 4145 4139 4140
f 4148 4146 4138
f 4151 4139 4138
f 4151 4138 4146
f 4152 4140 4139
f 4152 4151 4147
f 4152 4139 4151
f 4153 4152 4147
f 4153 4140 4152
f 4153 4147 4143
f 4153 4143 4149
f 4154 4144 4148
f 4155 4142 4146
f 4155 4146 4148
f 4155 4148 4144
f 4156 4149 4141
f 4156 4141 4144
f 4157 4146 4142
f 4157 4151 4146
f 4158 4138 4145
f 4158 4145 4150
f 4158 4154 4138
f 4158 4150 4144
f 4158 4144 4154
f 4159 4150 4145
f 4159 4145 4140
f 4159 4140 4150
f 4160 4150 4140
f 4160 4144 4150
f 4160 4140 4153
f 4161 4143 4147
f 4161 4147 4151
f 4162 4154 4148
f 4162 4148 4138
f 4162 4138 4154
f 4163 4142 4155
f 4163 4157 4142
f 4163 4155 4144
f 4163 4144 4141
f 4164 4153 4149
f 4164 4149 4156
f 4164 4156 4144
f 4164 4160 4153
f 4164 4144 4160
f 4165 4141 4149
f 4165 4149 4143
f 4166 4161 4151
f 4166 4151 4157
f 4166 4157 4165
f 4167 4165 4143
f 4167 4143 4161
f 4167 4166 4165
f 4167 4161 4166
f 4168 4163 4141
f 4168 4141 4165
f 4169 4168 4165
f 4169 4165 4157
f 4169 4157 4163
f 4169 4163 4168
o proximal109
usemtl Material109
v 0.014762629 0.002366020 0.017619873
v 0.014867225 0.001788773 0.017618394
v 0.014599097 0.002325030 0.012255824
v 0.013568932 -0.000009438 0.009310718
v 0.012990326 -0.001160640 0.017618394
v 0.013794711 -0.000356255 0.009306411
v 0.014867225 0.002325030 0.015741494
v 0.013526583 -0.001428769 0.017618394
v 0.014208870 0.002484186 0.013046291
v 0.012907080 -0.001502483 0.009305065
v 0.014599097 0.001520645 0.012255824
v 0.013794711 -0.000892512 0.016814008
v 0.014330968 0.002056902 0.017618394
v 0.014170429 0.002437950 0.012243044
v 0.012722197 -0.001160640 0.009306411
v 0.013192845 -0.001511646 0.017610096
v 0.013258454 -0.001428769 0.009306411
v 0.014867225 0.001788773 0.016277751
v 0.013794711 -0.000892512 0.017618394
v 0.013794711 0.000984388 0.017350265
v 0.014330968 0.002325030 0.016545880
v 0.013497352 -0.000196315 0.009307596
v 0.012722197 -0.001160640 0.011451439
v 0.012959600 -0.001521955 0.011443490
v 0.013526583 -0.001428769 0.016009623
v 0.014867225 0.002056902 0.015741494
v 0.014062840 0.001520645 0.017618394
v 0.012990326 -0.000892512 0.016277751
f 4175 4173 4172
f 4176 4170 4171
f 4177 4170 4174
f 4178 4176 4172
f 4178 4170 4176
f 4180 4175 4172
f 4180 4172 4176
f 4183 4178 4172
f 4183 4172 4173
f 4184 4175 4179
f 4184 4183 4173
f 4185 4177 4174
f 4186 4179 4175
f 4187 4176 4171
f 4187 4175 4180
f 4187 4181 4175
f 4187 4171 4181
f 4188 4181 4171
f 4188 4177 4181
f 4188 4171 4170
f 4188 4170 4177
f 4190 4182 4170
f 4190 4170 4178
f 4190 4178 4189
f 4191 4184 4173
f 4191 4173 4175
f 4191 4175 4184
f 4192 4184 4179
f 4192 4178 4183
f 4192 4183 4184
f 4192 4185 4174
f 4193 4179 4186
f 4193 4192 4179
f 4193 4185 4192
f 4194 4181 4177
f 4194 4193 4186
f 4194 4177 4185
f 4194 4185 4193
f 4194 4186 4175
f 4194 4175 4181
f 4195 4187 4180
f 4195 4180 4176
f 4195 4176 4187
f 4196 4189 4174
f 4196 4190 4189
f 4196 4182 4190
f 4196 4174 4170
f 4196 4170 4182
f 4197 4189 4178
f 4197 4178 4192
f 4197 4192 4174
f 4197 4174 4189
o proximal110
usemtl Material110
v -0.006583054 -0.008668238 -0.008658198
v -0.006314925 -0.010813266 -0.009998840
v -0.006330569 -0.010957150 -0.011632113
v -0.010068724 -0.007595724 -0.011607611
v -0.010083465 -0.007642629 -0.008655609
v -0.006314925 -0.008936366 -0.009462583
v -0.006851182 -0.009204495 -0.008658198
v -0.009264339 -0.007595724 -0.008658198
v -0.008996210 -0.010277009 -0.011071354
v -0.008996210 -0.008131981 -0.011607611
v -0.009800596 -0.007595724 -0.011607611
v -0.006280514 -0.009121913 -0.008674362
v -0.008459953 -0.010008880 -0.009730712
v -0.006372629 -0.009075083 -0.008631043
v -0.007119311 -0.011081394 -0.011071354
v -0.009532467 -0.009740752 -0.011607611
v -0.008459953 -0.008400109 -0.011339483
v -0.006583054 -0.008668238 -0.009194455
v -0.008728082 -0.008131981 -0.011339483
v -0.009977319 -0.008001580 -0.011652866
v -0.006295614 -0.010932851 -0.011573283
v -0.006583054 -0.010545137 -0.009730712
v -0.008996210 -0.008400109 -0.008658198
v -0.008996210 -0.010008880 -0.009998840
v -0.008459953 -0.007863852 -0.008658198
v -0.006314925 -0.011081394 -0.010803226
v -0.007923696 -0.010813266 -0.011607611
v -0.010068724 -0.008131981 -0.010266969
v -0.006851182 -0.010813266 -0.009998840
v -0.007655568 -0.008936366 -0.008658198
v -0.008728082 -0.010277009 -0.010266969
v -0.009532467 -0.009740752 -0.011339483
v -0.008728082 -0.007863852 -0.010266969
v -0.007119311 -0.011081394 -0.011607611
v -0.008996210 -0.010277009 -0.011607611
v -0.008459953 -0.010277009 -0.009998840
v -0.006851182 -0.011081394 -0.010803226
v -0.006851182 -0.010545137 -0.009730712
v -0.007387439 -0.010813266 -0.010266969
v -0.007923696 -0.010813266 -0.011339483
v -0.009264339 -0.010008880 -0.011071354
v -0.008459953 -0.007863852 -0.008926326
v -0.008459953 -0.010545137 -0.011071354
v -0.009264339 -0.007595724 -0.009462583
f 4205 4201 4202
f 4208 4201 4205
f 4209 4203 4198
f 4211 4205 4202
f 4211 4209 4198
f 4211 4204 4209
f 4214 4200 4207
f 4215 4198 4203
f 4216 4207 4208
f 4216 4214 4207
f 4216 4203 4214
f 4216 4215 4203
f 4216 4208 4215
f 4217 4208 4207
f 4217 4207 4200
f 4217 4201 4208
f 4218 4209 4199
f 4218 4203 4209
f 4218 4214 4203
f 4218 4200 4214
f 4219 4209 4204
f 4219 4199 4209
f 4220 4211 4202
f 4221 4220 4202
f 4221 4210 4220
f 4222 4211 4198
f 4222 4205 4211
f 4222 4198 4215
f 4223 4218 4199
f 4223 4200 4218
f 4225 4217 4213
f 4225 4202 4201
f 4225 4201 4217
f 4226 4199 4219
f 4226 4223 4199
f 4227 4220 4210
f 4227 4210 4204
f 4227 4204 4211
f 4227 4211 4220
f 4228 4221 4206
f 4229 4221 4202
f 4229 4225 4213
f 4229 4202 4225
f 4230 4215 4208
f 4231 4223 4212
f 4231 4200 4223
f 4231 4224 4200
f 4231 4212 4224
f 4232 4224 4206
f 4232 4213 4217
f 4232 4217 4200
f 4232 4200 4224
f 4233 4226 4210
f 4233 4210 4221
f 4233 4221 4228
f 4234 4212 4223
f 4234 4223 4226
f 4235 4226 4219
f 4235 4219 4204
f 4235 4204 4210
f 4235 4210 4226
f 4236 4233 4228
f 4236 4226 4233
f 4236 4234 4226
f 4236 4212 4234
f 4237 4224 4212
f 4237 4236 4228
f 4237 4212 4236
f 4237 4206 4224
f 4238 4206 4221
f 4238 4221 4229
f 4238 4229 4213
f 4238 4232 4206
f 4238 4213 4232
f 4239 4222 4215
f 4239 4215 4230
f 4239 4205 4222
f 4240 4237 4228
f 4240 4228 4206
f 4240 4206 4237
f 4241 4239 4230
f 4241 4230 4208
f 4241 4208 4205
f 4241 4205 4239
o proximal111
usemtl Material111
v -0.008459953 0.005542572 -0.013752639
v -0.008388818 0.005168837 -0.013833351
v -0.008714201 0.007128789 -0.021542500
v -0.009532467 0.006883214 -0.021528365
v -0.009800596 0.005274444 -0.014288896
v -0.009532467 0.005274444 -0.020455851
v -0.008459953 0.005810701 -0.014288896
v -0.008996210 0.005542572 -0.013752639
v -0.008728082 0.006615086 -0.021260237
v -0.010068724 0.005542572 -0.020455851
v -0.009821113 0.005185596 -0.019396203
v -0.009264339 0.007151343 -0.017774566
v -0.008983269 0.005173433 -0.013970714
v -0.008728082 0.005810701 -0.014020768
v -0.009638647 0.005967884 -0.021528286
v -0.009907455 0.005213164 -0.020491016
v -0.008728082 0.007151343 -0.017506438
v -0.009264339 0.007151343 -0.021528365
v -0.009532467 0.006078829 -0.014557025
v -0.009800596 0.006346958 -0.019115209
v -0.009412394 0.005185691 -0.014165537
v -0.009264339 0.006078829 -0.021528365
v -0.009800596 0.006346958 -0.021528365
v -0.010068724 0.005542572 -0.019383337
v -0.009532467 0.005810701 -0.014020768
v -0.008996210 0.007151343 -0.017506438
v -0.008996210 0.006078829 -0.014557025
v -0.009532467 0.006883214 -0.018310823
v -0.009800596 0.005810701 -0.014825153
v -0.009800596 0.005542572 -0.014288896
f 4248 4242 4243
f 4248 4243 4244
f 4249 4243 4242
f 4250 4244 4243
f 4250 4243 4247
f 4254 4249 4246
f 4254 4243 4249
f 4254 4252 4243
f 4255 4249 4242
f 4255 4242 4248
f 4257 4247 4243
f 4257 4243 4252
f 4257 4256 4247
f 4257 4251 4256
f 4257 4252 4246
f 4258 4248 4244
f 4258 4255 4248
f 4259 4244 4245
f 4259 4245 4253
f 4259 4258 4244
f 4259 4253 4258
f 4262 4254 4246
f 4262 4246 4252
f 4262 4252 4254
f 4263 4250 4247
f 4263 4247 4256
f 4263 4256 4244
f 4263 4244 4250
f 4264 4245 4244
f 4264 4244 4256
f 4264 4256 4251
f 4264 4261 4245
f 4264 4251 4261
f 4265 4257 4246
f 4265 4251 4257
f 4265 4261 4251
f 4266 4246 4249
f 4266 4249 4255
f 4266 4255 4260
f 4267 4260 4258
f 4267 4258 4253
f 4267 4253 4260
f 4268 4260 4255
f 4268 4255 4258
f 4268 4258 4260
f 4269 4253 4245
f 4269 4245 4261
f 4270 4269 4261
f 4270 4260 4253
f 4270 4253 4269
f 4270 4266 4260
f 4270 4261 4265
f 4271 4246 4266
f 4271 4266 4270
f 4271 4270 4265
f 4271 4265 4246
o proximal112
usemtl Material112
v -0.008083230 -0.004026503 0.005355478
v -0.007092044 -0.005911990 0.005278557
v -0.007119311 -0.005718824 0.003407584
v -0.010299767 -0.002924728 0.003304336
v -0.009800596 -0.004914439 0.004748226
v -0.009264339 -0.002769411 0.003407584
v -0.007923696 -0.003841925 0.005016355
v -0.008728082 -0.005450696 0.005284483
v -0.008999902 -0.002767950 0.005284664
v -0.009532467 -0.005450696 0.003407584
v -0.007175765 -0.005880843 0.005297159
v -0.010336853 -0.002769411 0.003675713
v -0.009164624 -0.002672761 0.004045079
v -0.009264339 -0.004110053 0.005284483
v -0.009800596 -0.005182567 0.004480098
v -0.007042610 -0.006060625 0.003392621
v -0.007923696 -0.005986953 0.005284483
v -0.010319952 -0.002759403 0.003362889
v -0.009800596 -0.004378182 0.004748226
v -0.010336853 -0.003037540 0.003675713
v -0.009643030 -0.005031818 0.003383541
v -0.007030481 -0.006009193 0.004196605
v -0.008996210 -0.005718824 0.003943841
v -0.008459953 -0.005718824 0.005284483
v -0.009028654 -0.002843483 0.005272209
v -0.008996210 -0.005718824 0.003407584
v -0.007387439 -0.006255081 0.004211970
v -0.009532467 -0.005450696 0.003943841
v -0.007387439 -0.006255081 0.003407584
v -0.008191825 -0.005986953 0.004211970
f 4277 4274 4275
f 4278 4272 4273
f 4278 4273 4274
f 4278 4274 4277
f 4280 4272 4278
f 4282 4273 4272
f 4284 4280 4278
f 4284 4278 4277
f 4284 4283 4280
f 4285 4279 4272
f 4285 4272 4280
f 4285 4276 4279
f 4286 4279 4276
f 4287 4275 4274
f 4288 4273 4282
f 4288 4282 4272
f 4289 4277 4275
f 4289 4284 4277
f 4289 4283 4284
f 4290 4283 4276
f 4290 4276 4285
f 4291 4275 4281
f 4291 4281 4286
f 4291 4289 4275
f 4291 4283 4289
f 4291 4286 4276
f 4291 4276 4283
f 4292 4281 4275
f 4292 4275 4287
f 4293 4287 4274
f 4293 4274 4273
f 4295 4279 4286
f 4295 4288 4272
f 4295 4272 4279
f 4296 4290 4285
f 4296 4285 4280
f 4296 4280 4283
f 4296 4283 4290
f 4297 4281 4292
f 4297 4294 4281
f 4298 4287 4293
f 4298 4293 4273
f 4298 4273 4288
f 4299 4286 4281
f 4299 4281 4294
f 4299 4295 4286
f 4299 4294 4288
f 4299 4288 4295
f 4300 4297 4292
f 4300 4292 4287
f 4300 4287 4298
f 4301 4298 4288
f 4301 4288 4294
f 4301 4294 4297
f 4301 4300 4298
f 4301 4297 4300
o proximal113
usemtl Material113
v 0.007354160 -0.006751946 -0.009987464
v 0.008700270 -0.007059467 -0.011339483
v 0.008650505 -0.006504713 -0.012946284
v 0.006287113 -0.008131981 -0.013752639
v 0.006279067 -0.008662987 -0.009998674
v 0.008164013 -0.008400109 -0.013752639
v 0.006555242 -0.006791338 -0.011607611
v 0.008697506 -0.006521951 -0.011339416
v 0.007359627 -0.007059467 -0.009998840
v 0.008432141 -0.007863852 -0.013752639
v 0.005997875 -0.008922513 -0.013752501
v 0.007895884 -0.008668238 -0.012948254
v 0.006823370 -0.006791338 -0.012411997
v 0.006555242 -0.006791338 -0.009998840
v 0.006320166 -0.008569771 -0.009990474
v 0.008164013 -0.008400109 -0.013216382
v 0.007754275 -0.008510613 -0.013781852
v 0.008330953 -0.007281636 -0.013754171
v 0.006018985 -0.008400109 -0.013752639
v 0.006002476 -0.008925169 -0.012947942
v 0.006823370 -0.006523210 -0.010266969
v 0.006287113 -0.007595724 -0.009998840
v 0.008432141 -0.007863852 -0.013216382
v 0.006555242 -0.007059467 -0.012411997
v 0.007091499 -0.006523210 -0.011071354
v 0.006823370 -0.006523210 -0.009998840
f 4309 4302 4303
f 4309 4303 4304
f 4310 4306 4303
f 4310 4303 4302
f 4311 4304 4303
f 4313 4303 4306
f 4316 4310 4302
f 4316 4306 4310
f 4316 4302 4315
f 4317 4307 4311
f 4317 4313 4307
f 4317 4303 4313
f 4318 4311 4307
f 4318 4313 4312
f 4318 4307 4313
f 4319 4304 4311
f 4319 4314 4304
f 4319 4305 4314
f 4319 4318 4305
f 4319 4311 4318
f 4320 4318 4312
f 4320 4305 4318
f 4320 4314 4305
f 4321 4313 4306
f 4321 4312 4313
f 4321 4320 4312
f 4322 4314 4308
f 4322 4308 4315
f 4323 4316 4315
f 4323 4306 4316
f 4323 4321 4306
f 4323 4320 4321
f 4323 4315 4308
f 4323 4308 4320
f 4324 4317 4311
f 4324 4311 4303
f 4324 4303 4317
f 4325 4320 4308
f 4325 4308 4314
f 4325 4314 4320
f 4326 4322 4304
f 4326 4304 4314
f 4326 4314 4322
f 4327 4309 4304
f 4327 4304 4322
f 4327 4302 4309
f 4327 4322 4315
f 4327 4315 4302
o proximal114
usemtl Material114
v -0.008922242 0.002556130 -0.005459787
v -0.008191825 0.003397544 -0.006781298
v -0.010336853 0.003665673 -0.006781298
v -0.010604981 0.003397544 -0.009730712
v -0.010849639 0.002048577 -0.009730817
v -0.008350213 0.003996890 -0.008370971
v -0.008270379 0.003962369 -0.006781094
v -0.008996210 0.002056902 -0.005976913
v -0.010873110 0.002325030 -0.005440656
v -0.009930302 0.003795862 -0.009676599
v -0.008728082 0.003933801 -0.007853812
v -0.008191825 0.003665673 -0.008390069
v -0.010873110 0.002861287 -0.007853812
v -0.010717573 0.001968575 -0.005459920
v -0.010604981 0.002593159 -0.005440656
v -0.009800596 0.003397544 -0.009730712
v -0.008191825 0.003397544 -0.008121941
v -0.008996210 0.003397544 -0.009462583
v -0.010604981 0.003397544 -0.007317555
v -0.010873110 0.002861287 -0.009730712
v -0.009153226 0.002197822 -0.005394882
v -0.010068724 0.003665673 -0.006513170
v -0.010153880 0.003561397 -0.009759723
v -0.008459953 0.003129416 -0.008390069
v -0.009030849 0.003740780 -0.009314167
v -0.010873110 0.002593159 -0.006513170
v -0.008996210 0.003129416 -0.009194455
f 4334 4328 4329
f 4335 4329 4328
f 4337 4331 4330
f 4338 4334 4333
f 4338 4330 4334
f 4338 4337 4330
f 4338 4333 4337
f 4339 4334 4329
f 4339 4333 4334
f 4341 4336 4332
f 4341 4332 4335
f 4342 4330 4336
f 4342 4328 4334
f 4344 4339 4329
f 4344 4329 4335
f 4345 4343 4337
f 4345 4332 4343
f 4346 4336 4330
f 4346 4330 4331
f 4346 4331 4340
f 4347 4340 4331
f 4347 4332 4336
f 4347 4336 4340
f 4348 4341 4335
f 4348 4335 4328
f 4348 4336 4341
f 4348 4342 4336
f 4348 4328 4342
f 4349 4342 4334
f 4349 4334 4330
f 4349 4330 4342
f 4350 4343 4332
f 4350 4331 4337
f 4350 4337 4343
f 4350 4347 4331
f 4350 4332 4347
f 4351 4344 4335
f 4351 4335 4332
f 4351 4345 4339
f 4351 4339 4344
f 4352 4345 4337
f 4352 4337 4333
f 4352 4333 4339
f 4352 4339 4345
f 4353 4346 4340
f 4353 4340 4336
f 4353 4336 4346
f 4354 4351 4332
f 4354 4332 4345
f 4354 4345 4351
o proximal115
usemtl Material115
v -0.002938253 0.007198323 0.019522200
v -0.002829255 0.006615086 0.019495293
v -0.002829255 0.007151343 0.013596467
v -0.004226265 0.006409292 0.012503151
v -0.004169898 0.005006315 0.019495293
v -0.003365512 0.007419471 0.015205237
v -0.003866867 0.004825432 0.019542442
v -0.002994591 0.007503586 0.015213840
v -0.003116890 0.007425348 0.012524103
v -0.003365512 0.007151343 0.019495293
v -0.003633641 0.005006315 0.014668981
v -0.003077031 0.007498355 0.013606769
v -0.003901769 0.005810701 0.019495293
v -0.003365512 0.005542572 0.015205237
v -0.003633641 0.004738187 0.018690908
v -0.003097384 0.006615086 0.012523953
v -0.004162685 0.004734255 0.015204200
v -0.003633641 0.006615086 0.019227165
v -0.004169898 0.005274444 0.018959036
v -0.002829255 0.006615086 0.019227165
v -0.003365512 0.005274444 0.019495293
v -0.003901769 0.005006315 0.013864595
v -0.003139470 0.007350900 0.012522459
v -0.004282556 0.005193445 0.013963839
v -0.003956603 0.004653277 0.019449338
v -0.004236538 0.006380324 0.012711989
v -0.003365512 0.005274444 0.019227165
v -0.003633641 0.005274444 0.013864595
v -0.003633641 0.006078829 0.012523953
v -0.004169898 0.006078829 0.012523953
f 4355 4356 4357
f 4361 4356 4355
f 4362 4355 4357
f 4363 4358 4360
f 4364 4362 4360
f 4364 4355 4362
f 4364 4361 4355
f 4364 4360 4358
f 4366 4362 4357
f 4366 4357 4363
f 4366 4363 4360
f 4366 4360 4362
f 4367 4359 4361
f 4367 4361 4364
f 4369 4365 4368
f 4370 4363 4357
f 4370 4368 4365
f 4370 4357 4368
f 4371 4365 4369
f 4372 4367 4364
f 4373 4359 4367
f 4373 4367 4372
f 4374 4368 4357
f 4374 4357 4356
f 4375 4356 4361
f 4375 4374 4356
f 4376 4365 4371
f 4377 4370 4358
f 4377 4358 4363
f 4377 4363 4370
f 4378 4371 4359
f 4378 4376 4371
f 4378 4359 4373
f 4379 4371 4369
f 4379 4361 4359
f 4379 4359 4371
f 4379 4375 4361
f 4379 4369 4375
f 4380 4372 4364
f 4380 4364 4358
f 4380 4373 4372
f 4380 4378 4373
f 4380 4358 4378
f 4381 4375 4369
f 4381 4369 4368
f 4381 4368 4374
f 4381 4374 4375
f 4382 4376 4370
f 4382 4370 4365
f 4382 4365 4376
f 4383 4358 4370
f 4383 4370 4376
f 4384 4378 4358
f 4384 4376 4378
f 4384 4383 4376
f 4384 4358 4383
o proximal116
usemtl Material116
v 0.005750856 -0.005182567 0.020835936
v 0.005750856 -0.006255081 0.020567807
v 0.005755055 -0.006502077 0.018153147
v -0.000160411 -0.006242292 0.018421709
v -0.000147970 -0.005450696 0.020835936
v 0.003605829 -0.007595724 0.019495293
v 0.002267161 -0.004643281 0.020588076
v 0.005760752 -0.004876137 0.020507393
v 0.004410214 -0.007059467 0.020835936
v 0.003337700 -0.007595724 0.018154651
v -0.000147970 -0.006255081 0.019763422
v 0.001192672 -0.005986953 0.018422779
v -0.000141060 -0.004631380 0.020794060
v 0.005750856 -0.005718824 0.020835936
v 0.004410214 -0.004914439 0.020835936
v 0.004410214 -0.007595724 0.019227165
v 0.002356868 -0.006850394 0.018139681
v -0.000147970 -0.005986953 0.020299679
v 0.003337700 -0.007595724 0.018959036
v -0.000149206 -0.004648981 0.020795471
v -0.000044679 -0.006125452 0.018431054
v 0.004410214 -0.007327595 0.020567807
v 0.005750856 -0.006523210 0.020031550
v 0.004410214 -0.007595724 0.018154651
v 0.004810786 -0.006458961 0.018155027
v 0.001997058 -0.006523210 0.020835936
v 0.002801443 -0.007327595 0.019495293
v 0.004142086 -0.007595724 0.019495293
v 0.004678343 -0.007327595 0.019763422
v 0.000120158 -0.005718824 0.020835936
v 0.003605829 -0.007059467 0.020835936
v 0.003605829 -0.007327595 0.020567807
v 0.000656415 -0.005986953 0.020835936
v 0.003069572 -0.007327595 0.020031550
f 4393 4385 4389
f 4395 4388 4394
f 4396 4392 4387
f 4396 4391 4392
f 4397 4391 4396
f 4398 4392 4385
f 4398 4386 4392
f 4398 4393 4386
f 4398 4385 4393
f 4399 4392 4391
f 4399 4385 4392
f 4399 4391 4397
f 4399 4389 4385
f 4400 4390 4394
f 4401 4394 4388
f 4402 4389 4388
f 4402 4388 4395
f 4403 4395 4394
f 4403 4394 4390
f 4404 4397 4388
f 4404 4388 4389
f 4404 4399 4397
f 4404 4389 4399
f 4405 4397 4396
f 4405 4388 4397
f 4405 4401 4388
f 4406 4386 4393
f 4407 4386 4406
f 4407 4392 4386
f 4407 4387 4392
f 4408 4400 4394
f 4408 4407 4400
f 4408 4387 4407
f 4408 4401 4387
f 4408 4394 4401
f 4409 4396 4387
f 4409 4387 4401
f 4409 4405 4396
f 4409 4401 4405
f 4410 4393 4389
f 4411 4403 4390
f 4411 4395 4403
f 4412 4406 4390
f 4412 4390 4400
f 4412 4400 4406
f 4413 4407 4406
f 4413 4406 4400
f 4413 4400 4407
f 4414 4410 4389
f 4414 4389 4402
f 4415 4406 4393
f 4415 4393 4410
f 4416 4402 4395
f 4416 4415 4410
f 4416 4390 4406
f 4416 4406 4415
f 4417 4414 4402
f 4417 4410 4414
f 4417 4416 4410
f 4417 4402 4416
f 4418 4411 4390
f 4418 4390 4416
f 4418 4416 4395
f 4418 4395 4411
o proximal117
usemtl Material117
v 0.010301764 -0.003302737 0.000458248
v 0.010309041 -0.004110053 0.000458171
v 0.010309041 -0.003305668 -0.012948254
v 0.009772784 -0.003037540 -0.012948254
v 0.008625425 -0.006547416 -0.004112393
v 0.010284734 -0.002759387 -0.007585068
v 0.009236527 -0.005182567 0.000458171
v 0.008968398 -0.006791338 -0.009998840
v 0.010206151 -0.002735076 -0.012936049
v 0.009772784 -0.003037540 -0.008390069
v 0.009236527 -0.006523210 -0.002759371
v 0.009524820 -0.005369719 0.000466683
v 0.009236527 -0.006523210 -0.007049427
v 0.008432141 -0.006255081 -0.012948254
v 0.010168106 -0.002825258 -0.012957451
v 0.009772784 -0.003573797 -0.001150600
v 0.009367936 -0.005778278 0.000454594
v 0.008968398 -0.006791338 -0.004100014
v 0.009504655 -0.004378182 0.000458171
v 0.009236527 -0.005986953 -0.012680125
v 0.010309041 -0.004110053 -0.001418729
v 0.009772784 -0.005450696 -0.001954986
v 0.008610169 -0.006728797 -0.009996630
v 0.009236527 -0.004110053 -0.012948254
v 0.008616918 -0.006592917 -0.012955508
v 0.009772784 -0.003305668 -0.004636271
v 0.008701068 -0.006455384 -0.002764096
v 0.009413631 -0.005677642 0.000460648
v 0.008432141 -0.006255081 -0.011071354
v 0.008968398 -0.006523210 -0.012948254
v 0.009236527 -0.006255081 -0.009998840
v 0.009504655 -0.005986953 -0.004636271
v 0.009504655 -0.004110053 -0.002759371
v 0.008700270 -0.005450696 -0.012948254
v 0.009236527 -0.004646310 -0.004636271
v 0.009236527 -0.004110053 -0.012143868
v 0.008700270 -0.005450696 -0.012411997
v 0.008968398 -0.004914439 -0.010266969
f 4419 4420 4421
f 4424 4419 4421
f 4427 4424 4421
f 4428 4419 4424
f 4428 4427 4422
f 4428 4424 4427
f 4430 4420 4419
f 4431 4429 4426
f 4433 4427 4421
f 4433 4422 4427
f 4436 4426 4429
f 4437 4430 4419
f 4437 4425 4430
f 4437 4419 4434
f 4439 4431 4421
f 4439 4421 4420
f 4440 4429 4431
f 4440 4435 4429
f 4440 4420 4435
f 4440 4439 4420
f 4441 4436 4423
f 4441 4426 4436
f 4442 4428 4422
f 4442 4422 4433
f 4443 4441 4432
f 4443 4426 4441
f 4444 4434 4419
f 4444 4419 4428
f 4445 4435 4425
f 4445 4423 4436
f 4445 4436 4429
f 4445 4429 4435
f 4446 4430 4425
f 4446 4425 4435
f 4446 4435 4420
f 4446 4420 4430
f 4447 4423 4445
f 4447 4445 4425
f 4447 4425 4437
f 4447 4441 4423
f 4447 4432 4441
f 4448 4426 4443
f 4448 4421 4438
f 4448 4443 4433
f 4448 4433 4421
f 4449 4438 4421
f 4449 4421 4431
f 4449 4448 4438
f 4449 4431 4426
f 4449 4426 4448
f 4450 4440 4431
f 4450 4431 4439
f 4450 4439 4440
f 4451 4437 4434
f 4451 4434 4444
f 4451 4444 4428
f 4452 4432 4447
f 4452 4443 4432
f 4452 4442 4433
f 4452 4433 4443
f 4453 4447 4437
f 4453 4437 4451
f 4454 4428 4442
f 4454 4442 4452
f 4455 4454 4452
f 4455 4452 4447
f 4455 4447 4453
f 4456 4455 4453
f 4456 4454 4455
f 4456 4453 4451
f 4456 4451 4428
f 4456 4428 4454
o proximal118
usemtl Material118
v 0.001997058 0.010637013 0.019763422
v 0.002273320 0.009562805 0.019676116
v 0.002296450 0.010983946 0.017881313
v 0.000120158 0.011441399 0.017886522
v -0.000332634 0.008455736 0.019856797
v 0.002265186 0.011173270 0.019227165
v 0.001192672 0.009296371 0.020031550
v -0.000147970 0.009832628 0.020031550
v 0.001194948 0.008492949 0.019785624
v -0.000488354 0.009594353 0.017889238
v 0.001997058 0.011441399 0.017886522
v 0.002299683 0.010499470 0.019547146
v 0.000388287 0.011441399 0.018422779
v 0.000656415 0.009832628 0.020031550
v -0.000416099 0.009296371 0.020031550
v 0.001997058 0.009564499 0.019227165
v 0.001161075 0.008484328 0.019790281
v -0.000175033 0.010256419 0.017854686
v -0.000147970 0.009564499 0.017886522
v -0.000416099 0.010100756 0.019495293
v 0.001728929 0.011441399 0.018422779
v 0.001728929 0.011173270 0.019227165
v -0.000586976 0.008551792 0.019560537
v 0.000120158 0.011441399 0.018154651
v -0.000147970 0.010368885 0.019495293
v -0.000416099 0.009832628 0.019763422
v -0.000416099 0.010368885 0.018959036
v 0.001997058 0.011441399 0.018154651
v 0.001728929 0.010905142 0.019495293
v -0.000147970 0.008491985 0.019495293
f 4463 4458 4457
f 4465 4458 4463
f 4467 4462 4459
f 4468 4462 4457
f 4468 4457 4458
f 4468 4458 4459
f 4468 4459 4462
f 4469 4467 4460
f 4470 4464 4463
f 4470 4463 4457
f 4470 4457 4464
f 4471 4461 4463
f 4471 4463 4464
f 4472 4465 4459
f 4472 4459 4458
f 4472 4458 4465
f 4473 4465 4463
f 4473 4463 4461
f 4474 4466 4460
f 4474 4467 4459
f 4474 4460 4467
f 4475 4459 4465
f 4475 4465 4473
f 4475 4474 4459
f 4475 4466 4474
f 4477 4469 4462
f 4477 4467 4469
f 4478 4457 4462
f 4478 4462 4469
f 4479 4461 4471
f 4480 4469 4460
f 4481 4480 4476
f 4481 4469 4480
f 4481 4478 4469
f 4481 4464 4478
f 4482 4471 4464
f 4482 4481 4476
f 4482 4464 4481
f 4482 4479 4471
f 4482 4476 4479
f 4483 4460 4466
f 4483 4479 4476
f 4483 4466 4479
f 4483 4480 4460
f 4483 4476 4480
f 4484 4477 4462
f 4484 4462 4467
f 4484 4467 4477
f 4485 4478 4464
f 4485 4464 4457
f 4485 4457 4478
f 4486 4479 4466
f 4486 4466 4475
f 4486 4475 4473
f 4486 4473 4461
f 4486 4461 4479
o proximal119
usemtl Material119
v 0.008758034 -0.006436662 -0.002750375
v 0.007406888 -0.006870408 -0.011371025
v 0.008744042 -0.006420341 -0.011331464
v 0.007348645 -0.006849635 -0.011329617
v 0.007298890 -0.006485188 -0.002758038
v 0.008700270 -0.007059467 -0.011339483
v 0.007359627 -0.007059467 -0.009730712
v 0.007359627 -0.006255081 -0.006513170
v 0.008968398 -0.006791338 -0.011339483
v 0.007211070 -0.006604603 -0.005981965
v 0.008700270 -0.006791338 -0.003563757
v 0.007437139 -0.006348151 -0.002757717
v 0.007895884 -0.006255081 -0.006513170
v 0.007359627 -0.006523210 -0.010803226
v 0.008651332 -0.006623044 -0.011344793
v 0.008859262 -0.006447542 -0.004363520
v 0.008700270 -0.007059467 -0.007585684
v 0.008701068 -0.006455384 -0.002764096
v 0.008164013 -0.006791338 -0.003831885
v 0.008784958 -0.006436183 -0.009991993
v 0.008968398 -0.006791338 -0.009998840
v 0.008432141 -0.006791338 -0.003563757
v 0.007627756 -0.007059467 -0.008658198
v 0.008164013 -0.007059467 -0.007585684
v 0.007895884 -0.007059467 -0.007853812
f 4489 4488 4490
f 4493 4490 4488
f 4493 4488 4492
f 4495 4492 4488
f 4496 4493 4491
f 4496 4490 4493
f 4496 4491 4494
f 4498 4494 4491
f 4498 4491 4487
f 4499 4489 4494
f 4499 4498 4487
f 4499 4494 4498
f 4500 4494 4489
f 4500 4489 4490
f 4500 4496 4494
f 4500 4490 4496
f 4501 4495 4488
f 4501 4488 4489
f 4501 4489 4495
f 4502 4487 4497
f 4502 4499 4487
f 4502 4489 4499
f 4503 4493 4492
f 4503 4492 4495
f 4504 4497 4487
f 4504 4487 4491
f 4504 4491 4497
f 4506 4502 4495
f 4506 4495 4489
f 4506 4489 4502
f 4507 4502 4497
f 4507 4495 4502
f 4507 4503 4495
f 4507 4497 4503
f 4508 4497 4491
f 4508 4491 4505
f 4508 4503 4497
f 4509 4505 4491
f 4509 4491 4493
f 4509 4493 4503
f 4510 4508 4505
f 4510 4503 4508
f 4510 4509 4503
f 4511 4510 4505
f 4511 4505 4509
f 4511 4509 4510
o proximal120
usemtl Material120
v -0.001738334 0.009617383 0.003407802
v -0.002292998 0.010905142 -0.002759371
v -0.002292998 0.010905142 0.001798813
v -0.002561127 0.010637013 -0.002759371
v -0.002829255 0.008223857 -0.002491243
v -0.001756741 0.011173270 0.001798813
v -0.001743137 0.010704408 -0.002765687
v -0.003384118 0.008387531 0.003517926
v -0.002024870 0.011173270 0.001798813
v -0.001756741 0.009564499 0.002335070
v -0.001756741 0.011173270 -0.000882472
v -0.003377536 0.008252562 -0.002755568
v -0.003097384 0.008223857 0.003407584
v -0.003365512 0.008760114 0.003407584
v -0.002561127 0.009832628 0.003407584
v -0.002829255 0.008223857 -0.000614343
v -0.002024870 0.011173270 -0.000882472
v -0.002829255 0.008491985 -0.002759371
v -0.003365512 0.008760114 -0.002759371
v -0.002561127 0.010637013 0.001262556
v -0.001801727 0.009639326 0.003406507
v -0.002829255 0.009564499 0.003407584
v -0.002829255 0.010100756 -0.002759371
v -0.002829255 0.010100756 0.000190042
f 4514 4513 4515
f 4518 4517 4512
f 4518 4515 4513
f 4520 4513 4514
f 4521 4518 4512
f 4521 4516 4518
f 4522 4518 4513
f 4522 4517 4518
f 4522 4520 4517
f 4524 4512 4519
f 4524 4523 4516
f 4524 4519 4523
f 4526 4517 4520
f 4526 4520 4514
f 4526 4519 4512
f 4527 4521 4512
f 4527 4516 4521
f 4527 4524 4516
f 4527 4512 4524
f 4528 4522 4513
f 4528 4513 4520
f 4528 4520 4522
f 4529 4518 4516
f 4529 4516 4523
f 4530 4529 4523
f 4530 4518 4529
f 4530 4523 4519
f 4530 4519 4525
f 4531 4525 4514
f 4531 4514 4515
f 4532 4526 4512
f 4532 4512 4517
f 4532 4517 4526
f 4533 4526 4514
f 4533 4514 4525
f 4533 4525 4519
f 4533 4519 4526
f 4534 4530 4525
f 4534 4515 4518
f 4534 4518 4530
f 4534 4531 4515
f 4535 4534 4525
f 4535 4525 4531
f 4535 4531 4534
o proximal121
usemtl Material121
v -0.001488613 0.011441399 -0.014020768
v -0.000315646 0.010610719 -0.015653749
v -0.000416099 0.010368885 -0.023137136
v -0.002292998 0.010905142 -0.023405265
v -0.002308426 0.010914446 -0.014011495
v -0.001488613 0.011441399 -0.016702053
v -0.001183028 0.011051609 -0.014008039
v -0.000684227 0.009832628 -0.021260237
v -0.001756741 0.010905142 -0.023137136
v -0.002292998 0.011441399 -0.014020768
v -0.000684227 0.011173270 -0.015629539
v -0.000684227 0.010368885 -0.015629539
v -0.000416099 0.009832628 -0.022869008
v -0.002292998 0.010368885 -0.023405265
v -0.001220484 0.010637013 -0.023405265
v -0.002024870 0.011173270 -0.020992108
v -0.002292998 0.011441399 -0.017506438
v -0.001220484 0.011441399 -0.015629539
v -0.000416099 0.010905142 -0.017238309
v -0.001220484 0.011441399 -0.014288896
v -0.000399245 0.010675848 -0.015365341
v -0.000315334 0.010079610 -0.021286855
v -0.002292998 0.010368885 -0.022869008
v -0.000684227 0.009832628 -0.022869008
v -0.002024870 0.010905142 -0.023405265
v -0.000684227 0.010100756 -0.023405265
v -0.001756741 0.011173270 -0.020455851
v -0.002292998 0.011173270 -0.020992108
v -0.001756741 0.011441399 -0.017238309
v -0.000684227 0.011173270 -0.015361410
v -0.000416099 0.010100756 -0.023137136
v -0.000684227 0.010368885 -0.023405265
v -0.001488613 0.010100756 -0.023405265
v -0.002024870 0.011441399 -0.017506438
f 4545 4536 4541
f 4545 4542 4536
f 4545 4540 4542
f 4547 4542 4540
f 4547 4540 4543
f 4548 4547 4543
f 4548 4537 4547
f 4549 4540 4539
f 4550 4544 4538
f 4550 4549 4539
f 4552 4540 4545
f 4552 4545 4541
f 4553 4541 4536
f 4553 4544 4541
f 4553 4538 4544
f 4554 4537 4538
f 4554 4553 4546
f 4554 4538 4553
f 4555 4536 4542
f 4555 4553 4536
f 4555 4546 4553
f 4556 4547 4537
f 4556 4542 4547
f 4556 4555 4542
f 4557 4538 4537
f 4557 4537 4548
f 4558 4543 4540
f 4558 4540 4549
f 4559 4548 4543
f 4560 4550 4539
f 4560 4544 4550
f 4560 4551 4544
f 4560 4539 4551
f 4561 4549 4550
f 4561 4548 4559
f 4562 4551 4541
f 4562 4541 4544
f 4562 4544 4551
f 4563 4552 4551
f 4563 4551 4539
f 4563 4539 4540
f 4563 4540 4552
f 4564 4552 4541
f 4564 4541 4551
f 4565 4554 4546
f 4565 4537 4554
f 4565 4556 4537
f 4565 4546 4555
f 4565 4555 4556
f 4566 4557 4548
f 4566 4538 4557
f 4566 4561 4538
f 4566 4548 4561
f 4567 4561 4550
f 4567 4550 4538
f 4567 4538 4561
f 4568 4561 4559
f 4568 4549 4561
f 4568 4559 4543
f 4568 4558 4549
f 4568 4543 4558
f 4569 4564 4551
f 4569 4551 4552
f 4569 4552 4564
o proximal122
usemtl Material122
v -0.004438026 -0.003841925 0.018422779
v -0.003877294 -0.006187844 0.017077437
v -0.003901769 -0.005986953 0.014132724
v -0.005203986 -0.005899862 0.014120641
v -0.005555693 -0.003718284 0.018433520
v -0.004438026 -0.006523210 0.014132724
v -0.003817963 -0.006275557 0.015729002
v -0.004625576 -0.005532482 0.018436971
v -0.005242411 -0.003841925 0.015473366
v -0.003845615 -0.006380362 0.014120078
v -0.004438026 -0.003841925 0.017350265
v -0.004169898 -0.006523210 0.015741494
v -0.005242411 -0.005986953 0.015741494
v -0.004706155 -0.005718824 0.014132724
v -0.005510540 -0.003841925 0.015473366
v -0.004888052 -0.006017969 0.014111545
v -0.004438026 -0.004110053 0.015741494
v -0.005242411 -0.003573797 0.016545880
v -0.004438026 -0.006255081 0.017082137
v -0.004974283 -0.005986953 0.016814008
v -0.004974283 -0.006255081 0.015205237
v -0.005510540 -0.004914439 0.015741494
v -0.005293266 -0.005861312 0.014151739
v -0.004706155 -0.004110053 0.015473366
v -0.004974283 -0.003573797 0.018422779
v -0.005583178 -0.003815112 0.016571202
v -0.004974283 -0.003841925 0.015741494
v -0.004438026 -0.006523210 0.014400852
v -0.004706155 -0.006255081 0.016545880
v -0.005487061 -0.004905432 0.015378944
v -0.004974283 -0.003573797 0.017350265
v -0.004706155 -0.003841925 0.016277751
f 4576 4570 4571
f 4577 4571 4570
f 4577 4570 4574
f 4579 4572 4576
f 4580 4576 4572
f 4580 4570 4576
f 4581 4576 4571
f 4581 4579 4576
f 4581 4575 4579
f 4583 4578 4572
f 4584 4578 4583
f 4585 4579 4575
f 4585 4575 4573
f 4585 4572 4579
f 4585 4583 4572
f 4585 4573 4583
f 4586 4580 4572
f 4587 4578 4584
f 4588 4581 4571
f 4588 4571 4577
f 4589 4577 4574
f 4589 4574 4582
f 4589 4588 4577
f 4591 4582 4574
f 4592 4584 4583
f 4592 4583 4573
f 4592 4582 4591
f 4592 4590 4582
f 4592 4573 4575
f 4592 4575 4590
f 4593 4586 4572
f 4593 4572 4578
f 4593 4578 4586
f 4594 4587 4574
f 4594 4574 4570
f 4594 4570 4580
f 4595 4587 4584
f 4595 4574 4587
f 4595 4591 4574
f 4596 4586 4578
f 4596 4578 4587
f 4597 4590 4575
f 4597 4575 4581
f 4597 4581 4590
f 4598 4590 4581
f 4598 4581 4588
f 4598 4588 4589
f 4598 4589 4582
f 4598 4582 4590
f 4599 4592 4591
f 4599 4584 4592
f 4599 4595 4584
f 4599 4591 4595
f 4600 4594 4580
f 4600 4587 4594
f 4601 4596 4587
f 4601 4580 4586
f 4601 4586 4596
f 4601 4600 4580
f 4601 4587 4600
o proximal123
usemtl Material123
v 0.007318880 -0.008574372 -0.013702856
v 0.007359627 -0.008936366 -0.014020768
v 0.007372137 -0.008938423 -0.020978251
v 0.006018985 -0.008668238 -0.021260237
v 0.005997875 -0.008922513 -0.013752501
v 0.007359627 -0.008400109 -0.014825153
v 0.006018985 -0.009204495 -0.020992108
v 0.006555242 -0.008668238 -0.021260237
v 0.006018985 -0.008400109 -0.013752639
v 0.007365130 -0.008597506 -0.013763326
v 0.007359627 -0.009204495 -0.018310823
v 0.007537732 -0.008790060 -0.019388562
v 0.006555242 -0.008400109 -0.016970181
v 0.006018985 -0.009204495 -0.021260237
v 0.006018985 -0.008400109 -0.016970181
v 0.006823370 -0.009204495 -0.018310823
v 0.007091499 -0.008400109 -0.015897667
v 0.007280000 -0.009012000 -0.020905999
v 0.006287113 -0.009204495 -0.019919594
v 0.006823370 -0.008400109 -0.016702053
f 4606 4603 4602
f 4610 4606 4602
f 4610 4602 4607
f 4611 4607 4602
f 4611 4602 4603
f 4612 4603 4606
f 4613 4604 4609
f 4613 4607 4611
f 4613 4611 4603
f 4613 4612 4604
f 4613 4603 4612
f 4614 4609 4605
f 4614 4610 4607
f 4615 4605 4609
f 4615 4608 4606
f 4615 4606 4605
f 4615 4609 4604
f 4615 4612 4608
f 4616 4605 4606
f 4616 4606 4610
f 4616 4614 4605
f 4616 4610 4614
f 4617 4612 4606
f 4617 4608 4612
f 4618 4613 4609
f 4618 4607 4613
f 4618 4614 4607
f 4619 4615 4604
f 4619 4604 4612
f 4619 4612 4615
f 4620 4617 4606
f 4620 4606 4608
f 4620 4608 4617
f 4621 4618 4609
f 4621 4609 4614
f 4621 4614 4618
o proximal124
usemtl Material124
v 0.009942172 0.005840509 -0.004836869
v 0.010309041 0.004738187 -0.004904399
v 0.010309041 0.005810701 -0.005440656
v 0.007842106 0.006486219 -0.007571503
v 0.007895884 0.006346958 -0.004904399
v 0.008595080 0.004634476 -0.007575031
v 0.010180374 0.005692934 -0.004877729
v 0.008164013 0.006883214 -0.004904399
v 0.010309041 0.005006315 -0.005440656
v 0.008432141 0.006615086 -0.007585684
v 0.008432141 0.004738187 -0.005708785
v 0.010040912 0.006078829 -0.005172528
v 0.007858695 0.006872657 -0.004902224
v 0.010309041 0.004738187 -0.005172528
v 0.007929545 0.006450938 -0.007593020
v 0.008511284 0.006181087 -0.007569307
v 0.007716068 0.006825171 -0.006481966
v 0.008519075 0.004776461 -0.007591449
v 0.009974632 0.004736635 -0.004957317
v 0.008968398 0.006615086 -0.004904399
v 0.008164013 0.006883214 -0.006513170
v 0.008968398 0.006615086 -0.005440656
f 4626 4623 4622
f 4628 4622 4623
f 4628 4623 4624
f 4630 4627 4624
f 4630 4624 4623
f 4633 4628 4624
f 4633 4622 4628
f 4633 4624 4631
f 4634 4626 4622
f 4634 4622 4629
f 4635 4630 4623
f 4635 4623 4627
f 4635 4627 4630
f 4636 4625 4631
f 4637 4631 4624
f 4637 4624 4627
f 4637 4627 4631
f 4638 4632 4626
f 4638 4625 4632
f 4638 4626 4634
f 4638 4631 4625
f 4639 4632 4625
f 4639 4627 4632
f 4639 4625 4636
f 4639 4636 4631
f 4639 4631 4627
f 4640 4632 4627
f 4640 4627 4623
f 4640 4623 4626
f 4640 4626 4632
f 4641 4629 4622
f 4641 4622 4633
f 4642 4638 4634
f 4642 4634 4629
f 4642 4631 4638
f 4642 4629 4641
f 4643 4642 4641
f 4643 4641 4633
f 4643 4633 4631
f 4643 4631 4642
o proximal125
usemtl Material125
v -0.007655568 -0.005718824 0.000458171
v -0.007536255 -0.007750173 0.000482471
v -0.007639668 -0.008085400 -0.002761784
v -0.009526205 -0.005703498 -0.002761925
v -0.008728082 -0.005986953 0.000458171
v -0.009264339 -0.007595724 -0.001686857
v -0.007387439 -0.006255081 -0.001150600
v -0.008965443 -0.005628671 -0.000085164
v -0.007923696 -0.008131981 -0.000614343
v -0.008996210 -0.007863852 -0.002759371
v -0.007923696 -0.007863852 0.000458171
v -0.009184335 -0.005886410 -0.002729393
v -0.007923696 -0.005718824 -0.000614343
v -0.007387439 -0.005986953 0.000458171
v -0.007387439 -0.007059467 -0.000882472
v -0.008713268 -0.005670458 0.000454964
v -0.008996210 -0.005986953 -0.000078086
v -0.007534363 -0.007947511 -0.000640837
v -0.009532467 -0.007327595 -0.002491243
v -0.009312661 -0.007217994 -0.002807742
v -0.008996210 -0.007863852 -0.002223114
v -0.008459953 -0.008131981 -0.002759371
v -0.007387439 -0.005986953 -0.000614343
v -0.009483612 -0.005602401 -0.001969118
v -0.007387439 -0.006791338 -0.001150600
v -0.009264339 -0.005986953 -0.000882472
v -0.008459953 -0.008131981 -0.002491243
v -0.007655568 -0.005718824 0.000190042
v -0.009532467 -0.005986953 -0.001954986
v -0.009221227 -0.005603675 -0.000891936
v -0.008191825 -0.008131981 -0.001418729
f 4654 4645 4648
f 4654 4648 4649
f 4654 4652 4645
f 4654 4649 4652
f 4655 4650 4646
f 4655 4646 4647
f 4657 4644 4645
f 4658 4657 4645
f 4658 4650 4657
f 4659 4644 4651
f 4659 4648 4645
f 4659 4645 4644
f 4660 4649 4648
f 4660 4659 4651
f 4660 4648 4659
f 4661 4652 4646
f 4661 4645 4652
f 4661 4658 4645
f 4661 4646 4658
f 4662 4653 4649
f 4663 4647 4646
f 4663 4662 4647
f 4663 4653 4662
f 4664 4652 4649
f 4664 4649 4653
f 4665 4646 4652
f 4665 4664 4653
f 4665 4663 4646
f 4665 4653 4663
f 4666 4650 4655
f 4666 4655 4647
f 4666 4647 4656
f 4666 4657 4650
f 4666 4644 4657
f 4667 4656 4647
f 4668 4658 4646
f 4668 4646 4650
f 4668 4650 4658
f 4669 4662 4649
f 4669 4649 4660
f 4669 4660 4651
f 4670 4665 4652
f 4670 4664 4665
f 4671 4666 4656
f 4671 4644 4666
f 4671 4656 4667
f 4672 4667 4647
f 4672 4647 4662
f 4672 4662 4669
f 4673 4669 4651
f 4673 4672 4669
f 4673 4667 4672
f 4673 4671 4667
f 4673 4651 4644
f 4673 4644 4671
f 4674 4670 4652
f 4674 4652 4664
f 4674 4664 4670
o proximal126
usemtl Material126
v -0.013554395 -0.006791338 -0.017506438
v -0.012710405 -0.009107306 -0.017524488
v -0.013286266 -0.007327595 -0.021796494
v -0.014824033 -0.006760693 -0.022096075
v -0.014358780 -0.007059467 -0.017506438
v -0.013554395 -0.009472623 -0.022064622
v -0.013822523 -0.006791338 -0.020455851
v -0.013286266 -0.007059467 -0.019651466
v -0.012801414 -0.009062516 -0.017483009
v -0.014266816 -0.006684033 -0.017518595
v -0.012696800 -0.009301596 -0.020732923
v -0.013554395 -0.007327595 -0.022064622
v -0.014895037 -0.007327595 -0.021796494
v -0.014358780 -0.006791338 -0.022064622
v -0.013554395 -0.006791338 -0.018578952
v -0.013554395 -0.007059467 -0.021260237
v -0.013436412 -0.007220822 -0.017474202
v -0.013286266 -0.009204495 -0.017506438
v -0.014895037 -0.007059467 -0.021528365
v -0.012969161 -0.009342506 -0.022085555
v -0.012750009 -0.008936366 -0.020723980
v -0.014895037 -0.007327595 -0.022064622
v -0.013554395 -0.008936366 -0.017506438
v -0.013018138 -0.009472623 -0.018578952
v -0.013018138 -0.008936366 -0.022064622
v -0.013923564 -0.008857148 -0.022129519
v -0.012671492 -0.009220548 -0.018594269
v -0.014090652 -0.008936366 -0.021528365
v -0.013554395 -0.009204495 -0.018310823
v -0.013554395 -0.009472623 -0.021796494
v -0.013822523 -0.008936366 -0.019383337
v -0.013822523 -0.009204495 -0.020992108
f 4682 4675 4676
f 4688 4684 4681
f 4688 4678 4684
f 4688 4686 4678
f 4688 4677 4686
f 4689 4682 4681
f 4689 4675 4682
f 4689 4684 4675
f 4689 4681 4684
f 4690 4682 4677
f 4690 4681 4682
f 4690 4688 4681
f 4690 4677 4688
f 4691 4683 4676
f 4691 4676 4675
f 4691 4684 4679
f 4691 4675 4684
f 4692 4676 4683
f 4693 4684 4678
f 4693 4679 4684
f 4693 4687 4679
f 4695 4677 4682
f 4696 4693 4678
f 4696 4687 4693
f 4697 4691 4679
f 4697 4683 4691
f 4697 4692 4683
f 4697 4679 4687
f 4698 4676 4692
f 4698 4694 4685
f 4698 4680 4694
f 4699 4694 4686
f 4699 4686 4677
f 4699 4677 4695
f 4699 4695 4685
f 4699 4685 4694
f 4700 4694 4680
f 4700 4678 4686
f 4700 4686 4694
f 4700 4696 4678
f 4701 4695 4682
f 4701 4682 4676
f 4701 4685 4695
f 4701 4698 4685
f 4701 4676 4698
f 4702 4687 4696
f 4702 4700 4680
f 4702 4696 4700
f 4703 4698 4692
f 4703 4692 4697
f 4703 4697 4687
f 4704 4680 4698
f 4704 4698 4703
f 4704 4702 4680
f 4705 4703 4687
f 4705 4687 4702
f 4705 4702 4703
f 4706 4704 4703
f 4706 4703 4702
f 4706 4702 4704
o proximal127
usemtl Material127
v 0.007437139 -0.006348151 -0.002757717
v 0.007359627 -0.007059467 -0.002759371
v 0.007360550 -0.006752760 -0.010000759
v 0.006555242 -0.006791338 -0.009998840
v 0.006244463 -0.008438650 -0.002811219
v 0.007091499 -0.006255081 -0.006245042
v 0.007359627 -0.007059467 -0.004368142
v 0.006454709 -0.008314421 -0.002693062
v 0.006555242 -0.008936366 -0.009462583
v 0.007359627 -0.006255081 -0.006245042
v 0.006823370 -0.006523210 -0.009998840
v 0.007091499 -0.006255081 -0.002759371
v 0.006185464 -0.008808503 -0.009466083
v 0.006279067 -0.008662987 -0.009998674
v 0.006555242 -0.008668238 -0.002759371
v 0.007091499 -0.007863852 -0.004904399
v 0.006823370 -0.006791338 -0.002759371
v 0.006287113 -0.007595724 -0.009998840
v 0.006555242 -0.008936366 -0.007317555
v 0.006165296 -0.008760126 -0.007323107
v 0.006823370 -0.008400109 -0.002759371
v 0.006823370 -0.008400109 -0.007853812
v 0.006823370 -0.006523210 -0.004100014
v 0.006287113 -0.007595724 -0.009462583
v 0.007091499 -0.007863852 -0.002759371
v 0.006555242 -0.007059467 -0.006245042
v 0.006555242 -0.006791338 -0.009194455
f 4713 4707 4708
f 4713 4709 4707
f 4714 4708 4707
f 4716 4707 4709
f 4717 4709 4710
f 4717 4716 4709
f 4717 4712 4716
f 4718 4716 4712
f 4718 4707 4716
f 4718 4714 4707
f 4718 4712 4717
f 4720 4709 4715
f 4720 4715 4719
f 4721 4714 4711
f 4722 4709 4713
f 4722 4713 4708
f 4723 4711 4714
f 4723 4714 4718
f 4724 4720 4719
f 4724 4710 4709
f 4724 4709 4720
f 4725 4719 4715
f 4726 4721 4711
f 4726 4725 4721
f 4726 4719 4725
f 4726 4724 4719
f 4727 4714 4721
f 4727 4721 4725
f 4727 4725 4715
f 4728 4715 4709
f 4728 4709 4722
f 4728 4727 4715
f 4728 4722 4727
f 4729 4723 4718
f 4729 4711 4723
f 4729 4718 4717
f 4729 4717 4710
f 4730 4726 4711
f 4730 4724 4726
f 4730 4710 4724
f 4731 4708 4714
f 4731 4714 4727
f 4731 4727 4722
f 4731 4722 4708
f 4732 4730 4711
f 4732 4711 4729
f 4733 4732 4729
f 4733 4729 4710
f 4733 4710 4730
f 4733 4730 4732
