# vtk DataFile Version 2.0
rectangle, Created by Gmsh 4.15.0 
ASCII
DATASET UNSTRUCTURED_GRID
POINTS 2234 double
-0.025 -0.0025 -0.0005
0.025 -0.0025 -0.0005
0.025 0.0025 -0.0005
-0.025 0.0025 -0.0005
-0.025 -0.0025 0.0005
0.025 -0.0025 0.0005
0.025 0.0025 0.0005
-0.025 0.0025 0.0005
-0.02440476190476257 -0.0025 -0.0005
-0.02380952380952584 -0.0025 -0.0005
-0.02321428571428944 -0.0025 -0.0005
-0.02261904761905304 -0.0025 -0.0005
-0.02202380952381663 -0.0025 -0.0005
-0.02142857142858023 -0.0025 -0.0005
-0.02083333333334338 -0.0025 -0.0005
-0.02023809523810594 -0.0025 -0.0005
-0.01964285714286851 -0.0025 -0.0005
-0.01904761904763175 -0.0025 -0.0005
-0.01845238095239432 -0.0025 -0.0005
-0.01785714285715775 -0.0025 -0.0005
-0.01726190476192135 -0.0025 -0.0005
-0.01666666666668495 -0.0025 -0.0005
-0.01607142857144855 -0.0025 -0.0005
-0.01547619047621215 -0.0025 -0.0005
-0.01488095238097574 -0.0025 -0.0005
-0.01428571428573934 -0.0025 -0.0005
-0.01369047619050294 -0.0025 -0.0005
-0.01309523809526654 -0.0025 -0.0005
-0.01250000000003013 -0.0025 -0.0005
-0.01190476190479373 -0.0025 -0.0005
-0.01130952380955733 -0.0025 -0.0005
-0.01071428571432093 -0.0025 -0.0005
-0.01011904761908453 -0.0025 -0.0005
-0.009523809523848124 -0.0025 -0.0005
-0.008928571428611722 -0.0025 -0.0005
-0.008333333333375319 -0.0025 -0.0005
-0.007738095238138919 -0.0025 -0.0005
-0.007142857142902515 -0.0025 -0.0005
-0.006547619047666275 -0.0025 -0.0005
-0.005952380952430905 -0.0025 -0.0005
-0.005357142857194665 -0.0025 -0.0005
-0.004761904761958261 -0.0025 -0.0005
-0.004166666666721858 -0.0025 -0.0005
-0.003571428571485458 -0.0025 -0.0005
-0.002976190476249058 -0.0025 -0.0005
-0.002380952381012651 -0.0025 -0.0005
-0.001785714285776251 -0.0025 -0.0005
-0.001190476190539851 -0.0025 -0.0005
-0.0005952380953034436 -0.0025 -0.0005
-6.636705074392069e-14 -0.0025 -0.0005
0.0005952380951724581 -0.0025 -0.0005
0.001190476190412633 -0.0025 -0.0005
0.001785714285652135 -0.0025 -0.0005
0.002380952380891636 -0.0025 -0.0005
0.002976190476131558 -0.0025 -0.0005
0.003571428571371316 -0.0025 -0.0005
0.004166666666610818 -0.0025 -0.0005
0.004761904761850448 -0.0025 -0.0005
0.005357142857090498 -0.0025 -0.0005
0.00595238095233 -0.0025 -0.0005
0.006547619047569495 -0.0025 -0.0005
0.007142857142809871 -0.0025 -0.0005
0.007738095238049303 -0.0025 -0.0005
0.008333333333288229 -0.0025 -0.0005
0.008928571428528757 -0.0025 -0.0005
0.009523809523768779 -0.0025 -0.0005
0.01011904761900725 -0.0025 -0.0005
0.01071428571424765 -0.0025 -0.0005
0.01130952380948819 -0.0025 -0.0005
0.01190476190472671 -0.0025 -0.0005
0.01249999999996654 -0.0025 -0.0005
0.01309523809520637 -0.0025 -0.0005
0.01369047619044489 -0.0025 -0.0005
0.01428571428568542 -0.0025 -0.0005
0.01488095238092581 -0.0025 -0.0005
0.01547619047616428 -0.0025 -0.0005
0.0160714285714043 -0.0025 -0.0005
0.01666666666664482 -0.0025 -0.0005
0.01726190476188373 -0.0025 -0.0005
0.01785714285712316 -0.0025 -0.0005
0.01845238095236369 -0.0025 -0.0005
0.01904761904760318 -0.0025 -0.0005
0.01964285714284204 -0.0025 -0.0005
0.02023809523808256 -0.0025 -0.0005
0.02083333333332264 -0.0025 -0.0005
0.0214285714285611 -0.0025 -0.0005
0.02202380952380143 -0.0025 -0.0005
0.02261904761904195 -0.0025 -0.0005
0.02321428571428055 -0.0025 -0.0005
0.0238095238095203 -0.0025 -0.0005
0.02440476190476083 -0.0025 -0.0005
0.025 -0.001944444444445288 -0.0005
0.025 -0.001388888888891212 -0.0005
0.025 -0.000833333333337303 -0.0005
0.025 -0.0002777777777835306 -0.0005
0.025 0.0002777777777720064 -0.0005
0.025 0.0008333333333289277 -0.0005
0.025 0.001388888888885802 -0.0005
0.025 0.001944444444443449 -0.0005
0.02440476190476257 0.0025 -0.0005
0.02380952380952584 0.0025 -0.0005
0.02321428571428944 0.0025 -0.0005
0.02261904761905304 0.0025 -0.0005
0.02202380952381663 0.0025 -0.0005
0.02142857142858023 0.0025 -0.0005
0.02083333333334338 0.0025 -0.0005
0.02023809523810594 0.0025 -0.0005
0.01964285714286851 0.0025 -0.0005
0.01904761904763175 0.0025 -0.0005
0.01845238095239432 0.0025 -0.0005
0.01785714285715775 0.0025 -0.0005
0.01726190476192135 0.0025 -0.0005
0.01666666666668495 0.0025 -0.0005
0.01607142857144855 0.0025 -0.0005
0.01547619047621215 0.0025 -0.0005
0.01488095238097574 0.0025 -0.0005
0.01428571428573934 0.0025 -0.0005
0.01369047619050294 0.0025 -0.0005
0.01309523809526654 0.0025 -0.0005
0.01250000000003013 0.0025 -0.0005
0.01190476190479373 0.0025 -0.0005
0.01130952380955733 0.0025 -0.0005
0.01071428571432093 0.0025 -0.0005
0.01011904761908453 0.0025 -0.0005
0.009523809523848124 0.0025 -0.0005
0.008928571428611722 0.0025 -0.0005
0.008333333333375319 0.0025 -0.0005
0.007738095238138919 0.0025 -0.0005
0.007142857142902515 0.0025 -0.0005
0.006547619047666275 0.0025 -0.0005
0.005952380952430905 0.0025 -0.0005
0.005357142857194665 0.0025 -0.0005
0.004761904761958261 0.0025 -0.0005
0.004166666666721858 0.0025 -0.0005
0.003571428571485458 0.0025 -0.0005
0.002976190476249058 0.0025 -0.0005
0.002380952381012651 0.0025 -0.0005
0.001785714285776251 0.0025 -0.0005
0.001190476190539851 0.0025 -0.0005
0.0005952380953034436 0.0025 -0.0005
6.636705074392069e-14 0.0025 -0.0005
-0.0005952380951724581 0.0025 -0.0005
-0.001190476190412633 0.0025 -0.0005
-0.001785714285652135 0.0025 -0.0005
-0.002380952380891636 0.0025 -0.0005
-0.002976190476131558 0.0025 -0.0005
-0.003571428571371316 0.0025 -0.0005
-0.004166666666610818 0.0025 -0.0005
-0.004761904761850448 0.0025 -0.0005
-0.005357142857090498 0.0025 -0.0005
-0.00595238095233 0.0025 -0.0005
-0.006547619047569495 0.0025 -0.0005
-0.007142857142809871 0.0025 -0.0005
-0.007738095238049303 0.0025 -0.0005
-0.008333333333288229 0.0025 -0.0005
-0.008928571428528757 0.0025 -0.0005
-0.009523809523768779 0.0025 -0.0005
-0.01011904761900725 0.0025 -0.0005
-0.01071428571424765 0.0025 -0.0005
-0.01130952380948819 0.0025 -0.0005
-0.01190476190472671 0.0025 -0.0005
-0.01249999999996654 0.0025 -0.0005
-0.01309523809520637 0.0025 -0.0005
-0.01369047619044489 0.0025 -0.0005
-0.01428571428568542 0.0025 -0.0005
-0.01488095238092581 0.0025 -0.0005
-0.01547619047616428 0.0025 -0.0005
-0.0160714285714043 0.0025 -0.0005
-0.01666666666664482 0.0025 -0.0005
-0.01726190476188373 0.0025 -0.0005
-0.01785714285712316 0.0025 -0.0005
-0.01845238095236369 0.0025 -0.0005
-0.01904761904760318 0.0025 -0.0005
-0.01964285714284204 0.0025 -0.0005
-0.02023809523808256 0.0025 -0.0005
-0.02083333333332264 0.0025 -0.0005
-0.0214285714285611 0.0025 -0.0005
-0.02202380952380143 0.0025 -0.0005
-0.02261904761904195 0.0025 -0.0005
-0.02321428571428055 0.0025 -0.0005
-0.0238095238095203 0.0025 -0.0005
-0.02440476190476083 0.0025 -0.0005
-0.025 0.001944444444445288 -0.0005
-0.025 0.001388888888891212 -0.0005
-0.025 0.000833333333337303 -0.0005
-0.025 0.0002777777777835306 -0.0005
-0.025 -0.0002777777777720064 -0.0005
-0.025 -0.0008333333333289277 -0.0005
-0.025 -0.001388888888885802 -0.0005
-0.025 -0.001944444444443449 -0.0005
-0.02440476190476257 -0.0025 0.0005
-0.02380952380952584 -0.0025 0.0005
-0.02321428571428944 -0.0025 0.0005
-0.02261904761905304 -0.0025 0.0005
-0.02202380952381663 -0.0025 0.0005
-0.02142857142858023 -0.0025 0.0005
-0.02083333333334338 -0.0025 0.0005
-0.02023809523810594 -0.0025 0.0005
-0.01964285714286851 -0.0025 0.0005
-0.01904761904763175 -0.0025 0.0005
-0.01845238095239432 -0.0025 0.0005
-0.01785714285715775 -0.0025 0.0005
-0.01726190476192135 -0.0025 0.0005
-0.01666666666668495 -0.0025 0.0005
-0.01607142857144855 -0.0025 0.0005
-0.01547619047621215 -0.0025 0.0005
-0.01488095238097574 -0.0025 0.0005
-0.01428571428573934 -0.0025 0.0005
-0.01369047619050294 -0.0025 0.0005
-0.01309523809526654 -0.0025 0.0005
-0.01250000000003013 -0.0025 0.0005
-0.01190476190479373 -0.0025 0.0005
-0.01130952380955733 -0.0025 0.0005
-0.01071428571432093 -0.0025 0.0005
-0.01011904761908453 -0.0025 0.0005
-0.009523809523848124 -0.0025 0.0005
-0.008928571428611722 -0.0025 0.0005
-0.008333333333375319 -0.0025 0.0005
-0.007738095238138919 -0.0025 0.0005
-0.007142857142902515 -0.0025 0.0005
-0.006547619047666275 -0.0025 0.0005
-0.005952380952430905 -0.0025 0.0005
-0.005357142857194665 -0.0025 0.0005
-0.004761904761958261 -0.0025 0.0005
-0.004166666666721858 -0.0025 0.0005
-0.003571428571485458 -0.0025 0.0005
-0.002976190476249058 -0.0025 0.0005
-0.002380952381012651 -0.0025 0.0005
-0.001785714285776251 -0.0025 0.0005
-0.001190476190539851 -0.0025 0.0005
-0.0005952380953034436 -0.0025 0.0005
-6.636705074392069e-14 -0.0025 0.0005
0.0005952380951724581 -0.0025 0.0005
0.001190476190412633 -0.0025 0.0005
0.001785714285652135 -0.0025 0.0005
0.002380952380891636 -0.0025 0.0005
0.002976190476131558 -0.0025 0.0005
0.003571428571371316 -0.0025 0.0005
0.004166666666610818 -0.0025 0.0005
0.004761904761850448 -0.0025 0.0005
0.005357142857090498 -0.0025 0.0005
0.00595238095233 -0.0025 0.0005
0.006547619047569495 -0.0025 0.0005
0.007142857142809871 -0.0025 0.0005
0.007738095238049303 -0.0025 0.0005
0.008333333333288229 -0.0025 0.0005
0.008928571428528757 -0.0025 0.0005
0.009523809523768779 -0.0025 0.0005
0.01011904761900725 -0.0025 0.0005
0.01071428571424765 -0.0025 0.0005
0.01130952380948819 -0.0025 0.0005
0.01190476190472671 -0.0025 0.0005
0.01249999999996654 -0.0025 0.0005
0.01309523809520637 -0.0025 0.0005
0.01369047619044489 -0.0025 0.0005
0.01428571428568542 -0.0025 0.0005
0.01488095238092581 -0.0025 0.0005
0.01547619047616428 -0.0025 0.0005
0.0160714285714043 -0.0025 0.0005
0.01666666666664482 -0.0025 0.0005
0.01726190476188373 -0.0025 0.0005
0.01785714285712316 -0.0025 0.0005
0.01845238095236369 -0.0025 0.0005
0.01904761904760318 -0.0025 0.0005
0.01964285714284204 -0.0025 0.0005
0.02023809523808256 -0.0025 0.0005
0.02083333333332264 -0.0025 0.0005
0.0214285714285611 -0.0025 0.0005
0.02202380952380143 -0.0025 0.0005
0.02261904761904195 -0.0025 0.0005
0.02321428571428055 -0.0025 0.0005
0.0238095238095203 -0.0025 0.0005
0.02440476190476083 -0.0025 0.0005
0.025 -0.001944444444445288 0.0005
0.025 -0.001388888888891212 0.0005
0.025 -0.000833333333337303 0.0005
0.025 -0.0002777777777835306 0.0005
0.025 0.0002777777777720064 0.0005
0.025 0.0008333333333289277 0.0005
0.025 0.001388888888885802 0.0005
0.025 0.001944444444443449 0.0005
0.02440476190476257 0.0025 0.0005
0.02380952380952584 0.0025 0.0005
0.02321428571428944 0.0025 0.0005
0.02261904761905304 0.0025 0.0005
0.02202380952381663 0.0025 0.0005
0.02142857142858023 0.0025 0.0005
0.02083333333334338 0.0025 0.0005
0.02023809523810594 0.0025 0.0005
0.01964285714286851 0.0025 0.0005
0.01904761904763175 0.0025 0.0005
0.01845238095239432 0.0025 0.0005
0.01785714285715775 0.0025 0.0005
0.01726190476192135 0.0025 0.0005
0.01666666666668495 0.0025 0.0005
0.01607142857144855 0.0025 0.0005
0.01547619047621215 0.0025 0.0005
0.01488095238097574 0.0025 0.0005
0.01428571428573934 0.0025 0.0005
0.01369047619050294 0.0025 0.0005
0.01309523809526654 0.0025 0.0005
0.01250000000003013 0.0025 0.0005
0.01190476190479373 0.0025 0.0005
0.01130952380955733 0.0025 0.0005
0.01071428571432093 0.0025 0.0005
0.01011904761908453 0.0025 0.0005
0.009523809523848124 0.0025 0.0005
0.008928571428611722 0.0025 0.0005
0.008333333333375319 0.0025 0.0005
0.007738095238138919 0.0025 0.0005
0.007142857142902515 0.0025 0.0005
0.006547619047666275 0.0025 0.0005
0.005952380952430905 0.0025 0.0005
0.005357142857194665 0.0025 0.0005
0.004761904761958261 0.0025 0.0005
0.004166666666721858 0.0025 0.0005
0.003571428571485458 0.0025 0.0005
0.002976190476249058 0.0025 0.0005
0.002380952381012651 0.0025 0.0005
0.001785714285776251 0.0025 0.0005
0.001190476190539851 0.0025 0.0005
0.0005952380953034436 0.0025 0.0005
6.636705074392069e-14 0.0025 0.0005
-0.0005952380951724581 0.0025 0.0005
-0.001190476190412633 0.0025 0.0005
-0.001785714285652135 0.0025 0.0005
-0.002380952380891636 0.0025 0.0005
-0.002976190476131558 0.0025 0.0005
-0.003571428571371316 0.0025 0.0005
-0.004166666666610818 0.0025 0.0005
-0.004761904761850448 0.0025 0.0005
-0.005357142857090498 0.0025 0.0005
-0.00595238095233 0.0025 0.0005
-0.006547619047569495 0.0025 0.0005
-0.007142857142809871 0.0025 0.0005
-0.007738095238049303 0.0025 0.0005
-0.008333333333288229 0.0025 0.0005
-0.008928571428528757 0.0025 0.0005
-0.009523809523768779 0.0025 0.0005
-0.01011904761900725 0.0025 0.0005
-0.01071428571424765 0.0025 0.0005
-0.01130952380948819 0.0025 0.0005
-0.01190476190472671 0.0025 0.0005
-0.01249999999996654 0.0025 0.0005
-0.01309523809520637 0.0025 0.0005
-0.01369047619044489 0.0025 0.0005
-0.01428571428568542 0.0025 0.0005
-0.01488095238092581 0.0025 0.0005
-0.01547619047616428 0.0025 0.0005
-0.0160714285714043 0.0025 0.0005
-0.01666666666664482 0.0025 0.0005
-0.01726190476188373 0.0025 0.0005
-0.01785714285712316 0.0025 0.0005
-0.01845238095236369 0.0025 0.0005
-0.01904761904760318 0.0025 0.0005
-0.01964285714284204 0.0025 0.0005
-0.02023809523808256 0.0025 0.0005
-0.02083333333332264 0.0025 0.0005
-0.0214285714285611 0.0025 0.0005
-0.02202380952380143 0.0025 0.0005
-0.02261904761904195 0.0025 0.0005
-0.02321428571428055 0.0025 0.0005
-0.0238095238095203 0.0025 0.0005
-0.02440476190476083 0.0025 0.0005
-0.025 0.001944444444445288 0.0005
-0.025 0.001388888888891212 0.0005
-0.025 0.000833333333337303 0.0005
-0.025 0.0002777777777835306 0.0005
-0.025 -0.0002777777777720064 0.0005
-0.025 -0.0008333333333289277 0.0005
-0.025 -0.001388888888885802 0.0005
-0.025 -0.001944444444443449 0.0005
-0.025 -0.0025 -1.281526967877866e-15
0.025 -0.0025 -1.281526967877866e-15
0.025 0.0025 -1.281526967877866e-15
-0.025 0.0025 -1.281526967877866e-15
0.02454514337274661 4.573901397412825e-05 -0.0005
-0.02452976807830847 2.070382773428893e-05 -0.0005
0.02115120084542532 0.002009177524581891 -0.0005
-0.02113035398428159 -0.0019825452062844 -0.0005
-0.01517857596284838 -0.001984503746713397 -0.0005
0.01525615600207226 0.002002566457678749 -0.0005
-0.01696430087383218 -0.001984502495161658 -0.0005
0.01704185468927641 0.002010662390952342 -0.0005
-0.01874998003675928 -0.001984508055082451 -0.0005
0.01875000000001308 0.001984508688224766 -0.0005
-0.01340399603292483 -0.001969909276654165 -0.0005
0.01347045736883595 0.001994475458572587 -0.0005
0.0116847587866049 0.001986389123060905 -0.0005
-0.0116163377285864 -0.001979200031459028 -0.0005
-0.00625000000095788 -0.001984508689217435 -0.0005
0.006298403604220996 0.001878477295257423 -0.0005
-0.009822580664775645 -0.001985173834707667 -0.0005
0.009821428571466326 0.001984508688225015 -0.0005
-0.008041292764518974 -0.001972356785831049 -0.0005
0.008035714285757119 0.001984508688225016 -0.0005
-0.004464285713315832 -0.001984508687389473 -0.0005
0.00446428571433961 0.002005232649215974 -0.0005
0.002083333333410581 0.00200401735207927 -0.0005
-0.002083333333425319 -0.00198450868822752 -0.0005
-0.0003057906954331558 -0.001968238434768791 -0.0005
0.01991220684282924 -0.002014503216225724 -0.0005
-0.01994160586574908 0.001976916358091212 -0.0005
0.003273809523751934 -0.001984508688221234 -0.0005
-0.003273809523596222 0.001984508688178481 -0.0005
0.0002976190476499207 0.001984508688197495 -0.0005
0.001488095238040525 -0.001984508688214334 -0.0005
-0.001488095238014572 0.001984508688219353 -0.0005
0.005654761904711998 -0.00198450868821951 -0.0005
-0.005654761902547687 0.001984508687265395 -0.0005
0.007440476190430435 -0.001984508688221525 -0.0005
-0.007440476215526387 0.001984508590879843 -0.0005
0.009226190476148768 -0.001984508688222552 -0.0005
-0.009226190541108077 0.001984508640680966 -0.0005
0.01101190476186792 -0.001984508688222363 -0.0005
-0.01101190472879382 0.001984508681974088 -0.0005
0.01279761904758681 -0.001984508688222135 -0.0005
-0.01279761881040629 0.001984508591317297 -0.0005
0.01458333333330561 -0.00198450868822239 -0.0005
-0.01458333243603134 0.001984508296100226 -0.0005
0.01636904761902432 -0.001984508688222383 -0.0005
-0.01636904388117381 0.001984507097140613 -0.0005
0.01815476190474332 -0.001984508688222425 -0.0005
-0.01815458757690537 0.001984410159335685 -0.0005
0.02172619047618127 -0.00198450868822242 -0.0005
-0.02173110310953496 0.001977591943146687 -0.0005
-0.02292064251046303 -0.001986853883109224 -0.0005
0.02292114669831671 0.001985060593966154 -0.0005
0.02291666666666125 -0.001984508688223117 -0.0005
-0.02292060890336573 0.001984884628581694 -0.0005
-0.0199408202022022 -0.001984707303824386 -0.0005
0.01999033942430907 0.001942120874619031 -0.0005
0.004464285714231811 -0.001984508688219765 -0.0005
-0.004464285714230633 0.001984508688222274 -0.0005
-0.003267877326444192 -0.001929427776401034 -0.0005
0.003273809523867155 0.001984508688225032 -0.0005
0.02455403760765133 0.001113098426031645 -0.0005
-0.02452737198851157 -0.001116219699926906 -0.0005
0.02455204644897586 -0.001121505758855209 -0.0005
-0.02455414879923363 0.001113098089806219 -0.0005
-0.02412715607781638 -0.001948069152879416 -0.0005
0.02412715674853689 0.001948062535191337 -0.0005
0.02410253299407888 -0.001989192434678262 -0.0005
-0.02412715578130237 0.001947986568274153 -0.0005
-0.02351664044074247 -0.001981865841663201 -0.0005
-0.02321868798776185 -0.001476888212654327 -0.0005
-0.02263025654715113 -0.001473547638469397 -0.0005
-0.02293002528289098 -0.0009665262001386387 -0.0005
-0.02234293449698606 -0.0009603591438969978 -0.0005
-0.02264255193153011 -0.0004549355609798683 -0.0005
-0.02205470237745566 -0.0004481682395355002 -0.0005
-0.0223548211413645 4.757030764087042e-05 -0.0005
-0.02176582666175957 6.323176130395895e-05 -0.0005
-0.02146520273889209 -0.0004404682428203851 -0.0005
-0.02117562502291033 7.182847430935839e-05 -0.0005
-0.02087389646317135 -0.0004347870013567145 -0.0005
-0.02059081840267564 7.470753290456073e-05 -0.0005
-0.0202822836814371 -0.0004311118864818307 -0.0005
-0.01998984877098521 8.563821198580175e-05 -0.0005
-0.01968744004818507 -0.0004247231875115717 -0.0005
-0.01938232816984433 8.166039960824503e-05 -0.0005
-0.01908397597217662 -0.0004247124819105523 -0.0005
-0.01879716342003148 7.873266266197849e-05 -0.0005
-0.01848937114701698 -0.0004234910677851038 -0.0005
-0.01818859297128281 7.41283100186815e-05 -0.0005
-0.01789537462584583 -0.0004203126028642843 -0.0005
-0.01759168984218878 9.55940624033739e-05 -0.0005
-0.01729686503256929 -0.0004122038990139964 -0.0005
-0.01701089245300434 9.433737288974758e-05 -0.0005
-0.01670640808538264 -0.0004055385455807801 -0.0005
-0.0164023464478843 9.016425815054127e-05 -0.0005
-0.01611010561033042 -0.000405055629451397 -0.0005
-0.01580497486722564 0.0001129111417170492 -0.0005
-0.01551121416924334 -0.0003972429290088784 -0.0005
-0.01522518249409016 0.0001108557945851963 -0.0005
-0.01491404906335994 -0.0004047929983053734 -0.0005
-0.01461448575463293 0.0001035120331908333 -0.0005
-0.01432282777905791 -0.0003930499724323253 -0.0005
-0.01401759396217402 0.0001292379182979053 -0.0005
-0.01373251223478347 -0.0003795477607574488 -0.0005
-0.01344043687846803 0.0001276438095305251 -0.0005
-0.01314198659287692 -0.0003797456109455063 -0.0005
-0.0128301615365999 0.0001209709321265623 -0.0005
-0.01254448516217609 -0.000366906426800922 -0.0005
-0.01223230432556558 0.0001486218343077774 -0.0005
-0.01194068410595588 -0.0003658289975298145 -0.0005
-0.01165383167647079 0.0001442662316381775 -0.0005
-0.01134234929822405 -0.0003809445991124808 -0.0005
-0.01104095856202275 0.0001340407469798839 -0.0005
-0.01075060107059062 -0.0003645756601674642 -0.0005
-0.01044364320829015 0.0001633254933429818 -0.0005
-0.010155495357242 -0.0003462401783540827 -0.0005
-0.009867766020223948 0.0001610759486678077 -0.0005
-0.009561760595918499 -0.0003382657461237533 -0.0005
-0.00925505655357494 0.0001544667063055224 -0.0005
-0.008968497732672222 -0.0003214548073793393 -0.0005
-0.008657533280335689 0.0001860751964686588 -0.0005
-0.008374892162129725 -0.0003103653965344484 -0.0005
-0.008082888474004955 0.0001819295033046836 -0.0005
-0.00778567767181136 -0.000328411146067758 -0.0005
-0.007470143054187821 0.0001701073681483012 -0.0005
-0.007189086575152191 -0.0003184617927562833 -0.0005
-0.006872076740084059 0.0002013619958939061 -0.0005
-0.006584849780890946 -0.000311754698533267 -0.0005
-0.006296546196881343 0.0001953163287798144 -0.0005
-0.005986829089262045 -0.0003338075937753079 -0.0005
-0.005677451113708662 0.0002921949454339372 -0.0005
-0.005392770842639978 -0.0002997313102264722 -0.0005
-0.005082548057863005 0.0002370363705250521 -0.0005
-0.004802155196461491 -0.0002952830768405346 -0.0005
-0.004511077962716019 0.0002457389655965877 -0.0005
-0.004211671574540533 -0.0002888441885336441 -0.0005
-0.003920616344060355 0.000252509632135785 -0.0005
-0.003618299470652018 -0.000258592570814713 -0.0005
-0.003326855350370235 0.0002646569509443665 -0.0005
-0.00302373622476602 -0.0002476195201679907 -0.0005
-0.002731651349175021 0.0002710275788277995 -0.0005
-0.002421518929186858 -0.0002745823430391153 -0.0005
-0.002134925867434836 0.0002388996445043638 -0.0005
-0.001833328221180441 -0.0002348782659266064 -0.0005
-0.001511726994844795 0.0003336576707741414 -0.0005
-0.001233586935823694 -0.0001844926308746284 -0.0005
-0.0009460393427112173 0.0002901394616895409 -0.0005
-0.000648077515109609 -0.0002413194118534873 -0.0005
-0.0003513238805517473 0.0002586498412292943 -0.0005
-6.36343124131163e-05 -0.0002681997454506917 -0.0005
0.0002641355421380919 0.0003299502431623564 -0.0005
0.0005474877893480883 -0.0002093957564878595 -0.0005
0.0008686414149775766 0.0002992477166112017 -0.0005
0.001147186797123929 -0.0001720120367155277 -0.0005
0.00144068976003002 0.0002893071848154872 -0.0005
0.001738166945149252 -0.0001795958027113618 -0.0005
0.002029019895126138 0.0002945385332547575 -0.0005
0.002332641614223732 -0.0001599471520530715 -0.0005
0.002622637565261805 0.0003327486489660538 -0.0005
0.002927472711387814 -0.0001472751350854068 -0.0005
0.003219784781347092 0.0003453888955304232 -0.0005
0.003522938432222569 -0.0001388093395428872 -0.0005
0.003815356272795189 0.0003531536541735515 -0.0005
0.004118260287282979 -0.0001330702856447639 -0.0005
0.004411019998825283 0.0003242572301589636 -0.0005
0.004713560552762471 -0.0001326827623752444 -0.0005
0.005006316666041845 0.0003237528316587635 -0.0005
0.005308808976202412 -0.000129663450484553 -0.0005
0.005601207592351514 0.000359804261322431 -0.0005
0.005904153715934711 -0.0001361857871654138 -0.0005
0.006196382871991241 0.0003689728617764379 -0.0005
0.006499197322716513 -0.0001148188538472168 -0.0005
0.006791553308927234 0.0003785003683515751 -0.0005
0.007094381858307662 -0.0001066241671934986 -0.0005
0.007386748472981769 0.0003857011521798417 -0.0005
0.007689770983983164 -0.0001175474223923095 -0.0005
0.007981981856570263 0.0003893278252414694 -0.0005
0.008284827309555992 -9.737929836037236e-05 -0.0005
0.008577166143397322 0.0003975407097136889 -0.0005
0.008880016205223634 -8.959716022525719e-05 -0.0005
0.009172364342446743 0.0004044536317715525 -0.0005
0.009475394118889133 -9.947489126390505e-05 -0.0005
0.009767596363199574 0.0004082065818980591 -0.0005
0.01007046076032179 -8.027065662040844e-05 -0.0005
0.01036278214219749 0.0004162798643163431 -0.0005
0.01066565156049653 -7.266650113072702e-05 -0.0005
0.01095798090735989 0.0004231398555910148 -0.0005
0.01126101727811612 -8.140478067029197e-05 -0.0005
0.01155321098979047 0.0004270738925035462 -0.0005
0.01185609414094968 -6.315552630773795e-05 -0.0005
0.01214839814930164 0.0004350181926725907 -0.0005
0.01245128681542302 -5.572648585510685e-05 -0.0005
0.01274359745693279 0.0004418275010661092 -0.0005
0.01304664038596304 -6.332987100324794e-05 -0.0005
0.01333882560526157 0.0004459422398970082 -0.0005
0.01364172742310132 -4.603119599731157e-05 -0.0005
0.01393401413813991 0.0004537582271596943 -0.0005
0.01423692196662438 -3.877677976857655e-05 -0.0005
0.0145292139861739 0.0004605170460315257 -0.0005
0.0148322634450288 -4.525040374166964e-05 -0.0005
0.01512444020921391 0.0004648116634713171 -0.0005
0.0154273606127492 -2.88982231086061e-05 -0.0005
0.01571963010964116 0.0004724998814399871 -0.0005
0.0160225570205404 -2.181798436200563e-05 -0.0005
0.01631483049631131 0.0004792083758491238 -0.0005
0.01661788645836083 -2.716666360067736e-05 -0.0005
0.01691005480236002 0.0004836820966675388 -0.0005
0.01721299371565971 -1.175714639643002e-05 -0.0005
0.01750524606488514 0.0004912430546278647 -0.0005
0.01780819198316796 -4.850659926716499e-06 -0.0005
0.01810057781267504 0.000485678556302511 -0.0005
0.01840351510453015 -9.609196154656043e-06 -0.0005
0.01869569275391696 0.0005003701672083689 -0.0005
0.0189986315778523 4.939273388091942e-06 -0.0005
0.01929100372825353 0.0004967465204971007 -0.0005
0.01959400366164791 -4.393794411201657e-06 -0.0005
0.01988615714217058 0.0005116131725828602 -0.0005
0.02018921988649046 8.34948806131548e-07 -0.0005
0.02048131425335537 0.000519109217161671 -0.0005
0.02078433859938851 7.329569414243454e-06 -0.0005
0.02107630627856354 0.000510392628379564 -0.0005
0.02137882323622028 1.220294951635962e-05 -0.0005
0.02167036470552903 0.0005133744406133124 -0.0005
0.0219721522824481 1.877451462329682e-05 -0.0005
0.02224444357076405 0.0005229300478761978 -0.0005
0.02255926595811373 2.416519551217837e-05 -0.0005
0.0227951114675401 0.0005117546211289224 -0.0005
-0.02088785522788928 0.0005549237002915458 -0.0005
-0.02294246248826963 3.920141655150267e-05 -0.0005
-0.01907249905074342 0.000532308374723379 -0.0005
-0.01727969272446142 0.0005496294786474218 -0.0005
-0.01549172175600868 0.0005614565060053529 -0.0005
-0.01370379334652868 0.0005731619676451208 -0.0005
0.0210874175817472 -0.0005038488040014988 -0.0005
-0.01191594898167542 0.0005853459948810751 -0.0005
0.02227411932284634 -0.0004855394163602602 -0.0005
0.02286056404168016 -0.00048024275594576 -0.0005
0.01924674241798361 -0.0005583340731608977 -0.0005
-0.01012769201547663 0.0005967772966397646 -0.0005
0.01753289529013022 -0.0005520589550654961 -0.0005
-0.008340122158996309 0.0006102195161736447 -0.0005
0.01574720091896155 -0.0005608871245693651 -0.0005
-0.00656727597812351 0.0007430879379466598 -0.0005
0.01396150639255826 -0.0005697068933105538 -0.0005
0.01217581170067124 -0.0005785177067398357 -0.0005
-0.002407511298454641 0.0007818625074132702 -0.0005
0.0103901168321884 -0.0005873189659906372 -0.0005
-0.0006539544666242936 0.0008087865622283232 -0.0005
0.001169903330111634 0.0008596799513773892 -0.0005
0.00859650529460607 -0.0006170461955402406 -0.0005
0.006806832767673408 -0.0006441668966130453 -0.0005
0.005202190413370577 0.0008036103181139851 -0.0005
0.007083692034826309 0.0008921216763899957 -0.0005
0.002640335262613729 -0.0006827156637718246 -0.0005
0.008869304246987795 0.0009112148623338438 -0.0005
0.0008506069159582765 -0.0007216722297114396 -0.0005
-0.02206910969113559 0.0005512738514833142 -0.0005
0.01065491662660537 0.0009302921068929154 -0.0005
0.005021201250887205 -0.0006608433561611562 -0.0005
0.01244052900591788 0.0009493693772834008 -0.0005
-0.0009785467665648301 -0.0007812895708013819 -0.0005
0.003830766661804715 -0.0006713001758499823 -0.0005
0.01422614560659067 0.0009680522484358623 -0.0005
0.01601175761544248 0.0009871641307405421 -0.0005
-0.005087057249375293 -0.0008670652204959974 -0.0005
0.01779246502692831 0.001003431040383672 -0.0005
-0.006869783239504841 -0.0009036803321357459 -0.0005
0.02189194849205391 0.001013808138155244 -0.0005
-0.002712042339831109 -0.0007874753782241203 -0.0005
-0.008668837662411447 -0.0008253630327887171 -0.0005
-0.003903038888773565 -0.0008027311523114393 -0.0005
-0.01044061911480832 -0.0008980598704331648 -0.0005
-0.01223225446654072 -0.0008984746080995402 -0.0005
-0.01401824008090024 -0.0009200803020371575 -0.0005
-0.01578923671118542 -0.0009430490960271328 -0.0005
-0.01757498716422143 -0.0009481624304795215 -0.0005
-0.004780447300051117 0.0006945363031569013 -0.0005
-0.00362997447617371 0.0007769334216231803 -0.0005
-0.01936551507883336 -0.0009468282053861212 -0.0005
-0.02056991398687833 -0.0009483974344189555 -0.0005
0.002896287760456044 0.0008589180211257671 -0.0005
0.004115650057899743 0.0008867763987712686 -0.0005
-0.02350429587745097 -0.0009659994395387915 -0.0005
0.02257353456198995 -0.0009823343783111034 -0.0005
0.02315832599060111 -0.0009724384562096957 -0.0005
0.02344570900455438 -0.0004740305717026062 -0.0005
0.02198511349435958 -0.0009885511937697004 -0.0005
-0.02203405820146125 -0.001467240186432335 -0.0005
0.01958450726628423 0.001063172580644894 -0.0005
0.02075457173148764 0.001017046255860427 -0.0005
0.02371817820197292 -0.0009470434242759883 -0.0005
0.02345735357320765 -0.001480193343504542 -0.0005
0.02228825757269595 -0.001504315972476914 -0.0005
0.02395401732049265 -0.0004849144875749893 -0.0005
0.023708629413031 -1.699131944921882e-05 -0.0005
0.02351672455042205 0.001981558167886719 -0.0005
0.02322056465845954 0.001490293116484551 -0.0005
0.02264518325288028 0.00150815488419892 -0.0005
0.02232779848114711 0.002005179590226629 -0.0005
0.02377429913098379 0.001438047514180097 -0.0005
0.02349205926365381 0.001031283160123281 -0.0005
-0.02351662583648331 0.001981233245899288 -0.0005
-0.02322016060586136 0.001474519603174689 -0.0005
-0.02263840814632934 0.001474953354747691 -0.0005
-0.02294494190700793 0.0009854263270629743 -0.0005
-0.02349861377297559 0.0009710969417850967 -0.0005
-0.02377139431660116 0.00143483007558556 -0.0005
0.02313519441293237 3.767155433737629e-06 -0.0005
-0.02376946725040298 -0.001452132632967499 -0.0005
0.02173082938036409 0.002006618072935392 -0.0005
0.0215201945070018 0.001513126195937915 -0.0005
-0.02322759038646826 -0.000462208869794904 -0.0005
-0.02357820096639641 4.106060357977137e-05 -0.0005
-0.02382809865241782 -0.0005059030428920666 -0.0005
-0.02232624534844002 0.001976720410718111 -0.0005
-0.0220515737509833 0.001481034370969484 -0.0005
-0.02145393536037354 0.001481571982055466 -0.0005
-0.02113794069954434 0.001976960789408887 -0.0005
-0.02085378244194213 0.001480620108639143 -0.0005
-0.02232612699627935 -0.001983687058414883 -0.0005
-0.02172684691911334 -0.001982529360747949 -0.0005
-0.02144091402270124 -0.001467589911410836 -0.0005
-0.02054246482020287 0.001978067957398095 -0.0005
-0.02024484708717798 0.001475107261977791 -0.0005
-0.01965596706069715 0.001467849399457455 -0.0005
-0.01997366548261149 0.001013066667445031 -0.0005
-0.0193455580478616 0.001976049171398708 -0.0005
-0.01905034360741878 0.001452839142381227 -0.0005
0.02020569407644062 0.001017108084516855 -0.0005
0.02047072920424418 0.001549959292894428 -0.0005
0.02049264617936793 -0.0005111210865998331 -0.0005
0.02079600717737437 -0.001022855187920362 -0.0005
0.02014367569318161 -0.00108264364784445 -0.0005
0.02052867853356036 -0.001454752866029404 -0.0005
0.02109951635925965 -0.001534772261696016 -0.0005
0.02139198061148086 -0.0009988729669644992 -0.0005
0.01041666666662758 -0.001984508688222403 -0.0005
0.01071428571424771 -0.001492671394154341 -0.0005
0.01130952380948684 -0.00147295971272974 -0.0005
0.01011904761900781 -0.001496613730439405 -0.0005
0.01101190476186678 -0.0009535260646676861 -0.0005
0.01169453669424051 -0.001005178013479085 -0.0005
0.01191932754424954 -0.001500156280114628 -0.0005
-0.01041666668550988 0.001984508689410087 -0.0005
-0.01072425051821274 0.001487813187402082 -0.0005
-0.0112993258519244 0.001478996671712053 -0.0005
-0.01011795530783655 0.001498288509666833 -0.0005
-0.0110091508018513 0.001035144536945569 -0.0005
-0.01160544306627929 0.001986171896801184 -0.0005
-0.01190204754174132 0.001487602058936822 -0.0005
-0.01220164520368864 0.001987883319783209 -0.0005
-0.01250946661019835 0.001489908896545987 -0.0005
-0.01308585351375858 0.001478828308481003 -0.0005
-0.01279694678231805 0.001029255103639764 -0.0005
-0.01339129248841324 0.001986143743554884 -0.0005
-0.01368910704441314 0.001481216688007768 -0.0005
-0.01398760608277913 0.001986814331025627 -0.0005
-0.0142955091036946 0.001487109359656925 -0.0005
-0.01487255358077764 0.00147782404133779 -0.0005
-0.0145849631861966 0.00102240949312463 -0.0005
-0.01517716941524155 0.001985976183261128 -0.0005
-0.01547563506509081 0.001476899159238167 -0.0005
-0.01577348244529002 0.001986066591227399 -0.0005
-0.01608142917699773 0.001484715089845705 -0.0005
-0.01665926066714058 0.001476870487075524 -0.0005
-0.01637298725062127 0.001015642932872549 -0.0005
-0.01696304236326473 0.00198581617238345 -0.0005
-0.01726179560040899 0.001474054802362083 -0.0005
-0.01755926856552022 0.001985549505873831 -0.0005
-0.01786720139451833 0.001482598930493212 -0.0005
-0.01844622914870479 0.001473149172997661 -0.0005
-0.01816095310738304 0.001008481167105764 -0.0005
-0.009821246556929055 0.001989387203380151 -0.0005
-0.009510879250577624 0.001482051710046109 -0.0005
-0.00893629108336047 0.001491557492210419 -0.0005
-0.009220639528137288 0.001042486514324087 -0.0005
-0.008632239036051478 0.00198826526854203 -0.0005
-0.008331170525977783 0.001501584209445243 -0.0005
-0.008035568296908003 0.001990562505130039 -0.0005
-0.007724171926718777 0.001483270435412149 -0.0005
-0.007150307289538208 0.001493341568359576 -0.0005
-0.007432812235164067 0.001049193652923931 -0.0005
-0.006846479802907127 0.001988562656725371 -0.0005
-0.00654777036121783 0.001395266519478724 -0.0005
0.01398809523806529 -0.001984508688222384 -0.0005
0.01428571428568545 -0.001489117840113296 -0.0005
0.01488095238092457 -0.001472367453722951 -0.0005
0.01369047619044627 -0.001492467917391454 -0.0005
0.01458333333330457 -0.0009535260646677093 -0.0005
0.01526596251013904 -0.0009957729487267261 -0.0005
0.01549075565643028 -0.001494952197844159 -0.0005
0.01577623705382875 -0.001988831158455778 -0.0005
0.01607426068978915 -0.001492395586226502 -0.0005
0.01666713868637431 -0.00147291374474166 -0.0005
0.01636904761902358 -0.000953526064667553 -0.0005
0.01705175392983986 -0.0009912085130487584 -0.0005
0.01727656146776812 -0.00149252449114074 -0.0005
0.008630952380908882 -0.001984508688222312 -0.0005
0.008928571428528867 -0.001494460884376626 -0.0005
0.008333333333289682 -0.001498701469031293 -0.0005
0.00952380952376815 -0.001477857353432859 -0.0005
0.009226190476148139 -0.0009535260646681722 -0.0005
0.009908823613781969 -0.001015244336320046 -0.0005
0.01874999999998292 -0.001984508688222475 -0.0005
0.01845238095236276 -0.001469017376445076 -0.0005
0.01901967501842403 -0.001485150869213396 -0.0005
0.01874999999998203 -0.0009535260646676652 -0.0005
0.01815476190474323 -0.000953526064668053 -0.0005
0.01933586919908723 -0.001992196691684477 -0.0005
0.01960879923157125 -0.001448691114476845 -0.0005
0.01756196659381762 -0.001988426540671796 -0.0005
0.01160714285710745 -0.001984508688223177 -0.0005
0.009821428571388053 -0.001990581410052869 -0.0005
0.008035714285669616 -0.001989456036986491 -0.0005
0.007738095238050432 -0.00147478928333619 -0.0005
0.007142857142811584 -0.001497221633421826 -0.0005
0.007440476190431362 -0.0009535260646671219 -0.0005
0.008121790994288849 -0.001023219128839605 -0.0005
0.006845238095191078 -0.001989209397717274 -0.0005
0.00654761904757225 -0.001501743810017277 -0.0005
0.006249999999951525 -0.001990746545399043 -0.0005
0.005952380952332264 -0.001475511424900697 -0.0005
0.005357142857093354 -0.001499150700707431 -0.0005
0.005654761904712889 -0.000953526064664351 -0.0005
0.006335414775678637 -0.001031550150302424 -0.0005
0.005059523809472216 -0.001989530908930801 -0.0005
0.004761904761853417 -0.001503927616794546 -0.0005
0.004166666666613671 -0.001505098426440695 -0.0005
0.004457988253030044 -0.0009761750592934948 -0.0005
0.003869047618992573 -0.001990522196553233 -0.0005
0.003571428571373818 -0.001506295812772405 -0.0005
0.002976190476135246 -0.001506709803006445 -0.0005
0.003267516054167337 -0.0009785638879292137 -0.0005
0.002678571428515154 -0.001990790759313059 -0.0005
0.002380952380896142 -0.00150782581322705 -0.0005
0.002083333333276901 -0.00199202377286509 -0.0005
0.001785714285658322 -0.001476737963349005 -0.0005
0.001190126263263643 -0.001473734578281122 -0.0005
0.001484766357735555 -0.0009580296068839293 -0.0005
0.0005512950370615821 -0.001308743489992492 -0.0005
0.00216821586009192 -0.001047371084998273 -0.0005
0.0008928571428032089 -0.001984508688200574 -0.0005
0.0002934490143425109 -0.001881310608445489 -0.0005
-4.710689267613586e-05 -0.001393143913949508 -0.0005
-0.0006359830642760898 -0.001415748345856858 -0.0005
0.0002438943951734792 -0.0007991130051889778 -0.0005
-0.0008928571428029105 0.001984508688223338 -0.0005
-0.001190476190413156 0.001503889572151744 -0.0005
-0.001769737112732801 0.001484053834150174 -0.0005
-0.0005893848617959792 0.001417793094964704 -0.0005
-0.001483527838516673 0.0009585453613018541 -0.0005
-0.002080670471050257 0.0019870147645017 -0.0005
-0.002378304039080576 0.001421643606417492 -0.0005
-0.002677686227805467 0.001977030739256345 -0.0005
-0.002996265418558276 0.001509382653770428 -0.0005
-0.003595439049454778 0.001524264042719129 -0.0005
-0.003873049365320623 0.001993716465904624 -0.0005
-0.004184762474933957 0.001510640289068911 -0.0005
-0.004768715411170929 0.001500316045342573 -0.0005
-0.005060658917330117 0.001989725132963225 -0.0005
-0.005358467149305922 0.001505994160155974 -0.0005
-0.005938307926262482 0.001471155417965955 -0.0005
-0.005654761904273398 0.0009535260685518308 -0.0005
-0.0002966435086775267 0.001975971307971976 -0.0005
-1.010004796811459e-14 0.001469017376446319 -0.0005
0.0006485105592249142 0.001350670667265973 -0.0005
0.0002248818011301582 0.000917055742314593 -0.0005
0.0009017358868840935 0.001964784236636987 -0.0005
0.001278060275781173 0.001474512582667646 -0.0005
0.00177526807767516 0.001151453289242083 -0.0005
0.001504172376380594 0.002004897255190995 -0.0005
0.01220480855893426 -0.0019896985055007 -0.0005
0.01250283220765232 -0.001496945352756823 -0.0005
0.01339285714282619 -0.001988417111713452 -0.0005
0.01518140354692988 -0.001990109916374212 -0.0005
-0.01815477682610462 -0.001984510838555134 -0.0005
-0.01845563673998519 -0.001470935521188097 -0.0005
-0.01905188021555128 -0.001468442793698326 -0.0005
-0.01786353064538885 -0.001470321225077934 -0.0005
-0.01876436394499511 -0.0009509576196649097 -0.0005
-0.01934635848483266 -0.001984651566084124 -0.0005
-0.01756059345487487 -0.001984723727806577 -0.0005
-0.01726572963800459 -0.00146838455559978 -0.0005
-0.01667045534387511 -0.001470734825107688 -0.0005
-0.01698372240028731 -0.0009449104145490963 -0.0005
-0.01636969460403536 -0.001984789387896906 -0.0005
-0.01607788440504291 -0.001469416844414792 -0.0005
-0.01577499322920325 -0.001984619562307254 -0.0005
-0.01548003282087474 -0.001467357592138583 -0.0005
-0.01488454657463275 -0.001470452555068614 -0.0005
-0.01519669164012356 -0.0009411141772242253 -0.0005
0.01817449979019092 0.002007191482730491 -0.0005
0.0185256382888839 0.001476817429526396 -0.0005
0.01913947342575786 0.001500078162984481 -0.0005
0.01785999277215645 -0.001490165516218646 -0.0005
0.01696721429925215 -0.001989728910796096 -0.0005
0.01005974265748337 0.0009211154359727285 -0.0005
0.01035180246221522 0.001442104957097933 -0.0005
0.01094700646516522 0.001448475584532971 -0.0005
0.01125016856726146 0.0009321839424464516 -0.0005
0.01184538133386645 0.0009377357867950682 -0.0005
0.01213741447106703 0.001461216839402871 -0.0005
0.01273261847401706 0.00146758746683762 -0.0005
0.01303580021788778 0.0009494607052388239 -0.0005
0.01363101686822611 0.0009546496946310682 -0.0005
0.01386037245436678 0.001477625858187054 -0.0005
0.014432218008544 0.001487619975398696 -0.0005
0.01480709720538348 0.0009668209030932118 -0.0005
0.01541426257295647 0.0009716446941121885 -0.0005
0.01564564000255156 0.001491363190174903 -0.0005
0.01621782519335118 0.001501185694854617 -0.0005
0.01659272808493859 0.0009831702281823218 -0.0005
0.01719907987625965 0.0009879924319249657 -0.0005
0.01743505113651986 0.001510013136607398 -0.0005
0.009464541139021315 0.0009145126818131168 -0.0005
0.009161394456314189 0.001429363702227947 -0.0005
0.008566190453364217 0.001422993074793038 -0.0005
0.008274111210697783 0.0009038195795493019 -0.0005
0.007678906502045146 0.0008975146186408664 -0.0005
0.007375782447462995 0.001410251819922374 -0.0005
0.006780578444513419 0.001403881192487022 -0.0005
0.006516895722426048 0.0008704480042659527 -0.0005
-0.02053567188823039 -0.001986164132508441 -0.0005
-0.02023809523810568 -0.001469017376448975 -0.0005
0.01309571012982116 -0.001478231866569897 -0.0005
0.01279761904758842 -0.0009535260646675182 -0.0005
-0.006845238093718235 -0.001984508689849218 -0.0005
-0.006553086374120599 -0.001452166947919883 -0.0005
-0.0059570576931584 -0.001457113550683482 -0.0005
-0.007167062172766565 -0.001454633286125993 -0.0005
-0.007488376055380359 -0.000914615015001641 -0.0005
-0.006270117062089017 -0.0009014555851560364 -0.0005
-0.008078319125848291 -0.0008339066908074421 -0.0005
-0.008369888491955583 -0.00134775319030962 -0.0005
-0.008965414468864081 -0.001341914979845827 -0.0005
-0.008654084105099654 -0.001899151873514191 -0.0005
-0.0074553844120903 -0.001977145382245611 -0.0005
-0.005655541363794282 -0.001982524715811995 -0.0005
-0.005365030178604254 -0.001451739987930419 -0.0005
-0.005059523813196951 -0.001984508679835924 -0.0005
-0.004774555871489517 -0.001445336651230936 -0.0005
-0.00417507510693067 -0.001423378514825842 -0.0005
-0.004495834018625273 -0.0008713179390209188 -0.0005
-0.00358133763839892 -0.001368123965098065 -0.0005
0.005662829172174798 0.001966836789397582 -0.0005
0.005924615030392936 0.00149022544865707 -0.0005
0.005307804167360377 0.001404423681050933 -0.0005
0.0134803283296437 -0.001005312754905256 -0.0005
-0.01101343730399366 -0.001983623920089023 -0.0005
-0.01131375188956677 -0.001469394132179292 -0.0005
-0.01192523550691856 -0.00144500425117822 -0.0005
-0.01072167810103267 -0.001461097170920229 -0.0005
-0.01163013684928936 -0.0009202709608675134 -0.0005
-0.01253445203711325 -0.001426963047738634 -0.0005
-0.01283531166703004 -0.0009067833162775513 -0.0005
-0.01312343302589146 -0.001439327699307613 -0.0005
-0.01222921230067778 -0.001959619380238677 -0.0005
-0.01041834617038198 -0.001983152044859272 -0.0005
-0.01012605556571071 -0.001456988335947051 -0.0005
-0.009835382136795962 -0.000910361232613977 -0.0005
-0.01399198548649117 -0.001983250655110636 -0.0005
-0.01458458149607108 -0.001984537895653063 -0.0005
-0.01429718424840252 -0.001466362561882989 -0.0005
-0.002674400092937502 -0.001948671740291995 -0.0005
-0.002381395068038695 -0.001453319559139217 -0.0005
-0.001790300373939189 -0.001464040187661046 -0.0005
-0.002022916746931122 -0.0008144983620713884 -0.0005
-0.002979758556912553 -0.001355764680449192 -0.0005
-0.001493166008070868 -0.001984474022661358 -0.0005
0.002678571428633526 0.001987760132200681 -0.0005
0.002357652459398331 0.001417329301314997 -0.0005
0.002976190476249055 0.001469017376450031 -0.0005
0.003592471075117039 0.001462770497528864 -0.0005
0.002234940349616503 0.0007850597801257031 -0.0005
0.003869047619102806 0.001984508688224521 -0.0005
0.004242270561762832 0.001507892714715959 -0.0005
0.004650264142159179 0.001114706912158912 -0.0005
0.003492374243243486 0.0008814200292040964 -0.0005
0.01936885769724144 0.001995993878921284 -0.0005
0.01988375317359773 -0.0005175568932888273 -0.0005
0.005059523809576461 0.001984508688225559 -0.0005
-0.003031686612450334 0.0007491842940780947 -0.0005
-0.004225178475240344 0.0007705627901178782 -0.0005
-0.003871111837216154 -0.001950906490619069 -0.0005
-0.006247886665472436 0.00197324888023924 -0.0005
-0.01874900363146277 0.00198392812032754 -0.0005
0.005887792557703057 0.0008946351910569871 -0.0005
-0.01342569415872614 -0.0009169247933261616 -0.0005
-0.00150811607137662 -0.001009384100642525 -0.0005
-0.02147725520680122 0.0005530456275121876 -0.0005
-0.01965363115998783 -0.00146536966440493 -0.0005
0.02168173104715209 -0.0004926816216653984 -0.0005
0.02452859503863605 0.0005660660687532251 -0.0005
-0.02443212408967916 -0.0005436064317476608 -0.0005
-0.02452714734412568 0.0005593373566304122 -0.0005
-0.02175196153194802 -0.0009536756275988148 -0.0005
-0.01997249977705287 -0.0009431645597569095 -0.0005
-0.005676477019188164 -0.000885152208044619 -0.0005
0.00686755033955677 0.001979324358030611 -0.0005
-0.003303035519889031 -0.0008033845445109199 -0.0005
-0.02407927533264422 0.0003096760861984692 -0.0005
0.007461659434500036 0.001985814903123693 -0.0005
-0.009237097418503393 -0.001961390853216145 -0.0005
-0.02084016058143282 -0.001472950601036855 -0.0005
-0.009256171143991456 -0.0008558858756532351 -0.0005
-0.009537558500175784 -0.001446340193740781 -0.0005
0.007952277820854069 0.001411749037574475 -0.0005
-0.007766720503760011 -0.001416735058386892 -0.0005
-0.02116230320348843 -0.0009442638551348548 -0.0005
-0.01371008883888939 -0.001449309214719787 -0.0005
0.008651155774878502 0.001993596357006657 -0.0005
-0.01103318938725196 -0.0009157237322800237 -0.0005
-0.0003549090259777169 -0.0008164689988501508 -0.0005
0.009255713172138302 0.001991676620029042 -0.0005
-0.0009061614625743929 -0.001970433276189535 -0.0005
-0.01460429864166016 -0.0009415414654360636 -0.0005
-0.0163896354260173 -0.0009397842258551476 -0.0005
-0.01817387737790889 -0.0009473634111766418 -0.0005
0.009738343529169798 0.001421700376315274 -0.0005
0.02401316572140978 0.0009087015421016346 -0.0005
-0.02404783314995053 0.0009065750740509818 -0.0005
0.01043686118608593 0.002003287382428537 -0.0005
-0.012814388581984 -0.001965969900656514 -0.0005
-0.00121631472182295 -0.001454138853850207 -0.0005
0.01104613545982298 0.002000601292015051 -0.0005
0.01148514418063134 0.001461100428042219 -0.0005
0.02458181661592704 0.00164964192750148 -0.0005
-0.02457737141836028 -0.001650163274096839 -0.0005
0.0245402081167406 -0.001666666666668249 -0.0005
-0.02458184374269433 0.001649628874081144 -0.0005
0.02404625194541417 -0.001399840632286534 -0.0005
0.0244760677684409 -0.0005184164101461899 -0.0005
0.01224854481037874 0.002005273783126613 -0.0005
0.01286778971719553 0.00199486217252552 -0.0005
0.02353091639980792 -0.002030185040810323 -0.0005
0.01326634251675486 0.001473110225998779 -0.0005
-0.02321740380916029 0.0005159902862183805 -0.0005
0.01402159865756159 0.002014987727515911 -0.0005
0.01466510852403003 0.001990717523751523 -0.0005
0.02287882767303118 -0.001384758167745074 -0.0005
0.01503674705258963 0.001485122124034878 -0.0005
-0.02028933825975097 0.0005546673032609555 -0.0005
-0.01872128862081265 0.0009854665979862236 -0.0005
0.01582064651451134 0.002016773577451244 -0.0005
-0.02265447767538348 0.0005160191464560082 -0.0005
0.02231479437167638 -0.00209466666978449 -0.0005
0.01645302606934933 0.001996082891438258 -0.0005
-0.01698620142303216 0.001011203737099003 -0.0005
0.01682326084161584 0.001498184462326651 -0.0005
-0.02404223656599868 -0.000980792697220256 -0.0005
0.02344513243326699 0.0004911342472505891 -0.0005
-0.02236763020358428 0.0009991145478139695 -0.0005
0.01762433723411869 0.002010876404580581 -0.0005
-0.01519950807108117 0.001018042409195178 -0.0005
0.02169821170279546 -0.00140220421662591 -0.0005
0.01839335857214769 0.0009393096963587923 -0.0005
-0.01341270246834298 0.001025129255472626 -0.0005
0.01895265636455215 0.0009806891740271194 -0.0005
0.02112466517660545 -0.002117165782673126 -0.0005
0.01962801253493886 0.001588622697025308 -0.0005
0.02054356780513478 -0.001955448485123323 -0.0005
-0.01162586433275459 0.00103233939103865 -0.0005
-0.02177482911391882 0.001008398836887083 -0.0005
0.02057150274356428 0.0020373511474475 -0.0005
0.02296902212687349 0.001026771853723199 -0.0005
0.0196121088872972 -0.0009315105500096045 -0.0005
-0.00983899790908613 0.001040860816531693 -0.0005
0.02131080760795834 0.001017690288803582 -0.0005
-0.02116736228319082 0.00101775564927777 -0.0005
0.02209363270626045 0.001505976959165192 -0.0005
0.01861069124942345 -0.0004851789896148939 -0.0005
-0.008052187471614354 0.001048070272386669 -0.0005
0.018102011106399 -0.0004010447730859631 -0.0005
-0.006143408974010041 0.001028108916994588 -0.0005
0.01757519307292758 -0.001095896708028338 -0.0005
-0.02056577262122506 0.001019437788996083 -0.0005
0.01685155813556804 -0.0004975532008337809 -0.0005
-0.01846045243446879 0.0005418336003065919 -0.0005
-0.01934873162464817 0.0009984245590296708 -0.0005
-0.01788363584766488 0.0005497751448679541 -0.0005
0.01632165003049088 -0.0004121902076066764 -0.0005
0.02407660052629576 0.0003446960587076449 -0.0005
0.01578944547886872 -0.001099506784406861 -0.0005
-0.00197626543497164 0.001048898538683239 -0.0005
0.01506586124746427 -0.0005070798542323734 -0.0005
-0.01757324668291147 0.001012623876762573 -0.0005
-0.01967606855976393 0.0005442942526755137 -0.0005
-0.01610496225989679 0.0005567458206646672 -0.0005
-0.01669284709315004 0.0005529539333873217 -0.0005
-0.0002149963870881857 0.001043966175699852 -0.0005
0.01453597727699605 -0.0004228679991441766 -0.0005
0.001799697304529168 0.001610441956098998 -0.0005
0.01400027170632765 -0.001102026294077654 -0.0005
-0.01431783843444497 0.000567882792661707 -0.0005
0.02243989026939538 0.001014899417374612 -0.0005
0.01328019043896569 -0.0005174248942119605 -0.0005
-0.01578770726328274 0.001018916986303603 -0.0005
0.004744829679039691 0.001603352929073467 -0.0005
-0.01490561661607575 0.000564026504793816 -0.0005
0.01275030967772228 -0.0004337050044955338 -0.0005
-0.01253163044244447 0.0005803087832558188 -0.0005
0.01221802543888041 -0.001106864683551578 -0.0005
-0.01311927857578368 0.0005760783086117362 -0.0005
-0.01400065226393683 0.001026151592761463 -0.0005
0.01149449325258532 -0.0005261459438871857 -0.0005
0.01797557016964587 0.001537391417193261 -0.0005
-0.01074399692318483 0.0005909367866694576 -0.0005
0.02096316777328025 0.001524058450920957 -0.0005
0.01096463673705063 -0.0004442124512693055 -0.0005
0.01042883570821853 -0.001109074898314423 -0.0005
-0.01133162521299328 0.0005870122813588021 -0.0005
-0.008957319580562938 0.0006047068395825081 -0.0005
-0.01221365078185536 0.001034126704716353 -0.0005
0.009708809014246735 -0.0005365548329387138 -0.0005
0.009177383021822742 -0.0004592398289272578 -0.0005
-0.007173469690401313 0.0006362318215046764 -0.0005
0.008641278305372322 -0.001117390748491187 -0.0005
-0.009544578601176978 0.0006000623536752302 -0.0005
-0.01042700724594136 0.001041636855642566 -0.0005
0.007921585303897043 -0.0005500931151026399 -0.0005
-0.0052509464370316 0.0006632330674826493 -0.0005
0.007390609420858527 -0.0004743915331937231 -0.0005
0.006854639984833448 -0.001125641711004339 -0.0005
-0.007758603847394803 0.0006159586890736509 -0.0005
-0.02368517634597529 0.0005571762073083914 -0.0005
-0.008639621724774855 0.001049770807353762 -0.0005
-0.02408949342388922 -0.0001356137914254396 -0.0005
0.006135128947330769 -0.0005633961568370723 -0.0005
0.005604810959013598 -0.0004887229630625092 -0.0005
-0.02460658793276384 -0.002105601064605971 -0.0005
0.02460704159279315 0.002105547190699498 -0.0005
0.02460950060311607 -0.00212006070915836 -0.0005
-0.02460704426213371 0.002105538106993008 -0.0005
-0.001097621157100524 0.0007107776589485871 -0.0005
-0.006051043081048988 0.0006238930685380537 -0.0005
0.005059523809476596 -0.001127831961804854 -0.0005
-0.006939813717706293 0.00107409926683405 -0.0005
0.0006625865914132324 0.0007430509840966906 -0.0005
0.004419927595221521 -0.0005056206801349903 -0.0005
0.001729209263517091 0.000662891608757457 -0.0005
0.02415880160747711 -0.0008779015271802846 -0.0005
0.003869047618996957 -0.001135102124312388 -0.0005
0.003229441683032007 -0.0005110831944679418 -0.0005
-0.005057437915401261 0.001088753275545869 -0.0005
-0.004508416262553727 0.00110267663508607 -0.0005
0.002686642006780875 -0.001144637250586561 -0.0005
0.004704909380586006 0.0006766640586853706 -0.0005
-0.003924562951294897 0.001109750528927961 -0.0005
0.001967973039783015 -0.0005911464551731773 -0.0005
0.01920304447077127 -0.00105947990503381 -0.0005
-0.003329951759662447 0.001110870556562273 -0.0005
0.006318004219879075 0.001304576054184201 -0.0005
0.02012484091583493 -0.001584275695453963 -0.0005
0.001443712198883901 -0.0005192194206206046 -0.0005
-0.001873136988507697 0.0006361350169915523 -0.0005
0.02421902360184353 0.001400812778431899 -0.0005
-0.002740561834315801 0.001103528902983753 -0.0005
-0.02421901870630323 -0.001400812966420711 -0.0005
-0.02421907613809817 0.001400810761042725 -0.0005
-0.0001206151724682006 0.0006532521099607231 -0.0005
0.02002735557543906 0.001438267200049872 -0.0005
-0.001002992902890125 0.001079958449919042 -0.0005
-0.001526232505915945 -0.0005591762173252166 -0.0005
0.02415209168020139 -0.000125977428897725 -0.0005
0.02378934729416098 -0.001720703511647648 -0.0005
0.0009566961621116389 -0.001129478993662819 -0.0005
-0.006250000000048554 -0.0025 2.168404344971009e-19
-0.005654761904812657 -0.0025 2.49366499671666e-18
-0.006845238095284461 -0.0025 0
-0.007440476190520736 -0.0025 1.517883041479706e-18
-0.00505952380957642 -0.0025 -2.287666583944414e-17
-0.01875000000001303 -0.0025 0
-0.002678571428630878 -0.0025 0
-0.02232142857143484 -0.0025 0
-0.02351190476190764 -0.0025 -7.589415207398531e-19
-0.01517857142859394 -0.0025 1.301042606982605e-18
-0.01398809523812114 -0.0025 1.301042606982605e-18
-0.009821428571466329 -0.0025 -2.168404344971009e-19
-0.01279761904764833 -0.0025 -2.168404344971009e-19
-0.008630952380993519 -0.0025 -2.38524477946811e-18
-0.02291666666667124 -0.0025 5.421010862427522e-19
-0.0217261904761984 -0.0025 3.252606517456513e-19
-0.01636904761906675 -0.0025 1.951563910473908e-18
-0.01458333333335754 -0.0025 1.301042606982605e-18
-0.01220238095241192 -0.0025 -1.084202172485504e-19
-0.01041666666670272 -0.0025 -1.084202172485504e-19
-0.008035714285757126 -0.0025 -3.252606517456513e-19
-0.003869047619103654 -0.0025 0
-0.003273809523867268 -0.0025 0
-0.002083333333394461 -0.0025 0
-0.001488095238158054 -0.0025 0
-0.01160714285717553 -0.0025 0
-0.01101190476193913 -0.0025 -1.084202172485504e-19
-0.004464285714340054 -0.0025 0
-0.0008928571429214806 -0.0025 3.252606517456513e-19
-0.01577380952383035 -0.0025 1.084202172485504e-18
-0.01339285714288474 -0.0025 1.084202172485504e-19
-0.01696428571430315 -0.0025 2.49366499671666e-18
-0.01755952380953959 -0.0025 3.252606517456513e-19
-0.009226190476229929 -0.0025 -1.301042606982605e-18
-0.0181547619047763 -0.0025 2.168404344971009e-19
-0.0241071428571442 -0.0025 1.084202172485504e-19
-0.02113095238096154 -0.0025 0
-0.0002976190476848793 -0.0025 8.673617379884035e-19
-0.01934523809525013 -0.0025 6.505213034913027e-19
-0.01994047619048723 -0.0025 1.301042606982605e-18
-0.02053571428572466 -0.0025 -2.168404344971009e-19
0.0002976190475531063 -0.0025 8.673617379884035e-19
0.02113095238094188 -0.0025 0
0.009821428571388083 -0.0025 0
0.01517857142854503 -0.0025 0
0.01160714285710733 -0.0025 0
0.01339285714282575 -0.0025 0
0.02291666666666117 -0.0025 0
0.02053571428570241 -0.0025 -2.168404344971009e-19
0.01577380952378424 -0.0025 0
0.009226190476148761 -0.0025 2.168404344971009e-18
0.0217261904761814 -0.0025 0
0.0122023809523468 -0.0025 0
0.01279761904758629 -0.0025 2.168404344971009e-18
0.0008928571427924969 -0.0025 1.517883041479706e-18
0.01458333333330557 -0.0025 1.517883041479706e-18
0.0104166666666273 -0.0025 0
0.01398809523806515 -0.0025 0
0.01101190476186788 -0.0025 1.517883041479706e-18
0.02232142857142169 -0.0025 7.589415207398531e-19
0.0235119047619004 -0.0025 -1.084202172485504e-19
0.01994047619046232 -0.0025 0
0.01636904761902466 -0.0025 -1.626303258728257e-18
0.008630952380908476 -0.0025 0
0.01934523809522291 -0.0025 0
0.01696428571426427 -0.0025 0
0.01874999999998338 -0.0025 0
0.008035714285668724 -0.0025 0
0.02410714285714064 -0.0025 0
0.01755952380950358 -0.0025 0
0.00744047619042959 -0.0025 -2.168404344971009e-19
0.01815476190474337 -0.0025 0
0.0068452380951897 -0.0025 1.626303258728257e-18
0.005059523809470518 -0.0025 0
0.002678571428511557 -0.0025 2.927345865710862e-18
0.006249999999949817 -0.0025 2.710505431213761e-18
0.005654761904710176 -0.0025 0
0.001488095238032245 -0.0025 8.673617379884035e-19
0.002083333333271858 -0.0025 1.734723475976807e-18
0.003869047618991057 -0.0025 9.75781955236954e-19
0.004464285714230631 -0.0025 2.168404344971009e-18
0.003273809523751357 -0.0025 1.301042606982605e-18
0.02455357143305056 -0.0025 7.284580232085449e-05
-0.02455357142857221 -0.0025 7.284580514286035e-05
0.02473004877564512 -0.0025 -0.0002500000000006407
0.025 -0.000555555554852959 -1.357397593749121e-05
0.025 -0.00166666666666825 1.887477897055407e-05
0.025 0.0005555555555510007 3.790067767838585e-06
0.025 0.001666666666664624 -1.887477636001311e-05
0.025 0.001114545110289695 -6.495008949315055e-06
0.025 -3.308376929902698e-06 -4.660257115278259e-06
0.025 -0.001109132219270056 -1.311632029799063e-05
0.025 -0.002081010921333611 -9.309855626934727e-05
0.025 0.002081010921612147 9.309855827998497e-05
0.025 0.002224612787771464 -0.0002500000000006408
0.025 -0.002224612787895453 0.0002499999999993591
0.006250000000048578 0.0025 7.155734338404329e-18
0.005654761904812698 0.0025 1.019150042136374e-17
0.006845238095284471 0.0025 0
0.007440476190520736 0.0025 -2.168404344971009e-19
0.005059523809576475 0.0025 -2.038300084272748e-17
0.01875000000001303 0.0025 0
0.002678571428630837 0.0025 0
0.01517857142859395 0.0025 2.49366499671666e-18
0.01398809523812114 0.0025 1.301042606982605e-18
0.009821428571466326 0.0025 -4.011548038196366e-18
0.01279761904764833 0.0025 0
0.008630952380993533 0.0025 -1.019150042136374e-17
0.02291666666667124 0.0025 5.421010862427522e-19
0.02232142857143484 0.0025 3.252606517456513e-19
0.0217261904761984 0.0025 3.252606517456513e-19
0.01636904761906675 0.0025 3.361026734705064e-18
0.01458333333335754 0.0025 1.843143693225358e-18
0.01220238095241193 0.0025 -1.084202172485504e-19
0.01041666666670271 0.0025 -4.336808689942018e-19
0.008035714285757133 0.0025 -5.204170427930421e-18
0.003869047619103661 0.0025 -2.168404344971009e-19
0.003273809523867265 0.0025 0
0.002083333333394451 0.0025 0
0.001488095238158054 0.0025 2.168404344971009e-19
0.01160714285717553 0.0025 0
0.01577380952383035 0.0025 2.818925648462312e-18
0.01101190476193913 0.0025 -2.168404344971009e-19
0.004464285714340068 0.0025 -9.86623976961809e-18
0.0008928571429214806 0.0025 4.336808689942018e-19
0.01339285714288474 0.0025 4.336808689942018e-19
0.009226190476229933 0.0025 -6.938893903907228e-18
0.02351190476190764 0.0025 -5.421010862427522e-19
0.01696428571430315 0.0025 2.602085213965211e-18
0.01755952380953959 0.0025 3.252606517456513e-19
0.0181547619047763 0.0025 2.168404344971009e-19
0.0241071428571442 0.0025 0
0.02113095238096154 0.0025 0
0.0002976190476848793 0.0025 8.673617379884035e-19
0.01934523809525013 0.0025 6.505213034913027e-19
0.01994047619048723 0.0025 1.301042606982605e-18
0.02053571428572466 0.0025 -2.168404344971009e-19
-0.0002976190475531063 0.0025 8.673617379884035e-19
-0.02113095238094188 0.0025 0
-0.009821428571388083 0.0025 0
-0.01517857142854502 0.0025 0
-0.01160714285710734 0.0025 0
-0.01339285714282575 0.0025 0
-0.02291666666666117 0.0025 0
-0.02053571428570241 0.0025 0
-0.01577380952378424 0.0025 -1.084202172485504e-19
-0.009226190476148761 0.0025 0
-0.0217261904761814 0.0025 0
-0.0122023809523468 0.0025 3.252606517456513e-18
-0.01279761904758629 0.0025 0
-0.0008928571427924969 0.0025 1.517883041479706e-18
-0.01458333333330557 0.0025 0
-0.0104166666666273 0.0025 2.602085213965211e-18
-0.01398809523806515 0.0025 2.927345865710862e-18
-0.01101190476186788 0.0025 3.252606517456513e-19
-0.0223214285714217 0.0025 0
-0.02351190476190042 0.0025 0
-0.01994047619046232 0.0025 7.589415207398531e-19
-0.01636904761902466 0.0025 0
-0.008630952380908469 0.0025 2.927345865710862e-18
-0.0193452380952229 0.0025 4.336808689942018e-19
-0.01696428571426425 0.0025 0
-0.01874999999998351 0.0025 0
-0.008035714285669023 0.0025 1.409462824231156e-18
-0.02410714285714063 0.0025 0
-0.0175595238095035 0.0025 -3.252606517456513e-19
-0.00744047619042959 0.0025 0
-0.01815476190474337 0.0025 1.734723475976807e-18
-0.006845238095189693 0.0025 0
-0.005059523809470518 0.0025 0
-0.002678571428511557 0.0025 2.927345865710862e-18
-0.006249999999949817 0.0025 -5.421010862427522e-19
-0.005654761904710176 0.0025 0
-0.001488095238032245 0.0025 8.673617379884035e-19
-0.002083333333271858 0.0025 1.734723475976807e-18
-0.003869047618991057 0.0025 9.75781955236954e-19
-0.004464285714230631 0.0025 2.168404344971009e-18
-0.003273809523751357 0.0025 1.301042606982605e-18
-0.02455357143305056 0.0025 7.284580232084505e-05
0.02455357142857221 0.0025 7.28458076013689e-05
-0.02473004877434792 0.0025 -0.0002500000000006407
-0.025 0.000555555554852959 -1.357397593749121e-05
-0.025 0.00166666666666825 1.887477897055407e-05
-0.025 -0.0005555555555510007 3.790067767838585e-06
-0.025 -0.001666666666664624 -1.887477636001311e-05
-0.025 -0.001114545110289695 -6.495008949315055e-06
-0.025 3.308376929902698e-06 -4.660257115278259e-06
-0.025 0.001109132219270056 -1.311632029799063e-05
-0.025 0.002081010921333611 -9.309855626934727e-05
-0.025 -0.002081010921612147 9.309855827998497e-05
-0.025 -0.002224612787771464 -0.0002500000000006408
-0.025 0.002224612787895453 0.0002499999999993591
0.02454514337274665 4.573901397410711e-05 0.0005
-0.02452976807830847 2.070382773428893e-05 0.0005
0.02115120084542533 0.00200917752458192 0.0005
-0.02113035398428159 -0.0019825452062844 0.0005
-0.01517857596284838 -0.001984503746713397 0.0005
0.01525615600207226 0.002002566457678666 0.0005
-0.01696430087383218 -0.001984502495161658 0.0005
0.01704185468927642 0.002010662390952348 0.0005
-0.01874998003675928 -0.001984508055082451 0.0005
0.01875000000001308 0.001984508688224766 0.0005
-0.01340399603292483 -0.001969909276654153 0.0005
0.01347045736883604 0.001994475458572532 0.0005
-0.0116163377285864 -0.00197920003145903 0.0005
0.01168475878660491 0.001986389123060811 0.0005
-0.006250000000957879 -0.001984508689217435 0.0005
0.006298403604220995 0.001878477295257407 0.0005
-0.009822580664775645 -0.001985173834707667 0.0005
0.009821428571466326 0.001984508688225015 0.0005
0.008035714285757119 0.001984508688225016 0.0005
-0.008041292764518974 -0.00197235678583105 0.0005
-0.004464285713315832 -0.001984508687389473 0.0005
0.004464285714339611 0.002005232649215973 0.0005
0.002083333333410582 0.002004017352079268 0.0005
-0.002083333333425319 -0.00198450868822752 0.0005
-0.0003057906954331552 -0.001968238434768794 0.0005
0.01991220684282921 -0.002014503216225716 0.0005
-0.01994160586574908 0.001976916358091212 0.0005
0.003273809523751934 -0.001984508688221234 0.0005
-0.003273809523596221 0.00198450868817848 0.0005
0.0002976190476499207 0.001984508688197495 0.0005
0.001488095238040525 -0.001984508688214335 0.0005
-0.001488095238014572 0.001984508688219353 0.0005
0.005654761904711999 -0.001984508688219514 0.0005
-0.005654761902547688 0.001984508687265394 0.0005
0.007440476190430435 -0.001984508688221526 0.0005
-0.007440476215526387 0.001984508590879844 0.0005
0.009226190476148768 -0.001984508688222552 0.0005
-0.009226190541108077 0.001984508640680966 0.0005
0.01101190476186792 -0.001984508688222363 0.0005
-0.01101190472879382 0.001984508681974088 0.0005
0.01279761904758681 -0.001984508688222137 0.0005
-0.01279761881040629 0.001984508591317297 0.0005
0.01458333333330561 -0.00198450868822239 0.0005
-0.01458333243603134 0.001984508296100223 0.0005
0.01636904761902432 -0.001984508688222383 0.0005
-0.01636904388117382 0.001984507097140611 0.0005
0.01815476190474332 -0.001984508688222427 0.0005
-0.01815458757690538 0.00198441015933569 0.0005
0.02172619047618127 -0.00198450868822242 0.0005
-0.02173110310953496 0.001977591943146687 0.0005
-0.02292064251046303 -0.001986853883109224 0.0005
0.02292114669831671 0.001985060593966154 0.0005
0.02291666666666125 -0.001984508688223117 0.0005
-0.02292060890336573 0.001984884628581694 0.0005
-0.0199408202022022 -0.001984707303824386 0.0005
0.01999033942430909 0.001942120874619124 0.0005
0.00446428571423181 -0.001984508688219767 0.0005
-0.004464285714230633 0.001984508688222274 0.0005
-0.003267877326444193 -0.001929427776401038 0.0005
0.003273809523867155 0.001984508688225032 0.0005
0.02455403760765132 0.001113098426031644 0.0005
-0.02452737198851157 -0.001116219699926906 0.0005
0.02455204644897586 -0.00112150575885523 0.0005
-0.02455414879923363 0.001113098089806219 0.0005
-0.02412715607781638 -0.001948069152879416 0.0005
0.02412715674853689 0.001948062535191337 0.0005
0.02410253299407887 -0.00198919243467826 0.0005
-0.02412715578130237 0.001947986568274153 0.0005
-0.02351664044074247 -0.001981865841663201 0.0005
-0.02321868798776185 -0.001476888212654327 0.0005
-0.02263025654715113 -0.001473547638469397 0.0005
-0.02293002528289098 -0.0009665262001386387 0.0005
-0.02234293449698606 -0.0009603591438969978 0.0005
-0.02264255193153011 -0.0004549355609798683 0.0005
-0.02205470237745566 -0.0004481682395355002 0.0005
-0.0223548211413645 4.757030764087042e-05 0.0005
-0.02176582666175957 6.323176130395895e-05 0.0005
-0.02146520273889209 -0.0004404682428203851 0.0005
-0.02117562502291033 7.182847430935839e-05 0.0005
-0.02087389646317135 -0.0004347870013567145 0.0005
-0.02059081840267564 7.470753290456073e-05 0.0005
-0.0202822836814371 -0.0004311118864818307 0.0005
-0.01998984877098521 8.563821198580175e-05 0.0005
-0.01968744004818507 -0.0004247231875115717 0.0005
-0.01938232816984433 8.166039960824503e-05 0.0005
-0.01908397597217662 -0.0004247124819105523 0.0005
-0.01879716342003148 7.873266266198069e-05 0.0005
-0.01848937114701698 -0.0004234910677851036 0.0005
-0.01818859297128281 7.412831001868338e-05 0.0005
-0.01789537462584583 -0.000420312602864284 0.0005
-0.01759168984218877 9.55940624033735e-05 0.0005
-0.01729686503256928 -0.0004122038990139964 0.0005
-0.01701089245300434 9.433737288975808e-05 0.0005
-0.01670640808538264 -0.0004055385455807792 0.0005
-0.0164023464478843 9.016425815055478e-05 0.0005
-0.01611010561033042 -0.0004050556294513945 0.0005
-0.01580497486722564 0.0001129111417170529 0.0005
-0.01551121416924334 -0.0003972429290088774 0.0005
-0.01522518249409016 0.0001108557945851947 0.0005
-0.01491404906335994 -0.0004047929983053734 0.0005
-0.01461448575463293 0.0001035120331908291 0.0005
-0.01432282777905791 -0.000393049972432326 0.0005
-0.01401759396217402 0.000129237918297903 0.0005
-0.01373251223478347 -0.0003795477607574433 0.0005
-0.01344043687846803 0.0001276438095305271 0.0005
-0.01314198659287692 -0.0003797456109454974 0.0005
-0.0128301615365999 0.0001209709321265644 0.0005
-0.01254448516217608 -0.0003669064268009186 0.0005
-0.01223230432556557 0.0001486218343077773 0.0005
-0.01194068410595588 -0.0003658289975298141 0.0005
-0.01165383167647079 0.0001442662316381775 0.0005
-0.01134234929822404 -0.0003809445991124814 0.0005
-0.01104095856202275 0.0001340407469798837 0.0005
-0.01075060107059062 -0.0003645756601674648 0.0005
-0.01044364320829015 0.0001633254933429816 0.0005
-0.010155495357242 -0.0003462401783540819 0.0005
-0.009867766020223948 0.000161075948667808 0.0005
-0.009561760595918498 -0.0003382657461237521 0.0005
-0.00925505655357494 0.0001544667063055231 0.0005
-0.008968497732672222 -0.0003214548073793389 0.0005
-0.008657533280335691 0.0001860751964686594 0.0005
-0.008374892162129726 -0.0003103653965344481 0.0005
-0.008082888474004955 0.0001819295033046841 0.0005
-0.007785677671811361 -0.0003284111460677582 0.0005
-0.00747014305418782 0.000170107368148303 0.0005
-0.007189086575152191 -0.0003184617927562834 0.0005
-0.006872076740084055 0.000201361995893907 0.0005
-0.006584849780890944 -0.0003117546985332684 0.0005
-0.006296546196881339 0.0001953163287798132 0.0005
-0.005986829089262046 -0.0003338075937753106 0.0005
-0.005677451113708661 0.0002921949454339348 0.0005
-0.005392770842639977 -0.0002997313102264764 0.0005
-0.005082548057863004 0.0002370363705250466 0.0005
-0.004802155196461491 -0.0002952830768405411 0.0005
-0.004511077962716017 0.00024573896559658 0.0005
-0.004211671574540532 -0.0002888441885336534 0.0005
-0.003920616344060354 0.0002525096321357747 0.0005
-0.003618299470652019 -0.0002585925708147252 0.0005
-0.003326855350370234 0.0002646569509443518 0.0005
-0.003023736224766022 -0.0002476195201680065 0.0005
-0.00273165134917502 0.0002710275788277818 0.0005
-0.002421518929186859 -0.0002745823430391307 0.0005
-0.002134925867434836 0.0002388996445043465 0.0005
-0.001833328221180443 -0.0002348782659266277 0.0005
-0.001511726994844796 0.0003336576707741248 0.0005
-0.001233586935823696 -0.0001844926308746494 0.0005
-0.0009460393427112171 0.000290139461689516 0.0005
-0.0006480775151096095 -0.0002413194118535105 0.0005
-0.0003513238805517468 0.00025864984122927 0.0005
-6.363431241311414e-05 -0.0002681997454507153 0.0005
0.0002641355421380918 0.0003299502431623325 0.0005
0.0005474877893480869 -0.0002093957564878907 0.0005
0.0008686414149775762 0.0002992477166111713 0.0005
0.001147186797123928 -0.0001720120367155575 0.0005
0.001440689760030021 0.0002893071848154558 0.0005
0.001738166945149252 -0.0001795958027113955 0.0005
0.002029019895126137 0.0002945385332547277 0.0005
0.002332641614223731 -0.0001599471520531047 0.0005
0.002622637565261804 0.0003327486489660206 0.0005
0.002927472711387813 -0.0001472751350854418 0.0005
0.003219784781347093 0.0003453888955303906 0.0005
0.003522938432222568 -0.0001388093395429239 0.0005
0.003815356272795189 0.0003531536541735174 0.0005
0.004118260287282978 -0.0001330702856448024 0.0005
0.004411019998825283 0.000324257230158923 0.0005
0.004713560552762472 -0.0001326827623752855 0.0005
0.005006316666041847 0.0003237528316587206 0.0005
0.005308808976202414 -0.0001296634504845952 0.0005
0.005601207592351516 0.0003598042613223886 0.0005
0.005904153715934711 -0.0001361857871654605 0.0005
0.006196382871991243 0.0003689728617763947 0.0005
0.006499197322716516 -0.0001148188538472611 0.0005
0.006791553308927238 0.0003785003683515281 0.0005
0.007094381858307665 -0.0001066241671935415 0.0005
0.007386748472981772 0.0003857011521797964 0.0005
0.007689770983983166 -0.000117547422392355 0.0005
0.007981981856570267 0.0003893278252414256 0.0005
0.008284827309555994 -9.737929836041469e-05 0.0005
0.008577166143397326 0.0003975407097136435 0.0005
0.008880016205223638 -8.95971602253004e-05 0.0005
0.009172364342446749 0.0004044536317715069 0.0005
0.009475394118889136 -9.947489126395067e-05 0.0005
0.00976759636319958 0.0004082065818980128 0.0005
0.01007046076032179 -8.027065662045094e-05 0.0005
0.0103627821421975 0.0004162798643162961 0.0005
0.01066565156049654 -7.266650113076862e-05 0.0005
0.01095798090735995 0.0004231398555908994 0.0005
0.01126101727811612 -8.140478067034111e-05 0.0005
0.01155321098979058 0.0004270738925033658 0.0005
0.0118560941409497 -6.315552630780763e-05 0.0005
0.0121483981493017 0.0004350181926724629 0.0005
0.01245128681542303 -5.57264858551732e-05 0.0005
0.0127435974569328 0.0004418275010660638 0.0005
0.01304664038596304 -6.332987100330128e-05 0.0005
0.01333882560526157 0.0004459422398969873 0.0005
0.01364172742310133 -4.603119599735372e-05 0.0005
0.01393401413813991 0.0004537582271596624 0.0005
0.01423692196662439 -3.87767797686076e-05 0.0005
0.01452921398617396 0.0004605170460314249 0.0005
0.01483226344502881 -4.525040374169763e-05 0.0005
0.01512444020921401 0.0004648116634711612 0.0005
0.01542736061274923 -2.889822310865003e-05 0.0005
0.01571963010964121 0.0004724998814398915 0.0005
0.01602255702054042 -2.181798436204284e-05 0.0005
0.01631483049631133 0.0004792083758491113 0.0005
0.01661788645836083 -2.716666360069503e-05 0.0005
0.01691005480236003 0.0004836820966675513 0.0005
0.01721299371565972 -1.175714639642074e-05 0.0005
0.01750524606488513 0.0004912430546278875 0.0005
0.01780819198316797 -4.850659926679744e-06 0.0005
0.01810057781267502 0.0004856785563025648 0.0005
0.01840351510453017 -9.6091961545788e-06 0.0005
0.01869569275391693 0.0005003701672084735 0.0005
0.01899863157785232 4.939273388206478e-06 0.0005
0.01929100372825351 0.0004967465204972284 0.0005
0.01959400366164792 -4.393794411044538e-06 0.0005
0.01988615714217058 0.0005116131725830304 0.0005
0.02018921988649046 8.349488063089777e-07 0.0005
0.02048131425335538 0.0005191092171618494 0.0005
0.0207843385993885 7.329569414415382e-06 0.0005
0.02107630627856354 0.0005103926283797085 0.0005
0.02137882323622026 1.220294951650792e-05 0.0005
0.02167036470552903 0.0005133744406134404 0.0005
0.02197215228244809 1.877451462343571e-05 0.0005
0.02224444357076404 0.0005229300478763424 0.0005
0.02255926595811373 2.416519551231371e-05 0.0005
0.02279511146754015 0.0005117546211290319 0.0005
-0.02088785522788928 0.0005549237002915458 0.0005
-0.02294246248826963 3.920141655150267e-05 0.0005
-0.01907249905074343 0.0005323083747233884 0.0005
-0.01727969272446142 0.0005496294786474482 0.0005
-0.01549172175600868 0.0005614565060053478 0.0005
-0.01370379334652868 0.0005731619676451233 0.0005
0.02108741758174715 -0.0005038488040013377 0.0005
-0.01191594898167542 0.0005853459948810749 0.0005
0.02227411932284635 -0.0004855394163601199 0.0005
0.02286056404168018 -0.0004802427559456473 0.0005
0.01924674241798366 -0.0005583340731608079 0.0005
-0.01012769201547663 0.0005967772966397649 0.0005
0.01753289529013023 -0.0005520589550654809 0.0005
-0.008340122158996311 0.0006102195161736456 0.0005
0.01574720091896155 -0.0005608871245693815 0.0005
-0.006567275978123504 0.0007430879379466618 0.0005
0.01396150639255827 -0.0005697068933105827 0.0005
0.01217581170067125 -0.0005785177067398686 0.0005
-0.00240751129845464 0.0007818625074132601 0.0005
0.0103901168321884 -0.000587318965990657 0.0005
-0.0006539544666242912 0.0008087865622282974 0.0005
0.001169903330111634 0.0008596799513773715 0.0005
0.008596505294606071 -0.0006170461955402757 0.0005
0.006806832767673413 -0.0006441668966130879 0.0005
0.005202190413370578 0.000803610318113959 0.0005
0.007083692034826311 0.0008921216763899479 0.0005
0.002640335262613729 -0.0006827156637718586 0.0005
0.008869304246987803 0.0009112148623337975 0.0005
0.0008506069159582736 -0.0007216722297114721 0.0005
-0.02206910969113559 0.0005512738514833142 0.0005
0.01065491662660543 0.0009302921068928429 0.0005
0.005021201250887206 -0.0006608433561611978 0.0005
0.01244052900591788 0.0009493693772833318 0.0005
-0.0009785467665648321 -0.0007812895708013998 0.0005
0.003830766661804714 -0.0006713001758500205 0.0005
0.01422614560659066 0.0009680522484358256 0.0005
0.01601175761544248 0.0009871641307405185 0.0005
-0.005087057249375292 -0.0008670652204960009 0.0005
0.01779246502692824 0.001003431040383701 0.0005
-0.00686978323950484 -0.000903680332135747 0.0005
0.02189194849205391 0.001013808138155351 0.0005
-0.002712042339831112 -0.0007874753782241347 0.0005
-0.008668837662411447 -0.0008253630327887173 0.0005
-0.003903038888773568 -0.0008027311523114488 0.0005
-0.01044061911480832 -0.0008980598704331644 0.0005
-0.01223225446654071 -0.0008984746080995387 0.0005
-0.01401824008090024 -0.0009200803020371528 0.0005
-0.01578923671118542 -0.000943049096027132 0.0005
-0.01757498716422143 -0.0009481624304795213 0.0005
-0.004780447300051115 0.0006945363031568968 0.0005
-0.003629974476173706 0.0007769334216231672 0.0005
-0.01936551507883336 -0.0009468282053861212 0.0005
-0.02056991398687833 -0.0009483974344189555 0.0005
0.002896287760456046 0.0008589180211257336 0.0005
0.004115650057899743 0.0008867763987712428 0.0005
-0.02350429587745097 -0.0009659994395387915 0.0005
0.02257353456198994 -0.0009823343783109803 0.0005
0.02315832599060106 -0.0009724384562096372 0.0005
0.02344570900455441 -0.0004740305717025537 0.0005
0.02198511349435955 -0.0009885511937695766 0.0005
-0.02203405820146125 -0.001467240186432335 0.0005
0.01958450726628424 0.001063172580645024 0.0005
0.02075457173148767 0.001017046255860569 0.0005
0.02371817820197288 -0.0009470434242760035 0.0005
0.02345735357320744 -0.00148019334350451 0.0005
0.02228825757269593 -0.001504315972476763 0.0005
0.0239540173204927 -0.0004849144875750398 0.0005
0.02370862941303114 -1.699131944922678e-05 0.0005
0.02351672455042205 0.001981558167886719 0.0005
0.02322056465845954 0.001490293116484565 0.0005
0.02264518325288026 0.001508154884198976 0.0005
0.0223277984811471 0.002005179590226648 0.0005
0.02377429913098378 0.0014380475141801 0.0005
0.02349205926365384 0.001031283160123299 0.0005
-0.02351662583648331 0.001981233245899288 0.0005
-0.02322016060586136 0.001474519603174689 0.0005
-0.02263840814632934 0.001474953354747691 0.0005
-0.02294494190700793 0.0009854263270629743 0.0005
-0.02349861377297559 0.0009710969417850967 0.0005
-0.02377139431660116 0.00143483007558556 0.0005
0.02313519441293245 3.767155433808499e-06 0.0005
-0.02376946725040298 -0.001452132632967499 0.0005
0.02173082938036409 0.00200661807293541 0.0005
0.02152019450700181 0.001513126195937969 0.0005
-0.02322759038646826 -0.000462208869794904 0.0005
-0.02357820096639641 4.106060357977137e-05 0.0005
-0.02382809865241782 -0.0005059030428920666 0.0005
-0.02232624534844002 0.001976720410718111 0.0005
-0.0220515737509833 0.001481034370969484 0.0005
-0.02145393536037354 0.001481571982055466 0.0005
-0.02113794069954434 0.001976960789408887 0.0005
-0.02085378244194213 0.001480620108639143 0.0005
-0.02232612699627935 -0.001983687058414883 0.0005
-0.02172684691911334 -0.001982529360747949 0.0005
-0.02144091402270124 -0.001467589911410836 0.0005
-0.02054246482020287 0.001978067957398095 0.0005
-0.02024484708717798 0.001475107261977791 0.0005
-0.01965596706069715 0.001467849399457455 0.0005
-0.01997366548261149 0.001013066667445031 0.0005
-0.0193455580478616 0.001976049171398713 0.0005
-0.01905034360741878 0.001452839142381227 0.0005
0.02020569407644065 0.00101710808451703 0.0005
0.02047072920424427 0.001549959292894625 0.0005
0.02049264617936789 -0.0005111210865996249 0.0005
0.02079600717737423 -0.001022855187920188 0.0005
0.02014367569318154 -0.001082643647844333 0.0005
0.02052867853356025 -0.001454752866029323 0.0005
0.02109951635925939 -0.001534772261695951 0.0005
0.02139198061148077 -0.0009988729669643771 0.0005
0.01041666666662758 -0.001984508688222403 0.0005
0.01071428571424771 -0.001492671394154346 0.0005
0.01130952380948684 -0.001472959712729742 0.0005
0.01011904761900781 -0.00149661373043941 0.0005
0.01101190476186678 -0.0009535260646676864 0.0005
0.01169453669424051 -0.001005178013479101 0.0005
0.01191932754424954 -0.001500156280114638 0.0005
-0.01041666668550988 0.001984508689410087 0.0005
-0.01072425051821274 0.001487813187402082 0.0005
-0.0112993258519244 0.001478996671712053 0.0005
-0.01011795530783655 0.001498288509666834 0.0005
-0.0110091508018513 0.001035144536945569 0.0005
-0.01160544306627929 0.001986171896801184 0.0005
-0.01190204754174132 0.001487602058936823 0.0005
-0.01220164520368864 0.00198788331978321 0.0005
-0.01250946661019835 0.001489908896545988 0.0005
-0.01308585351375858 0.001478828308481006 0.0005
-0.01279694678231805 0.001029255103639768 0.0005
-0.01339129248841324 0.001986143743554884 0.0005
-0.01368910704441314 0.00148121668800777 0.0005
-0.01398760608277913 0.001986814331025627 0.0005
-0.0142955091036946 0.001487109359656924 0.0005
-0.01487255358077763 0.001477824041337782 0.0005
-0.01458496318619659 0.001022409493124621 0.0005
-0.01517716941524155 0.001985976183261126 0.0005
-0.01547563506509081 0.001476899159238164 0.0005
-0.01577348244529001 0.001986066591227398 0.0005
-0.01608142917699774 0.001484715089845706 0.0005
-0.01665926066714059 0.001476870487075526 0.0005
-0.01637298725062128 0.001015642932872572 0.0005
-0.01696304236326473 0.00198581617238344 0.0005
-0.01726179560040899 0.001474054802362057 0.0005
-0.01755926856552023 0.001985549505873823 0.0005
-0.01786720139451834 0.001482598930493214 0.0005
-0.01844622914870481 0.001473149172997678 0.0005
-0.01816095310738305 0.00100848116710578 0.0005
-0.009821246556929055 0.001989387203380151 0.0005
-0.009510879250577624 0.001482051710046109 0.0005
-0.00893629108336047 0.001491557492210419 0.0005
-0.009220639528137287 0.001042486514324087 0.0005
-0.008632239036051478 0.00198826526854203 0.0005
-0.008331170525977783 0.001501584209445244 0.0005
-0.008035568296908002 0.00199056250513004 0.0005
-0.007724171926718778 0.00148327043541215 0.0005
-0.007150307289538207 0.001493341568359578 0.0005
-0.007432812235164061 0.001049193652923934 0.0005
-0.006846479802907129 0.00198856265672537 0.0005
-0.006547770361217829 0.001395266519478726 0.0005
0.01398809523806529 -0.001984508688222384 0.0005
0.01428571428568545 -0.001489117840113299 0.0005
0.01488095238092457 -0.001472367453722951 0.0005
0.01369047619044627 -0.001492467917391467 0.0005
0.01458333333330457 -0.0009535260646677092 0.0005
0.01526596251013904 -0.0009957729487267322 0.0005
0.01549075565643028 -0.001494952197844162 0.0005
0.01577623705382874 -0.001988831158455778 0.0005
0.01607426068978914 -0.001492395586226503 0.0005
0.0166671386863743 -0.001472913744741662 0.0005
0.01636904761902357 -0.0009535260646675491 0.0005
0.01705175392983986 -0.0009912085130487534 0.0005
0.01727656146776811 -0.001492524491140741 0.0005
0.008630952380908882 -0.001984508688222313 0.0005
0.008928571428528868 -0.001494460884376631 0.0005
0.008333333333289681 -0.001498701469031299 0.0005
0.00952380952376815 -0.00147785735343286 0.0005
0.00922619047614814 -0.0009535260646681723 0.0005
0.009908823613781972 -0.001015244336320058 0.0005
0.01874999999998292 -0.001984508688222476 0.0005
0.01845238095236277 -0.001469017376445083 0.0005
0.01901967501842404 -0.001485150869213396 0.0005
0.01874999999998204 -0.0009535260646676709 0.0005
0.01815476190474324 -0.0009535260646680569 0.0005
0.01933586919908723 -0.001992196691684476 0.0005
0.01960879923157124 -0.001448691114476824 0.0005
0.01756196659381763 -0.001988426540671802 0.0005
0.01160714285710745 -0.001984508688223177 0.0005
0.009821428571388053 -0.00199058141005287 0.0005
0.008035714285669616 -0.001989456036986491 0.0005
0.007738095238050434 -0.001474789283336192 0.0005
0.007142857142811584 -0.001497221633421831 0.0005
0.007440476190431363 -0.0009535260646671228 0.0005
0.008121790994288851 -0.001023219128839621 0.0005
0.006845238095191078 -0.001989209397717276 0.0005
0.00654761904757225 -0.001501743810017287 0.0005
0.006249999999951525 -0.001990746545399047 0.0005
0.005952380952332266 -0.001475511424900703 0.0005
0.005357142857093355 -0.00149915070070744 0.0005
0.005654761904712893 -0.0009535260646643562 0.0005
0.006335414775678638 -0.001031550150302443 0.0005
0.005059523809472216 -0.001989530908930804 0.0005
0.004761904761853417 -0.001503927616794554 0.0005
0.00416666666661367 -0.001505098426440703 0.0005
0.004457988253030043 -0.000976175059293506 0.0005
0.003869047618992572 -0.001990522196553234 0.0005
0.003571428571373818 -0.001506295812772412 0.0005
0.002976190476135246 -0.001506709803006451 0.0005
0.003267516054167339 -0.0009785638879292232 0.0005
0.002678571428515154 -0.001990790759313061 0.0005
0.002380952380896142 -0.001507825813227055 0.0005
0.002083333333276901 -0.001992023772865092 0.0005
0.001785714285658322 -0.001476737963349006 0.0005
0.001190126263263642 -0.00147373457828113 0.0005
0.001484766357735555 -0.0009580296068839334 0.0005
0.0005512950370615849 -0.001308743489992517 0.0005
0.002168215860091919 -0.001047371084998287 0.0005
0.0008928571428032085 -0.001984508688200573 0.0005
0.000293449014342511 -0.001881310608445505 0.0005
-4.710689267613226e-05 -0.001393143913949522 0.0005
-0.0006359830642760883 -0.001415748345856866 0.0005
0.0002438943951734805 -0.000799113005189001 0.0005
-0.0008928571428029105 0.001984508688223338 0.0005
-0.001190476190413156 0.001503889572151741 0.0005
-0.001769737112732802 0.001484053834150173 0.0005
-0.0005893848617959795 0.001417793094964697 0.0005
-0.001483527838516674 0.0009585453613018517 0.0005
-0.002080670471050257 0.0019870147645017 0.0005
-0.002378304039080576 0.00142164360641749 0.0005
-0.002677686227805467 0.001977030739256345 0.0005
-0.002996265418558274 0.001509382653770425 0.0005
-0.003595439049454775 0.001524264042719127 0.0005
-0.003873049365320622 0.001993716465904624 0.0005
-0.004184762474933955 0.00151064028906891 0.0005
-0.004768715411170929 0.001500316045342573 0.0005
-0.005060658917330117 0.001989725132963225 0.0005
-0.005358467149305922 0.001505994160155973 0.0005
-0.005938307926262484 0.001471155417965955 0.0005
-0.005654761904273399 0.0009535260685518307 0.0005
-0.0002966435086775268 0.001975971307971974 0.0005
-1.010042743887496e-14 0.001469017376446317 0.0005
0.0006485105592249134 0.001350670667265966 0.0005
0.0002248818011301568 0.0009170557423145807 0.0005
0.0009017358868840935 0.001964784236636985 0.0005
0.001278060275781174 0.001474512582667638 0.0005
0.001775268077675159 0.001151453289242071 0.0005
0.001504172376380595 0.002004897255190991 0.0005
0.01220480855893426 -0.001989698505500703 0.0005
0.01250283220765232 -0.001496945352756835 0.0005
0.01339285714282619 -0.001988417111713456 0.0005
0.01518140354692988 -0.001990109916374213 0.0005
-0.01815477682610462 -0.001984510838555134 0.0005
-0.01845563673998519 -0.001470935521188097 0.0005
-0.01905188021555128 -0.001468442793698326 0.0005
-0.01786353064538885 -0.001470321225077934 0.0005
-0.01876436394499511 -0.0009509576196649098 0.0005
-0.01934635848483266 -0.001984651566084124 0.0005
-0.01756059345487487 -0.001984723727806577 0.0005
-0.01726572963800459 -0.001468384555599779 0.0005
-0.01667045534387511 -0.001470734825107688 0.0005
-0.01698372240028731 -0.0009449104145490959 0.0005
-0.01636969460403536 -0.001984789387896906 0.0005
-0.01607788440504291 -0.001469416844414792 0.0005
-0.01577499322920325 -0.001984619562307254 0.0005
-0.01548003282087474 -0.001467357592138583 0.0005
-0.01488454657463275 -0.001470452555068614 0.0005
-0.01519669164012356 -0.000941114177224225 0.0005
0.01817449979019091 0.002007191482730483 0.0005
0.01852563828888389 0.001476817429526405 0.0005
0.01913947342575785 0.00150007816298453 0.0005
0.01785999277215645 -0.001490165516218647 0.0005
0.01696721429925215 -0.001989728910796097 0.0005
0.01482143261777109 0.0009666674653836753 0.0005
0.01444267418084117 0.00148677788423744 0.0005
0.01384776719326441 0.001478810935097909 0.0005
0.01541665180835443 0.0009716191211604987 0.0005
0.01564603820845122 0.001491358928016233 0.0005
0.01621789156100115 0.001501184984494842 0.0005
0.01659273914621361 0.0009831701097890216 0.0005
0.01719908171980548 0.0009879924121927632 0.0005
0.01743505135598958 0.001510013134258329 0.0005
0.01125016856726166 0.000932183942446276 0.0005
0.01094700646516569 0.001448475584532813 0.0005
0.01035180246221571 0.001442104957097915 0.0005
0.01184538133386653 0.0009377357867949125 0.0005
0.0121374144710669 0.001461216839402665 0.0005
0.01273261847401691 0.001467587466837619 0.0005
0.01303580021788777 0.0009494607052387983 0.0005
0.01361847365378374 0.0009543967301961047 0.0005
0.01005974265748347 0.0009211154359726873 0.0005
0.009464541139021338 0.0009145126818130756 0.0005
0.0091613944563142 0.001429363702227902 0.0005
0.008566190453364233 0.001422993074793004 0.0005
0.008274111210697793 0.0009038195795492639 0.0005
0.007678906502045151 0.0008975146186408264 0.0005
0.007375782447462991 0.001410251819922331 0.0005
0.006780578444513417 0.001403881192486976 0.0005
0.006516895722426048 0.0008704480042659109 0.0005
-0.02053567188823039 -0.001986164132508441 0.0005
-0.02023809523810568 -0.001469017376448975 0.0005
0.01309571012982116 -0.001478231866569912 0.0005
0.01279761904758844 -0.0009535260646675234 0.0005
-0.006845238093718235 -0.001984508689849218 0.0005
-0.006553086374120595 -0.001452166947919883 0.0005
-0.0059570576931584 -0.001457113550683483 0.0005
-0.007167062172766565 -0.001454633286125994 0.0005
-0.00748837605538036 -0.000914615015001643 0.0005
-0.006270117062089015 -0.0009014555851560375 0.0005
-0.008078319125848291 -0.0008339066908074421 0.0005
-0.008369888491955581 -0.001347753190309621 0.0005
-0.008965414468864079 -0.00134191497984583 0.0005
-0.008654084105099647 -0.001899151873514192 0.0005
-0.0074553844120903 -0.001977145382245611 0.0005
-0.005655541363794281 -0.001982524715811995 0.0005
-0.005365030178604254 -0.00145173998793042 0.0005
-0.00505952381319695 -0.001984508679835923 0.0005
-0.004774555871489517 -0.001445336651230937 0.0005
-0.004175075106930671 -0.001423378514825843 0.0005
-0.004495834018625274 -0.0008713179390209239 0.0005
-0.003581337638398922 -0.001368123965098072 0.0005
0.005662829172174797 0.00196683678939758 0.0005
0.005924615030392934 0.001490225448657058 0.0005
0.005307804167360376 0.001404423681050919 0.0005
-0.01101343730399366 -0.001983623920089024 0.0005
-0.01131375188956677 -0.001469394132179293 0.0005
-0.01192523550691856 -0.001445004251178221 0.0005
-0.01072167810103267 -0.00146109717092023 0.0005
-0.01163013684928936 -0.0009202709608675141 0.0005
-0.01253445203711326 -0.001426963047738621 0.0005
-0.01283531166703004 -0.0009067833162775359 0.0005
-0.01312343302589147 -0.001439327699307594 0.0005
-0.01222921230067779 -0.001959619380238672 0.0005
-0.01041834617038198 -0.001983152044859272 0.0005
-0.01012605556571071 -0.001456988335947051 0.0005
-0.009835382136795962 -0.0009103612326139713 0.0005
0.01348032832964371 -0.001005312754905278 0.0005
-0.01399198548649117 -0.001983250655110634 0.0005
-0.01458458149607108 -0.001984537895653063 0.0005
-0.01429718424840252 -0.001466362561882988 0.0005
-0.002674400092937502 -0.001948671740291999 0.0005
-0.002381395068038696 -0.001453319559139218 0.0005
-0.001790300373939189 -0.001464040187661047 0.0005
-0.002022916746931125 -0.0008144983620713985 0.0005
-0.002979758556912555 -0.001355764680449202 0.0005
-0.001493166008070867 -0.001984474022661359 0.0005
0.002678571428633526 0.001987760132200681 0.0005
0.002357652459398331 0.001417329301314987 0.0005
0.002976190476249055 0.001469017376450031 0.0005
0.003592471075117038 0.001462770497528863 0.0005
0.002234940349616504 0.0007850597801256798 0.0005
0.003869047619102806 0.001984508688224521 0.0005
0.004242270561762832 0.001507892714715949 0.0005
0.004650264142159179 0.001114706912158892 0.0005
0.003492374243243487 0.0008814200292040912 0.0005
0.01936885769724144 0.001995993878921323 0.0005
0.01988375317359774 -0.0005175568932886687 0.0005
0.00505952380957646 0.001984508688225559 0.0005
-0.00303168661245033 0.0007491842940780797 0.0005
-0.004225178475240338 0.0007705627901178737 0.0005
-0.003871111837216155 -0.00195090649061907 0.0005
-0.006247886665472437 0.00197324888023924 0.0005
-0.01874900363146277 0.001983928120327588 0.0005
0.005887792557703057 0.000894635191056962 0.0005
-0.01342569415872614 -0.0009169247933261527 0.0005
-0.001508116071376621 -0.001009384100642534 0.0005
-0.02147725520680122 0.0005530456275121876 0.0005
-0.01965363115998783 -0.00146536966440493 0.0005
0.02168173104715203 -0.0004926816216652658 0.0005
0.02452859503863605 0.0005660660687532283 0.0005
-0.02443212408967916 -0.0005436064317476608 0.0005
-0.02452714734412568 0.0005593373566304122 0.0005
-0.02175196153194802 -0.0009536756275988148 0.0005
-0.01997249977705287 -0.0009431645597569095 0.0005
-0.005676477019188164 -0.0008851522080446212 0.0005
0.006867550339556769 0.001979324358030588 0.0005
-0.003303035519889033 -0.0008033845445109313 0.0005
-0.02407927533264422 0.0003096760861984692 0.0005
0.007461659434500035 0.001985814903123671 0.0005
-0.009237097418503388 -0.001961390853216145 0.0005
-0.02084016058143282 -0.001472950601036855 0.0005
-0.009256171143991456 -0.0008558858756532354 0.0005
-0.009537558500175784 -0.001446340193740784 0.0005
0.00795227782085408 0.001411749037574452 0.0005
-0.007766720503760011 -0.001416735058386893 0.0005
-0.02116230320348843 -0.0009442638551348548 0.0005
-0.01371008883888939 -0.001449309214719779 0.0005
0.008651155774878506 0.001993596357006638 0.0005
-0.01103318938725196 -0.0009157237322800246 0.0005
-0.0003549090259777159 -0.0008164689988501691 0.0005
0.009255713172138306 0.001991676620029017 0.0005
-0.000906161462574392 -0.001970433276189538 0.0005
-0.01460429864166016 -0.0009415414654360629 0.0005
-0.0163896354260173 -0.0009397842258551469 0.0005
-0.01817387737790889 -0.0009473634111766418 0.0005
0.00973834352916984 0.00142170037631525 0.0005
0.02401316572140983 0.0009087015421016497 0.0005
-0.02404783314995053 0.0009065750740509818 0.0005
0.01043686118608597 0.002003287382428541 0.0005
-0.012814388581984 -0.001965969900656506 0.0005
-0.001216314721822948 -0.00145413885385021 0.0005
0.01104613545982302 0.002000601292014987 0.0005
0.01148514418063145 0.001461100428042077 0.0005
0.02458181661592704 0.00164964192750148 0.0005
-0.02457737141836028 -0.001650163274096839 0.0005
0.0245402081167406 -0.001666666666668249 0.0005
-0.02458184374269433 0.001649628874081144 0.0005
0.02404625194541411 -0.001399840632286554 0.0005
0.02447606776844092 -0.000518416410146248 0.0005
0.01224854481037872 0.002005273783126526 0.0005
0.01286778971719553 0.001994862172525498 0.0005
0.02353091639980789 -0.002030185040810305 0.0005
0.01328104769199094 0.001461005705869325 0.0005
-0.02321740380916029 0.0005159902862183805 0.0005
0.0140347441814324 0.002008414700961911 0.0005
0.01466904214005806 0.00198948167079894 0.0005
0.02287882767303112 -0.001384758167745002 0.0005
0.01504199915959137 0.001484745254545909 0.0005
-0.02028933825975097 0.0005546673032609555 0.0005
-0.0187212886208127 0.0009854665979862562 0.0005
0.01582070182088629 0.002016772985484725 0.0005
-0.02265447767538348 0.0005160191464560082 0.0005
0.02231479437167637 -0.00209466666978446 0.0005
0.01645304634835351 0.001996082674383878 0.0005
-0.01698620142303216 0.001011203737099022 0.0005
0.01682327747010663 0.001498184284345197 0.0005
-0.02404223656599868 -0.000980792697220256 0.0005
0.02344513243326719 0.0004911342472506218 0.0005
-0.02236763020358428 0.0009991145478139695 0.0005
0.01762433727069697 0.002010876404189064 0.0005
-0.01519950807108116 0.001018042409195172 0.0005
0.02169821170279538 -0.001402204216625817 0.0005
0.01839335857214763 0.0009393096963588372 0.0005
-0.01341270246834298 0.001025129255472631 0.0005
0.01895265636455213 0.0009806891740271929 0.0005
0.02112466517660539 -0.002117165782673087 0.0005
0.01962801253493888 0.001588622697025417 0.0005
0.0205435678051347 -0.001955448485123306 0.0005
-0.01162586433275459 0.001032339391038651 0.0005
-0.02177482911391882 0.001008398836887083 0.0005
0.02057150274356429 0.002037351147447593 0.0005
0.02296902212687351 0.001026771853723273 0.0005
0.01961210888729721 -0.0009315105500095252 0.0005
-0.009838997909086131 0.001040860816531693 0.0005
0.02131080760795835 0.001017690288803686 0.0005
-0.02116736228319082 0.00101775564927777 0.0005
0.02209363270626044 0.001505976959165262 0.0005
0.01861069124942347 -0.0004851789896148427 0.0005
-0.008052187471614352 0.00104807027238667 0.0005
0.01810201110639902 -0.0004010447730859278 0.0005
-0.006143408974010039 0.00102810891699459 0.0005
0.01757519307292758 -0.001095896708028336 0.0005
-0.02056577262122506 0.001019437788996083 0.0005
0.01685155813556805 -0.0004975532008337814 0.0005
-0.0184604524344688 0.0005418336003066013 0.0005
-0.01934873162464818 0.0009984245590296779 0.0005
-0.01788363584766489 0.0005497751448679671 0.0005
0.01632165003049088 -0.0004121902076066901 0.0005
0.02407660052629583 0.0003446960587076824 0.0005
0.01578944547886871 -0.001099506784406866 0.0005
-0.001976265434971639 0.001048898538683234 0.0005
0.01506586124746428 -0.0005070798542323909 0.0005
-0.01757324668291147 0.001012623876762581 0.0005
-0.01967606855976394 0.0005442942526755166 0.0005
-0.01610496225989679 0.000556745820664684 0.0005
-0.01669284709315004 0.0005529539333873398 0.0005
-0.0002149963870881853 0.00104396617569984 0.0005
0.01453597727699606 -0.0004228679991441977 0.0005
0.001799697304529168 0.001610441956098991 0.0005
0.01400027170632765 -0.001102026294077667 0.0005
-0.01431783843444496 0.0005678827926617034 0.0005
0.02243989026939539 0.001014899417374706 0.0005
0.0132801904389657 -0.0005174248942119916 0.0005
-0.01578770726328274 0.001018916986303607 0.0005
0.004744829679039691 0.001603352929073459 0.0005
-0.01490561661607575 0.0005640265047938112 0.0005
0.01275030967772229 -0.0004337050044955716 0.0005
-0.01253163044244446 0.0005803087832558219 0.0005
0.01221802543888041 -0.001106864683551593 0.0005
-0.01311927857578368 0.0005760783086117392 0.0005
-0.01400065226393683 0.001026151592761462 0.0005
0.01149449325258533 -0.0005261459438872158 0.0005
0.01797557016964581 0.001537391417193227 0.0005
-0.01074399692318482 0.0005909367866694576 0.0005
0.02096316777328028 0.00152405845092106 0.0005
0.01096463673705063 -0.0004442124512693337 0.0005
0.01042883570821853 -0.001109074898314431 0.0005
-0.01133162521299328 0.0005870122813588022 0.0005
-0.008957319580562938 0.0006047068395825087 0.0005
-0.01221365078185536 0.001034126704716354 0.0005
0.00970880901424674 -0.0005365548329387382 0.0005
0.009177383021822746 -0.0004592398289272875 0.0005
-0.007173469690401307 0.0006362318215046794 0.0005
0.008641278305372323 -0.0011173907484912 0.0005
-0.009544578601176978 0.0006000623536752308 0.0005
-0.01042700724594136 0.001041636855642566 0.0005
0.007921585303897041 -0.0005500931151026664 0.0005
-0.005250946437031598 0.0006632330674826459 0.0005
0.007390609420858531 -0.0004743915331937548 0.0005
0.006854639984833451 -0.001125641711004354 0.0005
-0.007758603847394801 0.0006159586890736527 0.0005
-0.02368517634597529 0.0005571762073083914 0.0005
-0.008639621724774855 0.001049770807353762 0.0005
-0.02408949342388922 -0.0001356137914254396 0.0005
0.006135128947330769 -0.0005633961568371023 0.0005
0.005604810959013599 -0.0004887229630625424 0.0005
-0.02460658793276384 -0.002105601064605971 0.0005
0.02460704159279315 0.002105547190699498 0.0005
0.02460950060311606 -0.002120060709158359 0.0005
-0.02460704426213371 0.002105538106993008 0.0005
-0.001097621157100524 0.0007107776589485702 0.0005
-0.006051043081048986 0.0006238930685380548 0.0005
0.005059523809476593 -0.001127831961804882 0.0005
-0.006939813717706281 0.001074099266834056 0.0005
0.0006625865914132293 0.0007430509840966684 0.0005
0.004419927595221518 -0.0005056206801350134 0.0005
0.001729209263517093 0.0006628916087574344 0.0005
0.02415880160747706 -0.0008779015271804111 0.0005
0.003869047618996956 -0.001135102124312415 0.0005
0.003229441683032003 -0.0005110831944679613 0.0005
-0.00505743791540126 0.001088753275545866 0.0005
-0.004508416262553723 0.001102676635086068 0.0005
0.002686642006780875 -0.001144637250586575 0.0005
0.004704909380586011 0.0006766640586853403 0.0005
-0.003924562951294889 0.001109750528927958 0.0005
0.001967973039783014 -0.0005911464551731997 0.0005
0.01920304447077132 -0.00105947990503379 0.0005
-0.003329951759662441 0.001110870556562266 0.0005
0.00631800421987907 0.001304576054184165 0.0005
0.02012484091583485 -0.001584275695453949 0.0005
0.001443712198883899 -0.0005192194206206196 0.0005
-0.001873136988507696 0.000636135016991543 0.0005
0.02421902360184353 0.001400812778431899 0.0005
-0.002740561834315798 0.001103528902983745 0.0005
-0.02421901870630323 -0.001400812966420711 0.0005
-0.02421907613809817 0.001400810761042725 0.0005
-0.0001206151724681999 0.0006532521099607054 0.0005
0.02002735557543911 0.001438267200050072 0.0005
-0.001002992902890125 0.001079958449919032 0.0005
-0.001526232505915948 -0.0005591762173252298 0.0005
0.02415209168020145 -0.000125977428897745 0.0005
0.02378934729416087 -0.00172070351164765 0.0005
0.0009566961621116305 -0.001129478993662841 0.0005
-0.01399056626098204 0.001654731237072057 4.18649990118178e-07
-0.001472725707220938 -0.0005008928429073828 -2.877218885195419e-18
-0.00222550936303609 -0.0009138082965648587 -6.613633252161577e-18
0.02408428526441756 -0.001693571805976606 3.089976191583688e-17
0.02351752660596201 -0.001756362533042011 -2.840609691912022e-17
-0.001571488403990905 -0.0009842071829840498 -5.854691731421724e-18
-0.000642351587000249 -0.0007492437345416391 -1.073360150760649e-17
0.02389438104259975 -0.0002178842457124884 1.420304845956011e-17
-0.02398948957234587 0.000604224158109085 -1.084202172485504e-19
0.02342791999851213 0.000159356109112758 4.033232081646076e-17
-0.02449660164455364 0.001385048769348959 1.084202172485504e-19
-0.00688323596966884 0.0007626323221388131 9.75781955236954e-19
0.02399210829693793 -0.001041098911435843 1.146296144360144e-05
-0.006347623417229087 0.0005091796469148701 7.589415207398531e-19
-0.006860057937834558 0.001376606681051192 -2.818925648462312e-18
-0.02449336356899787 -0.001388717114102572 0
0.0244963075948598 0.001385423354200224 -1.304430738771623e-19
-0.0003670269430386863 0.0008004851129698273 -2.818925648462312e-18
-0.02322620028039527 0.001149139922840453 -1.084202172485504e-19
0.01942054930348473 0.00134127376906747 3.068292148133978e-17
0.02348544925057128 0.001337170092435295 -5.095750210681871e-18
-0.02321732072006505 -0.001140846173662832 -1.084202172485504e-19
0.02315484832346397 -0.000638376464690545 1.778091562876227e-17
-0.02234667580199858 -0.0006210579157542795 0
0.02256581730685096 -0.0003141126786071906 -1.452830911130576e-17
-0.02176214936200353 -0.0002761343949391697 -1.084202172485504e-19
-0.02437558603119038 -0.0002432205935886504 0
-0.02371944144890363 -0.0002837279809993278 1.854190355645685e-05
-0.02265271554345256 0.0008416812328965024 -1.084202172485504e-19
0.02441788421456544 -0.0001311075233084329 -2.182478355309564e-07
-0.001290502733152647 0.001206230145411049 1.409462824231156e-18
-0.004454276332286146 0.0005448213144213362 2.686799079888008e-05
0.0229377762379792 0.001657141297821681 -2.38524477946811e-18
0.01845238095236313 -0.001812678250963451 -2.276824562219559e-18
0.02108298114368327 -0.0001610418358717525 2.049142105997603e-17
0.01244406663895949 0.0006072252425266366 2.927345865710862e-18
0.01065843879870919 0.00058826811481881 6.613633252161577e-18
0.008872810363982344 0.0005693110059811898 6.722053469410127e-18
0.007087116205589156 0.0005502817414873632 -1.647987302177967e-17
-0.02177271857414365 0.000397204265030285 -1.084202172485504e-19
0.01661369965529519 0.000314201787167767 5.421010862427522e-18
-0.02233393439628277 -0.001302424729892452 1.084202172485504e-19
0.01480745759337172 0.0002698384375386727 -2.513063281239518e-08
0.0130423611819643 0.0002775791619115054 -2.602085213965211e-18
0.02048490704620185 0.000175636439102588 -3.306816626080789e-17
0.01125669198568161 0.0002592735909054299 -3.848917712323541e-17
-0.02116068085783621 -0.0002624301670128465 0
0.009471022939034219 0.0002409720081932848 -8.998878031629687e-18
0.001787850108353908 -0.001819096741181735 3.252606517456513e-19
0.007680372728930018 -0.00166971706916298 7.92331350061947e-06
0.007699237647430681 0.000189052387723655 8.443831808540135e-06
0.005954157948273249 -0.00181806046433746 1.084202172485504e-19
0.01967395635132494 0.001903968560597438 -3.523657060577889e-17
-0.0226257041087359 0.001815035800319917 0
0.02194230026284119 -0.0006876890019148627 -1.993834362472676e-05
-0.004763802641706982 0.001835026593640213 0
0.009525522889927654 -0.001819603747432807 0
-0.02321725022633523 -0.001818125942136258 -1.084202172485504e-19
-0.01841352876480163 -0.001732543714738381 -8.84991643200051e-06
-0.01726251098890607 -0.001812585573752305 0
-0.0166664121008269 0.001817736015755462 -2.49366499671666e-18
0.01375453730813368 -0.001813083798197805 -2.151302325722679e-05
-0.01130913989678615 0.001819042818148648 0
0.01005537705591138 0.0005839462114008702 6.722053469410127e-18
-0.01488066348422316 0.0018183407561022 -5.421010862427522e-19
-0.01435035068963423 0.002200404635270568 -1.409462824231156e-18
0.01840216351861027 0.0003298521243663876 1.084202172485504e-17
0.02370799441407498 0.0007803165319172467 -3.144186300207963e-18
-0.00206421435481437 0.001357227504883041 1.409462824231156e-18
-0.01309491381910729 0.001818978788133268 1.084202172485504e-19
-0.01362656416692629 0.002193952825084832 1.409462824231156e-18
-0.0154768181205443 -0.001811919948802947 -1.084202172485504e-19
0.008269514205877238 0.0005662481007189647 6.722053469410127e-18
-0.00952507109862746 0.001821972532536732 0
0.011244517483275 -0.001669979612502583 8.004916569763038e-06
-0.017856615884779 0.001821859558907221 2.710505431213761e-18
-0.02142859590247266 -0.00181128524275562 -1.084202172485504e-19
-0.007739696487854886 0.001822960704554555 1.084202172485504e-19
-0.004164824921603374 0.001839882422184584 2.168404344971009e-19
-0.01964360572279503 -0.001809988938964228 0
-0.01786811885731291 0.001155107815609696 -1.301042606982605e-18
-0.02028729011470957 -8.715747418188525e-05 -1.084202172485504e-19
-0.0157764442307263 0.001642634515859259 -4.336808689942018e-19
0.01494818865505716 -0.001663755501960969 -7.718466273682045e-06
0.01422702876261266 0.0002945502153691585 -5.529431079676073e-18
-0.02117526290712391 0.0003988696282345979 0
-0.01428866149206435 -0.00180987726117726 0
0.01666961560249041 -0.001816998814632248 -7.589415207398531e-19
0.02168063786784143 -0.0001328991951454848 1.799775606325937e-17
-0.02322789566033558 0.00181007796454551 0
-0.003617110203723755 0.0003783136617658238 -1.649504001090189e-05
-0.01220516016553391 0.001645929428565245 1.084202172485504e-19
-0.02167023793274068 0.001644570091069701 -1.013458533734956e-21
0.006553606250426141 -0.001832675873341972 4.336808689942018e-19
0.01601532498737154 0.0006449001940474282 1.084202172485504e-19
0.01012513813885566 -0.001827620715396383 1.084202172485504e-19
0.008338866756644268 -0.00182938001255023 2.168404344971009e-19
0.013087219495258 -0.001814127698664689 -6.505213034913027e-19
0.00272838304185103 -0.001696844472730579 1.820068983446901e-05
-0.02203091871773229 -0.001823110930227213 0
0.01780451574193365 0.0006600476905164261 -2.710505431213761e-18
0.004165157388683494 -0.00183812183225976 0
0.02219731975979224 0.0002524714069559209 -2.099893540065901e-05
0.01185779462343943 0.0002706884313445878 -2.276824562219559e-18
-0.02173119622577988 -0.001289860063701102 0
0.005104103692052925 -0.00189406984345535 -8.459784961322457e-19
-0.01042373340929244 0.001645299843626791 0
-0.01932833842145176 0.001641828519583999 -1.740146113893798e-05
-0.01665878152829383 -0.001808915915695514 -1.084202172485504e-19
-0.008674749447239638 -0.0001524056430804516 1.084202172485504e-19
-0.008636261715849041 0.00164931340335113 0
0.01027961035446019 -9.258449291498845e-05 -2.506743809769495e-18
0.0115235068803887 0.0009316583546372923 -1.682779350787789e-05
0.005708621142827924 8.803510703948553e-05 1.090844764358118e-05
-0.006231149343538733 0.001337724188358658 -4.336808689942018e-19
0.01542376088188307 0.0003350575081162572 3.252606517456513e-18
0.01946817113068327 -0.001189190304001779 2.233456475320139e-17
0.01895665293035875 -0.0009051611478826843 1.843554518442707e-05
0.01720934531585568 0.0003540430934290825 -1.517883041479706e-18
0.01785155760696987 -0.001823380272219639 0
-0.01399355861798429 0.001355472260155595 1.084202172485504e-19
-0.01670572765129986 0.0002222977566297219 6.071532165918825e-18
0.01905308619854214 -0.001816428013839647 -6.505213034913027e-19
-0.02346923339345654 0.0003327905387210145 2.637585603288512e-06
0.002335053873372313 0.0001703253127368507 -3.577867169202165e-18
0.001781228005701262 0.0001446385630493732 -2.779073102713345e-05
0.01428571428568546 -0.00185223470596327 -1.084202172485504e-19
-0.02032365580353009 0.001757611764109796 7.152195468712118e-06
0.02338675172377823 -0.001177193438511579 2.320192649118979e-17
0.01607159913400055 -0.001843598626980742 2.059984127722458e-18
-0.02027270235977156 -0.00077504889485777 0
-0.02024760466912786 -0.001807734632857367 0
-0.01488418270135281 0.0002827637270737812 -3.865691333232352e-05
0.01190717336211131 -0.001849180287766066 4.336808689942018e-19

CELLS 6597 32985
4 1072 2021 1565 2030
4 1438 1440 1078 2036
4 1623 596 1554 2144
4 465 466 464 1424
4 1361 1764 403 2198
4 1120 1791 2078 2081
4 689 1025 658 1983
4 1361 403 1764 2201
4 985 1943 1607 2186
4 1513 555 1511 2137
4 744 2160 1702 2175
4 518 1130 621 2088
4 854 1812 993 2158
4 1607 649 985 2186
4 665 596 1623 2144
4 1704 746 961 2175
4 465 1424 467 466
4 481 930 483 1439
4 924 933 927 1881
4 1086 1444 488 2044
4 1390 432 2201 2205
4 498 2057 1458 1099
4 1370 2156 412 2196
4 1890 927 933 1881
4 857 2158 1815 2159
4 460 459 1418 2181
4 1607 1943 1896 2186
4 985 649 938 2186
4 833 1120 1123 1791
4 854 651 1812 2159
4 1652 1651 693 2192
4 831 1789 404 2178
4 1930 2179 1924 2231
4 729 1078 2036 1990
4 1088 1076 610 2046
4 685 1632 1045 674
4 1452 2051 1093 1450
4 1405 2121 1407 2123
4 449 2121 447 2123
4 1439 930 483 1887
4 854 651 993 1812
4 853 855 1811 2158
4 1438 481 1440 1439
4 451 1409 604 2123
4 553 1511 555 2137
4 961 1919 1704 2175
4 482 480 481 1440
4 1440 480 481 1438
4 1612 853 855 1811
4 693 694 1652 2192
4 1094 1082 614 2052
4 1424 1422 464 1423
4 467 468 466 1424
4 484 482 483 1442
4 1681 1995 1086 2044
4 1420 463 464 1422
4 464 462 463 1420
4 478 476 477 1436
4 1887 483 1439 1441
4 1951 993 651 1812
4 1791 1120 1123 2081
4 1845 879 1846 2143
4 1612 853 1811 2179
4 1418 459 1417 2181
4 488 1446 1444 1445
4 488 486 487 1444
4 510 1466 1468 2131
4 466 606 1055 1424
4 993 1951 1813 1810
4 1818 2159 860 2208
4 1439 481 930 1921
4 472 470 471 1430
4 1537 579 1535 2215
4 1612 1417 459 2230
4 459 654 1612 2230
4 1087 616 1101 2059
4 1422 1420 463 1421
4 969 1025 1983 2115
4 2001 1556 1554 596
4 1439 1437 481 1921
4 855 654 853 1612
4 1701 1702 1700 2160
4 743 742 744 2160
4 1888 931 1887 1886
4 1709 2000 1093 2051
4 1651 1652 693 2227
4 464 466 1055 1424
4 542 1500 1501 2213
4 553 1511 2137 2172
4 1764 403 806 2201
4 693 692 694 2192
4 1650 1651 1652 2192
4 855 1813 1811 2158
4 1943 931 1888 1344
4 1423 1421 993 1951
4 1421 993 463 1423
4 1417 459 461 1612
4 459 654 461 1612
4 743 2160 744 2175
4 1701 1702 2160 2175
4 1609 1812 651 2159
4 1887 1439 930 1921
4 1951 1421 993 1813
4 855 993 463 1421
4 1956 931 1888 1886
4 785 1128 2086 401
4 460 459 461 1418
4 979 2176 1937 2204
4 1419 855 463 1421
4 1444 487 488 1445
4 1423 993 651 1951
4 426 695 2141 2157
4 855 1813 1612 1811
4 546 1505 1506 1504
4 386 931 985 1943
4 1887 931 930 1886
4 1099 1715 2005 2057
4 1609 1951 651 1812
4 1921 1607 985 1943
4 1055 1564 1424 606
4 1564 1055 1424 2013
4 508 1466 510 2131
4 931 1887 1921 1888
4 654 855 461 1612
4 1419 1417 461 1612
4 1809 1812 1815 2158
4 854 851 857 2158
4 931 929 930 1886
4 1442 482 483 1440
4 1078 1440 2034 2036
4 386 931 1943 1344
4 649 963 479 1607
4 1818 1817 2159 2208
4 859 860 2159 2208
4 1607 963 985 649
4 931 1888 1344 1956
4 693 1652 694 2227
4 1099 2049 2057 1458
4 1554 2134 596 2188
4 1699 2021 1072 2030
4 1436 477 478 1437
4 380 2171 1338 2186
4 2009 603 1051 1017
4 1424 464 465 1423
4 1956 929 931 1886
4 1390 2201 1760 2205
4 802 2201 432 2205
4 1888 1921 931 1943
4 831 1123 1126 2084
4 1123 831 2081 2084
4 2141 2157 695 2199
4 648 483 930 1887
4 1890 1350 933 1891
4 855 993 1421 1813
4 1424 1055 464 2013
4 855 1419 1612 1813
4 1419 855 1612 461
4 1426 467 1424 468
4 1500 1501 1499 542
4 930 931 1887 1921
4 855 463 461 1419
4 1421 1419 855 1813
4 520 2067 1109 2130
4 2088 518 1130 1478
4 1029 1072 1565 2030
4 1921 985 931 1943
4 386 998 931 1344
4 481 963 930 1921
4 479 477 649 1607
4 465 463 993 1423
4 477 991 649 1607
4 1815 2158 1812 2159
4 854 2158 857 2159
4 1418 459 461 1417
4 477 1436 1434 1435
4 1645 2121 687 2123
4 1078 480 482 1440
4 1440 1078 480 1438
4 1411 2125 2146 2204
4 453 2146 2125 2204
4 993 1423 651 465
4 1951 651 1423 1609
4 483 1442 485 484
4 963 481 479 1437
4 963 481 1437 1921
4 1887 648 483 1441
4 1424 465 467 1423
4 1949 1823 865 2186
4 1119 1096 652 2054
4 488 2044 1082 1086
4 1501 543 542 2213
4 1423 467 1424 1425
4 1361 1765 1764 2198
4 1623 2001 1554 596
4 1044 1051 694 2009
4 1493 1494 536 2224
4 963 1437 1607 1921
4 1437 963 1607 479
4 404 1362 1789 1788
4 830 1789 404 831
4 489 490 1446 1448
4 963 1607 985 1921
4 741 2022 1699 1981
4 743 1701 2160 2175
4 477 991 1435 1433
4 1821 2171 863 2208
4 1440 483 1442 1441
4 536 535 1493 2224
4 831 1789 2081 2084
4 1417 461 1418 1419
4 384 2158 853 2179
4 608 2036 1438 1078
4 1437 1435 477 1607
4 2021 607 1072 1565
4 1063 607 1072 2021
4 1420 460 461 1418
4 904 1871 390 913
4 464 1422 1424 2013
4 991 1435 1607 477
4 1608 1820 862 2171
4 925 389 924 1881
4 929 1956 931 998
4 462 461 463 1420
4 1699 2030 1072 2182
4 1556 1554 596 2188
4 648 929 1883 1886
4 933 392 934 1350
4 1423 651 467 1609
4 465 651 467 1423
4 462 460 461 1420
4 711 2134 1669 2154
4 1887 930 648 1886
4 931 930 963 1921
4 489 490 488 1446
4 1425 1423 467 1609
4 992 862 1820 2208
4 471 473 472 1430
4 426 695 446 2141
4 1653 1384 1404 2141
4 1612 1930 1417 2230
4 459 972 654 2230
4 1763 1361 1764 2201
4 806 403 805 2201
4 929 648 930 1886
4 426 2141 446 2157
4 1404 2141 1384 2157
4 1704 1919 1381 2175
4 423 961 746 2175
4 477 479 1437 1607
4 1078 2034 729 2036
4 536 1494 1493 537
4 1432 472 473 1430
4 1623 665 1043 596
4 847 1805 2197 2233
4 1829 871 2187 2219
4 1759 1390 1760 2205
4 802 432 801 2205
4 1438 1436 478 1437
4 991 1435 1433 1949
4 991 477 475 1433
4 1344 998 931 1956
4 963 985 931 1921
4 865 1823 1824 2171
4 535 536 1493 537
4 2045 2051 1093 1452
4 460 458 459 2181
4 1418 1417 1416 2181
4 1816 1812 1609 2159
4 854 858 651 2159
4 1419 463 1420 1421
4 1435 991 1607 1949
4 865 991 1949 2186
4 579 577 1535 2215
4 1529 2143 1528 2184
4 570 2143 571 2184
4 1499 543 542 1501
4 386 1943 985 2186
4 2003 1643 1632 685
4 1045 2003 1632 685
4 451 2128 1409 2139
4 481 1438 1437 1439
4 1078 608 2036 1990
4 608 2027 1566 2037
4 1818 467 651 1609
4 1438 480 481 1437
4 1029 2032 1693 1987
4 856 384 853 2179
4 651 860 467 1818
4 1818 1425 467 1609
4 1344 1943 386 2186
4 2002 1044 1652 2009
4 467 1426 1424 1425
4 993 852 854 2158
4 1724 1725 1808 2229
4 1813 1810 1811 2158
4 855 853 852 2158
4 729 1076 1088 2046
4 1435 477 1436 1437
4 1949 1896 1823 2186
4 991 865 938 2186
4 913 915 914 1871
4 1444 1086 488 486
4 1446 2044 488 1444
4 1881 1890 927 1884
4 691 2128 1649 2153
4 412 2156 774 2196
4 1732 2156 1370 2196
4 1440 481 483 1439
4 1652 1044 694 2009
4 1995 1088 610 2046
4 1651 1656 1652 2227
4 698 693 694 2227
4 1407 1405 1645 2121
4 449 687 447 2121
4 482 481 483 1440
4 1871 390 1348 1862
4 1082 2044 1681 1086
4 1507 549 1505 2138
4 1407 2121 1645 2123
4 449 687 2121 2123
4 1937 1942 984 2204
4 984 979 1937 2204
4 1420 461 463 1419
4 684 1642 1398 2157
4 1427 1425 467 1818
4 469 1818 467 860
4 1086 1568 1444 2044
4 1422 463 464 1423
4 443 2066 1108 2110
4 860 992 469 1818
4 1448 1446 489 1447
4 477 479 478 1437
4 854 1812 2158 2159
4 1438 478 480 1437
4 1930 1857 2230 2231
4 972 2230 899 2231
4 992 1820 1950 2208
4 461 1420 1418 1419
4 1556 2001 1043 596
4 1556 1043 598 596
4 802 1760 2201 2205
4 1099 498 500 1458
4 2057 498 1458 1456
4 2002 1044 2009 2185
4 466 468 606 1424
4 648 1887 1606 1441
4 1072 2030 1029 2182
4 492 494 1093 1450
4 1452 1093 494 1450
4 1053 462 464 1420
4 1053 1422 1420 464
4 987 489 487 1445
4 791 410 2149 2193
4 1430 607 472 2021
4 862 1608 992 1820
4 950 397 1355 951
4 831 404 832 2178
4 1857 1930 1924 2231
4 972 899 966 2231
4 1086 1995 1568 2044
4 1109 520 522 2067
4 1996 2139 1038 2185
4 549 547 1505 2138
4 1811 853 2158 2179
4 1504 546 1505 2213
4 2046 1076 610 2034
4 1568 2046 610 2034
4 1078 729 1032 1990
4 729 2036 1687 1990
4 438 1396 1227 2112
4 1494 1495 1493 537
4 1421 463 1422 1423
4 1724 1808 2183 2229
4 1430 472 470 2021
4 1818 469 467 1427
4 987 489 1445 1447
4 1950 1427 469 1818
4 1950 469 992 1818
4 2051 1572 1093 1450
4 2052 1082 1681 1094
4 614 2052 1042 1094
4 543 1499 542 541
4 1045 674 1632 2132
4 1860 1348 390 1861
4 379 2176 1337 2231
4 704 705 1623 665
4 522 1109 2067 2117
4 1442 483 485 1441
4 1023 741 740 1981
4 474 472 473 1432
4 650 1608 862 2171
4 1816 1818 1817 2159
4 858 859 860 2159
4 414 2174 713 2195
4 1422 1053 1420 2011
4 1709 1093 2045 2051
4 546 547 1505 2213
4 483 1440 1439 1441
4 498 1099 616 2057
4 480 479 481 1437
4 650 862 864 2171
4 1820 1608 1822 2171
4 485 1442 1444 484
4 967 2134 711 2154
4 1669 2134 1925 2154
4 2081 2078 1120 2131
4 648 929 926 1883
4 1886 1883 648 1606
4 1426 606 1424 1564
4 746 1704 1661 1976
4 1965 1227 1396 2112
4 729 2046 1088 2191
4 865 1949 1824 1823
4 585 583 1543 2218
4 536 538 1494 537
4 1956 932 929 1886
4 914 1873 1871 915
4 2040 614 2052 1572
4 614 2040 2052 1082
4 1346 1881 389 1882
4 1572 1093 2000 2051
4 462 1053 605 1420
4 1701 743 1023 2180
4 1756 798 2151 2205
4 380 937 865 2186
4 1895 1338 1823 2186
4 1881 925 927 924
4 1886 648 1887 1606
4 1883 929 932 1886
4 723 1995 1086 1681
4 1995 723 1086 1037
4 1564 606 1055 2180
4 2013 1564 1055 2180
4 2059 1047 616 1101
4 992 1608 1950 1820
4 1338 2171 1823 2186
4 380 865 2171 2186
4 1793 1794 1367 2155
4 441 1629 671 2120
4 479 480 478 1437
4 463 465 464 1423
4 441 1106 2064 2116
4 1440 1078 2034 482
4 1824 866 865 2171
4 1087 1101 751 2059
4 1890 933 927 1891
4 1446 489 1445 488
4 1942 984 2146 2230
4 1044 2002 1038 2185
4 2002 1996 1038 2185
4 880 1846 879 2143
4 1053 1420 2011 1563
4 1420 1053 605 1563
4 2001 1623 1043 596
4 1428 1430 470 2021
4 389 932 1346 1883
4 773 412 774 2196
4 1732 1370 1731 2196
4 1424 468 606 1426
4 1433 475 991 1824
4 1949 1433 991 1824
4 2005 616 1099 2057
4 1061 1023 743 2180
4 1981 2019 1701 2180
4 903 902 390 1860
4 464 1055 1053 2013
4 1087 616 2059 1574
4 1574 2059 1087 2045
4 712 414 713 2195
4 1529 1528 1530 2184
4 570 571 572 2184
4 1949 991 865 1824
4 768 2187 1726 2229
4 1909 1908 1355 950
4 546 548 897 2138
4 1474 1472 515 1473
4 1445 1945 987 1447
4 1072 741 2021 1699
4 1072 741 1063 2021
4 2090 1788 1132 2084
4 469 1429 1427 1950
4 1429 469 992 1950
4 998 932 929 1956
4 538 1497 537 539
4 2063 1398 1105 2115
4 596 598 1556 2188
4 1429 992 1608 1950
4 1428 2021 470 2221
4 2002 1038 1996 2192
4 1038 2002 1044 2192
4 772 2187 871 2219
4 1730 1829 2187 2219
4 475 1433 1431 1824
4 494 1452 1450 1451
4 493 1450 494 492
4 608 1069 478 1436
4 485 1444 487 486
4 1119 838 1096 2054
4 1608 862 992 650
4 1017 2020 1975 2181
4 1062 2020 1017 2181
4 606 1564 1426 2221
4 1093 751 1042 2000
4 1093 751 2000 1709
4 2021 1430 607 1565
4 607 1063 472 2021
4 1029 1072 607 1565
4 1942 2146 1413 2230
4 984 455 2146 2230
4 1563 2020 460 1418
4 1094 2052 1042 2206
4 1724 2183 766 2229
4 2034 482 1078 1076
4 1529 571 2143 2184
4 484 1568 2034 1442
4 1495 1494 1496 537
4 496 1574 2045 1454
4 1981 1701 1023 2180
4 488 487 489 1445
4 1441 485 648 483
4 902 903 905 1860
4 980 1603 645 2209
4 864 865 866 2171
4 1822 1824 1823 2171
4 1063 470 472 2021
4 969 1983 1025 2126
4 1078 608 480 1438
4 2030 1565 1029 1987
4 1422 464 1053 2013
4 1367 1794 836 2155
4 484 2034 482 1442
4 486 484 485 1444
4 1069 476 478 1436
4 1780 407 823 1365
4 489 1446 1445 1447
4 862 863 2171 2208
4 1820 2171 1821 2208
4 1789 830 404 1788
4 2044 488 1082 1446
4 1883 1346 389 1882
4 1975 1017 2181 2185
4 1512 2137 1511 2172
4 553 2137 554 2172
4 1443 1885 487 1445
4 1126 1132 830 2084
4 471 469 992 1429
4 1497 1495 1496 537
4 697 2176 979 2204
4 1937 2176 1655 2204
4 621 2088 1130 2168
4 961 703 746 2207
4 831 1126 830 2084
4 470 2021 1063 2221
4 1443 487 1444 1445
4 772 871 786 2219
4 1730 1744 1829 2219
4 1513 1511 1512 2137
4 553 555 554 2137
4 471 992 650 1429
4 1429 992 650 1608
4 751 2059 1101 2210
4 468 606 1426 2221
4 1499 542 1498 1500
4 534 535 536 2224
4 1493 1492 1494 2224
4 1072 741 1699 2182
4 538 1496 1494 537
4 2020 460 605 1563
4 1885 987 487 1445
4 471 473 1430 1429
4 2036 608 1438 1566
4 866 991 475 1824
4 1047 1715 1099 757
4 1715 1047 1099 2005
4 1053 1422 2013 2011
4 1411 2146 1942 2204
4 453 984 2146 2204
4 2040 2044 1082 1446
4 991 866 865 1824
4 791 794 410 2193
4 407 1292 1315 1365
4 414 1372 1670 1200
4 1200 1670 414 1198
4 1062 460 605 2020
4 932 389 926 1883
4 932 926 929 1883
4 1623 1662 1663 705
4 701 1051 1017 2009
4 609 711 967 2134
4 1567 1925 1669 2134
4 2088 2130 1130 2168
4 1429 473 1430 1431
4 847 2197 848 2233
4 1806 2197 1805 2233
4 774 2156 1732 2196
4 1662 1622 704 592
4 494 1087 1093 1452
4 1432 607 472 1430
4 538 1497 1496 537
4 475 473 866 1824
4 473 475 1431 1824
4 1265 1242 1355 397
4 1258 1265 1355 397
4 1965 1396 2074 2112
4 1543 583 1541 2218
4 473 1432 1430 1431
4 650 1429 473 471
4 1429 650 473 1608
4 1436 608 2027 1566
4 608 1069 1436 2027
4 1789 831 830 2084
4 1861 1348 390 1862
4 932 1956 1889 1886
4 1314 409 835 1367
4 744 1303 1307 1702
4 1441 485 1442 1443
4 1623 1662 705 704
4 1787 1362 404 1788
4 1078 2034 1076 729
4 2036 2034 729 1687
4 925 389 1881 1882
4 905 1860 1861 1863
4 1566 2036 608 1990
4 482 1442 2034 1440
4 1889 1346 932 1883
4 932 1889 1883 1886
4 1431 1429 473 1608
4 1823 2171 865 2186
4 604 1409 1562 2123
4 1871 904 390 1862
4 1860 390 903 1861
4 979 2230 1937 2231
4 490 489 491 1448
4 1343 1912 1827 385
4 934 933 1350 1891
4 1912 1827 954 2119
4 608 1078 1032 1990
4 1441 1606 648 1443
4 440 684 1398 2157
4 772 1730 2187 2219
4 694 2009 1051 2227
4 1632 2003 1045 2132
4 1985 1649 1996 2192
4 691 1027 1038 2192
4 650 1824 473 1608
4 1054 1018 703 2207
4 1661 1976 2012 2207
4 1436 1069 476 2027
4 384 1180 1147 1342
4 1589 1141 814 2099
4 486 1086 610 1444
4 847 416 848 2197
4 1374 1805 1806 2197
4 1563 460 1420 1418
4 2045 1093 1087 1452
4 1603 908 645 2209
4 1815 1176 857 1174
4 713 2174 1671 2195
4 1883 389 926 1882
4 2046 729 1076 2034
4 2034 2046 729 1687
4 489 987 647 1447
4 515 513 1933 1473
4 1069 476 2027 2232
4 1749 791 2149 2193
4 462 605 460 1420
4 954 1827 1912 385
4 1622 1662 1550 592
4 2046 610 1995 1568
4 904 913 914 1871
4 684 1983 1025 2115
4 1554 1552 1623 2144
4 594 596 665 2144
4 1824 650 473 866
4 1824 1431 473 1608
4 2020 701 1017 1975
4 1017 1062 701 2020
4 1158 863 1821 1171
4 2030 1987 1029 2182
4 610 484 1568 2034
4 484 610 1076 2034
4 1233 438 1396 1227
4 1975 2181 1561 2185
4 1017 603 2181 2185
4 1088 1995 610 1037
4 1860 903 905 1861
4 862 861 863 2208
4 1820 1821 1819 2208
4 1568 1086 1444 610
4 1319 1317 404 1362
4 404 1312 1319 1362
4 2044 1082 1681 2040
4 1870 902 905 1860
4 1362 1317 404 1790
4 723 1086 1082 1681
4 1640 682 443 2189
4 2034 484 482 1076
4 979 2176 379 2231
4 1937 1337 2176 2231
4 1093 614 492 1450
4 1885 1945 987 1445
4 1480 522 524 1481
4 1452 1451 494 2209
4 499 500 498 1458
4 1456 499 498 1458
4 1420 605 460 1563
4 1995 610 1086 1568
4 1194 847 1805 1195
4 1612 1811 1924 2179
4 451 604 449 2123
4 1409 1407 1562 2123
4 1994 2086 1128 401
4 607 472 474 1432
4 1995 610 1037 1086
4 2013 1055 1053 2180
4 1355 1258 397 950
4 1882 927 987 1945
4 1719 761 2183 2226
4 2012 605 1976 1563
4 1667 2086 1666 1128
4 1082 2052 1681 2040
4 2052 614 1042 1572
4 2009 1017 701 1975
4 1471 1933 513 1473
4 862 2171 1820 2208
4 926 928 1883 1882
4 1094 723 1082 1681
4 1043 1556 643 2001
4 1556 1043 643 598
4 1652 2009 694 2227
4 384 1180 1342 1814
4 614 1093 1572 1450
4 1207 1829 1211 871
4 927 1882 1884 1945
4 389 925 926 1882
4 1945 987 1882 1885
4 926 928 648 1883
4 1606 1883 648 1885
4 1132 2090 2084 1915
4 1882 1881 927 1884
4 1448 489 491 1447
4 2057 1574 498 1456
4 1323 1928 2108 2110
4 1082 490 614 1448
4 1191 1186 1808 850
4 485 1441 648 1443
4 746 1704 1976 2180
4 1969 1846 1845 879
4 1323 2108 970 2110
4 545 547 546 2213
4 1504 1505 1503 2213
4 1574 1087 496 2045
4 616 1087 496 1574
4 1430 1432 607 1565
4 2012 701 1062 2020
4 542 1499 1498 541
4 1629 441 1399 2120
4 2000 2052 1042 1572
4 685 686 1336 378
4 1450 493 494 1451
4 1336 1643 686 685
4 1983 1927 969 2115
4 1436 608 1438 478
4 1053 2011 1976 1563
4 1976 605 1053 1563
4 485 928 487 1885
4 1885 487 485 1443
4 2000 751 1707 1709
4 1605 987 927 1945
4 1884 1890 927 1891
4 2046 729 1687 2191
4 1945 1605 987 1447
4 1885 648 1606 1443
4 2031 1355 1914 397
4 941 1902 1357 944
4 1667 1666 1665 709
4 704 1662 592 2144
4 1915 1474 1472 2190
4 957 514 516 2190
4 751 1093 1087 2045
4 1444 485 487 1443
4 1550 1548 1622 592
4 2001 1601 1556 643
4 691 1027 2128 2153
4 1649 2128 1985 2153
4 1937 1655 1942 2204
4 984 697 979 2204
4 1354 915 1873 1874
4 927 1884 1605 1945
4 1622 664 704 592
4 1642 684 1398 2115
4 614 1093 1042 1572
4 2020 605 2012 1563
4 928 987 487 1885
4 1965 1227 1007 2129
4 889 1341 1986 1028
4 397 956 2031 1073
4 1093 1709 2045 751
4 1662 2094 1663 1136
4 1568 484 1444 1442
4 686 1643 2003 685
4 1045 686 2003 685
4 1860 905 1870 1863
4 665 1083 1623 1043
4 2025 846 1067 844
4 1369 411 2114 2177
4 925 927 987 1882
4 453 2125 971 2204
4 1929 2125 1411 2204
4 1466 509 510 1468
4 1043 686 2001 643
4 506 1096 838 2054
4 2012 1062 605 2020
4 1446 490 1082 1448
4 1507 1505 1506 2138
4 548 547 549 2138
4 925 1881 927 1882
4 1574 498 616 2057
4 1442 485 1444 1443
4 2000 1042 1093 1572
4 616 2005 2059 1574
4 1132 1126 957 2084
4 987 928 925 1882
4 1846 880 1596 2184
4 1336 1643 1644 686
4 1558 1070 1601 2028
4 1950 1820 1817 2208
4 992 859 862 2208
4 1166 944 1165 1902
4 1167 1168 924 1881
4 2020 1659 701 1975
4 1450 490 491 1448
4 928 926 925 1882
4 1572 2040 614 1448
4 2040 1082 614 1448
4 830 829 1788 1786
4 1873 914 1871 1872
4 1942 1413 1613 2230
4 984 655 455 2230
4 2059 751 1087 2045
4 1912 2119 954 2152
4 2011 2013 1053 2180
4 1082 488 490 1446
4 478 480 608 1438
4 1047 757 755 1715
4 1715 755 1047 2005
4 987 928 1882 1885
4 2003 686 1045 643
4 682 1640 443 2110
4 1601 2001 1644 686
4 1601 2001 686 643
4 2005 616 2059 1047
4 2059 1709 751 2045
4 928 1883 1882 1885
4 513 515 514 2190
4 848 2197 1806 2233
4 1168 1161 933 1890
4 1662 1550 592 2144
4 1643 686 2003 1644
4 491 492 490 1450
4 577 2142 1535 2215
4 1891 927 1884 1605
4 1470 1471 1469 2190
4 511 513 512 2190
4 1642 1402 1398 2157
4 684 440 444 2157
4 493 495 494 2209
4 1452 1453 1451 2209
4 1883 928 648 1885
4 1258 1355 1908 950
4 499 1456 498 2209
4 1054 2012 1976 2207
4 1054 1976 1018 2207
4 497 499 498 2209
4 1350 934 1939 392
4 607 1432 474 2232
4 880 879 570 2143
4 515 513 975 1933
4 807 808 1764 806
4 509 510 508 1466
4 1845 1846 1528 2143
4 1861 904 390 903
4 616 2005 1574 2057
4 1142 1871 1143 913
4 1082 2040 1446 1448
4 1120 2077 834 1119
4 485 648 928 1885
4 485 648 1885 1443
4 608 1436 1438 1566
4 1715 1099 757 2111
4 538 1498 1497 539
4 701 1659 2009 1975
4 1786 1788 1132 2090
4 1447 491 647 489
4 2003 1601 1644 686
4 686 2003 1601 643
4 590 664 1622 592
4 590 1622 1548 592
4 456 2181 603 2185
4 1561 2181 1414 2185
4 846 1802 1804 843
4 1797 822 839 1783
4 1168 933 924 1881
4 941 399 944 1357
4 1062 1017 458 2181
4 2020 1416 1975 2181
4 607 1565 1432 2232
4 513 1469 1471 2190
4 437 1325 1327 2115
4 1047 616 1099 2005
4 2052 2000 1042 2206
4 701 2012 1659 2020
4 1108 2066 1330 2110
4 933 1168 1890 1881
4 829 1787 1788 1786
4 1251 1632 685 674
4 1925 2154 2134 2188
4 2134 2154 967 2188
4 1937 2176 979 2231
4 1739 2133 1738 2217
4 933 934 927 1891
4 1498 1499 1497 539
4 2086 1667 1994 1128
4 484 486 610 1444
4 1788 830 1132 2084
4 605 2012 1976 1054
4 1018 1054 605 1976
4 904 1861 390 1862
4 984 1942 2146 2204
4 1532 1830 2142 2184
4 987 1605 927 647
4 1788 1789 830 2084
4 1498 1499 539 541
4 830 829 404 1788
4 1482 1480 524 1481
4 1605 647 987 1447
4 1054 701 1062 2012
4 2088 621 518 1476
4 1096 506 508 2054
4 1357 1165 944 1902
4 1395 1327 1325 2115
4 1937 1856 1337 2231
4 979 379 898 2231
4 1583 1511 1513 555
4 1099 1091 757 2111
4 912 902 905 1870
4 1128 1666 1667 709
4 957 1474 1915 2190
4 751 1709 2059 2210
4 605 1976 1053 1018
4 957 621 1915 1474
4 1568 484 610 1444
4 924 389 1167 1881
4 846 1802 2025 1804
4 701 1659 2012 2207
4 2090 1132 621 1915
4 1499 541 543 634
4 1556 598 643 2202
4 493 494 1451 2209
4 1062 2012 605 1054
4 1596 1846 1832 880
4 933 1161 1350 1890
4 1161 1153 392 1350
4 1999 1913 2216 2217
4 1041 2216 955 2217
4 516 1474 957 2190
4 883 2142 1830 2184
4 522 2067 1478 1480
4 936 386 985 2186
4 1344 1894 1943 2186
4 621 957 516 1474
4 2001 1623 1083 1043
4 1354 396 915 1874
4 516 518 621 1474
4 1496 1498 1497 538
4 443 1640 1401 2110
4 960 409 1367 2214
4 647 927 934 1891
4 647 927 1891 1605
4 590 589 1547 2166
4 1530 1846 1596 2184
4 1258 1393 1259 435
4 1054 701 2012 2207
4 2003 2028 1601 1070
4 2133 2217 1739 2222
4 781 2217 2133 2222
4 1663 1136 2094 2152
4 961 1309 1304 1919
4 684 1642 1983 2115
4 1863 1861 905 1600
4 643 1601 1556 2202
4 868 1343 1827 385
4 1497 537 539 637
4 1787 404 829 1788
4 475 1433 477 2232
4 2064 1106 1235 2116
4 829 830 828 1786
4 1564 606 1981 2221
4 1476 621 518 1474
4 522 2067 1480 2117
4 2003 1045 1070 643
4 1511 1583 553 555
4 1110 838 1049 2113
4 492 491 493 1450
4 1120 2078 2077 2131
4 825 839 822 1783
4 1797 1780 822 1783
4 1493 535 1587 2224
4 1397 1928 1329 2110
4 746 1976 1018 2180
4 1549 589 1571 1547
4 950 1355 1909 951
4 1873 915 914 1874
4 501 502 500 1458
4 1258 1908 435 950
4 1161 392 933 1350
4 1242 1914 1355 397
4 1498 540 542 541
4 614 490 1450 1448
4 2088 1579 621 1476
4 1165 944 399 1357
4 1119 1794 838 2077
4 889 1837 1982 888
4 677 1635 443 2189
4 1982 1024 889 888
4 1871 914 904 1862
4 1143 1146 915 1873
4 642 1861 905 903
4 1555 2134 1554 2188
4 596 2134 597 2188
4 1166 990 944 1902
4 469 467 1427 2221
4 1595 1495 1497 537
4 592 1550 1549 2144
4 493 1892 1451 1449
4 880 638 1596 2184
4 1584 1505 1507 549
4 614 490 492 1450
4 1070 1601 2003 643
4 915 913 1143 1871
4 741 1063 2021 2221
4 390 1871 1142 913
4 2063 1105 1331 2115
4 451 632 2128 2139
4 1590 1409 2128 2139
4 2017 2088 1579 2168
4 1059 621 1130 2168
4 2025 846 398 1067
4 583 2140 1541 2218
4 588 589 590 2166
4 1546 1548 1547 2166
4 1837 889 1982 1838
4 1662 1552 1550 2144
4 704 592 594 2144
4 838 1119 2077 2054
4 1846 1969 880 879
4 440 1398 684 2115
4 1447 491 1448 1449
4 547 549 1505 626
4 677 1298 1306 1635
4 1990 2169 1032 2220
4 1269 1273 1629 671
4 1704 1705 1976 2180
4 746 1018 747 2180
4 1975 1414 1561 2181
4 1017 603 456 2181
4 1780 1783 1781 2130
4 511 1469 513 2190
4 1258 1908 1393 435
4 404 1312 1362 1787
4 1450 1572 614 1448
4 407 1780 823 822
4 495 980 645 2209
4 1938 1453 1603 2209
4 1341 889 383 1028
4 1838 1341 1986 889
4 407 1365 824 2130
4 1480 521 522 1481
4 1474 515 517 1473
4 1667 1994 1128 709
4 1937 2230 1857 2231
4 979 899 2230 2231
4 389 1167 1881 1346
4 1023 1981 606 2221
4 1579 1915 621 1474
4 523 524 522 1481
4 1476 1579 621 1474
4 1341 1024 889 1982
4 1083 1623 705 665
4 1551 1664 1913 2144
4 735 2164 1693 2220
4 944 990 999 1902
4 1548 590 1547 2166
4 1458 502 1460 1459
4 1447 1605 647 1449
4 1478 2088 518 1476
4 1359 1743 2086 401
4 1397 2108 1928 2110
4 970 2108 439 2110
4 1599 1837 1838 2200
4 1982 1837 1836 888
4 1024 1982 1836 888
4 980 1938 1603 2209
4 524 522 1480 2117
4 1871 390 1142 1348
4 1942 1929 1411 2204
4 453 971 984 2204
4 521 1479 2101 2106
4 914 1862 973 904
4 1251 1632 1643 685
4 1927 1983 969 2126
4 1862 1871 914 1872
4 1315 827 407 1365
4 1551 1549 1550 2144
4 592 591 593 2144
4 878 879 1845 2135
4 516 515 517 1474
4 1024 1341 889 383
4 1341 1838 1982 889
4 1873 915 1143 1871
4 1292 407 1780 1365
4 1498 538 540 539
4 1662 2094 1136 2119
4 2002 2009 1561 2185
4 407 823 1365 2130
4 955 1913 593 591
4 2084 957 1132 1915
4 1323 1329 1928 2110
4 969 1325 437 2115
4 1069 2027 1693 2232
4 1395 1325 1927 2115
4 1863 905 1870 1941
4 1069 1693 735 2232
4 1144 902 1145 1860
4 1142 902 1144 1860
4 956 2031 1914 397
4 1525 567 620 2203
4 1756 798 1757 2151
4 539 540 1498 541
4 589 2004 1547 2166
4 1891 934 647 1892
4 1892 647 1891 1605
4 887 1024 1836 888
4 1478 518 519 1476
4 1794 1119 838 836
4 785 2086 1743 401
4 1261 1260 1804 846
4 491 1447 647 1449
4 2074 1965 2112 2129
4 1997 1336 2041 378
4 1032 2169 731 2220
4 1689 2169 1990 2220
4 934 1350 1939 1891
4 493 935 1892 1449
4 935 493 491 1449
4 1458 1456 499 1457
4 1466 508 509 1465
4 1243 1276 1343 385
4 846 2025 398 1804
4 887 1836 2140 2218
4 1083 686 2001 1043
4 1468 1466 509 1467
4 1605 1892 647 1449
4 574 2142 883 2184
4 2004 2006 587 1048
4 868 1825 1343 385
4 1794 836 838 2214
4 814 2099 1141 813
4 1120 1791 833 2178
4 885 1833 1974 884
4 2041 1336 686 378
4 880 881 1596 638
4 791 792 1749 2149
4 2033 1075 567 2143
4 491 1450 1448 1449
4 1596 638 883 2184
4 441 1629 1273 671
4 1862 914 973 1872
4 443 677 1306 1635
4 990 1166 1948 1902
4 1743 401 1359 2222
4 705 1662 1663 1136
4 1835 1977 1980 1022
4 1451 1450 493 1449
4 1497 1499 2072 539
4 2001 2041 1644 686
4 1344 1152 386 1172
4 1912 1343 1276 385
4 771 772 1730 2187
4 916 915 396 1874
4 903 904 907 1861
4 1643 1252 1251 685
4 500 1458 502 2111
4 1392 434 959 1877
4 1640 2108 682 2118
4 1836 1835 887 2194
4 2001 1623 2041 1083
4 1499 539 541 1114
4 960 409 1314 1367
4 1493 535 537 1118
4 2031 1355 397 951
4 1788 1132 830 1786
4 383 1024 1980 1022
4 935 647 934 1892
4 2033 567 1525 2143
4 1016 885 1974 884
4 774 777 1732 2156
4 973 1862 1872 1931
4 954 1912 1276 385
4 1136 705 1662 704
4 1980 1341 1982 1024
4 518 516 517 1474
4 1644 2041 1336 686
4 1369 411 758 2114
4 1339 1016 885 1974
4 2031 397 1073 951
4 389 932 1160 1346
4 1835 1982 1836 1024
4 390 1142 1348 1860
4 824 1365 1782 2130
4 1833 885 1974 1834
4 843 846 1802 844
4 647 935 491 1449
4 935 647 1892 1449
4 2041 705 1623 1663
4 1065 842 840 2117
4 1800 2023 1798 2117
4 1985 2128 1637 2153
4 679 2128 1027 2153
4 1632 1631 2003 2132
4 673 674 1045 2132
4 1861 904 907 1862
4 1917 1392 959 1877
4 919 959 434 1877
4 905 983 912 1870
4 607 1029 1565 2232
4 1476 518 517 1474
4 520 1478 2067 2130
4 1723 766 1724 2183
4 1902 1948 990 1957
4 785 401 1743 2222
4 1980 1341 1024 383
4 1167 389 1160 1346
4 1350 978 392 1939
4 608 1990 1032 2220
4 1837 1836 888 2218
4 1549 591 592 2144
4 1590 2128 1985 2139
4 1027 2128 632 2139
4 1833 1830 1974 884
4 1603 1866 908 2209
4 1141 2099 1773 813
4 443 1401 2066 2110
4 1785 827 1365 2168
4 589 1549 1571 591
4 613 589 1571 591
4 1500 1498 2080 542
4 1016 1974 1830 884
4 1556 1555 1554 2188
4 596 597 598 2188
4 995 1926 968 2116
4 1320 1108 443 2066
4 392 981 934 1939
4 1480 1482 524 2117
4 1016 1339 885 381
4 1658 2012 1659 2207
4 1054 700 701 2207
4 797 799 798 2151
4 1755 1756 1757 2151
4 881 1596 1832 880
4 2077 1119 1120 2131
4 1933 513 646 1471
4 1343 868 1827 1826
4 511 509 918 1469
4 1024 1836 1835 887
4 957 621 1132 1915
4 1493 1495 2076 537
4 1863 906 1600 905
4 1460 502 1458 2111
4 910 645 980 1603
4 1344 998 1172 386
4 1535 1537 1575 579
4 1857 1937 1613 2230
4 655 979 899 2230
4 1834 1974 1339 885
4 579 1537 2014 2140
4 1923 2139 1996 2185
4 1038 2139 965 2185
4 839 1797 1783 1798
4 497 645 908 2209
4 1603 1455 1866 2209
4 1830 2142 883 2215
4 1079 2037 608 2220
4 1800 1798 842 2117
4 1693 2164 1691 2220
4 733 2164 735 2220
4 1532 1596 1830 2184
4 1142 390 902 1860
4 539 1499 2072 1114
4 1466 506 508 1465
4 1802 846 2025 844
4 518 520 1130 1478
4 1469 1468 509 1467
4 385 868 1825 867
4 1596 883 1830 2184
4 1835 1980 1024 1022
4 897 628 896 2138
4 1586 1855 1854 2138
4 1170 990 1166 1948
4 567 1075 2033 620
4 1549 1913 1571 591
4 1872 1873 914 1874
4 886 887 1835 2194
4 887 888 1836 2218
4 1616 2121 658 2127
4 2048 1583 1513 555
4 1980 1982 1835 1024
4 1927 1325 969 2115
4 1469 509 1876 1467
4 1876 918 509 1469
4 1426 467 468 2221
4 897 896 1855 2138
4 1861 642 905 1600
4 824 1782 1365 2168
4 1478 521 522 1480
4 1548 1550 1549 592
4 973 907 904 1862
4 1450 491 493 1449
4 1872 973 1598 914
4 1892 1938 493 1451
4 1836 1597 1835 2194
4 1308 411 758 1369
4 1662 704 1622 2119
4 886 639 887 2194
4 1874 914 1872 1598
4 1671 713 716 2174
4 567 2033 1525 620
4 2079 1121 808 2198
4 739 741 1072 2182
4 1699 1697 2030 2182
4 1399 441 2064 2116
4 1090 625 2048 555
4 1242 1239 1914 956
4 1748 1749 1750 2149
4 791 790 792 2149
4 1547 590 1549 589
4 1649 1985 1637 2153
4 691 679 1027 2153
4 998 1344 1172 1956
4 808 1117 1764 806
4 1484 2093 1800 2117
4 842 1135 526 2117
4 1146 1169 396 1354
4 396 1169 1163 1354
4 1901 975 1877 1933
4 1914 1242 956 397
4 537 2076 1493 1118
4 932 1160 1346 1889
4 520 518 519 1478
4 1476 519 1478 1477
4 1229 968 1926 2116
4 973 1872 1598 1931
4 1972 1339 1974 1016
4 841 1800 1798 842
4 624 1115 2073 2225
4 1977 1835 886 1022
4 1977 886 1019 1022
4 1543 2006 585 2166
4 803 802 804 2201
4 1132 828 830 1786
4 1730 1050 2008 2219
4 1873 1146 915 1354
4 1762 2069 1760 802
4 1312 404 829 1787
4 1719 761 1722 2183
4 572 638 880 2184
4 955 1666 1664 1913
4 883 1016 1830 884
4 1105 1398 440 2115
4 2086 785 1743 2216
4 513 646 975 1933
4 2067 520 522 1478
4 1271 1986 1341 1028
4 535 1587 1118 1493
4 1511 1583 2053 553
4 2081 1916 2078 2131
4 1482 525 524 1484
4 886 1024 1835 887
4 829 1785 1787 2168
4 711 1669 1030 2154
4 1734 1732 1735 2156
4 774 776 777 2156
4 1529 1577 571 2184
4 1392 943 434 1877
4 547 1505 2061 626
4 1800 1113 1484 842
4 549 1097 2055 626
4 1948 1358 990 1778
4 1358 1179 400 1183
4 915 916 914 1874
4 1804 1261 846 843
4 617 579 2014 1056
4 1877 975 646 1933
4 1852 1853 894 2138
4 521 523 522 1481
4 825 839 1783 840
4 542 1585 1500 2213
4 1487 528 529 527
4 1834 1597 1833 2194
4 1039 1997 2041 378
4 2041 1083 1039 378
4 2006 585 1048 615
4 1848 1849 890 2137
4 590 1548 1549 592
4 686 2001 2041 1083
4 1113 1800 1484 2071
4 1154 1956 998 1172
4 1507 2055 1584 549
4 1988 1030 1669 2154
4 640 973 914 1598
4 498 1456 1574 2209
4 677 443 682 2189
4 1870 1145 902 1860
4 1114 541 1499 634
4 1231 968 1229 2116
4 1972 1339 1016 381
4 969 437 1025 2115
4 1983 1395 1927 2115
4 905 983 1870 1941
4 1874 640 914 1598
4 640 1874 914 916
4 1253 1980 1977 1022
4 579 1575 1535 577
4 1915 621 2090 1579
4 1548 1622 590 2119
4 664 590 1622 2119
4 917 1354 1874 396
4 499 501 500 1458
4 870 2133 783 2219
4 1741 2133 1828 2219
4 1629 441 1273 1399
4 2072 539 637 1497
4 1401 443 1306 1635
4 2054 506 508 1466
4 2002 1923 1996 2185
4 1044 1038 965 2185
4 943 919 434 1877
4 1481 1480 521 1479
4 1598 1465 973 1931
4 706 707 609 2134
4 1664 1567 1665 2134
4 1083 2041 686 378
4 638 1831 1596 883
4 1014 1972 1016 381
4 509 1876 640 918
4 1876 509 640 1467
4 1802 1801 1804 843
4 973 907 1862 1931
4 827 1312 1785 1316
4 1996 1590 1985 2139
4 1027 632 1038 2139
4 1231 1229 1926 2116
4 848 901 1806 2197
4 687 1645 604 2223
4 396 959 917 1354
4 919 943 975 1877
4 1773 1141 1589 2099
4 602 1560 1070 2202
4 2073 1803 1115 624
4 1726 768 770 2187
4 878 635 879 2135
4 1845 1593 1844 2135
4 434 943 1392 1897
4 1939 934 1891 1892
4 1056 581 2014 1052
4 836 837 838 2214
4 1794 1796 1795 2214
4 1833 1830 884 2215
4 1467 1466 509 1465
4 502 1460 503 2113
4 1785 829 827 2168
4 493 935 1938 1892
4 583 585 1543 615
4 1117 1764 2075 808
4 590 1547 1549 1548
4 640 1876 1874 918
4 2048 555 1513 2147
4 1852 894 1940 2172
4 1067 1803 2025 844
4 1794 838 2077 1796
4 903 907 642 1861
4 1831 1974 1830 1016
4 1928 1335 1323 2126
4 621 1579 2088 2168
4 2069 1762 1111 802
4 886 1835 1024 1022
4 1846 1969 1832 880
4 473 474 1432 2232
4 1595 2076 1495 537
4 1358 990 1170 1948
4 2041 705 1083 1623
4 1825 1343 1826 868
4 664 1622 704 2119
4 529 1129 1487 631
4 1560 602 2124 2202
4 1559 1560 2124 2202
4 601 2124 602 2202
4 1460 502 503 1459
4 1547 589 1571 2217
4 1323 377 970 2126
4 1830 883 884 2215
4 908 645 1867 1603
4 1784 2067 1478 2130
4 520 1109 826 2130
4 901 1806 2035 1077
4 508 2054 1466 2131
4 574 883 638 2184
4 685 1336 1252 378
4 792 2056 1098 791
4 1336 685 1252 1643
4 1598 1876 640 1467
4 1640 1954 2092 2110
4 1134 996 682 2110
4 1997 705 2041 1663
4 829 1787 1786 2168
4 527 529 1487 631
4 1367 1918 960 2214
4 659 2122 1617 2228
4 1730 772 1050 2219
4 1465 640 973 507
4 935 1939 1938 1892
4 890 994 1848 2163
4 838 1796 2068 1464
4 398 1804 1260 846
4 2048 1090 555 2147
4 640 1465 973 1598
4 2087 1487 1129 631
4 838 1796 1794 2214
4 507 509 508 1465
4 1969 1011 880 879
4 716 2043 1085 713
4 1834 885 886 639
4 919 975 646 1877
4 777 1732 2050 1092
4 635 877 876 2135
4 1843 1593 1842 2135
4 1473 517 1474 1475
4 501 502 1458 1459
4 1469 646 513 1471
4 2079 808 1121 629
4 1876 640 1874 1598
4 918 640 916 1874
4 838 2077 1796 2054
4 1114 1499 2072 634
4 1477 521 1478 1479
4 493 935 980 1938
4 1863 906 905 1941
4 1487 1485 1486 528
4 1537 2014 1575 579
4 1674 1580 2042 1084
4 1252 1336 1274 378
4 1493 2076 1587 1118
4 907 1861 1862 1865
4 1467 509 640 1465
4 1991 1033 868 2119
4 935 934 1939 1892
4 1590 1409 1978 2128
4 451 632 1020 2128
4 827 1315 1785 1365
4 1016 1830 1831 883
4 1800 842 1484 2117
4 1560 1641 1559 2124
4 602 601 683 2124
4 2086 1994 1359 401
4 1662 1136 704 2119
4 2085 391 896 1127
4 708 1665 709 707
4 2067 2117 1109 2130
4 396 915 1146 1354
4 539 2072 637 1114
4 1730 1050 771 2008
4 1903 435 1259 1393
4 764 2026 1068 761
4 1118 537 2076 637
4 1601 1558 1556 2202
4 643 598 600 2202
4 981 980 935 1938
4 1939 935 1938 981
4 2033 1075 901 620
4 1956 998 932 1154
4 1122 2080 1498 542
4 1478 519 521 1477
4 519 521 520 1478
4 1800 841 1113 842
4 1315 1316 827 1785
4 1077 848 1806 2233
4 1972 1974 1831 1016
4 1798 1783 839 840
4 1486 1484 2071 1113
4 592 1549 590 591
4 1639 2108 1640 2118
4 682 2108 681 2118
4 1741 1048 615 2006
4 509 507 640 1465
4 1799 2071 1800 1113
4 640 1598 1467 1465
4 2016 765 1058 766
4 882 1971 1972 1014
4 1749 2056 792 791
4 1279 1292 822 1780
4 1292 407 822 1780
4 935 934 981 1939
4 499 1864 1459 1457
4 1457 499 1866 1455
4 1066 2024 1577 764
4 955 2216 1913 2217
4 829 1786 828 2168
4 1877 1392 943 1901
4 1973 659 1617 2228
4 706 1665 708 707
4 2025 1804 1356 398
4 1867 645 910 1603
4 687 2127 1645 2223
4 975 1901 1877 943
4 923 2026 1721 1068
4 1323 1335 1328 2126
4 1092 777 1732 774
4 1019 1253 1977 1022
4 885 1339 1019 381
4 1977 885 886 1834
4 1339 1977 1834 885
4 2024 2142 1066 2184
4 1541 1543 1573 583
4 737 1072 1029 2182
4 2030 1695 1987 2182
4 1777 819 988 821
4 1865 1862 907 1931
4 1464 1463 1462 2113
4 506 504 505 2113
4 2004 1048 1741 2006
4 1855 2085 896 1127
4 2014 617 1056 770
4 590 1549 589 591
4 1165 399 1897 1357
4 1574 1454 496 2209
4 1577 2029 1529 571
4 1104 2062 1592 799
4 1671 2043 716 713
4 1164 959 1163 1917
4 1600 642 906 1459
4 517 1476 1474 1475
4 501 906 642 1459
4 1864 1600 906 1459
4 1830 1596 1831 883
4 902 912 1145 1870
4 1323 1328 377 2126
4 625 2048 777 1090
4 917 1917 1354 959
4 882 1972 1016 1014
4 646 917 919 1877
4 905 642 906 1600
4 2006 1543 585 615
4 2002 1996 1650 2192
4 1038 1044 692 2192
4 1665 707 706 2134
4 1902 941 1357 1899
4 906 1863 1600 1864
4 507 508 506 1465
4 833 1791 1123 2178
4 1897 943 1392 1901
4 943 434 939 1897
4 729 1088 727 2191
4 2046 1687 1685 2191
4 1358 400 990 1778
4 2035 620 901 1077
4 540 1122 1498 542
4 1719 2026 1722 761
4 383 1271 1341 1028
4 1491 1493 1587 2224
4 533 629 535 2224
4 932 1956 1154 1889
4 1740 1739 1738 2217
4 955 706 1664 708
4 1666 955 1664 708
4 2055 1097 792 626
4 1050 1730 771 772
4 659 1973 1015 2228
4 1666 1999 1913 2216
4 708 955 1041 2216
4 1077 901 1806 848
4 1720 1719 1722 2183
4 762 764 761 2183
4 1231 1926 1394 2116
4 604 1645 1562 2223
4 501 499 906 1459
4 1864 499 1459 906
4 783 870 780 2133
4 1741 1738 1828 2133
4 981 392 978 1939
4 436 968 1231 2116
4 1665 708 709 1666
4 917 916 396 1874
4 1617 659 668 2154
4 1743 2216 785 2222
4 1596 1832 1831 881
4 2042 1084 1580 2211
4 1832 881 1011 387
4 1260 1244 1356 398
4 1736 2043 1673 1085
4 885 1977 886 1019
4 1085 622 2043 716
4 1482 524 525 1481
4 1672 1671 1674 2174
4 713 714 716 2174
4 1339 1977 885 1019
4 1977 1835 1834 886
4 513 511 646 1469
4 1560 2109 602 2167
4 770 2016 617 1058
4 1724 1723 2016 766
4 1673 715 1085 2195
4 576 883 2142 2215
4 792 1098 2056 626
4 962 546 1504 2213
4 739 740 741 2160
4 1697 1699 1698 2160
4 1480 1478 521 1479
4 1908 1906 435 950
4 1057 968 1926 2129
4 777 2050 1583 1092
4 763 2161 923 2197
4 1917 959 917 1877
4 959 919 917 1877
4 1336 1997 1274 378
4 747 1053 1055 2180
4 2011 1705 2013 2180
4 1050 1741 615 2008
4 646 918 1875 1876
4 1874 1875 918 1876
4 2004 1545 1547 2166
4 2054 1796 838 1464
4 1666 1913 955 2216
4 431 1997 705 1039
4 2026 619 764 1068
4 918 646 511 1469
4 1540 2140 1836 2218
4 887 2140 582 2218
4 872 2136 873 2163
4 1841 2136 1847 2163
4 1665 706 708 1664
4 1664 1665 1666 708
4 1539 581 2014 2140
4 1604 1933 646 1471
4 1994 1667 1668 709
4 1179 400 1170 1358
4 524 1482 1484 2117
4 962 897 1504 546
4 1134 682 443 2110
4 2092 1401 1640 2110
4 705 1997 2041 1039
4 705 1039 2041 1083
4 874 633 875 2136
4 1600 503 642 1459
4 1170 400 990 1358
4 521 522 520 1478
4 501 642 503 1459
4 1831 1971 1972 882
4 577 2018 1575 1535
4 1068 2026 1721 2161
4 829 1785 1312 1787
4 1254 1972 1971 1014
4 1918 960 1314 1367
4 1933 646 1877 1604
4 1355 2031 1909 951
4 1459 1600 503 1461
4 1831 1832 1971 881
4 1571 589 613 2217
4 949 2073 1803 1115
4 838 1049 2113 2214
4 538 1494 1911 536
4 917 1874 918 916
4 638 882 1831 883
4 503 642 907 1600
4 1906 1393 1908 435
4 646 1876 1469 918
4 960 1314 1313 1918
4 1855 896 1854 2138
4 1113 1582 1799 2071
4 1243 1343 1825 385
4 867 1986 1272 1028
4 528 1487 1485 527
4 1832 1969 1345 387
4 873 872 633 2136
4 1841 1591 1847 2136
4 387 1345 1832 1013
4 2055 549 1507 2150
4 1600 1865 503 1461
4 1865 503 907 1600
4 1760 802 2069 2205
4 1728 1727 1726 2187
4 769 770 768 2187
4 706 1664 1665 2134
4 1938 910 980 1603
4 822 839 1279 1797
4 1861 907 642 1600
4 1562 2128 604 2223
4 1733 775 1092 2196
4 537 1497 1595 637
4 383 1980 1270 1022
4 1484 1486 1485 528
4 1154 1160 932 1889
4 1560 602 2109 2124
4 891 630 890 2137
4 1848 1588 1849 2137
4 843 1802 841 844
4 1733 1751 2050 1092
4 907 1861 1865 1600
4 1831 882 1016 883
4 1470 1469 1468 2131
4 511 512 510 2131
4 628 894 895 2138
4 1852 1586 1853 2138
4 978 392 1153 1350
4 1048 587 2004 1046
4 515 1933 1602 1473
4 535 629 1587 2224
4 2069 1592 1757 1111
4 1244 1259 1903 945
4 1529 1531 1577 2184
4 573 571 619 2184
4 1798 840 842 2117
4 968 1229 1926 2129
4 517 519 518 1476
4 1766 1587 2076 1118
4 1454 2045 496 2209
4 1786 2090 1132 2168
4 983 905 906 1941
4 1312 827 1785 829
4 1341 1980 1270 383
4 1983 2126 1647 2127
4 1972 882 1016 1831
4 1114 1762 2072 637
4 1145 912 1162 1870
4 741 1064 1063 2221
4 1486 1484 1113 528
4 999 941 944 1902
4 774 1732 1092 2196
4 1909 1906 1908 950
4 2084 1126 957 2190
4 2087 1129 814 631
4 2014 1056 1052 770
4 1141 1589 814 631
4 523 525 524 1481
4 2068 506 838 1464
4 799 1757 798 2151
4 1128 708 1666 709
4 840 841 1798 842
4 973 1465 1463 1931
4 499 1459 1458 1457
4 505 1463 506 2113
4 506 1463 1464 2113
4 808 1121 807 2198
4 1765 2079 1766 2198
4 751 1707 1709 2173
4 1589 1485 1487 527
4 1701 1698 1981 2160
4 1770 812 816 2148
4 1061 1055 606 2180
4 2013 2019 1564 2180
4 1547 2004 589 2217
4 1117 637 2075 804
4 1354 917 1874 1875
4 1133 684 1025 2115
4 2091 1983 1642 2115
4 1691 1693 1692 2164
4 733 734 735 2164
4 2018 2024 1066 764
4 1764 806 1117 2201
4 750 751 1101 2210
4 1708 2059 1709 2210
4 1272 1243 1825 867
4 1832 881 387 1013
4 1578 1523 1525 2203
4 565 620 567 2203
4 2071 1582 1486 1113
4 1098 791 2056 2193
4 1541 1573 2010 583
4 1911 1496 1494 538
4 1034 1994 1184 1992
4 1875 1877 646 1604
4 1877 646 917 1875
4 959 396 1163 1354
4 978 1350 1936 1939
4 1941 1863 906 1864
4 1484 525 524 526
4 1483 525 1482 1484
4 1917 917 1354 1875
4 387 1011 1967 1009
4 602 1070 600 2202
4 1866 1864 499 1457
4 1071 2033 1075 901
4 2089 1633 1399 2116
4 1716 1369 758 2114
4 2069 802 1111 2205
4 785 784 401 2222
4 1743 1359 1742 2222
4 1777 1358 400 1776
4 1845 878 1011 879
4 1971 882 1013 1014
4 1104 543 634 2213
4 771 1730 1729 2187
4 1973 659 668 1617
4 1095 1097 2055 551
4 1780 822 1279 1797
4 2031 956 922 1073
4 1855 2085 1127 962
4 973 1465 507 1463
4 1084 1674 2038 2042
4 502 501 503 1459
4 1584 1505 549 626
4 385 1825 1243 867
4 897 1504 1855 962
4 503 1460 1461 2113
4 1548 590 1991 2119
4 908 906 499 1866
4 921 391 2085 1127
4 1969 1832 1011 387
4 1803 1802 844 624
4 1459 503 1460 1461
4 2025 398 1904 1067
4 983 1870 1353 912
4 893 2137 892 2172
4 1850 2137 1851 2172
4 1878 1914 1239 956
4 1999 1571 1913 2217
4 613 1041 955 2217
4 1260 1356 1804 398
4 1978 2128 1562 2223
4 1020 604 2128 2223
4 527 1485 525 821
4 1483 821 1485 1779
4 1770 1772 1774 816
4 1459 499 1458 501
4 1876 1875 646 1604
4 646 918 917 1875
4 602 683 2109 2124
4 1560 2109 1641 2124
4 1874 917 918 1875
4 1723 765 766 2183
4 1345 1971 1832 1013
4 892 893 630 2137
4 1851 1850 1588 2137
4 978 1939 910 981
4 1127 896 1855 897
4 1877 917 1917 1875
4 1657 2009 1652 2227
4 694 1051 699 2227
4 1802 841 844 624
4 1589 1772 2099 814
4 1933 515 1602 975
4 1783 825 840 2117
4 1645 2121 1616 2127
4 687 658 2121 2127
4 1469 1604 646 1471
4 1749 2056 791 2193
4 435 1903 1259 945
4 1803 1802 2025 844
4 821 1485 1589 527
4 1485 821 1589 1779
4 906 908 983 1941
4 906 908 1941 1866
4 1498 1496 1615 538
4 758 1313 1310 1716
4 659 1973 668 1015
4 1487 2087 1589 631
4 2073 1115 949 2225
4 1665 1668 1667 709
4 1864 499 906 1866
4 1039 1274 1997 378
4 792 1750 1749 2149
4 711 1668 1030 1669
4 763 923 900 2197
4 1858 1893 1721 2197
4 527 1487 1589 631
4 1463 507 506 1465
4 1074 1069 735 2232
4 2032 1693 2027 2232
4 848 900 901 2197
4 1859 1858 1806 2197
4 981 910 980 1938
4 910 981 1939 1938
4 1938 1868 910 1603
4 687 2121 1645 2127
4 1117 2075 1764 2201
4 1714 2114 1715 2177
4 547 2061 1103 626
4 1261 1804 1801 843
4 1534 2142 1830 2215
4 2015 1057 1926 2129
4 1876 646 1469 1604
4 1583 625 553 555
4 843 1802 1801 841
4 434 959 1164 1392
4 1668 1030 1669 1988
4 1369 758 1308 1716
4 708 1666 955 2216
4 1484 1485 525 527
4 1466 1464 506 1465
4 729 727 728 2169
4 1685 1687 1686 2169
4 1310 1308 758 1716
4 769 772 771 2187
4 1730 1727 1729 2187
4 968 376 1229 2129
4 1477 1476 519 1475
4 1864 906 1941 1866
4 1229 1334 1926 2129
4 882 1831 1971 881
4 877 1843 1842 2135
4 1509 551 2055 2150
4 2008 615 1050 771
4 528 1485 1484 527
4 1866 908 1867 1603
4 973 907 1931 1463
4 847 1194 1805 2233
4 1778 1358 400 1777
4 1825 1986 1272 867
4 1339 1972 1245 381
4 777 778 1736 776
4 1013 1254 1971 1014
4 765 617 2016 1058
4 959 1164 1392 1917
4 1148 1165 939 1897
4 2053 625 1095 553
4 1132 2090 621 2168
4 399 1897 1357 1898
4 1994 1128 1036 401
4 1014 1245 1972 381
4 400 819 1777 1776
4 734 737 1029 2164
4 2054 838 506 1464
4 1163 959 1354 1917
4 2035 717 620 1077
4 544 546 962 2213
4 1504 1502 1920 2213
4 1991 590 1033 2119
4 1138 2101 519 2105
4 1927 969 1325 2126
4 1401 1320 443 2066
4 2031 1073 922 952
4 821 527 1589 631
4 684 1133 440 2115
4 1642 1398 2091 2115
4 1500 2080 1585 542
4 889 1986 1081 1028
4 432 1222 1390 2201
4 1870 983 1353 1941
4 2048 1090 1089 777
4 1040 1560 2028 1070
4 821 1483 1485 525
4 765 762 766 2183
4 1723 1724 1720 2183
4 1837 1540 1836 2218
4 887 582 888 2218
4 1658 1659 1657 2227
4 699 701 700 2227
4 662 668 659 2154
4 923 619 2026 1068
4 1783 840 1798 2117
4 1138 2105 636 2106
4 1594 2105 2096 2106
4 1732 777 1735 2156
4 657 1498 538 540
4 1668 1665 1669 711
4 842 1113 1484 526
4 576 884 883 2215
4 589 2004 1046 2217
4 391 1879 1878 921
4 2085 921 1127 962
4 1801 1266 1261 843
4 1736 1085 622 2043
4 2026 761 1719 2226
4 624 1486 1113 528
4 957 1915 2084 2190
4 1678 1681 1679 2162
4 720 721 723 2162
4 1239 1238 1878 920
4 1971 882 881 1013
4 1065 840 825 2117
4 1798 2023 1783 2117
4 1878 1914 956 922
4 1766 2075 1764 808
4 867 1081 1986 1028
4 2096 2105 2101 2106
4 1902 990 999 1957
4 1114 1762 634 2072
4 2069 1762 1592 1111
4 1992 1994 710 1034
4 1928 2108 1335 2126
4 377 2108 970 2126
4 668 1973 1386 1015
4 1939 1936 910 1868
4 1939 978 910 1936
4 1094 1042 722 2206
4 2052 1680 2000 2206
4 1117 2075 637 808
4 1118 1766 637 2076
4 1782 824 2130 2168
4 1206 1359 1203 401
4 624 1488 530 2225
4 503 1865 1463 1461
4 1865 503 1463 907
4 869 868 1033 2119
4 1918 2114 960 2214
4 1357 941 399 1898
4 776 715 778 2156
4 1673 1734 1736 2156
4 1165 399 939 1897
4 1668 1988 1382 1030
4 2039 1989 1599 2200
4 1031 1081 641 2200
4 1771 2099 1772 813
4 1473 517 1602 515
4 1481 525 1482 1483
4 506 2054 1464 1466
4 1271 1272 1986 1028
4 889 1081 1838 641
4 1803 845 1115 624
4 982 894 893 2172
4 1852 1940 1851 2172
4 996 681 682 2108
4 1639 1954 1640 2108
4 1485 525 1483 1484
4 526 1484 525 527
4 910 1939 1868 1938
4 517 519 1476 1475
4 808 1766 2079 2198
4 1011 1969 1845 879
4 2085 1879 391 921
4 1587 535 1118 629
4 1716 960 1918 2114
4 1803 844 845 624
4 2055 1097 1095 792
4 804 1111 1762 802
4 907 1865 1931 1463
4 1778 400 819 1777
4 839 1798 1363 1797
4 1629 1399 1633 2120
4 441 671 675 2120
4 1484 526 528 527
4 1464 2068 506 2113
4 1771 1364 1775 2148
4 817 406 813 2148
4 800 2151 795 2193
4 910 1936 1869 1868
4 910 978 911 1936
4 1867 983 908 1941
4 908 1867 1941 1866
4 1396 438 1233 2103
4 750 749 751 2173
4 1708 1709 1707 2173
4 1048 2004 1741 1046
4 956 2031 922 1914
4 1104 1103 2062 799
4 1992 710 1382 1034
4 1776 1358 400 1183
4 1855 1127 897 962
4 1592 2072 1499 634
4 1878 1879 1880 921
4 744 1702 1307 2175
4 1345 1967 1267 387
4 1771 1773 2099 813
4 561 1519 2145 2211
4 1484 526 524 2117
4 1994 1128 709 1036
4 1933 1901 975 1602
4 1584 2061 1505 626
4 1353 983 1867 1941
4 1244 1903 1356 398
4 1279 1363 839 1275
4 1595 2076 537 637
4 1071 571 2029 619
4 1909 1906 950 951
4 844 1067 1803 845
4 1497 637 2072 1595
4 1936 911 910 1869
4 1845 1844 878 2135
4 890 872 994 2163
4 1847 1848 1952 2163
4 956 1239 1878 920
4 624 530 1115 2225
4 1228 1962 1396 2103
4 2025 1904 1803 1067
4 1032 728 731 2169
4 1689 1686 1990 2169
4 526 1113 1484 528
4 842 526 1484 2117
4 1308 411 1369 2177
4 1580 2047 1517 2211
4 1089 622 559 2211
4 1089 2047 1580 2211
4 1111 799 1757 798
4 951 1073 2031 952
4 910 1868 1867 1603
4 1320 1330 1108 2066
4 507 505 973 1463
4 1370 1192 412 2156
4 714 718 717 2174
4 1676 1672 1675 2174
4 1905 435 1903 1393
4 1212 410 1368 2149
4 814 1589 2087 631
4 2085 896 1349 1854
4 400 819 1776 818
4 1920 1880 1879 921
4 1997 431 1278 1039
4 1103 1104 2062 2213
4 2018 577 1575 1060
4 1903 1244 945 398
4 1979 668 428 1021
4 1957 1948 990 1778
4 549 2055 1584 626
4 414 1372 1200 2174
4 758 960 1716 2114
4 1671 716 1674 2174
4 841 1798 1363 840
4 1751 1583 2050 1092
4 776 778 1736 2156
4 828 1786 1132 2168
4 1587 1766 2079 629
4 808 2079 1766 629
4 1184 1992 1382 1034
4 1396 1233 1228 2103
4 1080 2145 2038 2203
4 507 1463 506 505
4 506 1464 1463 1465
4 1560 602 1040 2167
4 2079 816 1121 2198
4 820 990 400 1778
4 1986 889 1081 1838
4 1578 1525 620 2203
4 1926 1953 1394 2116
4 995 968 436 2116
4 2064 441 1321 1106
4 843 1801 1363 841
4 2101 2105 1138 2106
4 960 1313 1716 1918
4 1147 384 1342 2158
4 1398 2063 1105 1225
4 583 1573 2010 1052
4 1274 1997 1278 1039
4 625 2053 1583 553
4 1730 1729 2008 771
4 1749 2056 1750 792
4 1122 1585 2080 542
4 790 775 793 2149
4 1751 1733 1748 2149
4 476 475 477 2232
4 398 1904 1903 1356
4 1815 1174 857 2159
4 810 1768 2148 2198
4 1714 1715 1713 2177
4 978 1153 1175 1936
4 921 1920 2085 1879
4 2026 923 1721 1893
4 1825 1081 1986 867
4 1583 2048 625 555
4 1040 1070 2028 2132
4 1019 1339 1263 381
4 1855 2085 1854 896
4 1121 816 2079 629
4 765 2016 1723 766
4 1967 1267 387 1009
4 1808 850 1186 2183
4 1564 1981 2022 2221
4 1023 606 1064 2221
4 1582 1488 1486 624
4 1772 1589 2087 814
4 1829 871 1207 2187
4 469 471 470 2221
4 431 1997 1278 1389
4 1155 911 1175 1869
4 438 2103 1396 2112
4 1489 1129 1124 2087
4 1833 1534 1830 2215
4 1527 2029 2033 1071
4 569 1071 571 2143
4 1070 1040 1560 602
4 469 468 467 2221
4 1821 1171 863 2171
4 505 503 907 1463
4 2093 1484 1482 2117
4 524 526 1135 2117
4 1757 1592 2062 799
4 634 1104 1592 799
4 1799 1800 1798 841
4 380 1151 1338 2171
4 1153 978 1350 1936
4 1523 2038 2145 2203
4 565 2145 1080 2203
4 1878 956 920 922
4 1907 2073 1803 949
4 398 945 1903 946
4 908 645 909 1867
4 398 2025 1904 1356
4 2056 1098 800 626
4 1859 1806 901 2197
4 1298 1635 677 2189
4 1020 2128 1012 2223
4 814 1772 2099 813
4 1766 1587 1118 629
4 808 1766 1118 629
4 1679 1995 1683 2162
4 721 725 1037 2162
4 764 1722 761 2183
4 1001 877 1959 2212
4 1798 839 1363 840
4 1498 1615 2080 1122
4 907 973 505 1463
4 1610 1466 2054 2131
4 1978 1970 2128 2223
4 1120 833 2155 2178
4 1977 1339 1263 1019
4 1577 619 571 2184
4 577 579 1575 617
4 1313 758 960 1716
4 666 2112 2107 2122
4 2107 2112 1624 2122
4 644 1901 975 943
4 2067 2095 1581 2130
4 1137 1109 623 2130
4 379 1178 1337 2176
4 2050 1735 1732 777
4 983 912 1353 394
4 1803 845 949 1115
4 799 1757 1592 1111
4 799 1592 634 1111
4 1251 1632 674 2132
4 1878 920 391 921
4 637 1114 1762 804
4 1762 1595 2072 637
4 1741 783 2133 2219
4 707 711 1665 710
4 1663 2094 1389 2152
4 1276 1912 954 2152
4 1802 1799 1801 841
4 868 1081 1825 867
4 920 1238 1878 391
4 2096 1477 2101 2105
4 1750 1584 2055 626
4 792 1750 2055 626
4 910 909 645 1867
4 691 2153 1649 2192
4 1595 1762 2075 637
4 637 1762 2075 804
4 1771 1775 813 2148
4 1483 821 1779 2106
4 1574 1456 1454 2209
4 2090 1579 621 2168
4 657 1122 1498 540
4 1584 1750 2056 626
4 792 2056 1750 626
4 519 2101 1477 2102
4 424 1979 1201 1021
4 693 1651 1280 2192
4 1869 394 911 1867
4 2033 1578 1525 620
4 428 1201 1979 1021
4 1728 1726 770 2187
4 1032 1079 608 2220
4 1363 1279 839 1797
4 940 939 399 1897
4 631 1141 1589 815
4 2038 1521 1523 2145
4 563 1080 565 2145
4 1803 2073 1582 624
4 2047 2048 1515 1089
4 1802 1803 1582 624
4 797 795 800 2151
4 1753 1755 1758 2151
4 376 1232 1229 2129
4 868 1989 1991 1826
4 1031 868 1991 1033
4 1979 424 668 1021
4 1671 2043 1674 716
4 1969 1845 1844 1011
4 529 1487 1129 2225
4 800 1753 2056 1758
4 391 2085 896 1349
4 1799 1802 1582 624
4 517 1473 1602 1475
4 909 983 908 1867
4 1089 1580 622 2211
4 1878 920 921 922
4 1005 443 1108 2110
4 1963 2066 1401 2110
4 968 1926 995 2167
4 583 1543 1573 615
4 1229 1232 1334 2129
4 1277 1278 1389 431
4 607 1074 1029 2232
4 1583 2048 1735 777
4 2048 625 777 1583
4 1994 1034 1184 1036
4 1353 983 394 1867
4 983 909 394 1867
4 1382 1988 668 1030
4 818 1776 400 1183
4 825 2117 1783 2130
4 1138 636 521 2106
4 1594 2096 1479 2106
4 1334 2015 1926 2129
4 1057 376 968 2129
4 841 1799 1800 1113
4 451 1409 2125 2139
4 1906 1909 1615 951
4 999 941 1902 1899
4 473 475 474 2232
4 2010 1728 2014 1052
4 1735 2050 1583 777
4 1583 625 777 1092
4 1859 1806 2035 901
4 1124 2087 1129 814
4 627 962 1585 544
4 1577 2029 571 619
4 949 656 1907 2224
4 2073 949 1907 2225
4 945 435 1903 947
4 1802 1799 841 624
4 1674 1580 1084 716
4 622 1084 1580 716
4 2018 1066 1060 764
4 1353 1162 912 1870
4 1502 1500 1585 2213
4 1977 1263 1253 1019
4 1773 1771 1775 813
4 821 1777 819 815
4 709 707 1665 710
4 1409 2123 451 2125
4 1825 1826 2039 868
4 2061 1757 1103 800
4 557 1089 559 2147
4 1779 1777 821 815
4 1184 1190 1994 1036
4 1868 1869 910 1867
4 1843 1959 1347 388
4 1843 1959 388 877
4 1967 878 1008 1009
4 1483 525 821 2106
4 2039 1826 1989 868
4 968 1057 1926 2167
4 1859 2033 2029 1071
4 1960 1399 2064 2116
4 441 1002 1106 2116
4 579 2014 1575 617
4 819 820 400 1778
4 1001 388 1959 877
4 387 1246 1345 1013
4 943 1897 1898 1901
4 940 1897 943 939
4 1580 1674 2043 716
4 622 1580 2043 716
4 1330 1005 1108 2110
4 1582 1113 1799 624
4 816 2082 1124 814
4 764 1722 2026 761
4 1367 1795 1918 2214
4 409 960 837 2214
4 1369 2114 1714 2177
4 756 2114 411 2177
4 2038 1084 1080 716
4 901 1578 2033 620
4 2033 1859 1578 901
4 2004 1741 1046 2217
4 2053 1095 793 792
4 1869 911 910 1867
4 720 2162 1678 2206
4 403 1223 1361 2198
4 749 722 1042 2173
4 1105 440 1003 2115
4 2063 1961 1398 2115
4 617 1575 577 1060
4 1281 748 2173 2206
4 1281 2173 1706 2206
4 1282 736 2164 2182
4 1282 2164 1694 2182
4 1000 1347 1959 388
4 394 1869 1353 1867
4 909 911 394 1867
4 620 2035 901 1578
4 1859 2035 1578 901
4 1757 2061 1758 800
4 1910 1909 2031 951
4 2067 1581 2117 2130
4 1109 2117 623 2130
4 1617 2122 659 2124
4 1959 1000 388 1001
4 1958 1347 1959 1000
4 656 1907 946 949
4 1766 1118 637 808
4 2016 1728 1726 770
4 2075 1766 637 808
4 793 1751 2053 792
4 1113 841 1799 624
4 1722 1577 2024 764
4 619 1066 1577 764
4 402 2207 1299 2227
4 1299 2207 1360 2227
4 1994 709 710 1036
4 1543 2006 1573 615
4 725 1683 2162 2191
4 1283 724 2162 2191
4 1283 2162 1682 2191
4 894 1852 2138 2150
4 1324 1330 2066 2110
4 615 2008 1729 771
4 1589 1779 821 815
4 961 1919 1304 2207
4 617 2016 1723 765
4 2076 1595 1766 637
4 1772 2082 816 814
4 1772 2082 1774 816
4 1971 1246 1254 1013
4 1617 2124 659 2154
4 1762 1114 634 804
4 994 1848 1849 890
4 1235 1960 2064 2116
4 1300 2160 421 2182
4 1379 2160 1300 2182
4 2075 1766 1595 637
4 2053 2055 1095 792
4 2072 1592 1762 634
4 717 2035 620 1675
4 1111 1762 634 804
4 1989 2039 1081 2200
4 1031 1989 1081 2200
4 2047 2048 1089 777
4 634 1592 1762 1111
4 1757 2062 2061 1103
4 2026 1719 2161 2226
4 800 1103 2061 626
4 1280 1651 1289 2192
4 693 1280 1289 2192
4 2082 2224 1124 2225
4 1011 878 1967 1009
4 1910 1585 2080 1122
4 1052 583 1573 615
4 1089 1736 2047 777
4 1971 1345 1246 1013
4 1034 1994 710 1036
4 1577 1722 2026 764
4 619 2026 764 1577
4 619 2026 1893 923
4 1113 1582 1486 624
4 1305 754 2177 2210
4 1305 2177 1712 2210
4 1162 394 1155 1353
4 1957 999 1902 1899
4 1785 1365 1782 2168
4 1848 2137 890 2147
4 1728 1575 2014 617
4 617 2014 1728 770
4 405 843 1363 841
4 1799 1363 1801 841
4 1085 1736 622 778
4 2116 2120 1131 2167
4 1095 625 2053 793
4 778 1736 1089 777
4 1848 994 1952 2163
4 1363 405 841 840
4 1363 1799 1798 841
4 515 975 644 1602
4 1853 1940 1852 894
4 816 1124 2082 629
4 1071 2029 1859 923
4 800 1757 1103 799
4 2010 1729 1728 1052
4 1084 622 1580 2211
4 949 2224 1907 2225
4 1729 770 1052 771
4 1723 1060 764 2018
4 1080 1675 2038 716
4 2065 1962 1234 2103
4 1060 1723 764 765
4 1357 941 1898 1899
4 2029 1893 1859 923
4 1852 2150 894 2172
4 2063 1331 1961 2115
4 1048 1741 615 783
4 1741 1573 2006 615
4 1489 2087 1124 2082
4 417 1291 2169 2191
4 1375 2169 1291 2191
4 1728 2016 1575 617
4 1728 2016 617 770
4 717 1675 1080 716
4 1849 891 890 2137
4 1089 1736 1580 2047
4 1009 1967 1248 1008
4 1230 1235 1106 2116
4 800 2061 1758 626
4 1879 391 1878 1349
4 1525 567 2135 2143
4 1841 873 2136 2163
4 1560 1040 1998 2167
4 1736 622 778 1089
4 890 1848 2147 2163
4 1980 1253 1270 1022
4 1751 2053 1583 793
4 1324 2066 1963 2110
4 1940 894 982 2172
4 1373 2162 1296 2206
4 1296 2162 415 2206
4 895 894 1853 2138
4 2029 1071 619 923
4 1589 821 631 815
4 1220 2148 1769 2198
4 1220 811 2148 2198
4 1845 2135 879 2143
4 1341 1270 1271 383
4 620 1675 2038 1080
4 2061 1103 2062 2213
4 619 1893 2029 923
4 1349 1878 1238 391
4 1000 1262 1347 388
4 1304 1660 1302 2207
4 702 1304 1302 2207
4 1713 2005 1711 2177
4 1080 620 1675 717
4 946 1907 1803 949
4 909 910 911 1867
4 1991 1031 1033 2166
4 1741 1050 615 783
4 1573 1741 2008 615
4 1525 2135 567 2203
4 413 1288 2173 2210
4 1371 2173 1288 2210
4 743 1701 2175 2180
4 1347 1958 1262 1000
4 816 2082 1774 629
4 2018 1575 1723 1060
4 1060 617 1723 765
4 1751 1750 2053 792
4 911 978 1175 1936
4 596 2134 1554 2144
4 1020 1012 604 2223
4 1926 1057 2015 2167
4 1729 2010 1573 1052
4 816 812 810 2148
4 1046 1741 1048 783
4 1803 1067 946 845
4 1122 627 1585 542
4 615 1729 1052 771
4 1026 602 2109 2167
4 1984 2109 1560 2167
4 1251 1250 1632 2132
4 1251 674 1250 2132
4 1479 2096 2101 2106
4 666 2107 661 2122
4 1619 2107 1624 2122
4 523 1481 521 2106
4 2085 1879 1349 391
4 2082 1587 1774 629
4 1978 1562 1970 2223
4 652 1120 1119 2131
4 2078 1610 2077 2131
4 878 1844 1845 1011
4 845 946 1803 949
4 1560 2028 1998 1040
4 1583 1751 793 1092
4 1326 1331 1105 2115
4 1936 1175 911 1869
4 555 2137 1513 2147
4 1246 1345 1267 387
4 1869 394 1155 911
4 1946 1483 1779 2106
4 988 821 525 2106
4 1103 1757 2062 799
4 1230 1106 1002 2116
4 1299 1302 1660 2207
4 1299 702 1302 2207
4 1363 839 405 840
4 1481 1479 521 2106
4 1245 1263 1339 381
4 425 693 1289 2192
4 1383 1289 1651 2192
4 1969 1844 1967 1011
4 1791 2078 1792 2155
4 1120 833 834 2155
4 1581 1480 2067 2117
4 522 623 1109 2117
4 1254 1245 1972 1014
4 1281 1706 1294 2206
4 748 1281 1294 2206
4 2055 2053 1750 792
4 1776 819 1777 815
4 1674 1084 2038 716
4 1282 1287 738 2182
4 1282 1696 1287 2182
4 1294 719 748 2206
4 1294 1706 1677 2206
4 1001 876 877 2212
4 1266 1801 1363 843
4 738 736 1282 2182
4 1694 1696 1282 2182
4 1859 2033 1071 901
4 2061 1584 1758 626
4 1077 718 848 2233
4 1326 1105 1003 2115
4 2024 2018 1722 764
4 1091 500 502 2111
4 1460 1458 2049 2111
4 1299 1660 1360 2207
4 1299 402 702 2207
4 813 1773 1141 815
4 702 961 1304 2207
4 1660 1304 1919 2207
4 1052 1728 2014 770
4 1266 1363 1275 405
4 2048 2047 1735 777
4 746 2175 1704 2180
4 441 2064 1321 1399
4 1758 2056 800 626
4 1973 1386 1015 2104
4 1736 1735 2047 777
4 1124 2082 2087 814
4 421 1287 1300 2182
4 1287 1379 1300 2182
4 1537 2194 579 2215
4 1297 2153 690 2192
4 1297 1648 2153 2192
4 421 738 1287 2182
4 1379 1287 1696 2182
4 922 1910 2031 952
4 1283 1684 1290 2191
4 1283 1290 726 2191
4 1901 644 975 1602
4 553 2150 1511 2172
4 1774 816 2079 2198
4 1283 726 724 2191
4 1682 1684 1283 2191
4 1629 1269 671 2132
4 1957 990 999 1778
4 962 1504 1920 2213
4 1385 1632 1250 2132
4 427 1250 674 2132
4 754 1305 1301 2210
4 1305 1712 1301 2210
4 1234 1224 2065 2103
4 816 1774 2079 629
4 881 1832 1971 1013
4 1504 1920 1855 962
4 625 1583 2053 793
4 1537 2140 579 2194
4 1986 2039 1838 1081
4 892 2137 1850 2172
4 2043 622 1736 1580
4 1792 2077 1794 2155
4 1291 1290 1375 2191
4 1291 417 1290 2191
4 962 1585 922 627
4 1301 752 754 2210
4 1712 1710 1301 2210
4 1578 2035 1675 620
4 726 1290 417 2191
4 1375 1290 1684 2191
4 711 1030 662 2154
4 1988 1669 1620 2154
4 1587 2079 1774 629
4 656 1911 1494 536
4 1234 1107 1224 2103
4 1349 1238 1240 391
4 1294 1296 415 2206
4 1294 1373 1296 2206
4 415 719 1294 2206
4 1373 1294 1677 2206
4 815 1776 818 817
4 1675 1674 2038 716
4 1911 1615 1496 538
4 1008 1844 1843 877
4 1772 2087 2082 814
4 1393 1906 1905 435
4 896 974 1854 895
4 990 820 999 1778
4 1934 1335 2108 2126
4 377 976 2108 2126
4 1081 1825 1986 2039
4 515 644 517 1602
4 1736 622 1089 1580
4 1897 399 940 1898
4 1989 868 1991 1031
4 1906 435 950 948
4 901 1071 1859 923
4 394 1869 1155 1353
4 549 2138 1507 2150
4 443 1306 1320 1401
4 1577 2026 1893 619
4 1575 2016 1723 617
4 1843 388 1008 877
4 388 1843 1008 1347
4 1958 1264 1262 1000
4 793 625 1583 1092
4 912 394 1162 1353
4 1957 999 2105 2106
4 413 752 1288 2210
4 1288 1710 1371 2210
4 2121 2123 1405 2141
4 447 2123 2121 2141
4 1966 1967 1844 1008
4 878 1967 1008 1844
4 671 2120 1629 2132
4 1216 811 1220 2198
4 1216 1220 1769 2198
4 1288 1301 1710 2210
4 1288 752 1301 2210
4 403 809 1223 2198
4 1767 1361 1223 2198
4 811 1216 809 2198
4 1216 1769 1767 2198
4 809 1216 1223 2198
4 1767 1223 1216 2198
4 1141 1773 1589 815
4 2082 1491 2224 2225
4 1124 2224 533 2225
4 2018 1723 1722 764
4 2056 1758 1584 626
4 585 1543 2200 2218
4 2015 2107 1057 2129
4 1277 431 1389 2152
4 1004 1107 1234 2103
4 1058 766 768 2229
4 818 819 1776 815
4 952 922 1585 627
4 2038 1578 1675 620
4 1573 2008 1729 615
4 1417 2181 459 2230
4 1911 953 538 536
4 1998 1040 2028 2132
4 1729 770 1728 1052
4 446 2141 2121 2157
4 2121 2141 1404 2157
4 1973 2104 1015 2228
4 1934 1335 1928 2108
4 377 976 970 2108
4 941 1899 999 2105
4 2029 1577 1893 619
4 1267 1967 1248 1009
4 1081 2039 1989 868
4 1989 1081 868 1031
4 948 950 1906 951
4 949 534 656 2224
4 1492 1907 1614 2224
4 1546 1989 1991 2166
4 588 1033 1031 2166
4 1081 1825 2039 868
4 941 940 399 1898
4 1914 1878 1880 922
4 1498 657 538 1615
4 1543 2166 585 2200
4 1321 1235 2064 1106
4 951 2031 1910 952
4 874 875 1001 2212
4 1840 1959 1839 2212
4 1897 940 943 1898
4 1225 2063 1105 1331
4 1297 425 1289 2192
4 1297 1289 1383 2192
4 525 1481 523 2106
4 1543 1545 2006 2166
4 504 502 503 2113
4 1462 1461 1460 2113
4 971 2125 2123 2204
4 2123 2125 1929 2204
4 813 1775 817 2148
4 1668 711 1030 710
4 1531 2142 2024 2184
4 1066 2142 573 2184
4 617 1723 1575 1060
4 1385 1250 1269 2132
4 1250 427 1269 2132
4 666 669 2107 2112
4 1627 1624 2107 2112
4 1454 1452 2045 2209
4 839 1275 1363 405
4 878 1967 1844 1011
4 1585 952 627 1122
4 709 1668 1994 710
4 521 2101 1138 2106
4 1854 1349 974 896
4 1052 1573 1729 615
4 1880 2031 1914 922
4 1383 1648 1297 2192
4 1297 690 425 2192
4 1843 1966 1844 1008
4 1008 878 1844 877
4 1840 1955 1958 1000
4 684 2121 1642 2157
4 1904 398 1903 946
4 1910 2080 1615 1122
4 1992 1994 1668 710
4 1716 1714 1369 2114
4 756 758 411 2114
4 813 1775 1773 817
4 815 813 1773 817
4 2085 1855 1920 962
4 2146 2181 1413 2230
4 455 2181 2146 2230
4 1741 783 1046 2217
4 1777 1779 1773 815
4 710 1030 1382 424
4 1382 1668 1030 710
4 1234 1962 1228 2103
4 1967 1966 1248 1008
4 1537 1539 2014 2140
4 1909 1910 1615 951
4 1034 710 1382 424
4 710 1992 1382 1668
4 1843 1347 1966 1008
4 1668 1665 711 710
4 1585 1910 922 952
4 921 1880 1878 922
4 922 921 1920 962
4 1920 1880 921 922
4 1957 999 1899 2105
4 761 1068 763 2161
4 2026 1719 1721 2161
4 1629 1385 1269 2132
4 427 671 1269 2132
4 1067 398 1904 946
4 1489 2082 1124 2225
4 1519 2042 1580 2211
4 1084 561 622 2211
4 664 704 1136 2119
4 1662 1622 2094 2119
4 1046 783 782 2217
4 2004 1740 1741 2217
4 2031 1880 1910 922
4 1477 1475 519 2102
4 1779 1589 1773 815
4 1000 1959 874 1001
4 1959 1840 1958 1000
4 661 666 669 2107
4 1627 1624 1619 2107
4 1907 656 1614 2224
4 1363 1266 843 405
4 687 689 658 2127
4 1645 1616 1647 2127
4 1959 874 1001 2212
4 1989 1031 1991 2166
4 2024 1531 1533 2142
4 573 1066 575 2142
4 1556 2188 598 2202
4 1617 1973 1626 668
4 831 833 1123 2178
4 1585 1910 952 1122
4 817 1776 818 1183
4 946 1614 1907 656
4 1904 1614 1907 946
4 1615 948 951 657
4 948 1615 951 1906
4 1775 817 1196 1183
4 1903 945 947 946
4 456 2146 2181 2185
4 1414 2181 2146 2185
4 1386 668 1015 428
4 1973 668 1386 1626
4 1665 1668 709 710
4 1481 525 1483 2106
4 1034 1382 1184 424
4 1247 1256 1351 393
4 1920 921 2085 962
4 1330 1324 1005 2110
4 391 974 1349 896
4 519 1475 517 2102
4 435 1905 1903 947
4 1620 1626 1988 668
4 1775 1776 1773 817
4 815 1773 1776 817
4 1386 1979 668 428
4 1386 1979 1626 668
4 1122 1498 1615 657
4 1527 2033 1525 2143
4 569 567 1075 2143
4 1640 2118 682 2189
4 1689 2100 2169 2220
4 731 2169 2100 2220
4 1136 2119 2094 2152
4 1026 1040 602 2167
4 1984 1560 1998 2167
4 1235 1230 1960 2116
4 1585 962 922 1920
4 1880 1920 1585 922
4 1264 1958 1955 1000
4 1115 532 949 2225
4 2073 1907 1490 2225
4 1067 1904 1803 946
4 1777 1773 1776 815
4 1904 1907 1803 946
4 439 2108 996 2110
4 1954 2108 1397 2110
4 532 2224 949 2225
4 1907 2224 1490 2225
4 1836 887 2140 2194
4 2118 2128 679 2153
4 1637 2128 2118 2153
4 1739 2217 2216 2222
4 2216 2217 781 2222
4 888 2200 1837 2218
4 1234 1228 1004 2103
4 772 870 1050 2219
4 1828 1730 2008 2219
4 424 1979 668 1382
4 1853 1854 974 895
4 1853 1854 1932 974
4 1961 1331 1326 2115
4 1201 1193 1382 424
4 1382 1193 1184 424
4 1255 1347 1262 388
4 997 1000 1840 874
4 1000 1840 1955 997
4 829 828 827 2168
4 1785 1786 1787 2168
4 1030 668 1382 424
4 1257 1249 1352 395
4 1833 884 2194 2215
4 1585 1910 1880 922
4 1503 2061 2062 2213
4 1103 545 1104 2213
4 1201 1382 1979 424
4 2082 1489 1491 2225
4 1124 533 531 2225
4 563 561 1084 2145
4 1966 1255 1248 1008
4 1347 1255 1008 388
4 713 1085 715 2195
4 1778 999 1957 2106
4 1841 1840 1591 874
4 1955 1256 1264 997
4 1910 951 952 657
4 1935 1241 1257 977
4 1626 1979 1382 668
4 1947 1268 1247 989
4 1959 1840 1000 874
4 999 1778 820 2106
4 1626 1382 1988 668
4 1849 1952 1848 994
4 757 1715 2111 2114
4 1691 2164 2100 2220
4 733 2100 2164 2220
4 1959 1840 874 2212
4 1057 2107 2015 2109
4 1979 1386 1201 428
4 644 1901 943 2102
4 1944 1249 1268 986
4 1854 1349 1932 974
4 1664 2134 706 2144
4 943 1901 1898 2102
4 2048 1513 1515 2147
4 1090 557 555 2147
4 1240 1241 1932 974
4 774 1092 775 2196
4 1849 891 994 890
4 1940 895 982 894
4 1111 802 798 2205
4 1756 1760 2069 2205
4 817 1775 1776 1183
4 816 810 1121 2198
4 1768 1774 2079 2198
4 1321 1399 1273 441
4 1910 952 1122 657
4 1255 1966 1347 1008
4 1201 1386 1189 428
4 1940 1853 895 894
4 1841 1952 1351 994
4 1849 1944 1947 989
4 1000 1955 1264 997
4 673 1070 1040 2132
4 1631 1998 2028 2132
4 502 2111 1460 2113
4 2074 1627 1965 2129
4 669 1116 1007 2129
4 2089 2116 1953 2167
4 995 2116 1131 2167
4 994 393 1351 873
4 994 1351 1841 873
4 1952 1849 989 994
4 1952 1849 1947 989
4 974 1349 1240 391
4 1351 1955 1841 997
4 989 1351 1952 994
4 1947 1351 1952 989
4 795 791 1098 2193
4 1749 1753 2056 2193
4 986 989 1944 891
4 1849 1944 989 891
4 1351 393 997 873
4 997 1841 1351 873
4 1840 1841 997 874
4 1840 1841 1955 997
4 2055 1507 1509 2150
4 442 1210 1107 2103
4 1932 1935 1853 977
4 687 688 2127 2223
4 874 1841 997 873
4 1351 989 393 994
4 803 1117 806 2201
4 2075 1761 1764 2201
4 891 989 1849 994
4 1940 395 892 982
4 1645 2127 1646 2223
4 977 1940 895 982
4 1940 1853 1935 977
4 969 1025 689 2126
4 1647 1983 1927 2126
4 657 1911 538 1615
4 1012 2128 2118 2223
4 2118 2128 1970 2223
4 1853 974 977 895
4 974 1932 1853 977
4 951 1910 1615 657
4 1911 657 538 953
4 517 1475 1602 2102
4 1940 1853 977 895
4 435 1906 1905 948
4 986 1944 395 892
4 1494 1614 1911 656
4 1940 977 395 982
4 1935 1352 1940 977
4 1477 2102 2101 2105
4 948 1905 435 947
4 395 1850 1940 892
4 1352 1850 1940 395
4 892 986 1944 891
4 1944 1849 892 891
4 1224 1107 1210 2103
4 656 953 1911 536
4 683 2122 2109 2124
4 2109 2122 1641 2124
4 1957 2105 1594 2106
4 999 636 2105 2106
4 407 824 823 2130
4 1365 1781 1782 2130
4 947 1904 1903 946
4 1944 1850 395 892
4 1352 1944 1850 395
4 1903 1905 1904 947
4 2112 2122 666 2228
4 1624 2122 2112 2228
4 1998 1040 2120 2167
4 1611 1916 2081 2190
4 1015 1386 428 2104
4 977 1352 1940 395
4 1944 1849 1850 892
4 1122 1615 1910 657
4 1901 644 1602 2102
4 946 947 1614 656
4 1904 947 1614 946
4 1955 1351 1256 997
4 1268 1947 1944 989
4 1240 1932 1349 974
4 943 1898 940 2102
4 947 1904 1614 1905
4 393 1256 1351 997
4 1614 947 1911 656
4 1615 1911 948 657
4 1615 1911 1906 948
4 1911 1905 1906 948
4 1911 947 953 656
4 947 1614 1911 1905
4 681 2118 2108 2223
4 1639 2108 2118 2223
4 2101 2102 519 2105
4 1911 948 657 953
4 947 948 1911 953
4 1911 1905 948 947
4 989 1944 1268 986
4 687 604 688 2223
4 970 996 439 2108
4 1954 1928 1397 2108
4 664 1033 590 2119
4 1548 1991 1622 2119
4 2015 2097 2107 2129
4 1057 2107 1139 2129
4 1562 1645 1646 2223
4 1249 1944 395 986
4 1898 1899 941 2102
4 1126 653 957 2190
4 2084 1915 1611 2190
4 1918 1717 2114 2214
4 759 960 2114 2214
4 1935 1932 1241 977
4 1200 414 67 1198
4 1292 142 407 1315
4 324 1315 1292 1365
4 415 158 1296 1294
4 1296 1294 340 1373
4 1192 64 1205 773
4 414 712 67 1198
4 1205 1370 246 1192
4 1200 1670 249 1372
4 1670 1200 249 1198
4 51 1219 406 1196
4 1219 233 1364 1196
4 1731 1370 246 1205
4 1192 64 773 412
4 158 415 719 1294
4 1373 1294 340 1677
4 1287 1379 349 1300
4 421 1287 167 1300
4 417 1290 161 1291
4 1290 1375 343 1291
4 1379 1287 349 1696
4 1287 421 167 738
4 1290 417 161 726
4 1375 1290 343 1684
4 1944 1352 1249 395
4 1307 1303 351 1702
4 1303 169 744 1307
4 17 384 1180 1147
4 1147 1180 199 1342
4 1159 937 24 1151
4 1895 1159 206 1151
4 1287 738 166 1282
4 1696 1282 1287 348
4 1700 351 1303 1702
4 742 169 744 1303
4 1317 404 146 1319
4 1362 1317 328 1319
4 19 857 1176 1174
4 201 1176 1815 1174
4 19 857 851 1176
4 201 1176 1809 1815
4 1304 1660 354 1302
4 702 1304 172 1302
4 1602 644 517 2102
4 738 736 166 1282
4 1696 1694 1282 348
4 14 898 1178 1182
4 196 1178 1856 1182
4 974 1241 1932 977
4 22 863 1158 1171
4 1158 1821 204 1171
4 1660 1302 1299 355
4 173 702 1302 1299
4 22 863 861 1158
4 204 1819 1821 1158
4 1212 61 1214 794
4 1214 1752 243 1212
4 1281 157 748 1294
4 339 1294 1281 1706
4 61 1212 410 794
4 1752 1368 243 1212
4 157 719 748 1294
4 1706 339 1294 1677
4 801 57 1215 1222
4 1215 239 1759 1222
4 57 801 432 1222
4 239 1390 1759 1222
4 1290 1283 342 1684
4 1290 726 160 1283
4 937 380 24 1151
4 1338 1895 206 1151
4 1224 1400 2065 2103
4 1221 805 55 1223
4 237 1763 1221 1223
4 403 55 805 1223
4 1763 237 1361 1223
4 809 1216 54 1223
4 1767 236 1216 1223
4 54 403 809 1223
4 236 1767 1361 1223
4 726 724 160 1283
4 1682 342 1283 1684
4 404 1317 146 832
4 1317 1362 328 1790
4 1305 154 754 1301
4 336 1301 1305 1712
4 1138 519 942 2105
4 2096 1900 1477 2105
4 1301 155 752 1288
4 337 1288 1301 1710
4 413 752 155 1288
4 1288 337 1371 1710
4 1216 53 1220 811
4 1769 235 1220 1216
4 1216 53 811 809
4 235 1769 1767 1216
4 1314 835 149 1311
4 1314 1311 331 1793
4 409 835 149 1314
4 1367 1314 331 1793
4 154 752 754 1301
4 1712 336 1301 1710
4 1351 1947 1247 989
4 14 898 379 1178
4 196 1178 1337 1856
4 145 404 1312 1319
4 327 1319 1312 1362
4 1142 1871 221 1143
4 913 1142 39 1143
4 384 856 17 1180
4 1342 1180 199 1814
4 1161 933 31 1168
4 213 1161 1168 1890
4 702 173 402 1299
4 1299 1360 1660 355
4 1149 695 11 1156
4 1653 1149 193 1156
4 1194 70 847 1195
4 1805 252 1194 1195
4 1384 1653 193 1156
4 695 426 11 1156
4 70 847 1195 416
4 252 1805 1374 1195
4 1165 228 1166 1902
4 944 1165 46 1166
4 78 1211 786 871
4 1829 260 1211 1744
4 1829 1211 260 1207
4 1211 78 1207 871
4 257 1191 1808 1725
4 850 1191 75 767
4 257 1191 1186 1808
4 1186 1191 75 850
4 1258 1259 134 435
4 1259 316 1393 1258
4 1250 283 1385 1269
4 1269 1250 101 427
4 171 961 1309 1304
4 353 1304 1309 1919
4 961 423 171 1309
4 1309 353 1919 1381
4 212 1168 1167 1881
4 1168 924 30 1167
4 1289 1297 1383 359
4 1289 177 425 1297
4 214 1153 1161 1350
4 1153 392 32 1161
4 1304 702 172 961
4 1660 1304 354 1919
4 1890 1168 213 1881
4 933 924 31 1168
4 989 1247 1351 393
4 1143 222 1146 1873
4 1146 915 40 1143
4 1280 176 693 1289
4 1651 1280 1289 358
4 1355 314 1242 1265
4 132 1242 1265 397
4 1355 315 1265 1258
4 133 1265 1258 397
4 1144 220 1142 1860
4 902 38 1142 1144
4 1286 1280 1656 357
4 1286 175 698 1280
4 435 134 1258 950
4 316 1908 1393 1258
4 1352 1935 1257 977
4 1934 2126 2108 2127
4 976 2108 2126 2127
4 2015 1057 2109 2167
4 1202 270 1968 1189
4 1350 1161 214 1890
4 392 933 32 1161
4 228 1165 1357 1902
4 944 46 1165 399
4 1871 1142 221 1348
4 1142 913 39 390
4 1648 1383 1297 359
4 177 690 425 1297
4 1343 290 1276 1243
4 108 1276 1243 385
4 26 386 1152 1172
4 208 1152 1344 1172
4 1873 1143 222 1871
4 915 913 40 1143
4 1289 1383 1651 358
4 425 693 176 1289
4 283 1629 1385 1269
4 427 101 1269 671
4 1210 1400 2103 2104
4 442 1210 2103 2104
4 839 1275 140 1279
4 397 1258 133 950
4 315 1355 1908 1258
4 1280 1651 1656 357
4 693 698 175 1280
4 1146 223 1169 1354
4 41 1169 396 1146
4 1166 229 1170 1948
4 990 47 1170 1166
4 941 940 1898 2102
4 902 1145 37 1144
4 1145 219 1144 1860
4 1040 676 2120 2167
4 1998 2120 1634 2167
4 386 936 26 1152
4 1344 1152 208 1894
4 1688 2169 1689 2170
4 730 731 2169 2170
4 1881 1167 212 1346
4 389 30 924 1167
4 1250 1632 284 1251
4 1251 102 1250 674
4 977 1257 1352 395
4 1948 1166 229 1902
4 990 944 47 1166
4 1691 2164 1377 2165
4 733 419 2164 2165
4 1348 1142 220 1860
4 390 38 1142 902
4 1385 1632 284 1250
4 427 1250 102 674
4 1210 1968 1400 2104
4 442 1010 1210 2104
4 265 1203 1359 1190
4 1190 83 1203 401
4 1953 1926 2015 2167
4 968 995 1057 2167
4 404 829 145 1312
4 1362 1312 327 1787
4 1312 827 144 1316
4 1312 1316 326 1785
4 407 822 142 1292
4 1780 324 1292 1365
4 448 2123 447 2141
4 1406 1405 2123 2141
4 1918 1717 1716 2114
4 758 759 960 2114
4 1316 827 143 1315
4 1316 1315 325 1785
4 827 407 143 1315
4 1785 1315 325 1365
4 1154 998 27 1172
4 209 1956 1154 1172
4 529 1129 531 2225
4 223 1146 1873 1354
4 915 41 396 1146
4 1918 1314 332 1367
4 1314 960 150 409
4 131 1239 1242 956
4 1914 313 1239 1242
4 1998 2120 1040 2132
4 1968 1210 1202 2104
4 1210 1010 1202 2104
4 1314 1918 332 1313
4 960 1314 150 1313
4 1292 822 141 1279
4 1292 1279 323 1780
4 1666 2086 1743 2216
4 1343 290 1912 1276
4 1276 108 954 385
4 446 447 2121 2141
4 1404 2121 1405 2141
4 451 2125 452 2139
4 1410 2125 1409 2139
4 450 2123 971 2125
4 1929 2123 1408 2125
4 1252 285 1643 1251
4 1251 1252 103 685
4 1410 1412 2125 2185
4 452 2125 454 2185
4 731 2100 2169 2170
4 1689 2169 2100 2170
4 1408 2123 1409 2125
4 451 2123 450 2125
4 314 1914 1355 1242
4 1242 132 956 397
4 285 1632 1643 1251
4 685 103 1251 674
4 1163 225 1164 1917
4 1163 43 959 1164
4 1929 2141 2123 2204
4 971 2123 2141 2204
4 1410 2125 2139 2185
4 452 2139 2125 2185
4 2136 2145 1519 2211
4 561 2145 2136 2211
4 135 1259 1244 945
4 1259 1903 317 1244
4 1298 180 677 1306
4 1298 1306 1635 362
4 612 659 2122 2124
4 1570 2122 1617 2124
4 1170 230 1179 1358
4 400 1170 48 1179
4 550 894 2138 2150
4 1508 2138 1852 2150
4 1412 2146 2125 2185
4 454 2125 2146 2185
4 736 737 2164 2182
4 1694 2164 1695 2182
4 1164 226 1148 1897
4 939 44 1148 1164
4 1269 100 1273 671
4 1273 1629 282 1269
4 2147 2163 1517 2211
4 559 2163 2147 2211
4 444 9 1150 1177
4 1402 1150 191 1177
4 224 1163 1169 1354
4 1169 1163 42 396
4 748 722 2173 2206
4 1706 2173 1680 2206
4 1260 1804 319 1261
4 137 1260 1261 846
4 1929 1406 2123 2141
4 971 2123 448 2141
4 1404 1403 2121 2157
4 446 2121 445 2157
4 890 2137 556 2147
4 1848 1514 2137 2147
4 681 2108 1100 2223
4 811 810 2148 2198
4 1769 2148 1768 2198
4 733 2164 2100 2165
4 1691 2100 2164 2165
4 389 1160 29 1167
4 1167 1160 211 1346
4 659 2124 611 2154
4 1617 1569 2124 2154
4 562 875 2136 2145
4 1520 2136 1839 2145
4 1839 2145 2136 2212
4 875 2136 2145 2212
4 1682 2162 1683 2191
4 725 2162 724 2191
4 1639 2058 2108 2223
4 2118 2153 679 2189
4 1637 2153 2118 2189
4 457 2181 455 2230
4 1413 2181 1415 2230
4 998 386 27 1172
4 1956 209 1344 1172
4 879 2135 568 2143
4 1526 2135 1845 2143
4 678 2118 679 2189
4 1636 1637 2118 2189
4 754 753 2177 2210
4 1712 2177 1711 2210
4 941 2102 1899 2105
4 1400 1224 1210 2103
4 1554 2134 1553 2144
4 596 595 2134 2144
4 1261 1266 138 843
4 1266 320 1801 1261
4 136 1244 1260 398
4 1244 1356 318 1260
4 1308 758 152 1310
4 1308 1310 334 1716
4 1369 1308 334 1716
4 411 758 152 1308
4 1778 1946 1777 2106
4 1329 184 439 1323
4 739 421 2160 2182
4 1379 1697 2160 2182
4 1259 135 435 945
4 317 1393 1903 1259
4 28 1160 932 1154
4 1154 210 1160 1889
4 1526 1525 2135 2143
4 568 2135 567 2143
4 912 36 1145 1162
4 1162 218 1145 1870
4 333 1310 1313 1716
4 1313 151 758 1310
4 894 2150 552 2172
4 1510 2150 1852 2172
4 1517 2147 1516 2163
4 558 2147 559 2163
4 829 827 144 1312
4 326 1312 1785 1787
4 1519 2136 1520 2145
4 561 562 2136 2145
4 402 700 2207 2227
4 1360 2207 1658 2227
4 1537 1536 2194 2215
4 578 579 2194 2215
4 912 1145 37 902
4 219 1145 1870 1860
4 846 1261 138 843
4 320 1804 1801 1261
4 890 2147 558 2163
4 1848 1516 2147 2163
4 611 2154 2124 2202
4 1569 2124 2154 2202
4 1708 2173 1371 2210
4 750 413 2173 2210
4 1685 2169 1375 2191
4 727 417 2169 2191
4 184 970 439 1323
4 611 599 2154 2202
4 1569 2154 1557 2202
4 1358 1170 230 1948
4 400 48 1170 990
4 2107 2109 661 2122
4 1619 2109 2107 2122
4 2098 1964 2103 2112
4 1140 2103 1006 2112
4 1513 2137 1514 2147
4 556 2137 555 2147
4 1525 1524 2135 2203
4 566 567 2135 2203
4 1373 1678 2162 2206
4 415 2162 720 2206
4 1031 2166 1989 2200
4 743 2175 745 2180
4 1701 1703 2175 2180
4 822 839 141 1279
4 1279 323 1780 1797
4 1511 2150 1510 2172
4 552 2150 553 2172
4 1006 2103 438 2112
4 1396 2103 1964 2112
4 1417 1415 2181 2230
4 457 459 2181 2230
4 1537 1538 2140 2194
4 580 579 2140 2194
4 1252 1274 104 378
4 1274 286 1336 1252
4 584 585 2200 2218
4 1543 1542 2200 2218
4 2154 2188 1557 2202
4 599 2188 2154 2202
4 1414 1413 2146 2181
4 456 2146 455 2181
4 1328 1323 367 1335
4 1358 231 1179 1183
4 49 400 1179 1183
4 932 1160 29 389
4 1346 1160 211 1889
4 1638 2118 1637 2128
4 680 679 2118 2128
4 443 677 180 1306
4 1306 1401 1635 362
4 1507 2138 1508 2150
4 550 2138 549 2150
4 1399 1629 282 1273
4 441 1273 100 671
4 9 444 440 1177
4 191 1398 1402 1177
4 757 2111 1112 2114
4 2070 2111 1715 2114
4 585 2166 586 2200
4 1544 2166 1543 2200
4 932 998 28 1154
4 1154 1956 210 1889
4 519 2102 942 2105
4 1900 2102 1477 2105
4 876 2203 2135 2212
4 2135 2203 1842 2212
4 1825 291 1243 1272
4 109 1243 1272 867
4 1703 1704 2175 2180
4 745 2175 746 2180
4 1392 1164 225 1917
4 959 43 434 1164
4 187 1327 437 1325
4 2015 1334 2097 2129
4 1057 1139 376 2129
4 691 690 2153 2192
4 1649 2153 1648 2192
4 1277 106 1278 431
4 1278 1389 288 1277
4 1400 1968 1210 271
4 442 89 1210 1010
4 1581 1482 1480 2117
4 524 623 522 2117
4 226 1164 1392 1897
4 44 939 434 1164
4 367 1323 1928 1335
4 1012 680 2118 2128
4 1638 1970 2118 2128
4 456 454 2146 2185
4 1412 1414 2146 2185
4 271 1968 1210 1202
4 1202 1210 89 1010
4 1328 377 185 1323
4 1643 1336 286 1252
4 685 1252 104 378
4 224 1163 1354 1917
4 396 1163 42 959
4 1004 438 1006 2103
4 1964 1396 1962 2103
4 1233 92 1228 1004
4 1260 137 398 846
4 319 1356 1804 1260
4 1395 1327 369 1325
4 566 2135 876 2203
4 1524 1842 2135 2203
4 956 131 1239 920
4 1878 1914 313 1239
4 1233 438 92 1004
4 706 2134 595 2144
4 1664 1553 2134 2144
4 96 1229 1231 968
4 1233 1396 275 1227
4 436 96 1231 968
4 781 2216 1125 2217
4 2083 2216 1739 2217
4 1570 1641 2122 2124
4 612 2122 683 2124
4 970 185 377 1323
4 1630 1629 2120 2132
4 672 2120 671 2132
4 1244 136 945 398
4 318 1903 1356 1244
4 322 1363 1279 1275
4 1403 1642 2121 2157
4 445 2121 684 2157
4 291 1343 1825 1243
4 1243 109 385 867
4 2098 2103 2104 2112
4 1140 2104 2103 2112
4 1313 333 1716 1918
4 758 960 151 1313
4 1836 2140 1538 2194
4 580 2140 887 2194
4 1965 275 1396 1227
4 1206 1203 82 401
4 264 1359 1203 1206
4 1359 1994 265 1190
4 83 1190 1036 401
4 1266 1275 139 405
4 1275 321 1363 1266
4 1035 2119 1136 2152
4 1993 2094 2119 2152
4 958 2131 512 2190
4 1470 2131 1916 2190
4 1934 2060 2126 2127
4 976 2126 1102 2127
4 969 187 437 1325
4 825 823 1137 2130
4 1781 1783 2095 2130
4 784 1206 82 401
4 1742 1359 264 1206
4 681 1012 2118 2223
4 95 1229 376 1232
4 1775 1364 233 1196
4 406 817 51 1196
4 1275 839 140 405
4 123 1256 1247 393
4 1351 305 1256 1247
4 1639 2118 1970 2223
4 1233 93 438 1227
4 1395 369 1927 1325
4 442 2103 1140 2104
4 2098 2103 1400 2104
4 431 106 1278 1039
4 288 1997 1389 1278
4 1363 1279 1797 322
4 1557 2188 1556 2202
4 598 2188 599 2202
4 1229 277 1334 1232
4 1271 110 1272 1028
4 1272 1986 292 1271
4 1837 2200 1542 2218
4 584 2200 888 2218
4 1778 1957 1594 2106
4 636 999 820 2106
4 618 2111 2113 2214
4 1576 2113 2111 2214
4 93 1007 438 1227
4 442 1140 1010 2104
4 1968 2098 1400 2104
4 126 1249 1257 395
4 1352 308 1249 1257
4 130 1238 1239 920
4 1878 312 1238 1239
4 578 2194 884 2215
4 1536 1833 2194 2215
4 1040 1026 676 2167
4 1984 1998 1634 2167
4 828 1132 621 2168
4 2090 1786 1579 2168
4 231 1358 1776 1183
4 400 49 818 1183
4 1189 1202 428 2104
4 1640 1636 2118 2189
4 678 682 2118 2189
4 618 2113 1049 2214
4 1576 2007 2113 2214
4 1547 1571 2004 2217
4 589 1046 613 2217
4 1274 1278 105 1039
4 1278 287 1997 1274
4 1155 217 1162 1353
4 394 1155 35 1162
4 218 1162 1353 1870
4 36 912 394 1162
4 1228 1962 274 1396
4 2015 2107 1628 2109
4 670 2107 1057 2109
4 1241 309 1935 1257
4 1257 1241 127 977
4 1267 299 1345 1246
4 1010 428 1202 2104
4 442 1107 1004 2103
4 1962 2065 1400 2103
4 95 1229 968 376
4 1246 1267 117 387
4 1576 2111 2070 2114
4 1112 2111 618 2114
4 1039 105 1274 378
4 1336 1997 287 1274
4 1059 826 824 2168
4 1784 2017 1782 2168
4 2111 2114 1576 2214
4 618 2114 2111 2214
4 1396 274 1228 1233
4 1932 310 1241 1240
4 128 1241 1240 974
4 1245 114 1263 381
4 683 661 2109 2122
4 1619 1641 2109 2122
4 1263 1339 296 1245
4 843 1266 139 405
4 321 1801 1363 1266
4 1963 1401 2092 2110
4 443 1005 1134 2110
4 1268 306 1947 1247
4 1247 1268 124 989
4 1254 1246 116 1013
4 270 1386 1968 1189
4 1926 277 1334 1229
4 867 1272 110 1028
4 292 1825 1986 1272
4 1268 1249 125 986
4 1249 307 1944 1268
4 1264 1256 122 997
4 1256 304 1955 1264
4 1002 441 1131 2116
4 1399 1960 2089 2116
4 1253 1263 113 1019
4 1263 295 1977 1253
4 2098 1625 1964 2112
4 1140 1006 667 2112
4 1253 294 1980 1270
4 1270 1253 112 1022
4 1134 439 996 2110
4 2092 1954 1397 2110
4 21 1173 1158 2208
4 203 1158 1173 2208
4 1262 1264 121 1000
4 1264 303 1958 1262
4 1181 1182 197 2231
4 1181 15 1182 2231
4 1208 1213 262 2133
4 1208 80 1213 2133
4 782 781 1125 2217
4 1740 2083 1739 2217
4 1245 1972 297 1254
4 1246 298 1971 1254
4 115 1245 1254 1014
4 1961 2091 1398 2115
4 440 1133 1003 2115
4 1271 1270 111 383
4 1270 293 1341 1271
4 16 1181 1180 2179
4 1180 1181 198 2179
4 1159 1152 25 2186
4 1152 1159 207 2186
4 1178 13 1157 2176
4 1178 1157 195 2176
4 20 1174 1173 2159
4 1173 1174 202 2159
4 23 1171 1151 2171
4 1171 205 1151 2171
4 1195 1188 71 2197
4 1188 1195 253 2197
4 200 1176 1147 2158
4 1176 18 1147 2158
4 1298 179 1285 2189
4 1285 361 1298 2189
4 1267 1248 118 1009
4 1691 1377 1690 2165
4 733 732 419 2165
4 1189 428 1386 2104
4 1224 1234 1226 1107
4 68 1200 1187 2174
4 250 1187 1200 2174
4 1212 244 1209 2149
4 1212 1209 62 2149
4 1285 178 1297 2153
4 1297 360 1285 2153
4 241 1217 1218 2151
4 59 1218 1217 2151
4 1303 1300 350 2160
4 168 1300 1303 2160
4 52 1219 1220 2148
4 1219 234 1220 2148
4 1282 165 1293 2164
4 1293 347 1282 2164
4 1208 263 1206 2222
4 1206 81 1208 2222
4 730 732 731 2170
4 1690 1688 1689 2170
4 1627 2074 1624 2112
4 666 1116 669 2112
4 1283 1296 341 2162
4 159 1296 1283 2162
4 1197 1186 74 2183
4 256 1186 1197 2183
4 1291 344 1284 2169
4 1284 162 1291 2169
4 1192 1185 65 2156
4 1192 247 1185 2156
4 232 1775 1196 1183
4 1196 817 50 1183
4 1262 302 1347 1255
4 1255 1262 120 388
4 1204 259 1207 2187
4 1207 77 1204 2187
4 1464 1462 2068 2113
4 504 506 1110 2113
4 1013 116 1254 1014
4 113 1253 1019 1022
4 1980 1977 295 1253
4 1330 1108 1322 1320
4 10 1150 1156 2157
4 192 1156 1150 2157
4 197 1388 1181 2231
4 15 1181 430 2231
4 1309 170 1307 2175
4 1307 352 1309 2175
4 21 382 1173 2208
4 203 1173 1340 2208
4 156 1288 1281 2173
4 338 1281 1288 2173
4 2108 2127 976 2223
4 262 1737 1208 2133
4 1208 779 80 2133
4 80 422 1213 2133
4 1213 1380 262 2133
4 153 1308 1305 2177
4 1305 1308 335 2177
4 1934 2127 2108 2223
4 1286 174 1299 2227
4 1299 356 1286 2227
4 79 1211 1213 2219
4 1213 1211 261 2219
4 21 1158 861 2208
4 203 1819 1158 2208
4 1248 300 1967 1267
4 1717 1576 2070 2114
4 759 1112 618 2114
4 383 111 1271 1028
4 1986 1341 293 1271
4 1856 197 1182 2231
4 898 1182 15 2231
4 733 2100 732 2165
4 430 1181 16 2179
4 1181 1388 198 2179
4 1632 1385 1631 2132
4 427 674 673 2132
4 1691 1690 2100 2165
4 194 1157 1149 2199
4 12 1149 1157 2199
4 731 732 2100 2170
4 1689 2100 1690 2170
4 1188 253 1807 2197
4 1188 849 71 2197
4 217 1155 1869 1353
4 35 1155 394 911
4 429 1285 179 2189
4 1387 361 1285 2189
4 937 1159 25 2186
4 1159 1895 207 2186
4 298 1972 1971 1254
4 1198 1185 248 2195
4 1198 66 1185 2195
4 18 1176 851 2158
4 1176 200 1809 2158
4 20 857 1174 2159
4 202 1174 1815 2159
4 382 20 1173 2159
4 1340 1173 202 2159
4 23 863 1171 2171
4 205 1171 1821 2171
4 23 1151 380 2171
4 1338 1151 205 2171
4 1199 1188 254 2161
4 1188 1199 72 2161
4 200 1147 1342 2158
4 384 1147 18 2158
4 696 1157 13 2176
4 195 1157 1654 2176
4 253 1195 1374 2197
4 71 416 1195 2197
4 245 1205 1209 2196
4 63 1209 1205 2196
4 1922 1594 1957 2105
4 999 636 964 2105
4 130 1238 920 391
4 1349 1878 312 1238
4 62 410 1212 2149
4 244 1212 1368 2149
4 1337 1178 195 2176
4 1178 379 13 2176
4 1180 198 1814 2179
4 16 1180 856 2179
4 414 1200 68 2174
4 250 1200 1372 2174
4 25 1152 936 2186
4 1152 207 1894 2186
4 2098 2104 1625 2112
4 1140 667 2104 2112
4 1747 1209 244 2149
4 789 62 1209 2149
4 241 1218 1366 2151
4 59 408 1218 2151
4 263 1208 1737 2222
4 779 1208 81 2222
4 1379 350 1300 2160
4 168 421 1300 2160
4 68 1187 787 2174
4 1745 1187 250 2174
4 52 406 1219 2148
4 234 1219 1364 2148
4 241 1754 1217 2151
4 796 59 1217 2151
4 1303 350 1700 2160
4 742 168 1303 2160
4 429 178 1285 2153
4 1285 360 1387 2153
4 1293 1377 347 2164
4 419 1293 165 2164
4 826 2130 824 2168
4 1784 1782 2130 2168
4 1373 341 1296 2162
4 159 415 1296 2162
4 1282 736 165 2164
4 1694 1282 347 2164
4 65 412 1192 2156
4 247 1192 1370 2156
4 52 1220 811 2148
4 1769 1220 234 2148
4 301 1966 1255 1248
4 1248 1255 119 1008
4 60 1217 1214 2193
4 242 1214 1217 2193
4 1291 1375 344 2169
4 417 1291 162 2169
4 1283 341 1682 2162
4 724 159 1283 2162
4 1284 730 162 2169
4 1688 1284 344 2169
4 1197 1376 256 2183
4 418 1197 74 2183
4 1746 1185 247 2156
4 788 65 1185 2156
4 690 1297 178 2153
4 1297 1648 360 2153
4 259 1204 1378 2187
4 420 1204 77 2187
4 1717 1576 2114 2214
4 759 2114 618 2214
4 1318 1311 148 2155
4 330 1311 1318 2155
4 192 1384 1156 2157
4 10 1156 426 2157
4 523 521 636 2106
4 1594 1479 1481 2106
4 1186 850 74 2183
4 256 1808 1186 2183
4 1829 1207 259 2187
4 1207 871 77 2187
4 1381 1309 352 2175
4 423 170 1309 2175
4 156 413 1288 2173
4 1371 338 1288 2173
4 422 79 1213 2219
4 261 1380 1213 2219
4 744 1307 170 2175
4 1307 1702 352 2175
4 156 1281 748 2173
4 338 1706 1281 2173
4 1369 335 1308 2177
4 153 411 1308 2177
4 383 1270 112 1022
4 294 1341 1980 1270
4 1635 1298 361 2189
4 179 1298 677 2189
4 79 786 1211 2219
4 1211 1744 261 2219
4 754 153 1305 2177
4 1305 335 1712 2177
4 248 1185 1746 2195
4 788 1185 66 2195
4 1222 56 1221 2201
4 1222 1221 238 2201
4 194 1654 1157 2199
4 12 1157 696 2199
4 1019 1263 114 381
4 1977 1339 296 1263
4 402 1299 174 2227
4 1360 356 1299 2227
4 1206 784 81 2222
4 1742 1206 263 2222
4 1971 1345 299 1246
4 1318 147 1317 2178
4 1318 1317 329 2178
4 1718 1199 254 2161
4 1199 760 72 2161
4 245 1209 1747 2196
4 63 789 1209 2196
4 1670 1198 248 2195
4 712 66 1198 2195
4 661 2107 670 2109
4 1628 2107 1619 2109
4 254 1188 1807 2161
4 1188 72 849 2161
4 194 1149 1653 2199
4 695 1149 12 2199
4 174 1286 698 2227
4 1656 1286 356 2227
4 1210 90 442 1107
4 63 1205 773 2196
4 245 1731 1205 2196
4 192 1150 1402 2157
4 444 1150 10 2157
4 115 1245 1014 381
4 2007 1795 1796 2214
4 837 1049 838 2214
4 1339 1972 297 1245
4 681 1100 1012 2223
4 60 796 1217 2193
4 242 1217 1754 2193
4 387 1267 118 1009
4 387 117 1246 1013
4 60 1214 794 2193
4 1752 1214 242 2193
4 1610 1468 1466 2131
4 652 508 510 2131
4 433 1318 148 2155
4 1318 1391 330 2155
4 1204 76 1191 2229
4 258 1204 1191 2229
4 425 692 693 2192
4 1383 1651 1650 2192
4 1412 1411 1410 2125
4 453 454 452 2125
4 330 1793 1311 2155
4 148 1311 835 2155
4 1637 1638 1636 2118
4 679 678 680 2118
4 757 1112 756 2114
4 2070 1715 1714 2114
4 1639 1970 2058 2223
4 1411 2125 1412 2146
4 453 454 2125 2146
4 1218 1215 240 2205
4 1218 58 1215 2205
4 669 1139 2107 2129
4 2097 1627 2107 2129
4 1345 1967 300 1267
4 1856 1388 197 2231
4 15 430 898 2231
4 203 1340 1819 2208
4 21 861 382 2208
4 123 1256 393 997
4 1955 1351 305 1256
4 1410 1409 1590 2139
4 451 452 632 2139
4 1380 1737 262 2133
4 779 422 80 2133
4 432 56 1222 2201
4 1390 1222 238 2201
4 448 449 447 2123
4 1405 1407 1406 2123
4 1406 1404 1405 2141
4 446 448 447 2141
4 1040 2120 672 2132
4 1630 2120 1998 2132
4 748 719 722 2206
4 1706 1680 1677 2206
4 121 1262 1000 388
4 1347 1958 303 1262
4 433 147 1318 2178
4 1391 1318 329 2178
4 2089 1394 1953 2116
4 1131 995 436 2116
4 597 2134 967 2188
4 1925 2134 1555 2188
4 238 1221 1763 2201
4 805 1221 56 2201
4 1410 1923 1412 2185
4 452 454 965 2185
4 1586 1852 1508 2138
4 628 550 894 2138
4 1187 1194 69 2233
4 1187 251 1194 2233
4 1410 2139 1923 2185
4 452 965 2139 2185
4 967 597 609 2134
4 1925 1567 1555 2134
4 612 659 660 2122
4 1570 1618 1617 2122
4 1989 2166 1544 2200
4 1031 586 2166 2200
4 611 2124 601 2202
4 1559 2124 1569 2202
4 452 451 450 2125
4 1410 1408 1409 2125
4 448 971 450 2123
4 1929 1406 1408 2123
4 253 1374 1807 2197
4 849 416 71 2197
4 872 560 633 2136
4 1518 1847 1591 2136
4 630 556 890 2137
4 1588 1848 1514 2137
4 872 560 2136 2163
4 1847 2136 1518 2163
4 1197 73 1199 2226
4 1197 1199 255 2226
4 743 745 1061 2180
4 1701 2019 1703 2180
4 599 611 601 2202
4 1557 1559 1569 2202
4 20 382 857 2159
4 202 1815 1340 2159
4 1000 1264 122 997
4 304 1958 1955 1264
4 1317 1790 329 2178
4 832 1317 147 2178
4 893 554 630 2137
4 1512 1851 1588 2137
4 384 18 851 2158
4 200 1342 1809 2158
4 1901 1602 1898 2102
4 644 943 940 2102
4 1520 1591 1839 2136
4 633 562 875 2136
4 856 430 16 2179
4 1814 198 1388 2179
4 1102 976 377 2126
4 1934 2060 1335 2126
4 1767 1769 1768 2198
4 811 809 810 2198
4 554 2137 893 2172
4 1851 2137 1512 2172
4 205 1821 1338 2171
4 23 380 863 2171
4 754 752 753 2210
4 1712 1711 1710 2210
4 447 445 446 2121
4 1404 1403 1405 2121
4 849 2161 763 2197
4 1721 2161 1807 2197
4 789 410 62 2149
4 1747 244 1368 2149
4 736 738 737 2182
4 1694 1695 1696 2182
4 936 937 25 2186
4 1894 207 1895 2186
4 1775 232 1776 1183
4 817 818 50 1183
4 1411 1929 1408 2125
4 453 450 971 2125
4 1537 1535 1536 2215
4 578 577 579 2215
4 568 879 635 2135
4 1845 1526 1593 2135
4 1405 1616 1645 2121
4 687 658 447 2121
4 1754 241 1366 2151
4 59 796 408 2151
4 1372 1745 250 2174
4 414 68 787 2174
4 195 1654 1337 2176
4 379 696 13 2176
4 1725 258 1191 2229
4 76 767 1191 2229
4 168 742 421 2160
4 1379 1700 350 2160
4 1655 2199 1621 2204
4 697 663 2199 2204
4 697 663 696 2199
4 1655 1654 1621 2199
4 234 1364 1769 2148
4 52 811 406 2148
4 662 659 611 2154
4 1617 1620 1569 2154
4 426 446 445 2157
4 1404 1384 1403 2157
4 725 724 726 2191
4 1682 1683 1684 2191
4 1655 2176 2199 2204
4 697 2199 2176 2204
4 697 696 2176 2199
4 1655 2176 1654 2199
4 1694 347 1377 2164
4 736 419 165 2164
4 1366 1218 240 2205
4 408 58 1218 2205
4 76 1204 420 2229
4 258 1378 1204 2229
4 1009 1248 119 1008
4 1373 1682 341 2162
4 159 724 415 2162
4 1718 1721 1719 2161
4 763 760 761 2161
4 247 1370 1746 2156
4 788 412 65 2156
4 1409 1408 1407 2123
4 451 449 450 2123
4 384 852 853 2158
4 1810 1342 1811 2158
4 730 417 162 2169
4 1688 344 1375 2169
4 1816 1815 1812 2159
4 858 854 857 2159
4 240 1215 1759 2205
4 801 1215 58 2205
4 1526 1527 1525 2143
4 568 567 569 2143
4 1517 1515 1516 2147
4 558 557 559 2147
4 126 1249 395 986
4 1944 1352 308 1249
4 1701 1700 1698 2160
4 743 740 742 2160
4 744 745 743 2175
4 1703 1702 1701 2175
4 1532 1533 1531 2142
4 574 573 575 2142
4 1718 2161 1719 2226
4 760 761 2161 2226
4 1521 1519 1520 2145
4 561 563 562 2145
4 1532 2142 1531 2184
4 574 573 2142 2184
4 694 699 698 2227
4 1652 1656 1657 2227
4 1428 2022 2021 2221
4 470 1063 1064 2221
4 1636 1387 1637 2189
4 429 678 679 2189
4 429 690 178 2153
4 1648 1387 360 2153
4 1808 256 1376 2183
4 418 74 850 2183
4 1552 1554 1553 2144
4 596 594 595 2144
4 429 179 677 2189
4 1635 361 1387 2189
4 259 1378 1829 2187
4 420 77 871 2187
4 695 663 446 2141
4 1621 1653 1404 2141
4 1371 1706 338 2173
4 156 748 413 2173
4 736 737 734 2164
4 1695 1694 1692 2164
4 1381 352 1702 2175
4 423 744 170 2175
4 739 738 421 2182
4 1379 1696 1697 2182
4 1523 1521 1522 2145
4 564 563 565 2145
4 2032 2027 1434 2232
4 1069 1074 476 2232
4 69 787 1187 2233
4 1745 251 1187 2233
4 1515 1513 1514 2147
4 556 555 557 2147
4 584 583 585 2218
4 1543 1541 1542 2218
4 900 849 763 2197
4 1858 1721 1807 2197
4 662 967 711 2154
4 1925 1620 1669 2154
4 1539 1537 1538 2140
4 580 579 581 2140
4 961 702 703 2207
4 1661 1660 1919 2207
4 612 611 659 2124
4 1569 1570 1617 2124
4 1361 1767 1765 2198
4 807 809 403 2198
4 422 786 79 2219
4 1744 1380 261 2219
4 695 663 2141 2199
4 1653 2141 1621 2199
4 1704 1381 1703 2175
4 746 745 423 2175
4 1387 2153 1637 2189
4 429 679 2153 2189
4 1511 1509 1510 2150
4 551 553 552 2150
4 779 81 784 2222
4 263 1737 1742 2222
4 760 1199 73 2226
4 1718 255 1199 2226
4 872 890 558 2163
4 1848 1847 1516 2163
4 550 552 894 2150
4 1510 1508 1852 2150
4 1522 1523 2145 2203
4 564 2145 565 2203
4 1369 1712 335 2177
4 153 754 411 2177
4 847 69 1194 2233
4 1805 1194 251 2233
4 802 803 432 2201
4 1390 1761 1760 2201
4 715 2156 788 2195
4 1673 1746 2156 2195
4 718 2174 787 2233
4 1676 1745 2174 2233
4 1135 842 1065 2117
4 2093 2023 1800 2117
4 1929 1621 1406 2141
4 971 448 663 2141
4 1414 1415 1413 2181
4 456 455 457 2181
4 519 517 942 2102
4 1477 1900 1475 2102
4 1197 418 73 2226
4 1376 1197 255 2226
4 894 552 893 2172
4 1510 1852 1851 2172
4 718 847 848 2233
4 1676 1806 1805 2233
4 862 863 864 2171
4 1822 1821 1820 2171
4 90 1210 1224 1107
4 1689 1688 1686 2169
4 731 728 730 2169
4 1529 1527 1528 2143
4 570 569 571 2143
4 1411 1413 1942 2146
4 455 453 984 2146
4 1684 1685 1375 2191
4 727 726 417 2191
4 655 457 455 2230
4 1413 1415 1613 2230
4 775 2149 789 2196
4 1747 2149 1733 2196
4 890 556 558 2147
4 1848 1516 1514 2147
4 1569 1925 1557 2154
4 611 599 967 2154
4 1746 1670 248 2195
4 712 788 66 2195
4 781 785 2216 2222
4 1739 2216 1743 2222
4 1966 301 1967 1248
4 1925 1557 2154 2188
4 967 2154 599 2188
4 382 2159 1173 2208
4 1340 1173 2159 2208
4 1912 1993 2119 2152
4 1035 954 2119 2152
4 1181 2179 430 2231
4 1181 1388 2179 2231
4 562 564 875 2145
4 1522 1520 1839 2145
4 663 971 2141 2204
4 1929 1621 2141 2204
4 795 2151 796 2193
4 1753 1754 2151 2193
4 1525 1523 1524 2203
4 566 565 567 2203
4 776 788 715 2156
4 1673 1746 1734 2156
4 1807 1718 254 2161
4 849 72 760 2161
4 700 702 402 2207
4 1360 1660 1658 2207
4 790 789 775 2149
4 1747 1748 1733 2149
4 245 1747 1731 2196
4 63 773 789 2196
4 1373 1677 1678 2206
4 719 415 720 2206
4 1340 2159 1817 2208
4 859 2159 382 2208
4 426 444 10 2157
4 192 1402 1384 2157
4 1535 1533 1534 2142
4 576 575 577 2142
4 587 586 585 2166
4 1545 1543 1544 2166
4 458 457 459 2181
4 1415 1416 1417 2181
4 1509 1507 1508 2150
4 550 549 551 2150
4 1387 1285 2153 2189
4 429 2153 1285 2189
4 750 752 413 2210
4 1710 1708 1371 2210
4 718 714 787 2174
4 1672 1676 1745 2174
4 696 695 12 2199
4 194 1653 1654 2199
4 1812 1809 1810 2158
4 854 852 851 2158
4 1208 2133 1737 2222
4 1208 779 2133 2222
4 806 805 803 2201
4 1763 1764 1761 2201
4 958 512 653 2190
4 1611 1470 1916 2190
4 1555 1553 1554 2134
4 597 596 595 2134
4 570 879 568 2143
4 1528 1526 1845 2143
4 1912 1993 1827 2119
4 1035 954 869 2119
4 1391 1791 1792 2155
4 433 834 833 2155
4 797 796 795 2151
4 1754 1755 1753 2151
4 1679 1683 1682 2162
4 725 721 724 2162
4 735 1079 733 2220
4 2037 1693 1691 2220
4 1535 2142 1534 2215
4 576 2142 577 2215
4 1213 1380 2133 2219
4 1213 2133 422 2219
4 761 418 2183 2226
4 1376 1719 2183 2226
4 1656 356 1360 2227
4 174 698 402 2227
4 1792 1794 1793 2155
4 836 834 835 2155
4 1817 1340 1816 2159
4 382 859 858 2159
4 715 712 713 2195
4 1673 1671 1670 2195
4 775 773 774 2196
4 1733 1732 1731 2196
4 762 850 766 2183
4 1724 1808 1720 2183
4 1552 1551 1550 2144
4 594 592 593 2144
4 1541 1539 1540 2140
4 583 582 581 2140
4 546 544 545 2213
4 1502 1504 1503 2213
4 769 871 772 2187
4 1727 1730 1829 2187
4 1638 1978 1970 2128
4 1012 1020 680 2128
4 1531 1529 1530 2184
4 571 573 572 2184
4 1395 1983 2091 2115
4 437 1133 1025 2115
4 1754 1752 242 2193
4 60 794 796 2193
4 810 812 811 2148
4 1770 1768 1769 2148
4 1791 2155 1391 2178
4 833 433 2155 2178
4 681 996 1100 2108
4 1639 2058 1954 2108
4 1380 1828 1738 2133
4 870 422 780 2133
4 791 795 794 2193
4 1753 1749 1752 2193
4 1412 1561 1414 2185
4 456 603 454 2185
4 1630 1385 1629 2132
4 672 671 427 2132
4 1807 2161 1188 2197
4 1188 2161 849 2197
4 802 801 798 2205
4 1759 1760 1756 2205
4 876 566 635 2135
4 1524 1842 1593 2135
4 1540 1541 2140 2218
4 582 2140 583 2218
4 875 2145 564 2212
4 1839 1522 2145 2212
4 774 412 776 2156
4 1732 1734 1370 2156
4 1157 2176 696 2199
4 1654 2176 1157 2199
4 440 1105 8 1177
4 1828 2133 1380 2219
4 870 422 2133 2219
4 1456 1455 1454 2209
4 498 496 497 2209
4 835 433 148 2155
4 1793 330 1391 2155
4 865 937 938 2186
4 1823 1896 1895 2186
4 588 587 589 2166
4 1546 1547 1545 2166
4 1823 1338 1822 2171
4 865 864 380 2171
4 623 1065 825 2117
4 2023 1581 1783 2117
4 789 2149 1209 2196
4 1747 1209 2149 2196
4 688 976 2127 2223
4 1985 1590 1978 2128
4 1027 1020 632 2128
4 974 128 1241 977
4 1935 1932 310 1241
4 1657 1360 1658 2227
4 402 699 700 2227
4 749 750 413 2173
4 1371 1708 1707 2173
4 1706 1707 1680 2173
4 722 749 748 2173
4 788 2156 1185 2195
4 1746 1185 2156 2195
4 421 740 739 2160
4 1698 1379 1697 2160
4 790 791 410 2149
4 1749 1748 1368 2149
4 856 853 966 2179
4 1811 1814 1924 2179
4 989 1268 125 986
4 307 1947 1944 1268
4 1524 1526 1525 2135
4 566 567 568 2135
4 796 2151 1217 2193
4 1754 1217 2151 2193
4 1613 1930 1857 2230
4 899 972 655 2230
4 542 543 544 2213
4 1500 1502 1501 2213
4 1678 1679 1373 2162
4 721 720 415 2162
4 408 2151 798 2205
4 1756 2151 1366 2205
4 1726 2187 1378 2229
4 768 420 2187 2229
4 1517 2163 1518 2211
4 560 2163 559 2211
4 798 408 797 2151
4 1756 1755 1366 2151
4 1472 1471 1470 2190
4 514 512 513 2190
4 1691 1692 1377 2164
4 419 734 733 2164
4 1517 1516 1518 2163
4 558 559 560 2163
4 1646 2127 1934 2223
4 761 418 762 2183
4 1719 1720 1376 2183
4 828 621 1059 2168
4 2017 1579 1786 2168
4 455 456 454 2146
4 1412 1414 1413 2146
4 186 1328 1325 2126
4 755 756 411 2177
4 1369 1714 1713 2177
4 1390 238 1763 2201
4 432 805 56 2201
4 1352 1935 309 1257
4 127 1257 977 395
4 1328 368 1325 2126
4 753 755 754 2177
4 1712 1713 1711 2177
4 1518 1520 1519 2136
4 562 560 561 2136
4 727 417 728 2169
4 1375 1685 1686 2169
4 1519 1518 2136 2211
4 561 2136 560 2211
4 1726 1725 1724 2229
4 766 767 768 2229
4 1937 1337 1655 2176
4 379 979 697 2176
4 1491 1489 1490 2225
4 531 533 532 2225
4 759 618 1049 2214
4 1717 2007 1576 2214
4 1637 1648 1649 2153
4 690 679 691 2153
4 1226 90 1224 1107
4 1364 1771 1770 2148
4 812 813 406 2148
4 1492 1493 1491 2224
4 534 533 535 2224
4 124 1247 989 393
4 1351 1947 306 1247
4 1417 1930 1415 2230
4 457 972 459 2230
4 574 638 572 2184
4 713 414 714 2174
4 1671 1672 1372 2174
4 1453 1455 1603 2209
4 495 645 497 2209
4 1943 1894 1896 2186
4 936 985 938 2186
4 1491 1490 2224 2225
4 533 2224 532 2225
4 2037 1689 1990 2220
4 731 1079 1032 2220
4 433 832 147 2178
4 1391 329 1790 2178
4 1511 1510 1512 2172
4 552 553 554 2172
4 1537 1536 1538 2194
4 580 578 579 2194
4 1625 2104 1973 2228
4 667 1015 2104 2228
4 1041 785 708 2216
4 1999 1666 1743 2216
4 1513 1512 1514 2137
4 554 555 556 2137
4 2065 1400 1224 272
4 408 1218 2151 2205
4 1366 2151 1218 2205
4 1542 1837 1599 2200
4 584 641 888 2200
4 1703 1705 1704 2180
4 747 745 746 2180
4 1937 1857 1856 2231
4 979 898 899 2231
4 1596 1532 1530 2184
4 768 420 769 2187
4 1727 1378 1726 2187
4 433 1318 2155 2178
4 1391 2155 1318 2178
4 681 1012 680 2118
4 1638 1970 1639 2118
4 859 861 862 2208
4 1820 1819 1817 2208
4 514 957 653 2190
4 1915 1472 1611 2190
4 691 425 690 2192
4 1649 1648 1383 2192
4 1426 1564 2022 2221
4 468 1064 606 2221
4 706 609 595 2134
4 1567 1664 1553 2134
4 76 420 767 2229
4 258 1725 1378 2229
4 1737 1738 1739 2133
4 780 779 781 2133
4 1187 787 2174 2233
4 1187 2174 1745 2233
4 408 801 58 2205
4 1759 1366 240 2205
4 666 661 660 2122
4 1624 1618 1619 2122
4 1204 1378 2187 2229
4 1204 2187 420 2229
4 1570 1559 1641 2124
4 601 612 683 2124
4 1634 2120 1633 2167
4 676 675 2120 2167
4 1197 2183 418 2226
4 1376 2183 1197 2226
4 1737 2133 1739 2222
4 779 781 2133 2222
4 302 1966 1347 1255
4 1008 1255 120 388
4 1322 1108 181 1320
4 1199 2161 1718 2226
4 1199 760 2161 2226
4 576 883 574 2142
4 2097 1965 1627 2129
4 669 1007 1139 2129
4 1791 1790 1789 2178
4 833 831 832 2178
4 593 706 595 2144
4 1664 1551 1553 2144
4 1506 1508 1507 2138
4 548 549 550 2138
4 1328 1335 368 2126
4 1836 1540 1538 2140
4 582 887 580 2140
4 639 884 578 2194
4 1534 1532 1830 2142
4 680 1027 679 2128
4 1985 1638 1637 2128
4 584 585 586 2200
4 1542 1544 1543 2200
4 445 684 444 2157
4 1403 1402 1642 2157
4 1432 1565 2032 2232
4 1074 607 474 2232
4 1942 1655 1929 2204
4 697 984 971 2204
4 564 566 876 2203
4 1524 1522 1842 2203
4 1833 1597 1536 2194
4 1745 1805 251 2233
4 847 787 69 2233
4 186 377 1328 2126
4 1100 2108 976 2223
4 186 1325 969 2126
4 1730 1828 1744 2219
4 772 786 870 2219
4 1376 255 1718 2226
4 760 73 418 2226
4 2065 1237 1224 1234
4 1003 189 1105 1326
4 1035 664 1136 2119
4 1622 1993 2094 2119
4 848 416 900 2197
4 1858 1374 1806 2197
4 683 612 661 2122
4 1619 1570 1641 2122
4 1557 1556 1558 2202
4 598 599 600 2202
4 1927 1325 368 2126
4 1002 1230 98 1106
4 364 1963 1324 2066
4 2058 1934 2108 2223
4 564 2203 876 2212
4 1842 2203 1522 2212
4 1333 1330 1320 2066
4 2097 1628 2015 2107
4 1139 1057 670 2107
4 1629 1633 1630 2120
4 675 671 672 2120
4 2066 1401 1320 363
4 1454 1453 1452 2209
4 496 494 495 2209
4 1640 1635 1636 2189
4 678 677 682 2189
4 529 531 530 2225
4 1488 1489 1487 2225
4 1855 1586 1506 2138
4 897 548 628 2138
4 1556 1557 1555 2188
4 598 597 599 2188
4 1481 1483 1946 2106
4 525 523 988 2106
4 1647 2126 2060 2127
4 1102 2126 689 2127
4 1210 1224 1400 272
4 1112 757 1091 2111
4 2070 2049 1715 2111
4 660 666 2122 2228
4 1618 2122 1624 2228
4 1616 1403 1642 2121
4 684 445 658 2121
4 781 784 785 2222
4 1739 1743 1742 2222
4 1836 1538 1597 2194
4 580 887 639 2194
4 1377 2164 1293 2165
4 419 1293 2164 2165
4 1999 2216 2083 2217
4 1125 2216 1041 2217
4 732 2165 2100 2170
4 2100 2165 1690 2170
4 1284 730 2169 2170
4 1284 2169 1688 2170
4 502 618 2111 2113
4 1576 1460 2111 2113
4 1326 1332 1105 1331
4 1236 1230 1235 1106
4 1333 1324 1330 2066
4 1102 969 689 2126
4 1647 1927 2060 2126
4 1468 1916 1470 2131
4 958 510 512 2131
4 683 1026 602 2109
4 1984 1641 1560 2109
4 1401 1306 1320 363
4 1100 976 688 2223
4 1332 1105 189 1326
4 1236 98 1230 1106
4 364 1324 1333 2066
4 683 661 670 2109
4 1641 1628 1619 2109
4 1975 1416 1414 2181
4 1017 456 458 2181
4 1650 1996 1649 2192
4 692 691 1038 2192
4 1594 1922 2096 2105
4 1138 964 636 2105
4 2074 1396 1964 2112
4 1116 1006 438 2112
4 2058 1646 1934 2223
4 1536 1534 1833 2215
4 578 884 576 2215
4 1640 1636 1639 2118
4 682 681 678 2118
4 1837 1542 1540 2218
4 584 888 582 2218
4 1236 1235 1321 1106
4 1225 1105 1332 1331
4 476 474 475 2232
4 1434 1433 1432 2232
4 737 739 1072 2182
4 1695 2030 1697 2182
4 1225 8 1105 1177
4 276 1227 1965 2129
4 1842 1839 1959 2212
4 876 1001 875 2212
4 2002 1561 1923 2185
4 965 603 1044 2185
4 1927 368 1335 2126
4 377 186 969 2126
4 632 965 1038 2139
4 1923 1590 1996 2139
4 1061 747 1055 2180
4 1705 2019 2013 2180
4 1973 1625 1386 2104
4 1015 428 667 2104
4 2015 2109 1984 2167
4 1026 2109 1057 2167
4 1026 670 1057 2109
4 1984 2015 1628 2109
4 469 470 468 2221
4 1428 1427 1426 2221
4 1007 1227 94 2129
4 94 1232 376 2129
4 1334 1232 276 2129
4 365 1397 1329 2110
4 1558 1560 1559 2202
4 600 601 602 2202
4 1088 725 727 2191
4 1683 2046 1685 2191
4 1004 91 1234 1107
4 1571 1999 2083 2217
4 1125 1041 613 2217
4 703 700 1054 2207
4 1661 2012 1658 2207
4 1277 289 1276 2152
4 1276 107 1277 2152
4 1295 2165 732 2170
4 1690 2165 1295 2170
4 1646 2060 1934 2127
4 1102 688 976 2127
4 1953 1634 1633 2167
4 676 995 675 2167
4 1327 188 437 2115
4 1232 1227 276 2129
4 689 687 688 2127
4 1647 1646 1645 2127
4 1580 1517 1519 2211
4 559 622 561 2211
4 722 720 1094 2206
4 1680 2052 1678 2206
4 1232 94 1227 2129
4 1625 2112 2104 2228
4 667 2104 2112 2228
4 661 669 670 2107
4 1627 1619 1628 2107
4 281 2064 1399 1321
4 1327 1395 370 2115
4 190 2063 1398 1225
4 949 532 534 2224
4 1907 1492 1490 2224
4 753 750 1101 2210
4 1711 2059 1708 2210
4 1961 2063 371 1331
4 673 1040 672 2132
4 1631 1630 1998 2132
4 828 824 827 2168
4 1782 1786 1785 2168
4 2007 2068 1576 2113
4 1110 1049 618 2113
4 1389 289 1277 2152
4 107 431 1277 2152
4 183 1329 439 2110
4 97 436 1231 2116
4 370 1961 1326 2115
4 1005 1324 183 2110
4 1912 1276 289 2152
4 1276 954 107 2152
4 2064 280 1960 1235
4 1005 1108 182 1330
4 1326 1003 188 2115
4 1234 1228 91 1004
4 1136 431 1035 2152
4 2094 1993 1389 2152
4 1960 1230 279 2116
4 1003 437 188 2115
4 1394 279 1231 2116
4 1957 1899 1922 2105
4 941 999 964 2105
4 1040 676 672 2120
4 1630 1634 1998 2120
4 97 1230 1002 2116
4 1963 1397 365 2110
4 183 439 1005 2110
4 1273 281 1399 1321
4 1225 1398 190 1177
4 1624 1964 1625 2112
4 667 1006 666 2112
4 1007 94 376 2129
4 688 604 1012 2223
4 1599 1989 1544 2200
4 1031 641 586 2200
4 502 504 618 2113
4 1576 1462 1460 2113
4 1899 2102 1900 2105
4 942 2102 941 2105
4 365 1324 1963 2110
4 1795 1717 1918 2214
4 759 837 960 2214
4 97 1002 436 2116
4 1477 1479 2096 2101
4 371 1326 1961 1331
4 1334 276 1965 2129
4 1562 1646 1970 2223
4 1326 188 1327 2115
4 1395 1961 370 2115
4 370 1326 1327 2115
4 1235 280 1960 1230
4 1330 182 1005 1324
4 97 1231 1230 2116
4 1231 279 1230 2116
4 275 1965 276 1227
4 1329 183 1324 2110
4 1954 1934 1928 2108
4 996 970 976 2108
4 365 1329 1324 2110
4 1922 1899 1900 2105
4 964 942 941 2105
4 2093 1482 1581 2117
4 1135 623 524 2117
4 262 263 1208 1737
4 1208 81 80 779
4 80 79 1213 422
4 262 1213 261 1380
4 414 67 68 1200
4 250 249 1372 1200
4 142 143 407 1315
4 1315 324 325 1365
4 415 158 159 1296
4 340 341 1296 1373
4 413 155 156 1288
4 337 338 1288 1371
4 1308 334 335 1369
4 152 153 411 1308
4 71 70 1195 416
4 1374 253 252 1195
4 1199 73 72 760
4 255 254 1718 1199
4 18 19 851 1176
4 200 201 1176 1809
4 244 243 1368 1212
4 62 61 1212 410
4 1205 64 63 773
4 1731 246 245 1205
4 432 56 57 1222
4 239 238 1390 1222
4 1192 65 64 412
4 247 246 1370 1192
4 1670 249 248 1198
4 66 67 712 1198
4 241 240 1366 1218
4 58 59 408 1218
4 403 54 55 1223
4 237 236 1361 1223
4 1219 52 51 406
4 234 233 1364 1219
4 423 170 171 1309
4 352 353 1309 1381
4 719 157 158 1294
4 339 340 1294 1677
4 167 168 421 1300
4 1300 349 350 1379
4 430 15 16 1181
4 197 198 1181 1388
4 346 1293 1377 347
4 164 165 419 1293
4 417 161 162 1291
4 344 1375 1291 343
4 21 22 861 1158
4 204 203 1819 1158
4 147 148 433 1318
4 1318 329 330 1391
4 937 24 25 1159
4 1159 206 207 1895
4 69 68 1187 787
4 1745 251 250 1187
4 202 201 1815 1174
4 19 20 857 1174
4 1394 1960 279 2116
4 202 203 1173 1340
4 20 21 382 1173
4 1197 74 73 418
4 255 256 1197 1376
4 259 258 1378 1204
4 1204 77 76 420
4 351 352 1307 1702
4 744 169 170 1307
4 384 17 18 1147
4 199 200 1147 1342
4 205 204 1821 1171
4 22 23 863 1171
4 350 351 1303 1700
4 168 169 742 1303
4 347 1282 1694 348
4 165 166 736 1282
4 380 23 24 1151
4 206 205 1338 1151
4 1287 349 1696 348
4 738 166 167 1287
4 724 159 160 1283
4 341 342 1283 1682
4 730 162 163 1284
4 1284 1688 344 345
4 732 163 164 1295
4 346 1690 1295 345
4 11 12 695 1149
4 193 194 1149 1653
4 195 196 1178 1337
4 13 14 379 1178
4 355 1660 1302 354
4 702 172 173 1302
4 12 13 696 1157
4 195 194 1654 1157
4 197 196 1856 1182
4 14 15 898 1182
4 1211 79 78 786
4 260 261 1211 1744
4 1210 90 89 442
4 272 1400 1210 271
4 726 160 161 1290
4 1290 342 343 1684
4 1188 72 71 849
4 254 253 1807 1188
4 360 1648 1297 359
4 177 178 690 1297
4 1191 257 258 1725
4 1191 76 75 767
4 752 154 155 1301
4 336 337 1301 1710
4 1314 331 332 1367
4 149 150 409 1314
4 356 1360 1299 355
4 173 174 402 1299
4 198 199 1180 1814
4 856 16 17 1180
4 61 60 1214 794
4 243 242 1752 1214
4 1747 245 244 1209
4 789 62 63 1209
4 1281 338 339 1706
4 748 156 157 1281
4 933 31 32 1161
4 1161 213 214 1890
4 57 58 801 1215
4 1759 240 239 1215
4 1250 102 101 427
4 284 283 1385 1250
4 228 229 1166 1902
4 944 46 47 1166
4 10 11 426 1156
4 193 192 1384 1156
4 134 133 1258 950
4 316 315 1908 1258
4 39 40 913 1143
4 221 222 1143 1871
4 404 145 146 1319
4 1319 327 328 1362
4 148 149 835 1311
4 1311 330 331 1793
4 969 186 187 1325
4 805 55 56 1221
4 1763 238 237 1221
4 65 66 788 1185
4 248 247 1746 1185
4 796 59 60 1217
4 1754 242 241 1217
4 54 53 1216 809
4 1767 236 235 1216
4 429 178 179 1285
4 361 1387 1285 360
4 69 70 847 1194
4 1805 252 251 1194
4 176 177 425 1289
4 1289 1383 358 359
4 1207 78 77 871
4 260 259 1829 1207
4 153 154 754 1305
4 335 336 1305 1712
4 1714 1716 1717 2114
4 758 756 759 2114
4 175 176 693 1280
4 1651 1280 358 357
4 75 74 1186 850
4 1186 256 257 1808
4 936 25 26 1152
4 1152 207 208 1894
4 53 52 1220 811
4 235 234 1769 1220
4 1624 2112 1625 2228
4 667 2112 666 2228
4 386 26 27 1172
4 1344 209 208 1172
4 174 175 698 1286
4 357 1656 1286 356
4 135 134 1259 435
4 317 316 1393 1259
4 1168 212 213 1881
4 924 30 31 1168
4 1142 220 221 1348
4 1142 39 38 390
4 229 230 1170 1948
4 48 47 1170 990
4 222 223 1146 1873
4 40 41 915 1146
4 146 147 832 1317
4 1317 328 329 1790
4 961 171 172 1304
4 353 354 1304 1919
4 732 1295 164 2165
4 1295 1690 346 2165
4 163 1295 732 2170
4 1690 1295 345 2170
4 368 1927 369 1325
4 1206 82 81 784
4 264 263 1742 1206
4 1343 291 290 1243
4 109 108 1243 385
4 27 28 998 1154
4 1956 210 209 1154
4 2095 2067 1784 2130
4 1109 1137 826 2130
4 8 9 440 1177
4 1398 191 190 1177
4 282 281 1399 1273
4 1273 100 99 441
4 443 180 181 1306
4 362 1306 1401 363
4 1153 214 215 1350
4 32 33 392 1153
4 1120 652 958 2131
4 2078 1916 1610 2131
4 839 140 141 1279
4 1279 323 1797 322
4 664 869 1033 2119
4 1827 1622 1991 2119
4 829 144 145 1312
4 1312 326 327 1787
4 225 226 1164 1392
4 434 43 44 1164
4 826 823 824 2130
4 1781 1784 1782 2130
4 1007 93 94 1227
4 219 220 1144 1860
4 37 38 902 1144
4 315 314 1355 1265
4 133 132 1265 397
4 1389 1912 289 2152
4 954 431 107 2152
4 103 102 1251 674
4 285 284 1632 1251
4 1165 227 228 1357
4 46 45 1165 399
4 29 28 1160 932
4 1160 210 211 1889
4 1989 1546 1544 2166
4 588 1031 586 2166
4 289 288 1389 1277
4 107 106 1277 431
4 781 785 1125 2216
4 1743 1739 2083 2216
4 1928 366 1323 367
4 1377 1293 346 2165
4 1293 419 164 2165
4 333 1313 332 1918
4 150 151 960 1313
4 827 143 144 1316
4 1316 325 326 1785
4 314 313 1914 1242
4 132 131 1242 956
4 822 141 142 1292
4 1292 323 324 1780
4 389 29 30 1167
4 1167 211 212 1346
4 677 179 180 1298
4 361 1298 1635 362
4 730 1284 163 2170
4 1688 345 1284 2170
4 1629 283 282 1269
4 1269 101 100 671
4 1155 216 217 1869
4 1155 35 34 911
4 1776 232 231 1183
4 49 50 818 1183
4 191 192 1150 1402
4 9 10 444 1150
4 276 1334 277 1232
4 37 36 1145 912
4 1145 218 219 1870
4 560 2136 2163 2211
4 1518 2163 2136 2211
4 320 319 1804 1261
4 1261 138 137 846
4 1228 92 91 1004
4 1397 365 1329 366
4 1004 1006 442 2103
4 1964 1962 1400 2103
4 184 185 970 1323
4 663 2141 2199 2204
4 2141 1621 2199 2204
4 1377 346 1690 2165
4 732 164 419 2165
4 1266 139 138 843
4 321 320 1801 1266
4 1169 223 224 1354
4 1169 42 41 396
4 1643 286 285 1252
4 1252 104 103 685
4 502 618 1091 2111
4 1576 1460 2049 2111
4 111 110 1271 1028
4 292 1986 293 1271
4 136 135 1244 945
4 1903 318 317 1244
4 732 730 163 2170
4 1688 1690 345 2170
4 376 94 95 1232
4 1163 224 225 1917
4 1163 43 42 959
4 105 104 1274 378
4 287 286 1336 1274
4 1238 130 129 391
4 1349 312 311 1238
4 1229 96 95 968
4 1148 226 227 1897
4 45 44 1148 939
4 1410 1411 1408 2125
4 452 450 453 2125
4 449 448 450 2123
4 1407 1408 1406 2123
4 1380 1738 1737 2133
4 780 422 779 2133
4 1522 2203 2145 2212
4 2145 2203 564 2212
4 612 601 611 2124
4 1570 1569 1559 2124
4 595 609 597 2134
4 1553 1555 1567 2134
4 453 455 454 2146
4 1413 1411 1412 2146
4 1405 1403 1616 2121
4 445 447 658 2121
4 1526 1524 1593 2135
4 566 568 635 2135
4 560 562 633 2136
4 1520 1518 1591 2136
4 597 967 599 2188
4 1925 1555 1557 2188
4 630 554 556 2137
4 1588 1514 1512 2137
4 292 291 1825 1272
4 110 109 1272 867
4 1508 1506 1586 2138
4 550 628 548 2138
4 1552 1553 1551 2144
4 595 594 593 2144
4 300 299 1345 1267
4 1006 1140 442 2103
4 1400 2098 1964 2103
4 1538 1540 1539 2140
4 580 581 582 2140
4 1570 1619 1618 2122
4 612 660 661 2122
4 576 574 575 2142
4 1534 1533 1532 2142
4 695 696 663 2199
4 1653 1621 1654 2199
4 790 410 789 2149
4 1747 1368 1748 2149
4 1769 1364 1770 2148
4 811 812 406 2148
4 448 446 663 2141
4 1406 1621 1404 2141
4 872 558 560 2163
4 1847 1518 1516 2163
4 1527 1526 1528 2143
4 568 569 570 2143
4 1310 333 334 1716
4 151 152 758 1310
4 797 408 796 2151
4 1754 1366 1755 2151
4 118 117 1267 387
4 562 563 564 2145
4 1520 1522 1521 2145
4 1335 367 1328 368
4 1515 1514 1516 2147
4 556 557 558 2147
4 137 136 1260 398
4 319 318 1356 1260
4 554 893 552 2172
4 1851 1512 1510 2172
4 1508 1510 1509 2150
4 552 550 551 2150
4 377 185 186 1328
4 858 857 382 2159
4 1816 1340 1815 2159
4 1245 115 114 381
4 1339 297 296 1245
4 1994 266 265 1190
4 1190 84 83 1036
4 1231 97 96 436
4 1778 1594 1946 2106
4 988 636 820 2106
4 1746 1370 1734 2156
4 776 412 788 2156
4 852 384 851 2158
4 1809 1342 1810 2158
4 278 1394 279 1231
4 277 1926 278 1229
4 1655 1337 1654 2176
4 696 379 697 2176
4 864 863 380 2171
4 1821 1822 1338 2171
4 295 294 1980 1253
4 1253 113 112 1022
4 3 1108 1322 1330
4 439 183 184 1329
4 1698 1700 1379 2160
4 740 421 742 2160
4 690 429 679 2153
4 1387 1648 1637 2153
4 1636 1638 1639 2118
4 680 678 681 2118
4 1226 1234 1 1107
4 663 697 971 2204
4 1929 1655 1621 2204
4 1694 1377 1692 2164
4 419 736 734 2164
4 967 662 611 2154
4 1925 1569 1620 2154
4 1961 370 1326 371
4 1373 1679 1682 2162
4 721 415 724 2162
4 1972 298 297 1254
4 1923 1410 1590 2139
4 965 632 452 2139
4 1962 273 1228 274
4 1416 1415 1414 2181
4 457 458 456 2181
4 1403 1384 1402 2157
4 444 426 445 2157
4 1814 1388 1924 2179
4 430 856 966 2179
4 417 730 728 2169
4 1688 1375 1686 2169
4 1340 1817 1819 2208
4 859 382 861 2208
4 1808 1376 1720 2183
4 418 850 762 2183
4 900 416 849 2197
4 1858 1807 1374 2197
4 586 587 588 2166
4 1544 1546 1545 2166
4 414 787 714 2174
4 1672 1745 1372 2174
4 1968 271 270 1202
4 1202 89 88 1010
4 702 700 703 2207
4 1658 1660 1661 2207
4 738 739 737 2182
4 1697 1696 1695 2182
4 731 732 733 2100
4 898 430 899 2231
4 1857 1388 1856 2231
4 678 429 677 2189
4 1636 1635 1387 2189
4 1718 1807 1721 2161
4 849 760 763 2161
4 1371 1707 1706 2173
4 749 413 748 2173
4 1530 1532 1531 2184
4 574 572 573 2184
4 1395 369 1327 370
4 1689 1691 1690 2100
4 1254 116 115 1014
4 1270 112 111 383
4 294 293 1341 1270
4 512 514 653 2190
4 1470 1611 1472 2190
4 744 423 745 2175
4 1381 1702 1703 2175
4 420 871 769 2187
4 1727 1829 1378 2187
4 411 754 755 2177
4 1712 1369 1713 2177
4 1559 1557 1558 2202
4 599 601 600 2202
4 1327 188 187 437
4 1391 1792 1793 2155
4 834 433 835 2155
4 715 788 712 2195
4 1673 1670 1746 2195
4 937 936 938 2186
4 1894 1895 1896 2186
4 1912 290 289 1276
4 108 107 1276 954
4 33 34 978 1175
4 215 216 1175 1936
4 279 1960 280 1230
4 182 183 1005 1324
4 559 561 560 2211
4 1519 1517 1518 2211
4 1385 1630 1631 2132
4 673 672 427 2132
4 775 789 773 2196
4 1731 1747 1733 2196
4 795 796 794 2193
4 1753 1752 1754 2193
4 1985 1978 1638 2128
4 1027 680 1020 2128
4 726 727 725 2191
4 1684 1683 1685 2191
4 1538 1536 1597 2194
4 1599 1544 1542 2200
4 586 641 584 2200
4 580 639 578 2194
4 1649 1383 1650 2192
4 425 691 692 2192
4 1121 810 807 2198
4 1765 1768 2079 2198
4 564 565 566 2203
4 1522 1524 1523 2203
4 1179 230 231 1358
4 48 49 400 1179
4 1898 1900 1899 2102
4 941 942 940 2102
4 496 495 497 2209
4 1453 1454 1455 2209
4 1412 1923 1561 2185
4 603 965 454 2185
4 720 722 719 2206
4 1678 1677 1680 2206
4 779 784 781 2222
4 1742 1737 1739 2222
4 760 418 761 2226
4 1376 1718 1719 2226
4 699 402 698 2227
4 1360 1657 1656 2227
4 188 189 1003 1326
4 870 786 422 2219
4 1828 1380 1744 2219
4 1711 1708 1710 2210
4 750 753 752 2210
4 655 972 457 2230
4 1930 1613 1415 2230
4 119 118 1248 1009
4 576 577 578 2215
4 1536 1535 1534 2215
4 265 1359 1203 264
4 1203 83 82 401
4 302 1347 303 1262
4 1262 121 120 388
4 1501 1503 2062 2213
4 543 1104 545 2213
4 1790 1791 1391 2178
4 833 832 433 2178
4 810 809 807 2198
4 1768 1765 1767 2198
4 805 432 803 2201
4 1390 1763 1761 2201
4 670 669 1139 2107
4 1628 2097 1627 2107
4 545 544 543 2213
4 1503 1501 1502 2213
4 1540 1542 1541 2218
4 582 583 584 2218
4 1726 1378 1725 2229
4 768 767 420 2229
4 718 787 847 2233
4 1676 1805 1745 2233
4 98 97 1230 1002
4 745 747 1061 2180
4 1703 2019 1705 2180
4 274 1396 275 1233
4 1115 530 532 2225
4 2073 1490 1488 2225
4 1839 1842 1522 2212
4 875 564 876 2212
4 1322 1330 1320 375
4 373 1224 1234 1226
4 1968 1386 1625 2104
4 667 428 1010 2104
4 114 113 1263 1019
4 295 1977 296 1263
4 1916 1468 1610 2131
4 958 652 510 2131
4 801 408 798 2205
4 1756 1366 1759 2205
4 301 300 1967 1248
4 1492 1491 1490 2224
4 532 533 534 2224
4 1900 2096 1922 2105
4 942 964 1138 2105
4 299 298 1971 1246
4 1275 140 139 405
4 1363 322 321 1275
4 976 1100 996 2108
4 2058 1934 1954 2108
4 1334 1965 2097 2129
4 1139 1007 376 2129
4 468 470 1064 2221
4 1428 1426 2022 2221
4 106 105 1278 1039
4 288 287 1997 1278
4 1324 365 1963 364
4 1689 2037 1691 2220
4 1079 731 733 2220
4 1247 124 123 393
4 1351 306 305 1247
4 131 130 1239 920
4 313 312 1878 1239
4 117 116 1246 1013
4 1074 474 476 2232
4 1432 2032 1434 2232
4 310 309 1935 1241
4 128 127 1241 977
4 1947 307 306 1268
4 1268 125 124 989
4 1264 122 121 1000
4 1958 304 303 1264
4 1963 2092 1397 2110
4 1134 1005 439 2110
4 86 85 1193 424
4 1382 268 267 1193
4 1046 782 613 2217
4 1740 2004 1571 2217
4 1257 127 126 395
4 1352 309 308 1257
4 1236 1321 99 1106
4 8 1105 1332 1225
4 217 218 1162 1353
4 394 35 36 1162
4 1630 1633 1634 2120
4 672 676 675 2120
4 2074 1964 1624 2112
4 666 1006 1116 2112
4 869 664 1035 2119
4 1827 1993 1622 2119
4 1602 1475 1900 2102
4 517 644 942 2102
4 1625 1973 1618 2228
4 667 660 1015 2228
4 1944 308 307 1249
4 1249 126 125 986
4 1189 88 87 428
4 270 269 1386 1189
4 1256 123 122 997
4 1955 305 304 1256
4 530 531 532 2225
4 1489 1488 1490 2225
4 302 301 1966 1255
4 120 119 1255 1008
4 2068 1462 1576 2113
4 504 1110 618 2113
4 2070 1576 2049 2111
4 1112 1091 618 2111
4 1026 1057 995 2167
4 2015 1984 1953 2167
4 688 1012 1100 2223
4 438 92 93 1233
4 969 1102 377 2126
4 2060 1927 1335 2126
4 1979 269 268 1201
4 1201 87 86 1021
4 824 828 1059 2168
4 1782 2017 1786 2168
4 2089 1960 1394 2116
4 1002 1131 436 2116
4 731 2100 733 2220
4 1898 1602 1900 2102
4 942 644 940 2102
4 1691 2100 1689 2220
4 1226 1 90 1107
4 1970 1646 2058 2223
4 688 1102 689 2127
4 1646 1647 2060 2127
4 823 826 1137 2130
4 1781 2095 1784 2130
4 2091 1961 1395 2115
4 1003 1133 437 2115
4 372 4 1225 1331
4 1321 6 1235 374
4 1108 181 3 1322
4 1717 2070 1714 2114
4 1112 759 756 2114
4 1235 2064 6 1321
4 1225 4 2063 1331
4 2093 1581 2023 2117
4 1135 1065 623 2117
4 311 310 1932 1240
4 129 128 1240 974
4 1795 2007 1717 2214
4 1049 837 759 2214
4 1993 1912 1389 2152
4 1035 431 954 2152
4 374 1321 2 1236
4 372 0 1332 1225
4 1775 233 232 1196
4 50 51 817 1196
4 1594 1481 1946 2106
4 636 988 523 2106
4 1330 1322 3 375
4 1234 1 373 1226
4 85 84 1184 1034
4 1992 267 266 1184
4 1999 1743 2083 2216
4 1125 785 1041 2216
4 676 1026 995 2167
4 1634 1953 1984 2167
4 163 1284 1295 2170
4 1284 345 1295 2170
4 2065 1224 5 272
4 1236 99 2 1106
4 1293 164 1295 2165
4 1295 346 1293 2165
4 0 8 1105 1332
4 1618 1624 1625 2228
4 660 667 666 2228
4 670 1026 683 2109
4 1628 1641 1984 2109
4 1571 2083 1740 2217
4 782 1125 613 2217
4 1333 1320 7 2066
4 1108 3 182 1330
4 2066 1320 7 363
4 91 1 1234 1107
4 0 8 1332 1225
4 1321 99 2 1236
4 1237 1224 5 2065
4 371 2063 4 1331
4 280 2064 6 1235
4 373 1224 1237 1234
4 1330 1320 375 1333
4 521 519 1138 2101
4 2064 281 6 1321
4 2063 190 4 1225
4 1235 1321 374 1236
4 1225 1332 372 1331
4 1625 2098 1968 2104
4 667 1010 1140 2104
4 5 373 1224 1237
4 375 1320 7 1333
4 364 1333 7 2066
4 1237 5 273 2065
4 1105 189 0 1332
4 1236 2 98 1106
4 1477 521 1479 2101
4 519 521 1477 2101
4 1815 2158 1176 1809
4 2160 1303 1702 1700
4 2160 744 1303 742
4 2160 1303 744 1702
4 2158 857 1176 851
4 2158 1176 857 1815
4 1367 835 836 409
4 1367 836 835 2155
4 1311 2155 1314 835
4 1311 1314 2155 1793
4 1367 1314 2155 835
4 1367 2155 1314 1793
4 2138 547 546 548
4 2186 649 991 1607
4 2186 991 649 938
4 2201 1221 1223 805
4 1223 1221 2201 1763
4 1223 403 2201 805
4 2201 1361 1223 1763
4 2201 1223 1361 403
4 1215 2205 1222 1759
4 1215 1222 2205 801
4 1390 1222 2205 1759
4 2205 432 1222 1390
4 2205 1222 432 801
4 695 2157 1384 2199
4 1191 1808 767 850
4 1159 2186 1151 1895
4 1159 1151 2186 937
4 1338 1151 2186 1895
4 1811 1814 2158 1342
4 1811 2158 1814 2179
4 384 2158 1814 1342
4 384 1814 2158 2179
4 2196 1205 1370 1731
4 2196 1205 1192 1370
4 1192 1205 2196 773
4 1192 412 2196 1370
4 2196 412 1192 773
4 1149 2199 1156 1653
4 1149 1156 2199 695
4 1384 1156 2199 1653
4 1384 2199 1156 695
4 1671 1670 2174 1372
4 1671 2174 1670 2195
4 414 2174 1670 1372
4 414 1670 2174 2195
4 2195 414 1198 712
4 2195 1198 414 1670
4 2184 570 880 572
4 2175 961 1309 423
4 2231 966 1930 2179
4 2179 1930 1612 966
4 2179 1612 1930 1924
4 2186 380 1151 1338
4 2186 1151 380 937
4 1212 410 1752 1368
4 2108 2110 682 996
4 2192 694 1044 692
4 2192 1044 694 1652
4 1418 2181 2020 460
4 2020 2181 1418 1416
4 1384 2199 2141 1653
4 2141 2199 1384 2157
4 2179 384 1180 856
4 2179 1180 384 1814
4 1506 1855 897 1504
4 897 1855 1506 2138
4 897 546 1506 1504
4 1506 546 897 2138
4 2180 1023 606 1061
4 2158 855 993 852
4 2197 1805 1195 1374
4 2219 1829 1211 1744
4 1286 2227 1280 698
4 1286 1280 2227 1656
4 693 1280 2227 698
4 2208 1158 1821 1819
4 2231 2230 966 972
4 2231 966 2230 1930
4 1612 2230 966 1930
4 2197 847 1195 1805
4 2197 1195 847 416
4 404 1790 1789 1362
4 404 1789 1790 2178
4 2178 404 1317 1790
4 2178 1317 404 832
4 2227 1651 1280 693
4 2227 1280 1651 1656
4 2219 871 1211 1829
4 2219 1211 871 786
4 2230 654 966 972
4 2230 966 654 1612
4 2192 1996 1027 1038
4 2192 1027 1996 1985
4 2208 863 1158 861
4 2208 1158 863 1821
4 2208 860 992 859
4 1913 2144 1549 1551
4 1766 2198 1764 1765
4 2171 1824 1608 1822
4 2175 1919 1309 961
4 2175 1309 1919 1381
4 993 1810 1812 1951
4 1812 1810 993 2158
4 2224 656 536 534
4 1919 1661 961 1704
4 1919 961 1661 2207
4 746 961 1661 1704
4 746 1661 961 2207
4 2158 1813 993 855
4 2158 993 1813 1810
4 1609 2159 1818 1816
4 1818 2159 1609 651
4 2208 1818 992 860
4 2186 1949 1607 991
4 2186 1607 1949 1896
4 807 1764 403 806
4 807 403 1764 2198
4 2231 1182 1178 898
4 1178 1182 2231 1856
4 2231 1337 1178 1856
4 2190 516 515 514
4 785 708 1666 1128
4 1666 708 785 2216
4 1666 2086 785 1128
4 785 2086 1666 2216
4 2213 1503 547 1505
4 2061 547 1503 1505
4 2207 746 1018 703
4 1669 2134 1665 1567
4 1494 2224 656 536
4 2231 379 1178 1337
4 2231 1178 379 898
4 2159 860 651 1818
4 2159 651 860 858
4 1099 2049 1715 2057
4 1715 2049 1099 2111
4 2123 687 604 449
4 2123 604 687 1645
4 2180 1981 606 1023
4 2171 1824 650 1608
4 2113 838 506 1110
4 2113 506 838 2068
4 665 2144 704 594
4 704 2144 665 1623
4 2134 1665 711 1669
4 1469 2190 2131 1470
4 1976 2207 746 1018
4 746 2207 1976 1661
4 966 1612 853 654
4 966 853 1612 2179
4 866 2171 650 864
4 650 2171 866 1824
4 2128 451 604 1020
4 2128 604 451 1409
4 2186 386 1152 936
4 1472 1471 513 1473
4 513 1471 1472 2190
4 513 515 1472 1473
4 1472 515 513 2190
4 1150 2157 1177 1402
4 1150 1177 2157 444
4 440 2157 1177 444
4 2209 499 908 497
4 2138 1505 546 547
4 2138 546 1505 1506
4 1913 593 1664 955
4 1913 1664 593 2144
4 706 1664 593 955
4 706 593 1664 2144
4 1474 2190 515 1472
4 515 2190 1474 516
4 1983 658 684 1025
4 2054 2131 2077 1610
4 1950 2208 1818 992
4 1818 2208 1950 1817
4 2186 1344 1152 386
4 2186 1152 1344 1894
4 2054 652 508 1096
4 2054 508 652 2131
4 2111 500 1099 1091
4 2184 1846 1528 1530
4 2185 1975 2009 1561
4 2009 603 1044 1051
4 2009 1044 603 2185
4 895 2138 896 628
4 2181 1062 460 458
4 2181 460 1062 2020
4 1662 2144 1623 1552
4 1623 2144 1662 704
4 2230 1942 1937 1613
4 2230 1937 1942 984
4 2132 1070 1045 673
4 1398 2157 1177 440
4 1177 2157 1398 1402
4 2190 511 2131 512
4 2190 2131 511 1469
4 816 814 1770 1772
4 816 1770 814 812
4 2221 1023 741 1064
4 1838 641 1837 889
4 1838 1837 641 2200
4 888 1837 641 889
4 888 641 1837 2200
4 2166 1548 1991 1546
4 2166 1991 1548 590
4 2151 799 800 797
4 2108 1640 2110 1954
4 2108 2110 1640 682
4 1562 2123 1645 604
4 1645 2123 1562 1407
4 608 2027 1079 1069
4 608 1079 2027 2037
4 1120 1791 2155 2078
4 1120 2155 1791 2178
4 2230 979 984 655
4 2230 984 979 1937
4 1116 2129 1965 1007
4 1965 2129 1116 2112
4 1116 1965 1227 1007
4 1227 1965 1116 2112
4 1116 1227 438 1007
4 438 1227 1116 2112
4 1365 824 827 407
4 1365 827 824 2168
4 2180 1564 1981 2019
4 2180 1981 1564 606
4 2134 707 711 1665
4 2134 711 707 609
4 2180 1018 1053 1976
4 2180 1053 1018 747
4 2130 1780 1365 1781
4 2130 1365 1780 823
4 2180 2011 1976 1053
4 2180 1976 2011 1705
4 1635 443 1640 1401
4 1635 1640 443 2189
4 2113 505 503 504
4 743 740 1701 1023
4 743 1701 740 2160
4 1981 1701 740 1023
4 1981 740 1701 2160
4 741 2022 2021 1699
4 741 2021 2022 2221
4 2132 1070 2003 1045
4 2182 741 2160 739
4 2075 1761 804 1762
4 1834 639 1833 885
4 1834 1833 639 2194
4 884 1833 639 885
4 884 639 1833 2194
4 1455 499 1456 1457
4 1456 499 1455 2209
4 2144 591 1913 1549
4 2144 1913 591 593
4 782 781 2133 780
4 2133 781 782 2217
4 782 1738 2133 2217
4 1131 1399 2116 441
4 2214 1794 1367 1795
4 2214 1367 1794 836
4 2194 1834 886 639
4 2002 2192 1652 1044
4 1652 2192 2002 1650
4 2160 741 1981 740
4 2182 1699 2160 741
4 2182 2160 1699 1697
4 689 1983 2126 1025
4 689 2126 1983 2127
4 1206 2222 401 784
4 1426 467 1427 1425
4 1426 1427 467 2221
4 2209 980 493 495
4 2209 493 980 1938
4 2160 1699 1981 741
4 2160 1981 1699 1698
4 2200 2039 1838 1599
4 477 1434 1433 1435
4 477 1433 1434 2232
4 823 1780 1783 822
4 1783 1780 823 2130
4 1783 825 823 822
4 823 825 1783 2130
4 1029 2182 2164 737
4 2191 729 2169 727
4 2221 1981 741 1023
4 2221 741 1981 2022
4 1897 1165 227 1148
4 1897 227 1165 1357
4 1165 939 45 1148
4 45 939 1165 399
4 2202 643 1070 600
4 2132 2028 2003 1070
4 2132 2003 2028 1631
4 2037 608 1990 1566
4 1990 608 2037 2220
4 2164 735 1029 734
4 2164 1029 735 1693
4 1616 2127 1983 1647
4 587 2006 585 1048
4 585 2006 587 2166
4 954 2119 385 869
4 954 385 2119 1827
4 868 385 2119 869
4 868 2119 385 1827
4 1219 2148 1196 1364
4 1219 1196 2148 406
4 817 2148 1196 406
4 2184 1577 2024 1531
4 2174 716 717 714
4 1687 2191 2169 1685
4 2169 2191 1687 729
4 1835 2194 1834 886
4 1834 2194 1835 1597
4 1987 2182 2164 1029
4 2164 2182 1987 1695
4 1987 1692 2164 1695
4 2032 1029 1565 1987
4 2032 1565 1029 2232
4 2128 1562 1409 1978
4 2128 1409 1562 604
4 2162 723 1678 1681
4 2162 1678 723 720
4 2221 1428 471 470
4 1430 1428 471 1429
4 1430 471 1428 470
4 2136 873 874 633
4 1070 1558 1560 2028
4 1070 1560 1558 2202
4 2209 1866 499 1455
4 2209 499 1866 908
4 1433 1432 475 1431
4 1433 475 1432 2232
4 473 475 1432 1431
4 473 1432 475 2232
4 1687 2169 1990 1686
4 1990 2169 1687 729
4 2166 2004 2006 587
4 2166 2006 2004 1545
4 2210 751 2173 750
4 624 528 1488 1486
4 624 1488 528 530
4 2162 1995 725 1037
4 2162 725 1995 1683
4 1738 2217 1741 1740
4 895 2138 1854 896
4 1791 1123 831 2081
4 831 1123 1791 2178
4 831 1789 1791 2081
4 1791 1789 831 2178
4 581 2014 579 1056
4 581 579 2014 2140
4 2222 1359 1206 401
4 2222 1206 1359 1742
4 1066 2184 1577 2024
4 431 2152 1663 1389
4 431 1997 1663 705
4 1663 1997 431 1389
4 1119 2131 2054 652
4 2054 2131 1119 2077
4 2206 2173 1042 722
4 1681 2162 1995 1679
4 1995 2162 1681 723
4 2173 751 1042 749
4 2142 1066 1533 2024
4 2142 1533 1066 575
4 2018 1533 1066 2024
4 2203 620 1080 565
4 2035 717 1676 1675
4 2197 901 923 900
4 1673 1671 713 2043
4 713 1671 1673 2195
4 713 1085 1673 2043
4 1673 1085 713 2195
4 1458 2111 1099 2049
4 1099 2111 1458 500
4 2211 2042 561 1519
4 2211 561 2042 1084
4 2210 1709 2173 751
4 2210 2173 1709 1708
4 755 1711 2005 2177
4 2210 1711 753 2177
4 753 1711 755 2177
4 496 1574 498 616
4 498 1574 496 2209
4 2038 1521 1084 2042
4 2177 1715 2005 755
4 2177 2005 1715 1713
4 2161 923 1068 763
4 2161 1068 923 1721
4 2000 2206 2173 1042
4 2173 2206 2000 1680
4 2000 1707 2173 1680
4 1827 868 1991 1826
4 1827 1991 868 2119
4 1130 2130 520 826
4 836 834 1794 1119
4 836 1794 834 2155
4 2077 1794 834 1119
4 2077 834 1794 2155
4 1130 2130 1478 520
4 753 755 2005 1047
4 2005 755 753 1711
4 1092 1733 1732 2050
4 1092 1732 1733 2196
4 2014 1052 1539 2010
4 2014 1539 1052 581
4 2227 1659 2009 701
4 2227 2009 1659 1657
4 2233 1676 1077 718
4 717 1676 1077 2035
4 717 1077 1676 718
4 503 2113 1463 505
4 2114 1715 756 757
4 2114 756 1715 2177
4 755 756 1715 757
4 755 1715 756 2177
4 2008 2219 1741 1828
4 1741 2219 2008 1050
4 2217 1913 613 1571
4 2217 613 1913 955
4 591 613 1913 1571
4 591 1913 613 955
4 2068 838 2007 1796
4 2068 2007 838 2113
4 2214 2007 838 1796
4 2214 838 2007 2113
4 2151 1757 800 799
4 2213 1920 1585 1502
4 496 494 1452 1087
4 1452 494 496 2209
4 1452 2045 496 1087
4 496 2045 1452 2209
4 2026 761 2161 1068
4 2026 2161 761 2226
4 1726 2229 1058 768
4 1726 770 1058 2016
4 1058 770 1726 768
4 1085 778 1673 1736
4 1085 1673 778 715
4 1066 1060 1533 2018
4 1066 1533 1060 575
4 1030 2154 668 662
4 2081 958 1120 1123
4 2081 1120 958 2131
4 2211 1089 2147 559
4 1750 2149 1751 1748
4 1751 2149 1750 792
4 1092 793 1733 1751
4 1092 1733 793 775
4 2131 2081 2190 958
4 2131 2190 2081 1916
4 551 2055 549 1097
4 551 549 2055 2150
4 2190 2084 653 1611
4 2190 653 2084 1126
4 1123 2084 653 1126
4 2143 1071 1075 569
4 2081 2190 653 1611
4 653 2084 2081 1611
4 2081 2084 653 1123
4 1098 2193 800 795
4 1033 2166 590 1991
4 590 2166 1033 588
4 2187 771 770 1729
4 2187 770 771 769
4 2004 587 589 1046
4 2004 589 587 2166
4 2183 765 764 1723
4 2183 764 765 762
4 2224 1587 2082 629
4 2224 2082 1587 1491
4 2145 1521 1080 2038
4 1084 1080 1521 2038
4 1675 2174 716 717
4 2198 808 1764 807
4 2198 1764 808 1766
4 1461 2113 1463 503
4 1463 2113 1461 1462
4 793 2149 792 790
4 792 2149 793 1751
4 2147 1089 1090 557
4 2055 1095 1509 2053
4 2055 1509 1095 551
4 1501 2213 634 543
4 1501 1499 634 1592
4 634 1499 1501 543
4 2200 1081 1838 2039
4 2200 1838 1081 641
4 2151 1758 1757 1755
4 2151 1757 1758 800
4 2203 620 2038 1080
4 2135 878 877 1844
4 2135 877 878 635
4 820 988 1778 819
4 820 1778 988 2106
4 1777 1778 988 819
4 1777 988 1778 2106
4 1129 1489 1487 2087
4 1129 1487 1489 2225
4 2213 2061 547 1503
4 1674 2174 1675 1672
4 1675 2174 1674 716
4 1585 544 542 627
4 1585 542 544 2213
4 1111 2205 1756 2069
4 1756 2205 1111 798
4 1756 1757 1111 2069
4 1111 1757 1756 798
4 1721 923 2197 1893
4 1721 2197 923 2161
4 1617 2228 1618 1973
4 1618 2228 1617 2122
4 2228 659 660 1015
4 2228 660 659 2122
4 2224 1124 629 2082
4 2224 629 1124 533
4 2183 1722 1723 764
4 2183 1723 1722 1720
4 2130 1581 1783 2095
4 2130 1783 1581 2117
4 623 2130 825 1137
4 825 2130 623 2117
4 2219 783 1050 1741
4 2219 1050 783 870
4 1842 877 1959 1843
4 1842 1959 877 2212
4 1831 638 881 882
4 881 638 1831 1596
4 1124 2225 1129 1489
4 1129 2225 1124 531
4 782 2133 783 780
4 619 2184 1066 573
4 1066 2184 619 1577
4 2197 1859 923 901
4 2203 1578 2038 620
4 2203 2038 1578 1523
4 2187 1728 1729 770
4 2187 1729 1728 1727
4 387 1969 1967 1011
4 387 1967 1969 1345
4 624 1488 2073 1582
4 624 2073 1488 2225
4 1832 1011 880 1969
4 880 1011 1832 881
4 1529 1527 571 2029
4 1529 571 1527 2143
4 1071 571 1527 2029
4 1071 1527 571 2143
4 2108 1323 2126 1928
4 2108 2126 1323 970
4 1753 800 2151 1758
4 2151 800 1753 2193
4 2148 1775 1196 1364
4 2148 1196 1775 817
4 1234 1962 1237 1228
4 1234 1237 1962 2065
4 273 1237 1962 1228
4 273 1962 1237 2065
4 875 1591 874 2136
4 2163 873 994 1841
4 2163 994 873 872
4 1841 2136 874 1591
4 874 2136 1841 873
4 1994 1184 266 1190
4 266 1184 1994 1992
4 1184 1036 84 1190
4 84 1036 1184 1034
4 2137 891 892 1849
4 2137 892 891 630
4 1853 2138 1854 895
4 1854 2138 1853 1586
4 1201 424 86 1193
4 1201 86 424 1021
4 1201 1382 268 1979
4 1201 268 1382 1193
4 1952 2163 1841 1847
4 1841 2163 1952 994
4 982 2172 892 1940
4 892 2172 982 893
4 1103 2213 547 545
4 547 2213 1103 2061
4 2137 1850 1849 892
4 2137 1849 1850 1588
4 2213 962 1585 1920
4 2213 1585 962 544
4 1850 2172 1940 892
4 1940 2172 1850 1851
4 2212 874 1839 1840
4 1591 1839 874 1840
4 1620 668 1617 1626
4 1617 668 1620 2154
4 1614 2224 1494 1492
4 1494 2224 1614 656
4 2217 783 1738 1741
4 2217 1738 783 782
4 2133 1738 783 1741
4 2133 783 1738 782
4 1926 1231 278 1229
4 278 1231 1926 1394
4 2116 2167 1926 1953
4 1926 2167 2116 995
4 1928 1329 366 1397
4 1928 366 1329 1323
4 439 1323 2110 1329
4 2110 1323 439 970
4 428 1201 87 1189
4 428 87 1201 1021
4 1201 1386 269 1189
4 1201 269 1386 1979
4 1184 424 85 1034
4 85 424 1184 1193
4 1382 1184 267 1992
4 267 1184 1382 1193
4 1164 1897 434 1392
4 939 1164 1897 434
4 1897 1164 939 1148
4 443 1320 181 1108
4 181 1320 443 1306
4 1190 401 1994 1036
4 1359 1190 401 1994
4 401 1190 1359 1203
4 1869 1175 216 1936
4 1869 216 1175 1155
4 911 1175 34 1155
4 34 1175 911 978
4 1936 1153 215 1350
4 1936 215 1153 1175
4 1153 978 33 392
4 33 978 1153 1175
4 2167 675 1131 995
4 2167 1131 675 2120
4 1633 2167 2089 1953
4 1177 1105 1398 440
4 1177 1398 1105 1225
4 441 1321 99 1273
4 441 99 1321 1106
4 1004 1233 2103 1228
4 1004 2103 1233 438
4 1968 1189 2104 1202
4 2104 1189 1968 1386
4 428 1202 88 1010
4 428 88 1202 1189
4 1240 1349 311 1238
4 1240 311 1349 1932
4 1240 391 129 974
4 129 391 1240 1238
4 2168 826 1130 1059
4 2168 1130 826 2130
4 2168 1784 2088 2130
4 2168 2088 1784 2017
4 1924 2231 1388 1857
4 1388 2231 1924 2179
4 2231 966 430 899
4 2231 430 966 2179
4 1642 1616 684 1983
4 1642 684 1616 2121
4 658 684 1616 1983
4 658 1616 684 2121
4 2088 2130 1478 1130
4 1478 2130 2088 1784
4 2232 1029 735 1074
4 2232 2027 1436 476
4 1436 2027 2232 1434
4 1436 477 2232 476
4 2232 477 1436 1434
4 2131 511 1468 510
4 2131 1468 511 1469
4 509 1468 511 510
4 509 511 1468 1469
4 2197 1893 1859 1858
4 2197 1859 1893 923
4 2112 1627 2129 2107
4 2112 2129 1627 2074
4 2112 669 2129 1116
4 2112 2129 669 2107
4 2116 1633 2167 2089
4 2116 2167 1633 2120
4 2135 2212 877 876
4 877 2212 2135 1842
4 1517 1515 2211 2047
4 1517 2211 1515 2147
4 1089 2211 1515 2047
4 1089 1515 2211 2147
4 695 2157 1156 1384
4 1156 2157 695 426
4 1808 767 2183 2229
4 1808 2183 767 850
4 766 2183 767 2229
4 766 767 2183 850
4 1808 2229 1191 767
4 1191 2229 1808 1725
4 2184 2143 880 570
4 2143 1846 2184 880
4 2184 1846 2143 1528
4 410 1752 2149 2193
4 410 2149 1752 1368
4 1749 2149 1752 2193
4 1749 1752 2149 1368
4 2193 1214 1212 1752
4 1212 1214 2193 794
4 1212 410 2193 1752
4 2193 410 1212 794
4 1996 2139 1027 1038
4 1027 1985 2139 1996
4 2139 1985 1027 2128
4 1027 2128 1649 691
4 1649 2128 1027 1985
4 1649 2192 1027 691
4 1027 2192 1649 1985
4 1017 2185 2009 603
4 1017 2009 2185 1975
4 1451 2209 1938 493
4 1451 1938 2209 1453
4 2127 658 1983 689
4 1983 658 2127 1616
4 2116 2120 1399 1131
4 2116 1399 2120 1633
4 814 813 1770 1772
4 1771 813 1770 2148
4 1771 1770 813 1772
4 1770 812 813 814
4 813 812 1770 2148
4 1843 2135 1844 1593
4 1843 1844 2135 877
4 2227 1659 2207 1658
4 701 2207 2227 1659
4 701 2227 2207 700
4 1693 2232 1029 735
4 1693 1029 2232 2032
4 1601 2202 1070 1558
4 1601 1070 2202 643
4 2027 1693 1079 1069
4 735 1693 1079 2220
4 735 1079 1693 1069
4 1079 2037 1693 2027
4 1693 2037 1079 2220
4 409 2214 836 1367
4 409 836 2214 837
4 1736 1735 2156 1734
4 777 2156 1736 1735
4 777 1736 2156 776
4 1117 804 2201 803
4 1760 1761 802 2201
4 1760 802 1761 1762
4 804 802 1761 2201
4 804 1761 802 1762
4 2227 1051 701 2009
4 701 1051 2227 699
4 441 2120 1131 1399
4 441 1131 2120 675
4 2169 1032 729 1990
4 729 1032 2169 728
4 2077 2155 1120 834
4 2078 2155 2077 1792
4 2078 2077 2155 1120
4 2162 1037 723 1995
4 723 1037 2162 721
4 2164 1987 1693 1692
4 1693 1987 2164 1029
4 723 1094 1678 1681
4 2052 1094 1678 2206
4 2052 1678 1094 1681
4 1678 720 1094 723
4 1094 720 1678 2206
4 1427 1428 469 2221
4 1427 469 1428 1429
4 471 469 1428 2221
4 471 1428 469 1429
4 528 1487 1488 1486
4 1488 530 529 528
4 529 530 1488 2225
4 529 1487 1488 528
4 1488 1487 529 2225
4 1995 1088 725 1037
4 725 1683 2046 1995
4 2046 1683 725 2191
4 2046 1088 725 1995
4 725 1088 2046 2191
4 1663 431 1136 2152
4 1136 431 1663 705
4 717 2174 1676 1675
4 1676 718 2174 717
4 2174 718 1676 2233
4 2033 2143 1071 1075
4 2033 1071 2143 1527
4 1519 1521 561 2145
4 1519 561 1521 2042
4 1084 561 1521 2145
4 1084 1521 561 2042
4 2173 2000 751 1707
4 751 2000 2173 1042
4 753 1101 2059 2210
4 2059 1101 753 1047
4 753 2005 2059 1047
4 1711 753 2059 2210
4 1711 2059 753 2005
4 1052 583 1539 2010
4 1541 583 1539 2140
4 1541 1539 583 2010
4 1539 581 583 1052
4 583 581 1539 2140
4 1676 1077 1806 2233
4 1676 1806 1077 2035
4 2154 1988 668 1620
4 668 1988 2154 1030
4 2193 2056 800 1753
4 800 2056 2193 1098
4 2048 2147 1089 1090
4 2048 1089 2147 1515
4 1726 1724 766 2229
4 766 1724 1726 2016
4 766 1058 1726 2229
4 1726 1058 766 2016
4 778 2156 1673 1736
4 1673 715 2156 778
4 2156 715 1673 2195
4 1060 577 1533 2018
4 1535 577 1533 2142
4 1535 1533 577 2018
4 1533 575 577 1060
4 577 575 1533 2142
4 793 2149 1733 1751
4 1733 775 2149 793
4 2149 775 1733 2196
4 653 2081 958 2190
4 958 2081 653 1123
4 1080 2145 1084 1521
4 1084 2145 1080 563
4 2075 2201 804 1761
4 2075 804 2201 1117
4 1095 553 1509 2053
4 1511 553 1509 2150
4 1511 1509 553 2053
4 1509 551 553 1095
4 553 551 1509 2150
4 1501 2062 1104 2213
4 1104 2062 1501 1592
4 1104 634 1501 2213
4 1501 634 1104 1592
4 2212 2136 1591 875
4 1591 2136 2212 1839
4 1591 874 2212 875
4 2212 874 1591 1839
4 1777 1779 2106 1946
4 821 2106 1777 1779
4 821 1777 2106 988
4 2148 816 1768 810
4 2198 1768 816 810
4 2198 816 1768 1774
4 1770 816 1768 2148
4 1768 816 1770 1774

CELL_TYPES 6597
10
10
10
10
10
10
10
10
10
10
10
10
10
10
10
10
10
10
10
10
10
10
10
10
10
10
10
10
10
10
10
10
10
10
10
10
10
10
10
10
10
10
10
10
10
10
10
10
10
10
10
10
10
10
10
10
10
10
10
10
10
10
10
10
10
10
10
10
10
10
10
10
10
10
10
10
10
10
10
10
10
10
10
10
10
10
10
10
10
10
10
10
10
10
10
10
10
10
10
10
10
10
10
10
10
10
10
10
10
10
10
10
10
10
10
10
10
10
10
10
10
10
10
10
10
10
10
10
10
10
10
10
10
10
10
10
10
10
10
10
10
10
10
10
10
10
10
10
10
10
10
10
10
10
10
10
10
10
10
10
10
10
10
10
10
10
10
10
10
10
10
10
10
10
10
10
10
10
10
10
10
10
10
10
10
10
10
10
10
10
10
10
10
10
10
10
10
10
10
10
10
10
10
10
10
10
10
10
10
10
10
10
10
10
10
10
10
10
10
10
10
10
10
10
10
10
10
10
10
10
10
10
10
10
10
10
10
10
10
10
10
10
10
10
10
10
10
10
10
10
10
10
10
10
10
10
10
10
10
10
10
10
10
10
10
10
10
10
10
10
10
10
10
10
10
10
10
10
10
10
10
10
10
10
10
10
10
10
10
10
10
10
10
10
10
10
10
10
10
10
10
10
10
10
10
10
10
10
10
10
10
10
10
10
10
10
10
10
10
10
10
10
10
10
10
10
10
10
10
10
10
10
10
10
10
10
10
10
10
10
10
10
10
10
10
10
10
10
10
10
10
10
10
10
10
10
10
10
10
10
10
10
10
10
10
10
10
10
10
10
10
10
10
10
10
10
10
10
10
10
10
10
10
10
10
10
10
10
10
10
10
10
10
10
10
10
10
10
10
10
10
10
10
10
10
10
10
10
10
10
10
10
10
10
10
10
10
10
10
10
10
10
10
10
10
10
10
10
10
10
10
10
10
10
10
10
10
10
10
10
10
10
10
10
10
10
10
10
10
10
10
10
10
10
10
10
10
10
10
10
10
10
10
10
10
10
10
10
10
10
10
10
10
10
10
10
10
10
10
10
10
10
10
10
10
10
10
10
10
10
10
10
10
10
10
10
10
10
10
10
10
10
10
10
10
10
10
10
10
10
10
10
10
10
10
10
10
10
10
10
10
10
10
10
10
10
10
10
10
10
10
10
10
10
10
10
10
10
10
10
10
10
10
10
10
10
10
10
10
10
10
10
10
10
10
10
10
10
10
10
10
10
10
10
10
10
10
10
10
10
10
10
10
10
10
10
10
10
10
10
10
10
10
10
10
10
10
10
10
10
10
10
10
10
10
10
10
10
10
10
10
10
10
10
10
10
10
10
10
10
10
10
10
10
10
10
10
10
10
10
10
10
10
10
10
10
10
10
10
10
10
10
10
10
10
10
10
10
10
10
10
10
10
10
10
10
10
10
10
10
10
10
10
10
10
10
10
10
10
10
10
10
10
10
10
10
10
10
10
10
10
10
10
10
10
10
10
10
10
10
10
10
10
10
10
10
10
10
10
10
10
10
10
10
10
10
10
10
10
10
10
10
10
10
10
10
10
10
10
10
10
10
10
10
10
10
10
10
10
10
10
10
10
10
10
10
10
10
10
10
10
10
10
10
10
10
10
10
10
10
10
10
10
10
10
10
10
10
10
10
10
10
10
10
10
10
10
10
10
10
10
10
10
10
10
10
10
10
10
10
10
10
10
10
10
10
10
10
10
10
10
10
10
10
10
10
10
10
10
10
10
10
10
10
10
10
10
10
10
10
10
10
10
10
10
10
10
10
10
10
10
10
10
10
10
10
10
10
10
10
10
10
10
10
10
10
10
10
10
10
10
10
10
10
10
10
10
10
10
10
10
10
10
10
10
10
10
10
10
10
10
10
10
10
10
10
10
10
10
10
10
10
10
10
10
10
10
10
10
10
10
10
10
10
10
10
10
10
10
10
10
10
10
10
10
10
10
10
10
10
10
10
10
10
10
10
10
10
10
10
10
10
10
10
10
10
10
10
10
10
10
10
10
10
10
10
10
10
10
10
10
10
10
10
10
10
10
10
10
10
10
10
10
10
10
10
10
10
10
10
10
10
10
10
10
10
10
10
10
10
10
10
10
10
10
10
10
10
10
10
10
10
10
10
10
10
10
10
10
10
10
10
10
10
10
10
10
10
10
10
10
10
10
10
10
10
10
10
10
10
10
10
10
10
10
10
10
10
10
10
10
10
10
10
10
10
10
10
10
10
10
10
10
10
10
10
10
10
10
10
10
10
10
10
10
10
10
10
10
10
10
10
10
10
10
10
10
10
10
10
10
10
10
10
10
10
10
10
10
10
10
10
10
10
10
10
10
10
10
10
10
10
10
10
10
10
10
10
10
10
10
10
10
10
10
10
10
10
10
10
10
10
10
10
10
10
10
10
10
10
10
10
10
10
10
10
10
10
10
10
10
10
10
10
10
10
10
10
10
10
10
10
10
10
10
10
10
10
10
10
10
10
10
10
10
10
10
10
10
10
10
10
10
10
10
10
10
10
10
10
10
10
10
10
10
10
10
10
10
10
10
10
10
10
10
10
10
10
10
10
10
10
10
10
10
10
10
10
10
10
10
10
10
10
10
10
10
10
10
10
10
10
10
10
10
10
10
10
10
10
10
10
10
10
10
10
10
10
10
10
10
10
10
10
10
10
10
10
10
10
10
10
10
10
10
10
10
10
10
10
10
10
10
10
10
10
10
10
10
10
10
10
10
10
10
10
10
10
10
10
10
10
10
10
10
10
10
10
10
10
10
10
10
10
10
10
10
10
10
10
10
10
10
10
10
10
10
10
10
10
10
10
10
10
10
10
10
10
10
10
10
10
10
10
10
10
10
10
10
10
10
10
10
10
10
10
10
10
10
10
10
10
10
10
10
10
10
10
10
10
10
10
10
10
10
10
10
10
10
10
10
10
10
10
10
10
10
10
10
10
10
10
10
10
10
10
10
10
10
10
10
10
10
10
10
10
10
10
10
10
10
10
10
10
10
10
10
10
10
10
10
10
10
10
10
10
10
10
10
10
10
10
10
10
10
10
10
10
10
10
10
10
10
10
10
10
10
10
10
10
10
10
10
10
10
10
10
10
10
10
10
10
10
10
10
10
10
10
10
10
10
10
10
10
10
10
10
10
10
10
10
10
10
10
10
10
10
10
10
10
10
10
10
10
10
10
10
10
10
10
10
10
10
10
10
10
10
10
10
10
10
10
10
10
10
10
10
10
10
10
10
10
10
10
10
10
10
10
10
10
10
10
10
10
10
10
10
10
10
10
10
10
10
10
10
10
10
10
10
10
10
10
10
10
10
10
10
10
10
10
10
10
10
10
10
10
10
10
10
10
10
10
10
10
10
10
10
10
10
10
10
10
10
10
10
10
10
10
10
10
10
10
10
10
10
10
10
10
10
10
10
10
10
10
10
10
10
10
10
10
10
10
10
10
10
10
10
10
10
10
10
10
10
10
10
10
10
10
10
10
10
10
10
10
10
10
10
10
10
10
10
10
10
10
10
10
10
10
10
10
10
10
10
10
10
10
10
10
10
10
10
10
10
10
10
10
10
10
10
10
10
10
10
10
10
10
10
10
10
10
10
10
10
10
10
10
10
10
10
10
10
10
10
10
10
10
10
10
10
10
10
10
10
10
10
10
10
10
10
10
10
10
10
10
10
10
10
10
10
10
10
10
10
10
10
10
10
10
10
10
10
10
10
10
10
10
10
10
10
10
10
10
10
10
10
10
10
10
10
10
10
10
10
10
10
10
10
10
10
10
10
10
10
10
10
10
10
10
10
10
10
10
10
10
10
10
10
10
10
10
10
10
10
10
10
10
10
10
10
10
10
10
10
10
10
10
10
10
10
10
10
10
10
10
10
10
10
10
10
10
10
10
10
10
10
10
10
10
10
10
10
10
10
10
10
10
10
10
10
10
10
10
10
10
10
10
10
10
10
10
10
10
10
10
10
10
10
10
10
10
10
10
10
10
10
10
10
10
10
10
10
10
10
10
10
10
10
10
10
10
10
10
10
10
10
10
10
10
10
10
10
10
10
10
10
10
10
10
10
10
10
10
10
10
10
10
10
10
10
10
10
10
10
10
10
10
10
10
10
10
10
10
10
10
10
10
10
10
10
10
10
10
10
10
10
10
10
10
10
10
10
10
10
10
10
10
10
10
10
10
10
10
10
10
10
10
10
10
10
10
10
10
10
10
10
10
10
10
10
10
10
10
10
10
10
10
10
10
10
10
10
10
10
10
10
10
10
10
10
10
10
10
10
10
10
10
10
10
10
10
10
10
10
10
10
10
10
10
10
10
10
10
10
10
10
10
10
10
10
10
10
10
10
10
10
10
10
10
10
10
10
10
10
10
10
10
10
10
10
10
10
10
10
10
10
10
10
10
10
10
10
10
10
10
10
10
10
10
10
10
10
10
10
10
10
10
10
10
10
10
10
10
10
10
10
10
10
10
10
10
10
10
10
10
10
10
10
10
10
10
10
10
10
10
10
10
10
10
10
10
10
10
10
10
10
10
10
10
10
10
10
10
10
10
10
10
10
10
10
10
10
10
10
10
10
10
10
10
10
10
10
10
10
10
10
10
10
10
10
10
10
10
10
10
10
10
10
10
10
10
10
10
10
10
10
10
10
10
10
10
10
10
10
10
10
10
10
10
10
10
10
10
10
10
10
10
10
10
10
10
10
10
10
10
10
10
10
10
10
10
10
10
10
10
10
10
10
10
10
10
10
10
10
10
10
10
10
10
10
10
10
10
10
10
10
10
10
10
10
10
10
10
10
10
10
10
10
10
10
10
10
10
10
10
10
10
10
10
10
10
10
10
10
10
10
10
10
10
10
10
10
10
10
10
10
10
10
10
10
10
10
10
10
10
10
10
10
10
10
10
10
10
10
10
10
10
10
10
10
10
10
10
10
10
10
10
10
10
10
10
10
10
10
10
10
10
10
10
10
10
10
10
10
10
10
10
10
10
10
10
10
10
10
10
10
10
10
10
10
10
10
10
10
10
10
10
10
10
10
10
10
10
10
10
10
10
10
10
10
10
10
10
10
10
10
10
10
10
10
10
10
10
10
10
10
10
10
10
10
10
10
10
10
10
10
10
10
10
10
10
10
10
10
10
10
10
10
10
10
10
10
10
10
10
10
10
10
10
10
10
10
10
10
10
10
10
10
10
10
10
10
10
10
10
10
10
10
10
10
10
10
10
10
10
10
10
10
10
10
10
10
10
10
10
10
10
10
10
10
10
10
10
10
10
10
10
10
10
10
10
10
10
10
10
10
10
10
10
10
10
10
10
10
10
10
10
10
10
10
10
10
10
10
10
10
10
10
10
10
10
10
10
10
10
10
10
10
10
10
10
10
10
10
10
10
10
10
10
10
10
10
10
10
10
10
10
10
10
10
10
10
10
10
10
10
10
10
10
10
10
10
10
10
10
10
10
10
10
10
10
10
10
10
10
10
10
10
10
10
10
10
10
10
10
10
10
10
10
10
10
10
10
10
10
10
10
10
10
10
10
10
10
10
10
10
10
10
10
10
10
10
10
10
10
10
10
10
10
10
10
10
10
10
10
10
10
10
10
10
10
10
10
10
10
10
10
10
10
10
10
10
10
10
10
10
10
10
10
10
10
10
10
10
10
10
10
10
10
10
10
10
10
10
10
10
10
10
10
10
10
10
10
10
10
10
10
10
10
10
10
10
10
10
10
10
10
10
10
10
10
10
10
10
10
10
10
10
10
10
10
10
10
10
10
10
10
10
10
10
10
10
10
10
10
10
10
10
10
10
10
10
10
10
10
10
10
10
10
10
10
10
10
10
10
10
10
10
10
10
10
10
10
10
10
10
10
10
10
10
10
10
10
10
10
10
10
10
10
10
10
10
10
10
10
10
10
10
10
10
10
10
10
10
10
10
10
10
10
10
10
10
10
10
10
10
10
10
10
10
10
10
10
10
10
10
10
10
10
10
10
10
10
10
10
10
10
10
10
10
10
10
10
10
10
10
10
10
10
10
10
10
10
10
10
10
10
10
10
10
10
10
10
10
10
10
10
10
10
10
10
10
10
10
10
10
10
10
10
10
10
10
10
10
10
10
10
10
10
10
10
10
10
10
10
10
10
10
10
10
10
10
10
10
10
10
10
10
10
10
10
10
10
10
10
10
10
10
10
10
10
10
10
10
10
10
10
10
10
10
10
10
10
10
10
10
10
10
10
10
10
10
10
10
10
10
10
10
10
10
10
10
10
10
10
10
10
10
10
10
10
10
10
10
10
10
10
10
10
10
10
10
10
10
10
10
10
10
10
10
10
10
10
10
10
10
10
10
10
10
10
10
10
10
10
10
10
10
10
10
10
10
10
10
10
10
10
10
10
10
10
10
10
10
10
10
10
10
10
10
10
10
10
10
10
10
10
10
10
10
10
10
10
10
10
10
10
10
10
10
10
10
10
10
10
10
10
10
10
10
10
10
10
10
10
10
10
10
10
10
10
10
10
10
10
10
10
10
10
10
10
10
10
10
10
10
10
10
10
10
10
10
10
10
10
10
10
10
10
10
10
10
10
10
10
10
10
10
10
10
10
10
10
10
10
10
10
10
10
10
10
10
10
10
10
10
10
10
10
10
10
10
10
10
10
10
10
10
10
10
10
10
10
10
10
10
10
10
10
10
10
10
10
10
10
10
10
10
10
10
10
10
10
10
10
10
10
10
10
10
10
10
10
10
10
10
10
10
10
10
10
10
10
10
10
10
10
10
10
10
10
10
10
10
10
10
10
10
10
10
10
10
10
10
10
10
10
10
10
10
10
10
10
10
10
10
10
10
10
10
10
10
10
10
10
10
10
10
10
10
10
10
10
10
10
10
10
10
10
10
10
10
10
10
10
10
10
10
10
10
10
10
10
10
10
10
10
10
10
10
10
10
10
10
10
10
10
10
10
10
10
10
10
10
10
10
10
10
10
10
10
10
10
10
10
10
10
10
10
10
10
10
10
10
10
10
10
10
10
10
10
10
10
10
10
10
10
10
10
10
10
10
10
10
10
10
10
10
10
10
10
10
10
10
10
10
10
10
10
10
10
10
10
10
10
10
10
10
10
10
10
10
10
10
10
10
10
10
10
10
10
10
10
10
10
10
10
10
10
10
10
10
10
10
10
10
10
10
10
10
10
10
10
10
10
10
10
10
10
10
10
10
10
10
10
10
10
10
10
10
10
10
10
10
10
10
10
10
10
10
10
10
10
10
10
10
10
10
10
10
10
10
10
10
10
10
10
10
10
10
10
10
10
10
10
10
10
10
10
10
10
10
10
10
10
10
10
10
10
10
10
10
10
10
10
10
10
10
10
10
10
10
10
10
10
10
10
10
10
10
10
10
10
10
10
10
10
10
10
10
10
10
10
10
10
10
10
10
10
10
10
10
10
10
10
10
10
10
10
10
10
10
10
10
10
10
10
10
10
10
10
10
10
10
10
10
10
10
10
10
10
10
10
10
10
10
10
10
10
10
10
10
10
10
10
10
10
10
10
10
10
10
10
10
10
10
10
10
10
10
10
10
10
10
10
10
10
10
10
10
10
10
10
10
10
10
10
10
10
10
10
10
10
10
10
10
10
10
10
10
10
10
10
10
10
10
10
10
10
10
10
10
10
10
10
10
10
10
10
10
10
10
10
10
10
10
10
10
10
10
10
10
10
10
10
10
10
10
10
10
10
10
10
10
10
10
10
10
10
10
10
10
10
10
10
10
10
10
10
10
10
10
10
10
10
10
10
10
10
10
10
10
10
10
10
10
10
10
10
10
10
10
10
10
10
10
10
10
10
10
10
10
10
10
10
10
10
10
10
10
10
10
10
10
10
10
10
10
10
10
10
10
10
10
10
10
10
10
10
10
10
10
10
10
10
10
10
10
10
10
10
10
10
10
10
10
10
10
10
10
10
10
10
10
10
10
10
10
10
10
10
10
10
10
10
10
10
10
10
10
10
10
10
10
10
10
10
10
10
10
10
10
10
10
10
10
10
10
10
10
10
10
10
10
10
10
10
10
10
10
10
10
10
10
10
10
10
10
10
10
10
10
10
10
10
10
10
10
10
10
10
10
10
10
10
10
10
10
10
10
10
10
10
10
10
10
10
10
10
10
10
10
10
10
10
10
10
10
10
10
10
10
10
10
10
10
10
10
10
10
10
10
10
10
10
10
10
10
10
10
10
10
10
10
10
10
10
10
10
10
10
10
10
10
10
10
10
10
10
10
10
10
10
10
10
10
10
10
10
10
10
10
10
10
10
10
10
10
10
10
10
10
10
10
10
10
10
10
10
10
10
10
10
10
10
10
10
10
10
10
10
10
10
10
10
10
10
10
10
10
10
10
10
10
10
10
10
10
10
10
10
10
10
10
10
10
10
10
10
10
10
10
10
10
10
10
10
10
10
10
10
10
10
10
10
10
10
10
10
10
10
10
10
10
10
10
10
10
10
10
10
10
10
10
10
10
10
10
10
10
10
10
10
10
10
10
10
10
10
10
10
10
10
10
10
10
10
10
10
10
10
10
10
10
10
10
10
10
10
10
10
10
10
10
10
10
10
10
10
10
10
10
10
10
10
10
10
10
10
10
10
10
10
10
10
10
10
10
10
10
10
10
10
10
10
10
10
10
10
10
10
10
10
10
10
10
10
10
10
10
10
10
10
10
10
10
10
10
10
10
10
10
10
10
10
10
10
10
10
10
10
10
10
10
10
10
10
10
10
10
10
10
10
10
10
10
10
10
10
10
10
10
10
10
10
10
10
10
10
10
10
10
10
10
10
10
10
10
10
10
10
10
10
10
10
10
10
10
10
10
10
10
10
10
10
10
10
10
10
10
10
10
10
10
10
10
10
10
10
10
10
10
10
10
10
10
10
10
10
10
10
10
10
10
10
10
10
10
10
10
10
10
10
10
10
10
10
10
10
10
10
10
10
10
10
10
10
10
10
10
10
10
10
10
10
10
10
10
10
10
10
10
10
10
10
10
10
10
10
10
10
10
10
10
10
10
10
10
10
10
10
10
10
10
10
10
10
10
10
10
10
10
10
10
10
10
10
10
10
10
10
10
10
10
10
10
10
10
10
10
10
10
10
10
10
10
10
10
10
10
10
10
10
10
10
10
10
10
10
10
10
10
10
10
10
10
10
10
10
10
10
10
10
10
10
10
10
10
10
10
10
10
10
10
10
10
10
10
10
10
10
10
10
10
10
10
10
10
10
10
10
10
10
10
10
10
10
10
10
10
10
10
10
10
10
10
10
10
10
10
10
10
10
10
10
10
10
10
10
10
10
10
10
10
10
10
10
10
10
10
10
10
10
10
10
10
10
10
10
10
10
10
10
10
10
10
10
10
10
10
10
10
10
10
10
10
10
10
10
10
10
10
10
10
10
10
10
10
10
10
10
10
10
10
10
10
10
10
10
10
10
10
10
10
10
10
10
10
10
10
10
10
10
10
10
10
10
10
10
10
10
10
10
10
10
10
10
10
10
10
10
10
10
10
10
10
10
10
10
10
10
10
10
10
10
10
10
10
10
10
10
10
10
10
10
10
10
10
10
10
10
10
10
10
10
10
10
10
10
10
10
10
10
10
10
10
10
10
10
10
10
10
10
10
10
10
10
10
10
10
10
10
10
10
10
10
10
10
10
10
10
10
10
10
10
10
10
10
10
10
10
10
10
10
10
10
10
10
10
10
10
10
10
10
10
10
10
10
10
10
10
10
10
10
10
10
10
10
10
10
10
10
10
10
10
10
10
10
10
10
10
10
10
10
10
10
10
10
10
10
10
10
10
10
10
10
10
10
10
10
10
10
10
10
10
10
10
10
10
10
10
10
10
10
10
10
10
10
10
10
10
10
10
10
10
10
10
10
10
10
10
10
10
10
10
10
10
10
10
10
10
10
10
10
10
10
10
10
10
10
10
10
10
10
10
10
10
10
10
10
10
10
10
10
10
10
10
10
10
10
10
10
10
10
10
10
10
10
10
10
10
10
10
10
10
10
10
10
10
10
10
10
10
10
10
10
10
10
10
10
10
10
10
10
10
10
10
10
10
10
10
10
10
10
10
10
10
10
10
10
10
10
10
10
10
10
10
10
10
10
10
10
10
10
10
10
10
10
10
10
10
10
10
10
10
10
10
10
10
10
10
10
10
10
10
10
10
10
10
10
10
10
10
10
10
10
10
10
10
10
10
10
10
10
10
10
10
10
10
10
10
10
10
10
10
10
10
10
10
10
10
10
10
10
10
10
10
10
10
10
10
10
10
10
10
10
10
10
10
10
10
10
10
10
10
10
10
10
10
10
10
10
10
10
10
10
10
10
10
10
10
10
10
10
10
10
10
10
10
10
10
10
10
10
10
10
10
10
10
10
10
10
10
10
10
10
10
10
10
10
10
10
10
10
10
10
10
10
10
10
10
10
10
10
10
10
10
10
10
10
10
10
10
10
10
10
10
10
10
10
10
10
10
10
10
10
10
10
10
10
10
10
10
10
10
10
10
10
10
10
10
10
10
10
10
10
10
10
10
10
10
10
10
10
10
10
10
10
10
10
10
10
10
10
10
10
10
10
10
10
10
10
10
10
10
10
10
10
10
10
10
10
10
10
10
10
10
10
10
10
10
10
10
10
10
10
10
10
10
10
10
10
10
10
10
10
10
10
10
10
10
10
10
10
10
10
10
10
10
10
10
10
10
10
10
10
10
10
10
10
10
10
10
10
10
10
10
10
10
10
10
10
10
10
10
10
10
10
10
10
10
10
10
10
10
10
10
10
10
10
10
10
10
10
10
10
10
10
10
10
10
10
10
10
10
10
10
10
10
10
10
10
10
10
10
10
10
10
10
10
10
10
10
10
10
10
10
10
10
10
10
10
10
10
10
10
10
10
10
10
10
10
10
10
10
10
10
10
10
10
10
10
10
10
10
10
10
10
10
10
10
10
10
10
10
10
10
10
10
10
10
10
10
10
10
10
10
10
10
10
10
10
10
10
10
10
10
10
10
10
10
10
10
10
10
10
10
10
10
10
10
10
10
10
10
10
10
10
10
10
10
10
10
10
10
10
10
10
10
10
10
10
10
10
10
10
10
10
10
10
10
10
10
10
10
10
10
10
10
10
10
10
10
10
10
10
10
10
10
10
10
10
10
10
10
10
10
10
10
10
10
10
10
10
10
10
10
10
10
10
10
10
10
10
10
10
10
10
10
10
10
10
10
10
10
10
10
10
10
10
10
10
10
10
10
10
10
10
10
10
10
10
10
10
10
10
10
10
10
10
10
10
10
10
10
10
10
10
10
10
10
10
10
10
10
10
10
10
10
10
10
10
10
10
10
10
10
10
10
10
10
10
10
10
10
10
10
10
10
10
10
10
10
10
10
10
10
10
10
10
10
10
10
10
10
10
10
10
10
10
10
10
10
10
10
10
10
10
10
10
10
10
10
10
10
10
10
10
10
10
10
10
10
10
10
10
10
10
10
10
10
10
10
10
10
10
10
10
10
10
10
10
10
10
10
10
10
10
10
10
10
10
10
10
10
10
10
10
10
10
10
10
10
10
10
10
10
10
10
10
10
10
10
10
10
10
10
10
10
10
10
10
10
10
10
10
10
10
10
10
10
10
10
10
10
10
10
10
10
10
10
10
10
10
10
10
10
10
10
10
10
10
10
10
10
10
10
10
10
10
10
10
10
10
10
10
10
10
10
10
10
10
10
10
10
10
10
10
10
10
10
10
10
10
10
10
10
10
10
10
10
10
10
10
10
10
10
10
10
10
10
10
10
10
10
10
10
10
10
10
10
10
10
10
10
10
10
10
10
10
10
10
10
10
10
10
10
10
10
10
10
10
10
10
10
10
10
10
10
10
10
10
10
10
10
10
10
10
10
10
10
10
10
10
10
10
10
10
10
10
10
10
10
10
10
10
10
10
10
10
10
10
10
10
10
10
10
10
10
10
10
10
10
10
10
10
10
10
10
10
10
10
10
10
10
10
10
10
10
10
10
10
10
10
10
10
10
10
10
10
10
10
10
10
10
10
10
10
10
10
10
10
10
10
10
10
10
10
10
10
10
10
10
10
10
10
10
10
10
10
10
10
10
10
10
10
10
10
10
10
10
10
10
10
10
10
10
10
10
10
10
10
10
10
10
10
10
10
10
10
10
10
10
10
10
10
10
10
10
10
10
10
10
10
10
10
10
10
10
10
10
10
10
10
10
10
10
10
10
10
10
10
10
10
10
10
10
10
10
10
10
10
10
10
10
10
10
10
10
10
10
10
10
10
10
10
10
10
10
10
10
10
10
10
10
10
10
10
10
10
10
10
10
10
10
10
10
10
10
10
10
10
10
10
10
10
10
10
10
10
10
10
10
10
10
10
10
10
10
10
10
10
10
10
10
10
10
10
10
10
10
10
10
10
10
10
10
10
10
10
10
10
10
10
10
10
10
10
10
10
10
10
10
10
10
10
10
10
10
10
10
10
10
10
10
10
10
10
10
10
10
10
10
10
10
10
10
10
10
10
10
10
10
10
10
10
10
10
10
10
10
10
10
10
10
10
10
10
10
10
10
10
10
10
10
10
10
10
10
10
10
10
10
10
10
10
10
10
10
10
10
10
10
10
10
10
10
10
10
10
10
10
10
10
10
10
10
10
10
10
10
10
10
10
10
10
10
10
10
10
10
10
10
10
10
10
10
10
10
10
10
10
10
10
10
10
10
10
10
10
10
10
10
10
10
10
10
10
10
10
10
10
10
10
10
10
10
10
10
10
10
10
10
10
10
10
10
10
10
10
10
10
10
10
10
10
10
10
10
10
10
10
10
10
10
10
10
10
10
10
10
10
10
10
10
10
10
10
10
10
10
10
10
10
10
10
10
10
10
10
10
10
10
10
10
10
10
10
10
10
10
10
10
10
10
10
10
10
10
10
10
10
10
10
10
10
10
10
10
10
10
10
10
10
10
10
10
10
10
10
10
10
10
10
10
10
10
10
10
10
10
10
10
10
10
10
10
10
10
10
10
10
10
10
10
10
10
10
10
10
10
10
10
10
10
10
10
10
10
10
10
10
10
10
10
10
10
10
10
10
10
10
10
10
10
10
10
10
10
10
10
10
10
10
10
10
10
10
10
10
10
10
10
10
10
10
10
10
10
10
10
10
10
10
10
10
10
10
10
10
10
10
10
10
10
10
10
10
10
10
10
10
10
10
10
10
10
10
10
10
10
10
10
10
10
10
10
10
10
10
10
10
10
10
10
10
10
10
10
10
10
10
10
10
10
10
10
10
10
10
10
10
10
10
10
10
10
10
10
10
10
10
10
10
10
10
10
10
10
10
10
10
10
10
10
10
10
10
10
10
10
10
10
10
10
10
10
10
10
10
10
10
10
10
10
10
10
10
10
10
10
10
10
10
10
10
10
10
10
10
10
10
10
10
10
10
10
10
10
10
10
10
10
10
10
10
10
10
10
10
10
10
10
10
10
10
10
10
10
10
10
10
10
10
10
10
10
10
10
10
10
10
10
10
10
10
10
10
10
10
10
10
10
10
10
10
10
10
10
10
10
10
10
10
10
10
10
10
10
10
10
10
10
10
10
10
10
10
10
10
10
10
10
10
10
10
10
10
10
10
10
10
10
10
10
10
10
10
10
10
10
10
10
10
10
10
10
10
10
10
10
10
10
10
10
10
10
10
10
10
10
10
10
10
10
10
10
10
10
10
10
10
10
10
10
10
10
10
10
10
10
10
10
10
10
10
10
10
10
10
10
10
10
10
10
10
10
10
10
10
10
10
10
10
10
10
10
10
10
10
10
10
10
10
10
10
10
10
10
10
10
10
10
10
10
10
10
10
10
10
10
10
10
10
10
10
10
10
10
10
10
10
10
10
10
10
10
10
10
10
10
10
10
10
10
10
10
10
10
10
10
10
10
10
10
10
10
10
10
10
10
10
10
10
10
10
10
10
10
10
10
10
10
10
10
10
10
10
10
10
10
10
10
10
10
10
10
10
10
10
10
10
10
10
10
10
10
10
10
10
10
10
10
10
10
10
10
10
10
10
10
10
10
10
10
10
10
10
10
10
10
10
10
10
10
10
10
10
10
10
10
10
10
10
10
10
10
10
10
10
10
10
10
10
10
10
10
10
10
10
10
10
10
10
10
10
10
10
10
10
10
10
10
10
10
10
10
10
10
10
10
10
10
10
10
10
10
10
10
10
10
10
10
10
10
10
10
10
10
10
10
10
10
10
10
10
10
10
10
10
10
10
10
10
10
10
10
10
10
10
10
10
10
10
10
10
10
10
10
10
10
10
10
10
10
10
10
10
10
10
10
10
10
10
10
10
10
10
10
10
10
10
10
10
10
10
10
10
10
10
10
10
10
10
10
10
10
10
10
10
10
10
10
10
10
10
10
10
10
10
10
10
10
10
10
10
10
10
10
10
10
10
10
10
10
10
10
10
10
10
10
10
10
10
10
10
10
10
10
10
10
10
10
10
10
10
10
10
10
10
10
10
10
10
10
10
10
10
10
10
10
10
10
10
10
10
10
10
10
10
10
10
10
10
10
10
10
10
10
10
10
10
10
10
10
10
10
10
10
10
10
10
10
10
10
10
10
10
10
10
10
10
10
10
10
10
10
10
10
10
10
10
10
10
10
10
10
10
10
10
10
10
10
10
10
10
10
10
10
10
10
10
10
10
10
10
10
10
10
10
10
10
10
10
10
10
10
10
10
10
10
10
10
10
10
10
10
10
10
10
10
10
10
10
10
10
10
10
10
10
10
10
10
10
10
10
10
10

CELL_DATA 6597
SCALARS CellEntityIds int 1
LOOKUP_TABLE default
1
1
1
1
1
1
1
1
1
1
1
1
1
1
1
1
1
1
1
1
1
1
1
1
1
1
1
1
1
1
1
1
1
1
1
1
1
1
1
1
1
1
1
1
1
1
1
1
1
1
1
1
1
1
1
1
1
1
1
1
1
1
1
1
1
1
1
1
1
1
1
1
1
1
1
1
1
1
1
1
1
1
1
1
1
1
1
1
1
1
1
1
1
1
1
1
1
1
1
1
1
1
1
1
1
1
1
1
1
1
1
1
1
1
1
1
1
1
1
1
1
1
1
1
1
1
1
1
1
1
1
1
1
1
1
1
1
1
1
1
1
1
1
1
1
1
1
1
1
1
1
1
1
1
1
1
1
1
1
1
1
1
1
1
1
1
1
1
1
1
1
1
1
1
1
1
1
1
1
1
1
1
1
1
1
1
1
1
1
1
1
1
1
1
1
1
1
1
1
1
1
1
1
1
1
1
1
1
1
1
1
1
1
1
1
1
1
1
1
1
1
1
1
1
1
1
1
1
1
1
1
1
1
1
1
1
1
1
1
1
1
1
1
1
1
1
1
1
1
1
1
1
1
1
1
1
1
1
1
1
1
1
1
1
1
1
1
1
1
1
1
1
1
1
1
1
1
1
1
1
1
1
1
1
1
1
1
1
1
1
1
1
1
1
1
1
1
1
1
1
1
1
1
1
1
1
1
1
1
1
1
1
1
1
1
1
1
1
1
1
1
1
1
1
1
1
1
1
1
1
1
1
1
1
1
1
1
1
1
1
1
1
1
1
1
1
1
1
1
1
1
1
1
1
1
1
1
1
1
1
1
1
1
1
1
1
1
1
1
1
1
1
1
1
1
1
1
1
1
1
1
1
1
1
1
1
1
1
1
1
1
1
1
1
1
1
1
1
1
1
1
1
1
1
1
1
1
1
1
1
1
1
1
1
1
1
1
1
1
1
1
1
1
1
1
1
1
1
1
1
1
1
1
1
1
1
1
1
1
1
1
1
1
1
1
1
1
1
1
1
1
1
1
1
1
1
1
1
1
1
1
1
1
1
1
1
1
1
1
1
1
1
1
1
1
1
1
1
1
1
1
1
1
1
1
1
1
1
1
1
1
1
1
1
1
1
1
1
1
1
1
1
1
1
1
1
1
1
1
1
1
1
1
1
1
1
1
1
1
1
1
1
1
1
1
1
1
1
1
1
1
1
1
1
1
1
1
1
1
1
1
1
1
1
1
1
1
1
1
1
1
1
1
1
1
1
1
1
1
1
1
1
1
1
1
1
1
1
1
1
1
1
1
1
1
1
1
1
1
1
1
1
1
1
1
1
1
1
1
1
1
1
1
1
1
1
1
1
1
1
1
1
1
1
1
1
1
1
1
1
1
1
1
1
1
1
1
1
1
1
1
1
1
1
1
1
1
1
1
1
1
1
1
1
1
1
1
1
1
1
1
1
1
1
1
1
1
1
1
1
1
1
1
1
1
1
1
1
1
1
1
1
1
1
1
1
1
1
1
1
1
1
1
1
1
1
1
1
1
1
1
1
1
1
1
1
1
1
1
1
1
1
1
1
1
1
1
1
1
1
1
1
1
1
1
1
1
1
1
1
1
1
1
1
1
1
1
1
1
1
1
1
1
1
1
1
1
1
1
1
1
1
1
1
1
1
1
1
1
1
1
1
1
1
1
1
1
1
1
1
1
1
1
1
1
1
1
1
1
1
1
1
1
1
1
1
1
1
1
1
1
1
1
1
1
1
1
1
1
1
1
1
1
1
1
1
1
1
1
1
1
1
1
1
1
1
1
1
1
1
1
1
1
1
1
1
1
1
1
1
1
1
1
1
1
1
1
1
1
1
1
1
1
1
1
1
1
1
1
1
1
1
1
1
1
1
1
1
1
1
1
1
1
1
1
1
1
1
1
1
1
1
1
1
1
1
1
1
1
1
1
1
1
1
1
1
1
1
1
1
1
1
1
1
1
1
1
1
1
1
1
1
1
1
1
1
1
1
1
1
1
1
1
1
1
1
1
1
1
1
1
1
1
1
1
1
1
1
1
1
1
1
1
1
1
1
1
1
1
1
1
1
1
1
1
1
1
1
1
1
1
1
1
1
1
1
1
1
1
1
1
1
1
1
1
1
1
1
1
1
1
1
1
1
1
1
1
1
1
1
1
1
1
1
1
1
1
1
1
1
1
1
1
1
1
1
1
1
1
1
1
1
1
1
1
1
1
1
1
1
1
1
1
1
1
1
1
1
1
1
1
1
1
1
1
1
1
1
1
1
1
1
1
1
1
1
1
1
1
1
1
1
1
1
1
1
1
1
1
1
1
1
1
1
1
1
1
1
1
1
1
1
1
1
1
1
1
1
1
1
1
1
1
1
1
1
1
1
1
1
1
1
1
1
1
1
1
1
1
1
1
1
1
1
1
1
1
1
1
1
1
1
1
1
1
1
1
1
1
1
1
1
1
1
1
1
1
1
1
1
1
1
1
1
1
1
1
1
1
1
1
1
1
1
1
1
1
1
1
1
1
1
1
1
1
1
1
1
1
1
1
1
1
1
1
1
1
1
1
1
1
1
1
1
1
1
1
1
1
1
1
1
1
1
1
1
1
1
1
1
1
1
1
1
1
1
1
1
1
1
1
1
1
1
1
1
1
1
1
1
1
1
1
1
1
1
1
1
1
1
1
1
1
1
1
1
1
1
1
1
1
1
1
1
1
1
1
1
1
1
1
1
1
1
1
1
1
1
1
1
1
1
1
1
1
1
1
1
1
1
1
1
1
1
1
1
1
1
1
1
1
1
1
1
1
1
1
1
1
1
1
1
1
1
1
1
1
1
1
1
1
1
1
1
1
1
1
1
1
1
1
1
1
1
1
1
1
1
1
1
1
1
1
1
1
1
1
1
1
1
1
1
1
1
1
1
1
1
1
1
1
1
1
1
1
1
1
1
1
1
1
1
1
1
1
1
1
1
1
1
1
1
1
1
1
1
1
1
1
1
1
1
1
1
1
1
1
1
1
1
1
1
1
1
1
1
1
1
1
1
1
1
1
1
1
1
1
1
1
1
1
1
1
1
1
1
1
1
1
1
1
1
1
1
1
1
1
1
1
1
1
1
1
1
1
1
1
1
1
1
1
1
1
1
1
1
1
1
1
1
1
1
1
1
1
1
1
1
1
1
1
1
1
1
1
1
1
1
1
1
1
1
1
1
1
1
1
1
1
1
1
1
1
1
1
1
1
1
1
1
1
1
1
1
1
1
1
1
1
1
1
1
1
1
1
1
1
1
1
1
1
1
1
1
1
1
1
1
1
1
1
1
1
1
1
1
1
1
1
1
1
1
1
1
1
1
1
1
1
1
1
1
1
1
1
1
1
1
1
1
1
1
1
1
1
1
1
1
1
1
1
1
1
1
1
1
1
1
1
1
1
1
1
1
1
1
1
1
1
1
1
1
1
1
1
1
1
1
1
1
1
1
1
1
1
1
1
1
1
1
1
1
1
1
1
1
1
1
1
1
1
1
1
1
1
1
1
1
1
1
1
1
1
1
1
1
1
1
1
1
1
1
1
1
1
1
1
1
1
1
1
1
1
1
1
1
1
1
1
1
1
1
1
1
1
1
1
1
1
1
1
1
1
1
1
1
1
1
1
1
1
1
1
1
1
1
1
1
1
1
1
1
1
1
1
1
1
1
1
1
1
1
1
1
1
1
1
1
1
1
1
1
1
1
1
1
1
1
1
1
1
1
1
1
1
1
1
1
1
1
1
1
1
1
1
1
1
1
1
1
1
1
1
1
1
1
1
1
1
1
1
1
1
1
1
1
1
1
1
1
1
1
1
1
1
1
1
1
1
1
1
1
1
1
1
1
1
1
1
1
1
1
1
1
1
1
1
1
1
1
1
1
1
1
1
1
1
1
1
1
1
1
1
1
1
1
1
1
1
1
1
1
1
1
1
1
1
1
1
1
1
1
1
1
1
1
1
1
1
1
1
1
1
1
1
1
1
1
1
1
1
1
1
1
1
1
1
1
1
1
1
1
1
1
1
1
1
1
1
1
1
1
1
1
1
1
1
1
1
1
1
1
1
1
1
1
1
1
1
1
1
1
1
1
1
1
1
1
1
1
1
1
1
1
1
1
1
1
1
1
1
1
1
1
1
1
1
1
1
1
1
1
1
1
1
1
1
1
1
1
1
1
1
1
1
1
1
1
1
1
1
1
1
1
1
1
1
1
1
1
1
1
1
1
1
1
1
1
1
1
1
1
1
1
1
1
1
1
1
1
1
1
1
1
1
1
1
1
1
1
1
1
1
1
1
1
1
1
1
1
1
1
1
1
1
1
1
1
1
1
1
1
1
1
1
1
1
1
1
1
1
1
1
1
1
1
1
1
1
1
1
1
1
1
1
1
1
1
1
1
1
1
1
1
1
1
1
1
1
1
1
1
1
1
1
1
1
1
1
1
1
1
1
1
1
1
1
1
1
1
1
1
1
1
1
1
1
1
1
1
1
1
1
1
1
1
1
1
1
1
1
1
1
1
1
1
1
1
1
1
1
1
1
1
1
1
1
1
1
1
1
1
1
1
1
1
1
1
1
1
1
1
1
1
1
1
1
1
1
1
1
1
1
1
1
1
1
1
1
1
1
1
1
1
1
1
1
1
1
1
1
1
1
1
1
1
1
1
1
1
1
1
1
1
1
1
1
1
1
1
1
1
1
1
1
1
1
1
1
1
1
1
1
1
1
1
1
1
1
1
1
1
1
1
1
1
1
1
1
1
1
1
1
1
1
1
1
1
1
1
1
1
1
1
1
1
1
1
1
1
1
1
1
1
1
1
1
1
1
1
1
1
1
1
1
1
1
1
1
1
1
1
1
1
1
1
1
1
1
1
1
1
1
1
1
1
1
1
1
1
1
1
1
1
1
1
1
1
1
1
1
1
1
1
1
1
1
1
1
1
1
1
1
1
1
1
1
1
1
1
1
1
1
1
1
1
1
1
1
1
1
1
1
1
1
1
1
1
1
1
1
1
1
1
1
1
1
1
1
1
1
1
1
1
1
1
1
1
1
1
1
1
1
1
1
1
1
1
1
1
1
1
1
1
1
1
1
1
1
1
1
1
1
1
1
1
1
1
1
1
1
1
1
1
1
1
1
1
1
1
1
1
1
1
1
1
1
1
1
1
1
1
1
1
1
1
1
1
1
1
1
1
1
1
1
1
1
1
1
1
1
1
1
1
1
1
1
1
1
1
1
1
1
1
1
1
1
1
1
1
1
1
1
1
1
1
1
1
1
1
1
1
1
1
1
1
1
1
1
1
1
1
1
1
1
1
1
1
1
1
1
1
1
1
1
1
1
1
1
1
1
1
1
1
1
1
1
1
1
1
1
1
1
1
1
1
1
1
1
1
1
1
1
1
1
1
1
1
1
1
1
1
1
1
1
1
1
1
1
1
1
1
1
1
1
1
1
1
1
1
1
1
1
1
1
1
1
1
1
1
1
1
1
1
1
1
1
1
1
1
1
1
1
1
1
1
1
1
1
1
1
1
1
1
1
1
1
1
1
1
1
1
1
1
1
1
1
1
1
1
1
1
1
1
1
1
1
1
1
1
1
1
1
1
1
1
1
1
1
1
1
1
1
1
1
1
1
1
1
1
1
1
1
1
1
1
1
1
1
1
1
1
1
1
1
1
1
1
1
1
1
1
1
1
1
1
1
1
1
1
1
1
1
1
1
1
1
1
1
1
1
1
1
1
1
1
1
1
1
1
1
1
1
1
1
1
1
1
1
1
1
1
1
1
1
1
1
1
1
1
1
1
1
1
1
1
1
1
1
1
1
1
1
1
1
1
1
1
1
1
1
1
1
1
1
1
1
1
1
1
1
1
1
1
1
1
1
1
1
1
1
1
1
1
1
1
1
1
1
1
1
1
1
1
1
1
1
1
1
1
1
1
1
1
1
1
1
1
1
1
1
1
1
1
1
1
1
1
1
1
1
1
1
1
1
1
1
1
1
1
1
1
1
1
1
1
1
1
1
1
1
1
1
1
1
1
1
1
1
1
1
1
1
1
1
1
1
1
1
1
1
1
1
1
1
1
1
1
1
1
1
1
1
1
1
1
1
1
1
1
1
1
1
1
1
1
1
1
1
1
1
1
1
1
1
1
1
1
1
1
1
1
1
1
1
1
1
1
1
1
1
1
1
1
1
1
1
1
1
1
1
1
1
1
1
1
1
1
1
1
1
1
1
1
1
1
1
1
1
1
1
1
1
1
1
1
1
1
1
1
1
1
1
1
1
1
1
1
1
1
1
1
1
1
1
1
1
1
1
1
1
1
1
1
1
1
1
1
1
1
1
1
1
1
1
1
1
1
1
1
1
1
1
1
1
1
1
1
1
1
1
1
1
1
1
1
1
1
1
1
1
1
1
1
1
1
1
1
1
1
1
1
1
1
1
1
1
1
1
1
1
1
1
1
1
1
1
1
1
1
1
1
1
1
1
1
1
1
1
1
1
1
1
1
1
1
1
1
1
1
1
1
1
1
1
1
1
1
1
1
1
1
1
1
1
1
1
1
1
1
1
1
1
1
1
1
1
1
1
1
1
1
1
1
1
1
1
1
1
1
1
1
1
1
1
1
1
1
1
1
1
1
1
1
1
1
1
1
1
1
1
1
1
1
1
1
1
1
1
1
1
1
1
1
1
1
1
1
1
1
1
1
1
1
1
1
1
1
1
1
1
1
1
1
1
1
1
1
1
1
1
1
1
1
1
1
1
1
1
1
1
1
1
1
1
1
1
1
1
1
1
1
1
1
1
1
1
1
1
1
1
1
1
1
1
1
1
1
1
1
1
1
1
1
1
1
1
1
1
1
1
1
1
1
1
1
1
1
1
1
1
1
1
1
1
1
1
1
1
1
1
1
1
1
1
1
1
1
1
1
1
1
1
1
1
1
1
1
1
1
1
1
1
1
1
1
1
1
1
1
1
1
1
1
1
1
1
1
1
1
1
1
1
1
1
1
1
1
1
1
1
1
1
1
1
1
1
1
1
1
1
1
1
1
1
1
1
1
1
1
1
1
1
1
1
1
1
1
1
1
1
1
1
1
1
1
1
1
1
1
1
1
1
1
1
1
1
1
1
1
1
1
1
1
1
1
1
1
1
1
1
1
1
1
1
1
1
1
1
1
1
1
1
1
1
1
1
1
1
1
1
1
1
1
1
1
1
1
1
1
1
1
1
1
1
1
1
1
1
1
1
1
1
1
1
1
1
1
1
1
1
1
1
1
1
1
1
1
1
1
1
1
1
1
1
1
1
1
1
1
1
1
1
1
1
1
1
1
1
1
1
1
1
1
1
1
1
1
1
1
1
1
1
1
1
1
1
1
1
1
1
1
1
1
1
1
1
1
1
1
1
1
1
1
1
1
1
1
1
1
1
1
1
1
1
1
1
1
1
1
1
1
1
1
1
1
1
1
1
1
1
1
1
1
1
1
1
1
1
1
1
1
1
1
1
1
1
1
1
1
1
1
1
1
1
1
1
1
1
1
1
1
1
1
1
1
1
1
1
1
1
1
1
1
1
1
1
1
1
1
1
1
1
1
1
1
1
1
1
1
1
1
1
1
1
1
1
1
1
1
1
1
1
1
1
1
1
1
1
1
1
1
1
1
1
1
1
1
1
1
1
1
1
1
1
1
1
1
1
1
1
1
1
1
1
1
1
1
1
1
1
1
1
1
1
1
1
1
1
1
1
1
1
1
1
1
1
1
1
1
1
1
1
1
1
1
1
1
1
1
1
1
1
1
1
1
1
1
1
1
1
1
1
1
1
1
1
1
1
1
1
1
1
1
1
1
1
1
1
1
1
1
1
1
1
1
1
1
1
1
1
1
1
1
1
1
1
1
1
1
1
1
1
1
1
1
1
1
1
1
1
1
1
1
1
1
1
1
1
1
1
1
1
1
1
1
1
1
1
1
1
1
1
1
1
1
1
1
1
1
1
1
1
1
1
1
1
1
1
1
1
1
1
1
1
1
1
1
1
1
1
1
1
1
1
1
1
1
1
1
1
1
1
1
1
1
1
1
1
1
1
1
1
1
1
1
1
1
1
1
1
1
1
1
1
1
1
1
1
1
1
1
1
1
1
1
1
1
1
1
1
1
1
1
1
1
1
1
1
1
1
1
1
1
1
1
1
1
1
1
1
1
1
1
1
1
1
1
1
1
1
1
1
1
1
1
1
1
1
1
1
1
1
1
1
1
1
1
1
1
1
1
1
1
1
1
1
1
1
1
1
1
1
1
1
1
1
1
1
1
1
1
1
1
1
1
1
1
1
1
1
1
1
1
1
1
1
1
1
1
1
1
1
1
1
1
1
1
1
1
1
1
1
1
1
1
1
1
1
1
1
1
1
1
1
1
1
1
1
1
1
1
1
1
1
1
1
1
1
1
1
1
1
1
1
1
1
1
1
1
1
1
1
1
1
1
1
1
1
1
1
1
1
1
1
1
1
1
1
1
1
1
1
1
1
1
1
1
1
1
1
1
1
1
1
1
1
1
1
1
1
1
1
1
1
1
1
1
1
1
1
1
1
1
1
1
1
1
1
1
1
1
1
1
1
1
1
1
1
1
1
1
1
1
1
1
1
1
1
1
1
1
1
1
1
1
1
1
1
1
1
1
1
1
1
1
1
1
1
1
1
1
1
1
1
1
1
1
1
1
1
1
1
1
1
1
1
1
1
1
1
1
1
1
1
1
1
1
1
1
1
1
1
1
1
1
1
1
1
1
1
1
1
1
1
1
1
1
1
1
1
1
1
1
1
1
1
1
1
1
1
1
1
1
1
1
1
1
1
1
1
1
1
1
1
1
1
1
1
1
1
1
1
1
1
1
1
1
1
1
1
1
1
1
1
1
1
1
1
1
1
1
1
1
1
1
1
1
1
1
1
1
1
1
1
1
1
1
1
1
1
1
1
1
1
1
1
1
1
1
1
1
1
1
1
1
1
1
1
1
1
1
1
1
1
1
1
1
1
1
1
1
1
1
1
1
1
1
1
1
1
1
1
1
1
1
1
1
1
1
1
1
1
1
1
1
1
1
1
1
1
1
1
1
1
1
1
1
1
1
1
1
1
1
1
1
1
1
1
1
1
1
1
1
1
1
1
1
1
1
1
1
1
1
1
1
1
1
1
1
1
1
1
1
1
1
1
1
1
1
1
1
1
1
1
1
1
1
1
1
1
1
1
1
1
1
1
1
1
1
1
1
1
1
1
1
1
1
1
1
1
1
1
1
1
1
1
1
1
1
1
1
1
1
1
1
1
1
1
1
1
1
1
1
1
1
1
1
1
1
1
1
1
1
1
1
1
1
1
1
1
1
1
1
1
1
1
1
1
1
1
1
1
1
1
1
1
1
1
1
1
1
1
1
1
1
1
1
1
1
1
1
1
1
1
1
1
1
1
1
1
1
1
1
1
1
1
1
1
1
1
1
1
1
1
1
1
1
1
1
1
1
1
1
1
1
1
1
1
1
1
1
1
1
1
1
1
1
1
1
1
1
1
1
1
1
1
1
1
1
1
1
1
1
1
1
1
1
1
1
1
1
1
1
1
1
1
1
1
1
1
1
1
1
1
1
1
1
1
1
1
1
1
1
1
1
1
1
1
1
1
1
1
1
1
1
1
1
1
1
1
1
1
1
1
1
1
1
1
1
1
1
1
1
1
1
1
1
1
1
1
1
1
1
1
1
1
1
1
1
1
1
1
1
1
1
1
1
1
1
1
1
1
1
1
1
1
1
1
1
1
1
1
1
1
1
1
1
1
1
1
1
1
1
1
1
1
1
1
1
1
1
1
1
1
1
1
1
1
1
1
1
1
1
1
1
1
1
1
1
1
1
1
1
1
1
1
1
1
1
1
1
1
1
1
1
1
1
1
1
1
1
1
1
1
1
1
1
1
1
1
1
1
1
1
1
1
1
1
1
1
1
1
1
1
1
1
1
1
1
1
1
1
1
1
1
1
1
1
1
1
1
1
1
1
1
1
1
1
1
1
1
1
1
1
1
1
1
1
1
1
1
1
1
1
1
1
1
1
1
1
1
1
1
1
1
1
1
1
1
1
1
1
1
1
1
1
1
1
1
1
1
1
1
1
1
1
1
1
1
1
1
1
1
1
1
1
1
1
1
1
1
1
1
1
1
1
1
1
1
1
1
1
1
1
1
1
1
1
1
1
1
1
1
1
1
1
1
1
1
1
1
1
1
1
1
1
1
1
1
1
1
1
1
1
1
1
1
1
1
1
1
1
1
1
1
1
1
1
1
1
1
1
1
1
1
1
1
1
1
1
1
1
1
1
1
1
1
1
1
1
1
1
1
1
1
1
1
1
1
1
1
1
1
1
1
1
1
1
1
1
1
1
1
1
1
1
1
1
1
1
1
1
1
1
1
1
1
1
1
1
1
1
1
1
1
1
1
1
1
1
1
1
1
1
1
1
1
1
1
1
1
1
1
1
1
1
1
1
1
1
1
1
1
1
1
1
1
1
1
1
1
1
1
1
1
1
1
1
1
1
1
1
1
1
1
1
1
1
1
1
1
1
1
1
1
1
1
1
1
1
1
1
1
1
1
1
1
1
1
1
1
1
1
1
1
1
1
1
1
1
1
1
1
1
1
1
1
1
1
1
1
1
1
1
1
1
1
1
1
1
1
1
1
1
1
1
1
1
1
1
1
1
1
1
1
1
1
1
1
1
1
1
1
1
1
1
1
1
1
1
1
1
1
1
1
1
1
1
1
1
1
1
1
1
1
1
1
1
1
1
1
1
1
1
1
1
1
1
1
1
1
1
1
1
1
1
1
1
1
1
1
1
1
1
1
1
1
1
1
1
1
1
1
1
1
1
1
1
1
1
1
1
1
1
1
1
1
1
1
1
1
1
1
1
1
1
1
1
1
1
1
1
1
1
1
1
1
1
1
1
1
1
1
1
1
1
1
1
1
1
1
1
1
1
1
1
1
1
1
1
1
1
1
1
1
1
1
1
1
1
1
1
1
1
1
1
1
1
1
1
1
1
1
1
1
1
1
1
1
1
1
1
1
1
1
1
1
1
1
1
1
1
1
1
1
1
1
1
1
1
1
1
1
1
1
1
1
1
1
1
1
1
1
1
1
1
1
1
1
1
1
1
1
1
1
1
1
1
1
1
1
1
1
1
1
1
1
1
1
1
1
1
1
1
1
1
1
1
1
1
1
1
1
1
1
1
1
1
1
1
1
1
1
1
1
1
1
1
1
1
1
1
1
1
1
1
1
1
1
1
1
1
1
1
1
1
1
1
1
1
1
1
1
1
1
1
1
1
1
1
1
1
1
1
1
1
1
1
1
1
1
1
1
1
1
1
1
1
1
1
1
1
1
1
1
1
1
1
1
1
1
1
1
1
1
1
1
1
1
1
1
1
1
1
1
1
1
1
1
1
1
1
1
1
1
1
1
1
1
1
1
1
1
1
1
1
1
1
1
1
1
1
1
1
1
1
1
1
1
1
1
1
1
1
1
1
1
1
1
1
1
1
1
1
1
1
1
1
1
1
1
1
1
1
1
1
1
1
1
1
1
1
1
1
1
1
1
1
1
1
1
1
1
1
1
1
1
1
1
1
1
1
1
1
1
1
1
1
1
1
1
1
1
1
1
1
1
1
1
1
1
1
1
1
1
1
1
1
1
1
1
1
1
1
1
1
1
1
1
1
1
1
1
1
1
1
1
1
1
1
1
1
1
1
1
1
1
1
1
1
1
1
1
1
1
1
1
1
1
1
1
1
1
1
1
1
1
1
1
1
1
1
1
1
1
1
1
1
1
1
1
1
1
1
1
1
1
1
1
1
1
1
1
1
1
1
1
1
1
1
1
1
1
1
1
1
1
1
1
1
1
1
1
1
1
1
1
1
1
1
1
1
1
1
1
1
1
1
1
1
1
1
1
1
1
1
1
1
1
1
1
1
1
1
1
1
1
1
1
1
1
1
1
1
1
1
1
1
1
1
1
1
1
1
1
1
1
1
1
1
1
1
1
1
1
1
1
1
1
1
1
1
1
1
1
1
1
1
1
1
1
1
1
1
1
1
1
1
1
1
1
1
1
1
1
1
1
1
1
1
1
1
1
1
1
1
1
1
1
1
1
1
1
1
1
1
1
1
1
1
1
1
1
1
1
1
1
1
1
1
1
1
1
1
1
1
1
1
1
1
1
1
1
1
1
1
1
1
1
1
1
1
1
1
1
1
1
1
1
1
1
1
1
1
1
1
1
1
1
1
1
1
1
1
1
1
1
1
1
1
1
1
1
1
1
1
1
1
1
1
1
1
1
1
1
1
1
1
1
1
1
1
1
1
1
1
1
1
1
1
1
1
1
1
1
1
1
1
1
1
1
1
1
1
1
1
1
1
1
1
1
1
1
1
1
1
1
1
1
1
1
1
1
1
1
1
1
1
1
1
1
1
1
1
1
1
1
1
1
1
1
1
1
1
1
1
1
1
1
1
1
1
1
1
1
1
1
1
1
1
1
1
1
1
1
1
1
1
1
1
1
1
1
1
1
1
1
1
1
1
1
1
1
1
1
1
1
1
1
1
1
1
1
1
1
1
1
1
1
1
1
1
1
1
1
1
1
1
1
1
1
1
1
1
1
1
1
1
1
1
1
1
1
1
1
1
1
1
1
1
1
1
1
1
1
1
1
1
1
1
1
1
1
1
1
1
1
1
1
1
1
1
1
1
1
1
1
1
1
1
1
1
1
1
1
1
1
1
1
1
1
1
1
1
1
1
1
1
1
1
1
1
1
1
1
1
1
1
1
1
1
1
1
1
1
1
1
1
1
1
1
1
1
1
1
1
1
1
1
1
1
1
1
1
1
1
1
1
1
1
1
1
1
1
1
1
1
1
1
1
1
1
1
1
1
1
1
1
1
1
1
1
1
1
1
1
1
1
1
1
1
1
1
1
1
1
1
1
1
1
1
1
1
1
1
1
1
1
1
1
1
1
1
1
1
1
1
1
1
1
1
1
1
1
1
1
1
1
1
1
1
1
1
1
1
1
1
1
1
1
1
1
1
1
1
1
1
1
1
1
1
1
1
1
1
1
1
1
1
1
1
1
1
1
1
1
1
1
1
1
1
1
1
1
1
1
1
1
1
1
1
1
1
1
1
1
1
1
1
1
1
1
1
1
1
1
1
1
1
1
1
1
1
1
1
1
1
1
1
1
1
1
1
1
1
1
1
1
1
1
1
1
1
1
1
1
1
1
1
1
1
1
1
1
1
1
1
1
1
1
1
1
1
1
1
1
1
1
1
1
1
1
1
1
1
1
1
1
1
1
1
1
1
1
1
1
1
1
1
1
1
1
1
1
1
1
1
1
1
1
1
1
1
1
1
1
1
1
1
1
1
1
1
1
1
1
1
1
1
1
1
1
1
1
1
1
1
1
1
1
1
1
1
1
1
1
1
1
1
1
1
1
1
1
1
1
1
1
1
1
1
1
1
1
1
1
1
1
1
1
1
1
1
1
1
1
1
1
1
1
1
1
1
1
1
1
1
1
1
1
1
1
1
1
1
1
1
1
1
1
1
1
1
1
1
1
1
1
1
1
1
1
1
1
1
1
1
1
1
1
1
1
1
1
1
1
1
1
1
1
1
1
1
1
1
1
1
1
1
1
1
1
1
1
1
1
1
1
1
1
1
1
1
1
1
1
1
1
1
1
1
1
1
1
1
1
1
1
1
1
1
1
1
1
1
1
1
1
1
1
1
1
1
1
1
1
1
1
1
1
1
1
1
1
1
1
1
1
1
1
1
1
1
1
1
1
1
1
1
1
1
1
1
1
1
1
1
1
1
1
1
1
1
1
1
1
1
1
1
1
1
1
1
1
1
1
1
1
1
1
1
1
1
1
1
1
1
1
1
1
1
1
1
1
1
1
1
1
1
1
1
1
1
1
1
1
1
1
1
1
1
1
1
1
1
1
1
1
1
1
1
1
1
1
1
1
1
1
1
1
1
1
1
1
1
1
1
1
1
1
1
1
1
1
1
1
1
1
1
1
1
1
1
1
1
1
1
1
1
1
1
1
1
1
1
1
1
1
1
1
1
1
1
1
1
1
1
1
1
1
1
1
1
1
1
1
1
1
1
1
1
1
1
1
1
1
1
1
1
1
1
1
1
1
1
1
1
1
1
1
1
1
1
1
1
1
1
1
1
1
1
1
1
1
1
1
1
1
1
1
1
1
1
1
1
1
1
1
1
1
1
1
1
1
1
1
1
1
1
1
1
1
1
1
1
1
1
1
1
1
1
1
1
1
1
1
1
1
1
1
1
1
1
1
1
1
1
1
1
1
1
1
1
1
1
1
1
1
1
1
1
1
1
1
1
1
1
1
1
1
1
1
1
1
1
1
1
1
1
1
1
1
1
1
1
1
1
1
1
1
1
1
1
1
1
1
1
1
1
1
1
1
1
1
1
1
1
1
1
1
1
1
1
1
1
1
1
1
1
1
1
1
1
1
1
1
1
1
1
1
1
1
1
1
1
1
1
1
1
1
1
1
1
1
1
1
1
1
1
1
1
1
1
1
1
1
1
1
1
1
1
1
1
1
1
1
1
1
1
1
1
1
1
1
1
1
1
1
1
1
1
1
1
1
1
1
1
1
1
1
1
1
1
1
1
1
1
1
1
1
1
1
1
1
1
1
1
1
1
1
1
1
1
1
1
1
1
1
1
1
1
1
1
1
1
1
1
1
1
1
1
1
1
1
1
1
1
1
1
1
1
1
1
1
1
1
1
1
1
1
1
1
1
1
1
1
1
1
1
1
1
1
1
1
1
1
