# vtk DataFile Version 2.0
rectangle, Created by Gmsh 4.15.0 
ASCII
DATASET UNSTRUCTURED_GRID
POINTS 1245 double
-0.025 -0.0025 -0.0005
0.025 -0.0025 -0.0005
0.025 0.0025 -0.0005
-0.025 0.0025 -0.0005
-0.025 -0.0025 0.0005
0.025 -0.0025 0.0005
0.025 0.0025 0.0005
-0.025 0.0025 0.0005
-0.02420634920635011 -0.0025 -0.0005
-0.02341269841270158 -0.0025 -0.0005
-0.02261904761905304 -0.0025 -0.0005
-0.02182539682540451 -0.0025 -0.0005
-0.02103174603175587 -0.0025 -0.0005
-0.02023809523810596 -0.0025 -0.0005
-0.0194444444444562 -0.0025 -0.0005
-0.01865079365080681 -0.0025 -0.0005
-0.01785714285715777 -0.0025 -0.0005
-0.01706349206350924 -0.0025 -0.0005
-0.0162698412698607 -0.0025 -0.0005
-0.01547619047621217 -0.0025 -0.0005
-0.01468253968256364 -0.0025 -0.0005
-0.0138888888889151 -0.0025 -0.0005
-0.01309523809526657 -0.0025 -0.0005
-0.01230158730161803 -0.0025 -0.0005
-0.0115079365079695 -0.0025 -0.0005
-0.01071428571432096 -0.0025 -0.0005
-0.009920634920672425 -0.0025 -0.0005
-0.009126984127023889 -0.0025 -0.0005
-0.00833333333337535 -0.0025 -0.0005
-0.007539682539726818 -0.0025 -0.0005
-0.006746031746078279 -0.0025 -0.0005
-0.00595238095243094 -0.0025 -0.0005
-0.005158730158782564 -0.0025 -0.0005
-0.004365079365134025 -0.0025 -0.0005
-0.003571428571485492 -0.0025 -0.0005
-0.002777777777836953 -0.0025 -0.0005
-0.001984126984188418 -0.0025 -0.0005
-0.001190476190539882 -0.0025 -0.0005
-0.0003968253968913427 -0.0025 -0.0005
0.0003968253967592539 -0.0025 -0.0005
0.001190476190412591 -0.0025 -0.0005
0.001984126984065259 -0.0025 -0.0005
0.002777777777718003 -0.0025 -0.0005
0.003571428571371271 -0.0025 -0.0005
0.004365079365023932 -0.0025 -0.0005
0.005158730158677273 -0.0025 -0.0005
0.005952380952329937 -0.0025 -0.0005
0.006746031745982789 -0.0025 -0.0005
0.007539682539636425 -0.0025 -0.0005
0.008333333333288159 -0.0025 -0.0005
0.009126984126942204 -0.0025 -0.0005
0.009920634920594348 -0.0025 -0.0005
0.01071428571424757 -0.0025 -0.0005
0.01150793650790099 -0.0025 -0.0005
0.01230158730155295 -0.0025 -0.0005
0.01309523809520628 -0.0025 -0.0005
0.01388888888885833 -0.0025 -0.0005
0.01468253968251237 -0.0025 -0.0005
0.01547619047616421 -0.0025 -0.0005
0.01626984126981774 -0.0025 -0.0005
0.01706349206347085 -0.0025 -0.0005
0.01785714285712311 -0.0025 -0.0005
0.01865079365077715 -0.0025 -0.0005
0.01944444444442879 -0.0025 -0.0005
0.02023809523808253 -0.0025 -0.0005
0.02103174603173543 -0.0025 -0.0005
0.0218253968253879 -0.0025 -0.0005
0.02261904761904194 -0.0025 -0.0005
0.02341269841269335 -0.0025 -0.0005
0.02420634920634731 -0.0025 -0.0005
0.025 -0.001785714285715513 -0.0005
0.025 -0.001071428571431769 -0.0005
0.025 -0.0003571428571484663 -0.0005
0.025 0.0003571428571371767 -0.0005
0.025 0.001071428571425069 -0.0005
0.025 0.001785714285712789 -0.0005
0.02420634920635011 0.0025 -0.0005
0.02341269841270158 0.0025 -0.0005
0.02261904761905304 0.0025 -0.0005
0.02182539682540451 0.0025 -0.0005
0.02103174603175587 0.0025 -0.0005
0.02023809523810596 0.0025 -0.0005
0.0194444444444562 0.0025 -0.0005
0.01865079365080681 0.0025 -0.0005
0.01785714285715777 0.0025 -0.0005
0.01706349206350924 0.0025 -0.0005
0.0162698412698607 0.0025 -0.0005
0.01547619047621217 0.0025 -0.0005
0.01468253968256364 0.0025 -0.0005
0.0138888888889151 0.0025 -0.0005
0.01309523809526657 0.0025 -0.0005
0.01230158730161803 0.0025 -0.0005
0.0115079365079695 0.0025 -0.0005
0.01071428571432096 0.0025 -0.0005
0.009920634920672425 0.0025 -0.0005
0.009126984127023889 0.0025 -0.0005
0.00833333333337535 0.0025 -0.0005
0.007539682539726818 0.0025 -0.0005
0.006746031746078279 0.0025 -0.0005
0.00595238095243094 0.0025 -0.0005
0.005158730158782564 0.0025 -0.0005
0.004365079365134025 0.0025 -0.0005
0.003571428571485492 0.0025 -0.0005
0.002777777777836953 0.0025 -0.0005
0.001984126984188418 0.0025 -0.0005
0.001190476190539882 0.0025 -0.0005
0.0003968253968913427 0.0025 -0.0005
-0.0003968253967592539 0.0025 -0.0005
-0.001190476190412591 0.0025 -0.0005
-0.001984126984065259 0.0025 -0.0005
-0.002777777777718003 0.0025 -0.0005
-0.003571428571371271 0.0025 -0.0005
-0.004365079365023932 0.0025 -0.0005
-0.005158730158677273 0.0025 -0.0005
-0.005952380952329937 0.0025 -0.0005
-0.006746031745982789 0.0025 -0.0005
-0.007539682539636425 0.0025 -0.0005
-0.008333333333288159 0.0025 -0.0005
-0.009126984126942204 0.0025 -0.0005
-0.009920634920594348 0.0025 -0.0005
-0.01071428571424757 0.0025 -0.0005
-0.01150793650790099 0.0025 -0.0005
-0.01230158730155295 0.0025 -0.0005
-0.01309523809520628 0.0025 -0.0005
-0.01388888888885833 0.0025 -0.0005
-0.01468253968251237 0.0025 -0.0005
-0.01547619047616421 0.0025 -0.0005
-0.01626984126981774 0.0025 -0.0005
-0.01706349206347085 0.0025 -0.0005
-0.01785714285712311 0.0025 -0.0005
-0.01865079365077715 0.0025 -0.0005
-0.01944444444442879 0.0025 -0.0005
-0.02023809523808253 0.0025 -0.0005
-0.02103174603173543 0.0025 -0.0005
-0.0218253968253879 0.0025 -0.0005
-0.02261904761904194 0.0025 -0.0005
-0.02341269841269335 0.0025 -0.0005
-0.02420634920634731 0.0025 -0.0005
-0.025 0.001785714285715513 -0.0005
-0.025 0.001071428571431769 -0.0005
-0.025 0.0003571428571484663 -0.0005
-0.025 -0.0003571428571371767 -0.0005
-0.025 -0.001071428571425069 -0.0005
-0.025 -0.001785714285712789 -0.0005
-0.02420634920635011 -0.0025 0.0005
-0.02341269841270158 -0.0025 0.0005
-0.02261904761905304 -0.0025 0.0005
-0.02182539682540451 -0.0025 0.0005
-0.02103174603175587 -0.0025 0.0005
-0.02023809523810596 -0.0025 0.0005
-0.0194444444444562 -0.0025 0.0005
-0.01865079365080681 -0.0025 0.0005
-0.01785714285715777 -0.0025 0.0005
-0.01706349206350924 -0.0025 0.0005
-0.0162698412698607 -0.0025 0.0005
-0.01547619047621217 -0.0025 0.0005
-0.01468253968256364 -0.0025 0.0005
-0.0138888888889151 -0.0025 0.0005
-0.01309523809526657 -0.0025 0.0005
-0.01230158730161803 -0.0025 0.0005
-0.0115079365079695 -0.0025 0.0005
-0.01071428571432096 -0.0025 0.0005
-0.009920634920672425 -0.0025 0.0005
-0.009126984127023889 -0.0025 0.0005
-0.00833333333337535 -0.0025 0.0005
-0.007539682539726818 -0.0025 0.0005
-0.006746031746078279 -0.0025 0.0005
-0.00595238095243094 -0.0025 0.0005
-0.005158730158782564 -0.0025 0.0005
-0.004365079365134025 -0.0025 0.0005
-0.003571428571485492 -0.0025 0.0005
-0.002777777777836953 -0.0025 0.0005
-0.001984126984188418 -0.0025 0.0005
-0.001190476190539882 -0.0025 0.0005
-0.0003968253968913427 -0.0025 0.0005
0.0003968253967592539 -0.0025 0.0005
0.001190476190412591 -0.0025 0.0005
0.001984126984065259 -0.0025 0.0005
0.002777777777718003 -0.0025 0.0005
0.003571428571371271 -0.0025 0.0005
0.004365079365023932 -0.0025 0.0005
0.005158730158677273 -0.0025 0.0005
0.005952380952329937 -0.0025 0.0005
0.006746031745982789 -0.0025 0.0005
0.007539682539636425 -0.0025 0.0005
0.008333333333288159 -0.0025 0.0005
0.009126984126942204 -0.0025 0.0005
0.009920634920594348 -0.0025 0.0005
0.01071428571424757 -0.0025 0.0005
0.01150793650790099 -0.0025 0.0005
0.01230158730155295 -0.0025 0.0005
0.01309523809520628 -0.0025 0.0005
0.01388888888885833 -0.0025 0.0005
0.01468253968251237 -0.0025 0.0005
0.01547619047616421 -0.0025 0.0005
0.01626984126981774 -0.0025 0.0005
0.01706349206347085 -0.0025 0.0005
0.01785714285712311 -0.0025 0.0005
0.01865079365077715 -0.0025 0.0005
0.01944444444442879 -0.0025 0.0005
0.02023809523808253 -0.0025 0.0005
0.02103174603173543 -0.0025 0.0005
0.0218253968253879 -0.0025 0.0005
0.02261904761904194 -0.0025 0.0005
0.02341269841269335 -0.0025 0.0005
0.02420634920634731 -0.0025 0.0005
0.025 -0.001785714285715513 0.0005
0.025 -0.001071428571431769 0.0005
0.025 -0.0003571428571484663 0.0005
0.025 0.0003571428571371767 0.0005
0.025 0.001071428571425069 0.0005
0.025 0.001785714285712789 0.0005
0.02420634920635011 0.0025 0.0005
0.02341269841270158 0.0025 0.0005
0.02261904761905304 0.0025 0.0005
0.02182539682540451 0.0025 0.0005
0.02103174603175587 0.0025 0.0005
0.02023809523810596 0.0025 0.0005
0.0194444444444562 0.0025 0.0005
0.01865079365080681 0.0025 0.0005
0.01785714285715777 0.0025 0.0005
0.01706349206350924 0.0025 0.0005
0.0162698412698607 0.0025 0.0005
0.01547619047621217 0.0025 0.0005
0.01468253968256364 0.0025 0.0005
0.0138888888889151 0.0025 0.0005
0.01309523809526657 0.0025 0.0005
0.01230158730161803 0.0025 0.0005
0.0115079365079695 0.0025 0.0005
0.01071428571432096 0.0025 0.0005
0.009920634920672425 0.0025 0.0005
0.009126984127023889 0.0025 0.0005
0.00833333333337535 0.0025 0.0005
0.007539682539726818 0.0025 0.0005
0.006746031746078279 0.0025 0.0005
0.00595238095243094 0.0025 0.0005
0.005158730158782564 0.0025 0.0005
0.004365079365134025 0.0025 0.0005
0.003571428571485492 0.0025 0.0005
0.002777777777836953 0.0025 0.0005
0.001984126984188418 0.0025 0.0005
0.001190476190539882 0.0025 0.0005
0.0003968253968913427 0.0025 0.0005
-0.0003968253967592539 0.0025 0.0005
-0.001190476190412591 0.0025 0.0005
-0.001984126984065259 0.0025 0.0005
-0.002777777777718003 0.0025 0.0005
-0.003571428571371271 0.0025 0.0005
-0.004365079365023932 0.0025 0.0005
-0.005158730158677273 0.0025 0.0005
-0.005952380952329937 0.0025 0.0005
-0.006746031745982789 0.0025 0.0005
-0.007539682539636425 0.0025 0.0005
-0.008333333333288159 0.0025 0.0005
-0.009126984126942204 0.0025 0.0005
-0.009920634920594348 0.0025 0.0005
-0.01071428571424757 0.0025 0.0005
-0.01150793650790099 0.0025 0.0005
-0.01230158730155295 0.0025 0.0005
-0.01309523809520628 0.0025 0.0005
-0.01388888888885833 0.0025 0.0005
-0.01468253968251237 0.0025 0.0005
-0.01547619047616421 0.0025 0.0005
-0.01626984126981774 0.0025 0.0005
-0.01706349206347085 0.0025 0.0005
-0.01785714285712311 0.0025 0.0005
-0.01865079365077715 0.0025 0.0005
-0.01944444444442879 0.0025 0.0005
-0.02023809523808253 0.0025 0.0005
-0.02103174603173543 0.0025 0.0005
-0.0218253968253879 0.0025 0.0005
-0.02261904761904194 0.0025 0.0005
-0.02341269841269335 0.0025 0.0005
-0.02420634920634731 0.0025 0.0005
-0.025 0.001785714285715513 0.0005
-0.025 0.001071428571431769 0.0005
-0.025 0.0003571428571484663 0.0005
-0.025 -0.0003571428571371767 0.0005
-0.025 -0.001071428571425069 0.0005
-0.025 -0.001785714285712789 0.0005
-0.025 -0.0025 -1.280876446574375e-15
0.025 -0.0025 -1.280876446574375e-15
0.025 0.0025 -1.280876446574375e-15
-0.025 0.0025 -1.280876446574375e-15
-0.02438141042586934 5.644791222386241e-15 -0.0005
0.02443465732379076 -3.04748727072545e-06 -0.0005
-0.02141599861392749 -0.001709120716477616 -0.0005
0.02143209844218251 0.001831930148797924 -0.0005
-0.01824755957816212 -0.001755660567650065 -0.0005
0.0182583289328053 0.001832304750278531 -0.0005
-0.01504240989642948 -0.00177545723934045 -0.0005
0.01507322093036971 0.001821083521418608 -0.0005
-0.01268582824227055 -0.001733941986519823 -0.0005
0.01269056684815452 0.001907647893136227 -0.0005
0.007142857142902548 0.001812678250967206 -0.0005
-0.00714004062440453 -0.001788807702106374 -0.0005
-0.009514882893199114 -0.001761239606652261 -0.0005
0.009566126161453942 0.001853805316887675 -0.0005
0.004761904761958295 0.001812678250966757 -0.0005
-0.004742708241144953 -0.001758633272415872 -0.0005
-0.002376394528117905 -0.001786134987499174 -0.0005
0.002279205790238915 0.001799782585706395 -0.0005
7.047283690853566e-06 -0.001781192842217514 -0.0005
0.01984126984125566 -0.001812678250963453 -0.0005
-0.01978954838362854 0.001740194694341362 -0.0005
0.0166666666666443 -0.001812678250963095 -0.0005
-0.0166666666666443 0.001812678250963095 -0.0005
0.01111111111107428 -0.00181267825096317 -0.0005
-0.01122702224707734 0.001810791293122097 -0.0005
-0.001587301587238925 0.001812678250963108 -0.0005
0.003980704057712879 -0.001795878403926337 -0.0005
-0.003968253968197602 0.001812678250963114 -0.0005
0.006355585185240266 -0.001794014228986226 -0.0005
-0.006349206349156363 0.00181267825096303 -0.0005
0.008742570282222259 -0.001810543482120028 -0.0005
-0.00873015873011518 0.001812678250963739 -0.0005
0.01428571428568535 -0.001812678250963733 -0.0005
-0.01428571428568535 0.001812678250963733 -0.0005
0.02222561255928038 -0.001815191636412155 -0.0005
-0.02232198588608823 0.001828165453136599 -0.0005
0.001596248509885894 -0.001777624757572877 -0.0005
6.604439268914354e-14 0.001812678250965792 -0.0005
0.01826608028581302 -0.001815008368508566 -0.0005
-0.01825396825395012 0.001812678250963733 -0.0005
0.01269841269837962 -0.001812678250963681 -0.0005
-0.01281432006504898 0.001814528735165281 -0.0005
-0.01983481821386212 -0.001752779201038027 -0.0005
0.01984540447262107 0.001831941414558207 -0.0005
-0.01666026145177707 -0.001758262890565813 -0.0005
0.01667284513175685 0.001840667002860751 -0.0005
-0.01110212806237473 -0.001743478853288903 -0.0005
0.01111111111114523 0.001812678250966687 -0.0005
0.0230145338253008 0.001841419727594521 -0.0005
-0.02299872236376203 -0.001826651829242778 -0.0005
-0.02387545902860281 0.001896994806669206 -0.0005
0.02376740741786882 -0.001794818528764622 -0.0005
0.02426744196004652 0.001375046892126576 -0.0005
-0.02438141042586674 -0.001428571428568929 -0.0005
0.02300691306784152 -0.001814275721915518 -0.0005
0.02261759927622795 -0.001137038423242239 -0.0005
0.02183786290884259 -0.001133310408577334 -0.0005
0.02223160794387988 -0.0004587442473474422 -0.0005
0.0214512116941574 -0.0004538118480170831 -0.0005
0.02184704585379922 0.000220234630966578 -0.0005
0.02106313306084526 0.0002270571892844136 -0.0005
0.0226260620545809 0.0002151277886854735 -0.0005
0.02066666760830541 -0.0004495908487340532 -0.0005
0.02027597522845647 0.0002334131284049287 -0.0005
0.01987770163863671 -0.0004466188153694752 -0.0005
0.01948576065840218 0.0002388810967360734 -0.0005
0.01908624698874903 -0.00044235979448872 -0.0005
0.01869385856496686 0.0002440168650815544 -0.0005
0.01829380895074933 -0.0004385370577689009 -0.0005
0.0179011111804004 0.0002486823389606864 -0.0005
0.01750079324948715 -0.0004343514361480395 -0.0005
0.01710795479540927 0.0002532053222838869 -0.0005
0.01670747044023756 -0.0004306887345235091 -0.0005
0.01631454924382883 0.0002575687070550251 -0.0005
0.01591399324657935 -0.0004264483541672052 -0.0005
0.01552103579482407 0.0002619730796877441 -0.0005
0.01512043405369319 -0.0004228060388930455 -0.0005
0.01472745739540167 0.0002662739079691738 -0.0005
0.01432683649216993 -0.0004185500480184019 -0.0005
0.01393385072935143 0.0002706504233383931 -0.0005
0.01353321648901288 -0.000414449104777559 -0.0005
0.01314022590587239 0.0002750090986171838 -0.0005
0.01273957801521585 -0.0004117391249565381 -0.0005
0.01234659261942147 0.0002791324182185459 -0.0005
0.01194594238736528 -0.0004076579758970101 -0.0005
0.01155299970277378 0.0002910922907855736 -0.0005
0.01115230505602309 -0.0004034848970135967 -0.0005
0.01075936972060916 0.0002967250538083302 -0.0005
0.01035866867512345 -0.0003989073590446138 -0.0005
0.009965690858548032 0.0002937223301786469 -0.0005
0.009564978959949746 -0.0004038122449354345 -0.0005
0.009172037278274746 0.0002953480446124385 -0.0005
0.008771329531881623 -0.0004014153257028738 -0.0005
0.008378394546070806 0.0002989620634187092 -0.0005
0.007977750854852327 -0.0003862748685494978 -0.0005
0.007584770151594049 0.0003058917232148607 -0.0005
0.007184141025036419 -0.0003767185050506021 -0.0005
0.006791133988191586 0.000310722572296663 -0.0005
0.006390507700323312 -0.0003713771157308724 -0.0005
0.005997496745445873 0.0003153614816796895 -0.0005
0.005596853945995094 -0.0003697047047872833 -0.0005
0.005203855909578984 0.0003193569008739307 -0.0005
0.004803164117328874 -0.000374514981407617 -0.0005
0.004410208460319657 0.000322164623418299 -0.0005
0.004009515564963536 -0.0003719052111757484 -0.0005
0.003616566787075311 0.0003260110700031536 -0.0005
0.00321592324645669 -0.0003591872018848431 -0.0005
0.002822939165496504 0.0003323835339201837 -0.0005
0.002422309175698597 -0.0003503788906301568 -0.0005
0.002029302148941018 0.0003370674954082933 -0.0005
0.001628674986824554 -0.0003451866482286879 -0.0005
0.001235665282955299 0.0003417785676146218 -0.0005
0.0008350225432174408 -0.0003432756009951101 -0.0005
0.0004420174667444271 0.0003445213911109682 -0.0005
4.13092158750171e-05 -0.0003523082336227754 -0.0005
-0.000351635065016951 0.0003464166200286022 -0.0005
-0.000752344101822598 -0.0003505542705036886 -0.0005
-0.001145282772772999 0.0003491789592370562 -0.0005
-0.001545915671042587 -0.0003341062148987884 -0.0005
-0.001938911660132232 0.0003553242221310362 -0.0005
-0.00233954142167214 -0.0003273971314006858 -0.0005
-0.002732534792531184 0.0003625039270346493 -0.0005
-0.003133175243379085 -0.000322138802916314 -0.0005
-0.003526188202210337 0.0003642413662955239 -0.0005
-0.00392681545648146 -0.0003180293112072775 -0.0005
-0.004319818498438075 0.0003701333919295 -0.0005
-0.004720452882575164 -0.0003134188612314637 -0.0005
-0.005113468642101856 0.000372457890167496 -0.0005
-0.00551409315207368 -0.000309319506110161 -0.0005
-0.005907113788264582 0.0003756806769667521 -0.0005
-0.006307733062556256 -0.0003051556187043224 -0.0005
-0.006700722975001508 0.0003853670819927998 -0.0005
-0.007101470453080407 -0.0003185135285965539 -0.0005
-0.007494405945811036 0.0003817909817529934 -0.0005
-0.007895132854508623 -0.000318392333199498 -0.0005
-0.00828806025760632 0.0003833662687319694 -0.0005
-0.008688616656743479 -0.00028616837278429 -0.0005
-0.009081656932446032 0.0003953016564896734 -0.0005
-0.009470473800593718 -0.0002923772162410114 -0.0005
-0.009873345801222453 0.0003954444832162374 -0.0005
-0.01026188160196395 -0.0003008325491604454 -0.0005
-0.01066629200195339 0.0003962091003393336 -0.0005
-0.01106678155372147 -0.0002826585394694484 -0.0005
-0.01146169203524077 0.0004023090685607979 -0.0005
-0.01186259055910159 -0.0002756693460649303 -0.0005
-0.01225599030145331 0.0004066399002839192 -0.0005
-0.01265670077890634 -0.0002708391447912103 -0.0005
-0.01304981739032883 0.0004111102695358338 -0.0005
-0.01345044933822567 -0.0002663455192844916 -0.0005
-0.01384351009560173 0.0004147528294482549 -0.0005
-0.0142350575258652 -0.000290908359847222 -0.0005
-0.01463674200184269 0.0004232357747328513 -0.0005
-0.01501182246876931 -0.0003107793264713526 -0.0005
-0.0154291674053311 0.0004269827359134697 -0.0005
-0.01581150423203928 -0.0002816607284078356 -0.0005
-0.01622086124600981 0.000422482416037257 -0.0005
-0.01662117729253684 -0.0002635936792999302 -0.0005
-0.01701684807074526 0.0004276870679950086 -0.0005
-0.01741787961461513 -0.0002567715320365715 -0.0005
-0.01781139303648907 0.0004318381718510623 -0.0005
-0.01821218124162981 -0.0002522515827187234 -0.0005
-0.01860529314315499 0.0004362268777991806 -0.0005
-0.01900597387178275 -0.0002478232764219766 -0.0005
-0.01939900537832688 0.0004398422213901792 -0.0005
-0.01979947756168618 -0.0002435372268049965 -0.0005
-0.02019283328488395 0.0004434346369265748 -0.0005
-0.02059238985122258 -0.0002387555476849283 -0.0005
-0.02098506127708544 0.0004608692389558476 -0.0005
-0.02138334369637439 -0.0002210546492670136 -0.0005
-0.02177384762897098 0.000454556432712622 -0.0005
-0.0221710433269917 -0.0002133310144893179 -0.0005
-0.02255783648030852 0.0004540795885538606 -0.0005
-0.02294339246440634 -0.0002126885552982336 -0.0005
-0.01385164924827957 -0.00101591210904939 -0.0005
-0.008324238193565139 -0.0009889867050135576 -0.0005
-0.005918600740665921 -0.001016566244822591 -0.0005
-0.003537078716740837 -0.001013371581586902 -0.0005
-0.001172782931827926 -0.001044008777003823 -0.0005
0.002804076805987487 -0.001050738689799466 -0.0005
0.005184933728990232 -0.001088789330168366 -0.0005
0.007565933363114043 -0.001072136622315198 -0.0005
0.009949976880750229 -0.001106484920043096 -0.0005
0.01551342249971107 -0.001112791410961121 -0.0005
-0.02329999993345088 0.0004318771486775905 -0.0005
0.02224432379438053 0.0008926305473446142 -0.0005
0.01354060437874361 0.0009130135389312563 -0.0005
0.008016970123127722 0.00102749277761279 -0.0005
0.005635686191758226 0.001039304222817645 -0.0005
0.003254413875490548 0.001049952253801776 -0.0005
0.02067556257776301 0.0009126964333632914 -0.0005
0.0008426666451864766 0.001030732885991856 -0.0005
-0.003125525913686087 0.001052809364307227 -0.0005
0.01909441314503043 0.000927233274661611 -0.0005
-0.005506441449108789 0.001066055251197895 -0.0005
0.01750859140477817 0.0009375287894377368 -0.0005
-0.007887356984534983 0.001079301138084107 -0.0005
0.01592167313866194 0.000946718718365293 -0.0005
-0.01015298052048654 0.001093901870356289 -0.0005
0.01195360225601105 0.0009689152068584876 -0.0005
0.01036632786444756 0.0009777484293968495 -0.0005
-0.02137751165247995 0.001147617455562739 -0.0005
-0.01582374210262414 0.00112345409437108 -0.0005
-0.0007446103782993786 0.001039563477380809 -0.0005
-0.01176017483544411 0.001098619452077058 -0.0005
-0.01334765011033211 0.001104210151893052 -0.0005
-0.02269574978382198 -0.001037539474835935 -0.0005
-0.02332666502515304 -0.0007946426009204707 -0.0005
-0.02285228678892241 0.001126286680315808 -0.0005
-0.0174110191262423 0.001132284685628571 -0.0005
-0.0190089773753508 0.001189185908822104 -0.0005
-0.02100166901264082 -0.0009453165731003859 -0.0005
0.02302414037993105 0.0008864409575190014 -0.0005
0.02336101935480744 0.0002295461149600777 -0.0005
-0.01941687189706771 -0.0009733193012258456 -0.0005
-0.01782952901522648 -0.0009805811742313252 -0.0005
-0.01622564311658382 -0.0009832021747633523 -0.0005
-0.01227292693885283 -0.000979306573526141 -0.0005
-0.01067181432919293 -0.001007760096384396 -0.0005
0.000424226068102917 -0.001070658564040227 -0.0005
0.0237415267048567 0.0008154132889359914 -0.0005
0.01154122572036816 -0.001096977482831323 -0.0005
0.0131296708481673 -0.001102355200853184 -0.0005
0.02339105161776293 -0.001135504360594342 -0.0005
0.02413118538376107 -0.001127260758089899 -0.0005
0.02381662932893036 -0.0003932011243008332 -0.0005
0.01708934909402601 -0.001120873669747675 -0.0005
0.01867779181609085 -0.001126024233286119 -0.0005
0.02143761826496106 -0.001813534133194328 -0.0005
0.02064639038601137 -0.001812538853705472 -0.0005
-0.02222303243692467 -0.001744845336001572 -0.0005
0.02222956994513352 0.001856055954415419 -0.0005
0.02300732826269824 -0.0004466357086398843 -0.0005
-0.02181513947844684 -0.0009785346273619732 -0.0005
-0.02062040149568383 -0.001729655026398427 -0.0005
-0.02021093800536054 -0.0009805604793754349 -0.0005
-0.01903462476799796 -0.001743497294925012 -0.0005
-0.01862445672864447 -0.0009921888661954912 -0.0005
-0.01744732672313634 -0.001746840864268949 -0.0005
-0.01703363620231261 -0.0009982087191943237 -0.0005
-0.01583682264140502 -0.00176306938050649 -0.0005
-0.01541976862978088 -0.00103874090796939 -0.0005
-0.02050525596613373 0.001225051116410658 -0.0005
0.01430188612006132 0.0009292864892514772 -0.0005
0.01394151117268784 0.001645166146316593 -0.0005
0.008750607135864404 0.0009727506422018265 -0.0005
0.008386056150424885 0.00167609850225336 -0.0005
0.008359686275441524 -0.001104630023801778 -0.0005
0.006369176347049419 0.0009863763440088611 -0.0005
0.0060051407165708 0.001689344554875942 -0.0005
0.005981267604674058 -0.001074646598443223 -0.0005
0.003987756896788788 0.000998204906769607 -0.0005
0.00362422519324611 0.001702590461463211 -0.0005
0.00359785019383961 -0.001082274615843294 -0.0005
0.001686156358037054 0.001042338067517576 -0.0005
0.00793932860657102 -0.001806106986384058 -0.0005
0.007151547704054149 -0.001772437195113802 -0.0005
0.009155477749511131 -0.001119874673838608 -0.0005
0.01507936507933723 -0.00181267825096317 -0.0005
-0.01507936507933723 0.00181267825096317 -0.0005
-0.009548981216851764 0.001809801555107991 -0.0005
0.01349206349203341 -0.001812678250963112 -0.0005
0.01233569278888303 -0.00110565809308621 -0.0005
0.0008071396792241755 -0.001777147377195115 -0.0005
-0.0003797666029746689 -0.00105718672146523 -0.0005
-0.0007898265050013229 -0.001766757933623312 -0.0005
-0.007142857142808889 0.001812678250963136 -0.0005
0.01032035097830204 -0.001811840748989913 -0.0005
0.01191049274654615 -0.001808590034302101 -0.0005
0.01074254904956748 -0.001105015000124153 -0.0005
-0.002748104303352318 -0.001026435472830226 -0.0005
-0.005128041541503603 -0.001036541079543692 -0.0005
-0.01148016722467288 -0.0009945943707848832 -0.0005
-0.01028936313285791 -0.001763857684756985 -0.0005
-0.009882892506039269 -0.001006624874385227 -0.0005
-0.006708370491360176 -0.0009892551433028909 -0.0005
-0.006329436168606182 -0.00174315405020954 -0.0005
-0.007511871767090916 -0.001068771600286312 -0.0005
-0.007936765817301766 -0.001741201282682708 -0.0005
-0.01306826967310429 -0.001013170597356293 -0.0005
-0.01189176237962642 -0.001741886964019958 -0.0005
0.004765195604540516 -0.001809404285986724 -0.0005
0.005559488979712779 -0.001806044683229061 -0.0005
0.004393670383270176 -0.001091736985482474 -0.0005
-0.004761904761850046 0.001812678250963238 -0.0005
0.003177430587612681 -0.001802553599490673 -0.0005
0.002389962985431887 -0.001757831302302828 -0.0005
-0.002331887401881319 0.001048394068676077 -0.0005
-0.00433234151018231 -0.001028733235539738 -0.0005
-0.003950755482394408 -0.001749093584343255 -0.0005
0.02064085114123494 0.001841669125327932 -0.0005
0.0190541238541285 0.001842277988099369 -0.0005
-0.01427849832178775 -0.001806008056771701 -0.0005
-0.01347806207827064 -0.001761505458282868 -0.0005
0.01187867414952481 0.00175012669529864 -0.0005
0.01031746031749669 0.001812678250966688 -0.0005
0.0112388826016355 0.001017073499551659 -0.0005
0.01746710768989404 0.001843308116973711 -0.0005
0.01588168448192653 0.001855315578250073 -0.0005
0.00121884241424554 -0.001055936354899713 -0.0005
-0.00195129687941061 -0.001021897147100757 -0.0005
0.004801186923818236 0.001139263390560261 -0.0005
0.007182929596249235 0.001130470080177015 -0.0005
0.0139231781291457 -0.001105910371720199 -0.0005
0.009587963516945259 0.001108927324795196 -0.0005
0.01274723546626711 0.0009644970201331849 -0.0005
0.0150990725327959 0.0009976540477290997 -0.0005
0.01671513276075111 0.0009422081998555269 -0.0005
0.01830150446043942 0.0009327176707888333 -0.0005
0.002490412406298896 0.001061526576109029 -0.0005
0.01471680061949558 -0.001108712887928699 -0.0005
0.01988499878634906 0.0009211531439464993 -0.0005
0.0214614371892742 0.0009010887605032589 -0.0005
0.001554870362428422 0.001806936755470717 -0.0005
0.01587624392901251 -0.001814377745604358 -0.0005
0.0007936507937156122 0.001818136916244424 -0.0005
0.01630064202713934 -0.001115477947295167 -0.0005
0.02105164617352143 -0.001130840014495164 -0.0005
4.898459261707753e-05 0.001027321820577468 -0.0005
0.01747276051137037 -0.001810685509936223 -0.0005
-0.02439223853481108 -0.0006929396647709861 -0.0005
-0.0244071967359972 0.0007165077046807394 -0.0005
0.01788343065125612 -0.00112424671256592 -0.0005
-0.0008238303876794221 0.001812419666833169 -0.0005
-0.003160256563321318 -0.001762505937709926 -0.0005
0.01905992392680856 -0.00181231339589496 -0.0005
0.02026047319503607 -0.001128739384313206 -0.0005
-0.005538316300522359 -0.001759149107831949 -0.0005
-0.001509767808319823 0.001041353867984447 -0.0005
0.01947307732109655 -0.00112422706841487 -0.0005
-0.00874562682736606 -0.001668776004618982 -0.0005
-0.002380952380891631 0.001827607887812473 -0.0005
-0.00157748400318101 -0.001769799807537844 -0.0005
0.00201001914634566 -0.001056282773905621 -0.0005
-0.003204781288127272 0.001819165613709325 -0.0005
0.006771497097073706 -0.001076888377606654 -0.0005
-0.003919273882237537 0.001037550079595969 -0.0005
0.009535999156387035 -0.00180812397083194 -0.0005
-0.004683059897198483 0.001049744620791438 -0.0005
-0.005585732190765199 0.001824622354212081 -0.0005
-0.02373738819800078 -0.0002832399123689124 -0.0005
-0.006300229034024854 0.001043675023022033 -0.0005
-0.02380666787641996 -0.001826169933187289 -0.0005
0.023797352910958 0.001925903834050055 -0.0005
-0.007064010129619708 0.001056179135107646 -0.0005
-0.00797875315932808 0.001825338344422635 -0.0005
-0.008681184237652432 0.001049790648458977 -0.0005
-0.009427416859512042 0.001066766093886059 -0.0005
-0.01043767401897429 0.001795065235088193 -0.0005
-0.02439636735190859 0.00142857142857364 -0.0005
-0.02371539394527132 0.001102153429188041 -0.0005
-0.01095097260986274 0.001099482669923961 -0.0005
-0.01463986768181869 -0.001039634333241584 -0.0005
-0.01204341399776707 0.001797316901627104 -0.0005
-0.01254522778339573 0.001105404235097041 -0.0005
-0.01355296290379591 0.001829433183997773 -0.0005
-0.01423674658940277 0.001064022702856762 -0.0005
-0.01500042333329086 0.001077623974760212 -0.0005
-0.02313281194677001 0.001825600061551609 -0.0005
-0.01586316111891752 0.001949762119259468 -0.0005
-0.01662782744245317 0.0009837173029990022 -0.0005
-0.01745045779348614 0.001951528237511079 -0.0005
-0.02212212809237923 0.001119587888631089 -0.0005
-0.00910445514625113 -0.001000695463282555 -0.0005
-0.01821813018703746 0.00100044277901293 -0.0005
-0.01902954642162708 0.001948411770825439 -0.0005
-0.02098594481894354 0.001744224626881042 -0.0005
-0.01977912407766478 0.001007541715578175 -0.0005
0.02439792920114088 0.0006594892542226156 -0.0005
0.02447649440729644 -0.0005904161596483384 -0.0005
0.01334777809041632 0.001942272474674501 -0.0005
0.02440224993134872 -0.001688291046872868 -0.0005
0.007774221524732948 0.001836933758903437 -0.0005
0.005392102820042498 0.001840432344046243 -0.0005
0.00301142308986186 0.001869209613027748 -0.0005
-0.0238724212960801 -0.001073085200186147 -0.0005
-0.02159763920694431 0.001910289578323129 -0.0005
0.02341380868554769 0.001365062220868384 -0.0005
-0.02391319644307109 0.0003571428571484966 -0.0005
0.02263068782204438 0.001364869243620544 -0.0005
0.01454028100833083 0.001497716315406412 -0.0005
-0.02446807613415241 -0.001992747732831671 -0.0005
0.02446447156348356 0.001999147480214588 -0.0005
0.00905324672811075 0.001603494043540364 -0.0005
0.02184551109249834 0.001365019413026694 -0.0005
-0.02446925998966574 0.001994063127848276 -0.0005
0.00664249992158438 0.00159651225398128 -0.0005
0.004260146827345098 0.001605718289151699 -0.0005
-0.02045129822367808 0.001939523986812012 -0.0005
0.02105672176028191 0.001366394292579633 -0.0005
0.02394721613884209 0.0003004864062100852 -0.0005
0.02026608498343465 0.001370435625786631 -0.0005
0.0194743153330783 0.001373905919205447 -0.0005
0.01868171122985645 0.0013768569162105 -0.0005
0.01788859203006219 0.001379567036010078 -0.0005
0.01709550268949266 0.001383352164636199 -0.0005
0.016302338558907 0.001387860295276942 -0.0005
0.01552719315085294 0.001358900107693811 -0.0005
-0.02335819591229286 -0.001343295532044031 -0.0005
0.01313513648140788 0.001390414434633526 -0.0005
0.01442528833657343 0.001992793196628322 -0.0005
0.01235264886984446 0.001367279714792101 -0.0005
-0.007142857142902539 -0.0025 0
-0.005555555555606679 -0.0025 9.86623976961809e-18
-0.006349206349254621 -0.0025 1.192622389734055e-18
-0.004761904761958285 -0.0025 -1.322726650432315e-17
-6.600969770786946e-14 -0.0025 0
-0.02063492063493091 -0.0025 0
-0.01825396825398229 -0.0025 0
-0.02142857142857995 -0.0025 0
-0.008730158730199621 -0.0025 -4.011548038196366e-18
-0.003174603174661235 -0.0025 1.084202172485504e-19
-0.02222222222222877 -0.0025 -4.336808689942018e-19
-0.01666666666668497 -0.0025 -1.409462824231156e-18
-0.0150793650793879 -0.0025 1.084202172485504e-19
-0.01587301587303644 -0.0025 -1.084202172485504e-19
-0.01349206349209083 -0.0025 0
-0.01111111111114524 -0.0025 -8.673617379884035e-19
-0.02301587301587731 -0.0025 0
-0.01428571428573937 -0.0025 1.084202172485504e-19
-0.007936507936551079 -0.0025 0
-0.003968253968309764 -0.0025 -7.589415207398531e-19
-0.0126984126984423 -0.0025 -5.421010862427522e-19
-0.01190476190479377 -0.0025 -6.505213034913027e-19
-0.01746031746033362 -0.0025 -7.589415207398531e-19
-0.0007936507937151074 -0.0025 0
-0.02380952380952584 -0.0025 -2.168404344971009e-19
-0.01031746031749669 -0.0025 0
-0.009523809523848157 -0.0025 -1.951563910473908e-18
-0.002380952381012682 -0.0025 0
-0.001587301587364094 -0.0025 0
-0.01904761904763167 -0.0025 -1.084202172485504e-19
-0.01984126984128113 -0.0025 -2.168404344971009e-19
0.0007936507935858879 -0.0025 6.505213034913027e-19
0.02222222222221495 -0.0025 0
0.01825396825395011 -0.0025 0
0.008730158730115178 -0.0025 -1.192622389734055e-18
0.02380952380952038 -0.0025 0
0.01428571428568533 -0.0025 -1.084202172485504e-19
0.01984126984125574 -0.0025 3.686287386450715e-18
0.007142857142809586 -0.0025 0
0.01269841270115043 -0.0025 1.084202172485504e-19
0.02301587301586766 -0.0025 1.084202172485504e-19
0.01587301587371231 -0.0025 0
0.01904761904760299 -0.0025 1.301042606982605e-18
0.007936507936462292 -0.0025 1.626303258728257e-18
0.01111111111107439 -0.0025 0
0.01507936507972902 -0.0025 0
0.01190476190090498 -0.0025 1.084202172485504e-19
0.01349206349203235 -0.0025 0
0.0103174603167784 -0.0025 0
0.009523809523741121 -0.0025 -3.252606517456513e-19
0.01666666666664423 -0.0025 0
0.004761904761850601 -0.0025 8.673617379884035e-19
0.01746031746039656 -0.0025 0
0.003174603174544662 -0.0025 0
0.02063492063490892 -0.0025 0
0.02142857142856162 -0.0025 0
0.00634920634915638 -0.0025 6.179952383167375e-18
0.003968253968197631 -0.0025 4.336808689942018e-19
0.002380952380891636 -0.0025 -4.336808689942018e-19
0.005555555555503622 -0.0025 1.734723475976807e-18
0.001587301587238948 -0.0025 -1.084202172485504e-19
-0.02444567460426775 -0.0025 4.336808689942018e-19
0.02444567460426689 -0.0025 0
0.025 -5.645223871697524e-15 0
0.025 -0.001440686501602409 2.024208708636954e-13
0.025 -0.0007163646439896437 6.532112090812392e-14
0.025 0.0007142857142811228 0
0.025 0.001440686500670042 2.562544360734664e-14
0.025 0.002142857142856395 0.0002499999999993597
0.025 0.002142857142856394 -0.0002500000000006405
0.025 -0.002142857142857757 0.0002499999999993596
0.025 -0.002142857142857757 -0.0002500000000006404
0.007142857142902539 0.0025 0
0.005555555555606679 0.0025 9.86623976961809e-18
0.006349206349254621 0.0025 1.192622389734055e-18
0.004761904761958285 0.0025 -1.322726650432315e-17
6.600969770786946e-14 0.0025 0
0.02063492063493091 0.0025 0
0.01825396825398229 0.0025 0
0.02142857142857995 0.0025 1.084202172485504e-19
0.008730158730199621 0.0025 -4.011548038196366e-18
0.003174603174661235 0.0025 1.084202172485504e-19
0.01666666666668497 0.0025 -1.409462824231156e-18
0.0150793650793879 0.0025 0
0.01587301587303644 0.0025 -2.168404344971009e-19
0.01349206349209083 0.0025 -1.084202172485504e-19
0.01111111111114524 0.0025 -8.673617379884035e-19
0.02301587301587731 0.0025 1.084202172485504e-19
0.01428571428573937 0.0025 0
0.007936507936551079 0.0025 0
0.003968253968309764 0.0025 -7.589415207398531e-19
0.0126984126984423 0.0025 -5.421010862427522e-19
0.01190476190479377 0.0025 -6.505213034913027e-19
0.02222222222222877 0.0025 -3.252606517456513e-19
0.01746031746033362 0.0025 -7.589415207398531e-19
0.0007936507937151074 0.0025 0
0.02380952380952584 0.0025 -3.252606517456513e-19
0.01031746031749669 0.0025 0
0.009523809523848157 0.0025 -1.951563910473908e-18
0.002380952381012682 0.0025 0
0.001587301587364094 0.0025 0
0.01904761904763167 0.0025 1.084202172485504e-19
0.01984126984128113 0.0025 0
-0.0007936507935858879 0.0025 6.505213034913027e-19
-0.02222222222201591 0.0025 1.084202172485504e-19
-0.01825396825395011 0.0025 4.119968255444917e-18
-0.008730158730115178 0.0025 -1.192622389734055e-18
-0.02380952380952037 0.0025 0
-0.01428571428568535 0.0025 -1.084202172485504e-19
-0.01984126984125575 0.0025 0
-0.007142857142809586 0.0025 0
-0.01269841269837962 0.0025 0
-0.02301587301567358 0.0025 1.084202172485504e-19
-0.01587301587299095 0.0025 0
-0.01904761904760299 0.0025 0
-0.007936507936462292 0.0025 1.626303258728257e-18
-0.01111111111354261 0.0025 0
-0.01507936507933839 0.0025 0
-0.01190476190519708 0.0025 -1.084202172485504e-19
-0.01349206349203247 0.0025 0
-0.01031746031910401 0.0025 0
-0.009523809523768259 0.0025 0
-0.01666666666664423 0.0025 2.927345865710862e-18
-0.004761904761850601 0.0025 5.421010862427522e-19
-0.01746031746029703 0.0025 7.589415207398531e-19
-0.003174603174544662 0.0025 1.951563910473908e-18
-0.02063492063670905 0.0025 1.084202172485504e-19
-0.02142857142917248 0.0025 1.084202172485504e-19
-0.00634920634915638 0.0025 6.179952383167375e-18
-0.003968253968197631 0.0025 1.192622389734055e-18
-0.002380952380891636 0.0025 -4.336808689942018e-19
-0.005555555555503622 0.0025 1.734723475976807e-18
-0.001587301587238948 0.0025 -1.084202172485504e-19
0.02444567460426775 0.0025 4.336808689942018e-19
-0.02444567460426689 0.0025 -1.626303258728257e-18
-0.025 5.645223871697524e-15 0
-0.025 0.001440686501602409 2.024208708636954e-13
-0.025 0.0007163646439896437 6.532112090812392e-14
-0.025 -0.0007142857142811232 3.252606517456513e-19
-0.025 -0.001440686500670042 2.562544360734664e-14
-0.025 -0.002142857142856395 0.0002499999999993597
-0.025 -0.002142857142856394 -0.0002500000000006405
-0.025 0.002142857142857757 0.0002499999999993596
-0.025 0.002142857142857757 -0.0002500000000006404
-0.02438141042586934 5.644791222386241e-15 0.0005
0.02443465732379076 -3.04748727072545e-06 0.0005
-0.02141599861392746 -0.001709120716477702 0.0005
0.02143209844218251 0.001831930148797924 0.0005
-0.01824755957816211 -0.001755660567650095 0.0005
0.0182583289328053 0.001832304750278531 0.0005
-0.01504240989642948 -0.001775457239340452 0.0005
0.01507322093036971 0.001821083521418608 0.0005
-0.01268582824227069 -0.001733941986519816 0.0005
0.01269056684815452 0.001907647893136227 0.0005
0.007142857142902548 0.001812678250967206 0.0005
-0.00714004062440453 -0.001788807702106374 0.0005
-0.009514882893199114 -0.001761239606652261 0.0005
0.009566126161453942 0.001853805316887675 0.0005
0.004761904761958295 0.001812678250966757 0.0005
-0.004742708241144953 -0.001758633272415872 0.0005
-0.002376394528117905 -0.001786134987499174 0.0005
0.002279205790238915 0.001799782585706395 0.0005
7.047283690853566e-06 -0.001781192842217514 0.0005
0.01984126984125566 -0.001812678250963453 0.0005
-0.01978954838362857 0.001740194694341294 0.0005
0.0166666666666443 -0.001812678250963095 0.0005
-0.0166666666666443 0.001812678250963095 0.0005
0.01111111111107428 -0.00181267825096317 0.0005
-0.01122702224707734 0.001810791293122097 0.0005
-0.001587301587238925 0.001812678250963108 0.0005
0.003980704057712879 -0.001795878403926337 0.0005
-0.003968253968197602 0.001812678250963114 0.0005
0.006355585185240266 -0.001794014228986226 0.0005
-0.006349206349156363 0.00181267825096303 0.0005
0.008742570282222259 -0.001810543482120028 0.0005
-0.00873015873011518 0.001812678250963739 0.0005
0.01428571428568535 -0.001812678250963733 0.0005
-0.01428571428568535 0.001812678250963733 0.0005
0.02222561255928038 -0.001815191636412155 0.0005
-0.02232198588608827 0.0018281654531365 0.0005
0.001596248509885894 -0.001777624757572877 0.0005
6.604439268914354e-14 0.001812678250965792 0.0005
0.01826608028581302 -0.001815008368508566 0.0005
-0.01825396825395012 0.001812678250963733 0.0005
0.01269841269837962 -0.001812678250963681 0.0005
-0.01281432006504898 0.001814528735165282 0.0005
-0.01983481821386212 -0.001752779201038089 0.0005
0.01984540447262107 0.001831941414558207 0.0005
-0.01666026145177706 -0.001758262890565839 0.0005
0.01667284513175685 0.001840667002860751 0.0005
-0.01110212806237483 -0.001743478853288903 0.0005
0.01111111111114523 0.001812678250966687 0.0005
0.0230145338253008 0.001841419727594521 0.0005
-0.02299872236376199 -0.001826651829242897 0.0005
-0.02387545902860281 0.001896994806669166 0.0005
0.02376740741786882 -0.001794818528764622 0.0005
0.02426744196004652 0.001375046892126576 0.0005
-0.02438141042586674 -0.001428571428568929 0.0005
0.02300691306784152 -0.001814275721915518 0.0005
0.02261759927622795 -0.001137038423242239 0.0005
0.02183786290884259 -0.001133310408577334 0.0005
0.02223160794387988 -0.0004587442473474422 0.0005
0.0214512116941574 -0.0004538118480170831 0.0005
0.02184704585379922 0.000220234630966578 0.0005
0.02106313306084526 0.0002270571892844136 0.0005
0.0226260620545809 0.0002151277886854735 0.0005
0.02066666760830541 -0.0004495908487340532 0.0005
0.02027597522845647 0.0002334131284049287 0.0005
0.01987770163863671 -0.0004466188153694752 0.0005
0.01948576065840218 0.0002388810967360734 0.0005
0.01908624698874903 -0.00044235979448872 0.0005
0.01869385856496686 0.0002440168650815544 0.0005
0.01829380895074933 -0.0004385370577689009 0.0005
0.0179011111804004 0.0002486823389606864 0.0005
0.01750079324948715 -0.0004343514361480395 0.0005
0.01710795479540927 0.0002532053222838869 0.0005
0.01670747044023756 -0.0004306887345235091 0.0005
0.01631454924382883 0.0002575687070550251 0.0005
0.01591399324657935 -0.0004264483541672052 0.0005
0.01552103579482407 0.0002619730796877441 0.0005
0.01512043405369319 -0.0004228060388930455 0.0005
0.01472745739540167 0.0002662739079691738 0.0005
0.01432683649216993 -0.0004185500480184019 0.0005
0.01393385072935143 0.0002706504233383931 0.0005
0.01353321648901288 -0.000414449104777559 0.0005
0.01314022590587239 0.0002750090986171838 0.0005
0.01273957801521585 -0.0004117391249565381 0.0005
0.01234659261942147 0.0002791324182185459 0.0005
0.01194594238736528 -0.0004076579758970101 0.0005
0.01155299970277378 0.0002910922907855736 0.0005
0.01115230505602309 -0.0004034848970135967 0.0005
0.01075936972060916 0.0002967250538083302 0.0005
0.01035866867512345 -0.0003989073590446138 0.0005
0.009965690858548032 0.0002937223301786469 0.0005
0.009564978959949746 -0.0004038122449354345 0.0005
0.009172037278274746 0.0002953480446124385 0.0005
0.008771329531881623 -0.0004014153257028738 0.0005
0.008378394546070806 0.0002989620634187092 0.0005
0.007977750854852327 -0.0003862748685494978 0.0005
0.007584770151594049 0.0003058917232148607 0.0005
0.007184141025036419 -0.0003767185050506021 0.0005
0.006791133988191586 0.000310722572296663 0.0005
0.006390507700323312 -0.0003713771157308724 0.0005
0.005997496745445873 0.0003153614816796895 0.0005
0.005596853945995094 -0.0003697047047872833 0.0005
0.005203855909578984 0.0003193569008739307 0.0005
0.004803164117328874 -0.000374514981407617 0.0005
0.004410208460319657 0.000322164623418299 0.0005
0.004009515564963536 -0.0003719052111757484 0.0005
0.003616566787075311 0.0003260110700031536 0.0005
0.00321592324645669 -0.0003591872018848431 0.0005
0.002822939165496504 0.0003323835339201837 0.0005
0.002422309175698597 -0.0003503788906301568 0.0005
0.002029302148941018 0.0003370674954082933 0.0005
0.001628674986824554 -0.0003451866482286879 0.0005
0.001235665282955299 0.0003417785676146218 0.0005
0.0008350225432174408 -0.0003432756009951101 0.0005
0.0004420174667444271 0.0003445213911109682 0.0005
4.13092158750171e-05 -0.0003523082336227754 0.0005
-0.000351635065016951 0.0003464166200286022 0.0005
-0.000752344101822598 -0.0003505542705036886 0.0005
-0.001145282772772999 0.0003491789592370562 0.0005
-0.001545915671042587 -0.0003341062148987884 0.0005
-0.001938911660132232 0.0003553242221310362 0.0005
-0.00233954142167214 -0.0003273971314006858 0.0005
-0.002732534792531184 0.0003625039270346493 0.0005
-0.003133175243379085 -0.000322138802916314 0.0005
-0.003526188202210337 0.0003642413662955239 0.0005
-0.00392681545648146 -0.0003180293112072775 0.0005
-0.004319818498438075 0.0003701333919295 0.0005
-0.004720452882575164 -0.0003134188612314637 0.0005
-0.005113468642101856 0.000372457890167496 0.0005
-0.00551409315207368 -0.000309319506110161 0.0005
-0.005907113788264582 0.0003756806769667521 0.0005
-0.006307733062556256 -0.0003051556187043224 0.0005
-0.006700722975001508 0.0003853670819927998 0.0005
-0.007101470453080407 -0.0003185135285965539 0.0005
-0.007494405945811036 0.0003817909817529934 0.0005
-0.007895132854508623 -0.000318392333199498 0.0005
-0.00828806025760632 0.0003833662687319694 0.0005
-0.008688616656743479 -0.00028616837278429 0.0005
-0.009081656932446032 0.0003953016564896734 0.0005
-0.009470473800593718 -0.0002923772162410114 0.0005
-0.009873345801222453 0.0003954444832162374 0.0005
-0.01026188160196395 -0.0003008325491604454 0.0005
-0.01066629200195339 0.0003962091003393336 0.0005
-0.01106678155372161 -0.0002826585394694501 0.0005
-0.01146169203524079 0.0004023090685607993 0.0005
-0.01186259055910177 -0.0002756693460649297 0.0005
-0.01225599030145334 0.0004066399002839219 0.0005
-0.01265670077890651 -0.0002708391447912064 0.0005
-0.01304981739032887 0.0004111102695358332 0.0005
-0.01345044933822585 -0.0002663455192844897 0.0005
-0.01384351009560177 0.0004147528294482531 0.0005
-0.01423505752586524 -0.0002909083598472247 0.0005
-0.01463674200184269 0.0004232357747328488 0.0005
-0.01501182246876932 -0.0003107793264713563 0.0005
-0.0154291674053311 0.0004269827359134662 0.0005
-0.01581150423203928 -0.0002816607284078411 0.0005
-0.0162208612460098 0.0004224824160372521 0.0005
-0.01662117729253684 -0.0002635936792999721 0.0005
-0.01701684807074527 0.0004276870679949787 0.0005
-0.0174178796146151 -0.0002567715320366509 0.0005
-0.01781139303648909 0.0004318381718509991 0.0005
-0.01821218124162978 -0.000252251582718808 0.0005
-0.018605293143155 0.0004362268777990861 0.0005
-0.01900597387178274 -0.0002478232764220876 0.0005
-0.01939900537832689 0.0004398422213900651 0.0005
-0.01979947756168617 -0.000243537226805158 0.0005
-0.02019283328488396 0.0004434346369264282 0.0005
-0.02059238985122256 -0.0002387555476851377 0.0005
-0.02098506127708547 0.0004608692389556368 0.0005
-0.02138334369637436 -0.0002210546492672393 0.0005
-0.02177384762897102 0.0004545564327123599 0.0005
-0.02217104332699165 -0.0002133310144896418 0.0005
-0.02255783648030857 0.0004540795885534874 0.0005
-0.0229433924644063 -0.0002126885552986968 0.0005
-0.01385164924827969 -0.001015912109049389 0.0005
-0.008324238193565139 -0.0009889867050135576 0.0005
-0.005918600740665921 -0.001016566244822591 0.0005
-0.003537078716740837 -0.001013371581586902 0.0005
-0.001172782931827926 -0.001044008777003823 0.0005
0.002804076805987487 -0.001050738689799466 0.0005
0.005184933728990232 -0.001088789330168366 0.0005
0.007565933363114043 -0.001072136622315198 0.0005
0.009949976880750229 -0.001106484920043096 0.0005
0.01551342249971107 -0.001112791410961121 0.0005
-0.02329999993345095 0.0004318771486772777 0.0005
0.02224432379438053 0.0008926305473446142 0.0005
0.01354060437874361 0.0009130135389312563 0.0005
0.008016970123127722 0.00102749277761279 0.0005
0.005635686191758226 0.001039304222817645 0.0005
0.003254413875490548 0.001049952253801776 0.0005
0.02067556257776301 0.0009126964333632914 0.0005
0.0008426666451864766 0.001030732885991856 0.0005
-0.003125525913686087 0.001052809364307227 0.0005
0.01909441314503043 0.000927233274661611 0.0005
-0.005506441449108789 0.001066055251197895 0.0005
0.01750859140477817 0.0009375287894377368 0.0005
-0.007887356984534983 0.001079301138084107 0.0005
0.01592167313866194 0.000946718718365293 0.0005
-0.01015298052048654 0.001093901870356289 0.0005
0.01195360225601105 0.0009689152068584876 0.0005
0.01036632786444756 0.0009777484293968495 0.0005
-0.02137751165248006 0.00114761745556249 0.0005
-0.01582374210262414 0.001123454094371075 0.0005
-0.0007446103782993786 0.001039563477380809 0.0005
-0.01176017483544412 0.001098619452077059 0.0005
-0.01334765011033212 0.001104210151893052 0.0005
-0.02269574978382192 -0.0010375394748362 0.0005
-0.02332666502515303 -0.0007946426009207898 0.0005
-0.02285228678892246 0.001126286680315612 0.0005
-0.0174110191262424 0.001132284685628531 0.0005
-0.01900897737535082 0.001189185908822024 0.0005
-0.02100166901264078 -0.0009453165731005716 0.0005
0.02302414037993105 0.0008864409575190014 0.0005
0.02336101935480744 0.0002295461149600777 0.0005
-0.01941687189706769 -0.0009733193012259803 0.0005
-0.01782952901522645 -0.0009805811742314193 0.0005
-0.0162256431165838 -0.0009832021747633866 0.0005
-0.01227292693885319 -0.0009793065735261345 0.0005
-0.01067181432919311 -0.001007760096384398 0.0005
0.000424226068102917 -0.001070658564040227 0.0005
0.0237415267048567 0.0008154132889359914 0.0005
0.01154122572036816 -0.001096977482831323 0.0005
0.0131296708481673 -0.001102355200853184 0.0005
0.02339105161776293 -0.001135504360594342 0.0005
0.02413118538376107 -0.001127260758089899 0.0005
0.02381662932893036 -0.0003932011243008332 0.0005
0.01708934909402601 -0.001120873669747675 0.0005
0.01867779181609085 -0.001126024233286119 0.0005
0.02143761826496106 -0.001813534133194328 0.0005
0.02064639038601137 -0.001812538853705472 0.0005
-0.02222303243692464 -0.001744845336001667 0.0005
0.02222956994513352 0.001856055954415419 0.0005
0.02300732826269824 -0.0004466357086398843 0.0005
-0.0218151394784468 -0.0009785346273621699 0.0005
-0.02062040149568381 -0.001729655026398531 0.0005
-0.02021093800536052 -0.0009805604793755778 0.0005
-0.01903462476799795 -0.001743497294925063 0.0005
-0.01862445672864445 -0.0009921888661955751 0.0005
-0.01744732672313632 -0.001746840864269006 0.0005
-0.0170336362023126 -0.000998208719194379 0.0005
-0.01583682264140502 -0.001763069380506501 0.0005
-0.01541976862978088 -0.0010387409079694 0.0005
-0.02050525596613379 0.00122505111641053 0.0005
0.01430188612006132 0.0009292864892514772 0.0005
0.01394151117268784 0.001645166146316593 0.0005
0.008750607135864404 0.0009727506422018265 0.0005
0.008386056150424885 0.00167609850225336 0.0005
0.008359686275441524 -0.001104630023801778 0.0005
0.006369176347049419 0.0009863763440088611 0.0005
0.0060051407165708 0.001689344554875942 0.0005
0.005981267604674058 -0.001074646598443223 0.0005
0.003987756896788788 0.000998204906769607 0.0005
0.00362422519324611 0.001702590461463211 0.0005
0.00359785019383961 -0.001082274615843294 0.0005
0.001686156358037054 0.001042338067517576 0.0005
0.00793932860657102 -0.001806106986384058 0.0005
0.007151547704054149 -0.001772437195113802 0.0005
0.009155477749511131 -0.001119874673838608 0.0005
0.01507936507933723 -0.00181267825096317 0.0005
-0.01507936507933723 0.00181267825096317 0.0005
-0.009548981216851764 0.001809801555107991 0.0005
0.01349206349203341 -0.001812678250963112 0.0005
0.01233569278888303 -0.00110565809308621 0.0005
0.0008071396792241755 -0.001777147377195115 0.0005
-0.0003797666029746689 -0.00105718672146523 0.0005
-0.0007898265050013229 -0.001766757933623312 0.0005
-0.007142857142808889 0.001812678250963136 0.0005
0.01032035097830204 -0.001811840748989913 0.0005
0.01191049274654615 -0.001808590034302101 0.0005
0.01074254904956748 -0.001105015000124153 0.0005
-0.002748104303352318 -0.001026435472830226 0.0005
-0.005128041541503603 -0.001036541079543692 0.0005
-0.01148016722467304 -0.0009945943707848799 0.0005
-0.01028936313285797 -0.001763857684756986 0.0005
-0.009882892506039307 -0.001006624874385227 0.0005
-0.006708370491360176 -0.0009892551433028909 0.0005
-0.006329436168606182 -0.00174315405020954 0.0005
-0.007511871767090916 -0.001068771600286312 0.0005
-0.007936765817301766 -0.001741201282682708 0.0005
-0.01306826967310446 -0.00101317059735629 0.0005
-0.01189176237962655 -0.001741886964019955 0.0005
0.004765195604540516 -0.001809404285986724 0.0005
0.005559488979712779 -0.001806044683229061 0.0005
0.004393670383270176 -0.001091736985482474 0.0005
-0.004761904761850046 0.001812678250963238 0.0005
0.003177430587612681 -0.001802553599490673 0.0005
0.002389962985431887 -0.001757831302302828 0.0005
-0.002331887401881319 0.001048394068676077 0.0005
-0.00433234151018231 -0.001028733235539738 0.0005
-0.003950755482394408 -0.001749093584343255 0.0005
0.02064085114123494 0.001841669125327932 0.0005
0.0190541238541285 0.001842277988099369 0.0005
-0.01427849832178776 -0.001806008056771701 0.0005
-0.01347806207827071 -0.001761505458282865 0.0005
0.01187867414952481 0.00175012669529864 0.0005
0.01031746031749669 0.001812678250966688 0.0005
0.0112388826016355 0.001017073499551659 0.0005
0.01746710768989404 0.001843308116973711 0.0005
0.01588168448192653 0.001855315578250073 0.0005
0.00121884241424554 -0.001055936354899713 0.0005
-0.00195129687941061 -0.001021897147100757 0.0005
0.004801186923818236 0.001139263390560261 0.0005
0.007182929596249235 0.001130470080177015 0.0005
0.0139231781291457 -0.001105910371720199 0.0005
0.009587963516945259 0.001108927324795196 0.0005
0.01274723546626711 0.0009644970201331849 0.0005
0.0150990725327959 0.0009976540477290997 0.0005
0.01671513276075111 0.0009422081998555269 0.0005
0.01830150446043942 0.0009327176707888333 0.0005
0.002490412406298896 0.001061526576109029 0.0005
0.01471680061949558 -0.001108712887928699 0.0005
0.01988499878634906 0.0009211531439464993 0.0005
0.0214614371892742 0.0009010887605032589 0.0005
0.001554870362428422 0.001806936755470717 0.0005
0.01587624392901251 -0.001814377745604358 0.0005
0.0007936507937156122 0.001818136916244424 0.0005
0.01630064202713934 -0.001115477947295167 0.0005
0.02105164617352143 -0.001130840014495164 0.0005
4.898459261707753e-05 0.001027321820577468 0.0005
0.01747276051137037 -0.001810685509936223 0.0005
-0.02439223853481109 -0.0006929396647710808 0.0005
-0.02440719673599722 0.0007165077046807394 0.0005
0.01788343065125612 -0.00112424671256592 0.0005
-0.0008238303876794221 0.001812419666833169 0.0005
-0.003160256563321318 -0.001762505937709926 0.0005
0.01905992392680856 -0.00181231339589496 0.0005
0.02026047319503607 -0.001128739384313206 0.0005
-0.005538316300522359 -0.001759149107831949 0.0005
-0.001509767808319823 0.001041353867984447 0.0005
0.01947307732109655 -0.00112422706841487 0.0005
-0.00874562682736606 -0.001668776004618982 0.0005
-0.002380952380891631 0.001827607887812473 0.0005
-0.00157748400318101 -0.001769799807537844 0.0005
0.00201001914634566 -0.001056282773905621 0.0005
-0.003204781288127272 0.001819165613709325 0.0005
0.006771497097073706 -0.001076888377606654 0.0005
-0.003919273882237537 0.001037550079595969 0.0005
0.009535999156387035 -0.00180812397083194 0.0005
-0.004683059897198483 0.001049744620791438 0.0005
-0.005585732190765199 0.001824622354212081 0.0005
-0.0237373881980008 -0.0002832399123690824 0.0005
-0.006300229034024854 0.001043675023022033 0.0005
-0.02380666787641995 -0.001826169933187332 0.0005
0.023797352910958 0.001925903834050055 0.0005
-0.007064010129619708 0.001056179135107646 0.0005
-0.00797875315932808 0.001825338344422635 0.0005
-0.008681184237652432 0.001049790648458977 0.0005
-0.009427416859512042 0.001066766093886059 0.0005
-0.01043767401897429 0.001795065235088193 0.0005
-0.02439636735190859 0.00142857142857364 0.0005
-0.02371539394527133 0.001102153429187984 0.0005
-0.01095097260986274 0.001099482669923962 0.0005
-0.01463986768181872 -0.001039634333241587 0.0005
-0.01204341399776708 0.001797316901627105 0.0005
-0.01254522778339575 0.001105404235097042 0.0005
-0.01355296290379591 0.001829433183997773 0.0005
-0.01423674658940276 0.001064022702856758 0.0005
-0.01500042333329086 0.00107762397476021 0.0005
-0.02313281194677003 0.001825600061551544 0.0005
-0.01586316111891753 0.001949762119259468 0.0005
-0.01662782744245318 0.0009837173029989862 0.0005
-0.01745045779348616 0.001951528237511071 0.0005
-0.02212212809237931 0.001119587888630916 0.0005
-0.009104455146251135 -0.001000695463282555 0.0005
-0.01821813018703749 0.001000442779012875 0.0005
-0.01902954642162709 0.00194841177082541 0.0005
-0.02098594481894361 0.001744224626880961 0.0005
-0.01977912407766481 0.001007541715578068 0.0005
0.02439792920114088 0.0006594892542226156 0.0005
0.02447649440729644 -0.0005904161596483384 0.0005
0.01334777809041632 0.001942272474674501 0.0005
0.02440224993134872 -0.001688291046872868 0.0005
0.007774221524732948 0.001836933758903437 0.0005
0.005392102820042498 0.001840432344046243 0.0005
0.00301142308986186 0.001869209613027748 0.0005
-0.0238724212960801 -0.001073085200186226 0.0005
-0.02159763920694438 0.001910289578323168 0.0005
0.02341380868554769 0.001365062220868384 0.0005
-0.02391319644307118 0.0003571428571484966 0.0005
0.02263068782204438 0.001364869243620544 0.0005
0.01454028100833083 0.001497716315406412 0.0005
-0.02446807613415241 -0.001992747732831671 0.0005
0.02446447156348356 0.001999147480214588 0.0005
0.00905324672811075 0.001603494043540364 0.0005
0.02184551109249834 0.001365019413026694 0.0005
-0.02446925998966574 0.001994063127848276 0.0005
0.00664249992158438 0.00159651225398128 0.0005
0.004260146827345098 0.001605718289151699 0.0005
-0.02045129822367816 0.001939523986811948 0.0005
0.02105672176028191 0.001366394292579633 0.0005
0.02394721613884209 0.0003004864062100852 0.0005
0.02026608498343465 0.001370435625786631 0.0005
0.0194743153330783 0.001373905919205447 0.0005
0.01868171122985645 0.0013768569162105 0.0005
0.01788859203006219 0.001379567036010078 0.0005
0.01709550268949266 0.001383352164636199 0.0005
0.016302338558907 0.001387860295276942 0.0005
0.01552719315085294 0.001358900107693811 0.0005
-0.02335819591229284 -0.001343295532044234 0.0005
0.01313513648140788 0.001390414434633526 0.0005
0.01442528833657343 0.001992793196628322 0.0005
0.01235264886984446 0.001367279714792101 0.0005
-0.01821959638282773 -0.0007555168490015818 6.756784116089225e-06
-0.01026919972103256 -0.0007755323701845347 2.080470240776538e-06
0.01075661714050883 0.0007490878430965393 -1.459913893884377e-05
0.01154508049016821 -0.0006360033519510365 -1.777763730110256e-06
0.01155316627276004 0.0003632420773447699 0
0.01241226950555478 -0.001144919628126974 -1.084202172485504e-19
-0.01114454864187767 -0.000261311656138319 0
0.01066898207898397 -0.001130341864919465 1.084202172485504e-19
-0.009391905881979787 -0.0002883309382901558 0
-0.01909977634735064 -0.0002425283611600611 2.55871712706579e-17
-0.01821577322302007 -0.001754738443546895 -7.24247051220317e-17
-0.01027626056760432 -0.001766667922224559 7.177418381854039e-17
-0.01735805268631414 -0.0002681910240530476 -2.504507018441515e-17
0.009877077784843064 0.0002414548647624367 0
0.01076813038134723 0.001762347811154971 1.084202172485504e-19

CELLS 3352 16760
4 1013 1040 890 495
4 495 890 1013 345
4 888 890 886 345
4 886 343 345 341
4 468 495 1013 345
4 343 888 886 345
4 890 888 1013 345
4 887 341 343 886
4 1140 1013 888 468
4 468 888 345 1013
4 888 595 468 343
4 888 468 345 343
4 886 887 888 343
4 595 1140 888 468
4 887 886 885 341
4 595 888 344 343
4 341 887 343 342
4 344 888 887 343
4 1140 888 889 595
4 887 344 343 342
4 595 888 889 344
4 888 344 887 889
4 473 1140 889 595
4 829 284 623 1148
4 341 885 887 342
4 889 473 595 344
4 473 889 347 344
4 341 886 885 339
4 344 887 891 342
4 342 341 885 340
4 1140 473 889 1018
4 889 887 891 344
4 892 1139 1018 473
4 473 892 1139 347
4 594 473 1139 347
4 594 1139 894 347
4 892 894 1139 347
4 885 1145 887 342
4 889 892 1018 473
4 889 892 473 347
4 347 889 891 344
4 347 894 594 349
4 894 1021 1139 594
4 476 894 351 349
4 894 476 594 349
4 896 351 353 591
4 351 896 1021 591
4 892 894 347 348
4 1145 342 891 887
4 896 1021 894 351
4 353 1136 896 591
4 591 1021 351 476
4 896 1136 1021 591
4 891 344 342 346
4 351 1021 894 476
4 1021 894 476 594
4 896 898 1136 353
4 894 892 893 348
4 885 600 342 340
4 1136 353 478 591
4 349 347 894 348
4 1023 1136 898 353
4 1023 898 900 353
4 355 1135 357 900
4 1135 355 357 590
4 1023 1136 353 478
4 1135 1023 900 355
4 900 902 1135 357
4 478 355 1023 590
4 1135 1023 355 590
4 1023 355 353 900
4 355 1023 353 478
4 892 889 891 347
4 344 891 347 346
4 891 892 347 348
4 891 347 346 348
4 892 891 893 348
4 340 341 885 339
4 893 350 894 348
4 367 482 1027 588
4 600 885 342 1145
4 350 349 894 348
4 351 894 350 349
4 357 355 900 356
4 357 900 902 356
4 346 342 891 600
4 367 1027 1133 588
4 1133 912 1027 367
4 351 895 894 896
4 495 1041 345 496
4 902 357 356 358
4 908 365 363 364
4 884 885 886 339
4 365 367 1133 588
4 1133 910 367 365
4 1133 910 912 367
4 342 1145 891 600
4 901 903 902 358
4 863 340 1056 885
4 351 897 896 353
4 910 908 909 365
4 901 902 900 356
4 897 898 896 353
4 600 885 1056 340
4 364 363 908 362
4 350 893 894 895
4 356 901 902 358
4 899 353 900 898
4 895 351 894 350
4 900 355 353 354
4 365 908 909 364
4 623 658 490 1035
4 340 863 1056 318
4 340 885 863 339
4 896 895 897 351
4 341 515 886 339
4 673 651 1218 285
4 908 907 909 362
4 900 355 354 356
4 1145 885 1056 600
4 364 908 909 362
4 367 910 911 365
4 910 367 911 912
4 348 346 891 609
4 353 351 897 352
4 609 346 891 600
4 1154 893 891 348
4 1040 1041 890 495
4 885 884 863 339
4 495 1041 890 345
4 897 899 898 353
4 895 351 350 352
4 863 340 339 318
4 900 899 901 356
4 511 340 1056 318
4 609 891 1145 600
4 910 909 911 365
4 950 405 406 952
4 353 899 900 354
4 1056 600 340 511
4 1060 345 886 890
4 515 886 345 341
4 351 895 897 352
4 350 893 1157 348
4 909 365 364 366
4 405 407 406 952
4 899 900 354 356
4 912 911 913 367
4 365 911 367 366
4 897 899 353 352
4 352 899 353 354
4 1056 1145 600 512
4 895 893 1157 350
4 515 884 886 339
4 883 863 884 339
4 352 350 895 510
4 883 863 339 318
4 365 909 911 366
4 406 950 952 951
4 897 899 352 605
4 348 891 1154 609
4 1145 1154 891 609
4 899 897 1150 605
4 354 352 899 605
4 366 913 367 368
4 352 895 897 510
4 1218 673 285 508
4 1145 609 600 512
4 1056 600 511 512
4 897 352 510 605
4 913 366 367 911
4 405 406 404 950
4 339 883 318 338
4 1157 350 510 895
4 348 1157 1154 893
4 605 867 510 1150
4 510 1150 897 605
4 1196 1048 881 651
4 1157 350 348 612
4 356 899 901 509
4 1055 897 895 510
4 903 901 1144 358
4 867 605 510 322
4 1055 867 1150 510
4 496 673 1218 508
4 897 1055 1150 510
4 407 409 408 954
4 363 906 908 362
4 1025 1135 357 590
4 1025 1135 902 357
4 356 1144 901 358
4 1149 820 284 829
4 1060 496 345 1041
4 356 354 899 509
4 1057 848 1154 609
4 1150 867 1147 605
4 350 1157 510 612
4 1157 895 510 1055
4 952 408 954 407
4 1011 358 360 903
4 944 946 401 945
4 1145 1056 1057 512
4 404 403 405 950
4 907 908 906 362
4 1153 612 510 1157
4 612 1153 510 608
4 1153 1157 510 1055
4 1011 905 903 360
4 899 1150 1054 605
4 950 406 949 951
4 399 401 400 944
4 1154 1145 1057 609
4 905 907 906 360
4 510 1153 867 608
4 510 1153 1055 867
4 867 510 608 322
4 509 354 899 605
4 605 867 1147 322
4 303 609 848 512
4 1057 848 609 512
4 882 603 337 823
4 360 907 906 362
4 824 882 337 823
4 830 1218 1196 651
4 1154 612 348 609
4 1157 348 1154 612
4 609 1145 1057 512
4 947 402 946 945
4 830 1218 651 285
4 946 402 401 945
4 1147 605 322 602
4 1138 360 907 905
4 829 820 284 1148
4 362 360 907 593
4 1150 1147 1054 605
4 830 1197 508 652
4 886 1060 884 515
4 1060 890 1041 345
4 950 406 404 949
4 944 401 400 945
4 1001 623 490 1035
4 402 946 948 947
4 946 402 948 401
4 1054 901 899 509
4 1131 909 907 362
4 408 406 407 952
4 909 1131 364 362
4 305 509 1147 602
4 612 1154 848 609
4 848 1157 1154 612
4 413 415 414 958
4 509 899 1054 605
4 345 1060 886 515
4 495 1048 1041 503
4 848 612 609 303
4 1147 509 605 602
4 397 942 399 398
4 943 399 944 942
4 402 400 401 945
4 1147 850 509 305
4 1147 850 1054 509
4 612 848 1153 608
4 1157 848 1153 612
4 409 411 410 954
4 603 623 284 1148
4 404 403 950 948
4 951 952 406 953
4 538 530 859 314
4 401 403 402 948
4 948 950 404 949
4 948 404 402 947
4 1041 495 503 496
4 848 612 303 608
4 356 901 1144 509
4 1218 503 651 673
4 509 1054 1147 605
4 411 413 412 958
4 366 364 909 505
4 830 1218 285 508
4 358 356 1144 599
4 400 399 944 943
4 408 952 954 953
4 947 1006 402 945
4 1053 496 1060 1041
4 956 411 412 958
4 958 415 414 960
4 966 420 421 964
4 902 358 359 357
4 403 404 402 948
4 411 954 956 955
4 414 958 960 959
4 404 948 949 947
4 363 361 906 362
4 1050 911 909 366
4 358 902 359 903
4 923 378 376 530
4 906 361 360 362
4 359 903 360 358
4 1040 1048 1041 495
4 923 921 1075 376
4 359 903 905 360
4 413 414 412 958
4 945 400 944 943
4 1071 363 906 908
4 590 357 1025 480
4 903 1144 1011 358
4 859 1083 1075 530
4 508 285 830 652
4 358 1011 360 466
4 409 410 408 954
4 905 1011 1138 360
4 530 1085 859 314
4 376 1075 923 530
4 942 943 399 398
4 400 402 1006 945
4 408 406 952 953
4 901 1054 1144 509
4 420 419 421 964
4 503 881 1048 651
4 530 859 1083 538
4 1133 1014 365 588
4 1133 1014 910 365
4 419 417 964 963
4 360 1138 907 593
4 945 1092 400 943
4 363 1071 906 526
4 921 1085 1075 376
4 1218 503 673 496
4 949 406 1098 951
4 417 962 964 963
4 400 399 943 398
4 850 599 509 305
4 850 1144 1054 509
4 362 907 1131 593
4 921 919 1085 376
4 314 1085 859 620
4 599 356 1144 509
4 850 599 305 597
4 496 1060 345 515
4 376 1085 1075 530
4 1009 1075 1083 530
4 414 957 958 959
4 1131 364 362 586
4 921 377 923 922
4 378 377 923 376
4 377 921 923 376
4 882 1148 603 823
4 382 925 1163 380
4 859 1075 1085 530
4 923 378 530 464
4 1131 364 505 909
4 412 956 958 957
4 1163 927 925 382
4 1048 1196 1218 651
4 1098 404 406 949
4 882 337 658 1170
4 1144 850 599 509
4 933 935 934 389
4 943 547 400 398
4 1092 547 400 943
4 1083 1009 530 538
4 464 530 1009 538
4 906 1071 1134 526
4 597 1144 850 599
4 597 1144 1142 850
4 376 1085 530 540
4 1206 1149 284 829
4 1075 1009 923 530
4 957 414 1004 959
4 1085 374 376 919
4 374 1085 376 540
4 374 372 1010 465
4 1010 919 917 372
4 1085 1165 859 620
4 625 337 664 1209
4 1196 830 651 748
4 1081 935 933 390
4 1170 882 337 1209
4 1085 530 540 314
4 374 1010 1085 465
4 942 397 396 398
4 400 402 461 1006
4 285 651 830 748
4 380 1009 923 925
4 933 386 1111 388
4 547 1047 1092 847
4 954 411 410 955
4 466 358 1144 599
4 380 378 923 464
4 902 359 1025 357
4 663 1134 836 1208
4 620 465 1165 550
4 400 1006 1092 945
4 366 909 1050 505
4 663 1071 1134 1208
4 957 414 958 412
4 359 905 906 360
4 658 603 337 882
4 1081 388 390 933
4 951 406 1005 953
4 530 1009 923 464
4 389 933 935 390
4 465 1165 1085 620
4 943 502 547 398
4 943 547 1047 1092
4 954 410 408 953
4 1226 681 333 1170
4 956 412 411 955
4 502 847 547 302
4 415 417 416 962
4 1095 1165 1010 465
4 927 383 384 928
4 906 361 363 526
4 1142 1086 1011 597
4 394 392 937 616
4 855 1113 1081 310
4 386 933 1111 931
4 388 386 1111 566
4 751 1196 881 651
4 964 966 420 965
4 1165 465 1085 1010
4 1010 919 372 374
4 933 389 388 390
4 360 1011 593 466
4 358 1144 1011 466
4 554 957 955 412
4 1009 1163 925 380
4 962 416 415 960
4 365 1014 908 363
4 821 822 632 1177
4 465 1085 374 540
4 1010 374 1085 919
4 548 547 1092 847
4 937 939 394 616
4 566 855 1081 310
4 314 540 1085 620
4 360 1011 1138 593
4 383 927 384 382
4 884 883 339 506
4 1163 382 380 618
4 466 1144 597 599
4 1144 1011 597 1142
4 1014 908 910 365
4 459 412 414 957
4 986 439 985 441
4 884 515 506 339
4 465 1095 1165 550
4 933 1111 1081 388
4 541 1011 597 466
4 1011 541 597 1086
4 1009 380 923 464
4 548 547 847 302
4 1060 496 508 515
4 1006 547 400 1092
4 603 658 623 1148
4 883 339 506 338
4 540 465 1085 620
4 410 412 554 955
4 472 934 936 389
4 906 361 526 589
4 398 396 943 502
4 957 554 955 1099
4 936 934 935 389
4 547 1047 847 502
4 1144 466 597 1011
4 1053 1041 1218 496
4 388 1111 1081 566
4 954 410 953 955
4 388 1081 390 536
4 310 566 855 564
4 907 1138 1131 593
4 1009 1083 1084 538
4 464 1084 538 1009
4 820 603 284 1148
4 416 414 415 960
4 439 986 985 984
4 571 408 410 953
4 396 943 942 398
4 961 414 960 959
4 1086 1138 1011 541
4 1011 593 466 541
4 502 943 547 1047
4 855 1081 1111 566
4 1009 1163 380 464
4 1226 1203 681 1170
4 406 408 1005 953
4 593 1131 362 586
4 1006 548 547 1092
4 940 942 397 396
4 307 1049 1096 551
4 939 937 1161 616
4 593 1011 1138 541
4 1086 861 1138 541
4 939 394 616 582
4 964 420 419 963
4 1004 459 414 957
4 396 394 939 582
4 400 461 547 1006
4 316 593 861 541
4 593 1138 861 541
4 526 1071 527 469
4 1092 1093 548 847
4 389 935 936 390
4 417 419 418 963
4 536 1081 1113 310
4 931 929 1008 386
4 412 459 554 957
4 464 1163 380 618
4 384 927 533 382
4 566 1081 388 536
4 463 1111 386 566
4 1008 1111 931 386
4 364 1131 505 586
4 928 927 929 384
4 1007 937 935 392
4 392 935 1007 390
4 469 365 1014 588
4 861 1131 593 316
4 861 1131 1138 593
4 956 412 955 957
4 515 508 1060 506
4 566 1111 855 564
4 906 359 361 589
4 861 1131 316 544
4 508 1197 1052 652
4 1084 464 538 539
4 404 583 402 947
4 536 566 1081 310
4 386 384 929 463
4 717 1056 863 318
4 1163 927 382 533
4 909 505 1131 1050
4 361 359 906 360
4 586 593 1131 316
4 566 463 1111 564
4 968 424 970 423
4 302 502 847 546
4 904 902 903 359
4 1081 390 1007 935
4 1131 586 316 544
4 1131 861 1089 544
4 568 536 1113 310
4 461 548 547 1006
4 1047 943 941 502
4 396 941 943 502
4 515 884 506 1060
4 410 1116 953 955
4 865 1127 1161 582
4 904 903 905 359
4 1007 937 392 616
4 820 284 604 1149
4 1005 1098 406 951
4 404 1098 406 553
4 623 829 1206 284
4 1001 490 1034 1035
4 616 865 1161 582
4 582 616 865 320
4 939 1161 1127 582
4 554 1004 1099 957
4 1025 359 589 480
4 980 982 435 981
4 1091 1127 865 582
4 1056 717 511 318
4 386 929 1008 463
4 941 939 1127 582
4 881 1048 1205 503
4 863 883 717 318
4 1008 1111 386 463
4 505 1131 1089 544
4 1131 505 586 544
4 865 1091 582 546
4 1161 939 616 582
4 412 410 411 955
4 941 943 942 396
4 1113 536 1007 1081
4 546 582 865 320
4 935 937 936 392
4 392 936 935 390
4 357 359 1025 480
4 554 955 1116 410
4 307 504 1049 551
4 1096 852 1049 307
4 505 1089 869 544
4 681 490 658 1035
4 1168 829 623 1148
4 1006 1093 548 1092
4 955 554 1116 1099
4 949 1128 404 947
4 1111 1109 855 564
4 1091 847 502 546
4 1004 554 459 957
4 1131 1089 1050 505
4 722 848 739 303
4 1014 363 1071 908
4 1111 1008 1109 463
4 1109 1111 463 564
4 941 1127 1047 582
4 318 883 717 338
4 1168 658 1035 1203
4 544 869 505 324
4 1050 1089 869 505
4 939 941 396 582
4 1116 571 410 953
4 503 1048 1218 651
4 651 751 1196 748
4 739 848 1057 512
4 848 739 303 512
4 536 1113 1007 568
4 462 536 1007 568
4 618 1084 1163 312
4 1084 857 1163 312
4 915 917 371 370
4 1163 1009 1084 464
4 1004 1155 554 1099
4 582 1047 1091 1127
4 1047 1091 847 502
4 927 384 533 929
4 424 968 970 969
4 762 1118 872 327
4 1118 762 573 327
4 962 416 963 417
4 502 582 1091 546
4 794 648 799 1193
4 1160 548 461 1006
4 410 1116 554 571
4 725 717 883 338
4 1119 834 786 289
4 289 786 1119 574
4 582 1047 941 502
4 941 396 582 502
4 1005 408 571 953
4 1056 717 740 511
4 533 618 1163 312
4 533 1163 857 312
4 511 740 1056 512
4 312 618 1084 539
4 391 472 936 389
4 439 985 438 984
4 658 1168 1148 1203
4 610 554 459 1004
4 1163 382 618 533
4 526 1134 906 589
4 603 658 1148 882
4 565 533 857 312
4 370 917 371 372
4 762 872 787 327
4 779 1125 874 329
4 1125 779 580 329
4 936 391 389 390
4 1047 582 1091 502
4 526 363 1071 469
4 963 964 420 965
4 464 1084 1163 618
4 1160 1093 548 1006
4 937 1007 1161 616
4 1147 737 305 602
4 390 1081 1007 536
4 834 763 786 289
4 461 615 548 1160
4 406 408 460 1005
4 985 441 439 440
4 822 820 604 1149
4 1177 632 633 1149
4 763 834 1125 580
4 554 1116 1099 844
4 778 832 764 287
4 1007 392 390 462
4 850 737 735 305
4 929 384 533 463
4 580 763 834 289
4 327 872 787 574
4 626 1210 881 665
4 872 1119 787 574
4 618 464 1084 539
4 940 397 395 396
4 1059 778 514 287
4 778 1059 832 287
4 764 832 1118 573
4 877 1059 772 332
4 850 1147 737 305
4 727 867 1153 608
4 727 867 608 322
4 740 1057 1056 512
4 536 1007 390 462
4 363 365 1014 469
4 1177 822 632 1149
4 942 940 941 396
4 764 832 573 287
4 1148 820 603 823
4 564 463 1109 565
4 1008 1110 1109 463
4 718 1147 867 322
4 984 438 439 982
4 1007 392 462 616
4 554 1116 844 571
4 392 391 936 390
4 929 1078 1008 463
4 1006 402 583 947
4 960 962 416 961
4 394 939 395 396
4 767 779 874 329
4 1110 1008 1078 463
4 904 906 1134 589
4 906 904 359 589
4 448 450 518 995
4 436 435 982 981
4 436 435 437 982
4 929 927 1078 533
4 538 859 719 314
4 1134 1025 904 589
4 359 1025 589 904
4 1114 616 865 1161
4 569 865 616 320
4 503 1041 1218 1048
4 322 718 1147 602
4 904 905 906 359
4 284 661 604 1206
4 764 1118 762 573
4 1072 1071 1014 469
4 554 610 1155 1004
4 1071 663 1134 526
4 633 1177 879 632
4 857 1078 1163 533
4 763 1125 779 580
4 359 902 1025 904
4 496 1053 1060 508
4 927 1163 1078 533
4 533 857 1078 565
4 857 1110 1078 565
4 1153 722 727 608
4 649 484 525 1194
4 444 443 445 988
4 428 1045 555 973
4 786 787 1119 574
4 1045 428 975 973
4 934 472 936 1017
4 1041 503 1218 496
4 937 938 392 394
4 768 769 1126 581
4 689 847 716 302
4 420 418 419 963
4 332 1059 772 514
4 548 708 689 1093
4 1005 571 1116 953
4 867 727 718 322
4 722 1153 848 608
4 709 625 1170 701
4 538 728 1083 723
4 1098 460 1152 1005
4 859 719 314 734
4 460 607 553 1152
4 554 1155 844 1099
4 739 1057 740 512
4 1110 1109 463 565
4 620 859 314 734
4 938 937 939 394
4 1152 553 460 1098
4 569 1007 1113 568
4 569 462 1007 568
4 414 961 960 416
4 1078 929 533 463
4 980 435 434 981
4 879 668 632 1213
4 303 722 848 608
4 463 533 1078 565
4 463 1078 1110 565
4 718 737 1147 602
4 993 448 518 995
4 658 1203 882 1170
4 963 416 560 418
4 1040 1013 1207 495
4 299 571 554 844
4 939 940 395 396
4 978 435 434 980
4 703 561 693 1106
4 408 1005 571 460
4 495 1013 1207 468
4 1171 877 772 626
4 332 772 877 626
4 940 939 941 396
4 531 928 1016 383
4 1128 404 1098 949
4 1072 1208 1071 663
4 1113 1114 1007 569
4 616 1114 865 569
4 1207 662 495 468
4 767 874 581 329
4 1051 1060 1053 506
4 508 1053 1060 506
4 439 985 440 438
4 1005 571 1117 1116
4 310 736 855 742
4 1212 1207 1013 468
4 1203 681 1035 1226
4 1142 735 726 597
4 1114 1161 1007 616
4 1160 461 583 1006
4 1117 1152 460 1005
4 337 625 658 1170
4 460 572 607 1152
4 1098 406 460 1005
4 559 610 459 1004
4 981 438 436 1069
4 620 1165 859 734
4 1207 1212 662 468
4 1012 661 623 1206
4 883 884 1051 506
4 503 336 881 651
4 880 883 506 338
4 406 460 553 1098
4 1203 1148 658 882
4 730 1086 726 541
4 730 721 1086 541
4 719 728 1083 538
4 1060 1051 884 506
4 385 1016 928 383
4 859 538 719 1083
4 743 745 865 320
4 658 623 1168 1035
4 418 416 417 963
4 938 936 937 392
4 615 461 583 1160
4 1013 1140 1212 468
4 1212 667 662 468
4 562 430 432 975
4 778 772 1059 514
4 571 1005 1117 460
4 560 1105 961 963
4 416 963 560 961
4 300 615 583 1160
4 524 436 438 1069
4 438 981 983 1069
4 881 1205 1171 626
4 713 708 615 1160
4 847 689 548 302
4 363 1014 1071 469
4 1071 1072 527 469
4 305 735 850 597
4 975 977 432 1107
4 939 395 938 394
4 1059 1207 1212 662
4 337 625 1170 1209
4 836 589 663 291
4 387 933 934 389
4 1149 284 604 1206
4 518 993 995 1063
4 620 733 1165 734
4 551 724 1096 731
4 616 462 1007 569
4 1155 554 844 610
4 1095 729 733 550
4 975 428 974 973
4 1140 667 468 595
4 985 438 984 983
4 1225 836 1126 680
4 1003 560 418 963
4 1168 658 1148 623
4 610 299 554 844
4 875 501 1100 1046
4 1034 490 681 1035
4 975 432 562 1107
4 1207 1059 877 662
4 312 857 741 723
4 667 1140 1217 595
4 555 875 501 1100
4 534 934 472 389
4 847 716 302 546
4 402 583 461 1006
4 1126 768 581 291
4 1059 667 662 1212
4 667 1140 468 1212
4 732 1089 721 544
4 1089 732 724 544
4 844 1117 571 1116
4 745 716 1091 546
4 1059 877 662 332
4 418 458 560 1003
4 604 633 632 1149
4 420 1003 963 965
4 1217 1212 1140 667
4 460 572 1152 1117
4 438 437 439 982
4 922 920 921 377
4 735 1142 850 597
4 832 1059 1212 667
4 874 1126 767 581
4 616 1007 1114 569
4 928 1016 1076 531
4 652 1052 750 1197
4 610 559 1155 1004
4 435 436 434 981
4 1217 672 667 595
4 681 625 333 1170
4 377 375 921 376
4 928 926 927 383
4 1015 922 924 377
4 875 555 501 330
4 632 1177 879 1213
4 652 830 1197 748
4 416 962 963 961
4 855 1113 310 742
4 424 423 425 970
4 716 847 1091 546
4 1093 689 548 847
4 607 300 553 1152
4 661 284 623 1206
4 1217 1140 473 595
4 982 438 436 981
4 437 438 436 982
4 982 984 438 983
4 981 434 980 979
4 738 743 1113 568
4 572 460 571 1117
4 389 387 933 388
4 1152 300 553 1098
4 1086 1142 726 597
4 395 939 938 940
4 524 290 635 835
4 822 604 632 1149
4 300 583 553 1098
4 916 915 917 371
4 381 927 383 382
4 435 978 434 433
4 667 1059 662 514
4 1045 555 1100 563
4 513 692 1058 695
4 1224 1225 1126 680
4 560 1003 1105 963
4 573 1217 674 672
4 434 978 980 979
4 381 925 382 380
4 500 428 430 975
4 1191 1003 420 965
4 1118 1217 1219 674
4 1000 467 1036 455
4 381 925 927 382
4 684 1229 1027 588
4 981 982 438 983
4 332 662 1059 514
4 1217 1140 1018 473
4 473 672 1217 595
4 974 428 972 973
4 436 635 434 981
4 514 667 1059 287
4 667 832 1059 287
4 1106 560 458 1003
4 571 299 1117 844
4 1219 1217 1018 473
4 674 1219 1118 327
4 674 1217 473 672
4 607 694 712 1152
4 1203 658 681 1170
4 936 938 391 392
4 832 1212 1217 667
4 541 1086 726 597
4 625 333 1170 701
4 1217 674 473 1219
4 555 973 1045 1100
4 1219 1018 1139 473
4 1180 1069 635 835
4 768 1126 836 291
4 307 852 729 731
4 473 1139 674 594
4 1217 573 674 1118
4 934 534 472 1079
4 538 1083 1084 723
4 981 635 434 979
4 979 981 635 1180
4 667 672 1217 287
4 674 1219 1139 473
4 922 923 924 377
4 1069 524 635 835
4 1015 1073 922 377
4 1045 555 563 500
4 988 990 444 989
4 923 924 377 378
4 380 923 924 925
4 919 921 375 376
4 1139 675 674 594
4 675 676 1220 574
4 583 404 1128 947
4 1103 1004 414 959
4 620 1165 733 550
4 1119 676 1220 1221
4 573 674 1118 327
4 872 1118 1219 327
4 1109 736 564 744
4 1217 672 573 287
4 1139 1220 1219 674
4 923 380 924 378
4 471 531 1016 383
4 580 1222 678 677
4 1223 580 1222 678
4 1003 418 420 963
4 563 1108 1100 1045
4 450 448 449 995
4 675 1139 674 1220
4 1220 1219 674 327
4 938 393 392 394
4 329 580 1223 678
4 559 1104 1155 1004
4 875 555 563 1100
4 995 518 494 450
4 580 1223 1222 1125
4 1119 1221 834 676
4 674 675 1220 327
4 707 696 521 1066
4 880 338 725 883
4 1084 857 312 723
4 580 1223 1125 329
4 1223 874 1125 329
4 675 1139 1021 594
4 676 1119 1220 574
4 1218 830 1053 508
4 1223 1224 329 678
4 678 1224 329 679
4 299 572 571 1117
4 658 625 681 1170
4 568 1113 738 742
4 1126 769 767 581
4 1134 663 836 589
4 418 1003 420 458
4 928 385 383 384
4 676 1220 1021 675
4 1220 1139 1021 675
4 1223 1224 874 329
4 1045 428 555 500
4 1003 1106 560 1105
4 675 1021 676 476
4 1119 289 676 834
4 289 1119 676 574
4 835 524 290 1068
4 476 675 1021 594
4 1220 676 1021 1221
4 676 1021 591 476
4 1021 1136 1221 591
4 975 500 428 1045
4 404 553 583 1098
4 1219 1220 872 327
4 563 706 700 1108
4 676 1021 1221 591
4 855 736 310 564
4 663 1134 526 589
4 834 1221 1222 676
4 1222 289 676 677
4 496 1218 1053 508
4 832 573 1217 1118
4 1136 1222 1221 591
4 327 675 1220 574
4 677 676 1222 591
4 676 1221 1222 591
4 385 471 1016 383
4 561 560 458 1106
4 1171 1210 881 626
4 667 1217 832 287
4 1222 1136 478 591
4 521 522 1043 1067
4 482 684 1027 588
4 478 677 1222 591
4 307 1096 731 551
4 990 444 445 988
4 539 1084 312 723
4 981 436 635 1069
4 1222 678 677 478
4 1223 1023 1135 678
4 1223 1222 1023 678
4 1001 1168 623 1035
4 430 562 500 975
4 563 330 555 875
4 679 678 1224 590
4 1135 678 1224 1223
4 1222 1136 1023 478
4 745 1091 865 546
4 721 861 1086 541
4 478 1023 678 590
4 1023 1135 678 590
4 678 1222 1023 478
4 387 934 534 389
4 678 1135 1224 590
4 610 686 688 1155
4 546 865 745 320
4 1222 580 289 677
4 1133 1027 1229 588
4 573 832 1217 287
4 386 933 387 388
4 525 449 650 1195
4 289 1222 676 834
4 538 1084 539 723
4 338 506 880 335
4 1067 1043 521 1066
4 327 1220 872 574
4 569 743 865 320
4 1165 1095 733 550
4 1222 1125 834 580
4 292 705 706 837
4 993 994 449 995
4 500 837 563 1045
4 1220 1119 872 574
4 861 721 316 541
4 682 1198 527 653
4 376 375 919 374
4 1016 584 471 385
4 548 1160 708 1093
4 1069 635 981 1180
4 563 1108 875 1100
4 563 837 1108 1045
4 580 834 1222 289
4 1160 548 708 615
4 652 285 830 748
4 993 449 448 995
4 581 1224 680 679
4 562 975 1107 1045
4 926 928 531 383
4 436 524 635 1069
4 656 1016 584 471
4 333 1226 1034 681
4 1079 1129 932 534
4 440 522 499 985
4 1113 568 310 742
4 699 705 576 1121
4 835 1069 524 1068
4 453 1000 1190 455
4 931 933 387 386
4 913 912 367 1234
4 1062 518 494 1063
4 830 1197 1053 508
4 520 497 519 1065
4 1003 420 458 1191
4 316 721 861 544
4 299 688 704 844
4 836 1225 1134 680
4 632 633 334 879
4 694 572 704 1117
4 429 430 428 975
4 1006 583 1160 1128
4 551 1096 724 324
4 1225 1025 1134 680
4 845 1160 583 1128
4 583 300 1160 845
4 1000 453 1190 998
4 291 581 1126 680
4 1089 861 721 544
4 562 1107 837 1045
4 633 604 661 1206
4 1107 576 837 1121
4 576 562 1107 837
4 455 467 456 1000
4 1034 1035 681 1226
4 974 429 428 975
4 690 715 517 1062
4 837 500 563 292
4 938 395 393 394
4 772 781 1171 626
4 524 1044 1068 1069
4 1042 519 1065 1064
4 449 447 994 993
4 709 1209 664 746
4 926 1076 1130 531
4 393 391 938 392
4 975 562 500 1045
4 470 1015 924 377
4 1168 623 1012 1001
4 1012 456 623 467
4 300 1152 845 1098
4 818 1210 626 665
4 1098 845 583 1128
4 583 300 845 1098
4 660 881 1205 503
4 660 336 881 503
4 453 451 484 998
4 565 741 1110 744
4 841 1191 557 1102
4 367 368 913 1234
4 877 1205 332 626
4 1205 877 1171 626
4 522 328 499 1067
4 447 449 448 993
4 448 518 497 993
4 1095 852 729 550
4 1096 307 731 852
4 585 1200 1015 470
4 447 992 994 993
4 519 1042 871 1064
4 1224 581 329 679
4 996 449 1070 994
4 724 869 1089 544
4 1063 518 497 871
4 874 1224 581 329
4 585 1015 924 470
4 692 690 286 831
4 837 500 562 1045
4 783 782 842 297
4 743 865 1114 569
4 736 855 1109 564
4 414 558 459 1004
4 932 534 934 1079
4 385 928 929 384
4 1071 527 663 526
4 663 1228 291 683
4 296 711 693 841
4 643 441 439 986
4 296 1191 557 841
4 1191 296 557 646
4 869 724 1096 324
4 985 522 499 1067
4 687 686 559 1104
4 724 869 544 324
4 450 452 494 995
4 522 521 328 1067
4 559 459 558 1004
4 1063 1039 494 1062
4 1128 1006 583 947
4 438 983 1044 1069
4 1044 524 438 1069
4 518 995 494 1063
4 878 1226 333 1170
4 328 523 499 1068
4 499 438 440 985
4 518 1062 494 517
4 1067 521 328 1066
4 1017 1079 934 472
4 565 857 741 312
4 581 1224 1126 680
4 451 453 452 998
4 926 928 1076 531
4 970 423 481 968
4 633 879 641 334
4 456 623 490 1001
4 291 1126 836 680
4 449 447 650 1195
4 498 521 522 1043
4 292 500 562 837
4 835 635 575 290
4 1073 1015 470 377
4 524 523 290 1068
4 562 576 292 837
4 420 646 458 1191
4 986 984 439 1188
4 1107 977 432 1002
4 428 974 972 429
4 930 929 931 386
4 550 852 729 307
4 1014 1227 1072 469
4 457 635 575 1180
4 809 790 644 1189
4 1225 1224 1025 680
4 404 1128 1098 583
4 880 883 1051 506
4 1205 1040 1207 495
4 1073 470 528 377
4 457 562 432 1107
4 993 518 497 1063
4 384 929 385 386
4 333 878 1170 701
4 1027 482 367 1234
4 524 499 523 1068
4 569 1113 743 568
4 694 607 572 1152
4 983 985 438 1044
4 663 836 1228 1208
4 1027 367 912 1234
4 368 366 913 1235
4 974 637 429 976
4 871 1063 518 1062
4 635 835 575 1180
4 1126 874 1224 581
4 1038 648 849 1193
4 338 880 725 335
4 467 1000 1036 1012
4 604 633 1149 1206
4 1120 576 1002 1121
4 366 911 913 1235
4 576 1107 1002 1121
4 562 457 576 1107
4 662 1205 1207 495
4 494 1063 995 1039
4 1224 679 590 480
4 961 1103 414 959
4 1224 1135 1025 590
4 682 1229 293 684
4 844 610 688 1155
4 336 751 881 651
4 635 457 979 1180
4 635 457 434 979
4 454 453 455 1000
4 1065 497 519 1042
4 979 432 977 1002
4 610 844 688 299
4 456 1012 623 1001
4 457 979 432 434
4 1068 1044 499 873
4 1068 499 328 873
4 1114 1113 743 569
4 623 1012 1206 1168
4 467 661 623 1012
4 857 565 741 1110
4 1039 286 494 1062
4 999 453 1000 998
4 682 527 1227 469
4 326 519 497 871
4 1042 519 871 497
4 920 922 1073 377
4 433 434 432 978
4 431 429 637 976
4 974 1182 637 976
4 427 429 428 972
4 286 517 494 1062
4 977 978 432 979
4 881 336 660 626
4 1205 881 660 626
4 565 1109 564 744
4 978 434 432 979
4 1063 497 1042 871
4 326 497 518 871
4 790 799 648 1193
4 610 559 686 1155
4 423 968 424 1238
4 877 662 1205 1207
4 807 642 798 1187
4 986 439 643 1188
4 445 443 647 988
4 632 334 668 879
4 662 877 1205 332
4 300 1160 713 615
4 572 694 1152 1117
4 714 326 715 871
4 1117 299 704 844
4 518 517 326 1062
4 1035 658 681 1203
4 499 1044 1067 873
4 1067 328 499 873
4 1224 680 679 480
4 996 450 449 995
4 1044 524 1068 499
4 650 493 849 1195
4 330 563 700 875
4 495 1205 1048 503
4 559 1104 1004 1103
4 527 1072 1227 469
4 968 421 966 1238
4 565 1110 1109 744
4 1027 1124 1122 482
4 1123 842 297 587
4 997 452 494 1061
4 1039 997 494 1061
4 563 837 706 1108
4 1044 985 499 1067
4 1108 700 563 875
4 976 432 430 975
4 873 1067 328 1066
4 572 299 704 1117
4 976 430 429 975
4 290 702 835 697
4 424 968 969 1238
4 432 976 977 975
4 432 978 976 433
4 1195 1070 449 994
4 647 990 988 1192
4 559 295 1104 1103
4 1042 993 497 1063
4 837 576 705 1121
4 978 432 976 977
4 994 996 449 995
4 467 1036 633 1012
4 1000 467 456 1012
4 561 613 693 1106
4 429 974 976 975
4 499 524 438 1044
4 831 286 1039 1062
4 871 518 326 1062
4 829 623 1206 1168
4 300 712 713 845
4 1104 686 559 1155
4 494 997 995 452
4 997 494 995 1039
4 664 625 1209 709
4 298 1129 1201 843
4 1052 1051 1053 506
4 508 1052 1053 506
4 725 880 720 335
4 1012 633 661 1206
4 836 291 680 589
4 837 563 706 292
4 1130 839 1200 294
4 1105 295 560 1103
4 696 328 873 698
4 1058 516 286 513
4 480 1025 680 589
4 684 682 1229 588
4 1070 1029 484 996
4 431 432 430 976
4 1158 1106 458 1003
4 452 516 494 1061
4 1048 1040 1205 495
4 692 286 513 1058
4 423 421 968 1238
4 433 432 431 976
4 429 431 430 976
4 494 286 1039 1061
4 849 525 650 1195
4 427 425 1179 972
4 427 425 634 1179
4 970 1179 425 972
4 590 1025 1224 480
4 985 499 438 1044
4 701 333 878 695
4 433 978 976 1033
4 493 650 447 1195
4 300 607 712 1152
4 560 1105 1103 961
4 1103 416 560 961
4 421 1175 968 966
4 933 934 932 387
4 705 292 576 837
4 690 517 286 1062
4 290 835 1068 697
4 519 871 714 1064
4 881 336 626 665
4 613 561 458 1106
4 928 930 1016 385
4 917 370 915 1237
4 1052 1053 1197 508
4 484 1194 1029 1070
4 508 1052 506 507
4 976 1182 637 1033
4 488 431 637 976
4 777 776 838 293
4 1133 1229 1227 588
4 1002 1180 575 1120
4 1180 575 457 1002
4 1107 432 457 1002
4 286 494 516 1061
4 974 429 1032 972
4 528 920 1073 377
4 584 1016 930 385
4 1032 637 429 974
4 516 1058 286 1061
4 467 455 491 1036
4 525 451 449 996
4 1070 525 449 996
4 527 1227 1198 682
4 1182 325 637 1033
4 527 1071 663 1072
4 1002 575 576 1120
4 575 1002 576 457
4 372 917 1010 1237
4 465 372 1010 1237
4 433 431 488 976
4 372 370 917 1237
4 1129 1016 930 584
4 1107 457 576 1002
4 449 447 1195 994
4 852 1049 307 1237
4 504 307 1049 1237
4 414 416 1103 961
4 575 1180 835 1120
4 456 1000 1012 1001
4 450 996 452 995
4 656 1016 1201 584
4 1016 1129 1201 584
4 427 1179 1032 972
4 680 1224 1025 480
4 1179 427 1032 634
4 375 921 920 377
4 938 391 592 936
4 946 1156 401 948
4 1229 838 1227 293
4 1032 634 853 1179
4 992 1195 447 994
4 1032 1182 637 974
4 1180 457 979 1002
4 383 926 927 381
4 630 423 421 968
4 869 1050 505 1235
4 505 324 869 1235
4 1061 286 1039 831
4 411 409 621 954
4 988 443 441 1242
4 286 1061 1058 831
4 986 988 441 1242
4 979 457 432 1002
4 481 425 423 970
4 1038 447 990 992
4 1160 300 713 845
4 516 489 513 1058
4 680 1134 836 589
4 1205 660 332 626
4 925 927 926 381
4 534 1129 932 387
4 377 924 470 379
4 696 328 521 1066
4 1025 1134 680 589
4 1058 692 286 831
4 413 411 477 958
4 1227 527 1198 1072
4 924 585 470 379
4 451 525 484 996
4 1070 484 525 996
4 1096 551 1049 1235
4 429 427 1032 972
4 932 931 933 387
4 419 417 479 964
4 1156 403 401 948
4 809 644 807 1189
4 752 881 1210 665
4 420 966 421 1238
4 1052 508 652 507
4 585 655 1200 470
4 1015 1130 1200 585
4 831 690 286 1062
4 962 479 417 964
4 1130 1015 924 585
4 956 477 411 958
4 954 621 411 956
4 328 523 1068 698
4 525 671 649 1194
4 996 1029 484 998
4 381 924 925 380
4 1004 414 558 1103
4 990 445 647 988
4 531 1130 926 381
4 920 919 921 375
4 698 523 1068 697
4 990 445 447 1038
4 1004 558 559 1103
4 881 752 751 336
4 490 1001 1034 456
4 1129 534 584 387
4 950 1020 405 952
4 871 519 714 326
4 1036 467 633 491
4 1209 337 664 824
4 849 648 794 1193
4 882 337 1209 824
4 452 996 998 997
4 291 1228 768 683
4 840 1104 295 1103
4 295 559 558 1103
4 333 1058 878 695
4 407 405 475 952
4 379 377 924 378
4 1106 295 560 1105
4 516 1061 1034 1058
4 326 517 715 1062
4 924 379 378 380
4 534 932 934 387
4 523 290 1068 697
4 561 295 560 1106
4 1227 1014 1133 588
4 712 300 1152 845
4 931 387 930 386
4 444 443 988 1242
4 1194 484 525 1070
4 409 407 619 954
4 1115 405 403 950
4 1229 682 293 1227
4 1049 551 504 1235
4 1050 911 366 1235
4 915 370 371 1234
4 391 938 592 393
4 798 642 802 1187
4 395 938 537 940
4 407 1164 954 952
4 930 928 929 385
4 531 585 1130 381
4 880 506 507 335
4 976 637 488 1033
4 1182 870 325 1033
4 427 634 487 1032
4 383 531 926 381
4 308 487 634 1032
4 853 308 634 1032
4 421 1174 966 964
4 1034 333 1058 878
4 1205 662 660 495
4 488 637 325 1033
4 295 561 703 1106
4 998 452 999 453
4 873 328 1068 698
4 592 1202 1017 472
4 976 488 433 1033
4 647 990 1192 1038
4 1197 750 652 748
4 871 326 715 1062
4 936 592 472 391
4 424 969 970 1236
4 558 560 295 1103
4 1105 840 295 1103
4 455 456 454 1000
4 637 1181 1182 1032
4 429 427 487 1032
4 930 932 1129 387
4 429 487 637 1032
4 1120 699 576 1121
4 685 295 703 840
4 663 836 291 1228
4 1176 853 634 1179
4 1190 453 484 998
4 1194 649 484 1204
4 929 930 385 386
4 660 662 1205 332
4 663 527 1228 683
4 946 401 1031 944
4 950 403 1115 948
4 449 525 1070 1195
4 450 449 451 996
4 559 295 687 1104
4 1181 325 637 1182
4 328 696 873 1066
4 401 399 1031 944
4 996 452 995 997
4 629 421 419 964
4 627 962 417 415
4 973 555 428 1236
4 1010 1095 465 1237
4 996 484 451 998
4 1178 1177 633 1149
4 308 636 487 1181
4 1158 296 693 841
4 821 632 668 1213
4 584 930 387 385
4 1214 294 757 839
4 924 926 1130 381
4 962 415 1172 960
4 1058 333 513 695
4 1061 454 516 1034
4 560 558 416 1103
4 584 930 1129 387
4 447 1038 1195 992
4 868 647 1037 1192
4 420 965 966 1238
4 441 988 492 443
4 988 441 492 986
4 1095 550 465 1237
4 1036 633 641 491
4 487 308 1181 1032
4 853 1181 308 1032
4 1226 333 1034 878
4 420 1191 965 1238
4 1189 868 644 1037
4 685 687 295 840
4 613 693 1106 1158
4 592 1017 936 472
4 682 1227 1229 588
4 996 452 998 451
4 1228 1208 1072 663
4 661 467 633 1012
4 456 999 1001 1034
4 585 924 381 379
4 938 395 537 393
4 489 333 513 1058
4 1177 633 879 1178
4 648 868 1193 1038
4 415 413 624 958
4 1051 1052 880 506
4 843 1215 760 298
4 1050 366 505 1235
4 528 920 587 1073
4 942 474 940 397
4 985 986 441 1242
4 481 543 631 1176
4 585 924 1130 381
4 414 416 558 1103
4 525 1216 849 671
4 702 699 575 1120
4 425 1179 481 634
4 1190 1036 455 1000
4 1179 425 481 970
4 636 637 487 1181
4 634 631 308 1176
4 1211 297 783 842
4 296 1158 1191 841
4 296 613 646 1191
4 853 634 308 1176
4 625 1170 1209 709
4 641 1186 879 1178
4 879 633 641 1178
4 375 920 528 377
4 440 522 985 1242
4 306 485 642 1187
4 637 636 325 1181
4 1014 1227 469 588
4 495 660 1205 503
4 958 624 415 960
4 988 989 444 1242
4 601 942 399 397
4 942 399 944 601
4 458 613 1106 1158
4 835 575 702 290
4 1181 637 487 1032
4 819 668 879 1213
4 306 643 485 1188
4 1036 1178 633 1012
4 1194 525 671 1216
4 1198 682 293 653
4 551 1096 324 1235
4 632 821 1177 1213
4 550 1095 852 1237
4 293 1229 1122 684
4 647 445 990 1038
4 506 1052 880 507
4 750 749 1052 507
4 1181 870 325 1182
4 996 450 452 451
4 458 1158 1003 1191
4 1106 840 295 1105
4 1192 868 647 1038
4 864 641 491 1036
4 319 641 491 864
4 1227 682 469 588
4 522 1067 985 1242
4 997 999 452 1061
4 805 631 543 1176
4 481 1026 970 968
4 501 1046 875 1241
4 869 324 1096 1235
4 777 838 1122 293
4 371 916 915 1234
4 852 307 550 1237
4 1100 555 973 1236
4 1052 652 750 507
4 481 1179 1176 634
4 576 575 699 1120
4 1198 770 527 653
4 840 295 703 1106
4 875 330 501 1241
4 940 397 474 395
4 1104 295 687 840
4 970 425 424 1236
4 433 978 1033 1184
4 645 455 453 1190
4 516 452 454 1061
4 420 646 1191 1238
4 613 458 646 1191
4 739 64 722 303
4 848 200 722 739
4 440 985 441 1242
4 501 1100 1046 1236
4 555 1100 501 1236
4 1087 642 485 1187
4 1178 1036 641 1186
4 633 1036 641 1178
4 972 973 428 1236
4 633 1178 1149 1206
4 525 849 1070 1195
4 444 989 990 1239
4 202 717 740 1056
4 66 740 717 511
4 60 735 737 305
4 196 737 735 850
4 67 717 725 338
4 883 203 717 725
4 1190 484 1204 1029
4 481 543 1176 1026
4 1088 1176 543 1026
4 1000 456 999 1001
4 717 67 318 338
4 883 717 203 863
4 520 1065 519 1240
4 708 689 38 548
4 174 689 708 1093
4 387 931 930 932
4 511 717 66 318
4 1056 202 717 863
4 452 998 999 997
4 1201 298 656 584
4 1129 298 1201 584
4 824 337 142 823
4 278 882 824 823
4 492 988 647 443
4 721 1086 193 730
4 57 721 730 541
4 726 194 1086 730
4 730 726 58 541
4 631 634 481 1176
4 1065 1064 519 1240
4 693 613 296 1158
4 445 444 990 1239
4 1228 527 773 683
4 303 739 64 512
4 848 1057 200 739
4 811 812 649 1194
4 1122 1229 1027 684
4 195 735 726 1142
4 59 726 735 597
4 294 1200 1130 585
4 294 655 1200 585
4 1089 192 732 721
4 721 56 732 544
4 191 732 724 1089
4 732 55 724 544
4 930 387 385 386
4 926 924 925 381
4 729 188 1095 733
4 733 729 52 550
4 489 516 1034 1058
4 728 1083 185 719
4 49 728 719 538
4 63 727 722 608
4 199 722 727 1153
4 724 190 1096 731
4 551 54 724 731
4 762 787 81 327
4 787 217 872 762
4 310 44 736 742
4 736 180 855 742
4 917 371 372 1243
4 763 219 834 786
4 786 763 83 289
4 709 9 625 701
4 709 1170 145 701
4 1229 293 1122 838
4 439 984 982 1030
4 573 762 81 327
4 1118 872 217 762
4 1029 1190 484 998
4 1192 988 647 1037
4 768 836 1228 291
4 305 737 60 602
4 737 196 1147 850
4 740 201 1057 739
4 739 740 65 512
4 920 528 587 375
4 219 1119 834 786
4 289 83 786 574
4 493 648 304 849
4 716 39 689 302
4 175 689 847 716
4 718 737 197 1147
4 737 718 61 602
4 924 381 379 380
4 684 1027 1122 482
4 51 733 620 734
4 733 187 1165 734
4 575 835 702 1120
4 1227 838 1198 293
4 435 982 980 1185
4 62 718 727 322
4 198 727 718 867
4 538 48 728 723
4 728 184 1083 723
4 859 186 719 734
4 314 719 50 734
4 917 372 919 1243
4 1123 842 782 297
4 864 1186 641 1036
4 1158 296 1191 613
4 543 805 1176 1088
4 708 713 173 1160
4 37 708 615 713
4 488 433 1033 1184
4 307 729 53 731
4 729 852 189 731
4 1079 670 1129 534
4 768 87 769 581
4 769 1126 223 768
4 936 938 1137 592
4 694 35 607 712
4 171 712 694 1152
4 511 65 740 512
4 1057 201 740 1056
4 1083 859 185 719
4 538 719 49 314
4 1026 1179 481 970
4 779 874 221 767
4 767 85 779 329
4 303 63 722 608
4 199 722 1153 848
4 497 448 993 1239
4 564 736 45 744
4 1109 181 736 744
4 696 521 17 707
4 707 696 1066 153
4 1142 195 735 850
4 305 59 735 597
4 650 493 304 849
4 764 762 80 573
4 762 216 1118 764
4 557 841 1102 1241
4 1091 176 716 745
4 40 716 745 546
4 919 372 374 1243
4 1125 874 221 779
4 580 779 85 329
4 726 194 1142 1086
4 541 726 58 597
4 787 1119 218 786
4 786 82 787 574
4 1061 999 454 1034
4 489 516 454 1034
4 592 657 1202 472
4 1017 1137 1202 592
4 763 779 84 580
4 779 220 1125 763
4 980 978 435 1184
4 197 718 1147 867
4 322 61 718 602
4 490 489 456 1034
4 548 689 38 302
4 1093 174 689 847
4 521 1066 1043 1240
4 296 841 557 1241
4 864 645 319 1204
4 705 706 837 159
4 23 292 705 706
4 715 517 13 690
4 690 149 715 1062
4 738 1113 179 742
4 568 738 43 742
4 293 776 1198 653
4 445 493 447 1038
4 1215 775 760 670
4 1033 1183 488 1184
4 832 1118 216 764
4 573 80 764 287
4 690 286 12 692
4 692 148 690 831
4 531 1130 669 1076
4 218 872 1119 787
4 327 787 82 574
4 448 447 993 1239
4 867 198 727 1153
4 608 62 727 322
4 160 700 706 1108
4 706 700 24 563
4 992 993 447 1239
4 580 84 763 289
4 834 1125 220 763
4 648 1038 849 493
4 861 1086 193 721
4 721 57 316 541
4 1214 759 757 669
4 770 773 1072 527
4 41 745 743 320
4 865 177 745 743
4 572 704 34 694
4 170 694 704 1117
4 682 1198 293 1227
4 999 453 454 1000
4 882 278 1148 823
4 603 142 337 823
4 312 741 47 723
4 741 857 183 723
4 455 645 491 1036
4 1188 984 439 1030
4 636 308 803 1181
4 992 447 990 1239
4 441 643 492 986
4 1012 1178 633 1206
4 192 1089 861 721
4 56 721 316 544
4 437 435 640 982
4 783 1211 765 666
4 881 752 336 665
4 577 1122 1124 482
4 482 1124 577 579
4 485 982 439 437
4 428 427 972 1236
4 686 31 687 559
4 686 687 167 1104
4 645 1036 864 491
4 645 491 864 319
4 1113 178 743 738
4 42 743 738 568
4 1181 308 803 853
4 46 741 565 744
4 741 182 1110 744
4 304 525 650 849
4 537 592 938 393
4 544 55 724 324
4 869 191 724 1089
4 1216 525 849 1070
4 1179 481 1176 1026
4 1038 849 493 1195
4 822 632 139 821
4 1177 821 822 275
4 772 78 332 514
4 1059 214 877 772
4 445 990 447 1239
4 186 859 1165 734
4 620 314 50 734
4 168 688 686 1155
4 686 688 32 610
4 938 940 1082 537
4 1096 190 724 869
4 551 724 54 324
4 458 613 1158 1191
4 692 513 11 695
4 1058 692 147 695
4 644 851 1189 1037
4 819 668 334 879
4 1017 592 936 1137
4 772 1059 214 778
4 78 772 778 514
4 334 641 792 879
4 550 729 52 307
4 1095 852 188 729
4 852 1096 189 731
4 551 307 53 731
4 1165 1095 187 733
4 620 733 51 550
4 1034 333 489 1058
4 1188 485 439 643
4 978 433 435 1184
4 310 736 44 564
4 180 855 1109 736
4 498 521 1043 1240
4 484 1194 1204 1029
4 276 820 1149 829
4 140 284 604 820
4 489 454 456 1034
4 999 456 454 1034
4 581 768 87 291
4 1126 836 223 768
4 916 371 917 1243
4 294 1214 757 669
4 302 716 39 546
4 175 847 1091 716
4 986 643 492 1188
4 169 704 688 844
4 688 704 33 299
4 670 760 1215 298
4 497 1065 520 1239
4 310 568 43 742
4 1113 855 179 742
4 538 539 48 723
4 184 1084 1083 723
4 820 604 140 822
4 822 820 1149 276
4 1043 1067 522 1242
4 492 643 306 1188
4 1194 525 1216 1070
4 715 14 326 714
4 714 715 150 871
4 770 1072 1198 527
4 993 1042 497 1239
4 659 645 484 1204
4 484 1190 1204 645
4 527 1228 1072 663
4 769 222 1126 767
4 767 769 86 581
4 156 835 702 697
4 702 290 20 697
4 548 37 708 615
4 1093 708 173 1160
4 1121 699 705 158
4 705 576 22 699
4 696 18 328 698
4 154 696 873 698
4 557 1102 1191 1238
4 1170 878 145 701
4 333 625 9 701
4 474 940 395 537
4 222 874 1126 767
4 581 86 767 329
4 999 454 452 1061
4 164 703 693 1106
4 28 561 693 703
4 712 36 300 713
4 172 713 712 845
4 546 745 40 320
4 176 1091 865 745
4 1038 493 447 1195
4 557 1191 646 1238
4 805 543 806 1088
4 333 681 1034 489
4 820 829 277 1148
4 284 141 603 820
4 811 649 671 1194
4 368 913 1233 1235
4 565 564 45 744
4 181 1109 1110 744
4 801 308 631 1176
4 297 1211 783 666
4 725 720 68 335
4 720 204 880 725
4 308 801 853 1176
4 913 368 1233 1234
4 425 972 427 1236
4 1148 277 820 823
4 141 603 820 823
4 453 1190 484 645
4 970 972 425 1236
4 481 423 630 968
4 648 849 794 304
4 445 647 493 1038
4 565 741 46 312
4 1110 857 182 741
4 539 312 47 723
4 857 1084 183 723
4 641 319 797 864
4 1198 838 776 293
4 297 578 1123 587
4 842 1123 1132 587
4 498 1043 522 1242
4 1087 802 642 1187
4 1065 497 1042 1239
4 868 790 648 1193
4 424 1231 969 1236
4 490 1034 681 489
4 670 1079 1129 1215
4 1228 773 768 683
4 645 659 319 1204
4 864 645 1204 1190
4 694 170 1152 1117
4 34 607 572 694
4 304 671 525 849
4 919 374 375 1243
4 177 865 1114 743
4 569 41 743 320
4 796 325 636 1181
4 338 725 68 335
4 883 880 204 725
4 452 999 453 454
4 915 370 1233 1237
4 1114 1113 178 743
4 743 42 569 568
4 139 604 632 822
4 275 822 1177 1149
4 325 796 870 1181
4 915 1233 370 1234
4 920 1073 1132 587
4 455 645 1036 1190
4 1152 171 712 845
4 300 607 35 712
4 160 700 1108 875
4 563 700 24 330
4 159 706 837 1108
4 23 292 706 563
4 559 686 31 610
4 1104 167 686 1155
4 752 1210 753 665
4 1036 645 864 1190
4 1000 456 454 999
4 670 1129 534 584
4 868 644 790 1189
4 1175 421 968 630
4 1068 155 698 697
4 698 19 523 697
4 1073 666 587 528
4 1077 1076 1016 531
4 534 1079 535 472
4 1214 1130 1076 669
4 842 230 782 783
4 94 782 783 297
4 29 295 703 685
4 165 685 703 840
4 163 693 711 841
4 296 711 27 693
4 688 168 844 1155
4 610 688 32 299
4 799 131 648 794
4 799 794 1193 267
4 424 969 1231 1238
4 1122 777 293 577
4 831 148 690 1062
4 517 286 12 690
4 493 647 323 1038
4 962 479 627 417
4 209 1196 751 748
4 73 751 651 748
4 1201 843 760 298
4 325 870 1183 1033
4 827 821 668 1213
4 757 1200 839 294
4 713 172 1160 845
4 615 300 36 713
4 754 752 753 665
4 1183 488 325 1033
4 403 1156 401 611
4 621 477 411 956
4 323 648 493 1038
4 664 826 1209 824
4 328 521 17 696
4 1066 696 873 153
4 1130 531 669 585
4 649 659 484 1204
4 871 715 149 1062
4 13 326 517 715
4 531 1016 1077 471
4 306 642 807 1187
4 527 1228 773 1072
4 1194 812 649 1204
4 297 842 1211 587
4 671 811 1194 1216
4 403 1156 1115 948
4 1186 641 797 864
4 1215 843 1129 298
4 821 668 828 827
4 30 687 295 685
4 687 685 166 840
4 790 644 129 809
4 265 790 809 1189
4 319 789 797 864
4 825 1209 826 824
4 332 77 772 626
4 213 1171 877 772
4 871 150 714 1064
4 519 326 14 714
4 962 1024 479 964
4 299 704 33 572
4 704 169 1117 844
4 285 73 651 748
4 1196 209 830 748
4 1171 213 781 772
4 77 781 772 626
4 1082 1137 938 592
4 881 210 1196 751
4 74 751 336 651
4 1120 702 699 157
4 699 575 21 702
4 776 770 1198 653
4 630 1088 860 543
4 294 1214 1130 839
4 592 938 1082 537
4 1079 1017 1080 472
4 751 752 74 336
4 210 881 752 751
4 798 127 642 807
4 807 798 263 1187
4 954 1166 621 956
4 433 488 639 1184
4 701 10 333 695
4 701 878 146 695
4 644 851 807 1189
4 801 631 805 1176
4 1137 1082 846 592
4 301 846 1082 592
4 592 1082 301 537
4 849 794 671 1216
4 1049 1233 504 1237
4 956 1022 477 958
4 504 1233 1049 1235
4 1183 638 488 1184
4 639 488 638 1184
4 577 293 1122 684
4 479 629 419 964
4 286 513 11 692
4 1058 147 692 831
4 1121 705 837 158
4 292 576 22 705
4 542 642 485 1087
4 18 523 328 698
4 154 873 1068 698
4 444 1230 989 1239
4 666 1211 1073 587
4 627 962 415 1172
4 308 801 803 853
4 1027 1124 482 1234
4 413 477 624 958
4 796 804 325 870
4 1073 1015 529 470
4 1046 1231 501 1236
4 720 880 1199 335
4 470 529 1073 528
4 421 629 1174 964
4 796 636 803 1181
4 1186 792 641 879
4 542 793 802 1087
4 647 868 1037 323
4 323 647 492 1037
4 1164 407 954 619
4 868 323 644 1037
4 323 492 644 1037
4 1115 1020 405 950
4 520 1065 1230 1239
4 846 1202 1137 592
4 301 657 1202 592
4 1202 846 301 592
4 421 1174 1175 966
4 1164 407 475 952
4 401 1031 1156 946
4 405 1115 403 570
4 792 819 334 879
4 1193 790 799 266
4 799 648 130 790
4 1020 475 405 952
4 791 806 315 860
4 375 920 919 1243
4 155 1068 835 697
4 290 523 19 697
4 295 561 29 703
4 840 703 165 1106
4 1082 1019 1141 537
4 409 619 621 954
4 375 587 920 1243
4 1120 835 702 156
4 20 575 290 702
4 306 485 1187 1030
4 1187 851 306 1030
4 1188 485 306 1030
4 306 851 1188 1030
4 474 942 940 1019
4 1019 1082 940 537
4 401 399 486 1031
4 1122 577 684 482
4 942 601 474 397
4 809 807 264 1189
4 128 644 807 809
4 958 1169 624 960
4 125 542 793 802
4 793 802 1087 261
4 1088 543 630 1026
4 543 481 630 1026
4 802 798 1187 262
4 126 642 802 798
4 988 986 492 1037
4 557 1231 1102 1238
4 749 750 71 507
4 1052 749 750 207
4 335 1199 507 880
4 1026 481 630 968
4 982 435 640 1185
4 868 323 647 1038
4 399 1031 944 601
4 1121 1120 699 157
4 575 21 576 699
4 1088 630 860 1175
4 630 315 543 860
4 543 806 1088 860
4 295 687 30 559
4 1104 687 166 840
4 648 323 868 1038
4 693 164 1106 1158
4 561 613 28 693
4 639 435 433 1184
4 776 838 227 777
4 777 91 776 293
4 813 795 313 858
4 1172 415 624 960
4 485 1087 1187 1030
4 806 315 118 791
4 806 791 254 860
4 1185 980 435 1184
4 444 989 1230 1242
4 1016 656 1077 471
4 773 1072 225 770
4 89 773 770 527
4 795 313 115 813
4 795 813 251 858
4 1146 942 944 601
4 795 800 549 1094
4 808 311 112 814
4 640 982 485 437
4 878 1058 146 695
4 10 513 333 695
4 814 808 311 1112
4 529 1015 1200 470
4 330 875 700 1241
4 670 1129 298 1215
4 808 814 248 1112
4 800 549 116 795
4 800 795 252 1094
4 808 113 567 816
4 249 816 808 1112
4 567 808 816 1112
4 1052 1199 880 507
4 298 760 1201 656
4 325 638 488 1183
4 666 297 1211 587
4 578 1123 782 297
4 1200 757 655 294
4 535 670 1079 534
4 916 1232 371 1243
4 669 1130 294 1214
4 1129 670 298 584
4 319 789 864 1204
4 255 805 806 1088
4 806 119 543 805
4 501 1231 1046 1241
4 301 1082 1141 537
4 1141 846 1082 301
4 913 1233 915 1234
4 492 988 1037 647
4 368 370 1233 1234
4 1202 1080 1017 472
4 474 596 1019 537
4 596 1141 1019 537
4 693 163 1158 841
4 613 296 27 693
4 1064 714 519 1240
4 982 485 439 1030
4 641 797 792 1186
4 720 1199 747 654
4 1065 520 1230 1240
4 1211 1132 1073 587
4 1130 669 294 585
4 785 784 846 301
4 642 542 802 1087
4 557 1102 1231 1241
4 1077 531 669 1076
4 474 940 537 1019
4 811 671 794 1216
4 501 1231 424 1236
4 788 817 606 1151
4 761 788 107 321
4 788 243 866 761
4 1046 969 1231 1236
4 1026 630 1088 1175
4 920 587 1132 1243
4 913 1049 1233 1235
4 368 1233 504 1235
4 851 644 492 1037
4 780 761 106 598
4 761 242 1143 780
4 815 817 245 1159
4 815 614 109 817
4 304 648 131 794
4 1193 794 849 267
4 761 866 788 321
4 870 804 325 1183
4 851 492 1188 1037
4 529 666 1073 528
4 306 644 492 851
4 747 1199 755 756
4 1175 1026 630 968
4 811 812 1194 269
4 812 649 133 811
4 520 1230 444 1239
4 851 492 306 1188
4 1087 317 640 542
4 817 788 244 1151
4 817 606 108 788
4 652 71 750 507
4 750 1052 207 1197
4 498 1230 1043 1242
4 815 110 614 810
4 246 810 815 1159
4 915 1233 1049 1237
4 1065 989 1230 1239
4 504 1233 370 1237
4 806 543 315 860
4 485 1188 439 1030
4 656 1016 1077 1201
4 317 1087 640 862
4 862 1087 640 1185
4 1188 492 986 1037
4 614 815 810 1159
4 817 815 614 1159
4 671 304 794 849
4 1124 331 577 579
4 331 1122 1124 577
4 629 628 315 860
4 785 1141 241 780
4 105 785 780 596
4 1200 655 529 470
4 1143 761 780 598
4 1185 640 862 1184
4 317 640 639 862
4 640 639 862 1184
4 780 785 1141 596
4 309 1156 570 611
4 498 1043 1230 1240
4 639 638 317 862
4 606 1151 1031 866
4 1183 862 638 1184
4 862 639 638 1184
4 371 1232 916 1234
4 913 915 914 1234
4 369 370 368 1234
4 670 1079 1215 535
4 424 1231 557 1238
4 860 630 629 1175
4 315 630 629 860
4 789 319 659 1204
4 1102 1231 969 1238
4 1024 627 549 1172
4 810 111 617 814
4 247 814 810 1162
4 628 629 1173 860
4 629 1173 860 1174
4 659 649 812 1204
4 549 1094 1024 1172
4 479 627 549 1024
4 627 1024 962 1172
4 666 1074 1073 1211
4 913 1090 1049 1235
4 504 545 368 1235
4 749 1199 1052 507
4 479 549 628 1024
4 1094 1173 549 1024
4 617 810 814 1162
4 816 114 622 813
4 250 813 816 1167
4 1173 628 549 1024
4 804 325 123 796
4 870 796 804 259
4 570 1156 403 611
4 1166 477 1112 621
4 1024 627 962 479
4 313 549 627 1172
4 549 313 858 1172
4 622 816 813 1167
4 313 622 858 1169
4 1141 596 301 537
4 858 1094 549 1172
4 760 758 1201 656
4 1123 578 483 587
4 587 1028 1123 1132
4 1199 720 335 654
4 774 1200 757 655
4 629 479 628 1024
4 477 621 567 1112
4 477 1166 1112 1022
4 1173 629 1024 1174
4 1173 629 628 1024
4 1156 854 570 1115
4 1156 309 570 854
4 161 700 875 1241
4 330 700 25 1241
4 765 1211 1074 666
4 791 628 800 1173
4 579 482 1124 1234
4 477 621 1166 956
4 617 311 619 856
4 1174 860 629 1175
4 818 753 1210 665
4 621 856 1112 1166
4 856 311 621 1112
4 92 777 771 331
4 876 228 777 771
4 542 485 640 1087
4 424 426 501 1236
4 1046 971 969 1236
4 309 1151 1156 606
4 606 309 611 1156
4 866 1031 606 321
4 486 606 1031 321
4 1077 1214 1076 669
4 253 791 800 1173
4 800 117 628 791
4 313 858 1172 1169
4 313 627 624 1172
4 804 793 638 1183
4 827 668 819 1213
4 991 989 1065 1239
4 520 444 446 1239
4 477 1166 1022 956
4 611 1031 606 1156
4 1031 1151 606 1156
4 622 1167 858 1169
4 622 313 624 1169
4 1112 1167 477 1022
4 567 622 477 1112
4 311 567 621 1112
4 826 664 1209 746
4 856 619 621 311
4 856 621 1164 1166
4 601 598 1019 474
4 485 640 1087 1185
4 1132 1211 842 587
4 256 801 805 1176
4 805 120 631 801
4 1162 856 617 1164
4 856 619 617 1164
4 789 135 319 797
4 789 797 864 271
4 1167 477 622 1112
4 477 1167 1169 1022
4 535 1079 1080 472
4 1202 657 535 472
4 151 714 1064 1240
4 714 15 519 1240
4 790 323 644 868
4 749 755 1199 756
4 614 617 475 1162
4 753 818 754 665
4 1167 477 1169 622
4 622 477 1169 624
4 631 543 119 805
4 805 255 1176 1088
4 707 1066 521 1240
4 784 846 240 785
4 104 784 785 301
4 1156 570 403 1115
4 1172 624 313 1169
4 771 777 876 331
4 619 856 621 1164
4 1077 532 531 471
4 819 828 668 827
4 826 1209 825 746
4 782 94 578 297
4 1123 842 230 782
4 1049 1097 915 1237
4 504 370 552 1237
4 543 315 118 806
4 1088 806 254 860
4 629 479 1024 964
4 1159 475 1020 1162
4 1159 475 1162 614
4 629 1024 1174 964
4 670 1215 775 535
4 790 648 323 868
4 851 306 807 1187
4 1183 804 793 260
4 793 638 124 804
4 1162 617 475 1164
4 619 475 617 1164
4 1151 309 1156 854
4 1199 335 507 654
4 570 1159 475 1115
4 797 792 1186 272
4 136 641 797 792
4 750 72 652 748
4 1197 208 750 748
4 803 122 636 796
4 258 796 803 1181
4 1143 1019 1146 598
4 598 1019 1146 601
4 854 1159 570 1115
4 309 1159 570 854
4 598 1141 1019 596
4 1019 598 596 474
4 1159 570 475 614
4 475 1115 1159 1020
4 1214 1077 759 669
4 296 711 841 1241
4 542 317 793 1087
4 1031 611 606 486
4 700 710 25 1241
4 161 710 700 1241
4 321 1146 598 866
4 1159 309 570 614
4 1031 611 401 1156
4 630 421 629 1175
4 1020 1162 475 1164
4 151 691 714 1240
4 714 691 15 1240
4 982 640 485 1185
4 777 1122 331 577
4 317 793 1087 862
4 657 1202 784 301
4 293 777 91 577
4 1122 227 838 777
4 866 1146 1031 321
4 601 1031 321 486
4 1169 477 1022 958
4 1202 846 784 301
4 866 1143 1146 598
4 1146 321 598 601
4 423 424 422 1238
4 967 969 968 1238
4 757 759 98 669
4 759 234 1214 757
4 775 237 1215 760
4 760 775 101 670
4 1169 624 477 958
4 294 757 98 669
4 234 839 1214 757
4 851 644 807 306
4 121 308 801 803
4 257 803 801 853
4 444 1230 498 1242
4 1185 435 640 1184
4 1031 601 321 1146
4 1073 1015 1074 529
4 639 640 435 1184
4 1030 485 1087 1185
4 1143 1141 1019 598
4 989 1043 1230 1242
4 1174 629 421 1175
4 424 557 422 1238
4 1102 969 967 1238
4 638 325 804 1183
4 621 1164 1166 954
4 475 619 407 1164
4 843 1215 237 760
4 101 760 670 298
4 601 1019 942 474
4 475 405 570 1115
4 369 368 367 1234
4 913 914 912 1234
4 1173 549 800 1094
4 401 486 611 1031
4 800 628 549 1173
4 1164 621 619 954
4 1122 331 1124 876
4 405 475 1020 1115
4 1028 587 1123 483
4 765 231 1211 783
4 783 765 95 666
4 317 125 542 793
4 862 793 1087 261
4 475 1020 1164 952
4 415 624 627 1172
4 126 642 542 802
4 1187 1087 802 262
4 323 644 129 790
4 265 868 790 1189
4 606 788 1151 866
4 1141 301 785 846
4 557 1231 501 1241
4 1046 1231 1102 1241
4 306 642 127 807
4 263 851 807 1187
4 1030 982 485 1185
4 1169 1172 624 960
4 852 1097 1049 1237
4 552 307 504 1237
4 942 1146 1019 601
4 1072 1198 225 770
4 527 770 89 653
4 911 1090 913 1235
4 368 545 366 1235
4 399 486 1031 601
4 549 313 795 858
4 1094 549 795 858
4 545 504 551 1235
4 1096 1049 1090 1235
4 498 1230 520 1240
4 1077 471 656 532
4 1146 944 1031 601
4 1065 1230 1043 1240
4 445 446 444 1239
4 991 990 989 1239
4 622 567 816 1112
4 208 1197 830 748
4 652 72 285 748
4 774 757 97 655
4 757 233 1200 774
4 749 1199 507 654
4 90 770 776 653
4 1198 226 770 776
4 1167 622 816 1112
4 856 814 311 1112
4 1202 784 766 657
4 758 1201 236 760
4 100 758 760 656
4 606 788 866 321
4 879 1186 792 272
4 641 136 334 792
4 1080 1202 535 472
4 1094 795 251 858
4 115 549 313 795
4 527 89 773 683
4 225 1228 1072 773
4 424 425 426 1236
4 969 971 970 1236
4 567 311 808 1112
4 1200 1074 1015 529
4 231 842 1211 783
4 297 783 95 666
4 112 567 311 808
4 856 248 814 1112
4 1193 868 790 266
4 323 130 648 790
4 152 1066 707 1240
4 16 707 521 1240
4 614 1162 810 617
4 791 315 628 860
4 1080 1215 1079 535
4 768 773 88 683
4 224 1228 773 768
4 711 296 26 1241
4 162 841 711 1241
4 628 549 116 800
4 1173 800 252 1094
4 443 444 442 1242
4 988 987 989 1242
4 917 915 1097 1237
4 372 552 370 1237
4 264 807 851 1189
4 306 128 644 807
4 309 606 817 1151
4 916 914 915 1234
4 371 370 369 1234
4 1162 614 810 1159
4 812 789 659 1204
4 113 622 567 816
4 816 249 1167 1112
4 788 606 107 321
4 1151 788 243 866
4 793 317 638 862
4 862 638 793 1183
4 1173 791 628 860
4 144 1209 709 746
4 709 664 8 746
4 313 622 813 858
4 1074 666 1073 529
4 301 1141 785 596
4 531 1077 669 532
4 1122 876 777 331
4 1122 876 228 777
4 331 92 777 577
4 311 617 814 856
4 308 631 120 801
4 801 256 853 1176
4 1159 309 817 854
4 1077 1201 758 656
4 1151 817 309 854
4 1074 765 666 529
4 1167 813 622 858
4 818 1210 212 781
4 655 774 1200 529
4 856 617 814 1162
4 987 1043 989 1242
4 444 498 442 1242
4 614 309 817 1159
4 828 138 668 821
4 274 821 827 1213
4 826 664 143 824
4 279 1209 825 824
4 1215 1080 775 535
4 321 761 866 598
4 614 309 109 817
4 1159 817 245 854
4 135 641 319 797
4 797 1186 864 271
4 321 106 761 598
4 1143 866 242 761
4 426 555 501 1236
4 1100 971 1046 1236
4 110 617 614 810
4 1159 246 810 1162
4 803 257 1181 853
4 308 121 636 803
4 756 747 1199 654
4 774 232 1074 765
4 765 774 96 529
4 532 759 1077 669
4 1143 866 761 598
4 598 780 1141 596
4 625 664 8 709
4 1209 1170 144 709
4 606 108 309 817
4 244 817 1151 854
4 26 710 711 1241
4 711 710 162 1241
4 766 238 1080 775
4 775 766 102 535
4 325 636 122 796
4 258 870 796 1181
4 707 691 152 1240
4 707 16 691 1240
4 99 759 758 532
4 1077 235 759 758
4 1132 587 1028 1243
4 1210 1171 212 781
4 111 311 617 814
4 814 247 856 1162
4 1074 774 765 529
4 655 757 97 294
4 233 1200 839 757
4 114 313 622 813
4 1167 250 813 858
4 1141 1143 780 598
4 758 759 1077 532
4 1201 843 236 760
4 298 100 760 656
4 315 628 117 791
4 253 791 1173 860
4 1080 766 775 535
4 423 422 421 1238
4 966 967 968 1238
4 331 579 1124 1244
4 443 442 441 1242
4 986 987 988 1242
4 598 105 780 596
4 1141 1143 241 780
4 1213 879 819 273
4 334 137 668 819
4 836 1228 224 768
4 291 768 88 683
4 226 1198 838 776
4 293 90 776 653
4 875 1046 1101 1241
4 501 330 556 1241
4 556 330 25 1241
4 161 875 1101 1241
4 337 143 664 824
4 1209 279 882 824
4 657 766 1202 535
4 756 1199 749 654
4 1064 1065 833 1240
4 520 519 288 1240
4 317 638 124 793
4 1183 793 862 260
4 833 151 1064 1240
4 15 288 519 1240
4 784 239 1202 766
4 766 784 103 657
4 918 916 917 1243
4 373 372 371 1243
4 632 668 138 821
4 274 1177 821 1213
4 1027 912 914 1234
4 482 369 367 1234
4 1065 1042 991 1239
4 497 520 446 1239
4 325 123 638 804
4 1183 870 804 259
4 1046 1102 1101 1241
4 557 501 556 1241
4 794 811 1216 268
4 794 132 671 811
4 1124 579 1232 1244
4 879 792 819 273
4 819 334 137 792
4 587 483 1028 1243
4 754 75 752 665
4 753 211 1210 752
4 1102 967 1191 1238
4 557 646 422 1238
4 1124 916 1232 1234
4 1028 1232 916 1243
4 789 659 134 812
4 1204 812 789 270
4 579 1232 371 1234
4 846 1141 240 785
4 596 104 785 301
4 1123 483 578 1244
4 483 371 1232 1243
4 1124 1232 579 1234
4 1095 1097 852 1237
4 550 307 552 1237
4 1043 987 1067 1242
4 442 498 522 1242
4 1065 1043 833 1240
4 288 498 520 1240
4 656 758 1077 532
4 551 324 545 1235
4 869 1096 1090 1235
4 1074 1200 774 529
4 1124 876 331 1244
4 556 296 557 1241
4 1101 1102 841 1241
4 917 1097 1010 1237
4 465 552 372 1237
4 445 447 446 1239
4 992 990 991 1239
4 366 545 505 1235
4 911 1050 1090 1235
4 1080 1202 766 535
4 1100 973 971 1236
4 426 428 555 1236
4 833 1043 1066 1240
4 498 288 521 1240
4 556 26 296 1241
4 1101 841 162 1241
4 483 1232 1028 1243
4 336 752 75 665
4 1210 211 881 752
4 985 1067 987 1242
4 440 442 522 1242
4 1216 811 1194 269
4 649 671 133 811
4 1028 483 1123 1244
4 373 371 483 1243
4 916 918 1028 1243
4 152 833 1066 1240
4 16 521 288 1240
4 970 971 972 1236
4 425 427 426 1236
4 985 987 986 1242
4 442 440 441 1242
4 552 465 550 1237
4 1095 1010 1097 1237
4 133 659 649 812
4 1194 812 1204 269
4 755 5 206 1199
4 70 1 756 654
4 422 420 421 1238
4 965 967 966 1238
4 914 916 1124 1234
4 371 369 579 1234
4 1050 869 1090 1235
4 545 324 505 1235
4 420 422 646 1238
4 1191 967 965 1238
4 71 749 507 654
4 1052 1199 749 207
4 756 749 70 654
4 206 749 755 1199
4 284 140 141 820
4 829 276 820 277
4 991 1042 993 1239
4 497 446 448 1239
4 319 659 134 789
4 1204 789 864 270
4 755 205 1199 747
4 69 747 756 654
4 375 373 587 1243
4 918 920 1132 1243
4 973 972 971 1236
4 428 426 427 1236
4 1216 849 794 268
4 132 671 304 794
4 337 142 143 824
4 278 882 279 824
4 1124 1232 1028 1244
4 915 913 1049 1233
4 373 374 372 1243
4 917 919 918 1243
4 368 370 504 1233
4 657 784 103 301
4 1202 846 239 784
4 556 25 710 1241
4 161 1101 710 1241
4 483 1232 579 1244
4 833 691 151 1240
4 15 691 288 1240
4 202 203 717 863
4 717 67 66 318
4 201 202 740 1056
4 66 65 740 511
4 883 204 203 725
4 68 67 725 338
4 5 755 205 1199
4 756 1 69 654
4 855 180 179 742
4 43 44 310 742
4 727 63 62 608
4 198 199 727 1153
4 1028 1232 483 1244
4 173 174 708 1093
4 708 38 37 548
4 448 446 447 1239
4 991 993 992 1239
4 1084 184 183 723
4 47 48 539 723
4 64 63 722 303
4 722 199 200 848
4 520 498 444 1230
4 196 197 737 1147
4 737 61 60 602
4 739 65 64 512
4 201 200 1057 739
4 178 177 1114 743
4 42 41 743 569
4 607 34 35 694
4 170 171 694 1152
4 1165 187 186 734
4 50 51 620 734
4 1043 1065 989 1230
4 700 160 161 875
4 700 25 24 330
4 859 186 185 719
4 50 49 719 314
4 718 197 198 867
4 62 61 718 322
4 152 707 1066 153
4 521 16 17 707
4 195 196 735 850
4 60 59 735 305
4 150 151 714 1064
4 14 15 519 714
4 551 53 54 731
4 190 189 1096 731
4 172 173 713 1160
4 615 36 37 713
4 194 195 726 1142
4 726 59 58 597
4 40 39 716 546
4 1091 176 175 716
4 156 155 835 697
4 290 19 20 697
4 169 170 704 1117
4 704 34 33 572
4 52 51 733 550
4 188 187 1095 733
4 1086 194 193 730
4 58 57 730 541
4 147 148 692 831
4 286 11 12 692
4 687 31 30 559
4 166 167 687 1104
4 57 56 721 316
4 861 193 192 721
4 158 705 837 159
4 22 23 292 705
4 277 1148 278 823
4 603 141 142 823
4 732 56 55 544
4 191 192 732 1089
4 847 174 689 175
4 689 39 38 302
4 159 160 706 1108
4 706 24 23 563
4 752 75 74 336
4 881 211 210 752
4 148 149 690 1062
4 12 13 517 690
4 720 69 68 335
4 204 205 720 880
4 164 693 163 1158
4 27 28 613 693
4 55 54 724 324
4 191 724 190 869
4 686 32 31 610
4 167 168 686 1155
4 557 424 501 1231
4 632 138 139 821
4 821 1177 274 275
4 865 177 176 745
4 41 40 745 320
4 8 9 625 709
4 145 144 1170 709
4 82 81 787 327
4 218 217 872 787
4 1102 1046 969 1231
4 231 1211 1074 765
4 666 765 95 529
4 1074 232 231 765
4 96 95 765 529
4 834 220 219 763
4 84 83 763 289
4 216 215 832 764
4 80 79 764 287
4 189 188 852 729
4 729 53 52 307
4 238 237 1080 775
4 102 101 775 535
4 88 87 768 291
4 224 223 836 768
4 45 44 736 564
4 180 1109 181 736
4 168 169 688 844
4 688 33 32 299
4 587 373 483 1243
4 918 1132 1028 1243
4 47 46 741 312
4 857 183 182 741
4 49 48 728 538
4 1083 185 184 728
4 99 98 759 532
4 1077 235 234 759
4 556 25 26 710
4 710 161 162 1101
4 877 214 213 772
4 772 78 77 332
4 222 221 874 767
4 86 85 767 329
4 45 46 565 744
4 1110 182 181 744
4 98 759 532 669
4 1214 1077 234 759
4 1215 1080 237 775
4 670 775 101 535
4 699 1121 157 158
4 576 21 22 699
4 1074 1200 232 774
4 96 774 655 529
4 81 80 762 573
4 217 216 1118 762
4 83 82 786 574
4 219 218 1119 786
4 221 220 1125 779
4 85 84 779 580
4 10 11 513 695
4 147 146 1058 695
4 1068 155 154 698
4 18 19 523 698
4 152 151 833 691
4 15 16 288 691
4 72 73 285 748
4 208 830 209 748
4 209 1196 210 751
4 751 74 73 651
4 153 696 873 154
4 328 17 18 696
4 149 150 715 871
4 326 13 14 715
4 99 758 656 532
4 1077 1201 235 758
4 139 140 604 822
4 1149 275 822 276
4 1113 179 178 738
4 43 42 738 568
4 164 165 703 1106
4 561 28 29 703
4 300 35 36 712
4 171 172 712 845
4 26 556 710 1241
4 710 1101 162 1241
4 215 214 1059 778
4 79 78 778 514
4 1124 1027 914 1234
4 579 369 482 1234
4 267 794 849 268
4 304 131 132 794
4 87 86 769 581
4 223 222 1126 769
4 833 152 691 1240
4 288 691 16 1240
4 162 163 711 841
4 27 26 711 296
4 1080 1202 238 766
4 102 766 657 535
4 92 91 777 577
4 1122 228 227 777
4 333 9 10 701
4 146 145 878 701
4 325 122 123 796
4 259 870 796 258
4 702 1120 156 157
4 575 20 21 702
4 636 121 122 803
4 803 257 258 1181
4 93 771 782 1244
4 229 782 771 1244
4 631 119 120 805
4 255 256 805 1176
4 1209 144 4 746
4 0 8 664 746
4 819 7 1213 273
4 668 137 3 819
4 825 1209 4 746
4 826 0 664 746
4 819 7 827 1213
4 828 668 3 819
4 818 76 2 665
4 1210 212 6 818
4 753 1210 6 818
4 754 818 2 665
4 1186 797 272 271
4 641 135 136 797
4 1200 233 232 774
4 97 96 774 655
4 1209 4 279 825
4 664 143 0 826
4 920 918 919 1243
4 373 375 374 1243
4 100 99 758 656
4 236 235 1201 758
4 295 29 30 685
4 165 166 685 840
4 827 7 274 1213
4 668 3 138 828
4 272 792 879 273
4 334 136 137 792
4 134 135 319 789
4 271 864 789 270
4 240 239 846 784
4 784 104 103 301
4 308 120 121 801
4 256 257 801 853
4 1123 230 229 782
4 94 93 782 578
4 542 125 126 802
4 262 1087 802 261
4 755 281 747 756
4 828 819 283 827
4 825 280 826 746
4 818 282 753 754
4 254 255 806 1088
4 543 118 119 806
4 317 124 125 793
4 261 862 793 260
4 781 77 76 626
4 1171 213 212 781
4 791 253 254 860
4 315 117 118 791
4 313 114 115 813
4 250 251 813 858
4 606 107 108 788
4 243 244 788 1151
4 111 112 311 814
4 247 248 814 856
4 251 252 795 1094
4 549 115 116 795
4 241 240 1141 785
4 785 105 104 596
4 112 113 567 808
4 808 248 249 1112
4 205 755 5 747
4 747 1 69 756
4 817 244 245 854
4 108 109 309 817
4 1198 226 225 770
4 90 89 770 653
4 749 71 70 654
4 1199 206 749 207
4 283 819 7 827
4 819 3 828 283
4 282 753 6 818
4 4 280 825 746
4 280 0 826 746
4 2 282 818 754
4 260 1183 804 259
4 638 123 124 804
4 750 72 71 652
4 208 750 207 1197
4 110 111 617 810
4 247 810 246 1162
4 782 1123 578 1244
4 265 790 868 266
4 323 129 130 790
4 628 116 117 800
4 252 253 800 1173
4 1028 1124 916 1232
4 237 236 843 760
4 760 101 100 298
4 306 127 128 807
4 263 807 851 264
4 761 107 106 321
4 242 866 243 761
4 113 114 622 816
4 250 816 249 1167
4 483 371 579 1232
4 98 97 757 294
4 839 234 233 757
4 106 105 780 598
4 1143 242 241 780
4 771 331 876 1244
4 227 226 838 776
4 91 90 776 293
4 269 1216 811 268
4 132 133 671 811
4 644 128 129 809
4 264 265 809 1189
4 130 131 648 799
4 267 1193 799 266
4 211 1210 6 753
4 754 2 75 665
4 642 126 127 798
4 1187 798 263 262
4 245 246 815 1159
4 614 109 110 815
4 876 1124 1028 1244
4 331 483 579 1244
4 89 88 773 683
4 225 224 1228 773
4 766 103 102 657
4 239 238 1202 766
4 782 578 93 1244
4 1123 782 229 1244
4 876 229 228 771
4 93 92 771 331
4 133 134 659 812
4 270 1204 812 269
4 842 231 230 783
4 95 94 783 297
4 331 578 483 1244
4 876 1028 1123 1244
4 281 5 755 747
4 747 281 1 756
4 229 771 876 1244
4 93 331 771 1244
4 229 876 1123 1244
4 331 93 578 1244
4 626 818 76 781
4 76 818 626 665
4 1210 781 626 1171
4 626 781 1210 818
4 778 832 215 764
4 778 215 832 1059
4 778 287 79 514
4 79 287 778 764
4 1199 720 205 880
4 205 720 1199 747
4 720 654 69 335
4 69 654 720 747

CELL_TYPES 3352
10
10
10
10
10
10
10
10
10
10
10
10
10
10
10
10
10
10
10
10
10
10
10
10
10
10
10
10
10
10
10
10
10
10
10
10
10
10
10
10
10
10
10
10
10
10
10
10
10
10
10
10
10
10
10
10
10
10
10
10
10
10
10
10
10
10
10
10
10
10
10
10
10
10
10
10
10
10
10
10
10
10
10
10
10
10
10
10
10
10
10
10
10
10
10
10
10
10
10
10
10
10
10
10
10
10
10
10
10
10
10
10
10
10
10
10
10
10
10
10
10
10
10
10
10
10
10
10
10
10
10
10
10
10
10
10
10
10
10
10
10
10
10
10
10
10
10
10
10
10
10
10
10
10
10
10
10
10
10
10
10
10
10
10
10
10
10
10
10
10
10
10
10
10
10
10
10
10
10
10
10
10
10
10
10
10
10
10
10
10
10
10
10
10
10
10
10
10
10
10
10
10
10
10
10
10
10
10
10
10
10
10
10
10
10
10
10
10
10
10
10
10
10
10
10
10
10
10
10
10
10
10
10
10
10
10
10
10
10
10
10
10
10
10
10
10
10
10
10
10
10
10
10
10
10
10
10
10
10
10
10
10
10
10
10
10
10
10
10
10
10
10
10
10
10
10
10
10
10
10
10
10
10
10
10
10
10
10
10
10
10
10
10
10
10
10
10
10
10
10
10
10
10
10
10
10
10
10
10
10
10
10
10
10
10
10
10
10
10
10
10
10
10
10
10
10
10
10
10
10
10
10
10
10
10
10
10
10
10
10
10
10
10
10
10
10
10
10
10
10
10
10
10
10
10
10
10
10
10
10
10
10
10
10
10
10
10
10
10
10
10
10
10
10
10
10
10
10
10
10
10
10
10
10
10
10
10
10
10
10
10
10
10
10
10
10
10
10
10
10
10
10
10
10
10
10
10
10
10
10
10
10
10
10
10
10
10
10
10
10
10
10
10
10
10
10
10
10
10
10
10
10
10
10
10
10
10
10
10
10
10
10
10
10
10
10
10
10
10
10
10
10
10
10
10
10
10
10
10
10
10
10
10
10
10
10
10
10
10
10
10
10
10
10
10
10
10
10
10
10
10
10
10
10
10
10
10
10
10
10
10
10
10
10
10
10
10
10
10
10
10
10
10
10
10
10
10
10
10
10
10
10
10
10
10
10
10
10
10
10
10
10
10
10
10
10
10
10
10
10
10
10
10
10
10
10
10
10
10
10
10
10
10
10
10
10
10
10
10
10
10
10
10
10
10
10
10
10
10
10
10
10
10
10
10
10
10
10
10
10
10
10
10
10
10
10
10
10
10
10
10
10
10
10
10
10
10
10
10
10
10
10
10
10
10
10
10
10
10
10
10
10
10
10
10
10
10
10
10
10
10
10
10
10
10
10
10
10
10
10
10
10
10
10
10
10
10
10
10
10
10
10
10
10
10
10
10
10
10
10
10
10
10
10
10
10
10
10
10
10
10
10
10
10
10
10
10
10
10
10
10
10
10
10
10
10
10
10
10
10
10
10
10
10
10
10
10
10
10
10
10
10
10
10
10
10
10
10
10
10
10
10
10
10
10
10
10
10
10
10
10
10
10
10
10
10
10
10
10
10
10
10
10
10
10
10
10
10
10
10
10
10
10
10
10
10
10
10
10
10
10
10
10
10
10
10
10
10
10
10
10
10
10
10
10
10
10
10
10
10
10
10
10
10
10
10
10
10
10
10
10
10
10
10
10
10
10
10
10
10
10
10
10
10
10
10
10
10
10
10
10
10
10
10
10
10
10
10
10
10
10
10
10
10
10
10
10
10
10
10
10
10
10
10
10
10
10
10
10
10
10
10
10
10
10
10
10
10
10
10
10
10
10
10
10
10
10
10
10
10
10
10
10
10
10
10
10
10
10
10
10
10
10
10
10
10
10
10
10
10
10
10
10
10
10
10
10
10
10
10
10
10
10
10
10
10
10
10
10
10
10
10
10
10
10
10
10
10
10
10
10
10
10
10
10
10
10
10
10
10
10
10
10
10
10
10
10
10
10
10
10
10
10
10
10
10
10
10
10
10
10
10
10
10
10
10
10
10
10
10
10
10
10
10
10
10
10
10
10
10
10
10
10
10
10
10
10
10
10
10
10
10
10
10
10
10
10
10
10
10
10
10
10
10
10
10
10
10
10
10
10
10
10
10
10
10
10
10
10
10
10
10
10
10
10
10
10
10
10
10
10
10
10
10
10
10
10
10
10
10
10
10
10
10
10
10
10
10
10
10
10
10
10
10
10
10
10
10
10
10
10
10
10
10
10
10
10
10
10
10
10
10
10
10
10
10
10
10
10
10
10
10
10
10
10
10
10
10
10
10
10
10
10
10
10
10
10
10
10
10
10
10
10
10
10
10
10
10
10
10
10
10
10
10
10
10
10
10
10
10
10
10
10
10
10
10
10
10
10
10
10
10
10
10
10
10
10
10
10
10
10
10
10
10
10
10
10
10
10
10
10
10
10
10
10
10
10
10
10
10
10
10
10
10
10
10
10
10
10
10
10
10
10
10
10
10
10
10
10
10
10
10
10
10
10
10
10
10
10
10
10
10
10
10
10
10
10
10
10
10
10
10
10
10
10
10
10
10
10
10
10
10
10
10
10
10
10
10
10
10
10
10
10
10
10
10
10
10
10
10
10
10
10
10
10
10
10
10
10
10
10
10
10
10
10
10
10
10
10
10
10
10
10
10
10
10
10
10
10
10
10
10
10
10
10
10
10
10
10
10
10
10
10
10
10
10
10
10
10
10
10
10
10
10
10
10
10
10
10
10
10
10
10
10
10
10
10
10
10
10
10
10
10
10
10
10
10
10
10
10
10
10
10
10
10
10
10
10
10
10
10
10
10
10
10
10
10
10
10
10
10
10
10
10
10
10
10
10
10
10
10
10
10
10
10
10
10
10
10
10
10
10
10
10
10
10
10
10
10
10
10
10
10
10
10
10
10
10
10
10
10
10
10
10
10
10
10
10
10
10
10
10
10
10
10
10
10
10
10
10
10
10
10
10
10
10
10
10
10
10
10
10
10
10
10
10
10
10
10
10
10
10
10
10
10
10
10
10
10
10
10
10
10
10
10
10
10
10
10
10
10
10
10
10
10
10
10
10
10
10
10
10
10
10
10
10
10
10
10
10
10
10
10
10
10
10
10
10
10
10
10
10
10
10
10
10
10
10
10
10
10
10
10
10
10
10
10
10
10
10
10
10
10
10
10
10
10
10
10
10
10
10
10
10
10
10
10
10
10
10
10
10
10
10
10
10
10
10
10
10
10
10
10
10
10
10
10
10
10
10
10
10
10
10
10
10
10
10
10
10
10
10
10
10
10
10
10
10
10
10
10
10
10
10
10
10
10
10
10
10
10
10
10
10
10
10
10
10
10
10
10
10
10
10
10
10
10
10
10
10
10
10
10
10
10
10
10
10
10
10
10
10
10
10
10
10
10
10
10
10
10
10
10
10
10
10
10
10
10
10
10
10
10
10
10
10
10
10
10
10
10
10
10
10
10
10
10
10
10
10
10
10
10
10
10
10
10
10
10
10
10
10
10
10
10
10
10
10
10
10
10
10
10
10
10
10
10
10
10
10
10
10
10
10
10
10
10
10
10
10
10
10
10
10
10
10
10
10
10
10
10
10
10
10
10
10
10
10
10
10
10
10
10
10
10
10
10
10
10
10
10
10
10
10
10
10
10
10
10
10
10
10
10
10
10
10
10
10
10
10
10
10
10
10
10
10
10
10
10
10
10
10
10
10
10
10
10
10
10
10
10
10
10
10
10
10
10
10
10
10
10
10
10
10
10
10
10
10
10
10
10
10
10
10
10
10
10
10
10
10
10
10
10
10
10
10
10
10
10
10
10
10
10
10
10
10
10
10
10
10
10
10
10
10
10
10
10
10
10
10
10
10
10
10
10
10
10
10
10
10
10
10
10
10
10
10
10
10
10
10
10
10
10
10
10
10
10
10
10
10
10
10
10
10
10
10
10
10
10
10
10
10
10
10
10
10
10
10
10
10
10
10
10
10
10
10
10
10
10
10
10
10
10
10
10
10
10
10
10
10
10
10
10
10
10
10
10
10
10
10
10
10
10
10
10
10
10
10
10
10
10
10
10
10
10
10
10
10
10
10
10
10
10
10
10
10
10
10
10
10
10
10
10
10
10
10
10
10
10
10
10
10
10
10
10
10
10
10
10
10
10
10
10
10
10
10
10
10
10
10
10
10
10
10
10
10
10
10
10
10
10
10
10
10
10
10
10
10
10
10
10
10
10
10
10
10
10
10
10
10
10
10
10
10
10
10
10
10
10
10
10
10
10
10
10
10
10
10
10
10
10
10
10
10
10
10
10
10
10
10
10
10
10
10
10
10
10
10
10
10
10
10
10
10
10
10
10
10
10
10
10
10
10
10
10
10
10
10
10
10
10
10
10
10
10
10
10
10
10
10
10
10
10
10
10
10
10
10
10
10
10
10
10
10
10
10
10
10
10
10
10
10
10
10
10
10
10
10
10
10
10
10
10
10
10
10
10
10
10
10
10
10
10
10
10
10
10
10
10
10
10
10
10
10
10
10
10
10
10
10
10
10
10
10
10
10
10
10
10
10
10
10
10
10
10
10
10
10
10
10
10
10
10
10
10
10
10
10
10
10
10
10
10
10
10
10
10
10
10
10
10
10
10
10
10
10
10
10
10
10
10
10
10
10
10
10
10
10
10
10
10
10
10
10
10
10
10
10
10
10
10
10
10
10
10
10
10
10
10
10
10
10
10
10
10
10
10
10
10
10
10
10
10
10
10
10
10
10
10
10
10
10
10
10
10
10
10
10
10
10
10
10
10
10
10
10
10
10
10
10
10
10
10
10
10
10
10
10
10
10
10
10
10
10
10
10
10
10
10
10
10
10
10
10
10
10
10
10
10
10
10
10
10
10
10
10
10
10
10
10
10
10
10
10
10
10
10
10
10
10
10
10
10
10
10
10
10
10
10
10
10
10
10
10
10
10
10
10
10
10
10
10
10
10
10
10
10
10
10
10
10
10
10
10
10
10
10
10
10
10
10
10
10
10
10
10
10
10
10
10
10
10
10
10
10
10
10
10
10
10
10
10
10
10
10
10
10
10
10
10
10
10
10
10
10
10
10
10
10
10
10
10
10
10
10
10
10
10
10
10
10
10
10
10
10
10
10
10
10
10
10
10
10
10
10
10
10
10
10
10
10
10
10
10
10
10
10
10
10
10
10
10
10
10
10
10
10
10
10
10
10
10
10
10
10
10
10
10
10
10
10
10
10
10
10
10
10
10
10
10
10
10
10
10
10
10
10
10
10
10
10
10
10
10
10
10
10
10
10
10
10
10
10
10
10
10
10
10
10
10
10
10
10
10
10
10
10
10
10
10
10
10
10
10
10
10
10
10
10
10
10
10
10
10
10
10
10
10
10
10
10
10
10
10
10
10
10
10
10
10
10
10
10
10
10
10
10
10
10
10
10
10
10
10
10
10
10
10
10
10
10
10
10
10
10
10
10
10
10
10
10
10
10
10
10
10
10
10
10
10
10
10
10
10
10
10
10
10
10
10
10
10
10
10
10
10
10
10
10
10
10
10
10
10
10
10
10
10
10
10
10
10
10
10
10
10
10
10
10
10
10
10
10
10
10
10
10
10
10
10
10
10
10
10
10
10
10
10
10
10
10
10
10
10
10
10
10
10
10
10
10
10
10
10
10
10
10
10
10
10
10
10
10
10
10
10
10
10
10
10
10
10
10
10
10
10
10
10
10
10
10
10
10
10
10
10
10
10
10
10
10
10
10
10
10
10
10
10
10
10
10
10
10
10
10
10
10
10
10
10
10
10
10
10
10
10
10
10
10
10
10
10
10
10
10
10
10
10
10
10
10
10
10
10
10
10
10
10
10
10
10
10
10
10
10
10
10
10
10
10
10
10
10
10
10
10
10
10
10
10
10
10
10
10
10
10
10
10
10
10
10
10
10
10
10
10
10
10
10
10
10
10
10
10
10
10
10
10
10
10
10
10
10
10
10
10
10
10
10
10
10
10
10
10
10
10
10
10
10
10
10
10
10
10
10
10
10
10
10
10
10
10
10
10
10
10
10
10
10
10
10
10
10
10
10
10
10
10
10
10
10
10
10
10
10
10
10
10
10
10
10
10
10
10
10
10
10
10
10
10
10
10
10
10
10
10
10
10
10
10
10
10
10
10
10
10
10
10
10
10
10
10
10
10
10
10
10
10
10
10
10
10
10
10
10
10
10
10
10
10
10
10
10
10
10
10
10
10
10
10
10
10
10
10
10
10
10
10
10
10
10
10
10
10
10
10
10
10
10
10
10
10
10
10
10
10
10
10
10
10
10
10
10
10
10
10
10
10
10
10
10
10
10
10
10
10
10
10
10
10
10
10
10
10
10
10
10
10
10
10
10
10
10
10
10
10
10
10
10
10
10
10
10
10
10
10
10
10
10
10
10
10
10
10
10
10
10
10
10
10
10
10
10
10
10
10
10
10
10
10
10
10
10
10
10
10
10
10
10
10
10
10
10
10
10
10
10
10
10
10
10
10
10
10
10
10
10
10
10
10
10
10
10
10
10
10
10
10
10
10
10
10
10
10
10
10
10
10
10
10
10
10
10
10
10
10
10
10
10
10
10
10
10
10
10
10
10
10
10
10
10
10
10
10
10
10
10
10
10
10
10
10
10
10
10
10
10
10
10
10
10
10
10
10
10
10
10
10
10
10
10
10
10
10
10
10
10
10
10
10
10
10
10
10
10
10
10
10
10
10
10
10
10
10
10
10
10
10
10
10
10
10
10
10
10
10
10
10
10
10
10
10
10
10
10
10
10
10
10
10
10
10
10
10
10
10
10
10
10
10
10
10
10
10
10
10
10
10
10
10
10
10
10
10
10
10
10
10
10
10
10
10
10
10
10
10
10
10
10
10
10
10
10
10
10
10
10
10
10
10
10
10
10
10
10
10
10
10
10
10
10
10
10
10
10
10
10
10
10
10
10
10
10
10
10
10
10
10
10
10
10
10
10
10
10
10
10
10
10
10
10
10
10
10
10
10
10
10
10
10
10
10
10
10
10
10
10
10
10
10
10
10
10
10
10
10
10
10
10
10
10
10
10
10
10
10
10
10
10
10
10
10
10
10
10
10
10
10
10
10
10
10
10
10
10
10
10
10
10
10
10
10
10
10
10
10
10
10
10
10
10
10
10
10
10
10
10
10
10
10
10
10
10
10
10
10
10
10
10
10
10
10
10
10
10
10
10
10
10
10
10
10
10
10
10
10
10
10
10
10
10
10
10
10
10
10
10
10
10
10
10
10
10
10
10
10
10
10
10
10
10
10
10
10
10
10
10
10
10
10
10
10
10
10
10
10
10
10
10
10
10
10
10
10
10
10
10
10
10
10
10
10
10
10
10
10
10
10
10
10
10
10
10
10
10
10
10
10
10
10
10
10
10
10
10
10
10
10
10
10
10
10
10
10
10
10
10
10
10
10
10
10
10
10
10
10
10
10
10
10
10
10

CELL_DATA 3352
SCALARS CellEntityIds int 1
LOOKUP_TABLE default
1
1
1
1
1
1
1
1
1
1
1
1
1
1
1
1
1
1
1
1
1
1
1
1
1
1
1
1
1
1
1
1
1
1
1
1
1
1
1
1
1
1
1
1
1
1
1
1
1
1
1
1
1
1
1
1
1
1
1
1
1
1
1
1
1
1
1
1
1
1
1
1
1
1
1
1
1
1
1
1
1
1
1
1
1
1
1
1
1
1
1
1
1
1
1
1
1
1
1
1
1
1
1
1
1
1
1
1
1
1
1
1
1
1
1
1
1
1
1
1
1
1
1
1
1
1
1
1
1
1
1
1
1
1
1
1
1
1
1
1
1
1
1
1
1
1
1
1
1
1
1
1
1
1
1
1
1
1
1
1
1
1
1
1
1
1
1
1
1
1
1
1
1
1
1
1
1
1
1
1
1
1
1
1
1
1
1
1
1
1
1
1
1
1
1
1
1
1
1
1
1
1
1
1
1
1
1
1
1
1
1
1
1
1
1
1
1
1
1
1
1
1
1
1
1
1
1
1
1
1
1
1
1
1
1
1
1
1
1
1
1
1
1
1
1
1
1
1
1
1
1
1
1
1
1
1
1
1
1
1
1
1
1
1
1
1
1
1
1
1
1
1
1
1
1
1
1
1
1
1
1
1
1
1
1
1
1
1
1
1
1
1
1
1
1
1
1
1
1
1
1
1
1
1
1
1
1
1
1
1
1
1
1
1
1
1
1
1
1
1
1
1
1
1
1
1
1
1
1
1
1
1
1
1
1
1
1
1
1
1
1
1
1
1
1
1
1
1
1
1
1
1
1
1
1
1
1
1
1
1
1
1
1
1
1
1
1
1
1
1
1
1
1
1
1
1
1
1
1
1
1
1
1
1
1
1
1
1
1
1
1
1
1
1
1
1
1
1
1
1
1
1
1
1
1
1
1
1
1
1
1
1
1
1
1
1
1
1
1
1
1
1
1
1
1
1
1
1
1
1
1
1
1
1
1
1
1
1
1
1
1
1
1
1
1
1
1
1
1
1
1
1
1
1
1
1
1
1
1
1
1
1
1
1
1
1
1
1
1
1
1
1
1
1
1
1
1
1
1
1
1
1
1
1
1
1
1
1
1
1
1
1
1
1
1
1
1
1
1
1
1
1
1
1
1
1
1
1
1
1
1
1
1
1
1
1
1
1
1
1
1
1
1
1
1
1
1
1
1
1
1
1
1
1
1
1
1
1
1
1
1
1
1
1
1
1
1
1
1
1
1
1
1
1
1
1
1
1
1
1
1
1
1
1
1
1
1
1
1
1
1
1
1
1
1
1
1
1
1
1
1
1
1
1
1
1
1
1
1
1
1
1
1
1
1
1
1
1
1
1
1
1
1
1
1
1
1
1
1
1
1
1
1
1
1
1
1
1
1
1
1
1
1
1
1
1
1
1
1
1
1
1
1
1
1
1
1
1
1
1
1
1
1
1
1
1
1
1
1
1
1
1
1
1
1
1
1
1
1
1
1
1
1
1
1
1
1
1
1
1
1
1
1
1
1
1
1
1
1
1
1
1
1
1
1
1
1
1
1
1
1
1
1
1
1
1
1
1
1
1
1
1
1
1
1
1
1
1
1
1
1
1
1
1
1
1
1
1
1
1
1
1
1
1
1
1
1
1
1
1
1
1
1
1
1
1
1
1
1
1
1
1
1
1
1
1
1
1
1
1
1
1
1
1
1
1
1
1
1
1
1
1
1
1
1
1
1
1
1
1
1
1
1
1
1
1
1
1
1
1
1
1
1
1
1
1
1
1
1
1
1
1
1
1
1
1
1
1
1
1
1
1
1
1
1
1
1
1
1
1
1
1
1
1
1
1
1
1
1
1
1
1
1
1
1
1
1
1
1
1
1
1
1
1
1
1
1
1
1
1
1
1
1
1
1
1
1
1
1
1
1
1
1
1
1
1
1
1
1
1
1
1
1
1
1
1
1
1
1
1
1
1
1
1
1
1
1
1
1
1
1
1
1
1
1
1
1
1
1
1
1
1
1
1
1
1
1
1
1
1
1
1
1
1
1
1
1
1
1
1
1
1
1
1
1
1
1
1
1
1
1
1
1
1
1
1
1
1
1
1
1
1
1
1
1
1
1
1
1
1
1
1
1
1
1
1
1
1
1
1
1
1
1
1
1
1
1
1
1
1
1
1
1
1
1
1
1
1
1
1
1
1
1
1
1
1
1
1
1
1
1
1
1
1
1
1
1
1
1
1
1
1
1
1
1
1
1
1
1
1
1
1
1
1
1
1
1
1
1
1
1
1
1
1
1
1
1
1
1
1
1
1
1
1
1
1
1
1
1
1
1
1
1
1
1
1
1
1
1
1
1
1
1
1
1
1
1
1
1
1
1
1
1
1
1
1
1
1
1
1
1
1
1
1
1
1
1
1
1
1
1
1
1
1
1
1
1
1
1
1
1
1
1
1
1
1
1
1
1
1
1
1
1
1
1
1
1
1
1
1
1
1
1
1
1
1
1
1
1
1
1
1
1
1
1
1
1
1
1
1
1
1
1
1
1
1
1
1
1
1
1
1
1
1
1
1
1
1
1
1
1
1
1
1
1
1
1
1
1
1
1
1
1
1
1
1
1
1
1
1
1
1
1
1
1
1
1
1
1
1
1
1
1
1
1
1
1
1
1
1
1
1
1
1
1
1
1
1
1
1
1
1
1
1
1
1
1
1
1
1
1
1
1
1
1
1
1
1
1
1
1
1
1
1
1
1
1
1
1
1
1
1
1
1
1
1
1
1
1
1
1
1
1
1
1
1
1
1
1
1
1
1
1
1
1
1
1
1
1
1
1
1
1
1
1
1
1
1
1
1
1
1
1
1
1
1
1
1
1
1
1
1
1
1
1
1
1
1
1
1
1
1
1
1
1
1
1
1
1
1
1
1
1
1
1
1
1
1
1
1
1
1
1
1
1
1
1
1
1
1
1
1
1
1
1
1
1
1
1
1
1
1
1
1
1
1
1
1
1
1
1
1
1
1
1
1
1
1
1
1
1
1
1
1
1
1
1
1
1
1
1
1
1
1
1
1
1
1
1
1
1
1
1
1
1
1
1
1
1
1
1
1
1
1
1
1
1
1
1
1
1
1
1
1
1
1
1
1
1
1
1
1
1
1
1
1
1
1
1
1
1
1
1
1
1
1
1
1
1
1
1
1
1
1
1
1
1
1
1
1
1
1
1
1
1
1
1
1
1
1
1
1
1
1
1
1
1
1
1
1
1
1
1
1
1
1
1
1
1
1
1
1
1
1
1
1
1
1
1
1
1
1
1
1
1
1
1
1
1
1
1
1
1
1
1
1
1
1
1
1
1
1
1
1
1
1
1
1
1
1
1
1
1
1
1
1
1
1
1
1
1
1
1
1
1
1
1
1
1
1
1
1
1
1
1
1
1
1
1
1
1
1
1
1
1
1
1
1
1
1
1
1
1
1
1
1
1
1
1
1
1
1
1
1
1
1
1
1
1
1
1
1
1
1
1
1
1
1
1
1
1
1
1
1
1
1
1
1
1
1
1
1
1
1
1
1
1
1
1
1
1
1
1
1
1
1
1
1
1
1
1
1
1
1
1
1
1
1
1
1
1
1
1
1
1
1
1
1
1
1
1
1
1
1
1
1
1
1
1
1
1
1
1
1
1
1
1
1
1
1
1
1
1
1
1
1
1
1
1
1
1
1
1
1
1
1
1
1
1
1
1
1
1
1
1
1
1
1
1
1
1
1
1
1
1
1
1
1
1
1
1
1
1
1
1
1
1
1
1
1
1
1
1
1
1
1
1
1
1
1
1
1
1
1
1
1
1
1
1
1
1
1
1
1
1
1
1
1
1
1
1
1
1
1
1
1
1
1
1
1
1
1
1
1
1
1
1
1
1
1
1
1
1
1
1
1
1
1
1
1
1
1
1
1
1
1
1
1
1
1
1
1
1
1
1
1
1
1
1
1
1
1
1
1
1
1
1
1
1
1
1
1
1
1
1
1
1
1
1
1
1
1
1
1
1
1
1
1
1
1
1
1
1
1
1
1
1
1
1
1
1
1
1
1
1
1
1
1
1
1
1
1
1
1
1
1
1
1
1
1
1
1
1
1
1
1
1
1
1
1
1
1
1
1
1
1
1
1
1
1
1
1
1
1
1
1
1
1
1
1
1
1
1
1
1
1
1
1
1
1
1
1
1
1
1
1
1
1
1
1
1
1
1
1
1
1
1
1
1
1
1
1
1
1
1
1
1
1
1
1
1
1
1
1
1
1
1
1
1
1
1
1
1
1
1
1
1
1
1
1
1
1
1
1
1
1
1
1
1
1
1
1
1
1
1
1
1
1
1
1
1
1
1
1
1
1
1
1
1
1
1
1
1
1
1
1
1
1
1
1
1
1
1
1
1
1
1
1
1
1
1
1
1
1
1
1
1
1
1
1
1
1
1
1
1
1
1
1
1
1
1
1
1
1
1
1
1
1
1
1
1
1
1
1
1
1
1
1
1
1
1
1
1
1
1
1
1
1
1
1
1
1
1
1
1
1
1
1
1
1
1
1
1
1
1
1
1
1
1
1
1
1
1
1
1
1
1
1
1
1
1
1
1
1
1
1
1
1
1
1
1
1
1
1
1
1
1
1
1
1
1
1
1
1
1
1
1
1
1
1
1
1
1
1
1
1
1
1
1
1
1
1
1
1
1
1
1
1
1
1
1
1
1
1
1
1
1
1
1
1
1
1
1
1
1
1
1
1
1
1
1
1
1
1
1
1
1
1
1
1
1
1
1
1
1
1
1
1
1
1
1
1
1
1
1
1
1
1
1
1
1
1
1
1
1
1
1
1
1
1
1
1
1
1
1
1
1
1
1
1
1
1
1
1
1
1
1
1
1
1
1
1
1
1
1
1
1
1
1
1
1
1
1
1
1
1
1
1
1
1
1
1
1
1
1
1
1
1
1
1
1
1
1
1
1
1
1
1
1
1
1
1
1
1
1
1
1
1
1
1
1
1
1
1
1
1
1
1
1
1
1
1
1
1
1
1
1
1
1
1
1
1
1
1
1
1
1
1
1
1
1
1
1
1
1
1
1
1
1
1
1
1
1
1
1
1
1
1
1
1
1
1
1
1
1
1
1
1
1
1
1
1
1
1
1
1
1
1
1
1
1
1
1
1
1
1
1
1
1
1
1
1
1
1
1
1
1
1
1
1
1
1
1
1
1
1
1
1
1
1
1
1
1
1
1
1
1
1
1
1
1
1
1
1
1
1
1
1
1
1
1
1
1
1
1
1
1
1
1
1
1
1
1
1
1
1
1
1
1
1
1
1
1
1
1
1
1
1
1
1
1
1
1
1
1
1
1
1
1
1
1
1
1
1
1
1
1
1
1
1
1
1
1
1
1
1
1
1
1
1
1
1
1
1
1
1
1
1
1
1
1
1
1
1
1
1
1
1
1
1
1
1
1
1
1
1
1
1
1
1
1
1
1
1
1
1
1
1
1
1
1
1
1
1
1
1
1
1
1
1
1
1
1
1
1
1
1
1
1
1
1
1
1
1
1
1
1
1
1
1
1
1
1
1
1
1
1
1
1
1
1
1
1
1
1
1
1
1
1
1
1
1
1
1
1
1
1
1
1
1
1
1
1
1
1
1
1
1
1
1
1
1
1
1
1
1
1
1
1
1
1
1
1
1
1
1
1
1
1
1
1
1
1
1
1
1
1
1
1
1
1
1
1
1
1
1
1
1
1
1
1
1
1
1
1
1
1
1
1
1
1
1
1
1
1
1
1
1
1
1
1
1
1
1
1
1
1
1
1
1
1
1
1
1
1
1
1
1
1
1
1
1
1
1
1
1
1
1
1
1
1
1
1
1
1
1
1
1
1
1
1
1
1
1
1
1
1
1
1
1
1
1
1
1
1
1
1
1
1
1
1
1
1
1
1
1
1
1
1
1
1
1
1
1
1
1
1
1
1
1
1
1
1
1
1
1
1
1
1
1
1
1
1
1
1
1
1
1
1
1
1
1
1
1
1
1
1
1
1
1
1
1
1
1
1
1
1
1
1
1
1
1
1
1
1
1
1
1
1
1
1
1
1
1
1
1
1
1
1
1
1
1
1
1
1
1
1
1
1
1
1
1
1
1
1
1
1
1
1
1
1
1
1
1
1
1
1
1
1
1
1
1
1
1
1
1
1
1
1
1
1
1
1
1
1
1
1
1
1
1
1
1
1
1
1
1
1
1
1
1
1
1
1
1
1
1
1
1
1
1
1
1
1
1
1
1
1
1
1
1
1
1
1
1
1
1
1
1
1
1
1
1
1
1
1
1
1
1
1
1
1
1
1
1
1
1
1
1
1
1
1
1
1
1
1
1
1
1
1
1
1
1
1
1
1
1
1
1
1
1
1
1
1
1
1
1
1
1
1
1
1
1
1
1
1
1
1
1
1
1
1
1
1
1
1
1
1
1
1
1
1
1
1
1
1
1
1
1
1
1
1
1
1
1
1
1
1
1
1
1
1
1
1
1
1
1
1
1
1
1
1
1
1
1
1
1
1
1
1
1
1
1
1
1
1
1
1
1
1
1
1
1
1
1
1
1
1
1
1
1
1
1
1
1
1
1
1
1
1
1
1
1
1
1
1
1
1
1
1
1
1
1
1
1
1
1
1
1
1
1
1
1
1
1
1
1
1
1
1
1
1
1
1
1
1
1
1
1
1
1
1
1
1
1
1
1
1
1
1
1
1
1
1
1
1
1
1
1
1
1
1
1
1
1
1
1
1
1
1
1
1
1
1
1
1
1
1
1
1
1
1
1
1
1
1
1
1
1
1
1
1
1
1
1
1
1
1
1
1
1
1
1
1
1
1
1
1
1
1
1
1
1
1
1
1
1
1
1
1
1
1
1
1
1
1
1
1
1
1
1
1
1
1
1
1
1
1
1
1
1
1
1
1
1
1
1
1
1
1
1
1
1
1
1
1
1
1
1
1
1
1
1
1
1
1
1
1
1
1
1
1
1
1
1
1
1
1
1
1
1
1
1
1
1
1
1
1
1
1
1
1
1
1
1
1
1
1
1
1
1
1
1
1
1
1
1
1
1
1
1
1
1
1
1
1
1
1
1
1
1
1
1
1
1
1
1
1
1
1
1
1
1
1
1
1
1
1
1
1
1
1
1
1
1
1
1
1
1
1
1
1
1
1
1
1
1
1
1
1
1
1
1
1
1
1
1
1
1
1
1
1
1
1
1
1
1
1
1
1
1
1
1
1
1
1
1
1
1
1
1
1
1
1
1
1
1
1
1
1
1
1
1
1
1
1
1
1
1
1
1
1
1
1
1
1
1
1
1
1
1
1
1
1
1
1
1
1
1
1
1
1
1
1
1
1
1
1
1
1
1
1
1
1
1
1
1
1
1
1
1
1
1
1
1
1
1
1
1
1
1
1
1
1
1
1
1
1
1
1
1
1
1
1
1
1
1
1
1
1
1
1
1
1
1
1
1
1
1
1
1
1
1
1
1
1
1
1
1
1
1
1
1
1
1
1
1
1
1
1
1
1
1
