# vtk DataFile Version 2.0
rectangle, Created by Gmsh 4.15.0 
ASCII
DATASET UNSTRUCTURED_GRID
POINTS 1525 double
-0.025 -0.0025 -0.0005
0.025 -0.0025 -0.0005
0.025 0.0025 -0.0005
-0.025 0.0025 -0.0005
-0.025 -0.0025 0.0005
0.025 -0.0025 0.0005
0.025 0.0025 0.0005
-0.025 0.0025 0.0005
-0.02430555555555633 -0.0025 -0.0005
-0.02361111111111371 -0.0025 -0.0005
-0.02291666666667124 -0.0025 -0.0005
-0.02222222222222878 -0.0025 -0.0005
-0.02152777777778631 -0.0025 -0.0005
-0.02083333333334339 -0.0025 -0.0005
-0.02013888888889972 -0.0025 -0.0005
-0.0194444444444562 -0.0025 -0.0005
-0.01875000000001305 -0.0025 -0.0005
-0.01805555555556991 -0.0025 -0.0005
-0.01736111111112744 -0.0025 -0.0005
-0.01666666666668497 -0.0025 -0.0005
-0.01597222222224251 -0.0025 -0.0005
-0.01527777777780004 -0.0025 -0.0005
-0.01458333333335757 -0.0025 -0.0005
-0.01388888888891511 -0.0025 -0.0005
-0.01319444444447264 -0.0025 -0.0005
-0.01250000000003017 -0.0025 -0.0005
-0.01180555555558771 -0.0025 -0.0005
-0.01111111111114524 -0.0025 -0.0005
-0.01041666666670278 -0.0025 -0.0005
-0.009722222222260308 -0.0025 -0.0005
-0.009027777777817842 -0.0025 -0.0005
-0.008333333333375378 -0.0025 -0.0005
-0.00763888888893291 -0.0025 -0.0005
-0.006944444444490442 -0.0025 -0.0005
-0.006250000000048654 -0.0025 -0.0005
-0.005555555555606863 -0.0025 -0.0005
-0.004861111111164395 -0.0025 -0.0005
-0.004166666666721931 -0.0025 -0.0005
-0.003472222222279463 -0.0025 -0.0005
-0.002777777777836998 -0.0025 -0.0005
-0.00208333333339453 -0.0025 -0.0005
-0.001388888888952059 -0.0025 -0.0005
-0.0006944444445095878 -0.0025 -0.0005
-6.643990912991171e-14 -0.0025 -0.0005
0.0006944444443789596 -0.0025 -0.0005
0.001388888888825723 -0.0025 -0.0005
0.002083333333271802 -0.0025 -0.0005
0.002777777777717955 -0.0025 -0.0005
0.003472222222164638 -0.0025 -0.0005
0.004166666666610717 -0.0025 -0.0005
0.004861111111057099 -0.0025 -0.0005
0.005555555555503557 -0.0025 -0.0005
0.006249999999949636 -0.0025 -0.0005
0.00694444444439625 -0.0025 -0.0005
0.007638888888842774 -0.0025 -0.0005
0.008333333333288104 -0.0025 -0.0005
0.009027777777735398 -0.0025 -0.0005
0.009722222222181484 -0.0025 -0.0005
0.01041666666662726 -0.0025 -0.0005
0.01111111111107455 -0.0025 -0.0005
0.01180555555552018 -0.0025 -0.0005
0.01249999999996641 -0.0025 -0.0005
0.01319444444441265 -0.0025 -0.0005
0.01388888888885827 -0.0025 -0.0005
0.01458333333330557 -0.0025 -0.0005
0.01527777777775135 -0.0025 -0.0005
0.01597222222219744 -0.0025 -0.0005
0.01666666666664473 -0.0025 -0.0005
0.01736111111109005 -0.0025 -0.0005
0.01805555555553658 -0.0025 -0.0005
0.01874999999998388 -0.0025 -0.0005
0.01944444444442875 -0.0025 -0.0005
0.02013888888887573 -0.0025 -0.0005
0.02083333333332257 -0.0025 -0.0005
0.02152777777776761 -0.0025 -0.0005
0.0222222222222149 -0.0025 -0.0005
0.02291666666666128 -0.0025 -0.0005
0.02361111111110677 -0.0025 -0.0005
0.02430555555555407 -0.0025 -0.0005
0.025 -0.001875000000001017 -0.0005
0.025 -0.001250000000002711 -0.0005
0.025 -0.0006250000000045752 -0.0005
0.025 -6.354292092503044e-15 -0.0005
0.025 0.0006249999999953832 -0.0005
0.025 0.00124999999999678 -0.0005
0.025 0.001874999999998856 -0.0005
0.02430555555555633 0.0025 -0.0005
0.02361111111111371 0.0025 -0.0005
0.02291666666667124 0.0025 -0.0005
0.02222222222222878 0.0025 -0.0005
0.02152777777778631 0.0025 -0.0005
0.02083333333334339 0.0025 -0.0005
0.02013888888889972 0.0025 -0.0005
0.0194444444444562 0.0025 -0.0005
0.01875000000001305 0.0025 -0.0005
0.01805555555556991 0.0025 -0.0005
0.01736111111112744 0.0025 -0.0005
0.01666666666668497 0.0025 -0.0005
0.01597222222224251 0.0025 -0.0005
0.01527777777780004 0.0025 -0.0005
0.01458333333335757 0.0025 -0.0005
0.01388888888891511 0.0025 -0.0005
0.01319444444447264 0.0025 -0.0005
0.01250000000003017 0.0025 -0.0005
0.01180555555558771 0.0025 -0.0005
0.01111111111114524 0.0025 -0.0005
0.01041666666670278 0.0025 -0.0005
0.009722222222260308 0.0025 -0.0005
0.009027777777817842 0.0025 -0.0005
0.008333333333375378 0.0025 -0.0005
0.00763888888893291 0.0025 -0.0005
0.006944444444490442 0.0025 -0.0005
0.006250000000048654 0.0025 -0.0005
0.005555555555606863 0.0025 -0.0005
0.004861111111164395 0.0025 -0.0005
0.004166666666721931 0.0025 -0.0005
0.003472222222279463 0.0025 -0.0005
0.002777777777836998 0.0025 -0.0005
0.00208333333339453 0.0025 -0.0005
0.001388888888952059 0.0025 -0.0005
0.0006944444445095878 0.0025 -0.0005
6.643990912991171e-14 0.0025 -0.0005
-0.0006944444443789596 0.0025 -0.0005
-0.001388888888825723 0.0025 -0.0005
-0.002083333333271802 0.0025 -0.0005
-0.002777777777717955 0.0025 -0.0005
-0.003472222222164638 0.0025 -0.0005
-0.004166666666610717 0.0025 -0.0005
-0.004861111111057099 0.0025 -0.0005
-0.005555555555503557 0.0025 -0.0005
-0.006249999999949636 0.0025 -0.0005
-0.00694444444439625 0.0025 -0.0005
-0.007638888888842774 0.0025 -0.0005
-0.008333333333288104 0.0025 -0.0005
-0.009027777777735398 0.0025 -0.0005
-0.009722222222181484 0.0025 -0.0005
-0.01041666666662726 0.0025 -0.0005
-0.01111111111107455 0.0025 -0.0005
-0.01180555555552018 0.0025 -0.0005
-0.01249999999996641 0.0025 -0.0005
-0.01319444444441265 0.0025 -0.0005
-0.01388888888885827 0.0025 -0.0005
-0.01458333333330557 0.0025 -0.0005
-0.01527777777775135 0.0025 -0.0005
-0.01597222222219744 0.0025 -0.0005
-0.01666666666664473 0.0025 -0.0005
-0.01736111111109005 0.0025 -0.0005
-0.01805555555553658 0.0025 -0.0005
-0.01874999999998388 0.0025 -0.0005
-0.01944444444442875 0.0025 -0.0005
-0.02013888888887573 0.0025 -0.0005
-0.02083333333332257 0.0025 -0.0005
-0.02152777777776761 0.0025 -0.0005
-0.0222222222222149 0.0025 -0.0005
-0.02291666666666128 0.0025 -0.0005
-0.02361111111110677 0.0025 -0.0005
-0.02430555555555407 0.0025 -0.0005
-0.025 0.001875000000001017 -0.0005
-0.025 0.001250000000002711 -0.0005
-0.025 0.0006250000000045752 -0.0005
-0.025 6.354292092503044e-15 -0.0005
-0.025 -0.0006249999999953832 -0.0005
-0.025 -0.00124999999999678 -0.0005
-0.025 -0.001874999999998856 -0.0005
-0.02430555555555633 -0.0025 0.0005
-0.02361111111111371 -0.0025 0.0005
-0.02291666666667124 -0.0025 0.0005
-0.02222222222222878 -0.0025 0.0005
-0.02152777777778631 -0.0025 0.0005
-0.02083333333334339 -0.0025 0.0005
-0.02013888888889972 -0.0025 0.0005
-0.0194444444444562 -0.0025 0.0005
-0.01875000000001305 -0.0025 0.0005
-0.01805555555556991 -0.0025 0.0005
-0.01736111111112744 -0.0025 0.0005
-0.01666666666668497 -0.0025 0.0005
-0.01597222222224251 -0.0025 0.0005
-0.01527777777780004 -0.0025 0.0005
-0.01458333333335757 -0.0025 0.0005
-0.01388888888891511 -0.0025 0.0005
-0.01319444444447264 -0.0025 0.0005
-0.01250000000003017 -0.0025 0.0005
-0.01180555555558771 -0.0025 0.0005
-0.01111111111114524 -0.0025 0.0005
-0.01041666666670278 -0.0025 0.0005
-0.009722222222260308 -0.0025 0.0005
-0.009027777777817842 -0.0025 0.0005
-0.008333333333375378 -0.0025 0.0005
-0.00763888888893291 -0.0025 0.0005
-0.006944444444490442 -0.0025 0.0005
-0.006250000000048654 -0.0025 0.0005
-0.005555555555606863 -0.0025 0.0005
-0.004861111111164395 -0.0025 0.0005
-0.004166666666721931 -0.0025 0.0005
-0.003472222222279463 -0.0025 0.0005
-0.002777777777836998 -0.0025 0.0005
-0.00208333333339453 -0.0025 0.0005
-0.001388888888952059 -0.0025 0.0005
-0.0006944444445095878 -0.0025 0.0005
-6.643990912991171e-14 -0.0025 0.0005
0.0006944444443789596 -0.0025 0.0005
0.001388888888825723 -0.0025 0.0005
0.002083333333271802 -0.0025 0.0005
0.002777777777717955 -0.0025 0.0005
0.003472222222164638 -0.0025 0.0005
0.004166666666610717 -0.0025 0.0005
0.004861111111057099 -0.0025 0.0005
0.005555555555503557 -0.0025 0.0005
0.006249999999949636 -0.0025 0.0005
0.00694444444439625 -0.0025 0.0005
0.007638888888842774 -0.0025 0.0005
0.008333333333288104 -0.0025 0.0005
0.009027777777735398 -0.0025 0.0005
0.009722222222181484 -0.0025 0.0005
0.01041666666662726 -0.0025 0.0005
0.01111111111107455 -0.0025 0.0005
0.01180555555552018 -0.0025 0.0005
0.01249999999996641 -0.0025 0.0005
0.01319444444441265 -0.0025 0.0005
0.01388888888885827 -0.0025 0.0005
0.01458333333330557 -0.0025 0.0005
0.01527777777775135 -0.0025 0.0005
0.01597222222219744 -0.0025 0.0005
0.01666666666664473 -0.0025 0.0005
0.01736111111109005 -0.0025 0.0005
0.01805555555553658 -0.0025 0.0005
0.01874999999998388 -0.0025 0.0005
0.01944444444442875 -0.0025 0.0005
0.02013888888887573 -0.0025 0.0005
0.02083333333332257 -0.0025 0.0005
0.02152777777776761 -0.0025 0.0005
0.0222222222222149 -0.0025 0.0005
0.02291666666666128 -0.0025 0.0005
0.02361111111110677 -0.0025 0.0005
0.02430555555555407 -0.0025 0.0005
0.025 -0.001875000000001017 0.0005
0.025 -0.001250000000002711 0.0005
0.025 -0.0006250000000045752 0.0005
0.025 -6.354292092503044e-15 0.0005
0.025 0.0006249999999953832 0.0005
0.025 0.00124999999999678 0.0005
0.025 0.001874999999998856 0.0005
0.02430555555555633 0.0025 0.0005
0.02361111111111371 0.0025 0.0005
0.02291666666667124 0.0025 0.0005
0.02222222222222878 0.0025 0.0005
0.02152777777778631 0.0025 0.0005
0.02083333333334339 0.0025 0.0005
0.02013888888889972 0.0025 0.0005
0.0194444444444562 0.0025 0.0005
0.01875000000001305 0.0025 0.0005
0.01805555555556991 0.0025 0.0005
0.01736111111112744 0.0025 0.0005
0.01666666666668497 0.0025 0.0005
0.01597222222224251 0.0025 0.0005
0.01527777777780004 0.0025 0.0005
0.01458333333335757 0.0025 0.0005
0.01388888888891511 0.0025 0.0005
0.01319444444447264 0.0025 0.0005
0.01250000000003017 0.0025 0.0005
0.01180555555558771 0.0025 0.0005
0.01111111111114524 0.0025 0.0005
0.01041666666670278 0.0025 0.0005
0.009722222222260308 0.0025 0.0005
0.009027777777817842 0.0025 0.0005
0.008333333333375378 0.0025 0.0005
0.00763888888893291 0.0025 0.0005
0.006944444444490442 0.0025 0.0005
0.006250000000048654 0.0025 0.0005
0.005555555555606863 0.0025 0.0005
0.004861111111164395 0.0025 0.0005
0.004166666666721931 0.0025 0.0005
0.003472222222279463 0.0025 0.0005
0.002777777777836998 0.0025 0.0005
0.00208333333339453 0.0025 0.0005
0.001388888888952059 0.0025 0.0005
0.0006944444445095878 0.0025 0.0005
6.643990912991171e-14 0.0025 0.0005
-0.0006944444443789596 0.0025 0.0005
-0.001388888888825723 0.0025 0.0005
-0.002083333333271802 0.0025 0.0005
-0.002777777777717955 0.0025 0.0005
-0.003472222222164638 0.0025 0.0005
-0.004166666666610717 0.0025 0.0005
-0.004861111111057099 0.0025 0.0005
-0.005555555555503557 0.0025 0.0005
-0.006249999999949636 0.0025 0.0005
-0.00694444444439625 0.0025 0.0005
-0.007638888888842774 0.0025 0.0005
-0.008333333333288104 0.0025 0.0005
-0.009027777777735398 0.0025 0.0005
-0.009722222222181484 0.0025 0.0005
-0.01041666666662726 0.0025 0.0005
-0.01111111111107455 0.0025 0.0005
-0.01180555555552018 0.0025 0.0005
-0.01249999999996641 0.0025 0.0005
-0.01319444444441265 0.0025 0.0005
-0.01388888888885827 0.0025 0.0005
-0.01458333333330557 0.0025 0.0005
-0.01527777777775135 0.0025 0.0005
-0.01597222222219744 0.0025 0.0005
-0.01666666666664473 0.0025 0.0005
-0.01736111111109005 0.0025 0.0005
-0.01805555555553658 0.0025 0.0005
-0.01874999999998388 0.0025 0.0005
-0.01944444444442875 0.0025 0.0005
-0.02013888888887573 0.0025 0.0005
-0.02083333333332257 0.0025 0.0005
-0.02152777777776761 0.0025 0.0005
-0.0222222222222149 0.0025 0.0005
-0.02291666666666128 0.0025 0.0005
-0.02361111111110677 0.0025 0.0005
-0.02430555555555407 0.0025 0.0005
-0.025 0.001875000000001017 0.0005
-0.025 0.001250000000002711 0.0005
-0.025 0.0006250000000045752 0.0005
-0.025 6.354292092503044e-15 0.0005
-0.025 -0.0006249999999953832 0.0005
-0.025 -0.00124999999999678 0.0005
-0.025 -0.001874999999998856 0.0005
-0.025 -0.0025 -1.281201707226121e-15
0.025 -0.0025 -1.281201707226121e-15
0.025 0.0025 -1.281201707226121e-15
-0.025 0.0025 -1.281201707226121e-15
-0.02118424537577843 -0.001898930685404826 -0.0005
0.02117458902515496 0.001911209686653828 -0.0005
0.01838962183601799 0.001904640358601707 -0.0005
-0.01840279208722944 -0.001898594439494593 -0.0005
-0.01631945663545931 -0.001898589108213203 -0.0005
0.01630536984697952 0.001907966682160037 -0.0005
-0.01423611157801026 -0.001898589786430936 -0.0005
0.01422150341590954 0.001912575618628368 -0.0005
-0.01145833328834346 -0.001898593466250152 -0.0005
0.01144373562887693 0.001904856498265279 -0.0005
-0.007298775104641214 -0.001894489411155019 -0.0005
0.007291666666711676 0.001898593469596145 -0.0005
-0.009383537705816489 -0.0018873950356426 -0.0005
0.009360409792765962 0.001899067898148828 -0.0005
-0.005208333334331489 -0.001898593469237989 -0.0005
0.005200444091807687 0.001889609077417375 -0.0005
-0.003132321219612286 -0.001882821632568412 -0.0005
0.003125000000047108 0.001898593469544859 -0.0005
-0.001042846303769178 -0.001878852621119615 -0.0005
0.001041666666697636 0.001898593469566059 -0.0005
0.02256944444443808 -0.001898593469592846 -0.0005
-0.02253975534222379 0.001876153334555543 -0.0005
0.01985159223907759 -0.001885397978089585 -0.0005
-0.01980560260949547 0.0018477262828758 -0.0005
0.01281082862995291 -0.001886897604686729 -0.0005
-0.01286178702249561 0.001867292033591504 -0.0005
-0.02440372137504211 -0.00024488247219922 -0.0005
0.02447379524156833 0.0003451673433474921 -0.0005
0.002433997264792213 -0.001855899745432819 -0.0005
-0.002441005482221365 0.001887823771018903 -0.0005
0.004510288137092307 -0.001875599019483197 -0.0005
-0.004521274682863822 0.001870300818782637 -0.0005
0.00656342587579267 -0.001864829507532665 -0.0005
-0.006604600912191392 0.001867086942444151 -0.0005
0.008680390119330462 -0.001898688984216704 -0.0005
-0.008722638319754557 0.00186824289833815 -0.0005
0.01079048615616082 -0.001877591052290731 -0.0005
-0.01076388888885091 0.00189859346959305 -0.0005
0.01562499999997439 -0.001898593469592852 -0.0005
-0.01563046544069878 0.001869651872314738 -0.0005
0.01774808847233422 -0.001884844692780193 -0.0005
-0.01771864578056215 0.001855678830132223 -0.0005
0.02105149223560971 -0.001977723776586451 -0.0005
-0.02119318938167896 0.001845669518006434 -0.0005
0.01423138739793535 -0.001835693181058598 -0.0005
-0.01425066996084247 0.001865510330043212 -0.0005
0.001036953074203333 -0.001879518538310783 -0.0005
-0.001041666666602341 0.001898593469593018 -0.0005
-0.01979166666667798 -0.001900276072845769 -0.0005
0.01977720536649453 0.001905267974846742 -0.0005
-0.02257257089276824 -0.00190097115824344 -0.0005
0.02255982798828451 0.001914012111295229 -0.0005
-0.01284691403163743 -0.001890462373593449 -0.0005
0.01283261952158475 0.001908715914710529 -0.0005
0.02447459685906319 -0.0009019497204735393 -0.0005
-0.024445808237246 0.0008867362125684796 -0.0005
-0.02392409667799733 -0.001886332592089911 -0.0005
0.023958333333335 0.001898593469595786 -0.0005
0.02396870356454283 -0.001895717166209614 -0.0005
-0.02398745940900043 0.001888041868756047 -0.0005
-0.02325813191009915 -0.001901396687214667 -0.0005
-0.02291855758465068 -0.001309321210304359 -0.0005
-0.02223108506477852 -0.001304551504222374 -0.0005
-0.02257927173527699 -0.0007149458170740766 -0.0005
-0.02189004692471848 -0.0007080596474016062 -0.0005
-0.02224377720960846 -0.0001197198225260719 -0.0005
-0.02155326376427177 -0.000111117779084951 -0.0005
-0.02292828656968983 -0.0001311942264669136 -0.0005
-0.02190607677607583 0.0004796997976104858 -0.0005
-0.02121361092797078 0.0005152394905823224 -0.0005
-0.02086323734761971 -0.0001021842370148197 -0.0005
-0.02052168194345816 0.0005262632939159402 -0.0005
-0.02017120203463312 -9.622796924182134e-05 -0.0005
-0.01982887049523188 0.0005305698529607084 -0.0005
-0.01947803348715229 -9.173840951520948e-05 -0.0005
-0.0191353548011842 0.0005353143570944788 -0.0005
-0.01878429700215222 -8.787172162403708e-05 -0.0005
-0.01844144339830716 0.0005384775027019493 -0.0005
-0.01809027192169086 -8.274972711213506e-05 -0.0005
-0.0177473246129459 0.0005429959728778989 -0.0005
-0.01739606855805549 -7.942925278632372e-05 -0.0005
-0.01705291768196169 0.0005229762020447348 -0.0005
-0.0167017452260578 -8.179765559261893e-05 -0.0005
-0.01635136819720712 0.000551069643908066 -0.0005
-0.01600618857141707 -7.256215529302261e-05 -0.0005
-0.01565385878869179 0.0005593906216658633 -0.0005
-0.01531107997271053 -6.679296158505723e-05 -0.0005
-0.01496979732983551 0.0005303897615499498 -0.0005
-0.01461826594482545 -6.942167883814695e-05 -0.0005
-0.01427546492352558 0.0005553982461190431 -0.0005
-0.01392412866377715 -6.262227469260263e-05 -0.0005
-0.01358110524117855 0.0005637749941549985 -0.0005
-0.01322979244818617 -5.269412308521341e-05 -0.0005
-0.01288669714148222 0.0005686048329557376 -0.0005
-0.0125353840741173 -4.716247207630014e-05 -0.0005
-0.01219227627708004 0.0005734052971645942 -0.0005
-0.01183825962789979 -5.145386778666143e-05 -0.0005
-0.01149739142404946 0.0005752571410798124 -0.0005
-0.01114210392000345 -5.287572543500595e-05 -0.0005
-0.01080259904248693 0.0005784019160935745 -0.0005
-0.01044835279516529 -4.872262270504628e-05 -0.0005
-0.01010810374160227 0.0005647765192460364 -0.0005
-0.009757308286218314 -4.486255530968792e-05 -0.0005
-0.0094143802296287 0.0005891822656452606 -0.0005
-0.009064257584767293 -4.196605571439831e-05 -0.0005
-0.008720298525194259 0.0005968055923098659 -0.0005
-0.008368766315362793 -2.720144808411145e-05 -0.0005
-0.008025597920528238 0.0005806495259267656 -0.0005
-0.007669102256796943 -3.424988092626564e-05 -0.0005
-0.007330228299996494 0.0005764235928541637 -0.0005
-0.006970520461779022 -4.740001938965249e-05 -0.0005
-0.006634950318605727 0.0005766005015537798 -0.0005
-0.006280501783231624 -3.413935889253952e-05 -0.0005
-0.005941137564656251 0.0005853444557781069 -0.0005
-0.005584782202825518 -2.770966693511185e-05 -0.0005
-0.005246571921580511 0.0005873061167566763 -0.0005
-0.004886828679791261 -3.979710141128974e-05 -0.0005
-0.004551532633087587 0.0005886914021004857 -0.0005
-0.00419696214285432 -2.385324796780326e-05 -0.0005
-0.003857786395304794 0.0005982927007858932 -0.0005
-0.003506693810092131 3.609350086654303e-08 -0.0005
-0.003164278815760747 0.0006241642027881739 -0.0005
-0.002813111727728297 1.140247961499466e-05 -0.0005
-0.002470144441569817 0.0006334434304676871 -0.0005
-0.002118872887549907 1.791632756381617e-05 -0.0005
-0.003839031497385954 -0.0006533725511578618 -0.0005
-0.001762637931229184 0.0006295785097224885 -0.0005
-0.001409251966677104 2.907753066905772e-05 -0.0005
-0.001765155380714484 -0.0005825026353440231 -0.0005
-0.001070201824268815 -0.000594068361469314 -0.0005
-0.0007216625162472284 3.25353019778249e-05 -0.0005
-0.0003768252252824893 -0.0005923467747262038 -0.0005
-2.697208254695937e-05 4.457948632763792e-05 -0.0005
0.0003175091826696156 -0.0005925746222406058 -0.0005
0.0006647880867508198 3.917669573168112e-05 -0.0005
0.001011477710137996 -0.0005904401493511647 -0.0005
0.001364140149539849 4.255100671490592e-05 -0.0005
0.001704447961107597 -0.0005617589322552101 -0.0005
0.002048938581160206 4.171355087365238e-05 -0.0005
0.002399216152290129 -0.0005764306467779214 -0.0005
0.002748980572224816 5.088631532791098e-05 -0.0005
0.003094637280626527 -0.0005742742258641401 -0.0005
0.003447666542516928 5.405312172887635e-05 -0.0005
0.003789977220357869 -0.0005757365193216365 -0.0005
0.004136344057778335 4.982111342328844e-05 -0.0005
0.004483599560822929 -0.0005736126570215411 -0.0005
0.00482652411260451 5.433697210973338e-05 -0.0005
0.005177022334615637 -0.0005447672108666598 -0.0005
0.005519816438740097 6.498587902502972e-05 -0.0005
0.005861991212481029 -0.0005621229828207814 -0.0005
0.00621274031397694 6.492520393412171e-05 -0.0005
0.006539158960307307 -0.0005802587041480262 -0.0005
0.006908674732644423 7.420461681074301e-05 -0.0005
0.007240065156115307 -0.0005516507662341354 -0.0005
0.007599801216170153 7.435285485311245e-05 -0.0005
0.007955093283902703 -0.0005551165530656821 -0.0005
0.00829711308269082 7.687284265005166e-05 -0.0005
0.00865790926859468 -0.0005827023045825719 -0.0005
0.008993420489194975 7.57681279586182e-05 -0.0005
0.009349413157491698 -0.00055477384818825 -0.0005
0.009687675136397234 8.331166417099678e-05 -0.0005
0.01004349621348918 -0.0005472298784993373 -0.0005
0.01038201751823235 8.889916108289459e-05 -0.0005
0.01074249952369636 -0.0005746785888997099 -0.0005
0.01107719456487464 8.832853809647292e-05 -0.0005
0.01143317192478886 -0.0005443335925889361 -0.0005
0.01177112223746575 9.636384624563573e-05 -0.0005
0.01212201145830577 -0.000466959894227347 -0.0005
0.01246453620311908 0.0001136715932591997 -0.0005
0.01281531431230034 -0.0004880090299911509 -0.0005
0.01315860843769572 0.0001161209410626011 -0.0005
0.0134899095641153 -0.0005067954274293709 -0.0005
0.013849672450063 0.0001164710120519097 -0.0005
0.0142003750786707 -0.0004919269652723216 -0.0005
0.0145473953491264 0.0001249076746301412 -0.0005
0.0148980259122425 -0.0004849698652213453 -0.0005
0.01524172852259327 0.0001277188865380363 -0.0005
0.01559758308405386 -0.0005097572020397907 -0.0005
0.01593699634477492 0.0001271291116480386 -0.0005
0.01629300668102137 -0.0005109138080627644 -0.0005
0.01663173101260168 0.0001299109607576772 -0.0005
0.01694784271727765 -0.0004495007486580074 -0.0005
0.01731961222791759 0.0001436830247718692 -0.0005
0.01762051382270077 -0.0005215777035512754 -0.0005
0.01800932371267632 0.0001370384555537924 -0.0005
0.01836783432366857 -0.0004471081890564697 -0.0005
0.01871178180826619 0.0001514155256950472 -0.0005
0.01906458726305267 -0.0004836476766414479 -0.0005
0.0194079946934331 0.0001507615699034313 -0.0005
0.01975971996096378 -0.0004867625736978925 -0.0005
0.02010283888345298 0.000153131785010005 -0.0005
0.02045400935920056 -0.0004461027934999702 -0.0005
0.0207972576717044 0.0001663919946641265 -0.0005
0.02114787233710263 -0.0004439953218009941 -0.0005
0.0214905366218791 0.0001677459092835812 -0.0005
0.02184030865710259 -0.0004391555153849382 -0.0005
0.02218155465006977 0.0001692870337405784 -0.0005
0.02252818424925207 -0.000387221607466266 -0.0005
0.02286910636124418 0.0001755454080446681 -0.0005
-0.005920403369150657 -0.0006577437217331463 -0.0005
0.0003380957129683794 0.0006846078897688948 -0.0005
-0.008006092841455904 -0.0006619987294522307 -0.0005
0.002416470005524341 0.0006688938559497874 -0.0005
-0.01009323501845469 -0.0006683707501848723 -0.0005
0.004489232831173468 0.0006601069931057319 -0.0005
0.006557217449992763 0.0006725148740894575 -0.0005
-0.01495935054249566 -0.0006746141677146228 -0.0005
0.008640928831442195 0.0006839854701858731 -0.0005
-0.01704493512375913 -0.0006860558684835798 -0.0005
0.01072456687721838 0.0006973019960663942 -0.0005
-0.01216935797777841 -0.0006720548444998409 -0.0005
-0.01356357120455724 -0.0006638533994376862 -0.0005
0.01558519041725343 0.0007264173525429327 -0.0005
0.01766575815074397 0.0007388042485123683 -0.0005
0.01867469155668937 -0.001043121141021461 -0.0005
-0.0191185668911702 -0.0006938391133059227 -0.0005
0.01661143780580301 -0.001130274914966832 -0.0005
-0.02050748367067658 -0.0006982608581663344 -0.0005
0.02320765302248656 -0.0003694147486332884 -0.0005
0.01211323336379267 0.0007059180661487112 -0.0005
0.01350124783640819 0.0007150395752058552 -0.0005
0.01183447272441757 -0.001070132666544944 -0.0005
-0.01878153673847721 0.001195058532073535 -0.0005
0.009708012571235929 -0.001209343376873908 -0.0005
-0.01669744994899804 0.001156214245987188 -0.0005
0.01905719297376478 0.0007562618548221369 -0.0005
0.007608888794751167 -0.001157611916539428 -0.0005
0.02184845923370814 0.0007601592974789997 -0.0005
0.02044605423689949 0.0007650332605243105 -0.0005
0.005525931747251437 -0.00119910316792215 -0.0005
0.003458193977648506 -0.001196593593113714 -0.0005
-0.01183778423632988 0.00121902658568669 -0.0005
-0.00979246832522781 0.001194561427176012 -0.0005
-1.592827425819492e-05 -0.001212514855350934 -0.0005
-0.007666351524275765 0.001194048161768094 -0.0005
-0.005582790454526205 0.00120294361494441 -0.0005
-0.003504342654329531 0.001245109004103093 -0.0005
0.02351022406804745 0.0001628170689298882 -0.0005
0.02320060687299465 0.0007505240657505956 -0.0005
0.02230173674203363 -0.001084814015349906 -0.0005
0.02079972920607492 -0.001012059024666 -0.0005
0.01525468299460218 -0.001109512888030838 -0.0005
-0.02155275784037292 0.001178692150538591 -0.0005
-0.02225543655671588 0.001076558361918434 -0.0005
0.0138491411707795 -0.001132537168739499 -0.0005
-0.020170728515858 0.001176447396383701 -0.0005
-0.01461167411621743 0.001205869678318743 -0.0005
-0.01322844309647323 0.001210388748479379 -0.0005
0.02389053933998863 -0.0004812536995479558 -0.0005
0.02345370635154071 -0.0009581710176433537 -0.0005
0.00206430793464358 -0.001221639811864399 -0.0005
0.02388941246589852 0.0007091777227876466 -0.0005
-0.001416491369018598 -0.001183894374211145 -0.0005
-0.002107725892064687 -0.001206521798985005 -0.0005
-0.001750013995855604 -0.001840726618896305 -0.0005
-0.002110726719168501 0.001256088149458177 -0.0005
-0.001391429261880959 0.001266360260697563 -0.0005
0.02354126137518349 0.001326278192071705 -0.0005
-0.02359718213545756 -0.001310497573457247 -0.0005
-0.02424267100049334 -0.001303226323425767 -0.0005
-0.02393723628327139 -0.0007590420580743216 -0.0005
-0.02326052543743446 -0.0007274458687386861 -0.0005
-0.0236577503458979 -0.0001841981539306008 -0.0005
-0.02337895668033717 0.0004078053228020332 -0.0005
-0.02404984749904146 0.0003441490174630805 -0.0005
-0.0237864100310891 0.0008869331955323269 -0.0005
-0.02322691641314962 0.001079143139713853 -0.0005
-0.02266242523216198 0.0005958527100747781 -0.0005
0.02325927778874424 -0.001931008707281847 -0.0005
0.02300425300452493 -0.001359492905982093 -0.0005
0.02175655031536346 -0.001780377146837037 -0.0005
-0.0232284706249919 0.001808241502020342 -0.0005
-0.0007114088104077207 -0.001243687292477818 -0.0005
-0.0003485388842082527 -0.001874793137704579 -0.0005
0.02253455286377502 0.0007538604853069026 -0.0005
-0.02187763490506006 -0.001900478999693221 -0.0005
0.02187297529207738 0.001919503111957073 -0.0005
-0.02153890059184111 -0.001302356013651733 -0.0005
0.02149508994257586 -0.00102841505633331 -0.0005
0.0211506930856756 0.000754567221694346 -0.0005
0.01975197180893286 0.0007606724308381422 -0.0005
0.02011771441232812 -0.001083091843085192 -0.0005
0.02057183026699458 -0.001584669870235738 -0.0005
0.01941794839479492 -0.001271228635507574 -0.0005
0.01883172114192631 -0.001719829739976932 -0.0005
-0.01739276257552189 0.001163332230276876 -0.0005
-0.0104600367753589 0.001161756336993414 -0.0005
-0.00836551513524704 0.001241179511865632 -0.0005
-0.006288830765994315 0.001196281170819476 -0.0005
-0.004201483828866693 0.001216704749974786 -0.0005
-0.002462126919161704 -0.0005894151454099612 -0.0005
-0.002798893154097404 -0.001231128306428088 -0.0005
-0.000347222222170991 0.001898593469596659 -0.0005
-0.0006927955229519492 0.001296311450913819 -0.0005
-9.347004892153677e-07 0.001301505014735204 -0.0005
-0.001039321775441853 0.0006657059828797044 -0.0005
-0.001740918692677063 0.001874363108198013 -0.0005
-0.002808131487039654 0.001276723365371093 -0.0005
0.000347066438840597 0.001899313148845553 -0.0005
0.0006935756525028617 0.001296665275551821 -0.0005
0.001385190533150612 0.001286238090882103 -0.0005
0.001036235416854191 0.0006839464370102377 -0.0005
0.001735494718517214 0.001896768661486454 -0.0005
0.002076713059856577 0.00127971499992212 -0.0005
0.002429349444565723 0.0018953773449868 -0.0005
0.002777777777741909 0.001297186938967368 -0.0005
0.003468762790746909 0.001288571857054908 -0.0005
0.003121023598934819 0.0006883616054380545 -0.0005
0.003818867872572281 0.001897157622515164 -0.0005
0.004160544600240444 0.001284987174163533 -0.0005
-0.01841702659820754 0.001867777200494836 -0.0005
-0.01911430747479832 0.00186111653715727 -0.0005
-0.01808772483865412 0.001212009187629081 -0.0005
0.01631474811271633 -0.001866314257591182 -0.0005
0.01596058322092072 -0.001232751982142601 -0.0005
0.01701388888886676 -0.001685901960671438 -0.0005
0.01761685423515739 -0.001222941696345142 -0.0005
0.01492584209146979 -0.00177376021690401 -0.0005
0.01455990910761667 -0.001138066714204435 -0.0005
0.01350368941582807 -0.001847172030770354 -0.0005
0.0130468361047045 -0.001162615284440648 -0.0005
-0.01631944444442022 0.001898593469592872 -0.0005
-0.0159801075422247 0.001259249707536201 -0.0005
-0.0170225492691092 0.001821086349028759 -0.0005
0.007984802388559512 -0.001886386555647181 -0.0005
0.008318978169297759 -0.001229711056829853 -0.0005
0.007269584039527599 -0.001828969722570348 -0.0005
0.006898122275459185 -0.001213096399041457 -0.0005
-0.007990524515273529 0.001884742126851484 -0.0005
-0.009092510804058779 0.001219418875394329 -0.0005
-0.00730149588521869 0.001828007850410236 -0.0005
-0.00945398610096327 0.001831225880793546 -0.0005
0.009372438715922438 -0.001884064309601749 -0.0005
0.01007061424587187 -0.001883905952973102 -0.0005
0.0104110366369212 -0.001231655964787156 -0.0005
0.01113826398385729 -0.001178495138481884 -0.0005
0.01161791693715893 -0.001772578965779829 -0.0005
-0.01145833333329654 0.001898593469592627 -0.0005
-0.01216792437910808 0.001874693944588823 -0.0005
-0.01115517863782684 0.001264634920128976 -0.0005
-0.01355953665309281 0.001867497829423818 -0.0005
-0.01252915202549484 0.001218901907077788 -0.0005
-0.02188185652016234 0.001829512227503167 -0.0005
-0.02085634662007291 0.001179765646125678 -0.0005
-0.02049580428761196 0.001840081632021024 -0.0005
-0.01947273343917418 0.001191038826424248 -0.0005
-0.01494408184181905 0.001844093713142592 -0.0005
-0.01391781566522168 0.001211406637756532 -0.0005
0.00172811761898895 -0.001853752499111857 -0.0005
0.002768172556213375 -0.001223949326804837 -0.0005
0.003127114401825161 -0.00186566972568409 -0.0005
0.01141919958052452 0.0006973050557281241 -0.0005
0.0110810070447312 0.001300837942522788 -0.0005
0.01037283680629644 0.001300038026052991 -0.0005
0.01003012691643629 0.000690962478708741 -0.0005
0.009335768354985027 0.0006848900606409698 -0.0005
0.008983978512389617 0.001290819288267591 -0.0005
0.008289549365437351 0.001286209919374684 -0.0005
0.01836213696703204 0.00074728487832447 -0.0005
0.01280740901358642 0.0007100671881083991 -0.0005
0.01246975969277799 0.001305120666283226 -0.0005
0.005896451883640744 -0.001892789599014285 -0.0005
0.005197118231241045 -0.001851650306843936 -0.0005
-0.005911521153332046 0.00185751783657529 -0.0005
-0.005218656237985376 0.001830960244289728 -0.0005
0.007945739332243362 0.0006795061238276108 -0.0005
0.007251211637456197 0.0006758804539041848 -0.0005
0.006900691071531328 0.001276991181588616 -0.0005
0.006210392535671765 0.001274568394152519 -0.0005
0.005863142196929483 0.0006685423335053913 -0.0005
0.005525277328944503 0.00127252073300145 -0.0005
0.005177092861378999 0.0006619375751984956 -0.0005
0.01489065626314745 0.0007226075800981241 -0.0005
0.01525041820776217 0.001313830460507015 -0.0005
0.01419559132494282 0.0007170687330841776 -0.0005
0.01385838445785898 0.001310741575471905 -0.0005
0.01627957942974945 0.0007339604750424984 -0.0005
0.01697278948335655 0.0007332602653293917 -0.0005
0.01733400924078131 0.001321668353159388 -0.0005
-0.003831831675796116 0.001875356017696264 -0.0005
-0.0204886900524955 -0.001900041417576761 -0.0005
-0.02014976407797938 -0.001300261078944144 -0.0005
0.02046838363666018 0.001909193121414159 -0.0005
-0.01909722460714097 -0.001900556668370841 -0.0005
-0.01875867924919005 -0.001297431951024081 -0.0005
-0.01805560352409172 -0.001297214633830102 -0.0005
-0.01770835692312621 -0.001899196602636666 -0.0005
-0.0170139017482588 -0.001899294522096095 -0.0005
-0.0166666701453946 -0.001297184482706669 -0.0005
-0.01597494394800159 -0.001295697067771652 -0.0005
-0.01562546447738205 -0.001898339113571452 -0.0005
-0.01528054283323991 -0.001295369297838955 -0.0005
-0.01493109210022619 -0.001898245760642886 -0.0005
-0.01458607191344811 -0.00129542631382787 -0.0005
-0.01389216668186593 -0.001291143552137997 -0.0005
-0.01426219122078692 -0.000677417735809537 -0.0005
-0.01319834455989006 -0.001264916017832957 -0.0005
0.01907809605599458 0.001906637571148638 -0.0005
-0.006598406963376378 -0.00189790946005578 -0.0005
-0.006947949788931714 -0.001297614731747483 -0.0005
-0.007654201728765007 -0.001280200464291305 -0.0005
-0.006255842428137643 -0.001292030588348898 -0.0005
-0.007309638031267962 -0.0006707665061102382 -0.0005
-0.0083592090763703 -0.001266579909926516 -0.0005
-0.008711141167717588 -0.000658905741313625 -0.0005
-0.00904951885934384 -0.00127454799644504 -0.0005
-0.00800666190035821 -0.001879754247291719 -0.0005
-0.00590394897285123 -0.001897620076014977 -0.0005
-0.005555555555606355 -0.001297186938447199 -0.0005
-0.0048630787963356 -0.001298322983169869 -0.0005
-0.005222723933435458 -0.0006705595137820111 -0.0005
-0.004514216837292735 -0.001898782809724582 -0.0005
-0.004173846978976476 -0.001292379752053485 -0.0005
-0.003822328082717043 -0.001896811731601384 -0.0005
0.005896164263149397 0.001893939751583918 -0.0005
-0.01076388891817031 -0.001898593474058979 -0.0005
-0.01111348165704442 -0.001298555657727721 -0.0005
-0.01180870679447068 -0.001293464960199958 -0.0005
-0.01042498575998121 -0.001295132421831467 -0.0005
-0.01147500369288203 -0.000678732888683562 -0.0005
-0.01215324443205242 -0.001896622082642933 -0.0005
-0.01007384225195929 -0.001897301648977215 -0.0005
0.004837377910032938 -0.001200182309189577 -0.0005
0.004145525126649278 -0.001268849352611199 -0.0005
0.001366654652114641 -0.001214709915782699 -0.0005
0.0006748086208740251 -0.001265965759264496 -0.0005
0.004507699767064778 0.001887147735756618 -0.0005
-0.003150245401448847 -0.0006275145766883903 -0.0005
-0.01565621513730565 -0.000676945677717838 -0.0005
-0.01354281169746523 -0.001890851954999223 -0.0005
-0.0125092043778279 -0.001276842264603842 -0.0005
0.009014523666978826 -0.001226547313382173 -0.0005
-0.01634830771835165 -0.0006814536081964174 -0.0005
0.006593318711926028 0.001897674259140516 -0.0005
-0.009406932678252485 -0.0006765813771467966 -0.0005
0.01561080432225838 0.001909184961050726 -0.0005
-0.01736383081564695 -0.001299017237954547 -0.0005
0.007599228221048112 0.001280131466597305 -0.0005
-0.01773924118099596 -0.0006848141266880401 -0.0005
0.00798611111115414 0.001904840307461454 -0.0005
-0.01842444329488183 -0.0006906535455973861 -0.0005
-0.002441677562143585 -0.001860199726146301 -0.0005
0.008668392050758589 0.001899785948868841 -0.0005
0.01769433366012179 0.001912276281615113 -0.0005
-0.01945618066072575 -0.001297369273808881 -0.0005
-0.003484826554140981 -0.001275034836083134 -0.0005
0.009692094137892477 0.001296279825395242 -0.0005
-0.009738675378968 -0.001283221538371331 -0.0005
-0.02119967491008359 -0.0007043055572231591 -0.0005
-0.01981353847038955 -0.0006962827838303855 -0.0005
-0.01530182786577669 0.001186323608352067 -0.0005
-0.02084479311314243 -0.001300692601827826 -0.0005
0.01006944444448154 0.001911901200552334 -0.0005
-0.004530412004796511 -0.00066304752492372 -0.0005
-0.006614142643749769 -0.0006666158210369928 -0.0005
-0.01286760910705951 -0.0006629205202559733 -0.0005
0.01074913361703902 0.001902938944565565 -0.0005
0.01238827969537046 -0.001396351938205575 -0.0005
-0.01078286047392185 -0.000673731677761279 -0.0005
0.0117799521814187 0.001305500624095075 -0.0005
0.02446442656134232 0.0009374999999960814 -0.0005
0.01214265348178782 0.001908298921529485 -0.0005
-0.006971076284380397 0.00120640803664165 -0.0005
0.001718101769833295 0.0006492657893272783 -0.0005
-0.003139218549878209 0.001880835359698225 -0.0005
0.003801361944589949 0.0006578112061820133 -0.0005
-0.004887051626485032 0.00121615115780812 -0.0005
0.02323402779735732 0.001915833778831948 -0.0005
0.01316851453148503 0.00131222698990779 -0.0005
0.02288210385493849 0.001334095454720869 -0.0005
-0.008693339775513677 -0.001884712864884312 -0.0005
0.004842005440991254 0.001268931831631897 -0.0005
0.0135314708643204 0.001912033922133211 -0.0005
0.01455785153753329 0.001317535683895656 -0.0005
0.0149169480991035 0.001908854454013627 -0.0005
0.0003565043759209421 -0.001892493848686943 -0.0005
0.01593557382728426 0.001310781005986449 -0.0005
0.02447760378016416 -0.0002655015170941727 -0.0005
0.01664020178617622 0.001323849949651974 -0.0005
0.0244997836654072 -0.001539883385384925 -0.0005
-0.02448199634314427 0.001555549927575955 -0.0005
0.01819720431266245 -0.001446507606563356 -0.0005
0.02449349748101071 0.001550391774379845 -0.0005
0.0222048346232929 0.001338227206580603 -0.0005
0.01700028205197854 0.001910960211097752 -0.0005
0.003832431018664697 -0.001892172419907353 -0.0005
0.01801872264164764 0.001317599914679097 -0.0005
-0.0003572651474514711 0.0006708741877671808 -0.0005
0.006214180325822061 -0.001218700060079894 -0.0005
0.0187092660906548 0.001316678058229183 -0.0005
0.01940486909024694 0.001320172453837126 -0.0005
0.02150705225046626 0.001334001102309227 -0.0005
0.02009839106514448 0.001321405389283571 -0.0005
0.02080273722415876 0.001329074523411508 -0.0005
-0.01013038728290227 0.001783371939561288 -0.0005
0.01222451616359378 -0.002011165701734426 -0.0005
-0.02363165344697132 0.001422228310620725 -0.0005
0.01831651389648869 -0.002010236407864096 -0.0005
0.02398811936459927 -0.001224661619257717 -0.0005
-0.0245175694707425 -0.0008355941877903659 -0.0005
-0.02447715600616472 -0.001798024796649967 -0.0005
0.01804436591054294 -0.0008985531040131229 -0.0005
0.02406938624335401 0.001284388231766213 -0.0005
-0.02275829385833676 0.001313328834746601 -0.0005
-0.02459317910865751 0.0003194289654077426 -0.0005
0.02455480855710082 -0.002062120110319111 -0.0005
-0.02455500226153975 0.002063718359266603 -0.0005
0.02403457161163614 7.879315836358551e-05 -0.0005
0.02455147727398041 0.002064797048794897 -0.0005
0.02354353860918749 -0.001477805905051328 -0.0005
0.01247068994458493 -0.0008805437912618594 -0.0005
0.02288441927749946 -0.0008094205990697006 -0.0005
-0.02409658607101874 0.001257720292427497 -0.0005
0.0192916852289761 -0.002006497155984847 -0.0005
0.02048697436642946 -0.002126616114669108 -0.0005
0.01713260443333751 -0.0009558184010955399 -0.0005
0.02113191096602492 -0.001457631928940073 -0.0005
-0.005902777777827602 -0.0025 -1.301042606982605e-18
-0.006597222222269626 -0.0025 -7.806255641895632e-18
-0.007291666666711653 -0.0025 -1.441988889405721e-17
-0.005208333333385644 -0.0025 1.431146867680866e-17
-0.003819444444500719 -0.0025 0
-0.01631944444446374 -0.0025 -2.38524477946811e-18
-0.002430555555615756 -0.0025 -1.192622389734055e-18
-0.0170138888889062 -0.0025 -4.336808689942018e-19
-0.00868055555559662 -0.0025 0
-0.00312500000005821 -0.0025 -2.168404344971009e-19
-0.007986111111154146 -0.0025 -5.204170427930421e-18
-0.004513888888943177 -0.0025 4.87890977618477e-18
-0.01493055555557881 -0.0025 -3.903127820947816e-18
-0.01423611111113634 -0.0025 -2.602085213965211e-18
-0.0128472222222514 -0.0025 -4.336808689942018e-19
-0.01145833333336648 -0.0025 2.710505431213761e-18
-0.009375000000039078 -0.0025 0
-0.01006944444448154 -0.0025 2.168404344971009e-18
-0.02326388888889248 -0.0025 1.084202172485504e-19
-0.02256944444445001 -0.0025 1.084202172485504e-19
-0.02187500000000744 -0.0025 -3.252606517456513e-19
-0.01770833333334872 -0.0025 -2.168404344971009e-19
-0.01562500000002127 -0.0025 -3.035766082959412e-18
-0.01354166666669387 -0.0025 -1.409462824231156e-18
-0.01215277777780894 -0.0025 9.75781955236954e-19
-0.01076388888892401 -0.0025 2.38524477946811e-18
-0.001736111111173295 -0.0025 -2.059984127722458e-18
-0.02395833333333502 -0.0025 4.336808689942018e-19
-0.001041666666730716 -0.0025 -2.168404344971009e-19
-0.02118055555556451 -0.0025 2.168404344971009e-19
-0.01840277777779148 -0.0025 4.336808689942018e-19
-0.0003472222222872592 -0.0025 -1.084202172485504e-19
-0.02048611111112155 -0.0025 8.673617379884035e-19
-0.01909722222223464 -0.0025 4.336808689942018e-19
-0.01979166666667802 -0.0025 9.75781955236954e-19
0.0003472222221562668 -0.0025 0
0.01840277777776019 -0.0025 1.301042606982605e-18
0.02187499999999115 -0.0025 -1.084202172485504e-19
0.01631944444442095 -0.0025 1.301042606982605e-18
0.00868055555551181 -0.0025 -4.336808689942018e-19
0.01979166666665215 -0.0025 -1.084202172485504e-19
0.02395833333333039 -0.0025 0
0.0190972222222064 -0.0025 0
0.01423611111108199 -0.0025 -1.084202172485504e-19
0.01076388888885095 -0.0025 1.734723475976807e-18
0.02118055555554519 -0.0025 -1.084202172485504e-19
0.02048611111109911 -0.0025 3.794707603699266e-18
0.001041666666602364 -0.0025 1.409462824231156e-18
0.01701388888886747 -0.0025 0
0.007986111111065466 -0.0025 -1.084202172485504e-19
0.01770833333331331 -0.0025 0
0.007291666666619505 -0.0025 0
0.02326388888888411 -0.0025 1.951563910473908e-18
0.02256944444443811 -0.0025 3.686287386450715e-18
0.01145833333329731 -0.0025 0
0.01354166666663554 -0.0025 -1.084202172485504e-19
0.01215277777774343 -0.0025 0
0.01284722222218933 -0.0025 1.517883041479706e-18
0.01006944444440432 -0.0025 0
0.01493055555552834 -0.0025 0
0.009374999999958084 -0.0025 -2.168404344971009e-19
0.01562499999997453 -0.0025 0
0.003124999999941251 -0.0025 -5.421010862427522e-19
0.006597222222172905 -0.0025 1.951563910473908e-18
0.005208333333280319 -0.0025 2.49366499671666e-18
0.003819444444387664 -0.0025 -2.168404344971009e-19
0.001736111111048617 -0.0025 7.589415207398531e-19
0.00590277777772661 -0.0025 0
0.002430555555494856 -0.0025 0
0.004513888888833938 -0.0025 0
0.02449317390934867 -0.0025 1.891652960670301e-07
-0.02449317391613052 -0.0025 1.891655131966213e-07
0.025 -0.0009375000000036433 0
0.025 -0.0003125000000054647 0
0.025 -0.001534268022884325 6.177221868587418e-06
0.025 0.0003124999999945155 1.084202172485504e-19
0.025 0.001534268023403383 6.177221898104931e-06
0.025 0.0009374999999960817 0
0.025 0.002031249999998982 5.468750423410931e-05
0.025 -0.002031250000001007 5.468750423596493e-05
0.005902777777827599 0.0025 -1.301042606982605e-18
0.006597222222269626 0.0025 -7.806255641895632e-18
0.007291666666711653 0.0025 -1.441988889405721e-17
0.005208333333385641 0.0025 1.420304845956011e-17
0.01770833333334879 0.0025 3.252606517456513e-19
0.003819444444500719 0.0025 -1.084202172485504e-19
0.002430555555615756 0.0025 -1.192622389734055e-18
0.01701388888890627 0.0025 -5.421010862427522e-19
0.00868055555559662 0.0025 0
0.004513888888943173 0.0025 4.553649124439119e-18
0.007986111111154146 0.0025 -5.204170427930421e-18
0.003125000000058206 0.0025 0
0.01562500000002127 0.0025 -2.49366499671666e-18
0.01354166666669388 0.0025 -1.517883041479706e-18
0.01215277777780894 0.0025 8.673617379884035e-19
0.01076388888892401 0.0025 1.301042606982605e-18
0.009375000000039078 0.0025 0
0.01631944444446375 0.0025 -1.409462824231156e-18
0.01493055555557881 0.0025 -2.38524477946811e-18
0.01006944444448154 0.0025 4.336808689942018e-19
0.02187500000000746 0.0025 -2.168404344971009e-19
0.01423611111113634 0.0025 -1.843143693225358e-18
0.01284722222225141 0.0025 -5.421010862427522e-19
0.01145833333336648 0.0025 1.084202172485504e-18
0.001736111111173295 0.0025 -2.059984127722458e-18
0.0232638888888925 0.0025 0
0.02256944444445001 0.0025 0
0.02395833333333502 0.0025 4.336808689942018e-19
0.001041666666730716 0.0025 -2.168404344971009e-19
0.02118055555556453 0.0025 3.252606517456513e-19
0.01840277777779148 0.0025 4.336808689942018e-19
0.0003472222222880052 0.0025 -9.75781955236954e-19
0.02048611111112155 0.0025 8.673617379884035e-19
0.01909722222223469 0.0025 4.336808689942018e-19
0.019791666666678 0.0025 1.084202172485504e-18
-0.0003472222221562737 0.0025 9.75781955236954e-19
-0.01840277777776019 0.0025 1.301042606982605e-18
-0.02187499999999115 0.0025 -1.084202172485504e-19
-0.01631944444442095 0.0025 1.301042606982605e-18
-0.00868055555551181 0.0025 0
-0.01979166666665215 0.0025 -1.084202172485504e-19
-0.02395833333333039 0.0025 0
-0.0190972222222064 0.0025 0
-0.01423611111108199 0.0025 -1.084202172485504e-19
-0.01076388888885095 0.0025 1.734723475976807e-18
-0.02118055555554519 0.0025 -1.084202172485504e-19
-0.02048611111109911 0.0025 3.794707603699266e-18
-0.001041666666602364 0.0025 -1.084202172485504e-19
-0.01701388888886747 0.0025 0
-0.007986111111065411 0.0025 0
-0.01770833333331331 0.0025 0
-0.007291666666619505 0.0025 1.517883041479706e-18
-0.02326388888888411 0.0025 1.951563910473908e-18
-0.02256944444443811 0.0025 3.686287386450715e-18
-0.01145833333329731 0.0025 0
-0.01354166666663554 0.0025 -1.084202172485504e-19
-0.01215277777774343 0.0025 0
-0.01284722222218933 0.0025 1.517883041479706e-18
-0.01006944444440432 0.0025 0
-0.01493055555552834 0.0025 0
-0.009374999999958084 0.0025 0
-0.01562499999997453 0.0025 0
-0.003124999999941251 0.0025 -5.421010862427522e-19
-0.006597222222172905 0.0025 0
-0.005208333333280319 0.0025 2.49366499671666e-18
-0.003819444444387664 0.0025 -2.168404344971009e-19
-0.001736111111048617 0.0025 0
-0.00590277777772661 0.0025 3.144186300207963e-18
-0.002430555555494856 0.0025 0
-0.004513888888833938 0.0025 0
-0.02449317390934867 0.0025 1.891652960670301e-07
0.02449317391613052 0.0025 1.891655131966213e-07
-0.025 0.0009375000000036435 0
-0.025 0.0003125000000054647 0
-0.025 0.001534268022575902 6.177221859039392e-06
-0.025 -0.0003124999999945155 1.084202172485504e-19
-0.025 -0.001534268023403383 6.177221898104931e-06
-0.025 -0.0009374999999960817 0
-0.025 -0.002031249999998982 5.468750423410931e-05
-0.025 0.002031250000001007 5.468750423596493e-05
-0.02118424537577843 -0.001898930685404826 0.0005
0.02117458902515499 0.001911209686653395 0.0005
-0.01840279208722944 -0.001898594439494599 0.0005
0.01838962183601788 0.00190464035860126 0.0005
-0.01631945663545932 -0.001898589108213196 0.0005
0.0163053698469794 0.001907966682159427 0.0005
-0.01423611157801024 -0.001898589786430935 0.0005
0.01422150341590944 0.00191257561862752 0.0005
-0.01145833328834346 -0.001898593466250152 0.0005
0.01144373562887695 0.001904856498264554 0.0005
-0.007298775104641162 -0.001894489411155049 0.0005
0.007291666666711676 0.001898593469596145 0.0005
-0.009383537705816448 -0.001887395035642768 0.0005
0.009360409792765988 0.00189906789814814 0.0005
-0.005208333334331489 -0.001898593469237989 0.0005
0.005200444091807694 0.001889609077417065 0.0005
-0.003132321219612347 -0.001882821632568562 0.0005
0.003125000000047108 0.001898593469544859 0.0005
-0.001042846303769255 -0.001878852621119759 0.0005
0.001041666666697636 0.001898593469566059 0.0005
0.02256944444443808 -0.001898593469592846 0.0005
-0.02253975534222379 0.001876153334555543 0.0005
0.01985159223907761 -0.001885397978090148 0.0005
-0.01980560260949547 0.001847726282875801 0.0005
0.01281082862995326 -0.001886897604686846 0.0005
-0.0128617870224956 0.001867292033591495 0.0005
-0.02440372137504211 -0.00024488247219922 0.0005
0.02447379524156838 0.00034516734334651 0.0005
0.002433997264792004 -0.001855899745433166 0.0005
-0.002441005482221347 0.001887823771018678 0.0005
0.0045102881370922 -0.001875599019483427 0.0005
-0.00452127468286381 0.001870300818782506 0.0005
0.00656342587579295 -0.001864829507532931 0.0005
-0.00660460091219138 0.001867086942444059 0.0005
0.008680390119330418 -0.001898688984216728 0.0005
-0.008722638319754547 0.001868242898338064 0.0005
0.01079048615616058 -0.00187759105229095 0.0005
-0.01076388888885091 0.00189859346959305 0.0005
0.01562499999997439 -0.001898593469592852 0.0005
-0.01563046544069878 0.001869651872314737 0.0005
0.01774808847233372 -0.001884844692780317 0.0005
-0.01771864578056215 0.001855678830132222 0.0005
0.02105149223560969 -0.001977723776587626 0.0005
-0.02119318938167896 0.001845669518006434 0.0005
0.01423138739793533 -0.001835693181059178 0.0005
-0.01425066996084247 0.001865510330043211 0.0005
0.001036953074203232 -0.001879518538310966 0.0005
-0.001041666666602341 0.001898593469593018 0.0005
-0.01979166666667798 -0.001900276072845769 0.0005
0.01977720536649458 0.001905267974846359 0.0005
-0.02257257089276824 -0.00190097115824344 0.0005
0.0225598279882846 0.001914012111294509 0.0005
-0.01284691403163743 -0.001890462373593453 0.0005
0.01283261952158466 0.001908715914709747 0.0005
0.02447459685906325 -0.0009019497204740672 0.0005
-0.02444580823724601 0.0008867362125684776 0.0005
-0.02392409667799733 -0.001886332592089911 0.0005
0.023958333333335 0.001898593469595786 0.0005
0.02396870356454332 -0.001895717166209965 0.0005
-0.02398745940900045 0.001888041868756045 0.0005
-0.02325813191009915 -0.001901396687214667 0.0005
-0.02291855758465068 -0.001309321210304359 0.0005
-0.02223108506477852 -0.001304551504222374 0.0005
-0.02257927173527699 -0.0007149458170740766 0.0005
-0.02189004692471848 -0.0007080596474016062 0.0005
-0.02224377720960845 -0.0001197198225260783 0.0005
-0.02155326376427177 -0.0001111177790849521 0.0005
-0.02292828656968983 -0.0001311942264669211 0.0005
-0.02190607677607583 0.0004796997976104783 0.0005
-0.02121361092797078 0.000515239490582321 0.0005
-0.02086323734761971 -0.0001021842370148201 0.0005
-0.02052168194345816 0.0005262632939159399 0.0005
-0.02017120203463311 -9.622796924181986e-05 0.0005
-0.01982887049523187 0.0005305698529607088 0.0005
-0.01947803348715228 -9.173840951520803e-05 0.0005
-0.0191353548011842 0.0005353143570944785 0.0005
-0.01878429700215222 -8.7871721624037e-05 0.0005
-0.01844144339830716 0.0005384775027019488 0.0005
-0.01809027192169086 -8.274972711213381e-05 0.0005
-0.0177473246129459 0.0005429959728778983 0.0005
-0.01739606855805549 -7.942925278632401e-05 0.0005
-0.01705291768196168 0.0005229762020447314 0.0005
-0.0167017452260578 -8.17976555926233e-05 0.0005
-0.01635136819720713 0.0005510696439080619 0.0005
-0.01600618857141707 -7.256215529302983e-05 0.0005
-0.01565385878869179 0.0005593906216658589 0.0005
-0.01531107997271053 -6.679296158506223e-05 0.0005
-0.01496979732983551 0.0005303897615499452 0.0005
-0.01461826594482545 -6.94216788381521e-05 0.0005
-0.01427546492352558 0.0005553982461190319 0.0005
-0.01392412866377716 -6.262227469262024e-05 0.0005
-0.01358110524117855 0.0005637749941549727 0.0005
-0.01322979244818618 -5.269412308524457e-05 0.0005
-0.01288669714148222 0.0005686048329556948 0.0005
-0.01253538407411731 -4.716247207635744e-05 0.0005
-0.01219227627708003 0.0005734052971645212 0.0005
-0.0118382596278998 -5.145386778675126e-05 0.0005
-0.01149739142404944 0.0005752571410797194 0.0005
-0.01114210392000346 -5.287572543511964e-05 0.0005
-0.01080259904248691 0.0005784019160934482 0.0005
-0.0104483527951653 -4.872262270519225e-05 0.0005
-0.01010810374160226 0.0005647765192458469 0.0005
-0.009757308286218331 -4.486255530995006e-05 0.0005
-0.009414380229628681 0.0005891822656450381 0.0005
-0.00906425758476731 -4.196605571473846e-05 0.0005
-0.008720298525194237 0.000596805592309591 0.0005
-0.008368766315362815 -2.720144808443189e-05 0.0005
-0.008025597920528217 0.0005806495259264202 0.0005
-0.007669102256796956 -3.424988092657424e-05 0.0005
-0.007330228299996468 0.000576423592853788 0.0005
-0.006970520461779029 -4.740001938993132e-05 0.0005
-0.006634950318605701 0.0005766005015533674 0.0005
-0.006280501783231641 -3.413935889292277e-05 0.0005
-0.005941137564656225 0.0005853444557776187 0.0005
-0.005584782202825528 -2.770966693553584e-05 0.0005
-0.005246571921580486 0.0005873061167561518 0.0005
-0.004886828679791271 -3.979710141166673e-05 0.0005
-0.00455153263308756 0.0005886914020999273 0.0005
-0.00419696214285434 -2.385324796830808e-05 0.0005
-0.003857786395304769 0.0005982927007852549 0.0005
-0.003506693810092151 3.609350019699397e-08 0.0005
-0.003164278815760722 0.000624164202787559 0.0005
-0.002813111727728317 1.140247961426685e-05 0.0005
-0.002470144441569791 0.0006334434304670314 0.0005
-0.002118872887549927 1.791632756303695e-05 0.0005
-0.003839031497386003 -0.0006533725511581976 0.0005
-0.00176263793122904 0.000629578509721751 0.0005
-0.001409251966676985 2.907753066828853e-05 0.0005
-0.001765155380714526 -0.0005825026353448345 0.0005
-0.001070201824268856 -0.0005940683614700387 0.0005
-0.0007216625162471697 3.253530197701363e-05 0.0005
-0.0003768252252825385 -0.0005923467747269559 0.0005
-2.697208254689418e-05 4.457948632688297e-05 0.0005
0.000317509182669566 -0.0005925746222414004 0.0005
0.0006647880867508105 3.917669573083862e-05 0.0005
0.001011477710137934 -0.0005904401493520154 0.0005
0.001364140149539817 4.255100671407932e-05 0.0005
0.001704447961107534 -0.0005617589322563022 0.0005
0.002048938581160185 4.171355087254629e-05 0.0005
0.002399216152290064 -0.0005764306467788899 0.0005
0.002748980572224792 5.088631532697174e-05 0.0005
0.003094637280626461 -0.000574274225865094 0.0005
0.003447666542516894 5.405312172793898e-05 0.0005
0.003789977220357801 -0.0005757365193226341 0.0005
0.004136344057778301 4.982111342211234e-05 0.0005
0.004483599560822863 -0.0005736126570226171 0.0005
0.004826524112604487 5.433697210846935e-05 0.0005
0.005177022334615573 -0.0005447672108679579 0.0005
0.00551981643874008 6.498587902365972e-05 0.0005
0.005861991212481089 -0.0005621229828219126 0.0005
0.006212740313976941 6.492520393274673e-05 0.0005
0.006539158960307585 -0.0005802587041489901 0.0005
0.006908674732644405 7.420461680927272e-05 0.0005
0.007240065156115494 -0.0005516507662353779 0.0005
0.007599801216170177 7.435285485163378e-05 0.0005
0.007955093283902709 -0.0005551165530669176 0.0005
0.008297113082690821 7.687284264853923e-05 0.0005
0.008657909268594624 -0.0005827023045835981 0.0005
0.008993420489194961 7.576812795710667e-05 0.0005
0.009349413157491609 -0.0005547738481895329 0.0005
0.009687675136397213 8.331166416940852e-05 0.0005
0.01004349621348913 -0.0005472298785006653 0.0005
0.01038201751823233 8.889916108125669e-05 0.0005
0.01074249952369634 -0.0005746785889007899 0.0005
0.01107719456487463 8.83285380948472e-05 0.0005
0.01143317192478882 -0.0005443335925902864 0.0005
0.01177112223746574 9.636384624393688e-05 0.0005
0.01212201145830571 -0.00046695989422881 0.0005
0.01246453620311895 0.0001136715932574375 0.0005
0.01281531431230028 -0.0004880090299930128 0.0005
0.01315860843769557 0.0001161209410607279 0.0005
0.01348990956411544 -0.0005067954274310479 0.0005
0.01384967245006287 0.0001164710120500063 0.0005
0.01420037507867064 -0.0004919269652741909 0.0005
0.01454739534912638 0.0001249076746281474 0.0005
0.01489802591224244 -0.0004849698652232904 0.0005
0.01524172852259325 0.0001277188865360134 0.0005
0.01559758308405382 -0.0005097572020414865 0.0005
0.0159369963447749 0.0001271291116460208 0.0005
0.01629300668102133 -0.0005109138080644518 0.0005
0.01663173101260167 0.0001299109607556253 0.0005
0.01694784271727744 -0.0004495007486599973 0.0005
0.01731961222791755 0.0001436830247697233 0.0005
0.01762051382270041 -0.0005215777035528718 0.0005
0.01800932371267625 0.0001370384555516655 0.0005
0.0183678343236685 -0.0004471081890586317 0.0005
0.01871178180826618 0.0001514155256927895 0.0005
0.0190645872630526 -0.0004836476766434872 0.0005
0.01940799469343311 0.0001507615699011223 0.0005
0.0197597199609637 -0.0004867625736999765 0.0005
0.020102838883453 0.0001531317850076163 0.0005
0.02045400935920049 -0.0004461027935024101 0.0005
0.02079725767170441 0.0001663919946615689 0.0005
0.02114787233710255 -0.000443995321803512 0.0005
0.02149053662187911 0.0001677459092809514 0.0005
0.02184030865710251 -0.0004391555153875454 0.0005
0.02218155465006977 0.0001692870337378576 0.0005
0.02252818424925199 -0.0003872216074687784 0.0005
0.02286910636124421 0.0001755454080418335 0.0005
-0.005920403369150686 -0.000657743721733394 0.0005
0.0003380957129684612 0.0006846078897686324 0.0005
-0.008006092841455908 -0.0006619987294524603 0.0005
0.002416470005524327 0.000668893855949271 0.0005
-0.01009323501845472 -0.0006683707501850411 0.0005
0.004489232831173453 0.0006601069931046935 0.0005
0.006557217449992794 0.0006725148740880229 0.0005
-0.01495935054249565 -0.0006746141677146248 0.0005
0.008640928831442223 0.0006839854701843072 0.0005
-0.01704493512375913 -0.000686055868483584 0.0005
0.01072456687721839 0.0006973019960646965 0.0005
-0.01216935797777842 -0.0006720548444998666 0.0005
-0.01356357120455725 -0.0006638533994376977 0.0005
0.01558519041725344 0.0007264173525410614 0.0005
0.017665758150744 0.000738804248510378 0.0005
0.01867469155668925 -0.001043121141022917 0.0005
-0.0191185668911702 -0.0006938391133059197 0.0005
0.01661143780580279 -0.001130274914967974 0.0005
-0.02050748367067658 -0.0006982608581663324 0.0005
0.02320765302248646 -0.0003694147486359338 0.0005
0.0121132333637925 0.0007059180661470849 0.0005
0.01350124783640783 0.0007150395752040791 0.0005
0.01183447272441746 -0.001070132666545883 0.0005
-0.01878153673847721 0.001195058532073535 0.0005
0.009708012571235852 -0.001209343376874711 0.0005
-0.01669744994899804 0.001156214245987184 0.0005
0.01905719297376483 0.0007562618548198056 0.0005
0.007608888794751176 -0.00115761191654065 0.0005
0.02184845923370816 0.0007601592974767378 0.0005
0.02044605423689961 0.0007650332605218063 0.0005
0.00552593174725147 -0.001199103167922973 0.0005
0.003458193977648301 -0.001196593593114565 0.0005
-0.01183778423632985 0.00121902658568664 0.0005
-0.009792468325227803 0.001194561427175859 0.0005
-1.592827425838385e-05 -0.001212514855351598 0.0005
-0.007666351524275736 0.00119404816176782 0.0005
-0.005582790454526175 0.001202943614944012 0.0005
-0.00350434265432949 0.001245109004102637 0.0005
0.02351022406804764 0.0001628170689269731 0.0005
0.02320060687299465 0.0007505240657478157 0.0005
0.02230173674203356 -0.001084814015351431 0.0005
0.02079972920607483 -0.00101205902466819 0.0005
0.0152546829946021 -0.001109512888032553 0.0005
-0.02155275784037292 0.001178692150538589 0.0005
-0.02225543655671588 0.001076558361918434 0.0005
0.0138491411707796 -0.00113253716874099 0.0005
-0.020170728515858 0.001176447396383701 0.0005
-0.01461167411621743 0.001205869678318739 0.0005
-0.01322844309647322 0.001210388748479357 0.0005
0.02389053933998872 -0.0004812536995500849 0.0005
0.02345370635154099 -0.0009581710176452385 0.0005
0.002064307934643485 -0.001221639811864999 0.0005
0.02388941246589873 0.0007091777227855224 0.0005
-0.001416491369018709 -0.001183894374212002 0.0005
-0.002107725892064792 -0.001206521798985689 0.0005
-0.001750013995855701 -0.001840726618896753 0.0005
-0.002110726719168445 0.001256088149457601 0.0005
-0.001391429261880803 0.001266360260697126 0.0005
0.0235412613751839 0.001326278192068678 0.0005
-0.02359718213545756 -0.001310497573457247 0.0005
-0.02424267100049334 -0.001303226323425767 0.0005
-0.02393723628327139 -0.0007590420580743216 0.0005
-0.02326052543743446 -0.0007274458687386874 0.0005
-0.0236577503458979 -0.0001841981539306022 0.0005
-0.02337895668033719 0.0004078053228020269 0.0005
-0.02404984749904147 0.0003441490174630765 0.0005
-0.02378641003108914 0.000886933195532312 0.0005
-0.02322691641314964 0.001079143139713841 0.0005
-0.02266242523216198 0.000595852710074772 0.0005
-0.02322847062499191 0.001808241502020338 0.0005
0.02325927778874475 -0.001931008707282317 0.0005
0.02300425300452546 -0.001359492905983356 0.0005
0.02175655031536345 -0.001780377146837883 0.0005
-0.0007114088104078946 -0.00124368729247817 0.0005
-0.0003485388842083888 -0.001874793137704736 0.0005
0.02253455286377488 0.0007538604853045574 0.0005
-0.02187763490506006 -0.001900478999693221 0.0005
0.0218729752920774 0.001919503111956407 0.0005
-0.02153890059184111 -0.001302356013651733 0.0005
0.02149508994257584 -0.001028415056335091 0.0005
0.02115069308567566 0.0007545672216922543 0.0005
0.01975197180893299 0.0007606724308357723 0.0005
0.02011771441232799 -0.001083091843087288 0.0005
0.02057183026699456 -0.00158466987023715 0.0005
0.01941794839479475 -0.001271228635508318 0.0005
0.01883172114192672 -0.001719829739977997 0.0005
-0.01739276257552189 0.001163332230276873 0.0005
-0.01046003677535885 0.001161756336993236 0.0005
-0.008365515135247015 0.001241179511865452 0.0005
-0.006288830765994256 0.001196281170819041 0.0005
-0.004201483828866641 0.001216704749974277 0.0005
-0.00246212691916177 -0.0005894151454107376 0.0005
-0.002798893154097501 -0.001231128306428598 0.0005
-0.000347222222170991 0.001898593469596659 0.0005
-0.0006927955229518919 0.001296311450913781 0.0005
-9.347004891196686e-07 0.001301505014735157 0.0005
-0.001039321775441529 0.0006657059828792383 0.0005
-0.001740918692677036 0.00187436310819763 0.0005
-0.002808131487039614 0.001276723365370735 0.0005
0.000347066438840613 0.001899313148845545 0.0005
0.000693575652502878 0.001296665275551794 0.0005
0.001385190533150608 0.001286238090881922 0.0005
0.001036235416854192 0.0006839464370100437 0.0005
0.001735494718517214 0.001896768661486424 0.0005
0.002076713059856568 0.001279714999921823 0.0005
0.002429349444565721 0.001895377344986746 0.0005
0.002777777777741909 0.00129718693896737 0.0005
0.003468762790746903 0.001288571857054705 0.0005
0.003121023598934813 0.0006883616054378895 0.0005
0.00381886787257228 0.001897157622515128 0.0005
0.004160544600240438 0.001284987174163213 0.0005
-0.01841702659820754 0.001867777200494837 0.0005
-0.01911430747479832 0.001861116537157271 0.0005
-0.01808772483865412 0.001212009187629083 0.0005
0.01631474811271632 -0.001866314257591409 0.0005
0.01596058322092069 -0.001232751982143151 0.0005
0.01701388888886676 -0.001685901960672961 0.0005
0.01761685423515683 -0.001222941696345934 0.0005
0.01492584209146977 -0.00177376021690514 0.0005
0.01455990910761665 -0.00113806671420589 0.0005
0.01350368941582835 -0.001847172030770798 0.0005
0.01304683610470475 -0.00116261528444137 0.0005
-0.01631944444442022 0.001898593469592872 0.0005
-0.0159801075422247 0.0012592497075362 0.0005
-0.0170225492691092 0.001821086349028755 0.0005
0.00798480238855951 -0.001886386555647291 0.0005
0.008318978169297699 -0.001229711056830481 0.0005
0.007269584039527758 -0.001828969722570958 0.0005
0.006898122275459444 -0.001213096399042155 0.0005
-0.007990524515273526 0.001884742126851449 0.0005
-0.009092510804058776 0.00121941887539416 0.0005
-0.007301495885218678 0.001828007850410072 0.0005
-0.009453986100963294 0.001831225880793453 0.0005
0.009372438715922375 -0.001884064309601912 0.0005
0.01007061424587182 -0.001883905952973243 0.0005
0.01041103663692113 -0.001231655964787752 0.0005
0.01113826398385697 -0.001178495138482801 0.0005
0.01161791693715749 -0.001772578965781144 0.0005
-0.01145833333329654 0.001898593469592627 0.0005
-0.01216792437910807 0.00187469394458881 0.0005
-0.01115517863782678 0.001264634920128978 0.0005
-0.01355953665309281 0.001867497829423813 0.0005
-0.01252915202549483 0.001218901907077753 0.0005
-0.02188185652016234 0.001829512227503166 0.0005
-0.02085634662007292 0.001179765646125677 0.0005
-0.02049580428761196 0.001840081632021024 0.0005
-0.01947273343917418 0.001191038826424249 0.0005
-0.01494408184181905 0.001844093713142591 0.0005
-0.01391781566522167 0.00121140663775652 0.0005
0.001728117618988865 -0.001853752499112223 0.0005
0.002768172556213142 -0.001223949326805416 0.0005
0.003127114401824983 -0.001865669725684346 0.0005
0.0128074090135862 0.0007100671881067401 0.0005
0.01246975969277788 0.001305120666282082 0.0005
0.01836213696703209 0.000747284878322348 0.0005
0.0114191995805245 0.0006973050557265827 0.0005
0.01108100704473122 0.001300837942521548 0.0005
0.01037283680629648 0.001300038026051276 0.0005
0.01003012691643631 0.0006909624787072296 0.0005
0.009335768354985055 0.0006848900606395384 0.0005
0.008983978512389678 0.001290819288265977 0.0005
0.00828954936543741 0.001286209919373106 0.0005
0.005896451883640786 -0.001892789599014327 0.0005
0.005197118231241024 -0.001851650306844337 0.0005
-0.005911521153332035 0.00185751783657513 0.0005
-0.00521865623798536 0.00183096024428947 0.0005
0.007945739332243401 0.0006795061238262178 0.0005
0.007251211637456231 0.0006758804539028553 0.0005
0.006900691071531399 0.001276991181587147 0.0005
0.006210392535671826 0.001274568394151194 0.0005
0.005863142196929505 0.0006685423335040105 0.0005
0.005525277328944535 0.001272520733000397 0.0005
0.005177092861378998 0.0006619375751972701 0.0005
0.01489065626314728 0.0007226075800962781 0.0005
0.01525041820776197 0.001313830460505777 0.0005
0.01419559132494261 0.0007170687330824052 0.0005
0.01385838445785878 0.001310741575470644 0.0005
0.01627957942974948 0.000733960475040494 0.0005
0.01697278948335658 0.0007332602653274918 0.0005
0.01733400924078119 0.001321668353158112 0.0005
-0.003831831675796099 0.001875356017696065 0.0005
-0.0204886900524955 -0.001900041417576761 0.0005
-0.02014976407797938 -0.001300261078944142 0.0005
0.02046838363666026 0.001909193121413634 0.0005
-0.01909722460714097 -0.001900556668370842 0.0005
-0.01875867924919005 -0.001297431951024082 0.0005
-0.01805560352409171 -0.001297214633830108 0.0005
-0.01770835692312622 -0.00189919660263667 0.0005
-0.01701390174825881 -0.001899294522096097 0.0005
-0.01666667014539461 -0.001297184482706667 0.0005
-0.01597494394800161 -0.001295697067771635 0.0005
-0.01562546447738206 -0.001898339113571439 0.0005
-0.01528054283323992 -0.001295369297838938 0.0005
-0.01493109210022618 -0.001898245760642877 0.0005
-0.01458607191344809 -0.001295426313827856 0.0005
-0.01389216668186591 -0.001291143552138015 0.0005
-0.01426219122078692 -0.000677417735809536 0.0005
-0.01319834455989005 -0.001264916017832962 0.0005
0.01907809605599462 0.001906637571148128 0.0005
-0.006598406963376371 -0.001897909460055785 0.0005
-0.006947949788931715 -0.001297614731747495 0.0005
-0.007654201728764938 -0.001280200464291436 0.0005
-0.006255842428137658 -0.001292030588348948 0.0005
-0.007309638031267966 -0.0006707665061104049 0.0005
-0.008359209076370205 -0.001266579909926844 0.0005
-0.008711141167717597 -0.0006589057413140068 0.0005
-0.009049518859343795 -0.001274547996445364 0.0005
-0.008006661900358076 -0.001879754247291894 0.0005
-0.005903948972851231 -0.001897620076014987 0.0005
-0.005555555555606355 -0.001297186938447199 0.0005
-0.004863078796335614 -0.001298322983169877 0.0005
-0.005222723933435482 -0.000670559513782195 0.0005
-0.004514216837292737 -0.001898782809724583 0.0005
-0.004173846978976519 -0.001292379752053562 0.0005
-0.003822328082717069 -0.00189681173160142 0.0005
0.005896164263149406 0.001893939751583624 0.0005
-0.01076388891817031 -0.001898593474058979 0.0005
-0.01111348165704443 -0.001298555657727724 0.0005
-0.01180870679447068 -0.001293464960199963 0.0005
-0.01042498575998122 -0.001295132421831497 0.0005
-0.01147500369288205 -0.0006787328886836041 0.0005
-0.01215324443205242 -0.001896622082642935 0.0005
-0.01007384225195928 -0.001897301648977246 0.0005
0.004837377910032869 -0.001200182309190445 0.0005
0.004145525126649145 -0.001268849352611625 0.0005
0.001366654652114547 -0.001214709915783401 0.0005
0.0006748086208738905 -0.001265965759264868 0.0005
0.004507699767064778 0.001887147735756299 0.0005
-0.003150245401448908 -0.0006275145766889046 0.0005
-0.01565621513730566 -0.0006769456777178447 0.0005
-0.01354281169746523 -0.001890851954999227 0.0005
-0.01250920437782791 -0.00127684226460385 0.0005
0.009014523666978762 -0.001226547313382827 0.0005
-0.01634830771835164 -0.0006814536081964285 0.0005
0.006593318711926033 0.001897674259139815 0.0005
-0.009406932678252529 -0.0006765813771472494 0.0005
0.01561080432225834 0.001909184961050071 0.0005
-0.01736383081564697 -0.001299017237954559 0.0005
0.007599228221048174 0.001280131466596478 0.0005
-0.01773924118099597 -0.0006848141266880302 0.0005
0.00798611111115414 0.00190484030746063 0.0005
-0.01842444329488183 -0.0006906535455973849 0.0005
-0.002441677562143644 -0.0018601997261466 0.0005
0.008668392050758606 0.001899785948868042 0.0005
0.01769433366012177 0.00191227628161445 0.0005
-0.01945618066072576 -0.001297369273808879 0.0005
-0.003484826554141053 -0.001275034836083346 0.0005
0.009692094137892508 0.001296279825393935 0.0005
-0.009738675378967998 -0.001283221538371527 0.0005
-0.02119967491008359 -0.0007043055572231591 0.0005
-0.01981353847038955 -0.0006962827838303833 0.0005
-0.01530182786577669 0.001186323608352063 0.0005
-0.02084479311314243 -0.001300692601827825 0.0005
0.01006944444448154 0.001911901200551452 0.0005
-0.004530412004796537 -0.0006630475249239676 0.0005
-0.006614142643749783 -0.0006666158210371826 0.0005
-0.01286760910705952 -0.0006629205202559963 0.0005
0.01074913361703903 0.001902938944564805 0.0005
0.01238827969537149 -0.001396351938204793 0.0005
-0.01078286047392186 -0.0006737316777613629 0.0005
0.01177995218141866 0.001305500624093887 0.0005
0.02446442656134187 0.0009374999999960814 0.0005
0.01214265348178779 0.001908298921528785 0.0005
-0.00697107628438037 0.001206408036641358 0.0005
0.00171810176983327 0.0006492657893264955 0.0005
-0.00313921854987819 0.001880835359698019 0.0005
0.003801361944589922 0.0006578112061810911 0.0005
-0.004887051626485004 0.001216151157807724 0.0005
0.0232340277973588 0.001915833778831095 0.0005
0.01316851453148487 0.001312226989906532 0.0005
0.02288210385493879 0.001334095454719009 0.0005
-0.008693339775513623 -0.001884712864884478 0.0005
0.004842005440991254 0.001268931831631033 0.0005
0.01353147086432033 0.001912033922132453 0.0005
0.01455785153753315 0.00131753568389432 0.0005
0.01491694809910342 0.001908854454012947 0.0005
0.0003565043759207098 -0.001892493848686953 0.0005
0.01593557382728428 0.001310781005985316 0.0005
0.02447760378016433 -0.0002655015170952466 0.0005
0.01664020178617619 0.001323849949650631 0.0005
-0.02448199634314428 0.001555549927575955 0.0005
0.02449978366540741 -0.001539883385385069 0.0005
0.0181972043126619 -0.001446507606563577 0.0005
0.0244934974810107 0.001550391774379885 0.0005
0.02220483462329294 0.00133822720657906 0.0005
0.01700028205197849 0.001910960211097103 0.0005
0.00383243101866444 -0.001892172419907384 0.0005
0.01801872264164765 0.001317599914677901 0.0005
-0.0003572651474513571 0.0006708741877667841 0.0005
0.00621418032582222 -0.001218700060080548 0.0005
0.01870926609065493 0.001316678058228049 0.0005
0.01940486909024704 0.001320172453835916 0.0005
0.02150705225046633 0.001334001102307862 0.0005
0.02009839106514466 0.001321405389282371 0.0005
0.02080273722415888 0.001329074523410201 0.0005
-0.01013038728290229 0.001783371939561187 0.0005
0.01222451616359376 -0.002011165701734556 0.0005
-0.02363165344697137 0.001422228310620714 0.0005
0.01831651389648856 -0.002010236407864377 0.0005
0.02398811936459994 -0.001224661619258607 0.0005
-0.0245175694707425 -0.0008355941877903659 0.0005
-0.02447715600616472 -0.001798024796649967 0.0005
0.01804436591054281 -0.0008985531040137882 0.0005
0.02406938624335404 0.001284388231765191 0.0005
-0.02275829385833677 0.001313328834746596 0.0005
-0.02459317910865752 0.0003194289654077418 0.0005
0.02455480855710096 -0.00206212011031921 0.0005
-0.02455500226153976 0.002063718359266603 0.0005
0.02403457161163673 7.879315836113061e-05 0.0005
0.02455147727398041 0.002064797048794905 0.0005
0.02354353860918859 -0.001477805905052729 0.0005
0.01247068994458482 -0.0008805437912621003 0.0005
0.02288441927749938 -0.0008094205990711946 0.0005
-0.02409658607101877 0.001257720292427498 0.0005
0.01929168522897684 -0.002006497155985389 0.0005
0.02048697436642946 -0.002126616114670342 0.0005
0.01713260443333666 -0.0009558184010971271 0.0005
0.02113191096602494 -0.001457631928941416 0.0005
-0.01552101483006814 0.001035284774817796 1.126954354410326e-19
-0.01322187991520988 -0.0004610640621812611 -3.8360907729961e-07
-0.01233380509692465 6.64996361941408e-05 1.463672932855431e-17
-0.01321449666719674 -0.001479169584931349 -8.890457814381136e-18
-0.01411139019350296 3.20573343782981e-05 6.938893903907228e-18
-0.01475477743880696 0.0004668463332555324 -2.49366499671666e-18
-0.01556396766231748 0.001938957739952853 2.602085213965211e-18

CELLS 4111 20555
4 1265 1056 828 1505
4 1503 1483 1461 784
4 1483 1503 826 784
4 1510 1059 1270 833
4 917 1461 1483 784
4 918 1461 917 784
4 1483 826 806 784
4 1028 1252 1461 784
4 1497 820 589 1513
4 1503 1461 1252 784
4 1503 826 784 575
4 1265 828 350 1505
4 806 917 1483 784
4 383 820 1497 1513
4 803 1506 1059 829
4 1056 994 828 1505
4 1266 588 1056 589
4 913 915 1481 803
4 828 588 379 1056
4 1058 1483 1503 826
4 381 1509 806 832
4 1481 1506 1059 803
4 1259 582 1262 1062
4 589 379 588 1056
4 1262 582 585 1062
4 826 1503 1258 575
4 585 387 1262 1062
4 1062 1259 582 1061
4 582 385 585 1062
4 387 585 385 1062
4 589 820 1497 1267
4 828 588 1056 1265
4 387 1064 1262 1062
4 387 385 1063 1062
4 820 595 383 1497
4 806 1483 1509 381
4 385 582 384 1062
4 1063 1064 387 1062
4 1503 1258 1058 826
4 806 826 1483 381
4 1065 1064 387 1063
4 1484 1470 1275 793
4 1065 387 388 1063
4 385 1063 1062 1051
4 388 1065 1063 1278
4 1239 1275 1470 793
4 387 385 386 1063
4 1250 1512 1219 835
4 1449 1065 388 1278
4 386 388 387 1063
4 386 388 1063 1278
4 793 1484 1470 375
4 588 1266 1056 1265
4 388 386 601 1278
4 573 1250 542 835
4 1062 582 384 1061
4 374 599 386 1063
4 374 386 385 1063
4 793 1275 1484 598
4 772 388 601 1449
4 384 1062 1051 385
4 598 1275 1197 522
4 599 1063 1278 386
4 1449 388 601 1278
4 995 993 804 1480
4 1239 1275 793 598
4 599 601 386 1278
4 820 836 589 1513
4 1275 1199 1197 522
4 1063 374 599 1051
4 599 1063 1051 1276
4 1063 385 374 1051
4 1262 1261 582 1259
4 1063 599 1278 1276
4 772 601 775 1449
4 1449 601 1452 1278
4 599 1278 1001 601
4 584 1262 582 585
4 1278 599 1001 1276
4 1452 601 1001 1278
4 598 793 1239 562
4 599 601 1001 324
4 1052 1470 1484 375
4 1510 1271 1250 833
4 1197 598 1228 1275
4 1449 601 775 1452
4 1513 1480 836 1056
4 324 775 601 1001
4 1513 589 1056 836
4 572 801 1478 378
4 324 775 1001 1381
4 1062 384 1051 1061
4 385 384 374 1051
4 1250 542 572 573
4 1059 1510 1499 833
4 1379 1485 1444 702
4 601 1452 1001 775
4 326 810 1487 767
4 1374 1475 1436 798
4 775 1452 1001 1381
4 775 324 704 1381
4 775 1449 541 772
4 697 1436 798 1374
4 1436 697 798 759
4 1444 1004 1487 767
4 1444 808 702 1485
4 808 1444 702 767
4 326 1487 1004 767
4 536 1213 697 696
4 1374 1213 1373 696
4 1214 1378 1379 701
4 520 598 1197 522
4 775 1218 1449 1452
4 807 793 1484 598
4 701 702 1379 537
4 1275 1228 1484 598
4 1252 1028 1508 831
4 1213 1374 697 696
4 705 704 372 1381
4 1444 702 1487 1379
4 1028 1252 784 351
4 704 705 775 1381
4 1452 705 1381 775
4 810 702 1487 767
4 1218 775 705 1452
4 702 1444 1487 767
4 1381 372 705 1049
4 1239 1275 598 522
4 701 1379 1214 537
4 683 1469 1221 544
4 1218 775 1449 541
4 1373 1375 1474 696
4 1487 813 810 326
4 1275 1239 1199 522
4 705 1382 1381 1049
4 1262 584 582 1261
4 1479 1379 1378 701
4 705 1452 1381 1382
4 388 1449 1067 1065
4 1373 1474 1374 696
4 600 1052 1484 375
4 820 383 836 1513
4 1398 1491 1490 814
4 802 702 1379 701
4 1398 813 814 1490
4 1452 705 1218 1382
4 541 775 705 1218
4 1484 793 807 375
4 1490 1487 1004 813
4 1374 1474 1475 798
4 813 1487 1004 326
4 697 1374 1474 696
4 1474 1374 697 798
4 1497 820 595 1267
4 1197 551 598 520
4 773 1450 1218 1382
4 551 1197 598 1228
4 1239 598 562 522
4 709 327 710 1387
4 1478 831 1028 801
4 773 541 705 1218
4 1218 705 773 1382
4 1398 1491 814 373
4 1375 1221 1376 544
4 1020 1299 622 623
4 1379 1485 702 802
4 768 372 707 1049
4 1449 388 1067 772
4 813 1398 814 721
4 768 705 372 1049
4 1450 773 768 1382
4 802 1485 702 808
4 492 543 1169 683
4 1378 1377 1479 701
4 705 768 773 1382
4 1003 1385 327 1384
4 1250 1499 1510 833
4 698 1474 1375 696
4 698 797 1474 696
4 1008 1475 1474 798
4 800 1436 1006 759
4 705 768 1382 1049
4 683 1221 494 544
4 1004 1398 1490 813
4 1003 327 1386 1387
4 768 1450 1216 773
4 721 813 1004 326
4 1221 1469 1376 544
4 1194 518 1193 1195
4 1388 328 712 1005
4 697 1474 797 696
4 1491 1398 1050 373
4 721 1398 814 373
4 697 797 1474 798
4 683 792 1469 544
4 1221 1352 1469 683
4 768 1384 1049 707
4 1384 768 1049 1445
4 1445 1450 768 1382
4 711 328 712 1388
4 1352 1169 1220 543
4 768 1445 1382 1049
4 1386 1385 327 1003
4 1005 328 1390 1391
4 1513 589 1497 1266
4 800 697 1436 759
4 1374 1436 1477 697
4 1228 807 598 551
4 807 1228 598 1484
4 1487 1379 702 537
4 1450 768 1216 1445
4 498 1375 1373 696
4 1239 581 575 562
4 768 707 708 1384
4 1385 1445 768 1384
4 707 327 708 1384
4 518 1194 1193 517
4 516 518 1193 517
4 1487 702 810 537
4 1216 768 1385 1445
4 813 1004 1398 721
4 581 1239 1470 793
4 768 539 773 1216
4 791 793 1470 375
4 551 1197 518 520
4 714 1390 328 1391
4 551 1197 1228 518
4 1385 768 708 1384
4 760 710 711 1387
4 1385 708 327 1384
4 768 1216 1385 539
4 1387 711 760 1388
4 544 1376 1375 698
4 539 768 708 1385
4 343 1020 622 623
4 543 1352 1169 683
4 1474 699 797 698
4 1376 1474 1375 698
4 494 492 1169 683
4 493 1168 1169 491
4 797 699 1474 331
4 740 332 739 1416
4 1379 1487 1214 537
4 700 802 1377 701
4 1484 807 600 375
4 394 772 541 1449
4 1474 797 331 798
4 993 379 804 1480
4 1379 1479 802 701
4 544 699 1376 698
4 739 745 742 1416
4 1469 1054 1473 796
4 327 709 708 1385
4 1052 600 1484 1277
4 1357 1210 1358 678
4 1474 1376 699 698
4 823 1027 1500 1261
4 329 800 1006 759
4 1008 1474 699 331
4 1376 1008 1474 699
4 543 1352 1353 1220
4 589 1513 1056 1266
4 341 1309 1018 630
4 796 792 1469 377
4 331 1008 1474 798
4 1197 1195 1228 518
4 1228 603 551 518
4 1181 1377 1378 701
4 494 1352 1221 683
4 1169 492 493 491
4 993 379 1480 1056
4 831 1478 1028 1508
4 684 792 1469 683
4 1352 1353 1469 683
4 792 699 1469 544
4 816 814 1491 373
4 1220 1355 1460 543
4 377 792 1469 684
4 699 1376 1469 544
4 1485 1379 1479 802
4 1436 1006 1477 800
4 1485 802 329 808
4 1169 492 494 493
4 341 632 1309 630
4 1375 498 698 696
4 1376 1473 1008 796
4 1469 1054 796 377
4 733 338 735 1412
4 1376 1469 1473 796
4 338 733 1015 1412
4 807 1492 1484 600
4 1352 543 1353 683
4 684 1469 1353 683
4 740 332 1416 1009
4 496 1221 1375 544
4 1213 697 800 536
4 1299 1020 1300 623
4 1277 1484 1492 600
4 618 616 1293 622
4 494 1169 1352 683
4 537 810 1487 682
4 1469 699 792 796
4 1392 714 1393 1391
4 1213 800 1377 536
4 1052 1468 1470 375
4 1353 1054 1469 377
4 377 1469 1353 684
4 1436 1477 697 800
4 784 1028 918 1461
4 714 716 715 1393
4 1280 1228 1195 518
4 699 1376 1008 796
4 1008 699 796 331
4 1352 494 1221 1171
4 802 1479 1377 701
4 1210 1357 533 678
4 1299 1295 1293 622
4 1416 1422 745 1419
4 1374 1477 1213 697
4 1469 1376 699 796
4 327 709 1386 1387
4 1367 1366 1155 690
4 1422 771 1013 745
4 1493 1491 1050 373
4 575 784 1252 351
4 1366 690 689 478
4 1449 541 394 1218
4 1075 773 1216 1450
4 543 684 1353 683
4 1357 1356 1210 533
4 773 1073 1218 1450
4 764 708 709 1385
4 716 717 1393 1007
4 1487 1354 1214 537
4 327 709 1385 1386
4 1460 1353 1220 543
4 541 773 396 1218
4 693 529 1206 474
4 693 1206 1370 474
4 539 1441 1216 1385
4 800 1006 1479 329
4 1462 333 785 783
4 1377 504 700 701
4 764 539 708 1385
4 717 716 330 1007
4 802 1377 800 700
4 793 581 1239 562
4 1352 1171 1169 494
4 531 1366 681 689
4 1193 552 603 516
4 1228 1280 603 518
4 333 1462 1010 783
4 800 1377 536 700
4 785 377 1462 684
4 1280 552 1193 1229
4 552 1280 1193 603
4 539 1075 773 1216
4 1175 1375 1373 498
4 1169 543 492 490
4 329 1479 800 802
4 1006 800 1479 1477
4 807 1228 1492 551
4 1492 1484 1228 807
4 1353 377 1462 1054
4 377 1353 1462 684
4 722 1408 1402 1399
4 1408 722 1402 731
4 807 815 1492 600
4 543 1355 783 675
4 783 1460 1355 543
4 1356 1357 676 533
4 1479 1006 1485 329
4 502 1213 1377 536
4 388 772 390 1067
4 1259 380 582 1061
4 544 1375 496 698
4 1491 1493 816 373
4 1460 1010 1462 783
4 379 836 804 1480
4 696 1213 500 536
4 343 626 1020 624
4 1213 696 500 1373
4 496 494 1221 544
4 1169 1171 1170 494
4 1357 677 533 678
4 1412 1414 735 1413
4 1220 1169 1167 543
4 1353 783 684 543
4 1491 1490 814 549
4 783 785 1462 684
4 676 333 1010 783
4 1490 813 814 549
4 802 1479 1485 329
4 1355 1210 1356 533
4 810 813 1487 682
4 1357 677 676 533
4 1385 709 764 1386
4 764 1441 1385 1386
4 1358 1359 1447 678
4 1353 783 1462 684
4 800 1479 1377 802
4 1477 1479 1377 800
4 1480 379 836 1056
4 681 1208 1366 531
4 1307 1018 1309 630
4 379 589 836 1056
4 1355 676 783 675
4 1355 1356 1460 783
4 325 1277 1492 600
4 697 1477 1213 800
4 695 1370 1149 693
4 1354 1487 1490 813
4 760 709 710 1387
4 336 771 745 1013
4 539 764 1441 1385
4 1301 1020 1303 626
4 800 1213 1377 1477
4 1214 701 1183 1378
4 536 1377 502 700
4 394 1449 1067 772
4 1356 1355 676 783
4 1487 1354 537 682
4 1010 1460 1356 783
4 1353 1460 783 543
4 822 1250 572 573
4 581 1239 575 1258
4 1252 1239 1258 575
4 994 350 828 1505
4 1226 549 604 512
4 1194 1193 517 515
4 1193 516 517 515
4 622 1299 1295 623
4 771 1422 1013 1448
4 783 1353 1462 1460
4 603 1492 1228 551
4 676 1010 1356 783
4 676 1355 533 675
4 1359 1208 680 531
4 1492 815 807 551
4 1404 729 1471 1406
4 1490 1491 1226 549
4 1195 1193 1280 518
4 822 1481 1059 803
4 694 1370 695 693
4 1206 692 529 693
4 1369 1206 1370 693
4 1050 1383 1493 373
4 1226 1281 1189 604
4 676 1355 1356 533
4 784 1252 1503 575
4 1356 1357 1457 676
4 1471 727 729 1404
4 701 1214 1183 537
4 1366 1367 761 690
4 780 1010 676 333
4 1422 771 745 1419
4 330 753 718 1007
4 1355 1220 1167 543
4 761 1366 690 689
4 1372 1370 1149 695
4 1169 1170 1168 493
4 1367 1206 691 690
4 1358 1359 678 484
4 1229 1191 1281 604
4 1383 1494 1493 816
4 1383 1494 816 817
4 712 1389 1388 1005
4 760 711 712 1388
4 542 1250 1219 835
4 833 1059 1270 382
4 1270 833 382 592
4 549 814 1491 604
4 518 1193 603 516
4 1408 338 1409 1015
4 494 1170 1169 493
4 1478 572 831 801
4 1147 1205 1372 695
4 690 1206 691 529
4 1472 1372 1205 695
4 773 1075 1073 1450
4 677 780 1457 676
4 677 1457 1357 676
4 1020 343 624 623
4 1492 815 325 600
4 1390 714 328 713
4 813 1354 549 1490
4 742 740 739 1416
4 1212 535 718 1396
4 328 1390 712 1005
4 1441 1077 539 1216
4 603 1280 1193 518
4 1013 1471 729 1406
4 817 816 1383 706
4 394 1071 1449 1218
4 1448 1013 729 1406
4 680 1359 531 679
4 744 332 741 1009
4 1075 539 773 398
4 1073 773 1218 396
4 1370 1372 1371 695
4 916 1478 1028 801
4 1383 1494 817 325
4 1277 325 1492 1002
4 604 1229 1191 552
4 1457 1010 1356 676
4 679 770 1359 678
4 336 794 729 1013
4 1009 1416 740 1417
4 816 1493 1383 373
4 815 817 1492 325
4 616 1048 617 1293
4 1494 1492 817 325
4 1416 745 742 1419
4 1171 1221 1173 494
4 603 815 1492 551
4 1013 771 729 336
4 801 914 1478 378
4 1147 1205 695 528
4 727 729 794 1471
4 760 1437 1387 1388
4 695 1205 795 528
4 1228 1280 1492 603
4 1494 1383 1002 325
4 706 1383 817 325
4 1354 1487 813 682
4 1226 510 1354 549
4 604 1226 1491 549
4 1492 817 815 603
4 626 1304 628 1303
4 1280 1494 1492 817
4 817 1492 1280 603
4 496 1375 498 698
4 771 1013 729 1448
4 1226 1354 1490 549
4 1383 816 373 706
4 736 735 737 1414
4 722 334 1399 1400
4 1492 1494 1002 325
4 994 828 379 1056
4 338 1408 1409 731
4 1010 780 676 1457
4 384 582 380 1061
4 1406 1404 729 1405
4 1427 1016 1472 750
4 500 498 1373 696
4 332 740 741 1009
4 1226 604 1491 1281
4 1404 727 729 1405
4 624 1300 1020 623
4 539 1077 1075 1216
4 1309 632 750 633
4 693 1149 474 1370
4 382 803 1059 829
4 1309 632 633 630
4 724 727 1407 1404
4 1104 1102 425 1103
4 378 913 1481 803
4 718 717 330 1007
4 541 396 394 1218
4 542 1219 1250 572
4 816 1491 814 604
4 675 543 1355 490
4 1470 581 793 791
4 1239 1470 1258 581
4 1392 1390 714 1391
4 1471 729 794 1013
4 588 828 350 1265
4 1359 680 770 679
4 552 1193 514 516
4 1168 490 1169 491
4 539 764 1077 1441
4 1305 1018 1306 341
4 1359 679 678 484
4 1266 588 589 1264
4 1028 1252 351 831
4 1372 1149 1147 695
4 724 334 1011 1407
4 552 1191 1193 1229
4 626 1301 1020 624
4 1305 1304 1303 628
4 1447 1357 1358 678
4 1233 425 1104 1102
4 1271 1510 1270 833
4 1299 1300 1295 623
4 1422 771 1419 1448
4 1359 1208 1360 680
4 535 719 718 1396
4 718 1212 1396 1395
4 616 617 618 1293
4 1354 510 682 549
4 1168 1166 490 491
4 1221 496 1375 1173
4 341 1306 630 1018
4 709 1437 1386 1387
4 1354 813 549 682
4 1407 1011 724 1401
4 693 1149 695 472
4 1404 1407 724 1401
4 490 492 1169 491
4 817 1280 1494 552
4 725 722 731 1402
4 1173 1375 1175 498
4 1508 1478 1249 831
4 817 1280 552 603
4 1280 1229 1494 552
4 771 1419 1448 1204
4 690 1366 1155 478
4 1310 750 1309 1427
4 633 1205 1466 528
4 724 727 1404 1202
4 733 1015 1412 1410
4 1392 714 715 1393
4 1208 681 1366 1361
4 1151 1370 1206 474
4 1208 681 680 531
4 579 1030 620 353
4 1193 1194 1192 515
4 1205 1147 1145 528
4 1412 735 733 1413
4 528 695 1147 470
4 716 717 715 1393
4 1281 1491 816 604
4 539 764 400 1077
4 573 1250 1271 833
4 1011 334 724 1400
4 1377 1181 504 701
4 727 1471 1407 1404
4 772 1067 394 390
4 334 1011 1399 1400
4 795 1472 1205 695
4 717 1394 1393 1007
4 750 339 1472 795
4 339 1472 1016 750
4 618 1293 1295 622
4 1400 724 1011 1401
4 753 1395 1007 1430
4 1360 1447 1359 680
4 396 1075 1073 773
4 396 1075 773 398
4 742 771 527 1204
4 724 1404 1401 1202
4 1281 1491 1493 816
4 771 742 745 1419
4 1449 394 1067 1071
4 770 1447 1359 678
4 1301 1300 1020 624
4 1421 741 1009 744
4 728 729 727 1405
4 628 1305 1306 341
4 494 1221 1173 496
4 1395 753 1007 718
4 1103 1102 425 1101
4 633 1307 1309 630
4 742 527 1459 1204
4 626 1301 1304 1303
4 398 539 400 1075
4 1077 764 1079 1441
4 543 1169 1167 490
4 498 1373 1175 500
4 1208 1359 1159 531
4 722 1402 1400 1399
4 816 1229 1494 1493
4 1494 816 817 552
4 1077 539 1075 400
4 771 742 1419 1204
4 914 1478 916 801
4 1229 816 1494 552
4 1366 689 531 480
4 1367 1206 690 476
4 1241 515 1194 564
4 1471 727 1407 794
4 633 795 1205 528
4 620 1297 1030 1256
4 1030 579 620 1256
4 709 760 1437 1387
4 334 724 730 1407
4 1149 695 472 470
4 1466 1307 633 630
4 529 690 1206 476
4 730 724 727 1407
4 729 1405 1435 1406
4 1357 770 677 678
4 754 1053 1421 1431
4 1053 744 754 1421
4 1459 1419 742 1204
4 1145 1466 1205 528
4 736 735 1414 1413
4 742 527 782 1459
4 1267 1497 589 1266
4 741 1421 1009 1418
4 1372 1472 1371 695
4 1418 754 1421 1431
4 744 741 754 1421
4 695 1149 1147 470
4 1073 1071 396 1218
4 729 1448 1406 1435
4 1439 764 709 1386
4 764 1439 1441 1386
4 470 1145 528 468
4 522 1199 1197 521
4 764 402 400 1079
4 1145 470 528 1147
4 1071 394 396 1218
4 1226 510 549 512
4 680 1447 1359 770
4 1439 709 1437 1386
4 585 387 1068 1262
4 437 435 436 1112
4 1149 693 474 472
4 437 1114 1112 1113
4 1459 527 424 1204
4 1370 694 695 1371
4 1018 1307 1306 630
4 1377 504 502 700
4 514 516 1193 515
4 1210 1355 1165 533
4 754 534 779 1456
4 1359 531 679 482
4 1191 1189 1281 604
4 1375 496 498 1173
4 1389 1437 712 1388
4 1281 816 1229 604
4 376 744 754 1053
4 791 1470 1468 375
4 764 1077 1079 400
4 740 1419 1416 742
4 435 433 434 1112
4 451 452 1125 448
4 552 1191 604 514
4 1419 740 1416 1417
4 426 427 425 1104
4 740 1009 1417 1418
4 1183 1181 1378 701
4 727 1404 1202 1405
4 581 826 1258 575
4 1503 1252 1258 575
4 604 1189 1226 512
4 1437 760 712 1388
4 1198 1219 1512 835
4 1366 1208 1157 531
4 543 1167 1355 490
4 1402 1408 731 1409
4 1304 626 628 627
4 1359 1358 1161 484
4 771 729 758 1448
4 1125 452 614 448
4 1104 425 426 1103
4 1401 1400 724 1403
4 1361 1360 1208 680
4 1421 741 754 1418
4 1009 740 741 1418
4 500 1213 502 536
4 1124 446 448 1125
4 1390 1389 712 1005
4 681 1366 761 689
4 1390 328 712 713
4 337 1447 1014 680
4 1447 1360 1014 680
4 425 1233 1104 556
4 717 718 1395 1007
4 1295 618 622 623
4 742 740 1419 1459
4 424 782 527 1459
4 1163 1358 1210 678
4 733 1015 1409 338
4 452 1128 1125 1129
4 740 742 782 1459
4 556 425 427 1104
4 816 1281 1229 1493
4 1417 1419 740 1459
4 533 1355 1165 675
4 758 771 1448 1204
4 816 1229 604 552
4 1125 452 1129 614
4 1431 754 1456 1211
4 1179 1213 1377 502
4 750 1310 1309 633
4 831 351 1028 801
4 1204 758 527 1103
4 1373 1213 1177 500
4 1309 1310 1307 633
4 1204 424 1103 527
4 1199 522 542 521
4 334 723 724 1400
4 1014 1453 1447 337
4 515 517 1194 564
4 730 727 794 1407
4 617 1293 1048 1294
4 1511 545 491 834
4 334 722 723 1400
4 789 633 1466 528
4 1310 1205 1466 633
4 1112 436 437 1113
4 424 1459 1204 1101
4 754 1418 1211 1431
4 694 1369 1370 693
4 1064 1068 387 1262
4 1427 1472 1310 750
4 1250 822 833 573
4 434 436 435 1112
4 1252 575 351 831
4 581 1258 1058 791
4 586 584 585 1262
4 424 422 782 1459
4 713 1392 1390 714
4 1214 1354 1185 537
4 1145 1466 528 468
4 1512 1250 1271 835
4 630 633 1466 789
4 1466 1307 1310 633
4 434 1112 1110 1111
4 1191 552 1193 514
4 1079 764 1439 1441
4 1206 1369 692 693
4 795 1205 1472 633
4 681 1361 1208 680
4 533 1163 1210 678
4 771 758 527 1204
4 510 1226 1354 1187
4 1370 1151 1149 474
4 1048 616 617 371
4 1305 1306 1304 628
4 1301 626 1304 624
4 709 762 764 1439
4 743 740 782 1459
4 776 780 1457 677
4 1357 1453 1457 677
4 1459 740 1417 1420
4 1197 520 522 521
4 624 1304 1301 787
4 1357 1447 770 678
4 337 1447 680 770
4 1219 1198 1199 542
4 1271 573 835 1250
4 691 761 1367 690
4 709 760 762 1439
4 709 760 1439 1437
4 530 719 412 1089
4 424 422 1459 1101
4 439 1118 1117 441
4 1183 506 701 537
4 1405 729 1435 728
4 1418 754 1211 741
4 341 1306 628 629
4 762 1079 1081 402
4 1058 581 826 1258
4 412 410 530 1089
4 430 728 525 1405
4 737 1446 736 1414
4 717 1395 1394 1007
4 1057 380 1259 1061
4 1265 350 588 1263
4 1435 728 428 1405
4 1103 425 424 1101
4 424 1204 1103 1101
4 717 718 719 1396
4 1395 717 1396 718
4 1101 422 1459 1099
4 404 402 762 1081
4 1238 1508 1249 831
4 402 764 762 1079
4 712 1433 1209 1389
4 756 532 712 1209
4 434 1455 1113 1111
4 436 434 778 1113
4 1433 712 1209 756
4 1014 1443 337 680
4 1443 1014 1360 680
4 1127 1124 448 1125
4 530 1087 1089 410
4 1175 1173 498 497
4 713 1392 714 715
4 337 1453 1447 770
4 1453 337 776 770
4 1306 341 630 629
4 1293 617 1295 1294
4 1455 434 1113 778
4 396 1072 1071 1073
4 1459 743 422 782
4 1472 694 695 795
4 1112 433 434 1110
4 778 1400 1402 1455
4 1400 725 778 1402
4 719 530 717 1396
4 339 1371 1415 1016
4 452 614 1254 1129
4 1360 1361 1443 680
4 1111 434 1112 1113
4 434 436 1112 1113
4 426 527 758 1103
4 1204 1435 758 1103
4 727 525 728 1405
4 426 428 427 1104
4 1418 1417 740 1420
4 424 426 425 1103
4 426 424 527 1103
4 1072 394 396 1071
4 727 724 525 1202
4 1437 712 1209 1389
4 1209 760 532 712
4 1357 770 1453 677
4 1483 1058 1509 381
4 426 428 1104 1103
4 1435 428 758 1103
4 428 426 758 1103
4 530 719 1089 1396
4 754 534 1456 1211
4 441 439 440 1117
4 728 758 729 1435
4 1470 1258 581 791
4 1418 740 741 1420
4 1366 1367 1438 761
4 1367 1206 1368 691
4 712 1390 1433 1389
4 1205 1310 1472 633
4 1390 712 1433 713
4 712 713 756 1433
4 826 1058 1483 381
4 762 404 1081 1209
4 1209 760 712 1437
4 726 724 723 1400
4 1264 1266 588 1265
4 831 1252 1238 1508
4 728 1435 428 758
4 614 448 446 1125
4 1206 692 691 529
4 1448 729 758 1435
4 1300 1201 1295 623
4 528 1466 789 468
4 1118 439 1117 1116
4 760 762 1209 532
4 1124 446 1125 1123
4 723 725 778 1400
4 1304 626 627 624
4 1354 508 537 682
4 478 689 1366 480
4 534 754 741 1211
4 1472 750 795 633
4 624 627 1304 787
4 1464 1301 1304 787
4 694 1472 339 795
4 1016 1371 1472 339
4 580 579 450 1256
4 760 1439 1209 762
4 1439 760 1209 1437
4 1402 722 1400 725
4 490 1168 1169 1167
4 1079 762 1081 1439
4 758 1448 1435 1204
4 1105 1104 428 1103
4 1420 1459 422 1099
4 1105 428 1435 1103
4 743 740 1459 1420
4 1293 617 618 1295
4 1192 1191 1193 515
4 1446 1414 737 1017
4 1125 614 1129 1291
4 752 530 410 1087
4 579 580 620 1256
4 1257 1297 620 1256
4 713 1429 1433 1390
4 713 752 756 1433
4 1443 766 337 680
4 1480 383 830 1507
4 1392 715 717 1393
4 1079 764 762 1439
4 428 1435 1405 1105
4 1167 1168 1166 490
4 1420 422 420 1099
4 1429 713 1392 1390
4 777 1410 1413 1454
4 1413 733 777 736
4 353 621 579 1030
4 733 1413 777 1410
4 404 762 532 1209
4 736 733 735 1413
4 1081 404 406 1209
4 1177 1175 1373 500
4 1392 717 1394 1393
4 731 338 732 1409
4 1410 1412 733 1413
4 1117 777 440 1119
4 681 1443 1361 680
4 681 766 1443 680
4 717 1395 1396 1394
4 584 1263 1261 1262
4 584 1027 823 1261
4 1117 1454 777 1119
4 1085 410 1087 752
4 1400 778 1403 1455
4 474 529 1206 476
4 694 1472 695 1371
4 491 1166 490 489
4 725 722 1400 723
4 1209 1081 762 1439
4 447 446 448 1124
4 339 738 1415 694
4 1371 339 1415 694
4 442 440 777 1119
4 743 1459 422 1420
4 491 1511 834 493
4 530 1396 1207 1394
4 1396 530 717 1394
4 743 741 740 1420
4 741 1418 1420 1211
4 776 1457 1453 677
4 1114 437 1236 1116
4 562 1239 1238 575
4 441 1118 1117 1119
4 743 422 420 1420
4 1099 420 1420 1097
4 430 428 728 1405
4 1114 437 438 1113
4 399 398 400 1075
4 1396 1089 530 1207
4 1079 402 1080 1081
4 1403 434 1109 1111
4 726 724 1400 1403
4 724 1401 1403 1202
4 750 1472 1310 633
4 515 1241 1194 1192
4 690 1155 1367 476
4 752 713 1429 1433
4 1075 400 399 1077
4 1200 778 1402 1455
4 725 523 778 1402
4 726 723 778 1400
4 1175 1176 498 500
4 1087 530 1089 1207
4 404 532 406 1209
4 725 731 732 1402
4 1256 450 1124 579
4 1200 436 778 1113
4 514 1193 1191 515
4 434 1403 1455 1111
4 402 404 1080 1081
4 713 1429 1392 752
4 752 1392 713 715
4 1468 1058 1258 791
4 381 581 1058 791
4 428 1104 429 427
4 572 1478 1055 378
4 1075 1074 396 1073
4 1405 1202 430 1107
4 1202 430 525 1405
4 339 1371 1472 694
4 1455 1200 778 1113
4 397 1075 396 398
4 1403 778 434 1455
4 1173 496 498 497
4 1238 1199 1239 522
4 474 1150 1149 472
4 1502 1184 1186 825
4 1306 628 629 627
4 1454 1413 777 1126
4 1413 736 777 1126
4 678 1163 1358 484
4 1145 466 1466 468
4 628 1306 1304 627
4 777 1454 1126 1119
4 1117 440 441 1119
4 770 776 1453 677
4 770 1357 1453 1447
4 604 1191 512 514
4 523 725 732 1402
4 1295 617 811 1294
4 482 679 1359 484
4 1300 624 1302 623
4 525 727 1202 1405
4 614 1254 1129 1291
4 1126 442 777 1119
4 1207 752 1392 1429
4 530 752 715 1392
4 1030 621 579 1256
4 440 442 441 1119
4 504 1377 502 1181
4 1420 534 741 1211
4 681 1366 1361 761
4 752 1207 1392 530
4 1238 562 522 1239
4 1127 448 451 1125
4 1226 1187 510 512
4 1413 1414 736 1446
4 429 1105 1104 428
4 534 1420 420 1211
4 743 534 741 1420
4 1207 1087 752 1429
4 1176 1175 498 497
4 406 1083 1081 1209
4 1121 751 446 1123
4 581 1058 826 381
4 530 715 717 1392
4 1191 1189 604 512
4 436 438 437 1113
4 1211 1420 420 1097
4 1420 534 420 743
4 446 1125 1123 1291
4 1082 404 406 1081
4 752 530 1087 1207
4 532 756 406 1209
4 1128 452 1125 451
4 1394 1207 530 1392
4 1394 530 717 1392
4 1209 756 406 1433
4 1187 1226 1189 512
4 1109 434 1110 1111
4 430 428 1405 1105
4 1256 621 579 1124
4 1124 450 448 447
4 1114 438 437 1116
4 442 1126 444 1119
4 579 450 1124 447
4 620 371 1297 1257
4 675 1355 1165 490
4 1085 410 752 408
4 1085 752 1087 1429
4 394 1067 1070 390
4 627 629 1306 526
4 466 1142 1143 464
4 1400 778 726 1403
4 1263 1027 584 1261
4 627 1306 1304 526
4 1125 446 614 1291
4 811 618 617 1295
4 1257 617 1048 1294
4 1145 466 1143 1466
4 1258 1470 1468 791
4 491 1166 1222 1168
4 631 1143 464 466
4 435 1463 433 1112
4 1410 777 1411 1454
4 371 1048 1297 1257
4 733 777 734 1410
4 437 439 559 1116
4 1304 627 526 787
4 526 1464 1304 787
4 618 1295 1201 623
4 1203 1304 1306 526
4 756 408 406 1433
4 1015 733 1409 1410
4 1371 1369 1370 694
4 1481 822 378 803
4 1181 1179 1377 502
4 394 1067 1071 1070
4 416 1094 1092 1093
4 531 1359 1159 482
4 1446 737 736 769
4 1466 789 468 466
4 408 756 752 1433
4 434 432 726 1403
4 434 432 1403 1109
4 406 1083 1209 1433
4 1150 1149 1151 474
4 401 400 402 1079
4 580 1257 1256 1127
4 1256 450 580 1127
4 425 1102 1100 1101
4 1304 1203 1464 526
4 1048 371 617 1257
4 432 1110 434 433
4 1480 836 383 1513
4 506 504 1181 701
4 1123 1121 751 1428
4 434 726 778 1403
4 1300 1302 1201 623
4 1107 430 1405 1105
4 1257 620 580 1256
4 449 777 736 1126
4 1068 586 585 1262
4 1166 490 1165 1167
4 1078 400 1079 1077
4 472 1148 1149 470
4 734 440 438 1117
4 777 449 442 1126
4 621 447 579 1124
4 440 734 777 1117
4 630 1308 1466 1307
4 452 614 577 1254
4 777 1411 1454 1117
4 441 1120 1118 1119
4 1123 751 446 1291
4 1446 736 1413 1126
4 1502 1215 1482 825
4 490 1166 1165 489
4 1148 1147 1149 470
4 1139 1464 526 787
4 464 466 1142 465
4 439 441 790 1118
4 406 1085 1083 1433
4 1085 406 408 1433
4 1083 1082 406 1081
4 624 1300 1302 1301
4 1105 429 1104 1106
4 395 394 396 1072
4 439 438 440 1117
4 491 1222 1511 1168
4 351 916 1028 801
4 452 1130 1128 1129
4 1085 408 752 1433
4 1429 1085 752 1433
4 787 526 1139 462
4 1139 1464 1203 526
4 1197 518 520 519
4 751 614 446 1291
4 1402 523 778 1200
4 1126 1121 444 1119
4 1126 442 444 449
4 751 446 444 1121
4 1213 500 502 1177
4 1402 731 732 1409
4 1369 1415 1434 738
4 438 439 1116 1117
4 428 430 429 1105
4 542 1238 1219 572
4 1028 784 918 351
4 340 769 737 1446
4 1213 1179 1177 502
4 436 778 523 1200
4 1181 1183 506 701
4 1124 450 1127 448
4 439 437 438 1116
4 450 1256 1124 1127
4 1110 432 434 1109
4 405 404 406 1082
4 1113 438 1200 436
4 1236 437 559 1116
4 589 1267 1266 1264
4 1308 1306 1307 630
4 1165 533 675 488
4 1239 1252 1238 575
4 1369 694 692 693
4 1159 1157 1208 531
4 751 1121 1126 1428
4 629 1308 1306 526
4 1438 1361 1366 761
4 1498 805 608 821
4 1233 653 1104 556
4 443 441 442 1119
4 732 1402 1409 1200
4 1402 732 523 1200
4 811 1295 1294 1488
4 1446 769 736 1126
4 556 427 653 1104
4 435 437 612 1112
4 1157 1155 1366 478
4 1195 1197 1196 518
4 1114 1289 437 1112
4 614 1292 1254 1291
4 738 1369 1415 694
4 1369 1371 1415 694
4 1118 790 439 1116
4 430 1109 1202 432
4 1109 430 1202 1107
4 432 430 525 1202
4 724 726 525 1403
4 1291 1123 751 1428
4 1403 525 724 1202
4 1446 737 340 1017
4 1161 1159 1359 484
4 1446 751 1126 1428
4 1446 751 769 1126
4 1463 433 1112 1110
4 1308 1203 1306 526
4 1388 846 328 1005
4 1261 1500 823 1260
4 1302 1137 1135 460
4 1443 763 766 681
4 1440 1443 1361 681
4 1093 1095 1456 1520
4 418 416 779 1520
4 616 956 1293 622
4 1202 1403 432 1109
4 432 525 726 1403
4 1403 432 525 1202
4 710 871 862 1387
4 328 711 846 1388
4 952 949 1299 622
4 846 711 848 1388
4 510 508 1354 682
4 862 848 711 1388
4 1173 1175 1174 497
4 353 788 621 1030
4 1299 1293 956 622
4 1249 1250 1219 572
4 1107 429 430 1105
4 711 710 862 1387
4 623 1201 618 524
4 761 1440 1361 681
4 1387 862 711 1388
4 952 1299 956 622
4 474 1153 1206 1151
4 464 1139 526 462
4 526 1203 1139 464
4 338 841 844 1015
4 449 751 444 1126
4 1121 751 1126 444
4 1466 630 789 631
4 338 733 732 1409
4 614 751 1292 1291
4 1005 846 328 1391
4 852 735 844 1412
4 1196 518 1194 1195
4 1176 1175 1177 500
4 449 736 769 1126
4 445 447 621 1124
4 1294 811 1296 617
4 1115 1114 438 1113
4 1185 1183 1214 537
4 860 599 1051 1276
4 860 599 374 1051
4 1017 1442 615 1292
4 1442 615 340 1017
4 1410 777 734 1411
4 1294 1257 617 1296
4 371 620 580 1257
4 844 735 338 1412
4 1254 615 1442 1292
4 738 757 1369 692
4 757 1369 1434 738
4 1015 844 338 1412
4 404 1082 1080 1081
4 1199 1198 1197 521
4 751 449 769 1126
4 1308 1203 526 464
4 1167 1165 1355 490
4 631 1466 1143 466
4 410 1086 1085 1087
4 1142 1141 1143 464
4 739 332 866 1416
4 714 328 846 1391
4 1367 1368 761 691
4 340 765 615 1442
4 1391 846 714 863
4 519 1194 518 517
4 1367 1368 1438 761
4 710 327 871 1387
4 1142 463 465 673
4 1001 599 861 1276
4 1072 396 1074 1073
4 371 580 617 1257
4 1442 577 615 1254
4 577 1442 615 765
4 478 1155 690 476
4 716 853 1393 863
4 1369 1368 1206 692
4 1143 631 464 1308
4 1308 1143 1141 464
4 734 1410 1409 733
4 1107 1106 429 1105
4 1165 1163 1210 533
4 803 1059 822 382
4 1292 614 1254 615
4 631 789 1466 466
4 1001 870 324 1381
4 1291 751 1292 1428
4 811 618 1295 1201
4 1001 599 324 861
4 1100 424 425 1101
4 621 1030 1298 1256
4 694 738 1369 692
4 714 1393 1391 863
4 624 1302 787 1301
4 350 1265 1505 1027
4 841 338 1408 1015
4 1393 714 716 863
4 438 1411 1117 1115
4 1411 734 438 1117
4 468 470 1145 469
4 1007 854 330 864
4 853 854 330 1007
4 1411 777 734 1117
4 1163 1161 1358 484
4 704 324 870 1381
4 470 1147 1145 469
4 599 860 861 1276
4 1393 853 716 1007
4 1151 1153 1152 474
4 1176 498 500 499
4 769 340 615 1446
4 615 577 614 1254
4 446 1124 1122 1123
4 372 704 873 1381
4 1236 1289 437 1114
4 692 1368 1206 691
4 600 941 1052 375
4 531 1157 1366 480
4 751 1446 1292 1428
4 615 1446 751 769
4 1256 1298 621 1124
4 1003 871 327 1387
4 330 716 853 1007
4 630 1308 1306 629
4 1206 1367 1153 476
4 1020 1299 949 622
4 1273 455 1130 1132
4 491 1511 493 1168
4 1117 1116 438 1115
4 614 751 615 1292
4 1049 873 372 875
4 856 332 865 1009
4 856 866 332 1009
4 1416 332 866 1009
4 1104 653 429 427
4 542 1198 1199 521
4 542 1198 835 1219
4 1381 873 372 1049
4 488 490 1165 489
4 1116 1114 438 1115
4 866 745 739 1416
4 1125 451 1127 1128
4 441 443 1120 1119
4 1017 615 1446 1292
4 615 1017 1446 340
4 631 1308 629 526
4 861 870 324 1001
4 1055 1249 1478 572
4 450 448 451 1127
4 1018 927 932 341
4 870 873 704 1381
4 338 731 841 1408
4 1446 615 751 1292
4 1464 1139 1137 460
4 1171 1173 1172 494
4 582 583 380 1259
4 925 1004 1444 767
4 583 582 1261 1259
4 472 474 1150 473
4 447 445 446 1124
4 1176 498 499 497
4 619 450 451 1296
4 451 1296 1127 1128
4 1139 1464 787 460
4 1004 925 326 767
4 438 436 523 1200
4 1141 1139 1203 464
4 429 1288 1330 1106
4 1061 860 384 1051
4 399 1076 1075 1077
4 374 384 860 1051
4 450 619 580 1296
4 1301 1464 1302 787
4 394 1072 1070 1071
4 1296 450 451 1127
4 1121 446 1122 1123
4 1159 1161 1160 484
4 841 731 842 1408
4 409 410 1085 408
4 996 823 1027 1500
4 1296 1257 580 1127
4 1296 580 450 1127
4 1137 1302 1464 460
4 722 843 842 1399
4 1444 1485 928 808
4 1443 1440 763 681
4 941 947 1052 375
4 1165 1166 1164 489
4 1139 787 462 460
4 438 1113 1200 1115
4 482 1359 1159 484
4 928 1444 808 767
4 1150 1148 1149 472
4 399 397 398 1075
4 787 1464 1302 460
4 1436 1475 939 798
4 526 631 1308 464
4 1203 1308 1141 464
4 859 860 384 1061
4 1082 404 1080 405
4 798 939 1436 759
4 1361 1438 1440 761
4 761 763 1440 681
4 757 1434 1368 335
4 422 424 1100 1101
4 745 866 1422 1416
4 455 456 1131 1132
4 1309 932 926 632
4 429 1288 1106 1108
4 402 404 403 1080
4 707 871 1384 874
4 874 1384 707 875
4 949 1020 622 343
4 1175 1176 1174 497
4 1094 415 416 1092
4 833 822 1059 382
4 327 871 1003 1384
4 1075 397 396 1074
4 811 1295 1488 1201
4 1101 1100 422 1099
4 1145 467 466 468
4 1049 372 707 875
4 1308 630 1466 631
4 790 559 439 1116
4 678 533 1163 486
4 1414 735 852 1412
4 722 842 1408 1399
4 842 731 722 1408
4 811 1294 1296 1488
4 1290 441 1120 1118
4 734 732 733 1409
4 455 456 454 1131
4 335 1368 757 691
4 1012 1368 1434 335
4 1368 1369 1434 757
4 1368 1369 757 692
4 811 618 1201 524
4 453 1273 455 1130
4 1273 453 455 596
4 721 954 1398 373
4 1050 1398 954 373
4 523 734 438 1200
4 370 748 1349 672
4 452 453 451 1128
4 445 1298 1124 621
4 1298 445 1124 1122
4 811 454 456 1488
4 1488 454 456 1131
4 866 858 745 1422
4 619 811 617 1296
4 470 472 1148 471
4 1099 420 1098 422
4 938 1485 329 808
4 623 624 1302 625
4 456 1488 1201 811
4 387 1066 1064 1065
4 1302 625 460 458
4 460 1135 1302 458
4 932 1309 1018 341
4 619 617 580 1296
4 1410 734 1409 1411
4 871 327 707 1384
4 1133 1131 456 1132
4 524 623 1201 625
4 462 464 1139 463
4 1411 438 1200 1115
4 1200 734 438 1411
4 1257 580 617 1296
4 1384 1049 707 875
4 734 1409 1200 732
4 734 523 732 1200
4 1052 1277 941 600
4 388 1066 387 1065
4 1108 432 433 1110
4 942 1475 1008 798
4 463 464 1142 465
4 456 1488 1131 1133
4 1166 491 1222 489
4 364 805 1498 821
4 1201 456 811 524
4 1488 456 1201 1133
4 442 444 443 1119
4 722 334 843 1399
4 1030 788 621 1465
4 692 757 1368 691
4 1143 1308 1466 631
4 933 1006 1436 759
4 1309 932 632 341
4 765 578 577 1442
4 1442 578 577 1254
4 945 1303 949 626
4 415 1094 416 417
4 1288 611 429 1330
4 1409 734 1200 1411
4 629 630 1308 631
4 490 1165 675 488
4 1128 454 1296 1131
4 420 1099 1098 1097
4 1187 1185 1354 510
4 1368 335 761 691
4 335 1368 761 1012
4 1156 478 477 1155
4 466 1144 1145 1143
4 1238 522 542 1199
4 1140 1142 1350 463
4 463 1142 1350 673
4 1012 1438 1368 761
4 611 429 431 1108
4 804 836 383 1480
4 1136 1135 1137 460
4 429 1104 1106 1330
4 625 1201 524 458
4 1047 1425 1349 748
4 1349 1047 748 370
4 653 1233 1104 1330
4 524 1201 456 458
4 456 1135 1201 1133
4 451 1296 454 619
4 1296 451 454 1128
4 1118 1467 790 1116
4 653 429 611 1330
4 950 941 1277 600
4 588 1264 1265 1263
4 721 1004 951 326
4 1122 444 446 1121
4 1130 452 1128 453
4 811 1296 454 1488
4 1488 1296 454 1131
4 1012 335 763 761
4 574 1029 672 352
4 429 611 1288 1108
4 804 383 830 1480
4 1018 1305 927 341
4 1440 1012 763 761
4 1012 1440 1438 761
4 559 790 1236 1116
4 584 583 582 1261
4 415 1090 1092 1348
4 402 1080 401 1079
4 419 1342 417 1096
4 379 993 994 1056
4 400 1078 399 1077
4 1173 494 496 495
4 1296 811 454 619
4 325 950 1277 600
4 1110 1108 432 1109
4 1289 437 559 1236
4 1020 949 626 343
4 1007 330 753 864
4 1130 455 1131 1132
4 1485 1006 938 329
4 1199 1238 1219 542
4 1422 858 745 1013
4 623 1302 1201 625
4 478 1366 1157 480
4 951 1398 1004 721
4 588 587 589 1264
4 1171 1172 1170 494
4 1144 466 1142 1143
4 1006 933 329 759
4 1029 1349 574 672
4 1288 359 611 1330
4 476 478 1155 477
4 1070 394 390 393
4 956 968 616 1048
4 1293 956 616 1048
4 331 942 1008 798
4 482 1159 1160 484
4 1124 445 446 1122
4 914 1055 1478 378
4 1289 559 1364 1236
4 1055 913 1481 378
4 1074 395 396 1072
4 1473 1054 943 796
4 332 744 865 1009
4 1027 350 1265 1263
4 350 586 588 1263
4 1170 1511 1168 493
4 1463 435 433 786
4 949 1303 1020 626
4 453 455 454 1131
4 1151 1152 1150 474
4 1121 1120 444 1119
4 1153 474 1206 476
4 489 491 1222 545
4 1159 480 482 481
4 430 432 1108 1109
4 1109 1108 430 1107
4 852 737 735 1414
4 625 1302 1201 458
4 1135 1201 1302 458
4 359 653 611 1330
4 1288 1036 359 1330
4 488 1165 1164 489
4 1135 456 1201 458
4 443 445 560 1120
4 560 1237 1120 1122
4 1011 843 334 1399
4 1096 1342 417 1094
4 1139 1141 1140 464
4 945 927 1305 628
4 621 1030 1465 1298
4 584 586 1263 1262
4 464 1140 1142 1141
4 560 1298 1237 1122
4 852 845 737 1414
4 750 1309 926 632
4 1302 624 787 625
4 441 1290 790 1118
4 825 1317 1482 1502
4 1027 584 823 350
4 796 1054 943 377
4 1427 926 930 750
4 1462 333 944 785
4 508 1185 1354 537
4 1092 1094 415 1248
4 1002 1383 953 325
4 706 953 1383 325
4 625 787 1302 460
4 531 1159 480 482
4 1465 621 560 788
4 333 1462 944 1010
4 1351 1029 1350 352
4 1155 1153 1367 476
4 1120 443 444 1119
4 1279 1241 1194 564
4 1350 1029 574 352
4 465 466 1142 467
4 1108 429 430 1107
4 1215 1502 1186 825
4 653 1104 429 1330
4 1277 1002 950 325
4 1041 891 889 364
4 444 1122 446 445
4 628 927 1305 341
4 1499 1250 1249 572
4 1499 1250 572 822
4 925 951 1004 326
4 495 1170 494 493
4 1152 474 476 475
4 474 1153 1152 476
4 441 443 613 1120
4 1090 671 415 413
4 1482 1285 1498 805
4 383 1497 1060 1513
4 955 1383 1050 373
4 671 1090 415 1348
4 1183 1185 506 537
4 1252 831 1238 575
4 336 745 858 1013
4 1303 945 628 626
4 1072 394 1070 395
4 788 703 560 1465
4 455 456 1132 1134
4 453 455 1131 1130
4 1238 562 575 561
4 400 401 1078 1079
4 1120 445 560 1122
4 1222 491 1511 545
4 1309 750 926 1427
4 574 1425 461 748
4 1342 419 417 665
4 1465 560 1298 1237
4 1028 918 916 351
4 1298 560 445 1122
4 621 560 445 1298
4 992 1509 381 832
4 1475 942 939 798
4 484 678 1163 486
4 1485 938 928 808
4 432 433 431 1108
4 506 1185 1183 507
4 1070 395 1344 1072
4 1270 882 893 592
4 464 1140 1139 463
4 417 415 1094 1248
4 497 499 1176 642
4 1108 1106 429 1107
4 1140 464 1142 463
4 1482 825 538 805
4 1128 453 454 1131
4 1442 1255 578 1254
4 1008 1473 934 796
4 405 403 404 1080
4 1348 1092 415 1248
4 1463 435 612 1112
4 746 1363 354 686
4 651 1033 1489 356
4 1160 482 484 483
4 857 336 858 1013
4 1349 748 574 672
4 1163 1165 1164 488
4 754 1456 779 1521
4 453 454 451 1128
4 560 1465 1380 1237
4 939 933 1436 759
4 882 1270 382 592
4 882 1270 1059 382
4 395 1074 396 397
4 1444 928 925 767
4 1155 1157 1156 478
4 443 560 613 1120
4 1237 1290 560 1120
4 945 1305 1303 628
4 796 934 1008 331
4 1132 456 1133 1134
4 1027 584 350 1263
4 586 350 584 1263
4 855 865 744 1421
4 1138 1137 1139 460
4 471 472 1148 473
4 388 1067 1066 1065
4 430 432 431 1108
4 1152 1154 1328 477
4 477 1328 1152 651
4 1251 1029 1349 574
4 790 1467 1236 1116
4 470 1148 1147 469
4 458 1136 460 1135
4 1011 334 851 1407
4 517 1279 1194 564
4 497 1176 1174 642
4 1159 1157 480 481
4 1157 1159 1158 481
4 611 652 359 1288
4 1251 1140 1350 463
4 463 1350 574 673
4 487 488 1164 489
4 562 1238 522 561
4 955 1383 373 706
4 1007 753 1430 864
4 1033 1489 1328 651
4 460 462 1139 461
4 1462 935 377 785
4 1155 1156 1154 477
4 1233 1287 425 1102
4 621 1465 560 1298
4 943 934 1473 796
4 754 1431 1456 1521
4 843 334 851 1011
4 812 651 1489 356
4 352 1029 907 909
4 1036 359 652 1288
4 935 1054 1462 377
4 748 1349 574 1425
4 1248 417 1342 1094
4 1002 953 950 325
4 1165 1163 533 488
4 1351 673 352 1350
4 472 1150 1148 473
4 502 504 1181 503
4 673 1350 574 352
4 954 955 1050 373
4 744 865 1009 1421
4 1122 1120 444 1121
4 1289 612 437 1112
4 936 1010 780 333
4 1423 1363 1031 746
4 1363 1031 746 354
4 430 431 429 1108
4 1290 560 1380 1237
4 673 1351 352 674
4 1131 1128 453 1130
4 1159 1157 531 480
4 820 589 590 1267
4 1253 452 1254 1129
4 1499 1481 1059 822
4 461 1251 1138 1425
4 461 1251 1425 574
4 944 935 1462 785
4 1184 1502 1317 825
4 1138 1136 1137 460
4 1160 482 481 1159
4 1080 1082 405 1286
4 987 989 620 1297
4 822 572 1055 378
4 1016 1427 930 750
4 397 399 1076 1075
4 415 417 571 1248
4 349 664 571 1341
4 794 336 857 1013
4 475 477 1152 651
4 463 1350 1251 574
4 535 1212 718 1521
4 461 462 1139 463
4 353 620 989 1030
4 445 443 444 1120
4 461 1140 1251 463
4 1108 433 1235 1110
4 585 387 391 1068
4 397 1076 1074 1075
4 1153 1155 1154 477
4 415 571 671 1348
4 1084 406 1085 1083
4 1084 406 408 1085
4 495 496 1173 497
4 502 1181 1179 503
4 1341 1046 664 1348
4 1046 671 664 1348
4 671 571 664 1348
4 1341 664 571 1348
4 611 652 1288 1235
4 571 1342 417 665
4 1162 484 1160 1161
4 1197 520 521 519
4 1029 1251 1350 574
4 473 1152 474 1150
4 542 561 1238 572
4 395 393 394 1070
4 1010 1457 936 780
4 488 1164 1163 487
4 1163 486 488 487
4 1136 458 460 459
4 1198 542 835 521
4 1006 933 938 329
4 1026 349 571 1341
4 571 1026 1341 1248
4 1471 794 857 1013
4 393 395 667 1070
4 1344 667 395 1070
4 1212 535 1396 1522
4 1364 559 1365 1236
4 1238 1249 1219 572
4 1290 441 613 1120
4 989 983 353 1030
4 433 1463 1235 1110
4 1259 583 380 1057
4 1026 571 665 1342
4 1349 1425 1251 574
4 534 779 1456 1520
4 334 730 851 1407
4 455 1273 1234 1132
4 947 1468 1052 375
4 1342 571 417 1248
4 1246 395 1074 1072
4 415 571 1348 1248
4 1153 1154 1152 477
4 437 559 612 1289
4 671 664 369 1046
4 1026 665 662 1342
4 1339 1026 662 1342
4 1348 571 1341 1248
4 572 1478 831 1249
4 1140 461 1251 1138
4 463 1251 461 574
4 444 445 1120 1122
4 1432 481 1160 755
4 481 1160 755 483
4 1161 1163 1162 484
4 1398 951 954 721
4 849 794 857 1471
4 1010 936 944 333
4 1155 1153 476 477
4 425 423 424 1100
4 687 612 559 1364
4 559 1289 1364 612
4 406 1084 1082 1083
4 1068 1263 586 1262
4 486 533 1163 488
4 1297 989 620 1030
4 356 651 1033 650
4 481 1432 1160 1158
4 1016 930 924 339
4 456 1133 1134 1135
4 571 665 349 1026
4 1026 571 1342 1248
4 371 968 987 1048
4 968 371 616 1048
4 822 1059 1499 833
4 1212 1395 718 1521
4 339 1016 930 750
4 1152 473 474 475
4 934 942 1008 331
4 416 1093 1092 1522
4 1465 703 560 1380
4 1076 397 669 399
4 482 1160 481 483
4 935 943 1054 377
4 399 1078 1076 1077
4 1290 613 560 1120
4 1047 1426 1425 748
4 1426 370 748 1047
4 665 662 349 1026
4 1080 403 401 1313
4 383 1497 1269 1060
4 668 1044 1344 1345
4 805 1498 1482 364
4 1159 1160 1158 481
4 559 790 1365 1236
4 1234 1274 597 1476
4 407 405 406 1082
4 1432 755 656 358
4 459 1425 1426 748
4 1246 1344 395 1072
4 1074 669 1076 397
4 1511 493 644 834
4 1329 1036 652 1288
4 1270 893 894 592
4 1273 597 1234 1274
4 425 556 610 1233
4 611 431 1235 1108
4 508 1354 1185 510
4 1327 1033 1328 651
4 1150 1152 1489 473
4 1453 1014 937 337
4 1489 473 475 812
4 597 1273 1234 596
4 667 668 367 1344
4 1058 946 948 381
4 477 1152 476 475
4 476 1153 1152 477
4 1086 410 1085 409
4 823 583 584 1261
4 1425 459 461 748
4 671 570 413 1090
4 1080 402 401 403
4 790 1290 1467 1118
4 719 1396 535 1522
4 1235 1288 611 1108
4 655 556 653 1233
4 671 1247 1090 1348
4 1224 1432 755 656
4 1432 1333 1035 656
4 1224 1432 1160 755
4 1160 547 755 483
4 1247 671 1046 1348
4 744 1053 855 1421
4 412 1089 719 1522
4 416 1094 1093 1520
4 703 613 560 1290
4 1380 703 560 1290
4 649 1432 358 755
4 1273 455 1234 596
4 1067 388 1066 390
4 1100 1098 422 1099
4 833 1271 573 593
4 1146 1145 1147 469
4 1453 937 940 776
4 1069 390 1070 1067
4 1135 1134 456 458
4 1044 668 1344 367
4 790 613 355 1032
4 1032 790 1290 1467
4 355 613 703 1032
4 478 1156 477 479
4 1496 1337 1458 819
4 1142 465 554 673
4 1432 1224 1333 656
4 506 1181 504 505
4 384 380 859 1061
4 920 1506 803 829
4 422 424 423 1100
4 833 1270 1271 592
4 395 397 569 1074
4 1414 845 737 1017
4 1342 419 555 1096
4 455 456 1134 457
4 1053 744 855 376
4 946 1058 1468 791
4 1058 946 381 791
4 421 420 422 1098
4 973 962 383 1060
4 1426 459 457 1136
4 1235 431 433 1108
4 461 1139 1140 463
4 1089 1396 719 1522
4 473 1152 1489 475
4 590 595 820 1267
4 1046 369 671 1247
4 534 1456 1211 1520
4 452 1253 1130 1129
4 1152 1328 1489 651
4 1224 656 1334 1333
4 469 470 1148 471
4 1290 441 790 613
4 467 468 1145 469
4 452 577 576 1254
4 937 1453 337 776
4 460 1139 1138 461
4 1489 475 651 812
4 652 611 558 1235
4 652 1329 1288 1235
4 940 936 1457 780
4 1500 823 1260 998
4 403 636 401 1313
4 401 1078 1080 1313
4 1185 1186 1184 509
4 479 1157 480 478
4 656 1035 1432 358
4 669 1074 1076 1346
4 1383 955 953 706
4 788 353 983 1030
4 495 1173 1174 497
4 1407 794 849 1471
4 790 613 1032 1290
4 1241 605 515 564
4 703 1380 1032 1290
4 1032 613 703 1290
4 1078 400 399 401
4 1185 508 506 537
4 506 1183 1181 505
4 987 620 371 1297
4 500 1177 1178 502
4 1138 1425 459 461
4 609 403 405 1080
4 1177 1179 1178 502
4 924 921 1415 738
4 506 508 1185 507
4 1184 1183 1185 507
4 1080 1078 401 1079
4 1238 561 831 572
4 1425 459 1426 1136
4 1326 1432 1035 358
4 1048 987 371 1297
4 924 1415 1016 339
4 399 1078 1223 1076
4 1319 1174 1176 642
4 907 888 1349 672
4 822 1055 1481 378
4 570 369 670 1347
4 1140 1138 1139 461
4 459 460 1138 461
4 1134 1136 1426 457
4 1426 459 749 457
4 831 1249 1238 572
4 578 576 577 1254
4 1425 1136 1138 459
4 1271 835 1240 1512
4 475 1489 651 1152
4 1148 469 471 746
4 357 1364 1034 1289
4 1223 669 399 1076
4 779 535 720 1521
4 1456 1397 1212 1521
4 1024 668 1246 1345
4 835 1198 1240 1512
4 929 937 1014 337
4 395 569 667 1344
4 668 1345 1344 1246
4 822 1250 833 1499
4 1326 481 479 1158
4 1467 1365 790 1236
4 806 1509 919 832
4 753 1395 1430 1521
4 1046 1347 369 1247
4 669 569 397 1074
4 460 1138 1136 459
4 1032 355 790 1365
4 790 1032 1365 1467
4 1158 479 1157 481
4 1157 481 479 480
4 561 575 1238 831
4 872 597 1274 876
4 483 484 1160 485
4 505 506 1183 507
4 755 547 1224 656
4 668 667 569 1344
4 1249 1055 1499 572
4 572 1055 1499 822
4 547 1160 755 1224
4 555 665 419 1342
4 746 471 1148 553
4 357 786 612 1463
4 357 1034 1463 1289
4 1264 586 588 587
4 850 847 765 1442
4 370 1426 748 749
4 1164 1166 1336 489
4 1014 1443 929 337
4 730 794 849 1407
4 825 1482 640 805
4 1232 662 1342 1339
4 665 555 662 1342
4 753 718 1395 1521
4 1247 671 1090 570
4 1432 649 358 1326
4 688 687 559 1365
4 510 1187 1185 509
4 395 1246 1074 569
4 656 1224 1334 547
4 656 547 1334 657
4 662 1338 1339 1232
4 369 570 671 1247
4 459 748 1426 749
4 996 823 1500 998
4 909 674 1351 903
4 467 1145 466 1144
4 611 431 558 1235
4 1036 1332 359 1330
4 653 359 1332 1330
4 587 1267 589 1264
4 1415 924 738 339
4 1364 357 612 1289
4 687 357 612 1364
4 435 612 786 1463
4 685 1489 1033 356
4 573 1271 835 593
4 649 481 1432 755
4 1365 687 559 1364
4 651 1327 1033 650
4 1012 922 923 335
4 1350 554 1351 673
4 509 1184 1185 507
4 1185 508 509 507
4 458 1134 456 457
4 920 1506 1481 803
4 391 586 585 1068
4 931 929 1443 766
4 1267 587 589 590
4 1432 1326 1158 481
4 850 340 845 1017
4 554 1350 1142 673
4 670 1451 570 1347
4 1423 1146 1148 746
4 1351 673 554 674
4 1463 433 1235 786
4 479 1157 478 1156
4 1463 612 357 1289
4 1178 1176 1177 500
4 672 1029 907 352
4 921 922 1434 757
4 1135 1136 1134 458
4 1222 1336 1166 489
4 419 421 555 1096
4 473 1148 471 553
4 766 929 1443 337
4 635 1311 1312 1223
4 493 495 1170 644
4 1344 395 569 1246
4 522 1238 542 561
4 1078 399 1223 401
4 466 1144 1142 467
4 559 790 688 1365
4 685 812 1489 356
4 554 1351 674 809
4 1092 415 416 1522
4 1363 746 553 686
4 1080 405 609 1286
4 586 1264 588 1263
4 1223 635 669 1346
4 1223 1312 635 1346
4 355 688 790 1365
4 669 1223 1346 1076
4 669 1346 1246 1074
4 1457 940 780 776
4 1289 1463 612 1112
4 851 730 849 1407
4 1230 1423 1148 746
4 923 931 1440 763
4 416 414 535 1522
4 1093 1212 1091 1522
4 347 668 569 1246
4 668 1024 1246 347
4 1497 595 383 1269
4 558 431 433 1235
4 1163 484 486 485
4 1344 569 668 1246
4 1198 1196 1197 521
4 1029 672 907 1349
4 553 812 1489 685
4 685 1363 553 686
4 1346 347 669 1246
4 1233 653 1332 1330
4 1150 1489 1230 473
4 1489 473 812 553
4 509 1186 1184 825
4 1230 1148 1150 473
4 1344 1243 667 1070
4 1243 393 667 1070
4 636 609 365 1313
4 1482 538 1285 805
4 1243 667 367 1344
4 609 1080 1313 403
4 570 369 1347 1247
4 903 674 1351 906
4 1019 597 1273 1274
4 501 1176 500 499
4 636 401 1313 1223
4 401 1078 1313 1223
4 401 399 1223 546
4 1312 1024 635 1346
4 669 635 347 1346
4 635 634 1311 1223
4 634 635 546 1223
4 1326 1156 1158 479
4 481 1326 479 649
4 342 597 596 1273
4 569 669 1246 1074
4 518 1197 1196 519
4 786 357 1331 1463
4 1034 1331 357 1463
4 609 647 365 1286
4 1324 1042 365 1286
4 596 576 342 1273
4 1030 983 788 1465
4 669 546 635 1223
4 1259 1260 583 1057
4 558 433 786 1235
4 546 669 399 1223
4 1134 455 1234 1132
4 340 737 845 1017
4 479 1158 1157 1156
4 576 578 1255 1254
4 367 1044 1243 1344
4 919 1483 1509 806
4 1260 583 1261 1259
4 569 669 347 1246
4 1346 1024 347 1246
4 1423 1230 1363 746
4 1324 365 647 1286
4 1273 453 576 1130
4 576 596 453 1273
4 1286 365 609 1313
4 1286 1042 365 1313
4 1476 597 1234 799
4 597 557 1234 799
4 1451 670 570 774
4 1160 483 485 547
4 1222 1336 489 545
4 401 636 546 1223
4 1024 347 635 1346
4 557 596 597 1234
4 1468 947 791 375
4 518 1196 1194 519
4 1313 1311 636 1223
4 654 1329 1235 1331
4 754 1053 1431 1521
4 1162 1164 1335 487
4 1057 859 380 1061
4 1136 457 458 459
4 1192 1241 1282 515
4 1482 640 805 364
4 921 1434 1415 738
4 425 1287 1100 1102
4 1162 487 1163 1164
4 1163 486 487 485
4 357 654 786 1331
4 967 966 668 1345
4 1031 746 1424 1423
4 746 1031 1424 354
4 652 558 654 1235
4 1329 654 1235 652
4 596 557 455 1234
4 416 417 1094 1520
4 494 1173 1172 495
4 1424 1146 1423 746
4 754 376 1053 1521
4 1432 1326 481 649
4 408 409 1084 1085
4 453 452 576 1130
4 940 1457 1453 776
4 1311 634 636 1223
4 546 636 634 1223
4 421 1340 1098 1100
4 578 342 576 1255
4 403 609 636 1313
4 1451 570 1347 1247
4 788 983 986 1465
4 346 606 1515 838
4 392 393 1243 1070
4 1148 1146 1147 469
4 1505 994 350 1027
4 1182 1181 1183 505
4 663 421 423 1340
4 1340 421 423 1100
4 688 985 988 1365
4 507 509 1184 825
4 457 1136 458 1134
4 1080 609 1313 1286
4 484 1162 1160 485
4 1434 921 757 738
4 1186 1185 1187 509
4 847 867 578 1255
4 497 1174 1245 642
4 1481 1499 1055 822
4 1264 586 587 1068
4 512 1191 513 514
4 991 830 383 1507
4 469 1148 1146 746
4 971 647 969 1324
4 393 392 390 1070
4 1442 340 850 1017
4 1183 1184 1182 505
4 636 365 1311 1313
4 555 1232 1342 1096
4 512 1190 1191 1189
4 1164 487 489 659
4 662 1232 1342 555
4 1160 1162 1224 547
4 765 340 850 1442
4 484 1163 1162 485
4 661 662 555 1232
4 662 661 1338 1232
4 1267 587 1268 1264
4 387 1066 1068 1064
4 467 1142 465 554
4 909 1351 352 1029
4 658 1224 1162 547
4 1224 658 1334 547
4 547 658 1334 657
4 990 985 355 1032
4 1191 1192 1190 515
4 636 365 634 1311
4 493 1170 1511 644
4 1311 365 1042 1313
4 1267 587 590 1268
4 1098 422 421 1100
4 1183 1184 505 507
4 1093 1519 416 1520
4 1268 587 1068 1264
4 593 833 1271 592
4 1154 1227 1328 477
4 651 477 1328 550
4 1263 586 1264 1068
4 422 423 421 1100
4 757 922 1434 335
4 469 1146 467 747
4 578 765 847 1442
4 494 1172 1170 495
4 1180 1179 1181 503
4 1456 779 1519 1520
4 1055 914 913 378
4 830 1000 1480 1507
4 1463 1331 786 1235
4 763 931 1443 766
4 915 920 1481 803
4 1335 1162 487 658
4 485 487 1162 658
4 487 1164 1335 659
4 393 1243 667 566
4 922 1012 1434 335
4 1269 1497 595 1267
4 513 514 1191 515
4 667 1243 367 566
4 510 1187 1188 512
4 1096 421 1232 1098
4 487 1162 1163 485
4 510 1185 508 509
4 367 966 958 1044
4 1187 1189 1188 512
4 1424 1144 1146 467
4 1146 1424 467 747
4 1162 1160 485 547
4 746 1146 469 747
4 410 1086 1087 1523
4 370 1349 888 672
4 1331 654 786 1235
4 357 984 972 1034
4 420 534 1211 1520
4 1162 1335 1224 658
4 1162 485 658 547
4 658 1224 1334 1335
4 455 1134 1234 457
4 535 1519 1212 1521
4 1211 1097 420 1520
4 1174 1172 1173 495
4 548 1082 1286 405
4 1060 1480 383 1513
4 1047 1476 1426 370
4 746 1148 1230 553
4 654 558 786 1235
4 652 972 970 1329
4 674 909 1351 352
4 452 1253 1254 576
4 1234 1134 1426 457
4 457 1426 1234 749
4 380 859 1057 868
4 1328 1327 651 550
4 747 746 1424 354
4 383 1480 1060 1507
4 888 1047 1349 370
4 1424 1146 746 747
4 819 898 1496 897
4 467 1145 1146 469
4 359 655 653 1332
4 535 1212 1519 1522
4 407 406 408 1084
4 1232 555 421 1096
4 1033 1362 1489 685
4 335 923 1012 763
4 554 1350 1351 1231
4 819 1496 898 348
4 976 964 664 1341
4 1440 1012 923 763
4 980 369 964 1046
4 392 393 566 1243
4 1070 1243 392 1069
4 1234 1426 799 749
4 746 1230 1363 553
4 1486 1351 1231 809
4 554 1351 809 1231
4 1142 1231 1350 554
4 1362 1230 1489 685
4 553 1489 1230 685
4 687 988 984 1364
4 576 1255 1253 1254
4 1033 356 650 904
4 473 1489 1230 553
4 1362 1363 1230 685
4 553 1230 1363 685
4 978 662 977 1339
4 1230 1148 473 553
4 825 1215 1482 538
4 978 976 349 1026
4 1443 1440 931 763
4 652 1036 960 359
4 1181 504 505 503
4 823 583 1261 1260
4 1146 1144 1145 467
4 1255 578 847 1442
4 1269 973 383 1060
4 1045 642 1245 1319
4 1084 407 406 1082
4 805 1285 1498 608
4 779 1456 1519 1521
4 1498 1041 1482 364
4 489 1336 1164 659
4 1332 655 653 1233
4 519 1279 1194 517
4 1234 557 455 457
4 390 1069 1070 392
4 1255 1019 342 1253
4 1255 342 576 1253
4 502 1179 1178 503
4 495 1174 1245 497
4 657 1334 901 899
4 416 1519 1093 1522
4 421 1340 1232 1098
4 1174 1319 1245 642
4 457 1234 557 749
4 358 901 1035 880
4 564 1517 1279 1241
4 347 961 967 1024
4 342 1019 1273 1253
4 1273 576 342 1253
4 1287 425 610 1233
4 358 1035 890 880
4 409 1084 1086 1323
4 597 1019 1273 342
4 608 877 1498 821
4 420 1097 1098 1520
4 350 996 823 1027
4 703 986 990 1380
4 663 555 421 1340
4 957 365 971 1042
4 703 788 986 1465
4 659 1335 487 658
4 919 917 1483 806
4 650 892 1327 904
4 586 391 587 1068
4 1253 1273 576 1130
4 1336 489 545 659
4 819 1458 1496 348
4 1234 1426 1476 799
4 799 557 1234 749
4 1468 947 946 791
4 899 657 1334 885
4 1336 1335 1164 659
4 799 1426 370 749
4 1215 509 825 1186
4 970 960 652 1329
4 356 1033 908 904
4 1517 564 1279 840
4 1340 555 421 1232
4 550 1327 651 650
4 591 587 391 1068
4 1253 576 452 1130
4 361 663 610 1340
4 961 635 963 1312
4 1086 1084 409 1085
4 1044 668 966 1345
4 1036 652 960 1329
4 595 827 1504 1267
4 564 517 1279 602
4 521 1196 1197 519
4 1032 985 355 1365
4 648 1326 1035 358
4 1178 500 502 501
4 980 670 369 1347
4 650 550 1327 648
4 966 367 668 1044
4 1498 891 364 821
4 827 1504 1267 1268
4 664 349 976 1341
4 643 1025 644 348
4 410 1089 412 1523
4 1317 825 1482 640
4 369 980 1347 1046
4 555 663 661 1340
4 1087 1089 410 1523
4 1327 1033 650 904
4 1066 390 1069 1067
4 648 649 1326 358
4 1426 799 370 1476
4 834 1458 1511 545
4 957 963 634 1311
4 606 1043 1515 838
4 1188 1187 510 509
4 1026 976 349 1341
4 644 568 1245 643
4 688 355 985 1365
4 1332 359 981 1036
4 1476 1274 597 876
4 1046 664 964 1341
4 1066 388 387 389
4 973 383 595 1269
4 1340 661 555 1232
4 1340 1338 661 1232
4 548 609 405 1286
4 642 1045 1245 368
4 1465 986 703 1380
4 884 1045 900 368
4 1231 1142 1144 467
4 662 978 1026 1339
4 1321 495 1170 1172
4 1331 357 972 1034
4 550 649 1326 648
4 1178 1176 500 501
4 1154 1156 1227 477
4 1024 967 668 1345
4 568 642 1245 368
4 564 1283 1517 1241
4 407 409 646 1323
4 409 407 1084 1323
4 423 425 610 1100
4 964 369 664 1046
4 891 1498 877 821
4 1365 687 988 688
4 413 1090 570 1523
4 978 349 662 1026
4 825 1317 1184 640
4 505 1182 1181 503
4 887 1515 1043 838
4 1198 835 1240 521
4 827 595 590 1267
4 1482 1317 640 364
4 642 1245 497 568
4 1240 521 1196 1198
4 1317 1482 1041 364
4 972 654 357 1331
4 687 1365 988 1364
4 548 405 407 1082
4 556 655 818 1233
4 509 1215 825 538
4 990 355 703 1032
4 1038 361 610 1340
4 1340 610 1038 1287
4 1184 507 825 640
4 421 1096 419 1520
4 1326 1227 1156 479
4 649 1326 479 550
4 590 827 1267 1268
4 564 1517 606 840
4 658 659 1335 360
4 889 879 1314 637
4 1231 1142 467 554
4 408 409 407 1084
4 1336 1222 1337 545
4 647 609 548 1286
4 661 975 977 1338
4 663 423 610 1340
4 1340 423 610 1100
4 365 971 1042 1324
4 1272 840 1043 1517
4 889 1316 1041 364
4 1172 1245 1321 495
4 984 357 1364 1034
4 1324 548 1286 647
4 1336 1335 659 360
4 668 347 967 1024
4 971 365 647 1324
4 1424 1231 1144 467
4 467 1424 1231 747
4 359 960 981 1036
4 1380 990 703 1032
4 538 1482 1285 1215
4 1320 1321 1245 644
4 644 1245 1320 643
4 1031 809 1424 354
4 346 1515 887 838
4 977 662 1338 1339
4 1504 827 345 1244
4 1324 548 647 1322
4 1270 1021 1271 592
4 1334 658 360 657
4 1315 1178 1180 503
4 409 1086 410 1523
4 597 1019 872 1274
4 342 578 867 1255
4 342 872 1019 869
4 686 685 1363 905
4 357 687 984 1364
4 391 389 591 1068
4 1187 1188 1186 509
4 389 388 390 1066
4 884 896 1045 368
4 605 1241 1283 564
4 747 1424 1231 809
4 809 1351 674 906
4 1176 499 565 642
4 901 1333 1334 656
4 570 1090 1247 1523
4 1329 654 972 1331
4 1098 421 420 1520
4 419 1096 417 1520
4 538 1285 805 608
4 1279 1272 1517 840
4 477 1156 1227 479
4 1319 1318 1045 642
4 1496 1337 819 897
4 972 652 654 1329
4 799 888 1476 876
4 1245 495 568 644
4 867 869 342 1019
4 835 1271 1240 593
4 554 467 1231 747
4 1172 1174 1245 495
4 477 1227 1328 550
4 635 961 1024 1312
4 1045 1245 368 643
4 1287 425 1100 610
4 656 1035 901 1333
4 417 1096 1094 1520
4 1311 963 635 1312
4 658 1334 360 1335
4 1092 1090 415 1522
4 818 610 556 1233
4 1044 1343 367 1243
4 361 661 663 1340
4 505 1217 1182 503
4 1245 568 368 643
4 1347 670 1451 1524
4 1424 1486 1231 809
4 1231 554 747 809
4 1476 1047 888 370
4 495 1321 1170 644
4 961 347 635 1024
4 1315 1178 503 638
4 503 1178 501 638
4 997 1260 583 998
4 799 1476 597 876
4 957 634 365 1311
4 1042 957 365 1311
4 973 595 974 1269
4 389 391 387 1068
4 635 634 963 1311
4 656 1334 901 657
4 587 591 590 1268
4 1035 656 901 358
4 1038 1338 661 1340
4 1245 495 497 568
4 1327 1328 1227 550
4 839 1184 1516 640
4 587 1268 1068 591
4 1179 1180 1178 503
4 1222 1458 1337 545
4 1287 1340 610 1100
4 994 996 350 1027
4 1023 1283 1515 606
4 415 1090 413 1522
4 1182 1180 1181 503
4 774 1451 670 1524
4 389 392 591 1069
4 685 908 1362 905
4 640 1317 1316 364
4 1041 1316 1317 364
4 1516 1217 1182 839
4 1227 1325 1327 550
4 1325 1327 550 648
4 840 594 1043 366
4 1098 1096 421 1520
4 495 1245 1321 644
4 655 359 981 1332
4 809 747 1424 354
4 1240 1271 1021 593
4 1260 823 583 998
4 1035 1325 1326 648
4 659 1337 1336 360
4 977 662 661 1338
4 1245 1045 1320 643
4 1023 606 605 1283
4 1321 1320 1025 644
4 1025 643 644 1320
4 606 1043 838 366
4 361 975 1038 965
4 501 502 1178 503
4 642 1318 1045 368
4 550 1325 1326 1227
4 1325 550 1326 648
4 566 367 1343 1243
4 1269 595 1504 1267
4 661 361 1038 1340
4 1033 908 685 356
4 809 1031 1424 1486
4 1242 1319 1176 642
4 592 1021 894 1270
4 545 1337 1336 659
4 774 1451 1518 1523
4 1019 342 867 1255
4 1184 1317 1516 640
4 368 642 1318 641
4 411 774 409 1523
4 1086 1451 1088 1523
4 605 1241 515 1282
4 1043 840 606 1517
4 1184 1516 1182 839
4 644 1458 1511 834
4 1326 1227 479 550
4 505 1182 1217 839
4 593 1271 1021 592
4 838 1043 887 366
4 1362 1363 685 905
4 839 507 1184 640
4 809 910 1486 906
4 1284 1215 1188 538
4 1196 1279 1194 519
4 1170 1321 1511 644
4 503 505 1217 540
4 640 1516 839 639
4 1180 1182 1217 503
4 519 1240 521 1196
4 389 1069 390 392
4 809 1486 1351 906
4 1335 1336 1037 360
4 799 1476 888 370
4 1082 548 1286 1225
4 809 1031 910 354
4 872 342 1019 597
4 540 1314 1217 638
4 638 540 1314 637
4 1458 1222 1511 545
4 566 1343 1244 1243
4 1215 1284 1285 538
4 1327 892 650 648
4 570 1451 774 1523
4 1282 1190 1192 515
4 591 1268 1068 1066
4 1068 389 591 1066
4 1190 512 1191 513
4 1279 1240 1272 602
4 607 1285 538 608
4 1227 477 479 550
4 570 1247 1451 1523
4 566 1244 392 1243
4 1243 1244 392 1069
4 517 519 1279 602
4 548 1324 1286 1225
4 1084 548 407 1082
4 505 1184 1182 839
4 1332 1495 655 1233
4 645 548 646 1323
4 548 645 647 1322
4 1322 1324 548 1225
4 499 501 1176 565
4 540 1217 503 638
4 1315 1217 1314 638
4 1316 1516 1317 640
4 594 886 1043 366
4 1069 591 389 1066
4 1069 1268 591 1066
4 1335 1334 360 1037
4 513 1191 1190 515
4 503 1315 1217 1180
4 1189 1190 1188 512
4 1025 898 1496 348
4 1184 505 507 839
4 1343 367 958 1044
4 646 548 407 1323
4 1084 407 548 1323
4 1066 387 1068 389
4 1504 595 345 827
4 1043 840 366 606
4 1188 510 512 511
4 1283 564 1517 606
4 1025 1496 1458 348
4 1279 564 602 840
4 1240 1279 1196 519
4 1514 608 607 837
4 890 892 1325 648
4 360 1334 657 885
4 647 969 1324 1322
4 827 590 591 1268
4 839 1217 505 540
4 1337 1037 1336 360
4 1045 1318 900 368
4 1315 503 1217 638
4 855 864 1053 1521
4 376 864 855 1521
4 1035 890 648 358
4 1283 1043 1515 606
4 1362 1033 908 685
4 660 781 1458 819
4 606 1515 1023 346
4 898 1025 643 348
4 1318 900 368 641
4 610 1495 1287 1233
4 1283 605 564 606
4 910 1486 1031 809
4 891 1041 1498 364
4 602 1240 519 1279
4 1215 1186 1188 509
4 361 610 818 1038
4 1495 1038 610 1287
4 367 666 566 1343
4 1069 389 390 1066
4 1283 1023 1282 605
4 606 1023 605 346
4 1495 818 655 1233
4 548 645 1322 1323
4 1225 548 1322 1323
4 1082 1084 548 1225
4 409 1518 1086 1523
4 1319 1242 1318 642
4 1285 877 1498 608
4 368 896 1045 643
4 1338 661 975 1038
4 1225 1084 548 1323
4 979 965 818 1495
4 1314 639 889 637
4 1430 1053 864 1521
4 753 864 376 1521
4 594 563 1021 344
4 1343 566 1244 666
4 892 1327 1325 648
4 959 969 645 1322
4 644 1025 1458 348
4 1037 1337 895 360
4 1272 602 840 1279
4 1188 510 511 509
4 660 1458 1337 819
4 666 567 566 1244
4 608 1514 607 1285
4 1217 639 1314 540
4 639 1314 540 637
4 1039 1242 1315 638
4 610 818 1495 1233
4 1318 565 1039 641
4 607 346 1514 837
4 509 1188 1215 538
4 1316 889 639 364
4 610 818 1038 1495
4 1343 345 666 1244
4 975 361 1038 661
4 827 567 345 1244
4 1022 1504 345 1244
4 896 1320 1045 643
4 1244 566 392 567
4 1283 1517 1043 606
4 593 1021 563 344
4 979 655 981 1332
4 602 1240 1272 594
4 1240 602 563 594
4 511 1284 1188 538
4 511 1284 538 607
4 567 666 345 1244
4 1343 1022 345 1244
4 1516 1217 839 639
4 563 1021 1240 594
4 1021 1272 1240 594
4 360 659 1337 660
4 896 898 1320 643
4 642 565 1318 641
4 1240 519 521 563
4 1178 1315 1242 638
4 565 501 1178 638
4 1244 1504 827 1268
4 1093 1456 1519 1520
4 416 1519 779 1520
4 1285 607 538 1284
4 565 1242 1176 642
4 1178 1176 501 565
4 1458 545 781 660
4 835 1240 563 593
4 595 1504 345 1269
4 1190 511 513 607
4 883 877 1285 608
4 835 1240 521 563
4 659 545 1337 660
4 655 979 1495 1332
4 639 640 1316 364
4 1325 1035 890 648
4 638 1314 1039 637
4 969 647 645 1322
4 1190 1284 1188 511
4 511 1190 1284 607
4 360 1334 885 1037
4 344 593 1021 592
4 974 595 345 1269
4 898 1025 1320 643
4 563 1240 1021 593
4 1283 1282 1241 605
4 666 367 958 1343
4 360 895 1037 885
4 878 1021 894 344
4 1244 591 392 1069
4 360 1337 895 660
4 1314 638 1039 1315
4 1240 602 519 563
4 545 1458 1337 660
4 1212 1519 1456 1521
4 1282 1023 1284 605
4 605 1023 1284 346
4 779 1519 535 1521
4 1021 878 594 344
4 1025 644 1458 1321
4 1093 1519 1212 1522
4 535 1519 416 1522
4 565 1039 638 1242
4 565 1039 362 638
4 887 1023 1515 346
4 819 781 1458 348
4 824 380 583 1057
4 565 1318 1039 1242
4 1039 641 565 362
4 979 818 655 1495
4 1282 1190 515 605
4 840 1272 1043 594
4 545 834 1458 781
4 965 361 818 1038
4 1039 641 900 1318
4 540 839 1217 639
4 346 1284 605 607
4 602 1272 840 594
4 515 1190 513 605
4 720 754 779 1521
4 1397 1456 1431 1521
4 879 902 1039 362
4 902 900 1039 362
4 968 616 122 956
4 1316 1516 640 639
4 120 949 952 622
4 1299 276 949 952
4 17 710 871 862
4 862 871 173 1387
4 846 848 175 1388
4 848 19 711 846
4 1388 175 846 1005
4 328 711 19 846
4 711 18 848 862
4 174 848 862 1388
4 1021 592 894 344
4 1412 844 852 192
4 735 36 852 844
4 277 1299 956 952
4 952 956 121 622
4 1299 956 1293 277
4 956 616 121 622
4 18 711 710 862
4 1387 174 862 1388
4 841 844 1015 191
4 841 35 338 844
4 511 512 1190 513
4 20 714 846 863
4 176 846 1391 863
4 20 714 328 846
4 176 846 1005 1391
4 607 1285 1514 1284
4 1412 1015 844 192
4 36 735 338 844
4 958 974 345 1022
4 1190 1282 1284 605
4 853 716 21 863
4 1393 853 177 863
4 178 854 853 1007
4 330 22 854 853
4 639 1314 889 1316
4 565 1318 1242 642
4 565 1178 1242 638
4 866 332 27 856
4 856 183 866 1009
4 27 739 332 866
4 1416 866 183 1009
4 878 1272 1021 594
4 17 710 327 871
4 1003 173 871 1387
4 917 240 1461 918
4 716 714 21 863
4 1391 1393 177 863
4 873 14 372 875
4 1049 170 873 875
4 1393 178 853 1007
4 22 330 716 853
4 865 182 856 1009
4 332 865 26 856
4 1269 1504 345 1022
4 932 632 116 926
4 1309 932 272 926
4 1176 1178 1242 565
4 842 841 1408 190
4 34 731 842 841
4 11 599 860 861
4 861 860 167 1276
4 1015 1408 841 191
4 338 731 35 841
4 622 120 949 343
4 1020 1299 276 949
4 512 1190 1188 511
4 932 927 117 341
4 927 273 1018 932
4 704 14 372 873
4 170 873 1381 1049
4 1051 167 860 1276
4 599 374 11 860
4 854 23 330 864
4 1007 179 854 864
4 871 707 16 874
4 1384 871 172 874
4 168 870 861 1001
4 870 324 12 861
4 707 15 874 875
4 874 171 1384 875
4 949 626 119 945
4 1303 949 275 945
4 1276 168 861 1001
4 324 599 12 861
4 417 416 418 1520
4 1094 1095 1093 1520
4 704 13 873 870
4 169 873 870 1381
4 639 1217 1314 1316
4 1190 513 605 607
4 591 1244 1268 1069
4 509 511 1188 538
4 781 644 1458 348
4 184 858 866 1422
4 745 28 858 866
4 879 1039 1314 637
4 1422 866 184 1416
4 745 739 28 866
4 632 932 116 341
4 932 1309 272 1018
4 13 704 324 870
4 1001 169 870 1381
4 327 707 16 871
4 1003 871 172 1384
4 15 707 372 875
4 171 1049 1384 875
4 1321 1458 1511 644
4 190 1408 842 1399
4 34 731 722 842
4 189 842 843 1399
4 722 843 33 842
4 1038 818 965 1495
4 118 927 945 628
4 1305 274 927 945
4 859 166 860 1061
4 860 384 10 859
4 1269 345 974 1022
4 1456 1095 1211 1520
4 534 418 779 1520
4 852 845 1414 193
4 845 37 852 737
4 10 374 384 860
4 1061 166 860 1051
4 605 1284 1190 607
4 1412 852 1414 193
4 37 852 737 735
4 930 926 115 750
4 926 271 1427 930
4 626 949 119 343
4 949 1303 275 1020
4 1053 855 180 864
4 855 376 24 864
4 421 419 420 1520
4 1098 1097 1096 1520
4 824 1057 868 380
4 352 907 46 909
4 907 1029 202 909
4 1260 824 583 1057
4 646 645 1323 1524
4 1483 240 1461 917
4 1514 1284 1023 346
4 858 185 857 1013
4 336 858 29 857
4 774 1518 1451 1524
4 989 987 280 1297
4 989 620 124 987
4 1088 1087 1086 1523
4 411 409 410 1523
4 628 117 927 341
4 1018 1305 273 927
4 865 855 181 1421
4 865 25 855 744
4 632 115 926 750
4 1427 1309 271 926
4 628 945 118 626
4 274 1305 1303 945
4 1009 865 182 1421
4 744 865 26 332
4 886 1043 1272 594
4 968 956 278 1048
4 1293 278 956 1048
4 371 616 122 968
4 567 591 392 1244
4 637 1039 638 362
4 185 858 1422 1013
4 745 858 29 336
4 753 330 23 864
4 1007 1430 179 864
4 243 1058 946 948
4 948 946 87 381
4 1011 189 843 1399
4 843 33 334 722
4 1052 245 947 941
4 89 947 941 375
4 941 1277 246 950
4 90 941 950 600
4 346 1514 1284 607
4 95 951 925 326
4 1004 251 951 925
4 414 416 415 1522
4 1092 1093 1091 1522
4 245 1052 1277 941
4 600 89 941 375
4 1043 886 887 366
4 1430 1053 180 864
4 376 753 24 864
4 847 850 195 1442
4 765 39 847 850
4 1351 203 909 903
4 47 674 909 903
4 247 1002 953 950
4 950 953 91 325
4 924 930 114 339
4 930 270 1016 924
4 326 925 95 767
4 251 1004 1444 925
4 857 186 849 1471
4 30 849 794 857
4 923 922 111 335
4 922 267 1012 923
4 850 845 194 1017
4 340 845 38 850
4 124 353 620 989
4 280 989 1297 1030
4 256 1475 942 939
4 939 942 100 798
4 834 644 1458 781
4 827 591 1244 1268
4 104 935 944 785
4 1462 260 935 944
4 933 1436 255 939
4 99 933 939 759
4 938 253 1485 928
4 928 938 97 808
4 1473 258 934 943
4 102 934 943 796
4 608 1514 883 837
4 1050 249 955 954
4 93 955 954 373
4 1002 246 1277 950
4 325 90 950 600
4 985 129 688 988
4 285 988 985 1365
4 931 1440 266 923
4 110 931 923 763
4 928 252 1444 925
4 925 928 96 767
4 1053 181 855 1421
4 25 376 855 744
4 924 113 921 738
4 1415 269 921 924
4 983 989 281 1030
4 983 353 125 989
4 641 1039 900 362
4 1475 255 1436 939
4 798 99 939 759
4 645 1322 1323 1524
4 933 254 1006 938
4 938 933 98 329
4 937 263 1453 940
4 940 937 107 776
4 966 668 151 967
4 967 966 1345 307
4 968 123 371 987
4 279 987 968 1048
4 922 1434 268 921
4 921 112 922 757
4 847 867 40 578
4 867 847 196 1255
4 851 188 843 1011
4 334 32 843 851
4 1444 1485 252 928
4 808 96 928 767
4 77 893 882 592
4 893 882 1270 233
4 944 936 105 333
4 936 261 1010 944
4 1457 262 936 940
4 106 936 940 780
4 1031 206 910 905
4 354 910 50 905
4 943 1054 259 935
4 935 103 943 377
4 929 1443 265 931
4 109 929 931 766
4 247 1002 1383 953
4 706 91 953 325
4 1475 1008 256 942
4 331 100 942 798
4 329 933 98 759
4 254 1006 1436 933
4 249 1050 1398 954
4 721 93 954 373
4 339 930 114 750
4 1016 1427 270 930
4 194 845 1414 1017
4 737 845 38 340
4 1337 660 819 897
4 1485 1006 253 938
4 329 97 938 808
4 1212 1396 1091 1522
4 719 535 414 1522
4 250 1398 951 954
4 954 951 94 721
4 1008 257 942 934
4 101 942 934 331
4 108 937 929 337
4 937 1014 264 929
4 333 104 944 785
4 260 1462 1010 944
4 796 943 102 377
4 258 1473 1054 943
4 1471 857 186 1013
4 336 30 794 857
4 1481 915 913 236
4 915 913 80 803
4 887 881 1023 346
4 827 591 567 1244
4 988 130 687 984
4 286 984 988 1364
4 672 907 46 352
4 202 1349 1029 907
4 1058 1468 243 946
4 381 946 87 791
4 849 187 851 1407
4 730 849 31 851
4 721 951 94 326
4 1004 250 1398 951
4 901 1334 213 899
4 657 901 57 899
4 248 1383 955 953
4 953 955 92 706
4 894 893 1270 232
4 893 76 894 592
4 1462 259 1054 935
4 377 935 103 785
4 1480 995 993 314
4 774 1518 409 1523
4 993 804 158 995
4 796 101 934 331
4 257 1008 1473 934
4 971 957 1042 303
4 971 147 365 957
4 382 77 882 592
4 1059 1270 882 233
4 892 209 1327 904
4 650 53 892 904
4 535 718 720 1521
4 1397 1395 1212 1521
4 983 126 788 986
4 282 986 983 1465
4 1217 1516 1316 639
4 1086 1518 1451 1523
4 780 105 936 333
4 1010 1457 261 936
4 337 107 937 776
4 1453 1014 263 937
4 738 924 113 339
4 269 1415 1016 924
4 1383 1050 248 955
4 373 92 955 706
4 583 824 1260 997
4 901 212 1035 880
4 56 901 358 880
4 1035 211 890 880
4 358 890 55 880
4 1442 850 195 1017
4 765 340 39 850
4 123 620 371 987
4 279 987 1048 1297
4 1029 1351 203 909
4 674 352 47 909
4 757 111 922 335
4 267 1012 1434 922
4 966 958 1044 308
4 966 152 367 958
4 1011 851 188 1407
4 32 334 730 851
4 637 879 1039 362
4 757 921 112 738
4 1415 268 1434 921
4 1026 978 976 296
4 976 349 140 978
4 1285 1514 883 608
4 1057 859 165 868
4 859 380 9 868
4 780 940 106 776
4 262 1457 1453 940
4 1033 208 908 904
4 356 908 52 904
4 1060 973 962 311
4 383 155 962 973
4 986 127 703 990
4 283 990 986 1380
4 1341 976 964 297
4 964 664 141 976
4 961 150 347 967
4 961 967 1024 306
4 872 869 198 1019
4 42 869 872 342
4 1334 214 899 885
4 899 58 657 885
4 376 855 1053 1521
4 1407 849 187 1471
4 794 849 31 730
4 766 108 929 337
4 1014 1443 264 929
4 335 110 923 763
4 1440 1012 266 923
4 978 977 295 1339
4 977 139 662 978
4 1057 165 859 1061
4 9 384 380 859
4 125 788 353 983
4 281 983 1030 1465
4 881 1514 346 837
4 914 1478 238 916
4 916 82 914 801
4 1255 847 196 1442
4 765 847 40 578
4 884 896 219 1045
4 896 884 63 368
4 345 666 958 1343
4 1443 1440 265 931
4 763 109 931 766
4 985 355 128 990
4 985 990 284 1032
4 964 142 369 980
4 964 980 1046 298
4 132 652 972 970
4 288 970 972 1329
4 1311 957 963 304
4 963 634 148 957
4 974 973 1269 310
4 974 154 595 973
4 131 357 984 972
4 287 972 984 1034
4 963 149 635 961
4 963 961 1312 305
4 1022 345 958 1343
4 975 361 137 965
4 975 965 293 1038
4 206 1031 1363 905
4 686 354 50 905
4 1000 830 991 1507
4 878 886 1272 594
4 888 200 1476 876
4 799 44 888 876
4 960 652 133 970
4 960 970 289 1329
4 1506 920 911 829
4 992 919 1509 832
4 239 1028 1461 918
4 784 83 918 351
4 239 1028 918 916
4 916 918 83 351
4 138 661 975 977
4 294 977 975 1338
4 129 687 688 988
4 285 988 1365 1364
4 1430 864 753 1521
4 1468 1052 244 947
4 791 947 88 375
4 367 668 151 966
4 1345 966 1044 307
4 244 1468 947 946
4 946 947 88 791
4 1045 220 884 900
4 900 64 884 368
4 213 1333 1334 901
4 656 901 57 657
4 1033 1327 209 904
4 650 356 53 904
4 1057 1260 824 1501
4 130 357 687 984
4 1364 286 984 1034
4 314 993 1480 1056
4 158 379 804 993
4 869 867 197 1019
4 867 869 41 342
4 1323 1518 646 1524
4 1019 198 872 1274
4 342 872 42 597
4 910 205 1486 906
4 49 910 809 906
4 212 1035 1333 901
4 656 56 901 358
4 126 703 788 986
4 282 986 1465 1380
4 1341 1026 976 296
4 140 664 349 976
4 1311 1042 957 303
4 634 365 147 957
4 355 703 127 990
4 283 990 1380 1032
4 891 224 1041 889
4 889 891 68 364
4 908 207 1362 905
4 51 908 685 905
4 150 668 347 967
4 1345 1024 967 306
4 1341 964 1046 297
4 369 664 141 964
4 660 1337 895 897
4 295 1026 978 1339
4 349 662 139 978
4 824 1501 912 868
4 1476 1047 200 888
4 799 888 44 370
4 670 369 142 980
4 1046 980 1347 298
4 1057 824 868 1501
4 359 652 133 960
4 1036 960 289 1329
4 896 898 218 1320
4 898 896 62 643
4 913 914 1055 237
4 914 81 913 378
4 997 583 162 998
4 128 688 355 985
4 284 985 1032 1365
4 652 654 132 972
4 1329 972 288 1331
4 661 138 662 977
4 1338 294 977 1339
4 318 1260 997 998
4 1312 1311 963 304
4 634 148 635 963
4 1060 1269 973 311
4 155 383 595 973
4 357 131 654 972
4 972 287 1331 1034
4 1028 238 1478 916
4 82 916 351 801
4 347 635 149 961
4 961 1024 1312 305
4 236 913 1481 1055
4 378 80 913 803
4 237 914 1055 1478
4 81 914 801 378
4 1362 1033 208 908
4 685 908 52 356
4 1325 210 892 890
4 54 892 890 648
4 1514 881 883 837
4 1501 1260 824 997
4 137 661 361 975
4 1338 975 293 1038
4 1514 1023 881 346
4 1019 867 197 1255
4 578 867 41 342
4 205 1486 1031 910
4 809 910 49 354
4 960 134 359 981
4 290 981 960 1036
4 1363 1362 207 905
4 686 51 685 905
4 902 1039 222 879
4 66 902 879 362
4 1325 1035 211 890
4 648 890 55 358
4 1285 226 877 883
4 70 877 883 608
4 969 645 145 959
4 969 959 301 1322
4 1320 219 896 1045
4 63 896 368 643
4 214 1334 1037 885
4 360 657 58 885
4 220 1045 1318 900
4 368 900 64 641
4 152 666 367 958
4 1044 958 1343 308
4 1021 894 1270 232
4 344 894 76 592
4 1314 223 879 889
4 67 879 889 637
4 1025 218 898 1320
4 643 62 898 348
4 1260 318 1500 998
4 823 162 583 998
4 974 345 153 958
4 1022 958 974 309
4 70 877 608 821
4 1498 226 877 1285
4 210 1327 1325 892
4 892 54 650 648
4 1022 974 1269 310
4 154 595 345 974
4 819 61 898 897
4 898 217 1496 897
4 411 570 774 1523
4 1088 1451 1247 1523
4 980 670 1347 1524
4 74 886 878 594
4 886 1272 230 878
4 981 135 655 979
4 291 979 981 1332
4 647 645 145 969
4 301 1324 969 1322
4 900 1039 221 902
4 902 65 900 362
4 891 877 69 821
4 877 225 1498 891
4 1316 1041 224 889
4 639 889 68 364
4 134 655 359 981
4 981 290 1332 1036
4 895 1337 216 897
4 660 895 60 897
4 1314 222 1039 879
4 637 66 879 362
4 1337 1496 216 897
4 819 660 60 897
4 959 1322 645 1524
4 231 1021 894 878
4 894 75 878 344
4 646 1518 774 1524
4 1323 1451 1518 1524
4 819 898 61 348
4 1496 217 898 1025
4 823 996 161 998
4 1500 317 996 998
4 895 215 1037 885
4 360 59 895 885
4 594 74 886 366
4 1272 230 1043 886
4 804 830 157 995
4 1089 1522 412 1523
4 1506 1059 882 234
4 382 882 78 829
4 1318 1039 221 900
4 641 900 65 362
4 223 1314 1316 889
4 639 67 889 637
4 1041 1498 225 891
4 364 891 69 821
4 144 982 959 1524
4 959 982 300 1524
4 345 666 153 958
4 958 1022 1343 309
4 1507 962 991 312
4 1506 882 911 234
4 882 911 78 829
4 887 886 73 366
4 886 229 1043 887
4 242 1509 1058 948
4 144 959 645 1524
4 959 300 1322 1524
4 1509 242 992 948
4 1000 157 830 995
4 363 646 774 1524
4 1323 1040 1451 1524
4 818 655 135 979
4 979 291 1495 1332
4 838 887 73 366
4 1515 1043 229 887
4 413 1522 1090 1523
4 1507 1060 962 312
4 1021 231 1272 878
4 594 878 75 344
4 646 363 645 1524
4 1040 1323 1322 1524
4 1037 1337 215 895
4 360 895 59 660
4 161 996 823 350
4 317 996 1027 1500
4 999 824 1501 912
4 999 1501 824 997
4 670 980 143 1524
4 980 1347 299 1524
4 774 670 363 1524
4 1347 1451 1040 1524
4 163 824 999 912
4 235 915 920 1481
4 999 0 163 912
4 917 1483 241 919
4 608 883 70 837
4 1514 226 1285 883
4 920 1506 235 1481
4 1509 241 1483 919
4 1000 995 1480 313
4 313 1480 1000 1507
4 1053 1397 1431 1521
4 754 720 376 1521
4 883 881 71 837
4 881 227 1514 883
4 363 144 645 1524
4 300 1040 1322 1524
4 1087 1088 1089 1523
4 410 412 411 1523
4 1211 1095 1097 1520
4 534 420 418 1520
4 992 322 919 832
4 911 920 321 829
4 991 323 830 1000
4 414 415 413 1522
4 1092 1091 1090 1522
4 414 412 719 1522
4 1091 1396 1089 1522
4 999 320 0 912
4 5 911 1506 321
4 322 1509 6 992
4 7 323 991 1507
4 2 919 322 832
4 321 920 1 829
4 3 830 323 1000
4 321 1 911 829
4 824 583 162 997
4 419 417 418 1520
4 1096 1095 1094 1520
4 992 2 322 832
4 323 830 3 991
4 1506 911 920 321
4 322 919 1509 992
4 239 1461 240 918
4 918 84 83 784
4 1000 991 323 1507
4 753 720 718 1521
4 1395 1397 1430 1521
4 824 163 0 912
4 919 1509 6 322
4 1506 920 5 321
4 323 7 1000 1507
4 318 1260 1501 997
4 982 143 980 1524
4 980 299 982 1524
4 379 158 159 993
4 1056 314 993 315
4 917 85 84 806
4 1478 237 914 238
4 914 82 81 801
4 412 1522 413 1523
4 1090 1522 1089 1523
4 915 80 79 803
4 1088 1247 1090 1523
4 411 413 570 1523
4 1483 241 240 917
4 616 121 122 956
4 956 278 1293 277
4 27 28 739 866
4 866 183 184 1416
4 175 176 846 1005
4 328 19 20 846
4 193 1412 852 192
4 852 37 36 735
4 710 17 18 862
4 173 174 862 1387
4 18 19 711 848
4 174 175 848 1388
4 1391 177 176 863
4 20 21 714 863
4 277 276 1299 952
4 121 120 952 622
4 35 36 338 844
4 192 1015 844 191
4 21 22 716 853
4 853 177 178 1393
4 12 13 324 870
4 168 169 870 1001
4 16 17 327 871
4 172 173 871 1003
4 167 168 861 1276
4 11 12 599 861
4 166 167 860 1051
4 374 10 11 860
4 191 1408 841 190
4 731 34 35 841
4 165 166 859 1061
4 384 9 10 859
4 332 26 27 856
4 856 182 183 1009
4 704 13 14 873
4 169 170 873 1381
4 14 15 372 875
4 171 170 1049 875
4 858 184 185 1422
4 858 29 28 745
4 930 115 114 750
4 271 270 1427 930
4 949 120 119 343
4 276 275 1020 949
4 185 186 857 1013
4 336 29 30 857
4 932 117 116 341
4 273 272 1018 932
4 945 119 118 626
4 275 274 1303 945
4 854 178 179 1007
4 330 22 23 854
4 1481 235 915 236
4 707 15 16 874
4 172 171 1384 874
4 116 115 926 632
4 1309 272 271 926
4 996 161 160 350
4 1027 316 996 317
4 189 190 842 1399
4 33 34 722 842
4 363 670 143 1524
4 1347 1040 299 1524
4 1028 239 238 916
4 83 82 916 351
4 118 117 927 628
4 274 273 1305 927
4 1004 251 250 951
4 95 94 951 326
4 987 279 280 1297
4 123 124 620 987
4 1430 180 179 864
4 23 24 753 864
4 882 78 77 382
4 234 1059 882 233
4 804 157 158 995
4 193 845 1414 194
4 845 38 37 737
4 855 180 181 1053
4 24 25 376 855
4 849 186 187 1471
4 849 31 30 794
4 1475 256 255 939
4 100 99 939 798
4 1050 249 248 955
4 93 92 955 373
4 254 1436 255 933
4 99 98 933 759
4 201 1349 202 907
4 46 45 907 672
4 1052 245 244 947
4 947 89 88 375
4 250 249 1398 954
4 94 93 954 721
4 26 25 865 744
4 865 181 182 1421
4 46 47 352 909
4 1029 203 202 909
4 1485 253 252 928
4 97 96 928 808
4 1006 254 253 938
4 98 97 938 329
4 8 9 380 868
4 165 164 1057 868
4 924 114 113 339
4 270 269 1016 924
4 847 195 196 1442
4 847 40 39 765
4 105 104 944 333
4 261 260 1010 944
4 1457 262 261 936
4 106 105 936 780
4 1363 207 206 905
4 686 50 51 905
4 251 1444 252 925
4 96 95 925 767
4 298 980 1347 299
4 670 142 143 980
4 187 188 851 1407
4 31 32 730 851
4 196 197 867 1255
4 867 41 40 578
4 259 258 1054 943
4 103 102 943 377
4 1058 243 242 948
4 948 87 86 381
4 1462 260 259 935
4 104 103 935 785
4 128 129 688 985
4 985 284 285 1365
4 654 131 132 972
4 972 287 288 1331
4 108 107 937 337
4 1014 264 263 937
4 265 264 1443 929
4 109 108 929 766
4 647 145 146 969
4 302 1324 969 301
4 1473 258 257 934
4 102 101 934 796
4 1033 209 208 904
4 52 53 356 904
4 248 247 1383 953
4 92 91 953 706
4 150 151 668 967
4 307 1345 967 306
4 124 125 353 989
4 989 280 281 1030
4 199 872 198 1274
4 43 42 872 597
4 257 256 1008 942
4 101 100 942 331
4 1327 210 209 892
4 54 53 892 650
4 1501 4 319 999
4 1002 247 246 950
4 91 90 950 325
4 921 113 112 738
4 1415 269 268 921
4 0 8 824 912
4 1501 164 4 912
4 999 1501 4 912
4 1212 1093 1456 1519
4 189 843 188 1011
4 843 33 32 334
4 779 416 535 1519
4 194 195 850 1017
4 340 38 39 850
4 111 110 923 335
4 267 266 1012 923
4 1351 204 203 903
4 47 48 674 903
4 995 1480 313 314
4 221 220 1318 900
4 65 64 900 641
4 267 1434 268 922
4 112 111 922 757
4 154 155 595 973
4 310 973 1269 311
4 246 245 1277 941
4 90 89 941 600
4 125 126 788 983
4 983 281 282 1465
4 1053 1430 1397 1521
4 753 376 720 1521
4 122 123 371 968
4 968 278 279 1048
4 1333 213 212 901
4 57 56 901 656
4 1440 266 265 931
4 110 109 931 763
4 224 223 1316 889
4 889 68 67 639
4 201 200 1047 888
4 45 44 888 370
4 296 976 1341 297
4 664 140 141 976
4 349 139 140 978
4 296 1026 978 295
4 1055 236 913 237
4 913 81 80 378
4 1031 206 205 910
4 50 49 910 354
4 135 136 818 979
4 291 292 979 1495
4 151 152 367 966
4 307 966 1044 308
4 129 130 687 988
4 988 285 286 1364
4 263 262 1453 940
4 107 106 940 776
4 347 149 150 961
4 1024 961 306 305
4 662 138 139 977
4 294 295 977 1339
4 703 126 127 986
4 986 282 283 1380
4 363 143 144 982
4 300 1040 982 299
4 244 243 1468 946
4 88 87 946 791
4 218 898 217 1025
4 62 61 898 348
4 919 2 85 832
4 216 215 1337 895
4 895 60 59 660
4 146 147 365 971
4 303 1042 971 302
4 79 1 920 829
4 830 3 157 1000
4 635 148 149 963
4 305 1312 963 304
4 369 141 142 964
4 298 1046 964 297
4 634 147 148 957
4 304 1311 957 303
4 346 71 881 837
4 1023 227 1514 881
4 412 414 413 1522
4 1091 1089 1090 1522
4 214 213 1334 899
4 57 58 657 899
4 127 128 355 990
4 990 283 284 1032
4 1035 212 211 880
4 55 56 358 880
4 357 130 131 984
4 286 287 984 1034
4 893 77 76 592
4 232 893 1270 233
4 363 982 144 1524
4 300 982 1040 1524
4 878 75 74 594
4 231 230 1272 878
4 999 824 163 997
4 896 63 62 643
4 218 219 896 1320
4 199 1476 200 876
4 799 43 44 876
4 4 320 999 912
4 309 1343 958 308
4 152 153 666 958
4 419 418 420 1520
4 1095 1096 1097 1520
4 661 137 138 975
4 293 294 975 1338
4 359 133 134 960
4 289 290 960 1036
4 205 204 1486 906
4 48 49 809 906
4 869 197 198 1019
4 42 41 869 342
4 646 409 774 1518
4 220 884 219 1045
4 884 64 63 368
4 311 962 1060 312
4 383 155 156 962
4 208 207 1362 908
4 908 52 51 685
4 652 132 133 970
4 288 289 970 1329
4 824 162 163 997
4 1323 1451 1086 1518
4 655 134 135 981
4 290 291 981 1332
4 228 227 1023 881
4 72 71 881 346
4 828 159 160 994
4 1505 315 994 316
4 1501 319 318 997
4 363 143 982 1524
4 982 299 1040 1524
4 911 5 1506 234
4 1507 991 7 312
4 1509 242 6 992
4 361 136 137 965
4 292 293 965 1038
4 1325 211 210 890
4 55 54 890 648
4 1090 1089 1088 1523
4 412 413 411 1523
4 911 1 78 829
4 830 156 3 991
4 992 86 2 832
4 74 73 886 366
4 230 229 1043 886
4 1041 225 224 891
4 69 68 891 364
4 345 153 154 974
4 309 974 1022 310
4 319 1501 999 997
4 60 61 819 897
4 217 216 1496 897
4 645 144 145 959
4 301 959 300 1322
4 1314 223 222 879
4 67 66 879 637
4 317 1500 318 998
4 823 161 162 998
4 225 226 877 1498
4 877 70 69 821
4 1514 227 226 883
4 883 71 70 837
4 241 1509 6 919
4 5 920 1506 235
4 313 1000 7 1507
4 215 214 1037 885
4 360 58 59 885
4 222 221 1039 902
4 902 66 65 362
4 232 1021 894 231
4 76 75 894 344
4 887 73 72 838
4 1515 229 228 887
4 1086 409 1323 1518
4 409 646 1323 1518
4 994 379 159 993
4 994 159 379 828
4 1056 994 315 993
4 1056 315 994 1505
4 672 888 45 907
4 672 45 888 370
4 1349 888 201 1047
4 1349 201 888 907
4 971 1324 302 1042
4 302 1324 971 969
4 971 647 146 969
4 971 146 647 365
4 784 917 84 806
4 784 84 917 918
4 1495 965 292 979
4 1495 292 965 1038
4 818 965 136 361
4 136 965 818 979
4 876 1274 199 1476
4 876 199 1274 872
4 876 597 43 872
4 876 43 597 799
4 994 1027 316 996
4 316 1027 994 1505
4 994 350 160 828
4 994 160 350 996
4 1363 905 354 686
4 905 1031 354 910
4 905 354 1031 1363
4 1351 906 204 903
4 204 906 1351 1486
4 906 674 48 903
4 906 48 674 809
4 803 920 79 915
4 803 79 920 829
4 1501 868 164 912
4 164 868 1501 1057
4 868 824 8 912
4 868 8 824 380
4 887 346 72 881
4 887 72 346 838
4 1023 887 228 881
4 228 887 1023 1515
4 381 992 86 948
4 86 992 381 832
4 948 1509 381 992
4 948 381 1509 1058
4 919 806 85 917
4 919 85 806 832
4 995 830 1480 804
4 995 1480 830 1000
4 1059 829 882 382
4 882 1506 829 1059
4 829 1506 882 911
4 991 383 156 962
4 991 156 383 830
4 962 1507 383 1060
4 383 1507 962 991

CELL_TYPES 4111
10
10
10
10
10
10
10
10
10
10
10
10
10
10
10
10
10
10
10
10
10
10
10
10
10
10
10
10
10
10
10
10
10
10
10
10
10
10
10
10
10
10
10
10
10
10
10
10
10
10
10
10
10
10
10
10
10
10
10
10
10
10
10
10
10
10
10
10
10
10
10
10
10
10
10
10
10
10
10
10
10
10
10
10
10
10
10
10
10
10
10
10
10
10
10
10
10
10
10
10
10
10
10
10
10
10
10
10
10
10
10
10
10
10
10
10
10
10
10
10
10
10
10
10
10
10
10
10
10
10
10
10
10
10
10
10
10
10
10
10
10
10
10
10
10
10
10
10
10
10
10
10
10
10
10
10
10
10
10
10
10
10
10
10
10
10
10
10
10
10
10
10
10
10
10
10
10
10
10
10
10
10
10
10
10
10
10
10
10
10
10
10
10
10
10
10
10
10
10
10
10
10
10
10
10
10
10
10
10
10
10
10
10
10
10
10
10
10
10
10
10
10
10
10
10
10
10
10
10
10
10
10
10
10
10
10
10
10
10
10
10
10
10
10
10
10
10
10
10
10
10
10
10
10
10
10
10
10
10
10
10
10
10
10
10
10
10
10
10
10
10
10
10
10
10
10
10
10
10
10
10
10
10
10
10
10
10
10
10
10
10
10
10
10
10
10
10
10
10
10
10
10
10
10
10
10
10
10
10
10
10
10
10
10
10
10
10
10
10
10
10
10
10
10
10
10
10
10
10
10
10
10
10
10
10
10
10
10
10
10
10
10
10
10
10
10
10
10
10
10
10
10
10
10
10
10
10
10
10
10
10
10
10
10
10
10
10
10
10
10
10
10
10
10
10
10
10
10
10
10
10
10
10
10
10
10
10
10
10
10
10
10
10
10
10
10
10
10
10
10
10
10
10
10
10
10
10
10
10
10
10
10
10
10
10
10
10
10
10
10
10
10
10
10
10
10
10
10
10
10
10
10
10
10
10
10
10
10
10
10
10
10
10
10
10
10
10
10
10
10
10
10
10
10
10
10
10
10
10
10
10
10
10
10
10
10
10
10
10
10
10
10
10
10
10
10
10
10
10
10
10
10
10
10
10
10
10
10
10
10
10
10
10
10
10
10
10
10
10
10
10
10
10
10
10
10
10
10
10
10
10
10
10
10
10
10
10
10
10
10
10
10
10
10
10
10
10
10
10
10
10
10
10
10
10
10
10
10
10
10
10
10
10
10
10
10
10
10
10
10
10
10
10
10
10
10
10
10
10
10
10
10
10
10
10
10
10
10
10
10
10
10
10
10
10
10
10
10
10
10
10
10
10
10
10
10
10
10
10
10
10
10
10
10
10
10
10
10
10
10
10
10
10
10
10
10
10
10
10
10
10
10
10
10
10
10
10
10
10
10
10
10
10
10
10
10
10
10
10
10
10
10
10
10
10
10
10
10
10
10
10
10
10
10
10
10
10
10
10
10
10
10
10
10
10
10
10
10
10
10
10
10
10
10
10
10
10
10
10
10
10
10
10
10
10
10
10
10
10
10
10
10
10
10
10
10
10
10
10
10
10
10
10
10
10
10
10
10
10
10
10
10
10
10
10
10
10
10
10
10
10
10
10
10
10
10
10
10
10
10
10
10
10
10
10
10
10
10
10
10
10
10
10
10
10
10
10
10
10
10
10
10
10
10
10
10
10
10
10
10
10
10
10
10
10
10
10
10
10
10
10
10
10
10
10
10
10
10
10
10
10
10
10
10
10
10
10
10
10
10
10
10
10
10
10
10
10
10
10
10
10
10
10
10
10
10
10
10
10
10
10
10
10
10
10
10
10
10
10
10
10
10
10
10
10
10
10
10
10
10
10
10
10
10
10
10
10
10
10
10
10
10
10
10
10
10
10
10
10
10
10
10
10
10
10
10
10
10
10
10
10
10
10
10
10
10
10
10
10
10
10
10
10
10
10
10
10
10
10
10
10
10
10
10
10
10
10
10
10
10
10
10
10
10
10
10
10
10
10
10
10
10
10
10
10
10
10
10
10
10
10
10
10
10
10
10
10
10
10
10
10
10
10
10
10
10
10
10
10
10
10
10
10
10
10
10
10
10
10
10
10
10
10
10
10
10
10
10
10
10
10
10
10
10
10
10
10
10
10
10
10
10
10
10
10
10
10
10
10
10
10
10
10
10
10
10
10
10
10
10
10
10
10
10
10
10
10
10
10
10
10
10
10
10
10
10
10
10
10
10
10
10
10
10
10
10
10
10
10
10
10
10
10
10
10
10
10
10
10
10
10
10
10
10
10
10
10
10
10
10
10
10
10
10
10
10
10
10
10
10
10
10
10
10
10
10
10
10
10
10
10
10
10
10
10
10
10
10
10
10
10
10
10
10
10
10
10
10
10
10
10
10
10
10
10
10
10
10
10
10
10
10
10
10
10
10
10
10
10
10
10
10
10
10
10
10
10
10
10
10
10
10
10
10
10
10
10
10
10
10
10
10
10
10
10
10
10
10
10
10
10
10
10
10
10
10
10
10
10
10
10
10
10
10
10
10
10
10
10
10
10
10
10
10
10
10
10
10
10
10
10
10
10
10
10
10
10
10
10
10
10
10
10
10
10
10
10
10
10
10
10
10
10
10
10
10
10
10
10
10
10
10
10
10
10
10
10
10
10
10
10
10
10
10
10
10
10
10
10
10
10
10
10
10
10
10
10
10
10
10
10
10
10
10
10
10
10
10
10
10
10
10
10
10
10
10
10
10
10
10
10
10
10
10
10
10
10
10
10
10
10
10
10
10
10
10
10
10
10
10
10
10
10
10
10
10
10
10
10
10
10
10
10
10
10
10
10
10
10
10
10
10
10
10
10
10
10
10
10
10
10
10
10
10
10
10
10
10
10
10
10
10
10
10
10
10
10
10
10
10
10
10
10
10
10
10
10
10
10
10
10
10
10
10
10
10
10
10
10
10
10
10
10
10
10
10
10
10
10
10
10
10
10
10
10
10
10
10
10
10
10
10
10
10
10
10
10
10
10
10
10
10
10
10
10
10
10
10
10
10
10
10
10
10
10
10
10
10
10
10
10
10
10
10
10
10
10
10
10
10
10
10
10
10
10
10
10
10
10
10
10
10
10
10
10
10
10
10
10
10
10
10
10
10
10
10
10
10
10
10
10
10
10
10
10
10
10
10
10
10
10
10
10
10
10
10
10
10
10
10
10
10
10
10
10
10
10
10
10
10
10
10
10
10
10
10
10
10
10
10
10
10
10
10
10
10
10
10
10
10
10
10
10
10
10
10
10
10
10
10
10
10
10
10
10
10
10
10
10
10
10
10
10
10
10
10
10
10
10
10
10
10
10
10
10
10
10
10
10
10
10
10
10
10
10
10
10
10
10
10
10
10
10
10
10
10
10
10
10
10
10
10
10
10
10
10
10
10
10
10
10
10
10
10
10
10
10
10
10
10
10
10
10
10
10
10
10
10
10
10
10
10
10
10
10
10
10
10
10
10
10
10
10
10
10
10
10
10
10
10
10
10
10
10
10
10
10
10
10
10
10
10
10
10
10
10
10
10
10
10
10
10
10
10
10
10
10
10
10
10
10
10
10
10
10
10
10
10
10
10
10
10
10
10
10
10
10
10
10
10
10
10
10
10
10
10
10
10
10
10
10
10
10
10
10
10
10
10
10
10
10
10
10
10
10
10
10
10
10
10
10
10
10
10
10
10
10
10
10
10
10
10
10
10
10
10
10
10
10
10
10
10
10
10
10
10
10
10
10
10
10
10
10
10
10
10
10
10
10
10
10
10
10
10
10
10
10
10
10
10
10
10
10
10
10
10
10
10
10
10
10
10
10
10
10
10
10
10
10
10
10
10
10
10
10
10
10
10
10
10
10
10
10
10
10
10
10
10
10
10
10
10
10
10
10
10
10
10
10
10
10
10
10
10
10
10
10
10
10
10
10
10
10
10
10
10
10
10
10
10
10
10
10
10
10
10
10
10
10
10
10
10
10
10
10
10
10
10
10
10
10
10
10
10
10
10
10
10
10
10
10
10
10
10
10
10
10
10
10
10
10
10
10
10
10
10
10
10
10
10
10
10
10
10
10
10
10
10
10
10
10
10
10
10
10
10
10
10
10
10
10
10
10
10
10
10
10
10
10
10
10
10
10
10
10
10
10
10
10
10
10
10
10
10
10
10
10
10
10
10
10
10
10
10
10
10
10
10
10
10
10
10
10
10
10
10
10
10
10
10
10
10
10
10
10
10
10
10
10
10
10
10
10
10
10
10
10
10
10
10
10
10
10
10
10
10
10
10
10
10
10
10
10
10
10
10
10
10
10
10
10
10
10
10
10
10
10
10
10
10
10
10
10
10
10
10
10
10
10
10
10
10
10
10
10
10
10
10
10
10
10
10
10
10
10
10
10
10
10
10
10
10
10
10
10
10
10
10
10
10
10
10
10
10
10
10
10
10
10
10
10
10
10
10
10
10
10
10
10
10
10
10
10
10
10
10
10
10
10
10
10
10
10
10
10
10
10
10
10
10
10
10
10
10
10
10
10
10
10
10
10
10
10
10
10
10
10
10
10
10
10
10
10
10
10
10
10
10
10
10
10
10
10
10
10
10
10
10
10
10
10
10
10
10
10
10
10
10
10
10
10
10
10
10
10
10
10
10
10
10
10
10
10
10
10
10
10
10
10
10
10
10
10
10
10
10
10
10
10
10
10
10
10
10
10
10
10
10
10
10
10
10
10
10
10
10
10
10
10
10
10
10
10
10
10
10
10
10
10
10
10
10
10
10
10
10
10
10
10
10
10
10
10
10
10
10
10
10
10
10
10
10
10
10
10
10
10
10
10
10
10
10
10
10
10
10
10
10
10
10
10
10
10
10
10
10
10
10
10
10
10
10
10
10
10
10
10
10
10
10
10
10
10
10
10
10
10
10
10
10
10
10
10
10
10
10
10
10
10
10
10
10
10
10
10
10
10
10
10
10
10
10
10
10
10
10
10
10
10
10
10
10
10
10
10
10
10
10
10
10
10
10
10
10
10
10
10
10
10
10
10
10
10
10
10
10
10
10
10
10
10
10
10
10
10
10
10
10
10
10
10
10
10
10
10
10
10
10
10
10
10
10
10
10
10
10
10
10
10
10
10
10
10
10
10
10
10
10
10
10
10
10
10
10
10
10
10
10
10
10
10
10
10
10
10
10
10
10
10
10
10
10
10
10
10
10
10
10
10
10
10
10
10
10
10
10
10
10
10
10
10
10
10
10
10
10
10
10
10
10
10
10
10
10
10
10
10
10
10
10
10
10
10
10
10
10
10
10
10
10
10
10
10
10
10
10
10
10
10
10
10
10
10
10
10
10
10
10
10
10
10
10
10
10
10
10
10
10
10
10
10
10
10
10
10
10
10
10
10
10
10
10
10
10
10
10
10
10
10
10
10
10
10
10
10
10
10
10
10
10
10
10
10
10
10
10
10
10
10
10
10
10
10
10
10
10
10
10
10
10
10
10
10
10
10
10
10
10
10
10
10
10
10
10
10
10
10
10
10
10
10
10
10
10
10
10
10
10
10
10
10
10
10
10
10
10
10
10
10
10
10
10
10
10
10
10
10
10
10
10
10
10
10
10
10
10
10
10
10
10
10
10
10
10
10
10
10
10
10
10
10
10
10
10
10
10
10
10
10
10
10
10
10
10
10
10
10
10
10
10
10
10
10
10
10
10
10
10
10
10
10
10
10
10
10
10
10
10
10
10
10
10
10
10
10
10
10
10
10
10
10
10
10
10
10
10
10
10
10
10
10
10
10
10
10
10
10
10
10
10
10
10
10
10
10
10
10
10
10
10
10
10
10
10
10
10
10
10
10
10
10
10
10
10
10
10
10
10
10
10
10
10
10
10
10
10
10
10
10
10
10
10
10
10
10
10
10
10
10
10
10
10
10
10
10
10
10
10
10
10
10
10
10
10
10
10
10
10
10
10
10
10
10
10
10
10
10
10
10
10
10
10
10
10
10
10
10
10
10
10
10
10
10
10
10
10
10
10
10
10
10
10
10
10
10
10
10
10
10
10
10
10
10
10
10
10
10
10
10
10
10
10
10
10
10
10
10
10
10
10
10
10
10
10
10
10
10
10
10
10
10
10
10
10
10
10
10
10
10
10
10
10
10
10
10
10
10
10
10
10
10
10
10
10
10
10
10
10
10
10
10
10
10
10
10
10
10
10
10
10
10
10
10
10
10
10
10
10
10
10
10
10
10
10
10
10
10
10
10
10
10
10
10
10
10
10
10
10
10
10
10
10
10
10
10
10
10
10
10
10
10
10
10
10
10
10
10
10
10
10
10
10
10
10
10
10
10
10
10
10
10
10
10
10
10
10
10
10
10
10
10
10
10
10
10
10
10
10
10
10
10
10
10
10
10
10
10
10
10
10
10
10
10
10
10
10
10
10
10
10
10
10
10
10
10
10
10
10
10
10
10
10
10
10
10
10
10
10
10
10
10
10
10
10
10
10
10
10
10
10
10
10
10
10
10
10
10
10
10
10
10
10
10
10
10
10
10
10
10
10
10
10
10
10
10
10
10
10
10
10
10
10
10
10
10
10
10
10
10
10
10
10
10
10
10
10
10
10
10
10
10
10
10
10
10
10
10
10
10
10
10
10
10
10
10
10
10
10
10
10
10
10
10
10
10
10
10
10
10
10
10
10
10
10
10
10
10
10
10
10
10
10
10
10
10
10
10
10
10
10
10
10
10
10
10
10
10
10
10
10
10
10
10
10
10
10
10
10
10
10
10
10
10
10
10
10
10
10
10
10
10
10
10
10
10
10
10
10
10
10
10
10
10
10
10
10
10
10
10
10
10
10
10
10
10
10
10
10
10
10
10
10
10
10
10
10
10
10
10
10
10
10
10
10
10
10
10
10
10
10
10
10
10
10
10
10
10
10
10
10
10
10
10
10
10
10
10
10
10
10
10
10
10
10
10
10
10
10
10
10
10
10
10
10
10
10
10
10
10
10
10
10
10
10
10
10
10
10
10
10
10
10
10
10
10
10
10
10
10
10
10
10
10
10
10
10
10
10
10
10
10
10
10
10
10
10
10
10
10
10
10
10
10
10
10
10
10
10
10
10
10
10
10
10
10
10
10
10
10
10
10
10
10
10
10
10
10
10
10
10
10
10
10
10
10
10
10
10
10
10
10
10
10
10
10
10
10
10
10
10
10
10
10
10
10
10
10
10
10
10
10
10
10
10
10
10
10
10
10
10
10
10
10
10
10
10
10
10
10
10
10
10
10
10
10
10
10
10
10
10
10
10
10
10
10
10
10
10
10
10
10
10
10
10
10
10
10
10
10
10
10
10
10
10
10
10
10
10
10
10
10
10
10
10
10
10
10
10
10
10
10
10
10
10
10
10
10
10
10
10
10
10
10
10
10
10
10
10
10
10
10
10
10
10
10
10
10
10
10
10
10
10
10
10
10
10
10
10
10
10
10
10
10
10
10
10
10
10
10
10
10
10
10
10
10
10
10
10
10
10
10
10
10
10
10
10
10
10
10
10
10
10
10
10
10
10
10
10
10
10
10
10
10
10
10
10
10
10
10
10
10
10
10
10
10
10
10
10
10
10
10
10
10
10
10
10
10
10
10
10
10
10
10
10
10
10
10
10
10
10
10
10
10
10
10
10
10
10
10
10
10
10
10
10
10
10
10
10
10
10
10
10
10
10
10
10
10
10
10
10
10
10
10
10
10
10
10
10
10
10
10
10
10
10
10
10
10
10
10
10
10
10
10
10
10
10
10
10
10
10
10
10
10
10
10
10
10
10
10
10
10
10
10
10
10
10
10
10
10
10
10
10
10
10
10
10
10
10
10
10
10
10
10
10
10
10
10
10
10
10
10
10
10
10
10
10
10
10
10
10
10
10
10
10
10
10
10
10
10
10
10
10
10
10
10
10
10
10
10
10
10
10
10
10
10
10
10
10
10
10
10
10
10
10
10
10
10
10
10
10
10
10
10
10
10
10
10
10
10
10
10
10
10
10
10
10
10
10
10
10
10
10
10
10
10
10
10
10
10
10
10
10
10
10
10
10
10
10
10
10
10
10
10
10
10
10
10
10
10
10
10
10
10
10
10
10
10
10
10
10
10
10
10
10
10
10
10
10
10
10
10
10
10
10
10
10
10
10
10
10
10
10
10
10
10
10
10
10
10
10
10
10
10
10
10
10
10
10
10
10
10
10
10
10
10
10
10
10
10
10
10
10
10
10
10
10
10
10
10
10
10
10
10
10
10
10
10
10
10
10
10
10
10
10
10
10
10
10
10
10
10
10
10
10
10
10
10
10
10
10
10
10
10
10
10
10
10
10
10
10
10
10
10
10
10
10
10
10
10
10
10
10
10
10
10
10
10
10
10
10
10
10
10
10
10
10
10
10
10
10
10
10
10
10
10
10
10
10
10
10
10
10
10
10
10
10
10
10
10
10
10
10
10
10
10
10
10
10
10
10
10
10
10
10
10
10
10
10
10
10
10
10
10
10
10
10
10
10
10
10
10
10
10
10
10
10
10
10
10
10
10
10
10
10
10
10
10
10
10
10
10
10
10
10
10
10
10
10
10
10
10
10
10
10
10
10
10
10
10
10
10
10
10
10
10
10
10
10
10
10
10
10
10
10
10
10
10
10
10
10
10
10
10
10
10
10
10
10
10
10
10
10
10
10
10
10
10
10
10
10
10
10
10
10
10
10
10
10
10
10
10
10
10
10
10
10
10
10
10
10
10
10
10
10
10
10
10
10
10
10
10
10
10
10
10
10
10
10
10
10
10
10
10
10
10
10
10
10
10
10
10
10
10
10
10
10
10
10
10
10
10
10
10
10
10
10
10
10
10
10
10
10
10
10
10
10
10
10
10
10
10
10
10
10
10
10
10
10
10
10
10
10
10
10
10
10
10
10
10
10
10
10
10
10
10
10
10
10
10
10
10
10
10
10
10
10
10
10
10
10
10
10
10
10
10
10
10
10
10
10
10
10
10
10
10
10
10
10
10
10
10
10
10
10
10
10
10
10
10
10
10
10
10
10
10
10
10
10
10
10
10
10
10
10
10
10
10
10
10
10
10
10
10
10
10
10
10
10
10
10
10
10
10
10
10
10
10
10
10
10
10
10
10
10
10
10
10
10
10
10
10
10
10
10
10
10
10
10
10
10
10
10
10
10
10
10
10
10
10
10
10
10
10
10
10
10
10
10
10
10
10
10
10
10
10
10
10
10
10
10
10

CELL_DATA 4111
SCALARS CellEntityIds int 1
LOOKUP_TABLE default
1
1
1
1
1
1
1
1
1
1
1
1
1
1
1
1
1
1
1
1
1
1
1
1
1
1
1
1
1
1
1
1
1
1
1
1
1
1
1
1
1
1
1
1
1
1
1
1
1
1
1
1
1
1
1
1
1
1
1
1
1
1
1
1
1
1
1
1
1
1
1
1
1
1
1
1
1
1
1
1
1
1
1
1
1
1
1
1
1
1
1
1
1
1
1
1
1
1
1
1
1
1
1
1
1
1
1
1
1
1
1
1
1
1
1
1
1
1
1
1
1
1
1
1
1
1
1
1
1
1
1
1
1
1
1
1
1
1
1
1
1
1
1
1
1
1
1
1
1
1
1
1
1
1
1
1
1
1
1
1
1
1
1
1
1
1
1
1
1
1
1
1
1
1
1
1
1
1
1
1
1
1
1
1
1
1
1
1
1
1
1
1
1
1
1
1
1
1
1
1
1
1
1
1
1
1
1
1
1
1
1
1
1
1
1
1
1
1
1
1
1
1
1
1
1
1
1
1
1
1
1
1
1
1
1
1
1
1
1
1
1
1
1
1
1
1
1
1
1
1
1
1
1
1
1
1
1
1
1
1
1
1
1
1
1
1
1
1
1
1
1
1
1
1
1
1
1
1
1
1
1
1
1
1
1
1
1
1
1
1
1
1
1
1
1
1
1
1
1
1
1
1
1
1
1
1
1
1
1
1
1
1
1
1
1
1
1
1
1
1
1
1
1
1
1
1
1
1
1
1
1
1
1
1
1
1
1
1
1
1
1
1
1
1
1
1
1
1
1
1
1
1
1
1
1
1
1
1
1
1
1
1
1
1
1
1
1
1
1
1
1
1
1
1
1
1
1
1
1
1
1
1
1
1
1
1
1
1
1
1
1
1
1
1
1
1
1
1
1
1
1
1
1
1
1
1
1
1
1
1
1
1
1
1
1
1
1
1
1
1
1
1
1
1
1
1
1
1
1
1
1
1
1
1
1
1
1
1
1
1
1
1
1
1
1
1
1
1
1
1
1
1
1
1
1
1
1
1
1
1
1
1
1
1
1
1
1
1
1
1
1
1
1
1
1
1
1
1
1
1
1
1
1
1
1
1
1
1
1
1
1
1
1
1
1
1
1
1
1
1
1
1
1
1
1
1
1
1
1
1
1
1
1
1
1
1
1
1
1
1
1
1
1
1
1
1
1
1
1
1
1
1
1
1
1
1
1
1
1
1
1
1
1
1
1
1
1
1
1
1
1
1
1
1
1
1
1
1
1
1
1
1
1
1
1
1
1
1
1
1
1
1
1
1
1
1
1
1
1
1
1
1
1
1
1
1
1
1
1
1
1
1
1
1
1
1
1
1
1
1
1
1
1
1
1
1
1
1
1
1
1
1
1
1
1
1
1
1
1
1
1
1
1
1
1
1
1
1
1
1
1
1
1
1
1
1
1
1
1
1
1
1
1
1
1
1
1
1
1
1
1
1
1
1
1
1
1
1
1
1
1
1
1
1
1
1
1
1
1
1
1
1
1
1
1
1
1
1
1
1
1
1
1
1
1
1
1
1
1
1
1
1
1
1
1
1
1
1
1
1
1
1
1
1
1
1
1
1
1
1
1
1
1
1
1
1
1
1
1
1
1
1
1
1
1
1
1
1
1
1
1
1
1
1
1
1
1
1
1
1
1
1
1
1
1
1
1
1
1
1
1
1
1
1
1
1
1
1
1
1
1
1
1
1
1
1
1
1
1
1
1
1
1
1
1
1
1
1
1
1
1
1
1
1
1
1
1
1
1
1
1
1
1
1
1
1
1
1
1
1
1
1
1
1
1
1
1
1
1
1
1
1
1
1
1
1
1
1
1
1
1
1
1
1
1
1
1
1
1
1
1
1
1
1
1
1
1
1
1
1
1
1
1
1
1
1
1
1
1
1
1
1
1
1
1
1
1
1
1
1
1
1
1
1
1
1
1
1
1
1
1
1
1
1
1
1
1
1
1
1
1
1
1
1
1
1
1
1
1
1
1
1
1
1
1
1
1
1
1
1
1
1
1
1
1
1
1
1
1
1
1
1
1
1
1
1
1
1
1
1
1
1
1
1
1
1
1
1
1
1
1
1
1
1
1
1
1
1
1
1
1
1
1
1
1
1
1
1
1
1
1
1
1
1
1
1
1
1
1
1
1
1
1
1
1
1
1
1
1
1
1
1
1
1
1
1
1
1
1
1
1
1
1
1
1
1
1
1
1
1
1
1
1
1
1
1
1
1
1
1
1
1
1
1
1
1
1
1
1
1
1
1
1
1
1
1
1
1
1
1
1
1
1
1
1
1
1
1
1
1
1
1
1
1
1
1
1
1
1
1
1
1
1
1
1
1
1
1
1
1
1
1
1
1
1
1
1
1
1
1
1
1
1
1
1
1
1
1
1
1
1
1
1
1
1
1
1
1
1
1
1
1
1
1
1
1
1
1
1
1
1
1
1
1
1
1
1
1
1
1
1
1
1
1
1
1
1
1
1
1
1
1
1
1
1
1
1
1
1
1
1
1
1
1
1
1
1
1
1
1
1
1
1
1
1
1
1
1
1
1
1
1
1
1
1
1
1
1
1
1
1
1
1
1
1
1
1
1
1
1
1
1
1
1
1
1
1
1
1
1
1
1
1
1
1
1
1
1
1
1
1
1
1
1
1
1
1
1
1
1
1
1
1
1
1
1
1
1
1
1
1
1
1
1
1
1
1
1
1
1
1
1
1
1
1
1
1
1
1
1
1
1
1
1
1
1
1
1
1
1
1
1
1
1
1
1
1
1
1
1
1
1
1
1
1
1
1
1
1
1
1
1
1
1
1
1
1
1
1
1
1
1
1
1
1
1
1
1
1
1
1
1
1
1
1
1
1
1
1
1
1
1
1
1
1
1
1
1
1
1
1
1
1
1
1
1
1
1
1
1
1
1
1
1
1
1
1
1
1
1
1
1
1
1
1
1
1
1
1
1
1
1
1
1
1
1
1
1
1
1
1
1
1
1
1
1
1
1
1
1
1
1
1
1
1
1
1
1
1
1
1
1
1
1
1
1
1
1
1
1
1
1
1
1
1
1
1
1
1
1
1
1
1
1
1
1
1
1
1
1
1
1
1
1
1
1
1
1
1
1
1
1
1
1
1
1
1
1
1
1
1
1
1
1
1
1
1
1
1
1
1
1
1
1
1
1
1
1
1
1
1
1
1
1
1
1
1
1
1
1
1
1
1
1
1
1
1
1
1
1
1
1
1
1
1
1
1
1
1
1
1
1
1
1
1
1
1
1
1
1
1
1
1
1
1
1
1
1
1
1
1
1
1
1
1
1
1
1
1
1
1
1
1
1
1
1
1
1
1
1
1
1
1
1
1
1
1
1
1
1
1
1
1
1
1
1
1
1
1
1
1
1
1
1
1
1
1
1
1
1
1
1
1
1
1
1
1
1
1
1
1
1
1
1
1
1
1
1
1
1
1
1
1
1
1
1
1
1
1
1
1
1
1
1
1
1
1
1
1
1
1
1
1
1
1
1
1
1
1
1
1
1
1
1
1
1
1
1
1
1
1
1
1
1
1
1
1
1
1
1
1
1
1
1
1
1
1
1
1
1
1
1
1
1
1
1
1
1
1
1
1
1
1
1
1
1
1
1
1
1
1
1
1
1
1
1
1
1
1
1
1
1
1
1
1
1
1
1
1
1
1
1
1
1
1
1
1
1
1
1
1
1
1
1
1
1
1
1
1
1
1
1
1
1
1
1
1
1
1
1
1
1
1
1
1
1
1
1
1
1
1
1
1
1
1
1
1
1
1
1
1
1
1
1
1
1
1
1
1
1
1
1
1
1
1
1
1
1
1
1
1
1
1
1
1
1
1
1
1
1
1
1
1
1
1
1
1
1
1
1
1
1
1
1
1
1
1
1
1
1
1
1
1
1
1
1
1
1
1
1
1
1
1
1
1
1
1
1
1
1
1
1
1
1
1
1
1
1
1
1
1
1
1
1
1
1
1
1
1
1
1
1
1
1
1
1
1
1
1
1
1
1
1
1
1
1
1
1
1
1
1
1
1
1
1
1
1
1
1
1
1
1
1
1
1
1
1
1
1
1
1
1
1
1
1
1
1
1
1
1
1
1
1
1
1
1
1
1
1
1
1
1
1
1
1
1
1
1
1
1
1
1
1
1
1
1
1
1
1
1
1
1
1
1
1
1
1
1
1
1
1
1
1
1
1
1
1
1
1
1
1
1
1
1
1
1
1
1
1
1
1
1
1
1
1
1
1
1
1
1
1
1
1
1
1
1
1
1
1
1
1
1
1
1
1
1
1
1
1
1
1
1
1
1
1
1
1
1
1
1
1
1
1
1
1
1
1
1
1
1
1
1
1
1
1
1
1
1
1
1
1
1
1
1
1
1
1
1
1
1
1
1
1
1
1
1
1
1
1
1
1
1
1
1
1
1
1
1
1
1
1
1
1
1
1
1
1
1
1
1
1
1
1
1
1
1
1
1
1
1
1
1
1
1
1
1
1
1
1
1
1
1
1
1
1
1
1
1
1
1
1
1
1
1
1
1
1
1
1
1
1
1
1
1
1
1
1
1
1
1
1
1
1
1
1
1
1
1
1
1
1
1
1
1
1
1
1
1
1
1
1
1
1
1
1
1
1
1
1
1
1
1
1
1
1
1
1
1
1
1
1
1
1
1
1
1
1
1
1
1
1
1
1
1
1
1
1
1
1
1
1
1
1
1
1
1
1
1
1
1
1
1
1
1
1
1
1
1
1
1
1
1
1
1
1
1
1
1
1
1
1
1
1
1
1
1
1
1
1
1
1
1
1
1
1
1
1
1
1
1
1
1
1
1
1
1
1
1
1
1
1
1
1
1
1
1
1
1
1
1
1
1
1
1
1
1
1
1
1
1
1
1
1
1
1
1
1
1
1
1
1
1
1
1
1
1
1
1
1
1
1
1
1
1
1
1
1
1
1
1
1
1
1
1
1
1
1
1
1
1
1
1
1
1
1
1
1
1
1
1
1
1
1
1
1
1
1
1
1
1
1
1
1
1
1
1
1
1
1
1
1
1
1
1
1
1
1
1
1
1
1
1
1
1
1
1
1
1
1
1
1
1
1
1
1
1
1
1
1
1
1
1
1
1
1
1
1
1
1
1
1
1
1
1
1
1
1
1
1
1
1
1
1
1
1
1
1
1
1
1
1
1
1
1
1
1
1
1
1
1
1
1
1
1
1
1
1
1
1
1
1
1
1
1
1
1
1
1
1
1
1
1
1
1
1
1
1
1
1
1
1
1
1
1
1
1
1
1
1
1
1
1
1
1
1
1
1
1
1
1
1
1
1
1
1
1
1
1
1
1
1
1
1
1
1
1
1
1
1
1
1
1
1
1
1
1
1
1
1
1
1
1
1
1
1
1
1
1
1
1
1
1
1
1
1
1
1
1
1
1
1
1
1
1
1
1
1
1
1
1
1
1
1
1
1
1
1
1
1
1
1
1
1
1
1
1
1
1
1
1
1
1
1
1
1
1
1
1
1
1
1
1
1
1
1
1
1
1
1
1
1
1
1
1
1
1
1
1
1
1
1
1
1
1
1
1
1
1
1
1
1
1
1
1
1
1
1
1
1
1
1
1
1
1
1
1
1
1
1
1
1
1
1
1
1
1
1
1
1
1
1
1
1
1
1
1
1
1
1
1
1
1
1
1
1
1
1
1
1
1
1
1
1
1
1
1
1
1
1
1
1
1
1
1
1
1
1
1
1
1
1
1
1
1
1
1
1
1
1
1
1
1
1
1
1
1
1
1
1
1
1
1
1
1
1
1
1
1
1
1
1
1
1
1
1
1
1
1
1
1
1
1
1
1
1
1
1
1
1
1
1
1
1
1
1
1
1
1
1
1
1
1
1
1
1
1
1
1
1
1
1
1
1
1
1
1
1
1
1
1
1
1
1
1
1
1
1
1
1
1
1
1
1
1
1
1
1
1
1
1
1
1
1
1
1
1
1
1
1
1
1
1
1
1
1
1
1
1
1
1
1
1
1
1
1
1
1
1
1
1
1
1
1
1
1
1
1
1
1
1
1
1
1
1
1
1
1
1
1
1
1
1
1
1
1
1
1
1
1
1
1
1
1
1
1
1
1
1
1
1
1
1
1
1
1
1
1
1
1
1
1
1
1
1
1
1
1
1
1
1
1
1
1
1
1
1
1
1
1
1
1
1
1
1
1
1
1
1
1
1
1
1
1
1
1
1
1
1
1
1
1
1
1
1
1
1
1
1
1
1
1
1
1
1
1
1
1
1
1
1
1
1
1
1
1
1
1
1
1
1
1
1
1
1
1
1
1
1
1
1
1
1
1
1
1
1
1
1
1
1
1
1
1
1
1
1
1
1
1
1
1
1
1
1
1
1
1
1
1
1
1
1
1
1
1
1
1
1
1
1
1
1
1
1
1
1
1
1
1
1
1
1
1
1
1
1
1
1
1
1
1
1
1
1
1
1
1
1
1
1
1
1
1
1
1
1
1
1
1
1
1
1
1
1
1
1
1
1
1
1
1
1
1
1
1
1
1
1
1
1
1
1
1
1
1
1
1
1
1
1
1
1
1
1
1
1
1
1
1
1
1
1
1
1
1
1
1
1
1
1
1
1
1
1
1
1
1
1
1
1
1
1
1
1
1
1
1
1
1
1
1
1
1
1
1
1
1
1
1
1
1
1
1
1
1
1
1
1
1
1
1
1
1
1
1
1
1
1
1
1
1
1
1
1
1
1
1
1
1
1
1
1
1
1
1
1
1
1
1
1
1
1
1
1
1
1
1
1
1
1
1
1
1
1
1
1
1
1
1
1
1
1
1
1
1
1
1
1
1
1
1
1
1
1
1
1
1
1
1
1
1
1
1
1
1
1
1
1
1
1
1
1
1
1
1
1
1
1
1
1
1
1
1
1
1
1
1
1
1
1
1
1
1
1
1
1
1
1
1
1
1
1
1
1
1
1
1
1
1
1
1
1
1
1
1
1
1
1
1
1
1
1
1
1
1
1
1
1
1
1
1
1
1
1
1
1
1
1
1
1
1
1
1
1
1
1
1
1
1
1
1
1
1
1
1
1
1
1
1
1
1
1
1
1
1
1
1
1
1
1
1
1
1
1
1
1
1
1
1
1
1
1
1
1
1
1
1
1
1
1
1
1
1
1
1
1
1
1
1
1
1
1
1
1
1
1
1
1
1
1
1
1
1
1
1
1
1
1
1
1
1
1
1
1
1
1
1
1
1
1
1
1
1
1
1
1
1
1
1
1
1
1
1
1
1
1
1
1
1
1
1
1
1
1
1
1
1
1
1
1
1
1
1
1
1
1
1
1
1
1
1
1
1
1
1
1
1
1
1
1
1
1
1
1
1
1
1
1
1
1
1
1
1
1
1
1
1
1
1
1
1
1
1
1
1
1
1
1
1
1
1
1
1
1
1
1
1
1
1
1
1
1
1
1
1
1
1
1
1
1
1
1
1
1
1
1
1
1
1
1
1
1
1
1
1
1
1
1
1
1
1
1
1
1
1
1
1
1
1
1
1
1
1
1
1
1
1
1
1
1
1
1
1
1
1
1
1
1
1
1
1
1
1
1
1
1
1
1
1
1
1
1
1
1
1
1
1
1
1
1
1
1
1
1
1
1
1
1
1
1
1
1
1
1
1
1
1
1
1
1
1
1
1
1
1
1
1
1
1
1
1
1
1
1
1
1
1
1
1
1
1
1
1
1
1
1
1
1
1
1
1
1
1
1
1
1
1
1
1
1
1
1
1
1
1
1
1
1
1
1
1
1
1
1
1
1
1
1
1
1
1
1
1
1
1
1
1
1
1
1
1
1
1
1
1
1
1
1
1
1
1
1
1
1
1
1
1
1
1
1
1
1
1
1
1
1
1
1
1
1
1
1
1
1
1
1
1
1
1
1
1
1
1
1
1
1
1
1
1
1
1
1
1
1
1
1
1
1
1
1
1
1
1
1
1
1
1
1
1
1
1
1
1
1
1
1
1
1
1
1
1
1
1
1
1
1
1
1
1
1
1
1
1
1
1
1
1
1
1
1
1
1
1
1
1
1
1
1
1
1
1
1
1
1
1
1
1
1
1
1
1
1
1
1
1
1
1
1
1
1
1
1
1
1
1
1
1
1
1
1
1
1
1
1
1
1
1
1
1
1
1
1
1
1
1
1
1
1
1
1
1
1
1
1
1
1
1
1
1
1
1
1
1
1
1
1
1
1
1
1
1
1
1
1
1
1
1
1
1
1
1
1
1
1
1
1
1
1
1
1
1
1
1
1
1
1
1
1
1
1
1
1
1
1
1
1
1
1
1
1
1
1
1
1
1
1
1
1
1
1
1
1
1
1
1
1
1
1
1
1
1
1
1
1
1
1
1
1
1
1
1
1
1
1
1
1
1
1
1
1
1
1
1
1
1
1
1
1
1
1
1
1
1
1
1
1
1
1
1
1
1
1
1
1
1
1
1
1
1
1
1
1
1
1
1
1
1
1
1
1
1
1
1
1
1
1
1
1
1
1
1
1
1
1
1
1
1
1
1
1
1
1
1
1
1
1
1
1
1
1
1
1
1
1
1
1
1
1
1
1
1
1
1
1
1
1
1
1
1
1
1
1
1
1
1
1
1
1
1
1
1
1
1
1
1
1
1
1
1
1
1
1
1
1
1
1
1
1
1
1
1
1
1
1
1
1
1
1
1
1
1
1
1
1
1
1
1
1
1
1
1
1
1
1
1
1
1
1
1
1
1
1
1
1
1
1
1
1
1
1
1
1
1
1
1
1
1
1
1
1
1
1
1
1
1
1
1
1
1
1
1
1
1
1
1
1
1
1
1
1
1
1
1
1
1
1
1
1
1
1
1
1
1
1
1
1
1
1
1
1
1
1
1
1
1
1
1
1
1
1
1
1
1
1
1
1
1
1
1
1
1
1
1
1
1
1
1
1
1
1
1
1
1
1
1
1
1
1
1
1
1
1
1
1
1
1
1
1
1
1
1
1
1
1
1
1
1
1
1
1
1
1
1
1
1
1
1
1
1
1
1
1
1
1
1
1
1
1
1
1
1
1
1
1
1
1
1
1
1
1
1
1
1
1
1
1
1
1
1
1
1
1
1
1
1
1
1
1
1
1
1
1
1
1
1
1
1
1
1
1
1
1
1
1
1
1
1
1
1
1
1
1
1
1
1
1
1
1
1
1
1
1
1
1
1
1
1
1
1
1
1
