# vtk DataFile Version 2.0
rectangle, Created by Gmsh 4.15.0 
ASCII
DATASET UNSTRUCTURED_GRID
POINTS 3375 double
-0.025 -0.0025 -0.0005
0.025 -0.0025 -0.0005
0.025 0.0025 -0.0005
-0.025 0.0025 -0.0005
-0.025 -0.0025 0.0005
0.025 -0.0025 0.0005
0.025 0.0025 0.0005
-0.025 0.0025 0.0005
-0.02450000000000056 -0.0025 -0.0005
-0.02400000000000149 -0.0025 -0.0005
-0.02350000000000291 -0.0025 -0.0005
-0.02300000000000434 -0.0025 -0.0005
-0.02250000000000576 -0.0025 -0.0005
-0.02200000000000718 -0.0025 -0.0005
-0.0215000000000086 -0.0025 -0.0005
-0.02100000000000986 -0.0025 -0.0005
-0.02050000000001042 -0.0025 -0.0005
-0.02000000000001097 -0.0025 -0.0005
-0.01950000000001158 -0.0025 -0.0005
-0.01900000000001276 -0.0025 -0.0005
-0.01850000000001331 -0.0025 -0.0005
-0.01800000000001449 -0.0025 -0.0005
-0.01750000000001592 -0.0025 -0.0005
-0.01700000000001734 -0.0025 -0.0005
-0.01650000000001876 -0.0025 -0.0005
-0.01600000000002018 -0.0025 -0.0005
-0.01550000000002161 -0.0025 -0.0005
-0.01500000000002303 -0.0025 -0.0005
-0.01450000000002445 -0.0025 -0.0005
-0.01400000000002587 -0.0025 -0.0005
-0.01350000000002729 -0.0025 -0.0005
-0.01300000000002872 -0.0025 -0.0005
-0.01250000000003014 -0.0025 -0.0005
-0.01200000000003156 -0.0025 -0.0005
-0.01150000000003298 -0.0025 -0.0005
-0.01100000000003441 -0.0025 -0.0005
-0.01050000000003583 -0.0025 -0.0005
-0.01000000000003725 -0.0025 -0.0005
-0.009500000000038675 -0.0025 -0.0005
-0.009000000000040097 -0.0025 -0.0005
-0.008500000000041519 -0.0025 -0.0005
-0.008000000000042942 -0.0025 -0.0005
-0.007500000000044364 -0.0025 -0.0005
-0.007000000000045786 -0.0025 -0.0005
-0.00650000000004745 -0.0025 -0.0005
-0.006000000000049743 -0.0025 -0.0005
-0.005500000000051408 -0.0025 -0.0005
-0.00500000000005283 -0.0025 -0.0005
-0.004500000000054252 -0.0025 -0.0005
-0.004000000000055674 -0.0025 -0.0005
-0.003500000000057103 -0.0025 -0.0005
-0.003000000000058518 -0.0025 -0.0005
-0.002500000000059947 -0.0025 -0.0005
-0.002000000000061366 -0.0025 -0.0005
-0.001500000000062791 -0.0025 -0.0005
-0.00100000000006421 -0.0025 -0.0005
-0.0005000000000656354 -0.0025 -0.0005
-6.63809285317285e-14 -0.0025 -0.0005
0.0004999999999341261 -0.0025 -0.0005
0.0009999999999356843 -0.0025 -0.0005
0.001499999999937163 -0.0025 -0.0005
0.001999999999938339 -0.0025 -0.0005
0.002499999999939516 -0.0025 -0.0005
0.002999999999941161 -0.0025 -0.0005
0.003499999999942556 -0.0025 -0.0005
0.003999999999943736 -0.0025 -0.0005
0.004499999999944916 -0.0025 -0.0005
0.00499999999994663 -0.0025 -0.0005
0.005499999999947946 -0.0025 -0.0005
0.005999999999949122 -0.0025 -0.0005
0.006499999999950309 -0.0025 -0.0005
0.006999999999952114 -0.0025 -0.0005
0.007499999999953891 -0.0025 -0.0005
0.007999999999954197 -0.0025 -0.0005
0.00849999999995555 -0.0025 -0.0005
0.008999999999957584 -0.0025 -0.0005
0.009499999999959194 -0.0025 -0.0005
0.009999999999959507 -0.0025 -0.0005
0.01049999999996101 -0.0025 -0.0005
0.01099999999996306 -0.0025 -0.0005
0.0114999999999645 -0.0025 -0.0005
0.01199999999996482 -0.0025 -0.0005
0.01249999999996648 -0.0025 -0.0005
0.01299999999996815 -0.0025 -0.0005
0.01349999999996847 -0.0025 -0.0005
0.01399999999996992 -0.0025 -0.0005
0.01449999999997196 -0.0025 -0.0005
0.01499999999997346 -0.0025 -0.0005
0.01549999999997377 -0.0025 -0.0005
0.01599999999997539 -0.0025 -0.0005
0.01649999999997743 -0.0025 -0.0005
0.01699999999997877 -0.0025 -0.0005
0.01749999999997908 -0.0025 -0.0005
0.01799999999998086 -0.0025 -0.0005
0.01849999999998291 -0.0025 -0.0005
0.01899999999998408 -0.0025 -0.0005
0.01949999999998439 -0.0025 -0.0005
0.01999999999998633 -0.0025 -0.0005
0.02049999999998837 -0.0025 -0.0005
0.02099999999998939 -0.0025 -0.0005
0.02149999999998976 -0.0025 -0.0005
0.0219999999999918 -0.0025 -0.0005
0.02249999999999384 -0.0025 -0.0005
0.0229999999999947 -0.0025 -0.0005
0.02349999999999523 -0.0025 -0.0005
0.02399999999999727 -0.0025 -0.0005
0.02449999999999931 -0.0025 -0.0005
0.025 -0.002000000000000745 -0.0005
0.025 -0.001500000000001963 -0.0005
0.025 -0.001000000000003454 -0.0005
0.025 -0.000500000000004944 -0.0005
0.025 -6.350388964682097e-15 -0.0005
0.025 0.000499999999994886 -0.0005
0.025 0.0009999999999962079 -0.0005
0.025 0.00149999999999736 -0.0005
0.025 0.001999999999998782 -0.0005
0.02450000000000056 0.0025 -0.0005
0.02400000000000149 0.0025 -0.0005
0.02350000000000291 0.0025 -0.0005
0.02300000000000434 0.0025 -0.0005
0.02250000000000576 0.0025 -0.0005
0.02200000000000718 0.0025 -0.0005
0.0215000000000086 0.0025 -0.0005
0.02100000000000986 0.0025 -0.0005
0.02050000000001042 0.0025 -0.0005
0.02000000000001097 0.0025 -0.0005
0.01950000000001158 0.0025 -0.0005
0.01900000000001276 0.0025 -0.0005
0.01850000000001331 0.0025 -0.0005
0.01800000000001449 0.0025 -0.0005
0.01750000000001592 0.0025 -0.0005
0.01700000000001734 0.0025 -0.0005
0.01650000000001876 0.0025 -0.0005
0.01600000000002018 0.0025 -0.0005
0.01550000000002161 0.0025 -0.0005
0.01500000000002303 0.0025 -0.0005
0.01450000000002445 0.0025 -0.0005
0.01400000000002587 0.0025 -0.0005
0.01350000000002729 0.0025 -0.0005
0.01300000000002872 0.0025 -0.0005
0.01250000000003014 0.0025 -0.0005
0.01200000000003156 0.0025 -0.0005
0.01150000000003298 0.0025 -0.0005
0.01100000000003441 0.0025 -0.0005
0.01050000000003583 0.0025 -0.0005
0.01000000000003725 0.0025 -0.0005
0.009500000000038675 0.0025 -0.0005
0.009000000000040097 0.0025 -0.0005
0.008500000000041519 0.0025 -0.0005
0.008000000000042942 0.0025 -0.0005
0.007500000000044364 0.0025 -0.0005
0.007000000000045786 0.0025 -0.0005
0.00650000000004745 0.0025 -0.0005
0.006000000000049743 0.0025 -0.0005
0.005500000000051408 0.0025 -0.0005
0.00500000000005283 0.0025 -0.0005
0.004500000000054252 0.0025 -0.0005
0.004000000000055674 0.0025 -0.0005
0.003500000000057103 0.0025 -0.0005
0.003000000000058518 0.0025 -0.0005
0.002500000000059947 0.0025 -0.0005
0.002000000000061366 0.0025 -0.0005
0.001500000000062791 0.0025 -0.0005
0.00100000000006421 0.0025 -0.0005
0.0005000000000656354 0.0025 -0.0005
6.63809285317285e-14 0.0025 -0.0005
-0.0004999999999341261 0.0025 -0.0005
-0.0009999999999356843 0.0025 -0.0005
-0.001499999999937163 0.0025 -0.0005
-0.001999999999938339 0.0025 -0.0005
-0.002499999999939516 0.0025 -0.0005
-0.002999999999941161 0.0025 -0.0005
-0.003499999999942556 0.0025 -0.0005
-0.003999999999943736 0.0025 -0.0005
-0.004499999999944916 0.0025 -0.0005
-0.00499999999994663 0.0025 -0.0005
-0.005499999999947946 0.0025 -0.0005
-0.005999999999949122 0.0025 -0.0005
-0.006499999999950309 0.0025 -0.0005
-0.006999999999952114 0.0025 -0.0005
-0.007499999999953891 0.0025 -0.0005
-0.007999999999954197 0.0025 -0.0005
-0.00849999999995555 0.0025 -0.0005
-0.008999999999957584 0.0025 -0.0005
-0.009499999999959194 0.0025 -0.0005
-0.009999999999959507 0.0025 -0.0005
-0.01049999999996101 0.0025 -0.0005
-0.01099999999996306 0.0025 -0.0005
-0.0114999999999645 0.0025 -0.0005
-0.01199999999996482 0.0025 -0.0005
-0.01249999999996648 0.0025 -0.0005
-0.01299999999996815 0.0025 -0.0005
-0.01349999999996847 0.0025 -0.0005
-0.01399999999996992 0.0025 -0.0005
-0.01449999999997196 0.0025 -0.0005
-0.01499999999997346 0.0025 -0.0005
-0.01549999999997377 0.0025 -0.0005
-0.01599999999997539 0.0025 -0.0005
-0.01649999999997743 0.0025 -0.0005
-0.01699999999997877 0.0025 -0.0005
-0.01749999999997908 0.0025 -0.0005
-0.01799999999998086 0.0025 -0.0005
-0.01849999999998291 0.0025 -0.0005
-0.01899999999998408 0.0025 -0.0005
-0.01949999999998439 0.0025 -0.0005
-0.01999999999998633 0.0025 -0.0005
-0.02049999999998837 0.0025 -0.0005
-0.02099999999998939 0.0025 -0.0005
-0.02149999999998976 0.0025 -0.0005
-0.0219999999999918 0.0025 -0.0005
-0.02249999999999384 0.0025 -0.0005
-0.0229999999999947 0.0025 -0.0005
-0.02349999999999523 0.0025 -0.0005
-0.02399999999999727 0.0025 -0.0005
-0.02449999999999931 0.0025 -0.0005
-0.025 0.002000000000000745 -0.0005
-0.025 0.001500000000001963 -0.0005
-0.025 0.001000000000003454 -0.0005
-0.025 0.000500000000004944 -0.0005
-0.025 6.350388964682097e-15 -0.0005
-0.025 -0.000499999999994886 -0.0005
-0.025 -0.0009999999999962079 -0.0005
-0.025 -0.00149999999999736 -0.0005
-0.025 -0.001999999999998782 -0.0005
-0.02450000000000056 -0.0025 0.0005
-0.02400000000000149 -0.0025 0.0005
-0.02350000000000291 -0.0025 0.0005
-0.02300000000000434 -0.0025 0.0005
-0.02250000000000576 -0.0025 0.0005
-0.02200000000000718 -0.0025 0.0005
-0.0215000000000086 -0.0025 0.0005
-0.02100000000000986 -0.0025 0.0005
-0.02050000000001042 -0.0025 0.0005
-0.02000000000001097 -0.0025 0.0005
-0.01950000000001158 -0.0025 0.0005
-0.01900000000001276 -0.0025 0.0005
-0.01850000000001331 -0.0025 0.0005
-0.01800000000001449 -0.0025 0.0005
-0.01750000000001592 -0.0025 0.0005
-0.01700000000001734 -0.0025 0.0005
-0.01650000000001876 -0.0025 0.0005
-0.01600000000002018 -0.0025 0.0005
-0.01550000000002161 -0.0025 0.0005
-0.01500000000002303 -0.0025 0.0005
-0.01450000000002445 -0.0025 0.0005
-0.01400000000002587 -0.0025 0.0005
-0.01350000000002729 -0.0025 0.0005
-0.01300000000002872 -0.0025 0.0005
-0.01250000000003014 -0.0025 0.0005
-0.01200000000003156 -0.0025 0.0005
-0.01150000000003298 -0.0025 0.0005
-0.01100000000003441 -0.0025 0.0005
-0.01050000000003583 -0.0025 0.0005
-0.01000000000003725 -0.0025 0.0005
-0.009500000000038675 -0.0025 0.0005
-0.009000000000040097 -0.0025 0.0005
-0.008500000000041519 -0.0025 0.0005
-0.008000000000042942 -0.0025 0.0005
-0.007500000000044364 -0.0025 0.0005
-0.007000000000045786 -0.0025 0.0005
-0.00650000000004745 -0.0025 0.0005
-0.006000000000049743 -0.0025 0.0005
-0.005500000000051408 -0.0025 0.0005
-0.00500000000005283 -0.0025 0.0005
-0.004500000000054252 -0.0025 0.0005
-0.004000000000055674 -0.0025 0.0005
-0.003500000000057103 -0.0025 0.0005
-0.003000000000058518 -0.0025 0.0005
-0.002500000000059947 -0.0025 0.0005
-0.002000000000061366 -0.0025 0.0005
-0.001500000000062791 -0.0025 0.0005
-0.00100000000006421 -0.0025 0.0005
-0.0005000000000656354 -0.0025 0.0005
-6.63809285317285e-14 -0.0025 0.0005
0.0004999999999341261 -0.0025 0.0005
0.0009999999999356843 -0.0025 0.0005
0.001499999999937163 -0.0025 0.0005
0.001999999999938339 -0.0025 0.0005
0.002499999999939516 -0.0025 0.0005
0.002999999999941161 -0.0025 0.0005
0.003499999999942556 -0.0025 0.0005
0.003999999999943736 -0.0025 0.0005
0.004499999999944916 -0.0025 0.0005
0.00499999999994663 -0.0025 0.0005
0.005499999999947946 -0.0025 0.0005
0.005999999999949122 -0.0025 0.0005
0.006499999999950309 -0.0025 0.0005
0.006999999999952114 -0.0025 0.0005
0.007499999999953891 -0.0025 0.0005
0.007999999999954197 -0.0025 0.0005
0.00849999999995555 -0.0025 0.0005
0.008999999999957584 -0.0025 0.0005
0.009499999999959194 -0.0025 0.0005
0.009999999999959507 -0.0025 0.0005
0.01049999999996101 -0.0025 0.0005
0.01099999999996306 -0.0025 0.0005
0.0114999999999645 -0.0025 0.0005
0.01199999999996482 -0.0025 0.0005
0.01249999999996648 -0.0025 0.0005
0.01299999999996815 -0.0025 0.0005
0.01349999999996847 -0.0025 0.0005
0.01399999999996992 -0.0025 0.0005
0.01449999999997196 -0.0025 0.0005
0.01499999999997346 -0.0025 0.0005
0.01549999999997377 -0.0025 0.0005
0.01599999999997539 -0.0025 0.0005
0.01649999999997743 -0.0025 0.0005
0.01699999999997877 -0.0025 0.0005
0.01749999999997908 -0.0025 0.0005
0.01799999999998086 -0.0025 0.0005
0.01849999999998291 -0.0025 0.0005
0.01899999999998408 -0.0025 0.0005
0.01949999999998439 -0.0025 0.0005
0.01999999999998633 -0.0025 0.0005
0.02049999999998837 -0.0025 0.0005
0.02099999999998939 -0.0025 0.0005
0.02149999999998976 -0.0025 0.0005
0.0219999999999918 -0.0025 0.0005
0.02249999999999384 -0.0025 0.0005
0.0229999999999947 -0.0025 0.0005
0.02349999999999523 -0.0025 0.0005
0.02399999999999727 -0.0025 0.0005
0.02449999999999931 -0.0025 0.0005
0.025 -0.002000000000000745 0.0005
0.025 -0.001500000000001963 0.0005
0.025 -0.001000000000003454 0.0005
0.025 -0.000500000000004944 0.0005
0.025 -6.350388964682097e-15 0.0005
0.025 0.000499999999994886 0.0005
0.025 0.0009999999999962079 0.0005
0.025 0.00149999999999736 0.0005
0.025 0.001999999999998782 0.0005
0.02450000000000056 0.0025 0.0005
0.02400000000000149 0.0025 0.0005
0.02350000000000291 0.0025 0.0005
0.02300000000000434 0.0025 0.0005
0.02250000000000576 0.0025 0.0005
0.02200000000000718 0.0025 0.0005
0.0215000000000086 0.0025 0.0005
0.02100000000000986 0.0025 0.0005
0.02050000000001042 0.0025 0.0005
0.02000000000001097 0.0025 0.0005
0.01950000000001158 0.0025 0.0005
0.01900000000001276 0.0025 0.0005
0.01850000000001331 0.0025 0.0005
0.01800000000001449 0.0025 0.0005
0.01750000000001592 0.0025 0.0005
0.01700000000001734 0.0025 0.0005
0.01650000000001876 0.0025 0.0005
0.01600000000002018 0.0025 0.0005
0.01550000000002161 0.0025 0.0005
0.01500000000002303 0.0025 0.0005
0.01450000000002445 0.0025 0.0005
0.01400000000002587 0.0025 0.0005
0.01350000000002729 0.0025 0.0005
0.01300000000002872 0.0025 0.0005
0.01250000000003014 0.0025 0.0005
0.01200000000003156 0.0025 0.0005
0.01150000000003298 0.0025 0.0005
0.01100000000003441 0.0025 0.0005
0.01050000000003583 0.0025 0.0005
0.01000000000003725 0.0025 0.0005
0.009500000000038675 0.0025 0.0005
0.009000000000040097 0.0025 0.0005
0.008500000000041519 0.0025 0.0005
0.008000000000042942 0.0025 0.0005
0.007500000000044364 0.0025 0.0005
0.007000000000045786 0.0025 0.0005
0.00650000000004745 0.0025 0.0005
0.006000000000049743 0.0025 0.0005
0.005500000000051408 0.0025 0.0005
0.00500000000005283 0.0025 0.0005
0.004500000000054252 0.0025 0.0005
0.004000000000055674 0.0025 0.0005
0.003500000000057103 0.0025 0.0005
0.003000000000058518 0.0025 0.0005
0.002500000000059947 0.0025 0.0005
0.002000000000061366 0.0025 0.0005
0.001500000000062791 0.0025 0.0005
0.00100000000006421 0.0025 0.0005
0.0005000000000656354 0.0025 0.0005
6.63809285317285e-14 0.0025 0.0005
-0.0004999999999341261 0.0025 0.0005
-0.0009999999999356843 0.0025 0.0005
-0.001499999999937163 0.0025 0.0005
-0.001999999999938339 0.0025 0.0005
-0.002499999999939516 0.0025 0.0005
-0.002999999999941161 0.0025 0.0005
-0.003499999999942556 0.0025 0.0005
-0.003999999999943736 0.0025 0.0005
-0.004499999999944916 0.0025 0.0005
-0.00499999999994663 0.0025 0.0005
-0.005499999999947946 0.0025 0.0005
-0.005999999999949122 0.0025 0.0005
-0.006499999999950309 0.0025 0.0005
-0.006999999999952114 0.0025 0.0005
-0.007499999999953891 0.0025 0.0005
-0.007999999999954197 0.0025 0.0005
-0.00849999999995555 0.0025 0.0005
-0.008999999999957584 0.0025 0.0005
-0.009499999999959194 0.0025 0.0005
-0.009999999999959507 0.0025 0.0005
-0.01049999999996101 0.0025 0.0005
-0.01099999999996306 0.0025 0.0005
-0.0114999999999645 0.0025 0.0005
-0.01199999999996482 0.0025 0.0005
-0.01249999999996648 0.0025 0.0005
-0.01299999999996815 0.0025 0.0005
-0.01349999999996847 0.0025 0.0005
-0.01399999999996992 0.0025 0.0005
-0.01449999999997196 0.0025 0.0005
-0.01499999999997346 0.0025 0.0005
-0.01549999999997377 0.0025 0.0005
-0.01599999999997539 0.0025 0.0005
-0.01649999999997743 0.0025 0.0005
-0.01699999999997877 0.0025 0.0005
-0.01749999999997908 0.0025 0.0005
-0.01799999999998086 0.0025 0.0005
-0.01849999999998291 0.0025 0.0005
-0.01899999999998408 0.0025 0.0005
-0.01949999999998439 0.0025 0.0005
-0.01999999999998633 0.0025 0.0005
-0.02049999999998837 0.0025 0.0005
-0.02099999999998939 0.0025 0.0005
-0.02149999999998976 0.0025 0.0005
-0.0219999999999918 0.0025 0.0005
-0.02249999999999384 0.0025 0.0005
-0.0229999999999947 0.0025 0.0005
-0.02349999999999523 0.0025 0.0005
-0.02399999999999727 0.0025 0.0005
-0.02449999999999931 0.0025 0.0005
-0.025 0.002000000000000745 0.0005
-0.025 0.001500000000001963 0.0005
-0.025 0.001000000000003454 0.0005
-0.025 0.000500000000004944 0.0005
-0.025 6.350388964682097e-15 0.0005
-0.025 -0.000499999999994886 0.0005
-0.025 -0.0009999999999962079 0.0005
-0.025 -0.00149999999999736 0.0005
-0.025 -0.001999999999998782 0.0005
-0.025 -0.0025 -1.280984866791623e-15
0.025 -0.0025 -1.280984866791623e-15
0.025 0.0025 -1.280984866791623e-15
-0.025 0.0025 -1.280984866791623e-15
-0.02125000000000923 -0.002066987298108941 -0.0005
0.02124659600079879 0.002050077822291965 -0.0005
-0.01725000000001658 -0.002077448346831511 -0.0005
0.0172310448711298 0.00204639171996299 -0.0005
0.01923963702892929 0.002053418012613409 -0.0005
-0.0192500000000123 -0.002066987298108619 -0.0005
-0.015220354622516 -0.002101538111863977 -0.0005
0.01525533343814245 0.002121653950277942 -0.0005
-0.01318331394224281 -0.00202484479583734 -0.0005
0.01321027527754054 0.002052362725549027 -0.0005
0.01174740607331105 0.002059317943413044 -0.0005
-0.01170481584155583 -0.002049634631441412 -0.0005
-0.006212711315209334 -0.002023041586543241 -0.0005
0.006250000000048596 0.002066987298109765 -0.0005
0.009717109838203069 0.002050554802531396 -0.0005
-0.009709965170842674 -0.002035258619913164 -0.0005
-0.00782036018047948 -0.002028325826183541 -0.0005
0.007713773091986936 0.002022969784556818 -0.0005
0.004235167275398126 0.002046536165956385 -0.0005
-0.004249869684133646 -0.002121097908663626 -0.0005
-0.002196336999827564 -0.002049147973453015 -0.0005
0.002250000000060657 0.002066987298109016 -0.0005
-0.0002000783982547593 -0.002041097135611031 -0.0005
0.0007500000000647637 0.002066987298106504 -0.0005
0.02231955146845085 -0.002029445007343444 -0.0005
-0.0222499999999926 0.002066987298106821 -0.0005
0.0202499999999875 -0.002066987298107294 -0.0005
-0.02024999999998604 0.002066987298105334 -0.0005
0.01825502742490299 -0.002069889883238148 -0.0005
-0.01824999999998066 0.002066987298105394 -0.0005
0.01624999999997639 -0.002066987298107591 -0.0005
-0.01624999999997553 0.002066987298105694 -0.0005
0.01424999999997068 -0.002066987298106506 -0.0005
-0.01424999999997068 0.002066987298106505 -0.0005
0.0107499999999621 -0.002066987298106568 -0.0005
-0.01074999999996118 0.002066987298105658 -0.0005
0.008743075510004548 -0.002118135879750888 -0.0005
-0.008749999999956222 0.002066987298106496 -0.0005
0.005176335178029879 -0.002026600901137301 -0.0005
-0.005249999999947288 0.002066987298106701 -0.0005
0.003298088436741878 -0.002023746996473251 -0.0005
-0.003249999999941858 0.002066987298106665 -0.0005
-0.001249999999936297 0.002066987298106791 -0.0005
0.001688284213281067 -0.002024566921689527 -0.0005
0.007237024595179418 -0.002159540615170427 -0.0005
-0.007249999999953002 0.002066987298106878 -0.0005
0.01278679502230927 -0.002006642457618796 -0.0005
-0.01274974389160299 0.002070027926421583 -0.0005
-0.02456698729810786 -0.0002499999999942677 -0.0005
0.02456698729810786 0.0002499999999944213 -0.0005
-0.02269403503642303 -0.002024230988581651 -0.0005
0.02272014365864304 0.002053821110574649 -0.0005
0.0007504604076096725 -0.002053988611070064 -0.0005
0.00974999999995978 -0.002066987298106661 -0.0005
-0.009749999999958639 0.002066987298105767 -0.0005
0.01524999999997397 -0.002066987298107018 -0.0005
-0.01524999999997297 0.002066987298105792 -0.0005
0.01174999999996466 -0.002066987298107503 -0.0005
-0.01174999999996466 0.002066987298107503 -0.0005
0.01724708254323525 -0.002068671692543318 -0.0005
-0.01724999999997773 0.002066987298105623 -0.0005
0.01924999999998438 -0.002066987298106996 -0.0005
-0.01924999999998324 0.002066987298106158 -0.0005
-0.0002499999999339614 0.00206698729810756 -0.0005
0.02124999999998954 -0.002066987298107099 -0.0005
-0.02124999999998957 0.002066987298107461 -0.0005
0.02456698729810847 -0.0007500000000037547 -0.0005
-0.02456698729810907 0.0007500000000041986 -0.0005
-0.02025000000001074 -0.002066987298108502 -0.0005
0.02025000000001082 0.002066987298108385 -0.0005
-0.005272099764779349 -0.002043850898849338 -0.0005
0.005175688389187656 0.002024769885314343 -0.0005
0.02325549465074188 -0.002055673803546514 -0.0005
-0.02324999999999494 0.002066987298107323 -0.0005
0.004235814064249702 -0.002048355649237983 -0.0005
-0.004249999999944326 0.002066987298106758 -0.0005
0.006228460186189905 -0.002051621365182548 -0.0005
-0.006249999999949717 0.002066987298106756 -0.0005
-0.002249999999938927 0.002066987298106761 -0.0005
-0.01825000000001405 -0.002066987298108823 -0.0005
0.01817294011966271 0.002024591108165292 -0.0005
-0.01627679365455513 -0.002051102341072233 -0.0005
0.01628281278360616 0.002038730040128841 -0.0005
-0.01423589472246042 -0.002052428757686948 -0.0005
-0.00875950715950859 -0.002050016946960475 -0.0005
0.008750000000040808 0.002066987298109011 -0.0005
-0.01074585746853077 -0.002110211106208342 -0.0005
0.0142890198953247 0.002050064813421659 -0.0005
0.01080055152503095 0.0020493122397961 -0.0005
-0.001241942528086456 -0.002104310226018231 -0.0005
-0.003279837833838812 -0.002050821514754801 -0.0005
0.00329808843681874 0.002023746996497774 -0.0005
-0.02460523286800964 -0.001237975363666885 -0.0005
0.02456698729810718 0.001249999999996307 -0.0005
-0.02374532866584906 -0.002056951205804115 -0.0005
0.02379336282735543 0.002051851937521642 -0.0005
0.02420408719047076 -0.002047151376280345 -0.0005
-0.02424703384150173 0.002085550338071962 -0.0005
0.02456698729810767 0.0007499999999948893 -0.0005
0.02413397459621602 0.0004999999999942932 -0.0005
0.02413397459621628 -4.803398150445789e-15 -0.0005
0.02370096189432471 0.0002499999999946009 -0.0005
0.023700961894325 -0.0002500000000045673 -0.0005
0.02326794919243334 -5.070397949881917e-15 -0.0005
0.02326794919243361 -0.000500000000004461 -0.0005
0.02283493649054191 -0.0002500000000048879 -0.0005
0.02283493649054167 0.0002499999999944955 -0.0005
0.02240192378865013 -5.288991177891203e-15 -0.0005
0.02240192378865007 0.0004999999999940898 -0.0005
0.02196891108675835 0.0002499999999943403 -0.0005
0.02198245701657585 -0.0002313067797252344 -0.0005
0.02154894857559661 2.180875698768861e-05 -0.0005
0.021538073416655 0.0005036347928262955 -0.0005
0.02110542322006106 0.0002542405916319936 -0.0005
0.02116350764153578 -0.0002944949328574785 -0.0005
0.02068869658594449 7.661807220961097e-06 -0.0005
0.02065515709564248 0.0004756105789102706 -0.0005
0.02023686027919066 0.0002499999999946902 -0.0005
0.02024387617949897 -0.0003018183872926262 -0.0005
0.01979738791438026 4.577382453734617e-06 -0.0005
0.01979943778761397 0.0004967237399301819 -0.0005
0.01936902329997269 0.0002502168537274209 -0.0005
0.0193708348754063 -0.0002500000000047251 -0.0005
0.01893752024427537 3.614228413196578e-08 -0.0005
0.01893746992273581 0.0005000421659986658 -0.0005
0.01850480947162245 0.0002499999999955948 -0.0005
0.01850475915008228 -0.0002499939762895054 -0.0005
0.01807178838280673 1.003948476399561e-09 -0.0005
0.01806163899015028 -0.0004824219860759096 -0.0005
0.01764446114576323 -0.0002343024568012031 -0.0005
0.01763972884967174 0.0002526164245221196 -0.0005
0.01721424644824829 1.582003484043771e-05 -0.0005
0.01720734134330224 0.000503072743224768 -0.0005
0.01677443284066366 0.0002531487963423347 -0.0005
0.01676671463749177 -0.0003002423480419734 -0.0005
0.01633048952871074 6.922220725926593e-06 -0.0005
0.01633974596216206 0.0004999999999974009 -0.0005
0.01590673326026975 0.0002499999999979263 -0.0005
0.01584397231783343 -0.0002967161042978174 -0.0005
0.01547372055837727 -1.463880471961061e-15 -0.0005
0.01547184943649473 0.0004970552798082495 -0.0005
0.01504039600283831 0.0002495092133007012 -0.0005
0.01502178975270345 -0.0002321475832723699 -0.0005
0.01460331449164351 4.929925255325993e-06 -0.0005
0.01460691306849437 0.0005007398564257786 -0.0005
0.01417382199452659 0.0002509449636141034 -0.0005
0.01417263326246836 -0.000246984531604081 -0.0005
0.01374118480940768 6.600720028318847e-07 -0.0005
0.01372696269181663 -0.0004746455773199473 -0.0005
0.01330612504885075 -0.0002456642508844802 -0.0005
0.0133081542253395 0.0002508326368545393 -0.0005
0.01287513854308398 8.613976639314285e-07 -0.0005
0.01287564434702539 0.0005000000000028263 -0.0005
0.01244254734447613 0.0002501435662805244 -0.0005
0.01244253329436568 -0.0002498325060065436 -0.0005
0.01200958850133641 5.184338237326042e-08 -0.0005
0.01200959747779418 -0.0004999634437674672 -0.0005
0.01157659759012267 -0.0002499852667268319 -0.0005
0.01157659972582589 0.0002500110961138701 -0.0005
0.011143591011664 4.304902962496842e-09 -0.0005
0.01114359353945468 -0.0004999999999935043 -0.0005
0.01070835299237733 -0.0002461412711674638 -0.0005
0.01071020910873311 0.0002506438389620871 -0.0005
0.01027713487333481 7.504279721192326e-07 -0.0005
0.0102899824043259 -0.000467942957757199 -0.0005
0.00984835574055979 -0.0002414083824729144 -0.0005
0.009845116607852845 0.0002515570075904123 -0.0005
0.009412269645362317 1.691437527297946e-06 -0.0005
0.009427470178596579 -0.0004764261220640261 -0.0005
0.008981305756691663 -0.0002457891140810933 -0.0005
0.008979113803356982 0.0002509837205827273 -0.0005
0.008546077244778877 8.657677594668005e-07 -0.0005
0.008546073268663313 -0.0004991538910446444 -0.0005
0.008112504626209398 -0.0002499999999855105 -0.0005
0.008112597945656963 0.0002501442946387387 -0.0005
0.007679507477559162 2.404911988229558e-08 -0.0005
0.007679510069767524 0.0005000280573035524 -0.0005
0.00724647922242702 0.0002500000000170646 -0.0005
0.007246481814632202 -0.0002499959917986116 -0.0005
0.00681346695256873 6.680493652118252e-10 -0.0005
0.006813467024572724 -0.0004999992206119201 -0.0005
0.006380453898239503 -0.0002499998769015438 -0.0005
0.006380453903915306 0.0002500001318714809 -0.0005
0.005947441116750219 2.162579511298228e-14 -0.0005
0.005947441130014766 -0.0004999999794651945 -0.0005
0.005514428417068278 -0.0002499999965578372 -0.0005
0.005514428415227495 0.0002500000005929191 -0.0005
0.005081415713396033 6.896421729403004e-13 -0.0005
0.005081415713101023 0.000500000000230304 -0.0005
0.004648403011168911 0.0002500000001714337 -0.0005
0.004648403011160438 -0.0002499999998384432 -0.0005
0.004215390309182043 2.819869350729736e-14 -0.0005
0.004215390309194604 -0.0004999999999492672 -0.0005
0.003782377607291304 -0.0002499999999663091 -0.0005
0.003782377607291734 0.0002500000000304981 -0.0005
0.003349364905398514 3.24766616955722e-14 -0.0005
0.003349364905396241 -0.0004999999999674735 -0.0005
0.002916352203504498 -0.0002499999999665066 -0.0005
0.002916352203506908 0.000250000000033461 -0.0005
0.002483339501613557 3.531935353369404e-14 -0.0005
0.002483339501611403 -0.00049999999996454 -0.0005
0.002050326799720479 -0.0002499999999626369 -0.0005
0.002050326799722646 0.0002500000000370566 -0.0005
0.001617314097829673 3.918006021092906e-14 -0.0005
0.00161731409783191 0.0005000000000387352 -0.0005
0.001190364382289324 0.0002394985996363216 -0.0005
0.001185311893661691 -0.0002517502333594834 -0.0005
0.0007585305944087749 -1.254333932904755e-05 -0.0005
0.0007526640937247805 -0.0005023822620855345 -0.0005
0.000319712208826594 -0.0002524876002049192 -0.0005
0.0002970462553293584 0.0003012768279675305 -0.0005
-0.0001147367097382982 4.729640652615588e-14 -0.0005
-0.0001147367097407594 -0.0004999999999525466 -0.0005
-0.0005502827068741482 -0.0002456122038798072 -0.0005
-0.0005387495731013821 0.0002182136732820696 -0.0005
-0.0009687018357327458 -2.358870536344715e-05 -0.0005
0.00724648224667002 0.000750004676231271 -0.0005
-0.000988639433007026 -0.0004868060309661068 -0.0005
-0.001413077655697907 -0.0002517324560185003 -0.0005
-0.001348295119197871 0.0002937296044880996 -0.0005
-0.001827065427718559 -8.056523621924862e-06 -0.0005
-0.001843384309091512 -0.0005016314965692499 -0.0005
-0.002275946002899068 -0.0002516146699928178 -0.0005
-0.002265779455318269 0.0003013797031566759 -0.0005
-0.002716031604202211 -4.411324247547367e-06 -0.0005
-0.002712706998895026 -0.0005010043323332648 -0.0005
-0.003146344416469653 -0.0002509026093885262 -0.0005
-0.003190155145692123 0.0002998055157182541 -0.0005
-0.003578838324875078 6.322001676113066e-14 -0.0005
-0.003578924790458148 -0.0005001504348448457 -0.0005
-0.00401186543769827 -0.0002500250724195791 -0.0005
-0.00400951318217487 0.0002171174036238235 -0.0005
-0.004433939189504818 -2.373575076064571e-05 -0.0005
-0.00444486372866109 -0.0004999999999329579 -0.0005
-0.004875270428461008 -0.0002525958731871517 -0.0005
-0.00482367842004682 0.0002955519058270669 -0.0005
-0.005293608652045198 -6.373425226386266e-06 -0.0005
-0.005310889132444833 -0.0004999999999295045 -0.0005
-0.005741021754269469 -0.000251062237477494 -0.0005
-0.005743029871395154 0.0003018352989826764 -0.0005
-0.006184412422137917 -5.607663899958303e-06 -0.0005
-0.006177684170536178 -0.0005011116501801757 -0.0005
-0.006611305158156064 -0.0002511198856295878 -0.0005
-0.006609927238117841 0.0002500000000746495 -0.0005
-0.007043169593350097 -1.866475411955425e-07 -0.0005
-0.007043207868908349 -0.0005002177554771317 -0.0005
-0.007476035572276074 -0.0002500674004508056 -0.0005
-0.007475952641901911 0.0002500000000774949 -0.0005
-0.00790897916552359 -1.123334250237668e-08 -0.0005
-0.007920155760233747 0.0004806197479987997 -0.0005
-0.008337009251094079 0.0002349274961823379 -0.0005
-0.008341152216877172 -0.0002525139561396024 -0.0005
-0.008767188809391634 -1.47716662524223e-05 -0.0005
-0.008773552786414233 -0.0005028809370106012 -0.0005
-0.009206463466246314 -0.0002529421004882146 -0.0005
-0.009220495146444125 0.0003005633430876735 -0.0005
-0.009641016151363395 8.390931880896543e-14 -0.0005
-0.009641016151364701 -0.0004999999999159634 -0.0005
-0.01007628429909295 -0.0002460934531317546 -0.0005
-0.01014183191689558 0.0002973178506299012 -0.0005
-0.01051297113790574 -2.783471273856053e-06 -0.0005
-0.01050558792011026 -0.0004867825229195676 -0.0005
-0.01094005425704022 -0.0002499999999127995 -0.0005
-0.01095286569461983 0.0002172403462889186 -0.0005
-0.01136593174828561 -2.151683304146702e-05 -0.0005
-0.01137187775715868 -0.0005035861387667923 -0.0005
-0.01180469225875431 -0.0002541838285749984 -0.0005
-0.01178640276031595 0.0002995796473460688 -0.0005
-0.01224200936767832 -3.567171327048695e-06 -0.0005
-0.01223934729653231 -0.0005012918332567216 -0.0005
-0.01267263372107152 -0.0002508098340365265 -0.0005
-0.01267910706357042 0.0002381373579842027 -0.0005
-0.01310637287573789 -2.112079280839629e-06 -0.0005
-0.0130954940291337 0.0004786184559478564 -0.0005
-0.0135367356970373 0.0002460843961728596 -0.0005
-0.01353810719137337 -0.0002510046137896984 -0.0005
-0.01397090682888884 -8.200362073205347e-07 -0.0005
-0.0139710999005495 -0.0005003041082705948 -0.0005
-0.01440415587217701 -0.0002499999999063506 -0.0005
-0.01440415587217626 0.0002500000000935135 -0.0005
-0.01482870165180836 -1.466513944459372e-05 -0.0005
-0.01483575742035938 -0.0005024441898288169 -0.0005
-0.01526853492996611 -0.0002528515548155636 -0.0005
-0.01526209118221626 0.0003004372150045915 -0.0005
-0.01570901235416105 -4.957448006667847e-06 -0.0005
-0.01570388931623918 -0.0005013015004068842 -0.0005
-0.01613729229886109 -0.0002510431580050185 -0.0005
-0.01618493512043804 0.0002993209327121705 -0.0005
-0.01656921938163732 9.63308060660194e-14 -0.0005
-0.01656940031815751 -0.0005001738595874679 -0.0005
-0.01700226223961649 -0.0002500289765174429 -0.0005
-0.01700179631441 0.0002170939363264691 -0.0005
-0.01742478144347739 -2.34951227678925e-05 -0.0005
-0.01742902168773655 -0.000490815045996928 -0.0005
-0.01786701756892308 -0.0002497156695064926 -0.0005
-0.01781740655401472 0.0002965827695247567 -0.0005
-0.01828502773735034 -5.284234828942165e-06 -0.0005
-0.01831048024696264 -0.0004704742527021901 -0.0005
-0.0187307861589086 -0.0002419333073567426 -0.0005
-0.01873663848590307 0.0003033188782239687 -0.0005
-0.01916729559299017 9.81947311235587e-14 -0.0005
-0.01914738147166321 -0.0004704503824212964 -0.0005
-0.01959586571787524 -0.0002431290062164325 -0.0005
-0.01965888570504848 0.000299058361888674 -0.0005
-0.02003332099677446 9.846919862979597e-14 -0.0005
-0.02002590351102693 -0.0004792872048591558 -0.0005
-0.02046509745104199 -0.0002465478673943285 -0.0005
-0.02047277348232552 0.0002178642833457343 -0.0005
-0.02089042458984041 -2.173575820024061e-05 -0.0005
-0.02090910169246014 -0.0004832182307910725 -0.0005
-0.02133235910245064 -0.0002499999999013157 -0.0005
-0.02130398798519221 0.0003005612689263815 -0.0005
-0.02176627271733306 -1.323584929422539e-06 -0.0005
-0.02176552195650792 -0.0005002205974059917 -0.0005
-0.02219855968376051 -0.0002502573636570288 -0.0005
-0.02220419328718752 0.0002399860454683468 -0.0005
-0.02263239453453947 -1.711886299445327e-06 -0.0005
-0.02263253155935419 0.0004980456932598197 -0.0005
-0.02263159262544955 -0.0005003282082603889 -0.0005
-0.02306476518962503 0.0002493889678918143 -0.0005
0.008112597282968261 -0.0007498589818285689 -0.0005
0.01850435623450823 -0.0007592076065652304 -0.0005
0.005514428414944338 0.0007500000001519152 -0.0005
-0.01352191515204986 0.0007735248115589018 -0.0005
0.01244261759502445 0.0007500239277161905 -0.0005
0.008112523203694469 0.000750028725332756 -0.0005
0.01763878406783839 0.0007499999999961064 -0.0005
0.004648403011088214 -0.0007499999999471934 -0.0005
-0.008341978045689322 -0.0007499999999195215 -0.0005
0.02283493649054202 -0.0007500000000044252 -0.0005
-0.01267210506460941 -0.0007499999999089485 -0.0005
0.02283493649054157 0.000749999999993768 -0.0005
0.001184504278366898 -0.0007503514026396303 -0.0005
-0.01261229167997711 0.0007526468311199988 -0.0005
0.01417468245270226 0.0007500000000001943 -0.0005
0.01328756856896248 -0.0007155117321647458 -0.0005
-0.02222278948389322 0.0007087785234689855 -0.0005
0.001211569410921291 0.0007094950038675866 -0.0005
-0.00840048686751744 0.0007469079922341942 -0.0005
0.004648403011114871 0.0007500000000844018 -0.0005
0.01756990864848869 -0.0007516843235122385 -0.0005
0.01409995204069141 -0.0007654341920901929 -0.0005
-0.02306465818182421 0.0007495724435900063 -0.0005
0.002050326799724714 0.0007500000000365742 -0.0005
-0.007487877480386779 0.0007728600829808428 -0.0005
0.02240192378865011 0.0009999999999933558 -0.0005
0.01460756480691127 0.001000123309403542 -0.0005
-0.01223913485168726 -0.001000215305467283 -0.0005
0.01720603302883938 0.001000512123867506 -0.0005
0.01287564200534141 0.001000003987954471 -0.0005
0.004215390309183282 -0.0009999999999638009 -0.0005
-0.008774751087387565 -0.001000480156099964 -0.0005
0.02326794919243402 -0.001000000000004075 -0.0005
0.0007515517410601251 -0.001000455610758316 -0.0005
0.00852223168015917 -0.001001339871818921 -0.0005
0.008108033532927028 -0.001250142720661534 -0.0005
-0.02349752320381219 0.0004998269019784321 -0.0005
-0.02349749859049464 -1.306882895574068e-07 -0.0005
-0.02349748075586179 0.0009998998909924648 -0.0005
0.01244262891316861 0.0012500046526139 -0.0005
-0.01353811937726774 -0.0007502181202817692 -0.0005
-0.01397113411014246 -0.001000087038029502 -0.0005
0.01850475076315942 0.0007500070276626217 -0.0005
0.01893775368030779 0.001000008198939889 -0.0005
-0.007476011118449942 -0.0007500475259356541 -0.0005
-0.007042994340920928 -0.001000044213517537 -0.0005
0.01200961614622768 0.001000004763392282 -0.0005
0.02370096189432451 0.0007499999999933952 -0.0005
0.002050326799718254 -0.0007499999999625093 -0.0005
0.00248333950160934 -0.0009999999999645624 -0.0005
0.005514428417434971 -0.0007499999959880163 -0.0005
0.005947441119387748 -0.000999999995894709 -0.0005
0.007678762184894905 -0.001000000283737394 -0.0005
0.01244261167576237 -0.0007499659916266843 -0.0005
0.01200961714560113 -0.0009999969385715718 -0.0005
0.0176388276783207 0.001250085353974119 -0.0005
0.004649157598147076 -0.001251320437739077 -0.0005
-0.00834053441459935 -0.00125255723202346 -0.0005
0.02283493649054217 -0.001253344969711393 -0.0005
0.022404677182707 -0.001000557494955608 -0.0005
-0.01267211214610506 -0.001250035884168009 -0.0005
0.001184329695825998 -0.001250049016812454 -0.0005
-0.02306828409549108 0.001215397510414008 -0.0005
0.01244845479058028 -0.001239901554324703 -0.0005
0.002044667999674362 -0.001240198670780303 -0.0005
0.002487944321268508 -0.001571234167911518 -0.0005
0.002916352203500858 -0.001249999999966448 -0.0005
-0.01353276782586249 -0.00124076830749951 -0.0005
0.02284284231528636 0.001236306709859229 -0.0005
-0.007479979347838138 -0.001241126242560281 -0.0005
-0.007028723394673358 -0.001571313859377311 -0.0005
-0.006609927238123568 -0.001249999999924176 -0.0005
0.01416661768884736 0.001236089598952729 -0.0005
0.01374032562350141 0.0009976815998262386 -0.0005
0.005512023679906448 -0.001241116208441248 -0.0005
0.01850398669274268 0.001241124168004824 -0.0005
-0.02393043531380162 0.0002500000000974026 -0.0005
0.01374170712008651 0.001480221741659549 -0.0005
0.0145697859234125 0.001566188126539863 -0.0005
0.01502629005659785 0.001247366622858863 -0.0005
-0.01224920996892184 -0.001496845280013571 -0.0005
-0.01181606441492915 -0.001235148962955605 -0.0005
0.02243881001418451 0.001578009597965546 -0.0005
0.02197505879101441 0.001263001599655157 -0.0005
0.02198600230682748 0.001705723068640596 -0.0005
0.007680150423747863 -0.001496809797019051 -0.0005
0.00723768472814019 -0.001234256401069898 -0.0005
0.008128188271988041 -0.001721132225646105 -0.0005
0.02151662031062798 0.001570596131072783 -0.0005
-0.02393043531380134 -0.0002499999999017301 -0.0005
-0.02349743527500709 -0.000500021781299367 -0.0005
-0.02393043531380127 -0.0007499999999009417 -0.0005
-0.02349742472242585 -0.001000003630133755 -0.0005
-0.02393043531380127 -0.001249999999900393 -0.0005
0.01291654888689117 0.001578508631614893 -0.0005
0.01246647954010745 0.001703118210852669 -0.0005
-0.01268716658129186 -0.001750113507098289 -0.0005
-0.02350216151266999 -0.001572179678925962 -0.0005
-0.02306440991001806 -0.001249999999900425 -0.0005
-0.02349945716644856 0.001569608463991977 -0.0005
-0.02392358851235146 0.001247429153478878 -0.0005
0.01897174461106064 0.001570685848367453 -0.0005
0.01938445366343593 0.001229757069283627 -0.0005
0.00596309982923054 -0.001568870713374771 -0.0005
0.006380453818638568 -0.001249999999979867 -0.0005
-0.01397773606564563 -0.001569310576884685 -0.0005
-0.01440415587217802 -0.001249999999905638 -0.0005
0.01200175292317973 -0.001572353123366174 -0.0005
0.01158271947289461 -0.001228738542876033 -0.0005
0.02240192378865007 -0.001500000000004525 -0.0005
0.02198473704772727 -0.001284084426697526 -0.0005
0.01721003449570669 0.001507831532965204 -0.0005
0.01677655676345062 0.00125139060946977 -0.0005
0.01676503247934594 0.001751777544110208 -0.0005
0.01632886536759684 0.001495284414728387 -0.0005
0.01586999698142513 0.001711319233570079 -0.0005
0.01590494626778387 0.001229382589827475 -0.0005
0.004219674619943118 -0.001509586330960337 -0.0005
0.003783091659080146 -0.001251597721800336 -0.0005
0.003782377607282364 -0.00174999999997091 -0.0005
-0.008770725913297209 -0.001511273647598012 -0.0005
-0.009202984701659766 -0.001251958967226899 -0.0005
-0.00922236651611898 -0.001752333173565605 -0.0005
-0.009653368152842561 -0.001490506627927656 -0.0005
-0.01011238400528428 -0.00167033867043186 -0.0005
-0.01006287814100643 -0.001202778376355662 -0.0005
-0.01051333587004483 -0.001390039941937917 -0.0005
0.02326587343548566 -0.001513181431919338 -0.0005
0.02370061593483467 -0.001252196905322785 -0.0005
0.02371834096795804 -0.001755544504422647 -0.0005
0.02415085822790915 -0.001505062288865859 -0.0005
0.0007510919993553901 -0.001514500450701291 -0.0005
0.0003243400044587805 -0.001260532869283773 -0.0005
0.001195838133876606 -0.00175058623545302 -0.0005
0.0002934593341602818 -0.001761245406389591 -0.0005
-0.0001277282535876657 -0.001490854299676372 -0.0005
-0.0005928509786049148 -0.001659417412746784 -0.0005
-0.0005601903354726446 -0.001192922247331778 -0.0005
-0.0009778058948120101 -0.001355626494953851 -0.0005
-0.008315550859302086 -0.001755654723622351 -0.0005
0.02281328897751986 -0.001758656939125607 -0.0005
0.004676122673060088 -0.001752314816219773 -0.0005
0.0176675863925451 0.001748490522936557 -0.0005
-0.007901448174009031 -0.001497928741826996 -0.0005
0.005099175807008962 -0.00149466148243789 -0.0005
-0.02456698729810696 -0.0007499999999957962 -0.0005
0.0133086570489181 0.001250000000001396 -0.0005
0.01809252294216913 0.001493503489086344 -0.0005
0.01374999999996917 -0.002066987298107013 -0.0005
0.01399999999996959 -0.001637836004026266 -0.0005
0.01449999999997155 -0.001638479571994722 -0.0005
0.01353156699581365 -0.001652843377731505 -0.0005
0.01380375900258428 -0.001225500746639086 -0.0005
-0.01374999999996917 0.002066987298107013 -0.0005
-0.01399999999996958 0.00163413906846869 -0.0005
-0.01449999999997065 0.001634002008255398 -0.0005
-0.0135080781147256 0.001638832726538441 -0.0005
-0.01424989909758872 0.001222285049873296 -0.0005
-0.01474998318290691 0.001204520322252107 -0.0005
-0.01445156327844496 0.000750210447930967 -0.0005
-0.01500000078066923 0.0007726813724655259 -0.0005
-0.01524999732724365 0.001202343662313965 -0.0005
-0.01550165499425199 0.0007778404980017389 -0.0005
-0.01575027538689724 0.00120284073991311 -0.0005
-0.01599999999997117 0.0007679491924247859 -0.0005
-0.01625004589779306 0.001201275035249591 -0.0005
-0.0164693603585285 0.0007716892242823459 -0.0005
-0.01674490104270226 0.001201637423114743 -0.0005
-0.01699572988505701 0.0007062821531887333 -0.0005
-0.01724843848794223 0.001190796642576182 -0.0005
-0.01752195777067667 0.0007616208353727947 -0.0005
-0.01775339937641918 0.001198212959516573 -0.0005
-0.01799999999997327 0.0007679491924216573 -0.0005
-0.01825056656271512 0.001200503738514235 -0.0005
-0.01849885189638377 0.0007770183977678942 -0.0005
-0.01874990307649985 0.001202397069237696 -0.0005
-0.01899214117351648 0.0007774615410102178 -0.0005
-0.01924867404165309 0.001202786481564818 -0.0005
-0.0194778590837552 0.0007768902142156559 -0.0005
-0.01974608885421874 0.001202756162486403 -0.0005
-0.01995518294806026 0.0007725218609369924 -0.0005
-0.02024187863369751 0.001202023050426386 -0.0005
-0.02047981587280548 0.0007067292366128719 -0.0005
-0.02074528241773514 0.001190935427695174 -0.0005
-0.02101994971265023 0.0007609010090852246 -0.0005
-0.02125253868838294 0.00119811611931899 -0.0005
-0.02149620822703941 0.0007926085493082316 -0.0005
-0.02171970222742376 0.001221969340322097 -0.0005
-0.02099963685100899 0.00163182922260626 -0.0005
-0.01999799458130689 0.001634450500255333 -0.0005
-0.01899976285301175 0.001634517889904294 -0.0005
-0.01800066098984077 0.001633440081109405 -0.0005
-0.01699888992175785 0.001632392975719992 -0.0005
-0.016000053547431 0.001634339927299134 -0.0005
0.02413397459621665 -0.0005000000000040237 -0.0005
-0.00824999999995487 0.002066987298107061 -0.0005
-0.008499999999955177 0.001637573248747843 -0.0005
-0.008999999999956246 0.001634574371635209 -0.0005
-0.007999999999954236 0.001638173024170688 -0.0005
-0.008733414477882376 0.001201753418148366 -0.0005
-0.009247235746277175 0.001201193777527854 -0.0005
-0.008972600996655375 0.0007745540309366727 -0.0005
-0.009480859290938478 0.0007753374265862864 -0.0005
-0.00974634917284063 0.00120223191387998 -0.0005
-0.009968977372821661 0.0007751000998433332 -0.0005
-0.01024422109091543 0.001202365382147605 -0.0005
-0.01044644798949308 0.0007713853534434902 -0.0005
-0.01074011151337348 0.001201768502458324 -0.0005
-0.01096864671589805 0.0007067973779054244 -0.0005
-0.01124312637151764 0.001190904359919857 -0.0005
-0.01151093668418694 0.0007616418545029007 -0.0005
-0.01174721122874211 0.001196233350057649 -0.0005
-0.012030750174708 0.0007740441217226851 -0.0005
-0.01226729868760414 0.001212498813687302 -0.0005
-0.01277905429240073 0.001228746668351126 -0.0005
-0.01251037492146415 0.001646591404413168 -0.0005
-0.01149492365283633 0.001629509184229828 -0.0005
-0.01049738876735452 0.001634342945539641 -0.0005
-0.01310511776650211 -0.001499999999907235 -0.0005
-0.02374941516798921 0.002069321399553098 -0.0005
-0.02456698729810802 0.000250000000004797 -0.0005
-0.0007499999999348798 0.002066987298107171 -0.0005
-0.0009999999999354713 0.001633974596214098 -0.0005
-0.001499999999936482 0.001633974596213785 -0.0005
-0.001249999999935998 0.001200961894321113 -0.0005
-0.001749999999936568 0.001200961894320786 -0.0005
-0.0007499999999352452 0.001200961894321414 -0.0005
-0.001043860351501269 0.0007695696793743084 -0.0005
-0.0005241894047066558 0.0007063716263960552 -0.0005
-0.000254031567396798 0.001190698966649301 -0.0005
1.616272748060602e-05 0.0007613895434248735 -0.0005
0.0002520218600569944 0.001198158131541663 -0.0005
0.0004912724721993645 0.0007927280173127204 -0.0005
0.0007166752679676935 0.00122321919452604 -0.0005
0.0004947828547140113 0.001637216852450796 -0.0005
0.000987246336696872 0.001641879159378164 -0.0005
0.001247874389502349 0.002068304725300881 -0.0005
0.001484042735417011 0.001673285611461882 -0.0005
-0.001999999999937103 0.00163397459621327 -0.0005
-0.00224999999993705 0.001200961894320426 -0.0005
-0.002010068548462329 0.0007748109310469622 -0.0005
-0.002504308000588231 0.0007783051060732773 -0.0005
-0.002750718000046047 0.001202687879927632 -0.0005
-0.002999999999937357 0.0007679491924271834 -0.0005
-0.003250119666622685 0.001201249558587493 -0.0005
-0.003471691081102433 0.0007720337485094339 -0.0005
-0.003745301791246563 0.001201690597710884 -0.0005
-0.003999716808039957 0.0007063618768849881 -0.0005
-0.00424916976650704 0.001190818792293745 -0.0005
-0.004534034153644065 0.0007586894709629118 -0.0005
-0.004755533986651364 0.001197728090403581 -0.0005
-0.005007729398823482 0.0007698921476715588 -0.0005
-0.005252210564205537 0.001200746752873021 -0.0005
-0.005502830016158715 0.0007766981170095056 -0.0005
-0.005750840096687318 0.001202384191507298 -0.0005
-0.005995392313136345 0.0007775682748520684 -0.0005
-0.006249372068264107 0.001202802124253142 -0.0005
-0.006553326493444954 0.0007486657959279304 -0.0005
-0.006749999999940369 0.001200961894316494 -0.0005
-0.006000035360788249 0.00163451835073221 -0.0005
-0.005001290758438084 0.001633399771985197 -0.0005
-0.00399907859291973 0.001632405529773516 -0.0005
-0.003000139611071106 0.001634310204525576 -0.0005
-0.007908152740730345 -0.0009986099570311543 -0.0005
0.006770864971301493 -0.002006520557279495 -0.0005
-0.006749999999949728 0.002066987298106051 -0.0005
-0.006999999999948403 0.001633974596212332 -0.0005
-0.000500671927845143 0.001632264108268872 -0.0005
0.013287115090411 -0.002074924890802996 -0.0005
0.002749999999940339 -0.002066987298106666 -0.0005
-0.02274999999999408 0.002077025690917972 -0.0005
-0.02248943128130988 0.00167340478512069 -0.0005
-0.02199379042358091 0.001640692635189743 -0.0005
-0.01325746172442904 0.002071859113590279 -0.0005
0.005947441131039363 0.0005000000221130242 -0.0005
0.005947441119148725 0.001000000003724135 -0.0005
0.005512023679473677 0.001241102755847531 -0.0005
0.005966176945434774 0.001571063925980167 -0.0005
0.006380453818645339 0.001250000000018802 -0.0005
0.005081014923780869 0.0009985171260604646 -0.0005
0.004648336212887271 0.001249752854374444 -0.0005
0.00421537917616074 0.0009999588090952658 -0.0005
0.004218673481686776 0.001507707971584531 -0.0005
0.003782922947208007 0.001251277796799697 -0.0005
0.00378237760729784 0.001750000000027876 -0.0005
0.003349364905405431 0.001500000000030027 -0.0005
0.003349455795388714 0.001000212966159435 -0.0005
0.002922788075389749 0.001238914474982212 -0.0005
0.004674458130807106 0.001748637172049131 -0.0005
0.005098586889364744 0.001493232720797984 -0.0005
0.02457661397747151 0.001747881315357474 -0.0005
0.02409258613734057 0.001577693939983551 -0.0005
-0.02453035259333259 -0.001724931725543736 -0.0005
0.007679498548849707 0.001000010243151834 -0.0005
0.00724648083055859 0.001250002486574375 -0.0005
0.008105498138342753 0.001237863626587582 -0.0005
0.008544352676373029 0.0009979820586615135 -0.0005
0.008528403048830738 0.001570489271543956 -0.0005
0.008978530029996525 0.001250000000011451 -0.0005
0.00681346729259922 0.00100000119381318 -0.0005
0.006820611280900083 0.001487626212557615 -0.0005
0.007253970608059089 0.001737876147746041 -0.0005
0.0067854145556815 0.002019271665154372 -0.0005
0.008978433216934039 0.0007498276298818948 -0.0005
0.009411526596377376 0.0009999712716559006 -0.0005
0.009441834027944865 0.001569047059943538 -0.0005
0.009844555433779656 0.001250000000009699 -0.0005
0.009844646273539608 0.000750254713214561 -0.0005
0.01027758327563101 0.001000042452210041 -0.0005
0.01027225857579639 0.001483047135308082 -0.0005
0.01070122089641479 0.001232498071682232 -0.0005
0.01070896141589282 0.000747197393813633 -0.0005
0.01114176364565124 0.0009966159109211004 -0.0005
0.0110955519477883 0.001563169477404312 -0.0005
0.01156202710661729 0.001249110688415595 -0.0005
0.01157386985116955 0.0007492904098094122 -0.0005
0.01199328218227999 0.001578639517293127 -0.0005
0.006380453964314041 0.0007500002252598623 -0.0005
-0.007908718143257739 -0.0005002083454698734 -0.0005
0.02176159191140059 -0.002071093220728919 -0.0005
0.02155181697471588 -0.001582439415010998 -0.0005
0.02100863616244297 -0.001625385399347407 -0.0005
0.02124999999998808 -0.001200961894321446 -0.0005
0.02075143936039657 -0.001199530361511085 -0.0005
0.02098076701941674 -0.0007741100648302279 -0.0005
0.02145199399706725 -0.0007588461521982679 -0.0005
0.02049095627898193 -0.0007763574526368633 -0.0005
0.02024873260655445 -0.001202124682222183 -0.0005
0.01999860646074799 -0.0007783214878121188 -0.0005
0.01974955651120816 -0.001202884408203578 -0.0005
0.01943784196004716 -0.0007493128505332309 -0.0005
0.01924999999998615 -0.001200961894325094 -0.0005
-0.01875000000001311 -0.002066987298108762 -0.0005
-0.01850000000001362 -0.00163397459621749 -0.0005
-0.01800000000001458 -0.001633974596217491 -0.0005
-0.01820936973206674 -0.001210312872693204 -0.0005
-0.01873291650526888 -0.001161384242579289 -0.0005
-0.01772464400199936 -0.001241333901714181 -0.0005
0.01875000000001329 0.002066987298108799 -0.0005
0.002249999999939193 -0.002066987298106642 -0.0005
-0.006609927238121487 -0.0007499999999247593 -0.0005
-0.006177042808615491 -0.001000185274968236 -0.0005
-0.006175941311054528 -0.001491814799042604 -0.0005
-0.005743901834340982 -0.001249999999927509 -0.0005
-0.005744257226314282 -0.001745891526527783 -0.0005
-0.00530167927702678 -0.001501769701789714 -0.0005
-0.004856531485365642 -0.001699967553720351 -0.0005
-0.004879913179958648 -0.001232689885007728 -0.0005
-0.00444792246985962 -0.001444707875939237 -0.0005
-0.007749999999953929 0.002067687036099779 -0.0005
0.01807194305080479 0.0005004374093534531 -0.0005
0.0002491304758403879 0.002067527674146424 -0.0005
-0.009249999999957499 0.002067087260676544 -0.0005
-0.0131054093327602 -0.0005006907745343167 -0.0005
-0.02306444494184082 -0.0007500589365661601 -0.0005
-0.02263143561631755 -0.001000064524071556 -0.0005
-0.02263139720812667 -0.001499999999900129 -0.0005
-0.02219839090760038 -0.001250010753929083 -0.0005
-0.02221742779347408 -0.001739855383781644 -0.0005
-0.02178050411066875 -0.001488201124503999 -0.0005
-0.02176990573552403 -0.002015232140428957 -0.0005
-0.02176791994765252 -0.0009980720792570729 -0.0005
-0.02128613180327153 -0.0012345108661808 -0.0005
0.01474999999997267 -0.002067738127403592 -0.0005
0.01499999999997388 -0.001634850563726952 -0.0005
0.01549999999997545 -0.001634120590800214 -0.0005
0.01524999999997602 -0.001201132221337839 -0.0005
0.01574999999997734 -0.001200975617840965 -0.0005
0.01554204299730906 -0.0007702309617239584 -0.0005
0.01602909875441423 -0.0007747011490930146 -0.0005
0.01625484979238381 -0.001202089507687286 -0.0005
0.01651487339927607 -0.0007762195359201198 -0.0005
0.01675328719859553 -0.001202528220466945 -0.0005
0.0170124742718791 -0.0007735843027119102 -0.0005
0.01726508616354834 -0.001210679072985523 -0.0005
0.01777235160283118 -0.001258222032174905 -0.0005
0.01501185971613613 -0.0007450165140129306 -0.0005
0.01475922089730458 -0.001219265854939778 -0.0005
-0.02075000000001012 -0.002066987298108669 -0.0005
-0.02050000000001065 -0.00163397459621713 -0.0005
-0.02000000000001134 -0.001633974596216967 -0.0005
-0.02024438894978713 -0.001219023924824985 -0.0005
-0.019750000000012 -0.00120096189432524 -0.0005
-0.02074414844367609 -0.001225418290465002 -0.0005
-0.01950000000001206 -0.001633974596217015 -0.0005
0.02074943266680839 0.002064169052139153 -0.0005
0.02049990544447704 0.001633504888555532 -0.0005
0.01999640895091106 0.001671048291250424 -0.0005
0.0202316102056064 0.0012072739124279 -0.0005
0.02076461983022147 0.001222106700990713 -0.0005
0.01975000000001172 0.002066987298108 -0.0005
0.02326926682989047 0.000997717784970969 -0.0005
0.02326602731654363 0.001480305499880111 -0.0005
0.0237009618943244 0.001249999999992798 -0.0005
-0.01474999999997187 0.00206699186677993 -0.0005
0.001641445465730577 0.0009628072715678345 -0.0005
0.002060927842937497 0.001208743340130757 -0.0005
0.002486178987466278 0.0009912763025418947 -0.0005
0.002489253064395929 0.001564482351147175 -0.0005
0.01330834883348931 0.0007497530374401349 -0.0005
0.01974999999998622 -0.002066987298107385 -0.0005
-0.01974966576353717 0.002067066615445226 -0.0005
-0.02100000000001004 -0.001633974596217465 -0.0005
0.002483812749257495 0.0004985460504528897 -0.0005
0.02456698729810806 -0.0002500000000047327 -0.0005
0.007678276952462801 0.001487644179936431 -0.0005
0.005749999999948416 -0.00206698729810675 -0.0005
0.02100000000001005 0.001633974596217465 -0.0005
0.006813467263749056 0.0005000011492070373 -0.0005
0.01774999999998041 -0.002066987298106336 -0.0005
-0.01775011016495553 0.002066898212254703 -0.0005
0.01200913986067668 0.0004999209344491086 -0.0005
-0.001532809309123834 0.0007749496188631982 -0.0005
-0.02306468852615943 -0.0002504770888038507 -0.0005
0.01224999999996607 -0.002066987298106561 -0.0005
-0.01180736392299938 -0.0007490710114888654 -0.0005
-0.011379428647052 -0.0009979676854913906 -0.0005
-0.01142150561610891 -0.001564765031908982 -0.0005
-0.01094028253231835 -0.0007389323068455433 -0.0005
0.0003260128128498751 -0.0007526430570396725 -0.0005
0.02197029820943247 0.0007527727320761139 -0.0005
-0.004011851026770154 -0.0007499999999345172 -0.0005
-0.0035760564117921 -0.001000025072420951 -0.0005
-0.003145825622986527 -0.0007499999999382712 -0.0005
-0.002712795267395713 -0.001000167388672269 -0.0005
-0.002278570052466227 -0.0007507363145755891 -0.0005
-0.001850692616049175 -0.001000394635153657 -0.0005
-0.00228881547595523 -0.001235368597140183 -0.0005
-0.001901798951025811 -0.001563801084411314 -0.0005
-0.002721476587621278 -0.001480731836798588 -0.0005
-0.003139196815432875 -0.001233646465023476 -0.0005
-0.003548621831680645 -0.001567023417742869 -0.0005
-0.001426664339692995 -0.0007364211119645858 -0.0005
0.01677701995071684 0.0007513540454831884 -0.0005
-0.02047952517975923 -0.0007755416922495217 -0.0005
-0.01927474673274059 -0.001205870493300491 -0.0005
-0.009202362725338534 -0.0007513770267762783 -0.0005
-0.01440391195824608 -0.0007504725559743568 -0.0005
-0.01483689272946284 -0.001000486124237342 -0.0005
-0.01487959712949738 -0.001442723024835217 -0.0005
-0.01527426374029269 -0.001243632654830074 -0.0005
-0.01527018127596171 -0.0007499999999056218 -0.0005
-0.01570399027830663 -0.0009991556924760093 -0.0005
-0.01571302182982733 -0.00148207353153966 -0.0005
-0.01613053334946207 -0.001233978112339892 -0.0005
-0.01613572082377763 -0.000747608720453093 -0.0005
-0.01656822300668294 -0.0009969601153486587 -0.0005
-0.01654561780569718 -0.001566915457948474 -0.0005
-0.01697951045987151 -0.001207728993057514 -0.0005
0.01503761800139709 0.0007491323802992465 -0.0005
0.01124999999996362 -0.002076850261854337 -0.0005
0.01099694347228282 -0.00167147587430417 -0.0005
0.01049949057868163 -0.001640224809228494 -0.0005
0.01074417849093144 -0.001207228647536023 -0.0005
0.0102010506502932 -0.001211300819786111 -0.0005
0.009991756871469306 -0.001636739452626855 -0.0005
0.009724993231816388 -0.001212395844854437 -0.0005
0.009494458350520396 -0.001636341064038073 -0.0005
0.009253594617939823 -0.001215719421499641 -0.0005
0.008940466630255661 -0.001664285722503211 -0.0005
-0.01124915394210807 0.002066243062775337 -0.0005
-0.02074993947515658 0.002066629735837015 -0.0005
-0.02149427803172939 0.001637763652275308 -0.0005
0.004215388453702026 0.0004999931349065609 -0.0005
-0.01575000892455011 0.002067048186620245 -0.0005
0.01807513586583918 0.0009975262413462443 -0.0005
-0.02133817845210888 -0.0007245079221641235 -0.0005
0.01875083790413642 -0.002067471062295439 -0.0005
0.0185076435478257 -0.001638387600618753 -0.0005
-0.01874996047548629 0.002067077847053656 -0.0005
-0.02174801140921233 0.002068738480613222 -0.0005
0.01937099648449185 0.000746124671312402 -0.0005
0.01374166975081006 0.0005000000000013391 -0.0005
0.002917523572004338 0.0007474940231287167 -0.0005
-0.01310427191885117 -0.000998618847716631 -0.0005
-0.005744701394106877 -0.0007503931937355575 -0.0005
-0.01975000000001143 -0.002066987298108568 -0.0005
-0.02393043531380193 0.0007500000000965965 -0.0005
0.01674951375718701 -0.002067268030513893 -0.0005
-0.01674981498694007 0.00206672369469008 -0.0005
-0.007250000000045075 -0.002066987298109014 -0.0005
-0.01024956479452542 0.002067048689660314 -0.0005
-0.002750023268461695 0.002067043232825323 -0.0005
0.0215470075802827 0.001013649341150355 -0.0005
0.02105194268444614 0.0007967326877512699 -0.0005
-0.006757094945931871 -0.002059496927673664 -0.0005
0.005750000000050776 0.0020669872981097 -0.0005
-0.001749999999937401 0.002066987298106789 -0.0005
-0.02325000000000361 -0.002066987298109011 -0.0005
0.02325894666604375 0.001988114250617865 -0.0005
-0.01499999675167301 0.001634803292319675 -0.0005
0.01024854124166556 -0.002068489809678096 -0.0005
-0.01775000000001521 -0.00206873080622921 -0.0005
-0.01224957435459005 -0.002017578313863667 -0.0005
0.009239159984095491 0.002064740536234852 -0.0005
-0.01375000000002657 -0.002066987298109031 -0.0005
0.01374652066460436 0.001987603033385448 -0.0005
0.008257454361669527 0.002059328411984925 -0.0005
-0.01675314154955533 -0.002066565739633046 -0.0005
-0.01473341241823699 -0.002108298800151342 -0.0005
0.0147703843759948 0.002071924078636649 -0.0005
-0.01122473944565637 -0.002069065703748683 -0.0005
0.01128041921027478 0.002059445606562823 -0.0005
0.01026296454955312 0.001987738177021019 -0.0005
0.008545516348465725 0.0004999720328095161 -0.0005
-0.009498930819824638 0.001634341536339363 -0.0005
0.007679388768114605 -0.0004999718680354037 -0.0005
-0.01573197719821975 -0.001995339932627748 -0.0005
-0.003756660659026049 -0.002069857037402349 -0.0005
-0.002732724940105064 -0.001987509865991181 -0.0005
0.002750000000059234 0.002066987298109012 -0.0005
-0.01699125169465769 -0.0007305148864716955 -0.0005
-0.01751442356824702 -0.001669433951302282 -0.0005
0.009238000081776195 -0.002080958327399805 -0.0005
0.003782481480858738 0.0007502404511705841 -0.0005
-0.001715625463356838 -0.002066842521067291 -0.0005
-0.01900033246729996 -0.001632470489735258 -0.0005
-0.00749999999995277 0.001634790957205372 -0.0005
-0.007743995250151199 0.001225511581537445 -0.0005
-0.02460759221499133 0.001233822218221911 -0.0005
0.01287160357967464 -0.0004933521805026105 -0.0005
-0.003749846432105119 0.002066725787033134 -0.0005
0.02326816879867604 0.000499619630823693 -0.0005
-0.01398077856904677 0.0004856181712443978 -0.0005
-0.004750215126360085 0.002066891494068267 -0.0005
-0.02219890345621474 -0.0007498255877635203 -0.0005
-0.002500146813231988 0.001634327517653165 -0.0005
-0.01750024982348222 0.001631454694880413 -0.0005
0.00378249661592322 -0.0007502662869358685 -0.0005
0.006380453918564015 -0.000749999845472312 -0.0005
0.001617516327853693 -0.0005003502726409142 -0.0005
-0.007028375574525252 0.0004858477590951686 -0.0005
0.00508141571328764 -0.0004999999994748408 -0.0005
-0.02265414183474128 0.000956671723856419 -0.0005
0.02413673087491723 -0.001001209865700505 -0.0005
0.002916352203502681 -0.0007499999999662591 -0.0005
0.01895921874405107 -0.0004834638560877265 -0.0005
0.01158313415321 -0.0007464473653214693 -0.0005
0.02240583089439021 -0.0004978409850846022 -0.0005
-0.01099578404119187 0.001631625892171441 -0.0005
-0.003499081015651176 0.001633894829289544 -0.0005
0.009010709513852553 -0.0007978624001379808 -0.0005
-0.004500881371803438 0.001631371829438511 -0.0005
-0.02049745532648185 0.00163214253915425 -0.0005
-0.009997742440903212 0.001634552960945445 -0.0005
-0.01849999999997515 0.001633974596206095 -0.0005
-0.01949869768228514 0.001634760824627038 -0.0005
-0.01550002822598698 0.001634358569791366 -0.0005
0.02370136361419353 -0.0007505677951734027 -0.0005
-0.01649895089943329 0.001633892725696539 -0.0005
0.007244875173480899 -0.0007473706275389773 -0.0005
0.02075143936039762 -0.0020655557652961 -0.0005
0.009411851023903862 0.0005007142967421324 -0.0005
-0.005750005893420373 0.00206707792385927 -0.0005
-0.007246978788388243 0.001226974405883962 -0.0005
-0.005500730445581142 0.001634185714843949 -0.0005
-0.006499901238140094 0.001634371926954497 -0.0005
0.01286849273542845 -0.0009866571698471773 -0.0005
0.01283678946802673 -0.001477822558229589 -0.0005
0.02457261996346666 -0.001246958850289888 -0.0005
0.005084100704478884 -0.000997849687338044 -0.0005
0.001616443199877009 -0.0009984915604660434 -0.0005
0.003349503748799107 -0.001000310668100877 -0.0005
-3.804102217741016e-07 0.001633497601119735 -0.0005
0.003349592594074824 0.0004996579067591951 -0.0005
0.01027727525916403 0.0005000743056271422 -0.0005
0.006811733530654202 -0.0009969376824418273 -0.0005
0.003349364905391496 -0.001499999999968879 -0.0005
0.01574999999997521 -0.002067011630538317 -0.0005
0.001746986187527599 0.002083961915904396 -0.0005
0.001617314097822851 -0.001499999999960451 -0.0005
0.02412707651973672 0.001012948989992539 -0.0005
0.02050170791496112 -0.001632259683783176 -0.0005
0.01114249912648943 0.0004989604924205107 -0.0005
0.0190014135753171 -0.001634790724313686 -0.0005
0.01875387412767768 -0.001222048455313624 -0.0005
0.0199999999999876 -0.001633974596214987 -0.0005
0.01600080829871085 -0.001634193206865057 -0.0005
0.01650140984113849 -0.001634506809976209 -0.0005
0.01950016168107827 -0.001634431036545287 -0.0005
0.01699995118192231 -0.001635010935763271 -0.0005
0.006802973424340721 -0.001470366093566097 -0.0005
-0.01375680121635918 0.001228519716762984 -0.0005
0.01546600938821109 0.0009882532118805037 -0.0005
0.01978965243841785 0.0009628265565063335 -0.0005
-0.00531326711583181 -0.0009980180500533534 -0.0005
-0.004876737474931583 -0.00074280147618711 -0.0005
0.00773091519945257 -0.00205565895074894 -0.0005
0.01826321647717783 -0.001237299124296336 -0.0005
-0.01327365255832991 0.001235102685065778 -0.0005
-0.01955227062432868 -0.0007657962177541872 -0.0005
0.01457550248857385 -0.0004761064688489876 -0.0005
0.008501650818827349 -0.001458286155794844 -0.0005
0.02192096280026036 -0.0007548997947550843 -0.0005
-0.004006875117790212 -0.001239588590818969 -0.0005
0.01633727779366896 0.0009932905563938537 -0.0005
-0.01790261995275922 -0.0007797220682057305 -0.0005
0.01750269341236543 -0.001647232791591633 -0.0005
0.01590217142729988 0.0007399497222811865 -0.0005
-0.008237584236046159 0.001222411473531578 -0.0005
0.009905838589599415 -0.0007644590508069431 -0.0005
0.01428439960138694 -0.001226417047843287 -0.0005
-0.01200330141509617 0.00164047002251022 -0.0005
-0.01225223670467655 0.002070679441908745 -0.0005
-0.004444693832995217 -0.0009849646379700861 -0.0005
-0.009634184640713228 -0.0009908549663353199 -0.0005
0.0107366742807602 -0.000712578347130457 -0.0005
-0.01007222629303072 -0.0007280372070054862 -0.0005
-0.01872871254925323 -0.000678144427792925 -0.0005
0.02021448773062338 0.0007097384675401624 -0.0005
-0.001440742855162427 -0.001235908723370279 -0.0005
-0.01095951744769409 -0.001235267509582017 -0.0005
-0.0242347873819019 -0.002101572347418789 -0.0005
0.02425448712042586 0.002084064988184794 -0.0005
-0.02453390170838387 0.001724940258830464 -0.0005
0.0245874936943949 -0.001732305898581378 -0.0005
0.01546654055379722 0.00145004431544744 -0.0005
-0.0005522761479727673 -0.0007255504225362904 -0.0005
0.01273164398910235 0.00207587039036269 -0.0005
0.01117032679518897 -0.000958653619914887 -0.0005
0.01800848874418058 -0.001653003121671018 -0.0005
-0.02222697689700604 0.001209844708364561 -0.0005
-0.0001174297715775302 -0.0009870838159700718 -0.0005
0.01329251580113956 -0.001225609721494955 -0.0005
0.0222412373497139 0.002077201984689192 -0.0005
-0.01301988589521049 0.001650463890180894 -0.0005
0.001212019897307222 0.001222889716870763 -0.0005
-0.000753911044335652 -0.002100843341440896 -0.0005
0.0195030713121046 0.001679765923058145 -0.0005
0.01148410516173176 -0.001677371736262299 -0.0005
-0.02399999999999756 0.001693782297147327 -0.0005
-0.023999068436013 -0.001693576556950774 -0.0005
-0.02297332361410172 0.001668717072687121 -0.0005
0.001968848288018757 0.001667902939362114 -0.0005
0.02199999999999217 -0.001696152422709178 -0.0005
-0.007498579526051887 -0.001690831124899354 -0.0005
0.00899676838252177 0.001698489890811917 -0.0005
-0.01025570524730528 -0.002113691891097333 -0.0005
0.005500064744272868 -0.001687958770698913 -0.0005
0.005500252643240883 0.001687848564850131 -0.0005
-0.00408486131116942 -0.001708681578110646 -0.0005
0.01849954156423576 0.001692213069890315 -0.0005
-0.01704816557033908 -0.001661743546377276 -0.0005
-0.01050897136736744 -0.0009636396441076987 -0.0005
-0.01350791984385274 -0.001687201375068097 -0.0005
0.02172160196075955 0.002083056805597765 -0.0005
0.01510202799627808 0.001714580624454674 -0.0005
-0.02180341590633576 0.0004623510696346298 -0.0005
0.002017279804416105 -0.00168362444402666 -0.0005
0.01247425152993631 -0.001685097947865204 -0.0005
-0.01089397381856729 -0.00169071396002528 -0.0005
-0.02302841867834279 -0.001684125155540528 -0.0005
0.01574704883526377 0.002133267855481761 -0.0005
-0.01739909245588115 -0.0009373823283221617 -0.0005
0.000795704805050502 0.0004686696491354564 -0.0005
0.01221335779284567 0.002086416091110781 -0.0005
0.01153900571545101 0.001684873978763484 -0.0005
0.002960349973368615 -0.001682393692485352 -0.0005
0.002961898896413816 0.00167882622415324 -0.0005
-0.01227011220924996 0.0004121681573691813 -0.0005
-0.001400561295501921 -0.0016813407418404 -0.0005
-0.01451154007173113 -0.001698979073906871 -0.0005
0.02117603808111767 0.001247411891436517 -0.0005
-0.008739556214220531 0.0004084362392376912 -0.0005
-0.001022353241511756 -0.0009279620531345573 -0.0005
-0.006556879640998531 -0.001679133434512199 -0.0005
0.008056681118658551 0.001675659054921943 -0.0005
0.006429170445940244 -0.001669475745876556 -0.0005
0.006440531320142058 0.001678989820364144 -0.0005
-0.004742572827956287 -0.002138260053858791 -0.0005
0.00824999999995487 -0.002154063348124529 -0.0005
0.01724397216455336 -0.0004129687019378735 -0.0005
-0.002739467743658843 0.0004272231764949627 -0.0005
-0.01573619642884552 0.0004265613847291496 -0.0005
-0.01608300413271286 -0.001667812610878881 -0.0005
-0.01826424819044993 0.000426062854933988 -0.0005
-0.003088890766359907 -0.001665948869294467 -0.0005
0.01775000000001522 0.002158420677617038 -0.0005
0.01975807369948039 -0.0004207173179647903 -0.0005
0.00475000000005354 0.002159785367900931 -0.0005
0.009907744485055422 0.001668077434962747 -0.0005
-0.005269196491753496 0.0004232510653107991 -0.0005
0.02290535399414026 0.00166731143377948 -0.0005
-0.01275000000002943 -0.002162621585973047 -0.0005
0.01410273025845508 0.00166403346279185 -0.0005
0.001249999999936424 -0.002163789128931852 -0.0005
-0.00622257946792933 0.0004151842297681917 -0.0005
0.004749999999945773 -0.002164679852163369 -0.0005
-0.02224299679239439 -0.002160285020723841 -0.0005
0.02373558456183263 -0.0021716739368499 -0.0005
-0.009250000000039379 -0.002165490859780188 -0.0005
0.003749999999943146 -0.002165967793679387 -0.0005
0.003750000000056387 0.002165967793714767 -0.0005
0.01336788419796267 0.001666191764121745 -0.0005
0.01675000000001808 0.002166321362138057 -0.0005
-0.0118789751966636 -0.001670234086460278 -0.0005
0.02071654574035593 -0.0004209426678034297 -0.0005
-0.005750000000050579 -0.002166641874875407 -0.0005
0.007250000000045075 0.002166658402757935 -0.0005
-0.01920967531513397 0.0004261395176623976 -0.0005
0.02364334312721659 0.001664702151459044 -0.0005
-0.01478636704050559 0.0004120091628612661 -0.0005
0.01062650949891671 0.001663153020242349 -0.0005
0.01629461472293462 -0.0004233861663576306 -0.0005
-0.002368230590906989 -0.001663311871558856 -0.0005
-0.00825000000004223 -0.002170040218438126 -0.0005
-0.01532212773498372 -0.00166002609360629 -0.0005
-0.001795739864410604 0.0004186937898109216 -0.0005
0.007206664950704374 -0.001679153081922693 -0.0005
0.02274999999999432 -0.002172905512337089 -0.0005
-0.009691832513020852 0.000423131908953455 -0.0005
-0.0214089155980438 -0.001688772313502589 -0.0005
-0.01131695672066128 0.0003927484786003691 -0.0005
-0.0001728933409472743 0.0003974503342235651 -0.0005
0.000254885534279644 -0.002178926073770712 -0.0005
-0.02424871130599114 0.0005000000000052371 -0.0005
-0.0242487113059547 5.168312248079083e-14 -0.0005
-0.02424871130599181 0.001000000000003434 -0.0005
-0.02424871130594817 -0.0004999999999402967 -0.0005
-0.02424871130591689 -0.000999999999900727 -0.0005
-0.02083339032856277 0.0003928640079539943 -0.0005
0.008852531737392345 -0.00125902635807877 -0.0005
-0.0009934143482681907 -0.001780307643400032 -0.0005
0.01801090880071585 -0.0008945389441027256 -0.0005
-0.003639871674485956 0.0003942871375782503 -0.0005
-0.01663118113302389 0.0003926790985680749 -0.0005
0.01899999999998709 -0.0008923048454177995 -0.0005
-0.01735233439352716 0.0003916169143289723 -0.0005
-0.006999999999949939 0.0008937473230512897 -0.0005
0.009491759357524988 -0.0008875820223787711 -0.0005
-0.01399939458568339 0.0008947094079174654 -0.0005
-0.02000000000001177 -0.0008942705679636196 -0.0005
-0.004360176350682106 0.0003907969813076289 -0.0005
0.02160065359942985 -0.0003878406783263352 -0.0005
-0.02009826404538724 0.0003875153403025214 -0.0005
0.01539749536084869 -0.0003947388030337659 -0.0005
-0.0009148669900668618 0.0003858662982581919 -0.0005
-0.01305648154237826 0.0008937278904087323 -0.0005
-0.01057365755641086 0.0003846177012994917 -0.0005
-0.0246339745962147 -0.002133974596214117 -0.0005
0.0246339745962147 0.002133974596214117 -0.0005
0.02463397459621443 -0.002133974596214736 -0.0005
-0.02463397459621443 0.002133974596214736 -0.0005
-0.007963183947963835 0.0008879671886174667 -0.0005
0.01454485407648308 -0.0008793645388887374 -0.0005
-0.02096371012324908 -0.0008830076526496592 -0.0005
-0.01050271864806715 -0.001789266357604601 -0.0005
-0.01907199693697106 -0.0008666039751930747 -0.0005
0.02057420857726892 0.0008659960174715991 -0.0005
0.01978103931409517 0.001350134350505286 -0.0005
0.02161638986392507 -0.001123822046298016 -0.0005
-0.01837871397574503 -0.0008580204065049575 -0.0005
-0.02425874616127536 -0.001394598287169916 -0.0005
-0.02425874519338287 0.001393554093141604 -0.0005
0.01035725856407907 -0.000854157206335144 -0.0005
-0.01734723914407649 -0.001321410564128419 -0.0005
0.01550564788036533 0.001828197746272948 -0.0005
-0.02187315211314783 0.0008666222806136329 -0.0005
0.01365236669627333 -0.0008593039474767047 -0.0005
0.008497183907359169 -0.001831926200562947 -0.0005
0.01123166083388288 -0.001356928816631835 -0.0005
-0.02271874581522781 0.001348707774627578 -0.0005
-0.004487551497980725 -0.001816308697260961 -0.0005
0.01315240951962233 -0.001713833289092572 -0.0005
0.0008447373781145779 0.0008575901090063732 -0.0005
0.00170711578887146 0.001344458908557491 -0.0005
-0.01498266513834298 -0.00181186611117861 -0.0005
-0.006253697185883641 -0.0025 3.026016724209685e-05
-0.005246302814235115 -0.0025 3.0260167242431e-05
-0.007250000000045092 -0.0025 -6.698729872625051e-05
-0.003245560336934641 -0.0025 1.763629419093032e-05
-0.002254439661871104 -0.0025 1.763629444087014e-05
-0.00425000000005428 -0.0025 -5.165221221744301e-05
-0.001250000000063506 -0.0025 -6.698729872614843e-05
-0.01675000000001805 -0.0025 -6.698729872614691e-05
-0.01575000000132842 -0.0025 1.724491665727323e-05
-0.01274556033821751 -0.0025 1.763629444315651e-05
-0.01024999999761656 -0.0025 1.80178316677884e-05
-0.009254439663067337 -0.0025 1.76362946951059e-05
-0.01175448665778635 -0.0025 1.76323082423512e-05
-0.0237499999988044 -0.0025 1.801783191475816e-05
-0.022750000001203 -0.0025 1.801783191474483e-05
-0.02175443966181813 -0.0025 1.763629444087567e-05
-0.01775000000001551 -0.0025 -1.801782965339682e-05
-0.01475000000002374 -0.0025 -6.69872987261454e-05
-0.01375000000002658 -0.0025 -6.69872987261454e-05
-0.008250000000042237 -0.0025 -6.69872987261454e-05
-0.01875000000001304 -0.0025 -6.698729872593512e-05
-0.0002500000000659891 -0.0025 -6.698729872585396e-05
-0.02075000000001401 -0.0025 -5.16522102059933e-05
-0.01975000000001148 -0.0025 1.724491690977795e-05
0.007749999999929855 -0.0025 -5.165221021115275e-05
0.009745560333931209 -0.0025 1.763629486852068e-05
0.01524556033462572 -0.0025 1.763629443318998e-05
0.01725000000122202 -0.0025 1.724491658923574e-05
0.01924999999959017 -0.0025 1.724491717635052e-05
0.01174999999996463 -0.0025 -6.698729872463711e-05
0.01324999999996847 -0.0025 -6.698729872463711e-05
0.02125965835376884 -0.0025 -1.599226301792557e-05
0.02324999999999508 -0.0025 -6.698729872445681e-05
0.0007499999987893302 -0.0025 1.724491671994423e-05
0.02426881754357917 -0.0025 2.089180086370943e-05
0.02224034164615324 -0.0025 -1.59922630568912e-05
0.004754439662375508 -0.0025 1.763629484508858e-05
0.0202499999999872 -0.0025 -6.698729872363357e-05
0.002750000000338759 -0.0025 1.724491694787681e-05
0.005740341645750345 -0.0025 1.599226543180451e-05
0.001749999978006133 -0.0025 -5.165221123446965e-05
0.003749999999933418 -0.0025 -5.165220966251707e-05
0.0182499999735467 -0.0025 -5.165220925395456e-05
0.006753697186702851 -0.0025 3.026016749138713e-05
0.01625000000322902 -0.0025 -5.165221224032206e-05
0.008754439661923706 -0.0025 1.76362949875664e-05
0.01074999999996199 -0.0025 -6.698729872363655e-05
0.01425443966104008 -0.0025 1.763629484551553e-05
-0.005750000000010518 -0.0025 -6.950210928328114e-06
-0.02425000000000102 -0.0025 -5.115873152522813e-05
-0.002749999999829379 -0.0025 -6.77345487660574e-06
-0.01225001758020072 -0.0025 -6.77460449152224e-06
-0.009751650837342763 -0.0025 -6.663447824268405e-06
-0.01075000000003511 -0.0025 -5.115873331803795e-05
-0.02225165083765402 -0.0025 -6.663448476480196e-06
-0.02325000000000368 -0.0025 -6.553714298777858e-06
0.01475000000030208 -0.0025 -6.773454029582442e-06
0.00925000000150232 -0.0025 -6.773453324096642e-06
0.005250333429365133 -0.0025 -7.201039184106346e-06
0.006227343945161491 -0.0025 -1.035424257775244e-05
-0.0182265611294507 -0.0025 3.177516216490341e-05
-0.007750000000043705 -0.0025 1.771864162550642e-05
-0.0007500000000647059 -0.0025 1.771864418089819e-05
-0.01425000000002516 -0.0025 1.771864418091272e-05
-0.01727343887059199 -0.0025 3.177516216601494e-05
0.012746302814873 -0.0025 3.02601671921907e-05
0.02174999999995717 -0.0025 7.624382072561435e-06
0.01124999999996293 -0.0025 1.380728389032044e-05
0.02271935445167143 -0.0025 3.517055643105407e-05
0.0207806455483146 -0.0025 3.51705564372724e-05
-0.006742715725194921 -0.0025 -5.437056484592029e-05
0.01974271573161334 -0.0025 -5.437056135462574e-05
0.01774271572546342 -0.0025 -5.437056293914667e-05
0.01675728427482902 -0.0025 -5.437056484410219e-05
0.01024271572544352 -0.0025 -5.437056293912759e-05
-0.02125728427452655 -0.0025 -5.437056294034753e-05
-0.02024271572549328 -0.0025 -5.437056293997836e-05
-0.0192572842745296 -0.0025 -5.437056294012831e-05
0.01574271572512358 -0.0025 -5.437056484460033e-05
-0.00475728427490537 -0.0025 -5.437056484574178e-05
-0.003742715725204602 -0.0025 -5.437056484573359e-05
-0.01624271572550192 -0.0025 -5.437056294047406e-05
-0.01324271572551045 -0.0025 -5.437056294048972e-05
-0.008757284274558363 -0.0025 -5.43705629404945e-05
-0.0152572842748741 -0.0025 -5.437056484575273e-05
-0.001757284274579614 -0.0025 -5.43705629404952e-05
0.0187572842676969 -0.0025 -5.437056106439431e-05
0.0002572842743579426 -0.0025 -5.437056240593165e-05
0.02375728426836892 -0.0025 -5.437056135423321e-05
0.001242715725085063 -0.0025 -5.437056484406078e-05
0.01225728427481722 -0.0025 -5.437056484426883e-05
0.00825728427447231 -0.0025 -5.437056293878438e-05
0.007242715725435514 -0.0025 -5.437056293884992e-05
0.003242715725518243 -0.0025 -5.437056240528221e-05
0.004257284274367879 -0.0025 -5.437056240549596e-05
0.01375728426834189 -0.0025 -5.437056135465155e-05
0.002257284274456123 -0.0025 -5.437056293893465e-05
-0.01125736279853509 -0.0025 -5.440518804151741e-05
0.02463830982633701 -0.0025 -0.0001074350704935272
-0.02464289155161106 -0.0025 0.0001095065108035443
-0.0246826349269061 -0.0025 -0.0002032824739151478
0.02466305649952435 -0.0025 0.0001831862854761242
0.025 -0.000767515616624392 -5.278410596801767e-05
0.025 -0.001750000000001354 6.69873010734534e-05
0.025 0.0002500000012203331 -1.989625932104954e-05
0.025 0.001749999999998072 -6.69872987238876e-05
0.025 -0.0002417828487603253 1.551303629702418e-05
0.025 0.0007591487314527103 4.232876583897991e-05
0.025 -0.00125728427446684 -5.437056263561131e-05
0.025 0.001257362792472374 5.440518525312316e-05
0.025 -0.002140472724426349 -0.0001083550939672225
0.025 0.002140472727989206 0.0001083550914710122
0.025 -0.002185457183291352 0.000207233129381247
0.025 0.002185457186860501 -0.000207233132666101
0.006250000000048574 0.0025 -6.698729872689957e-05
0.007259658355114492 0.0025 -1.599226359472671e-05
0.005250000000077228 0.0025 1.724491640097065e-05
0.003245560336958622 0.0025 1.763629419197115e-05
0.00225443966184715 0.0025 1.76362944419061e-05
0.00425000000005428 0.0025 -5.165221221744301e-05
0.001250000000063506 0.0025 -6.698729872614843e-05
0.01625000000001947 0.0025 -6.698729872614843e-05
0.01274551334224934 0.0025 -1.763230622985659e-05
0.01024999999761655 0.0025 1.801783166779014e-05
0.01524034164739377 0.0025 -1.59922630619592e-05
0.009254439663067344 0.0025 1.763629469510959e-05
0.02325000000055559 0.0025 1.801783164225013e-05
0.0222544396618423 0.0025 1.763629444211112e-05
0.01725443966316519 0.0025 1.763629419216652e-05
0.014249999999977 0.0025 -1.801782965549226e-05
0.01175108557568712 0.0025 -1.792363861121847e-05
0.008250000000042237 0.0025 -6.69872987261454e-05
0.02124999997807944 0.0025 -5.165221121165148e-05
0.01824556033820382 0.0025 1.763629444083458e-05
0.02425543921629852 0.0025 4.352164721120101e-05
0.0002500000000659891 0.0025 -6.698729872585396e-05
0.01925000002194326 0.0025 -5.165221121151839e-05
0.02025000000003602 0.0025 1.724491640060614e-05
-0.007749999999929855 0.0025 -5.165221021115275e-05
-0.009745560333931209 0.0025 1.763629486852068e-05
-0.01524556033462572 0.0025 1.763629443318998e-05
-0.01725000000122202 0.0025 1.724491658923574e-05
-0.01924999999959017 0.0025 1.724491717635052e-05
-0.01174999999996463 0.0025 -6.698729872463711e-05
-0.01324999999996847 0.0025 -6.698729872463711e-05
-0.02125965835376884 0.0025 -1.599226301792557e-05
-0.0232596583537259 0.0025 -1.599226301962078e-05
-0.0007499999987893302 0.0025 1.724491671994423e-05
-0.02425543921620919 0.0025 -4.35216452178127e-05
-0.02224034164615324 0.0025 -1.59922630568912e-05
-0.004749999999945863 0.0025 -1.801783027546123e-05
-0.0202499999999872 0.0025 -6.698729872363357e-05
-0.00275000000394927 0.0025 -1.801783043762882e-05
-0.001749999999937808 0.0025 -6.698729872389497e-05
-0.005749999999948501 0.0025 -6.698729872389497e-05
-0.003749999997515664 0.0025 -1.801783075301022e-05
-0.0182499999735467 0.0025 -5.165220925395456e-05
-0.006749999996981317 0.0025 1.724491715621938e-05
-0.01625000000322902 0.0025 -5.165221224032206e-05
-0.008754439661923706 0.0025 1.76362949875664e-05
-0.01074999999996199 0.0025 -6.698729872363655e-05
-0.01425443966104008 0.0025 1.763629484551553e-05
0.002749999999829372 0.0025 -6.773454875934077e-06
0.01072528194908711 0.0025 -2.506567318810103e-05
0.009751650837370524 0.0025 -6.663447824624348e-06
0.02373122837590335 0.0025 -2.572805009288772e-05
0.02275165083783772 0.0025 -6.663448545836718e-06
0.01775000000026129 0.0025 -6.773454876420016e-06
-0.01475000000030208 0.0025 -6.773454029582442e-06
-0.00925000000150232 0.0025 -6.773453324096642e-06
0.00678064554830243 0.0025 3.517055634651514e-05
0.007727227543654111 0.0025 3.201991649273337e-05
0.0007500000000647059 0.0025 1.771864418089819e-05
0.01375000000002657 0.0025 5.115873380716264e-05
0.01224873343980744 0.0025 6.691749126910103e-06
0.01571935445204035 0.0025 3.517055642984703e-05
0.01474869040647318 0.0025 7.091055726946688e-06
-0.012746302814873 0.0025 3.02601671921907e-05
-0.02174999999995717 0.0025 7.624382072561435e-06
-0.01124999999996293 0.0025 1.380728389032044e-05
-0.02274999999997013 0.0025 -8.059071979717039e-06
-0.0207806455483146 0.0025 3.51705564372724e-05
-0.02373717512608881 0.0025 3.321845787640607e-05
-0.005226561128983252 0.0025 3.17751603123611e-05
-0.004249999999567256 0.0025 6.553715624119821e-06
-0.003250000000189983 0.0025 6.553714291867045e-06
-0.002273438870855866 0.0025 3.177516206023638e-05
0.0112499650487446 0.0025 5.08184074874264e-06
-0.01974271573161334 0.0025 -5.437056135462574e-05
-0.01774271572546342 0.0025 -5.437056293914667e-05
0.01874271572549555 0.0025 -5.437056294018626e-05
-0.01675728427482902 0.0025 -5.437056484410219e-05
-0.01024271572544352 0.0025 -5.437056293912759e-05
0.005742715725198563 0.0025 -5.437056484592311e-05
-0.01574271572512358 0.0025 -5.437056484460033e-05
0.00475728427490537 0.0025 -5.437056484574178e-05
0.003742715725204602 0.0025 -5.437056484573359e-05
0.0217572842745254 0.0025 -5.437056294046907e-05
0.01675728427486984 0.0025 -5.437056484574178e-05
0.008757284274558373 0.0025 -5.437056294048083e-05
0.001757284274579593 0.0025 -5.437056294053e-05
-0.0187572842676969 0.0025 -5.437056106439431e-05
0.02074271572515833 0.0025 -5.437056484534062e-05
0.01975728427486307 0.0025 -5.437056484534122e-05
-0.0002572842743579426 0.0025 -5.437056240593165e-05
-0.001242715725085063 0.0025 -5.437056484406078e-05
-0.01225728427481722 0.0025 -5.437056484426883e-05
-0.00825728427447231 0.0025 -5.437056293878438e-05
-0.007242715725435514 0.0025 -5.437056293884992e-05
-0.01375728426834189 0.0025 -5.437056135465155e-05
-0.006257284268322116 0.0025 -5.4370561354564e-05
0.01324263720145963 0.0025 5.440519033112032e-05
0.02464061760085218 0.0025 -0.0001067370621028578
-0.02464061760042444 0.0025 0.0001067370649015176
-0.02467097898419707 0.0025 -0.0001961564732655423
0.02467097898360104 0.0025 0.000196156473779529
-0.025 0.001244775975828726 -1.786954216334867e-05
-0.025 0.0002499999971274209 -1.989625894541084e-05
-0.025 -0.001749999999998072 6.69873010712541e-05
-0.025 -0.0007675156154207234 -5.278410600606797e-05
-0.025 -0.0002417828502986772 1.551303438397775e-05
-0.025 0.001754632038134999 3.89793427971564e-05
-0.025 0.0007494520082654877 8.335627838991239e-06
-0.025 -0.001257284267710416 -5.437056106417714e-05
-0.025 0.002137559798844031 -0.0001091557360486179
-0.025 -0.00214047272797676 -0.0001083550909258626
-0.025 0.002177285486397969 0.0001976464536287188
-0.025 -0.002185457187944294 0.0002072331329347343
-0.02125000000000923 -0.002066987298108941 0.0005
0.02124659600079879 0.002050077822291965 0.0005
-0.01725000000001658 -0.002077448346831332 0.0005
0.01723104487112981 0.002046391719962988 0.0005
-0.0192500000000123 -0.002066987298108619 0.0005
0.01923963702892927 0.002053418012613422 0.0005
-0.01522035462251593 -0.002101538111863678 0.0005
0.01525533343814245 0.002121653950277963 0.0005
-0.01318331394224294 -0.002024844795836674 0.0005
0.01321027527754054 0.002052362725549041 0.0005
0.01174740607331107 0.002059317943413054 0.0005
-0.01170481584155582 -0.002049634631441099 0.0005
-0.006212711315209394 -0.002023041586542825 0.0005
0.006250000000048596 0.002066987298109765 0.0005
0.009717109838203104 0.002050554802531445 0.0005
-0.009709965170842699 -0.002035258619912683 0.0005
-0.007820360180479458 -0.002028325826183197 0.0005
0.007713773091986961 0.002022969784556927 0.0005
0.004235167275398172 0.00204653616595662 0.0005
-0.004249869684133645 -0.00212109790866349 0.0005
-0.002196336999827549 -0.002049147973452836 0.0005
0.002250000000060657 0.002066987298109016 0.0005
-0.0002000783982547737 -0.002041097135610897 0.0005
0.0007500000000647631 0.002066987298106505 0.0005
0.02231955146845085 -0.002029445007343444 0.0005
-0.0222499999999926 0.002066987298106815 0.0005
0.0202499999999875 -0.002066987298107294 0.0005
-0.02024999999998603 0.00206698729810541 0.0005
0.01825502742490299 -0.002069889883238149 0.0005
-0.01824999999998064 0.002066987298105434 0.0005
0.01624999999997637 -0.00206698729810759 0.0005
-0.01624999999997553 0.002066987298105718 0.0005
0.01424999999997068 -0.002066987298106506 0.0005
-0.01424999999997068 0.002066987298106505 0.0005
0.0107499999999621 -0.002066987298106567 0.0005
-0.01074999999996118 0.002066987298105673 0.0005
0.008743075510004552 -0.002118135879750838 0.0005
-0.008749999999956222 0.002066987298106496 0.0005
0.005176335178029877 -0.002026600901137178 0.0005
-0.005249999999947288 0.002066987298106701 0.0005
0.00329808843674184 -0.002023746996473055 0.0005
-0.003249999999941858 0.002066987298106665 0.0005
-0.001249999999936297 0.002066987298106791 0.0005
0.001688284213281059 -0.002024566921689289 0.0005
0.007237024595179442 -0.002159540615170394 0.0005
-0.007249999999953002 0.002066987298106878 0.0005
0.01278679502230928 -0.002006642457618789 0.0005
-0.01274974389160295 0.002070027926421653 0.0005
-0.02456698729810786 -0.0002499999999942677 0.0005
0.02456698729810786 0.0002499999999944213 0.0005
-0.02269403503642325 -0.002024230988580769 0.0005
0.02272014365864304 0.002053821110574649 0.0005
0.0007504604076096516 -0.002053988611069807 0.0005
0.00974999999995978 -0.002066987298106658 0.0005
-0.009749999999958641 0.00206698729810577 0.0005
0.01524999999997397 -0.002066987298107019 0.0005
-0.01524999999997296 0.002066987298105803 0.0005
0.01174999999996466 -0.002066987298107503 0.0005
-0.01174999999996466 0.002066987298107503 0.0005
0.01724708254323526 -0.002068671692543326 0.0005
-0.01724999999997773 0.002066987298105632 0.0005
0.01924999999998438 -0.002066987298106996 0.0005
-0.01924999999998322 0.002066987298106215 0.0005
-0.0002499999999339615 0.002066987298107561 0.0005
0.02124999999998954 -0.002066987298107099 0.0005
-0.02124999999998957 0.002066987298107461 0.0005
0.02456698729810847 -0.0007500000000037547 0.0005
-0.02456698729810907 0.0007500000000041986 0.0005
-0.02025000000001074 -0.002066987298108502 0.0005
0.02025000000001082 0.002066987298108386 0.0005
-0.005272099764779371 -0.002043850898848913 0.0005
0.005175688389187686 0.002024769885314504 0.0005
0.02325549465074188 -0.002055673803546514 0.0005
-0.02324999999999494 0.002066987298107323 0.0005
0.00423581406424969 -0.002048355649237786 0.0005
-0.004249999999944326 0.002066987298106758 0.0005
0.006228460186189872 -0.002051621365182466 0.0005
-0.006249999999949717 0.002066987298106756 0.0005
-0.002249999999938927 0.002066987298106761 0.0005
-0.01825000000001405 -0.002066987298108823 0.0005
0.01817294011966272 0.002024591108165276 0.0005
-0.01627679365455522 -0.002051102341071748 0.0005
0.01628281278360616 0.002038730040128843 0.0005
-0.0142358947224604 -0.00205242875768653 0.0005
-0.008759507159508574 -0.002050016946959957 0.0005
0.008750000000040808 0.002066987298109011 0.0005
-0.01074585746853075 -0.002110211106208208 0.0005
0.01428901989532469 0.002050064813421675 0.0005
0.01080055152503097 0.002049312239796126 0.0005
-0.001241942528086436 -0.002104310226018164 0.0005
-0.003279837833838864 -0.002050821514754597 0.0005
0.003298088436818801 0.002023746996497973 0.0005
-0.02460523286800945 -0.001237975363666305 0.0005
0.02456698729810718 0.001249999999996307 0.0005
-0.02374532866584914 -0.002056951205803588 0.0005
0.02379336282735543 0.002051851937521642 0.0005
0.02420408719047076 -0.002047151376280345 0.0005
-0.02424703384150173 0.002085550338072056 0.0005
0.02456698729810767 0.0007499999999948893 0.0005
0.02413397459621602 0.0004999999999942932 0.0005
0.02413397459621628 -4.803398150445789e-15 0.0005
0.02370096189432471 0.0002499999999946009 0.0005
0.023700961894325 -0.0002500000000045673 0.0005
0.02326794919243334 -5.070397949881917e-15 0.0005
0.02326794919243361 -0.000500000000004461 0.0005
0.02283493649054191 -0.0002500000000048879 0.0005
0.02283493649054167 0.0002499999999944955 0.0005
0.02240192378865013 -5.288991177891203e-15 0.0005
0.02240192378865007 0.0004999999999940898 0.0005
0.02196891108675835 0.0002499999999943403 0.0005
0.02198245701657585 -0.0002313067797252344 0.0005
0.02154894857559661 2.180875698768861e-05 0.0005
0.021538073416655 0.0005036347928262955 0.0005
0.02110542322006106 0.0002542405916319936 0.0005
0.02116350764153578 -0.0002944949328574785 0.0005
0.02068869658594449 7.661807220961097e-06 0.0005
0.02065515709564248 0.0004756105789102692 0.0005
0.02023686027919066 0.0002499999999946902 0.0005
0.02024387617949897 -0.0003018183872926263 0.0005
0.01979738791438026 4.577382453734627e-06 0.0005
0.01979943778761398 0.0004967237399302335 0.0005
0.0193690232999727 0.0002502168537274425 0.0005
0.0193708348754063 -0.000250000000004725 0.0005
0.01893752024427537 3.614228413856134e-08 0.0005
0.01893746992273581 0.0005000421659986851 0.0005
0.01850480947162245 0.0002499999999955926 0.0005
0.01850475915008229 -0.0002499939762895042 0.0005
0.01807178838280685 1.003948431441311e-09 0.0005
0.01806163899015031 -0.0004824219860759214 0.0005
0.01764446114576326 -0.000234302456801221 0.0005
0.01763972884967187 0.0002526164245220653 0.0005
0.01721424644824832 1.582003484041581e-05 0.0005
0.0172073413433023 0.0005030727432247693 0.0005
0.01677443284066372 0.0002531487963423503 0.0005
0.01676671463749178 -0.0003002423480419863 0.0005
0.01633048952871075 6.922220725939522e-06 0.0005
0.01633974596216209 0.0004999999999974084 0.0005
0.01590673326026977 0.0002499999999979564 0.0005
0.01584397231783342 -0.000296716104297799 0.0005
0.01547372055837729 -1.412930080786668e-15 0.0005
0.01547184943649475 0.000497055279808303 0.0005
0.01504039600283833 0.0002495092133007577 0.0005
0.01502178975270347 -0.0002321475832723241 0.0005
0.01460331449164354 4.929925255383311e-06 0.0005
0.01460691306849439 0.0005007398564258361 0.0005
0.01417382199452661 0.0002509449636141549 0.0005
0.01417263326246838 -0.0002469845316040229 0.0005
0.0137411848094077 6.600720028810172e-07 0.0005
0.01372696269181665 -0.0004746455773198973 0.0005
0.01330612504885077 -0.0002456642508844383 0.0005
0.01330815422533951 0.000250832636854585 0.0005
0.012875138543084 8.613976639670807e-07 0.0005
0.0128756443470254 0.0005000000000028663 0.0005
0.01244254734447615 0.0002501435662805639 0.0005
0.01244253329436569 -0.0002498325060065099 0.0005
0.01200958850133642 5.184338241823674e-08 0.0005
0.01200959747779418 -0.0004999634437674331 0.0005
0.01157659759012267 -0.0002499852667267832 0.0005
0.01157659972582592 0.0002500110961139359 0.0005
0.01114359101166402 4.304903044607087e-09 0.0005
0.01114359353945467 -0.0004999999999934249 0.0005
0.01070835299237734 -0.0002461412711673684 0.0005
0.01071020910873313 0.0002506438389622006 0.0005
0.01027713487333482 7.504279722547398e-07 0.0005
0.01028998240432588 -0.0004679429577570983 0.0005
0.00984835574055979 -0.0002414083824727719 0.0005
0.00984511660785287 0.0002515570075905765 0.0005
0.009412269645362332 1.691437527480056e-06 0.0005
0.009427470178596555 -0.0004764261220638663 0.0005
0.00898130575669167 -0.0002457891140808949 0.0005
0.008979113803357008 0.000250983720582935 0.0005
0.008546077244778898 8.657677596882488e-07 0.0005
0.00854607326866332 -0.0004991538910444256 0.0005
0.008112504626209414 -0.0002499999999852773 0.0005
0.008112597945656993 0.0002501442946389756 0.0005
0.007679507477559182 2.404912013182471e-08 0.0005
0.00767951006976756 0.0005000280573038008 0.0005
0.007246479222427051 0.0002500000000173257 0.0005
0.007246481814632215 -0.0002499959917983483 0.0005
0.006813466952568752 6.680496434723128e-10 0.0005
0.006813467024572728 -0.0004999992206116479 0.0005
0.006380453898239517 -0.000249999876901252 0.0005
0.006380453903915338 0.000250000131871776 0.0005
0.005947441116750244 2.19357564526665e-14 0.0005
0.005947441130014768 -0.0004999999794648844 0.0005
0.005514428417068291 -0.0002499999965575045 0.0005
0.005514428415227532 0.0002500000005932512 0.0005
0.005081415713396058 6.89996526350341e-13 0.0005
0.005081415713101074 0.000500000000230657 0.0005
0.004648403011168948 0.0002500000001718075 0.0005
0.004648403011160452 -0.0002499999998380677 0.0005
0.004215390309182069 2.859375672757192e-14 0.0005
0.004215390309194607 -0.000499999999948872 0.0005
0.003782377607291318 -0.0002499999999658927 0.0005
0.00378237760729177 0.0002500000000309151 0.0005
0.003349364905398539 3.291495042379947e-14 0.0005
0.003349364905396241 -0.0004999999999670364 0.0005
0.002916352203504511 -0.0002499999999660476 0.0005
0.002916352203507045 0.000250000000033951 0.0005
0.00248333950161359 3.579140962771496e-14 0.0005
0.002483339501611405 -0.000499999999964061 0.0005
0.002050326799720494 -0.0002499999999621367 0.0005
0.002050326799722685 0.0002500000000375567 0.0005
0.001617314097829697 3.970460912956501e-14 0.0005
0.001617314097831961 0.000500000000039259 0.0005
0.001190364382289379 0.0002394985996368361 0.0005
0.001185311893661706 -0.0002517502333589424 0.0005
0.0007585305944088212 -1.254333932851681e-05 0.0005
0.0007526640937247835 -0.0005023822620849728 0.0005
0.0003197122088266103 -0.0002524876002043353 0.0005
0.0002970462553293771 0.0003012768279678802 0.0005
-0.000114736709738273 4.791002798574737e-14 0.0005
-0.0001147367097407602 -0.0004999999999519329 0.0005
-0.0005502827068741157 -0.0002456122038792055 0.0005
-0.0005387495731013494 0.0002182136732824947 0.0005
-0.0009687018357326887 -2.358870536288305e-05 0.0005
0.007246482246670067 0.0007500046762315351 0.0005
-0.0009886394330069638 -0.0004868060309655619 0.0005
-0.001413077655697879 -0.0002517324560178549 0.0005
-0.001348295119197793 0.0002937296044884807 0.0005
-0.001827065427718498 -8.056523621325687e-06 0.0005
-0.001843384309091504 -0.0005016314965685701 0.0005
-0.002275946002899047 -0.0002516146699921137 0.0005
-0.002265779455318224 0.000301379703157087 0.0005
-0.002716031604202191 -4.411324246912386e-06 0.0005
-0.002712706998895025 -0.0005010043323325392 0.0005
-0.00314634441646964 -0.0002509026093877791 0.0005
-0.00319015514569214 0.0002998055157186842 0.0005
-0.003578838324875052 6.401169814905943e-14 0.0005
-0.003578924790458147 -0.0005001504348440582 0.0005
-0.004011865437698256 -0.0002500250724187665 0.0005
-0.004009513182174842 0.0002171174036243763 0.0005
-0.004433939189504757 -2.373575075991787e-05 0.0005
-0.00444486372866109 -0.0004999999999321221 0.0005
-0.004875270428461006 -0.0002525958731863411 0.0005
-0.004823678420046734 0.0002955519058275562 0.0005
-0.005293608652045136 -6.373425225631743e-06 0.0005
-0.005310889132444833 -0.0004999999999286256 0.0005
-0.00574102175426945 -0.0002510622374766118 0.0005
-0.00574302987139513 0.0003018352989832039 0.0005
-0.00618441242213793 -5.607663899160746e-06 0.0005
-0.006177684170536187 -0.0005011116501792728 0.0005
-0.006611305158156061 -0.0002511198856286618 0.0005
-0.0066099272381178 0.0002500000000756014 0.0005
-0.007043169593350072 -1.866475402211158e-07 0.0005
-0.007043207868908354 -0.000500217755476159 0.0005
-0.007476035572276061 -0.0002500674004498004 0.0005
-0.00747595264190187 0.0002500000000784995 0.0005
-0.00790897916552356 -1.123334147007165e-08 0.0005
-0.007920155760233734 0.000480619747999757 0.0005
-0.008337009251094006 0.0002349274961833174 0.0005
-0.008341152216877156 -0.0002525139561385566 0.0005
-0.008767188809391565 -1.477166625141962e-05 0.0005
-0.008773552786414233 -0.0005028809370095363 0.0005
-0.009206463466246304 -0.0002529421004871215 0.0005
-0.009220495146444109 0.000300563343088329 0.0005
-0.009641016151363367 8.504873348914631e-14 0.0005
-0.009641016151364716 -0.0004999999999148213 0.0005
-0.01007628429909292 -0.0002460934531306258 0.0005
-0.01014183191689565 0.0002973178506305865 0.0005
-0.01051297113790573 -2.783471272689215e-06 0.0005
-0.01050558792011029 -0.000486782522918533 0.0005
-0.01094005425704021 -0.0002499999999115493 0.0005
-0.01095286569461981 0.0002172403462897657 0.0005
-0.01136593174828554 -2.151683304033737e-05 0.0005
-0.01137187775715868 -0.0005035861387655585 0.0005
-0.01180469225875429 -0.0002541838285737051 0.0005
-0.01178640276031591 0.0002995796473468302 0.0005
-0.01224200936767835 -3.567171325857257e-06 0.0005
-0.01223934729653234 -0.0005012918332553846 0.0005
-0.01267263372107153 -0.0002508098340351323 0.0005
-0.01267910706357043 0.0002381373579855093 0.0005
-0.01310637287573788 -2.112079279378187e-06 0.0005
-0.01309549402913355 0.000478618455949197 0.0005
-0.01353673569703723 0.0002460843961743863 0.0005
-0.01353810719137338 -0.0002510046137881579 0.0005
-0.01397090682888882 -8.200362057113438e-07 0.0005
-0.01397109990054953 -0.0005003041082689889 0.0005
-0.01440415587217702 -0.0002499999999046878 0.0005
-0.01440415587217621 0.0002500000000951721 0.0005
-0.01482870165180826 -1.46651394430037e-05 0.0005
-0.01483575742035938 -0.0005024441898271228 0.0005
-0.01526853492996609 -0.0002528515548138346 0.0005
-0.01526209118221623 0.0003004372150056274 0.0005
-0.0157090123541611 -4.957448005129354e-06 0.0005
-0.01570388931623916 -0.0005013015004051289 0.0005
-0.01613729229886107 -0.0002510431580032425 0.0005
-0.01618493512043815 0.0002993209327132289 0.0005
-0.01656921938163729 9.816601291896079e-14 0.0005
-0.01656940031815745 -0.0005001738595856205 0.0005
-0.01700226223961646 -0.0002500289765155909 0.0005
-0.01700179631440999 0.0002170939363277455 0.0005
-0.01742478144347729 -2.349512276628153e-05 0.0005
-0.01742902168773645 -0.0004908150459953537 0.0005
-0.01786701756892296 -0.0002497156695048751 0.0005
-0.01781740655401458 0.0002965827695258384 0.0005
-0.01828502773735023 -5.284234827369728e-06 0.0005
-0.01831048024696253 -0.0004704742527008735 0.0005
-0.01873078615890863 -0.0002419333073551931 0.0005
-0.01873663848590307 0.0003033188782251214 0.0005
-0.01916729559299016 1.000281672216962e-13 0.0005
-0.01914738147166354 -0.0004704503824199224 0.0005
-0.01959586571787537 -0.0002431290062148122 0.0005
-0.0196588857050486 0.0002990583618899236 0.0005
-0.02003332099677444 1.00296846002486e-13 0.0005
-0.02002590351102701 -0.0004792872048576309 0.0005
-0.02046509745104198 -0.0002465478673925588 0.0005
-0.02047277348232553 0.0002178642833471735 0.0005
-0.02089042458984037 -2.173575819856559e-05 0.0005
-0.02090910169246006 -0.000483218230789402 0.0005
-0.02133235910245063 -0.0002499999998994716 0.0005
-0.02130398798519219 0.0003005612689278011 0.0005
-0.02176627271733306 -1.323584927686794e-06 0.0005
-0.021765521956508 -0.0005002205974041519 0.0005
-0.02219855968376054 -0.0002502573636551472 0.0005
-0.02220419328718752 0.0002399860454701643 0.0005
-0.02263239453453951 -1.711886297506864e-06 0.0005
-0.02263253155935416 0.0004980456932617384 0.0005
-0.02263159262544976 -0.0005003282082584393 0.0005
-0.02306476518962505 0.0002493889678938064 0.0005
0.008112597282968264 -0.0007498589818283365 0.0005
0.01850435623450825 -0.0007592076065652292 0.0005
0.0055144284149444 0.0007500000001522478 0.0005
-0.01352191515204962 0.0007735248115598964 0.0005
0.01244261759502446 0.0007500239277162279 0.0005
0.008112523203694516 0.0007500287253329918 0.0005
0.01763878406783839 0.0007499999999961044 0.0005
0.004648403011088205 -0.0007499999999468174 0.0005
-0.008341978045689341 -0.0007499999999184662 0.0005
0.02283493649054202 -0.0007500000000044252 0.0005
-0.01267210506460946 -0.0007499999999075218 0.0005
0.02283493649054157 0.000749999999993768 0.0005
0.001184504278366884 -0.0007503514026390852 0.0005
-0.01261229167997698 0.0007526468311209464 0.0005
0.01417468245270227 0.0007500000000002454 0.0005
0.0132875685689625 -0.0007155117321647138 0.0005
-0.02222278948389313 0.0007087785234704013 0.0005
0.001211569410921325 0.0007094950038679247 0.0005
-0.0084004868675174 0.0007469079922348836 0.0005
0.004648403011114933 0.0007500000000847762 0.0005
0.0175699086484887 -0.0007516843235122656 0.0005
0.01409995204069143 -0.0007654341920901496 0.0005
-0.02306465818182413 0.000749572443591977 0.0005
0.002050326799724778 0.0007500000000370753 0.0005
-0.007487877480386783 0.0007728600829814277 0.0005
0.02240192378865011 0.0009999999999933558 0.0005
0.01460756480691127 0.001000123309403601 0.0005
-0.01223913485168733 -0.001000215305465918 0.0005
0.01720603302883943 0.001000512123867525 0.0005
0.0128756420053414 0.001000003987954522 0.0005
0.00421539030918326 -0.0009999999999634052 0.0005
-0.008774751087387598 -0.001000480156098887 0.0005
0.02326794919243402 -0.001000000000004075 0.0005
0.0007515517410600984 -0.001000455610757749 0.0005
0.008522231680159172 -0.001001339871818694 0.0005
0.008108033532927031 -0.001250142720661304 0.0005
-0.02349752320381213 0.0004998269019804872 0.0005
-0.02349749859049471 -1.306882874886859e-07 0.0005
-0.02349748075586163 0.0009998998909945221 0.0005
0.01244262891316862 0.001250004652613935 0.0005
-0.0135381193772678 -0.0007502181202802255 0.0005
-0.01397113411014255 -0.001000087038027896 0.0005
0.01850475076315971 0.0007500070276625091 0.0005
0.0189377536803078 0.001000008198939908 0.0005
-0.007476011118449956 -0.0007500475259346453 0.0005
-0.00704299434092096 -0.001000044213516558 0.0005
0.01200961614622772 0.001000004763392331 0.0005
0.02370096189432451 0.0007499999999933952 0.0005
0.002050326799718243 -0.0007499999999620082 0.0005
0.002483339501609317 -0.0009999999999640824 0.0005
0.005514428417434962 -0.0007499999959876834 0.0005
0.005947441119387728 -0.0009999999958943972 0.0005
0.007678762184894905 -0.001000000283737153 0.0005
0.01244261167576238 -0.0007499659916266516 0.0005
0.01200961714560114 -0.0009999969385715358 0.0005
0.01763882767832091 0.001250085353974033 0.0005
0.004649157598147058 -0.001251320437738729 0.0005
-0.008340534414599345 -0.001252557232022487 0.0005
0.02283493649054217 -0.001253344969711393 0.0005
0.022404677182707 -0.001000557494955608 0.0005
-0.01267211214610518 -0.001250035884166587 0.0005
0.001184329695825958 -0.001250049016811908 0.0005
-0.02306828409549104 0.001215397510415705 0.0005
0.0124484547905803 -0.001239901554324667 0.0005
0.002044667999674347 -0.001240198670779837 0.0005
0.002487944321268484 -0.001571234167911237 0.0005
0.002916352203500823 -0.001249999999965988 0.0005
-0.01353276782586266 -0.001240768307498065 0.0005
0.02284284231528636 0.001236306709859229 0.0005
-0.00747997934783817 -0.001241126242559351 0.0005
-0.007028723394673415 -0.001571313859376743 0.0005
-0.006609927238123615 -0.001249999999923218 0.0005
0.01416661768884734 0.001236089598952773 0.0005
0.0137403256235014 0.0009976815998262902 0.0005
0.005512023679906425 -0.001241116208440941 0.0005
0.01850398669274291 0.001241124168004726 0.0005
-0.0239304353138016 0.0002500000000995474 0.0005
0.0137417071200865 0.001480221741659589 0.0005
0.01456978592341248 0.001566188126539902 0.0005
0.01502629005659784 0.001247366622858929 0.0005
-0.01224920996892189 -0.001496845280012536 0.0005
-0.01181606441492918 -0.001235148962954475 0.0005
0.02243881001418451 0.001578009597965546 0.0005
0.02197505879101441 0.001263001599655157 0.0005
0.02198600230682748 0.001705723068640596 0.0005
0.007680150423747882 -0.001496809797018868 0.0005
0.007237684728140193 -0.001234256401069686 0.0005
0.008128188271988067 -0.001721132225645944 0.0005
0.02151662031062798 0.001570596131072786 0.0005
-0.02393043531380144 -0.000249999999899583 0.0005
-0.02349743527500733 -0.0005000217812972969 0.0005
-0.02393043531380154 -0.000749999999898797 0.0005
-0.02349742472242623 -0.001000003630131698 0.0005
-0.02393043531380171 -0.001249999999898245 0.0005
0.01291654888689118 0.00157850863161493 0.0005
0.01246647954010747 0.001703118210852691 0.0005
-0.01268716658129199 -0.001750113507097131 0.0005
-0.02350216151267028 -0.001572179678924672 0.0005
-0.02306440991001848 -0.001249999999898468 0.0005
-0.0234994571664485 0.001569608463993127 0.0005
-0.02392358851235133 0.001247429153480802 0.0005
0.01897174461106066 0.001570685848367464 0.0005
0.01938445366343592 0.001229757069283712 0.0005
0.005963099829230504 -0.001568870713374577 0.0005
0.006380453818638535 -0.001249999999979567 0.0005
-0.01397773606564572 -0.001569310576883683 0.0005
-0.01440415587217814 -0.001249999999903984 0.0005
0.01200175292317974 -0.001572353123366145 0.0005
0.01158271947289461 -0.001228738542876009 0.0005
0.02240192378865007 -0.001500000000004525 0.0005
0.02198473704772727 -0.001284084426697526 0.0005
0.01721003449570674 0.001507831532965192 0.0005
0.01677655676345068 0.001251390609469765 0.0005
0.01676503247934595 0.001751777544110205 0.0005
0.01632886536759685 0.001495284414728359 0.0005
0.01586999698142513 0.001711319233570084 0.0005
0.01590494626778388 0.001229382589827478 0.0005
0.004219674619943098 -0.001509586330960005 0.0005
0.003783091659080116 -0.00125159772179993 0.0005
0.003782377607282302 -0.001749999999970492 0.0005
-0.008770725913297191 -0.001511273647597125 0.0005
-0.009202984701659873 -0.001251958967225838 0.0005
-0.009222366516119004 -0.001752333173564827 0.0005
-0.009653368152842772 -0.001490506627926941 0.0005
-0.01011238400528448 -0.001670338670431549 0.0005
-0.01006287814100685 -0.001202778376355105 0.0005
-0.01051333587004522 -0.00139003994193794 0.0005
0.02326587343548566 -0.001513181431919338 0.0005
0.02370061593483467 -0.001252196905322785 0.0005
0.02371834096795804 -0.001755544504422647 0.0005
0.02415085822790915 -0.001505062288865859 0.0005
0.0007510919993553534 -0.001514500450700833 0.0005
0.0003243400044587161 -0.001260532869283294 0.0005
0.00119583813387656 -0.001750586235452555 0.0005
0.0002934593341602535 -0.001761245406389279 0.0005
-0.0001277282535877745 -0.001490854299676068 0.0005
-0.0005928509786050082 -0.001659417412746686 0.0005
-0.0005601903354727035 -0.001192922247331493 0.0005
-0.0009778058948121972 -0.001355626494953899 0.0005
-0.008315550859302023 -0.001755654723621713 0.0005
0.02281328897751986 -0.001758656939125607 0.0005
0.004676122673060086 -0.001752314816219537 0.0005
0.01766758639254513 0.001748490522936528 0.0005
-0.007901448174009059 -0.001497928741826117 0.0005
0.005099175807008951 -0.001494661482437632 0.0005
-0.02456698729810696 -0.0007499999999957962 0.0005
0.0133086570489181 0.001250000000001472 0.0005
0.01374999999996917 -0.002066987298107013 0.0005
0.01399999999996959 -0.001637836004026261 0.0005
0.01449999999997155 -0.001638479571994716 0.0005
0.01353156699581365 -0.001652843377731506 0.0005
0.01380375900258429 -0.001225500746639066 0.0005
-0.01374999999996917 0.002066987298107013 0.0005
-0.01399999999996958 0.001634139068468816 0.0005
-0.01449999999997065 0.001634002008255421 0.0005
-0.0135080781147256 0.001638832726538588 0.0005
-0.01424989909758864 0.001222285049873634 0.0005
-0.0147499831829069 0.001204520322252175 0.0005
-0.01445156327844479 0.0007502104479318076 0.0005
-0.01500000078066912 0.0007726813724660321 0.0005
-0.01524999732724362 0.001202343662314086 0.0005
-0.01550165499425202 0.0007778404980022124 0.0005
-0.01575027538689724 0.001202840739913248 0.0005
-0.01599999999997118 0.0007679491924248387 0.0005
-0.01625004589779306 0.001201275035249686 0.0005
-0.0164693603585286 0.0007716892242827477 0.0005
-0.01674490104270228 0.001201637423114891 0.0005
-0.01699572988505703 0.000706282153189312 0.0005
-0.01724843848794223 0.00119079664257635 0.0005
-0.01752195777067661 0.000761620835373192 0.0005
-0.01775339937641915 0.001198212959516756 0.0005
-0.0179999999999733 0.0007679491924218205 0.0005
-0.01825056656271508 0.001200503738514472 0.0005
-0.01849885189638371 0.0007770183977684773 0.0005
-0.01874990307649979 0.001202397069238079 0.0005
-0.01899214117351651 0.0007774615410109203 0.0005
-0.01924867404165304 0.00120278648156532 0.0005
-0.01947785908375527 0.000776890214216452 0.0005
-0.01974608885421871 0.001202756162487011 0.0005
-0.01995518294806035 0.0007725218609378541 0.0005
-0.02024187863369747 0.001202023050427081 0.0005
-0.02047981587280549 0.0007067292366138843 0.0005
-0.02074528241773509 0.001190935427695986 0.0005
-0.02101994971265019 0.0007609010090862944 0.0005
-0.02125253868838281 0.001198116119319822 0.0005
-0.02149620822703937 0.0007926085493094082 0.0005
-0.02171970222742355 0.001221969340322701 0.0005
-0.02099963685100883 0.001631829222606686 0.0005
-0.01999799458130682 0.001634450500255772 0.0005
-0.01899976285301168 0.001634517889904598 0.0005
-0.01800066098984072 0.001633440081109531 0.0005
-0.01699888992175784 0.001632392975720069 0.0005
-0.01600005354743099 0.001634339927299211 0.0005
0.01809252294216942 0.001493503489086229 0.0005
0.02413397459621665 -0.0005000000000040237 0.0005
-0.00824999999995487 0.002066987298107061 0.0005
-0.008499999999955177 0.001637573248747939 0.0005
-0.008999999999956244 0.001634574371635227 0.0005
-0.007999999999954235 0.001638173024170799 0.0005
-0.008733414477882373 0.001201753418148597 0.0005
-0.009247235746277177 0.001201193777527903 0.0005
-0.008972600996655321 0.0007745540309370613 0.0005
-0.009480859290938509 0.0007753374265865819 0.0005
-0.009746349172840639 0.001202231913880046 0.0005
-0.009968977372821718 0.0007751000998436219 0.0005
-0.01024422109091544 0.001202365382147676 0.0005
-0.01044644798949315 0.0007713853534437753 0.0005
-0.0107401115133735 0.001201768502458407 0.0005
-0.01096864671589804 0.0007067973779057938 0.0005
-0.01124312637151766 0.00119090435991994 0.0005
-0.01151093668418688 0.0007616418545032121 0.0005
-0.01174721122874201 0.001196233350057619 0.0005
-0.01203075017470799 0.0007740441217231457 0.0005
-0.0122672986876037 0.001212498813687771 0.0005
-0.01277905429240033 0.001228746668351608 0.0005
-0.01251037492146396 0.001646591404413414 0.0005
-0.01149492365283622 0.00162950918422978 0.0005
-0.01049738876735453 0.001634342945539685 0.0005
-0.01310511776650227 -0.001499999999905772 0.0005
-0.02374941516798921 0.002069321399553492 0.0005
-0.02456698729810802 0.000250000000004797 0.0005
-0.0007499999999348798 0.002066987298107171 0.0005
-0.0009999999999354713 0.001633974596214099 0.0005
-0.001499999999936482 0.001633974596213785 0.0005
-0.001249999999935998 0.001200961894321113 0.0005
-0.001749999999936567 0.001200961894320785 0.0005
-0.000749999999935245 0.001200961894321414 0.0005
-0.001043860351501218 0.0007695696793744287 0.0005
-0.0005241894047066276 0.0007063716263962302 0.0005
-0.0002540315673967933 0.001190698966649332 0.0005
1.616272748059552e-05 0.0007613895434250232 0.0005
0.000252021860056993 0.001198158131541696 0.0005
0.000491272472199383 0.0007927280173128782 0.0005
0.0007166752679676727 0.001223219194526088 0.0005
0.000494782854714007 0.001637216852450812 0.0005
0.0009872463366968529 0.001641879159378185 0.0005
0.001247874389502345 0.002068304725300885 0.0005
0.001484042735417026 0.001673285611461996 0.0005
-0.001999999999937102 0.00163397459621327 0.0005
-0.00224999999993705 0.001200961894320426 0.0005
-0.002010068548462286 0.0007748109310471004 0.0005
-0.002504308000588216 0.0007783051060734374 0.0005
-0.002750718000046044 0.001202687879927659 0.0005
-0.002999999999937357 0.0007679491924271843 0.0005
-0.003250119666622684 0.001201249558587499 0.0005
-0.003471691081102463 0.0007720337485095783 0.0005
-0.003745301791246566 0.001201690597710912 0.0005
-0.003999716808039943 0.0007063618768852176 0.0005
-0.004249169766507038 0.001190818792293789 0.0005
-0.004534034153644002 0.0007586894709631162 0.0005
-0.004755533986651351 0.001197728090403626 0.0005
-0.005007729398823459 0.0007698921476716438 0.0005
-0.005252210564205527 0.001200746752873051 0.0005
-0.005502830016158667 0.0007766981170097108 0.0005
-0.005750840096687304 0.001202384191507351 0.0005
-0.005995392313136359 0.0007775682748523007 0.0005
-0.006249372068264103 0.001202802124253207 0.0005
-0.006553326493444964 0.0007486657959284131 0.0005
-0.006749999999940365 0.001200961894316531 0.0005
-0.006000035360788241 0.001634518350732234 0.0005
-0.005001290758438076 0.001633399771985208 0.0005
-0.00399907859291973 0.001632405529773528 0.0005
-0.003000139611071104 0.001634310204525582 0.0005
-0.007908152740730357 -0.0009986099570301725 0.0005
0.006770864971301473 -0.002006520557279405 0.0005
-0.006749999999949727 0.002066987298106053 0.0005
-0.0069999999999484 0.001633974596212341 0.0005
-0.0005006719278451422 0.001632264108268878 0.0005
-0.02306444494184113 -0.00075005893656415 0.0005
-0.02263143561631787 -0.001000064524069601 0.0005
-0.02263139720812705 -0.00149999999989815 0.0005
-0.02219839090760072 -0.001250010753927178 0.0005
-0.02221742779347438 -0.001739855383780052 0.0005
-0.02178050411066914 -0.001488201124502454 0.0005
-0.0217699057355243 -0.002015232140427956 0.0005
-0.02176791994765275 -0.0009980720792552922 0.0005
-0.02128613180327165 -0.001234510866179852 0.0005
0.002749999999940339 -0.002066987298106666 0.0005
0.013287115090411 -0.002074924890802996 0.0005
-0.02274999999999408 0.002077025690918144 0.0005
-0.02248943128130986 0.001673404785121114 0.0005
-0.02199379042358081 0.001640692635189851 0.0005
-0.01325746172442909 0.002071859113590348 0.0005
0.005947441131039411 0.0005000000221133369 0.0005
0.005947441119148794 0.001000000003724447 0.0005
0.005512023679473742 0.001241102755847839 0.0005
0.005966176945434827 0.00157106392598035 0.0005
0.006380453818645422 0.001250000000019098 0.0005
0.02457661397747151 0.001747881315357474 0.0005
0.02409258613734057 0.001577693939983551 0.0005
-0.02453035259333251 -0.001724931725543327 0.0005
0.005081014923780939 0.000998517126060813 0.0005
0.004648336212887356 0.001249752854374818 0.0005
0.004215379176160813 0.0009999588090956627 0.0005
0.004218673481686861 0.001507707971584902 0.0005
0.003782922947208093 0.001251277796800113 0.0005
0.003782377607297956 0.001750000000028297 0.0005
0.003349364905405533 0.001500000000030472 0.0005
0.003349455795388788 0.001000212966159878 0.0005
0.002922788075389854 0.001238914474982648 0.0005
0.004674458130807178 0.001748637172049442 0.0005
0.005098586889364797 0.001493232720798265 0.0005
0.007679498548849762 0.001000010243152081 0.0005
0.007246480830558658 0.001250002486574638 0.0005
0.008105498138342802 0.001237863626587795 0.0005
0.008544352676373077 0.0009979820586617349 0.0005
0.008528403048830761 0.001570489271544082 0.0005
0.008978530029996582 0.001250000000011663 0.0005
0.00681346729259928 0.00100000119381346 0.0005
0.006820611280900177 0.001487626212557876 0.0005
0.00725397060805915 0.001737876147746257 0.0005
0.006785414555681544 0.002019271665154487 0.0005
0.008978433216934079 0.0007498276298821062 0.0005
0.009411526596377427 0.0009999712716560907 0.0005
0.00944183402794491 0.001569047059943659 0.0005
0.009844555433779722 0.001250000000009865 0.0005
0.009844646273539648 0.0007502547132147308 0.0005
0.01027758327563106 0.001000042452210188 0.0005
0.01027225857579645 0.001483047135308182 0.0005
0.01070122089641484 0.001232498071682335 0.0005
0.01070896141589286 0.0007471973938137514 0.0005
0.0111417636456513 0.0009966159109211948 0.0005
0.01109555194778833 0.001563169477404367 0.0005
0.01156202710661735 0.001249110688415649 0.0005
0.01157386985116959 0.0007492904098094802 0.0005
0.01199328218228001 0.001578639517293157 0.0005
0.006380453964314096 0.0007500002252601592 0.0005
0.02176159191140059 -0.002071093220728919 0.0005
0.02155181697471588 -0.001582439415010998 0.0005
0.02100863616244297 -0.001625385399347407 0.0005
0.02124999999998808 -0.001200961894321446 0.0005
0.02075143936039657 -0.001199530361511085 0.0005
0.02098076701941674 -0.0007741100648302279 0.0005
0.02145199399706725 -0.0007588461521982679 0.0005
0.02049095627898193 -0.0007763574526368633 0.0005
0.02024873260655445 -0.001202124682222183 0.0005
0.01999860646074799 -0.0007783214878121187 0.0005
0.01974955651120816 -0.001202884408203578 0.0005
0.01943784196004717 -0.0007493128505332249 0.0005
0.01924999999998615 -0.001200961894325094 0.0005
-0.01875000000001311 -0.002066987298108762 0.0005
-0.01850000000001362 -0.001633974596217491 0.0005
-0.01800000000001458 -0.001633974596217491 0.0005
-0.0182093697320666 -0.001210312872692876 0.0005
-0.01873291650526902 -0.001161384242578818 0.0005
-0.01772464400199933 -0.001241333901713639 0.0005
0.01875000000001329 0.002066987298108799 0.0005
0.002249999999939193 -0.002066987298106642 0.0005
-0.007749999999953929 0.002067687036099797 0.0005
-0.01310540933276024 -0.0005006907745328443 0.0005
-0.006609927238121506 -0.0007499999999238114 0.0005
-0.006177042808615523 -0.001000185274967308 0.0005
-0.00617594131105462 -0.001491814799041822 0.0005
-0.005743901834341029 -0.001249999999926592 0.0005
-0.005744257226314328 -0.001745891526527126 0.0005
-0.005301679277026723 -0.00150176970178908 0.0005
-0.004856531485365568 -0.001699967553719994 0.0005
-0.004879913179958431 -0.001232689885007213 0.0005
-0.00444792246985956 -0.001444707875938771 0.0005
-0.007908718143257738 -0.0005002083454688517 0.0005
0.01807511148566035 0.0009974533397865623 0.0005
0.000249130475840387 0.002067527674146428 0.0005
-0.009249999999957495 0.002067087260676549 0.0005
0.01474999999997267 -0.002067738127403592 0.0005
0.01499999999997387 -0.001634850563726951 0.0005
0.01549999999997545 -0.001634120590800214 0.0005
0.01524999999997601 -0.001201132221337838 0.0005
0.01574999999997734 -0.001200975617840965 0.0005
0.01554204299730906 -0.0007702309617239498 0.0005
0.01602909875441422 -0.0007747011490930115 0.0005
0.01625484979238379 -0.001202089507687293 0.0005
0.01651487339927605 -0.000776219535920138 0.0005
0.01675328719859551 -0.001202528220466971 0.0005
0.0170124742718791 -0.0007735843027119442 0.0005
0.01726508616354835 -0.001210679072985551 0.0005
0.01777235160283118 -0.001258222032174929 0.0005
0.01501185971613614 -0.0007450165140129081 0.0005
0.01475922089730458 -0.001219265854939759 0.0005
-0.02075000000001012 -0.002066987298108669 0.0005
-0.02050000000001065 -0.001633974596217129 0.0005
-0.02000000000001134 -0.001633974596216966 0.0005
-0.02024438894978712 -0.001219023924824507 0.0005
-0.019750000000012 -0.00120096189432524 0.0005
-0.02074414844367603 -0.001225418290464284 0.0005
-0.01950000000001206 -0.001633974596217015 0.0005
0.02074943266680839 0.002064169052139153 0.0005
0.02049990544447705 0.001633504888555529 0.0005
0.01999640895091104 0.001671048291250455 0.0005
0.02023161020560638 0.001207273912427937 0.0005
0.02076461983022146 0.001222106700990718 0.0005
0.01975000000001172 0.002066987298107999 0.0005
0.02326926682989047 0.000997717784970969 0.0005
0.02326602731654363 0.001480305499880111 0.0005
0.0237009618943244 0.001249999999992798 0.0005
-0.01474999999997186 0.002066991866779938 0.0005
0.001641445465730636 0.0009628072715682102 0.0005
0.002060927842937581 0.001208743340131163 0.0005
0.002486178987466356 0.0009912763025423565 0.0005
0.002489253064395997 0.001564482351147443 0.0005
-0.02306468852615958 -0.0002504770888018458 0.0005
0.01330834883348932 0.0007497530374401838 0.0005
0.01974999999998622 -0.002066987298107385 0.0005
-0.01974966576353713 0.002067066615445417 0.0005
-0.02100000000001005 -0.001633974596217465 0.0005
0.002483812749257563 0.0004985460504533722 0.0005
0.02456698729810806 -0.0002500000000047327 0.0005
0.02100000000001005 0.001633974596217465 0.0005
0.007678276952462844 0.001487644179936625 0.0005
0.005749999999948416 -0.00206698729810675 0.0005
0.01774999999998041 -0.002066987298106336 0.0005
-0.01775011016495552 0.00206689821225473 0.0005
-0.001532809309123771 0.0007749496188633745 0.0005
0.006813467263749096 0.0005000011492073167 0.0005
-0.01180736392299941 -0.0007490710114876055 0.0005
-0.01137942864705206 -0.0009979676854901998 0.0005
-0.01142150561610889 -0.001564765031908259 0.0005
-0.01094028253231844 -0.0007389323068444736 0.0005
0.01374166975081009 0.0005000000000013677 0.0005
-0.02047952517975916 -0.0007755416922483355 0.0005
0.01677701995071689 0.0007513540454831677 0.0005
0.01937099648449185 0.0007461246713124708 0.0005
0.01224999999996607 -0.002066987298106561 0.0005
0.01200913986067671 0.0004999209344491595 0.0005
0.0003260128128498216 -0.0007526430570391026 0.0005
-0.004011851026770165 -0.0007499999999337056 0.0005
-0.003576056411792134 -0.00100002507242016 0.0005
-0.003145825622986538 -0.0007499999999375011 0.0005
-0.002712795267395738 -0.001000167388671522 0.0005
-0.002278570052466238 -0.0007507363145748746 0.0005
-0.0018506926160492 -0.001000394635152959 0.0005
-0.002288815475955234 -0.00123536859713952 0.0005
-0.00190179895102578 -0.001563801084410889 0.0005
-0.002721476587621306 -0.001480731836798091 0.0005
-0.003139196815432942 -0.001233646465022804 0.0005
-0.003548621831680717 -0.00156702341774239 0.0005
-0.001426664339692958 -0.000736421111963992 0.0005
0.02197029820943247 0.0007527727320761139 0.0005
-0.009202362725338637 -0.0007513770267751909 0.0005
-0.01927474673274086 -0.001205870493300061 0.0005
-0.01440391195824613 -0.0007504725559727031 0.0005
-0.01483689272946291 -0.001000486124235624 0.0005
-0.01487959712949731 -0.001442723024833904 0.0005
-0.01527426374029274 -0.001243632654828342 0.0005
-0.0152701812759617 -0.0007499999999038258 0.0005
-0.01570399027830663 -0.0009991556924742015 0.0005
-0.01571302182982736 -0.001482073531538437 0.0005
-0.01613053334946215 -0.001233978112338281 0.0005
-0.01613572082377761 -0.0007476087204513203 0.0005
-0.01656822300668293 -0.0009969601153468361 0.0005
-0.01654561780569728 -0.001566915457947338 0.0005
-0.01697951045987158 -0.001207728993056205 0.0005
-0.02133817845210887 -0.0007245079221625963 0.0005
0.0150376180013971 0.0007491323802993121 0.0005
-0.01310427191885127 -0.0009986188477151693 0.0005
0.004215388453702076 0.0004999931349069568 0.0005
0.01124999999996362 -0.002076850261854328 0.0005
0.01099694347228282 -0.001671475874304156 0.0005
0.01049949057868164 -0.001640224809228489 0.0005
0.01074417849093143 -0.001207228647535999 0.0005
0.01020105065029318 -0.001211300819786076 0.0005
0.009991756871469304 -0.001636739452626845 0.0005
0.009724993231816366 -0.001212395844854402 0.0005
0.009494458350520395 -0.001636341064038063 0.0005
0.009253594617939813 -0.001215719421499584 0.0005
0.00894046663025567 -0.001664285722503104 0.0005
-0.01124915394210806 0.002066243062775347 0.0005
-0.02074993947515651 0.002066629735837212 0.0005
-0.02149427803172929 0.001637763652275636 0.0005
-0.01575000892455011 0.002067048186620273 0.0005
0.0180717967697308 0.000499999999995774 0.0005
0.01875083790413642 -0.002067471062295439 0.0005
0.0185076435478257 -0.001638387600618761 0.0005
-0.01874996047548625 0.002067077847053774 0.0005
-0.0217480114092123 0.002068738480613293 0.0005
0.002917523572004415 0.0007474940231291788 0.0005
-0.005744701394106851 -0.000750393193734659 0.0005
-0.02393043531380177 0.0007500000000987502 0.0005
-0.01975000000001143 -0.002066987298108568 0.0005
0.016749513757187 -0.0020672680305139 0.0005
-0.01674981498694006 0.002066723694690123 0.0005
-0.007250000000045075 -0.002066987298109014 0.0005
-0.01024956479452542 0.002067048689660324 0.0005
-0.002750023268461695 0.002067043232825324 0.0005
0.02154700758028271 0.001013649341150359 0.0005
0.02105194268444614 0.0007967326877512699 0.0005
-0.006757094945931919 -0.00205949692767348 0.0005
0.005750000000050776 0.0020669872981097 0.0005
-0.0017499999999374 0.002066987298106789 0.0005
-0.02325000000000361 -0.002066987298109011 0.0005
0.02325894666604375 0.001988114250617865 0.0005
0.01024854124166556 -0.002068489809678093 0.0005
-0.01775000000001521 -0.002068730806229181 0.0005
-0.0169912516946577 -0.0007305148864700895 0.0005
-0.01224957435459005 -0.002017578313863101 0.0005
0.0092391599840955 0.002064740536234887 0.0005
-0.01375000000002657 -0.002066987298109031 0.0005
0.01374652066460436 0.001987603033385466 0.0005
0.008257454361669534 0.002059328411984967 0.0005
-0.01675314154955534 -0.002066565739632922 0.0005
-0.01473341241823693 -0.002108298800150921 0.0005
0.01477038437599479 0.00207192407863667 0.0005
-0.01122473944565634 -0.002069065703748382 0.0005
0.0112804192102748 0.002059445606562843 0.0005
-0.014999996751673 0.001634803292319722 0.0005
0.01026296454955316 0.001987738177021067 0.0005
0.008545516348465761 0.0004999720328097387 0.0005
0.007679388768114612 -0.000499971868035157 0.0005
-0.01573197719821977 -0.001995339932627186 0.0005
-0.009498930819824643 0.001634341536339386 0.0005
-0.00375666065902606 -0.002069857037402241 0.0005
-0.002732724940105089 -0.001987509865990941 0.0005
0.002750000000059234 0.002066987298109012 0.0005
-0.01751442356824705 -0.001669433951301863 0.0005
0.009238000081776197 -0.002080958327399777 0.0005
0.003782481480858799 0.0007502404511710026 0.0005
-0.001715625463356809 -0.002066842521067114 0.0005
-0.01900033246729998 -0.001632470489735219 0.0005
-0.007499999999952768 0.001634790957205395 0.0005
-0.007743995250151226 0.001225511581537758 0.0005
0.01287160357967466 -0.0004933521805025736 0.0005
-0.01398077856904659 0.0004856181712456894 0.0005
-0.02460759221499153 0.001233822218222121 0.0005
0.02326816879867604 0.000499619630823693 0.0005
-0.003749846432105119 0.002066725787033136 0.0005
-0.004750215126360082 0.002066891494068267 0.0005
-0.002500146813231987 0.00163432751765317 0.0005
0.00378249661592321 -0.0007502662869354544 0.0005
-0.007028375574525233 0.0004858477590959292 0.0005
0.01158313415321 -0.0007464473653214311 0.0005
0.006380453918564006 -0.000749999845472022 0.0005
-0.01099578404119186 0.001631625892171472 0.0005
-0.02219890345621494 -0.0007498255877616349 0.0005
0.001617516327853694 -0.0005003502726403918 0.0005
0.00508141571328764 -0.0004999999994744822 0.0005
-0.0194986976822851 0.001634760824627389 0.0005
0.02413673087491723 -0.001001209865700505 0.0005
0.002916352203502669 -0.0007499999999658009 0.0005
0.02240583089439021 -0.0004978409850846022 0.0005
-0.003499081015651176 0.001633894829289554 0.0005
-0.02049745532648179 0.001632142539154691 0.0005
0.01895921874405108 -0.000483463856087721 0.0005
-0.009997742440903221 0.001634552960945481 0.0005
0.009010709513852536 -0.0007978624001378032 0.0005
-0.004500881371803434 0.001631371829438529 0.0005
-0.01550002822598697 0.001634358569791427 0.0005
-0.01849999999997501 0.001633974596206399 0.0005
-0.0175002498234822 0.001631454694880511 0.0005
0.02370136361419353 -0.0007505677951734027 0.0005
-0.02265414183474122 0.0009566717238578168 0.0005
-0.01649895089943329 0.001633892725696616 0.0005
0.007244875173480902 -0.0007473706275387293 0.0005
0.02075143936039762 -0.0020655557652961 0.0005
0.009411851023903892 0.0005007142967423197 0.0005
-0.005750005893420369 0.002067077923859275 0.0005
-0.007246978788388242 0.001226974405884218 0.0005
-0.005500730445581133 0.00163418571484397 0.0005
0.01286849273542847 -0.0009866571698471456 0.0005
0.01283678946802674 -0.001477822558229578 0.0005
-0.006499901238140092 0.001634371926954521 0.0005
0.02457261996346666 -0.001246958850289888 0.0005
0.001616443199876987 -0.000998491560465526 0.0005
0.005084100704478872 -0.0009978496873377142 0.0005
0.003349503748799085 -0.00100031066810044 0.0005
-3.804102217747478e-07 0.001633497601119744 0.0005
0.003349592594074892 0.0004996579067596401 0.0005
0.006811733530654191 -0.000996937682441572 0.0005
0.01027727525916407 0.0005000743056272836 0.0005
0.003349364905391449 -0.001499999999968435 0.0005
0.01574999999997521 -0.002067011630538317 0.0005
0.001746986187527601 0.00208396191590446 0.0005
0.0016173140978228 -0.001499999999959927 0.0005
0.02412707651973672 0.001012948989992539 0.0005
0.02050170791496112 -0.001632259683783176 0.0005
0.01114249912648947 0.0004989604924206012 0.0005
0.0190014135753171 -0.001634790724313687 0.0005
0.01875387412767769 -0.001222048455313628 0.0005
0.01600080829871083 -0.001634193206865057 0.0005
0.0199999999999876 -0.001633974596214987 0.0005
0.01650140984113848 -0.001634506809976221 0.0005
0.01950016168107827 -0.001634431036545288 0.0005
0.01699995118192234 -0.001635010935763303 0.0005
0.006802973424340696 -0.001470366093565904 0.0005
-0.01375680121635899 0.001228519716763405 0.0005
0.01546600938821109 0.0009882532118805525 0.0005
0.01978965243841783 0.0009628265565064021 0.0005
-0.00531326711583169 -0.0009980180500525362 0.0005
-0.004876737474931595 -0.0007428014761864022 0.0005
0.007730915199452622 -0.002055658950748882 0.0005
0.01826321647717784 -0.001237299124296345 0.0005
-0.01327365255832974 0.001235102685066277 0.0005
-0.01955227062432894 -0.0007657962177531721 0.0005
0.01457550248857387 -0.0004761064688489415 0.0005
0.008501650818827361 -0.001458286155794655 0.0005
0.02192096280026036 -0.0007548997947550843 0.0005
-0.004006875117790196 -0.001239588590818383 0.0005
0.016337277793669 0.0009932905563938492 0.0005
-0.01790261995275912 -0.0007797220682046483 0.0005
0.01750269341236544 -0.001647232791591649 0.0005
0.0159021714272999 0.0007399497222812087 0.0005
-0.008237584236046171 0.001222411473532032 0.0005
0.009905838589599378 -0.0007644590508068461 0.0005
0.01428439960138695 -0.001226417047843263 0.0005
-0.01200330141509603 0.001640470022510442 0.0005
-0.01225223670467649 0.002070679441908835 0.0005
-0.004444693832995172 -0.0009849646379694328 0.0005
-0.009634184640713445 -0.0009908549663343613 0.0005
0.01073667428076018 -0.0007125783471303937 0.0005
-0.0100722262930308 -0.0007280372070045901 0.0005
-0.01872871254925341 -0.000678144427791796 0.0005
0.02021448773062337 0.0007097384675401842 0.0005
-0.001440742855162438 -0.001235908723369703 0.0005
-0.0109595174476942 -0.001235267509581111 0.0005
-0.0242347873819019 -0.002101572347418446 0.0005
0.02425448712042586 0.002084064988184794 0.0005
-0.02453390170838395 0.001724940258830847 0.0005
0.0245874936943949 -0.001732305898581378 0.0005
0.01546654055379722 0.001450044315447481 0.0005
-0.0005522761479727733 -0.0007255504225357949 0.0005
0.01273164398910236 0.002075870390362703 0.0005
0.01117032679518896 -0.0009586536199148462 0.0005
0.01800848874418059 -0.001653003121671028 0.0005
-0.0222269768970058 0.001209844708365127 0.0005
-0.0001174297715775789 -0.0009870838159696141 0.0005
0.01329251580113956 -0.001225609721494948 0.0005
0.0222412373497139 0.002077201984689192 0.0005
-0.0130198858952105 0.00165046389018113 0.0005
0.001212019897307137 0.001222889716870817 0.0005
-0.0007539110443356618 -0.00210084334144085 0.0005
0.01950307131210459 0.001679765923058185 0.0005
0.01148410516173177 -0.001677371736262264 0.0005
-0.02399999999999756 0.001693782297148445 0.0005
-0.02399906843601303 -0.001693576556949649 0.0005
-0.02297332361410174 0.001668717072687966 0.0005
0.001968848288018801 0.001667902939362332 0.0005
0.02199999999999217 -0.001696152422709178 0.0005
-0.007498579526051894 -0.001690831124898807 0.0005
0.00899676838252178 0.001698489890812036 0.0005
-0.0102557052473053 -0.002113691891097165 0.0005
0.005500064744272861 -0.001687958770698734 0.0005
0.005500252643240904 0.001687848564850315 0.0005
-0.00408486131116942 -0.001708681578110328 0.0005
0.01849954156423579 0.001692213069890288 0.0005
-0.01704816557033914 -0.00166174354637651 0.0005
-0.01050897136736763 -0.0009636396441069588 0.0005
-0.01350791984385305 -0.001687201375067148 0.0005
0.02172160196075955 0.002083056805597765 0.0005
0.01510202799627808 0.001714580624454718 0.0005
-0.02180341590633578 0.0004623510696360831 0.0005
0.00201727980441611 -0.001683624444026363 0.0005
0.01247425152993634 -0.001685097947865199 0.0005
-0.01089397381856736 -0.001690713960024941 0.0005
-0.02302841867834318 -0.001684125155539309 0.0005
0.01574704883526377 0.002133267855481765 0.0005
-0.01739909245588133 -0.0009373823283209308 0.0005
0.0007957048050505611 0.0004686696491357935 0.0005
0.01221335779284566 0.002086416091110794 0.0005
0.01153900571545105 0.001684873978763509 0.0005
0.002960349973368587 -0.001682393692485076 0.0005
0.002961898896413883 0.001678826224153509 0.0005
-0.01227011220924993 0.0004121681573701149 0.0005
-0.001400561295501902 -0.001681340741840152 0.0005
-0.01451154007173107 -0.001698979073905931 0.0005
0.02117603808111767 0.001247411891436519 0.0005
-0.008739556214220481 0.0004084362392384343 0.0005
-0.001022353241511578 -0.0009279620531342417 0.0005
-0.006556879640998593 -0.001679133434511618 0.0005
0.008056681118658579 0.001675659054922079 0.0005
0.006429170445940217 -0.001669475745876384 0.0005
0.006440531320142114 0.001678989820364315 0.0005
-0.004742572827956284 -0.002138260053858579 0.0005
0.008249999999954868 -0.002154063348124402 0.0005
0.01724397216455338 -0.0004129687019378969 0.0005
-0.002739467743658834 0.0004272231764953139 0.0005
-0.01573619642884563 0.0004265613847300516 0.0005
-0.01608300413271306 -0.001667812610877871 0.0005
-0.01826424819044979 0.0004260628549349936 0.0005
-0.003088890766360016 -0.001665948869294043 0.0005
0.01775000000001522 0.002158420677617032 0.0005
0.01975807369948039 -0.0004207173179647904 0.0005
0.00475000000005354 0.002159785367901151 0.0005
0.009907744485055469 0.001668077434962844 0.0005
-0.005269196491753355 0.0004232510653112759 0.0005
0.02290535399414026 0.00166731143377948 0.0005
-0.01275000000002943 -0.002162621585972265 0.0005
0.01410273025845507 0.001664033462791881 0.0005
0.001249999999936423 -0.002163789128931545 0.0005
-0.006222579467929436 0.0004151842297687568 0.0005
0.004749999999945773 -0.002164679852163255 0.0005
-0.02224299679239447 -0.002160285020722976 0.0005
0.02373558456183263 -0.0021716739368499 0.0005
-0.009250000000039381 -0.002165490859779587 0.0005
0.003749999999943146 -0.002165967793679159 0.0005
0.003750000000056387 0.002165967793714994 0.0005
0.01336788419796269 0.001666191764121782 0.0005
0.01675000000001809 0.002166321362138061 0.0005
-0.01187897519666355 -0.001670234086459546 0.0005
0.02071654574035593 -0.0004209426678034297 0.0005
-0.005750000000050578 -0.002166641874874901 0.0005
0.007250000000045075 0.002166658402758081 0.0005
-0.01920967531513408 0.0004261395176635631 0.0005
0.02364334312721659 0.001664702151459044 0.0005
-0.0147863670405051 0.0004120091628622929 0.0005
0.01062650949891675 0.001663153020242415 0.0005
0.01629461472293461 -0.0004233861663576282 0.0005
-0.002368230590906992 -0.001663311871558455 0.0005
-0.00825000000004223 -0.002170040218437846 0.0005
-0.01532212773498327 -0.001660026093605391 0.0005
-0.001795739864410472 0.0004186937898113002 0.0005
0.007206664950704414 -0.00167915308192257 0.0005
0.02274999999999432 -0.002172905512337089 0.0005
-0.009691832513020932 0.0004231319089540772 0.0005
-0.02140891559804423 -0.001688772313502097 0.0005
-0.01131695672066124 0.0003927484786010529 0.0005
-0.0001728933409472555 0.0003974503342239077 0.0005
0.0002548855342796407 -0.002178926073770578 0.0005
-0.024248711305992 0.0005000000000052285 0.0005
-0.02424871130599253 0.001000000000003434 0.0005
-0.02424871130595473 5.276352994567263e-14 0.0005
-0.02424871130594811 -0.0004999999999390146 0.0005
-0.02424871130591613 -0.0009999999998984081 0.0005
-0.02083339032856275 0.0003928640079553175 0.0005
0.008852531737392337 -0.00125902635807852 0.0005
-0.000993414348268241 -0.00178030764339995 0.0005
0.01801090880071584 -0.000894538944102741 0.0005
-0.003639871674486126 0.0003942871375786734 0.0005
-0.01663118113302434 0.0003926790985691158 0.0005
0.01899999999998712 -0.0008923048454177819 0.0005
-0.0173523343935271 0.0003916169143299612 0.0005
-0.006999999999949915 0.0008937473230518548 0.0005
0.009491759357524871 -0.0008875820223786384 0.0005
-0.0139993945856829 0.0008947094079185853 0.0005
-0.02000000000001177 -0.0008942705679625581 0.0005
-0.004360176350682057 0.0003907969813080697 0.0005
0.02160065359942985 -0.0003878406783263352 0.0005
-0.02009826404538756 0.0003875153403037295 0.0005
0.0153974953608487 -0.000394738803033736 0.0005
-0.0009148669900666339 0.0003858662982585307 0.0005
-0.01305648154237804 0.0008937278904095849 0.0005
-0.01057365755641114 0.0003846177013001195 0.0005
-0.0246339745962147 -0.002133974596214117 0.0005
0.0246339745962147 0.002133974596214117 0.0005
0.02463397459621443 -0.002133974596214736 0.0005
-0.02463397459621443 0.002133974596214736 0.0005
-0.007963183947963876 0.0008879671886180626 0.0005
0.01454485407648309 -0.0008793645388886971 0.0005
-0.02096371012324877 -0.0008830076526485444 0.0005
-0.01050271864806724 -0.001789266357604471 0.0005
-0.01907199693697207 -0.0008666039751919797 0.0005
0.02057420857726891 0.0008659960174715734 0.0005
0.01978103931409515 0.001350134350505338 0.0005
0.02161638986392507 -0.001123822046298016 0.0005
-0.01837871397574468 -0.0008580204065039901 0.0005
-0.02425874616127517 -0.001394598287168645 0.0005
-0.02425874519338312 0.001393554093142483 0.0005
0.01035725856407901 -0.000854157206335071 0.0005
-0.01734723914407665 -0.001321410564127649 0.0005
0.01550564788036536 0.001828197746272994 0.0005
-0.02187315211314774 0.0008666222806147571 0.0005
0.01365236669627336 -0.0008593039474766679 0.0005
0.008497183907359186 -0.001831926200562811 0.0005
0.0112316608338829 -0.00135692881663182 0.0005
-0.02271874581522817 0.001348707774628746 0.0005
-0.004487551497980705 -0.001816308697260742 0.0005
0.01315240951962233 -0.001713833289092577 0.0005
0.0008447373781145255 0.0008575901090064078 0.0005
0.001707115788871661 0.001344458908557825 0.0005
-0.01498266513834295 -0.001811866111177743 0.0005
0.01600168704467232 -0.001347176370961821 -3.836090831756618e-07
0.02269191950592846 -0.0005000481323476264 1.53542473367415e-06
-0.0103515203755652 -0.001585490929392427 -1.24683249835833e-17
0.01564078382954245 0.001623123563435414 6.288372600415926e-18
-0.004626462006834544 -0.001613581202385498 -4.174178364069192e-17
-0.02437678870276422 -0.001194169659623099 -2.32236105346395e-16
-0.001227852225981471 -0.001857799451095151 -5.421010862427522e-18
-0.024378183940756 0.001193603977327065 1.450662506785605e-16
-0.01756743462973294 -0.001429800404490874 4.83554168928535e-17
-0.01684832481315477 -1.662083045847297e-05 2.962040335230398e-16
-0.003857587349308743 -1.722476607504072e-05 1.253337711393243e-16
-0.01899917615671651 0.001346560082667094 -8.521829075736065e-17
-0.005750478730210586 0.001490510352715252 -1.507041019754851e-17
-0.0107926344215333 -1.216202647956078e-05 1.91253263226443e-16
0.009556708716006661 0.0002513242101057946 -4.77048955893622e-17
-0.02050000000001048 -0.001922649730811509 -1.084202172485504e-19
-0.01975000000001172 -0.001778312163514177 0
0.02442264973081067 -5.214890907138538e-15 0
0.002627677068910062 -0.0002499999999647654 1.132991270247352e-16
-0.001249999999936067 0.001778312163511476 -1.084202172485504e-19
-0.001749999999934293 0.001489637028914595 0
0.00493707814569359 0.000250000000374811 9.562663161322149e-17
0.00522575328077823 -0.0002499999994235402 8.478460988836645e-17
0.02297927405783893 -5.127063099631197e-15 -1.084202172485504e-19
0.02356263953658002 -0.0006678242942891576 1.084202172485504e-19
0.02211705770917199 0.0001628847742935104 0
0.02287594946093279 -0.0006789634515180602 -3.597563434179377e-05
0.02245602595230727 -0.0004062923037513085 -2.086153583021999e-05
0.02236944240065889 -0.001050953857400735 0.0001502283417727038
0.005658765991884781 0.0005000000004541573 7.426784881525705e-17
0.005803103547215457 -0.0002499999935506129 6.103466256707213e-13
0.006091778775074044 -0.0007499999448402858 7.741203511546502e-17
0.006236116256514592 0.0005000003169094091 -1.376936759056591e-17
0.006524791698908643 1.25846790971398e-10 6.288372600415926e-18
0.006524792139767807 0.0009999998952012496 -8.207410445715269e-17
0.00233900193431302 -0.0007499999999634548 3.252606517456513e-18
-0.02378610618808311 -0.000499999999899218 -6.808789643208968e-17
0.007390822610269706 0.001000003990210954 5.605325231750058e-17
-0.01450000131868062 0.001922668767198168 1.084202172485504e-19
0.007102140790151881 0.0005000087785963837 -1.1817803680092e-17
0.004359727876545512 -0.0002499999999565198 9.508453052697874e-17
0.01013323568240122 0.0007501472125752358 -1.149254302834635e-17
0.01186527136981031 -0.0002499583911071395 -2.49366499671666e-18
-0.006999999999951602 0.001922649730808734 5.421010862427522e-19
0.007390789416984801 2.752271772684181e-09 -6.765421556309548e-17
0.0183604641498961 0.000499986568930015 1.192622389734055e-18
-0.02378616477706066 0.0005000000000991968 5.154297127996088e-16
0.01215393383369274 -0.000749967269477258 7.806255641895632e-18
-0.01339375455627084 -0.0005006148908575579 -1.105886215935215e-17
-0.0227758732407934 -0.0007502417214839113 8.944667923005412e-17
0.007968164451282055 0.0005000649200962123 6.570265165262157e-17
-0.002999995508682233 0.001922876084137441 0
-0.01599998691182794 0.001922900894172847 2.818925648462312e-18
0.01215386950461812 0.0002500876217160069 -1.376936759056591e-17
0.004071050450842197 0.000249996031824425 1.322711852373704e-09
0.003205027338099814 -0.0002499999999668422 1.130822865902381e-16
-0.007331811504769778 -0.000500050409849315 -2.502338614096544e-16
0.001905989232424312 3.834253877940674e-14 1.307547820017518e-16
-0.01850000638656169 0.001922653418097546 7.37257477290143e-18
-0.02320894265593337 -5.661785469027614e-07 -5.226938673552617e-16
-0.01525014049330724 0.001778504981246153 3.035766082959412e-18
-0.002249977332663374 0.001778331793943128 -1.084202172485504e-19
-0.01252780732028675 -0.001000019985629657 3.635329884343896e-16
0.02384529946162143 -4.901027500503474e-15 1.084202172485504e-19
0.02269059892324445 0.0004999999999941027 7.139471305817047e-16
0.01359672580347526 0.0002504705649946451 -9.324138683375338e-18
-0.02205413824891137 -0.0005001409760356604 4.752058122003966e-16
0.008833939946322304 0.0005002080748303006 -1.062518129035794e-17
-0.01949985573056188 0.001923089148662051 -1.011560626928976e-16
0.01949999999998541 -0.001922954074421105 0
-0.006250458564190537 0.001778766498185871 0
0.01301959528575935 0.0002502845693402218 -1.105886215935215e-17
0.01499978375572106 -0.001923359106844484 1.084202172485504e-19
-0.02292088738363711 0.0004996094775194671 4.98732999343332e-18
-0.007749031863775686 0.001779609874866782 5.204170427930421e-18
0.0104218059772654 0.0002502435104231397 -3.63207727782644e-17
-0.01425988531376361 -0.0005001660246327744 -8.131516293641283e-18
0.01388657842015303 0.0007494592288034247 1.322726650432315e-17
0.001040676678081958 -0.0005008171974256644 -1.379105163401562e-16
0.008257360875756948 3.421529697293691e-07 5.486062992776652e-17
0.002195139503502638 0.0004997256798621712 -1.306463617845033e-16
0.003493837678276304 0.0002497631706014276 -7.938422634295918e-08
0.01649983793159418 -0.001922908137476133 -1.517883041479706e-18
0.01663703144843334 -0.001300823595577254 8.565197162635485e-18
0.01627108180805086 -0.000662276352964684 4.662069341687669e-18
0.01564738346736176 -0.0008123855522069492 -3.252606517456513e-19
0.01528406219034241 -0.001437849214574086 -1.626303258728257e-18
0.01571019408836794 -0.001925307949149142 -8.131516293641283e-18
0.01908084042775598 0.0002500535806844201 3.903127820947816e-18
-0.009499971185253312 0.00192290980981291 1.626303258728257e-18
-0.01498178872573027 -0.0007511335660636291 4.212125440106185e-16
0.02355677058261359 0.0004999999999939391 4.222035228092051e-08
-0.005250367139561247 0.00177865214477942 0
-0.008052662510340161 -0.0002501848370576647 -2.552211914030877e-16
-0.01281674071793693 -0.0005005578102756578 1.959052947762439e-07
0.003493502675387634 -0.0007501153529959699 1.092875789865388e-16
0.007968073053877596 -0.0004999562721682312 -1.951563910473908e-18
-0.008499999999955385 0.001925053858844111 0
0.0112880440503068 0.0002497997055553943 1.702197410802242e-17
0.01399999999996978 -0.001925229793365595 0
-0.006754753657815219 -0.0005009580542426945 -2.390665790330537e-16
-0.01799949467009797 -0.001922941483175087 0
0.003205925019321058 0.0007500513166492529 -2.352718714293545e-17
-0.01584808330532998 -0.0007501993649369927 -4.336808689942018e-19
-0.003000833038054965 0.00134578534909984 -1.301042606982605e-18
-0.01024762620255905 0.001778617296015819 -7.37257477290143e-18
-0.01600061083530248 0.001345758784389836 -1.387778780781446e-17
0.01749489137940294 0.0005010339902882826 -1.799775606325937e-17
0.006957330159642101 -0.0007489733196130994 6.732895491134983e-17
-0.002857371618542058 -0.0007505602868281005 3.794707603699266e-18
0.0187555828674737 -0.001781321594223048 0
0.01475216144100196 0.0002517676223666679 -1.799775606325937e-17
0.004070535113593942 -0.0007493341474778108 2.49366499671666e-18
-0.006032992469986335 -0.0007504629306810812 -2.269235147012161e-16
0.0109972583069423 -0.0002491179155521878 2.320192649118979e-17
0.00493691153449205 -0.0007497114202499338 -9.61928529203673e-08
0.0009993083885096535 0.001927366647096247 -5.637851296924623e-18
0.02427841713395852 -0.0007498181858604611 0
0.0127281490300036 -0.0002463516604454866 -3.577867169202165e-18
-0.01375542269519294 0.001781498961356947 0
-0.004160087068268885 -0.0005067523553246281 5.529431079676073e-18
-0.01800131088792632 0.001345220057478883 -4.369334755116583e-17
0.01186244937703686 0.0007484380791832486 -8.782037597132586e-18
-0.02174320062653513 0.001781391516301155 -4.033232081646076e-17
-0.02234792088605007 -5.538447362093361e-06 1.723881454251952e-17
-0.02024839473434415 0.001778242221964872 2.211772431870429e-17
-0.008197593005530517 -0.001000865933226517 -1.301042606982605e-18
0.00435973808560142 0.0007499829207013091 1.810617628050792e-17
-0.0167493545906582 0.001777876012515629 -1.11672823766007e-17
-0.003749510847453989 0.001777862870059101 -1.409462824231156e-18
-0.0004999999999343074 0.001921510007929643 -1.084202172485504e-19
0.02049890447272417 0.001921705088238076 1.084202172485504e-19
-0.01099935941837718 0.001920703985195835 2.168404344971009e-18
0.001331587063985183 -5.499877783731155e-06 1.1817803680092e-16
-0.005456141493851201 -0.0007483211376745554 2.18249897321332e-16
0.02025134759626587 -0.001777534128438434 0
0.001328536466136545 -0.001000849787351871 -4.98732999343332e-18
-0.00450007960475231 0.001920962099527982 -8.673617379884035e-19
-0.01750002908334213 0.001920988865693744 5.421010862427522e-19
-0.0006933750620839486 -9.997855035713001e-06 1.02023424430886e-16
-0.02100007386850012 0.001921178593637813 0
0.01532878092250644 0.0002479855489394266 1.658829323902822e-17
0.0172479231287048 -0.001780945598036702 -1.409462824231156e-17
0.0002461108031462755 0.001780530390296109 1.301042606982605e-18
0.01575321216045987 0.0009855185468552212 1.626303258728257e-18
-0.004730677903446336 -0.0009887028060526243 -1.57968256531138e-16
0.0207491636236094 -0.001486642653571711 1.084202172485504e-19
-0.005004740530588636 0.001056378786143138 1.951563910473908e-18
-0.009496492229924745 0.001346056737673541 3.425018957009616e-07
-0.00891597783517295 -0.0007513390064041714 2.646537503037116e-16
0.01996886586825813 0.001160561653345632 1.322726650432315e-17
0.01778531772348031 0.001000029900261173 6.426837585292054e-07
0.00407161776172099 0.001250315112005956 -2.439454888092385e-17
-0.01109100661947988 -0.0005019225750314098 -1.517883041479706e-18
0.01648841678360717 0.0007473953241074978 -7.047314121155779e-18
-0.01949886467504033 0.001061064573288693 7.914675859144182e-17
0.01300958882766098 -0.0007453024215882764 -9.75781955236954e-18
-0.01555729272355621 -0.001245730031908735 -1.22514845490862e-17
-0.01200215175178104 0.001928261613434033 -2.38524477946811e-18
-0.006991460509480371 0.001348257627887675 -4.553649124439119e-18
0.0239895564505894 -0.001249869726214793 0
-0.02031288316910768 -1.176248328549584e-05 3.328500669530499e-16
-0.01195401785987758 -0.0009895628399772048 2.985892783025079e-16
0.009999703068555677 -0.00192425011834813 1.084202172485504e-19
0.02341723238049859 0.001240015778221914 1.084202172485504e-19
-0.004505480255885989 0.00134453647043228 5.421010862427522e-18
0.01800326664675997 -0.001937433826772042 0
0.01001982996714701 0.001437322636644214 1.723881454251952e-17
-0.02248700745675093 -0.001250097779591114 -9.898765834792655e-17
0.003494285223355859 0.001250212553754176 2.526191061891225e-17
-0.02225164455536728 0.001505022226635347 4.065758146820642e-17
0.008238060407141755 -0.001480504554178199 7.589415207398531e-18
-0.02100521737595639 0.001344492105748232 -1.525472456687105e-16
-0.01368317722641303 -1.59240769036467e-06 -5.637851296924623e-18
0.0113109785863356 -0.0007246425609410422 -9.107298248878237e-18
-0.01897177344148272 -0.0006422830255349562 -8.261620554339544e-17
-0.009491712665713253 -0.0007433970797431596 2.802662615875029e-16
0.02045920341492797 0.0006385638046876992 -7.589415207398531e-18
-0.02237396696547443 0.0009449575817235425 0
-0.009995323167256707 0.001060416631606532 -1.67578472190131e-06
0.01778946056836237 8.08037785854244e-06 3.361026734705064e-17
-0.0130040857579057 0.001937040074446744 2.168404344971009e-17
0.01388987873114094 -0.0002435167943465673 -1.539567084929416e-17
0.0009644353783271249 0.001355048606701947 -1.192622389734055e-18
-0.002568814631504175 -0.001245780232396057 -1.126486057212439e-16
0.01359083126830405 0.001241623907728139 8.239936510889834e-18
0.004362164179609974 -0.001246666400803405 1.008308020411519e-16
0.0212473897929153 0.001513269622980082 -3.252606517456513e-19
-0.01549906853551776 0.001063153699289527 2.417770844642675e-17
0.001483757532115693 0.0007389965676721217 -1.183948772354171e-16
-0.00249946829934967 0.001063228685976122 -1.084202172485504e-19
-0.01850076105493163 0.001062664026551385 -2.582485764187443e-06
0.02227584508300537 -0.001751514718451277 1.084202172485504e-19
0.008759395453388465 -0.001855383524193508 -1.192622389734055e-18
-0.01755821821951799 0.0002136707051905913 1.887595982297263e-16
3.795768963634971e-05 -0.0007443935924908247 -2.016616040823038e-17
-0.01900000000001266 -0.001921647733723895 0
0.01127474898625076 0.001778987402782459 7.697835424647081e-18
-0.02118365400950534 -0.001816617038991859 1.605703417451032e-16
-0.01302738043914581 0.001152006819704578 -2.268150944839675e-16
-0.006470500898195018 1.205798635916513e-07 2.321276851291465e-16
-0.01454360690693879 8.548751012624915e-07 4.203451822726301e-16
0.004938484892373558 0.001251249566602155 -7.817097663620487e-17
-0.01999942138443274 -0.001149038551997764 2.705084420351334e-16
0.01100241016424133 -0.001949736222074375 -1.517883041479706e-18
-0.01199384557388217 0.001349988254091138 6.320898665590491e-17
-0.004565273010853842 0.0002134631941311918 8.836247705756861e-17
-0.007990297021829202 0.00114551206981807 -1.546072297964329e-16
-0.008483759915337121 -0.001501420689962349 2.427528664195044e-16
-0.006735503103020068 0.0005163352679532875 -2.483907177164291e-16
0.01949922451004093 -0.001345811422379943 0
-0.01035508881385597 -0.0007262909240424964 2.532696274926138e-16
-0.02430966407672489 -0.0002499999999439325 -3.164786141485187e-16
0.01965601733751744 0.0002512436627099281 1.366094737331736e-17
0.001041045688950318 -0.001502415575023438 1.32164244825983e-16
-0.02104193917239703 0.0002103301199581601 2.443791696782327e-16
-0.01750300124546002 0.001052724619311941 1.875669758399923e-17
-0.002132096446347372 -0.0005019386553096017 2.49366499671666e-18
3.665235149024609e-05 0.0002251319248544277 5.496905014501507e-17
-0.01853350065991872 0.0004919146897209434 -2.992397996059992e-17
-0.01152410213587622 0.000207209896712247 1.35308431126191e-16
0.01452392905135421 -0.001363524597408968 -1.843143693225358e-18
-0.0005009891373572991 0.001344730331725202 1.734723475976807e-18
0.01706684537701057 0.001255285447638382 1.409462824231156e-18
-0.01099043429781965 0.001343844109107495 8.890457814381136e-18
0.02312712395455606 -0.001256025292965999 0
-0.01373019595597982 0.0009541282737911873 -1.983005773475988e-16
0.01012749195247389 -0.0002409758567553609 -2.51534904016637e-17
-0.01816077362959391 -0.0006966124078662902 -2.324529457808922e-16
-0.0242584208216291 -0.001815827137617018 -9.812029660993815e-17
0.01879262224719417 -0.000248703477614939 -1.038505255886038e-06
0.003204960832691002 -0.001250115190707828 -3.872141326923938e-08
-0.002468748222213634 0.0004918119817123558 -2.51534904016637e-17
-0.01700446624983459 -0.001939810666042432 -2.47198095326695e-17
0.02050979029657237 0.001349000901024467 -2.931642009168338e-06
-0.01546504901105364 0.0004916628467882434 -2.688821387764051e-17
0.005225500112444906 0.001747963832596616 -5.312590645178972e-18
-0.0008330405361681972 -0.0007205633744437549 1.176359357146772e-16
0.01517640132263406 0.001001533681647265 -1.767249541151372e-17
0.01080233307887423 0.001471847396746246 5.312590645178972e-18
-0.0147248899224062 -0.001848125455837541 2.244298497044994e-17
0.003227872889291879 0.001755885076046115 -3.859759734048396e-17
0.02186250441135021 -0.0004826264054335683 0
-0.02275892613776051 -0.00175359853511968 1.904943217057031e-16
0.02073543493449139 -0.0006822326992660585 0
-0.01715085761804263 -0.0005024020679646998 -3.686287386450715e-16
0.01430707308546792 0.001475798869777141 7.806255641895632e-18
0.006233468719514411 0.001492667664684573 4.336808689942018e-17
0.01099684172945322 0.0007478727316733835 -1.20346441145891e-17
-0.003434388118640935 -0.0007492666035345328 1.959153325681307e-16
-0.01450476812298024 0.001349284152756288 2.294353735164765e-06
-0.006323520063094541 -0.001246329453728894 -1.752651780705843e-06
0.007427205658541301 -0.001058725379008982 1.409462824231156e-17
0.01446302725519015 0.0007506197915810176 8.48502941770495e-07
-0.02061307310530752 -0.0005099952983032244 2.092510192897024e-17
0.002748530179768359 0.000431078542204497 -6.581107186987012e-17
-0.01468569329664016 -0.001238266942478549 -4.429556463897118e-06
0.008801557835966596 -0.0009838332543363165 -6.917209860457518e-17
-0.003287224554332344 -0.001469950319324627 -1.044086692103541e-16
-0.007295681782256309 6.242368006026856e-05 -5.496905014501507e-17
0.006703165292810885 -0.001733427591137397 1.853985714950213e-17
-0.00153206940400677 0.0004992491756086129 -6.537739100087592e-17
0.0099633483392156 -0.001353748522858067 1.029992063861229e-17
-0.007623009779960492 -0.0009944150741757489 -2.131248310134875e-06
-0.007303080970537241 -0.001476063949799936 -1.162264728904461e-16
-0.01642468409344957 -0.000748225426002365 4.5026916223323e-16
-0.01582660195662334 -0.001744883914765697 1.303211011327576e-16
0.01331174814783113 -0.001495343901405557 1.084202172485504e-19
0.02399832027396981 0.001283011151852468 0
0.02139943300043851 -0.001002033480993077 -1.084202172485504e-19
-0.005540744665233682 0.0004976949292442471 2.710505431213761e-18
0.02315880620746605 0.001743221824429808 -1.084202172485504e-19
-0.01285943598656046 5.878397456507837e-05 -9.291612618200773e-17
-0.003725706486047277 0.0006588146109695715 -1.265263935290584e-16
-0.009782391290887692 -0.001238856939548606 1.368263141676707e-16
0.01996908284314225 -0.0002309617227838974 -7.589415207398531e-19
-0.008624388066699091 -0.0002594733786956944 3.31459138699149e-06
-0.008948871536890564 0.0002156026166557205 1.538482882756931e-16
-0.009435639186700033 0.0005089604394568783 -3.295974604355933e-17
0.01750669365192701 -0.0004863367797518884 -5.204170427930421e-18
0.02173363915333095 0.001810190909820267 -1.084202172485504e-19
0.005224011215834775 -0.001748119546430907 8.890457814381136e-18
-0.006818688884895616 -0.00178419888045284 4.499439015814843e-17
0.007784097804750882 0.001749467090132823 -2.38524477946811e-18
0.001744744525888594 -0.001749843916358067 2.103352214621879e-17
0.01273112334752511 0.0007503041575626379 -3.035766082959412e-18
-0.02426150629631594 0.001802655530684687 2.677979366039196e-17
-0.0002730758780558301 -0.001231397913089782 1.04191828775857e-16
-0.01303348651762525 -0.001249429554762626 3.737244888557534e-16
0.001727955892262191 0.001806630961438848 1.767249541151372e-17
0.01300805111284576 0.001289461139074017 -2.38524477946811e-18
0.01273365658413375 0.001793747680950515 -7.589415207398531e-18
-0.01472871913984613 0.0006897612125666402 -3.129007469793166e-16
0.007062898223151316 0.001950516291693328 3.155028321932818e-17
-0.006499107167851396 0.001044403528960866 2.71860850862074e-06
0.01479630658957846 -0.0008745852508566889 -4.553649124439119e-18
-0.0227363636128761 0.001804339775281849 4.683753385137379e-17
-0.01097371012085656 -0.001954764396292123 -1.680513367352532e-17
-0.01672218137858935 0.0006555824952913321 -3.143102098035477e-16
0.02438656533898625 0.0005624999999947248 -1.084202172485504e-19
0.0004805360125533663 0.00105970007519857 4.87890977618477e-18
-0.01370417493572665 -0.001474216681662704 -2.631358672622319e-16
-0.0212214144313011 -0.0009702491551565426 1.778091562876227e-16
0.02429315842980807 -0.00176474738809311 0
-0.01165946925621035 -0.0005024186225752018 9.560217999116192e-06
0.008722377415198821 0.001781615229303419 -7.047314121155779e-18
-0.01947129202487835 0.0004934283840604634 -1.074444352933135e-16
-0.02165455656121816 0.000983031679658362 -1.513546232789764e-16
-0.001559301168414972 -0.0004901683086317278 -1.414883835093583e-16
-0.0151259561362428 1.791431475384182e-05 -2.396086801192965e-17
0.02000031532051155 -0.001063026014085596 0
-0.008990179171925353 0.001067481974496474 6.830473686658678e-18
0.01220149600664395 -0.001781718261658733 7.914675859144182e-18
0.003017587081939011 -0.001963520313129985 7.936359902593892e-17
0.01095759915220814 -0.001380814180684788 4.662069341687669e-18
-0.01214546098118924 -0.001757284523326218 7.578573185673676e-17
0.01829192793864138 -0.0009519218251058578 2.168404344971009e-18
0.005168250861846486 0.0007493285365016372 1.693525037260398e-05
0.02125075647325003 -7.817601390342009e-06 0
-0.01231123844549388 -0.0002528068917516585 -3.341511095600325e-16
0.0182214564386105 0.001745612591444106 1.008308020411519e-17
-0.01848487949682024 -0.001332830732293696 3.252606517456513e-19
-0.005548632390223586 -0.001958975953112638 -1.052760309483425e-16
0.00178558058481314 -0.0006813129817455928 9.443400922348744e-17
0.009295953866425621 -0.0007075944261009679 -4.662069341687669e-17
-0.02434670237911225 0.0002971536097540547 -8.543513119185775e-17
-0.00588982269435424 3.252631701690731e-05 -2.667137344314341e-17
-0.005487056772363726 -0.001313120010905081 6.993104012531504e-17
-0.001261423715816244 -2.753106189302555e-07 -1.345581257711914e-05
-0.002100517961730679 -0.001775251544054437 4.542807102714264e-17
-0.02206052627224527 0.0004779417973264 -2.786399583287746e-17
0.0004998028637132769 -0.001067839238095059 3.144186300207963e-17
0.01975182655364064 0.001793479376235506 -2.168404344971009e-19
-0.003280823749976951 1.549580598328302e-05 5.325921502797389e-06
-0.009062699731026278 -0.001507955331947462 2.868798948396645e-16
-0.009436559289839754 -0.001947008694706309 -1.318389841742373e-16
-0.02051377389142101 -0.001364977439500256 1.136108582541404e-05
-0.004015723536058768 -0.001975561912508022 -2.027458062547893e-17
-0.01338450202006238 0.0004921184943224129 7.50536201919662e-07
-0.01627184183393988 1.455359580325259e-05 5.34074284525704e-06
-0.02204521790596791 -0.001961320886943873 -1.562335330551612e-16
0.01655757068912023 0.001951798887020366 1.626303258728257e-18
0.01060526500819054 -0.000939601552213262 1.149254302834635e-17
0.01922419577790149 0.0009922128570775874 -1.734723475976807e-17
0.01445421909150366 -0.0002277720482946784 -7.651707474366971e-06
-0.01207979608856123 0.0002546155130867504 1.421389048128496e-16
-0.007248255606298573 0.0008507257383753358 3.035766082959412e-17
0.005441991257589379 -0.0009952093029462225 8.098990228466718e-17
0.01929731761683552 -0.0005140184667346839 1.084202172485504e-19
-0.0202058309541173 0.0006465808279335093 -3.472699558471071e-16
0.008258334111894363 0.0009960965078206114 1.564406568188418e-06
0.01865003435646601 0.0009957922215621537 1.843534309352692e-06
-0.001000603045461129 0.00105518782563894 0
-0.008509660696376011 0.001362331814579176 9.101747981573888e-06
-0.02191557770196829 -0.00123950700945225 -3.449508864849008e-06
0.003587809871722245 -0.001944099449274895 -5.074066167232161e-17
0.009433060000630112 -0.001897198147835768 -5.529431079676073e-18
-0.01974726579214773 -4.238820834005669e-07 -1.177617877386411e-05
-0.0007222896369010015 0.0005494849984795041 -9.942133921692076e-17
0.0006149669697233862 0.0002405894697314811 8.749511531958021e-17
-0.01150506648885942 0.001046356795314492 -2.667137344314341e-17
-0.02149105967734786 -0.000475309224537859 8.27602554341958e-06
0.02428841196949206 0.001794150605586247 0
-0.005160174534192219 -0.0002581603369430931 3.347260935914701e-06
0.01346779909348457 0.001932218422523935 -1.16009632455949e-17
-0.01076883147566368 0.0005485526468624109 -1.577514160966409e-16
0.01515296689859278 -0.0004444057546987034 7.480994990149981e-18
0.009122790945348909 0.0009998858825215179 2.554723283966671e-07
-0.008218068350973521 0.0005095996838573166 -2.776641763735377e-16
-0.01021837018461659 1.242670523877076e-05 6.637051619335851e-06
0.02183627591498693 0.001009159841083103 0
-0.01763505760712692 -0.0008778484417423033 -1.174190952801801e-16
0.01753408413663212 -0.001070509094790794 4.445228907190568e-18
-0.003168808060238558 0.0005684246616421475 2.168404344971009e-19
0.01404440512297922 -0.001055051343319059 1.186460798027652e-05
-0.01616561343009362 0.0005678616717108163 8.131516293641283e-18
0.01170334129896804 -0.001490407323311969 -7.155734338404329e-18
0.01619185740018053 0.0002561505032076236 -2.064661890251889e-06
0.01480800201539072 0.001774268514500544 6.938893903907228e-18
0.0229300108623407 0.0009916720052471641 -1.838505696477707e-05
0.01898331066016001 -0.001136575593669261 4.77048955893622e-18
0.01732065321161881 0.001773205985343183 -1.951563910473908e-18
0.006106943294779492 -0.001324577980619668 1.33356867215717e-17
0.004302390912157815 0.001774811878944513 -1.062518129035794e-16
0.00262751967815294 -0.001311090081785605 1.821459649775647e-17
7.535580060309921e-05 -0.001951724552606083 -3.111660235033398e-17
0.008805238393616459 -4.915117458747254e-05 -1.70468315399672e-05
0.01271908535488336 -0.001234058774705866 -1.734723475976807e-18
0.01624269835757663 0.001242773008749825 -1.541016843257473e-05
-0.01254200592840805 0.001414879970624766 6.299214622140781e-17
0.004157195150095441 -0.001781084370940545 8.890457814381136e-17
0.001503122149545036 0.001282236847278918 6.179952383167375e-17
0.02335309803729872 -0.001786195651724044 0
0.0135491278692178 -0.0006687781210958379 -3.686287386450715e-18
-0.02074844301518277 0.0008318374525632512 -8.727827488508311e-17
-0.02385116890145576 -0.001043033338202414 -4.098284211995207e-16
-0.0002099857469540558 -0.0002599637781979421 -2.054157412018933e-05
0.01690802959886108 -2.546388685484047e-05 8.565197162635485e-18
-0.02385466058770245 0.001040994232386245 3.89011739487799e-16
-0.01799012832179801 0.000548137731718976 3.621235256101585e-17
0.009472592274596589 0.001870903551164938 4.662069341687669e-18
-0.02321944046997736 0.00098129428627345 6.498368753998004e-06
-0.0193014501881945 -0.001465132288108199 1.865118473973849e-05
-0.01640037481313975 -0.00132277618237937 1.233822072288504e-16
-0.02332429029102943 -0.000799926519923896 -1.677654117928355e-05
-0.0188714678153885 1.899494620991668e-05 -4.090694796787808e-16
-0.007976256794017828 -0.00178076258502488 2.465475740232037e-16
-0.01999411880517481 0.001293728945300553 2.038554036519811e-05
0.00490896917041423 -0.001298227598619133 1.804807973716782e-05
0.02247161838572162 0.001879688949937179 0
0.007438871859214878 -0.0005277415062619274 -2.779361260782213e-05
-0.02349397051617658 -0.001879661908931114 -7.253312533928025e-17
-0.000790067813835054 -0.001513527553154719 2.743031496388326e-17
0.0004964750644742989 -0.0004462393451981351 1.965070761791252e-05
0.01830280442644432 -0.001490138755547016 2.414102351297565e-05
-0.004270014540739485 0.0008260743460838696 -3.024924061234557e-17
0.0210126500428323 0.0005084545357565329 0
0.002201124641370411 0.001475670896488228 -7.48223290905365e-06
-0.01232874865085182 0.0008686443091671771 -1.466925539372887e-16
0.007957045658103354 -0.00103043633019238 -3.953754093788853e-05
0.02128728671886548 -0.001693209188389456 0
-0.01978669766421199 -0.0006185917480941217 -2.104436416794364e-16
-0.001629212846616149 -0.001446811921997635 1.194790794079026e-16
-0.01291353806631465 -0.001926671946180466 -1.8474805019153e-16
-0.006085373384799418 -0.001764969603959313 7.086737945623451e-06
-0.002622992424785168 -0.0002520960757187199 1.660384879521723e-05
0.01199154179186526 0.001880973628476856 -2.927345865710862e-18
0.01130322455008585 0.00121830435150952 -2.751451940320788e-06
-0.001317776277363371 -0.0009886953741646439 1.863540542042214e-05
-0.0002376204975199992 0.0008430258633626716 -1.485356976305141e-17
-0.01083808784921509 -0.0009914330626107277 -2.061196311417069e-05
0.01346988825445243 -0.002008052108122541 0
-0.02350058032789365 0.001881418016982439 0
-0.006079703522327395 0.0005780184410089861 -7.697835424647081e-17
-0.01527282681877733 -0.001881147609254041 -6.223320470066795e-17
-0.004189770553535714 -0.001050351690126765 -2.287999890521604e-05
-0.01560830717388662 -0.0002521164798995142 1.564996680388582e-05
0.006636679706639679 -0.001191225366288696 1.998795959737394e-05
-0.001853480253028744 0.000947695370663604 -3.068292148133978e-17
0.009123544045299236 -0.001436204722827481 7.211855040539318e-06
0.01917548912094843 0.00177331733397819 2.276824562219559e-18
-0.00208992162592745 6.624774935124747e-05 -2.862293735361732e-17
-0.01416288395871214 -0.001802163662053215 -1.062518129035794e-16
0.006957805827877518 0.001327198103799295 2.905661822261152e-17
-0.01149008858371177 -0.001493750775566939 -3.023968205763338e-07
0.02043593630897569 7.878412455756978e-05 -5.051493130687926e-06
0.0009451083417490811 0.000671521595108606 1.16009632455949e-17
0.01701718467721593 0.0007285163168787164 -2.824875547680896e-05
0.00273579780626461 0.001059885415111136 9.746977530644685e-17
-0.007662786592328477 0.0004800872678936192 7.030357943356479e-06
0.01824618214070881 -0.0002956358169486748 1.810712576050944e-05
-0.01698731085843283 0.001270976391378325 -1.452830911130576e-17
-0.01422351527795514 0.0004561883499189849 8.001412032943023e-17
0.02177344539244266 -0.001417404593484484 0
0.003732700126454149 0.001955377244975457 4.803015624110785e-17
0.005983817324756117 -0.001890763043075001 -2.092510192897024e-17
-0.005005041029894174 0.0005202026113910758 2.486711118391839e-05
-0.009985339821354442 0.0005108605594213343 1.791586624922645e-05
0.001961270230241216 0.0009815521564534122 2.469588318907475e-05
0.01186695358010531 0.001321549760263687 3.5767720607577e-06
0.007441454817652095 -0.001905467881214758 -1.31188462870746e-17
-0.02159643097707225 0.0001721017646270215 -3.010829432992246e-16
0.02368608603134097 0.001870780415870971 -1.084202172485504e-19
0.016830375834534 -0.0005847414260413916 6.288372600415926e-18
-0.01502899339687116 0.001300563533767232 -3.115581490802783e-05
0.002450022137890175 -0.001860029846739431 0
0.005691248896655123 0.001469353031615357 -3.96739584451112e-05
0.009604261073224875 0.0007789435216281544 -2.796472769021091e-05
-0.003011725091004719 -0.001972123467904188 -2.276824562219559e-18
0.01403332870695156 0.001972279097608015 -1.409462824231156e-18
-0.008999675282623961 0.001779255181914382 -2.602085213965211e-18
-0.01804156229508154 -6.856816995217843e-05 -2.717010644248674e-16
0.003709795745372506 -0.001424208774938787 6.797947621484113e-17
-0.01150184968588586 0.001779310813289401 8.023096076392733e-18
-0.003541087922742714 0.001274334929012731 -1.192622389734055e-18
-0.01046533662183926 0.001298645808262524 3.039154274929858e-05
-0.02329105129442437 -0.001358219991581967 1.175275154974287e-16
-0.01372160961300797 -0.0009323701961284748 -2.294646348958274e-05
0.02243419336067827 0.001288122450491759 0
0.002661423793852966 0.001810153025228389 1.084202172485504e-19
-0.009455665274668099 -0.0001813187678530683 -7.578573185673676e-17
-0.0134717600506103 -0.001977295442246221 -2.835718028540364e-05
0.001820358341552389 -0.00121768786704311 -1.191404906994914e-05
0.014500071046486 -0.002020050684176319 -5.56765211345331e-05
-0.01645082582114296 -0.001877610630235399 -1.002887009549092e-16
-0.004681544900601448 -0.0004681301464240267 -3.362371879240487e-05
0.02096341983594689 0.001049782336530638 2.375772770209369e-05
-0.009986491641850406 -0.002000235014966936 2.243490911491113e-05
0.009600113179442381 -0.0002753909109545455 -3.346641519238661e-05
0.006499997671519985 0.001990042437869991 1.084202172485504e-19
-0.02386882415202091 -4.844544573769267e-09 -5.94560960218615e-05
-0.007506618436124657 0.001324427152158183 5.017646099063463e-05
-0.01283642378816702 0.000622084979823761 1.528725063204561e-16
-0.01648004159044347 0.001124712985742781 3.004467198786582e-05
2.069211591376743e-05 0.001308686217236716 4.227940004904645e-05
-0.005792344791950668 0.001995628927232301 4.336808689942018e-19
-0.01899996214161333 0.001851546544565362 -4.208953218715782e-05
-0.001708333333270463 0.001994818514456063 0
0.01338126604128492 0.0007093060165144218 1.734723475976807e-18
0.003854546390995826 -0.0002083379629221267 -1.821459649775647e-17
0.002916352203503439 -0.0006666666666324716 -3.816391647148976e-17
0.01410184266510632 0.0002907373493682989 -2.168404344971009e-19
0.01050476374741935 -0.001791142450180858 7.589415207398531e-19
0.0006197890900642556 -0.001859440537701588 -5.258380536554697e-17
-0.0004860711548766834 -0.001986833929657717 -1.830345766428842e-05
0.01323336497149355 -0.0002089984897403458 2.168404344971009e-19
-0.005525451190252972 0.001019486766855924 3.695743383639575e-05
0.006957791314105623 -0.0002493229777763508 8.334112493998356e-05
0.003782275925662465 0.0006666461520699101 3.491130995403324e-17
-0.01800008086893034 0.001922246484509791 8.348378641134726e-05
-0.01702951684362694 -0.001401744551864607 2.501254411924059e-16
0.006524791760958224 -0.0004999998553197346 -8.425615556504078e-05
0.008012760712440111 -0.001987211866131215 -2.660964416457127e-05
-0.002063227499513784 -0.00104249442200164 2.40692882291782e-17
0.01562156680792743 -0.0001948767562758628 -2.798486755972414e-05
0.01283453222092442 -0.001774994615600672 -1.951563910473908e-18
-0.00383303270768779 -0.001461161440215858 3.133192647505156e-05
0.01001597004393424 0.001994585300262546 -4.965936323919444e-07
-0.01750184037060221 -0.001923112906219317 6.685151783850232e-05
-0.02277987303045829 -0.000252627672382773 8.348875142112912e-05
0.01054222090532902 0.0019334418989518 4.943281767017102e-05
-0.006828972295513882 -0.001041329705604295 4.727121472036799e-17
0.008261514540175633 0.001523969639721807 -3.619056984865835e-05
0.02449527404621288 -0.001208545809033414 1.084202172485504e-19
0.004723498867606053 -0.001956627396563565 -2.3635607360184e-17
-0.01723487313846207 0.000613735647277567 4.852987863760306e-05
-0.005004068714161688 -0.002009158009968976 2.39764045176693e-05
0.02220890202358576 0.000663074582910187 -5.522549864767618e-05
0.01870529104021552 0.001524673273718308 -3.749232633986759e-05

CELLS 11119 55595
4 979 3004 491 3027
4 1806 3004 2294 3027
4 979 1367 491 3004
4 2682 2294 1806 3004
4 564 3023 2996 3059
4 1879 2996 3023 3059
4 1364 3073 2679 3188
4 1520 1416 451 2849
4 523 2947 1097 3042
4 2420 2947 1838 3042
4 1096 523 1097 3042
4 2420 1838 2419 3042
4 3004 3027 979 3235
4 2294 3027 3004 3235
4 2679 3108 1364 3188
4 1760 2977 1663 3033
4 3021 3203 2060 3251
4 1072 3013 2887 3085
4 2887 3013 2396 3085
4 1663 2977 445 3033
4 3022 3057 2017 3326
4 702 3057 3022 3326
4 1401 1510 530 3143
4 1845 2825 2716 3143
4 1525 3024 2840 3247
4 745 3203 3021 3251
4 1401 2848 1510 3143
4 2825 2848 2716 3143
4 556 3216 2871 3373
4 2965 3027 2234 3045
4 920 3027 2965 3045
4 2185 3147 3102 3323
4 1871 2871 3216 3373
4 3102 3147 870 3323
4 1770 3143 455 3290
4 1250 3093 2565 3312
4 1525 2840 3024 3142
4 1373 2996 564 3023
4 2688 1879 2996 3023
4 2686 2016 3022 3057
4 1371 3022 701 3057
4 2017 3022 2016 3057
4 701 3022 702 3057
4 3088 3115 2812 3164
4 1497 3115 3088 3164
4 1354 3248 3021 3267
4 824 860 2908 3134
4 2139 2908 2175 3134
4 2996 3059 2663 3189
4 1348 3059 2996 3189
4 2797 2851 3058 3241
4 2851 1482 3058 3241
4 918 3072 2965 3096
4 1841 2849 1652 3187
4 1841 2731 1652 2849
4 2565 3093 1250 3335
4 2965 3072 2232 3096
4 2840 3142 1525 3247
4 1097 3042 2947 3167
4 2947 3042 2420 3167
4 1708 2682 1806 3004
4 2669 3021 3248 3267
4 2971 3018 947 3253
4 1708 3004 1806 3027
4 947 2971 1307 3018
4 2618 2971 2261 3018
4 2676 3012 2988 3218
4 1361 2988 3012 3218
4 1766 1655 2849 3224
4 2618 2261 2971 3253
4 451 2849 1655 3224
4 1862 2870 2869 2909
4 547 2869 2870 2909
4 2394 3213 3013 3313
4 1652 2849 526 3187
4 2908 3134 860 3161
4 2175 3134 2908 3161
4 2081 2875 3163 3312
4 2965 3045 2668 3072
4 1353 3045 2965 3072
4 824 2908 860 3161
4 2139 2175 2908 3161
4 918 921 3072 3096
4 1816 1560 3050 3222
4 2261 3018 2971 3253
4 1599 904 1473 3038
4 2254 2857 940 3001
4 2235 2232 3072 3096
4 2232 2965 2661 3072
4 918 1346 2965 3072
4 526 1652 1416 2849
4 501 3050 1560 3222
4 2219 1599 2788 3038
4 2797 2851 2224 3058
4 909 2851 1482 3058
4 581 584 2987 2990
4 1896 2987 1899 2990
4 3061 3153 2262 3240
4 948 3153 3061 3240
4 581 1362 584 2990
4 1896 1899 2677 2990
4 2486 2383 2381 2883
4 1169 1057 1059 2883
4 702 3215 3057 3326
4 3057 3215 2017 3326
4 523 1096 1551 3042
4 2668 2965 2234 3045
4 1353 920 2965 3045
4 1871 2871 556 3216
4 1069 1070 3013 3313
4 1871 556 2871 3164
4 2235 2232 2661 3072
4 918 921 1346 3072
4 1737 491 1367 3004
4 1473 904 1599 3238
4 2464 2977 1760 3033
4 445 2977 1149 3033
4 1543 455 1770 3143
4 940 2857 2254 3037
4 1879 2663 2996 3059
4 564 2996 1348 3059
4 1599 2219 2788 3238
4 766 3163 2875 3312
4 1244 3110 1399 3252
4 2714 3110 2559 3252
4 2381 2883 2383 3196
4 1057 1059 2883 3196
4 2079 2942 3103 3265
4 945 1307 947 2971
4 2559 3110 1533 3252
4 945 2971 947 3253
4 1533 3110 1244 3252
4 2686 2017 2016 3057
4 1371 701 702 3057
4 2942 764 3103 3265
4 2262 3061 2264 3153
4 950 3061 948 3153
4 1873 2812 3115 3164
4 558 3115 1497 3164
4 822 2874 3038 3071
4 558 3090 3115 3164
4 1873 3115 3090 3164
4 2016 3022 2017 3326
4 702 3022 701 3326
4 616 1931 2925 2942
4 811 3114 2937 3145
4 2126 2937 3114 3145
4 616 1931 2942 3103
4 1301 872 2893 3020
4 2187 2607 2893 3020
4 1920 3073 2960 3188
4 605 2960 3073 3188
4 1018 2858 1020 3352
4 1364 3108 2679 3170
4 558 1089 1497 3115
4 1873 2812 2412 3115
4 1525 3024 3016 3142
4 3016 3024 2840 3142
4 2797 3058 2882 3241
4 2882 3058 1482 3241
4 2764 1620 3060 3130
4 1396 3247 3142 3278
4 827 3158 2893 3222
4 2893 3158 2142 3222
4 1229 911 2997 3197
4 3098 3106 2165 3283
4 2711 3142 3247 3278
4 1760 2464 1663 2977
4 1449 3060 1620 3130
4 2439 2997 2272 3197
4 850 3106 3098 3283
4 3018 3240 947 3253
4 1099 3167 2854 3217
4 2422 2854 3167 3217
4 2499 2663 3059 3189
4 1235 3059 1348 3189
4 827 2893 3158 3233
4 2142 3158 2893 3233
4 2883 3129 2486 3196
4 1393 1214 501 3050
4 2708 1816 2534 3050
4 1706 2835 1766 2849
4 1879 2499 2663 3059
4 1235 564 1348 3059
4 913 2945 916 3113
4 2230 2945 2227 3113
4 1862 1861 2870 2909
4 547 2870 546 2909
4 1843 2784 1550 3054
4 2234 2965 2668 3072
4 1353 2965 920 3072
4 1598 2534 1816 3050
4 2224 2851 1750 3058
4 1427 3157 3123 3214
4 3123 3157 2742 3214
4 2731 1706 1652 2849
4 1599 2219 904 3038
4 2185 3102 3147 3288
4 940 2254 3001 3152
4 1750 2851 909 3058
4 2383 2883 2486 3196
4 2393 3013 2394 3213
4 1069 3213 3013 3246
4 2393 3013 3213 3246
4 445 1663 1149 2977
4 3072 3096 1494 3298
4 870 3147 3102 3288
4 526 1416 879 2849
4 2731 1841 2194 2849
4 2809 3096 3072 3298
4 2261 3240 3018 3253
4 2137 3038 2874 3071
4 2798 2851 2797 3241
4 1482 2851 1483 3241
4 1476 3206 3066 3211
4 3066 3206 2791 3211
4 2968 3131 803 3305
4 2618 2259 2261 3253
4 2340 3011 2975 3320
4 2975 3011 1025 3320
4 1923 3073 1920 3188
4 605 3073 608 3188
4 2118 3131 2968 3305
4 940 3037 2254 3065
4 2464 2485 2977 3033
4 1149 2977 1171 3033
4 2211 3133 3177 3231
4 896 3177 3133 3231
4 940 3065 2254 3152
4 1481 2853 3171 3244
4 2853 2795 3171 3244
4 904 2219 1599 3238
4 1069 3013 3213 3313
4 1020 2858 3140 3352
4 2571 3091 3111 3356
4 1275 3111 3091 3356
4 2833 2679 3073 3188
4 1364 1518 3073 3188
4 2454 3012 2676 3218
4 1361 3012 1139 3218
4 1680 2969 1784 3016
4 2893 3020 872 3222
4 2187 3020 2893 3222
4 819 2997 911 3166
4 1680 469 2969 3016
4 1896 2987 2990 3223
4 1393 3050 501 3222
4 2708 1816 3050 3222
4 3108 3170 1220 3285
4 581 2990 2987 3223
4 2540 3170 3108 3285
4 1706 1416 1652 2849
4 2849 3187 2194 3234
4 2997 3166 906 3227
4 2221 3166 2997 3227
4 526 2849 879 3187
4 1841 2194 2849 3187
4 1449 897 3060 3130
4 2764 3060 2212 3130
4 1362 2990 581 3223
4 2413 3121 3090 3156
4 3090 3121 1090 3156
4 822 2874 873 3038
4 1896 2990 2677 3223
4 911 3166 2997 3197
4 879 3187 2849 3234
4 2264 3153 3061 3307
4 950 3061 3153 3307
4 2272 2997 3166 3197
4 904 3038 2219 3071
4 810 2968 768 3131
4 2083 2968 2125 3131
4 1863 2869 1862 2870
4 547 2869 548 2870
4 1843 3054 528 3180
4 2406 3038 1083 3299
4 860 3161 3134 3269
4 2175 3134 3161 3269
4 2164 3017 849 3265
4 1039 2363 2875 2878
4 616 2925 1931 3232
4 1139 3218 3012 3260
4 1100 3167 3021 3248
4 2992 3090 1091 3156
4 2414 3090 2992 3156
4 1410 1520 451 2849
4 2835 2725 1766 2849
4 1087 1091 2992 3090
4 2410 2992 2414 3090
4 2454 3012 3218 3260
4 803 3137 859 3305
4 2768 3149 1619 3238
4 1400 3151 3213 3246
4 2118 803 3131 3305
4 2715 3213 3151 3246
4 2521 2520 3003 3102
4 2174 3137 2118 3305
4 2059 2060 3203 3251
4 1204 3003 1203 3102
4 2079 2942 1931 3103
4 764 616 2942 3103
4 737 3217 3091 3317
4 2052 3091 3217 3317
4 1479 1481 3171 3244
4 2794 3171 2795 3244
4 2227 2945 2230 3220
4 803 2118 3137 3305
4 916 2945 913 3220
4 2717 3127 2153 3228
4 838 3127 1402 3228
4 1453 3149 893 3238
4 2768 2208 3149 3238
4 1315 2992 1600 3266
4 3021 3167 2423 3248
4 1600 2992 2630 3266
4 2219 3038 2137 3071
4 904 822 3038 3071
4 3137 3272 859 3305
4 2363 2878 1039 2880
4 2383 2486 3129 3196
4 2394 2392 3213 3313
4 2164 849 3098 3265
4 2174 3272 3137 3305
4 1020 3140 3279 3352
4 2335 3140 2858 3352
4 2679 1364 3170 3334
4 2729 2848 3143 3276
4 2363 2875 2081 3312
4 1619 3149 1453 3238
4 2679 3073 1364 3334
4 745 744 3203 3251
4 2790 2355 3044 3200
4 2081 3163 2364 3312
4 1166 3148 3044 3182
4 1203 3003 1204 3280
4 2520 2521 3003 3280
4 1680 3016 1784 3142
4 916 3113 2945 3220
4 945 947 3240 3253
4 2333 2335 2858 3352
4 1475 3044 1126 3200
4 1543 1628 455 3143
4 469 3016 1680 3142
4 3066 3191 2289 3206
4 974 3191 3066 3206
4 753 3100 3061 3207
4 3061 3100 2068 3207
4 3044 3148 2482 3182
4 2230 2945 3113 3220
4 1414 3143 2848 3276
4 2139 2908 2159 3161
4 844 2908 824 3161
4 1724 2565 1250 3335
4 2113 2079 3103 3265
4 1550 3054 2784 3252
4 1543 1770 1628 3143
4 1511 1100 3021 3248
4 2797 2798 2224 2851
4 909 1483 1482 2851
4 2363 1039 2875 3312
4 2188 2874 2137 3038
4 2061 2059 2060 3203
4 827 2893 818 3222
4 2133 2893 2142 3222
4 2704 2234 3027 3045
4 1389 3027 920 3045
4 1361 1384 1139 3012
4 2454 2699 2676 3012
4 1139 3012 1384 3260
4 2661 2965 2234 3072
4 920 2965 1346 3072
4 2679 2833 3108 3188
4 1364 3108 1518 3188
4 798 3103 764 3265
4 1214 1560 501 3050
4 2340 2327 3011 3320
4 1012 1025 3011 3320
4 2221 2272 2134 2997
4 2856 3052 1990 3261
4 675 3052 2856 3261
4 2386 3151 3213 3368
4 737 3091 3040 3317
4 3040 3091 2052 3317
4 1018 1020 1019 3352
4 819 2997 906 3227
4 2520 3003 3102 3280
4 2699 3012 2454 3260
4 1541 2848 1401 3143
4 2854 2947 2421 3167
4 1098 2947 2854 3167
4 2436 2991 2850 3173
4 1111 2850 2991 3173
4 2386 3213 3196 3368
4 2221 2997 2134 3227
4 906 2997 819 3166
4 1069 1068 1070 3313
4 3104 3183 534 3314
4 1849 3183 3104 3314
4 1203 3102 3003 3280
4 2823 3190 3141 3220
4 2355 3148 3044 3200
4 2406 1083 3266 3299
4 1753 511 2853 3171
4 2657 2928 2655 2929
4 1341 2928 1342 2929
4 1592 2559 1533 3252
4 445 1149 1171 3033
4 2464 1760 2485 3033
4 2493 2999 1180 3150
4 1753 2853 1826 3171
4 3044 3148 1126 3200
4 3084 3092 2158 3224
4 843 3092 3084 3224
4 1931 3103 616 3232
4 2423 2826 3021 3248
4 2261 2259 3240 3253
4 2493 1180 3008 3150
4 2764 3060 1620 3349
4 1468 3175 3030 3314
4 2783 3030 3175 3314
4 2185 2120 3147 3323
4 2716 2848 1541 3143
4 1733 1663 2464 2977
4 1272 534 3104 3183
4 2588 3104 1849 3183
4 746 745 744 3203
4 751 3061 3007 3195
4 3007 3061 2066 3195
4 2775 3164 3090 3291
4 923 1494 3096 3298
4 3084 3092 790 3099
4 2105 3092 3084 3099
4 2335 3279 3140 3352
4 1229 839 911 3197
4 1614 1843 3180 3181
4 1460 3090 3164 3291
4 1726 3082 2758 3229
4 2237 3096 2809 3298
4 1468 3030 1193 3314
4 2783 2511 3030 3314
4 766 2875 1039 3312
4 1402 3228 3127 3301
4 3127 3228 2717 3301
4 1550 1469 3054 3252
4 2154 2439 2272 3197
4 1614 3180 528 3181
4 1733 1149 1663 2977
4 785 3141 1508 3190
4 1698 3166 2756 3227
4 1706 2731 2835 2849
4 1020 3279 1019 3352
4 2546 2969 3018 3153
4 1226 3018 2969 3153
4 2363 2880 1039 3093
4 1698 1441 3166 3227
4 1443 3082 1726 3229
4 1484 3061 751 3240
4 2066 3061 2799 3240
4 1099 3074 3167 3217
4 2422 3167 3074 3217
4 2080 3162 3076 3226
4 1863 1862 1861 2870
4 547 548 546 2870
4 765 3076 3162 3226
4 2835 1766 2731 1706
4 2725 2849 2695 3084
4 1380 2849 1410 3084
4 1620 3060 1449 3349
4 2211 3231 3177 3349
4 896 3177 3231 3349
4 3151 1062 3213 3368
4 1099 2854 1101 3217
4 2424 2854 2422 3217
4 2083 2125 2118 3131
4 810 768 803 3131
4 818 1301 872 2893
4 2133 2187 2607 2893
4 3196 3213 1062 3368
4 2413 2415 3121 3156
4 1092 1090 3121 3156
4 766 1040 3163 3312
4 1614 1843 528 3180
4 1614 1843 1550 3054
4 3075 3241 2710 3257
4 1395 3241 3075 3257
4 1427 782 3157 3214
4 2097 2742 3157 3214
4 1871 2871 1870 3164
4 555 2871 556 3164
4 2661 2234 2668 3072
4 1353 920 1346 3072
4 2856 1990 3119 3261
4 675 2856 3119 3261
4 2272 2997 2221 3166
4 1592 1533 1244 3252
4 1493 1222 1220 3170
4 2540 2542 2808 3170
4 1180 2999 2493 3276
4 528 1843 1614 3054
4 972 3206 1476 3211
4 2287 2791 3206 3211
4 2393 2394 2392 3213
4 1214 1598 1560 3050
4 2219 2188 2137 3038
4 904 822 873 3038
4 913 915 2945 3113
4 2227 2945 2229 3113
4 2493 3008 1180 3290
4 2126 3114 2650 3145
4 811 1335 3114 3145
4 1436 3179 3078 3219
4 3127 3193 2153 3228
4 838 3193 3127 3228
4 805 870 3147 3323
4 2219 904 3071 3238
4 2181 2828 2996 3178
4 1513 866 2996 3178
4 2181 3178 2996 3189
4 2996 3178 866 3189
4 3100 3148 1509 3182
4 1099 1098 2854 3167
4 2422 2854 2421 3167
4 737 738 3217 3317
4 2052 3217 2053 3317
4 2158 3084 2105 3092
4 790 3084 843 3092
4 1845 2716 1541 3143
4 2311 3064 3146 3205
4 996 3146 3064 3205
4 1541 1401 2848 3333
4 1541 2848 2716 3333
4 2757 3121 3156 3194
4 1442 3156 3121 3194
4 1708 1737 2682 3004
4 1816 1560 1598 3050
4 1770 455 3161 3290
4 906 819 911 3166
4 2191 3187 3069 3234
4 921 1494 3072 3096
4 785 1508 3141 3220
4 1479 3171 2892 3244
4 2794 2892 3171 3244
4 3078 3179 2751 3219
4 3132 3244 1394 3278
4 2709 3244 3132 3278
4 2254 3065 2778 3152
4 940 1463 3065 3152
4 1469 903 528 3054
4 1843 2218 2784 3054
4 826 3247 1396 3278
4 1597 1083 2406 3038
4 2929 2988 1138 3218
4 2453 2988 2929 3218
4 2235 3072 2809 3096
4 2824 3148 3100 3182
4 2125 2968 2118 3131
4 810 803 2968 3131
4 1250 2565 3082 3312
4 921 923 1494 3096
4 2444 2932 2446 2933
4 1131 2932 1129 2933
4 2830 3021 3074 3167
4 1515 3074 3021 3167
4 3069 3187 876 3234
4 738 737 3040 3317
4 2053 3040 2052 3317
4 2685 1923 1920 3188
4 608 1370 605 3188
4 556 1871 3216 3262
4 2334 3279 2335 3352
4 1437 3185 3081 3221
4 1496 3052 675 3261
4 1990 3052 2811 3261
4 1069 3213 1068 3313
4 2711 3247 2141 3278
4 2237 2235 2809 3096
4 1410 3084 2849 3224
4 2849 3084 2725 3224
4 2397 2398 2396 3013
4 1072 1074 1073 3013
4 2782 2930 1897 3223
4 2327 3261 3011 3320
4 1012 3011 3261 3320
4 2685 1920 2960 3188
4 1370 2960 605 3188
4 2309 2311 3064 3146
4 994 3064 996 3146
4 2291 2289 3191 3206
4 976 3191 974 3206
4 582 2930 1467 3223
4 850 1345 3106 3283
4 1072 1074 3013 3085
4 2398 2396 3013 3085
4 2379 2758 3082 3229
4 1052 3082 1443 3229
4 1400 3213 1069 3246
4 2715 2393 3213 3246
4 1515 3021 1372 3167
4 2830 2687 3021 3167
4 2752 3081 3185 3221
4 2823 2100 3190 3220
4 2386 3196 2384 3368
4 3061 3195 751 3240
4 2066 3195 3061 3240
4 850 1472 3098 3106
4 2787 2165 3098 3106
4 958 2909 2870 2963
4 2273 2870 2909 2963
4 811 2937 543 3145
4 2126 1858 2937 3145
4 2411 3090 1873 3115
4 558 3090 1088 3115
4 1062 1060 3196 3368
4 810 2968 803 3305
4 2125 2118 2968 3305
4 2493 1180 3276 3290
4 2660 2165 3106 3283
4 2383 3196 3129 3368
4 2079 1931 2113 3103
4 764 798 616 3103
4 736 3040 737 3091
4 2051 2052 3040 3091
4 1770 2580 3143 3290
4 2655 2444 2446 2933
4 1131 1129 1341 2933
4 460 1244 1399 3252
4 1775 2714 2559 3252
4 753 3061 754 3207
4 1649 3135 465 3325
4 1649 1780 3135 3325
4 2398 3013 2397 3085
4 1073 3013 1074 3085
4 911 839 3166 3197
4 1166 1147 3148 3182
4 1467 3243 2930 3309
4 2930 3243 2782 3309
4 2389 2486 2382 3289
4 1065 1058 1169 3289
4 455 3143 1265 3290
4 2272 3166 2154 3197
4 2118 3136 803 3137
4 2333 2334 2335 3352
4 1222 1220 3170 3285
4 1354 1146 1199 3248
4 2069 3061 2068 3207
4 818 2893 872 3222
4 2133 2187 2893 3222
4 2363 3093 1039 3312
4 1111 1109 2850 3173
4 2436 2850 2434 3173
4 2214 3133 2211 3231
4 896 3133 899 3231
4 1772 3093 2565 3335
4 1250 3093 457 3335
4 2725 1766 2849 3224
4 1410 2849 451 3224
4 556 3164 1871 3262
4 2462 2482 3148 3182
4 2410 2414 2413 3090
4 1087 1090 1091 3090
4 2540 2542 3170 3285
4 2170 2798 2797 3241
4 1482 1483 855 3241
4 460 1592 1244 3252
4 1401 530 1584 3143
4 2139 2159 2175 3161
4 844 824 860 3161
4 2170 2797 2882 3241
4 1482 855 2882 3241
4 1083 1597 2406 3266
4 2309 3146 3064 3275
4 3064 3146 994 3275
4 3065 3152 1463 3251
4 2778 3152 3065 3251
4 2364 2363 2081 3312
4 1060 1062 3196 3213
4 1436 668 3078 3179
4 736 738 737 3040
4 2051 2052 2053 3040
4 1877 3090 2413 3121
4 562 1090 3090 3121
4 1928 3170 3103 3232
4 2384 3196 2386 3213
4 2193 2194 3187 3234
4 2571 3111 2529 3356
4 1212 3111 1275 3356
4 1775 2559 1592 3252
4 2751 3078 1983 3179
4 2687 3021 2056 3074
4 741 3021 1372 3074
4 903 3054 1469 3252
4 2784 3054 2218 3252
4 2992 3090 2410 3115
4 1087 3090 2992 3115
4 2588 1849 1611 3183
4 826 1396 863 3278
4 2711 2141 2178 3278
4 1357 2874 3088 3299
4 1479 1241 1481 3244
4 2555 2794 2795 3244
4 1297 3024 1525 3247
4 2289 3066 2026 3191
4 711 3066 974 3191
4 1479 2892 1241 3244
4 2555 2892 2794 3244
4 1611 3183 1849 3314
4 2291 3206 3191 3264
4 976 3191 3206 3264
4 785 3141 3190 3220
4 728 3081 1437 3185
4 2702 2837 3113 3239
4 1522 1387 3113 3239
4 1414 2848 890 3276
4 2657 2655 2449 2929
4 1134 1341 1342 2929
4 1663 1760 3033 3126
4 1874 3164 2775 3291
4 1706 1766 1655 2849
4 2627 2840 3024 3247
4 913 916 915 3113
4 2230 2227 2229 3113
4 3135 3263 465 3325
4 1770 455 1543 3161
4 3103 3170 613 3232
4 878 3187 879 3234
4 2546 3018 2263 3153
4 1226 949 3018 3153
4 1780 3263 3135 3325
4 534 1272 1611 3183
4 753 752 3061 3100
4 2067 2068 3061 3100
4 2752 3081 2043 3185
4 1247 3262 3216 3332
4 1471 3284 3078 3287
4 2786 3078 3284 3287
4 2211 2213 3231 3349
4 896 3231 898 3349
4 2118 3131 803 3136
4 445 1663 3033 3126
4 534 3183 1611 3314
4 1460 3164 559 3291
4 826 863 3247 3278
4 2172 2831 2851 3075
4 1516 857 2851 3075
4 2562 3216 3262 3332
4 2141 3247 2178 3278
4 2580 1628 1770 3143
4 2869 2870 1863 2872
4 1427 965 3123 3157
4 2280 2742 3123 3157
4 1109 2850 3173 3372
4 1147 3100 1509 3182
4 2389 3129 2486 3289
4 1065 1169 3129 3289
4 2669 2517 2461 3248
4 555 3088 2871 3164
4 2871 3088 1870 3164
4 1931 1928 3103 3232
4 2414 2413 3090 3156
4 1091 3090 1090 3156
4 2264 3061 2070 3307
4 950 755 3061 3307
4 1133 1134 2930 2931
4 2448 2930 2449 2931
4 2867 2868 630 2875
4 1945 2868 2867 2875
4 630 2875 2868 2876
4 2868 2875 1945 2876
4 627 2875 2876 2878
4 1942 2876 2875 2878
4 627 2878 2876 2879
4 2876 2878 1942 2879
4 634 2868 2867 2886
4 1949 2867 2868 2886
4 2491 2879 2878 2885
4 1172 2878 2879 2885
4 863 3244 3247 3278
4 633 2886 2867 2900
4 1948 2867 2886 2900
4 2883 2885 620 2896
4 1935 2885 2883 2896
4 1935 2890 2885 2896
4 2885 2890 620 2896
4 619 2896 2890 2925
4 2890 2896 1934 2925
4 2623 2898 2906 2952
4 1311 2906 2898 2952
4 1290 2907 2897 2950
4 2604 2897 2907 2950
4 2890 2925 1934 2942
4 619 2925 2890 2942
4 2869 2909 547 2937
4 1862 2909 2869 2937
4 1286 2910 2869 2937
4 601 2888 2944 2960
4 1916 2944 2888 2960
4 2601 2869 2910 2937
4 548 2870 2869 2872
4 1400 3151 1062 3213
4 2115 2905 2892 2919
4 2892 2905 800 2919
4 2178 3247 3244 3278
4 2715 2386 3151 3213
4 1268 2913 2896 2925
4 2584 2896 2913 2925
4 643 2903 2864 2926
4 1958 2864 2903 2926
4 2860 2887 1925 2921
4 610 2887 2860 2921
4 3178 3189 2181 3286
4 866 3189 3178 3286
4 1917 2899 2888 2944
4 2888 2899 602 2944
4 2850 2434 3173 3372
4 1949 2886 2868 2961
4 634 2868 2886 2961
4 1348 564 1373 2996
4 2663 2688 1879 2996
4 2786 3078 2319 3284
4 1471 1004 3078 3284
4 972 974 1476 3206
4 2287 2791 2289 3206
4 2601 2937 2910 3225
4 974 3066 1476 3206
4 2791 3066 2289 3206
4 2571 2732 3091 3356
4 1275 3091 1417 3356
4 782 3199 3157 3214
4 633 2900 2867 2973
4 1948 2867 2900 2973
4 2273 2909 2863 2963
4 2863 2909 958 2963
4 897 1449 3060 3349
4 2212 3060 2764 3349
4 1610 2748 2850 3372
4 1628 1265 455 3143
4 2729 2690 2205 2848
4 2097 3157 3199 3214
4 2899 2917 1912 2964
4 597 2917 2899 2964
4 1921 2921 2944 2960
4 606 2944 2921 2960
4 1372 3021 1515 3074
4 2687 2830 3021 3074
4 2186 2142 3158 3222
4 827 871 3158 3222
4 2672 3115 3088 3299
4 1357 3088 3115 3299
4 2056 2687 2057 3021
4 1372 741 742 3021
4 2898 2952 2628 2974
4 1313 2952 2898 2974
4 1212 1210 1275 3111
4 2571 2527 2529 3111
4 2888 2899 1913 2964
4 598 2899 2888 2964
4 1897 3223 2930 3360
4 3017 3039 1356 3285
4 1471 3107 3284 3287
4 2786 3284 3107 3287
4 2086 2958 2886 2961
4 2886 2958 771 2961
4 2810 3049 2497 3267
4 1198 3049 1495 3267
4 1427 782 965 3157
4 2280 2097 2742 3157
4 889 3057 2848 3120
4 2848 3057 2204 3120
4 872 3020 1524 3160
4 2187 2839 3020 3160
4 876 3069 877 3187
4 2191 2192 3069 3187
4 1643 1632 2820 3149
4 2878 2880 2491 2885
4 1172 2880 2878 2885
4 2690 2205 2848 3276
4 2910 2937 1286 3225
4 1308 2935 2951 2994
4 2620 2951 2935 2994
4 849 3017 2164 3306
4 551 2871 2869 2910
4 2869 2871 1866 2910
4 2824 3100 2497 3182
4 613 616 3103 3232
4 2548 2891 2953 2997
4 2522 2949 2936 3003
4 2936 2949 1205 3003
4 2672 3088 2874 3299
4 1195 1272 3104 3183
4 1114 2953 2891 2997
4 2866 3198 2303 3284
4 988 3198 2866 3284
4 2613 2914 2857 3001
4 2857 2914 1310 3001
4 725 2936 2922 3047
4 2922 2936 2040 3047
4 2589 3175 1581 3314
4 2325 2327 2340 3320
4 1012 1010 1025 3320
4 2385 3151 2386 3368
4 916 1522 3113 3239
4 2230 3113 2837 3239
4 1289 2912 2895 3014
4 2895 2912 2610 3014
4 2830 2423 2687 3167
4 1100 1515 1372 3167
4 582 2930 3223 3360
4 1467 578 3243 3309
4 1893 2782 3243 3309
4 1273 1581 3175 3314
4 721 2922 2894 3019
4 2894 2922 2036 3019
4 2757 3156 2417 3194
4 1442 1094 3156 3194
4 2191 2193 3187 3234
4 1198 3049 3100 3182
4 2671 3039 3017 3285
4 2207 2870 3006 3071
4 892 3006 2870 3071
4 564 561 3023 3059
4 1876 1879 3023 3059
4 2727 2143 3230 3328
4 949 948 3018 3153
4 2263 3018 2262 3153
4 752 754 753 3061
4 2069 2067 2068 3061
4 2497 3100 3049 3182
4 2565 1724 1250 3082
4 2620 2951 2994 3025
4 2221 2756 3166 3227
4 906 3166 1441 3227
4 1400 1062 1069 3213
4 2548 2953 2891 3026
4 2727 3230 3311 3328
4 1308 2994 2951 3025
4 1638 537 542 3145
4 2493 3276 2690 3290
4 2715 2393 2386 3213
4 1114 2891 2953 3026
4 685 2946 2959 3046
4 2000 2959 2946 3046
4 1310 3001 2914 3253
4 1290 2907 2950 3036
4 2604 2950 2907 3036
4 2623 2952 2906 3034
4 2906 2952 1311 3034
4 916 3113 3220 3239
4 2637 2889 2916 3005
4 1320 2916 2889 3005
4 1871 1868 1870 2871
4 553 556 555 2871
4 811 3010 2937 3114
4 2126 2937 3010 3114
4 3096 3138 923 3298
4 2725 2695 2158 3084
4 1380 1410 843 3084
4 3017 1356 3103 3285
4 962 2920 2943 3199
4 3078 3179 668 3271
4 2921 2960 1920 3073
4 605 2960 2921 3073
4 2594 2852 1616 3175
4 3018 3153 948 3240
4 2262 3153 3018 3240
4 1205 2949 2936 3282
4 2237 3138 3096 3298
4 2423 3021 2687 3167
4 1100 1372 3021 3167
4 601 2888 2960 3020
4 1916 2960 2888 3020
4 1643 1641 1632 3149
4 2521 3003 2936 3102
4 2178 2179 2709 3244
4 863 1394 864 3244
4 2318 2907 2866 3036
4 1003 2866 2907 3036
4 2230 3220 3113 3239
4 1144 2861 2862 3182
4 2164 3098 849 3306
4 3081 3185 728 3282
4 1412 3230 828 3328
4 2860 2921 1925 3073
4 610 2921 2860 3073
4 608 3073 1518 3188
4 1923 2833 3073 3188
4 1983 3179 3078 3271
4 537 3114 1640 3208
4 2732 3217 3091 3356
4 1417 3091 3217 3356
4 1204 2936 3003 3102
4 2915 2981 1340 3056
4 2656 2981 2915 3056
4 2671 3017 3103 3285
4 2857 2904 2624 3037
4 1963 2903 2979 3035
4 648 2979 2903 3035
4 1845 1541 1584 3143
4 2702 2837 2230 3113
4 916 1522 1387 3113
4 2277 2943 2920 3199
4 2613 2914 3001 3253
4 2538 3108 3188 3348
4 1218 3188 3108 3348
4 1279 1616 2852 3175
4 1412 3311 3230 3328
4 1640 3114 1852 3208
4 1309 2904 2857 3037
4 2936 2949 2522 3282
4 1147 1198 1509 3100
4 1089 558 1088 3115
4 2412 2411 1873 3115
4 2704 2668 2234 3045
4 1353 1389 920 3045
4 2904 2967 2624 3037
4 2076 2970 2919 3176
4 2919 2970 761 3176
4 2618 2986 2971 3018
4 2971 2986 1307 3018
4 2043 3185 3081 3282
4 1868 2871 1871 3373
4 1884 2891 2934 3076
4 2562 3216 1871 3262
4 556 3216 1247 3262
4 1198 3100 3049 3267
4 3049 3100 2497 3267
4 918 2965 2884 3096
4 569 2934 2891 3076
4 2204 2848 2722 3057
4 1407 2848 889 3057
4 2824 2497 2462 3182
4 1309 2967 2904 3037
4 1913 2893 2888 2964
4 2888 2893 598 2964
4 1963 2926 2903 3035
4 2903 2926 648 3035
4 1338 2956 2915 3056
4 2653 2915 2956 3056
4 2459 2862 2861 3182
4 2884 2965 2232 3096
4 645 2881 2864 2903
4 1960 2864 2881 2903
4 2340 2983 2975 3011
4 2975 2983 1025 3011
4 2958 2961 2086 3032
4 771 2961 2958 3032
4 3020 3160 872 3222
4 2187 3160 3020 3222
4 1699 2884 2473 2906
4 876 3187 877 3234
4 606 2921 2944 3094
4 1921 2944 2921 3094
4 602 2944 2899 2968
4 2899 2944 1917 2968
4 1928 2621 3103 3170
4 613 3103 1305 3170
4 2938 2983 2339 3011
4 1024 2983 2938 3011
4 2546 2265 2969 3153
4 1226 2969 951 3153
4 3098 3106 1472 3306
4 2787 3106 3098 3306
4 1535 1581 2589 3175
4 485 2897 1716 2975
4 2399 2921 2887 3094
4 2887 2921 1075 3094
4 1584 1541 1401 3143
4 1699 1158 2884 2906
4 2410 3090 2411 3115
4 1088 3090 1087 3115
4 1912 2917 2899 3131
4 597 2899 2917 3131
4 2938 2339 2993 3011
4 1024 2938 2993 3011
4 1699 500 1158 2906
4 1638 1857 1852 3145
4 1040 766 1039 3312
4 1364 1518 608 3073
4 2833 2679 1923 3073
4 2494 3143 2580 3290
4 811 543 1335 3145
4 2126 2650 1858 3145
4 1511 1199 1100 3248
4 2659 2929 2453 2988
4 1138 2929 1344 2988
4 643 2926 2864 3101
4 1958 2864 2926 3101
4 1536 1610 2748 2850
4 1877 2413 2415 3121
4 562 1092 1090 3121
4 1168 1637 2863 2963
4 2035 3019 2922 3047
4 2922 3019 720 3047
4 685 3046 2959 3172
4 2000 2959 3046 3172
4 1716 2897 1800 2975
4 2531 2987 2957 3084
4 2957 2987 1213 3084
4 725 2936 3047 3155
4 2040 3047 2936 3155
4 1487 3162 3125 3218
4 2802 3125 3162 3218
4 1133 1131 1134 2931
4 2448 2449 2446 2931
4 2561 2897 1683 2907
4 572 3125 1487 3162
4 2802 3125 1887 3162
4 1716 1800 2602 2975
4 1029 1688 2889 2916
4 2757 3121 2415 3156
4 1442 1092 3121 3156
4 2729 2690 2848 3276
4 2186 2133 2142 3222
4 827 818 871 3222
4 1715 519 2975 2983
4 2576 3129 1662 3368
4 785 3190 3028 3220
4 2702 3113 3002 3239
4 3002 3113 1387 3239
4 2289 2026 2291 3191
4 976 711 974 3191
4 2560 1794 1723 2951
4 1101 1099 1098 2854
4 2424 2421 2422 2854
4 1147 1509 3148 3182
4 2389 3139 3129 3289
4 3129 3139 1065 3289
4 2865 2976 2301 3068
4 986 2976 2865 3068
4 1715 2602 1834 2975
4 2178 3244 2709 3278
4 863 1394 3244 3278
4 1395 861 3241 3257
4 2176 2710 3241 3257
4 970 3211 3025 3321
4 2552 1784 1709 2969
4 1535 1273 1581 3175
4 2518 2936 2922 3102
4 3028 3190 2100 3220
4 2385 2386 2384 3368
4 1218 1216 3188 3348
4 2538 3188 2536 3348
4 1678 2865 985 2976
4 1670 498 2935 2951
4 467 2962 1703 2989
4 3025 3211 2285 3321
4 2438 2939 2902 3109
4 1715 2975 1834 2983
4 1475 1124 3044 3186
4 2790 3044 2353 3186
4 1602 2480 1785 2981
4 857 1395 861 3241
4 2172 2176 2710 3241
4 1272 534 1195 3104
4 2588 2513 1849 3104
4 1669 2427 2274 2920
4 1719 2481 1786 2971
4 1468 1273 3175 3314
4 2783 3175 2589 3314
4 1082 2902 2939 3109
4 2273 2870 1861 2909
4 546 2870 958 2909
4 2438 2972 2939 3109
4 2922 2936 1201 3102
4 1195 3183 3104 3362
4 2603 2938 1681 2983
4 817 2964 2893 3002
4 2893 2964 2132 3002
4 1669 1804 2427 2920
4 2484 1637 1825 2963
4 1082 2939 2972 3109
4 1375 3276 1180 3290
4 1672 504 2974 2984
4 819 3069 2997 3227
4 1057 2883 2896 3196
4 2997 3069 2134 3227
4 3041 3083 2696 3242
4 2484 2863 1637 2963
4 2625 3062 2984 3297
4 2984 3062 1291 3297
4 885 2995 3022 3180
4 2200 3022 2995 3180
4 2208 3006 3149 3238
4 893 3149 3006 3238
4 1790 2558 1689 2974
4 569 3076 2891 3296
4 2381 2896 2883 3196
4 1957 2927 2901 3101
4 2901 2927 642 3101
4 2967 2984 2625 3062
4 1291 2984 2967 3062
4 2969 2986 2546 3018
4 1226 2986 2969 3018
4 1238 2940 2894 3134
4 2894 2940 2532 3134
4 1573 1787 2549 2956
4 1126 3044 1166 3148
4 2482 3044 2355 3148
4 1683 2897 1246 2907
4 2344 2889 1688 2916
4 2823 2670 3141 3190
4 1662 3129 1261 3368
4 1671 1815 2547 2906
4 2191 2193 2192 3187
4 1721 2425 3166 3374
4 1692 2884 477 2965
4 2945 3067 913 3220
4 2916 3005 1320 3140
4 1712 1225 2971 2986
4 878 876 877 3234
4 1559 2915 505 2956
4 2790 2352 2355 3200
4 772 2972 2939 3122
4 1130 2932 2931 3141
4 2931 2932 2445 3141
4 2637 3005 2916 3140
4 2973 2998 2371 3048
4 1044 2998 2973 3048
4 705 2859 2999 3057
4 2020 2999 2859 3057
4 2556 1554 1827 2862
4 1198 3100 1147 3182
4 1524 872 3160 3222
4 2839 3160 2187 3222
4 1144 2862 3049 3182
4 1824 2552 1709 2969
4 2896 2913 1268 3196
4 1678 2300 2865 2976
4 2344 1688 1836 2916
4 1763 1554 2556 2862
4 2584 2913 2896 3196
4 1678 2300 1801 2865
4 1381 3083 3041 3242
4 1246 522 1683 2907
4 2939 2972 2087 3122
4 2856 2966 673 3095
4 1988 2966 2856 3095
4 2303 2866 2865 3198
4 2865 2866 988 3198
4 1670 2935 1813 2951
4 1782 1703 2962 2989
4 692 2939 3105 3295
4 2440 1822 1735 2989
4 1670 1813 2560 2951
4 2891 3076 1884 3296
4 2371 3048 2998 3229
4 2998 3048 1044 3229
4 1212 1210 3111 3356
4 2529 3111 2527 3356
4 1868 1871 2515 3373
4 543 2937 2909 3145
4 2909 2937 1858 3145
4 2757 2415 2417 3156
4 1442 1094 1092 3156
4 483 1288 1681 2938
4 1083 3038 1398 3299
4 2406 2713 3038 3299
4 1288 1681 2938 2983
4 1997 2980 2959 3172
4 2959 2980 682 3172
4 2262 2070 2264 3061
4 950 755 948 3061
4 2987 2990 584 3084
4 1899 2990 2987 3084
4 2313 2989 2962 3029
4 998 2962 2989 3029
4 1672 2974 1819 2984
4 1285 485 1686 2975
4 1819 1672 2558 2974
4 579 1467 578 3243
4 1894 1893 2782 3243
4 2007 3105 2939 3295
4 2650 3114 1852 3145
4 1335 537 3114 3145
4 2576 1662 3151 3368
4 2546 2263 2265 3153
4 1226 951 949 3153
4 2466 2977 3080 3178
4 1123 1475 1126 3200
4 1611 1849 1534 3314
4 2227 3067 2945 3220
4 2891 2934 568 3197
4 1782 2440 1703 2989
4 1866 2871 2869 2873
4 3125 3162 572 3296
4 970 3025 3211 3303
4 519 1285 1686 2975
4 2621 1931 1928 3103
4 613 616 1305 3103
4 1124 1546 3044 3186
4 962 3053 2920 3199
4 2823 2100 2670 3190
4 2285 3211 3025 3303
4 1883 2934 2891 3197
4 1151 3080 2977 3178
4 1738 2920 2274 2943
4 1250 457 1645 3335
4 1792 1692 2231 2965
4 772 2995 2972 3122
4 2473 1815 1671 2906
4 2231 1740 2361 2965
4 1602 2915 2480 2981
4 3022 3057 1371 3120
4 2686 3057 3022 3120
4 2545 1712 1786 2971
4 2520 2785 2521 3280
4 1203 1204 1470 3280
4 1792 2884 1692 2965
4 1887 3162 3125 3296
4 1820 2915 1559 2956
4 2952 3034 2242 3221
4 928 3034 2952 3221
4 551 2869 2871 2873
4 2972 2995 795 3054
4 2110 2995 2972 3054
4 2824 2462 3148 3182
4 2950 3036 2322 3219
4 1007 3036 2950 3219
4 2417 3156 3056 3194
4 3056 3156 1094 3194
4 2894 3019 2031 3118
4 716 3019 2894 3118
4 2972 2995 2087 3122
4 1739 2889 1804 2920
4 2549 1820 1559 2956
4 1790 1689 2898 2974
4 2459 3049 2862 3182
4 1721 3166 1102 3374
4 2557 1818 1558 2988
4 2899 2968 2083 3131
4 768 2968 2899 3131
4 2725 3084 2158 3224
4 843 3084 1410 3224
4 2919 761 3024 3176
4 2076 2919 3024 3176
4 1876 3059 3023 3291
4 1340 3056 2981 3156
4 2981 3056 2656 3156
4 1719 2914 2481 2971
4 2727 3311 3130 3328
4 797 2982 2924 3177
4 2924 2982 2112 3177
4 3023 3059 561 3291
4 2610 3014 2912 3200
4 2003 3046 2946 3105
4 2946 3046 688 3105
4 844 3008 2908 3161
4 2159 2908 3008 3161
4 2172 3075 2851 3241
4 2851 3075 857 3241
4 1289 2912 3014 3200
4 2353 3044 1546 3186
4 2619 3076 3194 3226
4 1313 2952 2974 3339
4 1181 1265 3143 3290
4 2403 2968 2944 3094
4 2944 2968 1079 3094
4 1300 3194 3076 3226
4 1468 1193 1273 3314
4 2783 2589 2511 3314
4 2409 2992 2410 3115
4 1086 1087 2992 3115
4 2277 2920 3053 3199
4 814 2876 2868 3193
4 2868 2876 2129 3193
4 1229 2997 2891 3197
4 1926 3232 2860 3334
4 2311 1969 3064 3205
4 996 3064 654 3205
4 1261 3151 1662 3368
4 1508 3141 1355 3190
4 1607 2861 1827 2862
4 1294 2979 2924 3169
4 2611 2924 2979 3169
4 1680 469 1234 2969
4 1818 2488 1558 2988
4 2628 2974 2952 3339
4 2547 2898 1725 2906
4 2439 2891 2997 3197
4 556 2871 553 3373
4 1691 2951 1794 2978
4 1610 1536 1433 2850
4 1061 1062 3151 3368
4 3022 3120 885 3180
4 2200 3120 3022 3180
4 2207 3071 3006 3238
4 3006 3071 892 3238
4 1485 3103 1356 3285
4 2981 2992 1091 3156
4 2414 2992 2981 3156
4 1610 2850 1433 3372
4 1712 2971 2545 2986
4 1676 1824 2969 2986
4 2619 3194 2805 3226
4 1300 1490 3194 3226
4 2172 2710 2831 3075
4 1516 1395 857 3075
4 1573 1787 2956 3012
4 1414 890 1375 3276
4 1542 2769 1843 3181
4 2892 2919 800 3247
4 566 3059 2934 3194
4 2934 3059 1881 3194
4 1785 2630 1600 2981
4 2053 3217 3074 3317
4 3074 3217 738 3317
4 2325 3261 2327 3320
4 1012 3261 1010 3320
4 2205 2722 2204 2848
4 1407 890 889 2848
4 2115 2919 2892 3247
4 1412 3130 3311 3328
4 785 1508 1355 3190
4 2379 3082 3048 3229
4 1052 3048 3082 3229
4 564 561 1373 3023
4 2688 1876 1879 3023
4 2423 2517 2826 3248
4 2696 3083 3041 3133
4 3041 3083 1381 3133
4 1735 1822 2976 2989
4 1531 456 3128 3270
4 1770 2494 2580 3290
4 2671 3103 2800 3285
4 1301 2893 2888 3020
4 2888 2893 2607 3020
4 2557 1604 2928 2988
4 2858 2916 1020 3140
4 1213 2957 3084 3099
4 1960 2903 2881 3169
4 2881 2903 645 3169
4 2531 3084 2957 3099
4 842 3092 843 3224
4 2158 3092 2157 3224
4 2499 3059 2934 3189
4 2934 3059 1235 3189
4 1357 874 2874 3299
4 986 3068 2865 3198
4 2301 2865 3068 3198
4 2855 3091 733 3111
4 2048 3091 2855 3111
4 1676 2969 509 2986
4 2005 2902 2939 3105
4 690 2939 2902 3105
4 2028 3008 2908 3165
4 2908 3008 713 3165
4 2572 3161 1582 3269
4 2335 2916 2858 3140
4 1871 3216 2515 3373
4 2722 3057 2848 3276
4 2365 2565 3093 3312
4 2782 1897 1894 3223
4 2856 2966 1991 3052
4 676 2966 2856 3052
4 2880 2387 2885 3289
4 1063 2880 2885 3289
4 2036 2922 2894 3323
4 2185 3147 2184 3288
4 869 3147 870 3288
4 1676 1234 509 2969
4 1216 1217 3188 3348
4 2537 2536 3188 3348
4 2313 2989 3029 3146
4 998 3029 2989 3146
4 1957 2901 2864 3101
4 2864 2901 642 3101
4 1257 1582 3161 3269
4 721 2894 2922 3323
4 1110 2850 1109 3372
4 1603 2988 2488 3012
4 2005 2939 2007 3105
4 692 2939 690 3105
4 1608 2862 1763 3042
4 2432 3097 2959 3173
4 2990 3000 2677 3223
4 1724 1250 1645 3335
4 582 1467 579 3223
4 3090 3121 1877 3291
4 1107 2959 3097 3173
4 2466 3080 2996 3178
4 1407 2848 3057 3276
4 2214 2211 2213 3231
4 896 899 898 3231
4 1675 2361 2965 3027
4 1807 2224 1751 3058
4 1362 3000 2990 3223
4 2883 2885 2387 3289
4 1063 2885 2883 3289
4 2897 2617 2975 3320
4 1304 2897 2975 3320
4 562 3121 3090 3291
4 2582 2906 2884 3310
4 867 3228 1402 3301
4 2182 2717 3228 3301
4 783 2973 2867 3163
4 1151 2996 3080 3178
4 1564 1811 2764 3349
4 2318 3036 2866 3284
4 1003 2866 3036 3284
4 2520 3102 3086 3280
4 1640 537 1638 3145
4 575 3026 2953 3243
4 2953 3026 1890 3243
4 1738 959 2920 2943
4 2287 3206 3070 3211
4 3070 3206 972 3211
4 1164 2915 1602 2981
4 2829 3115 2672 3299
4 1357 3115 1514 3299
4 2653 3056 2956 3226
4 2956 3056 1338 3226
4 2969 3016 951 3153
4 2265 3016 2969 3153
4 2655 2928 2846 2929
4 2846 2928 1341 2929
4 510 1633 1168 2963
4 1689 475 2898 2974
4 513 2977 1668 3178
4 673 2856 3095 3179
4 795 3054 2995 3180
4 2995 3054 2110 3180
4 878 877 3187 3234
4 2364 3163 3048 3312
4 981 2951 2978 3321
4 2631 2860 2913 3313
4 2490 2303 3198 3284
4 1176 3198 988 3284
4 1739 489 2889 2920
4 892 2870 796 3071
4 2207 2111 2870 3071
4 2659 2928 2929 2988
4 1344 2929 2928 2988
4 694 3122 2939 3214
4 1203 3086 3102 3280
4 1600 2630 1823 3266
4 1855 1619 2768 3149
4 1041 3093 1250 3312
4 1988 3095 2856 3179
4 1719 1165 2914 2971
4 1531 3128 1771 3270
4 2939 3122 2009 3214
4 857 3075 1395 3241
4 2172 2710 3075 3241
4 2855 3111 733 3185
4 1711 1784 2358 3142
4 1759 1546 2353 3044
4 2897 2950 2617 3320
4 1304 2950 2897 3320
4 2485 2977 3033 3080
4 2571 2529 2732 3356
4 1275 1417 1212 3356
4 2435 2434 2850 3372
4 1171 3033 2977 3080
4 2665 2991 2980 3331
4 867 838 1402 3228
4 2182 2717 2153 3228
4 2048 3111 2855 3185
4 2435 2434 2436 2850
4 1111 1109 1110 2850
4 753 3148 3100 3207
4 2785 3003 2521 3280
4 1204 3003 1470 3280
4 2985 3083 1976 3174
4 2303 2304 2866 3284
4 988 2866 989 3284
4 512 2861 1607 2862
4 1748 492 984 3058
4 2281 3025 2994 3124
4 2098 2867 2973 3163
4 1725 2898 1228 2906
4 611 2860 3232 3334
4 2994 3025 966 3124
4 2894 3134 2532 3323
4 2946 2959 2429 3367
4 1104 2959 2946 3367
4 2309 2311 1969 3064
4 994 654 996 3064
4 1535 464 1273 3175
4 2425 1721 3286 3374
4 1748 3058 984 3171
4 1257 1447 1582 3269
4 2893 3002 2132 3233
4 817 3002 2893 3233
4 2980 2991 2664 3173
4 1349 2991 2980 3173
4 1130 2931 1140 3141
4 2455 2931 2445 3141
4 1669 959 1113 2920
4 1473 1599 1563 3238
4 1573 2956 472 3012
4 2787 2660 2165 3106
4 850 1345 1472 3106
4 823 822 773 2874
4 1668 2977 1828 3178
4 1531 456 1249 3128
4 1524 3020 1383 3160
4 2698 3020 2839 3160
4 1016 2993 2938 3352
4 1086 1088 1087 3115
4 2409 2410 2411 3115
4 2905 3250 1177 3365
4 1669 1113 489 2920
4 1646 1462 461 3139
4 1757 1744 2821 3132
4 3100 3148 2068 3207
4 2934 3189 568 3197
4 1689 1243 475 2974
4 2903 2979 1294 3169
4 2611 2979 2903 3169
4 2722 2848 2205 3276
4 658 3064 1477 3204
4 2792 3064 1973 3204
4 1302 823 773 2874
4 2113 3103 3017 3265
4 783 3048 2973 3163
4 1883 3189 2934 3197
4 836 3031 2923 3092
4 2923 3031 2151 3092
4 1973 3064 2985 3204
4 2985 3064 658 3204
4 3160 3188 1217 3348
4 2537 3188 3160 3348
4 1807 1751 2299 3058
4 1040 3048 3163 3312
4 1585 1809 2767 3186
4 3083 3154 1976 3174
4 2818 1630 1758 3075
4 1691 479 2951 2978
4 1711 1034 469 3142
4 1131 1341 2846 2933
4 1473 1563 516 3238
4 2446 2846 2655 2933
4 2436 2664 2991 3173
4 1111 2991 1349 3173
4 1208 3003 2949 3249
4 2525 2949 3003 3249
4 682 3172 2980 3209
4 1460 3090 558 3164
4 1873 3090 2775 3164
4 507 1735 2976 2989
4 1997 2980 3172 3209
4 1412 829 828 3230
4 2144 2727 2143 3230
4 1254 2884 2906 3310
4 661 3083 2985 3174
4 694 3123 3122 3214
4 1837 2561 1717 2907
4 3053 3199 782 3214
4 2762 2572 1540 3269
4 1061 1060 1062 3368
4 762 2895 2912 3365
4 1476 3066 707 3211
4 2022 3066 2791 3211
4 1506 1745 1755 3132
4 1242 2928 1604 2988
4 2507 3030 2955 3359
4 2955 3030 1189 3359
4 760 2970 2919 3365
4 1102 3286 1721 3374
4 2655 2928 1789 2933
4 1341 474 2928 2933
4 2859 2999 2023 3066
4 708 2999 2859 3066
4 3122 3123 2009 3214
4 1316 2913 2860 3313
4 707 3066 2859 3211
4 2859 3066 2022 3211
4 2889 2920 1281 3337
4 1585 1452 494 3186
4 1617 1231 472 2956
4 1016 2938 2858 3352
4 2603 1798 1714 2938
4 1929 2913 2860 3232
4 1929 2860 1926 3232
4 2323 2950 3219 3320
4 2950 1008 3219 3320
4 715 3118 3191 3338
4 2030 3191 3118 3338
4 623 2885 2879 3353
4 1238 3134 2894 3323
4 534 1611 1534 3314
4 2296 2978 2951 3321
4 2507 2955 3063 3359
4 2955 1189 3063 3359
4 890 2848 1407 3276
4 1181 455 1265 3290
4 2051 3040 2855 3091
4 736 2855 3040 3091
4 1125 2912 3200 3207
4 1513 1392 866 3178
4 2181 2707 2828 3178
4 720 3047 3019 3298
4 3019 3047 2035 3298
4 1535 2589 1779 3175
4 1632 1641 1629 3149
4 2972 3109 2222 3252
4 1668 1828 2469 3178
4 2169 2882 2905 3250
4 2270 2984 2974 3297
4 956 2974 2984 3297
4 1131 2846 2932 2933
4 2446 2932 2846 2933
4 1412 829 3230 3311
4 2144 2727 3230 3311
4 1126 1166 1147 3148
4 2462 2482 2355 3148
4 907 3109 2972 3252
4 2107 2997 2953 3293
4 1640 1638 1852 3145
4 2169 2905 2478 3250
4 661 3154 3083 3174
4 1240 512 1607 2862
4 2470 2937 2601 3225
4 1757 1755 1744 3132
4 2098 2973 3048 3163
4 1725 1228 500 2906
4 449 2862 1608 3042
4 1603 1173 2988 3012
4 2097 3199 3053 3214
4 449 1240 1608 2862
4 486 985 1736 2865
4 1741 1029 521 2916
4 1776 2777 1702 3139
4 2912 2354 3200 3207
4 1310 2914 953 3253
4 1614 528 1454 3181
4 2270 2625 2984 3297
4 956 2984 1291 3297
4 485 1716 1686 2975
4 861 3241 3257 3322
4 3241 2176 3257 3322
4 740 742 741 3317
4 2057 2055 2056 3317
4 953 2914 2971 3253
4 2859 3057 705 3215
4 842 790 843 3092
4 2157 2158 2105 3092
4 2650 1852 1857 3145
4 1335 542 537 3145
4 1671 1699 2473 2906
4 1940 2876 2879 3357
4 1756 1758 1630 3075
4 2107 3069 2997 3293
4 2478 3250 2905 3365
4 1723 1245 498 2951
4 2919 3024 1297 3247
4 2163 2162 3126 3324
4 848 3126 847 3324
4 670 3095 2955 3179
4 519 1686 1715 2975
4 1194 3030 2955 3104
4 2955 3030 2512 3104
4 822 2872 773 2874
4 1080 859 3272 3305
4 2980 2991 1350 3331
4 504 1243 1722 2974
4 1691 479 1245 2951
4 2020 3057 2859 3215
4 715 3191 1423 3338
4 2738 3191 2030 3338
4 1134 2846 1341 2929
4 1745 1744 1755 3132
4 1709 1784 1680 2969
4 2655 2846 2449 2929
4 1383 1524 872 3020
4 2839 2698 2187 3020
4 444 1124 1606 3044
4 2470 3010 2937 3225
4 1699 1671 500 2906
4 760 2919 2905 3365
4 555 554 2871 3088
4 1870 2871 1869 3088
4 2490 3198 3107 3284
4 1176 3107 3198 3284
4 2955 3095 1985 3179
4 2860 2913 614 3232
4 730 3111 2949 3185
4 1686 2602 1715 2975
4 2323 2950 2322 3219
4 1008 1007 2950 3219
4 762 2912 2970 3365
4 1568 470 1164 2981
4 2067 3061 3007 3100
4 3007 3061 752 3100
4 1225 471 1682 2971
4 1716 2602 1686 2975
4 2627 3024 2919 3247
4 1218 1216 1217 3188
4 2538 2537 2536 3188
4 2882 854 2905 3250
4 1617 505 1231 2956
4 1682 471 1165 2971
4 1966 2979 2924 3205
4 2924 2979 651 3205
4 623 2890 2885 3353
4 1756 1631 1503 3075
4 1675 2965 1037 3027
4 1279 3175 2852 3268
4 2852 3175 2594 3268
4 2191 3069 3000 3234
4 477 917 1740 2965
4 2949 3111 2045 3185
4 2404 3272 2174 3305
4 1115 467 1666 2989
4 1139 3162 3218 3260
4 1651 2648 2315 3135
4 2938 2993 2331 3352
4 1531 2564 1771 3128
4 569 2891 571 3296
4 1327 2989 2976 3340
4 1892 3243 3000 3293
4 1619 540 1453 3149
4 3034 3081 2242 3221
4 928 3081 3034 3221
4 3046 3055 688 3105
4 2003 3055 3046 3105
4 1603 1173 503 2988
4 1446 832 3117 3324
4 2761 3117 2147 3324
4 1564 2764 1620 3349
4 3036 3078 2322 3219
4 1007 3078 3036 3219
4 2582 2884 3096 3310
4 1242 1604 503 2988
4 917 1037 1675 2965
4 1711 2358 1832 3142
4 2775 3090 1877 3291
4 692 3214 2939 3295
4 946 1484 751 3240
4 2260 2066 2799 3240
4 2250 3037 2967 3245
4 2267 2971 2914 3253
4 814 2877 2876 3193
4 2876 2877 2129 3193
4 2872 2874 822 3071
4 575 3125 3026 3243
4 1890 3026 3125 3243
4 936 2967 3037 3245
4 3000 3243 577 3293
4 566 3121 3059 3194
4 3059 3121 1881 3194
4 798 3017 3103 3265
4 2889 1281 3005 3337
4 1729 1458 447 3187
4 2156 3092 3031 3315
4 3031 3092 841 3315
4 2403 2968 3094 3273
4 1756 1630 1631 3075
4 3166 3197 839 3374
4 1824 1709 1676 2969
4 2815 3174 3107 3204
4 1155 2937 3010 3225
4 492 1750 909 3058
4 1079 3094 2968 3273
4 1666 507 1115 2989
4 614 611 2860 3232
4 1392 866 3178 3286
4 2707 3178 2181 3286
4 1568 1315 470 2981
4 2007 2939 3214 3295
4 1460 562 3090 3291
4 2058 2778 3065 3251
4 743 3065 1463 3251
4 1104 3097 2959 3367
4 3000 3069 876 3234
4 2959 3097 2429 3367
4 1221 3108 1220 3285
4 1247 1248 3262 3332
4 1166 3044 2861 3182
4 2997 3069 792 3293
4 1177 2905 854 3250
4 1585 3089 1809 3186
4 2565 1772 2365 3093
4 1250 1041 457 3093
4 496 1620 1449 3349
4 749 1198 1495 3267
4 2064 2810 2497 3267
4 1051 3087 1422 3325
4 2737 3087 2378 3325
4 1107 3173 3097 3270
4 878 526 879 3187
4 1841 2193 2194 3187
4 2162 3216 3126 3324
4 3126 3216 847 3324
4 1178 3158 1596 3361
4 836 3092 2923 3099
4 1155 1286 2937 3225
4 1500 3107 3174 3204
4 1926 1928 3232 3334
4 2923 3092 2151 3099
4 2891 3026 571 3296
4 2953 2997 792 3293
4 586 2987 2957 3212
4 2957 2987 1901 3212
4 3097 3173 2432 3270
4 945 3240 3195 3253
4 2895 1177 3250 3365
4 1709 1680 1234 2969
4 2596 2920 2889 3337
4 1585 494 3089 3186
4 2454 3218 3162 3260
4 1370 3020 2960 3188
4 2960 3020 2685 3188
4 1597 1823 2406 3266
4 2263 2262 2264 3153
4 949 950 948 3153
4 1614 1542 1843 3181
4 2613 2267 2914 3253
4 740 3251 742 3317
4 2057 3251 2055 3317
4 2540 3108 2541 3285
4 1376 1544 538 3075
4 3170 3232 1928 3334
4 1080 803 859 3305
4 849 3017 3306 3358
4 2777 1646 1702 3139
4 2655 2846 2928 2933
4 981 2978 3070 3321
4 1083 1562 1597 3266
4 2979 3035 649 3292
4 1964 3035 2979 3292
4 1341 2928 2846 2933
4 2962 1001 3135 3237
4 2316 2962 3135 3237
4 2562 3262 2563 3332
4 1607 1827 1554 2862
4 862 3014 2895 3322
4 2177 2895 3014 3322
4 797 3060 2982 3177
4 2982 3060 2112 3177
4 1125 3200 3148 3207
4 1660 3224 1846 3315
4 716 3019 3118 3184
4 1112 3281 2850 3362
4 2031 3118 3019 3184
4 2861 3044 2482 3182
4 2858 2938 2331 3352
4 2962 3029 1001 3237
4 2316 3029 2962 3237
4 2966 3095 2503 3281
4 1763 1608 1554 2862
4 2912 2970 2071 3307
4 756 2970 2912 3307
4 1656 3151 1258 3246
4 1671 2547 1725 2906
4 3030 3104 1193 3314
4 2511 3104 3030 3314
4 3070 3211 971 3321
4 2163 3126 3255 3324
4 848 3255 3126 3324
4 1667 2469 1764 3178
4 2455 2931 3141 3212
4 1140 3141 2931 3212
4 1393 3160 3050 3222
4 3050 3160 2708 3222
4 2493 2690 2494 3290
4 3148 3200 2354 3207
4 2955 3095 1194 3104
4 2512 3095 2955 3104
4 1700 1116 481 3316
4 3117 3225 2147 3324
4 3008 3150 713 3165
4 1886 2891 1884 3296
4 2665 2980 3209 3331
4 1378 1747 1283 2853
4 1575 1789 2928 2933
4 3015 3087 1051 3294
4 2378 3087 3015 3294
4 1540 2572 1582 3269
4 1649 1780 2648 3135
4 1886 3026 2891 3296
4 1702 3129 1776 3139
4 1717 2561 1683 2907
4 2119 2894 2532 3323
4 1597 1566 1083 3038
4 1651 2315 2962 3135
4 749 3100 1198 3267
4 2064 2497 3100 3267
4 2404 2174 2118 3305
4 2164 3306 3017 3358
4 1447 1540 1582 3269
4 882 2958 2941 3318
4 2941 2958 2197 3318
4 710 3150 3066 3191
4 1644 1743 1504 3208
4 1991 3052 2966 3331
4 832 3225 3117 3324
4 823 1302 1357 2874
4 1681 2603 1714 2938
4 2238 3081 3034 3138
4 3034 3081 924 3138
4 2819 1746 1642 3208
4 2976 2989 2642 3340
4 1892 3223 3000 3243
4 2028 3150 3008 3165
4 2557 1558 1604 2988
4 2573 1844 1656 3151
4 1669 2274 1738 2920
4 1247 3216 3033 3332
4 577 3000 3223 3243
4 1597 2406 1566 3038
4 1028 520 1574 3106
4 1083 508 1562 3266
4 3195 3240 2259 3253
4 1218 1518 3108 3188
4 2538 3108 2833 3188
4 1531 1249 1601 3128
4 1940 2877 2876 3357
4 1656 2573 3151 3246
4 1660 531 3224 3315
4 1170 3127 1570 3301
4 1603 1558 2488 2988
4 1891 2953 3243 3293
4 1475 1123 1124 3186
4 2790 2353 2352 3186
4 1234 1676 1709 2969
4 1168 1633 1637 2963
4 1739 1804 1669 2920
4 797 2924 652 3177
4 2217 3258 2852 3268
4 2852 3258 902 3268
4 710 3165 3150 3191
4 2834 2854 2732 3356
4 1519 1417 2854 3356
4 2077 2912 2895 3365
4 2120 2184 2185 3147
4 805 870 869 3147
4 2567 3089 1586 3257
4 522 1717 1683 2907
4 2919 2970 2075 3365
4 483 1681 1714 2938
4 2230 2837 3220 3239
4 897 496 1449 3349
4 2212 2764 1811 3349
4 1254 3096 2884 3310
4 3066 3150 2025 3191
4 2601 2910 2090 3225
4 1660 1707 1846 3224
4 2879 2885 1938 3353
4 850 3098 2954 3283
4 2457 1553 1759 3044
4 2286 3211 3070 3321
4 1617 1573 2549 2956
4 1185 3095 2966 3281
4 676 2966 3052 3331
4 1586 3089 1252 3257
4 1823 1597 1562 3266
4 1957 2948 2927 3101
4 2927 2948 642 3101
4 1134 2846 2930 2931
4 2449 2930 2846 2931
4 915 2945 3113 3277
4 2229 3113 2945 3277
4 1826 2299 1753 3171
4 2003 2946 2902 3105
4 2902 2946 688 3105
4 2788 2219 1831 3238
4 1473 516 904 3238
4 2254 2058 2778 3065
4 743 940 1463 3065
4 2030 3165 3118 3191
4 3118 3165 715 3191
4 2967 3062 2250 3245
4 936 3062 2967 3245
4 749 3007 3100 3267
4 2064 3100 3007 3267
4 1752 2853 1378 3132
4 1723 1794 1691 2951
4 1746 1743 1642 3208
4 1436 671 3179 3219
4 1793 1577 2569 3348
4 1678 1736 985 2865
4 1029 1741 1688 2916
4 730 3185 2949 3282
4 1570 3127 2487 3301
4 1853 1544 2691 3075
4 3150 3165 2025 3191
4 1644 1642 1743 3208
4 1963 2903 1962 2979
4 648 647 2903 2979
4 1901 3190 2957 3212
4 520 1590 1574 3106
4 2631 2860 1929 2913
4 614 2860 1316 2913
4 2154 3197 3166 3374
4 1364 1218 1518 3108
4 2679 2833 2538 3108
4 1596 3158 2500 3361
4 1670 1723 498 2951
4 1689 2558 1722 2974
4 1170 1589 1570 3127
4 1112 2850 1404 3362
4 2631 2913 3213 3313
4 2115 2116 2892 2905
4 801 800 2892 2905
4 512 1144 2861 2862
4 1827 2861 2459 2862
4 631 2867 634 2868
4 1949 2867 1946 2868
4 1946 2867 1945 2868
4 631 630 2867 2868
4 632 2867 630 2875
4 1945 2867 1947 2875
4 629 2868 814 2876
4 2129 2868 1944 2876
4 630 2868 629 2876
4 1944 2868 1945 2876
4 630 627 2875 2876
4 1945 2875 1942 2876
4 627 1038 2875 2878
4 1942 2875 2362 2878
4 627 2876 625 2879
4 1942 1940 2876 2879
4 627 626 2878 2879
4 1941 1942 2878 2879
4 1941 2878 2491 2879
4 626 1172 2878 2879
4 634 2867 633 2886
4 1948 2867 1949 2886
4 2491 1938 2879 2885
4 1172 2879 623 2885
4 1975 2387 2883 2885
4 1063 660 2883 2885
4 962 2920 959 2943
4 2274 2920 2277 2943
4 660 620 2883 2885
4 1975 2883 1935 2885
4 1835 3106 1590 3301
4 1936 2885 1935 2890
4 620 2885 621 2890
4 645 2864 643 2903
4 1958 2864 1960 2903
4 635 2886 633 2900
4 1948 2886 1950 2900
4 621 2885 623 2890
4 1957 1956 2864 2901
4 642 2864 641 2901
4 763 2905 760 2919
4 1057 2883 620 2896
4 2381 1935 2883 2896
4 1935 1934 2890 2896
4 620 2890 619 2896
4 760 761 2919 2970
4 2075 2919 2076 2970
4 305 2647 1789 2933
4 551 2869 550 2910
4 1865 2869 1866 2910
4 1254 2884 1158 2906
4 2582 2473 2884 2906
4 1357 2874 2873 3088
4 1957 1954 2901 2927
4 1228 2898 1311 2906
4 2623 2898 2547 2906
4 619 618 2896 2925
4 1934 2896 1933 2925
4 642 2901 639 2927
4 1961 2903 1963 2926
4 648 2903 646 2926
4 2623 2271 2898 2952
4 957 1311 2898 2952
4 1672 504 1722 2974
4 762 2895 1289 2912
4 2610 2895 2077 2912
4 2876 625 2879 3357
4 550 2869 1286 2910
4 1865 2601 2869 2910
4 545 547 2909 2937
4 1246 2897 1290 2907
4 2604 2897 2561 2907
4 1860 2909 1862 2937
4 2003 2004 2902 2946
4 688 2902 689 2946
4 1030 2889 1281 3005
4 2331 2858 2634 2938
4 1016 1319 2858 2938
4 1290 2897 1026 2950
4 2604 2341 2897 2950
4 1286 2869 547 2937
4 2169 2882 2116 2905
4 801 2882 854 2905
4 2643 2927 1957 2948
4 1862 2869 2601 2937
4 599 2888 598 2899
4 1913 2888 1914 2899
4 1328 642 2927 2948
4 2078 2905 2115 2919
4 800 2905 763 2919
4 2317 2866 2318 2907
4 1003 2866 1002 2907
4 1914 2888 1917 2899
4 602 2888 599 2899
4 2894 2940 716 3118
4 556 1184 3216 3373
4 601 2888 602 2944
4 1916 1917 2888 2944
4 2693 2600 1752 2853
4 1201 2922 725 2936
4 2518 2040 2922 2936
4 708 2999 3066 3150
4 2031 2940 2894 3118
4 646 2903 643 2926
4 1958 2903 1961 2926
4 1933 2896 2584 2925
4 618 1268 2896 2925
4 2273 1859 2863 2909
4 958 2863 544 2909
4 2637 2889 2344 2916
4 1320 1029 2889 2916
4 1932 1934 2925 2942
4 619 617 2925 2942
4 928 3221 2952 3339
4 2612 2868 2129 2961
4 1329 2887 610 2921
4 2645 1925 2887 2921
4 1782 2962 2313 2989
4 998 2962 467 2989
4 1296 814 2868 2961
4 774 2908 713 2940
4 601 2944 603 2960
4 1916 1918 2944 2960
4 2438 2005 2902 2939
4 1082 2902 690 2939
4 2089 2028 2908 2940
4 1281 2889 489 2920
4 1804 2889 2596 2920
4 2890 2942 1934 3256
4 1884 2891 1883 2934
4 773 2872 2847 2874
4 1949 2868 2612 2961
4 1056 2851 1749 3075
4 1602 1785 1568 2981
4 569 568 2891 2934
4 1011 1496 675 3261
4 2326 1990 2811 3261
4 634 1296 2868 2961
4 1719 1786 1682 2971
4 929 928 2952 3339
4 2957 3190 586 3212
4 1117 716 2894 2940
4 2031 2428 2894 2940
4 1134 1131 2846 2931
4 3042 3167 1280 3248
4 576 3243 2953 3293
4 2449 2846 2446 2931
4 2585 1934 2942 3256
4 1268 615 2913 2925
4 2584 2913 1930 2925
4 2949 3185 2045 3282
4 916 3220 1522 3239
4 633 2867 783 2973
4 1948 2098 2867 2973
4 2341 2617 2897 2950
4 1026 2897 1304 2950
4 958 1168 2863 2963
4 2273 2863 2484 2963
4 633 1227 2900 2973
4 1948 2900 2533 2973
4 1164 1340 2915 2981
4 2656 2480 2915 2981
4 2271 2628 2898 2952
4 957 2898 1313 2952
4 1794 2951 2296 2978
4 981 2951 479 2978
4 2345 2596 2889 3337
4 670 3179 2955 3271
4 2786 1982 3078 3287
4 1471 3078 667 3287
4 2562 3033 3216 3332
4 1949 2086 2886 2961
4 634 2886 771 2961
4 1800 2897 2617 2975
4 485 1304 2897 2975
4 1848 1537 2594 2852
4 1712 1225 1682 2971
4 2628 1790 2898 2974
4 475 1313 2898 2974
4 1124 1546 1606 3044
4 2091 2924 2611 2982
4 1294 2924 776 2982
4 955 2904 1309 2967
4 1178 1596 490 3361
4 2300 2301 2865 2976
4 986 985 2865 2976
4 1238 2908 2940 3134
4 1711 1680 1784 3142
4 1238 1117 2894 2940
4 2924 652 3177 3259
4 1208 3112 3003 3249
4 2525 3003 3112 3249
4 2087 2939 2438 2972
4 772 1082 2939 2972
4 2399 2645 2887 2921
4 1075 2887 1329 2921
4 2532 2940 2908 3134
4 2705 3029 3035 3292
4 1390 3035 3029 3292
4 1238 2908 774 2940
4 2428 2532 2894 2940
4 2023 3066 2999 3150
4 2089 2908 2532 2940
4 2224 1750 1751 3058
4 2786 1982 2319 3078
4 667 1471 1004 3078
4 520 1590 3106 3301
4 1661 1769 2581 3043
4 636 771 2886 2958
4 1951 2886 2086 2958
4 1692 477 1740 2965
4 606 603 2944 2960
4 1921 2944 1918 2960
4 1660 531 1707 3224
4 913 2945 914 3067
4 2228 2945 2227 3067
4 1813 2935 2620 2951
4 1308 2935 498 2951
4 2429 2946 2000 2959
4 685 2946 1104 2959
4 2481 2914 2267 2971
4 1165 953 2914 2971
4 1637 1633 1825 2963
4 1614 1454 1542 3181
4 1910 1912 2917 2964
4 595 2917 597 2964
4 1617 1559 505 2956
4 1310 943 3001 3253
4 1327 2976 3068 3340
4 2437 2850 3281 3362
4 2603 2339 2938 2983
4 1024 1288 2938 2983
4 1574 1590 1835 3106
4 1729 3187 447 3227
4 1586 1545 1252 3089
4 3116 3209 680 3302
4 1562 1600 1823 3266
4 2870 2963 2626 3006
4 1312 2963 2870 3006
4 2080 3076 3162 3296
4 1570 1589 2487 3127
4 1666 467 1703 2989
4 2296 3070 2978 3321
4 2331 2938 2339 2993
4 1024 2938 1016 2993
4 1912 1913 2899 2964
4 597 2899 598 2964
4 1081 2878 1172 2880
4 2491 2878 2405 2880
4 2387 2491 2880 2885
4 1063 2880 1172 2885
4 1710 2544 1817 3319
4 765 3162 3076 3296
4 2955 3179 1985 3271
4 1986 2751 3179 3219
4 1294 650 2924 2979
4 2611 2924 1965 2979
4 477 2884 918 2965
4 1792 2232 2884 2965
4 2863 2909 1858 3145
4 543 2909 2863 3145
4 1678 1801 1736 2865
4 1294 2903 647 2979
4 1962 2903 2611 2979
4 2060 3021 2669 3267
4 745 1354 3021 3267
4 1359 2990 1362 3000
4 2677 2990 2674 3000
4 762 2912 758 2970
4 1796 2441 1690 3316
4 1269 2935 1308 2994
4 1670 2560 1723 2951
4 2440 1735 1666 2989
4 1734 1154 513 3178
4 613 3232 3170 3334
4 2255 2613 2857 3001
4 941 2857 1310 3001
4 2567 1545 1586 3089
4 2611 2982 2924 3169
4 2924 2982 1294 3169
4 505 2915 1338 2956
4 1820 2653 2915 2956
4 2587 2620 2935 2994
4 1741 1836 1688 2916
4 1675 2361 1740 2965
4 2345 2889 3005 3337
4 729 2949 1205 3282
4 731 3185 1437 3221
4 1210 3249 3111 3356
4 3111 3249 2527 3356
4 474 1575 2928 2933
4 2531 1900 2957 2987
4 1213 2957 585 2987
4 1627 3130 2426 3311
4 2557 2928 2659 2988
4 1242 1344 2928 2988
4 1722 2558 1672 2974
4 920 1037 2965 3027
4 2234 2965 2361 3027
4 882 1292 2941 2958
4 2605 2197 2941 2958
4 2813 3195 3152 3203
4 2985 1972 3083 3242
4 2700 3024 3016 3153
4 3016 3024 1385 3153
4 2303 2302 2865 2866
4 988 2865 987 2866
4 2156 3031 3210 3315
4 3031 841 3210 3315
4 649 2979 648 3035
4 1963 2979 1964 3035
4 2238 3138 3034 3310
4 1947 2875 2867 3163
4 1221 3202 3108 3285
4 480 1588 1277 3039
4 1694 3043 1847 3366
4 2348 2895 2610 3014
4 1289 2895 1119 3014
4 1921 1920 2921 2960
4 606 2921 605 2960
4 1114 770 2953 2997
4 713 2940 2908 3165
4 2908 2940 2028 3165
4 2548 2953 2085 2997
4 2545 2971 2618 2986
4 1225 1307 2971 2986
4 3109 3110 2222 3252
4 2595 3167 3042 3248
4 2522 2523 2949 3003
4 1205 2949 1206 3003
4 1568 1600 1315 2981
4 1707 531 1264 3224
4 1419 1382 1705 3137
4 721 2894 719 3019
4 2034 2894 2036 3019
4 2298 1856 1713 3132
4 544 2863 543 2909
4 1859 1858 2863 2909
4 1239 2959 1107 2980
4 2432 2959 2554 2980
4 2034 2031 2894 3019
4 719 2894 716 3019
4 725 2922 722 3047
4 2037 2922 2040 3047
4 3034 3138 924 3310
4 966 2994 3124 3157
4 2705 3035 3029 3237
4 3029 3035 1390 3237
4 1748 984 511 3171
4 2892 2905 2116 3336
4 2281 3124 2994 3157
4 545 2909 543 2937
4 1858 2909 1860 2937
4 2519 2521 2936 3102
4 2649 3060 2982 3328
4 907 3110 3109 3252
4 2189 2829 2672 3299
4 1357 1514 874 3299
4 1740 2231 1692 2965
4 955 2967 1291 2984
4 1677 3142 1832 3278
4 2506 2955 2507 3030
4 1188 1189 2955 3030
4 2488 2988 2676 3012
4 1361 2988 1173 3012
4 1819 2974 2270 2984
4 504 956 2974 2984
4 2882 2116 2905 3336
4 2035 2036 2922 3019
4 721 720 2922 3019
4 2979 649 3205 3292
4 1964 2979 3205 3292
4 1658 3126 1388 3255
4 673 2856 674 2966
4 1989 2856 1988 2966
4 2664 2980 2665 2991
4 1350 2980 1349 2991
4 2443 2932 2918 3067
4 2918 2932 1128 3067
4 3064 3204 2792 3275
4 1477 3204 3064 3275
4 1759 1606 1546 3044
4 2394 3013 2887 3313
4 1748 1751 492 3058
4 770 792 2953 2997
4 2718 3082 2565 3312
4 2417 3194 3056 3226
4 1094 3056 3194 3226
4 1682 1786 1712 2971
4 2340 1834 2975 2983
4 1025 2975 519 2983
4 1280 3167 1100 3248
4 1114 2891 1229 2997
4 619 2942 2890 3256
4 1284 2964 817 3002
4 2598 2132 2964 3002
4 2085 2953 2107 2997
4 2548 2439 2891 2997
4 3108 3202 2541 3285
4 449 1148 2862 3042
4 2463 1763 2862 3042
4 2242 2952 2241 3034
4 927 2952 928 3034
4 698 2995 3122 3326
4 1989 1991 2856 2966
4 674 2856 676 2966
4 472 2956 1232 3260
4 2980 1350 3209 3331
4 1809 1585 1545 3089
4 2952 3221 2242 3339
4 1204 2936 1205 3003
4 2522 2936 2521 3003
4 1253 1697 495 3117
4 2857 2914 2613 3342
4 2322 2950 2321 3036
4 1007 1006 2950 3036
4 2637 2345 2889 3005
4 1320 2889 1030 3005
4 2849 2990 2695 3084
4 1380 2990 2849 3084
4 1302 2873 1357 2874
4 2549 1559 1617 2956
4 1283 1753 511 2853
4 1711 469 1680 3142
4 2013 3122 2995 3326
4 882 3032 2958 3318
4 2958 3032 2197 3318
4 1198 1145 3049 3182
4 3152 3195 1498 3203
4 826 1297 1525 3247
4 2565 1647 1724 3082
4 686 2946 685 3046
4 2001 2000 2946 3046
4 797 776 2924 2982
4 2112 2924 2091 2982
4 1060 3196 2913 3213
4 1118 2895 1177 3250
4 850 2954 1330 3283
4 705 2859 706 2999
4 2021 2859 2020 2999
4 2624 2904 2857 3342
4 1310 2914 2857 3342
4 2251 2967 2250 3037
4 1698 1839 2756 3166
4 2579 1655 1766 3224
4 1446 3117 3255 3324
4 2761 3255 3117 3324
4 1181 1375 1180 3290
4 1707 2579 1846 3224
4 2129 2961 2868 3193
4 2867 2875 632 3163
4 1028 1574 1623 3106
4 2868 2961 814 3193
4 3019 3184 1287 3298
4 2954 3098 2165 3283
4 472 3012 2956 3260
4 1995 3209 3116 3302
4 1107 2980 2959 3173
4 2959 2980 2432 3173
4 2696 3083 1972 3242
4 669 2955 1189 3063
4 1984 2507 2955 3063
4 2384 2913 3196 3213
4 775 2910 1286 3225
4 1036 951 2969 3016
4 2360 2969 2265 3016
4 801 2905 2892 3336
4 1302 773 2847 2874
4 705 2999 1182 3057
4 2495 2999 2020 3057
4 538 3075 1544 3257
4 2734 1705 2697 3137
4 2599 3184 3019 3298
4 1238 2894 804 3323
4 1785 1600 1568 2981
4 1202 2936 1204 3102
4 2624 2967 2904 3355
4 962 2943 960 3199
4 1922 2921 1920 3073
4 607 605 2921 3073
4 801 2882 2905 3336
4 2752 3185 2046 3221
4 946 751 3195 3240
4 2260 3195 2066 3240
4 2620 2994 2282 3025
4 2924 3205 651 3259
4 885 2995 1200 3022
4 2200 2516 2995 3022
4 1574 1835 2343 3106
4 2857 2904 1309 3342
4 918 2884 919 3096
4 877 3187 3069 3227
4 2192 3069 3187 3227
4 517 3142 1677 3278
4 2106 2908 2028 3008
4 791 713 2908 3008
4 541 983 1679 3132
4 1343 2915 1340 3056
4 2656 2915 2658 3056
4 2253 2857 2624 3037
4 2189 2672 2874 3299
4 936 2967 937 3037
4 2059 3203 3152 3251
4 1721 2425 1664 3166
4 1693 3087 2590 3325
4 1290 2950 1006 3036
4 2604 2321 2950 3036
4 1694 532 3043 3366
4 1143 2861 1144 3182
4 967 2994 1308 3025
4 2623 2241 2952 3034
4 927 1311 2952 3034
4 556 553 1184 3373
4 2103 3192 3053 3337
4 1666 1703 2440 2989
4 1114 2953 574 3026
4 2548 1889 2953 3026
4 852 3126 3033 3216
4 3033 3126 2167 3216
4 2001 2946 2003 3046
4 688 2946 686 3046
4 565 2934 566 3059
4 1880 1881 2934 3059
4 1432 3093 1064 3335
4 2388 3093 2747 3335
4 814 628 2876 2877
4 2129 2876 1943 2877
4 1943 2876 1940 2877
4 2035 2922 2037 3047
4 722 2922 720 3047
4 1661 1266 454 3043
4 3116 3172 680 3209
4 788 3192 3053 3295
4 1966 3205 2924 3259
4 726 1205 2936 3282
4 1465 3138 727 3155
4 2042 3138 2780 3155
4 2623 2906 2239 3034
4 1146 3049 2862 3248
4 2546 2969 1824 2986
4 509 2969 1226 2986
4 2318 2604 2907 3036
4 1003 2907 1290 3036
4 1316 3213 2913 3313
4 1658 2703 3126 3255
4 1338 2915 1343 3056
4 2658 2915 2653 3056
4 844 791 2908 3008
4 2106 2159 2908 3008
4 1441 524 1698 3166
4 1155 2937 811 3010
4 2126 2937 2470 3010
4 2982 3060 1334 3328
4 1915 2888 1913 2893
4 600 598 2888 2893
4 598 2893 817 2964
4 2132 2893 1913 2964
4 1886 2548 2891 3026
4 2232 2233 2884 3096
4 1925 2887 2860 3313
4 2395 2887 1925 3313
4 494 1545 1585 3089
4 571 2891 1114 3026
4 2265 2700 3016 3153
4 951 3016 1385 3153
4 584 1213 2987 3084
4 1899 2987 2531 3084
4 657 2985 3083 3242
4 2904 2967 955 3355
4 1995 3172 3116 3209
4 1752 2693 2853 3132
4 1971 3041 2696 3242
4 1810 1697 1657 3117
4 1309 2857 939 3037
4 2251 2624 2967 3037
4 2642 2976 1822 2989
4 1327 507 2976 2989
4 2211 3177 2210 3349
4 895 3177 896 3349
4 1694 1718 1847 3043
4 902 3268 3258 3274
4 1651 2962 1000 3135
4 1882 2934 1881 3076
4 2103 3053 3192 3295
4 795 2972 772 2995
4 2087 2972 2110 2995
4 3053 3192 788 3337
4 648 2926 787 3035
4 2926 3101 1167 3294
4 2483 3101 2926 3294
4 1178 1621 1596 3158
4 1884 2934 1882 3076
4 999 1001 2962 3029
4 2314 2962 2316 3029
4 2112 1967 2924 3259
4 2083 2899 2501 2968
4 1175 2899 768 2968
4 1051 3294 3087 3325
4 3087 3294 2378 3325
4 2074 2970 2076 3176
4 761 2970 759 3176
4 1805 1596 2500 3361
4 566 2934 567 3076
4 1705 1419 3137 3272
4 735 3040 2855 3371
4 1544 3075 1853 3257
4 886 528 3180 3181
4 2201 3180 1843 3181
4 673 2966 1185 3095
4 2503 2966 1988 3095
4 2967 2984 955 3355
4 1693 1274 3087 3325
4 569 567 2934 3076
4 1960 2864 1959 2881
4 645 644 2864 2881
4 1925 2921 1922 3073
4 610 607 2921 3073
4 1795 1576 2749 3039
4 3152 3203 744 3251
4 2371 2098 2973 3048
4 1044 2973 783 3048
4 1309 937 2967 3037
4 2297 2723 3147 3327
4 2499 1880 2934 3059
4 1235 2934 565 3059
4 1830 2758 1726 3082
4 1247 3033 1426 3332
4 611 3232 613 3334
4 2191 2498 3000 3293
4 2625 2984 2967 3355
4 1970 2985 1973 3064
4 2562 1871 2563 3262
4 556 1247 1248 3262
4 3002 3113 2702 3233
4 1387 3113 3002 3233
4 1693 1274 1648 3087
4 688 3046 687 3055
4 2002 3046 2003 3055
4 2112 2924 3177 3259
4 1661 2581 1718 3043
4 2217 3258 3268 3274
4 2987 3223 1896 3360
4 1753 2600 1826 2853
4 2460 2497 3049 3182
4 1240 1554 1608 2862
4 1607 1554 1240 2862
4 919 2884 1254 3096
4 1705 3137 2734 3272
4 913 3067 1365 3220
4 1448 841 3092 3315
4 2763 3092 2156 3315
4 2224 1851 1750 2851
4 1252 1545 494 3089
4 2044 2522 2949 3282
4 2429 2959 2430 3097
4 1711 1832 1677 3142
4 2956 3012 1787 3260
4 606 2944 1337 3094
4 1921 2652 2944 3094
4 1312 1298 2963 3006
4 2614 2626 2963 3006
4 2457 2861 1553 3044
4 2627 2141 2840 3247
4 1122 3014 3089 3186
4 2351 3089 3014 3186
4 2466 2977 2465 3080
4 2297 3147 3134 3327
4 2277 2275 2943 3199
4 455 1257 1543 3161
4 2430 2959 2432 3097
4 597 2917 596 3131
4 1911 2917 1912 3131
4 1693 1648 2590 3087
4 2264 2726 3153 3307
4 950 3153 1411 3307
4 602 2899 1175 2968
4 2501 2899 1917 2968
4 2403 2944 2652 3094
4 1079 1337 2944 3094
4 2408 2630 2992 3266
4 1085 2992 1315 3266
4 2266 2986 2618 3018
4 952 1307 2986 3018
4 658 3064 2985 3242
4 2347 3250 2478 3365
4 1912 2899 2083 3131
4 597 768 2899 3131
4 1671 1725 500 2906
4 1104 1105 2959 3097
4 2233 2582 2884 3096
4 1011 675 3119 3261
4 2326 3119 1990 3261
4 1769 3043 1661 3272
4 1548 1765 2578 3086
4 2649 3130 3060 3328
4 2613 3001 2257 3253
4 1287 3184 3072 3298
4 2340 2622 2983 3011
4 1025 2983 1306 3011
4 2399 1921 2921 3094
4 1075 2921 606 3094
4 1107 2959 1105 3097
4 1308 3025 2951 3321
4 2651 2981 2414 2992
4 1091 2981 1336 2992
4 2313 2962 2314 3029
4 998 999 2962 3029
4 2323 3219 2324 3320
4 1009 3219 1008 3320
4 2599 3072 3184 3298
4 2487 1589 1797 3127
4 1713 3132 983 3278
4 995 998 2989 3146
4 515 1250 1647 3082
4 1851 2369 1749 2851
4 581 3223 2987 3360
4 1079 2944 602 2968
4 2403 1917 2944 2968
4 1881 3076 2934 3194
4 2945 3067 2228 3329
4 1445 3116 680 3302
4 1784 2969 2360 3016
4 1036 2969 469 3016
4 1979 3174 3154 3287
4 2586 1539 1840 3112
4 1320 3005 1022 3140
4 566 2934 3076 3194
4 1655 1264 451 3224
4 1151 1150 2977 3080
4 448 1154 1667 3178
4 2518 2519 2936 3102
4 1855 2768 2208 3149
4 893 1453 540 3149
4 2426 1571 1802 3130
4 1864 2869 1863 2872
4 1336 2981 1315 2992
4 2630 2981 2651 2992
4 2351 3186 3014 3200
4 679 3209 3052 3302
4 2191 3000 3069 3293
4 2990 3000 1359 3234
4 1697 1253 1657 3117
4 2458 2459 2861 3182
4 2027 3165 2030 3191
4 715 3165 712 3191
4 794 2958 882 3032
4 2197 2958 2109 3032
4 2073 2912 2077 3365
4 1073 3013 3085 3366
4 1558 1603 503 2988
4 2887 3013 1070 3313
4 2622 2339 2983 3011
4 1306 2983 1024 3011
4 2437 2719 2850 3362
4 2595 2423 3167 3248
4 734 733 2855 3091
4 2049 2855 2048 3091
4 1571 2426 1627 3130
4 1543 1257 1582 3161
4 2123 2438 2902 3109
4 1377 3208 1665 3308
4 1186 3095 3281 3362
4 3014 3186 1122 3200
4 2239 3034 2906 3310
4 2860 2887 610 3313
4 2329 2993 2339 3011
4 1024 2993 1014 3011
4 1974 2985 1976 3174
4 1389 3027 3045 3235
4 2704 3045 3027 3235
4 1301 600 2888 2893
4 2607 2888 1915 2893
4 1783 1566 2406 3038
4 1580 1544 1376 3075
4 3010 3117 1156 3225
4 2131 3256 2942 3265
4 2109 2958 2086 3032
4 771 2958 794 3032
4 2325 3119 3261 3320
4 1010 3261 3119 3320
4 2075 2078 2919 3365
4 2135 2086 2961 3032
4 3095 2504 3281 3362
4 820 2961 771 3032
4 2461 2862 3049 3248
4 2568 1810 1657 3117
4 2739 2217 2852 3268
4 1424 2852 902 3268
4 2438 2342 2972 3109
4 2303 2490 2304 3284
4 988 989 1176 3284
4 2637 2337 3005 3140
4 1507 788 3053 3295
4 672 2856 673 3179
4 1157 3010 811 3114
4 2126 3010 2472 3114
4 1651 1000 1333 3135
4 615 2913 2925 3232
4 1669 1738 959 2920
4 893 3006 892 3238
4 2208 2207 3006 3238
4 1103 3130 1627 3311
4 1694 532 1718 3043
4 2993 1013 3261 3302
4 1383 3160 3020 3188
4 2698 3020 3160 3188
4 2772 3136 3137 3210
4 1457 3137 3136 3210
4 2371 2973 2372 2998
4 1044 1045 2973 2998
4 2504 2503 3095 3281
4 1082 808 2902 3109
4 1734 513 1668 3178
4 700 3124 3303 3326
4 1855 1565 1619 3149
4 1056 536 1754 2851
4 1270 2942 619 3256
4 2050 2855 2051 3040
4 735 736 2855 3040
4 700 3124 1474 3303
4 779 3002 1387 3239
4 2702 3002 2094 3239
4 713 3008 1179 3150
4 733 732 2855 3185
4 2268 2624 2857 3342
4 1102 1664 524 3166
4 1990 2856 1991 3052
4 676 2856 675 3052
4 1795 2592 1576 3039
4 2268 2857 2613 3342
4 914 3067 2945 3329
4 1739 1669 489 2920
4 569 570 3076 3296
4 1201 2936 1202 3102
4 3060 3130 1334 3328
4 2041 2936 2522 3282
4 3041 3133 896 3177
4 2211 3133 3041 3177
4 2976 2642 3068 3340
4 1428 3258 3083 3274
4 1752 2600 1747 2853
4 482 1589 1170 3127
4 1731 1333 465 3135
4 1082 2972 1027 3109
4 772 2939 695 3122
4 1938 2885 1936 3353
4 1992 2966 2683 2991
4 1436 671 668 3179
4 1653 1768 2697 3137
4 1054 537 1636 3208
4 2242 3034 2240 3081
4 926 3034 928 3081
4 1661 3043 454 3272
4 2147 3117 3010 3225
4 2469 1667 1734 3178
4 1640 1852 2367 3208
4 1057 2896 769 3196
4 1213 588 2957 3099
4 726 2936 3155 3282
4 836 837 2923 3031
4 2151 2923 2152 3031
4 664 3154 3174 3287
4 1604 1558 503 2988
4 969 3025 1308 3321
4 970 971 3211 3321
4 2346 2301 2976 3068
4 986 1031 2976 3068
4 2812 1870 3088 3164
4 1497 3088 555 3164
4 1369 885 3022 3120
4 2200 2684 3022 3120
4 1531 1601 2564 3128
4 1347 584 2990 3084
4 2662 2990 1899 3084
4 2674 3000 2990 3234
4 2686 3022 2684 3120
4 1371 1369 3022 3120
4 1916 1919 2960 3020
4 601 2960 604 3020
4 2531 2957 1903 3099
4 585 2957 586 2987
4 1901 2957 1900 2987
4 2243 2952 2242 3339
4 1649 2648 1731 3135
4 1833 1625 2770 3236
4 1730 1258 1656 3151
4 1821 1673 2551 3342
4 2227 2680 3067 3220
4 1263 1594 527 3086
4 2009 3123 2742 3214
4 1427 3123 694 3214
4 492 1751 1750 3058
4 2755 3104 2511 3314
4 1440 1193 3104 3314
4 2998 3015 2375 3300
4 1048 3015 2998 3300
4 2084 2896 2381 3196
4 1705 1382 1653 3137
4 657 3083 1381 3242
4 2103 2822 3053 3295
4 2000 1997 2959 3172
4 685 2959 682 3172
4 1757 2821 1752 3132
4 1752 1747 1378 2853
4 887 3181 3120 3333
4 2371 2379 3048 3229
4 1052 1044 3048 3229
4 2320 2322 3036 3078
4 1005 3036 1007 3078
4 2463 3042 2862 3248
4 1282 3053 788 3337
4 2409 2992 3115 3266
4 1086 3115 2992 3266
4 2007 2939 2009 3214
4 694 2939 692 3214
4 2042 3081 3138 3155
4 727 3138 3081 3155
4 2049 2051 2855 3091
4 736 734 2855 3091
4 1844 2576 1730 3151
4 2306 2815 3107 3204
4 1500 991 3107 3204
4 2010 2939 2087 3122
4 2369 1749 2851 3075
4 940 2857 941 3001
4 2255 2857 2254 3001
4 2620 2951 3025 3321
4 1647 1250 1724 3082
4 2313 3029 2312 3146
4 998 997 3029 3146
4 700 3303 3215 3326
4 1702 2576 1776 3129
4 2644 2954 2165 3283
4 1987 1988 2856 3179
4 873 2874 874 3038
4 2414 2981 2656 3156
4 1340 2981 1091 3156
4 2301 2303 2865 3198
4 988 986 2865 3198
4 1729 447 1659 3227
4 1930 2925 2913 3232
4 1667 3178 1764 3286
4 535 1648 1274 3087
4 2269 2967 2624 3355
4 2625 2249 2967 3062
4 1291 2967 935 3062
4 876 3069 3000 3293
4 2311 3205 3146 3292
4 996 3146 3205 3292
4 1810 1697 3117 3255
4 473 1174 201 3355
4 532 1266 1718 3043
4 2724 1728 2703 3126
4 2371 2998 2373 3229
4 1046 2998 1044 3229
4 2338 2858 2335 2916
4 1023 1020 2858 2916
4 472 1573 1617 2956
4 628 625 2876 3357
4 1501 3045 767 3184
4 1689 1722 1243 2974
4 1109 3173 3168 3372
4 2471 3010 2147 3117
4 782 3053 1363 3199
4 1166 2861 1143 3182
4 661 1196 3083 3154
4 3083 3258 2743 3274
4 2296 2609 2978 3070
4 981 2978 1303 3070
4 2048 2855 2047 3185
4 2102 2926 1963 3304
4 2357 3277 1561 3361
4 2071 2912 2073 2970
4 758 2912 756 2970
4 2082 3045 2816 3184
4 2550 2956 1787 3260
4 2250 2967 2249 3062
4 936 935 2967 3062
4 1502 3211 3215 3303
4 769 2896 1268 3196
4 2287 3070 2286 3211
4 972 971 3070 3211
4 1411 3153 3176 3307
4 2726 3176 3153 3307
4 792 2997 819 3069
4 1814 2918 2444 2933
4 499 1129 2918 2933
4 2659 2928 2657 2929
4 1342 2928 1344 2929
4 3064 3242 653 3259
4 2216 2743 3083 3258
4 901 3083 1428 3258
4 1713 2298 3132 3278
4 1840 1539 1612 3112
4 2073 2970 2912 3365
4 3001 3152 2258 3195
4 944 3152 3001 3195
4 658 655 3064 3242
4 1809 1545 2567 3089
4 656 1381 3041 3242
4 1661 1718 1266 3043
4 1107 3097 1106 3270
4 1137 3218 3125 3309
4 2452 3125 3218 3309
4 2134 2997 2107 3069
4 772 697 2995 3122
4 1721 1664 1102 3166
4 568 806 2891 3197
4 2266 2546 2986 3018
4 952 2986 1226 3018
4 2936 2041 3155 3282
4 2110 2972 2136 3054
4 821 2972 795 3054
4 1883 2499 2934 3189
4 568 2934 1235 3189
4 958 2870 1312 2963
4 2626 2870 2273 2963
4 2584 2896 2084 3196
4 495 3117 1697 3255
4 2985 3064 1970 3242
4 1370 604 2960 3020
4 2685 2960 1919 3020
4 2815 1978 3107 3174
4 1874 1873 2775 3164
4 1460 558 559 3164
4 725 3047 724 3155
4 2039 3047 2040 3155
4 1067 2913 1316 3213
4 874 3038 2874 3299
4 2926 3035 1963 3304
4 2631 2913 2391 3213
4 1830 1647 2565 3082
4 685 684 3046 3172
4 2000 3046 1999 3172
4 1403 1250 3082 3312
4 1377 1665 539 3308
4 1848 2706 1593 2852
4 1883 2891 2121 3197
4 3191 3264 1423 3338
4 2738 3264 3191 3338
4 1564 1620 496 3349
4 2642 2346 2976 3068
4 1327 2976 1031 3068
4 795 2995 885 3180
4 2200 2995 2110 3180
4 617 616 2925 2942
4 1932 2925 1931 2942
4 2269 2625 2967 3355
4 2855 3040 2050 3371
4 2581 1847 1718 3043
4 1138 1136 1344 2929
4 2659 2451 2453 2929
4 1805 2357 1596 3361
4 1568 1164 1602 2981
4 2048 2571 3091 3111
4 733 3091 1275 3111
4 1258 1730 529 3151
4 2328 2993 3261 3302
4 1119 2895 862 3014
4 2348 2177 2895 3014
4 2282 2994 2281 3025
4 2228 2443 2918 3067
4 914 2918 1128 3067
4 2028 2492 3008 3150
4 2906 3034 1311 3310
4 2104 3225 2910 3373
4 1488 3119 2856 3179
4 1777 1650 2758 3229
4 2388 3289 3093 3335
4 3093 3289 1064 3335
4 3134 3147 982 3327
4 806 1229 2891 3197
4 1083 1566 468 3038
4 2012 2087 2995 3122
4 2113 3017 2114 3265
4 1770 1543 2572 3161
4 2023 2859 2021 2999
4 706 2859 708 2999
4 601 1301 2888 3020
4 2607 1916 2888 3020
4 2741 3033 2562 3332
4 1986 2751 1983 3179
4 2686 2204 3057 3120
4 889 1371 3057 3120
4 2015 3303 3124 3326
4 2417 3056 2418 3226
4 1094 1095 3056 3226
4 1994 3052 3209 3302
4 1148 2862 3042 3248
4 1968 3242 3064 3259
4 659 661 2985 3174
4 2932 3067 2456 3141
4 1141 3067 2932 3141
4 757 2912 1125 3207
4 708 2859 707 3066
4 2022 2859 2023 3066
4 1765 3086 1548 3280
4 1742 3137 453 3210
4 1700 481 1690 3316
4 967 966 2994 3025
4 752 3007 751 3061
4 2066 3007 2067 3061
4 3107 3174 1979 3287
4 1206 2949 1208 3003
4 2523 2525 2949 3003
4 1757 1752 1755 3132
4 2905 2919 2078 3365
4 1719 1682 1165 2971
4 692 3105 691 3295
4 784 1487 3125 3218
4 2099 3125 2802 3218
4 896 3041 1386 3133
4 2701 3041 2211 3133
4 863 3244 802 3247
4 2813 3152 2062 3203
4 1588 3039 2592 3202
4 2121 2891 2439 3197
4 2697 1705 1653 3137
4 901 3133 3083 3258
4 3083 3133 2216 3258
4 1408 982 3147 3327
4 2966 2991 1992 3331
4 2854 3217 2732 3356
4 1417 3217 2854 3356
4 2131 2585 2942 3256
4 892 3071 891 3238
4 2206 3071 2207 3238
4 1905 2100 3028 3190
4 2431 3097 2432 3270
4 1339 2956 3226 3260
4 1043 1040 3048 3163
4 1924 2860 1925 3073
4 1713 1856 1679 3132
4 731 728 1437 3185
4 2112 2982 2140 3060
4 797 825 2982 3060
4 2729 2848 2825 3143
4 1510 2848 1414 3143
4 2989 995 3146 3340
4 2524 2525 3003 3112
4 1207 3003 1208 3112
4 2803 2856 3119 3179
4 1839 1664 2425 3166
4 1188 2955 1194 3030
4 2506 2512 2955 3030
4 2015 3215 3303 3326
4 1717 2907 522 3343
4 2465 2977 2485 3080
4 3123 3124 2280 3157
4 965 3124 3123 3157
4 1714 483 2938 3341
4 832 1156 3117 3225
4 2918 2932 2444 2933
4 1129 2932 2918 2933
4 1662 461 1261 3129
4 2467 3023 2996 3080
4 1641 1505 1629 3149
4 2554 2959 1997 2980
4 1239 682 2959 2980
4 1097 2947 1098 3167
4 2421 2947 2420 3167
4 3120 3181 2202 3333
4 2678 3053 2097 3199
4 785 3220 3028 3239
4 2885 2890 1936 3353
4 695 2939 694 3122
4 663 1500 3107 3174
4 2836 3024 2700 3153
4 1521 1385 3024 3153
4 1668 2469 1734 3178
4 2827 3023 2467 3080
4 1844 1730 1656 3151
4 1489 3144 2855 3185
4 1840 3112 1612 3330
4 1182 3057 2999 3276
4 1543 1582 2572 3161
4 1984 3063 2955 3271
4 2397 3085 3013 3366
4 886 1454 528 3181
4 2769 2201 1843 3181
4 1245 1723 1691 2951
4 2131 3098 3256 3265
4 1890 1891 2953 3243
4 575 2953 576 3243
4 1152 2996 3023 3080
4 1277 3039 1588 3202
4 453 1653 1382 3137
4 1675 1740 917 2965
4 1663 2724 1760 3126
4 610 3073 2860 3334
4 2576 1702 1662 3129
4 2040 2936 2041 3155
4 726 2936 725 3155
4 2135 3032 2961 3254
4 2500 1621 1816 3158
4 1071 610 2887 3313
4 3045 3072 767 3184
4 1150 1171 2977 3080
4 2458 2861 2482 3182
4 1404 2850 3183 3362
4 2006 3105 2007 3295
4 2015 2789 3124 3303
4 2082 3072 3045 3184
4 653 3205 3064 3259
4 2350 3014 2610 3200
4 1020 2916 1320 3140
4 1152 3023 1512 3080
4 2055 3251 3065 3317
4 3065 3251 740 3317
4 2178 2117 3244 3247
4 563 3059 566 3121
4 1881 3059 1878 3121
4 1758 1749 2818 3075
4 2347 2895 3250 3365
4 747 3152 1498 3203
4 2918 2228 3067 3329
4 2177 3014 3089 3322
4 862 3089 3014 3322
4 2111 2872 2870 3071
4 1465 3047 3138 3155
4 2780 3138 3047 3155
4 2297 3134 3269 3327
4 507 1666 1735 2989
4 2838 3039 2749 3358
4 2817 3215 3211 3303
4 2989 3146 2313 3340
4 2009 2939 2010 3122
4 1884 3076 1885 3296
4 2696 3041 2701 3133
4 1386 3041 1381 3133
4 2855 3144 2804 3185
4 1599 1783 2788 3038
4 1366 3004 979 3235
4 2294 3004 2681 3235
4 1142 444 1553 3044
4 783 2867 632 3163
4 1142 1553 2861 3044
4 963 3157 782 3199
4 2254 2857 2253 3037
4 664 3174 3107 3287
4 2705 3035 2096 3292
4 1390 781 3035 3292
4 681 2980 1350 3209
4 2881 3230 2143 3328
4 2760 1995 3116 3302
4 2072 2354 2912 3207
4 787 3035 2926 3304
4 1648 1850 2590 3087
4 1842 1594 2578 3086
4 1690 2441 1700 3316
4 2637 2916 2335 3140
4 2192 2773 1762 3187
4 877 447 1458 3187
4 1698 1664 1839 3166
4 876 3000 1197 3293
4 1185 1186 3095 3281
4 2677 3000 1895 3223
4 2306 3107 3198 3204
4 991 3198 3107 3204
4 1651 1731 2648 3135
4 1370 1383 3020 3188
4 2698 2685 3020 3188
4 704 2859 705 3215
4 1289 3014 1121 3200
4 474 1332 1575 2933
4 973 972 3070 3206
4 2288 3070 2287 3206
4 823 873 822 2874
4 2443 2456 2932 3067
4 1141 1128 2932 3067
4 2912 3207 756 3307
4 1429 3128 456 3270
4 980 3206 3070 3319
4 2295 3070 3206 3319
4 513 1151 2977 3178
4 1828 2977 2466 3178
4 1748 511 1753 3171
4 590 3028 785 3190
4 1357 874 823 2874
4 1443 515 1726 3082
4 2955 3063 669 3271
4 939 2857 940 3037
4 1728 1658 2703 3126
4 3168 3173 2434 3372
4 1362 580 3000 3223
4 2342 2222 2972 3109
4 2362 2875 2363 2878
4 1039 2875 1038 2878
4 2100 3028 3220 3239
4 2635 2132 3002 3233
4 817 1321 3002 3233
4 2377 2948 2378 3015
4 1051 2948 1050 3015
4 2159 3161 3008 3290
4 3105 3192 1295 3295
4 2665 2980 1996 3209
4 2752 2043 2046 3185
4 820 2961 3032 3254
4 3055 3105 2606 3192
4 1295 3105 3055 3192
4 2999 3057 2495 3276
4 2247 3062 2625 3297
4 1291 3062 933 3297
4 907 2972 821 3054
4 2136 2972 2222 3054
4 887 3180 3120 3181
4 3120 3180 2202 3181
4 2286 2285 3211 3321
4 2071 3207 2912 3307
4 888 3120 2848 3333
4 1753 2299 1748 3171
4 907 1027 2972 3109
4 1576 1588 480 3039
4 1965 2924 1966 2979
4 650 651 2924 2979
4 2744 1771 3128 3270
4 2813 3007 3195 3203
4 574 2953 575 3026
4 1889 1890 2953 3026
4 1698 524 1664 3166
4 2692 1665 3208 3308
4 828 3230 2881 3328
4 1902 2957 1901 3190
4 2514 3154 1976 3274
4 1758 1756 1749 3075
4 2820 1632 1565 3149
4 836 2923 778 3099
4 2691 1544 1580 3075
4 2606 3192 3105 3295
4 2278 2097 3157 3199
4 2093 2923 2151 3099
4 2162 2167 3126 3216
4 847 3126 852 3216
4 2137 2874 2872 3071
4 2053 2675 3074 3217
4 1360 738 3074 3217
4 800 2919 786 3247
4 1572 3201 2770 3236
4 1728 1388 1658 3126
4 2646 3159 3077 3201
4 1331 3077 3159 3201
4 780 3024 761 3176
4 2095 2076 3024 3176
4 3008 3161 844 3290
4 1726 1647 1830 3082
4 3064 3205 1968 3259
4 2020 2859 2019 3215
4 549 548 2869 2872
4 825 1334 2982 3060
4 2140 2982 2649 3060
4 2772 3136 2173 3137
4 1457 858 3136 3137
4 2972 3054 907 3252
4 2222 3054 2972 3252
4 966 3124 3025 3303
4 1731 465 1649 3135
4 1099 1360 3074 3217
4 2675 2422 3074 3217
4 2854 1276 3356 3364
4 902 3258 1428 3274
4 2467 2688 2996 3023
4 1152 2996 1373 3023
4 2405 2878 2363 2880
4 1081 1039 2878 2880
4 914 2918 3067 3329
4 680 3209 679 3302
4 1596 1621 2500 3158
4 2416 3056 2417 3156
4 1093 1094 3056 3156
4 2994 3157 961 3316
4 2654 3226 2956 3260
4 1393 1215 3050 3160
4 2708 3050 2535 3160
4 2276 3157 2994 3316
4 2124 3109 2902 3367
4 1612 1271 525 3112
4 1194 2955 1187 3095
4 2505 2955 2512 3095
4 643 1167 2926 3101
4 1958 2926 2483 3101
4 2449 2929 2846 2930
4 783 1043 3048 3163
4 2846 2929 1134 2930
4 1099 1101 1360 3217
4 2675 2424 2422 3217
4 753 1230 3148 3207
4 1312 2870 892 3006
4 2626 2207 2870 3006
4 657 2985 661 3083
4 1976 2985 1972 3083
4 1653 453 1742 3137
4 2902 3109 809 3367
4 966 3025 968 3303
4 697 698 2995 3122
4 1339 3226 3162 3260
4 2159 3008 2160 3290
4 1571 1627 1103 3130
4 499 2918 1557 2933
4 2216 2217 2743 3258
4 901 1428 902 3258
4 944 3195 3001 3253
4 2146 2532 3134 3323
4 2370 3048 2364 3163
4 2852 3258 2801 3350
4 1659 447 1441 3227
4 1985 2955 2505 3095
4 670 1187 2955 3095
4 2281 3025 3124 3303
4 2520 3086 2845 3280
4 1203 1530 3086 3280
4 2045 2949 2526 3111
4 730 1209 2949 3111
4 1976 3154 3083 3274
4 2068 3100 2824 3148
4 753 1509 3100 3148
4 925 1311 3034 3310
4 2671 3017 2113 3103
4 798 3017 1356 3103
4 2013 2995 2516 3022
4 698 1200 2995 3022
4 1924 2860 3073 3334
4 696 3122 694 3123
4 1209 1208 2949 3111
4 2525 2526 2949 3111
4 1891 3243 1892 3293
4 2635 3002 2702 3233
4 1387 3002 1321 3233
4 1713 1679 983 3132
4 1698 1659 1441 3227
4 3007 1498 3195 3203
4 3083 3154 1196 3274
4 2151 3031 2156 3092
4 841 3031 836 3092
4 2620 3025 2284 3321
4 716 718 3019 3184
4 502 1224 1674 3319
4 528 3054 884 3180
4 1843 2199 3054 3180
4 2101 2919 2115 3247
4 2134 3069 2190 3227
4 875 3069 819 3227
4 587 586 2957 3190
4 2031 3019 2033 3184
4 2012 2995 2013 3122
4 1622 2749 3039 3358
4 1632 1629 1565 3149
4 759 2970 756 3176
4 2071 2970 2074 3176
4 1280 3042 1097 3167
4 2595 2420 3042 3167
4 1014 2993 1013 3011
4 2328 2993 2329 3011
4 2743 3258 2217 3274
4 2111 1863 2870 2872
4 640 2901 2941 3345
4 1955 2941 2901 3345
4 2242 3081 2752 3221
4 1437 3081 928 3221
4 887 3120 888 3333
4 1742 1768 3137 3210
4 1434 3039 1523 3358
4 1186 3104 3095 3362
4 2559 2564 1533 3128
4 2009 3122 2011 3123
4 3001 3195 2258 3253
4 2295 3206 3051 3319
4 3051 3206 980 3319
4 2305 3198 3068 3275
4 3068 3198 990 3275
4 2719 3183 2850 3362
4 1565 540 1619 3149
4 1837 2907 1717 3343
4 1714 2938 1798 3341
4 1947 2867 2098 3163
4 1754 1749 1056 2851
4 1139 1352 3162 3260
4 1161 2926 3294 3304
4 1051 3015 1049 3087
4 2378 2376 3015 3087
4 1503 1056 1756 3075
4 448 3178 1667 3286
4 1655 2579 1707 3224
4 2181 2996 2663 3189
4 866 1348 2996 3189
4 1146 2862 1148 3248
4 2756 1659 1698 3227
4 2608 2954 3283 3357
4 1711 2358 1784 426
4 628 2876 2877 3357
4 2357 1561 1596 3361
4 3134 982 3269 3327
4 2706 2852 2801 3350
4 2065 2067 3007 3100
4 750 3007 752 3100
4 964 961 2994 3157
4 533 1279 1537 2852
4 727 1465 924 3138
4 2042 2238 2780 3138
4 735 1491 3040 3371
4 1434 1622 480 3039
4 2374 2375 2998 3015
4 1047 2998 1048 3015
4 487 1571 1103 3130
4 2870 2872 796 3071
4 2949 3111 1208 3249
4 2525 3111 2949 3249
4 1831 2768 1563 3238
4 2279 2994 2276 3157
4 2354 2610 2912 3200
4 2068 3148 2530 3207
4 2692 1854 1665 3308
4 2838 3017 3039 3358
4 2395 2394 2887 3313
4 1140 1130 1132 2931
4 2445 2455 2447 2931
4 1524 3160 1393 3222
4 2708 3160 2839 3222
4 2592 1588 1576 3039
4 970 3211 1502 3303
4 2751 2322 3078 3219
4 1007 1436 3078 3219
4 1957 2864 1958 3101
4 643 2864 642 3101
4 1015 2993 1017 3302
4 2993 1017 3302 3352
4 1745 1506 1679 3132
4 2203 2848 3120 3333
4 1814 1557 2918 2933
4 735 2855 3144 3371
4 1755 1378 1506 3132
4 708 709 2999 3150
4 2194 2195 2849 3234
4 1073 3085 1466 3366
4 3122 3123 698 3326
4 3031 3136 2772 3210
4 1457 3136 3031 3210
4 1786 2481 1719 421
4 2820 1634 1643 3149
4 1297 786 2919 3247
4 1134 2929 1135 2930
4 2450 2929 2449 2930
4 1702 461 1662 3129
4 2560 402 1723 1794
4 2425 2720 3166 3374
4 2902 2946 2004 3367
4 689 2946 2902 3367
4 1313 929 2952 3339
4 1579 1531 2776 3270
4 1424 1279 2852 3268
4 2739 2852 2594 3268
4 1289 1125 2912 3200
4 1194 1193 3030 3104
4 2511 2512 3030 3104
4 3052 3261 1013 3302
4 313 2480 1785 1602
4 1747 1753 1283 2853
4 1667 1154 1734 3178
4 1531 1771 2776 3270
4 546 1312 958 2870
4 1861 2273 2626 2870
4 2662 2695 2990 3084
4 1380 1347 2990 3084
4 1161 2926 1167 3294
4 2483 2926 2476 3294
4 1142 2861 1166 3044
4 2457 2482 2861 3044
4 2274 1669 397 2427
4 396 1669 1804 2427
4 2103 3053 2597 3337
4 2772 3137 1768 3210
4 1457 453 3137 3210
4 673 3095 670 3179
4 1790 414 1689 2558
4 1523 1434 480 3039
4 2838 1795 2749 3039
4 2013 3123 3122 3326
4 962 1363 3053 3199
4 2124 2123 2902 3109
4 1379 1505 1641 3149
4 1636 537 1640 3208
4 1577 2569 294 1793
4 2440 1735 1822 381
4 1606 1759 1553 3044
4 2378 3015 2948 3294
4 1051 2948 3015 3294
4 305 1789 1575 2933
4 2467 2827 2688 3023
4 1152 1373 1512 3023
4 1612 1539 1271 3112
4 1310 2857 954 3342
4 2770 1625 1572 3236
4 1726 2758 1650 3229
4 682 2980 681 3209
4 1326 882 2941 3318
4 2641 2941 2197 3318
4 954 2857 1309 3342
4 3127 3193 908 3254
4 2349 2177 3014 3089
4 862 1120 3014 3089
4 552 2871 551 2910
4 1867 1866 2871 2910
4 1472 849 850 3098
4 2165 2164 2787 3098
4 1577 1605 2569 3348
4 2319 3078 3036 3284
4 3036 3078 1004 3284
4 1144 3049 1145 3182
4 1636 1640 2367 3208
4 2654 3162 3226 3260
4 2310 2313 3146 3340
4 809 2902 808 3109
4 310 1787 2549 1573
4 2676 2988 2453 3218
4 1138 2988 1361 3218
4 3067 3141 1508 3220
4 1745 1679 1744 3132
4 1881 3121 2757 3194
4 566 1442 3121 3194
4 756 3176 2970 3307
4 2970 3176 2071 3307
4 691 3105 1295 3295
4 2281 2283 3025 3303
4 2191 3000 2674 3234
4 2098 3048 2370 3163
4 718 1287 3019 3184
4 2258 3152 2813 3195
4 944 1498 3152 3195
4 1116 481 183 1700
4 2756 1762 1659 3227
4 195 500 1158 1699
4 730 733 3111 3185
4 2254 2256 3001 3152
4 940 3001 942 3152
4 1406 3356 1276 3364
4 2396 2887 2394 3013
4 1070 2887 1072 3013
4 2926 2476 3294 3304
4 2425 1667 1764 3286
4 1270 2942 3256 3265
4 1255 1577 478 3348
4 754 3207 3061 3307
4 1634 1641 1643 3149
4 1294 645 2903 3169
4 1960 2611 2903 3169
4 1270 3256 816 3265
4 2599 2033 3019 3184
4 1366 3051 3004 3235
4 3004 3051 2681 3235
4 649 651 2979 3205
4 1964 2979 1966 3205
4 2042 3081 2238 3138
4 727 924 3081 3138
4 1710 1817 1674 3319
4 1000 2962 1001 3135
4 2316 2962 2315 3135
4 1997 1996 2980 3209
4 2323 2322 2324 3219
4 1008 1009 1007 3219
4 2290 3051 2295 3206
4 975 980 3051 3206
4 2985 3174 2815 3204
4 860 1257 3161 3269
4 2175 3161 2572 3269
4 1784 2552 1709 425
4 2668 3045 2082 3072
4 767 3045 1353 3072
4 1988 1985 3095 3179
4 2736 3077 3159 3230
4 2552 1824 1709 424
4 1421 3159 3077 3230
4 527 3086 1594 3288
4 2683 2991 2966 3281
4 2602 1716 388 1800
4 677 1368 2966 3331
4 845 3008 844 3290
4 1455 1625 518 3236
4 2627 2919 2101 3247
4 1146 1144 2862 3049
4 2461 2862 2459 3049
4 887 885 3120 3180
4 2202 3120 2200 3180
4 1874 3262 3164 3291
4 1784 3016 2359 3142
4 1035 3016 469 3142
4 2305 2307 3198 3275
4 992 990 3198 3275
4 1616 2594 1537 2852
4 1866 2869 1864 2873
4 2719 2841 2850 3183
4 1404 2850 1526 3183
4 1429 3097 3128 3270
4 389 1715 2602 1834
4 961 3157 3199 3316
4 1612 3112 525 3330
4 573 3026 575 3125
4 1890 3026 1888 3125
4 2777 1776 2389 3139
4 1462 1065 461 3139
4 2993 3011 2328 3261
4 1013 3011 2993 3261
4 1856 2821 1744 3132
4 2024 2023 2999 3150
4 2177 3250 2895 3322
4 3095 3104 2504 3362
4 2416 2656 3056 3156
4 1093 3056 1340 3156
4 877 447 3187 3227
4 2192 3187 1762 3227
4 1876 3121 3059 3291
4 2850 2991 2437 3281
4 559 3164 3262 3291
4 1141 2932 1130 3141
4 2445 2932 2456 3141
4 1486 3258 2852 3350
4 3061 3207 2069 3307
4 761 1297 2919 3024
4 2627 2076 2919 3024
4 586 583 2987 3212
4 1901 2987 1898 3212
4 2048 2045 3111 3185
4 1655 1707 1264 3224
4 610 609 3073 3334
4 1650 462 1443 3229
4 1180 1179 3008 3150
4 2895 3250 862 3322
4 2744 3128 3097 3270
4 1994 3209 1995 3302
4 709 1180 2999 3150
4 2691 1630 2818 3075
4 434 1753 1826 2299
4 1488 3119 3179 3219
4 1728 1409 1388 3126
4 1222 1221 1220 3285
4 1374 3268 902 3274
4 1977 1976 3154 3174
4 1580 1503 1631 3075
4 1282 1507 788 3053
4 2597 2103 2822 3053
4 2576 1662 1730 3151
4 2350 2351 3014 3200
4 1064 3289 3139 3335
4 2388 3139 3289 3335
4 3059 3121 561 3291
4 798 799 3017 3265
4 2347 2169 2478 3250
4 1232 2956 1339 3260
4 2626 2207 2111 2870
4 796 892 1312 2870
4 1420 3272 3043 3305
4 1696 539 1665 3308
4 2995 3022 2013 3326
4 698 3022 2995 3326
4 1653 1742 1768 3137
4 1135 2930 2929 3309
4 2450 2929 2930 3309
4 2463 2862 2461 3248
4 3133 3231 2214 3350
4 767 1501 1353 3045
4 2082 2668 2816 3045
4 2301 3068 2305 3198
4 990 3068 986 3198
4 2277 3053 2678 3199
4 640 637 2901 3345
4 1955 2901 1952 3345
4 1895 3000 1892 3223
4 576 577 3243 3293
4 2606 3105 2006 3295
4 2406 2407 2713 3299
4 1084 1083 1398 3299
4 1487 1139 3162 3218
4 2802 3162 2454 3218
4 1391 1486 2852 3350
4 2823 3141 3067 3220
4 640 2941 637 3345
4 1955 1952 2941 3345
4 1750 536 909 2851
4 450 1548 1263 3086
4 1489 3144 3185 3221
4 1991 2966 1992 3331
4 2466 2467 2996 3080
4 3043 3272 2735 3305
4 2647 305 1609 2933
4 2276 3199 3157 3316
4 2199 2110 3054 3180
4 795 884 3054 3180
4 1576 1622 2749 3039
4 1548 1594 1263 3086
4 1753 1747 2600 2853
4 1310 953 943 3253
4 3048 3082 2364 3312
4 2539 3009 2541 3108
4 1219 1221 3009 3108
4 1537 1391 533 2852
4 3198 3204 992 3275
4 2307 3204 3198 3275
4 797 652 1183 3177
4 966 964 2994 3157
4 2803 3179 3119 3219
4 2252 3037 2250 3245
4 1697 119 1253 495
4 1121 3014 1122 3200
4 2153 3193 3127 3254
4 2601 2090 2470 3225
4 1580 1631 1630 3075
4 2281 2994 2279 3157
4 1851 1749 1754 2851
4 577 3000 580 3223
4 2127 1960 2881 3169
4 812 2881 645 3169
4 2203 3120 2202 3333
4 2608 2954 2644 3283
4 2114 3017 2164 3265
4 2454 3162 2667 3260
4 2457 1553 231 1759
4 2328 3261 3052 3302
4 2696 2216 3083 3133
4 901 1381 3083 3133
4 3005 1492 3140 3192
4 1523 3039 3017 3358
4 2771 1650 1777 3300
4 2285 2817 3211 3303
4 649 3035 781 3292
4 1964 2096 3035 3292
4 1740 2231 2361 408
4 2485 3033 2468 3080
4 1429 1249 456 3128
4 2564 2744 1771 3128
4 2119 2036 2894 3323
4 831 3134 1238 3323
4 757 756 2912 3207
4 895 3060 3177 3349
4 2210 3177 3060 3349
4 2836 3024 3153 3176
4 1521 3153 3024 3176
4 1746 2819 1665 3208
4 445 1409 1663 3126
4 3007 3203 2064 3267
4 378 2648 2315 1651
4 3032 905 3254 3370
4 485 172 1285 1686
4 1500 3174 2985 3204
4 2562 3033 2167 3216
4 852 3033 1247 3216
4 592 785 3028 3239
4 2100 1907 3028 3239
4 1927 3170 1928 3334
4 1151 2996 1152 3080
4 938 936 3037 3245
4 2374 3015 2998 3354
4 1047 2998 3015 3354
4 2460 3049 2459 3182
4 2541 3108 3009 3202
4 3009 3108 1221 3202
4 1594 3086 1842 3288
4 2804 3185 3144 3221
4 1042 3093 2880 3289
4 2880 3093 2366 3289
4 1765 1539 2586 3280
4 1561 3277 1032 3361
4 2807 3005 3140 3192
4 1135 2929 1136 3309
4 2450 2451 2929 3309
4 3063 3154 1980 3359
4 665 3154 3063 3359
4 1848 1593 1537 2852
4 589 587 2957 3347
4 1904 2957 1902 3347
4 2217 3268 2689 3274
4 1662 1261 529 3151
4 1359 3000 876 3234
4 1084 3266 1083 3299
4 2406 3266 2407 3299
4 1560 1816 1621 3158
4 2005 2007 2006 3105
4 692 690 691 3105
4 2288 2295 3070 3206
4 980 973 3070 3206
4 2646 3201 3077 3318
4 1285 173 519 1686
4 1331 3077 3201 3318
4 1060 1268 2913 3196
4 1644 1504 1636 3208
4 2492 2493 3008 3150
4 2024 2999 2493 3150
4 1533 2564 1601 3128
4 2088 2872 2137 2874
4 1171 1153 3033 3080
4 2930 2931 1897 3360
4 2670 3141 3190 3212
4 879 2849 880 3234
4 749 3203 3007 3267
4 1402 3127 1170 3301
4 2717 2487 3127 3301
4 1276 2854 1098 2947
4 511 218 984 1748
4 2584 2384 2913 3196
4 784 1487 572 3125
4 2802 2099 1887 3125
4 1780 2712 3135 3263
4 1726 515 1647 3082
4 1060 2913 1067 3213
4 679 678 3052 3209
4 1593 1391 2852 3350
4 1798 2632 392 3341
4 385 2566 1837 3343
4 2150 3097 2744 3128
4 2767 1809 2351 3186
4 1122 494 1452 3186
4 2265 2836 2700 3153
4 1521 951 1385 3153
4 2391 2913 2384 3213
4 899 3231 3133 3350
4 2729 2205 2825 2848
4 890 1414 1510 2848
4 1028 70 1574 520
4 1434 1622 3039 3358
4 2153 3127 2223 3254
4 2220 3032 3254 3370
4 1125 3148 1230 3207
4 2663 2181 2828 2996
4 866 1348 1513 2996
4 1429 3097 835 3128
4 3051 3206 2291 3264
4 976 3206 3051 3264
4 1579 3168 1461 3270
4 720 723 3047 3298
4 2038 2035 3047 3298
4 984 219 492 1748
4 1302 2847 2873 2874
4 1183 3177 652 3259
4 1053 3082 3048 3312
4 2608 3283 2877 3357
4 2498 1892 3000 3293
4 1815 2473 1671 411
4 1379 3149 1634 3369
4 1796 399 1690 2441
4 2776 3168 1579 3270
4 749 3007 750 3100
4 2064 2065 3007 3100
4 2104 3324 3225 3373
4 1071 2887 1070 3313
4 1338 3056 1095 3226
4 2418 3056 2653 3226
4 2574 1594 1842 3288
4 662 3154 661 3174
4 1102 3166 1405 3374
4 1593 2852 2706 3350
4 2185 2740 3102 3288
4 1355 3190 3141 3212
4 1776 3129 2389 3139
4 1065 3129 461 3139
4 2164 3017 2166 3358
4 1107 1108 3173 3270
4 551 549 2869 2873
4 2072 2912 2071 3207
4 2222 3109 2148 3110
4 1389 979 3027 3235
4 2294 2704 3027 3235
4 2715 3151 2573 3246
4 1400 1258 3151 3246
4 1993 1994 3052 3209
4 1468 1273 464 3175
4 2589 2783 1779 3175
4 1390 3029 1528 3292
4 2705 2843 3029 3292
4 455 1257 33 1543
4 1112 2991 2850 3281
4 1663 1728 2724 3126
4 2542 2540 2541 3285
4 1455 3201 1572 3236
4 2910 3225 789 3373
4 1746 1665 1743 3208
4 908 3127 838 3193
4 170 1246 522 1683
4 2774 1770 3161 3290
4 1507 3053 3214 3295
4 1644 1636 1642 3208
4 2239 2238 3034 3310
4 2855 2050 3144 3371
4 702 705 3057 3215
4 2304 2318 2866 3284
4 989 2866 1003 3284
4 907 833 3109 3110
4 2374 2593 3015 3354
4 1047 3015 1278 3354
4 934 3245 3040 3371
4 1313 2974 931 3339
4 175 483 1288 1681
4 3116 3302 1017 3352
4 1425 870 3102 3288
4 2628 2952 2243 3339
4 2146 2119 2532 3323
4 465 3135 1397 3263
4 1548 3086 450 3280
4 1979 1980 3063 3154
4 665 664 3063 3154
4 1224 1710 1674 3319
4 2647 304 1814 2933
4 2768 1619 1563 3238
4 1190 3274 3154 3359
4 2468 3080 3033 3332
4 1271 3112 1539 3280
4 1073 3363 3013 3366
4 2306 3107 2490 3198
4 1176 3107 991 3198
4 1399 3110 907 3252
4 2222 3110 2714 3252
4 555 1497 554 3088
4 1870 1869 2812 3088
4 1582 33 1257 1543
4 3078 3271 668 3287
4 1435 3125 575 3243
4 2750 1890 3125 3243
4 2957 3190 1902 3347
4 2772 2173 1768 3137
4 1457 453 858 3137
4 2736 3077 2646 3159
4 1331 3077 1421 3159
4 3189 2180 3286 3374
4 1056 1516 2851 3075
4 2831 2369 2851 3075
4 2177 2347 2895 3250
4 569 571 570 3296
4 2679 1924 3073 3334
4 1642 2367 2819 3208
4 2374 2998 2593 3354
4 1047 1278 2998 3354
4 637 639 2901 3345
4 1952 2901 1954 3345
4 2388 2366 3093 3289
4 1042 1064 3093 3289
4 1697 119 1657 1253
4 1131 2931 1130 2932
4 2445 2931 2446 2932
4 2810 2460 2497 3049
4 1495 1198 1145 3049
4 1903 2957 1904 3347
4 588 589 2957 3347
4 3055 3140 1492 3192
4 2150 3097 3128 3367
4 2364 3048 2380 3082
4 2822 3214 3053 3295
4 2398 3085 2400 3094
4 1074 1076 3085 3094
4 2211 2210 2213 3349
4 898 895 896 3349
4 3097 835 3128 3367
4 1908 1906 3028 3351
4 591 593 3028 3351
4 1295 688 3055 3105
4 2606 3055 2003 3105
4 1213 3084 790 3099
4 1292 637 2941 3345
4 1952 2605 2941 3345
4 209 469 1234 1680
4 1446 832 1156 3117
4 2471 2147 2761 3117
4 2530 3148 2354 3207
4 2063 2064 3007 3203
4 2806 2050 3040 3371
4 2745 3129 2576 3368
4 587 3190 2957 3347
4 1326 2941 3077 3318
4 2641 3077 2941 3318
4 1869 1870 1868 2871
4 555 554 553 2871
4 2060 2669 2061 3267
4 745 746 1354 3267
4 2105 3084 2531 3099
4 2195 2990 2849 3234
4 1293 2877 868 3283
4 2754 3065 3245 3317
4 1439 3245 3065 3317
4 860 1447 1257 3269
4 2175 2572 2762 3269
4 2525 3112 2753 3249
4 1208 1438 3112 3249
4 1167 3101 1237 3294
4 2483 2553 3101 3294
4 2807 3140 3055 3192
4 994 3146 995 3340
4 2752 2242 2240 3081
4 1437 926 928 3081
4 2509 3175 3030 3359
4 3030 3175 1191 3359
4 2324 3219 3119 3320
4 1009 3119 3219 3320
4 2615 2145 3230 3346
4 830 1299 3230 3346
4 582 2931 2930 3360
4 1760 2464 339 1663
4 692 693 3214 3295
4 1783 1599 1566 3038
4 2433 2432 3173 3270
4 2155 2892 2116 3336
4 2783 3030 2509 3175
4 1191 3030 1468 3175
4 2168 2116 2882 3336
4 2020 2017 3057 3215
4 1832 2358 1711 427
4 593 592 3028 3351
4 1908 3028 1907 3351
4 1393 1524 1215 3160
4 2708 2535 2839 3160
4 1358 3281 1112 3362
4 959 1113 181 1669
4 1113 489 180 1669
4 2355 2354 3148 3200
4 1124 444 1475 3044
4 2790 1759 2353 3044
4 2785 2520 2845 3280
4 1203 1470 1530 3280
4 2672 2616 2874 3088
4 217 511 1283 1753
4 2873 2874 2616 3088
4 474 89 1575 1332
4 2030 2029 3118 3165
4 715 3118 714 3165
4 1846 3224 3092 3315
4 3092 3224 531 3315
4 1413 827 3158 3233
4 2728 3158 2142 3233
4 198 1243 475 1689
4 2847 2869 1864 2872
4 1807 435 2299 1751
4 729 730 2949 3282
4 70 1574 520 1590
4 2088 2137 2872 3071
4 934 3062 3245 3371
4 1406 3079 3356 3364
4 1339 765 3162 3226
4 2654 3162 2080 3226
4 1039 2880 1042 3093
4 2366 2880 2363 3093
4 522 1251 1684 3343
4 1317 483 1685 3341
4 1732 2551 1673 3342
4 1516 536 1056 2851
4 2831 2369 1851 2851
4 2375 3229 2998 3300
4 1048 2998 3229 3300
4 2446 2931 2846 2932
4 2174 2734 3137 3272
4 859 3137 1419 3272
4 2846 2931 1131 2932
4 802 2892 800 3247
4 1983 3271 3078 3287
4 2854 2947 1276 3364
4 2277 3053 2920 3337
4 2180 2181 3189 3286
4 865 3189 866 3286
4 2163 3126 2703 3255
4 848 1388 3126 3255
4 723 1465 3047 3138
4 2780 2038 3047 3138
4 548 796 2870 2872
4 2803 2856 1990 3119
4 675 2856 1488 3119
4 3026 3125 572 3296
4 1616 1779 2594 3175
4 779 1387 1522 3239
4 2702 2094 2837 3239
4 2901 2927 1954 3345
4 639 2927 2901 3345
4 658 655 1477 3064
4 1970 1973 2792 3064
4 2654 2956 2550 3260
4 208 1234 509 1676
4 2258 2062 2813 3152
4 944 1498 747 3152
4 465 1274 1693 3325
4 2508 3154 3274 3359
4 804 2894 721 3323
4 2441 2935 1700 3316
4 910 3136 1163 3344
4 2225 2479 3136 3344
4 501 1560 1178 3158
4 3015 3087 2375 3300
4 1048 3087 3015 3300
4 2320 2751 2322 3078
4 1005 1007 1436 3078
4 1931 2925 1930 3232
4 3106 3228 1431 3301
4 2746 3228 3106 3301
4 2104 2090 2910 3225
4 1126 3148 1125 3200
4 499 1609 1332 2933
4 2832 2853 2693 3132
4 1517 1378 2853 3132
4 2224 436 1807 1751
4 1825 326 1637 2484
4 446 1256 22 3364
4 1651 1333 1731 3135
4 1968 3041 1971 3242
4 1374 1424 902 3268
4 2739 2689 2217 3268
4 1153 3033 3080 3332
4 1277 480 75 1588
4 1015 1013 2993 3302
4 2586 1539 3112 3280
4 2693 2832 2600 2853
4 1517 1378 1283 2853
4 2687 2056 2830 3074
4 741 1372 1515 3074
4 865 3189 3286 3374
4 1450 3055 3046 3279
4 3046 3055 2765 3279
4 2007 3214 2008 3295
4 2695 2849 2195 2990
4 880 2849 1380 2990
4 506 1233 203 3342
4 1750 1851 1754 2851
4 2911 3028 1906 3351
4 591 3028 2911 3351
4 3045 3235 2293 3264
4 978 3235 3045 3264
4 1512 3080 3023 3332
4 817 2893 827 3233
4 2142 2893 2132 3233
4 2228 1791 2945 3329
4 2375 3015 2376 3087
4 1048 1049 3015 3087
4 962 1282 2920 3053
4 2679 3170 1927 3334
4 2231 1692 1792 409
4 2547 1815 1671 412
4 490 1561 1032 3361
4 765 3076 570 3296
4 680 3172 682 3209
4 473 201 1687 3355
4 1122 3089 494 3186
4 1809 3089 2351 3186
4 2442 2228 2918 3329
4 1813 401 1670 2560
4 480 1622 1576 3039
4 1488 2856 672 3179
4 1993 3209 3052 3331
4 1292 2941 2958 3345
4 2605 2958 2941 3345
4 1764 342 2469 1667
4 465 1693 1649 3325
4 2254 3037 2252 3065
4 3032 3236 905 3370
4 2220 3236 3032 3370
4 2739 2217 2801 2852
4 902 1424 1486 2852
4 1050 1278 3015 3354
4 2377 3015 2593 3354
4 2053 2052 2675 3217
4 1360 737 738 3217
4 211 517 1034 1677
4 1726 1650 1443 3229
4 1502 3211 2859 3215
4 2425 1721 1667 3286
4 2670 3190 1901 3212
4 2849 2990 880 3234
4 2115 2892 2117 3247
4 1629 1505 1565 3149
4 1053 3048 1040 3312
4 582 1133 2930 2931
4 2448 1897 2930 2931
4 1449 487 897 3130
4 1802 2764 2212 3130
4 481 2943 1690 3316
4 929 930 928 3339
4 1700 2935 1116 3316
4 2750 3243 3125 3309
4 3125 3243 1435 3309
4 472 1617 94 1231
4 622 2890 623 3353
4 1420 3043 3273 3305
4 1581 52 1273 1535
4 961 1269 2994 3316
4 1997 3172 1995 3209
4 2325 3119 2326 3261
4 1010 1011 3119 3261
4 2742 2009 2011 3123
4 696 694 1427 3123
4 1926 1927 1928 3334
4 1827 2556 233 1554
4 1688 394 2344 1836
4 1224 2978 1710 3319
4 419 1821 1673 2551
4 2638 1634 2694 3369
4 562 1090 1460 3090
4 1877 2775 2413 3090
4 2276 2994 2587 3316
4 1177 760 2905 3365
4 622 2954 3256 3353
4 1979 3154 3063 3287
4 3063 3154 664 3287
4 748 3007 749 3203
4 940 938 3037 3065
4 1968 3041 3242 3259
4 762 1177 2895 3365
4 2235 2661 2809 3072
4 1346 921 1494 3072
4 624 2954 622 3353
4 669 670 2955 3271
4 2215 3133 2214 3350
4 994 3275 3146 3340
4 1459 3161 455 3290
4 2124 3110 3109 3367
4 1293 3283 1330 3357
4 234 2556 1763 1554
4 2300 383 1678 1801
4 1273 52 464 1535
4 1118 862 2895 3250
4 3043 2735 3273 3305
4 473 2904 955 3355
4 2578 1594 1548 3086
4 1502 3215 703 3303
4 2260 2259 3195 3240
4 946 3195 945 3240
4 1820 1559 311 2549
4 1672 415 1819 2558
4 2252 3065 3037 3245
4 2124 2902 2004 3367
4 689 2902 809 3367
4 1818 1558 307 2557
4 1174 1720 201 3355
4 1615 1765 1548 3280
4 850 1330 1345 3283
4 3109 3110 809 3367
4 1293 2877 3283 3357
4 1489 2855 732 3185
4 1887 3125 3026 3296
4 2240 3034 2238 3081
4 924 3034 926 3081
4 2804 2855 2050 3144
4 735 2855 1489 3144
4 2784 1775 1592 3252
4 1415 1252 3089 3257
4 2730 3089 2567 3257
4 2508 1980 3154 3359
4 665 1190 3154 3359
4 573 572 3026 3125
4 1888 3026 1887 3125
4 2319 2320 3036 3078
4 1005 1004 3036 3078
4 2397 2781 3085 3366
4 2859 3211 2817 3215
4 913 914 1365 3067
4 2228 2227 2680 3067
4 667 3078 668 3287
4 1983 3078 1982 3287
4 2803 1987 2856 3179
4 592 3239 3028 3351
4 3028 3239 1907 3351
4 1712 2545 1786 422
4 938 3037 3065 3245
4 1572 1625 1455 3236
4 2493 2160 3008 3290
4 2377 2948 3015 3354
4 1050 3015 2948 3354
4 3052 3209 678 3331
4 2524 2753 2525 3112
4 1438 1207 1208 3112
4 1423 715 712 3191
4 2738 2027 2030 3191
4 2827 3023 3080 3332
4 1929 1926 1928 3232
4 1365 3067 1508 3220
4 2519 2520 2521 3102
4 676 677 2966 3331
4 1463 3152 744 3251
4 2059 3152 2778 3251
4 873 823 874 2874
4 532 3085 3043 3366
4 1190 1196 3154 3274
4 2113 2114 2079 3265
4 975 3051 976 3206
4 2291 3051 2290 3206
4 1711 211 1034 1677
4 1939 2954 2608 3357
4 893 894 3006 3149
4 2208 3006 2209 3149
4 1174 955 2984 3355
4 2256 2258 3001 3152
4 942 3001 944 3152
4 2488 1558 308 1818
4 1418 3205 649 3292
4 1964 3205 2733 3292
4 2615 2641 3077 3346
4 1326 1299 3077 3346
4 1278 1045 2998 3354
4 2593 2998 2372 3354
4 1280 1100 1199 3248
4 2045 2044 2949 3282
4 1355 586 3190 3212
4 1784 1680 1711 426
4 1667 1102 448 3286
4 2719 2841 2437 2850
4 1526 1404 1112 2850
4 1142 444 15 1553
4 561 3059 563 3121
4 1878 3059 1876 3121
4 933 3297 3062 3371
4 1838 236 2419 1591
4 930 3221 928 3339
4 2608 2183 2877 3283
4 1377 1504 1743 3208
4 762 2970 760 3365
4 816 3256 3098 3265
4 1339 2956 1338 3226
4 2654 2653 2956 3226
4 1993 3052 1991 3331
4 1810 335 1657 1697
4 2270 2247 2625 3297
4 956 1291 933 3297
4 1043 766 1040 3163
4 341 1828 2469 1668
4 2568 1810 335 1657
4 1755 1752 1378 3132
4 583 2987 3212 3360
4 568 3189 807 3197
4 2591 2421 2854 3364
4 728 3155 3081 3282
4 2757 1881 1878 3121
4 1442 563 566 3121
4 1197 3000 577 3293
4 680 679 1445 3302
4 1898 2987 1896 3360
4 2993 3302 2330 3352
4 3086 3102 2740 3288
4 676 674 675 2856
4 1989 1991 1990 2856
4 787 2926 1161 3304
4 2759 3013 2393 3246
4 1069 3013 1444 3246
4 2711 1832 3142 3278
4 1396 3142 517 3278
4 1807 2797 2224 3058
4 909 1482 492 3058
4 1807 2299 2796 3058
4 492 1480 984 3058
4 1472 849 3098 3306
4 2164 2787 3098 3306
4 510 1323 109 3369
4 1118 1177 854 3250
4 2047 2855 2804 3185
4 2421 2947 2854 3364
4 653 3242 3041 3259
4 820 3032 905 3254
4 1251 486 168 3343
4 1883 2122 3189 3197
4 849 851 3017 3358
4 2574 1549 1594 3288
4 2591 2854 3356 3364
4 1770 1543 249 2572
4 2131 2164 3098 3265
4 1163 3131 596 3344
4 2479 1911 3131 3344
4 1904 1902 3190 3347
4 616 615 2925 3232
4 2630 1600 314 1785
4 1282 2920 3053 3337
4 735 736 734 2855
4 2049 2051 2050 2855
4 1662 529 1730 3151
4 652 2924 651 3259
4 1736 2865 1801 3343
4 2801 2852 2217 3258
4 1486 902 2852 3258
4 828 813 2881 3230
4 2143 2881 2128 3230
4 2493 2999 2495 3276
4 2590 1780 1649 3325
4 2314 2313 1782 2962
4 467 998 999 2962
4 999 1390 1001 3029
4 2314 2316 2705 3029
4 1710 2978 2544 3319
4 1132 1140 2931 3212
4 2447 2931 2455 3212
4 521 1317 177 3341
4 1817 1710 404 2544
4 1657 3117 1253 3308
4 2245 2974 2628 3339
4 2815 2985 1974 3174
4 1533 1249 1244 3128
4 2815 1978 2306 3107
4 663 1500 991 3107
4 1782 2440 380 1703
4 516 1563 1453 3238
4 2796 3058 2299 3171
4 984 3058 1480 3171
4 2277 2597 3053 3337
4 1741 1836 2916 3341
4 2436 2437 2850 2991
4 1111 2850 1112 2991
4 2131 2942 2079 3265
4 2705 2096 2843 3292
4 1390 1528 781 3292
4 2080 1885 3076 3296
4 538 1395 3075 3257
4 2710 1853 3075 3257
4 1001 3029 1390 3237
4 2316 2705 3029 3237
4 767 3072 1287 3184
4 1358 1112 1404 3362
4 789 2910 775 3225
4 2050 2051 2806 3040
4 735 1491 736 3040
4 1963 1962 1964 2979
4 648 649 647 2979
4 3077 3230 2145 3346
4 830 3230 3077 3346
4 1606 1553 444 3044
4 3085 3094 1076 3273
4 1537 1593 1391 2852
4 1425 3102 3086 3288
4 2436 2434 2664 3173
4 1109 1111 1349 3173
4 925 3034 924 3310
4 2754 2055 3065 3317
4 1439 3065 740 3317
4 2941 3077 2641 3346
4 1326 3077 2941 3346
4 613 3170 612 3334
4 1971 2696 1972 3242
4 2400 3094 3085 3273
4 2599 3072 2082 3184
4 2600 433 1753 1826
4 2765 3046 2002 3055
4 687 3046 1450 3055
4 1927 2679 2808 3170
4 612 1493 1364 3170
4 961 3157 963 3199
4 2503 1989 1988 2966
4 1185 673 674 2966
4 1279 1616 1537 2852
4 1330 3283 2954 3357
4 1796 1690 2943 3316
4 1968 1970 3064 3242
4 2615 3230 2128 3346
4 1299 813 3230 3346
4 1582 249 1543 2572
4 591 593 592 3028
4 1907 1908 1906 3028
4 1650 3229 1777 3300
4 2437 2991 2683 3281
4 2599 3019 2035 3298
4 720 3019 1287 3298
4 1016 2858 1018 3352
4 849 3017 799 3265
4 1537 270 1848 2594
4 2372 2998 2973 3354
4 2973 2998 1045 3354
4 1990 1991 2811 3052
4 676 675 1496 3052
4 642 2948 1237 3101
4 1957 2553 2948 3101
4 1165 205 471 1682
4 1765 1615 1539 3280
4 1122 3014 1120 3089
4 2349 3014 2351 3089
4 2063 3007 2813 3203
4 220 1750 909 492
4 510 110 1168 1633
4 2060 2826 2669 3021
4 745 1354 1511 3021
4 2360 1784 2552 2969
4 1036 1234 469 2969
4 186 479 1245 1691
4 1891 2107 2953 3293
4 2615 3077 2145 3346
4 1700 481 183 1690
4 1699 195 500 1671
4 1817 3004 1674 3319
4 830 3077 1299 3346
4 589 3190 587 3347
4 389 1715 1686 2602
4 2180 3189 2122 3374
4 598 817 1284 2964
4 2598 2132 1913 2964
4 3081 3155 2043 3282
4 1295 3192 788 3295
4 1686 1716 388 2602
4 2146 3134 3147 3323
4 522 2907 1251 3343
4 2566 2907 1837 3343
4 1303 980 3070 3319
4 2609 3070 2295 3319
4 1696 1665 1854 3308
4 2074 2075 2076 2970
4 760 759 761 2970
4 1202 1204 1203 3102
4 1784 1709 1680 425
4 1679 1506 541 3132
4 1824 1676 1709 424
4 1056 1749 1756 3075
4 1410 1380 1520 2849
4 2695 2725 2835 2849
4 752 751 1484 3061
4 2066 2067 2799 3061
4 761 763 760 2919
4 2076 2075 2078 2919
4 632 2875 766 3163
4 1769 2735 3043 3272
4 454 3043 1420 3272
4 1318 3005 1281 3337
4 656 3041 653 3242
4 2479 2917 1911 3344
4 1163 596 2917 3344
4 291 1795 2592 1576
4 1164 1568 97 470
4 1798 2938 2632 3341
4 1317 2938 483 3341
4 596 3131 2917 3344
4 2917 3131 1911 3344
4 1255 78 478 1577
4 933 932 3297 3371
4 1952 1954 2927 3345
4 2403 2402 2968 3273
4 1666 507 165 1115
4 2974 3297 931 3339
4 494 1252 11 1545
4 1898 3212 2987 3360
4 637 2927 639 3345
4 3146 3275 2309 3340
4 1143 1144 1145 3182
4 1575 1332 1609 2933
4 1926 1929 2631 2860
4 614 611 1316 2860
4 2391 2631 1929 2913
4 1067 614 1316 2913
4 1530 450 1263 3086
4 2845 2578 1765 3086
4 1750 2224 437 1851
4 2560 2296 1794 2951
4 1245 479 981 2951
4 2613 2268 2255 2857
4 954 1310 941 2857
4 1251 2907 1002 3343
4 2566 2317 2907 3343
4 1984 2955 1985 3271
4 801 2892 840 3336
4 962 1113 959 2920
4 2427 2277 2274 2920
4 2115 2078 2116 2905
4 801 763 800 2905
4 591 2911 593 3351
4 1908 2911 1906 3351
4 2495 2021 2020 2999
4 1182 705 706 2999
4 800 840 801 2892
4 2115 2116 2155 2892
4 2034 2119 2036 2894
4 721 804 719 2894
4 2458 2457 2482 2861
4 1142 1143 1166 2861
4 2459 1827 2458 2861
4 1144 1143 512 2861
4 2461 2463 2459 2862
4 1146 1144 1148 2862
4 2556 1827 2459 2862
4 512 1240 1144 2862
4 631 633 634 2867
4 1946 1949 1948 2867
4 631 634 1296 2868
4 1949 1946 2612 2868
4 632 631 630 2867
4 1947 1945 1946 2867
4 1944 1946 1945 2868
4 631 629 630 2868
4 1296 814 629 2868
4 2129 2612 1944 2868
4 632 630 766 2875
4 1945 1947 2081 2875
4 644 643 645 2864
4 1960 1958 1959 2864
4 629 814 628 2876
4 2129 1944 1943 2876
4 1865 1864 1866 2869
4 550 551 549 2869
4 630 629 627 2876
4 1944 1945 1942 2876
4 630 627 1038 2875
4 1942 1945 2362 2875
4 627 628 625 2876
4 1942 1940 1943 2876
4 627 626 1038 2878
4 1941 1942 2362 2878
4 627 625 626 2879
4 1942 1941 1940 2879
4 1063 660 1058 2883
4 1975 2387 2382 2883
4 1938 1941 2491 2879
4 626 623 1172 2879
4 2098 1947 1948 2867
4 783 633 632 2867
4 2405 2491 1941 2878
4 1172 1081 626 2878
4 2582 1815 2473 2906
4 1254 1158 500 2906
4 1950 1948 1949 2886
4 635 634 633 2886
4 1956 1958 1957 2864
4 643 641 642 2864
4 1172 623 621 2885
4 2491 1936 1938 2885
4 2387 1975 2491 2885
4 1063 1172 660 2885
4 1975 1935 1936 2885
4 660 621 620 2885
4 853 2882 801 3336
4 660 620 1057 2883
4 2381 1935 1975 2883
4 646 645 643 2903
4 1961 1958 1960 2903
4 635 633 1227 2900
4 1948 1950 2533 2900
4 477 919 918 2884
4 2233 1792 2232 2884
4 2248 3040 3245 3371
4 1957 1954 1956 2901
4 642 641 639 2901
4 1934 1936 1935 2890
4 620 621 619 2890
4 622 621 623 2890
4 2381 2084 1935 2896
4 1057 620 769 2896
4 1202 1201 725 2936
4 2518 2519 2040 2936
4 769 618 1268 2896
4 2084 2584 1933 2896
4 758 762 1289 2912
4 2073 2610 2077 2912
4 2116 2169 2168 2882
4 801 853 854 2882
4 1228 957 1311 2898
4 2271 2547 2623 2898
4 620 619 618 2896
4 1935 1933 1934 2896
4 1118 762 1177 2895
4 691 1295 788 3295
4 1913 1915 1914 2888
4 599 600 598 2888
4 2566 2317 1837 2907
4 1251 522 1002 2907
4 647 1294 645 2903
4 2611 1962 1960 2903
4 1909 2917 2479 3344
4 594 1163 2917 3344
4 552 551 550 2910
4 1867 1865 1866 2910
4 1815 2623 2547 2906
4 500 1228 1311 2906
4 2634 2632 2938 3341
4 1317 1319 2938 3341
4 1326 2941 1299 3346
4 2615 2941 2641 3346
4 522 1246 1290 2907
4 1837 2604 2561 2907
4 1917 1914 1916 2888
4 602 601 599 2888
4 1957 2643 1954 2927
4 1501 3045 3184 3338
4 775 550 1286 2910
4 1865 2090 2601 2910
4 1016 1024 1319 2938
4 2339 2331 2634 2938
4 1963 1961 1962 2903
4 646 648 647 2903
4 1328 1237 642 2948
4 2553 2643 1957 2948
4 1953 1952 2927 3345
4 2548 1884 1886 2891
4 1864 1862 1863 2869
4 549 548 547 2869
4 545 1286 547 2937
4 2444 1814 2443 2918
4 1128 499 1129 2918
4 1972 1973 1970 2985
4 639 640 637 2901
4 1952 1955 1954 2901
4 775 1286 1155 3225
4 1902 1904 1903 2957
4 589 587 588 2957
4 1029 1030 1320 2889
4 2345 2344 2637 2889
4 1328 642 639 2927
4 1860 1862 2601 2937
4 545 547 546 2909
4 1860 1861 1862 2909
4 2121 1883 1884 2891
4 2005 2003 2004 2902
4 689 688 690 2902
4 1862 1865 2601 2869
4 550 547 1286 2869
4 1246 1026 1290 2897
4 2561 2604 2341 2897
4 520 3106 1431 3301
4 2746 3106 1835 3301
4 1158 1254 919 2884
4 2582 2473 2233 2884
4 619 617 618 2925
4 1932 1934 1933 2925
4 714 774 713 2940
4 637 638 2927 3345
4 1911 1910 1912 2917
4 595 596 597 2917
4 569 568 806 2891
4 2331 2333 2634 2858
4 1018 1016 1319 2858
4 2318 2317 2304 2866
4 1003 989 1002 2866
4 1519 2854 1276 3356
4 2834 2591 2854 3356
4 489 1281 1030 2889
4 2596 1804 2345 2889
4 2003 2001 2004 2946
4 688 689 686 2946
4 762 1119 1289 2895
4 2610 2348 2077 2895
4 1290 1026 1006 2950
4 2604 2321 2341 2950
4 1961 1963 2102 2926
4 787 648 646 2926
4 1693 2590 1649 3325
4 1240 449 1148 2862
4 2556 2463 1763 2862
4 2300 2301 1801 2865
4 985 486 986 2865
4 571 569 1114 2891
4 622 2954 1314 3256
4 599 598 597 2899
4 1913 1914 1912 2899
4 1177 801 854 2905
4 2478 2169 2116 2905
4 2438 2005 2123 2902
4 808 690 1082 2902
4 606 603 1337 2944
4 1918 1921 2652 2944
4 1859 2484 2273 2863
4 1168 544 958 2863
4 1909 1911 2479 2917
4 596 594 1163 2917
4 1954 1953 1952 2927
4 2444 2918 2443 2932
4 1128 2918 1129 2932
4 2268 2624 2253 2857
4 1309 954 939 2857
4 640 1299 2941 3346
4 2615 1955 2941 3346
4 2522 2523 2044 2949
4 1206 1205 729 2949
4 2645 1922 1925 2921
4 1329 610 607 2921
4 2623 2241 2271 2952
4 957 927 1311 2952
4 1714 1685 483 3341
4 636 771 634 2886
4 2086 1951 1949 2886
4 1965 2611 2091 2924
4 650 776 1294 2924
4 1290 1003 1002 2907
4 2317 2318 2604 2907
4 1717 522 1684 3343
4 2816 3184 3045 3338
4 639 637 638 2927
4 2089 2029 2028 2940
4 1304 1026 485 2897
4 2341 2617 1800 2897
4 1323 1379 1639 3369
4 473 1309 955 2904
4 1798 2634 2632 2938
4 483 1317 1319 2938
4 2655 1789 2647 2933
4 1341 1332 474 2933
4 2608 1939 2644 2954
4 2248 3245 3062 3371
4 1836 2637 2344 2916
4 1320 521 1029 2916
4 962 959 960 2943
4 2274 2277 2275 2943
4 1313 957 475 2898
4 2628 1790 2271 2898
4 760 763 1177 2905
4 1932 2585 1934 2942
4 1270 617 619 2942
4 1615 450 1271 3280
4 786 800 763 2919
4 2101 2078 2115 2919
4 1117 714 716 2940
4 962 960 1363 3199
4 546 958 544 2909
4 2273 1861 1859 2909
4 603 601 602 2944
4 1916 1918 1917 2944
4 1343 1164 1340 2915
4 2656 2480 2658 2915
4 914 913 476 2945
4 2227 2228 1791 2945
4 2871 2873 1869 3088
4 588 2957 3099 3347
4 1079 2968 1078 3273
4 485 172 1686 1716
4 1219 3108 3009 3348
4 3009 3108 2539 3348
4 216 1283 1378 1747
4 2605 1955 1952 2941
4 640 1292 637 2941
4 836 790 3092 3099
4 2035 2036 2037 2922
4 720 722 721 2922
4 2377 2593 2948 3354
4 1050 2948 1278 3354
4 1903 3099 2957 3347
4 2438 2007 2005 2939
4 1082 690 692 2939
4 1071 610 1329 2887
4 2395 2645 1925 2887
4 2031 2029 2428 2940
4 2582 2239 2623 2906
4 1464 3010 3114 3308
4 2779 3114 3010 3308
4 646 643 1167 2926
4 1958 1961 2483 2926
4 1175 602 599 2899
4 1914 1917 2501 2899
4 2585 2079 2131 2942
4 1930 1933 2584 2925
4 618 615 1268 2925
4 1979 1977 3154 3174
4 1281 489 1113 2920
4 1804 2596 2427 2920
4 2823 3067 2680 3220
4 1912 2501 2083 2899
4 768 1175 597 2899
4 1268 615 614 2913
4 2584 1929 1930 2913
4 567 566 565 2934
4 1881 1882 1880 2934
4 1326 640 1299 2941
4 2641 2615 1955 2941
4 1884 1883 1882 2934
4 569 567 568 2934
4 2089 2028 2106 2908
4 791 713 774 2908
4 1196 1428 661 3083
4 2396 2399 2645 2887
4 1072 1329 1075 2887
4 2440 1782 2313 2989
4 1115 998 467 2989
4 1227 633 783 2973
4 1948 2533 2098 2973
4 2332 2330 3302 3352
4 917 1037 192 1675
4 1082 695 772 2939
4 2087 2010 2438 2939
4 958 510 1168 2963
4 1825 2273 2484 2963
4 1137 784 3125 3218
4 2452 3125 2099 3218
4 601 603 604 2960
4 1916 1919 1918 2960
4 708 707 1476 3066
4 2022 2023 2791 3066
4 710 713 3150 3165
4 669 1188 1189 2955
4 2506 1984 2507 2955
4 2603 2339 1798 2938
4 1288 483 1024 2938
4 2034 2031 2428 2894
4 716 719 1117 2894
4 2653 2658 1820 2915
4 1343 1338 505 2915
4 2151 3092 2105 3099
4 2085 2548 1889 2953
4 2745 2383 3129 3368
4 2068 2824 2530 3148
4 753 1230 1509 3148
4 774 1238 824 2908
4 2139 2532 2089 2908
4 593 2911 594 3351
4 1909 2911 1908 3351
4 1949 2612 2086 2961
4 1117 804 1238 2894
4 2428 2532 2119 2894
4 2593 2643 2948 3354
4 1278 2948 1328 3354
4 1422 1051 1049 3087
4 2378 2737 2376 3087
4 1114 770 574 2953
4 900 899 3133 3350
4 960 961 3199 3316
4 2655 2657 1789 2928
4 1341 474 1342 2928
4 634 771 1296 2961
4 622 624 1314 2954
4 472 1231 1232 2956
4 2550 2549 1787 2956
4 2267 2481 2613 2914
4 1310 1165 953 2914
4 1318 1030 1281 3005
4 1800 2617 2602 2975
4 485 1285 1304 2975
4 2037 2518 2040 2922
4 722 725 1201 2922
4 2639 2091 2611 2982
4 1325 1294 776 2982
4 2557 2657 2659 2928
4 1344 1342 1242 2928
4 2628 2558 1790 2974
4 475 1243 1313 2974
4 1063 2883 1058 3289
4 2382 2883 2387 3289
4 1278 1227 2973 3354
4 2533 2593 2973 3354
4 2195 2674 2677 2990
4 1359 880 1362 2990
4 2112 2502 1967 3259
4 1164 470 1340 2981
4 2656 1785 2480 2981
4 2377 2593 2643 2948
4 1278 1050 1328 2948
4 2271 2243 2628 2952
4 929 957 1313 2952
4 2341 2323 2617 2950
4 1026 1304 1008 2950
4 173 519 1686 1715
4 2612 2129 2640 2961
4 2228 2443 2442 2918
4 1128 914 1127 2918
4 2269 2251 2624 2967
4 955 1309 937 2967
4 2531 1899 1900 2987
4 584 1213 585 2987
4 1748 1753 434 2299
4 1511 1100 1372 3021
4 2423 2826 2687 3021
4 2403 3094 2400 3273
4 2328 2330 2993 3302
4 1296 1324 814 2961
4 580 1359 1362 3000
4 1895 2677 2674 3000
4 2081 2875 1947 3163
4 594 593 591 2911
4 1908 1909 1906 2911
4 2664 2665 2436 2991
4 1350 1349 1111 2991
4 1952 2958 2605 3345
4 1292 2958 637 3345
4 2003 2902 2005 3105
4 690 2902 688 3105
4 943 944 3001 3253
4 2092 3045 2293 3264
4 978 3045 777 3264
4 2243 2241 2242 2952
4 927 929 928 2952
4 2087 2438 2342 2972
4 772 1027 1082 2972
4 2001 2000 2429 2946
4 685 686 1104 2946
4 2429 2000 2430 2959
4 685 1104 1105 2959
4 2293 3045 2704 3235
4 1389 3045 978 3235
4 716 2940 714 3118
4 1952 1951 2958 3345
4 636 637 2958 3345
4 1261 3129 1430 3368
4 1238 774 1117 2940
4 2030 2027 2029 3165
4 715 714 712 3165
4 1940 2608 2877 3357
4 2163 3255 2161 3324
4 846 3255 848 3324
4 2613 2257 2267 3253
4 2790 2355 2482 3044
4 1126 1475 1166 3044
4 2508 3154 2514 3274
4 2481 2267 1786 2971
4 1165 471 953 2971
4 2560 1813 2620 2951
4 1308 498 1245 2951
4 2587 2620 1813 2935
4 1308 1269 498 2935
4 2029 2940 2031 3118
4 1180 3008 845 3290
4 1869 2871 1866 2873
4 2321 2322 2323 2950
4 1006 1008 1007 2950
4 2383 2486 2745 3129
4 2428 2089 2532 2940
4 1155 1286 811 2937
4 2470 2126 2601 2937
4 802 3244 2892 3247
4 1415 3257 3089 3322
4 3089 3257 2730 3322
4 882 1292 1326 2941
4 2197 2641 2605 2941
4 1752 2821 2693 3132
4 1022 3005 1492 3140
4 683 680 3116 3172
4 1998 3116 1995 3172
4 2278 3157 2276 3199
4 2399 1921 2645 2921
4 1075 1329 606 2921
4 1952 1951 2605 2958
4 636 637 1292 2958
4 920 1389 1037 3027
4 2234 2361 2704 3027
4 2403 1917 2652 2944
4 1337 602 1079 2944
4 1535 1779 1616 3175
4 1883 2499 1880 2934
4 568 565 1235 2934
4 2219 2788 1783 3038
4 468 1473 904 3038
4 1081 1172 1063 2880
4 2491 2405 2387 2880
4 1269 1308 967 2994
4 1857 328 1808 3145
4 2568 3117 1657 3308
4 203 1673 506 3342
4 700 3215 702 3326
4 1634 3149 2694 3369
4 1412 3130 1103 3311
4 2426 3130 2727 3311
4 1085 1315 508 3266
4 2408 1823 2630 3266
4 1076 3094 1079 3273
4 1905 2670 2100 3190
4 1896 3223 1897 3360
4 609 1364 3073 3334
4 1663 1409 1728 3126
4 1471 664 3107 3287
4 2786 3107 1979 3287
4 1748 511 218 1753
4 1515 1099 3074 3167
4 2830 3074 2422 3167
4 2112 3177 2502 3259
4 2545 1786 2618 2971
4 471 1225 1307 2971
4 2609 1794 2296 2978
4 1303 981 479 2978
4 2437 3281 2673 3362
4 2587 2282 2620 2994
4 476 914 2945 3329
4 1912 1910 1913 2964
4 595 597 598 2964
4 895 3060 797 3177
4 2210 2112 3060 3177
4 2036 2120 2922 3323
4 540 1565 1505 3149
4 1037 917 920 2965
4 2231 2361 2234 2965
4 1596 82 1178 490
4 781 649 648 3035
4 2096 1963 1964 3035
4 2614 2626 2273 2963
4 958 1312 1298 2963
4 1921 1918 1920 2960
4 606 605 603 2960
4 1825 2963 1633 3369
4 2360 2265 2700 3016
4 1036 1385 951 3016
4 2107 2085 1891 2953
4 1856 1744 1679 3132
4 445 1663 123 1149
4 1557 1814 304 2933
4 770 792 576 2953
4 2611 2639 2982 3169
4 1325 1294 2982 3169
4 2220 3032 2135 3254
4 726 729 1205 3282
4 2156 3031 2772 3210
4 841 1457 3031 3210
4 1278 2973 1045 3354
4 2593 2372 2973 3354
4 1204 1202 1205 2936
4 2519 2521 2522 2936
4 1979 3107 1978 3174
4 334 2568 1657 3308
4 1349 1350 681 2980
4 2665 2664 1996 2980
4 2300 2346 2301 2976
4 986 1031 985 2976
4 1535 1581 268 2589
4 2088 2872 2111 3071
4 2301 2303 2302 2865
4 986 987 988 2865
4 875 877 3069 3227
4 2192 2190 3069 3227
4 1334 3060 897 3130
4 2212 3060 2649 3130
4 2303 2304 2302 2866
4 989 988 987 2866
4 1819 2558 2270 2974
4 1243 504 956 2974
4 1648 159 535 1274
4 2784 1592 1550 3252
4 2529 2834 2732 3356
4 1519 1212 1417 3356
4 1239 1105 1107 2959
4 2430 2554 2432 2959
4 2571 2049 2048 3091
4 734 1275 733 3091
4 2765 3172 3046 3279
4 1450 3046 3172 3279
4 2935 2994 1269 3316
4 2215 3258 3133 3350
4 358 1769 2581 1661
4 2350 2348 2610 3014
4 1289 1119 1121 3014
4 1127 2918 914 3329
4 881 3032 882 3318
4 2196 2197 3032 3318
4 99 1562 508 1315
4 2709 3132 2298 3278
4 983 3132 1394 3278
4 1972 2985 1970 3242
4 2473 1699 1671 411
4 2548 2439 2121 2891
4 1244 460 42 1592
4 824 2908 1238 3134
4 2532 2908 2139 3134
4 576 2953 792 3293
4 1700 1690 399 2441
4 2337 2807 3005 3140
4 2587 2994 2935 3316
4 527 1263 28 1594
4 1324 908 3193 3254
4 1278 1227 1045 2973
4 2533 2593 2372 2973
4 1229 1114 806 2891
4 998 1327 995 2989
4 1294 647 650 2979
4 1962 2611 1965 2979
4 1792 2231 2232 2965
4 917 477 918 2965
4 2602 2340 1834 2975
4 1285 519 1025 2975
4 1231 505 1338 2956
4 1820 2549 2653 2956
4 2249 2250 2251 2967
4 936 935 937 2967
4 1900 1903 2531 2957
4 585 1213 588 2957
4 2117 2892 3244 3247
4 1872 3164 1874 3262
4 559 3164 557 3262
4 1605 3009 2569 3348
4 1858 1808 1859 2863
4 543 544 493 2863
4 708 3066 710 3150
4 2810 2461 3049 3267
4 1146 1495 3049 3267
4 607 605 606 2921
4 1922 1921 1920 2921
4 2466 2465 2467 3080
4 2603 2622 2339 2983
4 1024 1306 1288 2983
4 1844 2576 364 1730
4 545 544 543 2909
4 1859 1860 1858 2909
4 2329 2331 2339 2993
4 1024 1016 1014 2993
4 1370 1383 604 3020
4 2698 2685 1919 3020
4 2239 2906 2582 3310
4 612 3170 1364 3334
4 2331 2333 2858 3352
4 2500 297 1816 1621
4 255 1542 2769 1843
4 1379 1641 1634 3149
4 831 3147 3134 3323
4 762 758 760 2970
4 2018 3215 2817 3303
4 2394 2396 2395 2887
4 1072 1070 1071 2887
4 1413 3233 3158 3361
4 3158 3233 2728 3361
4 652 797 776 2924
4 2112 1967 2091 2924
4 955 1291 1174 2984
4 1586 11 1252 1545
4 636 794 771 2958
4 1951 2086 2109 2958
4 1161 3294 3263 3304
4 811 545 543 2937
4 970 3025 969 3321
4 2126 1858 1860 2937
4 2606 2103 3192 3295
4 512 1142 16 2861
4 1609 499 1557 2933
4 834 3128 835 3367
4 2149 2150 3128 3367
4 1818 2557 2659 2988
4 1242 503 1344 2988
4 444 1124 14 1606
4 473 202 1233 2904
4 2017 3215 2015 3326
4 721 719 720 3019
4 2034 2036 2035 3019
4 1835 2343 286 1574
4 1302 1357 2873 3088
4 475 1228 197 2898
4 1376 1503 1580 3075
4 2255 2257 2613 3001
4 943 941 1310 3001
4 2038 3047 3138 3298
4 723 3138 3047 3298
4 1431 3228 3106 3283
4 1114 1229 770 2997
4 90 1242 474 2928
4 2522 2521 2523 3003
4 1204 1205 1206 3003
4 241 1840 2586 1539
4 2625 2249 2269 2967
4 935 1291 955 2967
4 1382 1705 140 1419
4 2721 2591 3356 3364
4 2488 1818 2676 2988
4 503 1173 1361 2988
4 2086 2640 2135 2961
4 3013 3363 2397 3366
4 3043 3085 1847 3366
4 3023 3262 1512 3332
4 1239 1107 1349 2980
4 2432 2554 2664 2980
4 1802 2426 277 1571
4 601 1301 600 2888
4 1916 1915 2607 2888
4 1779 1535 268 2589
4 771 820 1324 2961
4 1923 1922 1920 3073
4 607 608 605 3073
4 1500 659 2985 3174
4 2691 1580 1630 3075
4 2548 2085 2439 2997
4 1421 3159 3230 3311
4 2736 3230 3159 3311
4 1967 1966 2924 3259
4 543 2863 493 3145
4 1808 2863 1858 3145
4 2266 2545 2618 2986
4 1225 952 1307 2986
4 593 3239 592 3351
4 1908 1907 3239 3351
4 748 1498 3007 3203
4 698 3122 696 3123
4 1250 1647 154 515
4 2770 1833 281 1625
4 1194 3095 1186 3104
4 2504 3095 2512 3104
4 2127 2881 2143 3328
4 2417 2805 3194 3226
4 1094 3194 1490 3226
4 1886 1884 1885 3296
4 2569 1577 294 1605
4 713 714 2940 3165
4 703 700 1474 3303
4 2127 3169 2881 3328
4 2464 339 1663 1733
4 2312 2310 2313 3146
4 995 997 998 3146
4 1369 885 1200 3022
4 2200 2684 2516 3022
4 2029 2028 2940 3165
4 1102 1664 128 524
4 1361 1173 1384 3012
4 2699 2488 2676 3012
4 494 12 1452 1585
4 1650 1456 462 3300
4 3189 3197 2122 3374
4 2225 3136 3031 3344
4 910 3031 3136 3344
4 1617 310 2549 1573
4 3225 3324 789 3373
4 1336 1091 1340 2981
4 2651 2656 2414 2981
4 1182 2999 1180 3276
4 2625 1819 2270 2984
4 504 1291 956 2984
4 385 1837 1717 3343
4 1798 392 1714 3341
4 2874 3038 2189 3299
4 868 2877 3228 3283
4 1738 1669 397 2274
4 1669 1739 396 1804
4 882 794 1292 2958
4 2605 2109 2197 2958
4 2844 3237 3135 3263
4 2394 2393 2759 3013
4 1069 1070 1444 3013
4 740 3065 743 3251
4 2055 2058 3065 3251
4 1848 2801 2706 2852
4 1486 533 1391 2852
4 2340 2622 1834 2983
4 1306 1025 519 2983
4 1560 1621 1178 3158
4 795 821 772 2972
4 2110 2087 2136 2972
4 844 845 791 3008
4 2106 2160 2159 3008
4 1722 1689 414 2558
4 2028 2025 3150 3165
4 2248 2250 3062 3245
4 934 3062 936 3245
4 2771 1850 1648 3300
4 1270 764 2942 3265
4 1765 243 1548 2578
4 1339 1490 765 3226
4 2805 2654 2080 3226
4 2264 2070 2726 3307
4 950 1411 755 3307
4 219 492 1748 1751
4 1047 1050 1278 3015
4 2377 2374 2593 3015
4 2219 3071 2206 3238
4 891 3071 904 3238
4 2095 2074 2076 3176
4 780 761 759 3176
4 1162 1051 1422 3325
4 2477 2737 2378 3325
4 554 2873 2871 3088
4 284 1797 2487 1589
4 2476 2926 2102 3304
4 1162 3294 1051 3325
4 2477 2378 3294 3325
4 664 3154 662 3174
4 2836 2095 3024 3176
4 1521 3024 780 3176
4 2673 3281 2504 3362
4 923 3096 922 3138
4 2606 2006 2103 3295
4 2275 3199 2276 3316
4 1793 3050 1577 3348
4 2747 2388 2366 3093
4 1432 1042 1064 3093
4 2617 2950 2323 3320
4 1008 2950 1304 3320
4 1680 1234 209 1709
4 980 1366 3051 3319
4 2295 3051 2681 3319
4 2546 2552 1824 2969
4 1226 509 1234 2969
4 982 3134 831 3147
4 2297 2146 3134 3147
4 2380 3048 2379 3082
4 1052 3048 1053 3082
4 2506 2507 2509 3030
4 1188 1191 1189 3030
4 1822 2642 2346 2976
4 1031 1327 507 2976
4 1217 3160 1383 3188
4 2698 3160 2537 3188
4 2472 3010 2779 3114
4 1464 3010 1157 3114
4 2251 2253 2624 3037
4 2011 3122 2013 3123
4 968 3025 970 3303
4 1151 1152 1150 3080
4 2696 1971 2701 3041
4 1381 1386 656 3041
4 2620 2282 2284 3025
4 2694 1634 2820 3149
4 1923 2685 2833 3188
4 608 1518 1370 3188
4 113 1638 537 542
4 1943 1940 2608 2877
4 2498 2674 2191 3000
4 1197 876 1359 3000
4 1321 1284 817 3002
4 2598 2635 2132 3002
4 2372 2371 2098 2973
4 1045 783 1044 2973
4 470 1315 1336 2981
4 2630 1785 2651 2981
4 1271 1539 1615 3280
4 1906 1904 3028 3347
4 589 591 3028 3347
4 45 1461 456 1531
4 2840 3016 2700 3024
4 1525 1385 3016 3024
4 2637 2337 2345 3005
4 1022 1320 1030 3005
4 2409 2408 2992 3266
4 1086 2992 1085 3266
4 1019 3279 3116 3352
4 1719 1682 1786 421
4 1367 979 1366 3004
4 2682 2681 2294 3004
4 2357 1596 299 1805
4 581 2987 583 3360
4 653 3064 655 3242
4 711 710 3066 3191
4 2026 3066 2025 3191
4 584 1347 1213 3084
4 1899 2531 2662 3084
4 402 1691 1723 1794
4 2674 2990 2195 3234
4 2157 3092 1846 3224
4 531 3092 842 3224
4 2132 1915 1913 2893
4 600 817 598 2893
4 1577 1255 1605 3348
4 1333 1651 162 1000
4 1270 816 764 3265
4 448 126 1667 1154
4 1083 468 1398 3038
4 2713 1783 2406 3038
4 1338 1343 1095 3056
4 2658 2653 2418 3056
4 707 708 706 2859
4 2021 2023 2022 2859
4 1549 3288 2574 3327
4 2310 3146 2309 3340
4 1044 783 1043 3048
4 2371 2370 2098 3048
4 697 795 772 2995
4 2087 2110 2012 2995
4 1352 1339 3162 3260
4 1602 1785 313 1568
4 3029 3146 1528 3292
4 2843 3146 3029 3292
4 1183 3041 896 3177
4 2502 2211 3041 3177
4 1159 648 787 3035
4 995 2989 1327 3340
4 1619 1453 1563 3238
4 373 1777 2771 1650
4 2237 2236 3096 3138
4 1163 3136 793 3344
4 2108 3136 2479 3344
4 797 825 776 2982
4 2140 2112 2091 2982
4 2177 3089 2730 3322
4 1415 3089 862 3322
4 305 1575 1609 2933
4 381 2440 1735 1666
4 1930 2913 1929 3232
4 2642 1822 2440 2989
4 1327 1115 507 2989
4 2204 2686 2684 3120
4 1371 889 1369 3120
4 1549 1259 527 3288
4 1445 1015 1017 3302
4 918 919 921 3096
4 770 819 792 2997
4 2417 2418 2805 3226
4 1094 1490 1095 3226
4 1368 2991 1112 3281
4 1163 837 3031 3344
4 2479 3031 2152 3344
4 2225 2772 3031 3136
4 910 3031 1457 3136
4 1371 1369 701 3022
4 2686 2016 2684 3022
4 831 1238 804 3323
4 334 1854 2568 3308
4 1778 1536 264 2748
4 2397 3013 2759 3363
4 1648 3087 535 3300
4 658 2985 657 3242
4 2025 3066 2023 3150
4 927 925 1311 3034
4 2623 2239 2241 3034
4 1253 539 118 3308
4 722 720 723 3047
4 2035 2037 2038 3047
4 688 687 1295 3055
4 2002 2003 2606 3055
4 2640 2961 2129 3193
4 1006 1003 1290 3036
4 2318 2321 2604 3036
4 1299 644 2881 3346
4 1959 2615 2881 3346
4 523 1098 1097 2947
4 2421 1838 2420 2947
4 727 3081 728 3155
4 2042 2043 3081 3155
4 1324 814 2961 3193
4 820 1324 2961 3254
4 688 686 687 3046
4 2001 2003 2002 3046
4 653 654 3064 3205
4 1968 3064 1969 3205
4 1533 1601 1249 3128
4 2285 2287 2286 3211
4 972 970 971 3211
4 1960 1959 2127 2881
4 645 812 644 2881
4 2793 1811 1564 3349
4 450 3086 1530 3280
4 2845 3086 1765 3280
4 1894 3223 1892 3243
4 1444 3013 1073 3363
4 969 967 1308 3025
4 1727 1650 2771 3300
4 2085 2107 2134 2997
4 328 1635 1808 3145
4 1667 342 2469 1734
4 1529 3135 3237 3263
4 2088 2111 2137 3071
4 796 773 822 3071
4 208 1234 1676 1709
4 663 3107 664 3174
4 815 2877 3193 3228
4 2130 3193 2877 3228
4 2492 2106 2028 3008
4 791 1179 713 3008
4 887 459 3181 3333
4 880 2990 1359 3234
4 773 2872 822 3071
4 159 1648 1693 1274
4 571 1114 574 3026
4 1171 1149 1150 2977
4 2464 2485 2465 2977
4 2194 2193 2195 3234
4 881 905 3032 3236
4 2196 3032 2220 3236
4 1096 449 19 3042
4 242 2586 1765 1539
4 1222 3170 3103 3285
4 2746 3106 3228 3283
4 1639 1379 1634 3369
4 1886 1889 2548 3026
4 527 1594 1549 3288
4 1358 1186 3281 3362
4 2111 2088 1863 2872
4 814 815 2877 3193
4 2129 2877 2130 3193
4 588 3099 589 3347
4 1428 3083 1196 3274
4 406 1806 1708 2682
4 3263 3294 2476 3304
4 1047 1278 1045 2998
4 2593 2374 2372 2998
4 590 785 1355 3190
4 577 3223 579 3243
4 1309 939 937 3037
4 704 1502 2859 3215
4 542 493 112 3145
4 2799 3061 2262 3240
4 948 3061 1484 3240
4 2159 2160 2774 3290
4 778 589 3099 3347
4 1519 1276 1406 3356
4 2834 2721 2591 3356
4 2166 3017 2838 3358
4 676 3052 678 3331
4 1837 386 1717 2561
4 1200 885 795 2995
4 2200 2516 2110 2995
4 480 1576 75 1588
4 1139 1352 1487 3162
4 2667 2454 2802 3162
4 1191 3175 1192 3359
4 2510 3175 2509 3359
4 619 2890 622 3256
4 2151 2156 2763 3092
4 841 836 1448 3092
4 900 3133 3258 3350
4 1151 1513 2996 3178
4 2466 2996 2828 3178
4 1386 896 1183 3041
4 2701 2502 2211 3041
4 2693 432 1752 2600
4 2546 1824 2266 2986
4 509 1226 952 2986
4 597 596 768 3131
4 1911 1912 2083 3131
4 1349 2980 1107 3173
4 2432 2980 2664 3173
4 2609 2978 3070 3319
4 1303 3070 2978 3319
4 710 712 3165 3191
4 2027 2025 3165 3191
4 828 2881 812 3328
4 2409 3266 3115 3299
4 1086 3115 3266 3299
4 1875 3262 1874 3291
4 1718 358 2581 1661
4 705 1182 1407 3057
4 2495 2020 2722 3057
4 1903 1904 3099 3347
4 2277 2678 2275 3199
4 615 614 2913 3232
4 1797 3127 1589 3370
4 2282 2281 2283 3025
4 588 778 589 3099
4 2365 2718 2565 3312
4 1091 1336 1087 2992
4 2410 2651 2414 2992
4 2245 3297 2974 3339
4 1161 1167 1237 3294
4 2483 2476 2553 3294
4 733 732 734 2855
4 2047 2048 2049 2855
4 1574 286 1835 1590
4 824 982 860 3134
4 2139 2175 2297 3134
4 391 1714 2603 1798
4 2093 3099 1904 3347
4 2232 2235 2233 3096
4 2534 1816 296 1598
4 1596 1561 490 3361
4 1832 1711 1677 427
4 910 1163 3031 3344
4 2225 3031 2479 3344
4 317 2406 1783 1566
4 2499 1879 1880 3059
4 1235 565 564 3059
4 582 3223 581 3360
4 1474 966 968 3303
4 2257 3001 2258 3253
4 2820 1565 1855 3149
4 2792 3204 2307 3275
4 1477 992 3204 3275
4 672 674 673 2856
4 1988 1989 1987 2856
4 1926 1925 1924 2860
4 2373 2998 2375 3229
4 1048 2998 1046 3229
4 2135 2961 2640 3254
4 25 1271 525 1612
4 1485 798 1356 3103
4 2671 2113 2800 3103
4 1075 606 1337 3094
4 2399 2652 1921 3094
4 1461 45 1579 1531
4 964 961 1269 2994
4 1086 1514 3115 3299
4 2409 3115 2829 3299
4 1478 1618 496 3349
4 2780 3047 2039 3155
4 724 3047 1465 3155
4 230 2353 1759 1546
4 2161 3255 2761 3324
4 1446 3255 846 3324
4 3144 3297 932 3371
4 1884 1882 1885 3076
4 2542 3103 3170 3285
4 1256 1276 2947 3364
4 1318 1282 788 3337
4 1764 2425 343 1667
4 2093 1903 1904 3099
4 372 2758 1777 1650
4 1406 3079 1211 3356
4 2528 3079 2721 3356
4 3003 3112 1470 3280
4 2785 3112 3003 3280
4 2276 2279 2587 2994
4 2349 2730 2177 3089
4 862 1415 1120 3089
4 844 791 824 2908
4 2139 2106 2159 2908
4 1721 1102 1667 3286
4 3096 3138 2236 3310
4 1264 135 1655 451
4 757 1125 1230 3207
4 1748 2299 435 1751
4 2318 2319 3036 3284
4 1003 3036 1004 3284
4 721 2922 805 3323
4 960 3199 2943 3316
4 716 3118 717 3184
4 2514 1976 2743 3274
4 2758 1830 2379 3082
4 1443 1052 515 3082
4 661 657 659 2985
4 1976 1974 1972 2985
4 1270 619 622 3256
4 2131 2629 2585 3256
4 1431 868 3228 3283
4 1079 602 1175 2968
4 2403 2501 1917 2968
4 614 613 611 3232
4 1464 1156 3010 3117
4 2779 3010 2471 3117
4 2458 2460 2459 3182
4 465 160 1693 1274
4 2881 3169 812 3328
4 2131 3098 2629 3256
4 2297 1767 2723 3327
4 888 889 2848 3120
4 2203 2848 2204 3120
4 1905 1904 3190 3347
4 1256 1547 22 3364
4 1809 227 2567 1545
4 462 3229 1650 3300
4 1211 3079 3330 3356
4 3079 2528 3330 3356
4 560 559 3262 3291
4 1107 1106 1108 3270
4 836 841 837 3031
4 2156 2151 2152 3031
4 2032 3118 2031 3184
4 2252 2251 2250 3037
4 2665 1992 2683 2991
4 377 1780 2648 1649
4 893 892 891 3238
4 2208 2206 2207 3238
4 334 1657 1696 3308
4 1451 1589 482 3370
4 2827 3262 3023 3332
4 967 968 966 3025
4 1606 231 1553 1759
4 2818 1749 2369 3075
4 2877 2183 3228 3283
4 1163 837 910 3031
4 2479 2225 2152 3031
4 1157 1155 811 3010
4 2126 2470 2472 3010
4 1841 2731 349 1652
4 482 1589 3127 3370
4 963 782 1363 3199
4 569 570 567 3076
4 1747 217 1283 1753
4 865 807 3189 3374
4 2034 2033 2031 3019
4 719 716 718 3019
4 2504 2673 2503 3281
4 1318 788 3192 3337
4 2671 2838 3017 3039
4 1356 3017 1523 3039
4 838 815 3193 3228
4 2153 3193 2130 3228
4 1267 3363 1073 3366
4 585 586 583 2987
4 1901 1900 1898 2987
4 1170 482 68 1589
4 1653 1705 140 1382
4 2813 3007 2066 3195
4 751 3007 1498 3195
4 703 3215 700 3303
4 847 848 852 3126
4 2162 2167 2163 3126
4 134 1655 451 1416
4 2352 3186 2351 3200
4 2123 2342 2438 3109
4 725 722 724 3047
4 2037 2040 2039 3047
4 2734 356 2697 1705
4 796 2872 773 3071
4 2595 2517 2423 3248
4 1279 464 1616 3175
4 2648 378 1731 1651
4 1408 982 831 3147
4 2297 2723 2146 3147
4 189 1367 502 3004
4 1284 3002 779 3351
4 2094 3002 2598 3351
4 1027 821 907 2972
4 2222 2136 2342 2972
4 1562 99 1600 1315
4 2615 2145 2128 3230
4 830 1299 813 3230
4 3010 3117 2779 3308
4 1464 3117 3010 3308
4 551 2871 554 2873
4 2311 2733 3205 3292
4 996 3205 1418 3292
4 2019 2859 2817 3215
4 1823 316 1597 2406
4 1441 1659 130 447
4 1521 1411 3153 3176
4 2836 3153 2726 3176
4 1474 3124 966 3303
4 655 658 657 3242
4 2811 3052 2328 3261
4 1496 1013 3052 3261
4 2622 2329 2339 3011
4 1306 1024 1014 3011
4 759 758 756 2970
4 2074 2071 2073 2970
4 979 491 1389 3027
4 1806 2294 2704 3027
4 1289 1125 757 2912
4 2072 2354 2610 2912
4 2081 2370 2364 3163
4 1850 3087 1648 3300
4 825 1334 1325 2982
4 2649 2140 2639 2982
4 2822 2097 3053 3214
4 1507 3053 782 3214
4 1029 521 178 1741
4 1240 512 17 1607
4 2148 3109 2124 3110
4 1231 1617 95 505
4 2059 2062 3152 3203
4 2367 1642 1636 3208
4 862 1119 1118 2895
4 2347 2348 2177 2895
4 1683 522 170 1717
4 175 483 1681 1714
4 1194 1440 1193 3104
4 2511 2755 2512 3104
4 2573 1844 363 1656
4 1226 1036 951 2969
4 2546 2265 2360 2969
4 2242 2241 2240 3034
4 927 928 926 3034
4 1314 2954 850 3098
4 2629 2165 2954 3098
4 449 1240 18 1608
4 167 486 985 1736
4 2174 2734 2697 3137
4 1419 859 1382 3137
4 1570 284 2487 1589
4 2649 2982 2639 3328
4 2665 1992 2991 3331
4 2159 2774 3161 3290
4 2108 3131 3136 3344
4 793 3136 3131 3344
4 2322 2321 2320 3036
4 1007 1005 1006 3036
4 2660 2644 2165 3283
4 1905 3028 1904 3347
4 589 3028 590 3347
4 1402 482 1170 3127
4 2487 1797 2717 3127
4 705 704 706 2859
4 2021 2019 2020 2859
4 477 917 193 1740
4 196 1228 500 1725
4 1298 1312 892 3006
4 2626 2614 2207 3006
4 2509 3030 2507 3359
4 1189 3030 1191 3359
4 1609 88 499 1332
4 942 940 941 3001
4 2255 2254 2256 3001
4 1924 1926 2860 3334
4 2718 1830 2565 3082
4 515 1403 1250 3082
4 1122 3186 1123 3200
4 136 1707 531 1264
4 504 1243 199 1722
4 1245 498 185 1723
4 1135 1136 1137 3309
4 2450 2452 2451 3309
4 32 1447 1582 1257
4 1445 1017 3116 3302
4 319 2788 1831 1563
4 2283 2285 3025 3303
4 809 3109 833 3110
4 752 750 751 3007
4 2066 2065 2067 3007
4 1665 2819 2692 3208
4 282 1833 2766 3370
4 772 695 697 3122
4 1772 2565 369 1724
4 2275 2943 3199 3316
4 859 803 858 3137
4 2118 2174 2173 3137
4 2108 2479 3131 3344
4 1163 793 3131 3344
4 1287 3072 1494 3298
4 2599 2809 3072 3298
4 503 1603 92 1173
4 834 3110 3128 3367
4 2149 3128 3110 3367
4 1178 82 1596 1621
4 1379 1323 894 3369
4 2694 2209 2638 3369
4 2117 2179 2178 3244
4 864 802 863 3244
4 1108 3168 3173 3270
4 2147 3010 2470 3225
4 2401 1847 3043 3085
4 532 1077 3043 3085
4 2636 2702 3113 3233
4 1387 1322 3113 3233
4 2361 1675 1740 408
4 2009 2007 2010 2939
4 695 692 694 2939
4 1451 1567 1589 3370
4 936 937 938 3037
4 1159 3035 787 3304
4 2188 2189 2874 3038
4 2338 2333 2335 2858
4 1020 1018 1023 2858
4 2060 2057 3021 3251
4 745 3021 742 3251
4 1693 1649 160 465
4 1976 3083 2743 3274
4 1362 1347 584 2990
4 2662 2677 1899 2990
4 1906 1904 1905 3028
4 589 591 590 3028
4 2371 2373 2379 3229
4 1052 1046 1044 3229
4 1989 1992 1991 2966
4 674 676 677 2966
4 1736 486 2865 3343
4 1082 1027 808 3109
4 2471 2470 2147 3010
4 3112 3249 1438 3330
4 2753 3249 3112 3330
4 292 2592 1812 3202
4 1171 1153 1426 3033
4 2741 2468 2485 3033
4 2592 3039 2543 3202
4 1223 3039 1277 3202
4 2332 3302 3116 3352
4 1019 3116 1017 3352
4 2968 3273 2402 3305
4 1109 3168 514 3372
4 1529 3263 3237 3304
4 2338 2335 2637 2916
4 1023 1320 1020 2916
4 860 3134 982 3269
4 2297 3134 2175 3269
4 1276 1098 1256 2947
4 1732 2904 2551 3342
4 1741 2916 521 3341
4 1612 25 1271 1539
4 916 913 1365 3220
4 907 1399 833 3110
4 2222 2148 2714 3110
4 1102 524 1405 3166
4 1839 2425 2720 3166
4 1625 3236 1833 3370
4 2135 2109 2086 3032
4 820 771 794 3032
4 1368 1185 677 2966
4 2683 1992 2503 2966
4 454 1661 142 1266
4 1054 1636 1504 3208
4 3237 3263 2844 3304
4 118 539 1696 3308
4 803 3136 858 3137
4 2118 2173 3136 3137
4 850 1314 1330 2954
4 2165 2644 2629 2954
4 1055 3114 537 3208
4 2368 1852 3114 3208
4 686 685 684 3046
4 2001 1999 2000 3046
4 1139 1384 1352 3260
4 589 590 3190 3347
4 915 912 2945 3277
4 2229 2945 2226 3277
4 1999 3046 2765 3172
4 1450 3046 684 3172
4 1078 3273 2968 3305
4 1247 1426 1248 3332
4 375 1850 2590 1648
4 1284 779 593 3351
4 2094 2598 1908 3351
4 1852 329 1857 1638
4 1324 908 838 3193
4 2750 3125 2452 3309
4 1137 3125 1435 3309
4 2732 2834 2424 2854
4 1417 1101 1519 2854
4 672 673 670 3179
4 1064 3139 1066 3335
4 2388 2390 3139 3335
4 1810 3117 2761 3255
4 1446 3117 495 3255
4 2325 2326 2327 3261
4 1010 1012 1011 3261
4 1325 2982 1334 3328
4 573 575 1435 3125
4 1890 1888 2750 3125
4 939 941 940 2857
4 2253 2254 2255 2857
4 836 837 778 2923
4 2152 2151 2093 2923
4 22 1595 446 3364
4 963 965 782 3157
4 2278 2097 2280 3157
4 1932 1931 2079 2942
4 617 764 616 2942
4 1905 3190 3028 3347
4 2433 3173 3168 3270
4 1261 1662 149 461
4 2114 2113 2671 3017
4 799 1356 798 3017
4 1787 3012 2699 3260
4 1020 1320 1022 3140
4 1207 1470 3003 3112
4 2785 2524 3003 3112
4 1734 125 513 1154
4 679 3052 1013 3302
4 1383 872 1301 3020
4 2607 2187 2698 3020
4 1635 2863 1808 3145
4 922 3138 3096 3310
4 1242 1604 91 503
4 911 819 1229 2997
4 1316 2860 610 3313
4 2266 2263 2546 3018
4 952 1226 949 3018
4 1433 1526 1110 2850
4 1115 164 1666 467
4 970 1502 703 3303
4 679 680 678 3209
4 2044 2526 2045 2949
4 730 1209 729 2949
4 2550 1787 2699 3260
4 1528 3029 997 3146
4 2843 2312 3029 3146
4 2506 2511 2512 3030
4 1188 1194 1193 3030
4 227 1586 2567 1545
4 2071 2072 2073 2912
4 758 757 756 2912
4 733 730 732 3185
4 2236 3138 2238 3310
4 1512 3023 560 3262
4 1875 3023 2827 3262
4 1282 1281 2920 3337
4 615 617 616 2925
4 1930 1931 1932 2925
4 1488 3179 671 3219
4 1224 188 502 1674
4 1831 2768 320 1563
4 2000 1997 2554 2959
4 682 685 1239 2959
4 611 610 2860 3334
4 2104 2910 1867 3373
4 1277 76 497 3202
4 2272 2439 2134 2997
4 532 143 1718 1266
4 1254 2906 1311 3310
4 2505 1985 1984 2955
4 669 670 1187 2955
4 2881 3230 813 3346
4 2128 3230 2881 3346
4 536 1750 1754 2851
4 2108 3131 2118 3136
4 803 3131 793 3136
4 1192 3175 1279 3268
4 2594 3175 2510 3268
4 1016 1017 2993 3352
4 2167 3033 1760 3126
4 852 445 3033 3126
4 1150 513 1151 2977
4 1828 2465 2466 2977
4 1153 1426 3033 3332
4 2431 2430 2432 3097
4 2126 2472 2650 3114
4 1157 811 1335 3114
4 2150 2429 2430 3097
4 2284 3025 2285 3321
4 2244 2242 3221 3339
4 1016 1017 1015 2993
4 449 1280 1148 3042
4 2463 2595 1763 3042
4 93 472 1173 3012
4 906 524 1441 3166
4 2221 2756 1839 3166
4 486 1736 168 3343
4 2012 2010 2087 3122
4 1562 1597 100 1083
4 1206 1208 1207 3003
4 2523 2524 2525 3003
4 1821 2914 1673 3342
4 1940 3353 1939 3357
4 1840 241 1612 1539
4 2040 2522 2041 2936
4 1205 725 726 2936
4 2131 2114 2164 3265
4 1875 3023 3262 3291
4 2202 3180 2201 3181
4 886 3180 887 3181
4 2381 2382 2486 2883
4 1058 1057 1169 2883
4 1316 610 1071 3313
4 1844 2573 2715 3151
4 529 1400 1258 3151
4 2406 317 1597 1566
4 2309 3064 2792 3275
4 1477 3064 994 3275
4 3028 3190 590 3347
4 1924 1925 1922 3073
4 610 609 607 3073
4 334 1696 1854 3308
4 1823 1597 316 1562
4 1721 1664 128 1102
4 1377 1743 1665 3208
4 1741 521 177 3341
4 816 3098 849 3265
4 953 1307 945 2971
4 220 1750 492 1751
4 110 1637 1168 1633
4 535 1456 1727 3300
4 2415 2416 2417 3156
4 1093 1092 1094 3156
4 624 3353 623 3357
4 2433 2431 2432 3270
4 747 744 3152 3203
4 710 713 1179 3150
4 1940 2879 3353 3357
4 888 1510 1401 2848
4 2825 2203 2716 2848
4 1606 1124 14 1546
4 1576 2592 291 1588
4 2615 2641 2145 3077
4 1198 1147 1145 3182
4 1346 920 918 2965
4 2234 2661 2232 2965
4 830 1326 1299 3077
4 1083 100 1562 508
4 2345 2633 2596 3337
4 2044 2041 2522 3282
4 1339 1232 1338 2956
4 2654 2653 2550 2956
4 2654 2667 3162 3260
4 1260 3210 841 3315
4 2156 3210 2575 3315
4 1355 3141 1140 3212
4 2455 3141 2670 3212
4 1724 1647 154 1250
4 910 793 1163 3136
4 2108 2225 2479 3136
4 585 587 586 2957
4 1902 1900 1901 2957
4 623 3353 2879 3357
4 2637 2335 2337 3140
4 852 1426 1247 3033
4 2562 2741 2167 3033
4 1567 2766 1797 3370
4 2280 3124 2281 3157
4 966 3124 965 3157
4 2468 3033 2741 3332
4 584 583 581 2987
4 1899 1896 1898 2987
4 2296 2951 2620 3321
4 1254 1311 925 3310
4 2590 1780 376 1649
4 1106 1107 1105 3097
4 909 1750 221 536
4 1104 835 1105 3097
4 565 566 563 3059
4 1880 1878 1881 3059
4 2640 3193 2153 3254
4 1548 450 1615 3280
4 3004 3051 1366 3319
4 2681 3051 3004 3319
4 2345 3005 2633 3337
4 2803 1986 3179 3219
4 2307 2792 1973 3204
4 992 658 1477 3204
4 1993 1995 1994 3209
4 777 3264 3045 3338
4 2092 3045 3264 3338
4 365 2576 1776 1702
4 1420 3273 1078 3305
4 2072 2530 2354 3207
4 1792 2473 410 2884
4 1705 356 2697 1653
4 1856 2298 1713 429
4 2402 3273 2735 3305
4 485 1246 171 2897
4 2516 2013 2012 2995
4 697 698 1200 2995
4 560 3262 3023 3291
4 1535 1616 464 3175
4 656 657 1381 3242
4 1489 3185 731 3221
4 1244 42 1533 1592
4 2793 1564 1618 3349
4 1994 1995 2760 3302
4 972 971 973 3070
4 2286 2287 2288 3070
4 2441 1813 400 2935
4 2224 1750 436 1751
4 1825 1637 326 1633
4 2554 1997 1996 2980
4 1239 681 682 2980
4 1633 2963 510 3369
4 1187 1194 1188 2955
4 2512 2505 2506 2955
4 1733 123 1663 1149
4 303 2442 1814 2918
4 1281 962 1282 2920
4 491 1367 190 1737
4 650 649 651 2979
4 1964 1965 1966 2979
4 2810 2669 2461 3267
4 1146 1354 1495 3267
4 1209 1208 1206 2949
4 2525 2526 2523 2949
4 2313 2314 2312 3029
4 998 997 999 3029
4 276 2764 1802 1571
4 299 1596 2357 1561
4 541 983 213 1679
4 651 3205 653 3259
4 2596 2277 2920 3337
4 2587 2935 2441 3316
4 1116 2935 1269 3316
4 1460 1088 558 3090
4 1873 2411 2775 3090
4 2722 2495 3057 3276
4 2628 2245 2270 2974
4 931 1313 956 2974
4 68 1570 1170 1589
4 1661 1718 142 1266
4 2754 2252 2250 3245
4 938 1439 936 3245
4 26 450 1271 1615
4 960 2943 481 3316
4 2275 1796 2943 3316
4 861 856 857 3241
4 2172 2171 2176 3241
4 2280 3123 2014 3124
4 965 699 3123 3124
4 432 1747 1752 2600
4 2678 2097 2278 3199
4 2695 2195 2662 2990
4 880 1380 1347 2990
4 1738 959 181 1669
4 1669 489 180 1739
4 2287 2022 2791 3211
4 972 1476 707 3211
4 1882 1881 2619 3076
4 89 1609 1575 1332
4 1674 3004 502 3319
4 945 953 2971 3253
4 1243 198 1722 1689
4 1984 1981 2507 3063
4 669 1189 666 3063
4 2378 2377 2553 2948
4 1051 1237 1050 2948
4 112 493 1635 3145
4 111 493 1168 2863
4 2736 2145 3077 3230
4 1421 3077 830 3230
4 2231 1740 1692 409
4 2401 2781 1847 3085
4 532 1466 1077 3085
4 1671 1725 2547 412
4 693 694 692 3214
4 2008 2007 2009 3214
4 1288 519 174 2983
4 2555 2117 2115 2892
4 802 1241 800 2892
4 2305 3068 2308 3275
4 993 3068 990 3275
4 2355 2352 2354 3200
4 721 1201 805 2922
4 2036 2120 2518 2922
4 2609 2544 2978 3319
4 1303 2978 1224 3319
4 2340 2327 2622 3011
4 1025 1306 1012 3011
4 2246 3297 3144 3371
4 1753 1747 433 2600
4 1987 1985 1988 3179
4 1560 1816 297 1621
4 1723 1670 401 2560
4 685 682 684 3172
4 2000 1999 1997 3172
4 1799 3159 2646 3201
4 1331 3159 484 3201
4 2580 1628 250 1770
4 2054 2248 3040 3245
4 934 739 3040 3245
4 2705 2474 3035 3237
4 1159 1390 3035 3237
4 794 882 881 3032
4 2196 2197 2109 3032
4 2362 2081 2363 2875
4 766 1038 1039 2875
4 2362 2363 2405 2878
4 1039 1038 1081 2878
4 2562 2167 2162 3216
4 852 1247 847 3216
4 513 1154 1151 3178
4 2469 1828 2466 3178
4 76 1556 497 3202
4 808 809 689 2902
4 2123 2004 2124 2902
4 1087 1085 1086 2992
4 2410 2409 2408 2992
4 1233 1732 203 3342
4 1466 3085 532 3366
4 2683 2966 2503 3281
4 2716 1541 252 1845
4 782 1507 1363 3053
4 2822 2097 2678 3053
4 2416 2656 2658 3056
4 1093 1343 1340 3056
4 2094 2702 2635 3002
4 779 1321 1387 3002
4 2641 2197 2646 3318
4 1326 1331 882 3318
4 1649 376 2590 1693
4 1648 2590 375 1693
4 855 856 854 2882
4 2170 2169 2171 2882
4 2015 2018 2789 3303
4 2629 3256 2954 3353
4 566 567 1300 3076
4 1255 3009 1605 3348
4 1760 338 2724 1663
4 1847 3085 2781 3366
4 2607 1919 1916 3020
4 601 604 1301 3020
4 1550 460 1469 3252
4 2202 3181 1774 3333
4 477 194 1158 2884
4 2754 3065 2252 3245
4 938 3065 1439 3245
4 2691 1853 225 1544
4 2518 2185 2519 3102
4 1812 2541 2539 3009
4 1221 497 1219 3009
4 923 921 922 3096
4 1432 1064 1066 3335
4 2388 2747 2390 3335
4 2746 3228 2183 3283
4 664 663 1471 3107
4 1978 1979 2786 3107
4 2045 2048 2047 3185
4 1182 1407 3057 3276
4 1032 3277 1527 3361
4 2357 2842 3277 3361
4 184 498 1116 2935
4 2582 3096 2236 3310
4 3013 3246 2759 3363
4 1872 1871 3164 3262
4 557 3164 556 3262
4 665 1190 1196 3154
4 2514 2508 1980 3154
4 919 1254 922 3096
4 169 522 1251 1684
4 1444 3246 3013 3363
4 1660 136 1707 531
4 2477 3294 3263 3325
4 2246 2247 3297 3371
4 489 1029 179 2889
4 3116 3279 2334 3352
4 483 176 1317 1685
4 2303 2306 2490 3198
4 1176 991 988 3198
4 499 1127 87 2918
4 2426 277 1571 1627
4 1224 479 187 2978
4 834 3110 1244 3128
4 2559 3110 2149 3128
4 856 3241 861 3322
4 2171 2176 3241 3322
4 2046 3185 2804 3221
4 2557 1558 307 1604
4 96 1164 505 2915
4 1573 1617 94 472
4 1449 496 59 1620
4 2244 2243 2242 3339
4 415 1672 1722 2558
4 1827 233 1607 1554
4 1736 1678 383 1801
4 394 1688 1741 1836
4 2629 1937 3256 3353
4 419 1673 1732 2551
4 387 2561 1800 2897
4 523 1096 20 1551
4 487 1103 1412 3130
4 2727 2426 1802 3130
4 1106 3097 1429 3270
4 506 204 1165 2914
4 2630 2651 2408 2992
4 1336 1315 1085 2992
4 2384 2391 2584 2913
4 1060 1268 1067 2913
4 792 876 1197 3293
4 728 3185 730 3282
4 2288 2287 2289 3206
4 973 974 972 3206
4 3268 3274 1190 3359
4 2266 2618 2261 3018
4 952 947 1307 3018
4 1057 769 1059 3196
4 493 2863 1635 3145
4 1846 352 2579 1707
4 1549 1259 3288 3327
4 1763 1608 234 1554
4 2694 324 1634 2638
4 967 966 964 2994
4 327 2484 1808 2863
4 1687 201 1720 3355
4 2749 1795 290 1576
4 2117 2892 2555 3244
4 802 1241 2892 3244
4 2371 2372 2373 2998
4 1044 1046 1045 2998
4 1162 3263 3294 3325
4 2453 2676 2659 2988
4 1138 1344 1361 2988
4 1219 3009 1255 3348
4 2569 3009 2539 3348
4 2549 1559 311 1617
4 863 802 826 3247
4 1786 1682 1712 422
4 2015 3215 2018 3303
4 1520 879 1416 2849
4 2194 2835 2731 2849
4 2279 2281 2282 2994
4 166 985 507 2976
4 978 1501 777 3045
4 2816 2293 2092 3045
4 1765 1615 242 1539
4 1379 894 3149 3369
4 2694 3149 2209 3369
4 1472 1028 488 3306
4 1803 2343 2787 3306
4 1149 124 513 2977
4 237 1838 2570 2947
4 915 912 913 2945
4 2227 2226 2229 2945
4 1368 1111 1112 2991
4 2436 2683 2437 2991
4 783 632 1043 3163
4 2296 2620 2284 3321
4 1662 364 2576 1730
4 510 109 1633 3369
4 2417 2416 2418 3056
4 1093 1094 1095 3056
4 1673 2914 506 3342
4 1897 1896 1894 3223
4 1548 28 1263 1594
4 1148 3042 1280 3248
4 1785 1600 314 1568
4 1514 1357 1089 3115
4 2412 2672 2829 3115
4 1174 504 200 2984
4 1566 101 1083 468
4 2640 2153 2223 3254
4 1491 934 3040 3371
4 887 888 459 3333
4 668 3271 666 3287
4 1698 1659 130 1441
4 775 789 552 2910
4 2104 2090 1867 2910
4 2488 308 1558 1603
4 945 3195 944 3253
4 2603 390 1834 2983
4 1734 1667 126 1154
4 2814 1901 1898 3212
4 586 1499 583 3212
4 292 1812 1556 3202
4 1892 1895 2498 3000
4 577 1197 580 3000
4 501 3158 871 3222
4 1816 2186 3158 3222
4 21 1256 523 2947
4 2363 2365 3093 3312
4 2236 2235 2237 3096
4 1123 1126 1125 3200
4 1867 2910 2871 3373
4 879 880 878 3234
4 1662 1702 149 461
4 2718 2364 3082 3312
4 851 1523 3017 3358
4 182 481 959 2943
4 2084 2381 2383 3196
4 2638 324 1634 3369
4 85 476 912 2945
4 611 613 612 3334
4 2016 2017 2015 3326
4 700 702 701 3326
4 2384 3196 2383 3368
4 2024 2023 2021 2999
4 706 708 709 2999
4 1120 1119 862 3014
4 2348 2349 2177 3014
4 2233 2236 2582 3096
4 792 3069 876 3293
4 1797 1589 1567 3370
4 1747 1378 216 1752
4 1867 2871 1868 3373
4 1225 471 206 1682
4 856 2882 855 3241
4 2171 2170 2882 3241
4 1891 1889 1890 2953
4 575 574 576 2953
4 65 518 1455 1625
4 269 1616 1779 2594
4 2199 2200 2110 3180
4 795 885 884 3180
4 2443 2456 2445 2932
4 1141 1128 1130 2932
4 668 3179 670 3271
4 1988 1985 2505 3095
4 670 673 1187 3095
4 1398 3038 874 3299
4 2713 2189 3038 3299
4 1824 423 2545 2986
4 2538 2540 2679 3108
4 1220 1218 1364 3108
4 236 1551 2419 1591
4 574 575 573 3026
4 1889 1888 1890 3026
4 2744 3097 2431 3270
4 2153 2717 2223 3127
4 908 1402 838 3127
4 999 1001 1000 2962
4 2316 2314 2315 2962
4 2515 1867 1868 3373
4 509 1225 207 2986
4 2110 2136 2199 3054
4 884 821 795 3054
4 1890 1892 1891 3243
4 575 576 577 3243
4 2609 2295 2544 3319
4 980 1303 1224 3319
4 1645 1772 369 1724
4 1572 2770 281 1625
4 2346 2305 2301 3068
4 986 990 1031 3068
4 2331 2993 2330 3352
4 1668 2469 341 1734
4 581 582 579 3223
4 325 2638 1825 3369
4 1976 1972 2696 3083
4 1381 657 661 3083
4 1977 1974 1976 3174
4 1812 2541 3009 3202
4 1221 497 3009 3202
4 3002 3239 779 3351
4 2094 3239 3002 3351
4 1966 1965 1967 2924
4 650 651 652 2924
4 1905 1904 1902 3190
4 467 1000 163 2962
4 1771 1531 260 2564
4 129 1698 1441 524
4 1096 1097 1280 3042
4 2420 2419 2595 3042
4 1773 2573 362 3246
4 2871 2910 552 3373
4 2801 3258 2215 3350
4 2595 3042 2463 3248
4 2364 2380 2718 3082
4 2260 2261 2259 3240
4 946 945 947 3240
4 1368 1185 2966 3281
4 2641 2646 3077 3318
4 1254 922 3096 3310
4 1326 3077 1331 3318
4 462 1650 157 1456
4 2295 2290 2681 3051
4 980 1366 975 3051
4 899 896 1386 3133
4 2214 2701 2211 3133
4 448 1667 127 1102
4 1433 1536 48 463
4 1649 2648 377 1731
4 2045 2526 2048 3111
4 730 733 1209 3111
4 908 905 3127 3254
4 292 1588 2592 3202
4 470 1568 98 1315
4 1983 1981 3271 3287
4 1424 1192 1279 3268
4 2739 2594 2510 3268
4 807 3197 3189 3374
4 724 726 725 3155
4 2039 2040 2041 3155
4 1147 1166 1143 3182
4 2359 1784 2360 3016
4 1035 1036 469 3016
4 2587 2441 2276 3316
4 1116 1269 961 3316
4 1369 887 885 3120
4 2200 2202 2684 3120
4 735 3144 932 3371
4 2756 1762 346 1659
4 2014 3124 3123 3326
4 3123 3124 699 3326
4 1721 343 2425 1667
4 1279 1537 54 533
4 981 3070 971 3321
4 1440 1195 534 3104
4 2513 2755 1849 3104
4 611 609 610 3334
4 881 3236 3032 3318
4 2196 3032 3236 3318
4 753 754 1230 3207
4 362 1695 1773 3246
4 2483 2102 2476 2926
4 787 1167 1161 2926
4 1073 1074 1466 3085
4 2398 2397 2781 3085
4 1423 3264 777 3338
4 2738 2092 3264 3338
4 2275 2276 1796 3316
4 961 960 481 3316
4 2254 2778 2256 3152
4 940 942 1463 3152
4 870 1201 1202 3102
4 1553 444 15 1606
4 2429 3097 2150 3367
4 2705 2474 2096 3035
4 1390 781 1159 3035
4 2706 1593 271 1848
4 2305 2308 2307 3275
4 993 990 992 3275
4 1180 1182 709 2999
4 2493 2024 2495 2999
4 3062 3297 2247 3371
4 1736 1801 384 3343
4 1759 1606 230 1546
4 715 1423 777 3338
4 2738 2030 2092 3338
4 2776 1531 261 1771
4 2437 2673 2719 3362
4 2625 2247 2249 3062
4 1291 935 933 3062
4 1430 3129 1169 3368
4 370 2565 1830 1647
4 2301 2305 2303 3198
4 988 990 986 3198
4 2498 1891 1892 3293
4 2473 1699 410 2884
4 1223 3039 3202 3285
4 2425 1839 344 1664
4 171 1716 485 2897
4 2134 2107 2190 3069
4 792 819 875 3069
4 1440 3104 534 3314
4 1849 3104 2755 3314
4 2771 1648 1727 3300
4 2574 3288 3147 3327
4 2227 2230 2680 3220
4 1706 349 2731 1652
4 2596 2597 2277 3337
4 2844 3135 2712 3263
4 400 1700 2441 2935
4 1585 494 12 1545
4 1836 1741 393 3341
4 1674 1710 404 1817
4 905 3127 3254 3370
4 845 844 1459 3290
4 1035 1525 3016 3142
4 2359 3016 2840 3142
4 2163 2724 2703 3126
4 848 1388 1409 3126
4 1407 889 1371 3057
4 2722 2686 2204 3057
4 2442 303 1587 2918
4 814 815 628 2877
4 2129 1943 2130 2877
4 1512 3262 1248 3332
4 2543 3202 3039 3285
4 1261 148 1662 529
4 1968 3205 1966 3259
4 1592 460 1550 3252
4 2016 2013 2516 3022
4 698 701 1200 3022
4 2328 3052 1994 3302
4 2407 2409 2829 3299
4 1086 1084 1514 3299
4 1258 458 146 3246
4 2112 2140 2210 3060
4 797 895 825 3060
4 1068 1069 1062 3213
4 977 1366 979 3235
4 2292 2294 2681 3235
4 2354 2350 2610 3200
4 845 1180 1179 3008
4 2493 2160 2492 3008
4 1703 2440 380 1666
4 1430 1169 1059 3368
4 1472 3106 1028 3306
4 2343 3106 2787 3306
4 496 1618 1564 3349
4 1829 3168 2434 3372
4 2636 2635 2702 3233
4 1387 1321 1322 3233
4 519 1715 174 2983
4 2409 2407 3266 3299
4 1086 3266 1084 3299
4 2392 2386 2393 3213
4 2728 2186 2142 3158
4 871 1413 827 3158
4 2377 2378 2376 3015
4 1051 1050 1049 3015
4 131 1729 1458 447
4 2774 2494 1770 3290
4 2599 2033 2035 3019
4 718 1287 720 3019
4 702 704 705 3215
4 2161 2761 2147 3324
4 1446 846 832 3324
4 2465 2485 2468 3080
4 1104 835 3097 3367
4 2054 2754 3245 3317
4 739 3245 1439 3317
4 2627 2076 2101 2919
4 1297 786 761 2919
4 2566 384 1801 3343
4 1195 3104 1186 3362
4 2171 2882 2169 3250
4 2214 3231 1781 3350
4 2246 2245 3144 3297
4 931 932 3144 3297
4 1864 1863 2088 2872
4 2679 1927 1924 3334
4 2028 2025 2492 3150
4 1370 1217 1383 3188
4 2698 2537 2685 3188
4 1885 2619 2080 3076
4 2216 2696 2701 3133
4 901 1386 1381 3133
4 552 2910 789 3373
4 2648 1780 2712 3135
4 1333 1397 465 3135
4 1404 3183 1195 3362
4 1856 1713 1679 429
4 2127 2639 3169 3328
4 2514 1977 1976 3154
4 661 662 1196 3154
4 2721 3356 3079 3364
4 1836 393 2632 3341
4 925 926 924 3034
4 2240 2239 2238 3034
4 1366 502 3004 3319
4 2681 3004 1817 3319
4 2281 2789 2283 3303
4 673 1185 1186 3095
4 2503 1988 2504 3095
4 2619 3076 1881 3194
4 709 1179 1180 3150
4 2416 2414 2656 3156
4 1093 1340 1091 3156
4 886 528 884 3180
4 1843 2201 2199 3180
4 2296 2286 2609 3070
4 981 1303 971 3070
4 1350 2991 1368 3331
4 993 1327 3068 3340
4 2178 2141 2117 3247
4 2252 2254 2253 3037
4 1707 1846 352 1660
4 1299 2881 813 3346
4 2615 2128 2881 3346
4 1178 501 81 1560
4 1160 1161 3263 3304
4 2149 2150 2744 3128
4 834 1429 835 3128
4 245 1842 2574 1594
4 1252 494 1415 3089
4 2730 1809 2567 3089
4 282 1625 1833 3370
4 1258 146 1656 3246
4 2775 1877 1874 3291
4 1012 1014 1013 3011
4 2327 2328 2329 3011
4 497 1556 3009 3202
4 1277 1588 76 3202
4 2281 3124 2789 3303
4 1522 3220 785 3239
4 2581 1847 359 1718
4 572 3162 765 3296
4 518 3236 1625 3370
4 2508 3274 3268 3359
4 2642 2989 2313 3340
4 2155 2796 3171 3336
4 570 765 1300 3076
4 2180 2181 2122 3189
4 865 807 866 3189
4 2297 3269 1767 3327
4 844 3161 1459 3290
4 1211 3330 3249 3356
4 3249 3330 2528 3356
4 1723 186 1245 1691
4 2559 1592 258 1775
4 1682 1165 205 1719
4 2765 3055 2336 3279
4 1450 1021 3055 3279
4 2245 2270 2974 3297
4 956 931 2974 3297
4 2400 2403 2652 3094
4 1079 1076 1337 3094
4 1568 97 1602 1164
4 192 917 1675 1740
4 1219 1255 1216 3348
4 2569 2539 2536 3348
4 1236 778 2923 3347
4 2496 2923 2093 3347
4 813 1299 644 2881
4 1959 2615 2128 2881
4 993 994 995 3340
4 1695 146 458 3246
4 2137 2206 2219 3071
4 904 891 822 3071
4 1910 2917 1909 3351
4 595 594 2917 3351
4 2788 319 1599 1563
4 796 891 892 3071
4 2111 2207 2206 3071
4 1577 3050 478 3348
4 2634 2858 2338 3341
4 1023 2858 1319 3341
4 1801 2865 2302 3343
4 987 2865 486 3343
4 1638 542 112 3145
4 1300 566 3076 3194
4 2609 2288 2295 3070
4 1303 980 973 3070
4 2302 2866 2317 3343
4 1002 2866 987 3343
4 1959 2864 1956 3346
4 641 2864 644 3346
4 2647 1609 304 2933
4 636 2886 635 3345
4 1950 2886 1951 3345
4 1236 594 2911 3344
4 2496 2911 1909 3344
4 1577 1255 78 1605
4 1857 1638 328 3145
4 638 635 2900 3345
4 1953 2900 1950 3345
4 1134 1136 1135 2929
4 2450 2451 2449 2929
4 1956 2901 1955 3346
4 641 640 2901 3346
4 2460 2462 2497 3182
4 677 1350 1368 3331
4 696 695 694 3122
4 1983 1982 1981 3287
4 667 668 666 3287
4 1909 2917 2911 3351
4 2911 2917 594 3351
4 1023 521 2916 3341
4 2338 2916 1836 3341
4 2155 3171 2892 3336
4 1053 1403 3082 3312
4 1035 469 1034 3142
4 2358 1784 2359 3142
4 1735 507 165 1666
4 187 1710 1224 2978
4 638 2900 1227 3354
4 2533 2900 1953 3354
4 718 767 1287 3184
4 854 2882 856 3250
4 2181 2663 2499 3189
4 866 1235 1348 3189
4 2374 2376 2375 3015
4 1049 1047 1048 3015
4 820 881 905 3032
4 2135 2220 2196 3032
4 77 1255 497 3009
4 465 1731 161 1333
4 2573 1656 362 3246
4 1236 2911 591 3347
4 2496 1906 2911 3347
4 666 669 3063 3271
4 1811 2764 275 1564
4 2221 2134 2190 3227
4 906 875 819 3227
4 2083 2501 2125 2968
4 810 1175 768 2968
4 1099 1097 1098 3167
4 2422 2421 2420 3167
4 1100 1280 1097 3167
4 2595 2423 2420 3167
4 1953 2927 2643 3354
4 1328 2927 638 3354
4 549 2869 2847 2872
4 1971 1968 2502 3041
4 653 656 1183 3041
4 1683 1717 386 2561
4 2634 2938 2858 3341
4 2858 2938 1319 3341
4 594 2917 2911 3344
4 1909 2911 2917 3344
4 2763 1846 3092 3315
4 1448 3092 531 3315
4 1029 1688 179 2889
4 2642 2308 2346 3068
4 1327 1031 993 3068
4 1615 1271 26 1539
4 2366 2405 2363 2880
4 1081 1042 1039 2880
4 2583 2397 3363 3366
4 1543 250 1628 1770
4 624 622 623 3353
4 1655 1707 135 1264
4 1142 1553 16 2861
4 1002 2907 2866 3343
4 2866 2907 2317 3343
4 96 505 1559 2915
4 873 874 1398 3038
4 2188 2713 2189 3038
4 473 1687 202 2904
4 506 1673 204 2914
4 270 1537 1616 2594
4 475 197 1689 2898
4 2599 2082 2033 3184
4 1727 1456 1650 3300
4 1529 1397 3135 3263
4 1566 101 1597 1083
4 2250 2249 2248 3062
4 936 934 935 3062
4 325 1825 1633 3369
4 762 760 1177 3365
4 1846 2157 2763 3092
4 842 531 1448 3092
4 1236 2923 837 3344
4 2496 2152 2923 3344
4 387 1683 2561 2897
4 1953 2927 2900 3345
4 2318 2319 2320 3036
4 1003 1005 1004 3036
4 2900 2927 638 3345
4 194 1699 1158 2884
4 1150 1153 1171 3080
4 90 474 1575 2928
4 1668 513 124 2977
4 111 1168 1637 2863
4 754 3061 755 3307
4 2070 3061 2069 3307
4 391 1714 1681 2603
4 2766 1797 283 1567
4 1804 395 2344 2889
4 166 1678 985 2976
4 2578 1842 244 1594
4 2100 2837 1907 3239
4 592 1522 785 3239
4 2901 2941 1955 3346
4 640 2941 2901 3346
4 184 1116 1700 2935
4 1376 538 1395 3075
4 1853 2691 2710 3075
4 564 563 561 3059
4 1879 1876 1878 3059
4 1448 1260 841 3315
4 2763 2156 2575 3315
4 477 1692 194 2884
4 1902 1901 2670 3190
4 1820 2480 312 2915
4 141 454 1419 3272
4 1289 1121 1125 3200
4 2397 2759 2583 3363
4 1267 1073 1466 3366
4 1195 1404 1272 3183
4 87 1127 1587 2918
4 2043 2045 3185 3282
4 327 1808 1635 2863
4 504 1672 200 2984
4 2184 2723 2574 3147
4 869 1259 1408 3147
4 2481 420 1821 2914
4 1727 373 2771 1650
4 3147 3288 1259 3327
4 2927 2948 2643 3354
4 184 1670 498 2935
4 1681 390 2603 2983
4 2296 2286 3070 3321
4 1328 2948 2927 3354
4 2806 3040 2248 3371
4 938 939 940 3037
4 1716 387 1800 2897
4 1421 3230 829 3311
4 2736 2144 3230 3311
4 922 924 3138 3310
4 1557 499 87 2918
4 16 1607 512 2861
4 2171 3241 2882 3250
4 2384 2383 2385 3368
4 1732 1233 202 2904
4 2570 1547 237 2947
4 92 1558 1603 503
4 2184 3147 2574 3288
4 869 1259 3147 3288
4 336 1697 1810 3255
4 1174 473 955 3355
4 2900 2973 1227 3354
4 2533 2973 2900 3354
4 67 482 1451 1589
4 1559 95 1617 505
4 1741 178 1029 1688
4 17 1240 1607 1554
4 1608 1240 18 1554
4 1228 1725 197 2898
4 1444 1073 1267 3363
4 2385 2576 3151 3368
4 960 961 963 3199
4 2329 2328 2330 2993
4 1013 1014 1015 2993
4 1443 1650 156 462
4 1604 1242 90 2928
4 2720 2154 3166 3374
4 1734 125 1668 513
4 595 2964 1284 3351
4 1910 2598 2964 3351
4 2703 336 1810 3255
4 1656 1695 362 3246
4 1940 1939 2608 3357
4 1213 790 588 3099
4 1981 3063 1984 3271
4 382 1822 2300 2976
4 2332 3116 2334 3352
4 653 3041 1183 3259
4 1447 32 1582 1540
4 1451 518 1625 3370
4 1674 1224 188 1710
4 2464 1828 340 2977
4 1736 985 167 1678
4 1656 1844 363 1730
4 636 2958 2886 3345
4 2886 2958 1951 3345
4 437 1754 1750 1851
4 1824 1676 423 2986
4 453 1653 139 1382
4 143 1718 1694 532
4 2711 1832 2358 3142
4 1396 1034 517 3142
4 468 1566 102 1473
4 582 1133 1467 2930
4 1897 2782 2448 2930
4 2099 2452 2750 3125
4 1435 1137 784 3125
4 1000 1001 1333 3135
4 2316 2315 2648 3135
4 914 1128 1141 3067
4 2228 2456 2443 3067
4 182 1690 481 2943
4 2709 1856 2298 3132
4 983 541 1394 3132
4 2714 2149 2559 3110
4 1244 834 1399 3110
4 2258 3195 2259 3253
4 1542 255 1614 1843
4 1578 476 85 2945
4 2489 416 1819 2984
4 948 947 949 3018
4 2261 2262 2263 3018
4 199 504 1722 1672
4 2100 3220 2837 3239
4 2553 2378 2948 3294
4 1237 2948 1051 3294
4 1715 1834 390 2983
4 2274 1796 398 2943
4 1211 1406 1262 3079
4 2528 2577 2721 3079
4 1648 535 1727 3300
4 1061 1062 1400 3151
4 2386 2385 2715 3151
4 301 2226 1791 2945
4 1492 3055 1021 3140
4 1596 2500 298 1805
4 1512 1153 3080 3332
4 2614 2963 1825 3369
4 510 2963 1298 3369
4 1233 1309 2904 3342
4 1827 232 2457 2861
4 193 477 1740 1692
4 1609 88 1557 499
4 1725 500 196 1671
4 1723 498 185 1670
4 1788 2551 418 2904
4 528 1614 40 1469
4 2771 1850 374 1648
4 2285 2018 2817 3303
4 113 1638 1640 537
4 2105 2531 1903 3099
4 1790 413 2547 2898
4 2163 2161 2162 3324
4 846 848 847 3324
4 1732 1673 203 3342
4 604 605 1370 2960
4 1920 1919 2685 2960
4 2574 3147 2723 3327
4 1246 1683 171 2897
4 903 884 528 3054
4 1843 2199 2218 3054
4 306 1789 2557 2928
4 1507 3214 693 3295
4 2642 2313 2310 3340
4 1110 1109 514 3372
4 1467 2930 1135 3309
4 2450 2930 2782 3309
4 1366 980 502 3319
4 2295 2681 1817 3319
4 2736 2646 1799 3159
4 1331 1421 484 3159
4 2108 2479 1911 3131
4 1163 793 596 3131
4 2882 3241 856 3250
4 80 501 1214 1560
4 1463 747 744 3152
4 2778 2059 2062 3152
4 525 3112 1438 3330
4 2753 3112 1840 3330
4 1695 1656 146 3246
4 2288 2290 2295 3206
4 975 973 980 3206
4 2223 3127 2220 3254
4 2591 2570 2421 3364
4 2011 2009 2010 3122
4 1431 520 1028 3106
4 2746 2343 1835 3106
4 1185 1358 1186 3281
4 506 2914 1310 3342
4 1411 950 1521 3153
4 2264 2726 2836 3153
4 1703 467 163 2962
4 1471 3107 1176 3284
4 2490 3107 2786 3284
4 1455 484 64 3201
4 1301 818 600 2893
4 2133 2607 1915 2893
4 1288 174 1681 2983
4 589 590 587 3190
4 2840 2700 2627 3024
4 1525 1297 1385 3024
4 593 779 3239 3351
4 1908 3239 2094 3351
4 1284 2964 3002 3351
4 2598 3002 2964 3351
4 2534 2535 2708 3050
4 1215 1214 1393 3050
4 164 1703 1666 467
4 2510 2783 2509 3175
4 1191 1468 1192 3175
4 1983 1985 3179 3271
4 495 120 1388 3255
4 1792 410 1692 2884
4 365 2576 1702 1662
4 1297 826 786 3247
4 2292 2681 3051 3235
4 977 3051 1366 3235
4 2735 2581 1769 3043
4 454 1266 1420 3043
4 1531 261 1579 2776
4 1460 559 562 3291
4 2734 1769 357 3272
4 2764 276 1620 1571
4 2336 3055 2807 3140
4 2332 2330 2760 3302
4 2220 3254 3127 3370
4 400 1813 1670 2935
4 1451 1567 67 1589
4 303 1814 1557 2918
4 2054 2248 2806 3040
4 739 1491 934 3040
4 840 2892 1479 3171
4 2155 2794 2892 3171
4 697 696 698 3122
4 1567 282 2766 3370
4 592 785 590 3028
4 2100 1907 1905 3028
4 3175 3268 1192 3359
4 2510 3268 3175 3359
4 1293 815 868 2877
4 2608 2183 2130 2877
4 1411 759 756 3176
4 2726 2071 2074 3176
4 1355 1140 586 3212
4 2455 2670 1901 3212
4 1558 91 1604 503
4 2793 1618 3231 3349
4 2570 2947 2421 3364
4 2020 2019 2017 3215
4 2068 2530 2069 3207
4 2073 2075 2970 3365
4 2706 2801 2215 3350
4 2375 2373 2374 2998
4 1048 1047 1046 2998
4 2642 2308 3068 3340
4 1556 1812 3009 3202
4 538 1544 10 3257
4 111 1635 493 2863
4 2563 3262 2827 3332
4 61 1103 487 1571
4 1541 1584 252 1845
4 1259 1408 3147 3327
4 2020 2017 2686 3057
4 702 705 1371 3057
4 274 2793 1811 1564
4 649 1418 651 3205
4 2733 1964 1966 3205
4 1754 1056 222 536
4 1968 2502 3041 3259
4 1658 1388 120 3255
4 1314 3098 816 3256
4 525 1262 24 1538
4 406 1708 1737 2682
4 1697 120 495 3255
4 916 1387 915 3113
4 2702 2230 2229 3113
4 1904 2496 2093 3347
4 1236 589 778 3347
4 1910 1909 1908 3351
4 595 593 594 3351
4 2475 3263 2476 3304
4 733 1275 1210 3111
4 2048 2527 2571 3111
4 535 158 1727 1456
4 2567 1586 226 3257
4 1801 2302 2566 3343
4 987 486 1251 3343
4 1214 1598 80 1560
4 1023 1319 1317 3341
4 2634 2338 2632 3341
4 877 876 875 3069
4 2192 2190 2191 3069
4 714 3118 2940 3165
4 2302 2317 2566 3343
4 1002 987 1251 3343
4 2799 2070 2262 3061
4 1484 948 755 3061
4 2940 3118 2029 3165
4 2331 2330 2332 3352
4 1236 1163 594 3344
4 2479 2496 1909 3344
4 1608 19 449 3042
4 2615 1959 1956 3346
4 641 644 1299 3346
4 637 636 635 3345
4 1952 1950 1951 3345
4 2732 2854 2424 3217
4 1101 2854 1417 3217
4 27 1263 450 1548
4 1952 1953 1950 3345
4 638 637 635 3345
4 1956 1955 2615 3346
4 641 1299 640 3346
4 1023 1317 521 3341
4 2632 2338 1836 3341
4 2542 3103 2621 3170
4 1305 3103 1222 3170
4 269 1616 1535 1779
4 1615 243 1548 1765
4 2911 3028 591 3347
4 1906 3028 2911 3347
4 1853 226 1544 3257
4 799 849 851 3017
4 2166 2164 2114 3017
4 403 1794 2544 2978
4 2245 3144 3297 3339
4 589 1236 591 3347
4 2496 1904 1906 3347
4 2289 2791 2026 3066
4 711 1476 974 3066
4 568 807 806 3197
4 2380 2364 2370 3048
4 1040 1053 1043 3048
4 2328 3011 2327 3261
4 1012 3011 1013 3261
4 2515 3216 2104 3373
4 1898 2814 3212 3360
4 1278 638 1227 3354
4 2593 2533 1953 3354
4 1769 1661 357 3272
4 769 1268 1060 3196
4 2923 3031 837 3344
4 2152 3031 2923 3344
4 1853 2567 226 3257
4 1067 1316 1068 3213
4 1547 1595 22 3364
4 806 839 1229 3197
4 608 609 1364 3073
4 2679 1924 1923 3073
4 1938 1940 2879 3353
4 1705 2734 357 3272
4 2703 1658 336 3255
4 43 1533 1249 1244
4 708 710 709 3150
4 530 1584 36 1401
4 1780 2477 3263 3325
4 931 3297 3144 3339
4 761 780 1297 3024
4 2627 2095 2076 3024
4 1328 638 1278 3354
4 1953 2643 2593 3354
4 76 1588 1556 3202
4 749 750 1198 3100
4 2064 2497 2065 3100
4 2631 2391 2392 3213
4 2053 3074 2056 3317
4 741 3074 738 3317
4 1937 1936 2890 3353
4 1055 537 1054 3208
4 2368 2367 1852 3208
4 3216 3324 2104 3373
4 2332 2760 3116 3302
4 3058 3171 2796 3336
4 2078 2478 2905 3365
4 2747 2365 1772 3093
4 1041 1432 457 3093
4 328 1638 1635 3145
4 1527 3277 3113 3361
4 3113 3277 2842 3361
4 1018 1019 1017 3352
4 1791 2442 302 3329
4 1845 2729 2825 3143
4 530 1510 1414 3143
4 2154 2272 2720 3166
4 911 839 1405 3166
4 1501 777 3045 3338
4 2092 2816 3045 3338
4 2822 2008 3214 3295
4 583 3212 1499 3360
4 723 923 1465 3138
4 2780 2237 2038 3138
4 1547 1256 2947 3364
4 2631 3213 2392 3313
4 278 2356 1569 3311
4 509 207 1676 2986
4 798 764 799 3265
4 2624 2904 1788 3355
4 571 3026 572 3296
4 278 2426 2356 3311
4 1163 1236 837 3344
4 2496 2479 2152 3344
4 141 1661 454 3272
4 2758 372 1726 1650
4 2707 1764 2469 3178
4 1392 1154 448 3178
4 1883 2122 2499 3189
4 807 568 1235 3189
4 2755 2511 2589 3314
4 1440 1273 1193 3314
4 327 1637 2484 2863
4 2014 2015 3124 3326
4 700 699 3124 3326
4 2350 2352 2351 3200
4 573 572 571 3026
4 1887 1888 1886 3026
4 2342 2148 2222 3109
4 2811 1994 2328 3052
4 679 1496 1013 3052
4 497 1556 77 3009
4 678 681 1350 3209
4 1167 643 642 3101
4 2483 1957 1958 3101
4 2794 2299 1826 3171
4 984 1479 511 3171
4 1698 129 1664 524
4 3050 3160 1215 3348
4 2535 3160 3050 3348
4 21 1547 1256 2947
4 1658 1697 336 3255
4 1367 189 1737 3004
4 2665 3209 1993 3331
4 560 559 557 3262
4 1875 1872 1874 3262
4 1021 3140 3055 3279
4 2012 2013 2011 3122
4 1556 1588 292 3202
4 2401 2400 2398 3085
4 1077 1074 1076 3085
4 2584 2084 2384 3196
4 887 886 885 3180
4 2201 2202 2200 3180
4 1586 1544 226 3257
4 225 1580 2691 1544
4 948 947 3018 3240
4 2262 3018 2261 3240
4 1728 2724 338 1663
4 754 756 3207 3307
4 1883 2121 2122 3197
4 1405 3166 839 3374
4 1864 2869 2847 2873
4 812 3169 1325 3328
4 162 1731 1651 1333
4 2080 3162 1887 3296
4 2590 3087 2737 3325
4 1422 3087 1274 3325
4 2747 3093 1772 3335
4 457 3093 1432 3335
4 907 821 903 3054
4 2218 2136 2222 3054
4 2462 2458 2482 3182
4 1563 2768 320 1619
4 2121 2439 2154 3197
4 2369 438 1851 1749
4 2399 2398 2400 3094
4 1074 1075 1076 3094
4 1812 2569 293 3009
4 3055 3140 2336 3279
4 487 1449 60 1571
4 2315 1782 379 2962
4 595 1284 593 3351
4 1910 1908 2598 3351
4 1330 1293 868 3283
4 982 1408 452 3327
4 466 3231 899 3350
4 1431 3106 1345 3283
4 1323 510 1298 3369
4 2638 2614 1825 3369
4 2168 2882 2797 3058
4 1482 2882 853 3058
4 993 3275 994 3340
4 2629 2954 1939 3353
4 623 2879 625 3357
4 2065 2068 2067 3100
4 753 750 752 3100
4 496 1564 59 1620
4 1389 978 979 3235
4 2294 2293 2704 3235
4 1968 1971 1970 3242
4 2077 2895 2347 3365
4 1980 1981 1979 3063
4 665 664 666 3063
4 1233 954 1309 3342
4 1993 1991 1992 3331
4 1120 1122 1121 3014
4 2349 2350 2351 3014
4 740 1439 743 3065
4 2754 2055 2058 3065
4 1896 2677 1895 3223
4 1586 10 1544 3257
4 2737 2590 1850 3087
4 1274 1422 535 3087
4 2492 2024 2493 3150
4 1352 1232 1339 3260
4 1471 1176 1004 3284
4 2490 2786 2319 3284
4 1697 1658 120 3255
4 1420 1080 3272 3305
4 523 1591 21 2947
4 2635 2142 2132 3233
4 817 827 1321 3233
4 2630 315 1600 1823
4 1252 538 10 3257
4 304 1609 1557 2933
4 900 3258 1486 3350
4 1561 83 490 1032
4 1262 1211 3079 3330
4 2577 3079 2528 3330
4 1959 2881 2864 3346
4 2864 2881 644 3346
4 2741 2562 2563 3332
4 1512 560 1248 3262
4 1875 2827 2563 3262
4 346 2756 1659 1698
4 153 1645 1250 457
4 587 1355 586 3190
4 1053 1040 1403 3312
4 2168 2155 2116 3336
4 2477 2476 3263 3294
4 1536 1610 264 2748
4 2419 235 1763 3042
4 2185 2184 2740 3288
4 1425 869 870 3288
4 1252 10 1586 3257
4 506 1310 954 3342
4 907 833 1027 3109
4 1598 1816 296 1560
4 1033 1627 1569 3311
4 2745 1776 2576 3129
4 1430 1261 461 3129
4 659 662 661 3174
4 1096 19 1551 3042
4 2073 2077 2075 3365
4 2127 2611 1960 3169
4 1294 812 645 3169
4 1718 1847 359 1694
4 1455 883 3201 3236
4 2198 2770 3201 3236
4 2385 2745 2576 3368
4 1214 478 79 3050
4 2049 2052 2051 3091
4 736 737 734 3091
4 2699 2454 2667 3260
4 1840 240 2577 3330
4 1886 1887 3026 3296
4 778 3099 2923 3347
4 1265 35 530 3143
4 2489 2984 2625 3355
4 1151 1513 1152 2996
4 2828 2466 2467 2996
4 2239 2236 2238 3310
4 1567 1797 283 1589
4 1705 357 1661 3272
4 2215 2214 1781 3350
4 122 1663 445 1409
4 836 778 790 3099
4 1445 683 680 3116
4 2760 1995 1998 3116
4 2093 2923 3099 3347
4 2016 2013 3022 3326
4 698 701 3022 3326
4 2594 2739 1848 2852
4 1279 533 1424 2852
4 2735 3272 2404 3305
4 624 1330 2954 3357
4 825 897 1334 3060
4 2140 2649 2212 3060
4 1431 1345 868 3283
4 465 3263 1162 3325
4 716 717 718 3184
4 190 491 1737 1708
4 1258 1730 147 529
4 1041 1039 3093 3312
4 1593 1537 271 1848
4 2627 2101 2141 3247
4 1121 1122 1123 3200
4 2647 1814 2444 2933
4 499 1332 1129 2933
4 2665 1996 1993 3209
4 1654 1267 144 3366
4 1362 581 580 3223
4 1529 1160 3263 3304
4 344 2425 1664 1721
4 1313 931 929 3339
4 1730 1662 148 529
4 191 1037 491 3027
4 1103 1627 1033 3311
4 2588 3183 2719 3362
4 1667 1721 127 1102
4 1531 1601 260 2564
4 2093 2151 2105 3099
4 1538 2577 240 3330
4 1832 428 1677 3278
4 557 555 556 3164
4 1870 1872 1871 3164
4 2389 2388 3139 3289
4 1064 1065 3139 3289
4 2395 2392 2394 3313
4 1316 1068 3213 3313
4 2032 2031 2033 3184
4 2580 2494 2729 3143
4 1265 1414 1181 3143
4 1219 1220 1221 3108
4 2539 2541 2540 3108
4 2275 2278 2276 3199
4 680 682 681 3209
4 2444 2445 2446 2932
4 1131 1130 1129 2932
4 678 3209 1350 3331
4 2827 3080 2468 3332
4 93 1573 472 3012
4 1639 1323 108 1379
4 1225 1712 207 2986
4 480 1434 74 1622
4 1391 55 1537 533
4 2513 2504 3104 3362
4 1133 1134 1135 2930
4 2450 2449 2448 2930
4 2676 2453 2454 3218
4 1138 1361 1139 3218
4 1140 1141 1130 3141
4 2455 2445 2456 3141
4 1186 1194 1187 3095
4 2504 2505 2512 3095
4 1647 370 2565 1724
4 2191 2674 2193 3234
4 1638 1852 329 1640
4 1595 3079 446 3364
4 1270 1314 816 3256
4 2014 3123 2013 3326
4 699 698 3123 3326
4 2798 1851 2224 2851
4 909 536 1483 2851
4 1101 1098 1276 2854
4 2591 2421 2424 2854
4 93 1173 1603 3012
4 1947 2098 2370 3163
4 525 1262 1538 3330
4 1788 2904 1687 3355
4 1938 1939 1940 3353
4 1551 20 523 1591
4 169 522 1684 1717
4 1655 134 1706 1416
4 189 502 1674 3004
4 1685 483 176 1714
4 2071 2069 3207 3307
4 2293 3235 2292 3264
4 978 977 3235 3264
4 2078 2075 2478 3365
4 2311 2309 2310 3146
4 995 994 996 3146
4 2553 2948 3101 3294
4 1237 3101 2948 3294
4 1607 232 1827 2861
4 2291 3191 2738 3264
4 976 1423 3191 3264
4 1732 418 2551 2904
4 473 1687 2904 3355
4 1776 2777 366 1702
4 1725 2547 413 2898
4 1553 2457 232 2861
4 1199 1146 1148 3248
4 1162 3263 1161 3294
4 1937 1938 1936 3353
4 1817 2682 405 3004
4 1788 418 1687 2904
4 2557 1604 306 2928
4 1679 983 213 1713
4 1790 1689 413 2898
4 2451 2659 2657 2929
4 1136 1342 1344 2929
4 306 1575 1789 2928
4 1566 1599 102 1473
4 2414 2415 2413 3156
4 1091 1090 1092 3156
4 1739 395 1804 2889
4 1381 1428 901 3083
4 2216 2743 2696 3083
4 2725 2579 1766 3224
4 1410 451 1264 3224
4 750 749 748 3007
4 2065 2063 2064 3007
4 578 1435 3243 3309
4 1893 3243 2750 3309
4 840 2892 3171 3336
4 2638 1639 324 3369
4 1132 1130 1131 2931
4 2447 2446 2445 2931
4 2480 1602 312 2915
4 1108 3168 1109 3173
4 2433 2434 3168 3173
4 756 1411 3176 3307
4 2071 3176 2726 3307
4 1635 1638 112 3145
4 1897 2931 2814 3360
4 1835 1590 285 3301
4 2269 2624 1788 3355
4 1719 420 2481 2914
4 2298 428 1832 3278
4 1560 81 1178 1621
4 815 868 2877 3228
4 2183 2130 2877 3228
4 2401 2400 3085 3273
4 1209 1210 1208 3111
4 2525 2527 2526 3111
4 2442 1791 2228 3329
4 1688 2344 395 2889
4 1464 3114 1055 3308
4 2368 3114 2779 3308
4 1073 1070 1072 3013
4 2397 2396 2394 3013
4 2124 2148 2123 3109
4 382 1735 1822 2976
4 340 1733 2464 2977
4 278 1627 2426 3311
4 1820 312 1559 2915
4 1720 416 2489 2984
4 1821 420 1673 2914
4 867 1431 3228 3301
4 2182 3228 2746 3301
4 1077 3085 1076 3273
4 1828 1668 340 2977
4 398 1738 2274 2943
4 478 3050 1215 3348
4 1793 2535 3050 3348
4 802 800 786 3247
4 711 712 710 3191
4 2026 2025 2027 3191
4 1678 382 2300 2976
4 2307 2306 3198 3204
4 992 3198 991 3204
4 2836 2095 2700 3024
4 780 1521 1385 3024
4 2226 301 1626 2945
4 2379 1777 2758 3229
4 462 1052 1443 3229
4 1720 2984 2489 3355
4 1672 1819 416 2984
4 735 932 1491 3371
4 2629 1939 1937 3353
4 628 1293 625 3357
4 623 625 624 3357
4 1997 1995 1996 3209
4 2278 2279 2276 3157
4 964 963 961 3157
4 1181 1459 455 3290
4 895 897 3060 3349
4 2210 3060 2212 3349
4 2574 1549 245 1594
4 944 942 943 3001
4 2256 2258 2257 3001
4 1572 65 1455 1625
4 1183 3041 3177 3259
4 668 667 1436 3078
4 1982 1983 2751 3078
4 1682 206 1225 1712
4 1137 1138 784 3218
4 2452 2099 2453 3218
4 398 1796 1690 2943
4 1481 1283 511 2853
4 2600 2795 1826 2853
4 628 2877 1293 3357
4 2291 2290 2289 3206
4 975 976 974 3206
4 2309 1969 2792 3064
4 994 1477 654 3064
4 1190 3268 1374 3274
4 301 1791 1578 2945
4 893 894 892 3006
4 2207 2209 2208 3006
4 2077 2347 2478 3365
4 2311 2733 1969 3205
4 996 654 1418 3205
4 2203 2202 1774 3333
4 2269 2489 2625 3355
4 1567 1625 282 3370
4 121 1728 1409 1388
4 309 2488 1787 3012
4 1569 1627 278 3311
4 2803 1990 2326 3119
4 675 1488 1011 3119
4 2402 2125 2403 2968
4 1078 1079 810 2968
4 1720 1174 2984 3355
4 1247 556 1184 3216
4 1871 2562 2515 3216
4 789 3324 3216 3373
4 2570 1547 2947 3364
4 2401 3043 2735 3273
4 678 676 679 3052
4 1993 1994 1991 3052
4 403 1691 1794 2978
4 1683 1716 171 2897
4 809 3110 834 3367
4 2149 3110 2124 3367
4 1681 174 1715 2983
4 1587 2442 2918 3329
4 298 2500 1596 1621
4 258 1533 1592 2559
4 2425 3286 2180 3374
4 2740 3086 2520 3102
4 79 1598 1214 3050
4 2063 2061 2064 3203
4 1324 3193 2961 3254
4 1600 98 1568 1315
4 833 809 808 3109
4 1997 1998 1995 3172
4 683 682 680 3172
4 1287 767 1494 3072
4 2599 2809 2082 3072
4 1538 3079 2577 3330
4 491 1708 191 3027
4 1126 1147 1509 3148
4 2824 2462 2355 3148
4 1458 132 526 3187
4 43 1533 1601 1249
4 1233 2904 1732 3342
4 237 1591 1838 2947
4 62 1033 1103 1627
4 147 1656 1730 1258
4 2024 2025 2023 3150
4 997 1528 1390 3029
4 2312 2705 2843 3029
4 1015 679 1013 3302
4 982 452 3269 3327
4 2324 3119 2325 3320
4 1009 1010 3119 3320
4 1692 410 1699 2884
4 2569 1605 293 3009
4 2719 1778 2841 3183
4 1404 1526 463 3183
4 2692 1854 333 1665
4 2425 2180 2720 3374
4 2166 2838 2749 3358
4 2475 2844 3263 3304
4 387 1716 1683 2897
4 738 736 739 3040
4 2051 2053 2054 3040
4 1681 1715 390 2983
4 622 3256 2890 3353
4 400 1670 1700 2935
4 1626 2226 2945 3277
4 1780 2477 2712 3263
4 1764 3178 2707 3286
4 1392 3178 448 3286
4 2727 3130 2649 3328
4 2931 3212 2814 3360
4 2168 2882 3058 3336
4 1256 446 1276 3364
4 2246 3144 2050 3371
4 728 727 1437 3081
4 2042 2043 2752 3081
4 1729 131 1659 447
4 1557 1587 303 2918
4 1710 403 2544 2978
4 692 691 693 3295
4 1110 1433 2850 3372
4 1699 194 1692 2884
4 2127 2143 2639 3328
4 785 1365 1508 3220
4 624 1293 1330 3357
4 970 969 971 3321
4 2061 2064 3203 3267
4 723 923 3138 3298
4 2038 3138 2237 3298
4 1549 527 29 1594
4 1348 1373 1152 2996
4 2467 2688 2663 2996
4 517 212 983 3278
4 2168 3058 2796 3336
4 184 1700 1670 2935
4 1979 3063 1981 3287
4 666 3063 664 3287
4 161 1649 1731 465
4 1587 1557 87 2918
4 1467 1135 578 3309
4 2450 2782 1893 3309
4 444 1142 1166 3044
4 2457 1759 2482 3044
4 1653 139 1742 453
4 1146 1145 1144 3049
4 2461 2459 2460 3049
4 888 2848 1401 3333
4 1033 62 1569 1627
4 813 812 828 2881
4 2127 2128 2143 2881
4 1054 114 1636 537
4 1563 104 516 1453
4 379 1651 2315 2962
4 907 3054 903 3252
4 2218 3054 2222 3252
4 1077 1420 3043 3273
4 1572 1455 64 3201
4 818 827 817 2893
4 2132 2142 2133 2893
4 1570 285 1590 3301
4 1403 1041 1250 3312
4 2122 3197 2154 3374
4 1869 2873 2616 3088
4 1895 1892 1894 3223
4 895 496 897 3349
4 2210 2212 1811 3349
4 548 773 796 2872
4 212 1713 983 3278
4 517 1677 212 3278
4 2379 2380 2371 3048
4 1052 1044 1053 3048
4 1322 3233 1413 3361
4 2636 2728 3233 3361
4 717 3184 3118 3338
4 1561 83 1596 490
4 350 2731 1766 1706
4 1203 3086 1425 3102
4 2742 2014 2280 3123
4 699 1427 965 3123
4 2032 3118 3184 3338
4 1608 1763 235 3042
4 1251 168 1684 3343
4 1261 1061 3151 3368
4 1639 109 1323 3369
4 2283 2285 2284 3025
4 1835 285 2487 3301
4 2105 2158 2531 3084
4 790 1213 843 3084
4 2592 1795 2543 3039
4 480 1277 1223 3039
4 244 1548 2578 1594
4 1184 789 3216 3373
4 1650 1727 157 1456
4 2662 2158 2695 3084
4 1380 843 1347 3084
4 2306 2305 2307 3198
4 991 992 990 3198
4 540 105 1619 1453
4 153 1645 1724 1250
4 1551 235 2419 3042
4 2804 2050 2246 3144
4 735 1489 932 3144
4 2661 2668 2082 3072
4 1346 767 1353 3072
4 1317 1685 177 3341
4 527 29 1259 1549
4 489 179 1739 2889
4 1648 374 2771 1727
4 726 3155 728 3282
4 1602 1164 96 2915
4 2361 407 1806 3027
4 2055 2057 2058 3251
4 742 740 743 3251
4 2784 257 1592 1775
4 204 1719 1165 2914
4 1812 293 1556 3009
4 532 144 1267 3366
4 1438 525 1271 3112
4 2753 2586 1840 3112
4 240 1840 1612 3330
4 577 580 579 3223
4 1712 2545 423 2986
4 405 2682 1737 3004
4 385 1717 1684 3343
4 1728 121 1658 1388
4 1685 1714 392 3341
4 166 507 1735 2976
4 1174 200 1720 2984
4 2442 1587 302 3329
4 1455 518 883 3236
4 2198 1833 2770 3236
4 1570 2487 285 3301
4 1149 1733 124 2977
4 1393 501 871 3222
4 1816 2708 2186 3222
4 69 1590 520 3301
4 1635 111 1637 2863
4 1677 428 1713 3278
4 1782 1703 379 2962
4 970 968 969 3025
4 1979 1978 1977 3174
4 1272 1611 50 534
4 654 655 653 3064
4 1969 1968 1970 3064
4 2298 1713 428 3278
4 1571 61 1103 1627
4 2101 2115 2117 3247
4 1674 1817 405 3004
4 2588 2719 2513 3362
4 2157 1846 2579 3224
4 531 842 1264 3224
4 479 1691 187 2978
4 1078 2968 810 3305
4 1223 3202 1221 3285
4 2488 309 1603 3012
4 1023 2916 2858 3341
4 2858 2916 2338 3341
4 2616 1869 1866 2873
4 1821 2551 2268 3342
4 2041 2043 3155 3282
4 1570 1590 69 3301
4 327 1635 1637 2863
4 757 754 756 3207
4 2302 2865 2866 3343
4 987 2866 2865 3343
4 1727 1648 158 535
4 182 959 1738 2943
4 446 1595 23 3079
4 1998 3172 2765 3279
4 1450 3172 683 3279
4 2886 2900 635 3345
4 1950 2900 2886 3345
4 1956 2864 2901 3346
4 641 2901 2864 3346
4 85 912 1626 2945
4 1750 1754 221 536
4 2059 2061 2062 3203
4 2911 2923 1236 3344
4 2496 2923 2911 3344
4 2502 3177 3041 3259
4 1236 2923 2911 3347
4 2911 2923 2496 3347
4 1620 60 1449 1571
4 2324 2803 3119 3219
4 1009 3119 1488 3219
4 700 699 1474 3124
4 2014 2015 2789 3124
4 1612 525 24 1538
4 1170 1570 69 3301
4 1298 3006 894 3369
4 2614 2209 3006 3369
4 2375 1777 3229 3300
4 1048 3229 462 3300
4 1478 3231 1618 3349
4 2640 2961 3193 3254
4 1953 2900 2927 3354
4 638 2927 2900 3354
4 2125 2968 2402 3305
4 212 1677 1713 3278
4 2180 2122 2154 3374
4 1088 1090 1087 3090
4 2410 2413 2411 3090
4 1208 3111 1210 3249
4 2527 3111 2525 3249
4 238 1547 2570 3364
4 39 1614 528 1454
4 1910 2964 2917 3351
4 595 2917 2964 3351
4 1360 1515 1099 3074
4 2675 2422 2830 3074
4 309 1787 1573 3012
4 1125 1126 1230 3148
4 2530 2355 2354 3148
4 2368 3208 3114 3308
4 3114 3208 1055 3308
4 1876 1877 3121 3291
4 2815 1974 1978 3174
4 2104 2147 2090 3225
4 2629 3098 2954 3256
4 1322 3113 3233 3361
4 2636 3233 3113 3361
4 1694 1654 144 3366
4 2795 2832 2179 2853
4 1517 1481 864 2853
4 739 738 3040 3317
4 2054 3040 2053 3317
4 466 57 1478 3231
4 2415 2757 1877 3121
4 1442 1092 562 3121
4 480 74 1576 1622
4 385 1684 2566 3343
4 2614 2638 2209 3369
4 1298 894 1323 3369
4 1451 518 66 1625
4 1665 1854 333 1696
4 2447 2814 1897 2931
4 1685 392 2632 3341
4 1060 1067 1062 3213
4 1973 2985 2815 3204
4 1500 2985 658 3204
4 295 1793 2534 3050
4 2367 330 1852 1640
4 476 2945 1578 3329
4 2391 2384 2386 3213
4 2716 2848 2203 3333
4 2277 2597 2678 3053
4 962 1363 1282 3053
4 1754 1851 438 1749
4 534 1611 50 1534
4 2054 2055 2754 3317
4 739 1439 740 3317
4 77 1605 1255 3009
4 2541 3202 2543 3285
4 1987 1990 2803 2856
4 675 672 1488 2856
4 561 3121 562 3291
4 69 520 1170 3301
4 1216 478 1215 3348
4 1793 2536 2535 3348
4 2062 2063 2813 3203
4 1391 900 1486 3350
4 1908 1907 2094 3239
4 593 779 592 3239
4 2817 2859 2022 3211
4 707 2859 1502 3211
4 465 1397 1162 3263
4 1578 2945 1791 3329
4 720 1287 723 3298
4 2038 2599 2035 3298
4 1576 290 2749 1622
4 1488 672 671 3179
4 838 867 815 3228
4 2182 2153 2130 3228
4 1810 2568 2761 3117
4 1253 495 1446 3117
4 1033 3159 1421 3311
4 2356 2736 3159 3311
4 2280 2281 2279 3157
4 966 965 964 3157
4 2164 2166 2666 3358
4 1032 84 912 3277
4 1564 2764 275 1620
4 2746 2660 3106 3283
4 2508 2689 3268 3274
4 2108 2083 2118 3131
4 768 793 803 3131
4 2042 2041 2043 3155
4 727 728 726 3155
4 2006 2007 2008 3295
4 1339 1338 1095 3226
4 2654 2418 2653 3226
4 488 1623 72 3306
4 367 2777 2390 3139
4 1584 530 35 3143
4 888 887 889 3120
4 2203 2204 2202 3120
4 746 3203 749 3267
4 163 1000 1651 2962
4 1272 463 49 3183
4 1462 151 1066 3139
4 1501 3184 717 3338
4 2456 3067 2823 3141
4 1508 3067 1141 3141
4 2804 3144 2244 3221
4 930 3144 1489 3221
4 2493 2494 2160 3290
4 572 765 570 3296
4 1033 1569 3159 3311
4 1451 1625 1567 3370
4 1850 2375 3087 3300
4 535 3087 1048 3300
4 2633 3192 2103 3337
4 23 1262 446 3079
4 2052 3091 2732 3217
4 1417 3091 737 3217
4 2816 2032 3184 3338
4 367 1646 2777 3139
4 2180 2707 2181 3286
4 1392 865 866 3286
4 2407 2406 1823 3266
4 1084 508 1083 3266
4 1663 122 1728 1409
4 2306 1978 2490 3107
4 991 1176 663 3107
4 452 31 1447 3269
4 653 651 654 3205
4 1966 1968 1969 3205
4 2155 2168 2796 3336
4 2361 1675 407 3027
4 2050 2804 2047 2855
4 1489 735 732 2855
4 1979 1977 1980 3154
4 665 662 664 3154
4 731 1489 732 3185
4 1412 1334 3130 3328
4 1302 2873 554 3088
4 1499 1132 582 3360
4 1614 1550 40 1469
4 1823 315 1600 1562
4 532 1694 144 3366
4 943 945 944 3253
4 1339 765 1352 3162
4 2080 2654 2667 3162
4 1485 1222 3103 3285
4 1041 1039 1042 3093
4 2365 2366 2363 3093
4 1380 880 879 2849
4 2195 2695 2194 2849
4 861 3257 1415 3322
4 2730 3257 2176 3322
4 2058 2254 2252 3065
4 940 743 938 3065
4 2311 3146 2843 3292
4 996 1528 3146 3292
4 548 1312 546 2870
4 1861 2626 1863 2870
4 842 836 790 3092
4 2151 2157 2105 3092
4 1127 1587 2918 3329
4 857 1483 1516 2851
4 2172 2831 2798 2851
4 1461 3168 1108 3270
4 2435 1829 2434 3372
4 931 3144 930 3339
4 1791 302 1578 3329
4 847 3216 789 3324
4 2162 2104 3216 3324
4 1616 1537 54 1279
4 2592 2543 2541 3202
4 1221 1223 1277 3202
4 1538 240 1612 3330
4 1022 1492 1021 3140
4 48 1610 1536 1433
4 1401 1584 36 1541
4 1754 222 1056 1749
4 1866 1868 1867 2871
4 553 551 552 2871
4 1774 2769 254 3181
4 900 466 899 3350
4 2256 2062 2258 3152
4 942 944 747 3152
4 576 1197 577 3293
4 1888 1887 2099 3125
4 573 784 572 3125
4 2187 2133 2186 3222
4 872 871 818 3222
4 156 1726 1650 1443
4 1529 3237 1159 3304
4 2765 2002 2336 3055
4 1021 687 1450 3055
4 1492 3005 1318 3192
4 2633 3005 2807 3192
4 484 1624 64 3201
4 1702 2777 366 1646
4 1762 2756 2221 3227
4 1441 447 906 3227
4 881 883 3236 3318
4 2196 3236 2198 3318
4 2807 3055 2606 3192
4 1492 1295 3055 3192
4 41 1550 460 1469
4 755 754 752 3061
4 2067 2069 2070 3061
4 1869 2616 2672 3088
4 1302 554 1357 3088
4 155 1726 1443 515
4 2704 2293 2668 3045
4 1389 1353 978 3045
4 1684 168 1736 3343
4 1706 1766 350 1655
4 1850 2375 2376 3087
4 1048 535 1049 3087
4 1553 1607 16 2861
4 1547 1591 237 2947
4 1732 202 1687 2904
4 748 749 746 3203
4 1547 21 1591 2947
4 1689 197 1725 2898
4 2114 2131 2079 3265
4 1604 90 1575 2928
4 2119 2120 2036 3323
4 3144 3221 930 3339
4 1640 2367 330 1636
4 3006 3149 894 3369
4 2209 3149 3006 3369
4 1359 876 878 3234
4 2198 3201 2646 3318
4 1331 3201 883 3318
4 1509 1198 753 3100
4 2497 2824 2068 3100
4 549 2847 2869 2873
4 1774 254 1583 3181
4 2800 3103 2542 3285
4 901 900 3133 3258
4 2215 2216 3133 3258
4 1741 177 1685 3341
4 1454 38 1542 3181
4 2650 1857 1858 3145
4 1335 543 542 3145
4 1931 2621 2113 3103
4 616 798 1305 3103
4 893 540 894 3149
4 1855 2208 2209 3149
4 1783 318 1599 2788
4 896 895 797 3177
4 2210 2211 2112 3177
4 2570 1761 238 3364
4 2616 2847 2088 2874
4 1646 151 1462 3139
4 1538 1612 525 3330
4 2353 229 2767 3186
4 1470 3112 1271 3280
4 2785 2586 3112 3280
4 295 1577 1793 3050
4 2770 280 1799 3201
4 1263 527 1425 3086
4 1842 2578 2740 3086
4 796 1312 548 2870
4 1863 2626 2111 2870
4 1059 3196 1060 3368
4 2616 2088 2138 2874
4 38 1454 459 3181
4 2882 853 3058 3336
4 2727 2649 2143 3328
4 2246 2247 2245 3297
4 931 933 932 3297
4 744 745 742 3251
4 2060 2059 2057 3251
4 1318 3192 3005 3337
4 1729 132 1458 3187
4 1542 254 2769 3181
4 1579 2776 262 3168
4 1265 34 1628 455
4 1898 1896 1897 3360
4 1676 207 1712 2986
4 1877 1878 1876 3121
4 561 563 562 3121
4 2803 1986 1987 3179
4 490 1032 1527 3361
4 2357 1805 2842 3361
4 229 1585 2767 3186
4 2100 2823 2680 3220
4 828 812 1325 3328
4 976 975 977 3051
4 2290 2291 2292 3051
4 2337 2336 2807 3140
4 2069 2072 2071 3207
4 1712 423 1676 2986
4 2614 3006 2963 3369
4 1298 2963 3006 3369
4 2319 1982 2320 3078
4 1005 667 1004 3078
4 816 850 849 3098
4 2164 2165 2131 3098
4 2608 2644 2183 3283
4 816 849 799 3265
4 2053 2675 2056 3074
4 738 741 1360 3074
4 2690 2722 2205 3276
4 2954 3098 1314 3256
4 1928 1931 1930 3232
4 2205 2204 2203 2848
4 889 890 888 2848
4 274 2793 1564 1618
4 656 653 655 3242
4 1739 179 1688 2889
4 2054 2250 2248 3245
4 934 936 739 3245
4 2356 3159 1569 3311
4 2647 2444 2655 2933
4 1341 1129 1332 2933
4 1720 200 1672 2984
4 1735 1678 166 2976
4 2156 2772 2575 3210
4 841 1260 1457 3210
4 1124 1452 13 3186
4 1602 96 1559 2915
4 455 34 1628 1543
4 840 3171 1480 3336
4 1257 455 1459 3161
4 2572 2774 1770 3161
4 1733 1668 124 2977
4 1719 204 1673 2914
4 1507 693 788 3295
4 1720 2489 417 3355
4 2577 239 1761 3079
4 2167 2485 1760 3033
4 852 445 1171 3033
4 2042 2240 2238 3081
4 727 924 926 3081
4 2334 3116 1998 3279
4 1019 683 3116 3279
4 1788 1687 417 3355
4 1160 787 1161 3304
4 187 1691 1710 2978
4 324 1639 1634 3369
4 1438 3249 1211 3330
4 2753 2528 3249 3330
4 847 1184 789 3216
4 2162 2104 2515 3216
4 842 843 1410 3224
4 2725 2158 2157 3224
4 609 612 1364 3334
4 1480 3171 3058 3336
4 1876 3023 1875 3291
4 1391 1537 55 1593
4 2606 2003 2006 3105
4 1295 691 688 3105
4 2433 3168 2776 3270
4 280 1624 1799 3201
4 1928 1927 2621 3170
4 613 1305 612 3170
4 1159 3237 3035 3304
4 1624 3159 1799 3201
4 2363 2364 2365 3312
4 2047 2804 2046 3185
4 729 728 730 3282
4 1132 2931 582 3360
4 1378 1506 215 1755
4 1654 3363 1267 3366
4 262 2776 1829 3168
4 710 708 711 3066
4 2023 2025 2026 3066
4 881 882 883 3318
4 2196 2198 2197 3318
4 2402 2401 2735 3273
4 2493 2495 2690 3276
4 1738 1690 182 2943
4 1190 1192 3268 3359
4 2510 2508 3268 3359
4 751 1498 946 3195
4 2813 2066 2260 3195
4 1418 649 781 3292
4 1964 2733 2096 3292
4 526 1652 133 1416
4 1626 1578 85 2945
4 2147 3225 2104 3324
4 2671 2543 2838 3039
4 1223 1356 1523 3039
4 38 459 1583 3181
4 2167 1760 2724 3126
4 852 1409 445 3126
4 2812 1873 1870 3164
4 1497 555 558 3164
4 2244 3144 2245 3339
4 1124 13 1546 3186
4 968 970 703 3303
4 1937 2585 2629 3256
4 2746 2183 2660 3283
4 2179 2795 2853 3244
4 864 2853 1481 3244
4 1001 1529 3135 3237
4 2316 3135 2844 3237
4 747 746 744 3203
4 1190 1374 1196 3274
4 295 2534 1598 3050
4 577 579 578 3243
4 1894 1892 1893 3243
4 1739 1688 395 2889
4 1726 155 1647 515
4 1425 3086 527 3288
4 1842 3086 2740 3288
4 582 1132 1133 2931
4 2448 2447 1897 2931
4 2982 3169 2639 3328
4 340 1668 1733 2977
4 2177 2171 2347 3250
4 1720 1672 416 2984
4 382 1678 1735 2976
4 2762 247 1767 3269
4 670 668 671 3179
4 312 1602 1559 2915
4 1673 420 1719 2914
4 2517 2463 2461 3248
4 2772 2156 2225 3031
4 1457 910 841 3031
4 1585 13 1452 3186
4 1708 1806 407 3027
4 1464 1156 1157 3010
4 2472 2471 2779 3010
4 2097 2009 2742 3214
4 782 1427 694 3214
4 1260 1704 138 3210
4 1548 450 27 1615
4 828 829 813 3230
4 2144 2143 2128 3230
4 1619 1565 105 540
4 2633 2103 2597 3337
4 2042 2780 2039 3155
4 724 1465 727 3155
4 2762 1540 247 3269
4 1773 3246 1695 3363
4 1556 1605 77 3009
4 663 664 662 3174
4 553 2871 552 3373
4 1501 767 717 3184
4 460 1550 41 1592
4 844 860 1257 3161
4 2572 2175 2159 3161
4 464 1616 53 1279
4 2291 2026 2738 3191
4 976 1423 711 3191
4 2513 2504 2512 3104
4 1194 1186 1195 3104
4 2827 2467 2468 3080
4 1639 108 1634 1379
4 1550 257 1592 2784
4 518 905 3236 3370
4 1833 3236 2220 3370
4 908 820 905 3254
4 1478 57 1618 3231
4 561 560 3023 3291
4 865 3286 1102 3374
4 398 1690 1738 2943
4 72 1351 488 3306
4 1578 1626 301 2945
4 1527 915 3113 3277
4 2842 3113 2229 3277
4 403 1710 1691 2978
4 2823 2456 2680 3067
4 1508 1365 1141 3067
4 1937 2890 3256 3353
4 2258 2260 2259 3195
4 946 944 945 3195
4 2082 2816 2032 3184
4 39 1614 1454 1542
4 731 730 728 3185
4 2168 2170 2797 2882
4 853 1482 855 2882
4 1241 1479 840 2892
4 2555 2155 2794 2892
4 2248 3062 2247 3371
4 464 53 1616 1535
4 1873 1874 1872 3164
4 559 558 557 3164
4 1132 1499 1140 3212
4 2447 2455 2814 3212
4 2171 3241 3250 3322
4 700 703 702 3215
4 1639 1633 109 3369
4 1632 1565 322 2820
4 280 2770 1572 3201
4 1077 1078 1420 3273
4 2654 2550 2667 3260
4 572 1487 765 3162
4 1887 2080 2802 3162
4 1122 1120 494 3089
4 2349 2351 1809 3089
4 652 651 653 3259
4 2798 2172 2851 3241
4 1483 2851 857 3241
4 875 447 877 3227
4 2192 1762 2190 3227
4 1704 3210 1260 3315
4 2711 2178 1832 3278
4 863 1396 517 3278
4 1056 223 1503 1756
4 2054 3245 3040 3317
4 739 3040 3245 3317
4 1195 1186 1358 3362
4 35 1265 1628 3143
4 1651 1703 163 2962
4 1334 897 487 3130
4 2212 2649 1802 3130
4 669 668 670 3271
4 1608 1551 19 3042
4 1607 1553 232 2861
4 1732 1687 418 2904
4 516 1453 893 3238
4 2208 2768 1831 3238
4 2441 1796 2276 3316
4 961 481 1116 3316
4 1689 1725 413 2898
4 1542 1583 254 3181
4 1575 306 1604 2928
4 1556 293 1605 3009
4 2447 2814 2931 3212
4 1193 1468 1191 3030
4 2783 2511 2509 3030
4 2092 2293 2292 3264
4 978 777 977 3264
4 1783 1599 318 1566
4 251 1845 1584 3143
4 2721 3079 1761 3364
4 1473 1563 103 516
4 1059 1060 1061 3368
4 458 1695 3246 3363
4 2389 2382 2388 3289
4 1064 1058 1065 3289
4 1847 2581 2401 3043
4 532 1077 1266 3043
4 976 3051 977 3264
4 2292 3051 2291 3264
4 748 747 1498 3203
4 1325 3169 2982 3328
4 2580 1845 251 3143
4 835 809 834 3367
4 2150 2149 2124 3367
4 2847 2872 2088 2874
4 239 1595 1761 3079
4 114 1640 1636 537
4 2057 2687 2060 3021
4 1372 742 745 3021
4 1939 3353 2954 3357
4 1579 46 1461 3168
4 189 1674 1737 3004
4 2616 1866 1864 2873
4 624 2954 3353 3357
4 1500 663 659 3174
4 2673 2437 2683 3281
4 1701 1066 151 3139
4 1190 1191 1192 3359
4 2510 2509 2508 3359
4 2646 2736 2145 3077
4 1152 1512 1153 3080
4 247 1613 1767 3269
4 1538 239 2577 3079
4 1421 1331 830 3077
4 1573 93 1603 3012
4 191 1675 1037 3027
4 2164 2666 3306 3358
4 2088 2137 2138 2874
4 2437 2435 2436 2850
4 1110 1112 1111 2850
4 856 3250 3241 3322
4 2353 1546 229 3186
4 1773 2759 3246 3363
4 1262 3079 1538 3330
4 1583 1542 38 3181
4 1973 1974 2815 2985
4 659 658 1500 2985
4 478 1577 79 3050
4 2765 1999 2002 3046
4 1450 687 684 3046
4 2246 2245 2244 3144
4 932 930 931 3144
4 458 3246 1444 3363
4 514 1461 46 3168
4 1703 1651 379 2962
4 1891 2498 2107 3293
4 549 773 548 2872
4 1983 1985 1986 3179
4 2171 3250 2177 3322
4 2813 2063 2066 3007
4 1498 751 748 3007
4 1224 502 980 3319
4 2544 2295 1817 3319
4 2403 2400 2402 3273
4 104 1563 1619 1453
4 2244 3221 3144 3339
4 2103 2008 2822 3295
4 1238 831 982 3134
4 2532 2297 2146 3134
4 2332 1998 2334 3116
4 1017 1019 683 3116
4 2575 1768 354 3210
4 49 463 1536 3183
4 1465 724 723 3047
4 2780 2038 2039 3047
4 2744 2150 2431 3097
4 1413 1322 827 3233
4 2636 2728 2142 3233
4 1282 1318 1281 3337
4 1461 1108 456 3270
4 1626 2945 912 3277
4 2304 2319 2318 3284
4 989 1003 1004 3284
4 1525 1385 1035 3016
4 2359 2700 2840 3016
4 2173 2697 1768 3137
4 453 1382 858 3137
4 2817 2019 2022 2859
4 1502 707 704 2859
4 2030 3118 2032 3338
4 717 3118 715 3338
4 2380 2379 1830 3082
4 1052 1053 515 3082
4 1322 1527 1387 3113
4 2842 2636 2702 3113
4 1776 2486 2389 3129
4 1065 1169 461 3129
4 2120 2146 3147 3323
4 2326 2325 2324 3119
4 1010 1011 1009 3119
4 1253 3117 1464 3308
4 2779 3117 2568 3308
4 698 696 699 3123
4 2011 2013 2014 3123
4 288 1623 1803 3306
4 1456 1048 462 3300
4 2375 2771 1777 3300
4 1043 632 766 3163
4 2515 2104 1867 3373
4 829 1033 1421 3311
4 2356 2144 2736 3311
4 2542 2621 2808 3170
4 1493 1305 1222 3170
4 2043 2045 2046 3185
4 666 3271 3063 3287
4 2721 1761 2591 3364
4 482 3127 905 3370
4 2220 3127 1797 3370
4 3035 3237 2474 3304
4 1322 1527 3113 3361
4 2636 3113 2842 3361
4 66 1567 1451 1625
4 1626 912 84 3277
4 810 803 1080 3305
4 514 46 1532 3168
4 2693 2821 1856 3132
4 1378 541 1506 3132
4 2476 2475 2477 3263
4 2280 2014 2281 3124
4 965 966 699 3124
4 2542 2800 2621 3103
4 1222 1305 1485 3103
4 1136 1134 1342 2929
4 2657 2449 2451 2929
4 1761 3079 1595 3364
4 1429 1106 835 3097
4 1761 1595 238 3364
4 2324 1986 2803 3219
4 1009 1488 671 3219
4 1068 1071 1070 3313
4 1207 1470 1204 3003
4 2524 2521 2785 3003
4 873 468 904 3038
4 2188 2219 1783 3038
4 1076 1079 1078 3273
4 1998 1999 2765 3172
4 1450 684 683 3172
4 2015 2017 2018 3215
4 911 524 906 3166
4 2221 1839 2272 3166
4 905 482 908 3127
4 2220 2223 1797 3127
4 2477 2378 2476 3294
4 1162 1161 1051 3294
4 2599 2237 2809 3298
4 1287 1494 923 3298
4 2028 2027 2025 3165
4 710 712 713 3165
4 901 900 899 3133
4 2215 2216 2214 3133
4 2088 2847 1864 2872
4 2058 2059 2778 3251
4 743 1463 744 3251
4 1572 64 1624 3201
4 789 775 832 3225
4 1016 1018 1017 3352
4 1628 2580 251 3143
4 2575 354 1704 3210
4 431 1752 1757 2821
4 2334 2765 2336 3279
4 1450 1019 1021 3279
4 2328 1994 2330 3302
4 247 1540 1613 3269
4 1742 453 138 3210
4 1207 1271 1470 3112
4 2785 2586 2524 3112
4 1998 3116 3172 3279
4 683 3172 3116 3279
4 1412 828 1334 3328
4 1551 1608 235 3042
4 1180 845 1181 3290
4 2818 2369 2691 3075
4 1503 1376 1056 3075
4 1704 1260 137 3315
4 1218 1217 1518 3188
4 2537 2538 2833 3188
4 459 1583 3181 3333
4 1464 1157 1055 3114
4 2472 2779 2368 3114
4 2248 2247 2246 3371
4 1684 1736 384 3343
4 267 2589 1581 3314
4 1417 1275 737 3091
4 2571 2732 2052 3091
4 1066 1064 1065 3139
4 2390 2389 2388 3139
4 1852 2650 2368 3114
4 1335 537 1055 3114
4 2633 3005 3192 3337
4 922 925 924 3310
4 1583 1774 3181 3333
4 704 703 1502 3215
4 1302 551 554 2873
4 1741 1685 393 3341
4 2830 2422 2423 3167
4 1515 1100 1099 3167
4 578 1435 575 3243
4 2750 1893 1890 3243
4 2032 2030 2031 3118
4 715 717 716 3118
4 1652 526 132 3187
4 2310 2309 2308 3340
4 2245 2628 2243 3339
4 2773 1841 348 3187
4 1654 360 2583 3366
4 1737 1674 405 3004
4 2125 2404 2118 3305
4 2309 3275 2308 3340
4 2576 1844 2385 3151
4 1061 529 1261 3151
4 1089 1088 1086 3115
4 2411 2412 2409 3115
4 309 1573 1603 3012
4 2080 1887 1885 3296
4 1831 2219 2206 3238
4 891 904 516 3238
4 1631 8 1503 1580
4 2226 1626 300 3277
4 2352 2353 2351 3186
4 1124 1123 1122 3186
4 805 3147 831 3323
4 1788 417 2489 3355
4 1971 1972 1970 3242
4 1033 1569 63 3159
4 789 3225 832 3324
4 2225 2173 2772 3136
4 858 910 1457 3136
4 2844 2474 3237 3304
4 1583 459 37 3333
4 1022 1318 1492 3005
4 2337 2807 2633 3005
4 1585 1546 13 3186
4 1108 1109 1107 3173
4 2433 2432 2434 3173
4 2804 2244 2046 3221
4 930 1489 731 3221
4 2237 2238 2236 3138
4 924 923 922 3138
4 851 1523 1356 3017
4 2838 2166 2671 3017
4 2373 2375 1777 3229
4 1048 1046 462 3229
4 1217 1524 1383 3160
4 2537 2698 2839 3160
4 3063 3271 1981 3287
4 348 1729 2773 3187
4 676 678 677 3331
4 1652 1706 133 1416
4 2638 325 1639 3369
4 1868 1866 1869 2871
4 551 553 554 2871
4 262 1829 1532 3168
4 1841 1652 348 3187
4 2120 2146 2184 3147
4 869 831 805 3147
4 279 1799 1624 3159
4 466 1552 57 3231
4 1273 51 1581 3314
4 2185 2740 2520 3102
4 229 1546 1585 3186
4 2138 2672 2616 2874
4 851 1434 1523 3358
4 1675 191 1708 3027
4 2333 2332 2334 3352
4 1701 1066 3139 3335
4 993 995 1327 3340
4 1771 2433 2776 3270
4 2568 2779 2471 3117
4 1464 1253 1156 3117
4 2239 2582 2236 3310
4 145 1267 1654 3363
4 1755 215 1378 1752
4 478 1216 1255 3348
4 1793 2569 2536 3348
4 2148 2124 2149 3110
4 834 809 833 3110
4 238 1595 1547 3364
4 325 1633 1639 3369
4 1957 2483 2553 3101
4 1167 642 1237 3101
4 538 861 1395 3257
4 2710 2176 1853 3257
4 1261 1430 1061 3368
4 2323 2324 2325 3320
4 1009 1008 1010 3320
4 540 1505 1379 3149
4 2694 2820 1855 3149
4 1684 384 2566 3343
4 1272 49 1611 3183
4 452 1613 31 3269
4 2475 2844 2712 3263
4 1685 2632 393 3341
4 2263 2264 2265 3153
4 950 949 951 3153
4 1160 1161 1162 3263
4 1536 1778 265 3183
4 1555 72 1623 3306
4 2257 2258 2259 3253
4 902 1428 1374 3274
4 1742 354 1768 3210
4 1532 514 3168 3372
4 883 3201 3236 3318
4 2198 3236 3201 3318
4 79 1577 1598 3050
4 1579 1532 46 3168
4 881 518 905 3236
4 1833 2196 2220 3236
4 273 1552 1781 3231
4 302 1587 1578 3329
4 280 1572 1624 3201
4 1708 407 1675 3027
4 2045 2043 2044 3282
4 616 613 615 3232
4 1767 3269 1613 3327
4 1773 1695 361 3363
4 1106 1429 456 3270
4 1532 1579 262 3168
4 2161 2163 2703 3255
4 848 846 1388 3255
4 871 501 1178 3158
4 1816 2186 2500 3158
4 849 1351 851 3358
4 2284 2285 2286 3321
4 2434 1829 2433 3168
4 1109 1108 514 3168
4 2717 2182 2487 3301
4 1402 1170 867 3301
4 1325 812 1294 3169
4 2611 2127 2639 3169
4 1260 138 453 3210
4 1687 1720 417 3355
4 2393 2715 2573 3246
4 1400 1069 1258 3246
4 367 2390 1701 3139
4 1756 1056 223 1749
4 353 1660 1846 3315
4 1799 2646 2198 3201
4 1331 484 883 3201
4 273 1781 2793 3231
4 862 3250 856 3322
4 1142 512 1143 2861
4 1827 2457 2458 2861
4 1240 1148 1144 2862
4 2463 2556 2459 2862
4 544 1168 493 2863
4 2484 1859 1808 2863
4 644 641 643 2864
4 1956 1959 1958 2864
4 2301 2302 1801 2865
4 987 986 486 2865
4 632 633 631 2867
4 1947 1946 1948 2867
4 629 631 1296 2868
4 1944 2612 1946 2868
4 547 550 549 2869
4 1862 1864 1865 2869
4 766 630 1038 2875
4 1945 2081 2362 2875
4 629 628 627 2876
4 1942 1943 1944 2876
4 623 626 625 2879
4 1941 1938 1940 2879
4 1941 2362 2405 2878
4 1081 1038 626 2878
4 2169 2170 2168 2882
4 855 854 853 2882
4 1058 660 1057 2883
4 2382 2381 1975 2883
4 919 477 1158 2884
4 2473 1792 2233 2884
4 634 635 636 2886
4 1949 1951 1950 2886
4 1936 2491 1975 2885
4 1172 621 660 2885
4 1914 1915 1916 2888
4 601 600 599 2888
4 2253 2255 2268 2857
4 941 939 954 2857
4 2401 3085 3043 3273
4 1030 1029 489 2889
4 2344 2345 1804 2889
4 2548 2121 1884 2891
4 2302 2304 2317 2866
4 989 987 1002 2866
4 2645 2395 2396 2887
4 1071 1329 1072 2887
4 840 800 1241 2892
4 2115 2155 2555 2892
4 1936 1934 1937 2890
4 621 622 619 2890
4 1925 1926 2631 2860
4 611 610 1316 2860
4 620 618 769 2896
4 1933 1935 2084 2896
4 1227 638 635 2900
4 2533 1950 1953 2900
4 1309 473 1233 2904
4 2624 2551 1788 2904
4 1646 1701 151 3139
4 1118 1119 762 2895
4 2077 2348 2347 2895
4 641 640 639 2901
4 1954 1955 1956 2901
4 1026 1246 485 2897
4 2561 2341 1800 2897
4 1228 475 957 2898
4 1790 2547 2271 2898
4 646 647 645 2903
4 1961 1960 1962 2903
4 2123 2005 2004 2902
4 689 690 808 2902
4 774 824 791 2908
4 2089 2106 2139 2908
4 2634 2333 2338 2858
4 1319 1023 1018 2858
4 2078 2478 2116 2905
4 763 801 1177 2905
4 500 1311 1254 2906
4 2582 2623 1815 2906
4 1290 1002 522 2907
4 1837 2317 2604 2907
4 545 546 544 2909
4 1860 1859 1861 2909
4 552 550 775 2910
4 1865 1867 2090 2910
4 2428 2119 2034 2894
4 804 1117 719 2894
4 594 591 1236 2911
4 1906 1909 2496 2911
4 569 806 1114 2891
4 1289 757 758 2912
4 2072 2610 2073 2912
4 295 1598 1577 3050
4 1320 1023 521 2916
4 2338 2637 1836 2916
4 839 3197 807 3374
4 714 1117 774 2940
4 2036 2518 2037 2922
4 1201 721 722 2922
4 2658 2480 1820 2915
4 1343 505 1164 2915
4 1401 1541 37 3333
4 1929 2584 2391 2913
4 1067 1268 614 2913
4 2108 2118 2173 3136
4 803 793 858 3136
4 1911 1909 1910 2917
4 595 594 596 2917
4 763 761 786 2919
4 2076 2078 2101 2919
4 2443 1814 2442 2918
4 1128 1127 499 2918
4 1953 1954 2643 2927
4 2613 2481 1821 2914
4 1310 506 1165 2914
4 1921 1922 2645 2921
4 607 606 1329 2921
4 2588 265 1778 3183
4 778 837 1236 2923
4 2152 2093 2496 2923
4 1286 545 811 2937
4 639 638 1328 2927
4 2029 2089 2428 2940
4 618 617 615 2925
4 1933 1930 1932 2925
4 1860 2601 2126 2937
4 2587 1813 2441 2935
4 1116 498 1269 2935
4 1798 2339 2634 2938
4 483 1319 1024 2938
4 2657 2557 1789 2928
4 1242 1342 474 2928
4 962 1281 1113 2920
4 2596 2277 2427 2920
4 725 1205 1202 2936
4 2040 2519 2522 2936
4 2091 1967 1965 2924
4 652 776 650 2924
4 2007 2438 2010 2939
4 1082 692 695 2939
4 1480 840 1479 3171
4 2155 2796 2794 3171
4 568 567 565 2934
4 1883 1880 1882 2934
4 1337 603 602 2944
4 2652 1917 1918 2944
4 2079 2585 1932 2942
4 617 1270 764 2942
4 2501 1912 1914 2899
4 1175 599 597 2899
4 2102 2483 1961 2926
4 787 646 1167 2926
4 1992 1989 2503 2966
4 1185 674 677 2966
4 1401 37 459 3333
4 2018 2019 2817 3215
4 1118 856 862 3250
4 754 755 756 3307
4 2070 2069 2071 3307
4 2421 2570 1838 2947
4 1098 523 1256 2947
4 814 838 815 3193
4 2153 2129 2130 3193
4 2283 2018 2285 3303
4 2643 2553 2377 2948
4 1050 1237 1328 2948
4 273 2793 1618 3231
4 640 1326 1292 2941
4 1955 2605 2641 2941
4 2560 2620 2296 2951
4 981 1308 1245 2951
4 1008 1006 1026 2950
4 2341 2321 2323 2950
4 2001 2429 2004 2946
4 1104 686 689 2946
4 957 929 927 2952
4 2243 2271 2241 2952
4 870 1203 1425 3102
4 1077 3043 3085 3273
4 2311 2843 2733 3292
4 996 1418 1528 3292
4 534 1534 51 3314
4 1584 35 1628 3143
4 960 959 481 2943
4 2274 2275 1796 2943
4 63 484 1033 3159
4 2688 1875 1876 3023
4 560 1373 561 3023
4 913 912 476 2945
4 2227 1791 2226 2945
4 1704 1742 138 3210
4 981 971 969 3321
4 729 1209 1206 2949
4 2044 2523 2526 2949
4 514 1532 47 3372
4 1903 1900 1902 2957
4 585 588 587 2957
4 2588 1611 265 3183
4 1187 1188 669 2955
4 2506 2505 1984 2955
4 784 1139 1487 3218
4 2099 2802 2454 3218
4 458 145 1695 3363
4 1889 1891 2085 2953
4 574 770 576 2953
4 2665 1993 1992 3331
4 1330 1314 624 2954
4 1939 2629 2644 2954
4 2554 2430 2000 2959
4 1105 1239 685 2959
4 23 1538 1262 3079
4 2640 2086 2612 2961
4 849 3306 1351 3358
4 253 1774 1583 3333
4 1298 510 958 2963
4 2273 1825 2614 2963
4 771 1324 1296 2961
4 1027 772 821 2972
4 2136 2087 2342 2972
4 2368 2779 1854 3308
4 1464 1055 539 3308
4 103 1599 1563 1473
4 2508 2514 2689 3274
4 1847 360 1694 3366
4 1644 115 1636 1504
4 1643 323 1634 2820
4 603 605 604 2960
4 1918 1919 1920 2960
4 1232 1231 1338 2956
4 2549 2550 2653 2956
4 1910 2598 1913 2964
4 595 598 1284 2964
4 1538 23 1595 3079
4 2249 2251 2269 2967
4 937 935 955 2967
4 2267 2618 1786 2971
4 471 1307 953 2971
4 890 1407 1375 3276
4 1376 1503 8 1580
4 1822 2346 2300 2976
4 507 985 1031 2976
4 2226 300 2357 3277
4 2360 2552 2546 2969
4 1234 1036 1226 2969
4 484 3159 1624 3201
4 2270 2558 2628 2974
4 1243 956 1313 2974
4 152 1066 1701 3335
4 1984 1985 1983 3271
4 1538 1595 239 3079
4 1421 830 829 3230
4 2736 2144 2145 3230
4 2602 2617 2340 2975
4 1025 1304 1285 2975
4 2709 2298 2178 3278
4 863 983 1394 3278
4 1782 2315 2314 2962
4 467 999 1000 2962
4 805 804 721 3323
4 1045 1227 783 2973
4 2372 2098 2533 2973
4 1794 2609 2544 2978
4 1303 479 1224 2978
4 918 920 917 2965
4 2234 2232 2231 2965
4 1340 470 1336 2981
4 2656 2651 1785 2981
4 2090 2147 2470 3225
4 2223 2220 2135 3254
4 759 760 758 2970
4 2073 2075 2074 2970
4 1149 513 1150 2977
4 1828 2464 2465 2977
4 1834 2622 2603 2983
4 1306 519 1288 2983
4 2489 1819 2625 2984
4 504 1174 1291 2984
4 681 1239 1349 2980
4 2554 1996 2664 2980
4 1182 1180 1375 3276
4 1480 3058 853 3336
4 1767 1613 246 3327
4 649 650 647 2979
4 1965 1964 1962 2979
4 1781 3231 1552 3350
4 2831 2710 2369 3075
4 1056 1395 1516 3075
4 1406 1211 1212 3356
4 2528 2721 2529 3356
4 825 1325 776 2982
4 2091 2639 2140 2982
4 1872 2563 1871 3262
4 557 556 1248 3262
4 1524 1393 872 3222
4 2708 2839 2187 3222
4 636 1292 794 2958
4 2109 2605 1951 2958
4 1654 1694 360 3366
4 2629 2131 2165 3098
4 816 1314 850 3098
4 1054 1504 1377 3208
4 2367 2692 2819 3208
4 2583 2781 2397 3366
4 1824 2545 2266 2986
4 1225 509 952 2986
4 1080 454 1420 3272
4 1769 2404 2735 3272
4 1527 1032 915 3277
4 2842 2229 2357 3277
4 1701 1646 367 3139
4 2730 2567 2176 3257
4 1415 861 1252 3257
4 867 520 1431 3301
4 2182 2746 1835 3301
4 877 526 878 3187
4 2192 2193 1841 3187
4 2174 2404 2734 3272
4 1080 859 1419 3272
4 865 1102 1405 3374
4 732 735 734 2855
4 2047 2049 2050 2855
4 2793 3231 2213 3349
4 898 3231 1478 3349
4 2616 2873 2847 2874
4 672 675 674 2856
4 1987 1989 1990 2856
4 1818 2659 2676 2988
4 1344 503 1361 2988
4 820 908 1324 3254
4 585 583 584 2987
4 1898 1900 1899 2987
4 2006 2003 2005 3105
4 691 690 688 3105
4 1529 1159 1160 3304
4 2583 361 1654 3363
4 1555 1623 288 3306
4 1420 1078 1080 3305
4 1529 1160 1397 3263
4 707 706 704 2859
4 2022 2019 2021 2859
4 543 493 542 3145
4 1808 1858 1857 3145
4 2751 1986 2322 3219
4 1007 671 1436 3219
4 86 476 1578 3329
4 731 1437 928 3221
4 2046 2242 2752 3221
4 2445 2444 2443 2932
4 1130 1128 1129 2932
4 1232 1352 1384 3260
4 2583 3363 1654 3366
4 2575 353 1846 3315
4 1774 2202 2201 3181
4 886 887 459 3181
4 72 1555 1351 3306
4 1967 1968 1966 3259
4 1855 322 1565 2820
4 2670 2455 2823 3141
4 1140 1355 1508 3141
4 2313 2642 2440 2989
4 1115 1327 998 2989
4 1229 819 770 2997
4 2744 2431 1771 3270
4 1184 553 552 3373
4 1881 2757 2417 3194
4 566 1094 1442 3194
4 1584 1628 251 3143
4 37 1541 1583 3333
4 2029 2031 2030 3118
4 715 716 714 3118
4 1433 514 47 3372
4 2498 1895 2674 3000
4 1197 1359 580 3000
4 107 1641 1379 1505
4 880 1347 1362 2990
4 2662 2195 2677 2990
4 1269 967 964 2994
4 2392 2395 2631 3313
4 2575 3210 1704 3315
4 2821 1856 1744 430
4 2439 2085 2134 2997
4 834 1244 1249 3128
4 2559 2149 2564 3128
4 2282 2587 2279 2994
4 2015 2014 2013 3326
4 699 700 698 3326
4 2683 2436 2665 2991
4 1350 1111 1368 2991
4 865 839 807 3374
4 1534 1849 267 3314
4 2475 2476 2102 3304
4 2024 2021 2495 2999
4 706 709 1182 2999
4 867 1431 868 3228
4 2746 2182 2183 3228
4 1742 1704 354 3210
4 1803 2666 288 3306
4 2331 2329 2330 2993
4 1015 1014 1016 2993
4 2356 279 1569 3159
4 1729 1652 132 3187
4 1517 1394 1378 3132
4 2832 2693 2709 3132
4 1399 907 460 3252
4 1775 2222 2714 3252
4 2575 1704 353 3315
4 2691 224 2818 1630
4 2255 2256 2257 3001
4 941 943 942 3001
4 1200 795 697 2995
4 2516 2012 2110 2995
4 993 3068 3275 3340
4 1552 1618 57 3231
4 431 2693 1752 2821
4 945 943 953 3253
4 582 581 583 3360
4 982 824 1238 3134
4 2532 2139 2297 3134
4 2282 2283 2284 3025
4 1153 1512 1248 3332
4 300 1561 2357 3277
4 502 1367 1366 3004
4 2682 1817 2681 3004
4 2292 3235 3051 3264
4 3051 3235 977 3264
4 279 2356 1799 3159
4 2370 2081 1947 3163
4 2366 2387 2405 2880
4 1042 1081 1063 2880
4 1151 1392 1513 3178
4 2707 2466 2828 3178
4 2836 2726 2095 3176
4 1521 780 1411 3176
4 1273 534 51 3314
4 267 1849 2589 3314
4 63 1624 484 3159
4 1561 84 1032 3277
4 1491 932 934 3371
4 2749 1622 289 3358
4 1470 1271 450 3280
4 2785 1765 2586 3280
4 1219 497 1255 3009
4 2539 2569 1812 3009
4 1397 1001 1529 3135
4 2844 2316 2712 3135
4 2409 2407 2408 3266
4 1086 1085 1084 3266
4 2402 2735 2404 3305
4 51 1534 1581 3314
4 1207 1204 1206 3003
4 2521 2524 2523 3003
4 1384 1173 472 3012
4 2699 1787 2488 3012
4 701 1369 1200 3022
4 2684 2016 2516 3022
4 2598 2094 2635 3002
4 1284 1321 779 3002
4 551 1302 549 2873
4 86 1587 1127 3329
4 2337 2633 2345 3005
4 1318 1022 1030 3005
4 2700 2095 2627 3024
4 780 1385 1297 3024
4 967 969 968 3025
4 1773 2759 2393 3246
4 458 1069 1444 3246
4 1529 1001 1390 3237
4 2316 2844 2705 3237
4 653 1183 652 3259
4 1549 2574 246 3327
4 1389 491 1037 3027
4 2361 1806 2704 3027
4 1781 1552 272 3350
4 2583 1773 361 3363
4 1701 3139 2390 3335
4 1121 1119 1120 3014
4 2348 2350 2349 3014
4 1179 791 845 3008
4 2160 2106 2492 3008
4 323 1634 2820 2694
4 1208 1211 1438 3249
4 2525 2753 2528 3249
4 1534 267 1581 3314
4 1811 2793 2213 3349
4 898 1478 496 3349
4 458 1267 145 3363
4 659 657 658 2985
4 1972 1974 1973 2985
4 2502 2112 2211 3177
4 797 1183 896 3177
4 1928 1930 1929 3232
4 1155 1157 1156 3010
4 2472 2470 2471 3010
4 1477 994 992 3275
4 2309 2792 2307 3275
4 2034 2035 2033 3019
4 718 720 719 3019
4 1569 1624 63 3159
4 946 948 1484 3240
4 2260 2799 2262 3240
4 841 910 837 3031
4 2152 2225 2156 3031
4 1652 1729 348 3187
4 2374 2377 2376 3015
4 1050 1047 1049 3015
4 1446 495 846 3255
4 2161 1810 2761 3255
4 518 1451 905 3370
4 2766 1833 2220 3370
4 1767 246 2574 3327
4 2506 2509 2511 3030
4 1193 1191 1188 3030
4 273 1618 1552 3231
4 1358 1368 1112 3281
4 2520 2740 2845 3086
4 1530 1425 1203 3086
4 1924 1927 1926 3334
4 1781 2214 2213 3231
4 466 898 899 3231
4 2193 2674 2195 3234
4 1064 1063 1058 3289
4 2388 2382 2387 3289
4 1657 119 118 1253
4 2367 2819 331 1642
4 1260 531 137 3315
4 1492 788 1295 3192
4 2807 2606 2103 3192
4 137 531 1660 3315
4 1132 1131 1133 2931
4 2447 2448 2446 2931
4 1971 2502 2701 3041
4 1386 1183 656 3041
4 1094 1300 1490 3194
4 2619 2417 2805 3194
4 571 574 573 3026
4 1888 1889 1886 3026
4 145 144 1654 1267
4 2251 2252 2253 3037
4 49 1536 1611 3183
4 2825 2205 2203 2848
4 1510 888 890 2848
4 622 1314 1270 3256
4 2168 2797 2796 3058
4 1482 853 1480 3058
4 1758 439 2818 1749
4 1856 1679 1744 430
4 1641 1634 107 1379
4 1906 1905 1907 3028
4 591 592 590 3028
4 2184 2574 1842 3288
4 869 527 1259 3288
4 915 1032 912 3277
4 2229 2226 2357 3277
4 279 1624 1569 3159
4 2666 1555 288 3306
4 2053 2056 2055 3317
4 741 738 740 3317
4 1919 2607 2698 3020
4 604 1383 1301 3020
4 999 997 1390 3029
4 2705 2312 2314 3029
4 1532 3168 1829 3372
4 1581 267 268 2589
4 929 931 930 3339
4 145 1654 1695 3363
4 2326 2811 2328 3261
4 1496 1011 1013 3261
4 2425 1764 2180 3286
4 448 1102 865 3286
4 1035 1396 1525 3142
4 2711 2359 2840 3142
4 1847 2583 360 3366
4 1054 1636 115 1504
4 2052 2732 2675 3217
4 1417 737 1360 3217
4 449 1096 1280 3042
4 2419 1763 2595 3042
4 1580 224 2691 1630
4 2336 2606 2807 3055
4 1295 1021 1492 3055
4 2513 2673 2504 3362
4 2673 2683 2503 3281
4 2347 2171 2169 3250
4 750 748 751 3007
4 2063 2065 2066 3007
4 25 26 1271 1539
4 2029 2027 2028 3165
4 713 712 714 3165
4 2318 2320 2321 3036
4 1003 1006 1005 3036
4 926 925 927 3034
4 2240 2241 2239 3034
4 2786 1979 1982 3287
4 1471 667 664 3287
4 2432 2664 2434 3173
4 1349 1107 1109 3173
4 2373 2372 2374 2998
4 1046 1047 1045 2998
4 1660 1704 137 3315
4 1192 1374 1190 3268
4 2510 2508 2689 3268
4 2371 2380 2370 3048
4 1044 1043 1053 3048
4 937 939 938 3037
4 1654 361 1695 3363
4 2720 2180 2154 3374
4 1276 1519 1101 2854
4 2834 2591 2424 2854
4 1223 1221 1222 3285
4 2718 2365 2364 3312
4 657 656 655 3242
4 331 2367 1642 1636
4 464 1279 1192 3175
4 2594 1779 2510 3175
4 723 724 722 3047
4 2038 2037 2039 3047
4 686 684 687 3046
4 2001 2002 1999 3046
4 2745 2385 2383 3368
4 1145 1147 1143 3182
4 2465 2468 2467 3080
4 1611 1536 265 3183
4 2765 2334 1998 3279
4 1019 1450 683 3279
4 1704 1660 353 3315
4 1159 1529 1390 3237
4 2705 2844 2474 3237
4 2689 2743 2217 3274
4 1179 709 710 3150
4 1377 116 1743 1504
4 1233 506 954 3342
4 2622 2327 2329 3011
4 1014 1012 1306 3011
4 1330 868 1345 3283
4 248 249 1582 2572
4 875 876 792 3069
4 2190 2107 2191 3069
4 535 1048 1456 3300
4 1850 2771 2375 3300
4 1085 1087 1336 2992
4 2410 2408 2651 2992
4 1780 2590 2477 3325
4 465 1162 1274 3325
4 822 891 796 3071
4 2137 2111 2206 3071
4 892 894 1298 3006
4 2209 2207 2614 3006
4 138 137 1704 1260
4 1977 1978 1974 3174
4 1331 883 882 3318
4 2197 2198 2646 3318
4 1541 2716 253 3333
4 1148 1280 1199 3248
4 571 572 570 3296
4 1391 1593 56 3350
4 2426 2727 2144 3311
4 1412 1103 829 3311
4 794 881 820 3032
4 2109 2135 2196 3032
4 1848 2739 2801 2852
4 1486 1424 533 2852
4 578 1137 1435 3309
4 1893 2750 2452 3309
4 1541 253 1583 3333
4 1095 1343 1093 3056
4 2416 2658 2418 3056
4 576 792 1197 3293
4 1385 1036 1035 3016
4 2360 2700 2359 3016
4 1963 2096 2474 3035
4 781 648 1159 3035
4 1407 1371 705 3057
4 2722 2020 2686 3057
4 86 1127 476 3329
4 2308 3275 3068 3340
4 1041 1040 1039 3312
4 1520 1380 879 2849
4 2695 2835 2194 2849
4 565 563 564 3059
4 1878 1880 1879 3059
4 1015 1445 679 3302
4 2507 1981 1980 3063
4 666 1189 665 3063
4 2649 2639 2143 3328
4 2534 1793 2535 3050
4 478 1214 1215 3050
4 2716 1774 253 3333
4 1812 2592 2541 3202
4 1221 1277 497 3202
4 1150 1152 1153 3080
4 1358 1404 1195 3362
4 2266 2261 2263 3018
4 952 949 947 3018
4 960 963 1363 3199
4 1923 1924 1922 3073
4 609 608 607 3073
4 71 70 1574 1028
4 1874 1876 1875 3291
4 2325 2617 2323 3320
4 1010 1008 1304 3320
4 2806 2246 2050 3371
4 1772 1645 368 3335
4 1876 1874 1877 3291
4 1781 272 2706 3350
4 1198 750 753 3100
4 2068 2065 2497 3100
4 13 14 1124 1546
4 2798 2831 1851 2851
4 536 1516 1483 2851
4 2822 2008 2097 3214
4 1507 782 693 3214
4 368 1701 2390 3335
4 2519 2185 2520 3102
4 289 1622 1555 3358
4 73 1622 1434 3358
4 2633 2807 2103 3192
4 788 1492 1318 3192
4 799 764 816 3265
4 1882 2619 1885 3076
4 83 82 1596 490
4 1522 916 785 3220
4 2437 2841 2435 2850
4 1112 1110 1526 2850
4 2319 2304 2490 3284
4 989 1004 1176 3284
4 888 1401 459 3333
4 1159 787 1160 3304
4 1099 1100 1097 3167
4 2422 2420 2423 3167
4 2297 2175 1767 3269
4 452 860 982 3269
4 2843 2311 2312 3146
4 996 1528 997 3146
4 2446 2449 2655 2846
4 1581 52 51 1273
4 1324 838 814 3193
4 2153 2640 2129 3193
4 1267 1466 532 3366
4 1613 3269 452 3327
4 567 570 1300 3076
4 2666 289 1555 3358
4 1743 1665 116 1377
4 1101 1417 1360 3217
4 2732 2424 2675 3217
4 1134 1131 1341 2846
4 2646 2145 2641 3077
4 1326 830 1331 3077
4 1066 152 457 3335
4 2038 2237 2599 3298
4 723 1287 923 3298
4 1481 1517 1283 2853
4 2795 2600 2832 2853
4 1110 514 1433 3372
4 832 775 1155 3225
4 2541 2543 2542 3285
4 1593 2706 272 3350
4 2431 2150 2430 3097
4 922 921 919 3096
4 695 696 697 3122
4 525 1438 1211 3330
4 2753 1840 2528 3330
4 788 693 691 3295
4 851 1356 799 3017
4 2114 2671 2166 3017
4 2722 2690 2495 3276
4 1241 864 1481 3244
4 2179 2555 2795 3244
4 628 815 1293 2877
4 2130 1943 2608 2877
4 2455 2456 2823 3141
4 1508 1141 1140 3141
4 2223 2135 2640 3254
4 2798 2170 2172 3241
4 855 1483 857 3241
4 661 1428 1381 3083
4 2743 1976 2696 3083
4 1613 1549 246 3327
4 1479 984 1480 3171
4 2794 2796 2299 3171
4 1433 47 1610 3372
4 2666 1555 3306 3358
4 2531 2158 2662 3084
4 843 1213 1347 3084
4 1345 1028 1472 3106
4 2343 2660 2787 3106
4 978 977 979 3235
4 2292 2293 2294 3235
4 861 1415 862 3322
4 2177 2730 2176 3322
4 1513 1348 1152 2996
4 2828 2467 2663 2996
4 159 158 1648 535
4 1365 914 1141 3067
4 2228 2680 2456 3067
4 494 11 12 1545
4 853 801 840 3336
4 2322 1986 2324 3219
4 671 1007 1009 3219
4 1106 1105 835 3097
4 817 600 818 2893
4 1915 2132 2133 2893
4 1406 446 1262 3079
4 2721 2577 1761 3079
4 673 1186 1187 3095
4 2504 1988 2505 3095
4 2055 2054 2053 3317
4 739 740 738 3317
4 2095 2726 2074 3176
4 759 1411 780 3176
4 2307 1973 2815 3204
4 992 1500 658 3204
4 2244 2242 2046 3221
4 731 928 930 3221
4 1127 914 476 3329
4 2049 2571 2052 3091
4 734 737 1275 3091
4 561 562 559 3291
4 2666 2749 289 3358
4 2652 2399 2400 3094
4 1076 1075 1337 3094
4 456 44 45 1531
4 2342 2123 2148 3109
4 2236 2233 2235 3096
4 2260 2262 2261 3240
4 948 946 947 3240
4 155 154 1647 515
4 1253 1464 539 3308
4 2779 2568 1854 3308
4 644 812 813 2881
4 2128 2127 1959 2881
4 561 559 560 3291
4 1203 870 1202 3102
4 903 1469 460 3252
4 2784 2218 1775 3252
4 2710 2691 2369 3075
4 1056 1376 1395 3075
4 2310 2312 2311 3146
4 995 996 997 3146
4 2369 2818 439 1749
4 2120 2119 2146 3323
4 2287 2817 2022 3211
4 707 1502 972 3211
4 588 790 778 3099
4 1210 1209 733 3111
4 2048 2526 2527 3111
4 785 916 1365 3220
4 129 128 1664 524
4 368 2390 1772 3335
4 883 518 881 3236
4 2198 2196 1833 3236
4 887 1369 889 3120
4 2202 2204 2684 3120
4 2167 2724 2163 3126
4 848 1409 852 3126
4 1220 1219 1218 3108
4 2540 2538 2539 3108
4 460 41 42 1592
4 452 1259 30 3327
4 1811 2213 2210 3349
4 895 898 496 3349
4 2011 2010 2012 3122
4 284 283 1797 1589
4 2328 2327 2326 3261
4 1012 1013 1011 3261
4 263 2748 1610 3372
4 1022 1021 1020 3140
4 2220 1797 2766 3370
4 482 905 1451 3370
4 2063 2062 2061 3203
4 2105 1903 2093 3099
4 2309 2307 2308 3275
4 992 994 993 3275
4 318 317 1783 1566
4 150 149 1702 461
4 1701 152 151 1066
4 1561 1626 84 3277
4 586 1140 1499 3212
4 1901 2814 2455 3212
4 1230 754 757 3207
4 56 466 1391 3350
4 1980 1977 2514 3154
4 1196 662 665 3154
4 2501 2403 2125 2968
4 1079 1175 810 2968
4 2024 2492 2025 3150
4 1027 833 808 3109
4 1807 2796 2797 3058
4 1480 492 1482 3058
4 1582 33 32 1257
4 1073 1444 1070 3013
4 2759 2397 2394 3013
4 862 856 861 3322
4 2171 2177 2176 3322
4 215 216 1378 1752
4 2070 2071 2726 3307
4 756 755 1411 3307
4 2061 2669 2064 3267
4 1354 746 749 3267
4 452 30 1613 3327
4 1373 560 1512 3023
4 2688 2827 1875 3023
4 712 711 1423 3191
4 2026 2027 2738 3191
4 1626 1561 300 3277
4 1997 1999 1998 3172
4 683 684 682 3172
4 335 334 2568 1657
4 2583 361 360 1654
4 2809 2661 2082 3072
4 1346 1494 767 3072
4 1153 1248 1426 3332
4 171 172 485 1716
4 1699 2473 410 411
4 399 400 1700 2441
4 726 728 729 3282
4 666 668 669 3271
4 615 613 614 3232
4 1495 1145 1146 3049
4 2810 2461 2460 3049
4 1593 272 1552 3350
4 878 880 1359 3234
4 511 217 218 1753
4 2108 1911 2083 3131
4 596 793 768 3131
4 253 254 1583 1774
4 2442 303 302 1587
4 968 703 1474 3303
4 739 936 1439 3245
4 2754 2250 2054 3245
4 1374 1428 1196 3274
4 1527 915 1387 3113
4 2229 2842 2702 3113
4 1189 1191 1190 3359
4 2509 2507 2508 3359
4 2039 2041 2042 3155
4 726 724 727 3155
4 2460 2458 2462 3182
4 519 173 174 1715
4 47 1532 1610 3372
4 802 864 1241 3244
4 2117 2555 2179 3244
4 280 279 1799 1624
4 1108 1106 456 3270
4 2687 2826 2060 3021
4 1511 1372 745 3021
4 2058 2252 2754 3065
4 743 1439 938 3065
4 736 1491 739 3040
4 2806 2051 2054 3040
4 1254 925 922 3310
4 2259 2267 2257 3253
4 2337 2335 2336 3140
4 1366 977 975 3051
4 2681 2290 2292 3051
4 670 671 672 3179
4 1240 17 18 1554
4 1559 96 95 505
4 178 179 1029 1688
4 506 203 204 1673
4 1224 187 188 1710
4 976 777 1423 3264
4 2291 2738 2092 3264
4 208 209 1234 1709
4 222 223 1056 1749
4 125 124 1668 513
4 386 387 1683 2561
4 2278 2275 2678 3199
4 389 1686 388 2602
4 1872 1870 1873 3164
4 557 558 555 3164
4 1703 164 163 467
4 166 167 985 1678
4 1587 86 1578 3329
4 1808 328 327 1635
4 2299 434 1748 435
4 2401 2402 2400 3273
4 2336 2002 2606 3055
4 1021 1295 687 3055
4 765 1487 1352 3162
4 2080 2667 2802 3162
4 1171 1426 852 3033
4 2741 2485 2167 3033
4 2781 2401 2398 3085
4 1466 1074 1077 3085
4 2103 2006 2008 3295
4 1681 390 391 2603
4 477 193 194 1692
4 182 183 481 1690
4 1578 86 85 476
4 88 87 1557 499
4 195 196 500 1671
4 444 1166 1475 3044
4 2482 1759 2790 3044
4 894 540 1379 3149
4 2209 2694 1855 3149
4 1001 1397 1333 3135
4 2712 2316 2648 3135
4 504 199 200 1672
4 498 184 185 1670
4 492 219 220 1751
4 1637 111 110 1168
4 2171 2172 2170 3241
4 857 856 855 3241
4 1434 1351 73 3358
4 784 1138 1139 3218
4 2453 2099 2454 3218
4 2417 2619 1881 3194
4 1300 1094 566 3194
4 1968 1967 2502 3259
4 732 730 731 3185
4 2597 2822 2678 3053
4 1507 1282 1363 3053
4 1547 237 238 2570
4 541 1378 1394 3132
4 2709 2693 1856 3132
4 426 1784 1680 425
4 424 1824 1676 423
4 1484 755 752 3061
4 2799 2067 2070 3061
4 1777 2379 2373 3229
4 462 1046 1052 3229
4 1552 3231 466 3350
4 1558 92 91 503
4 2206 2208 1831 3238
4 891 516 893 3238
4 1496 679 676 3052
4 2811 1991 1994 3052
4 2245 2247 2270 3297
4 956 933 931 3297
4 2789 2281 2014 3124
4 966 1474 699 3124
4 1420 1266 1077 3043
4 2581 2735 2401 3043
4 654 651 1418 3205
4 1966 1969 2733 3205
4 143 142 1718 1266
4 277 276 1802 1571
4 663 662 659 3174
4 2331 2332 2333 3352
4 1398 468 873 3038
4 2188 1783 2713 3038
4 1532 1829 263 3372
4 2751 2320 1982 3078
4 1005 1436 667 3078
4 1767 2574 2723 3327
4 2667 2550 2699 3260
4 1325 1334 828 3328
4 718 717 767 3184
4 246 247 1613 1767
4 554 1497 1357 3088
4 2812 1869 2672 3088
4 2162 2161 2104 3324
4 846 847 789 3324
4 2672 2138 2189 2874
4 2752 2240 2042 3081
4 727 926 1437 3081
4 2668 2293 2816 3045
4 978 1353 1501 3045
4 884 903 821 3054
4 2199 2136 2218 3054
4 1476 711 708 3066
4 2791 2023 2026 3066
4 1872 1875 2563 3262
4 560 557 1248 3262
4 2801 2217 2215 3258
4 1486 900 902 3258
4 815 867 868 3228
4 2183 2182 2130 3228
4 854 856 1118 3250
4 1077 1076 1078 3273
4 1302 773 549 2847
4 2033 2082 2032 3184
4 577 578 575 3243
4 1893 1892 1890 3243
4 1795 2838 2543 3039
4 1523 480 1223 3039
4 1979 1981 1982 3287
4 666 664 667 3287
4 1135 1137 578 3309
4 2452 2450 1893 3309
4 899 1386 901 3133
4 2216 2701 2214 3133
4 2760 1998 2332 3116
4 683 1445 1017 3116
4 2621 2800 2113 3103
4 1485 1305 798 3103
4 1878 1877 2757 3121
4 1442 562 563 3121
4 77 76 1556 497
4 1104 809 835 3367
4 2124 2429 2150 3367
4 2249 2247 2248 3062
4 933 935 934 3062
4 131 130 1659 447
4 2844 2475 2474 3304
4 2296 2284 2286 3321
4 1598 80 79 1214
4 20 21 523 1591
4 522 169 170 1717
4 1427 699 696 3123
4 2014 2742 2011 3123
4 483 175 176 1714
4 655 654 1477 3064
4 2792 1969 1970 3064
4 1257 1459 844 3161
4 2572 2159 2774 3161
4 1555 1622 73 3358
4 2670 1905 1902 3190
4 2464 340 339 1733
4 1518 1217 1370 3188
4 2537 2833 2685 3188
4 717 715 777 3338
4 2030 2032 2092 3338
4 1398 874 1084 3299
4 2713 2407 2189 3299
4 2675 2830 2056 3074
4 741 1515 1360 3074
4 2837 2100 2230 3220
4 1607 232 233 1827
4 1739 395 396 1804
4 397 398 1738 2274
4 2547 1725 413 412
4 2468 2563 2827 3332
4 418 419 1732 2551
4 1722 414 415 2558
4 305 304 2647 1609
4 1396 1035 1034 3142
4 2711 2358 2359 3142
4 2616 1864 2088 2847
4 2557 307 306 1604
4 1211 1208 1210 3249
4 2527 2525 2528 3249
4 59 58 1564 496
4 311 310 2549 1617
4 1034 210 211 1711
4 491 190 191 1708
4 2609 2286 2288 3070
4 1303 973 971 3070
4 416 417 1720 2489
4 1684 384 385 2566
4 1524 1217 1215 3160
4 2537 2839 2535 3160
4 1685 392 393 2632
4 2376 2737 1850 3087
4 1422 1049 535 3087
4 2486 1776 2745 3129
4 461 1169 1430 3129
4 1682 1786 421 422
4 527 28 29 1594
4 206 207 1225 1712
4 1701 368 1645 3335
4 402 403 1691 1794
4 885 886 884 3180
4 2201 2200 2199 3180
4 2748 263 1829 3372
4 1793 295 294 1577
4 1551 235 236 2419
4 1448 836 842 3092
4 2763 2157 2151 3092
4 381 380 2440 1666
4 1262 525 1211 3330
4 1840 2577 2528 3330
4 1986 1985 1987 3179
4 379 378 2315 1651
4 46 47 514 1532
4 2308 2305 2346 3068
4 990 993 1031 3068
4 67 68 482 1589
4 314 313 1785 1568
4 152 1701 1645 3335
4 897 825 895 3060
4 2212 2210 2140 3060
4 309 308 2488 1603
4 2490 1978 2786 3107
4 1176 1471 663 3107
4 2099 2750 1888 3125
4 573 1435 784 3125
4 353 352 1846 1660
4 2307 2815 2306 3204
4 1500 992 991 3204
4 494 1120 1415 3089
4 2349 1809 2730 3089
4 9 10 538 1544
4 2149 2714 2148 3110
4 833 1399 834 3110
4 1553 231 232 2457
4 1689 413 414 1790
4 1345 1431 1028 3106
4 2343 2746 2660 3106
4 417 418 1687 1788
4 306 305 1789 1575
4 1071 1068 1316 3313
4 33 34 455 1543
4 56 1552 466 3350
4 1410 1264 842 3224
4 2725 2157 2579 3224
4 2238 2237 2780 3138
4 923 924 1465 3138
4 1066 1065 1462 3139
4 2389 2390 2777 3139
4 1485 1223 1222 3285
4 2285 2817 2287 3211
4 970 972 1502 3211
4 404 405 1674 1817
4 396 397 1669 2427
4 1600 99 98 1315
4 1769 358 357 1661
4 383 384 1736 1801
4 393 394 1741 1836
4 2226 301 300 1626
4 2231 1740 409 408
4 313 312 2480 1602
4 2431 2433 1771 3270
4 2706 2215 1781 3350
4 421 2481 1719 420
4 1085 508 1084 3266
4 1823 2408 2407 3266
4 1429 834 1249 3128
4 2564 2149 2744 3128
4 401 402 1723 2560
4 2774 2160 2494 3290
4 286 285 1835 1590
4 2046 2045 2047 3185
4 2755 2513 2512 3104
4 1195 1440 1194 3104
4 1608 234 235 1763
4 282 281 1833 1625
4 1041 1042 1432 3093
4 2365 2747 2366 3093
4 1351 1555 73 3358
4 325 324 2638 1639
4 2072 2069 2530 3207
4 52 53 464 1535
4 362 361 1773 1695
4 534 50 51 1534
4 1735 382 1822 381
4 349 348 1841 1652
4 2469 342 341 1734
4 2184 1842 2740 3288
4 869 1425 527 3288
4 2775 2411 2413 3090
4 1088 1460 1090 3090
4 2354 2352 2350 3200
4 56 1593 1552 3350
4 1334 487 1412 3130
4 2727 1802 2649 3130
4 1207 1438 1271 3112
4 2524 2586 2753 3112
4 373 372 1777 1650
4 704 702 703 3215
4 2008 2009 2097 3214
4 694 693 782 3214
4 336 335 1810 1697
4 228 227 1809 1545
4 2569 294 293 1605
4 2146 2723 2184 3147
4 831 869 1408 3147
4 1265 530 1414 3143
4 1845 2580 2729 3143
4 2147 2104 2161 3324
4 789 832 846 3324
4 292 291 2592 1588
4 779 1522 592 3239
4 1907 2837 2094 3239
4 2224 436 1750 437
4 326 325 1825 1633
4 1078 810 1080 3305
4 147 146 1656 1258
4 1565 106 105 540
4 1886 1885 1887 3296
4 1350 677 678 3331
4 22 23 446 1595
4 515 1053 1403 3082
4 1830 2718 2380 3082
4 1864 2847 2616 2873
4 272 273 1552 1781
4 830 813 829 3230
4 2144 2128 2145 3230
4 2471 2761 2568 3117
4 1446 1156 1253 3117
4 2740 2578 2845 3086
4 1425 1530 1263 3086
4 2595 2463 2517 3248
4 1509 1230 1126 3148
4 2530 2824 2355 3148
4 2221 2190 1762 3227
4 906 447 875 3227
4 310 309 1787 1573
4 406 1737 405 2682
4 1844 2715 2385 3151
4 529 1061 1400 3151
4 408 2361 1675 407
4 2100 2680 2230 3220
4 426 1711 2358 427
4 1797 2223 2717 3127
4 1402 908 482 3127
4 2174 2697 2173 3137
4 1382 859 858 3137
4 1135 1467 1133 2930
4 2782 2450 2448 2930
4 2708 2187 2186 3222
4 871 872 1393 3222
4 1054 1377 1055 3208
4 2692 2367 2368 3208
4 2776 2433 1829 3168
4 1461 514 1108 3168
4 460 907 903 3252
4 2218 2222 1775 3252
4 2368 2650 2472 3114
4 1055 1157 1335 3114
4 1151 1154 1392 3178
4 2466 2707 2469 3178
4 1773 2583 2759 3363
4 1854 334 333 1696
4 747 748 746 3203
4 1549 30 1259 3327
4 2712 2477 2475 3263
4 2499 2122 2181 3189
4 807 1235 866 3189
4 871 1178 1413 3158
4 2186 2728 2500 3158
4 2188 2138 2137 2874
4 1368 1358 1185 3281
4 1606 230 231 1759
4 194 195 1158 1699
4 2173 2225 2108 3136
4 910 858 793 3136
4 1116 183 184 1700
4 1267 458 1444 3363
4 425 2552 1709 424
4 2414 2416 2415 3156
4 1091 1092 1093 3156
4 2305 2306 2303 3198
4 988 991 990 3198
4 2357 300 299 1561
4 1583 38 37 459
4 1847 360 359 1694
4 87 86 1587 1127
4 2660 2183 2644 3283
4 1679 1856 429 430
4 2778 2062 2256 3152
4 942 747 1463 3152
4 2178 2298 1832 3278
4 863 517 983 3278
4 2567 1853 2176 3257
4 538 1252 861 3257
4 2324 2803 2326 3119
4 1488 1009 1011 3119
4 1161 1237 1051 3294
4 2553 2476 2378 3294
4 2642 2310 2308 3340
4 2573 1773 2393 3246
4 1258 1069 458 3246
4 2288 2289 2290 3206
4 973 975 974 3206
4 1421 1033 484 3159
4 1799 2356 2736 3159
4 1638 113 112 542
4 1716 387 388 1800
4 139 138 1742 453
4 2669 2810 2064 3267
4 1495 1354 749 3267
4 829 1103 1033 3311
4 2356 2426 2144 3311
4 1760 339 338 1663
4 2590 2737 2477 3325
4 1422 1274 1162 3325
4 1125 1121 1123 3200
4 678 680 681 3209
4 1614 255 256 1843
4 209 210 469 1680
4 2125 2402 2404 3305
4 1322 1413 490 3361
4 2636 1805 2728 3361
4 356 355 2697 1653
4 1715 389 390 1834
4 1707 136 135 1264
4 2215 2217 2216 3258
4 901 902 900 3258
4 1060 1059 769 3196
4 2246 2244 2804 3144
4 930 932 1489 3144
4 1937 1939 1938 3353
4 1634 108 107 1379
4 2367 331 330 1636
4 2770 1799 2198 3201
4 484 1455 883 3201
4 1645 457 152 3335
4 1826 433 1753 434
4 1612 240 241 1840
4 2635 2636 2142 3233
4 827 1322 1321 3233
4 2075 2077 2478 3365
4 1405 524 911 3166
4 2720 2272 1839 3166
4 2058 2057 2059 3251
4 743 744 742 3251
4 320 319 1831 1563
4 1764 343 342 1667
4 587 590 1355 3190
4 1788 2489 2269 3355
4 230 229 2353 1546
4 1927 2808 2621 3170
4 1493 612 1305 3170
4 1084 874 1514 3299
4 2189 2407 2829 3299
4 1761 2570 2591 3364
4 1586 226 227 2567
4 1532 263 1610 3372
4 1566 102 101 468
4 1458 526 877 3187
4 1841 2773 2192 3187
4 549 2847 773 2872
4 847 1247 1184 3216
4 2515 2562 2162 3216
4 2383 2384 2084 3196
4 2161 2703 1810 3255
4 495 1388 846 3255
4 121 120 1658 1388
4 625 1293 624 3357
4 464 1192 1468 3175
4 2783 2510 1779 3175
4 378 377 2648 1731
4 1764 2707 2180 3286
4 1392 448 865 3286
4 1616 269 270 2594
4 161 160 1649 465
4 1538 239 240 2577
4 2716 2203 1774 3333
4 2017 2019 2018 3215
4 15 16 1142 1553
4 197 198 475 1689
4 201 202 473 1687
4 1285 172 173 1686
4 1677 1832 427 428
4 1575 90 89 474
4 2767 2351 2353 3186
4 1452 1124 1122 3186
4 1628 250 251 2580
4 1095 1490 1339 3226
4 2654 2805 2418 3226
4 1778 2719 2588 3183
4 1404 463 1272 3183
4 63 62 1569 1033
4 1580 224 225 2691
4 1212 1519 1406 3356
4 2834 2529 2721 3356
4 2800 2542 2543 3285
4 1113 180 181 1669
4 1774 2201 2769 3181
4 886 459 1454 3181
4 376 375 2590 1693
4 1996 1995 1993 3209
4 1351 3306 1555 3358
4 2633 2597 2596 3337
4 2763 2575 1846 3315
4 1448 531 1260 3315
4 1182 1375 1407 3276
4 2576 365 364 1662
4 242 241 2586 1539
4 146 145 1695 458
4 101 100 1597 1083
4 1769 2734 2404 3272
4 454 1080 1419 3272
4 2258 2813 2260 3195
4 944 946 1498 3195
4 2041 2044 2043 3282
4 1611 265 266 2588
4 270 271 1537 1848
4 1747 432 433 2600
4 2016 2015 2013 3326
4 698 700 701 3326
4 1440 534 1273 3314
4 2589 1849 2755 3314
4 6 2819 1746 1642
4 1844 364 363 1730
4 1697 120 119 495
4 2166 2749 2666 3358
4 2292 2291 2092 3264
4 777 976 977 3264
4 1983 1981 1984 3271
4 1629 1641 1 1505
4 2244 2245 2243 3339
4 3 1506 1745 1755
4 375 374 1850 1648
4 1501 717 777 3338
4 2092 2032 2816 3338
4 1601 259 260 2564
4 1573 94 93 472
4 358 2581 359 1718
4 157 156 1650 462
4 1374 1192 1424 3268
4 2510 2689 2739 3268
4 1162 1397 1160 3263
4 1062 1067 1068 3213
4 984 218 219 1748
4 1851 437 1754 438
4 1898 1897 2814 3360
4 2391 2386 2392 3213
4 1816 297 296 1560
4 117 116 1665 1377
4 2265 2264 2836 3153
4 951 1521 950 3153
4 1246 170 171 1683
4 1894 1896 1895 3223
4 1829 2435 2748 3372
4 983 212 213 1713
4 207 208 509 1676
4 316 315 1823 1562
4 174 175 1288 1681
4 2412 2829 2409 3115
4 1086 1514 1089 3115
4 2330 1994 2760 3302
4 1839 345 344 1664
4 2747 1772 2390 3335
4 457 1432 1066 3335
4 1757 1744 7 2821
4 2278 2280 2279 3157
4 965 963 964 3157
4 2500 298 297 1621
4 1768 2575 2772 3210
4 1260 453 1457 3210
4 2575 354 353 1704
4 840 1480 853 3336
4 251 252 1584 1845
4 1184 552 789 3373
4 123 122 1663 445
4 278 277 2426 1627
4 1277 75 76 1588
4 141 140 1705 1419
4 612 609 611 3334
4 806 807 839 3197
4 2514 2743 2689 3274
4 2789 2018 2283 3303
4 69 68 1570 1170
4 1835 2487 2182 3301
4 867 1170 520 3301
4 579 580 581 3223
4 75 74 1576 480
4 487 60 61 1571
4 243 244 1548 2578
4 142 141 1661 454
4 2719 2673 2513 3362
4 245 246 1549 2574
4 1549 1613 30 3327
4 351 350 1766 1655
4 2102 2474 2475 3304
4 1781 2213 2793 3231
4 898 466 1478 3231
4 1752 432 2693 431
4 1772 369 368 1645
4 804 805 831 3323
4 1533 258 259 2559
4 127 126 1667 448
4 786 826 802 3247
4 2122 2121 2154 3197
4 1631 1503 0 1756
4 21 22 1256 1547
4 287 286 2343 1574
4 1758 2818 4 1630
4 1640 114 113 537
4 1644 1743 2 1504
4 338 337 2724 1728
4 2579 352 351 1707
4 2425 344 343 1721
4 1322 490 1527 3361
4 2636 2842 1805 3361
4 370 369 2565 1724
4 484 63 64 1624
4 520 69 70 1590
4 242 243 1615 1765
4 410 1792 1692 409
4 398 399 1690 1796
4 1578 301 302 1791
4 1557 303 304 1814
4 412 1815 1671 411
4 400 401 1670 1813
4 2733 2843 2096 3292
4 1528 1418 781 3292
4 1405 839 865 3374
4 1252 10 11 1586
4 900 1391 466 3350
4 316 317 1597 2406
4 1531 260 261 1771
4 1536 264 265 1778
4 112 111 1635 493
4 160 159 1693 1274
4 1430 1059 1061 3368
4 1830 371 370 1647
4 2468 2741 2563 3332
4 1762 347 346 1659
4 1565 321 322 1855
4 1459 1181 845 3290
4 1812 293 292 1556
4 1391 55 56 1593
4 1857 329 328 1638
4 2175 2762 1767 3269
4 860 452 1447 3269
4 1403 1040 1041 3312
4 435 1807 436 1751
4 326 327 1637 2484
4 2141 2101 2117 3247
4 517 211 212 1677
4 2666 2787 2164 3306
4 849 1472 1351 3306
4 137 136 1660 531
4 2845 1765 2785 3280
4 450 1530 1470 3280
4 1543 249 250 1770
4 226 225 1853 1544
4 1535 268 269 1779
4 144 143 1694 532
4 357 356 2734 1705
4 1401 36 37 1541
4 124 123 1733 1149
4 5 1643 1632 2820
4 1776 366 365 1702
4 2573 363 362 1656
4 549 1302 2847 2873
4 1534 266 267 1849
4 521 177 178 1741
4 1602 97 96 1164
4 16 17 512 1607
4 167 168 486 1736
4 489 179 180 1739
4 198 199 1243 1722
4 1233 202 203 1732
4 1165 204 205 1719
4 1604 91 90 1242
4 1750 221 220 909
4 510 109 110 1633
4 1617 95 94 1231
4 18 19 449 1608
4 1259 452 1408 3327
4 1596 298 299 1805
4 285 284 2487 1570
4 507 165 166 1735
4 1174 200 201 1720
4 1626 85 84 912
4 917 192 193 1740
4 959 181 182 1738
4 1632 1643 441 1641
4 1228 196 197 1725
4 1609 89 88 1332
4 1245 185 186 1723
4 1585 228 229 2767
4 234 233 2556 1554
4 311 312 1559 1820
4 394 395 1688 2344
4 420 1821 1673 419
4 1603 93 92 1173
4 1828 341 340 1668
4 1678 382 383 2300
4 65 66 518 1625
4 2806 2248 2246 3371
4 415 416 1672 1819
4 77 78 1255 1605
4 289 288 2666 1555
4 100 99 1562 508
4 367 366 2777 1646
4 1579 261 262 2776
4 307 308 1558 1818
4 1592 257 258 1775
4 126 125 1734 1154
4 367 2390 368 1701
4 140 139 1653 1382
4 1532 262 263 1829
4 24 25 525 1612
4 1367 189 190 1737
4 2787 2666 1803 3306
4 1351 1472 488 3306
4 1811 275 274 1564
4 288 287 1803 1623
4 1614 40 39 528
4 1454 38 39 1542
4 541 213 214 1679
4 377 376 1780 1649
4 403 404 1710 2544
4 2703 337 336 1658
4 452 30 31 1613
4 444 14 15 1606
4 49 48 1536 463
4 374 373 2771 1727
4 1696 118 117 539
4 1655 135 134 451
4 1610 263 264 2748
4 348 347 2773 1729
4 1283 216 217 1747
4 134 133 1706 1416
4 281 280 2770 1572
4 479 186 187 1691
4 321 320 2768 1619
4 78 79 478 1577
4 2764 276 275 1620
4 1616 54 53 1279
4 380 379 1782 1703
4 31 32 1447 1540
4 1666 165 164 1115
4 2756 346 345 1698
4 1651 163 162 1000
4 502 188 189 1674
4 290 289 2749 1622
4 57 56 1552 466
4 1731 162 161 1333
4 2534 296 295 1598
4 237 236 1838 1591
4 1717 385 386 1837
4 1714 391 392 1798
4 372 371 2758 1726
4 8 9 1376 1580
4 1567 67 66 1451
4 1628 35 34 1265
4 148 147 1730 529
4 2138 2188 2189 2874
4 1550 256 257 2784
4 2692 333 332 1665
4 1842 245 244 1594
4 50 49 1611 1272
4 44 43 1601 1249
4 851 1351 1434 3358
4 1351 72 73 1555
4 291 290 1795 1576
4 12 13 1452 1585
4 1323 108 109 1639
4 2793 274 273 1618
4 1599 103 102 1473
4 2545 1712 423 422
4 168 169 1251 1684
4 438 2369 439 1749
4 176 177 1317 1685
4 1 441 1641 1629
4 19 20 1096 1551
4 36 35 1584 530
4 2583 1847 2781 3366
4 1652 133 132 526
4 239 238 1761 1595
4 1600 314 315 2630
4 279 278 2356 1569
4 81 82 1178 1621
4 471 205 206 1682
4 1037 191 192 1675
4 1568 98 97 470
4 1561 84 83 1032
4 407 1806 1708 406
4 154 153 1724 1250
4 1768 355 354 1742
4 428 1713 2298 429
4 128 127 1721 1102
4 583 1499 582 3360
4 1755 1745 3 443
4 115 114 1636 1054
4 441 1632 1641 1629
4 122 121 1728 1409
4 1642 1746 6 442
4 80 81 501 1560
4 450 26 27 1615
4 130 129 1698 1441
4 1634 323 324 2694
4 46 45 1579 1461
4 104 103 1563 516
4 55 54 1537 533
4 23 24 1262 1538
4 1744 7 443 1757
4 1629 1 106 1505
4 252 253 1541 2716
4 149 148 1662 1261
4 1646 151 150 1462
4 64 65 1455 1572
4 1533 43 42 1244
4 1754 222 221 536
4 61 62 1103 1627
4 440 1631 0 1756
4 1263 27 28 1548
4 442 1743 2 1644
4 4 440 1758 1630
4 330 329 1852 1640
4 1506 3 215 1755
4 1743 116 2 1504
4 2821 1744 7 430
4 1643 5 323 2820
4 2819 332 6 1746
4 1506 214 3 1745
4 1542 254 255 2769
4 1645 153 152 457
4 2818 224 4 1630
4 1632 322 5 2820
4 1643 441 5 1632
4 1644 2 115 1504
4 2762 248 247 1540
4 443 1755 1745 1744
4 271 272 1593 2706
4 2819 6 331 1642
4 1503 223 0 1756
4 1744 443 1755 1757
4 0 8 1503 1631
4 107 1 1641 1505
4 1746 1642 1743 442
4 283 282 2766 1567
4 1259 29 30 1549
4 440 1756 1758 1630
4 1756 440 1631 1630
4 1642 1743 442 1644
4 431 1757 7 2821
4 1729 132 131 1458
4 158 157 1727 1456
4 71 72 488 1623
4 1610 48 47 1433
4 59 60 1449 1620
4 1619 105 104 1453
4 439 2818 4 1758
4 73 74 1434 1622
4 1478 57 58 1618
4 156 155 1726 1443
4 2731 350 349 1706
4 1550 41 40 1469
4 318 319 1599 2788
4 3085 2396 3094 2398
4 3085 3094 2396 2887
4 2399 3094 2396 2398
4 2399 2396 3094 2887
4 3085 1072 3094 2887
4 3085 3094 1072 1074
4 1075 3094 1072 2887
4 1075 1072 3094 1074
4 2060 3203 3267 2061
4 3267 3203 2060 3021
4 3203 745 3267 746
4 3203 3267 745 3021
4 1536 3183 1433 2850
4 1536 1433 3183 463
4 1526 1433 3183 2850
4 1526 3183 1433 463
4 1536 3183 2748 1778
4 1536 2748 3183 2850
4 2841 2748 3183 1778
4 2841 3183 2748 2850
4 3171 2795 1826 2794
4 3171 1826 2795 2853
4 1481 3171 511 1479
4 511 3171 1481 2853
4 3253 2618 2267 2971
4 3253 2267 2618 2259
4 2992 1600 2981 1315
4 2992 2981 1600 2630
4 3115 1497 1357 1089
4 3115 1357 1497 3088
4 3115 2812 2672 3088
4 3115 2672 2812 2412
4 3110 1533 3128 2559
4 3110 3128 1533 1244
4 3323 2185 2922 3102
4 3323 2922 2185 2120
4 2518 2922 2185 3102
4 2518 2185 2922 2120
4 3323 870 2922 805
4 3323 2922 870 3102
4 1201 2922 870 805
4 1201 870 2922 3102
4 1591 2947 3042 1838
4 3042 2419 1591 1838
4 1591 2419 3042 1551
4 1708 3004 491 1737
4 1708 491 3004 3027
4 3317 742 3074 3251
4 3317 3074 742 741
4 3021 3074 742 3251
4 3021 742 3074 741
4 3317 2057 3074 2056
4 3317 3074 2057 3251
4 3021 3074 2057 2056
4 3021 2057 3074 3251
4 3170 2540 2679 2808
4 3170 2679 2540 3108
4 1220 3170 1364 1493
4 1364 3170 1220 3108
4 3247 1396 1525 826
4 3247 1525 1396 3142
4 3289 1169 2883 1058
4 3289 2883 1169 3129
4 3289 2486 2883 3129
4 3289 2883 2486 2382
4 3247 2711 2840 3142
4 3247 2840 2711 2141
4 3200 2790 3186 3044
4 3200 3186 2790 2352
4 3200 1475 3186 1123
4 3200 3186 1475 3044
4 3276 2729 3290 3143
4 3276 3290 2729 2690
4 2494 3290 2729 3143
4 2494 2729 3290 2690
4 3276 1414 3290 1375
4 3276 3290 1414 3143
4 1181 3290 1414 1375
4 1181 1414 3290 3143
4 3222 1560 3158 1816
4 3222 3158 1560 501
4 3279 2335 2336 2334
4 3279 2336 2335 3140
4 3279 1020 1021 3140
4 3279 1021 1020 1019
4 3226 2619 2080 2805
4 3226 2080 2619 3076
4 3226 1300 765 3076
4 3226 765 1300 1490
4 3248 1511 1354 3021
4 3248 1354 1511 1199
4 3223 2782 3243 1894
4 3223 3243 2782 2930
4 3223 1467 3243 2930
4 3223 3243 1467 579
4 3248 2826 2669 2517
4 3248 2669 2826 3021
4 3114 1640 3145 537
4 3114 3145 1640 1852
4 1550 1843 256 2784
4 256 1843 1550 1614
4 3368 1169 3196 3129
4 3368 3196 1169 1059
4 2883 3196 1169 3129
4 2883 1169 3196 1059
4 3244 2709 2853 2179
4 3244 2853 2709 3132
4 2832 2853 2709 2179
4 2832 2709 2853 3132
4 3244 1394 2853 3132
4 3244 2853 1394 864
4 1517 2853 1394 3132
4 1517 1394 2853 864
4 2572 1540 248 2762
4 2572 248 1540 1582
4 3362 2588 3104 2513
4 3362 3104 2588 3183
4 3348 2537 2535 3160
4 3348 2535 2537 2536
4 3348 1217 1215 1216
4 3348 1215 1217 3160
4 1356 3285 1223 1485
4 1223 3285 1356 3039
4 3256 1934 1937 2585
4 3256 1937 1934 2890
4 1531 1249 44 1601
4 1531 44 1249 456
4 1925 3313 2631 2395
4 2631 3313 1925 2860
4 3285 2671 2543 2800
4 3285 2543 2671 3039
4 3227 1729 1762 1659
4 3227 1762 1729 3187
4 2773 1729 1762 3187
4 3139 1702 461 1646
4 3139 461 1702 3129
4 1772 1724 3335 2565
4 3335 1724 1772 1645
4 3348 2538 2539 2536
4 3348 2539 2538 3108
4 3348 1218 1219 3108
4 3348 1219 1218 1216
4 2788 1563 3238 1831
4 3238 1563 2788 1599
4 1614 1469 3054 1550
4 3054 1469 1614 528
4 1308 3321 981 969
4 981 3321 1308 2951
4 3260 472 1384 1232
4 3260 1384 472 3012
4 3361 1178 1413 490
4 3361 1413 1178 3158
4 2500 3361 2728 1805
4 2728 3361 2500 3158
4 1711 469 210 1680
4 1711 210 469 1034
4 3306 1028 1623 3106
4 3306 1623 1028 488
4 3306 2343 1623 1803
4 3306 1623 2343 3106
4 1574 2343 1623 3106
4 3218 3309 1138 2929
4 3218 1138 3309 1137
4 1136 1138 3309 2929
4 1136 3309 1138 1137
4 3218 3309 2453 2452
4 3218 2453 3309 2929
4 2451 2453 3309 2452
4 2451 3309 2453 2929
4 1376 1544 9 538
4 9 1544 1376 1580
4 1849 1611 266 2588
4 1849 266 1611 1534
4 1963 3304 2474 2102
4 2474 3304 1963 3035
4 1748 3058 2299 1751
4 1748 2299 3058 3171
4 3308 2692 2368 3208
4 3308 2368 2692 1854
4 3308 1377 1055 539
4 3308 1055 1377 3208
4 2703 1728 337 1658
4 337 1728 2703 2724
4 1585 1809 228 2767
4 228 1809 1585 1545
4 3293 2191 2107 3069
4 3293 2107 2191 2498
4 1034 1677 3142 1711
4 3142 1677 1034 517
4 1655 2579 351 1707
4 1655 351 2579 1766
4 1571 2764 3130 1620
4 1571 3130 2764 1802
4 1726 1830 371 2758
4 1726 371 1830 1647
4 1461 1531 3270 456
4 3270 1531 1461 1579
4 1855 1619 321 2768
4 321 1619 1855 1565
4 3225 1156 1155 832
4 3225 1155 1156 3010
4 1768 1653 355 1742
4 355 1653 1768 2697
4 3342 2624 2551 2268
4 3342 2551 2624 2904
4 1646 461 150 1702
4 150 461 1646 1462
4 2613 3342 1821 2268
4 1821 3342 2613 2914
4 3364 1406 446 1276
4 3364 446 1406 3079
4 1623 1028 71 1574
4 1623 71 1028 488
4 539 1665 117 1696
4 539 117 1665 1377
4 1533 2564 259 1601
4 259 2564 1533 2559
4 1562 1315 3266 508
4 3266 1315 1562 1600
4 3267 2461 3248 2669
4 3267 3248 2461 3049
4 3267 1146 3248 3049
4 3267 3248 1146 1354
4 1839 1698 345 1664
4 345 1698 1839 2756
4 2966 2991 1368 3281
4 1368 2991 2966 3331
4 118 3308 1657 1253
4 1657 3308 118 1696
4 1655 1416 2849 451
4 2849 1416 1655 1706
4 2748 2850 2435 2841
4 2748 2435 2850 3372
4 3289 1042 1063 2880
4 3289 1063 1042 1064
4 3289 2366 2387 2388
4 3289 2387 2366 2880
4 3371 933 934 3062
4 3371 934 933 932
4 1618 496 58 1478
4 1618 58 496 1564
4 1566 1473 3038 1599
4 3038 1473 1566 468
4 2527 3356 2528 2529
4 2528 3356 2527 3249
4 3356 1210 1211 1212
4 3356 1211 1210 3249
4 1571 1449 3130 487
4 1571 3130 1449 1620
4 2340 3320 2617 2325
4 2617 3320 2340 2975
4 3320 1025 1304 1010
4 3320 1304 1025 2975
4 3359 1980 2507 2508
4 3359 2507 1980 3063
4 3359 665 1189 3063
4 3359 1189 665 1190
4 2004 3367 2429 2124
4 2429 3367 2004 2946
4 3367 689 1104 809
4 3367 1104 689 2946
4 3272 141 1705 1419
4 3272 1705 141 1661
4 3360 1132 3212 1499
4 3360 3212 1132 2931
4 1506 1679 214 1745
4 214 1679 1506 541
4 2819 1665 332 1746
4 332 1665 2819 2692
4 1505 1565 106 1629
4 1505 106 1565 540
4 3269 31 1540 1613
4 3269 1540 31 1447
4 3042 1591 523 2947
4 523 1591 3042 1551
4 1729 1762 347 2773
4 1729 347 1762 1659
4 2343 1623 287 1574
4 2343 287 1623 1803

CELL_TYPES 11119
10
10
10
10
10
10
10
10
10
10
10
10
10
10
10
10
10
10
10
10
10
10
10
10
10
10
10
10
10
10
10
10
10
10
10
10
10
10
10
10
10
10
10
10
10
10
10
10
10
10
10
10
10
10
10
10
10
10
10
10
10
10
10
10
10
10
10
10
10
10
10
10
10
10
10
10
10
10
10
10
10
10
10
10
10
10
10
10
10
10
10
10
10
10
10
10
10
10
10
10
10
10
10
10
10
10
10
10
10
10
10
10
10
10
10
10
10
10
10
10
10
10
10
10
10
10
10
10
10
10
10
10
10
10
10
10
10
10
10
10
10
10
10
10
10
10
10
10
10
10
10
10
10
10
10
10
10
10
10
10
10
10
10
10
10
10
10
10
10
10
10
10
10
10
10
10
10
10
10
10
10
10
10
10
10
10
10
10
10
10
10
10
10
10
10
10
10
10
10
10
10
10
10
10
10
10
10
10
10
10
10
10
10
10
10
10
10
10
10
10
10
10
10
10
10
10
10
10
10
10
10
10
10
10
10
10
10
10
10
10
10
10
10
10
10
10
10
10
10
10
10
10
10
10
10
10
10
10
10
10
10
10
10
10
10
10
10
10
10
10
10
10
10
10
10
10
10
10
10
10
10
10
10
10
10
10
10
10
10
10
10
10
10
10
10
10
10
10
10
10
10
10
10
10
10
10
10
10
10
10
10
10
10
10
10
10
10
10
10
10
10
10
10
10
10
10
10
10
10
10
10
10
10
10
10
10
10
10
10
10
10
10
10
10
10
10
10
10
10
10
10
10
10
10
10
10
10
10
10
10
10
10
10
10
10
10
10
10
10
10
10
10
10
10
10
10
10
10
10
10
10
10
10
10
10
10
10
10
10
10
10
10
10
10
10
10
10
10
10
10
10
10
10
10
10
10
10
10
10
10
10
10
10
10
10
10
10
10
10
10
10
10
10
10
10
10
10
10
10
10
10
10
10
10
10
10
10
10
10
10
10
10
10
10
10
10
10
10
10
10
10
10
10
10
10
10
10
10
10
10
10
10
10
10
10
10
10
10
10
10
10
10
10
10
10
10
10
10
10
10
10
10
10
10
10
10
10
10
10
10
10
10
10
10
10
10
10
10
10
10
10
10
10
10
10
10
10
10
10
10
10
10
10
10
10
10
10
10
10
10
10
10
10
10
10
10
10
10
10
10
10
10
10
10
10
10
10
10
10
10
10
10
10
10
10
10
10
10
10
10
10
10
10
10
10
10
10
10
10
10
10
10
10
10
10
10
10
10
10
10
10
10
10
10
10
10
10
10
10
10
10
10
10
10
10
10
10
10
10
10
10
10
10
10
10
10
10
10
10
10
10
10
10
10
10
10
10
10
10
10
10
10
10
10
10
10
10
10
10
10
10
10
10
10
10
10
10
10
10
10
10
10
10
10
10
10
10
10
10
10
10
10
10
10
10
10
10
10
10
10
10
10
10
10
10
10
10
10
10
10
10
10
10
10
10
10
10
10
10
10
10
10
10
10
10
10
10
10
10
10
10
10
10
10
10
10
10
10
10
10
10
10
10
10
10
10
10
10
10
10
10
10
10
10
10
10
10
10
10
10
10
10
10
10
10
10
10
10
10
10
10
10
10
10
10
10
10
10
10
10
10
10
10
10
10
10
10
10
10
10
10
10
10
10
10
10
10
10
10
10
10
10
10
10
10
10
10
10
10
10
10
10
10
10
10
10
10
10
10
10
10
10
10
10
10
10
10
10
10
10
10
10
10
10
10
10
10
10
10
10
10
10
10
10
10
10
10
10
10
10
10
10
10
10
10
10
10
10
10
10
10
10
10
10
10
10
10
10
10
10
10
10
10
10
10
10
10
10
10
10
10
10
10
10
10
10
10
10
10
10
10
10
10
10
10
10
10
10
10
10
10
10
10
10
10
10
10
10
10
10
10
10
10
10
10
10
10
10
10
10
10
10
10
10
10
10
10
10
10
10
10
10
10
10
10
10
10
10
10
10
10
10
10
10
10
10
10
10
10
10
10
10
10
10
10
10
10
10
10
10
10
10
10
10
10
10
10
10
10
10
10
10
10
10
10
10
10
10
10
10
10
10
10
10
10
10
10
10
10
10
10
10
10
10
10
10
10
10
10
10
10
10
10
10
10
10
10
10
10
10
10
10
10
10
10
10
10
10
10
10
10
10
10
10
10
10
10
10
10
10
10
10
10
10
10
10
10
10
10
10
10
10
10
10
10
10
10
10
10
10
10
10
10
10
10
10
10
10
10
10
10
10
10
10
10
10
10
10
10
10
10
10
10
10
10
10
10
10
10
10
10
10
10
10
10
10
10
10
10
10
10
10
10
10
10
10
10
10
10
10
10
10
10
10
10
10
10
10
10
10
10
10
10
10
10
10
10
10
10
10
10
10
10
10
10
10
10
10
10
10
10
10
10
10
10
10
10
10
10
10
10
10
10
10
10
10
10
10
10
10
10
10
10
10
10
10
10
10
10
10
10
10
10
10
10
10
10
10
10
10
10
10
10
10
10
10
10
10
10
10
10
10
10
10
10
10
10
10
10
10
10
10
10
10
10
10
10
10
10
10
10
10
10
10
10
10
10
10
10
10
10
10
10
10
10
10
10
10
10
10
10
10
10
10
10
10
10
10
10
10
10
10
10
10
10
10
10
10
10
10
10
10
10
10
10
10
10
10
10
10
10
10
10
10
10
10
10
10
10
10
10
10
10
10
10
10
10
10
10
10
10
10
10
10
10
10
10
10
10
10
10
10
10
10
10
10
10
10
10
10
10
10
10
10
10
10
10
10
10
10
10
10
10
10
10
10
10
10
10
10
10
10
10
10
10
10
10
10
10
10
10
10
10
10
10
10
10
10
10
10
10
10
10
10
10
10
10
10
10
10
10
10
10
10
10
10
10
10
10
10
10
10
10
10
10
10
10
10
10
10
10
10
10
10
10
10
10
10
10
10
10
10
10
10
10
10
10
10
10
10
10
10
10
10
10
10
10
10
10
10
10
10
10
10
10
10
10
10
10
10
10
10
10
10
10
10
10
10
10
10
10
10
10
10
10
10
10
10
10
10
10
10
10
10
10
10
10
10
10
10
10
10
10
10
10
10
10
10
10
10
10
10
10
10
10
10
10
10
10
10
10
10
10
10
10
10
10
10
10
10
10
10
10
10
10
10
10
10
10
10
10
10
10
10
10
10
10
10
10
10
10
10
10
10
10
10
10
10
10
10
10
10
10
10
10
10
10
10
10
10
10
10
10
10
10
10
10
10
10
10
10
10
10
10
10
10
10
10
10
10
10
10
10
10
10
10
10
10
10
10
10
10
10
10
10
10
10
10
10
10
10
10
10
10
10
10
10
10
10
10
10
10
10
10
10
10
10
10
10
10
10
10
10
10
10
10
10
10
10
10
10
10
10
10
10
10
10
10
10
10
10
10
10
10
10
10
10
10
10
10
10
10
10
10
10
10
10
10
10
10
10
10
10
10
10
10
10
10
10
10
10
10
10
10
10
10
10
10
10
10
10
10
10
10
10
10
10
10
10
10
10
10
10
10
10
10
10
10
10
10
10
10
10
10
10
10
10
10
10
10
10
10
10
10
10
10
10
10
10
10
10
10
10
10
10
10
10
10
10
10
10
10
10
10
10
10
10
10
10
10
10
10
10
10
10
10
10
10
10
10
10
10
10
10
10
10
10
10
10
10
10
10
10
10
10
10
10
10
10
10
10
10
10
10
10
10
10
10
10
10
10
10
10
10
10
10
10
10
10
10
10
10
10
10
10
10
10
10
10
10
10
10
10
10
10
10
10
10
10
10
10
10
10
10
10
10
10
10
10
10
10
10
10
10
10
10
10
10
10
10
10
10
10
10
10
10
10
10
10
10
10
10
10
10
10
10
10
10
10
10
10
10
10
10
10
10
10
10
10
10
10
10
10
10
10
10
10
10
10
10
10
10
10
10
10
10
10
10
10
10
10
10
10
10
10
10
10
10
10
10
10
10
10
10
10
10
10
10
10
10
10
10
10
10
10
10
10
10
10
10
10
10
10
10
10
10
10
10
10
10
10
10
10
10
10
10
10
10
10
10
10
10
10
10
10
10
10
10
10
10
10
10
10
10
10
10
10
10
10
10
10
10
10
10
10
10
10
10
10
10
10
10
10
10
10
10
10
10
10
10
10
10
10
10
10
10
10
10
10
10
10
10
10
10
10
10
10
10
10
10
10
10
10
10
10
10
10
10
10
10
10
10
10
10
10
10
10
10
10
10
10
10
10
10
10
10
10
10
10
10
10
10
10
10
10
10
10
10
10
10
10
10
10
10
10
10
10
10
10
10
10
10
10
10
10
10
10
10
10
10
10
10
10
10
10
10
10
10
10
10
10
10
10
10
10
10
10
10
10
10
10
10
10
10
10
10
10
10
10
10
10
10
10
10
10
10
10
10
10
10
10
10
10
10
10
10
10
10
10
10
10
10
10
10
10
10
10
10
10
10
10
10
10
10
10
10
10
10
10
10
10
10
10
10
10
10
10
10
10
10
10
10
10
10
10
10
10
10
10
10
10
10
10
10
10
10
10
10
10
10
10
10
10
10
10
10
10
10
10
10
10
10
10
10
10
10
10
10
10
10
10
10
10
10
10
10
10
10
10
10
10
10
10
10
10
10
10
10
10
10
10
10
10
10
10
10
10
10
10
10
10
10
10
10
10
10
10
10
10
10
10
10
10
10
10
10
10
10
10
10
10
10
10
10
10
10
10
10
10
10
10
10
10
10
10
10
10
10
10
10
10
10
10
10
10
10
10
10
10
10
10
10
10
10
10
10
10
10
10
10
10
10
10
10
10
10
10
10
10
10
10
10
10
10
10
10
10
10
10
10
10
10
10
10
10
10
10
10
10
10
10
10
10
10
10
10
10
10
10
10
10
10
10
10
10
10
10
10
10
10
10
10
10
10
10
10
10
10
10
10
10
10
10
10
10
10
10
10
10
10
10
10
10
10
10
10
10
10
10
10
10
10
10
10
10
10
10
10
10
10
10
10
10
10
10
10
10
10
10
10
10
10
10
10
10
10
10
10
10
10
10
10
10
10
10
10
10
10
10
10
10
10
10
10
10
10
10
10
10
10
10
10
10
10
10
10
10
10
10
10
10
10
10
10
10
10
10
10
10
10
10
10
10
10
10
10
10
10
10
10
10
10
10
10
10
10
10
10
10
10
10
10
10
10
10
10
10
10
10
10
10
10
10
10
10
10
10
10
10
10
10
10
10
10
10
10
10
10
10
10
10
10
10
10
10
10
10
10
10
10
10
10
10
10
10
10
10
10
10
10
10
10
10
10
10
10
10
10
10
10
10
10
10
10
10
10
10
10
10
10
10
10
10
10
10
10
10
10
10
10
10
10
10
10
10
10
10
10
10
10
10
10
10
10
10
10
10
10
10
10
10
10
10
10
10
10
10
10
10
10
10
10
10
10
10
10
10
10
10
10
10
10
10
10
10
10
10
10
10
10
10
10
10
10
10
10
10
10
10
10
10
10
10
10
10
10
10
10
10
10
10
10
10
10
10
10
10
10
10
10
10
10
10
10
10
10
10
10
10
10
10
10
10
10
10
10
10
10
10
10
10
10
10
10
10
10
10
10
10
10
10
10
10
10
10
10
10
10
10
10
10
10
10
10
10
10
10
10
10
10
10
10
10
10
10
10
10
10
10
10
10
10
10
10
10
10
10
10
10
10
10
10
10
10
10
10
10
10
10
10
10
10
10
10
10
10
10
10
10
10
10
10
10
10
10
10
10
10
10
10
10
10
10
10
10
10
10
10
10
10
10
10
10
10
10
10
10
10
10
10
10
10
10
10
10
10
10
10
10
10
10
10
10
10
10
10
10
10
10
10
10
10
10
10
10
10
10
10
10
10
10
10
10
10
10
10
10
10
10
10
10
10
10
10
10
10
10
10
10
10
10
10
10
10
10
10
10
10
10
10
10
10
10
10
10
10
10
10
10
10
10
10
10
10
10
10
10
10
10
10
10
10
10
10
10
10
10
10
10
10
10
10
10
10
10
10
10
10
10
10
10
10
10
10
10
10
10
10
10
10
10
10
10
10
10
10
10
10
10
10
10
10
10
10
10
10
10
10
10
10
10
10
10
10
10
10
10
10
10
10
10
10
10
10
10
10
10
10
10
10
10
10
10
10
10
10
10
10
10
10
10
10
10
10
10
10
10
10
10
10
10
10
10
10
10
10
10
10
10
10
10
10
10
10
10
10
10
10
10
10
10
10
10
10
10
10
10
10
10
10
10
10
10
10
10
10
10
10
10
10
10
10
10
10
10
10
10
10
10
10
10
10
10
10
10
10
10
10
10
10
10
10
10
10
10
10
10
10
10
10
10
10
10
10
10
10
10
10
10
10
10
10
10
10
10
10
10
10
10
10
10
10
10
10
10
10
10
10
10
10
10
10
10
10
10
10
10
10
10
10
10
10
10
10
10
10
10
10
10
10
10
10
10
10
10
10
10
10
10
10
10
10
10
10
10
10
10
10
10
10
10
10
10
10
10
10
10
10
10
10
10
10
10
10
10
10
10
10
10
10
10
10
10
10
10
10
10
10
10
10
10
10
10
10
10
10
10
10
10
10
10
10
10
10
10
10
10
10
10
10
10
10
10
10
10
10
10
10
10
10
10
10
10
10
10
10
10
10
10
10
10
10
10
10
10
10
10
10
10
10
10
10
10
10
10
10
10
10
10
10
10
10
10
10
10
10
10
10
10
10
10
10
10
10
10
10
10
10
10
10
10
10
10
10
10
10
10
10
10
10
10
10
10
10
10
10
10
10
10
10
10
10
10
10
10
10
10
10
10
10
10
10
10
10
10
10
10
10
10
10
10
10
10
10
10
10
10
10
10
10
10
10
10
10
10
10
10
10
10
10
10
10
10
10
10
10
10
10
10
10
10
10
10
10
10
10
10
10
10
10
10
10
10
10
10
10
10
10
10
10
10
10
10
10
10
10
10
10
10
10
10
10
10
10
10
10
10
10
10
10
10
10
10
10
10
10
10
10
10
10
10
10
10
10
10
10
10
10
10
10
10
10
10
10
10
10
10
10
10
10
10
10
10
10
10
10
10
10
10
10
10
10
10
10
10
10
10
10
10
10
10
10
10
10
10
10
10
10
10
10
10
10
10
10
10
10
10
10
10
10
10
10
10
10
10
10
10
10
10
10
10
10
10
10
10
10
10
10
10
10
10
10
10
10
10
10
10
10
10
10
10
10
10
10
10
10
10
10
10
10
10
10
10
10
10
10
10
10
10
10
10
10
10
10
10
10
10
10
10
10
10
10
10
10
10
10
10
10
10
10
10
10
10
10
10
10
10
10
10
10
10
10
10
10
10
10
10
10
10
10
10
10
10
10
10
10
10
10
10
10
10
10
10
10
10
10
10
10
10
10
10
10
10
10
10
10
10
10
10
10
10
10
10
10
10
10
10
10
10
10
10
10
10
10
10
10
10
10
10
10
10
10
10
10
10
10
10
10
10
10
10
10
10
10
10
10
10
10
10
10
10
10
10
10
10
10
10
10
10
10
10
10
10
10
10
10
10
10
10
10
10
10
10
10
10
10
10
10
10
10
10
10
10
10
10
10
10
10
10
10
10
10
10
10
10
10
10
10
10
10
10
10
10
10
10
10
10
10
10
10
10
10
10
10
10
10
10
10
10
10
10
10
10
10
10
10
10
10
10
10
10
10
10
10
10
10
10
10
10
10
10
10
10
10
10
10
10
10
10
10
10
10
10
10
10
10
10
10
10
10
10
10
10
10
10
10
10
10
10
10
10
10
10
10
10
10
10
10
10
10
10
10
10
10
10
10
10
10
10
10
10
10
10
10
10
10
10
10
10
10
10
10
10
10
10
10
10
10
10
10
10
10
10
10
10
10
10
10
10
10
10
10
10
10
10
10
10
10
10
10
10
10
10
10
10
10
10
10
10
10
10
10
10
10
10
10
10
10
10
10
10
10
10
10
10
10
10
10
10
10
10
10
10
10
10
10
10
10
10
10
10
10
10
10
10
10
10
10
10
10
10
10
10
10
10
10
10
10
10
10
10
10
10
10
10
10
10
10
10
10
10
10
10
10
10
10
10
10
10
10
10
10
10
10
10
10
10
10
10
10
10
10
10
10
10
10
10
10
10
10
10
10
10
10
10
10
10
10
10
10
10
10
10
10
10
10
10
10
10
10
10
10
10
10
10
10
10
10
10
10
10
10
10
10
10
10
10
10
10
10
10
10
10
10
10
10
10
10
10
10
10
10
10
10
10
10
10
10
10
10
10
10
10
10
10
10
10
10
10
10
10
10
10
10
10
10
10
10
10
10
10
10
10
10
10
10
10
10
10
10
10
10
10
10
10
10
10
10
10
10
10
10
10
10
10
10
10
10
10
10
10
10
10
10
10
10
10
10
10
10
10
10
10
10
10
10
10
10
10
10
10
10
10
10
10
10
10
10
10
10
10
10
10
10
10
10
10
10
10
10
10
10
10
10
10
10
10
10
10
10
10
10
10
10
10
10
10
10
10
10
10
10
10
10
10
10
10
10
10
10
10
10
10
10
10
10
10
10
10
10
10
10
10
10
10
10
10
10
10
10
10
10
10
10
10
10
10
10
10
10
10
10
10
10
10
10
10
10
10
10
10
10
10
10
10
10
10
10
10
10
10
10
10
10
10
10
10
10
10
10
10
10
10
10
10
10
10
10
10
10
10
10
10
10
10
10
10
10
10
10
10
10
10
10
10
10
10
10
10
10
10
10
10
10
10
10
10
10
10
10
10
10
10
10
10
10
10
10
10
10
10
10
10
10
10
10
10
10
10
10
10
10
10
10
10
10
10
10
10
10
10
10
10
10
10
10
10
10
10
10
10
10
10
10
10
10
10
10
10
10
10
10
10
10
10
10
10
10
10
10
10
10
10
10
10
10
10
10
10
10
10
10
10
10
10
10
10
10
10
10
10
10
10
10
10
10
10
10
10
10
10
10
10
10
10
10
10
10
10
10
10
10
10
10
10
10
10
10
10
10
10
10
10
10
10
10
10
10
10
10
10
10
10
10
10
10
10
10
10
10
10
10
10
10
10
10
10
10
10
10
10
10
10
10
10
10
10
10
10
10
10
10
10
10
10
10
10
10
10
10
10
10
10
10
10
10
10
10
10
10
10
10
10
10
10
10
10
10
10
10
10
10
10
10
10
10
10
10
10
10
10
10
10
10
10
10
10
10
10
10
10
10
10
10
10
10
10
10
10
10
10
10
10
10
10
10
10
10
10
10
10
10
10
10
10
10
10
10
10
10
10
10
10
10
10
10
10
10
10
10
10
10
10
10
10
10
10
10
10
10
10
10
10
10
10
10
10
10
10
10
10
10
10
10
10
10
10
10
10
10
10
10
10
10
10
10
10
10
10
10
10
10
10
10
10
10
10
10
10
10
10
10
10
10
10
10
10
10
10
10
10
10
10
10
10
10
10
10
10
10
10
10
10
10
10
10
10
10
10
10
10
10
10
10
10
10
10
10
10
10
10
10
10
10
10
10
10
10
10
10
10
10
10
10
10
10
10
10
10
10
10
10
10
10
10
10
10
10
10
10
10
10
10
10
10
10
10
10
10
10
10
10
10
10
10
10
10
10
10
10
10
10
10
10
10
10
10
10
10
10
10
10
10
10
10
10
10
10
10
10
10
10
10
10
10
10
10
10
10
10
10
10
10
10
10
10
10
10
10
10
10
10
10
10
10
10
10
10
10
10
10
10
10
10
10
10
10
10
10
10
10
10
10
10
10
10
10
10
10
10
10
10
10
10
10
10
10
10
10
10
10
10
10
10
10
10
10
10
10
10
10
10
10
10
10
10
10
10
10
10
10
10
10
10
10
10
10
10
10
10
10
10
10
10
10
10
10
10
10
10
10
10
10
10
10
10
10
10
10
10
10
10
10
10
10
10
10
10
10
10
10
10
10
10
10
10
10
10
10
10
10
10
10
10
10
10
10
10
10
10
10
10
10
10
10
10
10
10
10
10
10
10
10
10
10
10
10
10
10
10
10
10
10
10
10
10
10
10
10
10
10
10
10
10
10
10
10
10
10
10
10
10
10
10
10
10
10
10
10
10
10
10
10
10
10
10
10
10
10
10
10
10
10
10
10
10
10
10
10
10
10
10
10
10
10
10
10
10
10
10
10
10
10
10
10
10
10
10
10
10
10
10
10
10
10
10
10
10
10
10
10
10
10
10
10
10
10
10
10
10
10
10
10
10
10
10
10
10
10
10
10
10
10
10
10
10
10
10
10
10
10
10
10
10
10
10
10
10
10
10
10
10
10
10
10
10
10
10
10
10
10
10
10
10
10
10
10
10
10
10
10
10
10
10
10
10
10
10
10
10
10
10
10
10
10
10
10
10
10
10
10
10
10
10
10
10
10
10
10
10
10
10
10
10
10
10
10
10
10
10
10
10
10
10
10
10
10
10
10
10
10
10
10
10
10
10
10
10
10
10
10
10
10
10
10
10
10
10
10
10
10
10
10
10
10
10
10
10
10
10
10
10
10
10
10
10
10
10
10
10
10
10
10
10
10
10
10
10
10
10
10
10
10
10
10
10
10
10
10
10
10
10
10
10
10
10
10
10
10
10
10
10
10
10
10
10
10
10
10
10
10
10
10
10
10
10
10
10
10
10
10
10
10
10
10
10
10
10
10
10
10
10
10
10
10
10
10
10
10
10
10
10
10
10
10
10
10
10
10
10
10
10
10
10
10
10
10
10
10
10
10
10
10
10
10
10
10
10
10
10
10
10
10
10
10
10
10
10
10
10
10
10
10
10
10
10
10
10
10
10
10
10
10
10
10
10
10
10
10
10
10
10
10
10
10
10
10
10
10
10
10
10
10
10
10
10
10
10
10
10
10
10
10
10
10
10
10
10
10
10
10
10
10
10
10
10
10
10
10
10
10
10
10
10
10
10
10
10
10
10
10
10
10
10
10
10
10
10
10
10
10
10
10
10
10
10
10
10
10
10
10
10
10
10
10
10
10
10
10
10
10
10
10
10
10
10
10
10
10
10
10
10
10
10
10
10
10
10
10
10
10
10
10
10
10
10
10
10
10
10
10
10
10
10
10
10
10
10
10
10
10
10
10
10
10
10
10
10
10
10
10
10
10
10
10
10
10
10
10
10
10
10
10
10
10
10
10
10
10
10
10
10
10
10
10
10
10
10
10
10
10
10
10
10
10
10
10
10
10
10
10
10
10
10
10
10
10
10
10
10
10
10
10
10
10
10
10
10
10
10
10
10
10
10
10
10
10
10
10
10
10
10
10
10
10
10
10
10
10
10
10
10
10
10
10
10
10
10
10
10
10
10
10
10
10
10
10
10
10
10
10
10
10
10
10
10
10
10
10
10
10
10
10
10
10
10
10
10
10
10
10
10
10
10
10
10
10
10
10
10
10
10
10
10
10
10
10
10
10
10
10
10
10
10
10
10
10
10
10
10
10
10
10
10
10
10
10
10
10
10
10
10
10
10
10
10
10
10
10
10
10
10
10
10
10
10
10
10
10
10
10
10
10
10
10
10
10
10
10
10
10
10
10
10
10
10
10
10
10
10
10
10
10
10
10
10
10
10
10
10
10
10
10
10
10
10
10
10
10
10
10
10
10
10
10
10
10
10
10
10
10
10
10
10
10
10
10
10
10
10
10
10
10
10
10
10
10
10
10
10
10
10
10
10
10
10
10
10
10
10
10
10
10
10
10
10
10
10
10
10
10
10
10
10
10
10
10
10
10
10
10
10
10
10
10
10
10
10
10
10
10
10
10
10
10
10
10
10
10
10
10
10
10
10
10
10
10
10
10
10
10
10
10
10
10
10
10
10
10
10
10
10
10
10
10
10
10
10
10
10
10
10
10
10
10
10
10
10
10
10
10
10
10
10
10
10
10
10
10
10
10
10
10
10
10
10
10
10
10
10
10
10
10
10
10
10
10
10
10
10
10
10
10
10
10
10
10
10
10
10
10
10
10
10
10
10
10
10
10
10
10
10
10
10
10
10
10
10
10
10
10
10
10
10
10
10
10
10
10
10
10
10
10
10
10
10
10
10
10
10
10
10
10
10
10
10
10
10
10
10
10
10
10
10
10
10
10
10
10
10
10
10
10
10
10
10
10
10
10
10
10
10
10
10
10
10
10
10
10
10
10
10
10
10
10
10
10
10
10
10
10
10
10
10
10
10
10
10
10
10
10
10
10
10
10
10
10
10
10
10
10
10
10
10
10
10
10
10
10
10
10
10
10
10
10
10
10
10
10
10
10
10
10
10
10
10
10
10
10
10
10
10
10
10
10
10
10
10
10
10
10
10
10
10
10
10
10
10
10
10
10
10
10
10
10
10
10
10
10
10
10
10
10
10
10
10
10
10
10
10
10
10
10
10
10
10
10
10
10
10
10
10
10
10
10
10
10
10
10
10
10
10
10
10
10
10
10
10
10
10
10
10
10
10
10
10
10
10
10
10
10
10
10
10
10
10
10
10
10
10
10
10
10
10
10
10
10
10
10
10
10
10
10
10
10
10
10
10
10
10
10
10
10
10
10
10
10
10
10
10
10
10
10
10
10
10
10
10
10
10
10
10
10
10
10
10
10
10
10
10
10
10
10
10
10
10
10
10
10
10
10
10
10
10
10
10
10
10
10
10
10
10
10
10
10
10
10
10
10
10
10
10
10
10
10
10
10
10
10
10
10
10
10
10
10
10
10
10
10
10
10
10
10
10
10
10
10
10
10
10
10
10
10
10
10
10
10
10
10
10
10
10
10
10
10
10
10
10
10
10
10
10
10
10
10
10
10
10
10
10
10
10
10
10
10
10
10
10
10
10
10
10
10
10
10
10
10
10
10
10
10
10
10
10
10
10
10
10
10
10
10
10
10
10
10
10
10
10
10
10
10
10
10
10
10
10
10
10
10
10
10
10
10
10
10
10
10
10
10
10
10
10
10
10
10
10
10
10
10
10
10
10
10
10
10
10
10
10
10
10
10
10
10
10
10
10
10
10
10
10
10
10
10
10
10
10
10
10
10
10
10
10
10
10
10
10
10
10
10
10
10
10
10
10
10
10
10
10
10
10
10
10
10
10
10
10
10
10
10
10
10
10
10
10
10
10
10
10
10
10
10
10
10
10
10
10
10
10
10
10
10
10
10
10
10
10
10
10
10
10
10
10
10
10
10
10
10
10
10
10
10
10
10
10
10
10
10
10
10
10
10
10
10
10
10
10
10
10
10
10
10
10
10
10
10
10
10
10
10
10
10
10
10
10
10
10
10
10
10
10
10
10
10
10
10
10
10
10
10
10
10
10
10
10
10
10
10
10
10
10
10
10
10
10
10
10
10
10
10
10
10
10
10
10
10
10
10
10
10
10
10
10
10
10
10
10
10
10
10
10
10
10
10
10
10
10
10
10
10
10
10
10
10
10
10
10
10
10
10
10
10
10
10
10
10
10
10
10
10
10
10
10
10
10
10
10
10
10
10
10
10
10
10
10
10
10
10
10
10
10
10
10
10
10
10
10
10
10
10
10
10
10
10
10
10
10
10
10
10
10
10
10
10
10
10
10
10
10
10
10
10
10
10
10
10
10
10
10
10
10
10
10
10
10
10
10
10
10
10
10
10
10
10
10
10
10
10
10
10
10
10
10
10
10
10
10
10
10
10
10
10
10
10
10
10
10
10
10
10
10
10
10
10
10
10
10
10
10
10
10
10
10
10
10
10
10
10
10
10
10
10
10
10
10
10
10
10
10
10
10
10
10
10
10
10
10
10
10
10
10
10
10
10
10
10
10
10
10
10
10
10
10
10
10
10
10
10
10
10
10
10
10
10
10
10
10
10
10
10
10
10
10
10
10
10
10
10
10
10
10
10
10
10
10
10
10
10
10
10
10
10
10
10
10
10
10
10
10
10
10
10
10
10
10
10
10
10
10
10
10
10
10
10
10
10
10
10
10
10
10
10
10
10
10
10
10
10
10
10
10
10
10
10
10
10
10
10
10
10
10
10
10
10
10
10
10
10
10
10
10
10
10
10
10
10
10
10
10
10
10
10
10
10
10
10
10
10
10
10
10
10
10
10
10
10
10
10
10
10
10
10
10
10
10
10
10
10
10
10
10
10
10
10
10
10
10
10
10
10
10
10
10
10
10
10
10
10
10
10
10
10
10
10
10
10
10
10
10
10
10
10
10
10
10
10
10
10
10
10
10
10
10
10
10
10
10
10
10
10
10
10
10
10
10
10
10
10
10
10
10
10
10
10
10
10
10
10
10
10
10
10
10
10
10
10
10
10
10
10
10
10
10
10
10
10
10
10
10
10
10
10
10
10
10
10
10
10
10
10
10
10
10
10
10
10
10
10
10
10
10
10
10
10
10
10
10
10
10
10
10
10
10
10
10
10
10
10
10
10
10
10
10
10
10
10
10
10
10
10
10
10
10
10
10
10
10
10
10
10
10
10
10
10
10
10
10
10
10
10
10
10
10
10
10
10
10
10
10
10
10
10
10
10
10
10
10
10
10
10
10
10
10
10
10
10
10
10
10
10
10
10
10
10
10
10
10
10
10
10
10
10
10
10
10
10
10
10
10
10
10
10
10
10
10
10
10
10
10
10
10
10
10
10
10
10
10
10
10
10
10
10
10
10
10
10
10
10
10
10
10
10
10
10
10
10
10
10
10
10
10
10
10
10
10
10
10
10
10
10
10
10
10
10
10
10
10
10
10
10
10
10
10
10
10
10
10
10
10
10
10
10
10
10
10
10
10
10
10
10
10
10
10
10
10
10
10
10
10
10
10
10
10
10
10
10
10
10
10
10
10
10
10
10
10
10
10
10
10
10
10
10
10
10
10
10
10
10
10
10
10
10
10
10
10
10
10
10
10
10
10
10
10
10
10
10
10
10
10
10
10
10
10
10
10
10
10
10
10
10
10
10
10
10
10
10
10
10
10
10
10
10
10
10
10
10
10
10
10
10
10
10
10
10
10
10
10
10
10
10
10
10
10
10
10
10
10
10
10
10
10
10
10
10
10
10
10
10
10
10
10
10
10
10
10
10
10
10
10
10
10
10
10
10
10
10
10
10
10
10
10
10
10
10
10
10
10
10
10
10
10
10
10
10
10
10
10
10
10
10
10
10
10
10
10
10
10
10
10
10
10
10
10
10
10
10
10
10
10
10
10
10
10
10
10
10
10
10
10
10
10
10
10
10
10
10
10
10
10
10
10
10
10
10
10
10
10
10
10
10
10
10
10
10
10
10
10
10
10
10
10
10
10
10
10
10
10
10
10
10
10
10
10
10
10
10
10
10
10
10
10
10
10
10
10
10
10
10
10
10
10
10
10
10
10
10
10
10
10
10
10
10
10
10
10
10
10
10
10
10
10
10
10
10
10
10
10
10
10
10
10
10
10
10
10
10
10
10
10
10
10
10
10
10
10
10
10
10
10
10
10
10
10
10
10
10
10
10
10
10
10
10
10
10
10
10
10
10
10
10
10
10
10
10
10
10
10
10
10
10
10
10
10
10
10
10
10
10
10
10
10
10
10
10
10
10
10
10
10
10
10
10
10
10
10
10
10
10
10
10
10
10
10
10
10
10
10
10
10
10
10
10
10
10
10
10
10
10
10
10
10
10
10
10
10
10
10
10
10
10
10
10
10
10
10
10
10
10
10
10
10
10
10
10
10
10
10
10
10
10
10
10
10
10
10
10
10
10
10
10
10
10
10
10
10
10
10
10
10
10
10
10
10
10
10
10
10
10
10
10
10
10
10
10
10
10
10
10
10
10
10
10
10
10
10
10
10
10
10
10
10
10
10
10
10
10
10
10
10
10
10
10
10
10
10
10
10
10
10
10
10
10
10
10
10
10
10
10
10
10
10
10
10
10
10
10
10
10
10
10
10
10
10
10
10
10
10
10
10
10
10
10
10
10
10
10
10
10
10
10
10
10
10
10
10
10
10
10
10
10
10
10
10
10
10
10
10
10
10
10
10
10
10
10
10
10
10
10
10
10
10
10
10
10
10
10
10
10
10
10
10
10
10
10
10
10
10
10
10
10
10
10
10
10
10
10
10
10
10
10
10
10
10
10
10
10
10
10
10
10
10
10
10
10
10
10
10
10
10
10
10
10
10
10
10
10
10
10
10
10
10
10
10
10
10
10
10
10
10
10
10
10
10
10
10
10
10
10
10
10
10
10
10
10
10
10
10
10
10
10
10
10
10
10
10
10
10
10
10
10
10
10
10
10
10
10
10
10
10
10
10
10
10
10
10
10
10
10
10
10
10
10
10
10
10
10
10
10
10
10
10
10
10
10
10
10
10
10
10
10
10
10
10
10
10
10
10
10
10
10
10
10
10
10
10
10
10
10
10
10
10
10
10
10
10
10
10
10
10
10
10
10
10
10
10
10
10
10
10
10
10
10
10
10
10
10
10
10
10
10
10
10
10
10
10
10
10
10
10
10
10
10
10
10
10
10
10
10
10
10
10
10
10
10
10
10
10
10
10
10
10
10
10
10
10
10
10
10
10
10
10
10
10
10
10
10
10
10
10
10
10
10
10
10
10
10
10
10
10
10
10
10
10
10
10
10
10
10
10
10
10
10
10
10
10
10
10
10
10
10
10
10
10
10
10
10
10
10
10
10
10
10
10
10
10
10
10
10
10
10
10
10
10
10
10
10
10
10
10
10
10
10
10
10
10
10
10
10
10
10
10
10
10
10
10
10
10
10
10
10
10
10
10
10
10
10
10
10
10
10
10
10
10
10
10
10
10
10
10
10
10
10
10
10
10
10
10
10
10
10
10
10
10
10
10
10
10
10
10
10
10
10
10
10
10
10
10
10
10
10
10
10
10
10
10
10
10
10
10
10
10
10
10
10
10
10
10
10
10
10
10
10
10
10
10
10
10
10
10
10
10
10
10
10
10
10
10
10
10
10
10
10
10
10
10
10
10
10
10
10
10
10
10
10
10
10
10
10
10
10
10
10
10
10
10
10
10
10
10
10
10
10
10
10
10
10
10
10
10
10
10
10
10
10
10
10
10
10
10
10
10
10
10
10
10
10
10
10
10
10
10
10
10
10
10
10
10
10
10
10
10
10
10
10
10
10
10
10
10
10
10
10
10
10
10
10
10
10
10
10
10
10
10
10
10
10
10
10
10
10
10
10
10
10
10
10
10
10
10
10
10
10
10
10
10
10
10
10
10
10
10
10
10
10
10
10
10
10
10
10
10
10
10
10
10
10
10
10
10
10
10
10
10
10
10
10
10
10
10
10
10
10
10
10
10
10
10
10
10
10
10
10
10
10
10
10
10
10
10
10
10
10
10
10
10
10
10
10
10
10
10
10
10
10
10
10
10
10
10
10
10
10
10
10
10
10
10
10
10
10
10
10
10
10
10
10
10
10
10
10
10
10
10
10
10
10
10
10
10
10
10
10
10
10
10
10
10
10
10
10
10
10
10
10
10
10
10
10
10
10
10
10
10
10
10
10
10
10
10
10
10
10
10
10
10
10
10
10
10
10
10
10
10
10
10
10
10
10
10
10
10
10
10
10
10
10
10
10
10
10
10
10
10
10
10
10
10
10
10
10
10
10
10
10
10
10
10
10
10
10
10
10
10
10
10
10
10
10
10
10
10
10
10
10
10
10
10
10
10
10
10
10
10
10
10
10
10
10
10
10
10
10
10
10
10
10
10
10
10
10
10
10
10
10
10
10
10
10
10
10
10
10
10
10
10
10
10
10
10
10
10
10
10
10
10
10
10
10
10
10
10
10
10
10
10
10
10
10
10
10
10
10
10
10
10
10
10
10
10
10
10
10
10
10
10
10
10
10
10
10
10
10
10
10
10
10
10
10
10
10
10
10
10
10
10
10
10
10
10
10
10
10
10
10
10
10
10
10
10
10
10
10
10
10
10
10
10
10
10
10
10
10
10
10
10
10
10
10
10
10
10
10
10
10
10
10
10
10
10
10
10
10
10
10
10
10
10
10
10
10
10
10
10
10
10
10
10
10
10
10
10
10
10
10
10
10
10
10
10
10
10
10
10
10
10
10
10
10
10
10
10
10
10
10
10
10
10
10
10
10
10
10
10
10
10
10
10
10
10
10
10
10
10
10
10
10
10
10
10
10
10
10
10
10
10
10
10
10
10
10
10
10
10
10
10
10
10
10
10
10
10
10
10
10
10
10
10
10
10
10
10
10
10
10
10
10
10
10
10
10
10
10
10
10
10
10
10
10
10
10
10
10
10
10
10
10
10
10
10
10
10
10
10
10
10
10
10
10
10
10
10
10
10
10
10
10
10
10
10
10
10
10
10
10
10
10
10
10
10
10
10
10
10
10
10
10
10
10
10
10
10
10
10
10
10
10
10
10
10
10
10
10
10
10
10
10
10
10
10
10
10
10
10
10
10
10
10
10
10
10
10
10
10
10
10
10
10
10
10
10
10
10
10
10
10
10
10
10
10
10
10
10
10
10
10
10
10
10
10
10
10
10
10
10
10
10
10
10
10
10
10
10
10
10
10
10
10
10
10
10
10
10
10
10
10
10
10
10
10
10
10
10
10
10
10
10
10
10
10
10
10
10
10
10
10
10
10
10
10
10
10
10
10
10
10
10
10
10
10
10
10
10
10
10
10
10
10
10
10
10
10
10
10
10
10
10
10
10
10
10
10
10
10
10
10
10
10
10
10
10
10
10
10
10
10
10
10
10
10
10
10
10
10
10
10
10
10
10
10
10
10
10
10
10
10
10
10
10
10
10
10
10
10
10
10
10
10
10
10
10
10
10
10
10
10
10
10
10
10
10
10
10
10
10
10
10
10
10
10
10
10
10
10
10
10
10
10
10
10
10
10
10
10
10
10
10
10
10
10
10
10
10
10
10
10
10
10
10
10
10
10
10
10
10
10
10
10
10
10
10
10
10
10
10
10
10
10
10
10
10
10
10
10
10
10
10
10
10
10
10
10
10
10
10
10
10
10
10
10
10
10
10
10
10
10
10
10
10
10
10
10
10
10
10
10
10
10
10
10
10
10
10
10
10
10
10
10
10
10
10
10
10
10
10
10
10
10
10
10
10
10
10
10
10
10
10
10
10
10
10
10
10
10
10
10
10
10
10
10
10
10
10
10
10
10
10
10
10
10
10
10
10
10
10
10
10
10
10
10
10
10
10
10
10
10
10
10
10
10
10
10
10
10
10
10
10
10
10
10
10
10
10
10
10
10
10
10
10
10
10
10
10
10
10
10
10
10
10
10
10
10
10
10
10
10
10
10
10
10
10
10
10
10
10
10
10
10
10
10
10
10
10
10
10
10
10
10
10
10
10
10
10
10
10
10
10
10
10
10
10
10
10
10
10
10
10
10
10
10
10
10
10
10
10
10
10
10
10
10
10
10
10
10
10
10
10
10
10
10
10
10
10
10
10
10
10
10
10
10
10
10
10
10
10
10
10
10
10
10
10
10
10
10
10
10
10
10
10
10
10
10
10
10
10
10
10
10
10
10
10
10
10
10
10
10
10
10
10
10
10
10
10
10
10
10
10
10
10
10
10
10
10
10
10
10
10
10
10
10
10
10
10
10
10
10
10
10
10
10
10
10
10
10
10
10
10
10
10
10
10
10
10
10
10
10
10
10
10
10
10
10
10
10
10
10
10
10
10
10
10
10
10
10
10
10
10
10
10
10
10
10
10
10
10
10
10
10
10
10
10
10
10
10
10
10
10
10
10
10
10
10
10
10
10
10
10
10
10
10
10
10
10
10
10
10
10
10
10
10
10
10
10
10
10
10
10
10
10
10
10
10
10
10
10
10
10
10
10
10
10
10
10
10
10
10
10
10
10
10
10
10
10
10
10
10
10
10
10
10
10
10
10
10
10
10
10
10
10
10
10
10
10
10
10
10
10
10
10
10
10
10
10
10
10
10
10
10
10
10
10
10
10
10
10
10
10
10
10
10
10
10
10
10
10
10
10
10
10
10
10
10
10
10
10
10
10
10
10
10
10
10
10
10
10
10
10
10
10
10
10
10
10
10
10
10
10
10
10
10
10
10
10
10
10
10
10
10
10
10
10
10
10
10
10
10
10
10
10
10
10
10
10
10
10
10
10
10
10
10
10
10
10
10
10
10
10
10
10
10
10
10
10
10
10
10
10
10
10
10
10
10
10
10
10
10
10
10
10
10
10
10
10
10
10
10
10
10
10
10
10
10
10
10
10
10
10
10
10
10
10
10
10
10
10
10
10
10
10
10
10
10
10
10
10
10
10
10
10
10
10
10
10
10
10
10
10
10
10
10
10
10
10
10
10
10
10
10
10
10
10
10
10
10
10
10
10
10
10
10
10
10
10
10
10
10
10
10
10
10
10
10
10
10
10
10
10
10
10
10
10
10
10
10
10
10
10
10
10
10
10
10
10
10
10
10
10
10
10
10
10
10
10
10
10
10
10
10
10
10
10
10
10
10
10
10
10
10
10
10
10
10
10
10
10
10
10
10
10
10
10
10
10
10
10
10
10
10
10
10
10
10
10
10
10
10
10
10
10
10
10
10
10
10
10
10
10
10
10
10
10
10
10
10
10
10
10
10
10
10
10
10
10
10
10
10
10
10
10
10
10
10
10
10
10
10
10
10
10
10
10
10
10
10
10
10
10
10
10
10
10
10
10
10
10
10
10
10
10
10
10
10
10
10
10
10
10
10
10
10
10
10
10
10
10
10
10
10
10
10
10
10
10
10
10
10
10
10
10
10
10
10
10
10
10
10
10
10
10
10
10
10
10
10
10
10
10
10
10
10
10
10
10
10
10
10
10
10
10
10
10
10
10
10
10
10
10
10
10
10
10
10
10
10
10
10
10
10
10
10
10
10
10
10
10
10
10
10
10
10
10
10
10
10
10
10
10
10
10
10
10
10
10
10
10
10
10
10
10
10
10
10
10
10
10
10
10
10
10
10
10
10
10
10
10
10
10
10
10
10
10
10
10
10
10
10
10
10
10
10
10
10
10
10
10
10
10
10
10
10
10
10
10
10
10
10
10
10
10
10
10
10
10
10
10
10
10
10
10
10
10
10
10
10
10
10
10
10
10
10
10
10
10
10
10
10
10
10
10
10
10
10
10
10
10
10
10
10
10
10
10
10
10
10
10
10
10
10
10
10
10
10
10
10
10
10
10
10
10
10
10
10
10
10
10
10
10
10
10
10
10
10
10
10
10
10
10
10
10
10
10
10
10
10
10
10
10
10
10
10
10
10
10
10
10
10
10
10
10
10
10
10
10
10
10
10
10
10
10
10
10
10
10
10
10
10
10
10
10
10
10
10
10
10
10
10
10
10
10
10
10
10
10
10
10
10
10
10
10
10
10
10
10
10
10
10
10
10
10
10
10
10
10
10
10
10
10
10
10
10
10
10
10
10
10
10
10
10
10
10
10
10
10
10
10
10
10
10
10
10
10
10
10
10
10
10
10
10
10
10
10
10
10
10
10
10
10
10
10
10
10
10
10
10
10
10
10
10
10
10
10
10
10
10
10
10
10
10
10
10
10
10
10
10
10
10
10
10
10
10
10
10
10
10
10
10
10
10
10
10
10
10
10
10
10
10
10
10
10
10
10
10
10
10
10
10
10
10
10
10
10
10
10
10
10
10
10
10
10
10
10
10
10
10
10
10
10
10
10
10
10
10
10
10
10
10
10
10
10
10
10
10
10
10
10
10
10
10
10
10
10
10
10
10
10
10
10
10
10
10
10
10
10
10
10
10
10
10
10
10
10
10
10
10
10
10
10
10
10
10
10
10
10
10
10
10
10
10
10
10
10
10
10
10
10
10
10
10
10
10
10
10
10
10
10
10
10
10
10
10
10
10
10
10
10
10
10
10
10
10
10
10
10
10
10
10
10
10
10
10
10
10
10
10
10
10
10
10
10
10
10
10
10
10
10
10
10
10
10
10
10
10
10
10
10
10
10
10
10
10
10
10
10
10
10
10
10
10
10
10
10
10
10
10
10
10
10
10
10
10
10
10
10
10
10
10
10
10
10
10
10
10
10
10
10
10
10
10
10
10
10
10
10
10
10
10
10
10
10
10
10
10
10
10
10
10
10
10
10
10
10
10
10
10
10
10
10
10
10
10
10
10
10
10
10
10
10
10
10
10
10
10
10
10
10
10
10
10
10
10
10
10
10
10
10
10
10
10
10
10
10
10
10
10
10
10
10
10
10
10
10
10
10
10
10
10
10
10
10
10
10
10
10
10
10
10
10
10
10
10
10
10
10
10
10
10
10
10
10
10
10
10
10
10
10
10
10
10
10
10
10
10
10
10
10
10
10
10
10
10
10
10
10
10
10
10
10
10
10
10
10
10
10
10
10
10
10
10
10
10
10
10
10
10
10
10
10
10
10
10
10
10
10
10
10
10
10
10
10
10
10
10
10
10
10
10
10
10
10
10
10
10
10
10
10
10
10
10
10
10
10
10
10
10
10
10
10
10
10
10
10
10
10
10
10
10
10
10
10
10
10
10
10
10
10
10
10
10
10
10
10
10
10
10
10
10
10
10
10
10
10
10
10
10
10
10
10
10
10
10
10
10
10
10
10
10
10
10
10
10
10
10
10
10
10
10
10
10
10
10
10
10
10
10
10
10
10
10
10
10
10
10
10
10
10
10
10
10
10
10
10
10
10
10
10
10
10
10
10
10
10
10
10
10
10
10
10
10
10
10
10
10
10
10
10
10
10
10
10
10
10
10
10
10
10
10
10
10
10
10
10
10
10
10
10
10
10
10
10
10
10
10
10
10
10
10
10
10
10
10
10
10
10
10
10
10
10
10
10
10
10
10
10
10
10
10
10
10
10
10
10
10
10
10
10
10
10
10
10
10
10
10
10
10
10
10
10
10
10
10
10
10
10
10
10
10
10
10
10
10
10
10
10
10
10
10
10
10
10
10
10
10
10
10
10
10
10
10
10
10
10
10
10
10
10
10
10
10
10
10
10
10
10
10
10
10
10
10
10
10
10
10
10
10
10
10
10
10
10
10
10
10
10
10
10
10
10
10
10
10
10
10
10
10
10
10
10
10
10
10
10
10
10
10
10
10
10
10
10
10
10
10
10
10
10
10
10
10
10
10
10
10
10
10
10
10
10
10
10
10
10
10
10
10
10
10
10
10
10
10
10
10
10
10
10
10
10
10
10
10
10
10
10
10
10
10
10
10
10
10
10
10
10
10
10
10
10
10
10
10
10
10
10
10
10
10
10
10
10
10
10
10
10
10
10
10
10
10
10
10
10
10
10
10
10
10
10
10
10
10
10
10
10
10
10
10
10
10
10
10
10
10
10
10
10
10
10
10
10
10
10
10
10
10
10
10
10
10
10
10
10
10
10
10
10
10
10
10
10
10
10
10
10
10
10
10
10
10
10
10
10
10
10
10
10
10
10
10
10
10
10
10
10
10
10
10
10
10
10
10
10
10
10
10
10
10
10
10
10
10
10
10
10
10
10
10
10
10
10
10
10
10
10
10
10
10
10
10
10
10
10
10
10
10
10
10
10
10
10
10
10
10
10
10
10
10
10
10
10
10
10
10
10
10
10
10
10
10
10
10
10
10
10
10
10
10
10
10
10
10
10
10
10
10
10
10
10
10
10
10
10
10
10
10
10
10
10
10
10
10
10
10
10
10
10
10
10
10
10
10
10
10
10
10
10
10
10
10
10
10
10
10
10
10
10
10
10
10
10
10
10
10
10
10
10
10
10
10
10
10
10
10
10
10
10
10
10
10
10
10
10
10
10
10
10
10
10
10
10
10
10
10
10
10
10
10
10
10
10
10
10
10
10
10
10
10
10
10
10
10
10
10
10
10
10
10
10
10
10
10
10
10
10
10
10
10
10
10
10
10
10
10
10
10
10
10
10
10
10
10
10
10
10
10
10
10
10
10
10
10
10
10
10
10
10
10
10
10
10
10
10
10
10
10
10
10
10
10
10
10
10
10
10
10
10
10
10
10
10
10
10
10
10
10
10
10
10
10
10
10
10
10
10
10
10
10
10
10
10
10
10
10
10
10
10
10
10
10
10
10
10
10
10
10
10
10
10
10
10
10
10
10
10
10
10
10
10
10
10
10
10
10
10
10
10
10
10
10
10
10
10
10
10
10
10
10
10
10
10
10
10
10
10
10
10
10
10
10
10
10
10
10
10
10
10
10
10
10
10
10
10
10
10
10
10
10
10
10
10
10
10
10
10
10
10
10
10
10
10
10
10
10
10
10
10
10
10
10
10
10
10
10
10
10
10
10
10
10
10
10
10
10
10
10
10
10
10
10
10
10
10
10
10
10
10
10
10
10
10
10
10
10
10
10
10
10
10
10
10
10
10
10
10
10
10
10
10
10
10
10
10
10
10
10
10
10
10
10
10
10
10
10
10
10
10
10
10
10
10
10
10
10
10
10
10
10
10
10
10
10
10
10
10
10
10
10
10
10
10
10
10
10
10
10
10
10
10
10
10
10
10
10
10
10
10
10
10
10
10
10
10
10
10
10
10
10
10
10
10
10
10
10
10
10
10
10
10
10
10
10
10
10
10
10
10
10
10
10
10
10
10
10
10
10
10
10
10
10
10
10
10
10
10
10
10
10
10
10
10
10
10
10
10
10
10
10
10
10
10
10
10
10
10
10
10
10
10
10
10
10
10
10
10
10
10
10
10
10
10
10
10
10
10
10
10
10
10
10
10
10
10
10
10
10
10
10
10
10
10
10
10
10
10
10
10
10
10
10
10
10
10
10
10
10
10
10
10
10
10
10
10
10
10
10
10
10
10
10
10
10
10
10
10
10
10
10
10
10
10
10
10
10
10
10
10
10
10
10
10
10
10
10
10
10
10
10
10
10
10
10
10
10
10
10
10
10
10
10
10
10
10
10
10
10
10
10
10
10
10
10
10
10
10
10
10
10
10
10
10
10
10
10
10
10
10
10
10
10
10
10
10
10
10
10
10
10
10
10
10
10
10

CELL_DATA 11119
SCALARS CellEntityIds int 1
LOOKUP_TABLE default
1
1
1
1
1
1
1
1
1
1
1
1
1
1
1
1
1
1
1
1
1
1
1
1
1
1
1
1
1
1
1
1
1
1
1
1
1
1
1
1
1
1
1
1
1
1
1
1
1
1
1
1
1
1
1
1
1
1
1
1
1
1
1
1
1
1
1
1
1
1
1
1
1
1
1
1
1
1
1
1
1
1
1
1
1
1
1
1
1
1
1
1
1
1
1
1
1
1
1
1
1
1
1
1
1
1
1
1
1
1
1
1
1
1
1
1
1
1
1
1
1
1
1
1
1
1
1
1
1
1
1
1
1
1
1
1
1
1
1
1
1
1
1
1
1
1
1
1
1
1
1
1
1
1
1
1
1
1
1
1
1
1
1
1
1
1
1
1
1
1
1
1
1
1
1
1
1
1
1
1
1
1
1
1
1
1
1
1
1
1
1
1
1
1
1
1
1
1
1
1
1
1
1
1
1
1
1
1
1
1
1
1
1
1
1
1
1
1
1
1
1
1
1
1
1
1
1
1
1
1
1
1
1
1
1
1
1
1
1
1
1
1
1
1
1
1
1
1
1
1
1
1
1
1
1
1
1
1
1
1
1
1
1
1
1
1
1
1
1
1
1
1
1
1
1
1
1
1
1
1
1
1
1
1
1
1
1
1
1
1
1
1
1
1
1
1
1
1
1
1
1
1
1
1
1
1
1
1
1
1
1
1
1
1
1
1
1
1
1
1
1
1
1
1
1
1
1
1
1
1
1
1
1
1
1
1
1
1
1
1
1
1
1
1
1
1
1
1
1
1
1
1
1
1
1
1
1
1
1
1
1
1
1
1
1
1
1
1
1
1
1
1
1
1
1
1
1
1
1
1
1
1
1
1
1
1
1
1
1
1
1
1
1
1
1
1
1
1
1
1
1
1
1
1
1
1
1
1
1
1
1
1
1
1
1
1
1
1
1
1
1
1
1
1
1
1
1
1
1
1
1
1
1
1
1
1
1
1
1
1
1
1
1
1
1
1
1
1
1
1
1
1
1
1
1
1
1
1
1
1
1
1
1
1
1
1
1
1
1
1
1
1
1
1
1
1
1
1
1
1
1
1
1
1
1
1
1
1
1
1
1
1
1
1
1
1
1
1
1
1
1
1
1
1
1
1
1
1
1
1
1
1
1
1
1
1
1
1
1
1
1
1
1
1
1
1
1
1
1
1
1
1
1
1
1
1
1
1
1
1
1
1
1
1
1
1
1
1
1
1
1
1
1
1
1
1
1
1
1
1
1
1
1
1
1
1
1
1
1
1
1
1
1
1
1
1
1
1
1
1
1
1
1
1
1
1
1
1
1
1
1
1
1
1
1
1
1
1
1
1
1
1
1
1
1
1
1
1
1
1
1
1
1
1
1
1
1
1
1
1
1
1
1
1
1
1
1
1
1
1
1
1
1
1
1
1
1
1
1
1
1
1
1
1
1
1
1
1
1
1
1
1
1
1
1
1
1
1
1
1
1
1
1
1
1
1
1
1
1
1
1
1
1
1
1
1
1
1
1
1
1
1
1
1
1
1
1
1
1
1
1
1
1
1
1
1
1
1
1
1
1
1
1
1
1
1
1
1
1
1
1
1
1
1
1
1
1
1
1
1
1
1
1
1
1
1
1
1
1
1
1
1
1
1
1
1
1
1
1
1
1
1
1
1
1
1
1
1
1
1
1
1
1
1
1
1
1
1
1
1
1
1
1
1
1
1
1
1
1
1
1
1
1
1
1
1
1
1
1
1
1
1
1
1
1
1
1
1
1
1
1
1
1
1
1
1
1
1
1
1
1
1
1
1
1
1
1
1
1
1
1
1
1
1
1
1
1
1
1
1
1
1
1
1
1
1
1
1
1
1
1
1
1
1
1
1
1
1
1
1
1
1
1
1
1
1
1
1
1
1
1
1
1
1
1
1
1
1
1
1
1
1
1
1
1
1
1
1
1
1
1
1
1
1
1
1
1
1
1
1
1
1
1
1
1
1
1
1
1
1
1
1
1
1
1
1
1
1
1
1
1
1
1
1
1
1
1
1
1
1
1
1
1
1
1
1
1
1
1
1
1
1
1
1
1
1
1
1
1
1
1
1
1
1
1
1
1
1
1
1
1
1
1
1
1
1
1
1
1
1
1
1
1
1
1
1
1
1
1
1
1
1
1
1
1
1
1
1
1
1
1
1
1
1
1
1
1
1
1
1
1
1
1
1
1
1
1
1
1
1
1
1
1
1
1
1
1
1
1
1
1
1
1
1
1
1
1
1
1
1
1
1
1
1
1
1
1
1
1
1
1
1
1
1
1
1
1
1
1
1
1
1
1
1
1
1
1
1
1
1
1
1
1
1
1
1
1
1
1
1
1
1
1
1
1
1
1
1
1
1
1
1
1
1
1
1
1
1
1
1
1
1
1
1
1
1
1
1
1
1
1
1
1
1
1
1
1
1
1
1
1
1
1
1
1
1
1
1
1
1
1
1
1
1
1
1
1
1
1
1
1
1
1
1
1
1
1
1
1
1
1
1
1
1
1
1
1
1
1
1
1
1
1
1
1
1
1
1
1
1
1
1
1
1
1
1
1
1
1
1
1
1
1
1
1
1
1
1
1
1
1
1
1
1
1
1
1
1
1
1
1
1
1
1
1
1
1
1
1
1
1
1
1
1
1
1
1
1
1
1
1
1
1
1
1
1
1
1
1
1
1
1
1
1
1
1
1
1
1
1
1
1
1
1
1
1
1
1
1
1
1
1
1
1
1
1
1
1
1
1
1
1
1
1
1
1
1
1
1
1
1
1
1
1
1
1
1
1
1
1
1
1
1
1
1
1
1
1
1
1
1
1
1
1
1
1
1
1
1
1
1
1
1
1
1
1
1
1
1
1
1
1
1
1
1
1
1
1
1
1
1
1
1
1
1
1
1
1
1
1
1
1
1
1
1
1
1
1
1
1
1
1
1
1
1
1
1
1
1
1
1
1
1
1
1
1
1
1
1
1
1
1
1
1
1
1
1
1
1
1
1
1
1
1
1
1
1
1
1
1
1
1
1
1
1
1
1
1
1
1
1
1
1
1
1
1
1
1
1
1
1
1
1
1
1
1
1
1
1
1
1
1
1
1
1
1
1
1
1
1
1
1
1
1
1
1
1
1
1
1
1
1
1
1
1
1
1
1
1
1
1
1
1
1
1
1
1
1
1
1
1
1
1
1
1
1
1
1
1
1
1
1
1
1
1
1
1
1
1
1
1
1
1
1
1
1
1
1
1
1
1
1
1
1
1
1
1
1
1
1
1
1
1
1
1
1
1
1
1
1
1
1
1
1
1
1
1
1
1
1
1
1
1
1
1
1
1
1
1
1
1
1
1
1
1
1
1
1
1
1
1
1
1
1
1
1
1
1
1
1
1
1
1
1
1
1
1
1
1
1
1
1
1
1
1
1
1
1
1
1
1
1
1
1
1
1
1
1
1
1
1
1
1
1
1
1
1
1
1
1
1
1
1
1
1
1
1
1
1
1
1
1
1
1
1
1
1
1
1
1
1
1
1
1
1
1
1
1
1
1
1
1
1
1
1
1
1
1
1
1
1
1
1
1
1
1
1
1
1
1
1
1
1
1
1
1
1
1
1
1
1
1
1
1
1
1
1
1
1
1
1
1
1
1
1
1
1
1
1
1
1
1
1
1
1
1
1
1
1
1
1
1
1
1
1
1
1
1
1
1
1
1
1
1
1
1
1
1
1
1
1
1
1
1
1
1
1
1
1
1
1
1
1
1
1
1
1
1
1
1
1
1
1
1
1
1
1
1
1
1
1
1
1
1
1
1
1
1
1
1
1
1
1
1
1
1
1
1
1
1
1
1
1
1
1
1
1
1
1
1
1
1
1
1
1
1
1
1
1
1
1
1
1
1
1
1
1
1
1
1
1
1
1
1
1
1
1
1
1
1
1
1
1
1
1
1
1
1
1
1
1
1
1
1
1
1
1
1
1
1
1
1
1
1
1
1
1
1
1
1
1
1
1
1
1
1
1
1
1
1
1
1
1
1
1
1
1
1
1
1
1
1
1
1
1
1
1
1
1
1
1
1
1
1
1
1
1
1
1
1
1
1
1
1
1
1
1
1
1
1
1
1
1
1
1
1
1
1
1
1
1
1
1
1
1
1
1
1
1
1
1
1
1
1
1
1
1
1
1
1
1
1
1
1
1
1
1
1
1
1
1
1
1
1
1
1
1
1
1
1
1
1
1
1
1
1
1
1
1
1
1
1
1
1
1
1
1
1
1
1
1
1
1
1
1
1
1
1
1
1
1
1
1
1
1
1
1
1
1
1
1
1
1
1
1
1
1
1
1
1
1
1
1
1
1
1
1
1
1
1
1
1
1
1
1
1
1
1
1
1
1
1
1
1
1
1
1
1
1
1
1
1
1
1
1
1
1
1
1
1
1
1
1
1
1
1
1
1
1
1
1
1
1
1
1
1
1
1
1
1
1
1
1
1
1
1
1
1
1
1
1
1
1
1
1
1
1
1
1
1
1
1
1
1
1
1
1
1
1
1
1
1
1
1
1
1
1
1
1
1
1
1
1
1
1
1
1
1
1
1
1
1
1
1
1
1
1
1
1
1
1
1
1
1
1
1
1
1
1
1
1
1
1
1
1
1
1
1
1
1
1
1
1
1
1
1
1
1
1
1
1
1
1
1
1
1
1
1
1
1
1
1
1
1
1
1
1
1
1
1
1
1
1
1
1
1
1
1
1
1
1
1
1
1
1
1
1
1
1
1
1
1
1
1
1
1
1
1
1
1
1
1
1
1
1
1
1
1
1
1
1
1
1
1
1
1
1
1
1
1
1
1
1
1
1
1
1
1
1
1
1
1
1
1
1
1
1
1
1
1
1
1
1
1
1
1
1
1
1
1
1
1
1
1
1
1
1
1
1
1
1
1
1
1
1
1
1
1
1
1
1
1
1
1
1
1
1
1
1
1
1
1
1
1
1
1
1
1
1
1
1
1
1
1
1
1
1
1
1
1
1
1
1
1
1
1
1
1
1
1
1
1
1
1
1
1
1
1
1
1
1
1
1
1
1
1
1
1
1
1
1
1
1
1
1
1
1
1
1
1
1
1
1
1
1
1
1
1
1
1
1
1
1
1
1
1
1
1
1
1
1
1
1
1
1
1
1
1
1
1
1
1
1
1
1
1
1
1
1
1
1
1
1
1
1
1
1
1
1
1
1
1
1
1
1
1
1
1
1
1
1
1
1
1
1
1
1
1
1
1
1
1
1
1
1
1
1
1
1
1
1
1
1
1
1
1
1
1
1
1
1
1
1
1
1
1
1
1
1
1
1
1
1
1
1
1
1
1
1
1
1
1
1
1
1
1
1
1
1
1
1
1
1
1
1
1
1
1
1
1
1
1
1
1
1
1
1
1
1
1
1
1
1
1
1
1
1
1
1
1
1
1
1
1
1
1
1
1
1
1
1
1
1
1
1
1
1
1
1
1
1
1
1
1
1
1
1
1
1
1
1
1
1
1
1
1
1
1
1
1
1
1
1
1
1
1
1
1
1
1
1
1
1
1
1
1
1
1
1
1
1
1
1
1
1
1
1
1
1
1
1
1
1
1
1
1
1
1
1
1
1
1
1
1
1
1
1
1
1
1
1
1
1
1
1
1
1
1
1
1
1
1
1
1
1
1
1
1
1
1
1
1
1
1
1
1
1
1
1
1
1
1
1
1
1
1
1
1
1
1
1
1
1
1
1
1
1
1
1
1
1
1
1
1
1
1
1
1
1
1
1
1
1
1
1
1
1
1
1
1
1
1
1
1
1
1
1
1
1
1
1
1
1
1
1
1
1
1
1
1
1
1
1
1
1
1
1
1
1
1
1
1
1
1
1
1
1
1
1
1
1
1
1
1
1
1
1
1
1
1
1
1
1
1
1
1
1
1
1
1
1
1
1
1
1
1
1
1
1
1
1
1
1
1
1
1
1
1
1
1
1
1
1
1
1
1
1
1
1
1
1
1
1
1
1
1
1
1
1
1
1
1
1
1
1
1
1
1
1
1
1
1
1
1
1
1
1
1
1
1
1
1
1
1
1
1
1
1
1
1
1
1
1
1
1
1
1
1
1
1
1
1
1
1
1
1
1
1
1
1
1
1
1
1
1
1
1
1
1
1
1
1
1
1
1
1
1
1
1
1
1
1
1
1
1
1
1
1
1
1
1
1
1
1
1
1
1
1
1
1
1
1
1
1
1
1
1
1
1
1
1
1
1
1
1
1
1
1
1
1
1
1
1
1
1
1
1
1
1
1
1
1
1
1
1
1
1
1
1
1
1
1
1
1
1
1
1
1
1
1
1
1
1
1
1
1
1
1
1
1
1
1
1
1
1
1
1
1
1
1
1
1
1
1
1
1
1
1
1
1
1
1
1
1
1
1
1
1
1
1
1
1
1
1
1
1
1
1
1
1
1
1
1
1
1
1
1
1
1
1
1
1
1
1
1
1
1
1
1
1
1
1
1
1
1
1
1
1
1
1
1
1
1
1
1
1
1
1
1
1
1
1
1
1
1
1
1
1
1
1
1
1
1
1
1
1
1
1
1
1
1
1
1
1
1
1
1
1
1
1
1
1
1
1
1
1
1
1
1
1
1
1
1
1
1
1
1
1
1
1
1
1
1
1
1
1
1
1
1
1
1
1
1
1
1
1
1
1
1
1
1
1
1
1
1
1
1
1
1
1
1
1
1
1
1
1
1
1
1
1
1
1
1
1
1
1
1
1
1
1
1
1
1
1
1
1
1
1
1
1
1
1
1
1
1
1
1
1
1
1
1
1
1
1
1
1
1
1
1
1
1
1
1
1
1
1
1
1
1
1
1
1
1
1
1
1
1
1
1
1
1
1
1
1
1
1
1
1
1
1
1
1
1
1
1
1
1
1
1
1
1
1
1
1
1
1
1
1
1
1
1
1
1
1
1
1
1
1
1
1
1
1
1
1
1
1
1
1
1
1
1
1
1
1
1
1
1
1
1
1
1
1
1
1
1
1
1
1
1
1
1
1
1
1
1
1
1
1
1
1
1
1
1
1
1
1
1
1
1
1
1
1
1
1
1
1
1
1
1
1
1
1
1
1
1
1
1
1
1
1
1
1
1
1
1
1
1
1
1
1
1
1
1
1
1
1
1
1
1
1
1
1
1
1
1
1
1
1
1
1
1
1
1
1
1
1
1
1
1
1
1
1
1
1
1
1
1
1
1
1
1
1
1
1
1
1
1
1
1
1
1
1
1
1
1
1
1
1
1
1
1
1
1
1
1
1
1
1
1
1
1
1
1
1
1
1
1
1
1
1
1
1
1
1
1
1
1
1
1
1
1
1
1
1
1
1
1
1
1
1
1
1
1
1
1
1
1
1
1
1
1
1
1
1
1
1
1
1
1
1
1
1
1
1
1
1
1
1
1
1
1
1
1
1
1
1
1
1
1
1
1
1
1
1
1
1
1
1
1
1
1
1
1
1
1
1
1
1
1
1
1
1
1
1
1
1
1
1
1
1
1
1
1
1
1
1
1
1
1
1
1
1
1
1
1
1
1
1
1
1
1
1
1
1
1
1
1
1
1
1
1
1
1
1
1
1
1
1
1
1
1
1
1
1
1
1
1
1
1
1
1
1
1
1
1
1
1
1
1
1
1
1
1
1
1
1
1
1
1
1
1
1
1
1
1
1
1
1
1
1
1
1
1
1
1
1
1
1
1
1
1
1
1
1
1
1
1
1
1
1
1
1
1
1
1
1
1
1
1
1
1
1
1
1
1
1
1
1
1
1
1
1
1
1
1
1
1
1
1
1
1
1
1
1
1
1
1
1
1
1
1
1
1
1
1
1
1
1
1
1
1
1
1
1
1
1
1
1
1
1
1
1
1
1
1
1
1
1
1
1
1
1
1
1
1
1
1
1
1
1
1
1
1
1
1
1
1
1
1
1
1
1
1
1
1
1
1
1
1
1
1
1
1
1
1
1
1
1
1
1
1
1
1
1
1
1
1
1
1
1
1
1
1
1
1
1
1
1
1
1
1
1
1
1
1
1
1
1
1
1
1
1
1
1
1
1
1
1
1
1
1
1
1
1
1
1
1
1
1
1
1
1
1
1
1
1
1
1
1
1
1
1
1
1
1
1
1
1
1
1
1
1
1
1
1
1
1
1
1
1
1
1
1
1
1
1
1
1
1
1
1
1
1
1
1
1
1
1
1
1
1
1
1
1
1
1
1
1
1
1
1
1
1
1
1
1
1
1
1
1
1
1
1
1
1
1
1
1
1
1
1
1
1
1
1
1
1
1
1
1
1
1
1
1
1
1
1
1
1
1
1
1
1
1
1
1
1
1
1
1
1
1
1
1
1
1
1
1
1
1
1
1
1
1
1
1
1
1
1
1
1
1
1
1
1
1
1
1
1
1
1
1
1
1
1
1
1
1
1
1
1
1
1
1
1
1
1
1
1
1
1
1
1
1
1
1
1
1
1
1
1
1
1
1
1
1
1
1
1
1
1
1
1
1
1
1
1
1
1
1
1
1
1
1
1
1
1
1
1
1
1
1
1
1
1
1
1
1
1
1
1
1
1
1
1
1
1
1
1
1
1
1
1
1
1
1
1
1
1
1
1
1
1
1
1
1
1
1
1
1
1
1
1
1
1
1
1
1
1
1
1
1
1
1
1
1
1
1
1
1
1
1
1
1
1
1
1
1
1
1
1
1
1
1
1
1
1
1
1
1
1
1
1
1
1
1
1
1
1
1
1
1
1
1
1
1
1
1
1
1
1
1
1
1
1
1
1
1
1
1
1
1
1
1
1
1
1
1
1
1
1
1
1
1
1
1
1
1
1
1
1
1
1
1
1
1
1
1
1
1
1
1
1
1
1
1
1
1
1
1
1
1
1
1
1
1
1
1
1
1
1
1
1
1
1
1
1
1
1
1
1
1
1
1
1
1
1
1
1
1
1
1
1
1
1
1
1
1
1
1
1
1
1
1
1
1
1
1
1
1
1
1
1
1
1
1
1
1
1
1
1
1
1
1
1
1
1
1
1
1
1
1
1
1
1
1
1
1
1
1
1
1
1
1
1
1
1
1
1
1
1
1
1
1
1
1
1
1
1
1
1
1
1
1
1
1
1
1
1
1
1
1
1
1
1
1
1
1
1
1
1
1
1
1
1
1
1
1
1
1
1
1
1
1
1
1
1
1
1
1
1
1
1
1
1
1
1
1
1
1
1
1
1
1
1
1
1
1
1
1
1
1
1
1
1
1
1
1
1
1
1
1
1
1
1
1
1
1
1
1
1
1
1
1
1
1
1
1
1
1
1
1
1
1
1
1
1
1
1
1
1
1
1
1
1
1
1
1
1
1
1
1
1
1
1
1
1
1
1
1
1
1
1
1
1
1
1
1
1
1
1
1
1
1
1
1
1
1
1
1
1
1
1
1
1
1
1
1
1
1
1
1
1
1
1
1
1
1
1
1
1
1
1
1
1
1
1
1
1
1
1
1
1
1
1
1
1
1
1
1
1
1
1
1
1
1
1
1
1
1
1
1
1
1
1
1
1
1
1
1
1
1
1
1
1
1
1
1
1
1
1
1
1
1
1
1
1
1
1
1
1
1
1
1
1
1
1
1
1
1
1
1
1
1
1
1
1
1
1
1
1
1
1
1
1
1
1
1
1
1
1
1
1
1
1
1
1
1
1
1
1
1
1
1
1
1
1
1
1
1
1
1
1
1
1
1
1
1
1
1
1
1
1
1
1
1
1
1
1
1
1
1
1
1
1
1
1
1
1
1
1
1
1
1
1
1
1
1
1
1
1
1
1
1
1
1
1
1
1
1
1
1
1
1
1
1
1
1
1
1
1
1
1
1
1
1
1
1
1
1
1
1
1
1
1
1
1
1
1
1
1
1
1
1
1
1
1
1
1
1
1
1
1
1
1
1
1
1
1
1
1
1
1
1
1
1
1
1
1
1
1
1
1
1
1
1
1
1
1
1
1
1
1
1
1
1
1
1
1
1
1
1
1
1
1
1
1
1
1
1
1
1
1
1
1
1
1
1
1
1
1
1
1
1
1
1
1
1
1
1
1
1
1
1
1
1
1
1
1
1
1
1
1
1
1
1
1
1
1
1
1
1
1
1
1
1
1
1
1
1
1
1
1
1
1
1
1
1
1
1
1
1
1
1
1
1
1
1
1
1
1
1
1
1
1
1
1
1
1
1
1
1
1
1
1
1
1
1
1
1
1
1
1
1
1
1
1
1
1
1
1
1
1
1
1
1
1
1
1
1
1
1
1
1
1
1
1
1
1
1
1
1
1
1
1
1
1
1
1
1
1
1
1
1
1
1
1
1
1
1
1
1
1
1
1
1
1
1
1
1
1
1
1
1
1
1
1
1
1
1
1
1
1
1
1
1
1
1
1
1
1
1
1
1
1
1
1
1
1
1
1
1
1
1
1
1
1
1
1
1
1
1
1
1
1
1
1
1
1
1
1
1
1
1
1
1
1
1
1
1
1
1
1
1
1
1
1
1
1
1
1
1
1
1
1
1
1
1
1
1
1
1
1
1
1
1
1
1
1
1
1
1
1
1
1
1
1
1
1
1
1
1
1
1
1
1
1
1
1
1
1
1
1
1
1
1
1
1
1
1
1
1
1
1
1
1
1
1
1
1
1
1
1
1
1
1
1
1
1
1
1
1
1
1
1
1
1
1
1
1
1
1
1
1
1
1
1
1
1
1
1
1
1
1
1
1
1
1
1
1
1
1
1
1
1
1
1
1
1
1
1
1
1
1
1
1
1
1
1
1
1
1
1
1
1
1
1
1
1
1
1
1
1
1
1
1
1
1
1
1
1
1
1
1
1
1
1
1
1
1
1
1
1
1
1
1
1
1
1
1
1
1
1
1
1
1
1
1
1
1
1
1
1
1
1
1
1
1
1
1
1
1
1
1
1
1
1
1
1
1
1
1
1
1
1
1
1
1
1
1
1
1
1
1
1
1
1
1
1
1
1
1
1
1
1
1
1
1
1
1
1
1
1
1
1
1
1
1
1
1
1
1
1
1
1
1
1
1
1
1
1
1
1
1
1
1
1
1
1
1
1
1
1
1
1
1
1
1
1
1
1
1
1
1
1
1
1
1
1
1
1
1
1
1
1
1
1
1
1
1
1
1
1
1
1
1
1
1
1
1
1
1
1
1
1
1
1
1
1
1
1
1
1
1
1
1
1
1
1
1
1
1
1
1
1
1
1
1
1
1
1
1
1
1
1
1
1
1
1
1
1
1
1
1
1
1
1
1
1
1
1
1
1
1
1
1
1
1
1
1
1
1
1
1
1
1
1
1
1
1
1
1
1
1
1
1
1
1
1
1
1
1
1
1
1
1
1
1
1
1
1
1
1
1
1
1
1
1
1
1
1
1
1
1
1
1
1
1
1
1
1
1
1
1
1
1
1
1
1
1
1
1
1
1
1
1
1
1
1
1
1
1
1
1
1
1
1
1
1
1
1
1
1
1
1
1
1
1
1
1
1
1
1
1
1
1
1
1
1
1
1
1
1
1
1
1
1
1
1
1
1
1
1
1
1
1
1
1
1
1
1
1
1
1
1
1
1
1
1
1
1
1
1
1
1
1
1
1
1
1
1
1
1
1
1
1
1
1
1
1
1
1
1
1
1
1
1
1
1
1
1
1
1
1
1
1
1
1
1
1
1
1
1
1
1
1
1
1
1
1
1
1
1
1
1
1
1
1
1
1
1
1
1
1
1
1
1
1
1
1
1
1
1
1
1
1
1
1
1
1
1
1
1
1
1
1
1
1
1
1
1
1
1
1
1
1
1
1
1
1
1
1
1
1
1
1
1
1
1
1
1
1
1
1
1
1
1
1
1
1
1
1
1
1
1
1
1
1
1
1
1
1
1
1
1
1
1
1
1
1
1
1
1
1
1
1
1
1
1
1
1
1
1
1
1
1
1
1
1
1
1
1
1
1
1
1
1
1
1
1
1
1
1
1
1
1
1
1
1
1
1
1
1
1
1
1
1
1
1
1
1
1
1
1
1
1
1
1
1
1
1
1
1
1
1
1
1
1
1
1
1
1
1
1
1
1
1
1
1
1
1
1
1
1
1
1
1
1
1
1
1
1
1
1
1
1
1
1
1
1
1
1
1
1
1
1
1
1
1
1
1
1
1
1
1
1
1
1
1
1
1
1
1
1
1
1
1
1
1
1
1
1
1
1
1
1
1
1
1
1
1
1
1
1
1
1
1
1
1
1
1
1
1
1
1
1
1
1
1
1
1
1
1
1
1
1
1
1
1
1
1
1
1
1
1
1
1
1
1
1
1
1
1
1
1
1
1
1
1
1
1
1
1
1
1
1
1
1
1
1
1
1
1
1
1
1
1
1
1
1
1
1
1
1
1
1
1
1
1
1
1
1
1
1
1
1
1
1
1
1
1
1
1
1
1
1
1
1
1
1
1
1
1
1
1
1
1
1
1
1
1
1
1
1
1
1
1
1
1
1
1
1
1
1
1
1
1
1
1
1
1
1
1
1
1
1
1
1
1
1
1
1
1
1
1
1
1
1
1
1
1
1
1
1
1
1
1
1
1
1
1
1
1
1
1
1
1
1
1
1
1
1
1
1
1
1
1
1
1
1
1
1
1
1
1
1
1
1
1
1
1
1
1
1
1
1
1
1
1
1
1
1
1
1
1
1
1
1
1
1
1
1
1
1
1
1
1
1
1
1
1
1
1
1
1
1
1
1
1
1
1
1
1
1
1
1
1
1
1
1
1
1
1
1
1
1
1
1
1
1
1
1
1
1
1
1
1
1
1
1
1
1
1
1
1
1
1
1
1
1
1
1
1
1
1
1
1
1
1
1
1
1
1
1
1
1
1
1
1
1
1
1
1
1
1
1
1
1
1
1
1
1
1
1
1
1
1
1
1
1
1
1
1
1
1
1
1
1
1
1
1
1
1
1
1
1
1
1
1
1
1
1
1
1
1
1
1
1
1
1
1
1
1
1
1
1
1
1
1
1
1
1
1
1
1
1
1
1
1
1
1
1
1
1
1
1
1
1
1
1
1
1
1
1
1
1
1
1
1
1
1
1
1
1
1
1
1
1
1
1
1
1
1
1
1
1
1
1
1
1
1
1
1
1
1
1
1
1
1
1
1
1
1
1
1
1
1
1
1
1
1
1
1
1
1
1
1
1
1
1
1
1
1
1
1
1
1
1
1
1
1
1
1
1
1
1
1
1
1
1
1
1
1
1
1
1
1
1
1
1
1
1
1
1
1
1
1
1
1
1
1
1
1
1
1
1
1
1
1
1
1
1
1
1
1
1
1
1
1
1
1
1
1
1
1
1
1
1
1
1
1
1
1
1
1
1
1
1
1
1
1
1
1
1
1
1
1
1
1
1
1
1
1
1
1
1
1
1
1
1
1
1
1
1
1
1
1
1
1
1
1
1
1
1
1
1
1
1
1
1
1
1
1
1
1
1
1
1
1
1
1
1
1
1
1
1
1
1
1
1
1
1
1
1
1
1
1
1
1
1
1
1
1
1
1
1
1
1
1
1
1
1
1
1
1
1
1
1
1
1
1
1
1
1
1
1
1
1
1
1
1
1
1
1
1
1
1
1
1
1
1
1
1
1
1
1
1
1
1
1
1
1
1
1
1
1
1
1
1
1
1
1
1
1
1
1
1
1
1
1
1
1
1
1
1
1
1
1
1
1
1
1
1
1
1
1
1
1
1
1
1
1
1
1
1
1
1
1
1
1
1
1
1
1
1
1
1
1
1
1
1
1
1
1
1
1
1
1
1
1
1
1
1
1
1
1
1
1
1
1
1
1
1
1
1
1
1
1
1
1
1
1
1
1
1
1
1
1
1
1
1
1
1
1
1
1
1
1
1
1
1
1
1
1
1
1
1
1
1
1
1
1
1
1
1
1
1
1
1
1
1
1
1
1
1
1
1
1
1
1
1
1
1
1
1
1
1
1
1
1
1
1
1
1
1
1
1
1
1
1
1
1
1
1
1
1
1
1
1
1
1
1
1
1
1
1
1
1
1
1
1
1
1
1
1
1
1
1
1
1
1
1
1
1
1
1
1
1
1
1
1
1
1
1
1
1
1
1
1
1
1
1
1
1
1
1
1
1
1
1
1
1
1
1
1
1
1
1
1
1
1
1
1
1
1
1
1
1
1
1
1
1
1
1
1
1
1
1
1
1
1
1
1
1
1
1
1
1
1
1
1
1
1
1
1
1
1
1
1
1
1
1
1
1
1
1
1
1
1
1
1
1
1
1
1
1
1
1
1
1
1
1
1
1
1
1
1
1
1
1
1
1
1
1
1
1
1
1
1
1
1
1
1
1
1
1
1
1
1
1
1
1
1
1
1
1
1
1
1
1
1
1
1
1
1
1
1
1
1
1
1
1
1
1
1
1
1
1
1
1
1
1
1
1
1
1
1
1
1
1
1
1
1
1
1
1
1
1
1
1
1
1
1
1
1
1
1
1
1
1
1
1
1
1
1
1
1
1
1
1
1
1
1
1
1
1
1
1
1
1
1
1
1
1
1
1
1
1
1
1
1
1
1
1
1
1
1
1
1
1
1
1
1
1
1
1
1
1
1
1
1
1
1
1
1
1
1
1
1
1
1
1
1
1
1
1
1
1
1
1
1
1
1
1
1
1
1
1
1
1
1
1
1
1
1
1
1
1
1
1
1
1
1
1
1
1
1
1
1
1
1
1
1
1
1
1
1
1
1
1
1
1
1
1
1
1
1
1
1
1
1
1
1
1
1
1
1
1
1
1
1
1
1
1
1
1
1
1
1
1
1
1
1
1
1
1
1
1
1
1
1
1
1
1
1
1
1
1
1
1
1
1
1
1
1
1
1
1
1
1
1
1
1
1
1
1
1
1
1
1
1
1
1
1
1
1
1
1
1
1
1
1
1
1
1
1
1
1
1
1
1
1
1
1
1
1
1
1
1
1
1
1
1
1
1
1
1
1
1
1
1
1
1
1
1
1
1
1
1
1
1
1
1
1
1
1
1
1
1
1
1
1
1
1
1
1
1
1
1
1
1
1
1
1
1
1
1
1
1
1
1
1
1
1
1
1
1
1
1
1
1
1
1
1
1
1
1
1
1
1
1
1
1
1
1
1
1
1
1
1
1
1
1
1
1
1
1
1
1
1
1
1
1
1
1
1
1
1
1
1
1
1
1
1
1
1
1
1
1
1
1
1
1
1
1
1
1
1
1
1
1
1
1
1
1
1
1
1
1
1
1
1
1
1
1
1
1
1
1
1
1
1
1
1
1
1
1
1
1
1
1
1
1
1
1
1
1
1
1
1
1
1
1
1
1
1
1
1
1
1
1
1
1
1
1
1
1
1
1
1
1
1
1
1
1
1
1
1
1
1
1
1
1
1
1
1
1
1
1
1
1
1
1
1
1
1
1
1
1
1
1
1
1
1
1
1
1
1
1
1
1
1
1
1
1
1
1
1
1
1
1
1
1
1
1
1
1
1
1
1
1
1
1
1
1
1
1
1
1
1
1
1
1
1
1
1
1
1
1
1
1
1
1
1
1
1
1
1
1
1
1
1
1
1
1
1
1
1
1
1
1
1
1
1
1
1
1
1
1
1
1
1
1
1
1
1
1
1
1
1
1
1
1
1
1
1
1
1
1
1
1
1
1
1
1
1
1
1
1
1
1
1
1
1
1
1
1
1
1
1
1
1
1
1
1
1
1
1
1
1
1
1
1
1
1
1
1
1
1
1
1
1
1
1
1
1
1
1
1
1
1
1
1
1
1
1
1
1
1
1
1
1
1
1
1
1
1
1
1
1
1
1
1
1
1
1
1
1
1
1
1
1
1
1
1
1
1
1
1
1
1
1
1
1
1
1
1
1
1
1
1
1
1
1
1
1
1
1
1
1
1
1
1
1
1
1
1
1
1
1
1
1
1
1
1
1
1
1
1
1
1
1
1
1
1
1
1
1
1
1
1
1
1
1
1
1
1
1
1
1
1
1
1
1
1
1
1
1
1
1
1
1
1
1
1
1
1
1
1
1
1
1
1
1
1
1
1
1
1
1
1
1
1
1
1
1
1
1
1
1
1
1
1
1
1
1
1
1
1
1
1
1
1
1
1
1
1
1
1
1
1
1
1
1
1
1
1
1
1
1
1
1
1
1
1
1
1
1
1
1
1
1
1
1
1
1
1
1
1
1
1
1
1
1
1
1
1
1
1
1
1
1
1
1
1
1
1
1
1
1
1
1
1
1
1
1
1
1
1
1
1
1
1
1
1
1
1
1
1
1
1
1
1
1
1
1
1
1
1
1
1
1
1
1
1
1
1
1
1
1
1
1
1
1
1
1
1
1
1
1
1
1
1
1
1
1
1
1
1
1
1
1
1
1
1
1
1
1
1
1
1
1
1
1
1
1
1
1
1
1
1
1
1
1
1
1
1
1
1
1
1
1
1
1
1
1
1
1
1
1
1
1
1
1
1
1
1
1
1
1
1
1
1
1
1
1
1
1
1
1
1
1
1
1
1
1
1
1
1
1
1
1
1
1
1
1
1
1
1
1
1
1
1
1
1
1
1
1
1
1
1
1
1
1
1
1
1
1
1
1
1
1
1
1
1
1
1
1
1
1
1
1
1
1
1
1
1
1
1
1
1
1
1
1
1
1
1
1
1
1
1
1
1
1
1
1
1
1
1
1
1
1
1
1
1
1
1
1
1
1
1
1
1
1
1
1
1
1
1
1
1
1
1
1
1
1
1
1
1
1
1
1
1
1
1
1
1
1
1
1
1
1
1
1
1
1
1
1
1
1
1
1
1
1
1
1
1
1
1
1
1
1
1
1
1
1
1
1
1
1
1
1
1
1
1
1
1
1
1
1
1
1
1
1
1
1
1
1
1
1
1
1
1
1
1
1
1
1
1
1
1
1
1
1
1
1
1
1
1
1
1
1
1
1
1
1
1
1
1
1
1
1
1
1
1
1
1
1
1
1
1
1
1
1
1
1
1
1
1
1
1
1
1
1
1
1
1
1
1
1
1
1
1
1
1
1
1
1
1
1
1
1
1
1
1
1
1
1
1
1
1
1
1
1
1
1
1
1
1
1
1
1
1
1
1
1
1
1
1
1
1
1
1
1
1
1
1
1
1
1
1
1
1
1
1
1
1
1
1
1
1
1
1
1
1
1
1
1
1
1
1
1
1
1
1
1
1
1
1
1
1
1
1
1
1
1
1
1
1
1
1
1
1
1
1
1
1
1
1
1
1
1
1
1
1
1
1
1
1
1
1
1
1
1
1
1
1
1
1
1
1
1
1
1
1
1
1
1
1
1
1
1
1
1
1
1
1
1
1
1
1
1
1
1
1
1
1
1
1
1
1
1
1
1
1
1
1
1
1
1
1
1
1
1
1
1
1
1
1
1
1
1
1
1
1
1
1
1
1
1
1
1
1
1
1
1
1
1
1
1
1
1
1
1
1
1
1
1
1
1
1
1
1
1
1
1
1
1
1
1
1
1
1
1
1
1
1
1
1
1
1
1
1
1
1
1
1
1
1
1
1
1
1
1
1
1
1
1
1
1
1
1
1
1
1
1
1
1
1
1
1
1
1
1
1
1
1
1
1
1
1
1
1
1
1
1
1
1
1
1
1
1
1
1
1
1
1
1
1
1
1
1
1
1
1
1
1
1
1
1
1
1
1
1
1
1
1
1
1
1
1
1
1
1
1
1
1
1
1
1
1
1
1
1
1
1
1
1
1
1
1
1
1
1
1
1
1
1
1
1
1
1
1
1
1
1
1
1
1
1
1
1
1
1
1
1
1
1
1
1
1
1
1
1
1
1
1
1
1
1
1
1
1
1
1
1
1
1
1
1
1
1
1
1
1
1
1
1
1
1
1
1
1
1
1
1
1
1
1
1
1
1
1
1
1
1
1
1
1
1
1
1
1
1
1
1
1
1
1
1
1
1
1
1
1
1
1
1
1
1
1
1
1
1
1
1
1
1
1
1
1
1
1
1
1
1
1
1
1
1
1
1
1
1
1
1
1
1
1
1
1
1
1
1
1
1
1
1
1
1
1
1
1
1
1
1
1
1
1
1
1
1
1
1
1
1
1
1
1
1
1
1
1
1
1
1
1
1
1
1
1
1
1
1
1
1
1
1
1
1
1
1
1
1
1
1
1
1
1
1
1
1
1
1
1
1
1
1
1
1
1
1
1
1
1
1
1
1
1
1
1
1
1
1
1
1
1
1
1
1
1
1
1
1
1
1
1
1
1
1
1
1
1
1
1
1
1
1
1
1
1
1
1
1
1
1
1
1
1
1
1
1
1
1
1
1
1
1
1
1
1
1
1
1
1
1
1
1
1
1
1
1
1
1
1
1
1
1
1
1
1
1
1
1
1
1
1
1
1
1
1
1
1
1
1
1
1
1
1
1
1
1
1
1
1
1
1
1
1
1
1
1
1
1
1
1
1
1
1
1
1
1
1
1
1
1
1
1
1
1
1
1
1
1
1
1
1
1
1
1
1
1
1
1
1
1
1
1
1
1
1
1
1
1
1
1
1
1
1
1
1
1
1
1
1
1
1
1
1
1
1
1
1
1
1
1
1
1
1
1
1
1
1
1
1
1
1
1
1
1
1
1
1
1
1
1
1
1
1
1
1
1
1
1
1
1
1
1
1
1
1
1
1
1
1
1
1
1
1
1
1
1
1
1
1
1
1
1
1
1
1
1
1
1
1
1
1
1
1
1
1
1
1
1
1
1
1
1
1
1
1
1
1
1
1
1
1
1
1
1
1
1
1
1
1
1
1
1
1
1
1
1
1
1
1
1
1
1
1
1
1
1
1
1
1
1
1
1
1
1
1
1
1
1
1
1
1
1
1
1
1
1
1
1
1
1
1
1
1
1
1
1
1
1
1
1
1
1
1
1
1
1
1
1
1
1
1
1
1
1
1
1
1
1
1
1
1
1
1
1
1
1
1
1
1
1
1
1
1
1
1
1
1
1
1
1
1
1
1
1
1
1
1
1
1
1
1
1
1
1
1
1
1
1
1
1
1
1
1
1
1
1
1
1
1
1
1
1
1
1
1
1
1
1
1
1
1
1
1
1
1
1
1
1
1
1
1
1
1
1
1
1
1
1
1
1
1
1
1
1
1
1
1
1
1
1
1
1
1
1
1
1
1
1
1
1
1
1
1
1
1
1
1
1
1
1
1
1
1
1
1
1
1
1
1
1
1
1
1
1
1
1
1
1
1
1
1
1
1
1
1
1
1
1
1
1
1
1
1
1
1
1
1
1
1
1
1
1
1
1
1
1
1
1
1
1
1
1
1
1
1
1
1
1
1
1
1
1
1
1
1
1
1
1
1
1
1
1
1
1
1
1
1
1
1
1
1
1
1
1
1
1
1
1
1
1
1
1
1
1
1
1
1
1
1
1
1
1
1
1
1
1
1
1
1
1
1
1
1
1
1
1
1
1
1
1
1
1
1
1
1
1
1
1
1
1
1
1
1
1
1
1
1
1
1
1
1
1
1
1
1
1
1
1
1
1
1
1
1
1
1
1
1
1
1
1
1
1
1
1
1
1
1
1
1
1
1
1
1
1
1
1
1
1
1
1
1
1
1
1
1
1
1
1
1
1
1
1
1
1
1
1
1
1
1
1
1
1
1
1
1
1
1
1
1
1
1
1
1
1
1
1
1
1
1
1
1
1
1
1
1
1
1
1
1
1
1
1
1
1
1
1
1
1
1
1
1
1
1
1
1
1
1
1
1
1
1
1
1
1
1
1
1
1
1
1
1
1
1
1
1
1
1
1
1
1
1
1
1
1
1
1
1
1
1
1
1
1
1
1
1
1
1
1
1
1
1
1
1
1
1
1
1
1
1
1
1
1
1
1
1
1
1
1
1
1
1
1
1
1
1
1
1
1
1
1
1
1
1
1
1
1
1
1
1
1
1
1
1
1
1
1
1
1
1
1
1
1
1
1
1
1
1
1
1
1
1
1
1
1
1
1
1
1
1
1
1
1
1
1
1
1
1
1
1
1
1
1
1
1
1
1
1
1
1
1
1
1
1
1
1
1
1
1
1
1
1
1
1
1
1
1
1
1
1
1
1
1
1
1
1
1
1
1
1
1
1
1
1
1
1
1
1
1
1
1
1
1
1
1
1
1
1
1
1
1
1
1
1
1
1
1
1
1
1
1
1
1
1
1
1
1
1
1
1
1
1
1
1
1
1
1
1
1
1
1
1
1
1
1
1
1
1
1
1
1
1
1
1
1
1
1
1
1
1
1
1
1
1
1
1
1
1
1
1
1
1
1
1
1
1
1
1
1
1
1
1
1
1
1
1
1
1
1
1
1
1
1
1
1
1
1
1
1
1
1
1
1
1
1
1
1
1
1
1
1
1
1
1
1
1
1
1
1
1
1
1
1
1
1
1
1
1
1
1
1
1
1
1
1
1
1
1
1
1
1
1
1
1
1
1
1
1
1
1
1
1
1
1
1
1
1
1
1
1
1
1
1
1
1
1
1
1
1
1
1
1
1
1
1
1
1
1
1
1
1
1
1
1
1
1
1
1
1
1
1
1
1
1
1
1
1
1
1
1
1
1
1
1
1
1
1
1
1
1
1
1
1
1
1
1
1
1
1
1
1
1
1
1
1
1
1
1
1
1
1
1
1
1
1
1
1
1
1
1
1
1
1
1
1
1
1
1
1
1
1
1
1
1
1
1
1
1
1
1
1
1
1
1
1
1
1
1
1
1
1
1
1
1
1
1
1
1
1
1
1
1
1
1
1
1
1
1
1
1
1
1
1
1
1
1
1
1
1
1
1
1
1
1
1
1
1
1
1
1
1
1
1
1
1
1
1
1
1
1
1
1
1
1
1
1
1
1
1
1
1
1
1
1
1
1
1
1
1
1
1
1
1
1
1
1
1
1
1
1
1
1
1
1
1
1
1
1
1
1
1
1
1
1
1
1
1
1
1
1
1
1
1
1
1
1
1
1
1
1
1
1
1
1
1
1
1
1
1
1
1
1
1
1
1
1
1
1
1
1
1
1
1
1
1
1
1
1
1
1
1
1
1
1
1
1
1
1
1
1
1
1
1
1
1
1
1
1
1
1
1
1
1
1
1
1
1
1
1
1
1
1
1
1
1
1
1
1
1
1
1
1
1
1
1
1
1
1
1
1
1
1
1
1
1
1
1
1
1
1
1
1
1
1
1
1
1
1
1
1
1
1
1
1
1
1
1
1
1
1
1
1
1
1
1
1
1
1
1
1
1
1
1
1
1
1
1
1
1
1
1
1
1
1
1
1
1
1
1
1
1
1
1
1
1
1
1
1
1
1
1
1
1
1
1
1
1
1
1
1
1
1
1
1
1
1
1
1
1
1
1
1
1
1
1
1
1
1
1
1
1
1
1
1
1
1
1
1
1
1
1
1
1
1
1
1
1
1
1
1
1
1
1
1
1
1
1
1
1
1
1
1
1
1
1
1
1
1
1
1
1
1
1
1
1
1
1
1
1
1
1
1
1
1
1
1
1
1
1
1
1
1
1
1
1
1
1
1
1
1
1
1
1
1
1
1
1
1
1
1
1
1
1
1
1
1
1
1
1
1
1
1
1
1
1
1
1
1
1
1
1
1
1
1
1
1
1
1
1
1
1
1
1
1
1
1
1
1
1
1
1
1
1
1
1
1
1
1
1
1
1
1
1
1
1
1
1
1
1
1
1
1
1
1
1
1
1
1
1
1
1
1
1
1
1
1
1
1
1
1
1
1
1
1
1
1
1
1
1
1
1
1
1
1
1
1
1
1
1
1
1
1
1
1
1
1
1
1
1
1
1
1
1
1
1
1
1
1
1
1
1
1
1
1
1
1
1
1
1
1
1
1
1
1
1
1
1
1
1
1
1
1
1
1
1
1
1
1
1
1
1
1
1
1
1
1
1
1
1
1
1
1
1
1
1
1
1
1
1
1
1
1
1
1
1
1
1
1
1
1
1
1
1
1
1
1
1
1
1
1
1
1
1
1
1
1
1
1
1
1
1
1
1
1
1
1
1
1
1
1
1
1
1
1
1
1
1
1
1
1
1
1
1
1
1
1
1
1
1
1
1
1
1
1
1
1
1
1
1
1
1
1
1
1
1
1
1
1
1
1
1
1
1
1
1
1
1
1
1
1
1
1
1
1
1
1
1
1
1
1
1
1
1
1
1
1
1
1
1
1
1
1
1
1
1
1
1
1
1
1
1
1
1
1
1
1
1
1
1
1
1
1
1
1
1
1
1
1
1
1
1
1
1
1
1
1
1
1
1
1
1
1
1
1
1
1
1
1
1
1
1
1
1
1
1
1
1
1
1
1
1
1
1
1
1
1
1
1
1
1
1
1
1
1
1
1
1
1
1
1
1
1
1
1
1
1
1
1
1
1
1
1
1
1
1
1
1
1
1
1
1
1
1
1
1
1
1
1
1
1
1
1
1
1
1
1
1
1
1
1
1
1
1
1
1
1
1
1
1
1
1
1
1
1
1
1
1
1
1
1
1
1
1
1
1
1
1
1
1
1
1
1
1
1
1
1
1
1
1
1
1
1
1
1
1
1
1
1
1
1
1
1
1
1
1
1
1
1
1
1
1
1
1
1
1
1
1
1
1
1
1
1
1
1
1
1
1
1
1
1
1
1
1
1
1
1
1
1
1
1
1
1
1
1
1
1
1
1
1
1
1
1
1
1
1
1
1
1
1
1
1
1
1
1
1
1
1
1
1
1
1
1
1
1
1
1
1
1
1
1
1
1
1
1
1
1
1
1
1
1
1
1
1
1
1
1
1
1
1
1
1
1
1
1
1
1
1
1
1
1
1
1
1
1
1
1
1
1
1
1
1
1
1
1
1
1
1
1
1
1
1
1
1
1
1
1
1
1
1
1
1
1
1
1
1
1
1
1
1
1
1
1
1
1
1
1
1
1
1
1
1
1
1
1
1
1
1
1
1
1
1
1
1
1
1
1
1
1
1
1
1
1
1
1
1
1
1
1
1
1
1
1
1
1
1
1
1
1
1
1
1
1
1
1
1
1
1
1
1
1
1
1
1
1
1
1
1
1
1
1
1
1
1
1
1
1
1
1
1
1
1
1
1
1
1
1
1
1
1
1
1
1
1
1
1
1
1
1
1
1
1
1
1
1
1
1
1
1
1
1
1
1
1
1
1
1
1
1
1
1
1
1
1
1
1
1
1
1
1
1
1
1
1
1
1
1
1
1
1
1
1
1
1
1
1
1
1
1
1
1
1
1
1
1
1
1
1
1
1
1
1
1
1
1
1
1
1
1
1
1
1
1
1
1
1
1
1
1
1
1
1
1
1
1
1
1
1
1
1
1
1
1
1
1
1
1
1
1
1
1
1
1
1
1
1
1
1
1
1
1
1
1
1
1
1
1
1
1
1
1
1
1
1
1
1
1
1
1
1
1
1
1
1
1
1
1
1
1
1
1
1
1
1
1
1
1
1
1
1
1
1
1
1
1
1
1
1
1
1
1
1
1
1
1
1
1
1
1
1
1
1
1
1
1
1
1
1
1
1
1
1
1
1
1
1
1
1
1
1
1
1
1
1
1
1
1
1
1
1
1
1
1
1
1
1
1
1
1
1
1
1
1
1
1
1
1
1
1
1
1
1
1
1
1
1
1
1
1
1
1
1
1
1
1
1
1
1
1
1
1
1
1
1
1
1
1
1
1
1
1
1
1
1
1
1
1
1
1
1
1
1
1
1
1
1
1
1
1
1
1
1
1
1
1
1
1
1
1
1
1
1
1
1
1
1
1
1
1
1
1
1
1
1
1
1
1
1
1
1
1
1
1
1
1
1
1
1
1
1
1
1
1
1
1
1
1
1
1
1
1
1
1
1
1
1
1
1
1
1
1
1
1
1
1
1
1
1
1
1
1
1
1
1
1
1
1
1
1
1
1
1
1
1
1
1
1
1
1
1
1
1
1
1
1
1
1
1
1
1
1
1
1
1
1
1
1
1
1
1
1
1
1
1
1
1
1
1
1
1
1
1
1
1
1
1
1
1
1
1
1
1
1
1
1
1
1
1
1
1
1
1
1
1
1
1
1
1
1
1
1
1
1
1
1
1
1
1
1
1
1
1
1
1
1
1
1
1
1
1
1
1
1
1
1
1
1
1
1
1
1
1
1
1
1
1
1
1
1
1
1
1
1
1
1
1
1
1
1
1
1
1
1
1
1
1
1
1
1
1
1
1
1
1
1
1
1
1
1
1
1
1
1
1
1
1
1
1
1
1
1
1
1
1
1
1
1
1
1
1
1
1
1
1
1
1
1
1
1
1
1
1
1
1
1
1
1
1
1
1
1
1
1
1
1
1
1
1
1
1
1
1
1
1
1
1
1
1
1
1
1
1
1
1
1
1
1
1
1
1
1
1
1
1
1
1
1
1
1
1
1
1
1
1
1
1
1
1
1
1
1
1
1
1
1
1
1
1
1
1
1
1
1
1
1
1
1
1
1
1
1
1
1
1
1
1
1
1
1
1
1
1
1
1
1
1
1
1
1
1
1
1
1
1
1
1
1
1
1
1
1
1
1
1
1
1
1
1
1
1
1
1
1
1
1
1
1
1
1
1
1
1
1
1
1
1
1
1
1
1
1
1
1
1
1
1
1
1
1
1
1
1
1
1
1
1
1
1
1
1
1
1
1
1
1
1
1
1
1
1
1
1
1
1
1
1
1
1
1
1
1
1
1
1
1
1
1
1
1
1
1
1
1
1
1
1
1
1
1
1
1
1
1
1
1
1
1
1
1
1
1
1
1
1
1
1
1
1
1
1
1
1
1
1
1
1
1
1
1
1
1
1
1
1
1
1
1
1
1
1
1
1
1
1
1
1
1
1
1
1
1
1
1
1
1
1
1
1
1
1
1
1
1
1
1
1
1
1
1
1
1
1
1
1
1
1
1
1
1
1
1
1
1
1
1
