o convex_0
v -0.008253 -0.007788 0.000915
v -0.006319 -0.007680 0.003816
v -0.006426 -0.007680 0.004138
v -0.008145 -0.008754 0.004245
v -0.008253 -0.007680 0.005642
v -0.006641 -0.007788 0.001990
v -0.008253 -0.008647 0.002420
v -0.007179 -0.007788 0.005320
v -0.008253 -0.007680 0.000915
v -0.006319 -0.007788 0.002742
v -0.008253 -0.008432 0.005105
f 8 5 11 
f 2 3 4 
f 3 2 5 
f 5 1 7 
f 1 6 7 
f 4 3 8 
f 3 5 8 
f 1 5 9 
f 5 2 9 
f 2 6 9 
f 6 1 9 
f 2 4 10 
f 6 2 10 
f 4 7 10 
f 7 6 10 
f 7 4 11 
f 5 7 11 
f 4 8 11 
o convex_1
v 0.006683 -0.000911 -0.004135
v 0.010981 0.001131 -0.003276
v 0.010981 0.001131 -0.003383
v 0.011303 -0.001770 -0.003383
v 0.006683 -0.001448 -0.003276
v 0.009047 0.001131 -0.004243
v 0.008617 -0.000051 -0.004243
v 0.011518 -0.001555 -0.003276
v 0.006683 -0.001233 -0.003276
v 0.009369 0.000916 -0.004243
v 0.011518 -0.000266 -0.003383
v 0.006683 -0.000588 -0.004243
v 0.010658 0.001131 -0.003276
v 0.007006 -0.000803 -0.004243
f 23 18 25 
f 12 15 16 
f 13 14 17 
f 16 15 19 
f 13 16 19 
f 12 16 20 
f 16 13 20 
f 17 14 21 
f 18 17 21 
f 15 18 21 
f 14 13 22 
f 13 19 22 
f 19 15 22 
f 21 14 22 
f 15 21 22 
f 17 18 23 
f 12 20 23 
f 20 17 23 
f 13 17 24 
f 20 13 24 
f 17 20 24 
f 15 12 25 
f 18 15 25 
f 12 23 25 
o convex_2
v 0.009369 0.002528 -0.004135
v 0.006791 0.005214 -0.003276
v 0.006791 0.005214 -0.003383
v 0.009046 0.001131 -0.004243
v 0.010874 0.001131 -0.003276
v 0.006683 0.004892 -0.004243
v 0.009369 0.003602 -0.003383
v 0.006683 0.004999 -0.003276
v 0.007758 0.004354 -0.004243
v 0.010229 0.001131 -0.003491
v 0.010766 0.001346 -0.003491
v 0.010121 0.002743 -0.003276
f 30 36 37 
f 28 27 32 
f 27 28 33 
f 30 27 33 
f 28 31 33 
f 31 29 33 
f 26 29 34 
f 31 28 34 
f 29 31 34 
f 28 32 34 
f 32 26 34 
f 29 30 35 
f 33 29 35 
f 30 33 35 
f 29 26 36 
f 30 29 36 
f 27 30 37 
f 32 27 37 
f 26 32 37 
f 36 26 37 
o convex_3
v -0.008789 -0.002415 -0.006392
v -0.008037 -0.001126 -0.009938
v -0.008037 -0.000588 -0.009938
v -0.004707 -0.001770 -0.008648
v -0.010079 -0.000696 -0.006392
v -0.005352 -0.001877 -0.006392
v -0.006104 -0.002093 -0.009938
v -0.007715 -0.000266 -0.009830
v -0.009542 -0.001985 -0.006715
v -0.007715 -0.001985 -0.009508
v -0.007071 -0.002415 -0.006392
v -0.004707 -0.001985 -0.009185
v -0.008145 -0.000266 -0.009186
v -0.009864 -0.001126 -0.007037
v -0.005352 -0.002092 -0.006392
v -0.008037 -0.001555 -0.009723
v -0.008360 -0.000266 -0.009400
v -0.004707 -0.001770 -0.009185
f 41 49 55 
f 42 38 43 
f 39 40 44 
f 43 41 45 
f 44 40 45 
f 38 42 46 
f 44 38 47 
f 38 46 47 
f 43 38 48 
f 38 44 48 
f 48 44 49 
f 42 43 50 
f 43 45 50 
f 40 39 51 
f 46 42 51 
f 41 43 52 
f 43 48 52 
f 48 49 52 
f 49 41 52 
f 39 44 53 
f 44 47 53 
f 47 46 53 
f 51 39 53 
f 46 51 53 
f 45 40 54 
f 42 50 54 
f 50 45 54 
f 40 51 54 
f 51 42 54 
f 45 41 55 
f 44 45 55 
f 49 44 55 
o convex_4
v -0.007179 0.004461 -0.007144
v -0.010509 -0.000266 -0.005747
v -0.010509 -0.000266 -0.005640
v -0.008897 -0.000588 -0.008003
v -0.005352 0.005859 -0.006392
v -0.007502 0.003601 -0.008111
v -0.010186 0.001454 -0.005747
v -0.005567 0.005106 -0.008111
v -0.007501 0.004569 -0.005640
v -0.009112 -0.000265 -0.008111
v -0.009864 -0.000696 -0.006500
v -0.005460 0.006181 -0.006500
v -0.009327 0.002743 -0.005640
v -0.010294 -0.000266 -0.005640
v -0.005674 0.005428 -0.008003
v -0.009864 0.000702 -0.006715
v -0.007286 0.004461 -0.005640
v -0.005352 0.005643 -0.006822
v -0.009757 -0.000588 -0.007252
f 71 65 74 
f 57 58 62 
f 63 59 65 
f 61 63 65 
f 58 57 66 
f 59 60 66 
f 56 64 67 
f 64 60 67 
f 56 61 68 
f 62 58 68 
f 61 62 68 
f 64 56 68 
f 58 64 68 
f 64 58 69 
f 58 66 69 
f 66 60 69 
f 61 56 70 
f 63 61 70 
f 56 67 70 
f 67 63 70 
f 57 62 71 
f 62 61 71 
f 61 65 71 
f 60 64 72 
f 69 60 72 
f 64 69 72 
f 60 59 73 
f 59 63 73 
f 63 67 73 
f 67 60 73 
f 65 59 74 
f 66 57 74 
f 59 66 74 
f 57 71 74 
o convex_5
v -0.004169 0.002098 0.009940
v 0.003246 0.002742 0.008329
v 0.003246 0.002850 0.008329
v 0.007650 0.001346 0.008974
v -0.000730 0.001346 0.009296
v 0.007005 0.002850 0.008544
v -0.004922 0.002850 0.008974
v -0.002451 0.001346 0.010156
v -0.004922 0.001346 0.009940
v 0.007542 0.001346 0.008759
v -0.000730 0.002742 0.008437
v -0.002773 0.002850 0.009296
v -0.003094 0.001776 0.010156
v 0.007650 0.002313 0.008329
v 0.006897 0.001991 0.008974
v 0.003672 0.001346 0.008867
v -0.004922 0.002635 0.008974
v -0.003201 0.002313 0.009833
v -0.004922 0.001453 0.010156
v 0.007650 0.002850 0.008329
f 80 89 94 
f 80 77 81 
f 79 78 82 
f 79 82 83 
f 78 79 84 
f 77 76 85 
f 81 77 85 
f 81 75 86 
f 80 81 86 
f 76 77 88 
f 78 84 88 
f 85 76 88 
f 82 78 89 
f 80 87 89 
f 87 82 89 
f 84 79 90 
f 79 85 90 
f 88 84 90 
f 85 88 90 
f 83 81 91 
f 79 83 91 
f 81 85 91 
f 85 79 91 
f 86 75 92 
f 80 86 92 
f 87 80 92 
f 75 87 92 
f 75 81 93 
f 81 83 93 
f 83 82 93 
f 82 87 93 
f 87 75 93 
f 77 80 94 
f 88 77 94 
f 78 88 94 
f 89 78 94 
o convex_6
v 0.003353 -0.005423 0.004353
v 0.007758 -0.002093 0.007577
v 0.007758 -0.002093 0.007469
v 0.000773 -0.003060 0.007577
v 0.007328 -0.004134 0.004353
v 0.007542 -0.003275 0.006717
v 0.000773 -0.005960 0.004461
v 0.000773 -0.004349 0.005751
v 0.001311 -0.003275 0.007577
v 0.007758 -0.004134 0.004998
v 0.000881 -0.005638 0.004353
v 0.003889 -0.002523 0.007469
v 0.006682 -0.003060 0.007147
v 0.000989 -0.003597 0.006609
v 0.007758 -0.002416 0.007577
v 0.007758 -0.003704 0.005965
v 0.007758 -0.004242 0.004353
f 104 95 111 
f 101 98 102 
f 96 98 103 
f 98 101 103 
f 97 96 104 
f 99 95 105 
f 95 101 105 
f 101 102 105 
f 102 99 105 
f 96 97 106 
f 98 96 106 
f 97 99 106 
f 101 100 107 
f 103 101 107 
f 102 98 108 
f 99 102 108 
f 98 106 108 
f 106 99 108 
f 96 103 109 
f 104 96 109 
f 107 100 109 
f 103 107 109 
f 101 95 110 
f 100 101 110 
f 95 104 110 
f 104 109 110 
f 109 100 110 
f 95 99 111 
f 99 97 111 
f 97 104 111 
o convex_7
v -0.005029 0.007363 -0.004458
v 0.000988 0.008760 -0.004243
v 0.000988 0.008760 -0.004780
v -0.006533 0.005322 -0.004995
v -0.003202 0.008115 -0.005640
v -0.006747 0.005322 -0.004243
v -0.000839 0.008330 -0.005640
v -0.003740 0.008007 -0.004243
v 0.000988 0.008545 -0.004995
v -0.004814 0.007148 -0.005640
v -0.005996 0.006611 -0.004243
v -0.000947 0.008545 -0.005640
v -0.006855 0.005430 -0.004888
v 0.000988 0.008545 -0.004673
v -0.002880 0.008222 -0.004243
f 123 116 126 
f 116 112 119 
f 117 113 119 
f 114 113 120 
f 115 118 120 
f 112 116 121 
f 118 115 121 
f 116 118 121 
f 119 112 122 
f 117 119 122 
f 112 121 122 
f 113 114 123 
f 118 116 123 
f 114 120 123 
f 120 118 123 
f 115 117 124 
f 121 115 124 
f 117 122 124 
f 122 121 124 
f 113 117 125 
f 117 115 125 
f 120 113 125 
f 115 120 125 
f 116 119 126 
f 119 113 126 
f 113 123 126 
o convex_8
v 0.006038 0.005537 -0.004888
v 0.001956 0.008760 -0.004243
v 0.001956 0.008760 -0.004350
v 0.000988 0.008545 -0.004995
v 0.006574 0.005000 -0.003276
v 0.003567 0.008330 -0.003276
v 0.003996 0.007685 -0.004995
v 0.002278 0.008544 -0.003276
v 0.006574 0.004677 -0.004243
v 0.000988 0.008652 -0.004243
v 0.006683 0.005215 -0.003491
v 0.005822 0.005322 -0.004995
v 0.004426 0.007577 -0.003921
v 0.002278 0.008545 -0.004995
f 132 133 140 
f 129 128 132 
f 132 128 134 
f 131 132 134 
f 135 131 136 
f 128 129 136 
f 129 130 136 
f 134 128 136 
f 131 134 136 
f 130 135 136 
f 132 131 137 
f 135 127 137 
f 131 135 137 
f 130 133 138 
f 133 127 138 
f 127 135 138 
f 135 130 138 
f 127 133 139 
f 133 132 139 
f 132 137 139 
f 137 127 139 
f 130 129 140 
f 129 132 140 
f 133 130 140 
o convex_9
v -0.013410 -0.010044 0.003601
v -0.012336 -0.007680 0.006180
v -0.012766 -0.007680 0.006180
v -0.014163 -0.007680 0.003601
v -0.012336 -0.010474 0.003601
v -0.013733 -0.007788 0.005535
v -0.012444 -0.010151 0.004569
v -0.012336 -0.007680 0.005965
v -0.013948 -0.007788 0.003601
v -0.013625 -0.009614 0.003924
v -0.012981 -0.009721 0.004676
v -0.014055 -0.007680 0.004784
f 150 146 152 
f 143 142 144 
f 141 144 145 
f 142 143 147 
f 141 145 147 
f 145 142 147 
f 144 142 148 
f 142 145 148 
f 148 145 149 
f 145 144 149 
f 144 148 149 
f 144 141 150 
f 143 146 151 
f 147 143 151 
f 141 147 151 
f 150 141 151 
f 146 150 151 
f 143 144 152 
f 146 143 152 
f 144 150 152 
o convex_10
v -0.013518 -0.006606 -0.001663
v -0.012551 -0.010795 0.002097
v -0.012444 -0.010795 0.002097
v -0.014270 -0.006176 0.002633
v -0.013733 -0.009829 0.002311
v -0.012444 -0.007681 -0.001341
v -0.012444 -0.010473 0.003601
v -0.013733 -0.008433 -0.000159
v -0.014377 -0.006283 0.000378
v -0.014162 -0.007896 0.003601
v -0.013088 -0.006176 -0.001771
v -0.012873 -0.009399 -0.000052
v -0.013625 -0.009829 0.003601
v -0.014055 -0.006176 -0.001126
v -0.013196 -0.010151 0.001344
v -0.012659 -0.007788 -0.001556
v -0.012444 -0.009506 -0.000052
v -0.014055 -0.008326 0.001237
v -0.013196 -0.010473 0.003063
v -0.014377 -0.006821 0.002633
v -0.013947 -0.007789 0.003601
v -0.013196 -0.008004 -0.001126
f 168 164 174 
f 158 156 159 
f 154 155 159 
f 155 158 159 
f 156 158 163 
f 159 162 165 
f 162 157 165 
f 153 160 166 
f 161 156 166 
f 160 161 166 
f 163 153 166 
f 156 163 166 
f 157 160 167 
f 164 154 167 
f 160 164 167 
f 153 163 168 
f 163 158 168 
f 164 168 169 
f 155 154 169 
f 158 155 169 
f 154 164 169 
f 168 158 169 
f 160 157 170 
f 161 160 170 
f 157 162 170 
f 154 159 171 
f 165 157 171 
f 159 165 171 
f 167 154 171 
f 157 167 171 
f 156 161 172 
f 162 156 172 
f 161 170 172 
f 170 162 172 
f 159 156 173 
f 156 162 173 
f 162 159 173 
f 160 153 174 
f 164 160 174 
f 153 168 174 
o convex_11
v -0.009005 -0.007035 0.000055
v -0.012550 -0.006283 -0.002308
v -0.012550 -0.006176 -0.002308
v -0.013088 -0.007680 -0.001126
v -0.011906 -0.007680 -0.001556
v -0.009113 -0.006283 -0.001126
v -0.013088 -0.006176 -0.001879
v -0.009113 -0.007680 0.000592
v -0.011153 -0.006283 -0.002201
v -0.009220 -0.006176 -0.000804
v -0.009005 -0.007680 0.000270
v -0.009113 -0.007573 0.000592
v -0.012658 -0.007465 -0.001771
f 183 179 187 
f 177 176 181 
f 178 179 182 
f 176 177 183 
f 180 179 183 
f 180 183 184 
f 175 180 184 
f 177 181 184 
f 183 177 184 
f 179 180 185 
f 180 175 185 
f 182 179 185 
f 182 185 186 
f 181 178 186 
f 178 182 186 
f 175 184 186 
f 184 181 186 
f 185 175 186 
f 179 178 187 
f 181 176 187 
f 178 181 187 
f 176 183 187 
o convex_12
v -0.013411 -0.006821 0.006395
v -0.014162 -0.007680 0.002634
v -0.014055 -0.007680 0.002634
v -0.014378 -0.006176 0.002634
v -0.014270 -0.006391 0.005212
v -0.013303 -0.006176 0.006287
v -0.013948 -0.007680 0.005212
v -0.013303 -0.007680 0.005642
v -0.013948 -0.006176 0.005965
v -0.014270 -0.007358 0.003924
f 194 192 197 
f 190 189 191 
f 190 191 193 
f 189 190 194 
f 193 188 195 
f 190 193 195 
f 188 194 195 
f 194 190 195 
f 191 192 196 
f 188 193 196 
f 193 191 196 
f 194 188 196 
f 192 194 196 
f 191 189 197 
f 192 191 197 
f 189 194 197 
o convex_13
v -0.013195 -0.007143 0.006395
v -0.009005 -0.006176 0.006717
v -0.009005 -0.006283 0.006717
v -0.009005 -0.007465 0.005750
v -0.013303 -0.006176 0.006395
v -0.011368 -0.006283 0.007040
v -0.009973 -0.007680 0.006073
v -0.013303 -0.007680 0.005750
v -0.012765 -0.007573 0.006287
v -0.009005 -0.006176 0.006502
v -0.012658 -0.006176 0.006932
f 206 203 208 
f 199 200 201 
f 200 199 203 
f 201 200 204 
f 200 203 204 
f 201 204 205 
f 198 202 205 
f 202 201 205 
f 204 203 206 
f 205 204 206 
f 198 205 206 
f 199 201 207 
f 201 202 207 
f 202 199 207 
f 202 198 208 
f 199 202 208 
f 203 199 208 
f 198 206 208 
o convex_14
v 0.000128 -0.006283 0.001452
v -0.009005 -0.006283 -0.001019
v -0.009005 -0.006821 -0.000482
v -0.007069 -0.007358 0.001452
v -0.008789 -0.007680 0.000377
v -0.008897 -0.006176 -0.000697
v -0.001162 -0.006283 0.000807
v -0.000624 -0.006176 0.001452
v -0.007069 -0.007680 0.001452
v -0.008789 -0.007573 0.000807
v -0.007608 -0.006283 -0.000804
v -0.001162 -0.006176 0.000807
v -0.001914 -0.006713 0.001344
f 217 213 221 
f 211 210 213 
f 210 211 214 
f 212 209 216 
f 214 212 216 
f 209 212 217 
f 213 217 218 
f 211 213 218 
f 214 211 218 
f 212 214 218 
f 217 212 218 
f 213 210 219 
f 210 214 219 
f 215 213 219 
f 215 219 220 
f 209 215 220 
f 214 216 220 
f 216 209 220 
f 219 214 220 
f 215 209 221 
f 213 215 221 
f 209 217 221 
o convex_15
v -0.006963 -0.007680 0.001452
v 0.001418 -0.006176 0.002956
v 0.001418 -0.006283 0.002956
v -0.006426 -0.007680 0.002956
v -0.000410 -0.006176 0.001452
v -0.006748 -0.007358 0.001560
v 0.000127 -0.006498 0.001990
v -0.005029 -0.007250 0.002956
v -0.003417 -0.007250 0.002634
v 0.000342 -0.006283 0.001452
v 0.000773 -0.006176 0.002956
f 227 229 232 
f 224 223 225 
f 222 225 227 
f 226 222 227 
f 225 223 229 
f 227 225 229 
f 224 225 230 
f 225 222 230 
f 228 224 230 
f 222 228 230 
f 223 224 231 
f 222 226 231 
f 226 223 231 
f 224 228 231 
f 228 222 231 
f 223 226 232 
f 226 227 232 
f 229 223 232 
o convex_16
v 0.001202 -0.006176 0.003494
v -0.006425 -0.007680 0.002957
v -0.007178 -0.007680 0.004998
v -0.002343 -0.006176 0.004998
v 0.000772 -0.006176 0.002957
v -0.003739 -0.007143 0.004675
v -0.006103 -0.007465 0.002957
v -0.001699 -0.006928 0.002957
v -0.001699 -0.006283 0.005105
v -0.006210 -0.007143 0.005105
v -0.006103 -0.007680 0.004138
v 0.001202 -0.006283 0.003494
v -0.003631 -0.006928 0.005105
v -0.003525 -0.007250 0.003924
v -0.006855 -0.007680 0.005105
f 243 246 247 
f 236 233 237 
f 234 235 239 
f 236 237 239 
f 237 234 239 
f 234 237 240 
f 233 236 241 
f 239 235 242 
f 236 239 242 
f 241 236 242 
f 235 234 243 
f 234 240 243 
f 237 233 244 
f 240 237 244 
f 233 241 244 
f 238 244 245 
f 241 242 245 
f 244 241 245 
f 243 240 246 
f 240 244 246 
f 244 238 246 
f 242 235 247 
f 235 243 247 
f 238 245 247 
f 245 242 247 
f 246 238 247 
o convex_17
v -0.003418 -0.006176 0.005858
v -0.007285 -0.007680 0.005105
v -0.007285 -0.007573 0.005105
v -0.009005 -0.006283 0.006717
v -0.002558 -0.006176 0.005105
v -0.008682 -0.007680 0.005858
v -0.009005 -0.006176 0.006502
v -0.003418 -0.006821 0.005213
v -0.004816 -0.006283 0.006287
v -0.006425 -0.007143 0.005105
v -0.009005 -0.007573 0.005643
v -0.007607 -0.007680 0.005643
f 255 256 259 
f 249 250 252 
f 248 252 254 
f 252 248 255 
f 249 252 255 
f 251 253 256 
f 254 251 256 
f 248 254 256 
f 255 248 256 
f 252 250 257 
f 254 252 257 
f 250 254 257 
f 250 249 258 
f 249 253 258 
f 253 251 258 
f 251 254 258 
f 254 250 258 
f 253 249 259 
f 249 255 259 
f 256 253 259 
o convex_18
v -0.010295 -0.004457 -0.003276
v -0.012551 -0.002522 -0.003383
v -0.012551 -0.002522 -0.003276
v -0.011047 -0.000051 -0.004243
v -0.011584 -0.000051 -0.003276
v -0.009865 -0.003597 -0.004243
v -0.009865 -0.004241 -0.003276
v -0.011154 -0.002307 -0.004243
v -0.011369 -0.004027 -0.003383
v -0.012551 -0.001341 -0.003383
v -0.011261 -0.000051 -0.004243
v -0.010617 -0.003275 -0.004243
f 268 261 271 
f 262 260 264 
f 264 260 266 
f 263 264 266 
f 260 265 266 
f 265 263 266 
f 263 265 267 
f 260 262 268 
f 262 261 268 
f 265 260 268 
f 261 262 269 
f 262 264 269 
f 264 263 270 
f 267 261 270 
f 263 267 270 
f 261 269 270 
f 269 264 270 
f 261 267 271 
f 267 265 271 
f 265 268 271 
o convex_19
v -0.009004 -0.004349 -0.003276
v 0.006683 -0.000696 -0.004028
v 0.006683 -0.000696 -0.004243
v -0.009865 -0.003382 -0.004243
v -0.008251 -0.003596 -0.004243
v 0.005608 -0.001770 -0.003383
v 0.006575 -0.001233 -0.003276
v -0.009649 -0.004134 -0.003276
v 0.004854 -0.001341 -0.004243
v -0.009649 -0.004457 -0.003383
v -0.009865 -0.003382 -0.004135
v 0.006575 -0.001556 -0.003276
f 277 280 283 
f 273 274 275 
f 275 274 276 
f 272 278 279 
f 276 274 280 
f 280 277 281 
f 275 276 281 
f 277 272 281 
f 272 279 281 
f 276 280 281 
f 281 279 282 
f 273 275 282 
f 278 273 282 
f 279 278 282 
f 275 281 282 
f 274 273 283 
f 272 277 283 
f 278 272 283 
f 273 278 283 
f 280 274 283 
o convex_20
v -0.003311 0.005643 -0.011013
v -0.005996 0.002958 -0.010476
v -0.005996 0.002958 -0.010368
v -0.003311 0.002958 -0.012624
v -0.003955 0.003818 -0.012194
v -0.003311 0.005751 -0.010368
v -0.004385 0.005321 -0.010476
v -0.005566 0.003065 -0.010368
v -0.005029 0.003065 -0.011657
v -0.003418 0.003280 -0.012839
v -0.003418 0.005106 -0.011657
f 293 288 294 
f 286 285 287 
f 287 284 289 
f 285 286 290 
f 289 284 290 
f 286 289 290 
f 286 287 291 
f 289 286 291 
f 287 289 291 
f 287 285 292 
f 285 290 292 
f 290 288 292 
f 284 287 293 
f 287 292 293 
f 292 288 293 
f 290 284 294 
f 288 290 294 
f 284 293 294 
o convex_21
v 0.004642 0.004784 -0.010475
v 0.003782 0.002958 -0.013269
v 0.003782 0.003065 -0.013269
v 0.005716 0.003065 -0.011442
v 0.005716 0.002958 -0.010368
v 0.003782 0.004999 -0.010368
v 0.004319 0.004247 -0.011872
v 0.005071 0.003065 -0.012624
v 0.003782 0.002958 -0.012946
v 0.003782 0.004784 -0.011442
v 0.005716 0.003602 -0.010368
v 0.005179 0.003817 -0.011442
f 305 298 306 
f 297 296 300 
f 296 297 302 
f 298 299 302 
f 299 296 302 
f 297 301 302 
f 296 299 303 
f 300 296 303 
f 299 300 303 
f 300 295 304 
f 297 300 304 
f 301 297 304 
f 295 301 304 
f 299 298 305 
f 300 299 305 
f 295 300 305 
f 301 295 306 
f 302 301 306 
f 298 302 306 
f 295 305 306 
o convex_22
v 0.006683 0.000702 -0.009938
v 0.002385 -0.000911 -0.010368
v 0.002923 -0.000911 -0.010368
v 0.002385 0.005966 -0.010368
v 0.006682 0.001453 -0.010368
v 0.002923 0.005859 -0.009938
v 0.002923 -0.000803 -0.009938
v 0.005393 0.004246 -0.009938
v 0.004856 0.004676 -0.010368
v 0.005715 -0.000266 -0.010368
v 0.004963 -0.000480 -0.009938
v 0.002385 -0.000911 -0.010260
f 313 312 318 
f 309 308 310 
f 309 310 311 
f 307 312 313 
f 307 311 314 
f 312 307 314 
f 312 314 315 
f 311 310 315 
f 310 312 315 
f 314 311 315 
f 311 307 316 
f 309 311 316 
f 307 313 317 
f 313 309 317 
f 316 307 317 
f 309 316 317 
f 308 309 318 
f 310 308 318 
f 312 310 318 
f 309 313 318 
o convex_23
v -0.001054 0.006504 0.004031
v 0.005286 0.007685 0.004139
v 0.005286 0.007685 0.004031
v 0.007650 0.006826 0.005213
v 0.007650 0.007148 0.004031
v -0.001054 0.005966 0.005213
v 0.004748 0.007256 0.005105
v -0.000838 0.006718 0.004139
v -0.000086 0.005966 0.005105
v 0.007113 0.007148 0.005213
v -0.000731 0.006181 0.005213
v 0.004212 0.007471 0.004568
v -0.000838 0.006396 0.004139
f 327 324 331 
f 319 321 323 
f 321 320 323 
f 321 319 326 
f 320 321 326 
f 319 324 326 
f 323 322 327 
f 322 324 327 
f 322 323 328 
f 323 320 328 
f 324 322 328 
f 320 325 328 
f 328 325 329 
f 326 324 329 
f 324 328 329 
f 326 329 330 
f 325 320 330 
f 320 326 330 
f 329 325 330 
f 319 323 331 
f 324 319 331 
f 323 327 331 
o convex_24
v 0.004964 -0.000481 -0.009938
v 0.006790 0.001131 -0.009186
v 0.006790 0.001131 -0.009830
v 0.003245 -0.000481 -0.009186
v 0.006253 0.000164 -0.009186
v 0.003245 -0.000588 -0.009938
v 0.006575 0.000486 -0.009938
v 0.006575 0.001131 -0.009938
v 0.003782 -0.000588 -0.009186
f 335 337 340 
f 333 335 336 
f 334 333 338 
f 336 332 338 
f 333 336 338 
f 332 337 338 
f 338 337 339 
f 333 334 339 
f 335 333 339 
f 337 335 339 
f 334 338 339 
f 332 336 340 
f 336 335 340 
f 337 332 340 
o convex_25
v 0.005178 0.005320 -0.008111
v 0.000666 0.007255 -0.009186
v 0.000666 0.007255 -0.009078
v 0.006575 0.001131 -0.009938
v 0.004749 0.004999 -0.009938
v 0.007004 0.001669 -0.008111
v 0.000989 0.008115 -0.008111
v 0.006575 0.003388 -0.008326
v 0.003245 0.005750 -0.009938
v 0.006682 0.001131 -0.009186
v 0.005823 0.003710 -0.009938
v 0.001848 0.007792 -0.008219
v 0.000774 0.007899 -0.008111
v 0.007113 0.002314 -0.008219
v 0.004426 0.006072 -0.008219
v 0.000882 0.007577 -0.009078
v 0.006790 0.001346 -0.009830
v 0.004319 0.005321 -0.009938
f 356 352 358 
f 343 342 344 
f 346 341 347 
f 344 342 349 
f 345 344 349 
f 343 344 350 
f 345 341 351 
f 344 345 351 
f 341 348 351 
f 347 341 352 
f 342 343 353 
f 346 347 353 
f 343 350 353 
f 350 346 353 
f 341 346 354 
f 348 341 354 
f 351 348 354 
f 341 345 355 
f 352 341 355 
f 349 342 356 
f 347 352 356 
f 342 353 356 
f 353 347 356 
f 350 344 357 
f 346 350 357 
f 344 351 357 
f 354 346 357 
f 351 354 357 
f 345 349 358 
f 355 345 358 
f 352 355 358 
f 349 356 358 
o convex_26
v 0.004856 -0.005101 0.004353
v 0.000666 -0.006175 0.001882
v 0.000666 -0.006068 0.001882
v 0.008295 -0.004242 0.001882
v 0.000236 -0.005853 0.004353
v 0.001848 -0.006175 0.003064
v 0.007972 -0.004027 0.004353
v 0.007112 -0.004349 0.001882
v 0.008187 -0.004457 0.003064
v 0.000236 -0.006176 0.004353
v 0.001956 -0.006068 0.001990
v 0.008295 -0.004242 0.004246
v 0.008187 -0.004457 0.002204
v 0.002493 -0.005960 0.003601
v -0.000409 -0.006068 0.004246
f 360 368 373 
f 360 361 362 
f 363 359 365 
f 363 365 366 
f 362 361 366 
f 361 363 366 
f 365 362 366 
f 359 363 368 
f 360 364 368 
f 360 362 369 
f 364 360 369 
f 365 359 370 
f 362 365 370 
f 370 367 371 
f 367 364 371 
f 369 362 371 
f 364 369 371 
f 362 370 371 
f 364 367 372 
f 359 368 372 
f 368 364 372 
f 370 359 372 
f 367 370 372 
f 361 360 373 
f 363 361 373 
f 368 363 373 
o convex_27
v -0.003955 0.006503 -0.009508
v -0.009005 -0.000911 -0.008326
v -0.008896 -0.000911 -0.008541
v -0.007177 0.003387 -0.009078
v -0.007500 -0.000695 -0.010260
v -0.005030 0.005535 -0.008111
v -0.007285 0.003817 -0.008111
v -0.007177 0.001454 -0.010260
v -0.003741 0.005643 -0.010260
v -0.008896 -0.000911 -0.008111
v -0.003632 0.006503 -0.009186
v -0.004385 0.005536 -0.010260
v -0.008896 0.000058 -0.008219
v -0.007393 -0.000587 -0.010153
v -0.008145 0.000057 -0.009615
v -0.008682 -0.000911 -0.008326
v -0.005460 0.005535 -0.008111
v -0.004278 0.006395 -0.009293
v -0.006856 0.003066 -0.009723
v -0.007715 0.003064 -0.008326
f 388 386 393 
f 378 381 382 
f 375 376 383 
f 379 380 383 
f 382 374 384 
f 382 381 385 
f 374 382 385 
f 376 375 386 
f 375 383 386 
f 383 380 386 
f 378 382 387 
f 382 384 387 
f 378 376 388 
f 377 381 388 
f 381 378 388 
f 376 386 388 
f 376 378 389 
f 383 376 389 
f 379 383 389 
f 384 379 389 
f 378 387 389 
f 387 384 389 
f 380 379 390 
f 379 384 390 
f 390 384 391 
f 377 380 391 
f 384 374 391 
f 374 385 391 
f 385 377 391 
f 380 390 391 
f 381 377 392 
f 377 385 392 
f 385 381 392 
f 380 377 393 
f 386 380 393 
f 377 388 393 
o convex_28
v 0.005285 -0.000266 -0.009186
v 0.007113 0.001668 -0.008111
v 0.007113 0.001668 -0.008326
v -0.005029 -0.001770 -0.008111
v 0.005500 -0.000158 -0.008111
v -0.004706 -0.001770 -0.009186
v 0.006681 0.001561 -0.009186
v -0.004061 -0.001878 -0.009078
v 0.006681 0.000593 -0.009186
v -0.004706 -0.001878 -0.008111
v 0.006790 0.001668 -0.008648
v 0.006467 0.000271 -0.008111
v 0.004534 -0.000373 -0.008111
v -0.004814 -0.001663 -0.008326
f 404 400 407 
f 395 397 398 
f 394 399 400 
f 399 394 401 
f 396 395 402 
f 394 400 402 
f 400 396 402 
f 398 397 403 
f 397 399 403 
f 399 401 403 
f 395 396 404 
f 396 400 404 
f 398 394 405 
f 395 398 405 
f 402 395 405 
f 394 402 405 
f 394 398 406 
f 401 394 406 
f 398 403 406 
f 403 401 406 
f 397 395 407 
f 399 397 407 
f 400 399 407 
f 395 404 407 
o convex_29
v 0.014097 0.002957 0.005428
v 0.011196 -0.000051 0.007039
v 0.011304 -0.000051 0.006932
v 0.011196 0.003925 0.006502
v 0.014956 -0.000051 0.004568
v 0.013882 0.003709 0.004568
v 0.011304 0.001346 0.007254
v 0.014312 0.000272 0.005428
v 0.013345 0.003925 0.005750
v 0.015172 0.001024 0.004676
v 0.013882 0.001990 0.005750
v 0.011304 -0.000051 0.007254
v 0.011304 0.002957 0.007039
v 0.013990 0.003925 0.004891
v 0.014742 0.002528 0.004568
v 0.014956 -0.000051 0.004891
f 415 419 423 
f 410 409 411 
f 409 410 412 
f 412 410 413 
f 410 411 413 
f 408 416 418 
f 417 408 418 
f 409 412 419 
f 414 409 419 
f 415 418 419 
f 418 414 419 
f 411 409 420 
f 409 414 420 
f 416 411 420 
f 414 418 420 
f 418 416 420 
f 413 411 421 
f 411 416 421 
f 416 408 421 
f 412 413 422 
f 417 412 422 
f 408 417 422 
f 413 421 422 
f 421 408 422 
f 412 417 423 
f 418 415 423 
f 417 418 423 
f 419 412 423 
o convex_30
v 0.015816 -0.000051 0.001023
v 0.014420 0.003280 0.003171
v 0.014312 0.003280 0.003171
v 0.015924 -0.000051 0.003171
v 0.014312 0.001024 0.000163
v 0.016031 0.000379 0.002419
v 0.014420 0.002743 0.001989
v 0.015386 -0.000051 0.000163
v 0.014312 0.002957 0.003171
v 0.015065 0.000594 0.000163
v 0.015601 0.000916 0.001774
v 0.015386 0.001776 0.003171
v 0.015172 -0.000051 0.000270
f 428 431 436 
f 425 426 427 
f 427 424 429 
f 426 425 430 
f 428 426 430 
f 424 427 431 
f 427 426 432 
f 428 427 432 
f 426 428 432 
f 428 430 433 
f 424 431 433 
f 431 428 433 
f 429 424 434 
f 430 425 434 
f 424 433 434 
f 433 430 434 
f 425 427 435 
f 427 429 435 
f 434 425 435 
f 429 434 435 
f 427 428 436 
f 431 427 436 
o convex_31
v -0.003309 -0.006176 0.000163
v 0.008078 -0.003705 0.000270
v 0.008078 -0.003705 0.000163
v 0.001311 -0.006176 0.001774
v 0.007004 -0.004350 0.001882
v -0.004492 -0.006068 0.000270
v 0.008295 -0.004027 0.000378
v 0.008295 -0.004350 0.001882
v 0.000558 -0.006068 0.001882
v 0.006681 -0.003812 0.000270
v -0.000301 -0.006176 0.000915
v 0.008295 -0.003920 0.000163
v 0.008295 -0.004350 0.001452
v -0.004492 -0.006176 0.000163
f 442 446 450 
f 438 441 444 
f 441 442 445 
f 440 444 445 
f 444 441 445 
f 438 439 446 
f 441 438 446 
f 442 441 446 
f 440 437 447 
f 443 440 447 
f 443 447 448 
f 437 439 448 
f 439 438 448 
f 438 444 448 
f 444 443 448 
f 447 437 448 
f 440 443 449 
f 444 440 449 
f 443 444 449 
f 439 437 450 
f 437 440 450 
f 440 445 450 
f 445 442 450 
f 446 439 450 
o convex_32
v -0.005566 -0.001985 -0.008111
v 0.006146 0.000056 -0.007037
v 0.006146 -0.000051 -0.006392
v -0.005028 -0.001770 -0.006500
v 0.004856 -0.000481 -0.006392
v 0.005393 0.000056 -0.008111
v 0.005070 -0.000266 -0.008111
v -0.004707 -0.001985 -0.006392
v -0.004813 -0.001663 -0.008111
v 0.005608 0.000056 -0.007037
v -0.005243 -0.001985 -0.008111
v -0.002343 -0.001233 -0.007359
v -0.001805 -0.001233 -0.006392
f 462 454 463 
f 452 453 457 
f 453 455 457 
f 456 452 457 
f 451 456 457 
f 454 451 458 
f 455 453 458 
f 451 454 459 
f 456 451 459 
f 453 452 460 
f 452 456 460 
f 451 457 461 
f 457 455 461 
f 458 451 461 
f 455 458 461 
f 459 454 462 
f 456 459 462 
f 460 456 462 
f 460 462 463 
f 458 453 463 
f 454 458 463 
f 453 460 463 
o convex_33
v 0.006468 -0.000266 -0.005640
v 0.008510 0.002420 -0.004995
v 0.008510 0.001668 -0.004995
v 0.007220 0.001883 -0.008111
v 0.005716 0.000057 -0.006821
v 0.006361 0.000164 -0.008111
v 0.008080 0.000701 -0.005103
v 0.006468 -0.000158 -0.004995
v 0.007972 0.002420 -0.005532
v 0.007113 0.001130 -0.008111
v 0.005716 0.000057 -0.008111
v 0.007005 0.001883 -0.008003
v 0.007113 -0.000158 -0.004995
v 0.006038 -0.000158 -0.005532
f 468 474 477 
f 465 466 467 
f 466 465 471 
f 465 467 472 
f 471 465 472 
f 467 466 473 
f 469 467 473 
f 466 470 473 
f 470 469 473 
f 469 464 474 
f 467 469 474 
f 472 467 475 
f 468 472 475 
f 474 468 475 
f 467 474 475 
f 464 469 476 
f 470 466 476 
f 469 470 476 
f 466 471 476 
f 471 464 476 
f 464 471 477 
f 472 468 477 
f 471 472 477 
f 474 464 477 
o convex_34
v -0.003738 0.006826 -0.009186
v 0.000665 0.008653 -0.006392
v 0.001633 0.008437 -0.006392
v -0.005352 0.005966 -0.006392
v 0.000665 0.007255 -0.009186
v -0.005458 0.005214 -0.007896
v -0.002987 0.008115 -0.006392
v -0.000302 0.008222 -0.008111
v -0.004705 0.005644 -0.009186
v 0.001633 0.008222 -0.006392
v -0.004814 0.006826 -0.006714
v -0.002557 0.007362 -0.009078
v -0.002987 0.008008 -0.007252
v 0.000665 0.008008 -0.008541
v -0.005566 0.005429 -0.008111
v -0.000302 0.008545 -0.007145
v -0.004275 0.006612 -0.008863
v -0.000518 0.007577 -0.009186
v -0.005458 0.005322 -0.007467
v 0.001633 0.008115 -0.006714
v -0.004276 0.007362 -0.006499
v 0.000665 0.008437 -0.007574
v -0.002664 0.007900 -0.007896
f 490 493 500 
f 480 479 481 
f 481 479 484 
f 478 482 486 
f 482 483 486 
f 480 481 487 
f 486 483 492 
f 481 488 492 
f 484 479 493 
f 490 484 493 
f 478 486 494 
f 490 478 494 
f 486 492 494 
f 492 488 494 
f 482 478 495 
f 478 489 495 
f 489 485 495 
f 491 482 495 
f 485 491 495 
f 487 481 496 
f 481 492 496 
f 492 483 496 
f 483 482 497 
f 480 487 497 
f 491 480 497 
f 482 491 497 
f 487 496 497 
f 496 483 497 
f 481 484 498 
f 488 481 498 
f 484 490 498 
f 490 494 498 
f 494 488 498 
f 479 480 499 
f 480 491 499 
f 491 485 499 
f 493 479 499 
f 485 493 499 
f 489 478 500 
f 485 489 500 
f 478 490 500 
f 493 485 500 
o convex_35
v 0.003244 0.000164 0.009618
v 0.003782 0.001238 0.008866
v 0.003782 0.001346 0.008866
v -0.004921 -0.000051 0.010048
v -0.002236 0.001346 0.010156
v 0.007648 -0.000051 0.008866
v 0.007648 0.001346 0.008974
v -0.004921 0.001346 0.010048
v -0.000839 -0.000051 0.009404
v -0.002128 0.000486 0.010263
v -0.002448 -0.000051 0.010156
v 0.007648 0.001023 0.009081
v -0.000946 0.001346 0.009404
v 0.006144 -0.000051 0.008866
v 0.007648 0.000164 0.009081
v -0.004921 0.001346 0.010156
f 510 505 516 
f 502 503 506 
f 503 505 507 
f 506 503 507 
f 505 503 508 
f 506 504 509 
f 504 506 511 
f 501 510 511 
f 510 504 511 
f 506 507 512 
f 507 505 512 
f 510 501 512 
f 505 510 512 
f 503 502 513 
f 508 503 513 
f 504 508 513 
f 502 509 513 
f 509 504 513 
f 502 506 514 
f 509 502 514 
f 506 509 514 
f 511 506 515 
f 501 511 515 
f 512 501 515 
f 506 512 515 
f 508 504 516 
f 505 508 516 
f 504 510 516 
o convex_36
v 0.000881 0.002850 0.008436
v 0.007650 0.004569 0.007899
v 0.007650 0.004462 0.008007
v 0.007650 0.002850 0.008329
v 0.000881 0.003495 0.007792
v 0.001203 0.002958 0.008759
v 0.007435 0.003602 0.008436
v 0.007650 0.004247 0.007792
v 0.000881 0.003710 0.007899
v 0.006361 0.004569 0.007899
v 0.006683 0.002850 0.008544
v 0.003783 0.002850 0.008222
f 521 520 528 
f 518 519 520 
f 520 519 523 
f 519 522 523 
f 518 520 524 
f 520 521 524 
f 521 517 525 
f 517 522 525 
f 525 522 526 
f 519 518 526 
f 522 519 526 
f 518 524 526 
f 524 521 526 
f 521 525 526 
f 517 520 527 
f 522 517 527 
f 520 523 527 
f 523 522 527 
f 520 517 528 
f 517 521 528 
o convex_37
v -0.008898 -0.002845 0.008544
v -0.011476 -0.006175 0.006825
v -0.011476 -0.006175 0.007040
v -0.011476 -0.002630 0.008007
v -0.008898 -0.006068 0.006610
v -0.011369 -0.004456 0.008114
v -0.008898 -0.005745 0.007147
v -0.011261 -0.002630 0.007792
v -0.009435 -0.002630 0.008114
v -0.011476 -0.003383 0.008221
v -0.008898 -0.004027 0.008114
f 534 535 539 
f 530 531 532 
f 531 530 533 
f 533 529 535 
f 531 533 535 
f 534 531 535 
f 530 532 536 
f 533 530 536 
f 533 536 537 
f 532 529 537 
f 529 533 537 
f 536 532 537 
f 532 531 538 
f 529 532 538 
f 531 534 538 
f 534 529 538 
f 529 534 539 
f 535 529 539 
o convex_38
v 0.007649 0.002421 -0.006929
v 0.001956 0.008330 -0.006392
v 0.001956 0.008330 -0.006499
v 0.007757 0.003926 -0.004995
v 0.005392 0.005644 -0.007037
v 0.007972 0.002098 -0.005640
v 0.004105 0.007469 -0.004995
v 0.001634 0.008115 -0.006499
v 0.007434 0.001991 -0.007037
v 0.001634 0.008115 -0.007037
v 0.008294 0.002421 -0.004995
v 0.003890 0.007363 -0.004995
v 0.006897 0.003817 -0.007037
v 0.004320 0.006609 -0.007037
v 0.008402 0.002851 -0.005103
v 0.004212 0.007363 -0.005318
v 0.007434 0.001991 -0.006822
v 0.002279 0.008007 -0.007037
f 555 553 557 
f 542 541 546 
f 541 542 547 
f 540 545 548 
f 548 547 549 
f 547 542 549 
f 544 548 549 
f 543 546 550 
f 547 545 550 
f 547 550 551 
f 546 541 551 
f 541 547 551 
f 550 546 551 
f 544 543 552 
f 540 548 552 
f 548 544 552 
f 544 549 553 
f 545 540 554 
f 543 550 554 
f 550 545 554 
f 540 552 554 
f 552 543 554 
f 543 544 555 
f 546 543 555 
f 542 546 555 
f 544 553 555 
f 545 547 556 
f 548 545 556 
f 547 548 556 
f 549 542 557 
f 553 549 557 
f 542 555 557 
o convex_39
v -0.008683 -0.002737 -0.005747
v -0.010832 -0.001126 -0.005103
v -0.010724 -0.001448 -0.005210
v -0.010187 -0.000266 -0.006392
v -0.010616 0.000164 -0.004995
v -0.009864 -0.001877 -0.006392
v -0.009328 -0.003060 -0.004995
v -0.008683 -0.002200 -0.006392
v -0.010401 -0.002307 -0.004995
v -0.009005 -0.002844 -0.004995
v -0.008683 -0.002522 -0.005640
v -0.010401 0.000164 -0.005425
v -0.009328 -0.002307 -0.006392
f 564 566 570 
f 560 559 561 
f 561 559 562 
f 560 561 563 
f 563 561 565 
f 559 560 566 
f 562 559 566 
f 560 563 566 
f 564 562 566 
f 564 558 567 
f 562 564 567 
f 558 565 568 
f 567 558 568 
f 562 567 568 
f 561 562 569 
f 565 561 569 
f 568 565 569 
f 562 568 569 
f 558 564 570 
f 565 558 570 
f 563 565 570 
f 566 563 570 
o convex_40
v -0.008466 -0.003060 -0.005210
v 0.006574 -0.000051 -0.005640
v 0.006683 -0.000266 -0.004995
v -0.008681 -0.002307 -0.006069
v 0.004963 -0.000481 -0.006392
v -0.006963 -0.002415 -0.006392
v -0.009005 -0.002844 -0.004995
v 0.005392 -0.000804 -0.004995
v 0.005714 -0.000051 -0.006392
v -0.008681 -0.002307 -0.006392
v 0.006252 -0.000266 -0.004995
v -0.008143 -0.003060 -0.005103
v 0.006252 -0.000051 -0.005640
v 0.006252 -0.000159 -0.006392
v 0.005392 -0.000804 -0.005103
f 575 584 585 
f 573 577 578 
f 575 576 579 
f 579 576 580 
f 576 571 580 
f 571 577 580 
f 577 574 580 
f 574 579 580 
f 573 572 581 
f 577 573 581 
f 574 577 581 
f 571 576 582 
f 576 575 582 
f 577 571 582 
f 578 577 582 
f 572 579 583 
f 579 574 583 
f 581 572 583 
f 574 581 583 
f 572 573 584 
f 579 572 584 
f 575 579 584 
f 573 578 585 
f 582 575 585 
f 578 582 585 
f 584 573 585 
o convex_41
v -0.002665 0.005751 0.006072
v -0.004922 0.005751 0.004031
v -0.004922 0.005644 0.004139
v -0.001054 0.006396 0.004139
v -0.001054 0.004999 0.006287
v -0.004922 0.004677 0.006395
v -0.003740 0.006181 0.004783
v -0.001054 0.006611 0.004246
v -0.001161 0.005322 0.006395
v -0.004277 0.005214 0.006395
v -0.004814 0.005966 0.004246
v -0.004814 0.004784 0.005858
v -0.003202 0.006396 0.004031
f 596 592 598 
f 588 587 589 
f 588 589 590 
f 587 588 591 
f 590 589 593 
f 592 586 593 
f 591 590 594 
f 593 586 594 
f 590 593 594 
f 586 592 595 
f 591 594 595 
f 594 586 595 
f 587 591 596 
f 591 595 596 
f 595 592 596 
f 588 590 597 
f 591 588 597 
f 590 591 597 
f 589 587 598 
f 593 589 598 
f 592 593 598 
f 587 596 598 
o convex_42
v -0.005459 0.006611 -0.005640
v -0.001054 0.008438 -0.005640
v -0.001054 0.008438 -0.006392
v -0.006963 0.004569 -0.006392
v -0.003311 0.008007 -0.006392
v -0.007177 0.004569 -0.005640
v -0.003204 0.008115 -0.005640
v -0.007285 0.004677 -0.006284
v -0.001054 0.008330 -0.005640
v -0.004491 0.007255 -0.006392
f 602 606 608 
f 601 602 603 
f 600 599 604 
f 599 600 605 
f 600 601 605 
f 601 603 605 
f 604 599 606 
f 602 604 606 
f 601 600 607 
f 602 601 607 
f 600 604 607 
f 604 602 607 
f 603 602 608 
f 599 605 608 
f 605 603 608 
f 606 599 608 
o convex_43
v 0.000773 -0.003060 0.007577
v -0.000517 -0.006176 0.004353
v -0.000517 -0.006068 0.004353
v -0.004922 -0.004457 0.007577
v -0.004814 -0.006176 0.006395
v -0.004922 -0.004135 0.007469
v 0.000666 -0.003383 0.007577
v 0.000773 -0.005961 0.004461
v 0.000558 -0.003920 0.006287
v -0.004922 -0.006068 0.006072
v -0.002127 -0.006068 0.005643
v 0.000343 -0.005746 0.004353
v -0.002449 -0.004135 0.007577
v 0.000021 -0.003168 0.007469
f 609 617 622 
f 612 609 614 
f 609 612 615 
f 609 615 616 
f 609 616 617 
f 611 610 618 
f 613 612 618 
f 610 613 618 
f 614 611 618 
f 612 614 618 
f 613 610 619 
f 615 613 619 
f 616 615 619 
f 610 616 619 
f 610 611 620 
f 611 614 620 
f 616 610 620 
f 614 617 620 
f 617 616 620 
f 612 613 621 
f 615 612 621 
f 613 615 621 
f 614 609 622 
f 617 614 622 
o convex_44
v 0.007650 0.005966 0.006610
v 0.010336 0.003925 0.006717
v 0.010551 0.004032 0.006610
v 0.007650 0.007041 0.004568
v 0.010659 0.006288 0.005750
v 0.007650 0.003925 0.008222
v 0.010659 0.006504 0.004568
v 0.008832 0.007041 0.005213
v 0.010659 0.004032 0.006932
v 0.007973 0.004032 0.008222
v 0.008940 0.006504 0.006073
v 0.007650 0.003925 0.008006
v 0.007650 0.006825 0.005643
v 0.009048 0.007148 0.004568
f 626 630 636 
f 623 626 628 
f 625 624 629 
f 624 626 629 
f 624 625 631 
f 628 624 631 
f 625 629 631 
f 629 627 631 
f 623 628 632 
f 631 627 632 
f 628 631 632 
f 627 630 633 
f 623 632 633 
f 632 627 633 
f 626 624 634 
f 624 628 634 
f 628 626 634 
f 626 623 635 
f 630 626 635 
f 633 630 635 
f 623 633 635 
f 629 626 636 
f 627 629 636 
f 630 627 636 
o convex_45
v -0.009005 -0.002630 0.008651
v -0.008898 0.000486 0.008759
v -0.007609 0.000486 0.009511
v -0.011261 -0.002630 0.008114
v -0.009542 0.000486 0.007899
v -0.007609 -0.002200 0.008974
v -0.009864 -0.002630 0.008007
v -0.008146 -0.000589 0.009511
v -0.011154 -0.000911 0.008007
v -0.007823 -0.001662 0.009403
v -0.011369 -0.002630 0.007899
v -0.007609 0.000486 0.009296
v -0.009972 0.000486 0.007899
v -0.008038 0.000486 0.009403
f 645 644 650 
f 641 642 643 
f 637 640 643 
f 642 637 643 
f 640 644 645 
f 640 637 646 
f 637 642 646 
f 642 639 646 
f 639 644 646 
f 644 640 646 
f 641 643 647 
f 643 640 647 
f 640 645 647 
f 638 639 648 
f 641 638 648 
f 639 642 648 
f 642 641 648 
f 638 641 649 
f 645 638 649 
f 641 647 649 
f 647 645 649 
f 639 638 650 
f 644 639 650 
f 638 645 650 
o convex_46
v 0.003781 0.006826 -0.006392
v 0.001847 0.008653 -0.004995
v 0.002277 0.008545 -0.004995
v 0.000774 0.008653 -0.006392
v -0.000838 0.008437 -0.004995
v -0.001054 0.008330 -0.006392
v 0.003996 0.007471 -0.004995
v 0.002385 0.008115 -0.006392
v 0.004211 0.006826 -0.005640
v 0.004104 0.007041 -0.006284
v 0.003781 0.007793 -0.005103
v -0.000301 0.008653 -0.004995
v -0.001054 0.008330 -0.005640
f 659 655 663 
f 652 653 654 
f 653 652 655 
f 654 651 656 
f 653 655 657 
f 654 653 658 
f 651 654 658 
f 657 655 659 
f 657 659 660 
f 651 658 660 
f 659 651 660 
f 660 658 661 
f 653 657 661 
f 658 653 661 
f 657 660 661 
f 652 654 662 
f 655 652 662 
f 654 656 662 
f 656 655 662 
f 656 651 663 
f 655 656 663 
f 651 659 663 
o convex_47
v 0.007650 0.004677 0.007792
v 0.007542 0.007041 0.005321
v 0.007542 0.007041 0.005213
v -0.001054 0.005000 0.006395
v 0.000774 0.004892 0.006180
v 0.006682 0.005644 0.007147
v -0.001054 0.006073 0.005321
v 0.000881 0.003602 0.007792
v 0.007650 0.004463 0.007684
v 0.005071 0.007041 0.005428
v -0.001054 0.005214 0.006395
v 0.007650 0.006825 0.005213
v -0.001054 0.005859 0.005213
v 0.000881 0.003818 0.007792
v 0.004318 0.003925 0.007684
v 0.007650 0.006718 0.005858
v 0.006575 0.005107 0.007576
v 0.004533 0.007041 0.005213
v 0.000881 0.003602 0.007684
v -0.000194 0.005859 0.005213
f 676 675 683 
f 665 666 673 
f 673 670 674 
f 670 667 674 
f 667 671 674 
f 669 673 674 
f 666 665 675 
f 664 672 675 
f 667 670 676 
f 666 675 676 
f 671 664 677 
f 674 671 677 
f 664 671 678 
f 672 664 678 
f 668 675 678 
f 675 672 678 
f 669 664 679 
f 665 673 679 
f 673 669 679 
f 675 665 679 
f 664 675 679 
f 664 669 680 
f 669 674 680 
f 677 664 680 
f 674 677 680 
f 673 666 681 
f 670 673 681 
f 676 670 681 
f 666 676 681 
f 671 667 682 
f 667 676 682 
f 676 668 682 
f 678 671 682 
f 668 678 682 
f 675 668 683 
f 668 676 683 
o convex_48
v 0.010766 -0.001340 0.007254
v 0.012700 -0.002522 0.004353
v 0.012700 -0.002415 0.004353
v 0.015387 -0.000051 0.004461
v 0.010015 -0.000051 0.007792
v 0.014419 -0.001663 0.004461
v 0.009907 -0.002522 0.006717
v 0.010015 -0.000374 0.008114
v 0.015172 -0.000051 0.004353
v 0.010015 -0.002415 0.006287
v 0.014527 -0.000481 0.005106
v 0.011519 -0.002522 0.005751
v 0.011412 -0.001878 0.006502
v 0.010229 -0.000051 0.008006
v 0.014849 -0.001126 0.004569
v 0.013345 -0.002415 0.004353
f 689 695 699 
f 690 684 691 
f 688 690 691 
f 685 686 692 
f 688 687 692 
f 686 688 692 
f 687 689 692 
f 686 685 693 
f 688 686 693 
f 685 690 693 
f 690 688 693 
f 691 684 694 
f 690 685 695 
f 690 695 696 
f 684 690 696 
f 695 689 696 
f 687 688 697 
f 688 691 697 
f 694 687 697 
f 691 694 697 
f 689 687 698 
f 694 684 698 
f 687 694 698 
f 684 696 698 
f 696 689 698 
f 685 692 699 
f 692 689 699 
f 695 685 699 
o convex_49
v -0.005031 0.007041 -0.005532
v -0.011799 -0.000051 -0.003383
v -0.011261 -0.000911 -0.004351
v -0.010078 0.001776 -0.005640
v -0.010401 0.002850 -0.003276
v -0.004923 0.006931 -0.004995
v -0.010723 -0.000911 -0.004995
v -0.010508 0.000164 -0.005640
v -0.011583 -0.000051 -0.003276
v -0.004709 0.006931 -0.005640
v -0.010939 -0.000911 -0.004351
v -0.009648 0.002852 -0.005210
v -0.006857 0.005212 -0.004243
v -0.005783 0.006396 -0.005640
v -0.011583 0.000809 -0.003383
v -0.005353 0.006931 -0.004995
v -0.010079 0.002743 -0.003276
v -0.010508 0.000809 -0.005640
v -0.010723 -0.000911 -0.004780
v -0.010295 0.002850 -0.003706
f 715 713 719 
f 706 702 707 
f 701 702 708 
f 700 705 709 
f 706 707 709 
f 707 703 709 
f 702 706 710 
f 708 702 710 
f 710 705 712 
f 708 710 712 
f 700 709 713 
f 709 703 713 
f 703 711 713 
f 701 708 714 
f 708 704 714 
f 705 700 715 
f 704 712 715 
f 712 705 715 
f 700 713 715 
f 704 708 716 
f 712 704 716 
f 708 712 716 
f 702 701 717 
f 707 702 717 
f 703 707 717 
f 701 714 717 
f 714 703 717 
f 709 705 718 
f 706 709 718 
f 710 706 718 
f 705 710 718 
f 711 703 719 
f 713 711 719 
f 703 714 719 
f 714 704 719 
f 704 715 719 
o convex_50
v 0.008402 -0.002522 0.007362
v 0.008080 -0.000051 0.008866
v 0.007758 -0.000051 0.008866
v 0.009799 -0.002415 0.006395
v 0.009906 -0.000911 0.008006
v 0.009906 -0.000051 0.008006
v 0.007758 -0.002307 0.007255
v 0.008295 -0.000051 0.008436
v 0.009906 -0.002522 0.006717
v 0.007865 -0.001985 0.007899
v 0.008939 -0.001340 0.008114
f 729 720 730 
f 721 724 725 
f 722 721 725 
f 723 720 726 
f 726 722 727 
f 722 725 727 
f 725 723 727 
f 723 726 727 
f 720 723 728 
f 725 724 728 
f 723 725 728 
f 721 722 729 
f 726 720 729 
f 722 726 729 
f 724 721 730 
f 720 728 730 
f 728 724 730 
f 721 729 730 
o convex_51
v -0.003203 0.004354 0.008006
v -0.004922 0.004569 0.006395
v -0.004922 0.004784 0.006395
v 0.000881 0.004784 0.006395
v 0.000450 0.002850 0.008329
v -0.004922 0.002850 0.009081
v 0.000881 0.002958 0.008651
v -0.002127 0.005429 0.006610
v -0.003203 0.003065 0.009189
v -0.004922 0.003925 0.008221
v 0.000881 0.004462 0.007147
v -0.002127 0.004354 0.008006
v -0.003417 0.005429 0.006503
v -0.004922 0.002850 0.008866
v -0.000624 0.002850 0.008329
v 0.000881 0.004999 0.006503
v -0.001806 0.005429 0.006395
f 738 746 747 
f 732 733 734 
f 732 734 735 
f 733 732 736 
f 735 734 737 
f 736 735 737 
f 736 737 739 
f 733 736 740 
f 739 731 740 
f 736 739 740 
f 737 734 741 
f 738 731 742 
f 731 739 742 
f 739 737 742 
f 737 741 742 
f 731 738 743 
f 733 740 743 
f 740 731 743 
f 736 732 744 
f 735 736 744 
f 732 735 745 
f 744 732 745 
f 735 744 745 
f 741 734 746 
f 738 742 746 
f 742 741 746 
f 734 733 747 
f 733 743 747 
f 743 738 747 
f 746 734 747 
o convex_52
v -0.005674 -0.002200 0.009081
v -0.004922 0.000486 0.010156
v -0.004922 -0.000266 0.010156
v -0.007608 0.000486 0.009511
v -0.007608 -0.001770 0.009404
v -0.004922 -0.002092 0.008759
v -0.007608 -0.002200 0.008974
v -0.006318 -0.000051 0.010156
v -0.006963 0.000486 0.009404
v -0.004922 -0.000803 0.009941
f 753 750 757 
f 749 750 753 
f 748 752 754 
f 752 751 754 
f 753 748 754 
f 750 749 755 
f 749 751 755 
f 751 752 755 
f 752 750 755 
f 751 749 756 
f 749 753 756 
f 754 751 756 
f 753 754 756 
f 752 748 757 
f 750 752 757 
f 748 753 757 
o convex_53
v 0.002385 0.008222 0.000163
v 0.004856 0.007686 0.004031
v 0.004856 0.007578 0.004031
v 0.001848 0.007148 0.004031
v 0.004856 0.007686 0.000163
v 0.001848 0.008545 0.000593
v 0.001848 0.007041 0.003816
v 0.004856 0.007900 0.000700
v 0.002278 0.008545 0.000163
v 0.003030 0.007148 0.004031
v 0.004856 0.007900 0.002741
v 0.003889 0.007793 0.000163
v 0.004426 0.007686 0.004031
v 0.001848 0.007686 0.001882
f 769 764 771 
f 760 759 761 
f 759 760 762 
f 761 763 764 
f 759 762 765 
f 762 758 766 
f 758 763 766 
f 765 762 766 
f 760 761 767 
f 762 760 767 
f 761 764 767 
f 764 762 767 
f 763 759 768 
f 759 765 768 
f 766 763 768 
f 765 766 768 
f 758 762 769 
f 762 764 769 
f 761 759 770 
f 759 763 770 
f 763 761 770 
f 763 758 771 
f 764 763 771 
f 758 769 771 
o convex_54
v 0.010873 0.006396 0.003816
v 0.004857 0.007685 0.000163
v 0.004857 0.007793 0.000163
v 0.004857 0.007578 0.004031
v 0.008295 0.006396 0.000163
v 0.009154 0.007148 0.003708
v 0.007220 0.007256 0.000163
v 0.010659 0.006396 0.004568
v 0.005072 0.007900 0.002848
v 0.009047 0.007148 0.004568
v 0.005179 0.007900 0.001130
v 0.008725 0.006504 0.000163
v 0.010659 0.006611 0.003816
v 0.005609 0.007363 0.004031
v 0.004857 0.007793 0.003708
v 0.007650 0.007041 0.004568
f 785 779 787 
f 774 773 775 
f 773 774 776 
f 775 773 776 
f 776 774 778 
f 776 772 779 
f 777 780 781 
f 778 774 782 
f 777 778 782 
f 774 780 782 
f 780 777 782 
f 772 776 783 
f 776 778 783 
f 783 778 784 
f 778 777 784 
f 779 772 784 
f 777 781 784 
f 781 779 784 
f 772 783 784 
f 775 776 785 
f 776 779 785 
f 774 775 786 
f 780 774 786 
f 781 780 786 
f 775 781 786 
f 779 781 787 
f 781 775 787 
f 775 785 787 
o convex_55
v -0.009971 -0.003489 -0.004243
v -0.010724 -0.000911 -0.004780
v -0.010724 -0.000911 -0.004995
v -0.006534 -0.002522 -0.004995
v -0.006534 -0.002952 -0.004243
v -0.009219 -0.003167 -0.004995
v -0.011046 -0.000911 -0.004243
v -0.010724 -0.002952 -0.004350
v -0.008038 -0.003489 -0.004350
v -0.010724 -0.001878 -0.004995
v -0.011261 -0.001663 -0.004243
v -0.006749 -0.002845 -0.004995
f 796 793 799 
f 790 789 791 
f 790 791 793 
f 789 790 794 
f 791 789 794 
f 788 792 794 
f 792 791 794 
f 793 788 795 
f 792 788 796 
f 788 793 796 
f 790 793 797 
f 793 795 797 
f 797 795 798 
f 788 794 798 
f 794 790 798 
f 795 788 798 
f 790 797 798 
f 791 792 799 
f 793 791 799 
f 792 796 799 
o convex_56
v 0.014956 -0.004027 -0.001771
v 0.013668 -0.005531 -0.002094
v 0.013668 -0.005424 -0.002094
v 0.012700 -0.004886 0.000163
v 0.014849 -0.003919 0.000163
v 0.014634 -0.003812 -0.002094
v 0.012700 -0.005531 -0.001664
v 0.013882 -0.005531 -0.001879
v 0.012808 -0.004672 0.000055
v 0.014527 -0.003812 0.000163
v 0.013453 -0.005638 -0.001556
v 0.013345 -0.004779 0.000163
f 810 804 811 
f 800 801 805 
f 801 802 805 
f 804 800 805 
f 802 801 806 
f 805 802 806 
f 801 800 807 
f 800 804 807 
f 806 803 808 
f 805 806 808 
f 803 804 809 
f 804 805 809 
f 808 803 809 
f 805 808 809 
f 806 801 810 
f 803 806 810 
f 801 807 810 
f 807 804 810 
f 804 803 811 
f 803 810 811 
o convex_57
v 0.005070 -0.001233 -0.004350
v 0.008080 -0.000051 -0.004243
v 0.008080 -0.000051 -0.004350
v -0.006534 -0.002522 -0.004888
v -0.006534 -0.002952 -0.004243
v 0.005070 -0.000911 -0.004995
v 0.006790 -0.000051 -0.004995
v -0.006210 -0.002737 -0.004995
v -0.006318 -0.003167 -0.004350
v 0.007649 -0.000051 -0.004243
v 0.006468 -0.000911 -0.004243
v 0.006361 -0.000589 -0.004995
f 822 812 823 
f 813 814 818 
f 818 817 819 
f 815 818 819 
f 815 819 820 
f 816 815 820 
f 817 812 820 
f 819 817 820 
f 815 816 821 
f 816 813 821 
f 813 818 821 
f 818 815 821 
f 814 813 822 
f 813 816 822 
f 820 812 822 
f 816 820 822 
f 812 817 823 
f 818 814 823 
f 817 818 823 
f 814 822 823 
o convex_58
v 0.009262 0.001883 -0.004243
v 0.005931 0.005213 -0.004995
v 0.005931 0.005213 -0.004565
v 0.007006 -0.000051 -0.004995
v 0.008510 0.002743 -0.004995
v 0.007757 -0.000051 -0.004243
v 0.006039 0.005322 -0.004243
v 0.008080 0.003924 -0.004458
v 0.008939 0.000486 -0.004350
v 0.008510 0.001347 -0.004995
v 0.006146 0.005322 -0.004995
v 0.007543 0.004462 -0.004243
f 834 830 835 
f 826 825 827 
f 827 825 828 
f 827 829 830 
f 825 826 830 
f 826 827 830 
f 829 824 830 
f 824 828 831 
f 824 829 832 
f 829 827 832 
f 828 824 833 
f 827 828 833 
f 824 832 833 
f 832 827 833 
f 828 825 834 
f 825 830 834 
f 831 828 834 
f 831 834 835 
f 830 824 835 
f 824 831 835 
o convex_59
v -0.012228 0.000809 0.006072
v -0.008146 0.004140 0.004246
v -0.008146 0.004140 0.003601
v -0.013517 0.000916 0.003709
v -0.010510 0.001346 0.006180
v -0.008683 0.003602 0.006180
v -0.013409 0.000594 0.003601
v -0.010188 0.003387 0.003601
v -0.008146 0.003495 0.006287
v -0.012013 0.000486 0.006287
v -0.008146 0.004032 0.003601
v -0.012980 0.001131 0.004353
v -0.013625 0.000486 0.004246
v -0.010295 0.003280 0.003924
v -0.008791 0.004032 0.003816
f 843 849 850 
f 838 842 843 
f 842 839 843 
f 838 837 844 
f 837 841 844 
f 844 841 845 
f 841 836 845 
f 842 840 845 
f 840 844 845 
f 842 838 846 
f 840 842 846 
f 838 844 846 
f 844 840 846 
f 836 841 847 
f 839 842 848 
f 845 836 848 
f 842 845 848 
f 836 847 848 
f 847 839 848 
f 843 839 849 
f 839 847 849 
f 847 841 849 
f 837 838 850 
f 841 837 850 
f 838 843 850 
f 849 841 850 
o convex_60
v -0.008575 0.004140 0.003601
v -0.010079 0.003603 0.000163
v -0.010079 0.003710 0.000163
v -0.004922 0.006288 0.000163
v -0.007394 0.005644 0.000593
v -0.004922 0.005858 0.003386
v -0.007930 0.004140 0.003171
v -0.010079 0.003495 0.003601
v -0.005352 0.005966 0.003386
v -0.005030 0.006504 0.000163
v -0.009864 0.003280 0.003601
v -0.009864 0.003603 0.000163
v -0.010079 0.003710 0.002418
v -0.007071 0.005644 0.001560
v -0.007608 0.005536 0.000163
v -0.006856 0.004677 0.003278
v -0.004922 0.006181 0.000593
f 856 866 867 
f 852 853 854 
f 853 852 858 
f 851 856 859 
f 858 851 859 
f 854 853 860 
f 856 854 860 
f 859 856 860 
f 856 851 861 
f 858 852 861 
f 851 858 861 
f 852 854 862 
f 861 852 862 
f 857 861 862 
f 853 858 863 
f 858 855 863 
f 855 858 864 
f 858 859 864 
f 860 855 864 
f 859 860 864 
f 860 853 865 
f 855 860 865 
f 853 863 865 
f 863 855 865 
f 856 861 866 
f 861 857 866 
f 857 862 866 
f 866 862 867 
f 854 856 867 
f 862 854 867 
o convex_61
v -0.011153 -0.010796 0.002742
v -0.008253 -0.008217 0.002097
v -0.008253 -0.008217 0.001989
v -0.012443 -0.010581 0.003601
v -0.008253 -0.008862 0.003601
v -0.012443 -0.010581 0.001989
v -0.009972 -0.010151 0.001989
v -0.010188 -0.010259 0.003601
v -0.008360 -0.008648 0.003601
v -0.012336 -0.010903 0.002204
v -0.008253 -0.008648 0.002204
v -0.011906 -0.010796 0.003601
v -0.008360 -0.008217 0.002097
v -0.009972 -0.010259 0.002527
f 874 878 881 
f 870 869 872 
f 873 870 874 
f 872 871 875 
f 871 872 876 
f 872 869 876 
f 871 873 877 
f 874 868 877 
f 873 874 877 
f 870 872 878 
f 874 870 878 
f 868 875 879 
f 875 871 879 
f 877 868 879 
f 871 877 879 
f 869 870 880 
f 870 873 880 
f 873 871 880 
f 876 869 880 
f 871 876 880 
f 868 874 881 
f 875 868 881 
f 872 875 881 
f 878 872 881 
o convex_62
v -0.011476 -0.010581 0.003924
v -0.008253 -0.007680 0.005642
v -0.008253 -0.007680 0.005535
v -0.012336 -0.007680 0.005965
v -0.008361 -0.008647 0.003601
v -0.012336 -0.010581 0.003601
v -0.012120 -0.009614 0.004998
v -0.008469 -0.008755 0.004891
v -0.009435 -0.007788 0.005965
v -0.010080 -0.010151 0.003601
v -0.012336 -0.008003 0.006072
v -0.009113 -0.008648 0.005320
v -0.008253 -0.008862 0.004139
v -0.012336 -0.010474 0.004246
v -0.011690 -0.010044 0.004676
v -0.010294 -0.009936 0.004353
f 893 896 897 
f 883 884 885 
f 885 884 886 
f 885 886 887 
f 883 885 890 
f 882 887 891 
f 887 886 891 
f 885 887 892 
f 888 890 892 
f 890 885 892 
f 889 883 893 
f 883 890 893 
f 884 883 894 
f 886 884 894 
f 883 889 894 
f 891 886 894 
f 889 891 894 
f 887 882 895 
f 892 887 895 
f 888 892 895 
f 890 888 896 
f 893 890 896 
f 895 882 896 
f 888 895 896 
f 882 891 897 
f 891 889 897 
f 889 893 897 
f 896 882 897 
o convex_63
v -0.000624 0.008437 0.000270
v 0.001848 0.007148 0.004031
v 0.001848 0.007041 0.004031
v -0.001268 0.006611 0.004031
v 0.001848 0.008437 0.000163
v -0.001161 0.007148 0.001882
v 0.000451 0.008437 0.001130
v -0.001268 0.008008 0.000163
v 0.001096 0.006826 0.003923
v 0.001848 0.008652 0.000270
v 0.001848 0.007685 0.001882
v -0.001161 0.006719 0.004031
v -0.001268 0.008115 0.000700
v -0.000731 0.006504 0.003923
v 0.001740 0.007256 0.003923
v -0.000086 0.008330 0.001237
f 912 904 913 
f 900 899 901 
f 899 900 902 
f 898 902 905 
f 902 903 905 
f 903 901 905 
f 902 898 907 
f 899 902 907 
f 898 904 907 
f 902 900 908 
f 903 902 908 
f 900 906 908 
f 906 903 908 
f 901 899 909 
f 898 905 910 
f 905 901 910 
f 901 909 910 
f 900 901 911 
f 901 903 911 
f 906 900 911 
f 903 906 911 
f 899 907 912 
f 907 904 912 
f 909 899 912 
f 909 912 913 
f 904 898 913 
f 898 910 913 
f 910 909 913 
o convex_64
v -0.008898 -0.006175 0.006825
v -0.004922 -0.002200 0.008866
v -0.004922 -0.002308 0.008866
v -0.004922 -0.006068 0.006180
v -0.008898 -0.002308 0.008544
v -0.007930 -0.002308 0.009081
v -0.004922 -0.006068 0.006503
v -0.008467 -0.006068 0.006503
v -0.004922 -0.002308 0.008544
v -0.006963 -0.004349 0.007899
v -0.008898 -0.004241 0.008007
v -0.006319 -0.002308 0.009081
v -0.004922 -0.004027 0.007899
v -0.005567 -0.006068 0.006180
v -0.008898 -0.002200 0.008758
v -0.008789 -0.005745 0.007147
f 926 923 929 
f 915 916 917 
f 917 916 920 
f 914 917 920 
f 914 918 921 
f 915 917 922 
f 917 918 922 
f 918 914 924 
f 916 915 925 
f 915 919 925 
f 919 924 925 
f 920 916 926 
f 925 923 926 
f 916 925 926 
f 917 914 927 
f 918 917 927 
f 914 921 927 
f 921 918 927 
f 919 915 928 
f 915 922 928 
f 922 918 928 
f 918 924 928 
f 924 919 928 
f 914 920 929 
f 924 914 929 
f 923 925 929 
f 925 924 929 
f 920 926 929 
o convex_65
v -0.010187 0.003065 -0.003491
v -0.003525 0.008008 -0.003276
v -0.003525 0.007900 -0.003276
v -0.003525 0.008008 -0.004243
v -0.009542 0.002958 -0.004243
v -0.005783 0.006826 -0.004243
v -0.004708 0.007685 -0.003276
v -0.009756 0.003065 -0.003276
v -0.009864 0.003065 -0.004243
v -0.008574 0.004570 -0.003276
v -0.003633 0.007792 -0.004243
f 932 934 940 
f 931 932 933 
f 933 934 935 
f 932 931 936 
f 931 933 936 
f 933 935 936 
f 930 934 937 
f 934 932 937 
f 932 936 937 
f 934 930 938 
f 930 935 938 
f 935 934 938 
f 935 930 939 
f 936 935 939 
f 930 937 939 
f 937 936 939 
f 933 932 940 
f 934 933 940 
o convex_66
v 0.001202 0.008867 -0.001235
v -0.003525 0.007901 -0.004243
v -0.003525 0.008008 -0.004243
v -0.002772 0.007578 0.000163
v 0.002278 0.008545 -0.004243
v 0.001632 0.008545 0.000163
v -0.002450 0.008115 -0.000482
v 0.000558 0.008760 -0.004243
v -0.000302 0.008545 0.000163
v -0.002880 0.008223 -0.004028
v -0.002557 0.007578 0.000055
v 0.002278 0.008760 -0.003706
v -0.003202 0.007901 -0.004243
v -0.002772 0.008115 -0.001020
v 0.001632 0.008760 -0.000160
v 0.002278 0.008545 -0.003276
v -0.002772 0.007793 0.000163
f 947 954 957 
f 943 942 944 
f 942 943 945 
f 945 943 948 
f 944 946 949 
f 941 948 950 
f 948 943 950 
f 949 941 950 
f 944 942 951 
f 946 944 951 
f 948 941 952 
f 945 948 952 
f 942 945 953 
f 951 942 953 
f 945 951 953 
f 947 949 954 
f 949 950 954 
f 950 943 954 
f 941 949 955 
f 949 946 955 
f 952 941 955 
f 952 955 956 
f 951 945 956 
f 946 951 956 
f 945 952 956 
f 955 946 956 
f 943 944 957 
f 944 949 957 
f 949 947 957 
f 954 943 957 
o convex_67
v -0.004922 -0.004242 0.007577
v 0.007758 -0.000051 0.008974
v 0.007758 -0.000159 0.008974
v -0.004922 -0.000051 0.010156
v -0.001053 -0.000051 0.009403
v 0.007435 -0.001986 0.007577
v 0.000774 -0.002844 0.008114
v -0.004384 -0.000588 0.010048
v -0.004706 -0.003918 0.007577
v 0.007758 -0.002307 0.007684
v -0.004276 -0.004242 0.007684
v 0.007650 -0.000159 0.008651
v 0.003996 -0.002414 0.007577
v 0.007327 -0.001771 0.008114
v -0.004922 -0.000159 0.009940
v 0.002705 -0.000266 0.009511
v -0.004922 -0.002630 0.008329
v -0.003095 -0.000051 0.010156
v 0.007758 -0.002307 0.007577
v -0.004922 -0.003811 0.008007
f 968 965 977 
f 961 959 962 
f 963 958 966 
f 959 960 967 
f 964 965 968 
f 967 964 968 
f 962 959 969 
f 966 962 970 
f 963 966 970 
f 962 969 970 
f 969 963 970 
f 965 964 971 
f 967 960 971 
f 964 967 971 
f 958 961 972 
f 961 962 972 
f 965 971 973 
f 971 960 973 
f 966 958 974 
f 962 966 974 
f 958 972 974 
f 972 962 974 
f 960 959 975 
f 959 961 975 
f 961 965 975 
f 973 960 975 
f 965 973 975 
f 958 963 976 
f 959 967 976 
f 968 958 976 
f 967 968 976 
f 969 959 976 
f 963 969 976 
f 961 958 977 
f 965 961 977 
f 958 968 977 
o convex_68
v -0.004815 -0.001770 -0.012946
v -0.004385 -0.001985 -0.010368
v -0.006963 -0.000696 -0.010690
v -0.004385 -0.000696 -0.013483
v -0.007285 -0.001663 -0.010476
v -0.004385 -0.002200 -0.011765
v -0.006426 -0.000696 -0.011980
v -0.005889 -0.002200 -0.011013
v -0.005782 -0.001663 -0.012409
v -0.007500 -0.000696 -0.010368
v -0.004492 -0.001018 -0.013699
v -0.005889 -0.002200 -0.010368
f 987 982 989 
f 980 979 981 
f 981 979 983 
f 980 981 984 
f 978 983 985 
f 982 984 986 
f 978 985 986 
f 985 982 986 
f 979 980 987 
f 980 984 987 
f 984 982 987 
f 981 983 988 
f 983 978 988 
f 984 981 988 
f 978 986 988 
f 986 984 988 
f 983 979 989 
f 982 985 989 
f 985 983 989 
f 979 987 989 
o convex_69
v -0.000409 -0.001126 -0.013914
v 0.005931 0.000056 -0.013269
v 0.005931 0.000056 -0.013376
v -0.000409 0.000056 -0.014451
v 0.004855 -0.000051 -0.014128
v -0.000409 -0.001340 -0.013269
v 0.004533 -0.000588 -0.013376
v -0.000086 -0.000051 -0.014666
v -0.000193 -0.001126 -0.013269
v 0.000021 -0.001126 -0.013914
v -0.000301 -0.000696 -0.014343
f 994 999 1000 
f 991 992 993 
f 993 992 994 
f 993 990 995 
f 992 991 996 
f 994 992 996 
f 991 995 996 
f 993 994 997 
f 991 993 998 
f 995 991 998 
f 993 995 998 
f 995 990 999 
f 996 995 999 
f 994 996 999 
f 990 993 1000 
f 993 997 1000 
f 997 994 1000 
f 999 990 1000 
o convex_70
v 0.005178 -0.000481 -0.010368
v -0.000408 -0.001448 -0.013269
v -0.000408 -0.001233 -0.013269
v -0.004385 -0.001985 -0.010368
v 0.005608 0.000056 -0.013053
v 0.005715 0.000056 -0.010368
v 0.004963 -0.000696 -0.011979
v -0.003846 -0.002200 -0.011442
v -0.004385 -0.001878 -0.012516
v 0.005608 -0.000266 -0.013269
v -0.003524 -0.002093 -0.010583
v 0.006253 -0.000051 -0.011335
v -0.002020 -0.001878 -0.012516
v 0.004319 -0.000696 -0.013053
v 0.004855 -0.000696 -0.011120
v -0.004385 -0.002093 -0.012409
v -0.004061 -0.001878 -0.010368
v 0.005608 0.000056 -0.013269
f 1012 1010 1018 
f 1004 1001 1006 
f 1003 1002 1009 
f 1006 1005 1009 
f 1002 1003 1010 
f 1001 1004 1011 
f 1004 1008 1011 
f 1006 1001 1012 
f 1007 1010 1012 
f 1007 1008 1013 
f 1002 1010 1014 
f 1010 1007 1014 
f 1013 1002 1014 
f 1007 1013 1014 
f 1008 1007 1015 
f 1001 1011 1015 
f 1011 1008 1015 
f 1012 1001 1015 
f 1007 1012 1015 
f 1008 1004 1016 
f 1004 1009 1016 
f 1009 1002 1016 
f 1002 1013 1016 
f 1013 1008 1016 
f 1004 1006 1017 
f 1009 1004 1017 
f 1006 1009 1017 
f 1005 1006 1018 
f 1003 1009 1018 
f 1009 1005 1018 
f 1010 1003 1018 
f 1006 1012 1018 
o convex_71
v -0.000946 0.004569 -0.013268
v -0.003740 0.000164 -0.013806
v -0.003524 0.000164 -0.014021
v -0.000409 0.000272 -0.014451
v -0.003202 0.004569 -0.011765
v -0.000086 0.004569 -0.012946
v -0.000624 0.002313 -0.014343
v -0.002987 0.003925 -0.012839
v -0.001591 0.003925 -0.013591
v -0.002987 0.000272 -0.014343
v -0.003632 0.000272 -0.013591
v -0.000086 0.004247 -0.013591
v -0.003740 0.002958 -0.012732
v -0.000409 0.000164 -0.014666
v -0.003094 0.004677 -0.012195
v -0.000409 0.000701 -0.014236
v -0.001269 0.000272 -0.014666
f 1025 1032 1035 
f 1026 1027 1028 
f 1027 1025 1028 
f 1019 1024 1030 
f 1027 1019 1030 
f 1025 1027 1030 
f 1021 1020 1031 
f 1026 1028 1031 
f 1028 1021 1031 
f 1020 1029 1031 
f 1029 1023 1031 
f 1020 1021 1032 
f 1024 1022 1032 
f 1021 1028 1032 
f 1029 1020 1032 
f 1022 1029 1032 
f 1030 1024 1032 
f 1025 1030 1032 
f 1024 1019 1033 
f 1023 1024 1033 
f 1019 1027 1033 
f 1027 1026 1033 
f 1031 1023 1033 
f 1026 1031 1033 
f 1022 1024 1034 
f 1024 1023 1034 
f 1029 1022 1034 
f 1023 1029 1034 
f 1028 1025 1035 
f 1032 1028 1035 
o convex_72
v -0.002772 0.006288 -0.010368
v -0.000839 0.004677 -0.013054
v -0.000839 0.004784 -0.013054
v -0.000086 0.006396 -0.010368
v -0.003310 0.004677 -0.011657
v -0.002235 0.005859 -0.011550
v -0.000086 0.004677 -0.012839
v -0.000086 0.006074 -0.011550
v -0.003202 0.005751 -0.010368
v -0.003310 0.004784 -0.011979
v -0.001054 0.006611 -0.010475
v -0.003310 0.006074 -0.010475
f 1041 1045 1047 
f 1037 1038 1042 
f 1039 1040 1042 
f 1040 1037 1042 
f 1038 1041 1043 
f 1042 1038 1043 
f 1039 1042 1043 
f 1039 1036 1044 
f 1040 1039 1044 
f 1038 1037 1045 
f 1037 1040 1045 
f 1041 1038 1045 
f 1036 1039 1046 
f 1041 1036 1046 
f 1039 1043 1046 
f 1043 1041 1046 
f 1036 1041 1047 
f 1044 1036 1047 
f 1040 1044 1047 
f 1045 1040 1047 
o convex_73
v 0.003782 0.003495 -0.012839
v 0.000236 0.005751 -0.011872
v 0.000236 0.005751 -0.011979
v -0.000086 0.002958 -0.013806
v 0.000559 0.004354 -0.013484
v 0.003567 0.004140 -0.011872
v 0.002599 0.005107 -0.012087
v 0.003567 0.002958 -0.013376
v -0.000086 0.005536 -0.011872
v -0.000086 0.004247 -0.013591
v 0.003459 0.002958 -0.013054
v 0.000021 0.002958 -0.013698
v 0.000451 0.003065 -0.013914
v 0.001311 0.004676 -0.013054
v 0.003459 0.004676 -0.011872
v 0.003244 0.003065 -0.013484
f 1061 1054 1063 
f 1050 1049 1054 
f 1049 1050 1056 
f 1053 1049 1056 
f 1050 1052 1057 
f 1056 1050 1057 
f 1051 1056 1057 
f 1048 1053 1058 
f 1051 1055 1058 
f 1055 1048 1058 
f 1056 1051 1059 
f 1053 1056 1059 
f 1058 1053 1059 
f 1051 1058 1059 
f 1055 1051 1060 
f 1057 1052 1060 
f 1051 1057 1060 
f 1052 1050 1061 
f 1050 1054 1061 
f 1053 1048 1062 
f 1049 1053 1062 
f 1054 1049 1062 
f 1048 1054 1062 
f 1054 1048 1063 
f 1048 1055 1063 
f 1055 1060 1063 
f 1060 1052 1063 
f 1052 1061 1063 
o convex_74
v 0.003674 0.004570 -0.011872
v 0.000451 0.006611 -0.010368
v 0.000451 0.006611 -0.010475
v -0.000086 0.005644 -0.011872
v 0.003567 0.005107 -0.010368
v 0.002385 0.005536 -0.011549
v -0.000086 0.006396 -0.010368
v 0.003567 0.004247 -0.011764
v 0.003782 0.005322 -0.010475
v 0.001096 0.005751 -0.011872
v 0.002062 0.006181 -0.010475
f 1073 1066 1074 
f 1065 1066 1070 
f 1066 1067 1070 
f 1068 1065 1070 
f 1068 1070 1071 
f 1067 1064 1071 
f 1070 1067 1071 
f 1064 1069 1072 
f 1068 1071 1072 
f 1071 1064 1072 
f 1067 1066 1073 
f 1064 1067 1073 
f 1069 1064 1073 
f 1069 1073 1074 
f 1066 1065 1074 
f 1065 1068 1074 
f 1068 1072 1074 
f 1072 1069 1074 
o convex_75
v -0.005996 -0.002200 -0.010368
v 0.002922 -0.000696 -0.009938
v 0.002922 -0.000803 -0.009938
v -0.007930 -0.001233 -0.009938
v -0.007607 -0.000696 -0.010368
v 0.002385 -0.000803 -0.010368
v -0.005244 -0.002200 -0.009938
v -0.007930 -0.000696 -0.009938
v -0.000733 -0.001555 -0.010368
v -0.007393 -0.001878 -0.010045
f 1075 1081 1084 
f 1077 1076 1078 
f 1079 1076 1080 
f 1076 1077 1080 
f 1075 1079 1080 
f 1077 1078 1081 
f 1078 1076 1082 
f 1079 1078 1082 
f 1076 1079 1082 
f 1075 1080 1083 
f 1080 1077 1083 
f 1077 1081 1083 
f 1081 1075 1083 
f 1079 1075 1084 
f 1078 1079 1084 
f 1081 1078 1084 
o convex_76
v -0.006856 0.001991 -0.010368
v 0.000772 0.006611 -0.010260
v 0.001633 0.006396 -0.010260
v -0.007608 -0.000696 -0.010260
v 0.002385 0.005859 -0.010368
v -0.003847 0.005859 -0.010260
v -0.002987 0.006288 -0.010368
v -0.007393 -0.000696 -0.010368
v 0.002385 0.005859 -0.010260
f 1088 1092 1093 
f 1087 1086 1088 
f 1086 1087 1089 
f 1088 1086 1090 
f 1085 1088 1090 
f 1089 1085 1091 
f 1086 1089 1091 
f 1090 1086 1091 
f 1085 1090 1091 
f 1088 1085 1092 
f 1085 1089 1092 
f 1092 1089 1093 
f 1087 1088 1093 
f 1089 1087 1093 
o convex_77
v 0.013238 -0.002737 0.004138
v 0.014849 -0.003382 0.000592
v 0.014849 -0.003274 0.000592
v 0.010981 -0.003274 0.004246
v 0.014849 -0.000911 0.004246
v 0.014312 -0.003382 0.002097
v 0.014957 -0.001985 0.003601
v 0.011519 -0.003382 0.004353
v 0.014957 -0.001233 0.004353
v 0.014957 -0.003382 0.001130
f 1102 1100 1103 
f 1096 1095 1097 
f 1096 1097 1098 
f 1094 1099 1100 
f 1097 1095 1101 
f 1095 1099 1101 
f 1099 1094 1101 
f 1098 1097 1102 
f 1096 1098 1102 
f 1094 1100 1102 
f 1097 1101 1102 
f 1101 1094 1102 
f 1095 1096 1103 
f 1099 1095 1103 
f 1100 1099 1103 
f 1096 1102 1103 
o convex_78
v -0.006319 0.003280 0.008652
v -0.007823 0.000486 0.009296
v -0.007823 0.000486 0.009403
v -0.004922 0.000486 0.010048
v -0.004922 0.003494 0.008222
v -0.005459 0.001669 0.010048
v -0.007823 0.002743 0.008329
v -0.006212 0.000916 0.010156
v -0.004922 0.002313 0.009618
v -0.007715 0.002420 0.008222
v -0.006963 0.000486 0.009403
v -0.007178 0.002957 0.008652
v -0.007823 0.001131 0.009296
v -0.005030 0.003710 0.008437
v -0.006748 0.003494 0.008222
f 1117 1108 1118 
f 1106 1105 1107 
f 1105 1106 1110 
f 1106 1107 1111 
f 1107 1109 1111 
f 1107 1108 1112 
f 1104 1109 1112 
f 1109 1107 1112 
f 1105 1110 1113 
f 1107 1105 1114 
f 1108 1107 1114 
f 1105 1113 1114 
f 1113 1108 1114 
f 1109 1104 1115 
f 1111 1109 1115 
f 1111 1115 1116 
f 1110 1106 1116 
f 1106 1111 1116 
f 1115 1110 1116 
f 1104 1112 1117 
f 1112 1108 1117 
f 1108 1113 1118 
f 1113 1110 1118 
f 1115 1104 1118 
f 1110 1115 1118 
f 1104 1117 1118 
o convex_79
v -0.005352 -0.002200 -0.009938
v 0.003245 -0.000481 -0.009186
v 0.003245 -0.000588 -0.009186
v -0.006104 -0.001985 -0.009186
v 0.002922 -0.000588 -0.009938
v -0.006104 -0.001985 -0.009938
v -0.005137 -0.002093 -0.009186
v 0.003137 -0.000803 -0.009830
v 0.002169 -0.000588 -0.009293
f 1124 1122 1127 
f 1121 1120 1122 
f 1119 1122 1124 
f 1123 1119 1124 
f 1121 1122 1125 
f 1122 1119 1125 
f 1120 1121 1126 
f 1119 1123 1126 
f 1123 1120 1126 
f 1125 1119 1126 
f 1121 1125 1126 
f 1122 1120 1127 
f 1120 1123 1127 
f 1123 1124 1127 
o convex_80
v 0.016354 -0.000588 0.002419
v 0.015065 -0.003382 0.000163
v 0.015279 -0.003382 0.000163
v 0.015494 -0.000051 0.000163
v 0.014957 -0.000696 0.004353
v 0.015709 -0.001556 0.003386
v 0.015494 -0.000051 0.004353
v 0.015924 -0.002307 0.000271
v 0.015279 -0.000051 0.000163
v 0.016354 -0.001449 0.002419
v 0.014957 -0.003382 0.001022
v 0.016139 -0.000051 0.001882
v 0.015924 -0.001018 0.000163
v 0.014957 -0.001985 0.003493
v 0.014957 -0.003274 0.000378
v 0.016031 -0.000266 0.003601
v 0.016354 -0.001018 0.001775
v 0.015172 -0.001018 0.004353
v 0.015172 -0.000159 0.004353
f 1134 1136 1146 
f 1130 1129 1131 
f 1131 1129 1136 
f 1134 1131 1136 
f 1130 1135 1137 
f 1129 1130 1138 
f 1130 1137 1138 
f 1137 1133 1138 
f 1131 1134 1139 
f 1130 1131 1140 
f 1135 1130 1140 
f 1131 1139 1140 
f 1132 1138 1141 
f 1138 1133 1141 
f 1136 1129 1142 
f 1132 1136 1142 
f 1129 1138 1142 
f 1138 1132 1142 
f 1133 1137 1143 
f 1137 1128 1143 
f 1128 1139 1143 
f 1139 1134 1143 
f 1128 1137 1144 
f 1137 1135 1144 
f 1139 1128 1144 
f 1135 1140 1144 
f 1140 1139 1144 
f 1134 1132 1145 
f 1132 1141 1145 
f 1141 1133 1145 
f 1133 1143 1145 
f 1143 1134 1145 
f 1132 1134 1146 
f 1136 1132 1146 
o convex_81
v 0.003029 0.005644 -0.009830
v 0.000558 0.007471 -0.009186
v 0.000880 0.007363 -0.009186
v -0.003632 0.006504 -0.009186
v -0.002557 0.006503 -0.010260
v -0.003740 0.005752 -0.010260
v 0.002062 0.006289 -0.010260
v 0.003245 0.005966 -0.009186
v -0.002880 0.007148 -0.009293
v 0.002922 0.005644 -0.010260
v -0.000944 0.006826 -0.010153
v -0.003740 0.005859 -0.009938
v 0.002492 0.006718 -0.009293
v 0.000557 0.006718 -0.010260
v -0.000946 0.007471 -0.009293
f 1148 1160 1161 
f 1149 1148 1150 
f 1152 1151 1153 
f 1148 1149 1153 
f 1149 1150 1154 
f 1150 1148 1155 
f 1152 1150 1155 
f 1151 1152 1155 
f 1147 1152 1156 
f 1152 1153 1156 
f 1154 1147 1156 
f 1152 1147 1158 
f 1150 1152 1158 
f 1154 1150 1158 
f 1147 1154 1158 
f 1153 1149 1159 
f 1149 1154 1159 
f 1156 1153 1159 
f 1154 1156 1159 
f 1153 1151 1160 
f 1148 1153 1160 
f 1151 1157 1160 
f 1160 1157 1161 
f 1155 1148 1161 
f 1151 1155 1161 
f 1157 1151 1161 
o convex_82
v -0.010079 0.003387 0.003601
v -0.014270 0.000486 0.000163
v -0.014270 0.000486 0.002526
v -0.013625 0.000486 0.003386
v -0.010079 0.003494 0.000163
v -0.010724 0.003387 0.001237
v -0.010187 0.003065 0.003493
v -0.013840 0.000594 0.000163
v -0.013303 0.001131 0.003601
v -0.014270 0.000701 0.001560
v -0.010402 0.003602 0.000163
v -0.010402 0.003494 0.002634
v -0.013840 0.001024 0.002097
v -0.014055 0.000809 0.000163
f 1171 1172 1175 
f 1164 1163 1165 
f 1166 1162 1168 
f 1166 1168 1169 
f 1165 1163 1169 
f 1163 1166 1169 
f 1168 1165 1169 
f 1164 1165 1170 
f 1168 1162 1170 
f 1165 1168 1170 
f 1163 1164 1171 
f 1162 1166 1172 
f 1166 1163 1172 
f 1171 1167 1172 
f 1170 1162 1173 
f 1162 1172 1173 
f 1172 1167 1173 
f 1164 1170 1174 
f 1171 1164 1174 
f 1167 1171 1174 
f 1170 1173 1174 
f 1173 1167 1174 
f 1163 1171 1175 
f 1172 1163 1175 
o convex_83
v -0.005030 0.004569 0.007040
v -0.007823 0.002528 0.008114
v -0.007715 0.002528 0.008114
v -0.008145 0.004140 0.003386
v -0.007823 0.003817 0.006824
v -0.004922 0.005858 0.003386
v -0.004922 0.003603 0.008114
v -0.005567 0.005858 0.003494
v -0.006855 0.003710 0.008006
v -0.007823 0.004140 0.003386
v -0.008145 0.004032 0.005321
v -0.005030 0.005858 0.004246
v -0.004922 0.003817 0.008222
v -0.007823 0.002851 0.008222
v -0.006963 0.004570 0.003386
v -0.008037 0.004354 0.003386
f 1186 1183 1191 
f 1178 1177 1179 
f 1178 1179 1185 
f 1179 1181 1185 
f 1182 1178 1185 
f 1179 1177 1186 
f 1180 1183 1186 
f 1183 1180 1187 
f 1181 1183 1187 
f 1180 1184 1187 
f 1184 1176 1187 
f 1178 1182 1188 
f 1182 1181 1188 
f 1176 1184 1188 
f 1187 1176 1188 
f 1181 1187 1188 
f 1177 1178 1189 
f 1184 1180 1189 
f 1186 1177 1189 
f 1180 1186 1189 
f 1178 1188 1189 
f 1188 1184 1189 
f 1181 1182 1190 
f 1185 1181 1190 
f 1182 1185 1190 
f 1181 1179 1191 
f 1183 1181 1191 
f 1179 1186 1191 
o convex_84
v 0.011410 -0.002952 0.005213
v 0.007758 -0.004242 0.004353
v 0.007758 -0.004242 0.004569
v 0.007758 -0.002522 0.007039
v 0.012593 -0.002522 0.004353
v 0.009047 -0.002630 0.007039
v 0.010765 -0.003597 0.004461
v 0.007972 -0.003597 0.006072
v 0.007758 -0.004027 0.004353
v 0.013023 -0.002522 0.004461
v 0.007758 -0.002952 0.007039
v 0.009907 -0.003167 0.005858
f 1199 1198 1203 
f 1193 1194 1195 
f 1194 1193 1198 
f 1193 1196 1198 
f 1194 1198 1199 
f 1193 1195 1200 
f 1195 1196 1200 
f 1196 1193 1200 
f 1196 1195 1201 
f 1197 1192 1201 
f 1195 1197 1201 
f 1192 1198 1201 
f 1198 1196 1201 
f 1195 1194 1202 
f 1197 1195 1202 
f 1194 1199 1202 
f 1199 1197 1202 
f 1192 1197 1203 
f 1198 1192 1203 
f 1197 1199 1203 
o convex_85
v 0.014204 0.003172 0.002204
v 0.010874 0.004677 0.000163
v 0.010874 0.004677 0.000378
v 0.014204 0.001131 0.000270
v 0.012808 0.004677 0.003171
v 0.011519 0.004462 0.000163
v 0.014204 0.003065 0.003064
v 0.014312 0.001453 0.000163
v 0.013130 0.004784 0.003064
v 0.014312 0.003495 0.003171
v 0.013560 0.003602 0.001774
v 0.011841 0.004677 0.001881
f 1208 1212 1215 
f 1206 1205 1207 
f 1207 1205 1211 
f 1205 1209 1211 
f 1205 1206 1212 
f 1209 1205 1212 
f 1210 1207 1213 
f 1208 1210 1213 
f 1207 1211 1213 
f 1211 1204 1213 
f 1212 1208 1213 
f 1204 1212 1213 
f 1211 1209 1214 
f 1204 1211 1214 
f 1209 1212 1214 
f 1212 1204 1214 
f 1206 1207 1215 
f 1207 1210 1215 
f 1210 1208 1215 
f 1212 1206 1215 
o convex_86
v 0.007327 0.003065 -0.007037
v 0.004856 0.005321 -0.008111
v 0.004856 0.005321 -0.007896
v 0.007005 0.001883 -0.007896
v 0.006468 0.003709 -0.008111
v 0.005286 0.005429 -0.007037
v 0.007327 0.001883 -0.007144
v 0.005824 0.005106 -0.007252
v 0.007220 0.001991 -0.008111
f 1222 1219 1224 
f 1218 1217 1219 
f 1217 1218 1221 
f 1216 1221 1222 
f 1218 1219 1222 
f 1221 1218 1222 
f 1216 1220 1223 
f 1220 1217 1223 
f 1217 1221 1223 
f 1221 1216 1223 
f 1219 1217 1224 
f 1220 1216 1224 
f 1217 1220 1224 
f 1216 1222 1224 
o convex_87
v 0.004963 0.005536 -0.008111
v 0.001096 0.008438 -0.007037
v 0.001096 0.008438 -0.007144
v 0.000881 0.007900 -0.008004
v 0.004963 0.005536 -0.007037
v 0.002386 0.007900 -0.007144
v 0.001955 0.007793 -0.008111
v 0.004534 0.006396 -0.007037
v 0.000773 0.008223 -0.007144
v 0.004749 0.005429 -0.008111
v 0.004211 0.006289 -0.008111
f 1230 1232 1235 
f 1227 1226 1230 
f 1228 1227 1231 
f 1227 1230 1231 
f 1229 1225 1232 
f 1226 1229 1232 
f 1230 1226 1232 
f 1226 1227 1233 
f 1227 1228 1233 
f 1228 1229 1233 
f 1229 1226 1233 
f 1225 1229 1234 
f 1229 1228 1234 
f 1231 1225 1234 
f 1228 1231 1234 
f 1225 1231 1235 
f 1231 1230 1235 
f 1232 1225 1235 
o convex_88
v -0.010939 -0.010581 0.001989
v -0.012443 -0.007788 -0.001557
v -0.012443 -0.008218 -0.001234
v -0.008468 -0.007788 0.000700
v -0.012443 -0.010581 0.001989
v -0.008361 -0.008110 0.001882
v -0.011262 -0.009506 0.000164
v -0.012443 -0.007680 -0.001341
v -0.010079 -0.010044 0.001559
v -0.012443 -0.010151 0.000807
v -0.011369 -0.007788 -0.001234
v -0.008253 -0.008433 0.001989
v -0.008253 -0.007680 0.001237
v -0.010724 -0.009077 0.000056
v -0.011584 -0.010688 0.001667
v -0.010187 -0.009936 0.001237
f 1250 1242 1251 
f 1237 1238 1240 
f 1237 1240 1243 
f 1240 1241 1243 
f 1240 1238 1245 
f 1238 1242 1245 
f 1238 1237 1246 
f 1242 1238 1246 
f 1237 1243 1246 
f 1240 1236 1247 
f 1241 1240 1247 
f 1244 1239 1247 
f 1236 1244 1247 
f 1243 1241 1248 
f 1239 1246 1248 
f 1246 1243 1248 
f 1241 1247 1248 
f 1247 1239 1248 
f 1242 1246 1249 
f 1246 1239 1249 
f 1236 1240 1250 
f 1244 1236 1250 
f 1240 1245 1250 
f 1245 1242 1250 
f 1239 1244 1251 
f 1249 1239 1251 
f 1242 1249 1251 
f 1244 1250 1251 
o convex_89
v 0.012592 0.005644 0.004353
v 0.008510 0.006288 0.000163
v 0.008510 0.006288 0.000270
v 0.010660 0.004784 0.000270
v 0.010874 0.006288 0.004568
v 0.009047 0.006396 0.000270
v 0.013129 0.004784 0.004568
v 0.013022 0.004892 0.003064
v 0.010874 0.004999 0.000163
v 0.011195 0.006396 0.004138
v 0.012378 0.005537 0.003386
v 0.009800 0.005859 0.000163
f 1262 1259 1263 
f 1254 1253 1255 
f 1254 1255 1256 
f 1254 1256 1257 
f 1253 1254 1257 
f 1252 1256 1258 
f 1256 1255 1258 
f 1252 1258 1259 
f 1258 1255 1259 
f 1255 1253 1260 
f 1259 1255 1260 
f 1256 1252 1261 
f 1257 1256 1261 
f 1257 1261 1262 
f 1252 1259 1262 
f 1261 1252 1262 
f 1253 1257 1263 
f 1260 1253 1263 
f 1259 1260 1263 
f 1257 1262 1263 
o convex_90
v 0.001096 -0.004349 -0.001127
v 0.007220 -0.001233 -0.003168
v 0.007220 -0.001233 -0.003276
v 0.007220 -0.003919 0.000055
v 0.001096 -0.004886 0.000055
v 0.001096 -0.002308 -0.003168
v 0.006360 -0.003811 0.000163
v 0.007112 -0.001556 -0.003276
v 0.001525 -0.005209 0.000055
v 0.001633 -0.002523 -0.003276
v 0.007220 -0.002523 -0.002093
v 0.007220 -0.003382 -0.000912
v 0.007220 -0.003704 0.000163
v 0.007005 -0.001233 -0.003168
f 1270 1276 1277 
f 1266 1265 1267 
f 1264 1268 1269 
f 1269 1268 1270 
f 1268 1264 1272 
f 1270 1268 1272 
f 1264 1269 1273 
f 1269 1266 1273 
f 1266 1271 1273 
f 1273 1271 1274 
f 1266 1267 1274 
f 1271 1266 1274 
f 1272 1264 1274 
f 1264 1273 1274 
f 1272 1274 1275 
f 1267 1272 1275 
f 1274 1267 1275 
f 1267 1265 1276 
f 1272 1267 1276 
f 1270 1272 1276 
f 1265 1266 1277 
f 1266 1269 1277 
f 1269 1270 1277 
f 1276 1265 1277 
o convex_91
v -0.013626 -0.001233 0.006073
v -0.015022 -0.002522 0.003709
v -0.014915 -0.002522 0.003709
v -0.013626 0.000486 0.003709
v -0.012229 0.000379 0.005965
v -0.014485 -0.000373 0.004354
v -0.014055 -0.002522 0.006073
v -0.014807 -0.001448 0.004891
v -0.012551 0.000486 0.006073
v -0.013732 -0.002522 0.005965
v -0.015022 -0.001233 0.003709
v -0.014055 0.000379 0.003924
v -0.014915 -0.002522 0.004783
v -0.014485 -0.001340 0.005320
f 1278 1286 1291 
f 1280 1279 1281 
f 1280 1281 1282 
f 1279 1280 1284 
f 1282 1281 1286 
f 1278 1284 1286 
f 1284 1282 1286 
f 1280 1282 1287 
f 1284 1280 1287 
f 1282 1284 1287 
f 1281 1279 1288 
f 1285 1283 1288 
f 1286 1281 1289 
f 1283 1286 1289 
f 1281 1288 1289 
f 1288 1283 1289 
f 1279 1284 1290 
f 1284 1285 1290 
f 1288 1279 1290 
f 1285 1288 1290 
f 1284 1278 1291 
f 1283 1285 1291 
f 1285 1284 1291 
f 1286 1283 1291 
o convex_92
v 0.010659 -0.002738 -0.003061
v 0.009047 -0.001233 -0.003168
v 0.009047 -0.001233 -0.003276
v 0.007220 -0.002523 -0.002094
v 0.009584 -0.003059 -0.001879
v 0.010551 -0.004457 -0.001987
v 0.007220 -0.001448 -0.003276
v 0.010659 -0.001663 -0.003168
v 0.008080 -0.002415 -0.001879
v 0.010551 -0.003919 -0.002524
v 0.010659 -0.004134 -0.001879
v 0.007220 -0.002415 -0.001879
v 0.007220 -0.001233 -0.003168
v 0.010659 -0.002093 -0.003276
f 1294 1299 1305 
f 1297 1295 1298 
f 1294 1293 1299 
f 1299 1293 1300 
f 1296 1299 1300 
f 1298 1292 1301 
f 1297 1298 1301 
f 1292 1299 1302 
f 1299 1296 1302 
f 1296 1300 1302 
f 1301 1292 1302 
f 1297 1301 1302 
f 1295 1297 1303 
f 1298 1295 1303 
f 1300 1293 1303 
f 1297 1302 1303 
f 1302 1300 1303 
f 1293 1294 1304 
f 1294 1298 1304 
f 1303 1293 1304 
f 1298 1303 1304 
f 1292 1298 1305 
f 1298 1294 1305 
f 1299 1292 1305 
o convex_93
v 0.010659 -0.004671 -0.001556
v 0.007543 -0.002415 -0.001771
v 0.007543 -0.002415 -0.001879
v 0.007220 -0.003919 0.000055
v 0.010659 -0.004564 0.000163
v 0.009584 -0.003167 -0.001879
v 0.008940 -0.003812 0.000163
v 0.007220 -0.002630 -0.001879
v 0.010659 -0.004241 -0.001879
v 0.008617 -0.002630 -0.001771
v 0.010551 -0.004779 0.000163
v 0.007220 -0.003704 0.000163
v 0.010551 -0.004564 -0.001771
v 0.010551 -0.004779 -0.001234
f 1309 1318 1319 
f 1307 1308 1313 
f 1308 1311 1313 
f 1313 1311 1314 
f 1310 1306 1314 
f 1311 1310 1314 
f 1308 1307 1315 
f 1310 1311 1315 
f 1311 1308 1315 
f 1307 1312 1315 
f 1312 1310 1315 
f 1306 1310 1316 
f 1310 1312 1316 
f 1316 1312 1317 
f 1312 1307 1317 
f 1307 1313 1317 
f 1313 1309 1317 
f 1309 1316 1317 
f 1309 1313 1318 
f 1313 1314 1318 
f 1314 1306 1318 
f 1306 1316 1319 
f 1316 1309 1319 
f 1318 1306 1319 
o convex_94
v 0.012377 -0.001018 -0.003168
v 0.011089 0.003065 -0.001986
v 0.011089 0.003065 -0.002094
v 0.014312 -0.000911 -0.002094
v 0.010014 0.003065 -0.003276
v 0.011411 -0.001126 -0.003168
v 0.010767 0.002958 -0.001986
v 0.013990 -0.001126 -0.001986
v 0.009692 0.002850 -0.003168
v 0.013774 -0.001018 -0.002524
v 0.011411 -0.001126 -0.003276
f 1320 1329 1330 
f 1322 1321 1323 
f 1321 1322 1324 
f 1322 1323 1324 
f 1321 1324 1326 
f 1323 1321 1327 
f 1326 1325 1327 
f 1321 1326 1327 
f 1326 1324 1328 
f 1325 1326 1328 
f 1320 1324 1329 
f 1324 1323 1329 
f 1323 1327 1329 
f 1329 1327 1330 
f 1324 1320 1330 
f 1327 1325 1330 
f 1328 1324 1330 
f 1325 1328 1330 
o convex_95
v 0.014527 -0.001126 -0.001986
v 0.012701 0.003065 0.000163
v 0.012701 0.003065 -0.000052
v 0.010874 0.002958 -0.001879
v 0.015601 -0.001018 0.000163
v 0.015172 0.000379 0.000055
v 0.011519 0.002635 -0.001986
v 0.013775 -0.000696 -0.001879
v 0.012594 0.002743 0.000163
v 0.015064 -0.000481 -0.001019
v 0.012486 0.000809 -0.001879
v 0.015816 -0.001018 -0.000160
v 0.014741 0.000272 -0.000697
f 1340 1337 1343 
f 1332 1333 1334 
f 1332 1335 1336 
f 1333 1332 1336 
f 1334 1333 1337 
f 1331 1335 1338 
f 1332 1334 1339 
f 1335 1332 1339 
f 1331 1337 1340 
f 1334 1337 1341 
f 1337 1331 1341 
f 1331 1338 1341 
f 1338 1335 1341 
f 1339 1334 1341 
f 1335 1339 1341 
f 1335 1331 1342 
f 1336 1335 1342 
f 1331 1340 1342 
f 1340 1336 1342 
f 1333 1336 1343 
f 1337 1333 1343 
f 1336 1340 1343 
o convex_96
v 0.010551 0.003173 -0.002631
v 0.007328 0.007148 0.000163
v 0.007328 0.007148 -0.000052
v 0.012593 0.003280 0.000163
v 0.007220 0.004892 -0.002953
v 0.009262 0.005643 -0.001235
v 0.012055 0.003065 -0.000160
v 0.007436 0.005000 -0.003276
v 0.007220 0.006933 0.000163
v 0.009585 0.003065 -0.003168
v 0.009585 0.005966 0.000055
v 0.009370 0.003710 -0.003276
v 0.007328 0.006718 -0.001020
v 0.010337 0.004247 -0.001771
v 0.010980 0.004892 0.000055
v 0.008617 0.005751 -0.001664
v 0.012377 0.003065 0.000163
f 1350 1353 1360 
f 1345 1346 1352 
f 1347 1345 1352 
f 1348 1350 1352 
f 1350 1348 1353 
f 1348 1351 1353 
f 1346 1345 1354 
f 1345 1347 1354 
f 1349 1346 1354 
f 1344 1353 1355 
f 1353 1351 1355 
f 1346 1349 1356 
f 1351 1348 1356 
f 1352 1346 1356 
f 1348 1352 1356 
f 1347 1344 1357 
f 1344 1355 1357 
f 1355 1349 1357 
f 1354 1347 1358 
f 1349 1354 1358 
f 1347 1357 1358 
f 1357 1349 1358 
f 1349 1355 1359 
f 1355 1351 1359 
f 1356 1349 1359 
f 1351 1356 1359 
f 1344 1347 1360 
f 1347 1352 1360 
f 1352 1350 1360 
f 1353 1344 1360 
o convex_97
v 0.013130 0.003925 0.005857
v 0.010767 0.006611 0.004783
v 0.010767 0.006611 0.004568
v 0.010659 0.003925 0.006825
v 0.013775 0.003925 0.004568
v 0.012056 0.005536 0.005857
v 0.013130 0.005107 0.004891
v 0.010659 0.006181 0.005857
v 0.010659 0.006396 0.004568
v 0.011304 0.004892 0.006502
v 0.010767 0.003925 0.006610
v 0.012592 0.005644 0.004568
v 0.013775 0.004032 0.005213
f 1365 1367 1373 
f 1361 1364 1365 
f 1366 1362 1368 
f 1362 1363 1369 
f 1363 1365 1369 
f 1368 1362 1369 
f 1364 1368 1369 
f 1364 1361 1370 
f 1361 1366 1370 
f 1368 1364 1370 
f 1366 1368 1370 
f 1365 1364 1371 
f 1364 1369 1371 
f 1369 1365 1371 
f 1363 1362 1372 
f 1365 1363 1372 
f 1362 1366 1372 
f 1366 1367 1372 
f 1367 1365 1372 
f 1361 1365 1373 
f 1366 1361 1373 
f 1367 1366 1373 
o convex_98
v -0.012229 0.000486 0.006287
v -0.007823 0.003817 0.006718
v -0.007823 0.003817 0.006287
v -0.007823 0.000486 0.009188
v -0.007931 0.002527 0.008436
v -0.009865 0.001776 0.006287
v -0.011799 0.000594 0.006825
v -0.007931 0.001024 0.009296
v -0.008575 0.003495 0.006610
v -0.009865 0.000486 0.007577
v -0.007931 0.003387 0.007577
v -0.008146 0.000486 0.009296
v -0.012120 0.000701 0.006395
v -0.008575 0.001561 0.008651
v -0.007823 0.003709 0.006287
f 1377 1379 1388 
f 1376 1375 1377 
f 1377 1375 1378 
f 1374 1376 1379 
f 1377 1378 1381 
f 1375 1376 1382 
f 1377 1374 1383 
f 1374 1379 1383 
f 1379 1377 1383 
f 1378 1375 1384 
f 1380 1378 1384 
f 1375 1382 1384 
f 1374 1377 1385 
f 1380 1374 1385 
f 1381 1380 1385 
f 1377 1381 1385 
f 1376 1374 1386 
f 1374 1380 1386 
f 1382 1376 1386 
f 1380 1384 1386 
f 1384 1382 1386 
f 1378 1380 1387 
f 1381 1378 1387 
f 1380 1381 1387 
f 1376 1377 1388 
f 1379 1376 1388 
o convex_99
v -0.003309 -0.001663 -0.013484
v -0.000409 0.000164 -0.014558
v -0.000409 -0.001340 -0.012624
v -0.003740 0.000164 -0.013698
v -0.004385 -0.001770 -0.012517
v -0.003202 -0.000696 -0.014343
v -0.000409 -0.001018 -0.014128
v -0.004385 -0.001126 -0.013698
v -0.002128 -0.001878 -0.012624
v -0.003094 0.000164 -0.014343
v -0.000409 -0.001448 -0.013377
v -0.001269 -0.000159 -0.014666
v -0.004385 -0.001985 -0.012732
v -0.002880 -0.001018 -0.014236
v -0.000409 -0.001448 -0.012517
f 1397 1399 1403 
f 1391 1390 1392 
f 1390 1391 1395 
f 1393 1392 1396 
f 1392 1390 1398 
f 1396 1392 1398 
f 1394 1396 1398 
f 1389 1395 1399 
f 1395 1391 1399 
f 1397 1389 1399 
f 1390 1395 1400 
f 1398 1390 1400 
f 1394 1398 1400 
f 1396 1389 1401 
f 1393 1396 1401 
f 1389 1397 1401 
f 1397 1393 1401 
f 1395 1389 1402 
f 1389 1396 1402 
f 1396 1394 1402 
f 1400 1395 1402 
f 1394 1400 1402 
f 1391 1392 1403 
f 1392 1393 1403 
f 1393 1397 1403 
f 1399 1391 1403 
o convex_100
v -0.013625 -0.001555 0.006073
v -0.009757 0.000486 0.007899
v -0.009757 0.000486 0.007792
v -0.011262 -0.002630 0.007792
v -0.011262 -0.000804 0.007899
v -0.012120 0.000486 0.006073
v -0.012013 0.000271 0.006932
v -0.013625 -0.002630 0.006073
v -0.012980 -0.002522 0.007040
v -0.009972 0.000379 0.007577
v -0.011585 -0.002630 0.007899
v -0.012228 -0.000804 0.007254
v -0.012443 0.000486 0.006180
v -0.013948 -0.002415 0.006180
f 1412 1415 1417 
f 1406 1405 1407 
f 1405 1406 1409 
f 1408 1405 1410 
f 1404 1409 1411 
f 1406 1407 1413 
f 1409 1406 1413 
f 1407 1411 1413 
f 1411 1409 1413 
f 1407 1405 1414 
f 1405 1408 1414 
f 1411 1407 1414 
f 1408 1412 1414 
f 1412 1411 1414 
f 1408 1410 1415 
f 1412 1408 1415 
f 1405 1409 1416 
f 1409 1404 1416 
f 1404 1410 1416 
f 1410 1405 1416 
f 1410 1404 1417 
f 1404 1411 1417 
f 1411 1412 1417 
f 1415 1410 1417 
o convex_101
v -0.005674 0.001238 -0.012194
v -0.003740 0.002958 -0.012409
v -0.003740 0.002743 -0.012409
v -0.005781 0.002743 -0.010368
v -0.003740 -0.000696 -0.013806
v -0.007501 -0.000696 -0.010368
v -0.004708 -0.000266 -0.013591
v -0.006318 0.002635 -0.010476
v -0.003847 0.002850 -0.012731
v -0.007177 -0.000588 -0.010368
v -0.006318 -0.000696 -0.012087
v -0.007070 0.001238 -0.010476
v -0.003740 0.000057 -0.013914
v -0.005567 0.002958 -0.011120
v -0.004923 0.002312 -0.012301
v -0.006211 0.001452 -0.011550
f 1432 1418 1433 
f 1420 1419 1421 
f 1419 1420 1422 
f 1420 1421 1422 
f 1422 1421 1427 
f 1421 1423 1427 
f 1423 1422 1427 
f 1422 1423 1428 
f 1424 1422 1428 
f 1418 1424 1428 
f 1423 1421 1429 
f 1421 1425 1429 
f 1428 1423 1429 
f 1419 1422 1430 
f 1422 1424 1430 
f 1426 1419 1430 
f 1424 1426 1430 
f 1421 1419 1431 
f 1425 1421 1431 
f 1419 1426 1431 
f 1431 1426 1432 
f 1424 1418 1432 
f 1426 1424 1432 
f 1418 1428 1433 
f 1429 1425 1433 
f 1428 1429 1433 
f 1425 1431 1433 
f 1431 1432 1433 
o convex_102
v 0.010336 0.002742 0.007685
v 0.007650 -0.000051 0.008758
v 0.010981 -0.000051 0.007147
v 0.010228 0.003925 0.006825
v 0.007650 0.003817 0.008329
v 0.008188 0.001024 0.008974
v 0.010228 -0.000051 0.008007
v 0.011196 0.003925 0.006717
v 0.011196 0.000916 0.007362
v 0.009370 0.002420 0.008329
v 0.007650 0.003709 0.008114
v 0.007650 0.000272 0.009081
v 0.008618 0.003602 0.008221
v 0.011196 0.003817 0.006502
f 1441 1442 1447 
f 1436 1435 1437 
f 1435 1436 1440 
f 1437 1438 1441 
f 1440 1436 1442 
f 1441 1434 1442 
f 1439 1440 1443 
f 1442 1434 1443 
f 1440 1442 1443 
f 1437 1435 1444 
f 1438 1437 1444 
f 1435 1438 1444 
f 1438 1435 1445 
f 1439 1438 1445 
f 1435 1440 1445 
f 1440 1439 1445 
f 1438 1439 1446 
f 1434 1441 1446 
f 1441 1438 1446 
f 1439 1443 1446 
f 1443 1434 1446 
f 1436 1437 1447 
f 1437 1441 1447 
f 1442 1436 1447 
o convex_103
v 0.010444 -0.004672 0.000807
v 0.010551 -0.003490 0.004353
v 0.010229 -0.003490 0.004353
v 0.008295 -0.003812 0.000163
v 0.008295 -0.004242 0.004138
v 0.008295 -0.004349 0.001452
v 0.010444 -0.004457 0.000163
v 0.008402 -0.003919 0.004353
v 0.010551 -0.004242 0.002849
v 0.008832 -0.003812 0.000163
v 0.010336 -0.004672 0.000163
v 0.010551 -0.003705 0.004353
f 1456 1449 1459 
f 1450 1449 1451 
f 1448 1452 1453 
f 1452 1451 1453 
f 1449 1450 1455 
f 1450 1451 1455 
f 1451 1452 1455 
f 1452 1448 1456 
f 1454 1449 1456 
f 1448 1454 1456 
f 1451 1449 1457 
f 1449 1454 1457 
f 1454 1451 1457 
f 1448 1453 1458 
f 1453 1451 1458 
f 1454 1448 1458 
f 1451 1454 1458 
f 1449 1455 1459 
f 1455 1452 1459 
f 1452 1456 1459 
o convex_104
v 0.013237 -0.003490 0.002956
v 0.010551 -0.004779 0.000163
v 0.010551 -0.004564 0.000163
v 0.015172 -0.003382 0.000163
v 0.012915 -0.004886 0.000270
v 0.010659 -0.003382 0.004353
v 0.010659 -0.003812 0.004030
v 0.014634 -0.003812 0.000807
v 0.011411 -0.004994 0.000378
v 0.014956 -0.003382 0.000163
v 0.014419 -0.003382 0.001775
v 0.010551 -0.004242 0.002849
v 0.012915 -0.004134 0.001990
v 0.014312 -0.004242 0.000163
f 1467 1464 1473 
f 1461 1462 1463 
f 1460 1465 1466 
f 1461 1464 1468 
f 1463 1462 1469 
f 1462 1465 1469 
f 1465 1463 1469 
f 1463 1465 1470 
f 1465 1460 1470 
f 1460 1467 1470 
f 1467 1463 1470 
f 1462 1461 1471 
f 1465 1462 1471 
f 1466 1465 1471 
f 1464 1466 1471 
f 1461 1468 1471 
f 1468 1464 1471 
f 1460 1466 1472 
f 1466 1464 1472 
f 1467 1460 1472 
f 1464 1467 1472 
f 1461 1463 1473 
f 1464 1461 1473 
f 1463 1467 1473 
o convex_105
v -0.000409 0.000486 -0.014666
v 0.004749 0.001776 -0.014021
v 0.004749 0.000056 -0.014021
v 0.000021 0.001668 -0.014129
v 0.002707 0.000916 -0.014666
v -0.000194 0.000056 -0.014451
v -0.000409 0.001776 -0.014343
v 0.004749 0.000379 -0.014343
v 0.000451 0.000056 -0.014666
v 0.004641 0.001776 -0.014236
v -0.000409 0.000809 -0.014236
v 0.003782 0.000056 -0.014021
f 1484 1479 1485 
f 1477 1475 1480 
f 1478 1474 1480 
f 1475 1476 1481 
f 1474 1478 1482 
f 1476 1479 1482 
f 1479 1474 1482 
f 1481 1476 1482 
f 1478 1481 1482 
f 1480 1475 1483 
f 1478 1480 1483 
f 1475 1481 1483 
f 1481 1478 1483 
f 1474 1479 1484 
f 1477 1480 1484 
f 1480 1474 1484 
f 1476 1475 1485 
f 1475 1477 1485 
f 1479 1476 1485 
f 1477 1484 1485 
o convex_106
v 0.004534 0.002635 -0.013591
v -0.000409 0.001776 -0.014343
v -0.000409 0.001776 -0.014236
v -0.000409 0.002958 -0.013806
v 0.004534 0.002850 -0.012732
v 0.004749 0.001776 -0.014128
v 0.000236 0.002958 -0.014021
v 0.004534 0.001776 -0.013913
v 0.000021 0.002420 -0.014343
v 0.004749 0.002958 -0.013054
v 0.004534 0.002205 -0.014021
v 0.001096 0.001776 -0.014021
f 1493 1490 1497 
f 1487 1488 1489 
f 1489 1488 1490 
f 1488 1487 1491 
f 1488 1491 1493 
f 1491 1490 1493 
f 1487 1489 1494 
f 1491 1487 1494 
f 1489 1492 1494 
f 1489 1490 1495 
f 1490 1491 1495 
f 1486 1492 1495 
f 1492 1489 1495 
f 1492 1486 1496 
f 1491 1494 1496 
f 1494 1492 1496 
f 1495 1491 1496 
f 1486 1495 1496 
f 1490 1488 1497 
f 1488 1493 1497 
o convex_107
v 0.006683 0.001346 -0.012302
v 0.004749 0.000056 -0.014128
v 0.004749 0.000164 -0.014235
v 0.005716 0.002958 -0.010476
v 0.005931 0.000056 -0.010368
v 0.004749 0.002958 -0.012946
v 0.006468 0.000486 -0.013484
v 0.006683 0.000701 -0.010368
v 0.005286 0.001668 -0.014128
v 0.006253 0.001668 -0.013161
v 0.006360 0.000056 -0.012624
v 0.006038 0.002850 -0.010368
v 0.004749 0.002850 -0.012624
v 0.005286 0.002958 -0.012516
v 0.004749 0.001668 -0.014235
v 0.006683 0.001454 -0.010368
v 0.005394 0.000594 -0.014235
v 0.004749 0.000056 -0.013913
v 0.006468 0.001131 -0.013484
v 0.006683 0.000594 -0.012624
f 1504 1516 1517 
f 1500 1499 1503 
f 1499 1500 1504 
f 1502 1499 1508 
f 1499 1504 1508 
f 1505 1502 1508 
f 1501 1502 1509 
f 1502 1505 1509 
f 1498 1507 1509 
f 1502 1501 1510 
f 1503 1499 1510 
f 1501 1503 1510 
f 1503 1501 1511 
f 1506 1503 1511 
f 1507 1506 1511 
f 1501 1509 1511 
f 1509 1507 1511 
f 1500 1503 1512 
f 1503 1506 1512 
f 1505 1498 1513 
f 1498 1509 1513 
f 1509 1505 1513 
f 1504 1500 1514 
f 1500 1512 1514 
f 1512 1506 1514 
f 1499 1502 1515 
f 1502 1510 1515 
f 1510 1499 1515 
f 1506 1507 1516 
f 1507 1498 1516 
f 1504 1514 1516 
f 1514 1506 1516 
f 1498 1505 1517 
f 1508 1504 1517 
f 1505 1508 1517 
f 1516 1498 1517 
o convex_108
v 0.015279 0.001991 0.003601
v 0.012915 0.004676 0.003171
v 0.012915 0.004676 0.003494
v 0.015064 -0.000051 0.004461
v 0.013560 0.004676 0.004568
v 0.015924 -0.000051 0.003171
v 0.015279 0.000916 0.004568
v 0.014420 0.003387 0.003171
v 0.013238 0.004569 0.004568
v 0.014312 0.003602 0.004568
v 0.015924 0.000164 0.003709
v 0.013346 0.004784 0.003601
v 0.015709 0.001131 0.003171
f 1528 1523 1530 
f 1520 1519 1521 
f 1521 1519 1523 
f 1523 1519 1525 
f 1520 1521 1526 
f 1522 1520 1526 
f 1521 1524 1526 
f 1524 1522 1526 
f 1522 1524 1527 
f 1518 1525 1527 
f 1525 1522 1527 
f 1521 1523 1528 
f 1524 1521 1528 
f 1518 1527 1528 
f 1527 1524 1528 
f 1519 1520 1529 
f 1520 1522 1529 
f 1522 1525 1529 
f 1525 1519 1529 
f 1525 1518 1530 
f 1523 1525 1530 
f 1518 1528 1530 
o convex_109
v 0.013775 -0.003812 -0.003061
v 0.012700 -0.006176 -0.002739
v 0.012700 -0.006176 -0.002524
v 0.014634 -0.004349 -0.002201
v 0.012808 -0.003812 -0.003061
v 0.013560 -0.005961 -0.002846
v 0.014527 -0.003812 -0.002094
v 0.013882 -0.005638 -0.002094
v 0.012700 -0.004135 -0.003276
f 1531 1536 1539 
f 1533 1532 1536 
f 1531 1534 1536 
f 1534 1531 1537 
f 1531 1535 1537 
f 1535 1533 1537 
f 1533 1536 1538 
f 1536 1534 1538 
f 1537 1533 1538 
f 1534 1537 1538 
f 1532 1533 1539 
f 1535 1531 1539 
f 1533 1535 1539 
f 1536 1532 1539 
o convex_110
v -0.003417 0.007470 0.000163
v -0.001268 0.006611 0.004031
v -0.001268 0.006504 0.004031
v -0.004922 0.005751 0.004031
v -0.004814 0.006289 0.000378
v -0.001268 0.008115 0.000485
v -0.003954 0.006289 0.004031
v -0.001268 0.007148 0.001775
v -0.004922 0.006074 0.003600
v -0.001268 0.008007 0.000163
v -0.004922 0.006611 0.000163
v -0.001483 0.006396 0.003923
v -0.002988 0.007685 0.000270
v -0.004814 0.005751 0.003708
v -0.001376 0.006719 0.003923
v -0.001483 0.008115 0.000485
f 1554 1545 1555 
f 1542 1541 1543 
f 1541 1542 1545 
f 1543 1541 1546 
f 1545 1542 1547 
f 1543 1546 1548 
f 1547 1544 1549 
f 1545 1547 1549 
f 1544 1543 1550 
f 1548 1540 1550 
f 1543 1548 1550 
f 1540 1549 1550 
f 1549 1544 1550 
f 1542 1543 1551 
f 1547 1542 1551 
f 1544 1547 1551 
f 1540 1548 1552 
f 1548 1546 1552 
f 1549 1540 1552 
f 1543 1544 1553 
f 1551 1543 1553 
f 1544 1551 1553 
f 1541 1545 1554 
f 1546 1541 1554 
f 1546 1554 1555 
f 1545 1549 1555 
f 1552 1546 1555 
f 1549 1552 1555 
o convex_111
v -0.011691 -0.005638 -0.002631
v -0.014700 -0.003597 -0.001342
v -0.014592 -0.004026 -0.001450
v -0.012551 -0.001019 -0.003276
v -0.014270 -0.001019 -0.001234
v -0.013840 -0.002952 -0.002631
v -0.013733 -0.006175 -0.001234
v -0.011691 -0.005960 -0.002201
v -0.013088 -0.005745 -0.002416
v -0.012229 -0.001019 -0.003168
v -0.011799 -0.003811 -0.003276
v -0.014270 -0.001449 -0.002094
v -0.012766 -0.002631 -0.003276
v -0.014055 -0.004993 -0.001987
v -0.014700 -0.001341 -0.001234
v -0.014485 -0.002952 -0.001987
v -0.012873 -0.006175 -0.002309
v -0.013947 -0.006175 -0.001342
v -0.011691 -0.003275 -0.003276
f 1556 1566 1574 
f 1560 1562 1563 
f 1559 1560 1565 
f 1560 1563 1565 
f 1560 1559 1567 
f 1559 1561 1567 
f 1561 1559 1568 
f 1564 1561 1568 
f 1559 1566 1568 
f 1566 1564 1568 
f 1561 1564 1569 
f 1557 1562 1570 
f 1562 1560 1570 
f 1560 1567 1570 
f 1570 1567 1571 
f 1558 1557 1571 
f 1567 1561 1571 
f 1569 1558 1571 
f 1561 1569 1571 
f 1557 1570 1571 
f 1556 1563 1572 
f 1563 1562 1572 
f 1566 1556 1572 
f 1564 1566 1572 
f 1557 1558 1573 
f 1562 1557 1573 
f 1558 1569 1573 
f 1569 1564 1573 
f 1572 1562 1573 
f 1564 1572 1573 
f 1563 1556 1574 
f 1559 1565 1574 
f 1565 1563 1574 
f 1566 1559 1574 
o convex_112
v -0.014592 -0.004349 -0.001234
v -0.014700 -0.001019 0.000163
v -0.014378 -0.001019 -0.001019
v -0.013840 -0.006175 -0.001019
v -0.014378 -0.006068 0.000163
v -0.015022 -0.002415 -0.000375
v -0.014700 -0.001234 -0.001234
v -0.014163 -0.005960 0.000163
v -0.015022 -0.001341 0.000163
v -0.014055 -0.006175 -0.001234
v -0.014378 -0.001019 -0.001234
f 1578 1584 1585 
f 1575 1579 1580 
f 1575 1580 1581 
f 1577 1576 1582 
f 1578 1577 1582 
f 1579 1578 1582 
f 1576 1579 1582 
f 1579 1576 1583 
f 1580 1579 1583 
f 1576 1581 1583 
f 1581 1580 1583 
f 1579 1575 1584 
f 1578 1579 1584 
f 1575 1581 1584 
f 1584 1581 1585 
f 1576 1577 1585 
f 1577 1578 1585 
f 1581 1576 1585 
o convex_113
v -0.011799 -0.002630 0.007791
v -0.014055 -0.004779 0.006073
v -0.013948 -0.005531 0.006073
v -0.011476 -0.005960 0.006932
v -0.011692 -0.004350 0.008114
v -0.013733 -0.002630 0.006073
v -0.013518 -0.003168 0.006825
v -0.013410 -0.006175 0.006610
v -0.011476 -0.002630 0.007684
v -0.013518 -0.006175 0.006073
v -0.013303 -0.004779 0.007040
v -0.011476 -0.006068 0.007147
v -0.012014 -0.003705 0.008007
v -0.014055 -0.002845 0.006180
v -0.011476 -0.003060 0.008114
v -0.012336 -0.006175 0.007040
f 1595 1597 1601 
f 1588 1587 1591 
f 1591 1586 1594 
f 1589 1591 1594 
f 1588 1591 1595 
f 1591 1589 1595 
f 1593 1588 1595 
f 1587 1588 1596 
f 1588 1593 1596 
f 1593 1590 1596 
f 1589 1594 1597 
f 1595 1589 1597 
f 1586 1592 1598 
f 1592 1596 1598 
f 1596 1590 1598 
f 1591 1587 1599 
f 1586 1591 1599 
f 1592 1586 1599 
f 1587 1596 1599 
f 1596 1592 1599 
f 1594 1586 1600 
f 1590 1597 1600 
f 1597 1594 1600 
f 1586 1598 1600 
f 1598 1590 1600 
f 1590 1593 1601 
f 1593 1595 1601 
f 1597 1590 1601 
o convex_114
v -0.010832 -0.004457 -0.003276
v -0.010187 -0.006068 -0.001449
v -0.010295 -0.006068 -0.001449
v -0.011691 -0.003490 -0.003168
v -0.011691 -0.006175 -0.002309
v -0.010187 -0.004564 -0.003276
v -0.010187 -0.004242 -0.003168
v -0.010510 -0.006175 -0.001986
v -0.011691 -0.006068 -0.002094
f 1606 1604 1610 
f 1604 1603 1605 
f 1605 1602 1606 
f 1602 1605 1607 
f 1606 1602 1607 
f 1605 1603 1608 
f 1603 1607 1608 
f 1607 1605 1608 
f 1603 1604 1609 
f 1604 1606 1609 
f 1607 1603 1609 
f 1606 1607 1609 
f 1604 1605 1610 
f 1605 1606 1610 
o convex_115
v -0.010187 -0.006068 -0.001342
v 0.001096 -0.002415 -0.003061
v 0.001096 -0.002415 -0.003276
v 0.000880 -0.005316 0.000163
v -0.009971 -0.006068 -0.001772
v -0.009756 -0.004242 -0.003168
v -0.004384 -0.005961 0.000163
v 0.000449 -0.002738 -0.003276
v -0.009756 -0.004564 -0.003276
v 0.000987 -0.004993 0.000163
v 0.001096 -0.005208 -0.000052
v -0.003739 -0.006175 0.000055
v -0.002129 -0.002846 -0.003168
v -0.009219 -0.006068 -0.000912
v 0.000987 -0.003276 -0.002524
v -0.010187 -0.004349 -0.003276
v -0.006425 -0.006068 -0.000160
v -0.010078 -0.006176 -0.001664
v -0.004921 -0.006175 0.000163
f 1624 1628 1629 
f 1613 1618 1619 
f 1618 1615 1619 
f 1617 1614 1620 
f 1613 1612 1621 
f 1612 1620 1621 
f 1620 1614 1621 
f 1621 1614 1622 
f 1612 1613 1623 
f 1620 1612 1623 
f 1617 1620 1623 
f 1616 1611 1624 
f 1618 1613 1625 
f 1615 1618 1625 
f 1613 1621 1625 
f 1611 1616 1626 
f 1613 1619 1626 
f 1623 1613 1626 
f 1616 1623 1626 
f 1623 1616 1627 
f 1617 1623 1627 
f 1616 1624 1627 
f 1619 1615 1628 
f 1621 1622 1628 
f 1624 1611 1628 
f 1615 1625 1628 
f 1625 1621 1628 
f 1611 1626 1628 
f 1626 1619 1628 
f 1614 1617 1629 
f 1622 1614 1629 
f 1617 1627 1629 
f 1627 1624 1629 
f 1628 1622 1629 
o convex_116
v -0.014270 0.000594 0.000163
v -0.012444 -0.001018 -0.003276
v -0.012659 -0.001018 -0.003168
v -0.011584 0.000809 -0.003276
v -0.014270 -0.000911 -0.001771
v -0.014699 -0.001018 0.000163
v -0.011477 0.000701 -0.002953
v -0.013625 0.000701 0.000055
v -0.011906 -0.000696 -0.003168
v -0.013410 0.000809 -0.001235
v -0.014378 0.000056 -0.000697
v -0.014807 -0.001018 -0.000482
f 1630 1640 1641 
f 1631 1632 1633 
f 1633 1632 1634 
f 1632 1631 1635 
f 1636 1633 1637 
f 1630 1635 1637 
f 1637 1635 1638 
f 1631 1633 1638 
f 1635 1631 1638 
f 1633 1636 1638 
f 1636 1637 1638 
f 1633 1634 1639 
f 1637 1633 1639 
f 1630 1637 1639 
f 1630 1639 1640 
f 1639 1634 1640 
f 1634 1632 1641 
f 1632 1635 1641 
f 1635 1630 1641 
f 1640 1634 1641 
o convex_117
v -0.011692 0.002635 -0.000267
v -0.011584 0.000809 -0.003276
v -0.012980 0.000809 -0.001664
v -0.010295 0.003065 -0.003168
v -0.010832 0.002957 0.000163
v -0.013840 0.000809 0.000163
v -0.011369 0.000809 -0.003061
v -0.009972 0.002957 -0.003061
v -0.013625 0.000916 -0.000697
v -0.013410 0.000916 0.000163
v -0.011047 0.003065 0.000163
v -0.010725 0.002420 -0.003276
v -0.011262 0.002850 -0.001127
f 1652 1645 1654 
f 1644 1643 1647 
f 1647 1643 1648 
f 1648 1643 1649 
f 1646 1648 1649 
f 1644 1647 1650 
f 1647 1642 1650 
f 1646 1647 1651 
f 1648 1646 1651 
f 1647 1648 1651 
f 1647 1646 1652 
f 1642 1647 1652 
f 1649 1645 1652 
f 1646 1649 1652 
f 1643 1644 1653 
f 1649 1643 1653 
f 1645 1649 1653 
f 1644 1650 1653 
f 1650 1645 1653 
f 1645 1650 1654 
f 1650 1642 1654 
f 1642 1652 1654 
o convex_118
v -0.007609 0.005536 0.000163
v -0.010079 0.003065 -0.003276
v -0.010186 0.003065 -0.003168
v -0.006534 0.006073 -0.003276
v -0.006534 0.005751 0.000163
v -0.010939 0.003173 0.000163
v -0.009649 0.003173 -0.003168
v -0.010509 0.003173 0.000163
v -0.006642 0.005643 -0.003276
v -0.008790 0.004569 -0.002631
v -0.007501 0.005643 -0.001449
v -0.006534 0.006181 -0.001449
v -0.010831 0.003173 -0.001127
v -0.008790 0.004462 -0.003168
f 1667 1664 1668 
f 1659 1655 1660 
f 1657 1656 1662 
f 1659 1660 1662 
f 1660 1657 1662 
f 1656 1661 1662 
f 1661 1659 1662 
f 1656 1658 1663 
f 1658 1659 1663 
f 1661 1656 1663 
f 1659 1661 1663 
f 1660 1655 1665 
f 1658 1664 1665 
f 1658 1665 1666 
f 1655 1659 1666 
f 1659 1658 1666 
f 1665 1655 1666 
f 1657 1660 1667 
f 1660 1665 1667 
f 1665 1664 1667 
f 1656 1657 1668 
f 1658 1656 1668 
f 1664 1658 1668 
f 1657 1667 1668 
o convex_119
v -0.003418 0.008008 -0.001449
v -0.006426 0.005966 -0.003276
v -0.006426 0.006181 -0.003276
v -0.006426 0.005859 0.000163
v -0.002880 0.007471 0.000055
v -0.002773 0.008008 -0.003276
v -0.004706 0.007685 -0.003276
v -0.004921 0.006289 0.000055
v -0.006426 0.006074 0.000055
v -0.002880 0.007793 0.000163
v -0.004385 0.007685 -0.001557
v -0.006318 0.005966 -0.003276
v -0.006211 0.006504 -0.002738
v -0.003311 0.008115 -0.003276
v -0.002773 0.008115 -0.001235
v -0.004814 0.007578 -0.002308
f 1681 1677 1684 
f 1671 1670 1672 
f 1670 1671 1674 
f 1674 1671 1675 
f 1674 1673 1676 
f 1671 1672 1677 
f 1672 1676 1678 
f 1676 1673 1678 
f 1677 1672 1678 
f 1677 1678 1679 
f 1669 1675 1679 
f 1678 1669 1679 
f 1672 1670 1680 
f 1670 1674 1680 
f 1676 1672 1680 
f 1674 1676 1680 
f 1675 1671 1681 
f 1671 1677 1681 
f 1674 1675 1682 
f 1675 1669 1682 
f 1673 1674 1683 
f 1678 1673 1683 
f 1669 1678 1683 
f 1674 1682 1683 
f 1682 1669 1683 
f 1677 1679 1684 
f 1679 1675 1684 
f 1675 1681 1684 
o convex_120
v 0.004319 0.007470 -0.002093
v 0.007220 0.007148 0.000163
v 0.007113 0.007256 0.000163
v 0.007220 0.005107 -0.003276
v 0.004427 0.007578 -0.003276
v 0.005502 0.007470 0.000163
v 0.006468 0.005107 -0.003168
v 0.007220 0.006718 -0.001127
v 0.007113 0.004999 -0.002846
v 0.004857 0.007470 -0.000590
v 0.005930 0.007578 0.000163
v 0.004212 0.007470 -0.003276
v 0.006898 0.007041 0.000163
f 1690 1693 1697 
f 1686 1687 1690 
f 1687 1686 1692 
f 1686 1688 1692 
f 1688 1689 1692 
f 1689 1687 1692 
f 1688 1686 1693 
f 1690 1691 1693 
f 1691 1688 1693 
f 1689 1685 1694 
f 1685 1691 1694 
f 1691 1690 1694 
f 1687 1689 1695 
f 1690 1687 1695 
f 1689 1694 1695 
f 1694 1690 1695 
f 1685 1689 1696 
f 1689 1688 1696 
f 1691 1685 1696 
f 1688 1691 1696 
f 1686 1690 1697 
f 1693 1686 1697 
o convex_121
v 0.005071 0.007578 0.000163
v 0.001633 0.008760 -0.003276
v 0.001633 0.008867 -0.003276
v 0.001633 0.008545 0.000163
v 0.004104 0.007578 -0.003276
v 0.005609 0.007686 -0.000052
v 0.003567 0.008330 -0.003276
v 0.001955 0.008867 -0.001664
v 0.002708 0.008115 0.000163
v 0.001955 0.008652 0.000163
v 0.001741 0.008437 0.000055
v 0.004426 0.007686 -0.003061
v 0.004426 0.007578 -0.000805
v 0.002385 0.008760 -0.002953
f 1705 1703 1711 
f 1700 1699 1701 
f 1699 1700 1702 
f 1698 1702 1703 
f 1702 1700 1704 
f 1700 1701 1705 
f 1698 1701 1706 
f 1701 1698 1707 
f 1698 1703 1707 
f 1705 1701 1707 
f 1703 1705 1707 
f 1701 1699 1708 
f 1699 1702 1708 
f 1706 1701 1708 
f 1702 1706 1708 
f 1703 1702 1709 
f 1702 1704 1709 
f 1704 1703 1709 
f 1702 1698 1710 
f 1698 1706 1710 
f 1706 1702 1710 
f 1703 1704 1711 
f 1704 1700 1711 
f 1700 1705 1711 
o convex_122
v 0.011411 -0.003812 -0.003061
v 0.012593 -0.006176 -0.002631
v 0.012700 -0.006176 -0.002631
v 0.010981 -0.004672 0.000163
v 0.012700 -0.004779 0.000163
v 0.012700 -0.003812 -0.003276
v 0.010659 -0.004564 -0.001986
v 0.010659 -0.003812 -0.002308
v 0.010766 -0.004887 0.000163
v 0.012270 -0.005101 0.000055
v 0.012163 -0.005101 -0.003061
v 0.010659 -0.004887 -0.001127
v 0.010874 -0.004027 -0.002738
f 1712 1722 1724 
f 1716 1714 1717 
f 1715 1716 1719 
f 1717 1712 1719 
f 1716 1717 1719 
f 1716 1715 1720 
f 1715 1719 1720 
f 1713 1714 1721 
f 1714 1716 1721 
f 1720 1713 1721 
f 1716 1720 1721 
f 1714 1713 1722 
f 1712 1717 1722 
f 1717 1714 1722 
f 1718 1713 1723 
f 1719 1718 1723 
f 1713 1720 1723 
f 1720 1719 1723 
f 1713 1718 1724 
f 1718 1719 1724 
f 1719 1712 1724 
f 1722 1713 1724 
o convex_123
v 0.013774 -0.003811 -0.003061
v 0.013990 -0.001126 -0.002309
v 0.013990 -0.001126 -0.002416
v 0.010659 -0.001663 -0.003168
v 0.010659 -0.003811 -0.002416
v 0.014634 -0.003811 -0.002309
v 0.012056 -0.001126 -0.003276
v 0.012164 -0.003811 -0.003276
v 0.013990 -0.002308 -0.002846
v 0.010659 -0.002200 -0.003276
v 0.013667 -0.001126 -0.002309
v 0.014742 -0.002845 -0.002416
v 0.013022 -0.003167 -0.003276
v 0.011089 -0.003811 -0.002953
f 1734 1732 1738 
f 1729 1725 1730 
f 1726 1727 1731 
f 1725 1729 1732 
f 1731 1727 1733 
f 1729 1728 1734 
f 1728 1731 1734 
f 1731 1732 1734 
f 1728 1729 1735 
f 1730 1726 1735 
f 1729 1730 1735 
f 1726 1731 1735 
f 1731 1728 1735 
f 1727 1726 1736 
f 1726 1730 1736 
f 1730 1725 1736 
f 1725 1733 1736 
f 1733 1727 1736 
f 1732 1731 1737 
f 1725 1732 1737 
f 1733 1725 1737 
f 1731 1733 1737 
f 1732 1729 1738 
f 1729 1734 1738 
o convex_124
v 0.015172 -0.003597 -0.001664
v 0.015816 -0.001126 0.000163
v 0.015709 -0.001126 0.000163
v 0.013775 -0.001126 -0.002309
v 0.014635 -0.003811 0.000163
v 0.014527 -0.003811 -0.002309
v 0.015064 -0.001878 -0.001879
v 0.015924 -0.002200 0.000055
v 0.015172 -0.003811 -0.000482
v 0.014205 -0.001126 -0.002309
v 0.015709 -0.001556 -0.000697
v 0.014849 -0.002952 -0.002309
v 0.015601 -0.003059 0.000163
v 0.015279 -0.001126 -0.001234
f 1740 1749 1752 
f 1741 1740 1742 
f 1740 1741 1743 
f 1741 1742 1743 
f 1743 1742 1744 
f 1744 1739 1747 
f 1743 1744 1747 
f 1742 1740 1748 
f 1744 1742 1748 
f 1746 1739 1749 
f 1740 1746 1749 
f 1739 1744 1750 
f 1744 1748 1750 
f 1748 1745 1750 
f 1745 1749 1750 
f 1749 1739 1750 
f 1740 1743 1751 
f 1739 1746 1751 
f 1746 1740 1751 
f 1747 1739 1751 
f 1743 1747 1751 
f 1748 1740 1752 
f 1745 1748 1752 
f 1749 1745 1752 
o convex_125
v -0.015022 -0.002630 0.004138
v -0.014378 -0.006176 0.000163
v -0.014592 -0.005208 0.000163
v -0.014807 -0.002630 0.000163
v -0.014270 -0.005746 0.004353
v -0.014485 -0.006176 0.003494
v -0.014163 -0.005961 0.000163
v -0.014807 -0.002523 0.004353
v -0.015022 -0.002953 0.000700
v -0.014378 -0.006176 0.004353
v -0.015022 -0.002523 0.000163
f 1761 1753 1763 
f 1754 1755 1756 
f 1755 1754 1758 
f 1754 1756 1759 
f 1759 1756 1760 
f 1757 1759 1760 
f 1758 1753 1761 
f 1755 1758 1761 
f 1758 1754 1762 
f 1753 1758 1762 
f 1754 1759 1762 
f 1759 1757 1762 
f 1760 1753 1762 
f 1757 1760 1762 
f 1756 1755 1763 
f 1753 1760 1763 
f 1760 1756 1763 
f 1755 1761 1763 
o convex_126
v -0.014700 -0.003705 0.005106
v -0.013840 -0.002523 0.006073
v -0.013840 -0.002523 0.005965
v -0.013626 -0.006176 0.006073
v -0.014270 -0.005638 0.004353
v -0.014807 -0.002523 0.004353
v -0.013948 -0.005961 0.006073
v -0.014377 -0.006176 0.004891
v -0.014485 -0.002523 0.005642
v -0.014915 -0.003168 0.004353
f 1764 1772 1773 
f 1766 1765 1767 
f 1766 1767 1768 
f 1766 1768 1769 
f 1765 1766 1769 
f 1767 1765 1770 
f 1768 1767 1771 
f 1770 1764 1771 
f 1767 1770 1771 
f 1765 1769 1772 
f 1770 1765 1772 
f 1764 1770 1772 
f 1769 1768 1773 
f 1768 1771 1773 
f 1771 1764 1773 
f 1772 1769 1773 
o convex_127
v -0.014055 0.000486 0.003601
v -0.015022 -0.002522 0.000163
v -0.015130 -0.002415 0.001989
v -0.014592 0.000164 0.000270
v -0.013733 0.000379 0.003493
v -0.015022 -0.001233 0.003709
v -0.014915 -0.002522 0.003709
v -0.014163 0.000271 0.000163
v -0.015130 -0.001448 0.000593
v -0.014915 -0.002522 0.000163
v -0.014700 -0.000052 0.002634
v -0.014378 0.000486 0.000270
f 1777 1784 1785 
f 1776 1775 1780 
f 1778 1774 1780 
f 1779 1776 1780 
f 1774 1779 1780 
f 1775 1777 1781 
f 1775 1776 1782 
f 1777 1775 1782 
f 1776 1779 1782 
f 1780 1775 1783 
f 1778 1780 1783 
f 1775 1781 1783 
f 1781 1778 1783 
f 1779 1774 1784 
f 1777 1782 1784 
f 1782 1779 1784 
f 1774 1778 1785 
f 1781 1777 1785 
f 1778 1781 1785 
f 1784 1774 1785 
