# Blender 5.0.1
# www.blender.org
mtllib proximal_126.mtl
o 2_JOINT_SC_9_segmentation.007
v -0.000826 0.008304 -0.023564
v -0.005360 0.007962 -0.030053
v -0.007495 0.006164 -0.030975
v -0.009665 0.004222 -0.029418
v -0.011429 -0.000620 -0.028654
v -0.010423 -0.003370 -0.029051
v -0.010382 -0.001940 -0.030248
v -0.008931 -0.001538 -0.031822
v -0.007154 0.001441 -0.032913
v -0.008951 -0.003724 -0.030782
v -0.009003 -0.006741 -0.029919
v -0.010592 -0.006770 -0.028576
v -0.012093 -0.006107 -0.026874
v -0.011377 0.000317 -0.027072
v -0.011704 -0.002869 -0.025349
v -0.010880 -0.000037 -0.025168
v -0.010622 0.001897 -0.026978
v -0.008987 0.004812 -0.025575
v -0.010716 0.001656 -0.028328
v -0.011468 -0.003465 -0.027269
v -0.009101 0.005507 -0.028575
v -0.005991 0.008224 -0.027056
v -0.007349 0.007442 -0.026569
v -0.009222 0.005317 -0.026733
v -0.007333 0.007378 -0.029526
v -0.007679 0.006164 -0.025225
v -0.007387 0.005273 -0.024294
v -0.006914 0.003421 -0.022477
v -0.005535 0.008335 -0.026145
v -0.004162 0.008289 -0.025063
v -0.005626 0.007373 -0.024542
v -0.009455 -0.001133 -0.022662
v -0.008224 0.001061 -0.022717
v -0.012330 -0.008670 -0.025728
v -0.012363 -0.007383 -0.026449
v -0.010752 -0.008747 -0.027206
v -0.008907 -0.008365 -0.029225
v -0.010441 -0.011676 -0.027241
v -0.011089 -0.011845 -0.026346
v -0.011943 -0.014184 -0.024104
v -0.013005 -0.011677 -0.023834
v -0.012093 -0.011874 -0.025553
v -0.012849 -0.005468 -0.024927
v -0.012466 -0.005414 -0.023045
v -0.012853 -0.013780 -0.022120
v -0.010972 -0.017794 -0.024179
v -0.010830 -0.013410 -0.025865
v -0.007673 -0.012390 -0.028784
v -0.007095 -0.003919 -0.031713
v -0.007069 -0.006579 -0.031059
v -0.006264 -0.011601 -0.029701
v -0.007377 -0.016404 -0.028867
v -0.008490 -0.017352 -0.027459
v -0.008697 -0.025382 -0.024041
v -0.007634 -0.023766 -0.026079
v -0.007558 -0.018763 -0.027662
v -0.005930 -0.017175 -0.029382
v -0.006340 -0.021024 -0.027815
v -0.007460 -0.026911 -0.025673
v -0.006058 -0.026729 -0.026728
v -0.005940 -0.028589 -0.025972
v -0.006053 -0.033247 -0.024267
v -0.007187 -0.031116 -0.024179
v -0.004338 -0.032253 -0.026334
v -0.004921 -0.033875 -0.025019
v -0.006854 -0.037487 -0.022690
v -0.005904 -0.037726 -0.024187
v -0.006747 -0.037401 -0.018761
v -0.004367 -0.046599 -0.024336
v -0.004396 -0.048732 -0.023947
v -0.004523 -0.051456 -0.022620
v -0.005325 -0.048738 -0.022548
v -0.005359 -0.042886 -0.022435
v -0.005342 -0.043692 -0.019195
v -0.003759 -0.055559 -0.022889
v -0.003663 -0.059929 -0.022755
v -0.003047 -0.062159 -0.022511
v -0.003749 -0.061718 -0.021160
v -0.003808 -0.065491 -0.020697
v -0.002925 -0.065538 -0.022409
v -0.001355 -0.078401 -0.022582
v -0.000591 -0.078908 -0.023164
v 0.000259 -0.081621 -0.022865
v 0.001427 -0.085623 -0.022986
v 0.001275 -0.078560 -0.024325
v 0.000385 -0.075818 -0.024502
v 0.000428 -0.066952 -0.025322
v 0.000220 -0.071722 -0.024394
v -0.000108 -0.070146 -0.024317
v 0.003495 -0.080654 -0.025253
v 0.002306 -0.086142 -0.022914
v 0.003418 -0.085442 -0.024070
v 0.005453 -0.085482 -0.024570
v 0.005155 -0.083187 -0.025331
v 0.002020 -0.075594 -0.025366
v 0.003377 -0.077896 -0.025409
v 0.006006 -0.079923 -0.025129
v 0.004018 -0.086161 -0.023833
v 0.008289 -0.085612 -0.023839
v 0.008472 -0.086191 -0.023450
v 0.009514 -0.085482 -0.023264
v 0.010199 -0.086223 -0.022288
v 0.009507 -0.086081 -0.022131
v -0.000674 -0.085279 -0.021250
v -0.000464 -0.081356 -0.021873
v -0.001184 -0.084478 -0.020652
v -0.000531 -0.085999 -0.018360
v -0.000221 -0.086176 -0.021247
v 0.000905 -0.086059 -0.017928
v 0.001288 -0.086082 -0.021309
v 0.003279 -0.084995 -0.015167
v 0.000545 -0.086196 -0.017218
v 0.009147 -0.075907 -0.023799
v 0.001977 -0.069193 -0.025367
v 0.001915 -0.063553 -0.025462
v -0.000949 -0.049274 -0.026019
v -0.002049 -0.047734 -0.025400
v -0.002782 -0.049895 -0.024412
v -0.002787 -0.057235 -0.024430
v -0.002767 -0.059137 -0.024115
v -0.001934 -0.062088 -0.023525
v -0.001279 -0.066697 -0.024389
v -0.001239 -0.060498 -0.024478
v 0.000277 -0.057868 -0.025895
v 0.000755 -0.060789 -0.025452
v 0.002134 -0.056912 -0.026908
v -0.001251 -0.052047 -0.025217
v 0.001754 -0.051888 -0.026740
v 0.006847 -0.077590 -0.025389
v 0.008717 -0.066197 -0.024364
v 0.009638 -0.071537 -0.022917
v 0.006262 -0.065993 -0.025460
v 0.003547 -0.063049 -0.025753
v 0.004800 -0.052828 -0.025487
v 0.008097 -0.056776 -0.023029
v 0.009698 -0.066953 -0.022607
v 0.011023 -0.073123 -0.020776
v 0.010845 -0.086201 -0.020819
v 0.011315 -0.085512 -0.020693
v 0.011269 -0.075143 -0.020820
v 0.004521 -0.086208 -0.015210
v 0.011279 -0.084992 -0.018676
v 0.011303 -0.081030 -0.019215
v 0.010735 -0.085898 -0.017620
v 0.010453 -0.084389 -0.017005
v 0.009586 -0.085590 -0.016480
v 0.006580 -0.086178 -0.015047
v -0.000565 -0.084391 -0.017427
v -0.001821 -0.079550 -0.020952
v -0.001590 -0.073137 -0.022369
v -0.001928 -0.070847 -0.023083
v -0.002339 -0.071641 -0.020924
v -0.002320 -0.078111 -0.020701
v -0.001680 -0.080973 -0.019257
v -0.000774 -0.080056 -0.017235
v -0.002338 -0.077527 -0.019098
v -0.001379 -0.077219 -0.017292
v -0.002345 -0.071802 -0.019159
v -0.002044 -0.069252 -0.018086
v -0.003957 -0.057528 -0.020908
v -0.004556 -0.054119 -0.018739
v -0.003824 -0.059689 -0.019113
v -0.002885 -0.054555 -0.017295
v -0.003817 -0.063845 -0.019081
v -0.000513 -0.070096 -0.016686
v -0.000386 -0.075407 -0.016702
v 0.000102 -0.082905 -0.016471
v -0.001923 -0.067151 -0.016903
v -0.001994 -0.055362 -0.016732
v -0.005345 -0.052001 -0.019135
v -0.005729 -0.041873 -0.020195
v -0.002665 -0.052323 -0.016406
v -0.004259 -0.051815 -0.017167
v -0.002362 -0.042714 -0.016204
v -0.002788 -0.063257 -0.017176
v 0.000378 -0.072692 -0.015628
v 0.000102 -0.067621 -0.015754
v 0.002258 -0.075925 -0.015415
v 0.001913 -0.072655 -0.014808
v 0.003576 -0.082181 -0.014719
v 0.005056 -0.085573 -0.014743
v 0.010405 -0.076632 -0.017386
v 0.010414 -0.081223 -0.017421
v 0.011278 -0.075888 -0.019117
v 0.010454 -0.074647 -0.022434
v 0.008911 -0.064243 -0.022603
v 0.008815 -0.059415 -0.022613
v 0.007996 -0.053232 -0.023059
v 0.000562 -0.048977 -0.026854
v -0.002647 -0.043023 -0.025894
v -0.003485 -0.040539 -0.025034
v -0.004242 -0.037904 -0.025810
v -0.002617 -0.037284 -0.026755
v -0.001017 -0.042811 -0.026799
v -0.002573 -0.039633 -0.026178
v -0.002313 -0.028583 -0.028242
v -0.005977 -0.022799 -0.027405
v -0.003994 -0.022169 -0.028595
v -0.005586 -0.020280 -0.028699
v -0.004518 -0.017407 -0.029832
v -0.004138 -0.025880 -0.028003
v 0.000344 -0.044412 -0.026869
v -0.002264 -0.032042 -0.026981
v -0.000655 -0.031886 -0.027208
v -0.001002 -0.029669 -0.028335
v 0.000692 -0.032943 -0.026905
v 0.001859 -0.050307 -0.026910
v 0.003666 -0.059962 -0.026136
v 0.004687 -0.049844 -0.024962
v 0.007484 -0.051309 -0.022747
v 0.006285 -0.050030 -0.023349
v 0.007188 -0.049301 -0.022683
v 0.007246 -0.042072 -0.022663
v 0.005506 -0.050685 -0.024427
v 0.003975 -0.051042 -0.025960
v 0.002259 -0.030794 -0.026840
v 0.006870 -0.038032 -0.021728
v 0.006441 -0.038336 -0.022814
v 0.006130 -0.040809 -0.023482
v 0.002832 -0.028635 -0.026732
v 0.002459 -0.026287 -0.027432
v 0.003155 -0.022297 -0.026635
v 0.000808 -0.030964 -0.027224
v 0.000977 -0.026588 -0.028212
v 0.002412 -0.021979 -0.027544
v 0.000618 -0.022186 -0.028420
v -0.000895 -0.020594 -0.029430
v -0.002493 -0.023010 -0.028472
v -0.003926 -0.020243 -0.029592
v -0.002460 -0.020601 -0.029762
v -0.005558 -0.015039 -0.029877
v -0.007200 -0.008559 -0.030066
v -0.005420 -0.004174 -0.031626
v -0.005313 -0.001928 -0.032669
v -0.007007 -0.001897 -0.032733
v -0.005094 -0.009122 -0.030120
v -0.003177 -0.010401 -0.030226
v -0.004230 -0.011638 -0.029924
v 0.002243 -0.016452 -0.028488
v -0.000236 -0.015952 -0.029742
v -0.001084 -0.018639 -0.029925
v 0.000411 -0.019673 -0.029086
v -0.000770 -0.010490 -0.030074
v 0.000732 -0.013017 -0.029877
v 0.001764 -0.014322 -0.029253
v 0.000498 -0.008779 -0.029952
v 0.003450 -0.012450 -0.028491
v 0.003848 -0.019371 -0.027453
v 0.003973 -0.015040 -0.027578
v -0.002356 -0.008408 -0.031348
v -0.004196 -0.007312 -0.031218
v -0.005277 0.000050 -0.032904
v -0.005286 0.003168 -0.032788
v -0.008910 0.002614 -0.031843
v -0.009568 0.002735 -0.030720
v -0.007214 0.003576 -0.032599
v -0.002314 0.000373 -0.031416
v -0.003094 -0.002144 -0.031563
v -0.002133 -0.003162 -0.031323
v 0.000605 -0.004118 -0.029922
v 0.002595 -0.004535 -0.028870
v 0.002552 0.002524 -0.028821
v 0.000781 -0.000694 -0.030527
v -0.003911 0.007073 -0.030946
v -0.006077 0.006108 -0.031462
v -0.004764 0.008326 -0.029881
v -0.003179 0.008287 -0.028874
v -0.001659 0.004757 -0.030876
v -0.001162 0.008275 -0.028225
v 0.001624 0.003691 -0.029048
v 0.003519 0.002361 -0.027586
v -0.000410 0.007683 -0.028627
v -0.000197 0.006465 -0.029411
v 0.000879 0.007179 -0.027998
v 0.000716 0.008185 -0.024205
v -0.002877 0.008341 -0.023682
v -0.005543 0.005327 -0.022381
v -0.007298 0.000869 -0.020515
v -0.010671 -0.003143 -0.022049
v -0.011870 -0.005218 -0.020631
v -0.011136 -0.007359 -0.018167
v -0.009931 -0.018911 -0.018195
v -0.008939 -0.022581 -0.017424
v -0.009096 -0.019232 -0.017127
v -0.008767 -0.025383 -0.019226
v -0.009797 -0.024577 -0.022208
v -0.007846 -0.028459 -0.024316
v -0.008352 -0.030635 -0.022259
v -0.008730 -0.026417 -0.022825
v -0.007302 -0.032756 -0.022329
v -0.008417 -0.031213 -0.020777
v -0.007008 -0.039670 -0.020633
v -0.007167 -0.033213 -0.019132
v -0.008159 -0.028399 -0.018704
v -0.007445 -0.028085 -0.017316
v -0.006127 -0.033559 -0.017497
v -0.005191 -0.033544 -0.016756
v -0.004903 -0.040062 -0.017693
v -0.004346 -0.041235 -0.017237
v -0.005796 -0.037706 -0.017297
v -0.004907 -0.031345 -0.016110
v -0.006456 -0.031270 -0.016851
v -0.007694 -0.024333 -0.017263
v -0.007681 -0.022415 -0.016474
v -0.006660 -0.024195 -0.016580
v -0.004321 -0.036336 -0.016290
v -0.001738 -0.036482 -0.015031
v -0.003436 -0.039360 -0.016137
v 0.006827 -0.084879 -0.014703
v 0.008623 -0.084978 -0.015614
v 0.009379 -0.080973 -0.016670
v 0.009293 -0.074661 -0.016568
v 0.010018 -0.069224 -0.020857
v 0.010712 -0.073009 -0.019289
v 0.009902 -0.068790 -0.018568
v 0.009755 -0.065495 -0.021074
v 0.008944 -0.057010 -0.021265
v 0.009597 -0.072986 -0.017160
v 0.009829 -0.058864 -0.019879
v 0.008707 -0.054109 -0.020935
v 0.009684 -0.065728 -0.017381
v 0.008652 -0.067039 -0.015895
v 0.008908 -0.062796 -0.017365
v 0.006888 -0.064864 -0.015600
v 0.006850 -0.068934 -0.014721
v 0.008687 -0.068762 -0.015669
v 0.003530 -0.074642 -0.014715
v 0.005211 -0.066353 -0.014727
v 0.009749 -0.054585 -0.019156
v 0.008907 -0.053127 -0.017406
v 0.008319 -0.050017 -0.017786
v 0.008419 -0.051162 -0.019611
v 0.008133 -0.050982 -0.021189
v 0.008073 -0.041557 -0.021243
v 0.005685 -0.024702 -0.024237
v 0.004699 -0.025465 -0.024944
v 0.003972 -0.024526 -0.025955
v 0.004565 -0.023265 -0.025513
v 0.005813 -0.024085 -0.024410
v 0.004734 -0.016529 -0.026522
v 0.005587 -0.016672 -0.025926
v 0.006045 -0.021731 -0.025079
v 0.006265 -0.016898 -0.024973
v 0.006170 -0.014344 -0.026427
v 0.005358 -0.012614 -0.027536
v 0.004092 -0.002829 -0.027495
v 0.005827 -0.003138 -0.025869
v 0.004753 -0.002227 -0.026545
v 0.003216 -0.002112 -0.027994
v 0.004592 0.001103 -0.026376
v 0.007100 -0.006023 -0.025749
v 0.007780 -0.006349 -0.024615
v 0.008387 -0.006705 -0.023441
v 0.007856 -0.014212 -0.024649
v 0.007461 -0.016780 -0.024009
v 0.007216 -0.022226 -0.024194
v 0.007138 -0.014050 -0.025771
v 0.008643 -0.010452 -0.023884
v 0.006197 -0.005877 -0.026451
v 0.005438 -0.005031 -0.027467
v 0.007595 -0.023888 -0.022706
v 0.008209 -0.023330 -0.021528
v 0.008297 -0.021535 -0.022539
v 0.008300 -0.016637 -0.022529
v 0.008522 -0.014280 -0.022706
v 0.009144 -0.010966 -0.022902
v 0.008173 -0.026263 -0.020987
v 0.007019 -0.030013 -0.021420
v 0.006425 -0.029515 -0.022883
v 0.008319 -0.040754 -0.020027
v 0.008224 -0.039081 -0.017388
v 0.007799 -0.036005 -0.017894
v 0.008124 -0.037593 -0.019648
v 0.008218 -0.028804 -0.019527
v 0.008313 -0.036575 -0.019037
v 0.008520 -0.016395 -0.019755
v 0.007189 -0.035266 -0.017348
v 0.007163 -0.025406 -0.017329
v 0.006270 -0.025815 -0.016699
v 0.005466 -0.027338 -0.015655
v 0.000455 -0.048826 -0.014775
v -0.000388 -0.052098 -0.015984
v 0.007925 -0.063517 -0.016663
v 0.002079 -0.051341 -0.014731
v 0.003647 -0.045203 -0.014712
v 0.005333 -0.045742 -0.014799
v 0.007913 -0.051556 -0.016735
v 0.007138 -0.042668 -0.016338
v 0.008060 -0.043241 -0.017174
v 0.007000 -0.045775 -0.015675
v 0.005440 -0.042657 -0.015620
v 0.005719 -0.037589 -0.015841
v 0.006179 -0.034348 -0.016653
v 0.004008 -0.043009 -0.014886
v 0.007473 -0.038004 -0.016572
v 0.000632 -0.043348 -0.014726
v -0.000085 -0.041808 -0.014903
v -0.000882 -0.039753 -0.014755
v -0.003885 -0.033953 -0.015504
v -0.005772 -0.027208 -0.015896
v -0.007121 -0.020811 -0.015602
v -0.010165 -0.017025 -0.017144
v -0.009270 -0.014675 -0.016394
v -0.010509 -0.015486 -0.017285
v -0.010214 -0.003426 -0.019079
v -0.009187 -0.002013 -0.021180
v -0.008070 -0.000955 -0.019055
v -0.009494 -0.002643 -0.018818
v -0.008772 -0.002130 -0.018065
v -0.009055 -0.005214 -0.016827
v -0.010477 -0.007018 -0.017274
v -0.009195 -0.008886 -0.016401
v -0.007940 -0.017383 -0.015981
v -0.005744 -0.023023 -0.015580
v -0.004149 -0.026752 -0.014901
v -0.002555 -0.033961 -0.014801
v -0.005063 -0.019522 -0.014492
v -0.003980 -0.018679 -0.014085
v -0.003646 -0.022862 -0.014549
v -0.001079 -0.025236 -0.014543
v -0.002624 -0.028031 -0.014751
v -0.001056 -0.033997 -0.014704
v 0.000926 -0.025764 -0.014608
v -0.002558 -0.021203 -0.013463
v 0.003616 -0.027279 -0.014714
v 0.005552 -0.024707 -0.015212
v 0.003797 -0.024914 -0.014645
v 0.004182 -0.022256 -0.014257
v 0.002126 -0.021435 -0.013204
v 0.000091 -0.022799 -0.013403
v 0.000711 -0.013784 -0.013210
v 0.005143 -0.017317 -0.014730
v 0.006900 -0.022897 -0.015610
v 0.008240 -0.021804 -0.017415
v 0.007754 -0.025144 -0.018142
v 0.009503 -0.013878 -0.020832
v 0.008791 -0.004107 -0.022465
v 0.003143 0.004889 -0.025168
v 0.002660 0.004833 -0.027089
v -0.000004 0.008295 -0.025692
v 0.001526 0.007298 -0.025151
v 0.000720 0.007323 -0.022238
v -0.000675 0.007414 -0.021925
v -0.005887 0.003582 -0.020853
v -0.007112 0.000251 -0.018978
v -0.006174 0.000331 -0.018443
v -0.008831 -0.011694 -0.015621
v -0.005904 -0.015150 -0.014795
v -0.002448 -0.018661 -0.013216
v -0.003637 -0.014488 -0.014716
v -0.002414 -0.015374 -0.014301
v -0.000699 -0.015950 -0.013417
v -0.000938 -0.011998 -0.013290
v -0.002137 -0.010992 -0.013982
v -0.003807 -0.011015 -0.014698
v -0.005587 -0.006898 -0.014923
v -0.007179 -0.003788 -0.016356
v -0.007733 -0.002063 -0.017315
v -0.005830 -0.001947 -0.017034
v -0.005844 0.001366 -0.019227
v -0.004393 0.001253 -0.018682
v -0.003790 0.004239 -0.019990
v -0.004942 -0.004774 -0.015993
v -0.000660 -0.010820 -0.013530
v -0.002597 -0.007373 -0.014811
v 0.001861 -0.011260 -0.013436
v 0.000108 -0.006357 -0.015066
v -0.001439 -0.009120 -0.014470
v 0.003809 -0.012066 -0.013382
v 0.002232 -0.016017 -0.013223
v 0.003871 -0.013953 -0.013335
v 0.005479 -0.014053 -0.014207
v 0.006295 -0.012616 -0.014569
v 0.005098 -0.010560 -0.014486
v 0.002428 -0.009117 -0.014505
v 0.003900 -0.006414 -0.014967
v 0.002160 -0.005375 -0.014944
v -0.002356 0.000014 -0.017418
v -0.003722 -0.001581 -0.016562
v 0.000622 -0.002352 -0.016329
v -0.002550 0.001213 -0.018286
v 0.000974 0.001227 -0.018307
v 0.002287 0.003315 -0.019371
v 0.003824 0.000131 -0.017444
v 0.005278 0.002663 -0.020764
v 0.004058 0.004166 -0.021678
v 0.003792 0.002675 -0.018941
v 0.003017 -0.002682 -0.016144
v 0.004628 -0.004884 -0.015850
v 0.007093 -0.015878 -0.015745
v 0.007414 -0.000369 -0.020774
v 0.006218 0.000982 -0.021249
v 0.005728 0.000573 -0.018524
v 0.006955 -0.000589 -0.019066
v 0.007106 -0.012276 -0.014816
v 0.009798 -0.009783 -0.018883
v 0.009714 -0.004891 -0.020769
v 0.006693 -0.001749 -0.018120
v 0.006011 -0.003381 -0.016595
v 0.007977 -0.002233 -0.019301
v 0.004953 0.000010 -0.017636
v 0.008837 -0.004472 -0.017407
v 0.009770 -0.006198 -0.017845
v 0.008873 -0.008035 -0.015941
v 0.007899 -0.012775 -0.015646
v 0.008674 -0.007026 -0.015912
v 0.009747 -0.008015 -0.017489
v 0.009080 -0.011156 -0.017557
v 0.007554 -0.003554 -0.017145
v 0.006930 -0.007709 -0.014892
v 0.009284 -0.004001 -0.019035
v 0.008713 -0.015362 -0.017552
v 0.008320 -0.017468 -0.017648
v 0.006278 0.000350 -0.022958
v 0.007269 -0.001929 -0.023249
v 0.009766 -0.014133 -0.019358
v 0.009776 -0.011104 -0.021190
v 0.003277 0.004279 -0.020485
v 0.003147 0.004932 -0.021981
v 0.002075 0.006003 -0.021686
v -0.002221 0.005384 -0.020296
v 0.000745 0.005581 -0.020215
v -0.001055 -0.004970 -0.015933
v -0.007475 -0.012211 -0.014812
v -0.006434 -0.006683 -0.015386
v -0.005663 -0.009240 -0.014696
v -0.004047 0.007305 -0.022743
v -0.002710 0.007304 -0.021952
v 0.004133 0.004096 -0.024505
v 0.005459 0.000472 -0.025675
v 0.006204 -0.000098 -0.024353
v 0.006707 -0.003822 -0.024827
v 0.008325 -0.024077 -0.019230
v 0.002177 -0.022957 -0.013462
v -0.004052 -0.029474 -0.015539
v 0.005499 -0.021268 -0.025728
v 0.004752 -0.020783 -0.026270
v 0.009778 -0.063588 -0.019096
v 0.009681 -0.059579 -0.021009
v -0.006000 -0.040034 -0.018982
v -0.009306 -0.021763 -0.024707
v -0.010535 -0.016043 -0.025614
v -0.009128 -0.013695 -0.027380
v -0.009516 -0.016980 -0.026189
v -0.009110 -0.018261 -0.025854
v -0.010480 -0.020253 -0.023876
v -0.011356 -0.019411 -0.022405
v -0.011833 -0.015706 -0.022430
v -0.011828 -0.015758 -0.020629
v -0.009725 -0.024726 -0.020797
v -0.008767 -0.026593 -0.020721
v -0.010271 -0.021421 -0.020049
v -0.011344 -0.019415 -0.020693
v -0.013070 -0.009001 -0.020691
v -0.012986 -0.013535 -0.020810
v -0.012166 -0.011063 -0.018878
v -0.010463 -0.020091 -0.019089
v -0.011741 -0.014806 -0.019065
v -0.012074 -0.007050 -0.019231
v -0.011206 -0.015650 -0.018361
v -0.009706 -0.023320 -0.019079
v -0.010273 -0.021464 -0.022666
v -0.003907 0.003673 -0.031924
v -0.000822 0.001760 -0.030806
v -0.000569 -0.000651 -0.031237
v 0.001705 0.000033 -0.029539
v -0.008833 0.005379 -0.030122
v -0.010536 -0.000007 -0.030086
v -0.001217 -0.037926 -0.026902
v -0.004077 -0.033912 -0.026115
v -0.004725 -0.038532 -0.025039
v -0.004424 -0.041268 -0.024265
v -0.005075 -0.040197 -0.023588
v -0.007060 -0.034451 -0.022405
v -0.005851 -0.041132 -0.021911
v -0.003231 -0.044760 -0.025069
v -0.001434 -0.045422 -0.025967
v -0.001652 -0.049050 -0.015884
v -0.004060 -0.057458 -0.019241
v -0.001416 -0.070094 -0.017356
v -0.003153 -0.067308 -0.019191
v -0.002283 -0.067282 -0.022956
v 0.000469 -0.085604 -0.016767
v 0.008403 -0.085872 -0.015648
v 0.005454 -0.086080 -0.015823
v 0.009181 -0.086124 -0.016879
v 0.010921 -0.086194 -0.018975
v 0.010394 -0.085132 -0.022531
v 0.007255 -0.063835 -0.024595
v 0.004854 -0.061605 -0.025474
v 0.007814 -0.063024 -0.023427
v 0.006889 -0.053066 -0.024522
v 0.006999 -0.062354 -0.024439
v 0.002040 -0.058560 -0.026688
v 0.004537 -0.065050 -0.025783
v 0.007192 -0.065758 -0.025236
v 0.008701 -0.080459 -0.023761
v 0.008612 -0.077093 -0.024498
v 0.000134 -0.085470 -0.022308
v 0.007162 -0.084487 -0.024243
v -0.005256 -0.054088 -0.020671
v -0.005356 -0.049912 -0.021253
v -0.005616 -0.031109 -0.025848
v -0.008720 -0.021698 -0.025796
v -0.007473 -0.022025 -0.026932
v -0.013062 -0.007881 -0.024183
v -0.012742 -0.006781 -0.020738
v -0.008827 -0.011457 -0.028530
v -0.011098 -0.001724 -0.024315
v -0.010839 -0.001616 -0.023760
v -0.009695 0.001366 -0.024900
v -0.008629 0.002057 -0.024055
v 0.017299 0.054221 0.036939
v 0.012439 0.054574 0.032051
v 0.006696 0.046632 0.027532
v 0.006581 0.045583 0.026712
v 0.005206 0.043492 0.025847
v 0.004467 0.043392 0.027505
v 0.002683 0.039055 0.024966
v -0.000182 0.036557 0.025390
v -0.001881 0.032932 0.025047
v -0.004984 0.029764 0.026096
v -0.007040 0.027131 0.027644
v -0.006432 0.029580 0.027471
v -0.006336 0.029256 0.030565
v -0.006938 0.029541 0.029343
v -0.006975 0.027517 0.029390
v -0.005151 0.033261 0.029320
v -0.005905 0.031304 0.029383
v -0.005121 0.032225 0.027850
v -0.003444 0.032467 0.025779
v -0.004356 0.033222 0.027275
v -0.002100 0.035011 0.026418
v -0.002867 0.036117 0.027571
v -0.004609 0.035308 0.030981
v -0.003955 0.035722 0.029157
v -0.002884 0.037198 0.029085
v -0.001943 0.038005 0.029086
v 0.000160 0.039573 0.027833
v -0.003066 0.037029 0.030903
v 0.001558 0.041046 0.028008
v 0.002712 0.041245 0.026923
v 0.000217 0.040440 0.029390
v 0.002506 0.042324 0.029222
v 0.003522 0.043474 0.029148
v 0.000244 0.040471 0.032617
v -0.001641 0.037997 0.033187
v -0.001961 0.037960 0.032512
v -0.003279 0.035800 0.032781
v -0.005204 0.033648 0.031260
v -0.005721 0.030975 0.030889
v -0.005906 0.027835 0.031383
v -0.005706 0.024792 0.029374
v -0.006204 0.024919 0.025779
v -0.004590 0.028148 0.025128
v -0.003962 0.026373 0.023600
v -0.003995 0.024699 0.020029
v -0.004720 0.021044 0.020328
v -0.007421 0.010092 0.019152
v -0.012525 0.007695 0.014698
v -0.019456 0.003199 0.010029
v -0.019564 -0.003139 0.008317
v -0.023217 0.003407 0.003711
v -0.025039 0.003904 0.002264
v -0.026548 0.004129 0.001498
v -0.028414 0.000774 -0.003035
v -0.035107 -0.000493 -0.008647
v -0.041829 0.000954 -0.018046
v -0.041300 0.002195 -0.019759
v -0.040681 0.003844 -0.020726
v -0.041720 0.006176 -0.021414
v -0.042491 0.004949 -0.020162
v -0.043353 0.005709 -0.018861
v -0.044000 0.007670 -0.018058
v -0.043579 0.016499 -0.018374
v -0.037383 0.006300 -0.022040
v -0.040526 0.006338 -0.022054
v -0.040482 0.010739 -0.022387
v -0.040682 0.000430 -0.018040
v -0.037200 0.001877 -0.019811
v -0.037898 0.000475 -0.018021
v -0.037949 0.000056 -0.017116
v -0.040637 -0.000458 -0.016415
v -0.040551 -0.000445 -0.015817
v -0.040008 -0.001470 -0.013552
v -0.037957 -0.000571 -0.013019
v -0.038155 -0.000506 -0.016221
v -0.036342 0.000008 -0.015305
v -0.033482 0.001563 -0.017891
v -0.034508 0.005334 -0.020640
v -0.034913 0.007849 -0.021889
v -0.041153 0.025864 -0.024030
v -0.039140 0.024072 -0.025401
v -0.037481 0.023851 -0.025471
v -0.036267 0.024910 -0.026354
v -0.037464 0.026197 -0.026641
v -0.037358 0.027767 -0.026531
v -0.039020 0.018310 -0.025307
v -0.038405 0.010213 -0.022399
v -0.032530 0.002365 -0.018447
v -0.023618 0.003111 -0.019409
v -0.034670 0.003499 -0.019748
v -0.029680 0.010369 -0.022506
v -0.024103 0.005529 -0.020740
v -0.035874 0.018013 -0.025173
v -0.035699 0.021248 -0.025630
v -0.033391 0.015227 -0.024232
v -0.029880 0.013964 -0.024358
v -0.026826 0.010409 -0.023523
v -0.027764 0.018135 -0.025764
v -0.028854 0.020201 -0.026777
v -0.026796 0.013896 -0.025266
v -0.026124 0.018374 -0.025825
v -0.025753 0.016945 -0.025477
v -0.026077 0.012373 -0.024406
v -0.025042 0.014456 -0.024894
v -0.025000 0.010941 -0.023744
v -0.025431 0.008767 -0.022750
v -0.024919 0.007548 -0.021621
v -0.023008 0.011430 -0.023264
v -0.023582 0.003936 -0.019983
v -0.030886 0.002227 -0.018116
v -0.031316 0.001615 -0.016747
v -0.027972 0.002008 -0.017441
v -0.031535 0.001322 -0.015876
v -0.035316 0.000887 -0.017071
v -0.035550 0.000732 -0.016275
v -0.034894 0.000262 -0.014877
v -0.033550 0.000732 -0.016161
v -0.033560 0.000830 -0.014584
v -0.031587 0.000748 -0.014968
v -0.035043 -0.000497 -0.013074
v -0.037337 -0.000436 -0.012848
v -0.034118 0.000081 -0.013224
v -0.032079 0.000066 -0.011661
v -0.031047 0.000811 -0.012264
v -0.027946 0.000809 -0.015004
v -0.027999 0.001291 -0.015740
v -0.022090 0.003020 -0.018334
v -0.020282 0.002960 -0.017615
v -0.023557 0.002005 -0.017758
v -0.021247 0.004982 -0.019766
v -0.018884 0.004959 -0.019795
v -0.019002 0.008068 -0.021128
v -0.021063 0.006129 -0.020469
v -0.022720 0.007806 -0.021237
v -0.021526 0.010318 -0.022390
v -0.021224 0.012762 -0.023585
v -0.022321 0.014574 -0.024402
v -0.024533 0.019330 -0.025630
v -0.026717 0.020789 -0.026882
v -0.029841 0.018551 -0.025672
v -0.030910 0.021692 -0.026270
v -0.029514 0.025269 -0.026846
v -0.028770 0.028023 -0.026894
v -0.034372 0.023331 -0.026819
v -0.035649 0.026078 -0.026710
v -0.032036 0.023047 -0.026649
v -0.032807 0.028228 -0.026815
v -0.035968 0.028967 -0.025487
v -0.031272 0.028527 -0.026689
v -0.030997 0.030590 -0.025651
v -0.035431 0.033302 -0.025341
v -0.033828 0.030409 -0.025598
v -0.037532 0.030094 -0.025596
v -0.039079 0.027370 -0.026167
v -0.040050 0.029380 -0.024724
v -0.039032 0.030491 -0.025535
v -0.039145 0.034159 -0.025199
v -0.040040 0.026166 -0.024995
v -0.040850 0.032780 -0.022691
v -0.040736 0.029186 -0.023158
v -0.041632 0.024621 -0.022982
v -0.040295 0.022442 -0.024417
v -0.040291 0.018492 -0.024573
v -0.040841 0.017311 -0.022825
v -0.041016 0.019184 -0.023261
v -0.042596 0.018483 -0.020846
v -0.042402 0.024419 -0.021244
v -0.044006 0.024856 -0.018041
v -0.044789 0.006751 -0.016526
v -0.043124 0.001123 -0.016774
v -0.044493 0.000984 -0.015094
v -0.043404 -0.000878 -0.014402
v -0.042063 -0.001375 -0.014748
v -0.041849 -0.002407 -0.013248
v -0.040338 -0.002319 -0.012104
v -0.037656 -0.000532 -0.011948
v -0.044010 -0.001352 -0.011928
v -0.043765 -0.002188 -0.010487
v -0.045756 0.000502 -0.010500
v -0.045034 -0.001007 -0.010401
v -0.044941 0.001093 -0.013011
v -0.044919 0.001739 -0.014191
v -0.044938 0.005886 -0.012699
v -0.045938 0.002064 -0.011112
v -0.046689 0.003348 -0.010600
v -0.045153 -0.001281 -0.008516
v -0.045751 0.006612 -0.009453
v -0.045998 0.008697 -0.007913
v -0.044963 0.008635 -0.009955
v -0.046612 0.005413 -0.009395
v -0.044936 0.007937 -0.015746
v -0.044865 0.024561 -0.016378
v -0.043710 0.027584 -0.017295
v -0.041811 0.028790 -0.021137
v -0.042257 0.026457 -0.021299
v -0.042701 0.031976 -0.018813
v -0.043860 0.031817 -0.016591
v -0.041466 0.033180 -0.021385
v -0.040544 0.035720 -0.020806
v -0.041999 0.033594 -0.019428
v -0.040080 0.034301 -0.024411
v -0.040058 0.035895 -0.023138
v -0.038994 0.035882 -0.024172
v -0.031286 0.035903 -0.024168
v -0.042239 0.034282 -0.016106
v -0.042214 0.033871 -0.018129
v -0.038947 0.037069 -0.020467
v -0.040441 0.035865 -0.019887
v -0.044931 0.023606 -0.011735
v -0.046739 0.020529 -0.009021
v -0.045944 0.020326 -0.009639
v -0.046605 0.023930 -0.008996
v -0.046781 0.018850 -0.007433
v -0.046812 0.006148 -0.007154
v -0.046531 0.000684 -0.008553
v -0.046818 0.001782 -0.010072
v -0.045908 0.024472 -0.009386
v -0.045115 0.024831 -0.010872
v -0.045110 -0.000648 -0.006403
v -0.046413 0.000529 -0.004190
v -0.043581 -0.002390 -0.009025
v -0.040365 -0.002372 -0.008478
v -0.043429 -0.002265 -0.008284
v -0.044967 -0.000524 -0.003889
v -0.043819 -0.000926 -0.006367
v -0.045141 -0.000415 -0.005502
v -0.039571 -0.001374 -0.007495
v -0.040140 -0.000748 -0.006104
v -0.038169 -0.000855 -0.008272
v -0.045127 0.000375 -0.002286
v -0.046629 0.000992 -0.002988
v -0.046815 0.015355 -0.005347
v -0.045739 0.028155 -0.007255
v -0.046934 0.024572 -0.005004
v -0.047352 0.017426 -0.000597
v -0.046809 0.002045 -0.003627
v -0.046809 0.004316 -0.000772
v -0.046540 0.002401 -0.001225
v -0.045581 0.003248 -0.000039
v -0.044233 0.004184 0.000828
v -0.045099 0.002014 -0.000326
v -0.039984 -0.000433 -0.005330
v -0.041288 -0.000504 -0.003989
v -0.037761 -0.000468 -0.006833
v -0.036254 -0.000422 -0.007227
v -0.034249 0.000699 -0.006803
v -0.036694 0.000758 -0.004437
v -0.037218 0.001313 -0.002914
v -0.040364 0.000660 -0.002273
v -0.041546 0.000409 -0.002212
v -0.046794 0.014842 0.000295
v -0.046819 0.008702 0.000693
v -0.045136 0.006924 0.001536
v -0.042914 0.005214 0.001753
v -0.042212 0.003859 0.001199
v -0.038277 0.000762 -0.003809
v -0.042205 0.008182 0.002285
v -0.038114 0.002327 -0.000395
v -0.039605 0.002989 0.000520
v -0.043385 0.012522 0.003445
v -0.032390 0.001333 -0.002893
v -0.037646 0.001564 -0.002073
v -0.032701 0.001612 -0.002009
v -0.036976 0.004708 0.001666
v -0.038164 0.005742 0.002009
v -0.038553 0.008436 0.003211
v -0.034817 0.005135 0.002640
v -0.033205 0.006733 0.003693
v -0.030017 0.000736 -0.002348
v -0.030311 0.001526 -0.000822
v -0.031593 0.002314 -0.000371
v -0.034930 0.004136 0.001498
v -0.029614 0.001385 -0.001068
v -0.029148 0.002811 0.000325
v -0.026313 0.004905 0.002429
v -0.041534 0.009662 0.003263
v -0.037444 0.015372 0.003477
v -0.036549 0.012688 0.003886
v -0.045223 0.011110 0.002147
v -0.046878 0.021232 0.000071
v -0.047008 0.017438 0.000257
v -0.046660 0.020265 0.000850
v -0.045973 0.019405 0.001374
v -0.045955 0.010812 0.001386
v -0.045351 0.015904 0.002581
v -0.045307 0.020355 0.001848
v -0.042333 0.017402 0.003444
v -0.043963 0.020166 0.002070
v -0.045271 0.022901 0.001250
v -0.046137 0.023098 0.000039
v -0.046672 0.026404 -0.000857
v -0.046650 0.028143 -0.002226
v -0.045794 0.029256 -0.005552
v -0.046607 0.028215 -0.005935
v -0.045112 0.030421 -0.007156
v -0.044920 0.030231 -0.009240
v -0.043800 0.033004 -0.009994
v -0.042191 0.034328 -0.010988
v -0.041107 0.034904 -0.011646
v -0.039904 0.035400 -0.010777
v -0.038698 0.036244 -0.017756
v -0.039040 0.037043 -0.022507
v -0.031969 0.038308 -0.019254
v -0.034057 0.037010 -0.020516
v -0.037543 0.037056 -0.018583
v -0.035670 0.037021 -0.018409
v -0.034587 0.037612 -0.017974
v -0.035798 0.036989 -0.014485
v -0.029122 0.038289 -0.019505
v -0.031377 0.037660 -0.020726
v -0.033150 0.038315 -0.017621
v -0.031017 0.034380 -0.025076
v -0.028613 0.029572 -0.026596
v -0.026516 0.026650 -0.026768
v -0.025760 0.029041 -0.025588
v -0.018871 0.013852 -0.023648
v -0.019278 0.016777 -0.024288
v -0.020546 0.017586 -0.025153
v -0.028120 0.030899 -0.025805
v -0.028990 0.032600 -0.025349
v -0.027427 0.034863 -0.024086
v -0.023743 0.031481 -0.025252
v -0.026278 0.032915 -0.025119
v -0.023739 0.020675 -0.025395
v -0.024045 0.027129 -0.025439
v -0.021411 0.029721 -0.025232
v -0.023286 0.033812 -0.023831
v -0.025710 0.035216 -0.023192
v -0.027812 0.036169 -0.023374
v -0.028120 0.036906 -0.022734
v -0.032757 0.037046 -0.022356
v -0.031740 0.037053 -0.021953
v -0.027321 0.037159 -0.021594
v -0.025723 0.036778 -0.021613
v -0.020882 0.031562 -0.024283
v -0.020476 0.019470 -0.025392
v -0.017673 0.022655 -0.025270
v -0.017554 0.019798 -0.024168
v -0.020005 0.009156 -0.021851
v -0.018541 0.005715 -0.020182
v -0.018800 0.004082 -0.018425
v -0.016521 0.005240 -0.018672
v -0.016365 0.011154 -0.021171
v -0.018662 0.011483 -0.022322
v -0.014420 0.016756 -0.022498
v -0.017643 0.002852 -0.016136
v -0.013374 0.006784 -0.018334
v -0.015428 0.007448 -0.019619
v -0.016167 0.008706 -0.020460
v -0.017515 0.016493 -0.023710
v -0.016005 0.021520 -0.024128
v -0.014499 0.019407 -0.023652
v -0.012877 0.018983 -0.022610
v -0.014404 0.004729 -0.017612
v -0.014191 0.002382 -0.015574
v -0.020161 0.001986 -0.016098
v -0.026183 0.001526 -0.015481
v -0.026671 0.000771 -0.013912
v -0.025699 0.001458 -0.014526
v -0.024227 0.002082 -0.014586
v -0.021799 0.002007 -0.016439
v -0.018709 0.001501 -0.013590
v -0.019059 0.002007 -0.014399
v -0.018484 0.002059 -0.014957
v -0.015100 0.001220 -0.013847
v -0.015885 0.000327 -0.012688
v -0.024546 0.001371 -0.012999
v -0.023808 0.001529 -0.013669
v -0.024021 0.000749 -0.011951
v -0.019752 0.000785 -0.011799
v -0.017853 0.000553 -0.011529
v -0.020138 0.000648 -0.010945
v -0.033009 -0.000479 -0.010659
v -0.030806 0.000802 -0.009607
v -0.032677 0.000801 -0.007851
v -0.029157 0.000782 -0.010535
v -0.022137 0.000177 -0.006974
v -0.021954 0.000721 -0.008426
v -0.021640 0.000792 -0.009846
v -0.019784 -0.000367 -0.009575
v -0.016643 -0.000481 -0.011190
v -0.015641 -0.000212 -0.012378
v -0.019683 -0.002288 -0.007974
v -0.020590 -0.000337 -0.008435
v -0.023561 0.000803 -0.006891
v -0.023999 -0.000252 -0.003974
v -0.034805 0.000798 -0.005676
v -0.025029 0.000787 -0.004967
v -0.022897 -0.002391 -0.004296
v -0.023323 0.000048 -0.005847
v -0.021373 -0.002188 -0.006402
v -0.019215 -0.003968 -0.006611
v -0.021859 -0.003224 -0.004392
v -0.016884 -0.002398 -0.010188
v -0.012750 0.001666 -0.015302
v -0.013420 0.003081 -0.016262
v -0.011607 0.002760 -0.016611
v -0.011376 0.006593 -0.018240
v -0.010463 0.004734 -0.018066
v -0.011495 0.005538 -0.017468
v -0.010550 0.001697 -0.016891
v -0.008867 0.003659 -0.018642
v -0.009817 0.008165 -0.019237
v -0.011861 -0.000021 -0.014730
v -0.007183 0.001802 -0.018685
v -0.006780 -0.000424 -0.017461
v -0.005659 0.003786 -0.019589
v -0.007783 0.006008 -0.019618
v -0.011020 0.008366 -0.019161
v -0.007425 0.009613 -0.020576
v -0.009213 0.009784 -0.019622
v -0.013092 0.010241 -0.020543
v -0.014228 0.012556 -0.020977
v -0.011396 0.013736 -0.020508
v -0.012463 0.008917 -0.019876
v -0.012521 0.017603 -0.021764
v -0.011526 0.016738 -0.020988
v -0.016118 0.028435 -0.025395
v -0.015821 0.026718 -0.025262
v -0.016965 0.029628 -0.025205
v -0.015963 0.030681 -0.024393
v -0.013942 0.028786 -0.024228
v -0.019257 0.034974 -0.022499
v -0.021955 0.033903 -0.023742
v -0.022296 0.035684 -0.022721
v -0.021115 0.036165 -0.022116
v -0.027603 0.037810 -0.020494
v -0.019368 0.037095 -0.021371
v -0.017682 0.039627 -0.019057
v -0.015691 0.038139 -0.020155
v -0.013146 0.032120 -0.023705
v -0.014548 0.033059 -0.023526
v -0.013005 0.034163 -0.022576
v -0.011207 0.028228 -0.023668
v -0.013576 0.023946 -0.023821
v -0.009541 0.023047 -0.021519
v -0.010034 0.020548 -0.021141
v -0.010037 0.018147 -0.020091
v -0.009461 0.013946 -0.019559
v -0.009226 0.012829 -0.019402
v -0.007726 0.015597 -0.019082
v -0.007244 0.007643 -0.020466
v -0.007340 0.014515 -0.019467
v -0.005371 0.005092 -0.020269
v -0.005414 0.001130 -0.018704
v -0.003841 0.003446 -0.019411
v -0.002634 0.001369 -0.018167
v -0.003877 0.007077 -0.021250
v -0.004986 0.007446 -0.021044
v -0.002431 0.008465 -0.021735
v -0.002407 0.006505 -0.021173
v -0.000139 0.005483 -0.019961
v 0.002080 0.001365 -0.018204
v 0.002311 0.003090 -0.018779
v 0.001307 0.004841 -0.019154
v 0.000878 0.011157 -0.019531
v -0.003753 0.009396 -0.021814
v -0.000793 0.007173 -0.020996
v 0.001008 0.008898 -0.019777
v -0.000845 0.010740 -0.020537
v -0.002594 0.010693 -0.021385
v 0.000972 0.003398 -0.019057
v -0.005283 0.009802 -0.020982
v -0.005595 0.013322 -0.020529
v -0.003947 0.013029 -0.020687
v -0.006265 0.014787 -0.019644
v -0.008118 0.017945 -0.019104
v -0.008348 0.023577 -0.021012
v -0.008089 0.021672 -0.019954
v -0.006091 0.025238 -0.019875
v -0.006058 0.026463 -0.020557
v -0.006631 0.031085 -0.022099
v -0.008927 0.027313 -0.022236
v -0.010387 0.027778 -0.023212
v -0.011371 0.032943 -0.022437
v -0.008765 0.029338 -0.022237
v -0.013604 0.035697 -0.022075
v -0.015332 0.037111 -0.021378
v -0.013387 0.037822 -0.021087
v -0.018854 0.040491 -0.018080
v -0.026629 0.039165 -0.019295
v -0.027304 0.040067 -0.017813
v -0.026953 0.040268 -0.016572
v -0.030798 0.038254 -0.017732
v -0.032203 0.038870 -0.015145
v -0.033261 0.038479 -0.014835
v -0.033052 0.038296 -0.015763
v -0.034340 0.037753 -0.014207
v -0.031532 0.040052 -0.013349
v -0.037157 0.037067 -0.012244
v -0.035906 0.037654 -0.012085
v -0.036415 0.037493 -0.008435
v -0.034761 0.038215 -0.008120
v -0.034813 0.038195 -0.011528
v -0.035260 0.037813 -0.008043
v -0.035291 0.037457 -0.006389
v -0.039368 0.035152 -0.006413
v -0.040328 0.034669 -0.009392
v -0.041541 0.034000 -0.008955
v -0.044639 0.031772 -0.007895
v -0.044178 0.032623 -0.015067
v -0.044328 0.032347 -0.005193
v -0.045289 0.030030 -0.002589
v -0.045379 0.028578 -0.000579
v -0.043792 0.033048 -0.004938
v -0.042575 0.033759 -0.009977
v -0.042374 0.033772 -0.005321
v -0.043950 0.032634 -0.003931
v -0.040653 0.034467 -0.004970
v -0.039862 0.034711 -0.005160
v -0.038949 0.036066 -0.008433
v -0.037840 0.036846 -0.008527
v -0.038333 0.035447 -0.005353
v -0.041434 0.034007 -0.004983
v -0.045278 0.026347 0.000695
v -0.043283 0.025064 0.001920
v -0.037718 0.020894 0.003328
v -0.041243 0.020318 0.002057
v -0.041921 0.025517 0.001699
v -0.037801 0.023402 0.002246
v -0.035038 0.023494 0.003331
v -0.034024 0.028326 0.002308
v -0.036284 0.034743 -0.001419
v -0.041204 0.033783 -0.003405
v -0.043565 0.032100 -0.002355
v -0.043455 0.030251 -0.000364
v -0.043592 0.027527 0.000662
v -0.041039 0.027435 0.000781
v -0.041246 0.030448 0.000090
v -0.040880 0.031749 -0.000532
v -0.041706 0.032931 -0.002336
v -0.039994 0.025894 0.001848
v -0.037515 0.028223 0.001856
v -0.039269 0.022781 0.002071
v -0.035861 0.025510 0.002252
v -0.038609 0.029521 0.000975
v -0.039334 0.032869 -0.000583
v -0.038404 0.033118 -0.000599
v -0.039129 0.031390 0.000302
v -0.037447 0.033035 -0.000149
v -0.036368 0.030717 0.000810
v -0.035478 0.029023 0.001840
v -0.035420 0.032733 0.000420
v -0.038406 0.035263 -0.004043
v -0.037342 0.036118 -0.003701
v -0.036046 0.036983 -0.005446
v -0.036055 0.037044 -0.004042
v -0.036432 0.036027 -0.002607
v -0.038573 0.034179 -0.002234
v -0.034797 0.033932 -0.000036
v -0.032973 0.036246 -0.000604
v -0.034450 0.035569 -0.001283
v -0.034276 0.036952 -0.003113
v -0.034322 0.037596 -0.004353
v -0.033369 0.037784 -0.004247
v -0.032668 0.038384 -0.005976
v -0.030826 0.040244 -0.012252
v -0.029226 0.040262 -0.014276
v -0.029469 0.040911 -0.011963
v -0.031709 0.039942 -0.008664
v -0.033715 0.038182 -0.006356
v -0.031930 0.038347 -0.003880
v -0.031100 0.037954 -0.002293
v -0.031056 0.039095 -0.004753
v -0.029353 0.040028 -0.004297
v -0.033060 0.032640 0.001483
v -0.034674 0.016905 0.004704
v -0.035694 0.015473 0.004407
v -0.035038 0.013101 0.004889
v -0.034269 0.008680 0.004070
v -0.032655 0.008603 0.004927
v -0.031612 0.005819 0.003206
v -0.026810 0.006357 0.003767
v -0.031165 0.006548 0.004017
v -0.029955 0.008571 0.005184
v -0.031849 0.012426 0.005529
v -0.033178 0.010416 0.005057
v -0.028118 0.007616 0.004874
v -0.028428 0.008783 0.005832
v -0.025822 0.007824 0.005392
v -0.025563 0.006061 0.004033
v -0.023239 0.004771 0.004805
v -0.026978 0.008184 0.005758
v -0.025578 0.009474 0.006730
v -0.029859 0.012243 0.006517
v -0.032487 0.017393 0.005223
v -0.029630 0.023054 0.005679
v -0.032271 0.019221 0.004909
v -0.034411 0.015010 0.005168
v -0.036025 0.018043 0.003575
v -0.034077 0.019560 0.003744
v -0.033061 0.023354 0.003765
v -0.033094 0.026902 0.003207
v -0.030101 0.028450 0.003578
v -0.030223 0.025954 0.004097
v -0.029866 0.017118 0.006614
v -0.028177 0.012065 0.006676
v -0.026687 0.010437 0.006875
v -0.024573 0.008729 0.006587
v -0.023834 0.006695 0.005359
v -0.022434 0.003430 0.005357
v -0.021980 0.006315 0.006371
v -0.021603 0.005573 0.006622
v -0.022960 0.015519 0.010014
v -0.022386 0.013558 0.010901
v -0.023056 0.009999 0.009178
v -0.025002 0.011221 0.007913
v -0.026377 0.013939 0.007637
v -0.026568 0.022819 0.007282
v -0.025452 0.016286 0.008837
v -0.023371 0.017788 0.009755
v -0.023591 0.013693 0.009167
v -0.021133 0.007741 0.008554
v -0.019831 0.005555 0.008771
v -0.020019 0.007626 0.009085
v -0.018650 0.005864 0.009523
v -0.021068 0.003407 0.008552
v -0.021992 0.000564 0.006740
v -0.022161 0.002078 0.006858
v -0.020569 0.005273 0.007802
v -0.020696 -0.001492 0.008230
v -0.021321 0.000514 0.008351
v -0.017948 0.008076 0.011109
v -0.021784 0.010415 0.010727
v -0.019532 0.009290 0.011117
v -0.016519 0.010140 0.016509
v -0.016423 0.008380 0.012326
v -0.018466 0.010252 0.013636
v -0.015983 0.009087 0.015592
v -0.014194 0.007545 0.013767
v -0.014995 0.008696 0.015093
v -0.013930 0.009098 0.016189
v -0.011705 0.008645 0.016682
v -0.016274 0.010674 0.017152
v -0.015200 0.011565 0.018155
v -0.012542 0.009172 0.017481
v -0.010182 0.009140 0.017641
v -0.009026 0.008581 0.017872
v -0.009358 0.010716 0.018770
v -0.013557 0.010200 0.018340
v -0.016711 0.014422 0.018076
v -0.019084 0.012951 0.015208
v -0.020092 0.012042 0.013569
v -0.021493 0.020765 0.010879
v -0.023352 0.023012 0.008813
v -0.027026 0.026488 0.006122
v -0.029046 0.027913 0.004181
v -0.032257 0.033703 0.001236
v -0.031319 0.035312 0.000868
v -0.026620 0.030849 0.003992
v -0.028430 0.026627 0.005297
v -0.024563 0.029642 0.005826
v -0.023199 0.027847 0.007207
v -0.022529 0.026143 0.008400
v -0.022029 0.023446 0.009403
v -0.021304 0.026657 0.008946
v -0.020314 0.021819 0.011046
v -0.021479 0.016677 0.011457
v -0.020969 0.015699 0.012946
v -0.021405 0.013406 0.012900
v -0.019416 0.016802 0.014463
v -0.020220 0.014238 0.013875
v -0.018842 0.019079 0.013806
v -0.018254 0.014924 0.016872
v -0.018400 0.021999 0.013279
v -0.020003 0.019213 0.012254
v -0.019862 0.017103 0.013452
v -0.019213 0.021502 0.012116
v -0.018976 0.023631 0.011549
v -0.020947 0.024529 0.010055
v -0.019836 0.026349 0.009802
v -0.018689 0.026051 0.010378
v -0.024927 0.027006 0.006606
v -0.022512 0.031838 0.006492
v -0.024366 0.033833 0.004438
v -0.030629 0.037354 -0.000553
v -0.029305 0.038927 -0.001146
v -0.030999 0.040173 -0.008245
v -0.030111 0.040697 -0.008374
v -0.029348 0.040251 -0.005599
v -0.028624 0.041320 -0.008384
v -0.023982 0.041074 -0.016115
v -0.025311 0.041468 -0.015093
v -0.027510 0.041262 -0.013792
v -0.023221 0.041774 -0.015353
v -0.022259 0.040381 -0.018179
v -0.021506 0.041791 -0.016493
v -0.016323 0.041566 -0.018283
v -0.019649 0.042645 -0.015197
v -0.020758 0.043135 -0.013816
v -0.027818 0.041505 -0.012430
v -0.026058 0.042303 -0.012153
v -0.022846 0.042917 -0.013176
v -0.023472 0.043770 -0.010370
v -0.024803 0.042839 -0.011060
v -0.026028 0.042345 -0.006971
v -0.027286 0.041909 -0.010743
v -0.028198 0.040774 -0.005164
v -0.029190 0.040925 -0.008313
v -0.027681 0.041521 -0.007264
v -0.026733 0.041924 -0.006105
v -0.025189 0.042196 -0.004848
v -0.026761 0.040971 -0.003691
v -0.027996 0.040150 -0.002287
v -0.029321 0.036468 0.000571
v -0.029603 0.033300 0.002206
v -0.026370 0.033900 0.003171
v -0.028646 0.034955 0.001594
v -0.026629 0.038028 0.000932
v -0.023866 0.036046 0.003442
v -0.026890 0.039620 -0.000739
v -0.024883 0.040059 0.000842
v -0.026755 0.040769 -0.002363
v -0.025471 0.041641 -0.002704
v -0.023778 0.043537 -0.005350
v -0.024702 0.042876 -0.005930
v -0.022530 0.044890 -0.009672
v -0.020170 0.044973 -0.011879
v -0.018527 0.044510 -0.012782
v -0.015166 0.040389 -0.019150
v -0.013164 0.040247 -0.019874
v -0.010426 0.034696 -0.022205
v -0.005122 0.030503 -0.021195
v -0.006882 0.036021 -0.021976
v -0.010441 0.040395 -0.019780
v -0.016163 0.042588 -0.016872
v -0.016367 0.044049 -0.014621
v -0.017153 0.045325 -0.011472
v -0.018442 0.045799 -0.010531
v -0.014923 0.045052 -0.013388
v -0.014558 0.042144 -0.017578
v -0.014149 0.043505 -0.016329
v -0.014508 0.044252 -0.015306
v -0.012727 0.045171 -0.013256
v -0.020309 0.045734 -0.010140
v -0.021057 0.045719 -0.008765
v -0.022500 0.044959 -0.006196
v -0.021447 0.045495 -0.006749
v -0.020260 0.045874 -0.007860
v -0.016177 0.046637 -0.010304
v -0.014932 0.046004 -0.011239
v -0.011431 0.042278 -0.017407
v -0.006822 0.034634 -0.022224
v -0.003709 0.026928 -0.019423
v -0.006596 0.022765 -0.019228
v -0.007187 0.020850 -0.018658
v -0.005829 0.016998 -0.017952
v -0.006162 0.019471 -0.017940
v -0.005385 0.016279 -0.018175
v -0.004836 0.020445 -0.017481
v -0.004906 0.024730 -0.018516
v -0.003871 0.030792 -0.020703
v -0.002515 0.031429 -0.020573
v -0.000674 0.035434 -0.020596
v -0.000673 0.030847 -0.019519
v -0.002707 0.026734 -0.018817
v -0.003932 0.024532 -0.017273
v -0.003414 0.023097 -0.016553
v -0.003397 0.017797 -0.017443
v -0.002952 0.015627 -0.018636
v -0.003026 0.014597 -0.019758
v -0.000740 0.015261 -0.018274
v 0.001434 0.013139 -0.018147
v 0.001687 0.010680 -0.018785
v 0.002533 0.006142 -0.018187
v 0.004369 0.001542 -0.017106
v 0.003085 0.000326 -0.017324
v 0.001712 -0.003057 -0.015757
v -0.004864 -0.010923 -0.012660
v -0.007437 -0.007753 -0.013591
v -0.006771 -0.009767 -0.013116
v -0.005997 -0.011775 -0.011985
v -0.005969 -0.013239 -0.009357
v -0.008099 -0.013340 -0.008819
v -0.010444 -0.012270 -0.008742
v -0.012943 -0.005231 -0.011438
v -0.013170 -0.008955 -0.010656
v -0.011666 -0.009101 -0.012230
v -0.010961 -0.009791 -0.012264
v -0.010192 -0.008577 -0.013013
v -0.008308 -0.004909 -0.015324
v -0.009114 -0.005522 -0.014140
v -0.010615 -0.001041 -0.015259
v -0.014820 -0.004385 -0.010887
v -0.015963 -0.004921 -0.009080
v -0.018506 -0.002335 -0.009046
v -0.020398 -0.004799 -0.004216
v -0.020534 -0.004252 0.000329
v -0.020300 -0.004874 -0.001294
v -0.022896 -0.002401 -0.002272
v -0.027281 0.001736 -0.001260
v -0.026715 0.002979 0.000505
v -0.026717 0.001361 -0.002118
v -0.025588 0.000797 -0.002327
v -0.025139 0.001502 -0.000137
v -0.023210 0.001410 0.002474
v -0.023315 0.000595 0.000710
v -0.021709 -0.001725 0.000744
v -0.023778 -0.000494 -0.001764
v -0.021647 -0.003440 -0.002029
v -0.018800 -0.004805 0.004709
v -0.019857 -0.003755 0.004958
v -0.020417 -0.004514 0.002325
v -0.019989 -0.004223 0.003710
v -0.018392 -0.005207 0.006939
v -0.022123 0.000589 0.004454
v -0.021370 -0.000736 0.003058
v -0.019756 -0.003892 0.006713
v -0.017800 -0.004964 0.008312
v -0.018697 -0.006368 0.002390
v -0.019435 -0.005911 -0.004204
v -0.017244 -0.005404 -0.007247
v -0.019553 -0.005850 0.002028
v -0.019261 -0.005374 -0.005266
v -0.013894 -0.005703 -0.010619
v -0.010697 -0.002114 -0.014179
v -0.011840 -0.004069 -0.012469
v -0.009981 -0.005849 -0.013555
v -0.014988 -0.006959 -0.008973
v -0.013721 -0.009624 -0.009644
v -0.013423 -0.011657 -0.007808
v -0.012674 -0.013048 -0.004939
v -0.011046 -0.013084 -0.006723
v -0.008292 -0.014063 -0.006996
v -0.006942 -0.014187 -0.007292
v -0.005571 -0.012826 -0.010560
v -0.003967 -0.013063 -0.009616
v -0.003097 -0.012826 -0.010602
v -0.002676 -0.011618 -0.012039
v 0.000266 -0.013358 -0.010855
v -0.000612 -0.010023 -0.013846
v -0.001596 -0.013442 -0.010300
v -0.003683 -0.013703 -0.008171
v 0.000373 -0.012852 -0.011931
v -0.001004 -0.014245 -0.008898
v -0.003102 -0.014251 -0.007264
v 0.003961 -0.013076 -0.010923
v 0.000696 -0.012252 -0.012749
v 0.002385 -0.012121 -0.012830
v 0.002145 -0.004814 -0.014854
v 0.001866 -0.008625 -0.014540
v 0.003619 -0.011889 -0.013175
v 0.004818 -0.010011 -0.014366
v 0.004603 -0.006262 -0.014987
v 0.007029 -0.005707 -0.015814
v 0.007891 -0.005516 -0.015436
v 0.006792 -0.001664 -0.015619
v 0.003322 0.001581 -0.017862
v 0.004293 -0.000892 -0.016786
v 0.004806 -0.004301 -0.015933
v 0.006053 -0.003906 -0.016004
v 0.005347 -0.001010 -0.016916
v 0.006515 -0.000465 -0.015756
v 0.003226 0.005432 -0.017246
v 0.004045 0.004009 -0.016680
v 0.002549 0.010908 -0.018174
v 0.003194 0.011022 -0.017265
v 0.004816 0.002755 -0.015680
v 0.006045 0.002383 -0.014953
v 0.008629 -0.004006 -0.013824
v 0.008245 -0.006096 -0.014556
v 0.006825 -0.007893 -0.014359
v 0.006613 -0.009227 -0.013696
v 0.004003 -0.012887 -0.011930
v 0.002453 -0.013701 -0.009767
v 0.002694 -0.013565 -0.005949
v 0.001882 -0.014193 -0.006613
v -0.000568 -0.014184 -0.006473
v 0.004048 -0.013638 -0.010122
v 0.005498 -0.013064 -0.009301
v 0.005231 -0.011877 -0.012509
v 0.008514 0.007343 -0.013737
v 0.008588 0.012114 -0.011771
v 0.009624 0.007318 -0.012571
v 0.009325 -0.006522 -0.012822
v 0.007369 -0.012006 -0.010281
v 0.005442 -0.012986 -0.006582
v 0.000322 -0.014251 -0.004965
v -0.010887 -0.013585 -0.005215
v -0.015135 -0.011425 -0.004000
v -0.015686 -0.007979 -0.007080
v -0.016745 -0.007401 -0.005674
v -0.016685 -0.008199 -0.000223
v -0.016887 -0.007897 -0.004194
v -0.018646 -0.006427 -0.004227
v -0.017049 -0.007771 0.002276
v -0.015326 -0.009731 0.001786
v -0.013078 -0.012809 -0.006601
v -0.015449 -0.009567 0.003661
v -0.014123 -0.012521 0.001997
v -0.014827 -0.011977 -0.000356
v -0.013424 -0.012957 -0.003266
v -0.014428 -0.011679 0.003752
v -0.013590 -0.012458 0.005007
v -0.016133 -0.008681 0.004067
v -0.017758 -0.006165 0.005062
v -0.017002 -0.006974 0.005129
v -0.015103 -0.008790 0.005846
v -0.015731 -0.007451 0.007193
v -0.019370 -0.001416 0.010077
v -0.017833 -0.002365 0.010639
v -0.014725 -0.007646 0.008375
v -0.016362 -0.006363 0.008436
v -0.013629 -0.006288 0.010171
v -0.013391 -0.010754 0.006812
v -0.012775 -0.013590 0.003298
v -0.013073 -0.013507 -0.001425
v -0.011900 -0.013621 -0.004152
v -0.009870 -0.014212 -0.004294
v -0.001342 -0.014183 -0.004250
v -0.010438 -0.013571 -0.003339
v -0.000870 -0.013561 -0.003311
v 0.006818 -0.012969 -0.008763
v 0.008261 -0.011981 -0.008613
v 0.009570 -0.008459 -0.011646
v 0.009877 -0.009902 -0.009936
v 0.009889 -0.010409 -0.008686
v 0.007697 -0.012241 -0.006294
v 0.011653 -0.008057 -0.009824
v 0.012527 -0.005906 -0.010324
v 0.014023 -0.004382 -0.009056
v 0.012342 -0.007308 -0.008596
v 0.010660 -0.010065 -0.006202
v 0.011858 -0.009581 -0.005575
v 0.012567 -0.008748 -0.005479
v 0.011662 -0.008643 -0.008418
v 0.013680 -0.005729 -0.007509
v 0.011475 -0.009562 -0.002793
v 0.006629 -0.012929 -0.006696
v 0.004301 -0.013578 -0.006240
v 0.003642 -0.013572 -0.000284
v 0.006713 -0.012381 -0.003461
v 0.003584 -0.013626 -0.004028
v 0.005794 -0.012962 -0.003919
v 0.004592 -0.012952 -0.004009
v 0.003413 -0.013631 0.002637
v -0.011002 -0.013619 0.005375
v 0.004541 -0.012978 -0.000160
v 0.005736 -0.012952 -0.000486
v 0.006499 -0.012343 0.001164
v 0.007484 -0.012061 -0.003901
v 0.009968 -0.010615 -0.002985
v 0.012249 -0.008470 -0.001186
v 0.013922 -0.006082 -0.005736
v 0.010920 -0.009535 0.000066
v 0.007803 -0.012276 -0.001719
v 0.009454 -0.011131 -0.000057
v 0.009298 -0.011297 0.002572
v 0.004620 -0.012934 0.003933
v 0.005721 -0.012978 0.003262
v 0.004195 -0.013635 0.006913
v 0.007746 -0.012327 0.006048
v 0.006835 -0.012340 0.005231
v 0.005495 -0.012929 0.008210
v 0.006494 -0.012973 0.007911
v -0.004507 -0.013596 0.007338
v -0.002106 -0.013561 0.007822
v -0.008484 -0.013617 0.005755
v -0.009625 -0.012833 0.006965
v -0.012081 -0.012831 0.005951
v -0.012344 -0.010571 0.008910
v -0.011566 -0.010850 0.009106
v -0.010706 -0.010849 0.009630
v -0.010698 -0.011948 0.008704
v -0.009647 -0.009714 0.008654
v -0.008135 -0.012529 0.007400
v -0.008024 -0.010232 0.008344
v -0.010521 -0.008630 0.010512
v -0.010768 -0.006844 0.011590
v -0.012370 -0.006826 0.010916
v -0.015319 -0.005315 0.009651
v -0.017923 0.002410 0.011167
v -0.017578 0.005461 0.010464
v -0.017211 0.000620 0.011625
v -0.015906 0.001928 0.012304
v -0.016011 0.006569 0.011414
v -0.014381 0.006339 0.012278
v -0.013201 0.006276 0.013445
v -0.013361 0.001529 0.013082
v -0.014059 0.003055 0.012751
v -0.014325 0.005157 0.012146
v -0.008922 -0.007338 0.010209
v -0.007933 -0.007306 0.010140
v -0.007071 -0.008010 0.010136
v -0.006590 -0.012628 0.007920
v -0.004349 -0.012699 0.008880
v -0.006616 -0.010413 0.008879
v -0.004466 -0.010641 0.009688
v -0.003108 -0.013576 0.009148
v -0.004159 -0.007796 0.011288
v -0.002690 -0.006629 0.013660
v -0.004629 -0.005305 0.012202
v -0.003510 -0.005537 0.012848
v -0.002224 -0.014048 0.011973
v -0.001759 -0.014709 0.011209
v -0.001457 -0.014235 0.008849
v 0.001907 -0.013581 0.007916
v 0.002141 -0.014258 0.008998
v 0.004550 -0.013567 0.009446
v 0.006039 -0.013648 0.010882
v 0.006834 -0.013643 0.010331
v 0.005243 -0.014285 0.011276
v -0.001424 -0.014261 0.009914
v -0.000982 -0.015033 0.011194
v -0.000942 -0.013972 0.012863
v 0.000699 -0.014209 0.011164
v 0.006933 -0.013457 0.012030
v 0.007651 -0.012985 0.009862
v 0.007323 -0.012288 0.007391
v 0.008760 -0.011728 0.006130
v 0.009265 -0.012388 0.007730
v 0.008934 -0.011630 0.004438
v 0.010362 -0.010302 0.004549
v 0.010704 -0.009507 0.002447
v 0.011548 -0.009046 0.003236
v 0.012515 -0.009409 0.005542
v 0.011985 -0.010350 0.006781
v 0.008813 -0.012377 0.008580
v 0.008493 -0.013005 0.009718
v 0.004676 -0.014220 0.011897
v 0.000768 -0.014057 0.012127
v 0.001124 -0.012897 0.013433
v -0.001175 -0.011278 0.014185
v -0.002047 -0.006316 0.014486
v -0.003984 0.000030 0.015000
v -0.006969 -0.003544 0.012772
v -0.009576 -0.005030 0.011688
v -0.010732 -0.004153 0.012538
v -0.011200 -0.001449 0.013437
v -0.009817 0.002266 0.015050
v -0.008778 0.002027 0.016081
v -0.009079 0.006071 0.016344
v -0.011347 0.007210 0.015330
v -0.011903 0.003681 0.014303
v -0.009522 0.007951 0.016865
v -0.007993 0.002641 0.016611
v -0.008205 -0.001533 0.013676
v -0.007217 -0.000265 0.014988
v -0.007004 0.001917 0.016979
v -0.005957 0.000421 0.015080
v -0.004194 0.001331 0.015829
v 0.006845 -0.013128 0.012850
v 0.004780 -0.012871 0.013435
v 0.008012 -0.012847 0.011207
v 0.006847 -0.011051 0.014236
v -0.001055 -0.006563 0.015026
v 0.007092 -0.011943 0.013838
v 0.009356 -0.010902 0.013196
v 0.009886 -0.011938 0.010186
v 0.012503 -0.009145 0.007996
v 0.010285 -0.011718 0.007685
v 0.011756 -0.009385 0.010290
v 0.012327 -0.008138 0.003423
v 0.013394 -0.005853 0.001761
v 0.013631 -0.005317 -0.002709
v 0.014723 -0.003097 -0.006666
v 0.011074 -0.006070 -0.011385
v 0.009113 0.009369 -0.012523
v 0.012612 0.006960 -0.011077
v 0.013214 -0.004063 -0.010630
v 0.014584 -0.002317 -0.008932
v 0.014881 0.000860 -0.009841
v 0.013544 0.000601 -0.010594
v 0.013736 0.003496 -0.010316
v 0.013079 0.007887 -0.010623
v 0.011815 0.009764 -0.011055
v 0.009876 0.012334 -0.010581
v 0.011811 0.011255 -0.009684
v 0.008415 0.013294 -0.011177
v 0.003984 0.014864 -0.013878
v 0.002929 0.013034 -0.016711
v 0.004051 0.010902 -0.016674
v 0.004839 0.011361 -0.015637
v 0.006090 0.007291 -0.014883
v 0.007343 0.007129 -0.014363
v 0.007613 0.009140 -0.013500
v 0.006149 0.012170 -0.014036
v 0.006921 0.004212 -0.014289
v 0.007294 0.001324 -0.014631
v -0.000197 0.016210 -0.016499
v -0.002320 0.016677 -0.017733
v -0.001087 0.018509 -0.015154
v -0.000373 0.020272 -0.013662
v -0.000457 0.022411 -0.013851
v -0.001328 0.020789 -0.014269
v -0.001923 0.021061 -0.015046
v -0.001886 0.023958 -0.015884
v 0.000844 0.026768 -0.016567
v -0.001149 0.025806 -0.017142
v 0.001670 0.025552 -0.014231
v -0.000778 0.023491 -0.014732
v 0.000771 0.023730 -0.013315
v 0.000125 0.021325 -0.012761
v 0.001010 0.018479 -0.013092
v 0.001275 0.019487 -0.012166
v 0.001352 0.022255 -0.012002
v 0.002238 0.022121 -0.010321
v 0.002202 0.019657 -0.010325
v 0.002346 0.021034 -0.008547
v 0.002906 0.022930 -0.008506
v 0.003676 0.017075 -0.009183
v 0.002040 0.017146 -0.012749
v 0.001340 0.016125 -0.015009
v 0.001999 0.015569 -0.015202
v 0.006110 0.013268 -0.013380
v 0.002953 0.015999 -0.013031
v 0.005182 0.014998 -0.012254
v 0.005516 0.015293 -0.009890
v 0.011653 0.013037 -0.008047
v 0.013209 0.012796 -0.006672
v 0.011113 0.015002 -0.006554
v 0.009862 0.013502 -0.009344
v 0.008086 0.014975 -0.008380
v 0.006188 0.014861 -0.010784
v 0.003273 0.019942 -0.006947
v 0.003891 0.024270 -0.008162
v 0.003175 0.023946 -0.010727
v 0.002418 0.023804 -0.011855
v 0.005257 0.026619 -0.009774
v 0.004981 0.026783 -0.011220
v 0.004432 0.026735 -0.012625
v 0.002783 0.027467 -0.016416
v -0.000730 0.028062 -0.018888
v -0.004161 0.040352 -0.020716
v -0.004792 0.037371 -0.020898
v -0.006820 0.038286 -0.020864
v -0.006756 0.040858 -0.019988
v -0.008535 0.041214 -0.019418
v -0.009058 0.043113 -0.018011
v -0.005310 0.041282 -0.020388
v -0.001283 0.042552 -0.020506
v -0.000758 0.040568 -0.020718
v -0.003380 0.042317 -0.020248
v -0.011067 0.043482 -0.016426
v -0.012533 0.044325 -0.015150
v -0.012986 0.045984 -0.011348
v -0.011526 0.046313 -0.011623
v -0.018189 0.046645 -0.008886
v -0.012373 0.047500 -0.009112
v -0.016188 0.047675 -0.008801
v -0.011099 0.047704 -0.008538
v -0.009770 0.047750 -0.010288
v -0.008035 0.045042 -0.016330
v -0.009722 0.045109 -0.014997
v -0.009828 0.046883 -0.011558
v -0.008553 0.045885 -0.007703
v -0.008348 0.047082 -0.010242
v -0.008507 0.046042 -0.013525
v -0.008405 0.047268 -0.011726
v -0.005544 0.044921 -0.018512
v -0.002959 0.046873 -0.018129
v -0.001687 0.045458 -0.019246
v -0.001007 0.045089 -0.019402
v 0.001694 0.041841 -0.019671
v 0.002714 0.034108 -0.018923
v 0.000735 0.029652 -0.018845
v 0.003622 0.034034 -0.018148
v 0.003887 0.039749 -0.018184
v 0.001950 0.044497 -0.018650
v 0.002837 0.042263 -0.018685
v 0.001238 0.042719 -0.019702
v 0.000908 0.044261 -0.019155
v -0.001074 0.051224 -0.017353
v -0.000802 0.048719 -0.018313
v -0.000166 0.047874 -0.018910
v -0.004257 0.046880 -0.017544
v -0.005355 0.047320 -0.016471
v -0.002348 0.051314 -0.016921
v -0.006419 0.046786 -0.015767
v -0.006767 0.047183 -0.014144
v -0.007521 0.048060 -0.011693
v -0.005328 0.049042 -0.014931
v -0.001279 0.052270 -0.016707
v 0.002192 0.047555 -0.019116
v 0.002906 0.049359 -0.018208
v 0.003373 0.044815 -0.017985
v 0.004223 0.042607 -0.017581
v 0.003316 0.037020 -0.018547
v 0.004478 0.033581 -0.016589
v 0.003099 0.028189 -0.016697
v 0.002648 0.028807 -0.017533
v 0.002752 0.032070 -0.018215
v 0.005136 0.032820 -0.014755
v 0.004903 0.028284 -0.013278
v 0.006396 0.033196 -0.011769
v 0.005793 0.032955 -0.012858
v 0.004826 0.036925 -0.015571
v 0.006449 0.035796 -0.011119
v 0.006250 0.037549 -0.012129
v 0.005123 0.040586 -0.015996
v 0.004112 0.050123 -0.018333
v 0.005075 0.052428 -0.018869
v 0.005192 0.051585 -0.019137
v 0.004262 0.046800 -0.017990
v 0.006721 0.046349 -0.017513
v 0.006301 0.041735 -0.015435
v 0.007713 0.041797 -0.014198
v 0.008598 0.043951 -0.015473
v 0.004549 0.048929 -0.017992
v 0.007053 0.049378 -0.017848
v 0.007313 0.051599 -0.018417
v 0.008425 0.048183 -0.017462
v 0.009422 0.048371 -0.016952
v 0.010646 0.048108 -0.015705
v 0.007927 0.040791 -0.012639
v 0.008958 0.036806 -0.007716
v 0.010095 0.039113 -0.009062
v 0.009308 0.035622 -0.005656
v 0.006882 0.036253 -0.009842
v 0.006821 0.036968 -0.010674
v 0.006316 0.028435 -0.008885
v 0.006770 0.032822 -0.009257
v 0.006061 0.026836 -0.007687
v 0.003551 0.021851 -0.006442
v 0.004673 0.016798 -0.005617
v 0.003985 0.017008 -0.007441
v 0.007138 0.015845 -0.007335
v 0.004983 0.015804 -0.009446
v 0.005020 0.015784 -0.008041
v 0.006090 0.015788 -0.005852
v 0.004399 0.017971 -0.004870
v 0.003797 0.020851 -0.005284
v 0.005102 0.025174 -0.006340
v 0.006823 0.028746 -0.007106
v 0.004851 0.016548 -0.003791
v 0.008111 0.015234 -0.007474
v 0.007772 0.016704 -0.003623
v 0.005227 0.015979 -0.003830
v 0.005800 0.017975 -0.002703
v 0.005787 0.015799 -0.003929
v 0.005523 0.019231 -0.002438
v 0.005477 0.024951 -0.004091
v 0.004831 0.022382 -0.003953
v 0.006234 0.019658 -0.001005
v 0.006753 0.019037 -0.001535
v 0.009092 0.018099 -0.002466
v 0.007826 0.015781 -0.005281
v 0.009619 0.014363 -0.008308
v 0.009164 0.015698 -0.006220
v 0.012614 0.014842 -0.005361
v 0.011486 0.015964 -0.004677
v 0.013157 0.016943 -0.003255
v 0.015297 0.010416 -0.005170
v 0.016296 0.006802 -0.005530
v 0.016488 0.002970 -0.006902
v 0.016110 0.001206 -0.006165
v 0.015511 0.000107 -0.009014
v 0.015388 0.002654 -0.009458
v 0.016007 0.002801 -0.007960
v 0.013615 0.011133 -0.007798
v 0.014180 0.012772 -0.005183
v 0.015508 0.012306 -0.003492
v 0.014806 0.005423 -0.009004
v 0.014880 0.007207 -0.007931
v 0.015584 -0.001278 -0.007108
v 0.017188 0.003301 -0.005584
v 0.016132 0.001189 -0.002416
v 0.014672 -0.003083 -0.001925
v 0.015522 -0.001413 -0.002532
v 0.016033 0.004151 0.000450
v 0.016262 0.002122 -0.001208
v 0.017198 0.005775 -0.004039
v 0.017339 0.003700 -0.002581
v 0.015954 0.008315 -0.002383
v 0.015749 0.013904 -0.002671
v 0.016851 0.006649 -0.001474
v 0.016053 0.018242 -0.002281
v 0.014744 0.019195 -0.002214
v 0.016426 0.014455 -0.001879
v 0.012090 0.016761 -0.003511
v 0.016138 0.020398 -0.001272
v 0.013736 0.021226 -0.001276
v 0.010664 0.018574 -0.002461
v 0.008420 0.020226 -0.000751
v 0.005540 0.020765 -0.000757
v 0.005295 0.024003 -0.002491
v 0.006372 0.024977 -0.000737
v 0.008104 0.024357 0.000473
v 0.006650 0.020323 -0.000095
v 0.007234 0.021962 0.000169
v 0.007753 0.027342 -0.000424
v 0.008372 0.029982 -0.000469
v 0.008121 0.030481 -0.001373
v 0.007887 0.033238 -0.007401
v 0.008540 0.034214 -0.005864
v 0.010750 0.038010 -0.006497
v 0.010720 0.040195 -0.010338
v 0.011858 0.038326 -0.005413
v 0.014081 0.040273 -0.005465
v 0.012761 0.039119 -0.003842
v 0.008145 0.030764 -0.005548
v 0.008988 0.029360 0.000090
v 0.009178 0.025435 0.000477
v 0.009000 0.023333 0.000309
v 0.011965 0.022696 -0.000645
v 0.009954 0.021714 -0.000796
v 0.009888 0.029434 0.000547
v 0.011296 0.024565 0.000371
v 0.012989 0.025736 0.000270
v 0.014278 0.024189 -0.000766
v 0.015853 0.024146 -0.000816
v 0.017714 0.016479 -0.001560
v 0.016867 0.005602 -0.000543
v 0.015613 0.000719 0.000782
v 0.016016 0.004108 0.002183
v 0.017418 0.010573 0.001636
v 0.017181 0.006222 0.002570
v 0.013086 -0.006419 0.008858
v 0.012972 -0.006880 0.004885
v 0.014086 -0.004422 -0.000088
v 0.014571 -0.001423 0.000480
v 0.016109 0.002949 0.005015
v 0.015441 0.000213 0.000092
v 0.015682 0.001009 0.007412
v 0.017173 0.004954 0.005033
v 0.014598 -0.001347 0.011176
v 0.012521 -0.006369 0.014024
v 0.012970 -0.003675 0.014830
v 0.011545 -0.006095 0.015145
v 0.010850 -0.009285 0.013687
v -0.000940 -0.004725 0.015793
v 0.009249 -0.008942 0.014533
v 0.011581 -0.001999 0.016387
v 0.010532 -0.006411 0.015083
v 0.009751 -0.004714 0.015800
v -0.001176 -0.001453 0.016519
v -0.000778 0.001059 0.017540
v -0.002977 -0.001019 0.015468
v -0.003026 0.003104 0.017776
v -0.005574 0.003476 0.018015
v -0.005446 0.004939 0.018730
v -0.007293 0.005651 0.018482
v -0.007680 0.004540 0.017657
v -0.005184 0.006973 0.019347
v -0.003899 0.003751 0.018023
v -0.002102 0.000896 0.016965
v -0.001732 0.006195 0.019428
v -0.003295 0.008133 0.020350
v -0.003627 0.011532 0.020576
v 0.015601 0.000562 0.011686
v 0.014656 -0.000403 0.013063
v 0.014053 -0.002556 0.013339
v 0.013433 -0.002077 0.015315
v 0.014116 0.000290 0.015803
v 0.015386 0.002159 0.014230
v 0.015615 0.003177 0.015719
v 0.016366 0.005327 0.015450
v 0.015934 0.003647 0.013277
v 0.016042 0.004164 0.007917
v 0.016934 0.007175 0.015856
v 0.017054 0.006142 0.014311
v 0.017011 0.005977 0.007924
v 0.017230 0.006961 -0.000044
v 0.017930 0.014258 -0.000225
v 0.017481 0.012283 0.000275
v 0.018305 0.012076 0.002597
v 0.019844 0.013880 0.003503
v 0.018969 0.015759 0.000131
v 0.018442 0.016590 -0.000560
v 0.017549 0.019821 -0.001063
v 0.017485 0.022990 -0.000715
v 0.015913 0.026162 0.000223
v 0.021170 0.019089 0.001215
v 0.019780 0.015989 0.001287
v 0.019993 0.020709 0.000355
v 0.018740 0.024488 0.000342
v 0.014992 0.029553 0.000543
v 0.013142 0.029900 0.000730
v 0.009018 0.033186 0.001008
v 0.008371 0.033102 -0.000681
v 0.011010 0.037413 -0.003995
v 0.012388 0.038290 -0.001880
v 0.009478 0.035714 -0.000958
v 0.008696 0.034550 -0.000999
v 0.011358 0.034050 0.001962
v 0.011054 0.037484 -0.000737
v 0.011163 0.036416 0.000983
v 0.013006 0.038556 -0.001676
v 0.014083 0.037863 -0.000490
v 0.012972 0.036657 0.000856
v 0.012637 0.037738 0.000117
v 0.009934 0.031456 0.001586
v 0.012860 0.032235 0.001920
v 0.013960 0.032419 0.001361
v 0.015533 0.034436 0.000490
v 0.018953 0.027274 0.000505
v 0.020543 0.026121 0.001302
v 0.021140 0.020739 0.000851
v 0.022200 0.017002 0.003237
v 0.021180 0.015842 0.002714
v 0.017463 0.010272 0.003696
v 0.017642 0.008731 0.006875
v 0.019417 0.011106 0.009444
v 0.018576 0.010352 0.007709
v 0.018834 0.011462 0.005989
v 0.020014 0.013292 0.004932
v 0.022749 0.020067 0.002743
v 0.022723 0.022080 0.002765
v 0.020557 0.023347 0.001330
v 0.022153 0.020596 0.001476
v 0.020463 0.029006 0.000487
v 0.014509 0.036229 0.000241
v 0.022158 0.028255 0.001487
v 0.020674 0.035052 0.000469
v 0.018322 0.037661 -0.000672
v 0.016576 0.040038 -0.002354
v 0.014354 0.040079 -0.003404
v 0.014965 0.039628 -0.002116
v 0.015113 0.040360 -0.003634
v 0.011254 0.041604 -0.012104
v 0.011488 0.043447 -0.013045
v 0.012342 0.046019 -0.013749
v 0.010899 0.044732 -0.013985
v 0.010685 0.050664 -0.017149
v 0.010738 0.054081 -0.017192
v 0.008698 0.052704 -0.017458
v 0.006958 0.052643 -0.018314
v 0.007305 0.053401 -0.017145
v 0.007869 0.054035 -0.016380
v 0.007760 0.054548 -0.015213
v 0.006527 0.053271 -0.016461
v 0.006134 0.054002 -0.015174
v 0.002723 0.052793 -0.016852
v 0.004831 0.053286 -0.016414
v 0.004947 0.053267 -0.017955
v 0.003518 0.052251 -0.018177
v 0.000983 0.052199 -0.016866
v -0.004913 0.051204 -0.013538
v -0.003852 0.052577 -0.012714
v -0.004415 0.052328 -0.011495
v -0.004426 0.051946 -0.010182
v -0.006314 0.048791 -0.012010
v -0.006480 0.048010 -0.010251
v -0.006526 0.046617 -0.008907
v -0.005319 0.050449 -0.009960
v -0.007048 0.045823 -0.007633
v -0.011460 0.047661 -0.007464
v -0.008865 0.045824 -0.006225
v -0.011441 0.047670 -0.005454
v -0.017766 0.047596 -0.007223
v -0.020081 0.045855 -0.005364
v -0.024704 0.042330 -0.003775
v -0.025252 0.040964 -0.000649
v -0.024174 0.038196 0.002311
v -0.023647 0.041487 -0.000621
v -0.022452 0.043500 -0.002842
v -0.021415 0.043553 -0.000802
v -0.021229 0.044882 -0.004210
v -0.020520 0.045266 -0.004676
v -0.019060 0.046727 -0.006823
v -0.017609 0.047687 -0.003845
v -0.020987 0.044925 -0.002127
v -0.022959 0.042144 -0.001053
v -0.022665 0.040743 0.001059
v -0.021526 0.034153 0.005749
v -0.019314 0.029440 0.009201
v -0.015390 0.024153 0.015650
v -0.017060 0.021501 0.016146
v -0.016579 0.022760 0.015762
v -0.016243 0.021438 0.017569
v -0.016871 0.017837 0.017335
v -0.018881 0.015258 0.015605
v -0.015860 0.015446 0.018762
v -0.014968 0.016788 0.019452
v -0.014814 0.012848 0.019152
v -0.011502 0.010954 0.019367
v -0.010812 0.012842 0.020245
v -0.014317 0.023142 0.017704
v -0.013086 0.024325 0.017896
v -0.014823 0.020420 0.019047
v -0.011569 0.020637 0.020280
v -0.013039 0.020460 0.019940
v -0.012877 0.026531 0.014997
v -0.016443 0.028280 0.010991
v -0.016968 0.026162 0.012001
v -0.014919 0.028319 0.011915
v -0.014284 0.026815 0.013785
v -0.015912 0.026222 0.013202
v -0.013258 0.025651 0.016260
v -0.011418 0.025180 0.018040
v -0.011051 0.026225 0.016376
v -0.011675 0.025510 0.017753
v -0.019247 0.034543 0.006576
v -0.019277 0.033288 0.007383
v -0.017600 0.033891 0.007440
v -0.018319 0.036855 0.005868
v -0.020402 0.037417 0.004618
v -0.021029 0.040562 0.002330
v -0.021031 0.041988 0.000905
v -0.019794 0.045708 -0.002308
v -0.019362 0.046497 -0.004051
v -0.019634 0.044965 -0.000512
v -0.018098 0.046052 -0.001180
v -0.015714 0.047662 -0.001720
v -0.013022 0.047681 -0.002526
v -0.014890 0.046686 -0.000169
v -0.015994 0.046785 -0.000362
v -0.018125 0.044708 0.000871
v -0.020966 0.038596 0.003723
v -0.019161 0.041622 0.002201
v -0.018881 0.039699 0.003307
v -0.018243 0.038415 0.004512
v -0.019094 0.030126 0.008961
v -0.016193 0.030743 0.009386
v -0.016345 0.038374 0.005207
v -0.016505 0.033122 0.008002
v -0.013891 0.030381 0.010632
v -0.012946 0.033636 0.007588
v -0.011383 0.037142 0.005309
v -0.010743 0.037901 0.004324
v -0.008422 0.042318 -0.000691
v -0.012632 0.047664 -0.003950
v -0.011915 0.046604 -0.001570
v -0.011031 0.046634 -0.003436
v -0.013636 0.046672 -0.000744
v -0.016768 0.045037 0.000914
v -0.018610 0.044162 0.001133
v -0.017659 0.041481 0.003014
v -0.015765 0.043404 0.002347
v -0.016097 0.040908 0.003974
v -0.014512 0.038461 0.005214
v -0.014443 0.040836 0.003999
v -0.015299 0.041759 0.003222
v -0.013174 0.042317 0.002662
v -0.010136 0.044571 -0.001094
v -0.010962 0.045434 -0.001082
v -0.010076 0.042369 0.000884
v -0.010953 0.041035 0.002313
v -0.012225 0.039731 0.003605
v -0.012855 0.036504 0.006138
v -0.014652 0.032646 0.008908
v -0.011429 0.034524 0.006204
v -0.013679 0.031687 0.009394
v -0.011988 0.044321 0.000978
v -0.011827 0.045247 -0.000165
v -0.015142 0.045197 0.001188
v -0.009843 0.046545 -0.005416
v -0.008716 0.044908 -0.003012
v -0.007578 0.044827 -0.004755
v -0.006792 0.045690 -0.006617
v -0.005580 0.046040 -0.005912
v -0.005137 0.046742 -0.005778
v -0.004942 0.049208 -0.005063
v -0.006686 0.043890 -0.004011
v -0.007237 0.043109 -0.002394
v -0.005259 0.042061 -0.001138
v -0.007203 0.042078 -0.001131
v -0.008649 0.040795 0.001176
v -0.009538 0.039034 0.002599
v -0.008618 0.036540 0.003264
v -0.010516 0.034428 0.005420
v -0.008527 0.034309 0.004390
v -0.012285 0.030637 0.010305
v -0.010927 0.031215 0.008625
v -0.008696 0.031890 0.006466
v -0.009031 0.033457 0.005484
v -0.007204 0.033936 0.004244
v -0.005128 0.034204 0.004596
v -0.007248 0.032850 0.005636
v -0.008405 0.031109 0.007522
v -0.013164 0.029688 0.011697
v -0.010997 0.028531 0.012723
v -0.011004 0.029961 0.011397
v -0.009905 0.029648 0.011389
v -0.008056 0.029441 0.011099
v -0.008682 0.028637 0.012639
v -0.004841 0.031980 0.006410
v -0.002817 0.031758 0.007346
v -0.006069 0.030352 0.007924
v -0.004196 0.029515 0.009211
v -0.002355 0.028478 0.009098
v -0.003531 0.027821 0.011509
v -0.006645 0.028940 0.011172
v -0.013131 0.027351 0.013759
v -0.007774 0.027164 0.013963
v -0.004559 0.027240 0.012376
v -0.003140 0.030324 0.007947
v -0.001397 0.028483 0.009707
v -0.002048 0.032202 0.007829
v -0.001195 0.032368 0.009108
v -0.000752 0.030442 0.009273
v -0.003804 0.033080 0.006311
v -0.004052 0.035268 0.005669
v -0.003588 0.038201 0.004776
v -0.004593 0.033275 0.005814
v -0.007136 0.040199 0.001182
v -0.005224 0.037052 0.002721
v -0.005240 0.040264 0.001129
v -0.004401 0.040071 0.001985
v -0.004350 0.037116 0.003299
v -0.004798 0.036109 0.003614
v -0.002713 0.040482 0.004856
v -0.003597 0.041532 0.002206
v -0.002875 0.042619 0.003354
v -0.003684 0.037070 0.006935
v -0.003417 0.034390 0.007251
v -0.001975 0.042728 0.005112
v -0.002689 0.038863 0.007300
v -0.002744 0.037950 0.008384
v -0.002801 0.034786 0.008538
v 0.000032 0.032982 0.010674
v -0.001247 0.028872 0.009234
v -0.002293 0.027645 0.010896
v -0.002108 0.027605 0.012356
v -0.005034 0.026456 0.014521
v -0.006784 0.027269 0.013801
v -0.010290 0.026505 0.015335
v -0.008513 0.026023 0.015866
v -0.007260 0.025554 0.015975
v -0.008837 0.024032 0.017621
v -0.008643 0.011798 0.018968
v -0.008472 0.015767 0.020302
v -0.008652 0.021951 0.018709
v -0.008492 0.020159 0.019268
v -0.008742 0.018330 0.020153
v -0.005586 0.025551 0.015973
v -0.007103 0.023858 0.017538
v -0.005105 0.024104 0.018341
v -0.006731 0.021871 0.018766
v -0.005116 0.022607 0.019452
v -0.006649 0.018953 0.019900
v -0.006440 0.014781 0.020148
v -0.005780 0.010539 0.020131
v -0.004824 0.013356 0.020537
v -0.005285 0.018230 0.020398
v -0.004099 0.025673 0.016627
v -0.005101 0.025085 0.016700
v -0.003384 0.026115 0.018602
v -0.002815 0.026687 0.022156
v -0.000593 0.030907 0.023828
v -0.001370 0.029003 0.023607
v -0.001791 0.029317 0.024129
v -0.005990 0.027069 0.025611
v -0.006273 0.024276 0.026221
v -0.000536 0.034158 0.024105
v 0.000125 0.030787 0.022843
v -0.000627 0.028870 0.012508
v 0.000447 0.031145 0.011303
v 0.001535 0.031036 0.014365
v 0.000313 0.029893 0.013205
v 0.001453 0.030894 0.020419
v 0.000194 0.029804 0.021230
v 0.001071 0.031033 0.021844
v 0.002192 0.035679 0.020547
v 0.002280 0.035797 0.018752
v 0.002021 0.032243 0.020369
v 0.002413 0.032499 0.016027
v 0.003371 0.034192 0.015604
v 0.001528 0.031891 0.012448
v 0.001330 0.033655 0.011585
v -0.001189 0.038213 0.010248
v -0.001366 0.039991 0.009762
v -0.001887 0.041396 0.008462
v -0.000332 0.042945 0.008570
v 0.000899 0.034947 0.011221
v 0.002666 0.034410 0.012078
v 0.003259 0.036373 0.011833
v 0.003836 0.038717 0.011235
v 0.002365 0.041315 0.011127
v 0.000561 0.041380 0.010350
v 0.000317 0.038799 0.011019
v 0.000618 0.045015 0.008290
v 0.001769 0.042994 0.010531
v 0.001932 0.046713 0.008695
v 0.001371 0.047210 0.007679
v -0.002681 0.044129 0.000988
v -0.004006 0.041720 0.000460
v -0.005258 0.043607 -0.003150
v -0.004203 0.042862 -0.000889
v -0.003978 0.046118 -0.003650
v -0.004065 0.050682 -0.004003
v -0.005014 0.050120 -0.006911
v -0.005538 0.047263 -0.007355
v -0.005088 0.050982 -0.008195
v -0.003662 0.052723 -0.010816
v -0.002205 0.052608 -0.010731
v -0.003119 0.051984 -0.009610
v -0.002353 0.052547 -0.015252
v -0.001883 0.052660 -0.012577
v -0.001790 0.052711 -0.013970
v -0.000851 0.053409 -0.014661
v 0.000712 0.053311 -0.013848
v 0.000598 0.052600 -0.012601
v -0.000021 0.052520 -0.012295
v 0.001011 0.053289 -0.014967
v 0.003428 0.053315 -0.016102
v 0.003334 0.053270 -0.011963
v 0.001886 0.053295 -0.011129
v -0.000844 0.051887 -0.011694
v -0.001182 0.052025 -0.010656
v 0.004968 0.053268 -0.012025
v 0.006095 0.054436 -0.013352
v 0.011927 0.049780 -0.015968
v 0.013027 0.048739 -0.014859
v 0.013874 0.047779 -0.013811
v 0.012872 0.043234 -0.012031
v 0.012686 0.040598 -0.008098
v 0.013479 0.041261 -0.008855
v 0.015894 0.041881 -0.006489
v 0.016163 0.042415 -0.007510
v 0.013721 0.043049 -0.010995
v 0.014686 0.043812 -0.010802
v 0.014309 0.046564 -0.012393
v 0.014108 0.050976 -0.014309
v 0.012799 0.053904 -0.016190
v 0.014678 0.053730 -0.015198
v 0.013171 0.054526 -0.015068
v 0.015256 0.052328 -0.013953
v 0.015537 0.054287 -0.013908
v 0.014243 0.054661 -0.015118
v 0.016607 0.052030 -0.012967
v 0.017812 0.051595 -0.012033
v 0.006055 0.054432 -0.011369
v 0.004773 0.054107 -0.010230
v 0.003369 0.053255 -0.010305
v 0.002100 0.053407 -0.010021
v 0.001882 0.053324 -0.008775
v 0.000335 0.053267 -0.008869
v -0.003442 0.052072 -0.007619
v -0.004116 0.051044 -0.006037
v -0.000914 0.053218 -0.007728
v 0.001889 0.054113 -0.007271
v 0.003788 0.054546 -0.008037
v 0.003892 0.054326 -0.008767
v 0.000475 0.053350 -0.007183
v 0.000575 0.053985 -0.006170
v -0.002734 0.052445 -0.006751
v -0.001786 0.052852 -0.007474
v -0.003691 0.050217 -0.003000
v -0.003264 0.047576 -0.002750
v -0.002730 0.050842 -0.000880
v -0.002386 0.047714 -0.001188
v -0.002706 0.046391 -0.001386
v -0.002870 0.052326 -0.001858
v 0.001793 0.054541 -0.006047
v 0.006155 0.054538 -0.010277
v 0.009780 0.054467 -0.005576
v 0.009272 0.054539 -0.005000
v 0.000181 0.054497 -0.004024
v -0.001036 0.053290 -0.001035
v 0.016241 0.054612 -0.012082
v 0.017949 0.049347 -0.010653
v 0.017626 0.045988 -0.008746
v 0.016991 0.048320 -0.010903
v 0.015616 0.048548 -0.012424
v 0.014013 0.042025 -0.009692
v 0.016435 0.043933 -0.009058
v 0.017848 0.044149 -0.006568
v 0.020236 0.049007 -0.007550
v 0.018613 0.048372 -0.008970
v 0.018330 0.045961 -0.007727
v 0.018393 0.051768 -0.011036
v 0.016852 0.054134 -0.011955
v 0.019038 0.051283 -0.009446
v 0.018614 0.054617 -0.009341
v 0.019809 0.054307 -0.008695
v 0.019869 0.050321 -0.008425
v 0.019745 0.043941 -0.005427
v 0.019635 0.045761 -0.006875
v 0.020873 0.045746 -0.006385
v 0.017432 0.042367 -0.004928
v 0.017185 0.041273 -0.003382
v 0.018583 0.040284 -0.001943
v 0.020388 0.040684 -0.002166
v 0.019543 0.041958 -0.003751
v 0.019233 0.036279 0.000181
v 0.020147 0.038641 -0.000815
v 0.021462 0.032878 0.000828
v 0.023293 0.029924 0.002084
v 0.022355 0.023283 0.002966
v 0.022485 0.016406 0.004285
v 0.020908 0.014095 0.004847
v 0.019842 0.013125 0.007014
v 0.020760 0.013927 0.007847
v 0.020289 0.012948 0.009428
v 0.019418 0.011136 0.011464
v 0.021732 0.015064 0.005317
v 0.023396 0.020274 0.003982
v 0.023827 0.026271 0.003394
v 0.023859 0.019246 0.004719
v 0.024230 0.028808 0.003098
v 0.025099 0.026333 0.004755
v 0.025305 0.030708 0.003024
v 0.024701 0.034544 0.002375
v 0.023967 0.034478 0.001792
v 0.021798 0.039693 -0.001288
v 0.021877 0.041807 -0.002576
v 0.021416 0.043067 -0.003627
v 0.021320 0.044354 -0.004822
v 0.023767 0.043617 -0.003899
v 0.022644 0.045017 -0.004931
v 0.022202 0.046306 -0.005901
v 0.022745 0.049048 -0.006338
v 0.023492 0.048128 -0.005341
v 0.022003 0.054068 -0.008089
v 0.021746 0.052322 -0.008199
v 0.024931 0.050239 -0.006014
v 0.025202 0.046918 -0.003977
v 0.025460 0.049034 -0.004984
v 0.023802 0.051333 -0.007048
v 0.022159 0.054662 -0.007556
v 0.023439 0.054013 -0.007356
v 0.010834 0.054535 -0.005480
v 0.026438 0.050110 -0.004739
v 0.027935 0.046126 -0.001306
v 0.024850 0.043077 -0.002984
v 0.024044 0.042476 -0.002907
v 0.022870 0.039087 -0.000513
v 0.023860 0.037312 0.000866
v 0.022618 0.037145 0.000415
v 0.025651 0.029129 0.004505
v 0.024779 0.019436 0.006495
v 0.023861 0.017058 0.006850
v 0.024819 0.017959 0.008263
v 0.025151 0.021605 0.009092
v 0.026187 0.023490 0.009710
v 0.025500 0.024183 0.007612
v 0.025113 0.024495 0.006532
v 0.026093 0.026768 0.006324
v 0.027325 0.030408 0.006267
v 0.027893 0.032387 0.006067
v 0.027725 0.039585 0.003932
v 0.025481 0.036641 0.002057
v 0.023652 0.040591 -0.001094
v 0.024251 0.041072 -0.001182
v 0.025416 0.039638 0.001163
v 0.026900 0.036380 0.003138
v 0.025339 0.041619 -0.001103
v 0.027327 0.042554 0.000162
v 0.029462 0.047894 -0.000198
v 0.030085 0.049391 -0.000678
v 0.030369 0.048683 0.001332
v 0.032210 0.053920 0.000391
v 0.028042 0.054646 -0.004334
v 0.025170 0.054634 -0.005913
v 0.026466 0.054090 -0.005489
v 0.028275 0.053584 -0.004562
v 0.028702 0.051681 -0.003206
v 0.029027 0.053767 -0.003608
v 0.028755 0.048813 -0.001712
v 0.029982 0.053751 -0.002873
v 0.031046 0.053553 -0.001472
v 0.030160 0.054538 -0.002367
v 0.025579 0.054510 -0.005012
v 0.018876 0.054532 -0.007971
v 0.030742 0.054517 -0.000184
v -0.000686 0.053201 0.000284
v -0.001498 0.052285 0.000963
v -0.001406 0.047126 0.002496
v -0.001796 0.045420 0.002612
v -0.002275 0.046768 0.000753
v -0.002253 0.051225 0.000473
v -0.001385 0.050687 0.002222
v -0.000499 0.047523 0.003483
v 0.000217 0.048164 0.004562
v 0.000342 0.051449 0.003889
v -0.000126 0.051962 0.002859
v -0.000009 0.054278 0.000253
v 0.000785 0.054289 0.002595
v 0.000687 0.054588 0.001336
v 0.002040 0.054632 0.004885
v 0.003265 0.054527 0.005473
v 0.031837 0.054635 0.000413
v 0.031220 0.051517 0.000252
v 0.031887 0.052552 0.001755
v 0.030424 0.045657 0.003129
v 0.028785 0.045688 0.000077
v 0.026631 0.043079 -0.001153
v 0.027285 0.041444 0.001344
v 0.027130 0.040028 0.002816
v 0.028744 0.041231 0.004450
v 0.027326 0.034380 0.004925
v 0.029968 0.040462 0.007381
v 0.028508 0.031488 0.007502
v 0.029117 0.029731 0.009473
v 0.027013 0.027334 0.007102
v 0.029049 0.034126 0.007284
v 0.029056 0.037458 0.006880
v 0.024703 0.017814 0.011175
v 0.025202 0.020806 0.011675
v 0.024323 0.017219 0.011705
v 0.021446 0.014844 0.012855
v 0.024752 0.020140 0.013486
v 0.022655 0.016430 0.014284
v 0.021587 0.017074 0.015935
v 0.018582 0.014701 0.017545
v 0.014849 0.004426 0.017798
v 0.011538 -0.000539 0.016860
v 0.012589 0.001364 0.017631
v 0.013324 0.000778 0.017011
v -0.001934 0.003725 0.018309
v -0.003168 0.014395 0.021463
v -0.003984 0.020051 0.021102
v -0.003435 0.020075 0.021974
v -0.002034 0.017437 0.022800
v -0.000798 0.015627 0.023020
v -0.001375 0.018259 0.023868
v -0.003839 0.023416 0.023535
v -0.003985 0.022982 0.021383
v -0.004083 0.024712 0.023441
v -0.002714 0.021229 0.024542
v -0.005082 0.024531 0.024983
v -0.006352 0.024328 0.027688
v -0.005313 0.023622 0.026687
v -0.003725 0.022740 0.025201
v -0.004422 0.022889 0.027138
v -0.004546 0.023765 0.029824
v -0.002838 0.022513 0.029272
v -0.003782 0.022888 0.029325
v -0.004133 0.024981 0.031088
v -0.004168 0.027502 0.032746
v -0.004251 0.034549 0.032651
v -0.003541 0.032386 0.033567
v -0.002899 0.029996 0.033933
v -0.001642 0.027944 0.034049
v -0.001180 0.021051 0.026917
v 0.000426 0.016044 0.024136
v -0.000240 0.012235 0.022402
v -0.001304 0.008759 0.021365
v 0.000549 0.008747 0.022024
v 0.001639 0.007640 0.020977
v -0.000468 0.007149 0.020220
v 0.003125 0.007698 0.022048
v 0.001963 0.008814 0.022794
v 0.002057 0.012165 0.023539
v 0.003431 0.008683 0.023101
v 0.006895 0.008672 0.023090
v 0.006856 0.007723 0.022151
v 0.009795 0.008735 0.021855
v 0.008216 0.007553 0.020737
v 0.013020 0.004003 0.018410
v 0.012807 0.006210 0.019421
v 0.011289 0.007341 0.020505
v 0.012643 0.008615 0.021251
v 0.014767 0.006130 0.018762
v 0.014930 0.008802 0.019309
v 0.016546 0.010689 0.017666
v 0.015784 0.011244 0.019365
v 0.013134 0.007143 0.019891
v 0.010691 0.009152 0.021839
v 0.011051 0.012423 0.022266
v 0.008686 0.009567 0.022811
v 0.012984 0.014345 0.022057
v 0.012911 0.009825 0.021599
v 0.014590 0.010689 0.020823
v 0.014636 0.015263 0.021083
v 0.016899 0.014304 0.019057
v 0.020193 0.017330 0.017591
v 0.020878 0.018457 0.017919
v 0.022711 0.022037 0.018124
v 0.022752 0.018248 0.015928
v 0.024969 0.021856 0.015076
v 0.025533 0.023907 0.017136
v 0.023176 0.021520 0.017219
v 0.022310 0.022285 0.018844
v 0.019813 0.019144 0.019035
v 0.018079 0.016404 0.019266
v 0.016231 0.016338 0.020892
v 0.013661 0.017018 0.022552
v 0.011347 0.017715 0.023953
v 0.010760 0.018606 0.024660
v 0.008663 0.018774 0.025753
v 0.006908 0.016127 0.025408
v 0.003620 0.011622 0.023587
v 0.006961 0.011701 0.023599
v 0.008424 0.012406 0.023611
v 0.006927 0.013623 0.024560
v 0.008554 0.015516 0.024670
v 0.011561 0.014036 0.022656
v 0.003442 0.013601 0.024534
v 0.002048 0.015349 0.024703
v 0.004959 0.015230 0.025325
v 0.004542 0.017494 0.026335
v 0.003119 0.018691 0.026950
v 0.007085 0.019037 0.026722
v 0.000778 0.019345 0.026527
v -0.000687 0.021222 0.027594
v -0.002853 0.022054 0.026948
v -0.002063 0.021981 0.029009
v -0.000336 0.021983 0.029133
v -0.000944 0.022336 0.030086
v 0.003135 0.021197 0.028205
v 0.002244 0.021754 0.028846
v -0.001053 0.022819 0.031250
v 0.002464 0.022821 0.031165
v -0.001201 0.024093 0.032240
v -0.001394 0.026209 0.033294
v 0.008718 0.020224 0.026960
v 0.005722 0.021022 0.028055
v 0.004541 0.022337 0.028879
v 0.004296 0.023567 0.031721
v 0.000173 0.024524 0.032827
v 0.001076 0.025482 0.033619
v 0.000506 0.027077 0.034868
v 0.004558 0.025245 0.033392
v 0.005146 0.023175 0.030437
v 0.008618 0.022373 0.028968
v 0.009753 0.022176 0.028098
v 0.010928 0.022556 0.027472
v 0.011973 0.020355 0.025474
v 0.014586 0.021706 0.025004
v 0.013618 0.018866 0.023446
v 0.015993 0.018881 0.022195
v 0.019232 0.020604 0.020158
v 0.015916 0.020220 0.023137
v 0.015690 0.020828 0.023977
v 0.020377 0.022289 0.020738
v 0.017606 0.022744 0.023856
v 0.026713 0.024985 0.015982
v 0.026551 0.023739 0.013049
v 0.026939 0.024487 0.010971
v 0.027621 0.025978 0.009246
v 0.028452 0.026940 0.011380
v 0.027501 0.025769 0.014940
v 0.025401 0.025325 0.018609
v 0.023963 0.023924 0.018848
v 0.019983 0.024122 0.022734
v 0.014387 0.023065 0.025912
v 0.018881 0.024277 0.024177
v 0.011896 0.021989 0.026550
v 0.015579 0.026110 0.027676
v 0.016574 0.025166 0.025935
v 0.018787 0.026799 0.026896
v 0.020463 0.026995 0.025542
v 0.020726 0.025700 0.023656
v 0.022369 0.023508 0.020757
v 0.026684 0.027001 0.018409
v 0.025474 0.026724 0.020578
v 0.023554 0.024840 0.021592
v 0.022453 0.024711 0.022142
v 0.021762 0.027362 0.024680
v 0.023829 0.027995 0.023237
v 0.022795 0.026288 0.023070
v 0.024770 0.026528 0.021290
v 0.028297 0.027476 0.015500
v 0.029782 0.029902 0.011640
v 0.030850 0.032626 0.011703
v 0.029915 0.031509 0.010417
v 0.030644 0.035604 0.009294
v 0.030022 0.035853 0.008021
v 0.031055 0.039586 0.009419
v 0.030281 0.041406 0.007294
v 0.030206 0.042511 0.005973
v 0.028631 0.042120 0.003077
v 0.030896 0.049975 0.002265
v 0.030984 0.054592 0.003414
v 0.031267 0.052687 0.003795
v 0.031688 0.050983 0.004742
v 0.032071 0.051658 0.005010
v 0.031006 0.046250 0.004041
v 0.031512 0.045910 0.005380
v 0.032076 0.046343 0.005869
v 0.031666 0.042858 0.007299
v 0.032762 0.043177 0.008078
v 0.033044 0.042101 0.009301
v 0.031594 0.040786 0.009344
v 0.032491 0.040237 0.011706
v 0.033228 0.041322 0.012975
v 0.032122 0.037725 0.012541
v 0.030848 0.032063 0.014336
v 0.028439 0.026979 0.014086
v 0.029838 0.033097 0.017960
v 0.026583 0.030148 0.021780
v 0.025520 0.029301 0.022701
v 0.013440 0.024024 0.027654
v 0.007374 0.023151 0.030339
v 0.006898 0.023443 0.031417
v 0.003564 0.027465 0.035375
v 0.001969 0.026375 0.034715
v -0.002619 0.033147 0.034524
v -0.001210 0.032250 0.035359
v -0.000974 0.037480 0.034176
v -0.001436 0.034231 0.034817
v 0.000954 0.028043 0.035413
v 0.009438 0.024714 0.031686
v 0.010977 0.023942 0.030030
v 0.013836 0.025553 0.028924
v 0.014980 0.026904 0.029981
v 0.012005 0.026268 0.031522
v 0.009941 0.025848 0.033057
v 0.007302 0.024447 0.032789
v 0.009039 0.026498 0.033839
v 0.004186 0.026204 0.034448
v 0.017395 0.027314 0.027823
v 0.016263 0.027122 0.028503
v 0.015961 0.030349 0.031233
v 0.020947 0.029020 0.026924
v 0.017328 0.029563 0.029378
v 0.018676 0.031341 0.029236
v 0.022186 0.029346 0.026135
v 0.023563 0.032174 0.026024
v 0.028509 0.033281 0.020845
v 0.030473 0.035047 0.019064
v 0.027017 0.032714 0.022924
v 0.031264 0.036157 0.012135
v 0.031340 0.036958 0.017560
v 0.030503 0.032091 0.015528
v 0.031355 0.036169 0.015250
v 0.032623 0.039095 0.014403
v 0.033697 0.041934 0.011090
v 0.034706 0.042514 0.012671
v 0.030694 0.033696 0.016575
v 0.033609 0.040895 0.015633
v 0.033651 0.046152 0.007582
v 0.033245 0.049849 0.006059
v 0.009881 0.054256 0.005193
v 0.008673 0.053101 0.006304
v 0.003294 0.054677 0.006558
v 0.003670 0.051095 0.007647
v 0.000073 0.046482 0.005686
v 0.004178 0.044538 0.010970
v 0.004870 0.041028 0.011300
v 0.005957 0.040552 0.012021
v 0.004665 0.038245 0.012304
v 0.003412 0.033691 0.014128
v 0.003753 0.036454 0.012738
v 0.002882 0.032545 0.013944
v 0.004626 0.038920 0.014597
v 0.003045 0.037005 0.017667
v 0.003846 0.037993 0.015895
v 0.002048 0.032246 0.017827
v 0.006182 0.040448 0.012921
v 0.004401 0.040129 0.016805
v 0.007321 0.041149 0.012634
v 0.008659 0.042864 0.012451
v 0.008749 0.043120 0.013930
v 0.007055 0.042301 0.015344
v 0.008627 0.043897 0.015651
v 0.006902 0.041760 0.011561
v 0.007062 0.044819 0.010946
v 0.008725 0.044558 0.011657
v 0.009724 0.044692 0.012705
v 0.003395 0.046878 0.009469
v 0.003769 0.049292 0.008784
v 0.008298 0.045647 0.010477
v 0.005115 0.049436 0.009270
v 0.005024 0.052177 0.007895
v 0.005136 0.054264 0.007166
v 0.006081 0.054501 0.006778
v 0.007494 0.048090 0.009370
v 0.008640 0.048498 0.009233
v 0.009706 0.046056 0.010850
v 0.010213 0.045289 0.014818
v 0.011100 0.047734 0.011221
v 0.012222 0.047978 0.012130
v 0.007289 0.052506 0.007685
v 0.007071 0.054566 0.005507
v 0.008047 0.049779 0.008468
v 0.010641 0.048806 0.010232
v 0.009944 0.051731 0.007669
v 0.009219 0.051272 0.007870
v 0.010156 0.052855 0.006382
v 0.012315 0.053048 0.008936
v 0.012903 0.049362 0.010840
v 0.011874 0.049789 0.009970
v 0.013203 0.048785 0.011949
v 0.011516 0.046860 0.012929
v 0.009505 0.044897 0.015297
v 0.008176 0.043487 0.019009
v 0.006155 0.041635 0.015371
v 0.004432 0.040186 0.018823
v 0.003449 0.038640 0.020171
v 0.001473 0.034731 0.022152
v 0.002071 0.036906 0.022467
v 0.000464 0.034209 0.022877
v 0.000170 0.035750 0.024192
v 0.002707 0.037999 0.023342
v 0.004732 0.040680 0.020378
v 0.006118 0.041664 0.019385
v 0.007071 0.042260 0.018980
v 0.004563 0.041338 0.022307
v 0.005433 0.042105 0.021955
v 0.007230 0.044104 0.023349
v 0.006553 0.043441 0.021575
v 0.005987 0.042938 0.023619
v 0.004143 0.041355 0.024397
v 0.008372 0.045503 0.023414
v 0.007793 0.044814 0.021633
v 0.009695 0.045093 0.019163
v 0.013121 0.047004 0.015425
v 0.013923 0.048891 0.014093
v 0.014273 0.048838 0.016014
v 0.012485 0.046443 0.015769
v 0.010937 0.045872 0.016823
v 0.013734 0.047932 0.017201
v 0.012478 0.047865 0.019166
v 0.011251 0.046790 0.019258
v 0.008875 0.045536 0.021416
v 0.009300 0.046501 0.022458
v 0.008376 0.046497 0.024198
v 0.008997 0.051294 0.023486
v 0.009814 0.047734 0.022388
v 0.010298 0.046751 0.020783
v 0.014842 0.049084 0.017203
v 0.014973 0.050906 0.015428
v 0.014186 0.049844 0.012262
v 0.013043 0.052434 0.010256
v 0.011542 0.054316 0.007350
v 0.010671 0.054363 0.005597
v 0.012144 0.054596 0.007520
v 0.014393 0.054539 0.007564
v 0.014249 0.053585 0.009449
v 0.015619 0.052976 0.011447
v 0.016012 0.054590 0.010557
v 0.017570 0.053547 0.012059
v 0.014253 0.054174 0.008059
v 0.031199 0.054299 0.005228
v 0.032574 0.054566 0.006411
v 0.034177 0.051484 0.006035
v 0.034422 0.054015 0.006497
v 0.035263 0.049703 0.007361
v 0.034597 0.046085 0.008497
v 0.035244 0.043543 0.011959
v 0.035208 0.045468 0.010145
v 0.034492 0.042036 0.015297
v 0.035309 0.043459 0.014478
v 0.036096 0.044261 0.016311
v 0.036687 0.048817 0.009469
v 0.036034 0.054613 0.007819
v 0.034775 0.054624 0.007086
v 0.036942 0.050652 0.009046
v 0.036953 0.054628 0.008949
v 0.037810 0.053962 0.009457
v 0.038310 0.052558 0.010757
v 0.038451 0.050252 0.013012
v 0.036448 0.046159 0.013516
v 0.037673 0.048579 0.013710
v 0.038644 0.053966 0.011085
v 0.038193 0.054670 0.010934
v 0.018584 0.054556 0.010355
v 0.018730 0.053990 0.011381
v 0.030854 0.054538 0.005486
v 0.036504 0.054509 0.009390
v 0.019200 0.053674 0.012590
v 0.015413 0.051708 0.012410
v 0.015385 0.051175 0.013392
v 0.016921 0.052456 0.015917
v 0.016656 0.052400 0.013050
v 0.018036 0.052981 0.013616
v 0.019296 0.054535 0.009739
v 0.020858 0.054538 0.012566
v 0.018929 0.053520 0.015602
v 0.019370 0.053892 0.014845
v 0.020089 0.054061 0.014077
v 0.020944 0.054593 0.014123
v 0.021931 0.054187 0.015500
v 0.020392 0.053583 0.015709
v 0.014873 0.049407 0.019072
v 0.011628 0.049005 0.020841
v 0.011784 0.051022 0.021718
v 0.014532 0.052480 0.022812
v 0.016033 0.051093 0.018685
v 0.017874 0.052827 0.017508
v 0.021403 0.054560 0.016681
v 0.018620 0.052783 0.019184
v 0.018727 0.052992 0.021506
v 0.017527 0.052371 0.019442
v 0.016960 0.052403 0.017885
v 0.016167 0.051974 0.021029
v 0.014970 0.050963 0.020045
v 0.013535 0.052027 0.022201
v 0.014917 0.052063 0.022326
v 0.011318 0.053121 0.024323
v 0.009859 0.052288 0.023143
v 0.010529 0.051123 0.022363
v 0.007670 0.052429 0.024921
v 0.008627 0.053692 0.026362
v 0.008902 0.053897 0.028710
v 0.011368 0.054099 0.028006
v 0.010587 0.054673 0.027142
v 0.009776 0.053700 0.025199
v 0.011416 0.054069 0.026304
v 0.012148 0.053911 0.025433
v 0.014572 0.052797 0.023821
v 0.014791 0.053338 0.024721
v 0.016985 0.052515 0.024337
v 0.017265 0.051909 0.023417
v 0.019185 0.052764 0.022970
v 0.017494 0.052488 0.021491
v 0.020290 0.054380 0.017989
v 0.020994 0.054533 0.019714
v 0.020327 0.053828 0.022726
v 0.018460 0.052595 0.024111
v 0.017137 0.052706 0.025183
v 0.012263 0.053793 0.028828
v 0.009897 0.054029 0.028295
v 0.008547 0.053236 0.029784
v 0.013126 0.053257 0.029674
v 0.015730 0.053292 0.030687
v 0.015160 0.053855 0.031569
v 0.013694 0.053427 0.031084
v 0.014831 0.054025 0.032622
v 0.013149 0.053281 0.025153
v 0.017065 0.053306 0.026104
v 0.020135 0.053309 0.023601
v 0.038829 0.053863 0.013487
v 0.038283 0.054622 0.013525
v 0.038904 0.054343 0.014243
v 0.039724 0.053894 0.015500
v 0.038901 0.050651 0.014552
v 0.034661 0.042490 0.019133
v 0.031436 0.039938 0.020195
v 0.030366 0.036672 0.020719
v 0.029350 0.036177 0.022181
v 0.030296 0.041930 0.023613
v 0.032229 0.040410 0.019189
v 0.033462 0.041956 0.019981
v 0.034511 0.044669 0.021604
v 0.032282 0.042607 0.021922
v 0.034665 0.043578 0.020552
v 0.035312 0.043515 0.018870
v 0.038277 0.048326 0.017052
v 0.036771 0.045841 0.017030
v 0.037634 0.047078 0.017384
v 0.036604 0.046382 0.019502
v 0.039087 0.049374 0.017157
v 0.038039 0.048471 0.018959
v 0.039290 0.050415 0.018530
v 0.040178 0.054053 0.017299
v 0.039495 0.053843 0.018812
v 0.024622 0.053968 0.023431
v 0.023953 0.054539 0.022301
v 0.022816 0.054535 0.015619
v 0.038467 0.054515 0.021481
v 0.038151 0.054534 0.016935
v 0.038984 0.054616 0.019998
v 0.039422 0.053745 0.020424
v 0.038792 0.051211 0.020268
v 0.033218 0.045133 0.023454
v 0.030395 0.040714 0.022637
v 0.026925 0.034368 0.024732
v 0.028646 0.038051 0.024111
v 0.028254 0.034776 0.023330
v 0.022181 0.032370 0.027519
v 0.017772 0.032753 0.030404
v 0.020543 0.032980 0.029128
v 0.028344 0.038922 0.025137
v 0.028033 0.041082 0.026111
v 0.027167 0.037198 0.025751
v 0.025067 0.034146 0.026430
v 0.025560 0.037033 0.027279
v 0.027048 0.040234 0.027349
v 0.028655 0.043345 0.027651
v 0.025910 0.040352 0.028512
v 0.024533 0.037691 0.028659
v 0.027051 0.043389 0.029080
v 0.029274 0.043276 0.025954
v 0.029020 0.042152 0.024940
v 0.031550 0.043492 0.023375
v 0.034810 0.045952 0.023305
v 0.036266 0.047042 0.021204
v 0.036908 0.048470 0.021234
v 0.034144 0.045604 0.025290
v 0.030304 0.044375 0.027761
v 0.031312 0.044669 0.028148
v 0.029400 0.045022 0.029727
v 0.030939 0.044452 0.025937
v 0.031607 0.044258 0.024343
v 0.032400 0.044619 0.026087
v 0.033403 0.045595 0.026898
v 0.035828 0.047425 0.025941
v 0.032833 0.045664 0.028422
v 0.032190 0.046001 0.029177
v 0.027473 0.046241 0.031747
v 0.032593 0.050423 0.031349
v 0.029455 0.048750 0.032005
v 0.033228 0.048994 0.030055
v 0.034913 0.047368 0.026889
v 0.036050 0.047057 0.024893
v 0.039586 0.052130 0.021975
v 0.040118 0.054354 0.021677
v 0.038237 0.050679 0.023185
v 0.037609 0.049337 0.021131
v 0.039688 0.054044 0.022787
v 0.025726 0.054544 0.023410
v 0.037693 0.054594 0.023677
v 0.039123 0.054631 0.022776
v 0.037250 0.049203 0.025054
v 0.038243 0.051478 0.024239
v 0.023111 0.053237 0.023543
v 0.023201 0.053264 0.024944
v 0.025786 0.054534 0.024805
v 0.024411 0.054411 0.026438
v 0.024647 0.054574 0.027924
v 0.019556 0.054587 0.035518
v 0.016218 0.053278 0.032416
v 0.015340 0.054562 0.033676
v 0.015683 0.054507 0.035628
v 0.020127 0.053408 0.035643
v 0.015111 0.045295 0.034378
v 0.010966 0.043598 0.034265
v 0.006499 0.044305 0.033218
v 0.006070 0.044620 0.032468
v 0.005783 0.044940 0.029165
v 0.006442 0.045655 0.029535
v 0.006706 0.051640 0.026277
v 0.006631 0.050041 0.026132
v 0.006635 0.049250 0.029749
v 0.006684 0.046707 0.029640
v 0.007688 0.045385 0.032219
v 0.008561 0.046413 0.032133
v 0.009026 0.044815 0.033258
v 0.006663 0.050989 0.031285
v 0.006958 0.052378 0.031255
v 0.007677 0.047182 0.031400
v 0.006963 0.045597 0.031083
v 0.007058 0.052566 0.026287
v 0.007740 0.053153 0.030956
v 0.008704 0.051993 0.033521
v 0.007719 0.052116 0.032787
v 0.008448 0.048672 0.033120
v 0.011319 0.045781 0.034025
v 0.012938 0.046222 0.034102
v 0.014772 0.044021 0.034093
v 0.011527 0.047642 0.034453
v 0.014978 0.047464 0.035225
v 0.017055 0.048686 0.035306
v 0.012821 0.048802 0.035336
v 0.013550 0.051460 0.035913
v 0.009036 0.053410 0.031142
v 0.010132 0.054538 0.033191
v 0.012448 0.054649 0.035213
v 0.015543 0.053914 0.036989
v 0.015046 0.054537 0.036576
v 0.017138 0.053001 0.036806
v 0.017855 0.054622 0.036178
v 0.018409 0.053701 0.036467
v 0.018356 0.051260 0.035821
v 0.014012 0.053923 0.036452
v 0.012879 0.054003 0.035836
v 0.008710 0.053327 0.032049
v 0.009441 0.051835 0.034451
v 0.009509 0.046675 0.033212
v 0.010781 0.051054 0.035227
v 0.010681 0.054158 0.034664
v 0.007269 0.048833 0.031264
v 0.003904 0.043855 0.030868
v 0.002359 0.042189 0.032535
v 0.000378 0.039788 0.033578
v 0.001883 0.041153 0.033682
v 0.000789 0.036244 0.035415
v 0.004229 0.030560 0.035566
v 0.004217 0.036460 0.035559
v 0.003037 0.033444 0.035914
v 0.003185 0.039068 0.035303
v 0.003545 0.040943 0.034743
v 0.003729 0.043062 0.032798
v 0.005600 0.041571 0.034791
v 0.007410 0.042873 0.034633
v 0.007915 0.041451 0.035390
v 0.006784 0.029306 0.035517
v 0.008192 0.030167 0.035399
v 0.009159 0.028149 0.034332
v 0.011418 0.028306 0.033795
v 0.011291 0.032236 0.034302
v 0.012094 0.027564 0.033161
v 0.013505 0.027777 0.031799
v 0.014653 0.028070 0.031243
v 0.014554 0.030756 0.032662
v 0.011177 0.034401 0.035374
v 0.012582 0.033549 0.034423
v 0.012985 0.030913 0.033634
v 0.014882 0.033443 0.033257
v 0.016907 0.033160 0.031587
v 0.019266 0.034932 0.030776
v 0.021307 0.035427 0.030109
v 0.023455 0.038781 0.029888
v 0.023197 0.042602 0.030604
v 0.022587 0.039690 0.030688
v 0.019476 0.037069 0.031792
v 0.018810 0.038544 0.033112
v 0.017425 0.039296 0.033902
v 0.016897 0.036523 0.032944
v 0.016146 0.034141 0.032759
v 0.015791 0.037705 0.033859
v 0.015720 0.039486 0.034097
v 0.017579 0.044040 0.033990
v 0.017267 0.046417 0.034178
v 0.020079 0.041275 0.032520
v 0.019718 0.044100 0.033030
v 0.020852 0.044352 0.032682
v 0.022628 0.044189 0.031613
v 0.024389 0.042222 0.029870
v 0.024771 0.045233 0.031257
v 0.026555 0.045555 0.031450
v 0.025357 0.044375 0.030253
v 0.022678 0.046853 0.033022
v 0.020689 0.049313 0.035174
v 0.023280 0.050924 0.034737
v 0.022011 0.050229 0.035171
v 0.019140 0.048824 0.035360
v 0.020278 0.053288 0.030731
v 0.023176 0.053263 0.030860
v 0.024306 0.053893 0.030766
v 0.023947 0.053727 0.028802
v 0.025672 0.054550 0.029505
v 0.025736 0.054534 0.021845
v 0.037847 0.054104 0.024324
v 0.036282 0.054596 0.025758
v 0.035025 0.054116 0.028006
v 0.036632 0.054025 0.026087
v 0.033741 0.050200 0.030206
v 0.036505 0.049206 0.026555
v 0.034900 0.049297 0.028775
v 0.035961 0.051190 0.028244
v 0.037271 0.051120 0.025734
v 0.034728 0.054579 0.027535
v 0.035223 0.051723 0.028864
v 0.025671 0.054555 0.031207
v 0.020204 0.053301 0.032461
v 0.020910 0.054265 0.033291
v 0.021533 0.054057 0.032245
v 0.022302 0.054055 0.031887
v 0.021799 0.054612 0.033897
v 0.023194 0.054353 0.034252
v 0.021152 0.054337 0.035191
v 0.022025 0.051633 0.035454
v 0.024633 0.052293 0.034206
v 0.026380 0.050809 0.033907
v 0.029120 0.054591 0.032567
v 0.025991 0.054529 0.028140
v 0.031648 0.054526 0.030189
v 0.032791 0.054606 0.030992
v 0.032901 0.053464 0.031432
v 0.033866 0.054587 0.029316
v 0.033863 0.053874 0.030105
v 0.028984 0.050685 0.032796
v 0.031072 0.050983 0.032358
v 0.031517 0.054633 0.031930
v 0.029635 0.053573 0.032863
v 0.031677 0.053605 0.032292
v 0.024067 0.054481 0.031929
v 0.024833 0.054412 0.033900
v 0.024572 0.049135 0.033838
v 0.025670 0.047228 0.032597
v 0.026703 0.054265 0.033950
v 0.027208 0.054636 0.033452
v 0.028244 0.053492 0.033620
v 0.026735 0.054526 0.032371
v 0.018647 0.046021 0.034025
v 0.012866 0.041503 0.035356
v 0.013163 0.043447 0.034325
v 0.005865 0.039915 0.035525
v 0.009484 0.033547 0.035511
v 0.013245 0.038157 0.035222
v 0.012929 0.040122 0.035550
v 0.021526 0.038581 0.030779
v 0.021026 0.040955 0.032054
v 0.022594 0.034281 0.028386
v 0.024060 0.053861 0.025106
v 0.039811 0.054669 0.017046
v 0.040166 0.051571 0.017202
v 0.033437 0.041275 0.017508
v 0.034289 0.042031 0.017177
v 0.021795 0.054411 0.022427
v 0.020767 0.054596 0.021543
v 0.019094 0.053306 0.025419
v 0.007167 0.047129 0.026289
v 0.007239 0.045584 0.025823
v 0.016121 0.051426 0.016915
v 0.037258 0.049259 0.011203
v 0.036096 0.051948 0.007630
v 0.036189 0.049929 0.008025
v 0.010232 0.054535 0.004406
v 0.007702 0.049940 0.024528
v 0.001401 0.038100 0.025191
v 0.003683 0.039620 0.022012
v 0.005180 0.046425 0.010083
v 0.001353 0.050535 0.005574
v 0.002038 0.054034 0.005493
v 0.002515 0.051580 0.006307
v 0.007754 0.054402 0.005758
v 0.023896 0.029363 0.024391
v 0.025104 0.032217 0.024495
v 0.031216 0.036971 0.010748
v 0.031609 0.054592 0.001890
v 0.032026 0.053914 0.002072
v 0.018610 0.025706 0.025641
v 0.017741 0.020441 0.021602
v 0.001259 0.017098 0.025343
v 0.015270 0.014496 0.020322
v -0.004361 0.032504 0.033011
v -0.001283 0.019632 0.025288
v -0.003523 0.025727 0.022080
v 0.015953 0.006888 0.017623
v 0.017451 0.010352 0.015825
v 0.018549 0.010302 0.012735
v 0.018882 0.011652 0.013845
v 0.018257 0.011956 0.016229
v 0.019229 0.012887 0.015704
v 0.020375 0.013126 0.011503
v 0.020079 0.015173 0.015990
v 0.021352 0.015295 0.014202
v 0.017686 0.008874 0.013122
v 0.022485 0.015568 0.012917
v 0.023693 0.016555 0.007836
v 0.025559 0.034418 0.002976
v 0.026632 0.030987 0.004692
v 0.027615 0.036351 0.004411
v 0.027062 0.048809 -0.003418
v 0.026305 0.045952 -0.002829
v 0.022942 0.024359 0.003698
v 0.024143 0.024249 0.004751
v 0.022650 0.025981 0.002829
v 0.021541 0.025702 0.002262
v -0.000370 0.053847 -0.005419
v -0.002013 0.052157 -0.010041
v -0.000856 0.044293 0.005989
v -0.001718 0.027624 0.021963
v -0.003940 0.026338 0.014037
v -0.003697 0.026356 0.015390
v -0.002931 0.026837 0.013887
v -0.002376 0.027008 0.013188
v -0.002082 0.027255 0.016193
v -0.001487 0.034049 0.009749
v -0.010760 0.031954 0.007748
v -0.006412 0.044915 -0.004995
v -0.004698 0.045266 -0.004158
v -0.013201 0.017493 0.020330
v -0.012897 0.013337 0.020307
v -0.016895 0.016128 0.018102
v -0.003491 0.051669 -0.015040
v 0.001994 0.051412 -0.017429
v 0.007948 0.052152 -0.017994
v 0.009677 0.052024 -0.017668
v 0.009901 0.054599 -0.016944
v 0.015644 0.037489 -0.000569
v 0.016612 0.038389 -0.001464
v 0.017515 0.008879 0.005400
v 0.008801 0.031586 0.000787
v 0.014818 0.002351 0.016813
v 0.014059 -0.004538 0.011126
v 0.012860 -0.006620 0.012211
v 0.011917 -0.009097 0.012575
v 0.011359 -0.009519 0.013123
v 0.017256 0.009764 0.000382
v 0.011499 0.039858 -0.008682
v 0.008421 0.038683 -0.010317
v 0.007023 0.028712 -0.002327
v 0.006361 0.025928 -0.002190
v 0.006342 0.027273 -0.005040
v 0.006426 0.023163 -0.000148
v 0.014266 0.016070 -0.003158
v 0.014891 0.014649 -0.003408
v 0.016059 0.008075 -0.003838
v 0.016501 0.004987 -0.006709
v 0.004904 0.020800 -0.003243
v 0.006984 0.028803 -0.006311
v 0.005396 0.030465 -0.011680
v 0.007715 0.036546 -0.008703
v 0.009641 0.041823 -0.012896
v 0.005583 0.044803 -0.017254
v 0.005310 0.039188 -0.014590
v 0.005516 0.036742 -0.013004
v 0.006184 0.040171 -0.013716
v -0.004419 0.051065 -0.014926
v 0.000803 0.035569 -0.019836
v -0.006922 0.043900 -0.018264
v 0.004160 0.024933 -0.010729
v 0.003214 0.016958 -0.010540
v 0.013467 0.008032 -0.009787
v 0.010527 -0.003793 -0.012100
v 0.011276 -0.010954 0.006760
v -0.008854 0.000826 0.015274
v -0.009593 -0.000683 0.014168
v -0.012822 -0.001927 0.012446
v -0.008071 -0.003960 0.011968
v -0.006005 -0.006251 0.011230
v 0.011677 -0.010212 0.005236
v -0.002344 -0.011436 0.013044
v -0.003422 -0.012891 0.010035
v -0.015239 -0.002332 0.011216
v -0.015909 0.004724 0.011339
v -0.012624 -0.004103 0.011557
v -0.009912 -0.012794 0.007307
v 0.011767 -0.009020 -0.000840
v 0.012608 -0.008552 0.000842
v 0.000891 -0.013589 -0.004033
v 0.009402 -0.010791 -0.004787
v 0.013136 -0.006238 -0.008987
v 0.002189 -0.013592 -0.002161
v -0.013274 -0.013615 0.000624
v -0.014802 -0.011437 -0.005734
v -0.009434 -0.014222 -0.005336
v 0.008655 -0.008484 -0.012589
v 0.008722 0.002749 -0.013593
v 0.004192 -0.013650 -0.008447
v 0.003001 -0.014298 -0.008729
v -0.024644 0.000632 -0.001131
v -0.010109 0.000408 -0.016337
v -0.009374 -0.002138 -0.015432
v -0.007145 -0.005500 -0.015467
v -0.006334 -0.007147 -0.014315
v -0.004553 -0.006528 -0.014961
v -0.003737 -0.009507 -0.014249
v -0.000191 -0.006296 -0.015003
v -0.005552 -0.001018 -0.017102
v -0.004665 -0.004350 -0.015994
v -0.006968 -0.001878 -0.016800
v -0.003964 -0.001394 -0.016474
v -0.000817 -0.004564 -0.015930
v -0.000133 -0.001611 -0.016432
v -0.003029 0.000361 -0.017388
v -0.011782 -0.010990 -0.009715
v -0.009421 -0.011929 -0.010006
v -0.007732 -0.012068 -0.010503
v -0.008786 -0.010225 -0.012331
v -0.002975 0.019001 -0.016663
v -0.002715 0.020680 -0.015659
v -0.000908 0.026741 -0.018215
v -0.002438 0.029260 -0.019588
v -0.005126 0.026434 -0.020186
v -0.018437 0.042123 -0.016117
v -0.025039 0.042569 -0.013050
v -0.023566 0.040391 -0.017871
v -0.028082 0.032733 0.003063
v -0.024934 0.030900 0.004926
v -0.023865 0.033232 0.005248
v -0.021474 0.030607 0.007544
v -0.031329 0.031096 0.002276
v -0.031464 0.028802 0.003207
v -0.026049 0.020177 0.007812
v -0.023712 0.020224 0.009023
v -0.022438 0.020967 0.010193
v -0.021121 0.010922 0.011958
v -0.018462 0.012746 0.016124
v -0.016592 0.009115 0.013743
v -0.018109 0.010683 0.014671
v -0.023607 0.007927 0.006265
v -0.028347 0.019940 0.006627
v -0.033877 0.038418 -0.007887
v -0.039061 0.017913 0.003470
v -0.039991 0.018659 0.003258
v -0.033802 0.038470 -0.012507
v -0.029180 0.040057 -0.015943
v -0.007868 0.026648 -0.021542
v -0.002293 0.005404 -0.020086
v -0.012014 0.022403 -0.022642
v -0.016722 0.032750 -0.023654
v -0.019599 0.032639 -0.023729
v -0.014554 0.026775 -0.024627
v -0.012979 0.000522 -0.014183
v -0.022585 -0.002001 -0.005364
v -0.017109 0.001582 -0.014532
v -0.019388 0.001307 -0.012808
v -0.017289 0.004008 -0.017237
v -0.016064 0.015379 -0.022545
v -0.016756 0.012576 -0.022092
v -0.019002 0.020704 -0.025126
v -0.022703 0.016156 -0.025257
v -0.043463 0.017694 0.003340
v -0.047391 0.022675 -0.000747
v -0.036674 0.009143 0.003471
v -0.035856 0.007274 0.003195
v -0.032426 0.000770 -0.003755
v -0.039936 0.001618 -0.000761
v -0.046800 0.007307 -0.000482
v -0.047372 0.017316 -0.004222
v -0.047357 0.022877 -0.004591
v -0.046803 0.026843 -0.005719
v -0.046777 0.024870 -0.007868
v -0.044956 0.016968 -0.009963
v -0.044821 0.031210 -0.014838
v -0.044935 0.027319 -0.014860
v -0.044937 0.018919 -0.011406
v -0.045755 0.004893 -0.011010
v -0.045994 0.017740 -0.007963
v -0.046602 0.007350 -0.007557
v -0.041004 0.034970 -0.018501
v -0.040047 0.035334 -0.017738
v -0.042954 0.028862 -0.018876
v -0.041346 0.022255 -0.022071
v -0.042434 -0.002328 -0.011653
v -0.042665 0.002263 -0.018501
v -0.043833 0.018533 -0.018366
v -0.042684 0.015539 -0.019219
v -0.041784 0.015608 -0.021070
v -0.041600 0.018699 -0.021929
v -0.041611 0.009485 -0.021312
v -0.040954 0.012584 -0.022584
v -0.039022 0.012572 -0.023713
v -0.039047 0.015965 -0.024088
v -0.035626 0.027087 -0.026455
v -0.031108 0.016162 -0.025170
v -0.033158 0.016882 -0.025218
v -0.032364 0.020950 -0.025602
v -0.028610 0.014829 -0.025071
v -0.027895 0.001481 -0.016536
v -0.033741 -0.000470 -0.010075
v -0.033410 0.000242 -0.013503
v -0.032116 0.012732 -0.023745
v -0.035591 0.016055 -0.024132
v -0.028688 0.008168 -0.021996
v -0.041966 -0.000447 -0.015854
v -0.040519 0.001955 -0.019864
v -0.035084 0.001699 -0.018227
v -0.042796 0.009400 -0.018940
v -0.044570 0.004289 -0.015780
v -0.004979 0.028004 0.031997
v 0.014135 -0.008005 -0.001593
v 0.014191 -0.008080 -0.003591
v 0.013208 -0.008609 0.000066
v 0.013820 -0.008463 -0.000292
v 0.012210 -0.009042 -0.000468
v 0.014998 -0.008933 -0.000832
v 0.015180 -0.008684 -0.003746
v 0.013323 -0.008525 -0.002317
v 0.013657 -0.008338 -0.004594
v 0.014584 -0.009234 -0.004933
v 0.012125 -0.009244 0.002961
v 0.011311 -0.009331 0.002282
v 0.013695 -0.009625 0.000911
v 0.011865 -0.009192 -0.000044
v 0.014672 -0.009472 0.000575
v 0.014607 -0.009243 -0.000903
v 0.012130 -0.008979 -0.002196
v 0.015490 -0.008981 -0.001990
v 0.011895 -0.009332 -0.003257
v 0.012544 -0.009530 -0.005106
v 0.015091 -0.009311 -0.005508
v 0.013918 -0.009596 -0.005897
v 0.012624 -0.010716 0.004707
v 0.011871 -0.009821 0.004122
v 0.013334 -0.009862 0.004097
v 0.013796 -0.010023 0.004126
v 0.012628 -0.010608 0.003689
v 0.013024 -0.009870 0.003048
v 0.015272 -0.009626 0.000399
v 0.011010 -0.009762 0.000202
v 0.012878 -0.009835 0.000848
v 0.012600 -0.009414 0.000037
v 0.012653 -0.009443 -0.002390
v 0.016669 -0.010686 -0.003366
v 0.011052 -0.009950 -0.003970
v 0.012862 -0.009865 -0.006097
v 0.011581 -0.009816 -0.006240
v 0.015596 -0.009873 -0.006343
v 0.014543 -0.009846 -0.007294
v 0.014218 -0.009772 -0.008248
v 0.015314 -0.010368 -0.008177
v 0.010106 -0.010596 -0.009793
v 0.011924 -0.009779 -0.009291
v 0.010827 -0.010092 0.004034
v 0.015392 -0.010846 0.003439
v 0.010131 -0.010893 -0.003256
v 0.009198 -0.011169 -0.004853
v 0.016553 -0.010906 -0.007554
v 0.015211 -0.011063 -0.009949
v 0.014549 -0.010732 -0.008891
v 0.014148 -0.010949 -0.010228
v 0.012160 -0.010545 -0.010259
v 0.011154 -0.010994 -0.010428
v 0.013016 -0.011074 -0.010604
v 0.011488 -0.011084 -0.011882
v 0.013118 -0.011137 0.007638
v 0.010717 -0.011102 0.005978
v 0.012327 -0.011020 0.005707
v 0.014705 -0.011117 0.005705
v 0.013415 -0.011038 0.005597
v 0.009639 -0.011250 0.004379
v 0.009684 -0.011199 0.000983
v 0.016922 -0.011725 0.001136
v 0.016590 -0.011042 -0.001869
v 0.009611 -0.011189 -0.002416
v 0.016898 -0.011061 -0.005861
v 0.008840 -0.011410 -0.009211
v 0.014913 -0.011315 -0.011216
v 0.013667 -0.011090 -0.011765
v 0.010111 -0.011268 -0.011528
v 0.013694 -0.011797 -0.012782
v -0.011003 -0.011747 0.012311
v 0.013762 -0.011663 0.008125
v 0.012587 -0.012567 0.008410
v 0.011882 -0.011648 0.007695
v 0.009583 -0.011953 0.006277
v 0.008476 -0.012149 0.003450
v 0.008452 -0.012121 -0.002146
v 0.008721 -0.011551 -0.003051
v 0.008190 -0.012149 -0.005536
v 0.017325 -0.012777 -0.008405
v -0.013810 -0.011795 -0.008696
v 0.008739 -0.011733 -0.010969
v 0.015571 -0.012174 -0.011764
v 0.009332 -0.012678 -0.012069
v 0.010624 -0.011873 -0.012813
v 0.014530 -0.012586 -0.012914
v -0.010902 -0.011982 0.013088
v -0.012225 -0.012687 0.012941
v 0.013620 -0.012289 0.009172
v 0.010365 -0.012566 0.008272
v 0.008213 -0.012593 0.007625
v 0.010013 -0.012544 0.007035
v 0.008095 -0.012441 0.006449
v 0.015264 -0.011820 0.006352
v 0.007418 -0.012400 0.005393
v 0.007903 -0.012187 0.004397
v 0.016113 -0.011862 0.002979
v 0.008990 -0.012763 -0.002218
v 0.007910 -0.012140 -0.002301
v 0.007174 -0.012584 -0.003099
v 0.007753 -0.012097 -0.004351
v 0.017470 -0.011875 -0.005108
v 0.007788 -0.012526 -0.007604
v -0.013923 -0.012276 -0.007626
v -0.014654 -0.012921 -0.010603
v 0.008018 -0.012746 -0.011515
v 0.010497 -0.012883 -0.013554
v -0.011632 -0.013087 0.013654
v -0.009767 -0.013739 0.013376
v -0.009525 -0.012958 0.012905
v -0.011565 -0.012700 0.011458
v -0.008292 -0.012966 0.012155
v -0.012173 -0.013044 0.010179
v -0.009345 -0.013111 0.010405
v -0.010079 -0.012879 0.010847
v -0.010359 -0.012963 0.009784
v 0.012520 -0.013134 0.009472
v -0.011561 -0.012875 0.008555
v 0.008682 -0.013064 0.009178
v 0.014768 -0.013095 0.009296
v 0.015365 -0.013032 0.008216
v 0.007489 -0.012985 0.008676
v 0.014561 -0.012507 0.007093
v 0.006123 -0.013044 0.007885
v 0.006773 -0.013412 0.007785
v 0.008807 -0.012678 0.007712
v 0.009084 -0.012696 0.006520
v 0.005487 -0.012885 0.005912
v -0.012316 -0.012894 0.006415
v 0.016092 -0.012728 0.004909
v -0.013862 -0.012830 0.005087
v 0.017140 -0.013229 0.004804
v 0.008917 -0.012735 0.004053
v 0.006038 -0.013044 -0.003474
v -0.013778 -0.012907 0.003069
v -0.015656 -0.013508 0.003346
v 0.004604 -0.012951 0.003269
v -0.014795 -0.013049 0.001851
v 0.017611 -0.013391 0.002404
v 0.003639 -0.013623 0.001035
v 0.005227 -0.012878 0.000458
v 0.017592 -0.012868 0.000158
v -0.014724 -0.013317 0.000401
v 0.004261 -0.013485 0.000020
v -0.014947 -0.012979 -0.001358
v 0.017642 -0.012674 -0.002490
v -0.014320 -0.012883 -0.001647
v -0.013446 -0.012944 -0.004259
v 0.018456 -0.013333 -0.004323
v 0.006642 -0.013164 -0.003220
v 0.005660 -0.012922 -0.006455
v 0.006565 -0.013824 -0.004999
v 0.004849 -0.012901 -0.003957
v -0.015086 -0.013009 -0.006269
v 0.006121 -0.013093 -0.005529
v 0.006638 -0.012940 -0.006023
v 0.017921 -0.013777 -0.005923
v -0.012860 -0.012894 -0.006790
v -0.014971 -0.012877 -0.008336
v -0.012538 -0.013019 -0.008217
v -0.015660 -0.013407 -0.008516
v -0.009654 -0.012947 -0.009108
v 0.007774 -0.012882 -0.009691
v 0.016689 -0.012144 -0.009386
v 0.006139 -0.012946 -0.011254
v -0.012895 -0.012959 -0.010485
v -0.010052 -0.012928 -0.011172
v -0.015614 -0.013637 -0.011892
v 0.016836 -0.013898 -0.011659
v 0.006847 -0.012972 -0.012088
v -0.014341 -0.012984 -0.012144
v 0.014602 -0.012305 -0.012023
v -0.011572 -0.013077 -0.012260
v 0.009090 -0.013191 -0.012754
v 0.009418 -0.014049 -0.013504
v 0.013993 -0.012853 -0.013499
v 0.012894 -0.013619 -0.014516
v 0.011240 -0.013577 -0.014486
v -0.011381 -0.014148 0.013446
v -0.013183 -0.014455 0.012377
v -0.007727 -0.013486 0.011825
v -0.006736 -0.014191 0.011014
v 0.010786 -0.012894 0.009187
v 0.007602 -0.013950 0.010371
v 0.005712 -0.013556 0.009506
v 0.006702 -0.013939 0.008825
v 0.004198 -0.013598 0.009121
v 0.005866 -0.013532 0.008769
v -0.010770 -0.013578 0.007907
v 0.003033 -0.013565 0.007820
v 0.016393 -0.013324 0.007067
v -0.011951 -0.013167 0.007406
v 0.004946 -0.013623 0.007650
v -0.011113 -0.013594 0.006799
v 0.006734 -0.013456 0.005677
v 0.002759 -0.013593 0.006595
v -0.013926 -0.013574 0.006009
v -0.012455 -0.013593 0.004775
v 0.003906 -0.013621 0.004478
v -0.012647 -0.013620 0.003221
v -0.013890 -0.013600 -0.000437
v -0.013035 -0.013592 -0.001462
v -0.015619 -0.013667 0.000483
v -0.013847 -0.013637 0.001391
v 0.006690 -0.013410 -0.002127
v 0.018592 -0.013691 -0.000758
v 0.003644 -0.013590 -0.002841
v -0.012615 -0.013565 -0.003004
v 0.001556 -0.013570 -0.003338
v -0.011942 -0.013795 -0.003739
v -0.016277 -0.014069 -0.007920
v 0.002645 -0.013602 -0.004526
v 0.000726 -0.014238 -0.004406
v -0.012688 -0.013790 -0.003868
v 0.004632 -0.013566 -0.006643
v -0.012285 -0.012987 -0.005853
v 0.001538 -0.014222 -0.005461
v 0.018686 -0.014852 -0.005699
v -0.011323 -0.014075 -0.005279
v 0.003200 -0.013593 -0.006494
v -0.008548 -0.014002 -0.007193
v -0.009903 -0.013299 -0.007654
v 0.004587 -0.013602 -0.008947
v 0.017836 -0.014830 -0.008967
v 0.003492 -0.014204 -0.010333
v -0.008863 -0.013727 -0.011164
v 0.004863 -0.014063 -0.011002
v -0.010557 -0.013908 -0.013151
v 0.004240 -0.014555 -0.012521
v -0.015333 -0.014229 -0.013013
v 0.005429 -0.013819 -0.012914
v 0.006425 -0.014526 -0.013919
v 0.014598 -0.014701 -0.013515
v -0.013677 -0.014247 -0.013704
v 0.014023 -0.014186 -0.014352
v -0.008201 -0.014218 0.013153
v -0.006288 -0.014381 0.011903
v -0.013411 -0.014203 0.011907
v -0.014950 -0.014825 0.011917
v -0.014728 -0.014209 0.010979
v -0.003118 -0.014327 0.011132
v -0.008144 -0.014178 0.010784
v 0.013260 -0.014817 0.010794
v -0.009159 -0.014264 0.008905
v 0.014549 -0.014845 0.009986
v 0.014571 -0.015510 0.010793
v 0.000562 -0.014193 0.010102
v -0.001977 -0.014317 0.009898
v 0.013855 -0.014159 0.009997
v 0.009392 -0.014121 0.009934
v 0.006456 -0.014179 0.010407
v 0.003580 -0.014241 0.009766
v -0.009782 -0.014178 0.009234
v -0.002247 -0.014242 0.009014
v 0.016505 -0.014165 0.009135
v 0.002655 -0.014187 0.008743
v -0.014919 -0.014241 0.007094
v -0.013362 -0.014221 0.007163
v -0.015766 -0.014299 0.005009
v -0.016446 -0.014120 0.002987
v 0.018508 -0.014667 0.001161
v -0.016839 -0.014409 -0.007194
v -0.011066 -0.014257 -0.004385
v -0.009972 -0.014196 -0.005400
v -0.008050 -0.014212 -0.006233
v 0.003265 -0.014246 -0.008717
v -0.009783 -0.014113 -0.006744
v 0.000709 -0.014196 -0.007476
v 0.018558 -0.014876 -0.007616
v -0.006741 -0.014218 -0.010062
v -0.001068 -0.014209 -0.008063
v -0.000279 -0.014439 -0.008238
v 0.000048 -0.014188 -0.009537
v -0.002537 -0.014244 -0.009249
v -0.003990 -0.014167 -0.009798
v -0.016035 -0.014756 -0.008779
v -0.006446 -0.014259 -0.010922
v -0.016056 -0.015077 -0.011728
v -0.008053 -0.014190 -0.011865
v 0.002795 -0.014562 -0.011104
v -0.009715 -0.014029 -0.011969
v -0.007766 -0.014822 -0.012754
v -0.009708 -0.014276 -0.012845
v 0.015121 -0.012695 -0.012784
v -0.011300 -0.014540 -0.014189
v -0.014308 -0.014890 -0.013920
v 0.014738 -0.015532 -0.014347
v 0.009284 -0.014533 -0.014336
v 0.009966 -0.014978 -0.014650
v 0.012473 -0.014810 -0.015393
v 0.011258 -0.015559 -0.015925
v -0.012264 -0.015276 0.012562
v -0.007271 -0.015232 0.012572
v -0.005384 -0.014994 0.012241
v -0.003978 -0.014193 0.011413
v 0.000037 -0.015249 0.011804
v -0.001821 -0.015357 0.011086
v 0.008809 -0.015086 0.010936
v 0.001933 -0.015142 0.010923
v 0.009838 -0.014629 0.010711
v 0.017674 -0.015041 0.007883
v -0.015749 -0.015128 0.006856
v -0.017282 -0.015058 -0.007147
v -0.016802 -0.015152 -0.008310
v 0.017821 -0.015216 -0.010213
v -0.001346 -0.015243 -0.010311
v -0.003326 -0.015298 -0.010338
v -0.000478 -0.015363 -0.011036
v 0.003627 -0.014749 -0.011897
v -0.005573 -0.015281 -0.011700
v -0.006720 -0.015236 -0.011886
v 0.016899 -0.015929 -0.012673
v -0.007172 -0.015409 -0.013101
v 0.016036 -0.015932 -0.013383
v 0.005212 -0.015280 -0.013337
v -0.009662 -0.015299 -0.013481
v -0.014639 -0.015104 -0.013397
v -0.013055 -0.015275 -0.014526
v 0.013697 -0.016715 -0.015084
v -0.013221 -0.016090 0.012562
v -0.001546 -0.015894 0.012237
v -0.016065 -0.016331 0.011374
v 0.002196 -0.015892 0.012071
v 0.007830 -0.015321 0.011434
v 0.003413 -0.014986 0.010716
v -0.015679 -0.015025 0.011185
v 0.015977 -0.014930 0.010512
v 0.018616 -0.016357 0.007335
v 0.018528 -0.015856 0.005570
v -0.016050 -0.016145 0.005590
v -0.016459 -0.015907 0.005093
v 0.018435 -0.014645 0.004126
v -0.016262 -0.015059 0.003738
v -0.017527 -0.016271 0.003455
v -0.017142 -0.014767 0.002333
v -0.001908 -0.015905 -0.011290
v -0.003709 -0.015688 -0.011334
v 0.002487 -0.015754 -0.011574
v -0.005888 -0.015873 -0.012640
v 0.006468 -0.016303 -0.013260
v -0.010025 -0.015897 -0.014520
v 0.007930 -0.015951 -0.014637
v 0.010131 -0.017013 -0.015716
v 0.012648 -0.017722 -0.016140
v -0.015174 -0.016790 0.012493
v 0.007198 -0.016079 0.012202
v 0.015360 -0.017202 0.011471
v 0.016794 -0.016623 0.011076
v -0.016920 -0.017093 0.004874
v 0.018924 -0.016687 -0.003094
v -0.017631 -0.017620 -0.006950
v 0.018794 -0.016159 -0.008306
v 0.017923 -0.018543 -0.011650
v -0.007751 -0.016090 -0.014178
v 0.015251 -0.017850 -0.014945
v -0.006711 -0.017025 0.012831
v 0.004380 -0.016632 0.012461
v 0.011277 -0.017104 0.011420
v 0.018078 -0.016951 0.008676
v -0.017422 -0.017516 0.003753
v 0.018916 -0.018481 -0.005285
v 0.000555 -0.017615 -0.011739
v -0.002807 -0.017229 -0.011974
v -0.005011 -0.017232 -0.011962
v 0.003394 -0.018407 -0.011865
v 0.003660 -0.018275 -0.012661
v -0.006744 -0.017024 -0.013466
v 0.007019 -0.018572 -0.014304
v 0.013157 -0.017022 -0.014864
v -0.012941 -0.019658 -0.015152
v 0.014579 -0.017384 -0.014846
v 0.001205 -0.017450 0.012933
v 0.004369 -0.018544 0.013255
v 0.002890 -0.018210 0.012791
v 0.007827 -0.018264 0.012791
v 0.008749 -0.017721 0.012331
v 0.016781 -0.017599 0.012165
v 0.010907 -0.017517 0.012065
v 0.008777 -0.017227 0.011347
v 0.019033 -0.017149 0.004577
v 0.019873 -0.017833 0.003741
v 0.019127 -0.017328 -0.003588
v -0.016950 -0.019308 -0.008247
v -0.016271 -0.020316 -0.008437
v 0.018684 -0.019014 -0.010110
v 0.018037 -0.018020 -0.010451
v -0.005075 -0.017547 -0.012906
v 0.004645 -0.018882 -0.013145
v 0.006495 -0.019873 -0.013315
v -0.006544 -0.017661 -0.014291
v -0.013692 -0.019652 -0.014669
v -0.008575 -0.017771 -0.014724
v 0.009522 -0.018009 -0.014832
v 0.008363 -0.018638 -0.014835
v -0.000741 -0.018203 0.013209
v 0.017562 -0.016684 0.010541
v 0.018806 -0.018627 0.008589
v -0.016047 -0.019018 0.005084
v 0.019907 -0.018818 0.005364
v 0.019803 -0.017794 -0.003335
v 0.018879 -0.020069 -0.005766
v -0.016027 -0.023162 -0.008998
v -0.015971 -0.020663 -0.011730
v -0.003801 -0.018164 -0.013047
v -0.014668 -0.021085 -0.013348
v 0.016626 -0.018515 0.012940
v -0.013815 -0.020036 0.013426
v 0.013926 -0.019080 0.013467
v 0.002088 -0.019297 0.013491
v 0.011255 -0.019100 0.013265
v 0.005799 -0.018371 0.012845
v 0.017229 -0.019778 0.012915
v 0.018014 -0.018708 0.010902
v 0.018996 -0.018554 0.006313
v 0.018998 -0.018204 0.005451
v -0.016116 -0.018925 0.003777
v -0.017070 -0.018350 0.003791
v -0.017524 -0.019734 0.001380
v 0.020153 -0.018588 -0.003448
v 0.018997 -0.018297 -0.004251
v 0.019783 -0.019099 -0.004792
v 0.018868 -0.020107 -0.006905
v -0.001974 -0.018415 -0.011923
v -0.001206 -0.019305 -0.012993
v -0.015452 -0.020741 -0.012861
v 0.002789 -0.019040 -0.012793
v -0.002196 -0.018881 -0.012875
v 0.003536 -0.019323 -0.013047
v -0.005729 -0.018967 -0.014551
v -0.004251 -0.019252 -0.013838
v -0.011749 -0.019670 -0.015182
v 0.014857 -0.020212 -0.015575
v 0.014166 -0.017992 -0.015722
v 0.012179 -0.020038 -0.016570
v 0.011019 -0.019450 -0.016499
v 0.016355 -0.019864 0.015032
v 0.014440 -0.018488 0.012922
v 0.006100 -0.019654 0.013624
v -0.014703 -0.020599 0.012716
v -0.016056 -0.020633 0.009785
v 0.018935 -0.020510 0.008243
v 0.020262 -0.019158 0.004481
v 0.019848 -0.020633 -0.005683
v 0.017059 -0.020034 -0.013386
v 0.016642 -0.020280 -0.014125
v 0.008809 -0.019616 -0.015713
v 0.013987 -0.023098 -0.016245
v 0.002168 -0.019765 0.021661
v 0.004896 -0.019741 0.021495
v 0.002601 -0.020161 0.021102
v 0.003099 -0.020209 0.020748
v 0.004784 -0.019708 0.020926
v 0.014571 -0.019676 0.014153
v 0.000105 -0.019935 0.013811
v 0.013670 -0.021160 0.014321
v -0.013267 -0.021630 0.014233
v -0.015496 -0.019930 0.011990
v 0.018816 -0.022325 0.011680
v 0.019993 -0.020830 0.006922
v -0.016040 -0.021100 0.003363
v -0.016925 -0.019888 0.002958
v 0.020335 -0.020273 -0.003405
v 0.018765 -0.020861 -0.010839
v -0.003603 -0.021307 -0.013342
v -0.011781 -0.021475 -0.014718
v 0.014457 -0.022638 -0.015750
v 0.001822 -0.020408 0.023299
v 0.000656 -0.020591 0.023227
v -0.000200 -0.020771 0.022325
v 0.003281 -0.020355 0.021843
v 0.001186 -0.020321 0.021331
v 0.002718 -0.020414 0.021443
v 0.002807 -0.020828 0.021260
v 0.002730 -0.020575 0.021134
v 0.002600 -0.021572 0.021062
v 0.002546 -0.020391 0.021039
v 0.000389 -0.020337 0.021530
v 0.006312 -0.020674 0.021034
v 0.002604 -0.020380 0.020456
v 0.002260 -0.020560 0.019527
v 0.002875 -0.021349 0.017976
v 0.004719 -0.020546 0.019125
v 0.004372 -0.021061 0.019121
v -0.000511 -0.019989 0.014018
v 0.014599 -0.021130 0.014334
v 0.001844 -0.020517 0.014100
v -0.001211 -0.021194 0.014085
v 0.010358 -0.021622 0.014347
v 0.009047 -0.021624 0.014384
v 0.017555 -0.019879 0.013094
v 0.018284 -0.021189 0.012271
v -0.014642 -0.020778 0.011403
v -0.015674 -0.020483 0.011096
v 0.019733 -0.021461 0.007854
v 0.018941 -0.020037 0.006937
v -0.016220 -0.020736 0.002236
v -0.017102 -0.021235 0.001214
v -0.017253 -0.021071 -0.005619
v 0.019629 -0.021193 -0.006624
v -0.017164 -0.020272 -0.007239
v -0.016174 -0.020894 -0.007278
v 0.003972 -0.020893 -0.013618
v -0.002668 -0.021634 -0.013376
v 0.006513 -0.020772 -0.014421
v 0.005894 -0.021279 -0.014622
v 0.008095 -0.021564 -0.014895
v 0.009689 -0.021733 -0.016400
v 0.003666 -0.021043 0.023083
v 0.001155 -0.020861 0.022372
v 0.004945 -0.020795 0.022739
v 0.002672 -0.022288 0.021556
v -0.000635 -0.021848 0.020219
v 0.000421 -0.020709 0.019870
v 0.002631 -0.021360 0.020124
v 0.006789 -0.021294 0.020172
v 0.000916 -0.021851 0.020148
v -0.000229 -0.021818 0.020110
v 0.002728 -0.021835 0.019755
v 0.006484 -0.021582 0.019936
v 0.007042 -0.021273 0.019928
v -0.000389 -0.021764 0.019384
v 0.006060 -0.020951 0.019243
v 0.000530 -0.021634 0.019018
v 0.004090 -0.021363 0.018517
v 0.002186 -0.021067 0.018630
v 0.001369 -0.021656 0.018976
v 0.005236 -0.021578 0.018532
v 0.004240 -0.021401 0.018975
v 0.001768 -0.021689 0.017704
v 0.001166 -0.021535 0.017467
v 0.001594 -0.021072 0.016893
v 0.014418 -0.022247 0.016888
v 0.015301 -0.021141 0.016580
v 0.014891 -0.020183 0.015515
v 0.001273 -0.021253 0.015025
v 0.007326 -0.021012 0.014420
v 0.012023 -0.020869 0.014210
v 0.012006 -0.021761 0.014869
v 0.007813 -0.020562 0.014062
v 0.014600 -0.021234 0.014412
v 0.006287 -0.021726 0.014684
v 0.000928 -0.020609 0.013960
v 0.014081 -0.021814 0.014368
v 0.004594 -0.021876 0.014355
v 0.017707 -0.021172 0.013719
v 0.020325 -0.023499 -0.004487
v 0.020177 -0.022120 -0.005787
v 0.013038 -0.023049 -0.016290
v 0.011189 -0.023243 -0.017717
v 0.003380 -0.022388 0.023644
v 0.004721 -0.022903 0.023515
v -0.001153 -0.022780 0.022319
v 0.006601 -0.022164 0.021842
v 0.000913 -0.022126 0.021185
v 0.002688 -0.022664 0.021136
v 0.007059 -0.021632 0.020639
v 0.007751 -0.021688 0.020462
v 0.002678 -0.022638 0.020781
v 0.006585 -0.022492 0.020711
v 0.004351 -0.022339 0.020341
v 0.007289 -0.022108 0.020375
v 0.001472 -0.022372 0.020021
v 0.004928 -0.023308 0.019739
v 0.006841 -0.021443 0.019827
v 0.000884 -0.023009 0.019506
v 0.008873 -0.021850 0.019909
v 0.009012 -0.021643 0.019028
v 0.007525 -0.021752 0.018505
v 0.000242 -0.022160 0.019162
v -0.000102 -0.022054 0.018801
v 0.000972 -0.022057 0.019024
v 0.010680 -0.021926 0.018575
v 0.006800 -0.021324 0.018950
v 0.005872 -0.021953 0.018423
v 0.005611 -0.021699 0.018779
v 0.001480 -0.023408 0.018980
v 0.001586 -0.021701 0.018166
v 0.008978 -0.021678 0.018325
v 0.008362 -0.021776 0.018669
v 0.000540 -0.021870 0.018236
v 0.005580 -0.021833 0.018583
v 0.008802 -0.021827 0.018658
v 0.006517 -0.021959 0.018520
v 0.005284 -0.022355 0.017946
v 0.002302 -0.022044 0.017936
v 0.006467 -0.021895 0.017728
v 0.001333 -0.021649 0.017992
v 0.003889 -0.022377 0.017173
v 0.003383 -0.022571 0.017639
v 0.000249 -0.021855 0.017571
v 0.010820 -0.022011 0.017706
v 0.003141 -0.022844 0.017353
v 0.016042 -0.022176 0.016815
v 0.010631 -0.021646 0.016573
v 0.000912 -0.021109 0.015741
v -0.000419 -0.021705 0.015967
v 0.008544 -0.022327 0.016313
v 0.003227 -0.021982 0.016211
v 0.017158 -0.022368 0.015334
v 0.007633 -0.022052 0.015976
v 0.014598 -0.022380 0.016028
v 0.011622 -0.021578 0.014938
v 0.008057 -0.022305 0.016039
v 0.006314 -0.022491 0.015953
v 0.002327 -0.021465 0.015811
v -0.001240 -0.022926 0.016096
v 0.014599 -0.022363 0.015950
v 0.012028 -0.022039 0.015715
v 0.008353 -0.021975 0.015995
v 0.014600 -0.022322 0.015794
v 0.014602 -0.022254 0.015590
v 0.004392 -0.022017 0.015340
v 0.014602 -0.022168 0.015395
v 0.010654 -0.022046 0.015064
v 0.009661 -0.022244 0.015451
v 0.005330 -0.021785 0.015183
v 0.014603 -0.022050 0.015197
v 0.003204 -0.021441 0.014575
v 0.014602 -0.021892 0.014998
v 0.014601 -0.021493 0.014618
v 0.014602 -0.021690 0.014793
v 0.014601 -0.021435 0.014572
v 0.017644 -0.022940 0.014348
v 0.014600 -0.021404 0.014547
v -0.013881 -0.022582 0.014471
v -0.014247 -0.024160 0.013624
v -0.015875 -0.023046 0.009598
v 0.020323 -0.022610 0.006584
v -0.016053 -0.025847 0.004939
v -0.016227 -0.021849 0.001537
v -0.016256 -0.021825 -0.006526
v 0.019624 -0.022662 -0.006711
v 0.018953 -0.022765 -0.007159
v 0.018767 -0.024375 -0.009296
v 0.018721 -0.022836 -0.010353
v -0.014783 -0.022047 -0.011986
v -0.015562 -0.021556 -0.011922
v -0.014400 -0.022159 -0.013041
v 0.003317 -0.023189 -0.013303
v 0.000993 -0.023275 -0.013320
v -0.013250 -0.021987 -0.013460
v -0.003918 -0.022261 -0.014338
v -0.013331 -0.021219 -0.014449
v 0.007172 -0.022804 -0.014863
v 0.015175 -0.021864 -0.015562
v 0.008142 -0.023263 -0.015433
v 0.010099 -0.022822 -0.017079
v 0.000805 -0.021904 0.023695
v 0.006625 -0.022178 0.022677
v 0.007711 -0.022615 0.022176
v 0.007051 -0.022393 0.021392
v 0.000912 -0.022236 0.021537
v -0.001123 -0.022855 0.020351
v 0.008876 -0.022285 0.020427
v 0.009337 -0.022250 0.020213
v 0.002653 -0.022523 0.020628
v 0.000913 -0.022104 0.020398
v 0.002656 -0.022466 0.020453
v 0.002681 -0.022369 0.020015
v 0.011620 -0.022432 0.019248
v 0.009877 -0.021998 0.019168
v 0.009246 -0.022618 0.019513
v 0.008973 -0.023351 0.019564
v 0.009102 -0.022595 0.019162
v 0.005349 -0.022977 0.019400
v 0.004358 -0.022514 0.018761
v 0.000845 -0.023369 0.018701
v 0.008233 -0.022907 0.018737
v 0.006038 -0.022339 0.018645
v 0.010112 -0.023004 0.018739
v 0.006026 -0.022773 0.018442
v 0.009501 -0.022586 0.018043
v 0.009143 -0.022222 0.018469
v 0.005522 -0.022189 0.018373
v 0.009802 -0.022586 0.018222
v 0.002426 -0.023147 0.018682
v -0.000932 -0.023206 0.018546
v 0.010148 -0.022703 0.017632
v 0.008088 -0.022330 0.018240
v 0.003142 -0.023299 0.018473
v 0.012216 -0.022901 0.017990
v 0.008951 -0.022761 0.017476
v 0.008039 -0.022239 0.017944
v 0.001481 -0.022547 0.017444
v 0.009719 -0.022488 0.017154
v 0.008561 -0.022723 0.017202
v 0.007521 -0.022580 0.017423
v 0.014812 -0.022990 0.017661
v 0.014508 -0.022587 0.017293
v 0.008136 -0.022933 0.017539
v 0.006123 -0.022732 0.017063
v 0.005229 -0.022725 0.017288
v -0.000367 -0.023380 0.017845
v 0.014612 -0.022794 0.017074
v 0.011974 -0.022636 0.016964
v -0.001074 -0.022988 0.017071
v 0.014608 -0.022576 0.016850
v 0.013619 -0.022346 0.015713
v 0.008714 -0.022578 0.016544
v 0.008421 -0.022462 0.016431
v 0.005402 -0.022424 0.016006
v 0.014596 -0.022442 0.016320
v 0.008599 -0.022386 0.016269
v 0.014601 -0.022258 0.015600
v 0.014601 -0.022284 0.015662
v 0.014037 -0.022607 0.015767
v 0.013024 -0.022022 0.014395
v -0.012298 -0.022232 0.014831
v 0.014602 -0.022169 0.015395
v 0.014602 -0.022170 0.015398
v 0.006716 -0.021754 0.014412
v 0.014603 -0.021945 0.015014
v 0.014603 -0.022056 0.015202
v -0.001237 -0.022110 0.014552
v 0.014602 -0.021900 0.015005
v 0.014601 -0.021538 0.014657
v 0.018022 -0.022910 0.012877
v 0.018741 -0.024831 0.012880
v -0.014687 -0.023825 0.011021
v 0.000051 -0.024160 -0.013503
v -0.000867 -0.023436 -0.013458
v -0.002018 -0.023308 -0.013307
v -0.012818 -0.024506 -0.013967
v 0.016228 -0.023088 -0.014187
v 0.014599 -0.028155 -0.014861
v -0.001191 -0.023350 0.023022
v -0.003273 -0.022900 0.021404
v 0.009197 -0.023158 0.021474
v -0.002153 -0.023145 0.020670
v 0.010805 -0.023255 0.020813
v 0.000914 -0.022202 0.020429
v 0.000914 -0.022203 0.020391
v 0.002653 -0.022514 0.020392
v 0.000950 -0.023473 0.019813
v 0.008567 -0.024024 0.019804
v 0.004438 -0.023886 0.019983
v 0.012037 -0.023358 0.019783
v 0.006755 -0.024108 0.020009
v -0.000993 -0.024226 0.019477
v 0.000282 -0.023202 0.019190
v 0.009581 -0.023761 0.019393
v 0.008679 -0.023474 0.019142
v 0.006588 -0.024078 0.019163
v 0.007956 -0.022818 0.018685
v 0.006948 -0.024098 0.019247
v 0.009560 -0.023297 0.018276
v 0.008633 -0.023344 0.017846
v 0.011764 -0.023108 0.017706
v 0.012847 -0.023129 0.017179
v 0.006828 -0.022865 0.016891
v -0.011589 -0.023006 0.017141
v 0.004583 -0.022941 0.017090
v 0.009217 -0.022938 0.016195
v 0.004384 -0.022923 0.016059
v -0.011741 -0.022924 0.016073
v -0.012688 -0.023017 0.015683
v 0.014597 -0.022432 0.016284
v 0.003310 -0.022660 0.015929
v 0.012867 -0.022942 0.016096
v 0.006925 -0.022723 0.015761
v 0.014600 -0.022322 0.015789
v 0.020307 -0.025326 -0.003159
v -0.016039 -0.023203 -0.004254
v -0.015607 -0.024074 -0.009755
v 0.018082 -0.023489 -0.011499
v -0.014878 -0.023432 -0.011365
v 0.017357 -0.025279 -0.012576
v 0.004204 -0.025637 -0.014720
v 0.012583 -0.022958 -0.017152
v -0.000560 -0.025591 0.023400
v 0.006880 -0.023844 0.023112
v -0.004141 -0.023437 0.021333
v 0.009215 -0.024102 0.021891
v -0.004103 -0.023579 0.020659
v -0.006724 -0.023815 0.021303
v -0.007278 -0.023590 0.020679
v 0.008513 -0.023994 0.019948
v -0.001253 -0.024213 0.019780
v 0.004368 -0.023484 0.018695
v 0.006147 -0.023853 0.019402
v 0.000937 -0.023867 0.019151
v 0.005006 -0.023180 0.018813
v 0.008970 -0.024029 0.019313
v 0.008218 -0.023173 0.018749
v 0.007053 -0.023325 0.018223
v 0.005743 -0.023520 0.017971
v 0.004616 -0.023149 0.018681
v -0.001431 -0.023692 0.018690
v -0.009795 -0.023739 0.018811
v 0.012926 -0.023702 0.018569
v -0.001391 -0.023502 0.017896
v 0.009450 -0.023490 0.017820
v 0.004683 -0.023677 0.017982
v 0.010011 -0.023207 0.018361
v 0.002847 -0.023746 0.017979
v -0.011025 -0.023538 0.017956
v -0.012118 -0.024147 0.017818
v -0.012926 -0.024368 0.016417
v -0.013253 -0.023426 0.015175
v -0.013133 -0.024885 0.013995
v -0.015305 -0.023157 0.010648
v -0.014650 -0.023981 0.009901
v -0.015084 -0.024613 0.009274
v 0.018945 -0.023993 -0.005748
v 0.018806 -0.024154 -0.006716
v -0.015762 -0.024433 -0.007433
v -0.014733 -0.023947 -0.010480
v 0.001788 -0.024193 -0.013456
v 0.003442 -0.023977 -0.014194
v -0.002318 -0.024171 -0.014376
v 0.016567 -0.025157 -0.013964
v 0.006990 -0.024138 -0.015497
v 0.008731 -0.023647 -0.016175
v -0.002594 -0.024808 0.023225
v -0.003489 -0.023912 0.022581
v 0.008005 -0.024845 0.022523
v -0.004134 -0.024114 0.021869
v -0.007211 -0.024523 0.021423
v -0.008275 -0.024667 0.020490
v -0.008333 -0.024178 0.019806
v -0.010172 -0.024436 0.019291
v 0.005571 -0.023965 0.019419
v -0.007724 -0.024219 0.019467
v 0.012964 -0.024857 0.018937
v -0.011401 -0.025107 0.018595
v 0.013848 -0.025377 0.018867
v 0.014926 -0.024738 0.018104
v 0.018262 -0.024940 0.013918
v -0.014343 -0.024599 0.012554
v -0.015660 -0.024667 0.008250
v 0.018105 -0.024145 -0.010330
v -0.014284 -0.024647 -0.011810
v -0.013274 -0.024700 -0.012992
v 0.001758 -0.025422 -0.014468
v -0.003555 -0.025352 0.022604
v 0.010858 -0.026460 0.021471
v -0.007280 -0.025307 0.020464
v -0.009750 -0.026262 0.019851
v -0.011767 -0.025437 0.017387
v -0.013162 -0.025094 0.012902
v -0.014641 -0.025186 0.008445
v 0.019674 -0.030954 0.007952
v 0.020316 -0.030311 0.006645
v -0.016021 -0.026087 -0.002633
v -0.015784 -0.025409 -0.005745
v -0.014702 -0.025040 -0.007418
v -0.014720 -0.024921 -0.009794
v -0.013207 -0.025156 -0.011981
v -0.000354 -0.025437 -0.014377
v -0.011643 -0.025652 -0.014452
v 0.006497 -0.024554 -0.014774
v 0.014252 -0.028103 -0.015623
v 0.012428 -0.027132 -0.016333
v 0.010054 -0.025314 -0.016971
v 0.012453 -0.025612 -0.017099
v 0.006105 -0.027044 0.023011
v 0.006621 -0.028746 0.022181
v -0.005875 -0.025316 0.021847
v 0.011857 -0.024861 0.020352
v 0.016207 -0.028684 0.016638
v -0.014333 -0.027607 0.011082
v -0.015705 -0.025912 0.006735
v -0.015704 -0.025756 -0.004334
v 0.019045 -0.026119 -0.005296
v -0.002983 -0.026012 -0.014701
v 0.009714 -0.025901 -0.016290
v -0.002593 -0.026426 0.022054
v -0.003765 -0.026364 0.021938
v 0.010151 -0.026446 0.021739
v -0.012862 -0.027596 0.015656
v -0.013468 -0.027834 0.012372
v -0.015067 -0.025861 0.007806
v -0.014625 -0.026400 0.006976
v 0.020328 -0.033788 0.002617
v 0.019852 -0.025791 -0.004350
v 0.018860 -0.026530 -0.004247
v -0.014678 -0.026273 -0.004425
v -0.014702 -0.026247 -0.006554
v -0.013872 -0.027172 -0.011298
v 0.016864 -0.026945 -0.013034
v -0.012788 -0.026344 -0.013005
v -0.011765 -0.026415 -0.013423
v 0.006845 -0.027770 -0.015575
v 0.013054 -0.028488 -0.016058
v 0.011059 -0.026336 -0.017190
v 0.004681 -0.027884 0.023261
v -0.000622 -0.027758 0.023173
v -0.001839 -0.027344 0.022819
v 0.007458 -0.029289 0.021979
v -0.006317 -0.027556 0.021192
v -0.006884 -0.028187 0.020485
v 0.011386 -0.028367 0.020410
v 0.015201 -0.031484 0.017512
v -0.015738 -0.027210 0.005430
v -0.015671 -0.027407 -0.002498
v 0.017380 -0.027927 -0.010542
v -0.013190 -0.028020 -0.011528
v 0.015947 -0.027694 -0.013375
v 0.015793 -0.027277 -0.014239
v 0.011017 -0.027127 -0.016434
v 0.007911 -0.026352 -0.016201
v 0.009489 -0.027943 0.021702
v -0.008486 -0.027801 0.020104
v -0.009829 -0.028303 0.018773
v -0.010403 -0.027820 0.018537
v -0.012347 -0.027276 0.016717
v 0.017424 -0.032015 0.014328
v -0.012997 -0.029293 0.013031
v 0.019317 -0.028885 -0.003821
v -0.014266 -0.028083 -0.009993
v -0.011413 -0.029151 -0.013423
v 0.014803 -0.026545 -0.015457
v -0.000134 -0.028708 0.022862
v -0.001106 -0.028354 0.021997
v -0.002165 -0.028804 0.021877
v -0.005326 -0.027942 0.021495
v 0.010092 -0.028827 0.020873
v -0.005614 -0.028189 0.020501
v 0.012598 -0.025238 0.019834
v -0.008770 -0.028294 0.019070
v 0.014463 -0.029587 0.018091
v -0.011424 -0.028005 0.017160
v -0.010260 -0.028178 0.017409
v -0.011826 -0.028690 0.015607
v -0.012648 -0.028903 0.014594
v 0.018756 -0.036596 0.012725
v -0.013152 -0.028323 0.011388
v -0.014535 -0.030210 0.009180
v 0.018843 -0.032359 0.008311
v -0.015020 -0.027882 0.006141
v -0.014599 -0.028736 0.006428
v -0.014840 -0.027993 -0.003576
v -0.014309 -0.028825 -0.007280
v 0.018066 -0.030391 -0.010000
v -0.013192 -0.028400 -0.010468
v 0.003536 -0.028805 0.022929
v -0.003706 -0.030167 0.021695
v -0.014583 -0.028923 -0.003648
v 0.020228 -0.031748 0.000122
v 0.019944 -0.028826 -0.002835
v -0.014447 -0.030011 -0.004794
v 0.017128 -0.030893 -0.011692
v -0.012842 -0.030336 -0.012005
v -0.011857 -0.030375 -0.013003
v 0.016423 -0.030569 -0.012973
v 0.008254 -0.029140 -0.015838
v 0.004977 -0.029446 0.022339
v 0.002485 -0.029410 0.022005
v -0.000476 -0.029425 0.022021
v -0.007537 -0.030592 0.019911
v 0.013855 -0.032985 0.018685
v -0.011736 -0.029532 0.014400
v 0.018937 -0.029572 -0.002735
v 0.018820 -0.029018 -0.008814
v -0.013210 -0.029395 -0.007421
v -0.013240 -0.029289 -0.009787
v 0.015763 -0.030732 -0.013485
v -0.010264 -0.029608 -0.013386
v -0.010129 -0.028942 -0.014382
v 0.000304 -0.030331 -0.014709
v -0.008332 -0.030002 -0.014717
v 0.013098 -0.029570 -0.014913
v 0.008083 -0.029538 -0.014811
v 0.006654 -0.029122 -0.014861
v 0.013710 -0.029531 -0.014956
v 0.008137 -0.032087 0.021722
v -0.005321 -0.032027 0.020206
v -0.008980 -0.030908 0.018476
v -0.009756 -0.030817 0.017603
v -0.010540 -0.030756 0.016832
v -0.013289 -0.031125 0.010998
v 0.019939 -0.030866 -0.001125
v -0.014092 -0.030131 -0.006483
v 0.017384 -0.031292 -0.010192
v 0.014485 -0.030682 -0.014444
v 0.011855 -0.030618 -0.015799
v 0.004857 -0.030727 0.021946
v 0.009343 -0.031469 0.021328
v -0.004918 -0.030957 0.020891
v -0.002483 -0.030832 0.021480
v 0.009878 -0.032654 0.020652
v -0.008356 -0.031713 0.018577
v -0.012241 -0.031666 0.013781
v -0.013991 -0.030500 0.010470
v -0.014368 -0.032020 0.005186
v -0.014366 -0.031892 0.002092
v 0.019946 -0.033277 0.000244
v 0.018790 -0.031450 -0.002720
v 0.018475 -0.030811 -0.008692
v -0.009749 -0.031212 -0.014027
v 0.012481 -0.031866 -0.014815
v -0.000058 -0.032922 0.021567
v -0.001292 -0.032043 0.021420
v -0.002750 -0.031270 0.020511
v -0.007264 -0.031492 0.019081
v -0.008780 -0.031364 0.017404
v -0.010276 -0.031448 0.015930
v 0.017167 -0.032226 0.015221
v -0.012768 -0.032647 0.012317
v -0.013203 -0.031460 0.009949
v -0.014124 -0.031809 0.008742
v -0.014252 -0.031756 0.006465
v 0.020085 -0.033102 0.005436
v -0.014379 -0.032832 0.000623
v 0.018872 -0.031512 -0.001232
v 0.019328 -0.030841 -0.002234
v -0.013263 -0.031248 -0.004432
v -0.014097 -0.030784 -0.004548
v 0.018805 -0.039515 -0.004132
v -0.013274 -0.031198 -0.006608
v -0.012832 -0.032699 -0.006954
v 0.017501 -0.031646 -0.008997
v -0.012804 -0.031900 -0.010422
v 0.015996 -0.031534 -0.011957
v -0.011848 -0.032242 -0.011368
v 0.015659 -0.031544 -0.013076
v 0.014722 -0.031475 -0.013346
v -0.008482 -0.031275 -0.014590
v 0.013010 -0.033238 -0.014401
v 0.005169 -0.031111 -0.014643
v 0.011549 -0.031675 -0.014911
v 0.009984 -0.031541 -0.016063
v -0.006671 -0.032250 0.019299
v -0.009432 -0.032913 0.016632
v -0.011278 -0.032205 0.014555
v 0.019915 -0.032212 0.006806
v -0.014190 -0.032136 0.003184
v -0.014202 -0.032026 -0.001390
v -0.014306 -0.031719 -0.002445
v -0.011245 -0.033838 -0.011500
v -0.000392 -0.031931 -0.014296
v -0.007354 -0.031964 -0.014407
v 0.004514 -0.034294 0.021583
v 0.003325 -0.033118 0.021622
v 0.008855 -0.033018 0.020629
v -0.001129 -0.032705 0.020494
v -0.002035 -0.032383 0.020551
v -0.005658 -0.032608 0.019066
v -0.010284 -0.032265 0.015352
v -0.010241 -0.032538 0.014405
v -0.011753 -0.032712 0.012950
v -0.013183 -0.032641 0.009184
v 0.018918 -0.032816 0.006903
v -0.013176 -0.032520 0.005512
v -0.013493 -0.033632 0.004552
v -0.013164 -0.032324 0.002697
v -0.013235 -0.032497 -0.001462
v -0.013247 -0.032492 -0.003528
v -0.012725 -0.033105 -0.005889
v 0.018165 -0.032954 -0.008149
v 0.017125 -0.033343 -0.009954
v -0.011767 -0.032658 -0.010529
v 0.004698 -0.032486 -0.013358
v -0.000514 -0.032434 -0.013418
v -0.007493 -0.032488 -0.013422
v -0.009874 -0.032474 -0.013371
v 0.004573 -0.031949 -0.014294
v -0.004389 -0.033759 -0.014477
v 0.006381 -0.033254 -0.014385
v 0.010865 -0.032560 -0.014856
v 0.008557 -0.032282 -0.014991
v 0.005784 -0.033775 0.021377
v 0.011282 -0.034445 0.020337
v -0.003864 -0.033518 0.020018
v 0.012594 -0.035520 0.019706
v 0.013010 -0.036302 0.018896
v -0.008361 -0.033516 0.017294
v 0.015356 -0.040194 0.017139
v -0.012837 -0.033108 0.011276
v 0.018826 -0.033695 0.006336
v -0.013352 -0.033528 0.003902
v 0.018613 -0.033497 -0.006799
v -0.012606 -0.033027 -0.009475
v 0.016538 -0.033054 -0.011417
v -0.010433 -0.033054 -0.012943
v -0.001262 -0.033288 -0.013878
v -0.005753 -0.033187 -0.014334
v -0.003213 -0.033157 -0.014376
v 0.007948 -0.033788 -0.014622
v 0.007741 -0.034114 0.020844
v 0.002955 -0.033851 0.020803
v -0.000392 -0.033947 0.020440
v -0.004138 -0.033927 0.019011
v -0.004953 -0.033362 0.019448
v -0.007300 -0.033905 0.017399
v -0.008784 -0.033966 0.015893
v -0.009695 -0.033927 0.015523
v -0.011354 -0.032945 0.013948
v -0.010787 -0.034963 0.013756
v -0.011780 -0.033604 0.012334
v -0.011731 -0.033912 0.011453
v 0.018819 -0.046998 0.011009
v -0.012813 -0.035609 0.009016
v 0.019008 -0.033847 0.005441
v 0.019935 -0.034851 0.003973
v -0.013209 -0.033866 0.001530
v 0.018877 -0.034039 0.000224
v -0.013249 -0.033792 -0.000505
v 0.019209 -0.033443 -0.000765
v -0.012746 -0.035077 -0.002871
v -0.011750 -0.033729 -0.005932
v -0.011739 -0.033832 -0.009660
v 0.017436 -0.035292 -0.007439
v 0.017135 -0.037951 -0.008797
v 0.016013 -0.034354 -0.010424
v 0.015793 -0.034359 -0.011516
v -0.010334 -0.033882 -0.012011
v 0.005496 -0.033713 -0.013235
v -0.001154 -0.034239 -0.013224
v 0.014178 -0.033848 -0.013346
v 0.013070 -0.033992 -0.013446
v 0.006315 -0.033949 -0.013265
v -0.003543 -0.033805 -0.013341
v -0.005691 -0.033870 -0.013417
v -0.006660 -0.033691 -0.013399
v -0.002375 -0.035150 0.020090
v -0.006928 -0.033688 0.018509
v -0.008082 -0.035072 0.016517
v 0.018205 -0.047738 0.013932
v 0.018820 -0.041517 0.009293
v -0.012924 -0.035957 0.003999
v -0.012742 -0.034633 -0.004559
v -0.011275 -0.035101 -0.008804
v 0.015432 -0.033708 -0.012763
v 0.012487 -0.035663 -0.013569
v 0.009817 -0.036505 -0.014463
v 0.007691 -0.035984 0.020454
v -0.005251 -0.035727 0.018487
v -0.011723 -0.035591 0.010906
v -0.012835 -0.036366 0.006723
v 0.019128 -0.035413 0.004762
v 0.019650 -0.035088 0.001124
v -0.012762 -0.035946 -0.001521
v -0.011189 -0.034945 -0.010127
v -0.010017 -0.035835 -0.011193
v 0.014419 -0.035504 -0.012783
v -0.008863 -0.034979 -0.012714
v -0.007406 -0.035141 -0.012856
v 0.000407 -0.036889 -0.013197
v -0.004111 -0.035916 -0.013211
v 0.007016 -0.035013 -0.013794
v 0.008164 -0.035342 -0.014233
v 0.004049 -0.035978 0.020449
v -0.000906 -0.036462 0.020097
v 0.011363 -0.036310 0.020094
v -0.002079 -0.036732 0.019067
v -0.002612 -0.035824 0.019003
v -0.003560 -0.035540 0.019051
v -0.006087 -0.035112 0.018248
v -0.006827 -0.035671 0.017111
v -0.005601 -0.035643 0.017392
v -0.007282 -0.035404 0.016801
v -0.008250 -0.035458 0.015892
v -0.007269 -0.035739 0.015877
v -0.010285 -0.035804 0.012987
v -0.011152 -0.035973 0.012244
v -0.011741 -0.035825 0.010018
v 0.018871 -0.035829 0.000805
v -0.011746 -0.035676 -0.002917
v -0.011795 -0.035556 -0.005079
v 0.018049 -0.037853 -0.006789
v -0.010267 -0.035651 -0.008938
v 0.015228 -0.035607 -0.011777
v 0.014584 -0.035942 -0.011856
v -0.007451 -0.035670 -0.011930
v -0.008804 -0.036344 -0.011456
v 0.008076 -0.035759 -0.013312
v 0.006837 -0.036042 -0.013262
v -0.004881 -0.035721 -0.013400
v 0.010926 -0.036258 -0.014074
v 0.014181 -0.038792 0.018195
v -0.008750 -0.036430 0.015387
v 0.017419 -0.045409 0.014323
v -0.011945 -0.036709 0.009187
v -0.012514 -0.036340 0.002460
v 0.018838 -0.037463 -0.002391
v -0.011250 -0.036392 -0.005861
v -0.005603 -0.036409 -0.012922
v 0.012766 -0.038119 -0.013028
v 0.011581 -0.035951 -0.013354
v 0.008714 -0.037909 -0.013865
v 0.011992 -0.038617 0.019038
v -0.001136 -0.037009 0.019022
v -0.008776 -0.037100 0.014406
v -0.009834 -0.036296 0.014381
v -0.010273 -0.036739 0.012332
v -0.010246 -0.037007 0.011450
v -0.011269 -0.036646 0.011148
v -0.011289 -0.038357 0.009593
v -0.011747 -0.036871 0.006996
v -0.011777 -0.036885 0.003123
v -0.012634 -0.036738 0.003385
v -0.011761 -0.036887 -0.002002
v -0.010279 -0.036897 -0.005888
v -0.010438 -0.036736 -0.008034
v -0.009861 -0.036477 -0.010297
v 0.016383 -0.038212 -0.009996
v 0.015834 -0.038837 -0.010403
v -0.008843 -0.037000 -0.010516
v -0.005697 -0.036933 -0.011949
v -0.006708 -0.036694 -0.011956
v 0.014144 -0.038571 -0.012016
v 0.010981 -0.036710 -0.013429
v 0.010052 -0.037010 -0.013355
v 0.003107 -0.039842 0.020261
v 0.000291 -0.038206 0.019974
v -0.004982 -0.037884 0.018016
v -0.005736 -0.038412 0.016910
v -0.007443 -0.038403 0.015331
v -0.009560 -0.037960 0.013532
v -0.012600 -0.037677 0.006146
v -0.012893 -0.037707 0.005129
v -0.011848 -0.038637 0.003892
v -0.010562 -0.038436 -0.005017
v 0.018588 -0.037892 -0.005687
v 0.017376 -0.038683 -0.007023
v -0.009634 -0.038090 -0.008799
v -0.004882 -0.038578 -0.012145
v -0.003721 -0.037875 -0.012909
v 0.005193 -0.038194 -0.013209
v -0.003782 -0.038383 0.018571
v 0.016311 -0.042701 0.015900
v -0.010244 -0.038653 0.010882
v 0.018781 -0.036909 0.004937
v -0.008410 -0.038944 -0.009837
v 0.014723 -0.039302 -0.011438
v -0.000263 -0.038098 -0.012824
v 0.009409 -0.039247 -0.013263
v 0.009834 -0.039709 0.020307
v 0.006537 -0.040470 0.020242
v 0.000340 -0.039084 0.019076
v -0.000579 -0.038687 0.019018
v -0.003449 -0.039399 0.018184
v -0.004120 -0.038912 0.017403
v -0.005144 -0.039239 0.016893
v -0.005618 -0.038828 0.015899
v -0.006874 -0.038853 0.015607
v -0.007267 -0.038926 0.014407
v -0.008416 -0.038751 0.014090
v -0.008780 -0.038936 0.012918
v -0.009629 -0.039131 0.012203
v -0.010250 -0.038931 0.009932
v -0.011205 -0.039411 0.008656
v -0.011645 -0.038939 0.006345
v -0.011151 -0.039329 0.001996
v -0.011234 -0.038170 -0.002988
v -0.010262 -0.038808 -0.002942
v 0.017431 -0.039599 -0.005682
v -0.008814 -0.038780 -0.007407
v -0.009669 -0.038351 -0.007293
v 0.015937 -0.039030 -0.008723
v -0.007216 -0.039860 -0.009736
v -0.007959 -0.037735 -0.011306
v -0.005980 -0.039344 -0.011295
v 0.013806 -0.039537 -0.011693
v 0.000218 -0.038720 -0.011917
v 0.001410 -0.039194 -0.012861
v 0.008379 -0.038817 -0.013245
v 0.001691 -0.039489 0.019964
v 0.010909 -0.040677 0.019585
v 0.011126 -0.041679 0.018867
v -0.002417 -0.039732 0.018450
v 0.018226 -0.040627 -0.005270
v -0.009370 -0.039498 -0.006459
v -0.008244 -0.039676 -0.008697
v 0.015536 -0.040157 -0.009943
v 0.004562 -0.039394 -0.012855
v 0.005056 -0.041249 0.020052
v 0.001768 -0.040149 0.019148
v 0.001025 -0.040225 0.019039
v -0.000879 -0.040932 0.018493
v -0.002634 -0.040129 0.017375
v -0.003517 -0.039854 0.017400
v 0.017114 -0.047305 0.015260
v -0.006604 -0.040955 0.014589
v -0.007585 -0.040743 0.013754
v -0.008808 -0.039861 0.012308
v 0.018819 -0.050099 0.012817
v -0.008822 -0.040174 0.011453
v -0.010193 -0.039967 0.009347
v -0.010256 -0.040166 0.008458
v -0.011089 -0.040589 0.007315
v -0.011038 -0.040590 0.004551
v -0.010252 -0.040042 0.003094
v -0.011244 -0.039668 0.003200
v -0.009872 -0.040859 -0.001144
v -0.010922 -0.039466 -0.001797
v -0.009672 -0.039864 -0.004109
v -0.008780 -0.039946 -0.004473
v -0.009840 -0.039319 -0.005318
v -0.008681 -0.040205 -0.006458
v -0.007501 -0.040269 -0.008596
v 0.014566 -0.040283 -0.010368
v -0.004280 -0.040017 -0.010434
v -0.004264 -0.039562 -0.011400
v -0.002849 -0.039556 -0.011617
v 0.004708 -0.039937 -0.011925
v 0.001156 -0.040071 -0.011849
v 0.010794 -0.041232 -0.013131
v 0.008485 -0.040693 0.020074
v 0.002491 -0.040735 0.019594
v -0.002055 -0.041126 0.017387
v 0.014502 -0.046390 0.017344
v -0.005348 -0.041153 0.015534
v -0.009684 -0.040989 0.009794
v 0.018823 -0.042786 0.002286
v -0.009812 -0.040669 -0.001951
v -0.008851 -0.041138 -0.003532
v -0.008169 -0.040798 -0.007315
v 0.017109 -0.038549 -0.008271
v -0.006454 -0.040157 -0.010211
v 0.013008 -0.039023 -0.011861
v 0.005911 -0.040520 -0.012752
v 0.003136 -0.041620 0.018997
v 0.008766 -0.041479 0.018900
v 0.006098 -0.042100 0.018901
v 0.005631 -0.041409 0.019211
v 0.012938 -0.044933 0.018871
v -0.001117 -0.041285 0.017333
v -0.003776 -0.041158 0.016852
v -0.004116 -0.041445 0.015882
v -0.005576 -0.041363 0.014382
v -0.007250 -0.041453 0.012940
v -0.008253 -0.041159 0.012574
v -0.008773 -0.041118 0.010835
v -0.008746 -0.041394 0.009949
v -0.010191 -0.041406 0.007672
v -0.010286 -0.041273 0.004060
v 0.018977 -0.041012 0.004784
v 0.019061 -0.041089 0.003847
v -0.008749 -0.041247 -0.001401
v -0.007327 -0.041387 -0.007338
v 0.015857 -0.043123 -0.008516
v -0.005672 -0.041309 -0.008817
v -0.005464 -0.041001 -0.009869
v -0.002666 -0.041431 -0.010419
v -0.003508 -0.041051 -0.010477
v -0.002532 -0.040812 -0.011347
v 0.012480 -0.041983 -0.011931
v 0.007963 -0.041388 -0.011743
v 0.005359 -0.041673 -0.011739
v 0.005689 -0.041005 -0.012094
v 0.011046 -0.043060 -0.011976
v 0.007979 -0.040768 -0.012854
v 0.007915 -0.042844 0.019772
v 0.004066 -0.042240 0.019595
v -0.003450 -0.042690 0.016288
v -0.004941 -0.042605 0.015318
v -0.006742 -0.042032 0.013889
v -0.009667 -0.042303 0.000441
v 0.016510 -0.042328 -0.008290
v -0.006709 -0.041018 -0.008808
v 0.000953 -0.043141 -0.011439
v 0.008780 -0.042085 -0.012720
v 0.010104 -0.042465 -0.012789
v 0.007071 -0.043504 0.019604
v 0.008075 -0.044831 0.018856
v 0.004475 -0.043536 0.018892
v 0.000645 -0.043940 0.018630
v -0.001660 -0.044797 0.016875
v -0.002479 -0.042834 0.016732
v -0.007425 -0.042889 0.012320
v 0.018840 -0.046815 0.009951
v -0.008603 -0.043471 0.009309
v -0.009770 -0.042604 0.006757
v 0.019886 -0.042299 0.004237
v 0.020091 -0.043212 0.003475
v 0.019013 -0.042708 0.003225
v 0.018853 -0.043915 0.000624
v -0.008263 -0.042588 -0.004333
v -0.007978 -0.042260 -0.006447
v 0.014193 -0.044671 -0.010370
v 0.013895 -0.043182 -0.011176
v -0.001968 -0.042767 -0.010688
v -0.000049 -0.042494 -0.011460
v 0.003421 -0.043849 -0.011475
v 0.011663 -0.043745 -0.011775
v -0.000828 -0.044366 0.017230
v -0.002594 -0.043208 0.015852
v -0.007243 -0.043309 0.011441
v -0.008208 -0.042808 0.011149
v -0.009290 -0.042663 0.009075
v 0.019067 -0.042906 0.009298
v -0.008761 -0.043133 0.007048
v 0.018865 -0.042715 0.005607
v 0.019910 -0.043374 0.005657
v -0.008750 -0.043128 0.003036
v -0.009699 -0.042507 0.002957
v 0.019718 -0.043419 0.002441
v 0.018916 -0.043829 0.001756
v -0.008823 -0.043075 -0.000535
v -0.008212 -0.043805 -0.001657
v -0.007269 -0.043180 -0.004406
v -0.007109 -0.043407 -0.005653
v 0.017125 -0.044086 -0.006684
v -0.006641 -0.043288 -0.006896
v 0.016167 -0.043657 -0.007494
v -0.005714 -0.042840 -0.008125
v -0.005114 -0.043540 -0.008180
v 0.014882 -0.045955 -0.009985
v -0.004246 -0.042573 -0.009760
v 0.000203 -0.043137 -0.010390
v -0.001860 -0.043840 -0.010142
v 0.008714 -0.043422 -0.011733
v -0.000539 -0.043592 0.018008
v -0.003828 -0.044177 0.015406
v -0.006744 -0.044075 0.012787
v -0.007954 -0.043867 0.010592
v 0.019774 -0.043482 0.008991
v -0.009641 -0.043768 0.005158
v 0.012670 -0.045116 -0.011238
v 0.006718 -0.044613 0.018851
v 0.000261 -0.044686 0.017499
v -0.004088 -0.044522 0.014375
v -0.005328 -0.044295 0.014083
v -0.005581 -0.044489 0.012955
v -0.007256 -0.044249 0.010848
v -0.007244 -0.044516 0.009957
v -0.008004 -0.045343 0.009088
v 0.020306 -0.044781 0.007915
v -0.008697 -0.044525 0.006256
v -0.008763 -0.044396 0.003983
v 0.019752 -0.044737 0.001188
v -0.007721 -0.045796 -0.000440
v -0.007296 -0.044371 -0.001382
v -0.007650 -0.043963 -0.003544
v -0.005622 -0.044456 -0.005819
v -0.006495 -0.044189 -0.005764
v -0.005673 -0.043721 -0.006905
v -0.004092 -0.044481 -0.007265
v -0.004902 -0.044386 -0.007112
v -0.004023 -0.044242 -0.008124
v -0.002651 -0.044455 -0.008785
v -0.003873 -0.043725 -0.008615
v -0.003611 -0.043689 -0.009310
v -0.002566 -0.044065 -0.009806
v 0.012974 -0.044643 -0.010326
v 0.003269 -0.044366 -0.010333
v 0.001170 -0.044260 -0.010471
v 0.014031 -0.045964 0.018206
v 0.002045 -0.045683 0.018662
v 0.015292 -0.048445 0.016974
v 0.018860 -0.046947 0.000223
v -0.006539 -0.045511 -0.004636
v 0.017441 -0.054410 -0.005705
v 0.004972 -0.045724 -0.011370
v 0.011413 -0.047886 0.018824
v 0.000785 -0.046292 0.017368
v -0.000802 -0.046082 0.016802
v -0.002209 -0.046161 0.015836
v 0.019746 -0.047419 0.009731
v -0.008262 -0.045731 0.006856
v 0.020341 -0.046572 0.002594
v -0.008228 -0.045752 0.003099
v -0.008138 -0.045583 0.001204
v 0.018820 -0.058730 -0.004053
v -0.005029 -0.046941 -0.005910
v 0.015714 -0.045970 -0.008948
v -0.001595 -0.045480 -0.009662
v 0.001790 -0.046677 0.017456
v -0.001078 -0.046335 0.015834
v -0.004721 -0.046814 0.013590
v -0.005586 -0.046100 0.012403
v -0.005536 -0.046391 0.011450
v -0.006645 -0.045990 0.011192
v -0.007228 -0.046329 0.009302
v 0.020294 -0.047542 0.008716
v -0.007250 -0.046232 0.007068
v -0.007294 -0.046225 0.003041
v -0.007129 -0.046499 -0.000606
v 0.018857 -0.047084 -0.001011
v -0.006613 -0.045882 -0.002865
v -0.005609 -0.046168 -0.002948
v -0.005315 -0.046961 -0.004428
v -0.005707 -0.046052 -0.005096
v 0.016007 -0.050122 -0.007388
v -0.002836 -0.046882 -0.008160
v -0.001156 -0.046403 -0.008758
v -0.002047 -0.046210 -0.008683
v 0.013232 -0.049594 -0.010039
v 0.004864 -0.046410 -0.010333
v 0.003868 -0.046064 -0.010361
v 0.005891 -0.046180 -0.011623
v 0.007816 -0.047561 -0.011727
v 0.013838 -0.046839 0.017931
v -0.006718 -0.047332 0.009609
v -0.006299 -0.046830 -0.002199
v 0.018212 -0.056274 -0.005271
v -0.003697 -0.047698 -0.006865
v -0.000578 -0.046544 -0.009724
v 0.012808 -0.048907 -0.010318
v 0.012580 -0.047869 -0.010946
v 0.011232 -0.047884 -0.011554
v 0.003623 -0.048360 0.018575
v 0.012641 -0.048146 0.018174
v 0.013009 -0.047847 0.017187
v -0.002396 -0.047121 0.015425
v -0.002583 -0.047586 0.014372
v -0.003733 -0.047569 0.014045
v -0.005074 -0.047327 0.012600
v -0.004057 -0.047606 0.012905
v -0.005589 -0.047334 0.010855
v -0.005532 -0.047576 0.009974
v -0.006821 -0.048042 0.008090
v -0.007239 -0.047613 0.006201
v -0.008135 -0.046854 0.005244
v -0.007319 -0.047445 0.003979
v 0.020170 -0.047731 0.000689
v -0.005603 -0.047506 -0.001520
v -0.004271 -0.047853 -0.005550
v -0.001053 -0.048439 -0.008161
v 0.015398 -0.047819 -0.008535
v 0.014621 -0.048015 -0.008717
v 0.000317 -0.047623 -0.008746
v -0.000532 -0.047312 -0.008755
v 0.000530 -0.047074 -0.009939
v 0.006046 -0.047835 -0.011327
v 0.002336 -0.048566 0.017531
v 0.013766 -0.048688 0.017302
v -0.000519 -0.049878 0.016377
v 0.018859 -0.051233 0.011420
v 0.019665 -0.048250 0.010820
v -0.006351 -0.048617 0.008369
v -0.006571 -0.047711 -0.000771
v 0.019618 -0.048004 -0.000625
v 0.006179 -0.050762 0.018850
v 0.003207 -0.049274 0.017421
v -0.001057 -0.050339 0.015531
v -0.005107 -0.049683 0.011594
v -0.005533 -0.048654 0.009331
v -0.005513 -0.048870 0.008452
v -0.006676 -0.049851 0.003173
v -0.005574 -0.048723 0.001580
v -0.006518 -0.048356 0.001627
v -0.005648 -0.048629 -0.000517
v 0.018851 -0.051570 -0.002634
v -0.004992 -0.049686 -0.003220
v -0.004476 -0.048682 -0.004272
v -0.002636 -0.048884 -0.005795
v -0.003493 -0.048610 -0.005731
v -0.002669 -0.048309 -0.006760
v 0.017065 -0.050850 -0.006561
v -0.001309 -0.049025 -0.007197
v 0.001834 -0.048865 -0.008693
v 0.000996 -0.048654 -0.008659
v 0.014113 -0.050644 -0.009341
v 0.001957 -0.048345 -0.009825
v 0.006353 -0.048980 -0.010352
v 0.011987 -0.049581 -0.010251
v 0.010341 -0.048832 -0.011176
v 0.000725 -0.049915 0.016998
v -0.002176 -0.050482 0.014374
v -0.004019 -0.050596 0.012517
v -0.006592 -0.049847 0.007217
v -0.003456 -0.049934 -0.004747
v 0.003125 -0.050058 -0.009675
v 0.005339 -0.048783 -0.010336
v 0.007007 -0.050595 -0.010400
v 0.008036 -0.057479 0.018840
v 0.004969 -0.050853 0.018684
v -0.003401 -0.050238 0.013736
v 0.019858 -0.051500 0.011060
v 0.020336 -0.052724 0.010058
v 0.020316 -0.052767 0.003581
v 0.020323 -0.052546 -0.000024
v -0.004994 -0.051372 0.000207
v -0.005031 -0.050083 -0.001454
v -0.001977 -0.050281 -0.005853
v 0.015546 -0.056430 -0.008001
v 0.002382 -0.050418 -0.008719
v 0.008203 -0.049655 -0.011422
v 0.000330 -0.050907 0.015959
v -0.000678 -0.051118 0.015398
v -0.001056 -0.050673 0.014334
v -0.004048 -0.050858 0.011440
v -0.005105 -0.054123 0.007206
v 0.020289 -0.052057 0.007835
v -0.005540 -0.050615 0.007827
v -0.005453 -0.050999 0.004016
v -0.005590 -0.050534 0.002394
v 0.018846 -0.051318 -0.001262
v -0.004117 -0.050599 -0.001422
v -0.003635 -0.051502 -0.002566
v -0.002655 -0.050276 -0.004967
v -0.001083 -0.050741 -0.005768
v -0.001057 -0.050400 -0.006615
v 0.000422 -0.050853 -0.007251
v -0.000603 -0.050338 -0.007150
v 0.000531 -0.050299 -0.008070
v 0.014182 -0.053164 -0.008796
v 0.003337 -0.050778 -0.008692
v 0.010932 -0.050271 -0.009400
v 0.009530 -0.050555 -0.009590
v 0.003993 -0.051048 -0.009714
v 0.008547 -0.050802 -0.010215
v 0.005371 -0.050902 -0.010075
v 0.003788 -0.052718 0.017219
v 0.015472 -0.057259 0.016846
v 0.018078 -0.056132 0.014294
v -0.004992 -0.051562 0.009725
v -0.005115 -0.052474 0.001200
v -0.003447 -0.051110 -0.003741
v -0.001927 -0.052775 -0.004768
v -0.000640 -0.053112 -0.005952
v 0.000984 -0.052519 -0.007869
v 0.010419 -0.052346 -0.008935
v 0.013051 -0.051777 -0.009181
v 0.006658 -0.055206 0.018807
v 0.005202 -0.051910 0.018334
v 0.003869 -0.051512 0.017691
v 0.004921 -0.052248 0.017317
v 0.016718 -0.051893 0.015836
v -0.002327 -0.051814 0.013878
v 0.018703 -0.056678 0.013799
v -0.002580 -0.052041 0.012935
v 0.018985 -0.051944 0.012714
v -0.003611 -0.051632 0.012663
v -0.004701 -0.051236 0.010778
v -0.004010 -0.052020 0.009962
v -0.004955 -0.053050 0.008750
v -0.004055 -0.052036 0.000163
v -0.004048 -0.051726 -0.000678
v 0.019878 -0.051845 -0.001031
v -0.002522 -0.051974 -0.002808
v -0.002516 -0.051721 -0.003658
v 0.004909 -0.052034 -0.008665
v 0.004032 -0.051810 -0.008695
v 0.005029 -0.051633 -0.009678
v 0.017308 -0.055588 0.015343
v -0.003289 -0.053089 0.012147
v -0.003575 -0.053362 0.011175
v -0.005005 -0.053231 0.003016
v 0.020249 -0.053437 -0.001169
v 0.019682 -0.052910 -0.002265
v 0.002062 -0.053190 -0.008277
v 0.012861 -0.053204 -0.008954
v 0.002401 -0.053472 0.016976
v 0.000713 -0.053600 0.015843
v -0.002567 -0.053604 0.012390
v 0.019715 -0.052620 0.012370
v 0.020280 -0.053255 0.011162
v -0.005100 -0.054158 0.004874
v 0.020311 -0.056505 0.002319
v -0.001950 -0.053814 -0.004001
v 0.000677 -0.053794 -0.006870
v 0.005456 -0.054178 -0.009345
v 0.006777 -0.054410 -0.010003
v 0.001723 -0.054241 0.015900
v -0.000177 -0.053951 0.015311
v -0.002501 -0.053895 0.011423
v -0.004027 -0.053711 0.009405
v -0.004013 -0.053948 0.008456
v 0.020567 -0.053539 0.007877
v 0.020622 -0.053562 0.003856
v 0.021217 -0.054266 0.003888
v -0.004031 -0.053808 0.003084
v -0.004000 -0.053762 0.000883
v -0.003610 -0.053938 -0.001140
v -0.002374 -0.055554 -0.002281
v -0.001070 -0.053948 -0.004254
v -0.000862 -0.053718 -0.005362
v 0.002259 -0.054438 -0.007270
v 0.005210 -0.054738 -0.008661
v 0.012856 -0.074109 0.017371
v 0.005084 -0.057396 0.017171
v 0.014446 -0.058378 0.017164
v 0.021265 -0.054329 0.007713
v 0.021610 -0.054138 0.005345
v -0.003551 -0.054614 0.000197
v -0.002129 -0.056109 -0.002895
v 0.000388 -0.053961 -0.005808
v 0.016983 -0.056542 -0.006783
v 0.002461 -0.054274 -0.007895
v 0.011122 -0.055320 -0.009993
v 0.008990 -0.053895 -0.010027
v 0.009789 -0.055310 -0.010129
v 0.005463 -0.056390 0.017883
v 0.000750 -0.055045 0.015370
v -0.000886 -0.054890 0.014198
v -0.000994 -0.055144 0.012869
v -0.002088 -0.054843 0.012539
v 0.020435 -0.056325 0.008427
v -0.004013 -0.055152 0.007693
v 0.021984 -0.055442 0.006598
v -0.004112 -0.054925 0.003958
v -0.002526 -0.055027 0.000108
v -0.002979 -0.054489 -0.002087
v -0.000588 -0.056339 -0.004430
v 0.003409 -0.055180 -0.007206
v 0.003623 -0.054624 -0.008256
v 0.014677 -0.056873 -0.008497
v 0.006371 -0.055195 -0.008676
v 0.012950 -0.055851 -0.009435
v 0.008230 -0.056032 -0.010201
v 0.011370 -0.070048 0.018817
v 0.011047 -0.065011 0.018859
v 0.003499 -0.056302 0.017110
v -0.000626 -0.056143 0.013864
v 0.020346 -0.058844 0.011216
v -0.002605 -0.056723 0.011021
v 0.020506 -0.056513 0.003258
v 0.019736 -0.057676 -0.002283
v -0.001067 -0.056595 -0.003820
v 0.015963 -0.061093 -0.007155
v 0.002544 -0.057248 0.016518
v 0.002059 -0.057716 0.015808
v 0.000336 -0.057307 0.014336
v 0.018857 -0.058669 0.012828
v 0.019714 -0.057805 0.012420
v -0.003606 -0.056406 0.009703
v 0.021999 -0.056688 0.004725
v 0.020374 -0.057867 0.000512
v 0.020259 -0.058667 -0.001265
v 0.009918 -0.056391 -0.009880
v 0.006590 -0.056688 0.018279
v 0.006418 -0.056982 0.017219
v 0.016456 -0.058219 0.016244
v 0.018517 -0.059040 0.015182
v -0.002003 -0.057705 0.012086
v -0.002485 -0.057112 0.009942
v 0.020317 -0.056460 0.009426
v 0.021263 -0.057321 0.009161
v 0.021543 -0.056855 0.008230
v -0.003548 -0.056979 0.002394
v 0.021562 -0.056787 0.003414
v 0.021311 -0.057072 0.002438
v -0.002494 -0.057145 0.001723
v -0.002547 -0.056747 0.000809
v -0.001933 -0.057911 -0.001143
v 0.018860 -0.058841 -0.002703
v -0.001093 -0.057690 -0.002367
v 0.000393 -0.057007 -0.004305
v 0.001893 -0.057088 -0.005759
v 0.000887 -0.056393 -0.005870
v 0.001898 -0.056298 -0.006645
v 0.003811 -0.057878 -0.007251
v 0.005095 -0.057588 -0.008278
v 0.013781 -0.057021 -0.008739
v 0.013059 -0.057500 -0.008561
v 0.012266 -0.058127 -0.008806
v 0.003894 -0.058652 0.016786
v 0.001080 -0.060066 0.015156
v -0.001035 -0.059307 0.012592
v -0.003311 -0.057495 0.008995
v -0.003456 -0.057755 0.006854
v 0.021324 -0.058029 0.001757
v 0.018638 -0.064721 -0.005141
v 0.007975 -0.057282 -0.009846
v 0.008022 -0.059648 0.018745
v 0.012649 -0.072340 0.018115
v 0.003290 -0.058971 0.015902
v -0.000383 -0.060924 0.013714
v -0.002074 -0.059014 0.011095
v 0.020465 -0.058755 0.009896
v -0.002322 -0.059986 0.009695
v -0.002616 -0.058071 0.009214
v -0.002523 -0.058095 0.007037
v -0.003485 -0.058322 0.006001
v -0.002555 -0.058099 0.004724
v -0.003358 -0.057675 0.004561
v 0.021891 -0.058794 0.002058
v -0.002542 -0.058105 0.002455
v 0.020428 -0.057654 0.001726
v 0.021178 -0.058582 0.000815
v 0.020359 -0.062033 0.000254
v -0.001077 -0.058304 -0.001305
v 0.000616 -0.056978 -0.005320
v 0.002632 -0.058300 -0.006626
v 0.004919 -0.058370 -0.007188
v 0.007929 -0.058300 -0.008646
v 0.006722 -0.058024 -0.008669
v 0.010445 -0.057812 -0.008953
v -0.002093 -0.058870 0.000307
v 0.002298 -0.059221 -0.005504
v 0.006938 -0.060751 0.017875
v 0.006644 -0.061298 0.017192
v 0.016183 -0.060771 0.017076
v 0.017059 -0.060642 0.016526
v 0.000625 -0.061096 0.014269
v 0.019863 -0.059422 0.012857
v -0.000982 -0.059566 0.011398
v 0.020705 -0.059383 0.010831
v 0.021334 -0.059240 0.009837
v -0.002448 -0.059594 0.005944
v -0.002305 -0.060563 0.003269
v -0.002046 -0.060552 0.001593
v -0.001082 -0.059477 0.000159
v -0.000966 -0.059320 -0.000659
v 0.019874 -0.059423 -0.002691
v 0.000414 -0.059586 -0.002842
v 0.000479 -0.059145 -0.003695
v 0.019619 -0.060206 -0.003818
v 0.000985 -0.059089 -0.004264
v 0.003409 -0.059544 -0.005763
v 0.003601 -0.059217 -0.006626
v 0.004197 -0.061468 -0.006592
v 0.005610 -0.060054 -0.008021
v 0.008549 -0.061367 0.018519
v 0.017468 -0.061670 0.015881
v 0.002441 -0.061692 0.015428
v 0.019006 -0.059445 0.014192
v 0.021302 -0.060199 0.010843
v 0.021856 -0.060286 0.009719
v 0.021487 -0.062084 0.000563
v -0.000565 -0.059062 -0.002622
v 0.018946 -0.060487 -0.004148
v 0.001881 -0.059654 -0.004318
v 0.002457 -0.060655 -0.005189
v 0.008865 -0.059387 -0.008601
v 0.019695 -0.060368 0.013868
v 0.021976 -0.063944 0.007497
v 0.021989 -0.063794 0.001244
v -0.000531 -0.060814 -0.001060
v 0.020286 -0.061116 -0.002470
v 0.008050 -0.061335 0.017228
v 0.005025 -0.062687 0.017117
v 0.001770 -0.062205 0.014441
v -0.000996 -0.062525 0.011025
v -0.002345 -0.063721 0.006944
v -0.001013 -0.061441 0.001677
v -0.001043 -0.061065 0.000788
v 0.000403 -0.061114 -0.002170
v 0.000814 -0.062173 -0.002443
v 0.003610 -0.062198 -0.005407
v 0.017614 -0.065726 -0.005924
v 0.016940 -0.063533 -0.006837
v 0.006418 -0.061488 -0.007194
v 0.006641 -0.060814 -0.008247
v 0.010685 -0.065295 -0.008554
v 0.003533 -0.064810 0.015701
v -0.000675 -0.062386 0.012446
v 0.021522 -0.063772 0.010973
v 0.000434 -0.061661 -0.001372
v 0.002157 -0.062288 -0.003955
v 0.015591 -0.065577 -0.007847
v 0.008134 -0.063745 -0.008335
v 0.000760 -0.062977 0.013814
v 0.020427 -0.064289 0.012703
v -0.002011 -0.061955 0.009916
v -0.000935 -0.062750 0.009934
v 0.021975 -0.064377 0.003506
v -0.002002 -0.062048 0.003227
v -0.001034 -0.062630 0.003144
v -0.001011 -0.062353 0.002320
v -0.000618 -0.064208 0.000513
v 0.021137 -0.062732 -0.000642
v 0.020513 -0.062303 -0.000915
v 0.001918 -0.062800 -0.002824
v 0.002324 -0.063204 -0.003733
v 0.003369 -0.062803 -0.004277
v 0.005123 -0.062117 -0.006832
v 0.020027 -0.068673 0.013782
v 0.022003 -0.065720 0.010106
v -0.001602 -0.063628 0.003901
v 0.021772 -0.063348 0.000250
v 0.004908 -0.062644 -0.005689
v 0.014339 -0.064616 -0.008487
v 0.005588 -0.064705 0.016937
v 0.017253 -0.076642 0.016548
v 0.003924 -0.063506 0.016412
v -0.001936 -0.063444 0.009085
v -0.002017 -0.063957 0.004922
v -0.000606 -0.065175 0.001999
v 0.000452 -0.064167 -0.000851
v 0.020291 -0.065910 -0.002579
v 0.003988 -0.063017 -0.005405
v 0.005584 -0.064509 -0.006566
v 0.006819 -0.064153 -0.007267
v 0.009730 -0.064223 0.018696
v 0.004878 -0.065062 0.015921
v 0.020192 -0.062025 0.013209
v 0.021335 -0.064930 0.012255
v 0.020369 -0.063829 0.011368
v -0.000919 -0.064449 0.009376
v -0.001032 -0.064495 0.008408
v -0.001040 -0.064330 0.004550
v 0.000444 -0.065017 0.000525
v 0.021462 -0.066694 -0.001003
v 0.001105 -0.064712 -0.001986
v 0.020371 -0.066407 -0.001233
v 0.005282 -0.065333 -0.005711
v 0.015893 -0.066559 -0.007140
v 0.008048 -0.064589 -0.007207
v 0.008828 -0.065864 -0.008002
v 0.008915 -0.064976 0.018131
v 0.003344 -0.067368 0.015514
v 0.000469 -0.066652 0.012687
v -0.000518 -0.065341 0.012089
v -0.000807 -0.068849 0.009658
v -0.001940 -0.065042 0.007213
v 0.021948 -0.067146 -0.000122
v 0.000928 -0.065399 -0.001081
v 0.002060 -0.065697 -0.002320
v 0.002515 -0.065606 -0.003484
v 0.004040 -0.065680 -0.005017
v 0.010020 -0.066235 0.018272
v 0.008349 -0.065596 0.017194
v 0.009648 -0.065758 0.017238
v 0.002070 -0.068525 0.014263
v 0.021968 -0.067681 0.011347
v -0.001021 -0.065639 0.007719
v 0.022857 -0.065794 0.004128
v -0.000934 -0.065679 0.005582
v 0.022284 -0.065416 0.003947
v 0.000489 -0.065868 0.001668
v 0.001964 -0.065781 -0.001281
v 0.006410 -0.065783 -0.005702
v 0.005195 -0.066682 -0.005281
v 0.006648 -0.065376 -0.006750
v 0.018539 -0.068284 0.015279
v 0.022055 -0.069326 0.009928
v 0.022153 -0.066286 0.008417
v 0.022303 -0.065463 0.007731
v 0.023223 -0.066417 0.007627
v 0.001195 -0.067643 -0.000569
v 0.007554 -0.067603 -0.006743
v 0.001364 -0.068723 0.013869
v 0.000205 -0.067702 0.011643
v 0.022198 -0.066753 0.009448
v -0.000740 -0.067540 0.003357
v 0.023374 -0.066855 0.003931
v 0.022079 -0.066319 0.003203
v 0.022218 -0.066665 0.002219
v 0.021091 -0.067024 -0.002057
v 0.020511 -0.067425 -0.002608
v 0.002505 -0.066687 -0.002565
v 0.003437 -0.067069 -0.002799
v 0.020036 -0.067838 -0.003537
v 0.003627 -0.066651 -0.003994
v 0.004915 -0.067041 -0.004261
v 0.015850 -0.072314 -0.007003
v 0.014502 -0.067294 -0.007321
v 0.009584 -0.067217 -0.007184
v 0.008522 -0.066769 -0.007185
v 0.009800 -0.066677 -0.008134
v 0.014242 -0.066759 -0.008150
v 0.003916 -0.069090 0.015438
v 0.020449 -0.069512 0.012831
v 0.000161 -0.070119 0.010987
v 0.022905 -0.067676 0.009234
v 0.022987 -0.068327 0.002282
v 0.000790 -0.069613 0.002126
v 0.022057 -0.069485 0.001712
v 0.021919 -0.068147 -0.001126
v 0.021283 -0.068481 -0.002327
v 0.006817 -0.068326 -0.005887
v 0.002419 -0.067817 0.014934
v 0.021415 -0.069043 0.012463
v 0.022133 -0.069900 0.011109
v 0.023532 -0.068458 0.007818
v 0.000840 -0.069244 0.001371
v 0.018488 -0.071440 -0.005131
v 0.017457 -0.071881 -0.005655
v 0.008475 -0.068452 -0.006793
v 0.011427 -0.069753 -0.008323
v 0.009710 -0.071771 0.017159
v 0.015973 -0.076328 0.017152
v 0.005127 -0.073117 0.015808
v 0.003300 -0.069959 0.014409
v 0.020238 -0.069587 0.014050
v 0.023530 -0.068986 0.003911
v 0.000372 -0.068887 0.003177
v -0.000124 -0.067944 0.002432
v 0.001941 -0.068946 0.000204
v 0.002001 -0.068753 -0.000799
v 0.002569 -0.068949 -0.001985
v 0.008066 -0.069211 -0.005729
v 0.006795 -0.070134 -0.005206
v 0.006598 -0.070224 0.017169
v -0.000518 -0.069532 0.004908
v 0.000446 -0.069807 0.003755
v 0.023462 -0.072486 0.001878
v 0.003849 -0.069504 -0.002842
v 0.006039 -0.069125 -0.005214
v 0.014391 -0.071935 -0.007135
v 0.014046 -0.070727 -0.007888
v 0.009913 -0.069689 -0.007240
v 0.008073 -0.073480 0.017166
v 0.005505 -0.071964 0.016566
v 0.019095 -0.070614 0.015522
v 0.018936 -0.069308 0.014263
v 0.020499 -0.070807 0.014268
v 0.021264 -0.070720 0.013854
v 0.000770 -0.070081 0.012381
v 0.023210 -0.070119 0.009719
v 0.000167 -0.071038 0.009988
v 0.000473 -0.070138 0.004818
v 0.022887 -0.070584 0.000990
v 0.001992 -0.070478 0.001543
v 0.022253 -0.069828 0.000705
v 0.003426 -0.070182 -0.001299
v 0.003841 -0.070774 -0.002241
v 0.004939 -0.070186 -0.002749
v 0.005331 -0.070356 -0.003828
v 0.005166 -0.069828 -0.003887
v 0.011046 -0.070736 -0.007195
v 0.010149 -0.071119 0.018088
v 0.018044 -0.076604 0.015777
v 0.002372 -0.070802 0.013882
v 0.021943 -0.072720 0.013077
v 0.000594 -0.071627 0.011486
v 0.023490 -0.073723 0.009879
v 0.000419 -0.071636 0.005412
v 0.002356 -0.069812 -0.000923
v 0.022087 -0.072824 -0.001127
v 0.021771 -0.075046 -0.001928
v 0.016999 -0.074940 -0.006405
v 0.012917 -0.070338 -0.008470
v 0.011837 -0.073176 0.018098
v 0.020167 -0.071162 0.014883
v 0.023473 -0.072907 0.007688
v -0.000483 -0.071855 0.006848
v 0.022084 -0.072607 0.000236
v 0.003244 -0.072643 -0.000818
v 0.006452 -0.070209 -0.004224
v 0.008360 -0.072944 -0.005664
v 0.009098 -0.071931 -0.006687
v 0.011003 -0.072065 0.017434
v 0.022114 -0.074348 0.012740
v -0.000869 -0.071126 0.008152
v 0.000489 -0.072077 0.006383
v 0.023034 -0.073191 0.000324
v 0.002412 -0.072754 0.000434
v 0.013798 -0.072577 -0.007033
v 0.012305 -0.071818 -0.007361
v 0.011695 -0.072076 -0.007171
v 0.001987 -0.075338 0.012773
v 0.022069 -0.073768 0.011397
v 0.023057 -0.074190 0.011092
v -0.000415 -0.072564 0.008880
v 0.000890 -0.073913 0.005143
v 0.000885 -0.073380 0.004114
v 0.001132 -0.072099 0.002538
v 0.023438 -0.074369 0.000519
v 0.005537 -0.073025 -0.003570
v 0.006905 -0.074376 0.016609
v 0.006438 -0.073514 0.015802
v 0.000492 -0.073335 0.009517
v 0.000411 -0.073025 0.007127
v 0.001949 -0.073366 0.003169
v 0.001980 -0.073016 0.002198
v 0.022882 -0.073796 -0.000638
v 0.004144 -0.073457 -0.002016
v 0.007142 -0.073422 -0.005046
v 0.009649 -0.073491 -0.005681
v 0.011439 -0.074688 0.017203
v 0.004085 -0.076344 0.015130
v 0.001312 -0.075326 0.012315
v 0.000781 -0.075494 0.011176
v 0.023573 -0.075686 0.003231
v 0.003945 -0.074219 -0.001035
v 0.006460 -0.073962 -0.003906
v 0.017504 -0.076458 -0.005635
v 0.009977 -0.073741 -0.006521
v 0.018991 -0.077236 0.015672
v 0.003550 -0.077306 0.014272
v 0.021710 -0.080135 0.013845
v 0.022822 -0.075076 0.012372
v 0.023657 -0.075610 0.008434
v 0.023823 -0.074247 0.007712
v 0.000697 -0.074468 0.006005
v 0.024774 -0.074863 0.005772
v 0.023728 -0.074154 0.003834
v 0.002042 -0.074367 0.003805
v 0.004950 -0.074489 -0.001290
v 0.005054 -0.074144 -0.002450
v 0.006467 -0.074652 -0.002763
v 0.020437 -0.082890 -0.002626
v 0.019966 -0.081091 -0.003673
v 0.018664 -0.084003 -0.004741
v 0.008549 -0.074445 -0.005254
v 0.001951 -0.074673 0.004793
v 0.002315 -0.075148 0.001658
v 0.003046 -0.075562 0.000793
v 0.003430 -0.073355 0.000189
v 0.006866 -0.074792 -0.003786
v 0.008139 -0.074753 -0.004267
v 0.011361 -0.076819 -0.006925
v 0.013148 -0.074897 0.017145
v 0.025031 -0.076205 0.006425
v 0.024780 -0.076433 0.003441
v 0.023676 -0.075962 0.002159
v 0.005409 -0.075136 -0.002267
v 0.009862 -0.077206 -0.005751
v 0.005493 -0.077875 0.015519
v 0.002683 -0.077750 0.013761
v 0.001839 -0.076840 0.011597
v 0.000716 -0.078481 0.008632
v 0.023533 -0.076100 0.009588
v 0.024626 -0.076268 0.008312
v 0.002024 -0.077364 0.005273
v 0.002416 -0.077084 0.003486
v 0.024280 -0.076878 0.002315
v 0.002660 -0.076600 0.002278
v 0.003482 -0.076859 0.001933
v 0.003853 -0.077277 0.000502
v 0.008672 -0.077646 -0.005066
v 0.017220 -0.078071 -0.005602
v 0.015993 -0.076180 -0.006859
v 0.014063 -0.080406 -0.007009
v 0.023576 -0.078724 0.009922
v 0.024387 -0.077073 0.009263
v 0.000959 -0.076979 0.006417
v 0.004902 -0.077132 -0.000870
v 0.007062 -0.078216 -0.003556
v 0.018613 -0.078455 0.016479
v 0.004925 -0.078006 0.014632
v 0.023462 -0.076412 0.011195
v 0.001987 -0.077725 0.006322
v 0.003491 -0.077842 0.003111
v 0.023571 -0.078842 0.001730
v 0.004963 -0.077680 0.000222
v 0.023137 -0.081328 -0.000674
v 0.011020 -0.077977 -0.005691
v 0.015961 -0.078028 -0.005943
v 0.009894 -0.085138 0.017169
v 0.008108 -0.079825 0.017130
v 0.017406 -0.079476 0.017156
v 0.006923 -0.080743 0.016537
v 0.006538 -0.081717 0.015721
v 0.022135 -0.079986 0.012802
v 0.002385 -0.079669 0.012392
v 0.001967 -0.079551 0.011066
v 0.000852 -0.078522 0.009749
v 0.024557 -0.079186 0.009703
v 0.024572 -0.079462 0.001851
v 0.022102 -0.082807 -0.001142
v 0.005540 -0.078245 -0.001974
v 0.015498 -0.078278 -0.006636
v 0.003788 -0.079720 0.013906
v 0.024968 -0.081291 0.001930
v 0.002330 -0.080143 0.005070
v 0.002965 -0.079907 0.003847
v 0.004638 -0.080029 0.000744
v 0.010006 -0.079153 -0.005245
v 0.011559 -0.079886 -0.006117
v 0.019989 -0.080528 0.015313
v 0.003181 -0.079872 0.012954
v 0.023750 -0.079383 0.011066
v 0.001883 -0.079534 0.009050
v 0.002053 -0.079366 0.007100
v 0.003855 -0.080309 0.002054
v 0.024321 -0.079994 0.000803
v 0.005358 -0.078969 -0.001062
v 0.006430 -0.079512 -0.001308
v 0.006491 -0.078846 -0.002487
v 0.008151 -0.079511 -0.002718
v 0.006944 -0.079730 -0.002395
v 0.008077 -0.078940 -0.003911
v 0.018950 -0.084397 -0.004140
v 0.009650 -0.079635 -0.004220
v 0.009553 -0.078646 -0.005260
v 0.011411 -0.080725 -0.005626
v 0.012590 -0.079728 -0.006814
v 0.024953 -0.080751 0.009647
v 0.002401 -0.081402 0.006616
v 0.023545 -0.078934 0.000400
v 0.005294 -0.081426 0.000455
v 0.021630 -0.082443 -0.002261
v 0.008553 -0.079974 -0.003739
v 0.024993 -0.083597 0.008237
v 0.003493 -0.081272 0.004970
v 0.003555 -0.081000 0.003728
v 0.004963 -0.081046 0.001736
v 0.015967 -0.084766 -0.005543
v 0.012572 -0.080903 -0.005638
v 0.018856 -0.084698 0.015812
v 0.022055 -0.081733 0.014313
v 0.022943 -0.080352 0.012687
v 0.002250 -0.083911 0.008266
v 0.017422 -0.082613 -0.005495
v 0.015559 -0.084164 -0.006188
v 0.008628 -0.082147 0.016832
v 0.018570 -0.083920 0.016472
v 0.020486 -0.081239 0.014253
v 0.005630 -0.083398 0.015263
v 0.023398 -0.081626 0.012755
v 0.003435 -0.083811 0.012690
v 0.002273 -0.083482 0.011021
v 0.023587 -0.082897 0.011367
v 0.024297 -0.084019 0.011354
v 0.003432 -0.082430 0.006299
v 0.024351 -0.085595 0.000655
v 0.006419 -0.082108 0.000156
v 0.023606 -0.084750 0.000300
v 0.006542 -0.081780 -0.000782
v 0.007169 -0.082655 -0.002084
v 0.008622 -0.083740 -0.003309
v 0.009853 -0.083524 -0.004189
v 0.010028 -0.082517 -0.004771
v 0.014070 -0.082085 -0.005657
v 0.013397 -0.082392 -0.005658
v 0.013373 -0.081324 -0.006379
v 0.014330 -0.081681 -0.006670
v 0.020623 -0.082565 0.015512
v 0.022815 -0.081326 0.013785
v 0.025039 -0.085128 0.009797
v 0.025083 -0.083177 0.003914
v 0.002862 -0.084347 0.007140
v 0.003873 -0.083282 0.003380
v 0.004884 -0.083427 0.002182
v 0.021754 -0.083152 0.015006
v 0.005044 -0.084831 0.014348
v 0.024950 -0.085887 0.002012
v 0.023362 -0.085552 -0.000696
v 0.007161 -0.083394 -0.001254
v 0.022284 -0.084152 -0.002147
v 0.020587 -0.084481 -0.003333
v 0.018179 -0.084369 -0.004939
v 0.014393 -0.085241 -0.005577
v 0.016731 -0.084986 0.017177
v 0.007873 -0.085493 0.015813
v 0.021106 -0.084000 0.015203
v 0.003476 -0.085647 0.011678
v 0.025179 -0.083427 0.007591
v 0.025716 -0.084160 0.004760
v 0.003913 -0.084343 0.004789
v 0.025083 -0.084441 0.003300
v 0.004887 -0.083951 0.003184
v 0.005546 -0.083992 0.001104
v 0.006522 -0.085072 0.000629
v 0.022739 -0.084326 -0.001466
v 0.008106 -0.083902 -0.001279
v 0.008121 -0.083622 -0.002409
v 0.021126 -0.084142 -0.003074
v 0.011042 -0.084017 -0.004289
v 0.011230 -0.083328 -0.005195
v 0.019721 -0.085360 0.015591
v 0.021786 -0.085049 0.014356
v 0.023672 -0.084408 0.012839
v 0.002992 -0.085257 0.010459
v 0.025899 -0.084545 0.007769
v 0.025972 -0.083975 0.006531
v 0.026500 -0.085343 0.006695
v 0.003830 -0.085825 0.005660
v 0.009408 -0.084379 -0.003640
v 0.008954 -0.086202 0.016749
v 0.006058 -0.085564 0.014579
v 0.020097 -0.086107 0.013755
v 0.022739 -0.085062 0.014059
v 0.023975 -0.085064 0.011459
v 0.023194 -0.086091 0.010948
v 0.024645 -0.085709 0.010957
v 0.026084 -0.085701 0.005360
v 0.024697 -0.086053 0.005223
v 0.005075 -0.085848 0.005061
v 0.005223 -0.085698 0.004114
v 0.007136 -0.085653 -0.000646
v 0.021675 -0.086129 -0.002234
v 0.020545 -0.085313 -0.002704
v 0.011258 -0.085675 -0.003983
v 0.011549 -0.085739 -0.004746
v 0.016750 -0.086180 -0.005257
v 0.012783 -0.085857 -0.005412
v 0.017031 -0.086178 0.016590
v 0.004074 -0.085815 0.013629
v 0.025620 -0.086095 0.007837
v 0.015991 -0.086003 0.016931
v 0.008272 -0.086085 0.015562
v 0.017790 -0.085854 0.015573
v 0.019699 -0.086204 0.015178
v 0.017211 -0.086086 0.015257
v 0.007060 -0.086169 0.015278
v 0.022320 -0.086105 0.013858
v 0.005722 -0.086086 0.013730
v 0.004321 -0.086281 0.013469
v 0.023151 -0.086191 0.013041
v 0.004206 -0.086115 0.011962
v 0.021844 -0.086062 0.012488
v 0.024611 -0.086209 0.009756
v 0.022997 -0.086092 0.010546
v 0.005652 -0.086089 0.005636
v 0.024895 -0.086032 0.008203
v 0.004141 -0.086146 0.007531
v 0.024261 -0.086090 0.006048
v 0.008718 -0.086086 0.000603
v 0.025951 -0.086234 0.006036
v 0.003968 -0.086210 0.006392
v 0.005517 -0.086169 0.002613
v 0.024678 -0.086174 0.003164
v 0.006910 -0.086114 0.002048
v 0.023384 -0.086087 0.000634
v 0.024160 -0.086278 0.001198
v 0.020137 -0.086079 -0.002134
v 0.021732 -0.086093 -0.000822
v 0.007120 -0.086203 0.000035
v 0.022950 -0.086237 -0.000423
v 0.008534 -0.086085 -0.000964
v 0.010093 -0.086110 -0.002318
v 0.008659 -0.086165 -0.001978
v 0.011589 -0.086099 -0.003671
v 0.017731 -0.086088 -0.003723
v 0.019496 -0.086286 -0.003514
v 0.010295 -0.086130 -0.003602
v 0.019984 -0.085732 -0.003821
v 0.012424 -0.086225 -0.004877
v 0.015403 -0.086140 -0.005195
vn -0.3942 0.8932 0.2163
vn -0.1878 0.9611 0.2027
vn 0.1231 0.9551 -0.2696
vn -0.2913 0.7940 -0.5336
vn -0.3704 0.9272 0.0555
vn -0.0642 0.8958 -0.4398
vn -0.4707 0.5784 -0.6663
vn -0.5469 0.7901 -0.2769
vn -0.9005 0.3698 -0.2288
vn -0.8220 0.5659 -0.0639
vn -0.7611 0.5018 -0.4110
vn -0.9420 0.0245 -0.3347
vn -0.6929 -0.2022 -0.6921
vn -0.8413 0.0854 -0.5337
vn -0.8367 -0.1770 -0.5183
vn -0.8139 -0.2093 -0.5421
vn -0.9539 0.0647 -0.2932
vn -0.7847 0.1202 -0.6081
vn -0.7917 -0.2039 -0.5759
vn -0.6934 0.1761 -0.6987
vn -0.2558 0.0331 -0.9662
vn -0.5995 -0.1585 -0.7846
vn -0.2924 0.3132 -0.9036
vn -0.2162 -0.2551 -0.9424
vn -0.6080 -0.2950 -0.7371
vn -0.5634 -0.2671 -0.7819
vn -0.6746 -0.2553 -0.6926
vn -0.9577 0.2773 0.0765
vn -0.8966 0.3944 0.2011
vn -0.9260 0.3377 -0.1688
vn -0.7990 0.3824 0.4640
vn -0.9625 0.2708 -0.0158
vn -0.7447 0.3914 0.5406
vn -0.7607 0.4003 0.5110
vn -0.8351 0.5186 0.1834
vn -0.7272 0.3577 0.5859
vn -0.6379 0.4460 0.6279
vn -0.6235 0.5660 0.5394
vn -0.6027 0.7663 0.2223
vn -0.5036 0.7127 0.4882
vn -0.7559 0.4296 0.4940
vn -0.6158 0.5330 0.5803
vn -0.6018 0.5418 0.5867
vn -0.1539 0.9510 0.2682
vn 0.0706 0.9628 0.2608
vn -0.4597 0.6967 0.5507
vn -0.3233 0.5195 0.7910
vn -0.7486 0.6081 0.2644
vn -0.7889 0.4231 0.4457
vn -0.7203 0.4922 0.4888
vn -0.7574 0.5124 0.4046
vn -0.7560 0.5639 0.3323
vn -0.8514 0.3926 0.3478
vn -0.9573 0.2507 -0.1440
vn -0.6244 0.7432 0.2403
vn -0.8266 -0.1888 -0.5302
vn -0.9871 -0.0108 -0.1599
vn -0.5614 -0.2945 -0.7734
vn -0.6401 -0.2213 -0.7357
vn -0.5323 -0.2388 -0.8122
vn -0.5167 -0.1820 -0.8366
vn -0.6867 -0.1989 -0.6992
vn -0.6932 -0.2161 -0.6876
vn -0.9564 -0.1383 -0.2574
vn -0.7570 -0.2199 -0.6153
vn -0.8454 -0.3142 -0.4319
vn -0.6923 -0.2971 -0.6576
vn -0.9332 -0.3286 -0.1454
vn -0.8640 0.4654 0.1921
vn -0.8282 0.4894 0.2729
vn -0.7560 0.5030 0.4188
vn -0.9198 0.2886 0.2659
vn -0.8134 0.2214 0.5379
vn -0.9531 -0.2237 0.2039
vn -0.9484 -0.2872 -0.1343
vn -0.8426 -0.2239 -0.4898
vn -0.3077 -0.3163 -0.8974
vn -0.2819 -0.2998 -0.9114
vn -0.2418 -0.3409 -0.9084
vn 0.0737 -0.2568 -0.9637
vn 0.2225 -0.2614 -0.9392
vn -0.1418 -0.2395 -0.9605
vn -0.7403 -0.2771 -0.6125
vn -0.7831 -0.2038 -0.5876
vn -0.8355 -0.2551 -0.4868
vn -0.7303 -0.2704 -0.6274
vn -0.9216 -0.3375 -0.1916
vn -0.8703 -0.2316 -0.4347
vn -0.9376 -0.2956 -0.1832
vn -0.6797 -0.2134 -0.7018
vn -0.6498 -0.2708 -0.7102
vn -0.5353 -0.2787 -0.7974
vn -0.7203 -0.2830 -0.6334
vn -0.5942 -0.1644 -0.7873
vn -0.4097 -0.2286 -0.8831
vn -0.5406 -0.2642 -0.7987
vn -0.2416 -0.0490 -0.9692
vn -0.1957 -0.1214 -0.9731
vn -0.5131 -0.2802 -0.8113
vn -0.4977 -0.2255 -0.8375
vn -0.7075 -0.2483 -0.6617
vn -0.5002 -0.2577 -0.8267
vn -0.8187 -0.2346 -0.5241
vn -0.5924 -0.2541 -0.7645
vn -0.7764 -0.2969 -0.5559
vn -0.9293 -0.2554 -0.2668
vn -0.5936 -0.2088 -0.7772
vn -0.7433 -0.2289 -0.6286
vn -0.3679 -0.1404 -0.9192
vn -0.2670 -0.1652 -0.9494
vn -0.4853 -0.2582 -0.8353
vn -0.6840 -0.1424 -0.7155
vn -0.7503 -0.1901 -0.6332
vn -0.9183 -0.1522 -0.3654
vn -0.9623 -0.0608 -0.2652
vn -0.9081 -0.3255 -0.2636
vn -0.9323 -0.1910 0.3071
vn -0.9501 -0.3103 0.0316
vn -0.9056 -0.1310 0.4035
vn -0.8207 -0.2929 0.4905
vn -0.7004 -0.1692 0.6935
vn -0.9553 -0.2946 0.0254
vn -0.8971 -0.3019 -0.3227
vn -0.8170 -0.2538 -0.5178
vn -0.9563 -0.0865 -0.2794
vn -0.7330 -0.1211 -0.6694
vn -0.6546 -0.2077 -0.7269
vn -0.7965 -0.1563 -0.5840
vn -0.9439 -0.1075 -0.3121
vn -0.9870 -0.0835 -0.1375
vn -0.6938 -0.0576 -0.7178
vn -0.9580 -0.0912 0.2717
vn -0.9708 -0.1970 -0.1367
vn -0.8776 -0.0976 -0.4695
vn -0.9802 -0.1573 -0.1205
vn -0.5606 -0.1838 -0.8074
vn -0.5198 -0.1144 -0.8466
vn -0.5403 -0.0811 -0.8376
vn -0.4487 -0.1239 -0.8850
vn -0.6689 -0.0575 -0.7411
vn -0.9050 -0.1525 -0.3970
vn -0.7885 -0.1539 -0.5954
vn -0.9372 -0.0842 -0.3384
vn -0.9782 -0.1364 -0.1564
vn -0.9653 -0.0281 0.2594
vn -0.8216 -0.0915 -0.5626
vn -0.8468 -0.1007 -0.5223
vn -0.7222 -0.0711 -0.6880
vn -0.5141 -0.1803 -0.8386
vn -0.6532 -0.0657 -0.7543
vn -0.7775 -0.2139 -0.5914
vn -0.8951 -0.2669 -0.3571
vn -0.9687 -0.1295 -0.2118
vn -0.7666 -0.1810 -0.6160
vn -0.8247 -0.0949 -0.5576
vn -0.6474 -0.2316 -0.7261
vn -0.5987 -0.0431 -0.7998
vn -0.6145 -0.0781 -0.7850
vn -0.4725 -0.1845 -0.8618
vn -0.6989 -0.1740 -0.6937
vn -0.4431 -0.4625 -0.7680
vn -0.6075 -0.3693 -0.7033
vn -0.5070 -0.8288 -0.2367
vn -0.7555 -0.1732 -0.6318
vn -0.8596 -0.2988 -0.4146
vn -0.9495 -0.2503 -0.1890
vn -0.1887 -0.9123 -0.3633
vn 0.0369 -0.9986 0.0367
vn -0.3337 -0.1197 -0.9350
vn -0.3612 -0.3875 -0.8481
vn -0.2775 -0.0668 -0.9584
vn -0.4887 -0.1542 -0.8587
vn -0.3016 -0.0831 -0.9498
vn -0.1841 -0.0685 -0.9805
vn -0.1728 -0.0749 -0.9821
vn 0.2558 -0.0860 -0.9629
vn 0.0440 -0.1742 -0.9837
vn -0.1435 -0.8596 -0.4904
vn 0.0423 -0.4970 -0.8667
vn 0.2078 -0.8536 -0.4776
vn 0.2561 -0.0910 -0.9624
vn -0.1213 -0.0792 -0.9894
vn 0.0581 -0.0224 -0.9981
vn 0.1881 0.0401 -0.9813
vn 0.4812 -0.0830 -0.8726
vn 0.3224 -0.2678 -0.9080
vn -0.0904 -0.9920 0.0878
vn 0.3306 -0.0894 -0.9395
vn 0.4392 -0.8233 -0.3595
vn 0.5517 -0.2314 -0.8013
vn 0.7766 -0.1069 -0.6208
vn 0.9472 -0.2562 -0.1926
vn 0.4828 -0.8650 -0.1367
vn 0.2193 -0.9395 0.2633
vn 0.1173 -0.9914 -0.0575
vn -0.7101 -0.6686 0.2206
vn -0.3099 -0.8850 0.3475
vn -0.9665 -0.1540 0.2053
vn -0.8351 -0.1884 0.5168
vn 0.0116 -0.9965 -0.0826
vn -0.1480 -0.8582 0.4915
vn -0.5653 -0.3814 0.7314
vn -0.3678 -0.2398 0.8985
vn -0.1096 -0.2941 0.9495
vn 0.5734 -0.8129 0.1015
vn 0.9751 0.0648 -0.2119
vn 0.7298 0.1623 -0.6641
vn 0.7599 0.0002 -0.6500
vn 0.6704 -0.0754 -0.7381
vn 0.0256 -0.0752 -0.9968
vn -0.1506 -0.1603 -0.9755
vn -0.0112 -0.0375 -0.9992
vn -0.4491 -0.1426 -0.8820
vn -0.5292 -0.1321 -0.8381
vn -0.4790 -0.0653 -0.8754
vn -0.6226 -0.2070 -0.7547
vn -0.4362 -0.1353 -0.8896
vn -0.5554 -0.0647 -0.8290
vn -0.1800 -0.0627 -0.9817
vn -0.2869 -0.0767 -0.9549
vn -0.0450 -0.0344 -0.9984
vn 0.3428 -0.0720 -0.9367
vn 0.3626 -0.0227 -0.9317
vn 0.3520 0.1652 -0.9213
vn 0.9455 0.1046 -0.3083
vn 0.8657 0.0837 -0.4935
vn 0.8376 0.1812 -0.5154
vn 0.6082 0.2479 -0.7541
vn 0.4979 0.0843 -0.8632
vn 0.6323 0.1707 -0.7557
vn 0.5985 0.0450 -0.7999
vn 0.6492 0.1875 -0.7371
vn 0.7907 0.2703 -0.5494
vn 0.6860 0.1189 -0.7178
vn 0.8786 0.1399 -0.4565
vn 0.9480 0.1135 -0.2973
vn 0.9205 0.1469 -0.3621
vn 0.8336 0.0648 -0.5485
vn 0.9417 0.0991 -0.3216
vn 0.7480 0.0685 -0.6602
vn 0.9828 0.0872 -0.1626
vn 0.9871 0.1187 -0.1075
vn 0.8173 0.0759 -0.5711
vn 0.9669 0.1917 -0.1684
vn 0.9642 -0.0976 0.2464
vn 0.1227 -0.8033 0.5829
vn 0.9761 0.0130 0.2171
vn 0.9610 0.0851 0.2630
vn 0.9330 0.1677 0.3185
vn 0.7652 0.0336 0.6429
vn 0.6936 -0.5481 0.4674
vn 0.2316 -0.1179 0.9656
vn 0.7340 0.0416 0.6779
vn 0.5824 -0.3693 0.7242
vn 0.7031 0.0164 0.7109
vn 0.4370 -0.5707 0.6952
vn 0.5717 -0.0524 0.8188
vn -0.2431 -0.0306 0.9695
vn -0.6049 -0.0772 0.7925
vn -0.7910 -0.0824 0.6062
vn -0.5152 -0.0521 0.8555
vn -0.9751 -0.1309 -0.1790
vn -0.9635 -0.0754 0.2570
vn -0.9637 -0.0887 0.2517
vn -0.6959 -0.0713 0.7146
vn -0.7339 -0.1231 0.6681
vn -0.8343 -0.1705 0.5243
vn -0.6860 -0.0788 0.7233
vn -0.7039 -0.1518 0.6939
vn -0.9107 -0.1741 0.3746
vn -0.9589 -0.0745 0.2739
vn -0.7033 -0.0446 0.7095
vn -0.9809 -0.1734 -0.0882
vn -0.7702 -0.2291 0.5952
vn -0.6487 -0.1908 0.7367
vn -0.6835 -0.1279 0.7187
vn -0.4744 -0.0416 0.8793
vn -0.5079 -0.0497 0.8600
vn -0.6122 -0.0834 0.7863
vn -0.4427 -0.0773 0.8934
vn -0.1494 -0.0560 0.9872
vn -0.2964 -0.0777 0.9519
vn -0.1849 -0.0490 0.9815
vn -0.6970 -0.1065 0.7091
vn -0.9641 -0.0688 0.2564
vn -0.7142 -0.2300 0.6611
vn -0.3279 -0.1476 0.9331
vn -0.4159 -0.0603 0.9074
vn -0.4645 -0.0716 0.8827
vn -0.5279 -0.1568 0.8347
vn -0.5204 -0.0942 0.8487
vn -0.3888 -0.0859 0.9173
vn -0.5611 -0.1092 0.8205
vn -0.6913 -0.2652 0.6722
vn -0.2185 -0.0259 0.9755
vn -0.3597 -0.0952 0.9282
vn 0.1569 0.0549 0.9861
vn 0.6677 0.0470 0.7429
vn 0.7744 0.0399 0.6314
vn 0.8770 0.0705 0.4754
vn 0.7669 0.0396 0.6406
vn 0.9844 0.0557 0.1668
vn 0.9913 0.0768 -0.1073
vn 0.9004 0.1530 -0.4072
vn 0.9723 0.1723 -0.1580
vn 0.9731 0.0789 0.2165
vn 0.9907 0.1315 -0.0340
vn 0.7332 0.0358 -0.6791
vn 0.6897 0.0407 -0.7230
vn -0.3019 -0.0966 -0.9484
vn -0.6148 -0.1026 -0.7819
vn -0.6305 -0.1852 -0.7538
vn -0.4874 -0.1764 -0.8552
vn -0.6061 -0.0883 -0.7905
vn -0.3090 -0.1096 -0.9447
vn -0.6573 -0.1565 -0.7372
vn -0.1961 -0.2402 -0.9507
vn -0.1145 -0.0638 -0.9914
vn 0.0273 -0.2620 -0.9647
vn -0.0176 -0.2283 -0.9734
vn -0.2914 -0.3269 -0.8990
vn -0.2989 -0.2713 -0.9149
vn -0.2825 -0.1101 -0.9529
vn -0.0591 -0.0732 -0.9956
vn -0.0015 -0.3072 -0.9517
vn 0.0529 -0.0661 -0.9964
vn 0.0117 -0.3682 -0.9297
vn 0.2833 -0.2119 -0.9353
vn 0.3036 -0.1564 -0.9399
vn 0.3295 -0.0921 -0.9396
vn 0.3434 -0.0328 -0.9386
vn 0.8125 -0.2176 -0.5408
vn 0.6891 -0.0575 -0.7224
vn 0.7669 0.0363 -0.6407
vn 0.7476 0.0426 -0.6628
vn 0.9190 0.0982 -0.3817
vn 0.8936 0.0691 -0.4435
vn 0.6816 -0.2056 -0.7023
vn 0.6975 -0.0559 -0.7144
vn 0.6798 -0.0457 -0.7319
vn 0.8787 -0.0623 -0.4733
vn 0.5766 -0.1583 -0.8015
vn 0.6365 -0.1838 -0.7491
vn 0.6068 -0.1320 -0.7838
vn 0.4158 -0.1514 -0.8967
vn 0.2067 -0.0895 -0.9743
vn 0.2576 -0.3037 -0.9173
vn 0.2589 -0.0471 -0.9648
vn -0.1674 -0.2915 -0.9418
vn 0.2607 -0.0979 -0.9604
vn 0.2673 -0.0241 -0.9633
vn 0.2270 0.2278 -0.9469
vn -0.0715 -0.3174 -0.9456
vn 0.1251 -0.1698 -0.9775
vn 0.8259 -0.2702 -0.4948
vn 0.4742 -0.1132 -0.8731
vn 0.5515 -0.1839 -0.8136
vn 0.4666 -0.0737 -0.8814
vn 0.4540 -0.1514 -0.8781
vn 0.4033 -0.0424 -0.9141
vn 0.0900 -0.2329 -0.9683
vn 0.4653 -0.0586 -0.8832
vn 0.6149 -0.0938 -0.7830
vn 0.5037 0.0488 -0.8625
vn 0.5494 -0.1940 -0.8127
vn 0.6426 -0.1454 -0.7523
vn 0.6370 0.1658 -0.7528
vn 0.3016 -0.0670 -0.9511
vn 0.3373 0.0194 -0.9412
vn -0.8563 0.2095 -0.4721
vn -0.0818 0.5089 -0.8569
vn 0.1890 0.5377 -0.8217
vn 0.3663 0.2212 -0.9038
vn 0.2955 0.0375 -0.9546
vn 0.4502 0.2146 -0.8668
vn 0.4095 0.1463 -0.9005
vn 0.6481 0.0271 -0.7611
vn 0.6010 -0.0237 -0.7989
vn 0.6807 0.0457 -0.7312
vn 0.6237 0.2060 -0.7540
vn 0.8134 0.2368 -0.5313
vn 0.6425 0.1953 -0.7410
vn 0.7911 0.4544 -0.4095
vn 0.5156 0.3922 -0.7618
vn 0.5939 0.2822 -0.7534
vn 0.2431 0.9238 -0.2960
vn 0.3149 0.9414 -0.1210
vn 0.4591 0.7182 -0.5229
vn 0.6384 0.6547 -0.4047
vn 0.7443 0.6607 -0.0976
vn 0.4700 0.8771 0.0994
vn 0.0494 0.7888 0.6126
vn 0.3724 0.7959 0.4773
vn -0.2090 0.7270 0.6540
vn -0.4475 0.5719 0.6875
vn -0.5970 0.5526 0.5816
vn -0.6596 0.1559 0.7353
vn -0.7670 -0.0485 0.6398
vn -0.8613 -0.2193 0.4583
vn -0.7096 -0.2446 0.6608
vn -0.7674 -0.2294 0.5987
vn -0.8838 -0.2909 0.3664
vn -0.6795 -0.1725 0.7131
vn -0.7033 -0.2192 0.6763
vn -0.5012 -0.0773 0.8619
vn -0.5376 -0.2402 0.8083
vn -0.6449 -0.2423 0.7249
vn -0.8668 -0.2882 0.4069
vn -0.9263 -0.3452 0.1509
vn -0.9631 -0.2492 0.1021
vn -0.9408 -0.2768 -0.1958
vn -0.9483 -0.3065 0.0826
vn -0.9171 -0.1383 0.3738
vn -0.7484 -0.1517 0.6457
vn -0.6819 -0.2080 0.7012
vn -0.7702 -0.0974 0.6304
vn -0.6384 -0.1436 0.7562
vn -0.4947 -0.1048 0.8627
vn -0.5517 -0.0926 0.8289
vn -0.5910 -0.1571 0.7912
vn -0.5544 -0.1477 0.8191
vn -0.4921 -0.1740 0.8530
vn -0.4175 -0.0996 0.9032
vn -0.2899 -0.0975 0.9521
vn -0.3007 -0.1035 0.9481
vn -0.2820 -0.0749 0.9565
vn 0.2528 0.0589 0.9657
vn 0.9079 0.1130 0.4038
vn 0.9884 0.0677 0.1361
vn 0.5966 0.1621 0.7860
vn 0.7552 0.0949 0.6486
vn 0.5769 0.1316 0.8061
vn 0.4811 0.1259 0.8676
vn 0.0398 0.0178 0.9990
vn 0.2906 0.0790 0.9536
vn 0.8072 0.1024 0.5813
vn 0.7725 0.0701 0.6311
vn 0.6266 0.0712 0.7761
vn 0.3589 0.0584 0.9315
vn 0.9185 0.0461 0.3928
vn 0.9971 0.0700 0.0293
vn 0.9777 0.0820 -0.1934
vn 0.8909 0.0990 -0.4434
vn 0.8759 0.0713 -0.4773
vn 0.8880 -0.0828 -0.4522
vn 0.9420 -0.0903 -0.3232
vn 0.6180 -0.2907 -0.7304
vn 0.5773 -0.1847 -0.7954
vn 0.6078 -0.1736 -0.7749
vn 0.6069 -0.1808 -0.7739
vn 0.7046 -0.1690 -0.6891
vn 0.6680 -0.1850 -0.7208
vn 0.5971 -0.2287 -0.7689
vn 0.7900 -0.1428 -0.5963
vn 0.6949 -0.1642 -0.7001
vn 0.8727 -0.1681 -0.4585
vn 0.6549 -0.1922 -0.7309
vn 0.7800 0.1535 -0.6067
vn 0.7558 0.2562 -0.6026
vn 0.7450 0.1731 -0.6442
vn 0.6931 0.1472 -0.7056
vn 0.8126 0.2470 -0.5279
vn 0.8751 0.1823 -0.4483
vn 0.7277 0.2406 -0.6423
vn 0.8916 0.3241 -0.3162
vn 0.9177 -0.2081 -0.3386
vn 0.8613 0.0034 -0.5080
vn 0.9516 -0.0695 -0.2992
vn 0.7075 -0.1923 -0.6801
vn 0.9602 -0.0706 -0.2704
vn 0.8242 -0.2288 -0.5180
vn 0.8809 0.1186 -0.4581
vn 0.8492 0.3347 -0.4085
vn 0.9904 -0.0649 0.1216
vn 0.9654 -0.1356 -0.2225
vn 0.9068 -0.0431 -0.4193
vn 0.9763 -0.0267 -0.2146
vn 0.9127 -0.2812 -0.2964
vn 0.9464 -0.3180 -0.0568
vn 0.9395 -0.0608 -0.3372
vn 0.8603 0.4125 0.2995
vn 0.7252 0.1198 0.6780
vn 0.9537 -0.0772 0.2906
vn 0.9642 -0.2433 0.1050
vn 0.8960 -0.2122 0.3901
vn 0.9292 -0.0818 0.3603
vn 0.8678 -0.0975 0.4873
vn 0.7149 -0.1022 0.6918
vn 0.7212 0.0251 0.6923
vn 0.5515 0.0647 0.8317
vn 0.7321 -0.1301 0.6686
vn 0.6875 -0.1756 0.7046
vn 0.5312 -0.2141 0.8198
vn 0.3994 0.0563 0.9150
vn 0.4217 0.1002 0.9012
vn 0.5495 0.0686 0.8326
vn 0.6288 0.1508 0.7628
vn 0.2309 -0.0265 0.9726
vn 0.6467 -0.0433 0.7615
vn -0.0476 -0.0266 0.9985
vn -0.1568 -0.0794 0.9844
vn -0.3470 -0.1152 0.9308
vn -0.5360 -0.0813 0.8403
vn -0.7218 -0.0506 0.6903
vn -0.5193 0.0902 0.8498
vn -0.6850 0.0334 0.7278
vn -0.5388 0.2628 0.8004
vn -0.7586 0.5468 0.3542
vn -0.7233 0.6188 0.3065
vn -0.6738 0.5158 0.5291
vn -0.3854 0.4800 0.7881
vn -0.3297 0.5769 0.7474
vn -0.3476 0.2475 0.9044
vn -0.3253 -0.0273 0.9452
vn -0.2389 -0.0433 0.9701
vn -0.4099 -0.0436 0.9111
vn -0.3505 -0.2245 0.9093
vn -0.2850 -0.1776 0.9419
vn -0.0814 -0.1965 0.9771
vn 0.0126 -0.2069 0.9783
vn -0.4353 0.1147 0.8929
vn -0.2186 0.0154 0.9757
vn -0.3624 0.0884 0.9278
vn -0.2965 0.0710 0.9524
vn -0.0834 -0.2502 0.9646
vn 0.1944 -0.2620 0.9453
vn 0.2657 -0.1902 0.9451
vn 0.4262 -0.0861 0.9005
vn 0.2132 -0.0699 0.9745
vn -0.7110 0.3797 0.5919
vn -0.0193 0.0265 0.9995
vn 0.1808 -0.0477 0.9824
vn 0.2446 0.2042 0.9479
vn 0.0674 0.2894 0.9548
vn 0.4646 -0.0700 0.8827
vn 0.2948 -0.0493 0.9543
vn 0.4054 -0.0233 0.9139
vn 0.5383 -0.1201 0.8341
vn 0.6491 -0.1365 0.7484
vn 0.9878 -0.0619 0.1427
vn 0.8178 0.2588 -0.5140
vn 0.8668 0.4490 -0.2169
vn 0.7828 0.6010 -0.1612
vn 0.8315 0.5553 0.0119
vn 0.7738 0.5944 0.2188
vn 0.7429 0.6605 -0.1085
vn 0.6186 0.7041 0.3487
vn 0.6743 0.7310 0.1046
vn 0.6729 0.7241 0.1511
vn 0.4923 0.6931 0.5266
vn -0.1399 0.5490 0.8240
vn -0.2103 0.5094 0.8344
vn -0.1878 0.4164 0.8896
vn -0.1260 0.3742 0.9187
vn -0.2372 0.3240 0.9158
vn -0.2212 0.0850 0.9715
vn -0.1930 0.0370 0.9805
vn -0.1458 0.0808 0.9860
vn -0.0219 0.2658 0.9638
vn -0.3430 0.2194 0.9134
vn -0.1088 0.3495 0.9306
vn -0.0148 0.2781 0.9604
vn -0.0499 0.3388 0.9395
vn -0.0938 0.3217 0.9422
vn -0.2160 0.2830 0.9345
vn -0.0940 0.5061 0.8573
vn -0.0607 0.5404 0.8392
vn -0.1665 0.3518 0.9212
vn 0.2160 0.1908 0.9576
vn 0.0690 0.2507 0.9656
vn -0.1243 -0.1125 0.9858
vn 0.0022 0.2872 0.9579
vn 0.1450 0.2630 0.9539
vn 0.2701 0.1984 0.9422
vn 0.0974 0.4574 0.8839
vn 0.1146 0.3718 0.9212
vn -0.0075 0.5207 0.8537
vn 0.1737 0.6031 0.7785
vn 0.1111 0.5306 0.8403
vn 0.8264 0.5630 0.0046
vn 0.2973 0.6289 0.7184
vn 0.6322 0.5354 0.5601
vn 0.3742 0.4327 0.8202
vn 0.2033 0.3602 0.9104
vn 0.4739 -0.0820 0.8768
vn 0.9012 -0.1237 0.4154
vn 0.9417 0.1742 0.2879
vn 0.9586 0.2145 -0.1871
vn 0.6990 0.5442 0.4639
vn 0.7426 0.4915 0.4549
vn 0.6141 0.4479 0.6498
vn 0.2959 0.4061 0.8646
vn 0.7686 -0.1429 0.6235
vn 0.9498 -0.0469 0.3094
vn 0.8683 0.4515 0.2053
vn 0.4632 0.5366 0.7053
vn 0.6049 0.2474 0.7569
vn 0.6822 0.4655 0.5639
vn 0.7321 -0.0001 0.6812
vn -0.8290 -0.3244 -0.4555
vn -0.7466 -0.1964 -0.6356
vn -0.9442 -0.2870 -0.1618
vn -0.9430 -0.2889 0.1653
vn -0.9528 -0.2824 0.1117
vn -0.9465 -0.2867 0.1480
vn -0.8779 -0.2453 0.4112
vn -0.8703 -0.1608 0.4656
vn -0.9674 0.0510 0.2479
vn -0.7519 -0.0212 0.6589
vn -0.6862 -0.2547 -0.6814
vn 0.7338 0.1287 -0.6671
vn 0.6468 0.0878 -0.7576
vn -0.4719 0.8778 0.0821
vn 0.0821 0.9596 -0.2692
vn 0.0337 0.9053 -0.4234
vn -0.4836 0.8631 0.1458
vn 0.3345 0.8761 0.3471
vn -0.2354 0.9331 0.2717
vn -0.6526 0.7571 -0.0302
vn -0.7192 0.6205 -0.3128
vn -0.6326 0.7057 -0.3191
vn -0.6577 0.6038 -0.4504
vn -0.7760 0.5595 -0.2913
vn -0.6960 0.5421 -0.4709
vn -0.6075 0.3738 -0.7009
vn -0.6768 0.4885 -0.5507
vn -0.6404 0.4927 -0.5892
vn -0.6537 0.3366 -0.6778
vn -0.8393 0.3835 -0.3854
vn -0.7485 0.4070 -0.5235
vn -0.8298 0.3576 -0.4284
vn -0.9398 -0.1570 0.3034
vn -0.9827 -0.0083 -0.1848
vn -0.7934 -0.5899 0.1502
vn -0.9554 0.2749 0.1082
vn -0.8999 0.4361 -0.0007
vn -0.8335 0.1182 0.5398
vn -0.7005 -0.1680 0.6936
vn -0.9165 0.2320 0.3259
vn -0.9482 0.2273 0.2221
vn -0.9211 0.3469 -0.1768
vn -0.8155 0.5154 -0.2634
vn -0.5771 0.3504 -0.7376
vn -0.6197 0.6156 -0.4869
vn -0.7038 0.6707 -0.2340
vn -0.8512 0.5159 0.0963
vn -0.7379 0.6689 0.0900
vn -0.6845 0.4654 0.5612
vn -0.7551 0.6223 0.2063
vn -0.7518 0.3218 0.5756
vn -0.6869 0.6942 -0.2152
vn -0.6898 0.7065 -0.1582
vn -0.6777 0.6900 0.2541
vn -0.6904 0.5255 0.4971
vn -0.5454 0.5116 0.6639
vn -0.4925 0.6083 0.6225
vn -0.6842 0.7075 -0.1766
vn -0.5962 0.6806 -0.4259
vn -0.6561 0.7295 -0.1934
vn -0.5811 0.8077 0.0994
vn -0.6112 0.7547 0.2385
vn -0.5516 0.3473 0.7583
vn -0.6525 -0.1581 0.7411
vn -0.7324 0.0638 0.6778
vn -0.5803 -0.3110 0.7527
vn -0.5177 -0.5043 0.6912
vn -0.7231 -0.4749 0.5016
vn -0.7830 -0.1416 -0.6057
vn -0.7495 -0.5707 -0.3354
vn -0.7328 -0.3457 -0.5861
vn -0.7434 0.1791 -0.6445
vn -0.5171 0.3695 -0.7721
vn -0.5106 0.3420 -0.7889
vn -0.7437 0.3236 -0.5850
vn -0.7613 0.1059 0.6397
vn -0.9783 0.0366 0.2040
vn -0.9052 0.3565 0.2314
vn -0.1679 -0.1079 0.9799
vn -0.4406 -0.1793 0.8796
vn -0.3467 -0.1409 0.9273
vn -0.5227 -0.3554 0.7749
vn 0.0006 -0.2835 0.9590
vn -0.2240 -0.8029 0.5525
vn -0.5228 -0.4184 0.7427
vn -0.2389 -0.6032 0.7609
vn -0.5667 -0.4743 0.6737
vn -0.4584 -0.6876 0.5630
vn -0.4997 -0.6631 0.5573
vn -0.5870 -0.3408 0.7343
vn -0.4937 -0.4762 0.7277
vn -0.5259 0.0192 0.8504
vn -0.4494 -0.2861 0.8463
vn -0.6035 0.1574 0.7817
vn -0.5061 0.1251 0.8534
vn -0.6251 -0.2874 0.7257
vn -0.8194 -0.1239 0.5597
vn -0.7610 0.1857 0.6216
vn -0.8300 -0.4024 0.3862
vn -0.6854 -0.5537 0.4729
vn -0.9074 -0.1365 0.3975
vn -0.7416 -0.4300 0.5149
vn -0.7607 -0.3735 0.5308
vn -0.5318 -0.5664 0.6296
vn -0.3893 -0.6046 0.6949
vn -0.2167 -0.6722 0.7080
vn -0.2337 -0.6955 0.6794
vn -0.0535 -0.8724 0.4858
vn 0.0459 -0.9818 0.1841
vn -0.1685 -0.8421 0.5123
vn 0.4071 -0.8113 -0.4195
vn 0.3401 -0.9175 -0.2061
vn 0.4147 -0.9094 -0.0323
vn -0.1299 -0.8115 -0.5697
vn 0.0831 -0.9771 -0.1957
vn -0.7242 -0.3993 -0.5623
vn -0.4321 -0.5175 -0.7385
vn -0.4619 -0.6925 -0.5542
vn 0.1164 -0.2879 -0.9506
vn 0.1860 -0.6467 -0.7397
vn -0.1394 -0.6175 -0.7741
vn -0.4266 -0.3904 -0.8158
vn -0.7381 -0.2227 -0.6369
vn -0.2224 -0.2489 -0.9426
vn -0.3780 -0.2239 -0.8983
vn -0.6508 -0.1748 -0.7389
vn -0.8130 0.0211 -0.5819
vn -0.8543 -0.0995 -0.5101
vn -0.7932 0.0072 -0.6089
vn -0.7756 0.0411 -0.6299
vn -0.9528 -0.0993 -0.2870
vn -0.8755 -0.0446 -0.4811
vn -0.5046 -0.0491 -0.8620
vn -0.8239 -0.0796 -0.5611
vn -0.7102 -0.0910 -0.6981
vn -0.2242 -0.2697 -0.9365
vn -0.0171 -0.2888 -0.9572
vn 0.0758 -0.2822 -0.9563
vn 0.1370 -0.4318 -0.8915
vn 0.1559 -0.8566 -0.4919
vn -0.1694 -0.8194 -0.5476
vn 0.2192 -0.8748 -0.4320
vn 0.1900 -0.5539 -0.8106
vn 0.2551 -0.7651 -0.5912
vn 0.0968 -0.7745 -0.6251
vn 0.0781 -0.8975 -0.4340
vn 0.1927 -0.9131 -0.3593
vn 0.2418 -0.9275 -0.2849
vn -0.0802 -0.9537 -0.2899
vn 0.1505 -0.9456 -0.2885
vn -0.2720 -0.7761 -0.5690
vn 0.3435 -0.8770 -0.3359
vn 0.2138 -0.9516 -0.2209
vn 0.0326 -0.9995 -0.0058
vn 0.1831 -0.9658 0.1834
vn 0.1587 -0.9714 0.1764
vn 0.2921 -0.8896 -0.3512
vn 0.3315 -0.8767 -0.3486
vn 0.1296 -0.8935 -0.4299
vn -0.0680 -0.4087 -0.9101
vn 0.0772 -0.9262 -0.3690
vn -0.7141 -0.1975 -0.6716
vn -0.3940 -0.1431 -0.9079
vn -0.2613 -0.2455 -0.9335
vn -0.8080 0.0327 -0.5883
vn -0.9013 0.1212 -0.4160
vn -0.8123 0.1010 -0.5745
vn -0.6830 -0.0413 -0.7292
vn -0.7802 -0.0469 -0.6238
vn -0.0820 -0.3328 -0.9394
vn -0.0368 -0.3635 -0.9309
vn -0.3376 -0.2596 -0.9048
vn -0.0415 -0.2892 -0.9564
vn -0.1979 -0.2324 -0.9523
vn -0.5342 0.0293 -0.8449
vn -0.1764 -0.1322 -0.9754
vn -0.2855 -0.2638 -0.9213
vn -0.1108 0.0366 -0.9932
vn 0.0149 0.2425 -0.9700
vn -0.0873 0.3017 -0.9494
vn 0.0856 0.2059 -0.9748
vn -0.3801 0.1398 -0.9143
vn 0.0154 0.3024 -0.9531
vn -0.1120 -0.1890 -0.9756
vn -0.1110 -0.2964 -0.9486
vn -0.1654 -0.3659 -0.9158
vn -0.1355 -0.3678 -0.9200
vn 0.1764 -0.7033 -0.6887
vn 0.1582 -0.4897 -0.8574
vn 0.1020 -0.3892 -0.9155
vn 0.1046 -0.5055 -0.8564
vn 0.0906 -0.5458 -0.8330
vn -0.1695 -0.4097 -0.8963
vn -0.1312 -0.4349 -0.8909
vn -0.1266 -0.2812 -0.9513
vn -0.1466 -0.2356 -0.9607
vn -0.1149 -0.2898 -0.9502
vn -0.1554 -0.2672 -0.9510
vn -0.0135 -0.2858 -0.9582
vn 0.1465 -0.3837 -0.9118
vn 0.0493 -0.1561 -0.9865
vn -0.1526 -0.2605 -0.9533
vn 0.1400 -0.2795 -0.9499
vn -0.0681 -0.4192 -0.9053
vn 0.1946 -0.2847 -0.9387
vn 0.6524 -0.3391 -0.6778
vn 0.1978 -0.1487 -0.9689
vn 0.1828 -0.3906 -0.9022
vn 0.2251 -0.4046 -0.8864
vn 0.1410 -0.4069 -0.9025
vn 0.2130 -0.3632 -0.9070
vn 0.1351 -0.4162 -0.8992
vn 0.1619 -0.3807 -0.9104
vn 0.0844 -0.4410 -0.8935
vn 0.1632 -0.5951 -0.7869
vn 0.3155 -0.7411 -0.5927
vn 0.1268 -0.9353 -0.3302
vn 0.0168 -0.8989 -0.4378
vn 0.0489 -0.9426 -0.3304
vn 0.1433 -0.9096 -0.3899
vn 0.1194 -0.9213 -0.3701
vn 0.3069 -0.8794 -0.3640
vn 0.1511 -0.9459 -0.2870
vn 0.2155 -0.9505 -0.2239
vn 0.0478 -0.9760 -0.2126
vn 0.3051 -0.8895 -0.3401
vn 0.1773 -0.9808 -0.0806
vn -0.0053 -1.0000 0.0023
vn 0.1359 -0.9258 -0.3528
vn 0.1871 -0.9584 -0.2156
vn 0.4335 -0.8813 -0.1882
vn 0.2204 -0.9351 0.2776
vn 0.2735 -0.9597 0.0652
vn 0.1561 -0.9727 0.1715
vn 0.1474 -0.9877 0.0517
vn 0.3230 -0.8882 -0.3267
vn 0.1404 -0.9379 -0.3172
vn 0.0915 -0.9734 -0.2099
vn 0.2195 -0.3636 -0.9053
vn 0.1622 -0.6703 -0.7242
vn 0.2550 -0.7704 -0.5843
vn 0.2135 -0.7785 -0.5903
vn 0.1492 -0.9534 -0.2622
vn 0.1271 -0.7924 -0.5966
vn 0.1630 -0.4548 -0.8756
vn 0.1387 -0.3697 -0.9187
vn 0.2858 -0.3987 -0.8714
vn 0.3306 -0.2357 -0.9139
vn 0.1572 -0.2682 -0.9504
vn 0.1374 -0.0771 -0.9875
vn 0.2087 -0.0227 -0.9777
vn 0.0416 0.1091 -0.9932
vn -0.0201 -0.0352 -0.9992
vn -0.1645 -0.2825 -0.9451
vn -0.2214 -0.1959 -0.9553
vn 0.0207 -0.2741 -0.9615
vn 0.2929 0.1237 -0.9481
vn 0.1129 0.3695 -0.9224
vn -0.0687 0.3350 -0.9397
vn 0.2224 0.4047 -0.8870
vn -0.0397 0.4062 -0.9129
vn -0.0893 0.2604 -0.9614
vn -0.0937 0.2273 -0.9693
vn 0.0007 0.1338 -0.9910
vn 0.0652 0.2857 -0.9561
vn 0.0843 0.3697 -0.9253
vn -0.3212 0.2808 -0.9044
vn 0.0439 0.6685 -0.7424
vn -0.9088 0.0811 -0.4092
vn -0.7822 0.2509 -0.5703
vn -0.7573 0.5409 -0.3659
vn -0.9059 0.1977 -0.3745
vn -0.8897 0.1333 -0.4366
vn -0.9018 0.1284 -0.4126
vn -0.8865 -0.1136 -0.4486
vn -0.8829 -0.0311 -0.4686
vn -0.8092 -0.1747 -0.5610
vn -0.9015 -0.0476 -0.4301
vn -0.8249 -0.0778 -0.5600
vn -0.8202 -0.0665 -0.5682
vn -0.8218 -0.0968 -0.5616
vn -0.8993 0.0895 -0.4280
vn -0.9789 0.0555 -0.1968
vn -0.9127 0.1314 -0.3870
vn -0.9568 0.0655 -0.2833
vn -0.9955 -0.0142 -0.0941
vn -0.9089 -0.1372 -0.3938
vn -0.8309 -0.3734 -0.4125
vn -0.5779 -0.6131 -0.5387
vn -0.5903 -0.6773 -0.4390
vn -0.6752 -0.6659 -0.3174
vn -0.9759 -0.1264 -0.1777
vn -0.9333 -0.2533 -0.2544
vn -0.0924 -0.9394 -0.3300
vn -0.4822 -0.8580 -0.1772
vn -0.2226 -0.9689 -0.1085
vn 0.3339 -0.9309 -0.1483
vn 0.2598 -0.9331 0.2487
vn 0.5617 -0.8238 0.0760
vn 0.2009 -0.9422 0.2680
vn -0.3264 -0.9437 0.0543
vn -0.7638 -0.5851 -0.2723
vn -0.8246 -0.4169 -0.3823
vn -0.6726 -0.7338 0.0954
vn -0.2294 -0.8982 0.3750
vn -0.1268 -0.8844 0.4492
vn -0.8839 -0.4645 -0.0544
vn -0.9094 -0.2481 -0.3337
vn -0.8095 -0.1177 -0.5752
vn -0.9882 0.0631 -0.1394
vn -0.8504 0.2210 -0.4774
vn -0.9607 0.0958 -0.2604
vn -0.8480 0.0813 -0.5237
vn -0.8928 0.2929 -0.3424
vn -0.5271 -0.8211 0.2191
vn -0.8246 0.3601 -0.4363
vn -0.8736 0.1241 -0.4705
vn -0.7455 0.0761 -0.6621
vn -0.9966 0.0394 -0.0718
vn -0.9829 -0.0653 -0.1724
vn -0.9008 0.1090 -0.4204
vn -0.8742 0.4240 -0.2367
vn -0.8112 0.5765 -0.0979
vn -0.8980 0.1872 -0.3982
vn -0.7824 0.5715 -0.2475
vn -0.8804 0.2222 -0.4190
vn -0.8207 0.5496 -0.1562
vn -0.6444 0.7639 0.0334
vn -0.6851 0.7178 0.1242
vn -0.4861 0.8658 0.1188
vn -0.2708 0.6557 -0.7048
vn -0.3290 0.9068 -0.2636
vn 0.0014 0.9908 -0.1356
vn 0.2143 0.8450 -0.4900
vn 0.2432 0.6261 -0.7408
vn -0.1459 0.9776 -0.1515
vn -0.0457 0.9766 -0.2102
vn -0.3380 0.9341 0.1147
vn -0.5372 0.8370 0.1040
vn -0.6026 0.7957 -0.0609
vn -0.2082 0.9755 0.0714
vn -0.5664 0.8191 0.0910
vn -0.5069 0.8529 0.1253
vn -0.4252 0.9018 0.0765
vn -0.4769 0.8603 0.1802
vn -0.6627 0.7484 0.0251
vn -0.8151 0.2393 -0.5276
vn -0.8965 0.1826 -0.4037
vn -0.9820 0.0297 -0.1866
vn -0.7746 -0.1317 -0.6187
vn -0.8665 -0.1320 -0.4814
vn -0.8093 -0.1415 -0.5702
vn -0.9417 0.1887 -0.2786
vn -0.8055 0.1858 -0.5627
vn -0.9955 -0.0872 0.0371
vn -0.8069 -0.5310 0.2586
vn -0.3979 -0.9131 0.0889
vn -0.9948 0.0887 -0.0496
vn -0.9639 -0.1170 -0.2390
vn -0.9975 -0.0489 -0.0505
vn -0.9473 0.2998 -0.1125
vn -0.8414 0.3400 -0.4201
vn -0.8587 0.5014 -0.1060
vn -0.7382 -0.6685 0.0905
vn -0.2795 -0.9352 0.2174
vn -0.2832 -0.8044 0.5223
vn 0.3896 -0.8202 0.4190
vn 0.1273 -0.8899 0.4380
vn 0.1903 -0.9273 0.3223
vn 0.1465 -0.9588 0.2434
vn 0.2841 -0.8545 0.4349
vn -0.7916 -0.3859 0.4738
vn -0.9551 -0.1255 0.2686
vn -0.9946 -0.0420 0.0952
vn -0.9879 0.0775 -0.1340
vn -0.9367 0.0764 -0.3416
vn -0.8679 0.4341 -0.2416
vn -0.8249 0.2031 0.5275
vn -0.9047 0.3774 0.1974
vn -0.9800 -0.0981 -0.1731
vn -0.8779 -0.1397 0.4579
vn -0.8794 -0.0982 0.4659
vn -0.2978 -0.5956 0.7460
vn -0.5133 -0.2950 0.8059
vn -0.2910 -0.3714 0.8817
vn -0.0675 -0.5114 0.8567
vn -0.4829 -0.2262 0.8460
vn 0.0740 -0.8405 0.5368
vn 0.1384 -0.7876 0.6004
vn 0.1967 -0.9015 0.3854
vn 0.0942 -0.9762 0.1953
vn 0.2982 -0.9130 0.2784
vn -0.0558 -0.9722 0.2273
vn 0.1623 -0.9748 0.1530
vn 0.0523 -0.9126 0.4056
vn 0.0263 -0.9223 0.3856
vn 0.0155 -0.6531 0.7571
vn -0.1669 -0.3074 0.9368
vn -0.8510 -0.0383 0.5237
vn -0.9812 -0.0780 0.1767
vn -0.7658 0.1136 0.6330
vn -0.6924 0.0139 0.7214
vn -0.5372 -0.1403 0.8317
vn -0.2021 -0.2745 0.9401
vn -0.1034 -0.3803 0.9191
vn 0.0704 -0.8441 0.5315
vn -0.1132 -0.4850 0.8671
vn -0.0921 -0.8066 0.5839
vn -0.0700 -0.9362 0.3444
vn -0.1269 -0.3147 0.9407
vn -0.2263 -0.2899 0.9299
vn -0.2782 -0.1130 0.9538
vn -0.0159 -0.1191 0.9928
vn -0.2082 -0.3157 0.9257
vn -0.0410 -0.6828 0.7295
vn -0.1466 -0.8888 0.4341
vn -0.0649 -0.9524 0.2980
vn 0.0242 -0.7059 0.7079
vn -0.0990 -0.8364 0.5391
vn 0.0534 -0.8492 0.5253
vn -0.1538 -0.5735 0.8047
vn -0.2612 -0.3091 0.9144
vn -0.3854 -0.2621 0.8848
vn -0.2085 -0.4653 0.8602
vn -0.0437 -0.6581 0.7517
vn -0.2071 -0.6967 0.6868
vn -0.1368 -0.6824 0.7180
vn -0.0833 -0.6173 0.7823
vn -0.5242 -0.0950 0.8463
vn -0.2094 0.0273 0.9774
vn -0.4898 0.1056 0.8654
vn -0.2303 0.1575 0.9603
vn -0.0487 0.0607 0.9970
vn -0.2065 0.2209 0.9532
vn -0.6744 0.0229 0.7381
vn -0.6507 0.0722 0.7559
vn -0.7799 0.1573 0.6058
vn -0.9266 0.1196 0.3564
vn -0.6349 0.1955 0.7474
vn -0.5814 0.1573 0.7982
vn -0.6462 0.2850 0.7080
vn -0.4731 0.2211 0.8528
vn -0.0930 0.2928 0.9516
vn -0.0449 0.1904 0.9807
vn -0.1760 0.2894 0.9409
vn -0.1826 0.2283 0.9563
vn -0.6113 0.4704 0.6364
vn -0.7808 0.5676 0.2611
vn -0.8552 0.5165 0.0426
vn -0.9920 0.1174 -0.0467
vn -0.9277 0.3731 -0.0132
vn -0.3695 0.9244 0.0948
vn -0.5685 0.8090 0.1493
vn -0.6324 0.7625 0.1369
vn -0.4940 0.8616 0.1169
vn -0.1664 0.9844 -0.0573
vn -0.2439 0.9668 -0.0756
vn -0.2150 0.9539 -0.2092
vn -0.1455 0.9597 -0.2404
vn -0.2915 0.9552 -0.0504
vn -0.2383 0.9674 -0.0853
vn -0.4879 0.8607 -0.1458
vn -0.4183 0.8980 -0.1363
vn -0.3637 0.9180 -0.1578
vn -0.5581 0.7917 -0.2487
vn -0.4066 0.9043 -0.1298
vn -0.2082 0.9057 -0.3693
vn -0.1664 0.8855 -0.4339
vn -0.1096 0.8962 -0.4299
vn -0.0217 0.8029 -0.5958
vn -0.3966 0.8389 -0.3728
vn 0.2205 0.2056 -0.9535
vn 0.1072 0.3631 -0.9255
vn 0.2924 -0.2452 -0.9243
vn 0.4230 -0.3048 -0.8533
vn 0.2632 -0.3015 -0.9164
vn 0.3118 -0.2084 -0.9270
vn 0.2792 -0.1691 -0.9452
vn 0.1451 0.2737 -0.9508
vn 0.0754 0.2189 -0.9728
vn 0.2030 0.0611 -0.9773
vn 0.1256 0.5246 -0.8420
vn 0.1927 0.6557 -0.7300
vn 0.0902 0.5172 -0.8511
vn 0.1519 0.3862 -0.9098
vn 0.1470 0.4526 -0.8795
vn 0.2494 0.1415 -0.9580
vn 0.1277 0.3273 -0.9362
vn 0.0885 0.6206 -0.7791
vn 0.0860 0.5862 -0.8056
vn 0.0936 0.7492 -0.6557
vn 0.1548 0.8731 -0.4624
vn -0.0970 0.7505 -0.6537
vn 0.0195 0.6409 -0.7673
vn 0.0810 0.4190 -0.9044
vn 0.3254 -0.0849 -0.9418
vn 0.0842 0.4770 -0.8749
vn 0.0277 0.3508 -0.9360
vn 0.2595 0.3299 -0.9077
vn 0.2920 -0.1774 -0.9398
vn 0.3000 -0.2179 -0.9287
vn 0.3780 -0.3672 -0.8499
vn 0.2430 -0.3202 -0.9156
vn 0.2350 -0.7346 -0.6364
vn 0.3145 -0.6535 -0.6884
vn 0.2335 -0.5477 -0.8034
vn 0.3169 -0.3372 -0.8865
vn 0.3400 -0.2810 -0.8975
vn 0.4042 -0.3291 -0.8534
vn 0.2731 -0.2247 -0.9354
vn 0.2510 -0.2273 -0.9409
vn 0.2776 -0.4092 -0.8692
vn 0.2994 -0.4935 -0.8166
vn -0.0685 -0.5685 -0.8198
vn -0.1014 -0.7146 -0.6921
vn 0.1889 -0.5412 -0.8194
vn 0.5953 -0.2401 -0.7668
vn 0.4852 -0.2754 -0.8299
vn 0.3379 -0.1982 -0.9201
vn 0.3705 -0.1529 -0.9162
vn 0.5001 -0.0584 -0.8640
vn 0.4790 -0.1890 -0.8572
vn 0.3620 -0.1408 -0.9215
vn -0.4281 -0.3875 -0.8164
vn -0.3164 -0.5851 -0.7467
vn -0.4322 -0.5381 -0.7236
vn -0.1541 -0.7462 -0.6477
vn -0.0274 -0.9281 -0.3714
vn -0.0189 -0.9891 -0.1461
vn -0.2217 -0.9654 -0.1372
vn 0.2307 -0.8764 -0.4228
vn 0.0579 -0.9318 -0.3584
vn -0.0718 -0.9385 -0.3376
vn -0.1290 -0.9038 -0.4080
vn -0.0698 -0.8336 -0.5479
vn -0.2952 -0.7223 -0.6254
vn -0.0643 -0.9294 -0.3634
vn -0.0458 -0.9472 -0.3175
vn -0.2854 -0.8294 -0.4803
vn -0.2644 -0.8866 -0.3795
vn -0.4733 -0.6763 -0.5644
vn -0.2401 -0.9662 -0.0942
vn -0.1703 -0.9697 -0.1754
vn -0.3870 -0.8986 -0.2069
vn -0.5528 -0.6359 -0.5386
vn -0.6459 -0.6261 -0.4368
vn -0.6007 -0.5436 -0.5862
vn -0.5226 -0.5230 -0.6733
vn -0.4784 -0.5029 -0.7199
vn -0.5639 -0.3933 -0.7262
vn -0.5372 -0.5207 -0.6636
vn -0.6136 -0.5097 -0.6031
vn -0.6596 -0.5863 -0.4703
vn -0.7931 -0.5944 -0.1325
vn -0.2134 -0.9591 0.1861
vn -0.5924 -0.7538 0.2844
vn -0.8126 -0.5481 0.1984
vn -0.7691 -0.6139 0.1777
vn -0.7677 -0.6046 -0.2123
vn -0.6858 -0.5199 -0.5093
vn -0.5666 -0.5781 -0.5872
vn -0.6599 -0.7094 -0.2476
vn -0.6073 -0.6272 -0.4876
vn -0.7278 -0.6714 0.1399
vn -0.7212 -0.6681 -0.1829
vn -0.5629 -0.4678 -0.6814
vn -0.3323 -0.4317 -0.8386
vn -0.2850 -0.4516 -0.8454
vn 0.0530 -0.3050 -0.9509
vn -0.5147 -0.2692 -0.8140
vn -0.5002 -0.4342 -0.7492
vn -0.4026 -0.2881 -0.8689
vn -0.2833 -0.1515 -0.9470
vn -0.3633 -0.2699 -0.8917
vn -0.4732 -0.4261 -0.7711
vn -0.2910 -0.3874 -0.8748
vn -0.2134 -0.4848 -0.8482
vn 0.0170 -0.4812 -0.8764
vn -0.3644 -0.1888 -0.9119
vn -0.5166 0.0575 -0.8543
vn 0.3053 -0.1098 -0.9459
vn 0.1107 -0.0146 -0.9937
vn -0.3309 0.2437 -0.9117
vn -0.3536 0.0446 -0.9344
vn 0.1252 0.2100 -0.9697
vn 0.5002 -0.1978 -0.8430
vn 0.5592 -0.2555 -0.7886
vn 0.5604 -0.1918 -0.8057
vn 0.4905 -0.2452 -0.8362
vn 0.4725 -0.0440 -0.8802
vn 0.3976 0.0427 -0.9166
vn 0.3038 0.1011 -0.9474
vn 0.0919 0.3783 -0.9211
vn -0.0450 0.5859 -0.8091
vn 0.0488 0.3981 -0.9160
vn -0.0469 0.7410 -0.6698
vn -0.1385 0.6146 -0.7766
vn -0.6597 -0.2296 -0.7156
vn -0.1688 0.5480 -0.8193
vn -0.1618 0.6804 -0.7148
vn -0.1334 0.6915 -0.7100
vn 0.2424 0.2724 -0.9312
vn 0.3265 0.4193 -0.8471
vn -0.0835 0.4752 -0.8759
vn 0.2664 0.2038 -0.9421
vn 0.0205 0.1068 -0.9941
vn 0.6182 -0.2589 -0.7422
vn 0.5068 -0.1247 -0.8530
vn 0.4518 -0.2279 -0.8625
vn 0.6124 -0.2843 -0.7377
vn 0.4767 -0.0478 -0.8778
vn 0.4201 -0.0232 -0.9072
vn 0.1654 0.1987 -0.9660
vn -0.1655 0.3157 -0.9343
vn -0.2951 0.0940 -0.9508
vn -0.2752 -0.1811 -0.9442
vn -0.0719 0.5412 -0.8378
vn -0.1947 -0.3742 -0.9067
vn -0.3663 -0.3063 -0.8787
vn 0.1446 -0.4138 -0.8988
vn 0.1021 -0.5214 -0.8472
vn -0.1286 -0.3365 -0.9329
vn 0.0801 -0.5410 -0.8372
vn 0.1085 -0.2909 -0.9506
vn 0.1271 -0.4757 -0.8704
vn 0.2051 -0.4229 -0.8827
vn 0.0046 -0.5127 -0.8586
vn 0.1971 -0.0532 -0.9789
vn 0.4214 -0.1621 -0.8923
vn -0.1791 0.0659 -0.9816
vn 0.2502 0.2844 -0.9255
vn 0.4353 0.2607 -0.8617
vn 0.4936 -0.0547 -0.8679
vn 0.7142 0.0478 -0.6983
vn 0.4628 -0.1947 -0.8648
vn 0.4474 -0.1091 -0.8876
vn 0.0306 0.3606 -0.9322
vn 0.6790 0.0354 -0.7333
vn 0.5650 0.2612 -0.7827
vn 0.4369 0.5811 -0.6867
vn 0.1932 0.5691 -0.7993
vn 0.5760 0.4396 -0.6892
vn 0.6550 0.1343 -0.7436
vn 0.0802 0.4814 -0.8728
vn 0.1354 0.6335 -0.7618
vn 0.5996 -0.2038 -0.7739
vn 0.5183 -0.4062 -0.7526
vn 0.6508 -0.3578 -0.6697
vn 0.3807 -0.3532 -0.8546
vn 0.4423 -0.4105 -0.7974
vn 0.4074 -0.2525 -0.8776
vn 0.2972 -0.0973 -0.9498
vn 0.3412 -0.1743 -0.9237
vn 0.2827 -0.0087 -0.9592
vn 0.2368 0.0758 -0.9686
vn 0.1478 0.2900 -0.9456
vn -0.0141 0.3360 -0.9418
vn -0.1082 0.5985 -0.7938
vn -0.2085 0.7800 -0.5900
vn -0.1599 0.8671 -0.4717
vn -0.2882 0.9168 -0.2765
vn -0.1820 0.9496 -0.2551
vn -0.2797 0.9337 -0.2237
vn -0.3206 0.9011 -0.2920
vn -0.2392 0.8661 -0.4390
vn -0.4930 0.8638 -0.1040
vn -0.3837 0.9107 -0.1529
vn -0.3030 0.9502 -0.0730
vn -0.3671 0.9297 -0.0296
vn -0.3659 0.9251 0.1014
vn -0.4388 0.8868 0.1449
vn -0.4536 0.8813 0.1324
vn -0.3656 0.9149 0.1713
vn -0.3604 0.9097 0.2064
vn -0.3798 0.9160 0.1296
vn -0.4568 0.8839 0.1007
vn -0.4385 0.8861 0.1501
vn -0.5062 0.8170 0.2762
vn -0.4329 0.8659 0.2505
vn -0.3089 0.9303 0.1977
vn -0.5525 0.8203 0.1479
vn -0.3772 0.9116 0.1635
vn -0.3597 0.9230 0.1366
vn -0.6144 0.7799 0.1192
vn -0.6532 0.7054 0.2751
vn -0.5316 0.6895 0.4919
vn -0.4243 0.5171 0.7434
vn -0.2033 0.3885 0.8987
vn -0.3236 0.8899 0.3215
vn -0.3603 0.9284 0.0912
vn -0.4055 0.8899 0.2089
vn -0.4065 0.7763 0.4818
vn -0.5938 0.7646 0.2504
vn -0.4966 0.8556 0.1461
vn -0.4290 0.8941 0.1287
vn -0.3726 0.7702 0.5177
vn -0.1378 0.2178 0.9662
vn -0.1322 0.6688 0.7316
vn -0.1428 0.2696 0.9523
vn -0.2042 0.2052 0.9572
vn -0.1854 0.1833 0.9654
vn -0.2588 0.2667 0.9284
vn -0.1743 0.3432 0.9229
vn -0.2340 0.3367 0.9121
vn -0.1988 0.3688 0.9080
vn -0.2723 0.1940 0.9425
vn -0.3046 0.2489 0.9194
vn -0.2975 0.2205 0.9289
vn -0.3014 0.2249 0.9266
vn -0.2774 0.3738 0.8851
vn -0.3475 0.3965 0.8497
vn -0.3974 0.6430 0.6547
vn -0.2585 0.5827 0.7705
vn -0.3043 0.6601 0.6867
vn -0.2037 0.3510 0.9139
vn -0.3377 0.5751 0.7451
vn -0.2445 0.7769 0.5802
vn -0.1445 0.2465 0.9583
vn -0.2103 0.2599 0.9425
vn -0.2154 0.5284 0.8212
vn -0.2313 0.3585 0.9044
vn -0.3335 0.6506 0.6823
vn -0.2817 0.3863 0.8783
vn -0.5706 0.7764 0.2676
vn -0.2732 0.9447 0.1812
vn -0.3542 0.7367 0.5761
vn -0.3512 0.8200 0.4520
vn -0.3618 0.8992 0.2461
vn -0.4546 0.6280 0.6317
vn -0.3826 0.6767 0.6291
vn -0.4817 0.7904 0.3784
vn -0.4084 0.8490 0.3352
vn -0.3982 0.9084 -0.1273
vn -0.3900 0.9149 0.1039
vn -0.4190 0.9011 0.1118
vn -0.3990 0.9123 0.0923
vn -0.4281 0.8744 0.2286
vn -0.4423 0.7066 0.5524
vn -0.4394 0.8318 0.3391
vn -0.3005 0.4886 0.8191
vn -0.2948 0.3739 0.8794
vn -0.3142 0.3116 0.8968
vn -0.2922 0.2685 0.9179
vn -0.3242 0.1637 0.9317
vn -0.3317 0.1808 0.9259
vn -0.3814 0.2639 0.8859
vn -0.4086 -0.0927 0.9080
vn -0.2985 -0.1503 0.9425
vn -0.1853 -0.3750 0.9083
vn -0.3593 -0.0776 0.9300
vn -0.1876 -0.6470 0.7390
vn -0.1008 -0.6572 0.7469
vn -0.2614 -0.4603 0.8484
vn -0.2614 0.0499 0.9639
vn -0.3734 0.1655 0.9128
vn -0.2755 0.0656 0.9590
vn -0.3157 -0.1540 0.9363
vn -0.2928 -0.3017 0.9073
vn -0.0966 -0.6557 0.7488
vn -0.2247 -0.4965 0.8385
vn -0.4452 -0.4530 0.7724
vn -0.6582 -0.3353 0.6740
vn -0.4119 -0.6196 0.6681
vn -0.3992 -0.5827 0.7079
vn -0.5872 -0.0591 0.8073
vn -0.2004 -0.0330 0.9792
vn -0.4693 0.1761 0.8653
vn -0.2818 0.2262 0.9324
vn -0.4327 0.2722 0.8595
vn -0.4485 0.3318 0.8299
vn -0.4635 0.2010 0.8630
vn -0.5242 0.3366 0.7822
vn -0.4142 0.0808 0.9066
vn -0.4802 0.0895 0.8726
vn -0.4293 0.1724 0.8866
vn -0.6113 -0.0114 0.7913
vn -0.5005 -0.2785 0.8197
vn -0.6315 -0.4079 0.6593
vn -0.4822 -0.5951 0.6429
vn -0.7934 -0.0584 0.6060
vn -0.9513 -0.0085 0.3081
vn -0.5210 -0.4796 0.7061
vn -0.6747 0.0865 0.7330
vn -0.7635 0.1667 0.6240
vn -0.8662 -0.0217 0.4992
vn -0.6387 -0.4670 0.6115
vn -0.7767 -0.0694 0.6260
vn -0.7680 0.1821 0.6141
vn -0.6363 -0.0239 0.7711
vn -0.5316 0.2058 0.8216
vn -0.6145 0.1719 0.7699
vn -0.5665 -0.1468 0.8109
vn -0.5384 0.1544 0.8284
vn -0.4888 0.0697 0.8696
vn -0.4932 0.2362 0.8372
vn -0.6446 -0.5052 0.5738
vn -0.4495 -0.6814 0.5776
vn -0.6202 -0.0222 0.7841
vn -0.9451 -0.2717 0.1818
vn -0.4707 -0.7500 0.4647
vn -0.6377 -0.5987 0.4847
vn -0.7905 -0.2064 0.5767
vn -0.5104 -0.6282 0.5873
vn -0.3937 -0.8274 0.4005
vn -0.5231 -0.7949 0.3074
vn -0.2730 -0.8151 0.5110
vn -0.3021 -0.8639 0.4030
vn -0.4948 -0.5012 0.7099
vn -0.1879 -0.8154 0.5475
vn -0.3135 -0.6406 0.7009
vn -0.4276 -0.6319 0.6465
vn -0.5615 -0.1709 0.8096
vn -0.5080 -0.3556 0.7846
vn -0.0098 -0.5782 0.8159
vn 0.1611 -0.4585 0.8740
vn 0.1268 -0.2772 0.9524
vn 0.0296 -0.0958 0.9950
vn -0.2379 -0.2105 0.9482
vn -0.5676 0.0418 0.8223
vn -0.5831 -0.2714 0.7658
vn -0.5719 -0.0293 0.8198
vn -0.5617 0.2110 0.8000
vn -0.7956 0.0435 0.6043
vn -0.7610 -0.2714 0.5893
vn -0.8301 0.1186 0.5449
vn -0.7361 0.0288 0.6762
vn -0.8091 -0.0439 0.5860
vn -0.7108 0.2344 0.6632
vn -0.4952 0.2613 0.8285
vn -0.7341 0.3098 0.6043
vn -0.5531 0.2917 0.7804
vn -0.5593 0.2747 0.7821
vn -0.5452 0.2795 0.7903
vn -0.4930 0.2840 0.8224
vn -0.3894 0.3100 0.8673
vn -0.3630 0.4500 0.8159
vn -0.3068 0.3437 0.8876
vn -0.3005 0.4419 0.8452
vn -0.2847 0.5252 0.8020
vn -0.3948 0.3195 0.8614
vn -0.4915 0.3141 0.8123
vn -0.4089 0.3581 0.8394
vn -0.5005 0.4008 0.7673
vn -0.5808 0.3038 0.7552
vn -0.5358 0.4004 0.7434
vn -0.5070 0.2806 0.8150
vn -0.4744 0.3136 0.8225
vn -0.2563 0.3306 0.9083
vn -0.4032 0.3152 0.8591
vn -0.5384 0.2898 0.7913
vn -0.7915 0.2733 0.5466
vn -0.7678 0.2260 0.5995
vn -0.7442 0.2771 0.6078
vn -0.8232 0.3033 0.4799
vn -0.7837 0.2420 0.5720
vn -0.7438 0.1708 0.6463
vn -0.8171 0.3557 0.4538
vn -0.7015 0.5054 0.5025
vn -0.6229 0.4657 0.6286
vn -0.4706 0.3736 0.7994
vn -0.3206 0.4154 0.8513
vn -0.4549 0.3266 0.8285
vn -0.2976 0.4554 0.8391
vn -0.3957 0.4455 0.8031
vn -0.4779 0.6304 0.6118
vn -0.3944 0.8945 0.2105
vn -0.4634 0.8505 0.2487
vn -0.4460 0.8648 0.2306
vn -0.4283 0.8817 0.1979
vn -0.3806 0.9247 0.0088
vn -0.3720 0.9121 -0.1722
vn -0.2430 0.8530 -0.4619
vn -0.2376 0.8657 -0.4405
vn -0.3126 0.9065 -0.2837
vn -0.2736 0.8701 -0.4100
vn -0.2283 0.8411 -0.4903
vn -0.1336 0.8494 -0.5105
vn -0.2317 0.7801 -0.5812
vn -0.2582 0.8314 -0.4920
vn -0.7404 -0.1362 -0.6583
vn -0.1639 0.8413 -0.5151
vn -0.3944 0.9133 -0.1015
vn -0.5999 0.7784 -0.1849
vn -0.3760 0.9123 -0.1625
vn -0.4792 0.8777 -0.0082
vn -0.4098 0.9089 0.0769
vn -0.5773 0.7961 -0.1816
vn -0.2191 0.8257 -0.5198
vn -0.5617 0.8183 0.1219
vn -0.6174 0.7656 0.1809
vn -0.5659 0.8095 0.1561
vn -0.5294 0.8191 0.2208
vn -0.4164 0.8881 0.1945
vn -0.5312 0.8115 0.2436
vn -0.4607 0.8511 0.2516
vn -0.4118 0.7894 0.4553
vn -0.4723 0.5115 0.7178
vn -0.4254 0.4069 0.8084
vn -0.4078 0.4531 0.7927
vn -0.4089 0.6170 0.6724
vn -0.3945 0.6686 0.6304
vn -0.3544 0.7990 0.4858
vn -0.5175 0.7174 0.4664
vn -0.6230 0.7220 0.3010
vn -0.5196 0.8370 0.1715
vn -0.3225 0.9448 -0.0582
vn -0.2096 0.9425 -0.2604
vn -0.1655 0.8375 -0.5208
vn -0.0388 0.7201 -0.6928
vn -0.0673 0.5964 -0.7998
vn 0.2319 0.1050 -0.9670
vn -0.2508 0.3950 -0.8838
vn -0.1978 0.5858 -0.7860
vn -0.1480 0.6885 -0.7099
vn -0.1224 0.8536 -0.5063
vn -0.0658 0.7472 -0.6613
vn -0.1391 0.9021 -0.4084
vn -0.0824 0.8534 -0.5147
vn -0.1603 0.7960 -0.5837
vn -0.2209 0.8442 -0.4885
vn -0.4277 0.8278 -0.3630
vn -0.1296 0.8706 -0.4746
vn -0.2138 0.7191 -0.6612
vn -0.0854 0.8546 -0.5121
vn -0.1240 0.9044 -0.4084
vn -0.0847 0.9095 -0.4069
vn -0.1542 0.9315 -0.3295
vn -0.3337 0.9408 -0.0589
vn -0.3804 0.9202 0.0920
vn -0.5496 0.8204 0.1577
vn -0.6103 0.7840 0.1134
vn -0.5661 0.8206 -0.0785
vn -0.3732 0.9166 -0.1435
vn -0.2599 0.8460 -0.4655
vn -0.2217 0.3336 -0.9163
vn -0.0410 0.1263 -0.9911
vn 0.6306 -0.4021 -0.6639
vn 0.2646 0.3647 -0.8927
vn 0.3727 0.5427 -0.7527
vn 0.4431 -0.0119 -0.8964
vn 0.5865 0.3327 -0.7384
vn 0.5979 -0.1379 -0.7896
vn 0.5720 -0.4030 -0.7144
vn 0.4888 -0.4536 -0.7452
vn 0.3152 -0.5343 -0.7844
vn 0.3335 -0.2913 -0.8966
vn 0.2735 -0.2189 -0.9366
vn 0.2091 0.0464 -0.9768
vn 0.2985 -0.0834 -0.9508
vn 0.3410 -0.2267 -0.9123
vn 0.4352 -0.0737 -0.8973
vn 0.4147 -0.5983 -0.6856
vn 0.4104 -0.6692 -0.6194
vn 0.4812 -0.4460 -0.7546
vn 0.3383 -0.3850 -0.8587
vn 0.6847 -0.0283 -0.7283
vn 0.7401 0.1081 -0.6637
vn 0.6322 0.4498 -0.6308
vn 0.5467 0.6197 -0.5631
vn 0.6347 0.4472 -0.6302
vn 0.5465 0.6754 -0.4952
vn 0.6857 0.1474 -0.7128
vn 0.6684 0.1184 -0.7344
vn 0.7486 0.1042 -0.6548
vn -0.2182 -0.4586 -0.8614
vn -0.2748 -0.4585 -0.8451
vn -0.1080 -0.4899 -0.8651
vn -0.0609 -0.3820 -0.9221
vn -0.3090 -0.3459 -0.8859
vn -0.4824 -0.4369 -0.7593
vn -0.4901 -0.4191 -0.7643
vn -0.1968 -0.6861 -0.7004
vn -0.1593 -0.7070 -0.6891
vn -0.2258 -0.5110 -0.8294
vn -0.2939 -0.7763 -0.5577
vn -0.2720 -0.7998 -0.5351
vn -0.0805 -0.8974 -0.4338
vn -0.0810 -0.6419 -0.7625
vn -0.0996 -0.7230 -0.6836
vn -0.1239 -0.8449 -0.5204
vn -0.2246 -0.8270 -0.5153
vn -0.3321 -0.8093 -0.4844
vn -0.4174 -0.7304 -0.5406
vn -0.4262 -0.8510 -0.3067
vn -0.2536 -0.9184 -0.3036
vn -0.0557 -0.9651 -0.2561
vn -0.2173 -0.9628 -0.1604
vn -0.2342 -0.9099 -0.3423
vn -0.6045 -0.6074 -0.5154
vn -0.7203 -0.4475 -0.5299
vn -0.7370 -0.2328 -0.6345
vn -0.5220 -0.2821 -0.8050
vn -0.5761 -0.2966 -0.7616
vn -0.5225 -0.2640 -0.8107
vn -0.6124 -0.3259 -0.7203
vn -0.2760 -0.2375 -0.9314
vn -0.3578 -0.5948 -0.7199
vn -0.4689 -0.2413 -0.8496
vn -0.5825 -0.4064 -0.7040
vn -0.5769 -0.4551 -0.6783
vn -0.5525 -0.4561 -0.6976
vn -0.6435 -0.4792 -0.5969
vn -0.7776 -0.6276 0.0389
vn -0.8678 -0.4896 0.0848
vn -0.6907 -0.7026 0.1712
vn -0.8663 -0.4592 0.1964
vn -0.8310 -0.4667 0.3026
vn -0.5006 -0.7243 0.4742
vn -0.7879 -0.4565 0.4132
vn -0.6780 -0.6391 0.3631
vn -0.8940 -0.4121 0.1758
vn -0.8527 -0.4840 0.1967
vn -0.7987 -0.4947 0.3425
vn -0.6384 -0.7445 0.1954
vn -0.7294 -0.6513 0.2094
vn -0.6929 -0.6835 0.2296
vn -0.7363 -0.6386 0.2235
vn -0.6357 -0.6990 0.3274
vn -0.7837 -0.5995 0.1623
vn -0.5888 -0.6017 0.5397
vn -0.8258 -0.5521 0.1153
vn -0.4006 -0.4194 0.8147
vn -0.5596 -0.6075 0.5636
vn -0.7217 -0.6331 0.2797
vn -0.6391 -0.7376 -0.2180
vn -0.5938 -0.7779 -0.2057
vn -0.6307 -0.5389 -0.5583
vn -0.5321 -0.3589 -0.7669
vn -0.7942 -0.4022 -0.4556
vn -0.7625 -0.3076 -0.5691
vn -0.7892 -0.5992 -0.1345
vn -0.7499 -0.5436 -0.3771
vn -0.7737 -0.5687 -0.2792
vn -0.3402 -0.9237 -0.1761
vn -0.3076 -0.9386 -0.1563
vn -0.1111 -0.8977 -0.4264
vn -0.0510 -0.9393 -0.3393
vn -0.1721 -0.8400 -0.5145
vn -0.1212 -0.8842 -0.4512
vn -0.1116 -0.6676 -0.7361
vn -0.0966 -0.9062 -0.4117
vn -0.0434 -0.6394 -0.7676
vn -0.9079 -0.2417 -0.3424
vn -0.0477 -0.5367 -0.8424
vn -0.0620 -0.9857 -0.1569
vn -0.0853 -0.9592 -0.2696
vn 0.2811 -0.9024 -0.3266
vn 0.1788 -0.9168 -0.3570
vn 0.3180 -0.9190 -0.2331
vn 0.0486 -0.9333 -0.3559
vn -0.0101 -0.9999 -0.0060
vn 0.1647 -0.9555 0.2448
vn 0.3141 -0.9190 0.2383
vn 0.1658 -0.8841 -0.4370
vn -0.0294 -0.2728 -0.9616
vn -0.0030 -0.3195 -0.9476
vn 0.0875 -0.2782 -0.9565
vn 0.0286 -0.3639 -0.9310
vn -0.1451 -0.3261 -0.9341
vn -0.0536 -0.2682 -0.9619
vn -0.1192 -0.2981 -0.9471
vn 0.1851 -0.4311 -0.8831
vn 0.0422 -0.6371 -0.7696
vn 0.4270 -0.6760 -0.6006
vn 0.5189 -0.5028 -0.6913
vn 0.3544 -0.4349 -0.8278
vn 0.1811 -0.3109 -0.9330
vn 0.1878 -0.0819 -0.9788
vn 0.6158 0.0683 -0.7850
vn 0.6789 -0.1555 -0.7176
vn 0.8202 0.0658 -0.5683
vn 0.5371 0.1491 -0.8303
vn 0.6799 0.1394 -0.7199
vn 0.4889 0.1814 -0.8533
vn 0.7085 0.1713 -0.6846
vn 0.3278 -0.0790 -0.9414
vn 0.0438 -0.4495 -0.8922
vn 0.7831 0.1073 -0.6126
vn 0.6772 0.1389 -0.7226
vn 0.6973 0.1515 -0.7006
vn 0.7090 0.2031 -0.6753
vn 0.5104 0.0590 -0.8579
vn 0.4727 0.0265 -0.8808
vn 0.6300 0.0362 -0.7757
vn 0.6146 -0.4790 -0.6267
vn 0.7661 -0.2892 -0.5740
vn 0.7285 -0.1950 -0.6567
vn 0.2446 -0.9648 -0.0965
vn 0.5372 -0.7191 -0.4408
vn 0.3628 -0.9249 -0.1140
vn 0.3481 -0.9374 -0.0065
vn 0.1930 -0.9695 0.1512
vn 0.2456 -0.9690 0.0276
vn 0.2765 -0.9585 0.0703
vn 0.5961 -0.5604 -0.5750
vn 0.5898 0.0872 -0.8028
vn 0.5619 0.1347 -0.8162
vn 0.4883 0.2686 -0.8303
vn 0.6139 0.3504 -0.7074
vn 0.5725 0.3813 -0.7259
vn 0.5734 0.5486 -0.6085
vn 0.5412 0.0619 -0.8386
vn 0.5987 -0.2629 -0.7566
vn 0.7501 -0.4963 -0.4371
vn 0.6393 -0.6323 -0.4376
vn 0.6357 -0.7639 -0.1109
vn 0.2477 -0.9676 0.0489
vn 0.3118 -0.9485 0.0556
vn 0.3069 -0.9503 0.0528
vn -0.2222 -0.9653 -0.1374
vn -0.0777 -0.9893 0.1239
vn -0.5704 -0.8131 -0.1166
vn -0.7937 -0.6023 -0.0853
vn -0.8191 -0.5718 0.0462
vn -0.8264 -0.5620 0.0348
vn -0.7171 -0.6929 0.0757
vn -0.7548 -0.6146 0.2291
vn -0.8278 -0.5403 0.1510
vn -0.8577 -0.5072 0.0850
vn -0.8041 -0.5835 0.1139
vn -0.4901 -0.8662 -0.0971
vn -0.4120 -0.9111 0.0141
vn -0.3699 -0.9202 0.1280
vn -0.6637 -0.6439 0.3806
vn -0.7487 -0.5547 0.3629
vn -0.8568 -0.4849 0.1754
vn -0.7269 -0.5093 0.4607
vn -0.6121 -0.5770 0.5407
vn -0.4246 -0.4427 0.7897
vn -0.3080 -0.3837 0.8706
vn -0.4269 -0.1238 0.8958
vn -0.5291 -0.3681 0.7646
vn -0.4290 -0.3419 0.8361
vn 0.0559 -0.4013 0.9142
vn -0.0894 -0.4031 0.9108
vn -0.5688 -0.5390 0.6213
vn -0.4346 -0.7712 0.4651
vn -0.1741 -0.9382 0.2992
vn -0.0020 -0.9337 0.3579
vn -0.0144 -0.9999 -0.0029
vn -0.2649 -0.9405 0.2129
vn 0.0479 -0.9740 0.2214
vn 0.0471 -0.9362 0.3482
vn 0.1278 -0.9723 0.1954
vn 0.0493 -0.9698 -0.2390
vn 0.2383 -0.9702 0.0431
vn 0.5706 -0.8179 0.0743
vn 0.6738 -0.7204 -0.1644
vn 0.7631 -0.5991 -0.2422
vn 0.5123 -0.8533 -0.0969
vn 0.5299 -0.8478 -0.0221
vn 0.4739 -0.8805 -0.0083
vn 0.6941 -0.4126 -0.5898
vn 0.8291 -0.5006 -0.2490
vn 0.7822 -0.5440 -0.3037
vn 0.9301 -0.3598 -0.0738
vn 0.8955 -0.2963 -0.3321
vn 0.8455 -0.2601 -0.4664
vn 0.8805 -0.4430 -0.1685
vn 0.6008 -0.7955 -0.0789
vn 0.8303 -0.5524 -0.0734
vn 0.5734 -0.8189 -0.0255
vn 0.6305 -0.7725 0.0756
vn 0.9302 -0.3655 -0.0346
vn 0.8567 -0.5158 0.0064
vn 0.9271 -0.3685 0.0688
vn 0.6509 -0.7588 0.0225
vn 0.4210 -0.9069 0.0158
vn 0.2296 -0.9733 -0.0040
vn 0.4511 -0.8924 0.0058
vn 0.2979 -0.9546 -0.0022
vn 0.2934 -0.9552 -0.0389
vn 0.3127 -0.9498 0.0099
vn 0.2730 -0.9618 -0.0200
vn 0.2835 -0.9579 -0.0451
vn -0.1442 -0.9634 0.2259
vn -0.0371 -0.9723 0.2307
vn 0.3260 -0.9454 0.0017
vn 0.3189 -0.9292 -0.1867
vn 0.3588 -0.9311 -0.0658
vn 0.6645 -0.7470 -0.0199
vn 0.5014 -0.8579 -0.1119
vn 0.3693 -0.9278 -0.0532
vn 0.6674 -0.7447 0.0005
vn 0.6197 -0.7832 0.0507
vn 0.6367 -0.7705 -0.0309
vn 0.9211 -0.3774 0.0951
vn 0.9192 -0.3937 0.0067
vn 0.8150 -0.5792 -0.0165
vn 0.8426 -0.5168 -0.1515
vn 0.6352 -0.7556 -0.1602
vn 0.8808 -0.4683 -0.0702
vn 0.5682 -0.7582 -0.3197
vn 0.1758 -0.9779 -0.1127
vn 0.2663 -0.9482 -0.1732
vn 0.2318 -0.9639 -0.1312
vn 0.2572 -0.9156 -0.3091
vn 0.3047 -0.9386 -0.1620
vn 0.2026 -0.9749 -0.0925
vn 0.3496 -0.9150 -0.2015
vn 0.5868 -0.8076 -0.0582
vn 0.3614 -0.9314 -0.0434
vn -0.1590 -0.9525 -0.2597
vn 0.1248 -0.9391 -0.3201
vn 0.1514 -0.9884 0.0065
vn -0.0820 -0.9907 -0.1085
vn -0.2962 -0.6188 0.7276
vn -0.5417 -0.5760 0.6122
vn -0.1430 -0.6354 0.7589
vn 0.0513 -0.8752 0.4810
vn -0.1708 -0.4375 0.8829
vn 0.4220 -0.4423 0.7914
vn 0.0091 -0.7406 0.6719
vn -0.4048 -0.5123 0.7574
vn 0.2000 -0.5120 0.8354
vn -0.4694 -0.3387 0.8155
vn 0.6872 -0.3456 0.6390
vn 0.0381 -0.5217 0.8523
vn -0.1609 -0.4972 0.8526
vn -0.3509 -0.4099 0.8419
vn -0.2490 -0.4820 0.8400
vn -0.1971 -0.4584 0.8666
vn 0.2980 -0.4454 0.8443
vn -0.3950 -0.3162 0.8626
vn -0.3723 0.0499 0.9268
vn -0.4299 0.1289 0.8936
vn -0.4662 0.0911 0.8800
vn -0.4081 -0.1423 0.9018
vn -0.6130 0.0239 0.7897
vn -0.6246 -0.2763 0.7304
vn -0.3603 -0.2969 0.8843
vn -0.1753 -0.4271 0.8870
vn -0.1584 -0.5503 0.8198
vn -0.0893 -0.5330 0.8414
vn -0.1777 -0.5218 0.8344
vn -0.5447 -0.3452 0.7643
vn -0.4789 -0.8729 0.0937
vn -0.0977 -0.9672 -0.2347
vn -0.5653 -0.3422 0.7506
vn -0.8080 -0.4352 0.3972
vn -0.7924 -0.1966 0.5775
vn -0.6676 -0.5698 0.4793
vn -0.7569 -0.1719 0.6305
vn -0.6718 -0.2885 0.6822
vn -0.4183 -0.3855 0.8224
vn -0.6084 -0.4032 0.6836
vn -0.6100 -0.3218 0.7241
vn -0.3066 -0.2824 0.9090
vn -0.1484 -0.6684 0.7289
vn -0.3437 -0.2823 0.8956
vn -0.4758 -0.8754 0.0856
vn 0.0234 -0.9993 -0.0278
vn 0.0641 -0.9217 0.3825
vn 0.2856 -0.9559 -0.0690
vn 0.2572 -0.9521 -0.1657
vn 0.4477 -0.8642 0.2297
vn 0.5378 -0.8185 0.2021
vn 0.0316 -0.5774 0.8158
vn 0.1472 -0.8851 0.4415
vn 0.2819 -0.9511 -0.1266
vn 0.3242 -0.9339 -0.1506
vn 0.5777 -0.8032 -0.1452
vn 0.5201 -0.7746 -0.3599
vn 0.8820 -0.4394 -0.1700
vn 0.9143 -0.3770 0.1480
vn 0.7630 -0.6462 0.0180
vn 0.6490 -0.7470 0.1440
vn 0.5172 -0.7013 0.4906
vn 0.3491 -0.7554 0.5545
vn 0.0378 -0.6044 0.7958
vn -0.2737 -0.2915 0.9166
vn -0.1532 -0.6232 0.7669
vn 0.1128 -0.6178 0.7782
vn -0.3915 -0.4617 0.7960
vn -0.0244 -0.6104 0.7917
vn -0.5570 -0.2187 0.8012
vn -0.5268 -0.1373 0.8388
vn -0.6663 -0.2641 0.6973
vn -0.6827 -0.2906 0.6704
vn -0.4702 -0.3543 0.8083
vn -0.4425 -0.4636 0.7676
vn -0.5391 -0.2706 0.7976
vn -0.1883 -0.5557 0.8098
vn -0.0109 -0.5262 0.8503
vn -0.0348 -0.5413 0.8401
vn -0.2438 -0.4983 0.8320
vn -0.4415 -0.3958 0.8052
vn -0.2817 -0.3017 0.9108
vn 0.0686 -0.3061 0.9495
vn 0.2431 -0.5355 0.8088
vn 0.0836 -0.3450 0.9349
vn 0.2473 -0.3498 0.9036
vn 0.0586 -0.3060 0.9502
vn 0.6425 -0.5957 0.4820
vn 0.4575 -0.4784 0.7496
vn 0.8486 -0.4870 0.2065
vn 0.9233 -0.3816 0.0438
vn 0.8609 -0.4995 0.0971
vn 0.9194 -0.3629 0.1515
vn 0.9513 -0.3060 -0.0384
vn 0.9375 -0.3279 0.1167
vn 0.9364 -0.3358 0.1017
vn 0.9212 -0.3475 -0.1748
vn 0.8616 -0.2120 -0.4612
vn 0.7021 -0.1820 -0.6884
vn 0.5213 -0.0541 -0.8516
vn 0.5094 -0.0450 -0.8593
vn 0.7430 0.2209 -0.6317
vn 0.6068 -0.1024 -0.7882
vn 0.7542 0.1157 -0.6464
vn 0.7819 0.2120 -0.5862
vn 0.6008 0.0901 -0.7943
vn 0.8098 0.2780 -0.5167
vn 0.6382 0.5126 -0.5744
vn 0.7427 0.4240 -0.5182
vn 0.5416 0.6124 -0.5759
vn 0.5460 0.6622 -0.5132
vn 0.4297 0.7390 -0.5189
vn 0.5533 0.6672 -0.4988
vn 0.6040 0.5396 -0.5865
vn 0.6366 0.3132 -0.7047
vn 0.5284 0.2542 -0.8100
vn 0.4300 0.1007 -0.8972
vn 0.5688 0.6540 -0.4987
vn 0.6913 0.4075 -0.5967
vn 0.7113 -0.0282 -0.7024
vn 0.6564 0.1622 -0.7368
vn 0.6613 -0.2965 -0.6890
vn 0.6336 -0.4102 -0.6560
vn 0.6192 -0.4655 -0.6324
vn 0.7085 0.0629 -0.7029
vn 0.4281 -0.6847 -0.5898
vn 0.5403 -0.6469 -0.5381
vn 0.6038 -0.3489 -0.7167
vn 0.5278 -0.6330 -0.5663
vn 0.7389 -0.2387 -0.6301
vn 0.8008 0.2393 -0.5491
vn 0.6686 -0.5194 -0.5322
vn 0.7508 -0.6015 -0.2728
vn 0.9148 -0.2696 -0.3007
vn 0.8611 -0.4136 -0.2957
vn 0.8123 -0.5246 -0.2550
vn 0.9526 0.0153 -0.3037
vn 0.9071 0.2083 -0.3658
vn 0.8889 -0.2419 -0.3891
vn 0.9289 0.1649 -0.3317
vn 0.8501 0.4539 -0.2671
vn 0.7642 0.5521 -0.3336
vn 0.7411 0.5114 -0.4350
vn 0.5839 0.7207 -0.3736
vn 0.5525 0.7605 -0.3412
vn 0.4201 0.8452 -0.3305
vn 0.4243 0.8596 -0.2846
vn 0.3832 0.9195 -0.0880
vn 0.4867 0.8594 -0.1567
vn 0.2987 0.8982 -0.3225
vn 0.2921 0.8576 -0.4234
vn 0.5681 0.5934 -0.5703
vn 0.6836 0.5120 -0.5202
vn 0.7176 0.3906 -0.5766
vn 0.5268 0.5968 -0.6052
vn 0.4040 0.7347 -0.5449
vn 0.1973 0.9536 -0.2273
vn 0.7995 0.5859 -0.1324
vn 0.8536 0.4863 -0.1870
vn 0.9177 -0.0419 -0.3950
vn 0.8569 -0.4723 -0.2065
vn 0.8636 -0.4553 -0.2164
vn 0.9066 -0.4137 -0.0835
vn 0.8656 -0.4710 -0.1699
vn 0.7723 -0.5858 -0.2456
vn 0.7571 -0.5085 -0.4102
vn 0.8934 -0.3524 -0.2785
vn 0.9251 -0.2393 -0.2948
vn 0.9155 -0.2562 -0.3102
vn 0.7405 -0.3786 -0.5553
vn 0.3830 -0.2464 -0.8903
vn 0.6960 -0.0198 -0.7177
vn -0.4126 0.5517 -0.7248
vn -0.3448 0.6036 -0.7189
vn -0.4296 0.7281 -0.5341
vn -0.6083 0.4975 -0.6185
vn -0.3786 0.5093 -0.7729
vn -0.1715 0.4163 -0.8929
vn 0.0737 0.2762 -0.9583
vn 0.4896 0.1141 -0.8645
vn 0.0486 0.2655 -0.9629
vn 0.4232 0.2971 -0.8559
vn 0.3437 0.1610 -0.9252
vn -0.2060 0.3521 -0.9130
vn -0.1662 0.3370 -0.9267
vn -0.3326 0.3814 -0.8625
vn -0.6515 0.6106 -0.4502
vn -0.2687 0.8365 -0.4775
vn 0.1692 0.9695 -0.1770
vn -0.1887 0.8998 -0.3933
vn 0.1945 0.9764 0.0938
vn 0.2508 0.9659 0.0646
vn -0.4942 0.8446 -0.2059
vn -0.4076 0.8079 -0.4256
vn -0.6508 0.6773 -0.3431
vn -0.5675 0.8219 -0.0504
vn 0.2617 0.9309 0.2547
vn -0.0700 0.9490 0.3075
vn -0.6881 0.6103 0.3925
vn -0.4322 0.4847 -0.7605
vn -0.2662 0.3763 -0.8874
vn -0.1341 0.4004 -0.9065
vn 0.2020 0.1488 -0.9680
vn 0.5868 0.2272 -0.7772
vn 0.9845 -0.1588 -0.0749
vn 0.5096 -0.1245 -0.8514
vn 0.6563 -0.2364 -0.7165
vn 0.7692 -0.1355 -0.6245
vn 0.8836 -0.1003 -0.4574
vn 0.6065 -0.0503 -0.7935
vn 0.3256 -0.1180 -0.9381
vn 0.3968 -0.1016 -0.9123
vn 0.4389 -0.0868 -0.8944
vn 0.0031 0.2419 -0.9703
vn -0.4675 0.4940 -0.7331
vn -0.2304 0.7172 -0.6576
vn -0.1206 0.6613 -0.7404
vn -0.2750 0.3922 -0.8778
vn -0.6995 0.5578 -0.4467
vn -0.5627 0.7124 -0.4194
vn -0.8385 0.4196 -0.3477
vn -0.4679 0.8228 -0.3225
vn -0.7925 0.6036 -0.0871
vn -0.8125 0.5347 -0.2323
vn -0.4223 0.8914 -0.1647
vn -0.0407 0.9726 -0.2288
vn -0.2279 0.9736 -0.0098
vn -0.3490 0.7720 -0.5313
vn 0.1697 -0.1248 -0.9776
vn -0.1845 -0.1761 -0.9669
vn -0.4786 0.4162 -0.7731
vn 0.3600 -0.2710 -0.8927
vn 0.8172 -0.2388 -0.5245
vn 0.9389 -0.0926 -0.3316
vn 0.9339 -0.0380 -0.3554
vn 0.9037 -0.2095 -0.3734
vn 0.9134 -0.0845 -0.3981
vn 0.9156 -0.1373 -0.3778
vn 0.9169 -0.2165 -0.3354
vn 0.9351 -0.0903 -0.3428
vn 0.9365 -0.0566 -0.3462
vn 0.6891 -0.4618 -0.5584
vn 0.8056 -0.3087 -0.5056
vn 0.8281 -0.3643 -0.4260
vn 0.4936 -0.6331 -0.5963
vn 0.5147 -0.6261 -0.5857
vn 0.5867 -0.4793 -0.6527
vn -0.0363 -0.0552 -0.9978
vn -0.1110 0.5011 -0.8583
vn -0.1248 0.8950 -0.4283
vn 0.3235 0.5493 -0.7704
vn 0.4622 -0.0949 -0.8817
vn 0.2691 -0.2671 -0.9253
vn 0.5156 -0.4609 -0.7223
vn 0.1965 -0.1732 -0.9651
vn 0.3742 -0.6218 -0.6880
vn 0.3240 -0.2398 -0.9152
vn 0.5235 -0.3688 -0.7681
vn 0.3475 0.2757 -0.8962
vn 0.2396 0.0664 -0.9686
vn 0.4671 -0.1822 -0.8652
vn 0.3941 -0.6514 -0.6484
vn 0.4493 -0.7483 -0.4881
vn 0.5776 -0.5957 -0.5581
vn 0.5498 -0.7031 -0.4510
vn 0.7133 -0.3886 -0.5832
vn 0.6990 -0.4899 -0.5209
vn 0.6472 -0.6675 -0.3682
vn 0.8410 -0.5102 -0.1801
vn 0.8745 -0.2460 -0.4181
vn 0.9364 -0.1281 -0.3268
vn 0.9435 -0.2517 -0.2155
vn 0.9134 -0.3718 -0.1658
vn 0.9340 -0.2038 -0.2933
vn 0.9400 0.1808 -0.2892
vn 0.8100 0.3670 -0.4574
vn 0.2274 0.9737 -0.0154
vn 0.1338 0.9415 -0.3092
vn 0.0621 0.8933 -0.4452
vn -0.0389 0.9774 -0.2078
vn 0.4782 0.7505 -0.4561
vn 0.9288 0.0218 -0.3699
vn 0.9214 -0.3525 -0.1637
vn 0.7760 0.2927 -0.5587
vn 0.4844 0.3610 -0.7969
vn 0.1608 0.6733 -0.7217
vn -0.0734 0.6019 -0.7952
vn -0.1094 0.7486 -0.6539
vn 0.9346 -0.2588 -0.2442
vn 0.9247 -0.3318 -0.1866
vn 0.8027 0.1714 -0.5712
vn 0.4752 0.6628 -0.5787
vn 0.1820 0.4414 -0.8786
vn -0.2680 0.4899 -0.8295
vn 0.1237 0.6064 -0.7855
vn -0.1201 0.4577 -0.8810
vn 0.2204 0.8038 -0.5526
vn 0.4166 0.3209 -0.8506
vn 0.1334 0.3943 -0.9092
vn 0.0001 0.3145 -0.9493
vn 0.7271 0.3684 -0.5793
vn 0.7679 0.0416 -0.6392
vn 0.9244 0.1437 -0.3533
vn 0.9515 0.2257 -0.2091
vn 0.8827 0.2723 -0.3830
vn 0.9624 -0.1544 -0.2234
vn 0.8991 -0.1639 -0.4059
vn 0.8566 0.2136 -0.4698
vn 0.9253 0.0091 -0.3791
vn 0.9546 -0.2703 -0.1251
vn 0.8283 0.2781 -0.4864
vn 0.8823 0.3447 -0.3206
vn 0.9410 -0.3259 0.0914
vn 0.9597 0.2568 -0.1139
vn 0.9473 0.3122 -0.0722
vn 0.9734 -0.1732 0.1503
vn 0.9245 -0.3657 0.1076
vn 0.9657 -0.2570 0.0367
vn 0.9307 -0.2727 0.2437
vn 0.9757 -0.2034 0.0815
vn 0.9454 -0.2856 0.1570
vn 0.9781 0.1577 -0.1359
vn 0.3413 0.2292 -0.9116
vn 0.6836 -0.0555 -0.7278
vn 0.7858 -0.3238 -0.5270
vn 0.9863 -0.0971 -0.1334
vn 0.9608 0.0012 -0.2772
vn 0.4289 0.1509 -0.8906
vn 0.1917 0.2829 -0.9398
vn 0.6884 -0.3098 -0.6559
vn 0.2101 0.2368 -0.9486
vn -0.1188 0.3376 -0.9338
vn 0.1220 0.3162 -0.9408
vn -0.1590 0.3689 -0.9158
vn -0.2641 0.4083 -0.8738
vn -0.1431 0.2523 -0.9570
vn 0.6066 -0.1007 -0.7886
vn 0.7806 -0.2772 -0.5602
vn -0.4202 0.2817 -0.8626
vn 0.6333 -0.2234 -0.7409
vn 0.2037 -0.0566 -0.9774
vn 0.9589 -0.1979 -0.2032
vn 0.9014 -0.3695 -0.2257
vn 0.8711 -0.0378 -0.4897
vn 0.5621 0.0731 -0.8239
vn 0.1135 -0.0429 -0.9926
vn 0.9321 -0.2939 -0.2116
vn 0.8826 -0.2198 -0.4155
vn 0.9372 -0.3388 -0.0830
vn 0.8859 -0.4159 -0.2054
vn 0.6086 -0.7615 -0.2230
vn 0.6990 -0.7089 -0.0944
vn 0.5431 -0.7448 -0.3877
vn 0.4395 -0.4170 -0.7956
vn 0.5224 -0.3046 -0.7964
vn 0.4923 -0.4155 -0.7648
vn 0.5053 -0.4234 -0.7519
vn 0.5667 -0.4656 -0.6798
vn 0.5049 -0.8016 -0.3202
vn 0.5668 -0.7739 -0.2824
vn 0.5335 -0.8004 -0.2735
vn 0.6244 -0.7692 -0.1357
vn 0.3829 -0.8791 -0.2837
vn 0.3506 -0.8438 -0.4062
vn 0.1358 -0.7705 -0.6229
vn -0.1367 -0.6645 -0.7347
vn 0.4977 -0.8454 -0.1939
vn 0.7800 -0.5814 -0.2314
vn 0.9703 -0.1529 -0.1877
vn 0.5740 -0.7799 -0.2496
vn 0.7917 0.0940 -0.6037
vn 0.3023 0.2347 -0.9239
vn 0.2032 0.2384 -0.9497
vn -0.1556 0.2313 -0.9603
vn -0.1159 0.2185 -0.9689
vn -0.2404 0.1464 -0.9596
vn -0.0558 0.3951 -0.9169
vn -0.0552 0.0978 -0.9937
vn 0.0586 0.2437 -0.9681
vn 0.3988 0.1571 -0.9035
vn 0.3299 0.1937 -0.9239
vn 0.7297 -0.0986 -0.6766
vn 0.9482 -0.3082 -0.0773
vn 0.9679 -0.2424 -0.0657
vn 0.9822 -0.1874 0.0112
vn 0.9594 -0.2820 0.0001
vn 0.9424 -0.2971 -0.1536
vn 0.9744 -0.1892 -0.1215
vn 0.9515 -0.3010 0.0627
vn 0.9372 -0.3258 0.1245
vn 0.9439 -0.3201 0.0817
vn 0.9372 -0.3290 0.1156
vn 0.9507 -0.3059 0.0509
vn 0.9440 -0.3301 -0.0022
vn 0.9466 -0.3173 0.0568
vn 0.9655 -0.2347 -0.1128
vn 0.9122 -0.3328 0.2390
vn 0.3747 -0.3617 0.8537
vn 0.8234 -0.3359 0.4574
vn 0.7451 -0.3255 0.5821
vn 0.2304 -0.3294 0.9157
vn 0.0723 -0.3463 0.9353
vn -0.0755 -0.3349 0.9392
vn 0.2198 -0.3634 0.9053
vn -0.1035 -0.3992 0.9110
vn -0.2460 -0.3194 0.9151
vn -0.1243 -0.3851 0.9145
vn -0.3201 -0.2246 0.9204
vn -0.4627 -0.2669 0.8454
vn -0.3139 -0.0850 0.9456
vn -0.3166 -0.1351 0.9389
vn -0.0231 -0.4678 0.8836
vn -0.0834 -0.6300 0.7721
vn -0.4712 -0.1425 0.8704
vn -0.3127 -0.3920 0.8652
vn -0.4424 -0.2153 0.8706
vn -0.1238 -0.8424 0.5244
vn -0.0010 -0.4746 0.8802
vn 0.7059 -0.3858 0.5940
vn 0.9105 -0.2960 0.2887
vn 0.8121 -0.3871 0.4366
vn 0.9196 -0.3441 0.1897
vn 0.6453 -0.3529 0.6775
vn 0.4724 -0.4283 0.7703
vn 0.7300 -0.3923 0.5596
vn 0.9057 -0.3326 0.2627
vn 0.8865 -0.3550 0.2968
vn 0.8107 -0.2207 0.5423
vn 0.9151 -0.2262 0.3339
vn 0.9378 -0.3206 0.1331
vn 0.8694 -0.3381 0.3603
vn 0.9394 -0.3238 0.1128
vn 0.9328 -0.3526 -0.0744
vn 0.7493 -0.2668 -0.6062
vn 0.8657 -0.2396 -0.4396
vn 0.8406 -0.4591 -0.2874
vn 0.7174 -0.5583 -0.4166
vn 0.7335 -0.6579 -0.1710
vn 0.7213 -0.3612 -0.5910
vn 0.7177 -0.6631 -0.2127
vn 0.6777 -0.4847 -0.5530
vn 0.4864 0.0430 -0.8727
vn 0.5776 -0.2534 -0.7760
vn 0.7251 -0.0347 -0.6877
vn 0.8593 -0.1555 -0.4872
vn 0.4600 0.0487 -0.8866
vn 0.5826 0.1489 -0.7990
vn 0.1655 -0.0381 -0.9855
vn -0.1177 -0.1176 -0.9861
vn -0.4238 0.0376 -0.9050
vn 0.7235 -0.2048 -0.6593
vn 0.1049 -0.1928 -0.9756
vn 0.3923 -0.5493 -0.7378
vn 0.0672 -0.7936 -0.6048
vn -0.2316 -0.4233 -0.8759
vn 0.0292 -0.5804 -0.8138
vn -0.0854 -0.5644 -0.8211
vn -0.2365 -0.3407 -0.9099
vn 0.2652 -0.1021 -0.9588
vn 0.0812 -0.0981 -0.9919
vn 0.5469 -0.0998 -0.8312
vn 0.7820 -0.2921 -0.5505
vn 0.7909 -0.4821 -0.3769
vn 0.7473 -0.6422 -0.1705
vn 0.8572 -0.4873 -0.1665
vn 0.8634 -0.4938 -0.1034
vn 0.8459 -0.5052 0.1710
vn 0.8271 -0.5510 0.1111
vn 0.8169 -0.5722 -0.0724
vn 0.8526 -0.5138 0.0949
vn 0.8761 -0.4759 -0.0775
vn 0.7950 -0.6002 -0.0882
vn 0.7639 -0.6435 -0.0486
vn 0.8081 0.1802 -0.5608
vn 0.8362 -0.0803 -0.5426
vn 0.6213 0.1793 -0.7628
vn 0.5727 -0.1478 -0.8063
vn 0.0622 -0.3351 -0.9401
vn 0.3957 -0.0798 -0.9149
vn 0.5336 -0.2277 -0.8145
vn 0.5268 -0.1502 -0.8366
vn 0.2782 -0.3349 -0.9002
vn 0.1458 -0.4880 -0.8606
vn 0.1098 -0.5008 -0.8586
vn 0.1419 -0.6155 -0.7752
vn 0.2066 -0.6406 -0.7395
vn 0.3087 -0.7743 -0.5523
vn 0.3224 -0.8947 -0.3091
vn 0.5594 -0.6757 -0.4800
vn 0.5855 -0.4324 -0.6857
vn 0.5821 -0.4115 -0.7014
vn 0.5663 -0.3099 -0.7637
vn 0.6044 -0.3733 -0.7038
vn -0.0831 0.8112 -0.5789
vn 0.3215 0.8342 -0.4480
vn 0.2470 0.3633 -0.8983
vn 0.4730 0.1129 -0.8738
vn -0.0628 0.9918 0.1115
vn 0.0171 0.8567 -0.5155
vn 0.0270 0.4953 -0.8683
vn -0.3193 0.7743 -0.5463
vn -0.1943 0.9584 -0.2089
vn -0.4918 0.8646 -0.1027
vn -0.3714 0.8862 -0.2770
vn -0.1187 0.9800 -0.1595
vn -0.1812 0.9474 -0.2638
vn -0.0561 0.9959 -0.0715
vn -0.3531 0.9149 -0.1956
vn -0.7043 0.7096 0.0177
vn 0.0978 0.9890 0.1114
vn -0.2035 0.9709 0.1262
vn -0.2397 0.9353 0.2604
vn -0.9086 0.4067 0.0952
vn -0.6279 0.7491 0.2112
vn -0.0934 0.9788 0.1822
vn -0.8494 0.5006 0.1672
vn -0.9128 0.2905 0.2871
vn -0.9245 0.3155 0.2139
vn -0.1945 0.9342 0.2990
vn -0.5347 0.6908 0.4867
vn 0.4228 0.8874 0.1836
vn -0.1852 0.9354 0.3012
vn -0.1251 0.9364 0.3279
vn 0.3310 0.9375 0.1075
vn 0.5943 0.7932 0.1331
vn 0.5730 0.7096 0.4100
vn 0.2145 0.9715 0.1011
vn -0.3211 0.9366 0.1405
vn -0.6430 0.7590 0.1023
vn -0.3098 0.5069 0.8044
vn -0.4764 0.5943 0.6479
vn -0.6205 0.5964 0.5093
vn -0.6232 0.7378 0.2593
vn -0.5224 0.8110 0.2635
vn 0.2501 0.9351 0.2509
vn -0.4797 0.7117 0.5131
vn -0.3846 0.5601 0.7337
vn -0.3312 0.5855 0.7400
vn -0.3111 0.5170 0.7975
vn -0.3433 0.4767 0.8092
vn -0.3303 0.4517 0.8288
vn -0.2194 0.5020 0.8366
vn -0.4379 0.4718 0.7653
vn -0.5627 0.6768 0.4747
vn -0.5824 0.5600 0.5893
vn -0.5601 0.5193 0.6454
vn -0.4330 0.7240 0.5369
vn -0.6907 0.3443 0.6359
vn -0.5439 0.2509 0.8008
vn -0.2407 0.0395 0.9698
vn -0.3393 0.2803 0.8979
vn -0.4743 0.5320 0.7014
vn 0.0063 0.2844 0.9587
vn 0.0583 0.5876 0.8071
vn -0.1007 0.7630 0.6386
vn 0.1949 0.7654 0.6133
vn 0.2348 0.5536 0.7990
vn 0.0041 0.9067 0.4217
vn 0.0485 0.9103 0.4112
vn -0.1911 0.8392 0.5091
vn -0.4514 0.5952 0.6648
vn -0.1730 0.7195 0.6726
vn -0.1903 0.6653 0.7219
vn -0.2841 0.5033 0.8161
vn -0.4106 0.6978 0.5870
vn -0.1726 0.7288 0.6626
vn -0.1263 0.5483 0.8267
vn -0.1324 0.4590 0.8785
vn 0.1971 0.4424 0.8749
vn -0.2722 0.5705 0.7749
vn -0.3689 0.4722 0.8006
vn -0.4067 0.7867 0.4644
vn -0.2538 0.7627 0.5949
vn -0.2368 0.6519 0.7204
vn 0.2630 0.7498 0.6071
vn 0.1468 0.7532 0.6412
vn -0.2663 0.6866 0.6766
vn -0.3099 0.4803 0.8206
vn -0.1242 0.4696 0.8741
vn -0.0592 0.6582 0.7505
vn 0.2386 0.5538 0.7977
vn 0.1031 0.4693 0.8770
vn 0.2500 0.6632 0.7055
vn 0.0999 0.8348 0.5413
vn 0.3995 0.6182 0.6769
vn 0.5268 0.4110 0.7440
vn 0.3575 0.4789 0.8018
vn 0.4716 0.4898 0.7333
vn 0.4800 0.4337 0.7625
vn 0.4129 0.4641 0.7837
vn 0.3732 0.5619 0.7382
vn 0.5092 0.5372 0.6724
vn 0.4747 0.6496 0.5938
vn 0.1163 0.5976 0.7933
vn 0.1831 0.7660 0.6163
vn 0.2798 0.7663 0.5783
vn 0.5620 0.6336 0.5317
vn 0.5302 0.7933 0.2993
vn 0.4856 0.7394 0.4664
vn 0.0372 0.6205 0.7833
vn 0.4309 0.6428 0.6333
vn -0.0625 0.5174 0.8534
vn -0.0188 0.5872 0.8092
vn -0.1518 0.5631 0.8124
vn 0.2710 0.5024 0.8211
vn 0.1590 0.5214 0.8384
vn 0.4078 0.5873 0.6992
vn 0.5897 0.5623 0.5797
vn 0.4659 0.4449 0.7649
vn 0.3007 0.8400 0.4517
vn -0.1522 0.7790 0.6083
vn -0.6458 0.5979 0.4749
vn -0.8831 0.2041 0.4225
vn -0.9308 0.1454 0.3355
vn -0.8395 0.2213 0.4963
vn -0.8887 0.0401 0.4567
vn -0.8731 0.4177 0.2513
vn -0.7776 0.5937 0.2069
vn -0.9020 0.2502 0.3518
vn -0.8281 0.0121 0.5605
vn 0.0552 0.8039 0.5922
vn -0.4025 0.7182 0.5676
vn -0.2907 0.7421 0.6040
vn -0.3592 0.5997 0.7150
vn 0.3952 0.4212 0.8163
vn 0.5236 0.4251 0.7383
vn 0.3375 0.5431 0.7688
vn 0.0309 0.6504 0.7589
vn 0.2758 0.6181 0.7361
vn 0.2709 0.8025 0.5316
vn 0.1625 0.8296 0.5342
vn 0.1627 0.8338 0.5276
vn 0.2001 0.6950 0.6906
vn -0.1543 0.5499 0.8209
vn 0.0114 0.6778 0.7351
vn -0.2927 0.4489 0.8443
vn -0.6196 0.4653 0.6321
vn -0.3956 0.5717 0.7188
vn 0.2212 0.8592 0.4613
vn 0.1089 0.8002 0.5898
vn 0.2528 0.8267 0.5026
vn 0.1290 0.8012 0.5843
vn 0.0161 0.6853 0.7281
vn 0.1100 0.7679 0.6310
vn 0.1641 0.8057 0.5691
vn -0.6376 0.1707 0.7512
vn -0.4033 0.4526 0.7953
vn -0.4872 0.2143 0.8466
vn 0.2291 0.8109 0.5385
vn -0.0964 0.5815 0.8078
vn -0.1460 0.9627 0.2277
vn -0.5892 0.7451 0.3124
vn 0.0325 0.7489 0.6619
vn 0.1557 0.8741 0.4601
vn 0.1300 0.8407 0.5257
vn 0.0461 0.7597 0.6487
vn -0.1099 0.9569 0.2687
vn -0.4335 0.8538 0.2881
vn -0.6332 0.4987 0.5920
vn -0.7027 -0.0826 0.7066
vn -0.8556 -0.1168 0.5044
vn -0.7308 0.6779 0.0796
vn -0.7696 0.6251 0.1302
vn -0.8368 0.2991 0.4586
vn -0.7561 -0.1911 0.6259
vn -0.6306 0.0862 0.7713
vn -0.6863 -0.0467 0.7259
vn -0.6719 -0.1890 0.7161
vn -0.8001 -0.1224 0.5872
vn -0.9297 0.1842 0.3188
vn -0.9144 0.1582 0.3726
vn -0.9167 0.3016 0.2621
vn -0.7727 0.3973 0.4951
vn -0.8528 0.4727 0.2220
vn -0.7169 0.5679 0.4044
vn -0.7270 0.2830 0.6256
vn -0.8772 0.3491 0.3297
vn -0.8874 0.2942 0.3549
vn -0.8789 0.3584 0.3148
vn -0.8249 0.2508 0.5066
vn -0.8849 0.3216 0.3369
vn -0.8229 0.4372 0.3629
vn -0.7497 0.3914 0.5336
vn -0.8413 0.3646 0.3992
vn -0.9249 0.3237 0.1992
vn -0.8589 0.1493 0.4899
vn -0.8025 0.4005 0.4422
vn -0.6314 0.2529 0.7331
vn -0.6140 0.0621 0.7869
vn -0.4760 0.8529 0.2142
vn -0.6581 0.7522 0.0334
vn -0.3732 0.9053 0.2026
vn 0.1050 0.9136 0.3929
vn -0.1225 0.7897 0.6012
vn 0.0903 0.7239 0.6840
vn -0.0826 0.6342 0.7687
vn 0.1572 0.3993 0.9033
vn 0.0770 0.2079 0.9751
vn -0.3247 0.0905 0.9415
vn 0.2581 0.3509 0.9001
vn -0.1351 0.3861 0.9125
vn -0.2612 0.4053 0.8761
vn -0.6251 0.5818 0.5204
vn -0.4118 0.7603 0.5024
vn -0.7159 0.6929 0.0863
vn -0.6449 0.3232 0.6926
vn -0.7362 -0.0047 0.6767
vn -0.9102 0.3810 -0.1624
vn -0.7103 0.6679 -0.2224
vn -0.7005 0.6852 -0.1995
vn -0.6579 0.5087 -0.5552
vn -0.7456 0.2501 -0.6177
vn -0.6154 0.1814 -0.7671
vn -0.5950 0.2935 -0.7482
vn -0.7390 0.2726 -0.6161
vn -0.7009 0.2203 -0.6784
vn -0.6301 0.4724 -0.6163
vn -0.7414 0.6643 -0.0951
vn -0.8136 0.3707 -0.4479
vn -0.3715 0.0707 0.9257
vn -0.7484 0.4624 0.4755
vn -0.4977 0.2078 0.8421
vn -0.7510 0.6557 0.0775
vn -0.9524 0.2964 -0.0712
vn -0.8685 0.4599 -0.1848
vn -0.8187 0.5617 -0.1192
vn -0.9573 0.2090 -0.1997
vn -0.8104 0.1929 -0.5532
vn -0.8880 0.4409 -0.1308
vn -0.9874 0.0694 -0.1420
vn -0.9504 0.2228 -0.2172
vn -0.9187 0.3112 -0.2431
vn -0.9140 0.2783 -0.2951
vn -0.8354 0.5258 0.1599
vn -0.6827 0.3361 0.6488
vn -0.3938 0.1839 0.9006
vn -0.8393 0.3439 0.4211
vn -0.3416 0.1132 0.9330
vn -0.5270 0.3369 0.7803
vn -0.6606 0.4826 0.5751
vn -0.4684 0.3236 0.8221
vn -0.9431 0.3157 0.1043
vn -0.9157 0.3532 0.1915
vn -0.8293 0.4619 0.3145
vn -0.2208 0.2101 0.9524
vn -0.1844 0.1250 0.9749
vn -0.1821 0.3034 0.9353
vn -0.5419 0.5779 0.6102
vn -0.1302 0.3816 0.9151
vn -0.6846 0.3896 0.6161
vn -0.5993 0.3971 0.6951
vn -0.3785 0.3418 0.8602
vn -0.8226 0.1583 0.5461
vn -0.7230 0.4986 0.4782
vn -0.8942 0.3425 0.2883
vn -0.7240 0.4596 0.5145
vn -0.7087 0.6799 0.1883
vn -0.4927 0.8671 0.0726
vn 0.2487 0.9283 0.2763
vn -0.0111 0.9955 0.0946
vn -0.4344 0.8927 -0.1198
vn -0.5234 0.8509 0.0444
vn -0.2867 0.9330 -0.2174
vn -0.0076 0.9946 -0.1034
vn -0.0505 0.9608 0.2725
vn -0.1746 0.9774 0.1191
vn -0.4014 0.8857 0.2333
vn -0.1171 0.9764 0.1812
vn -0.1670 0.9849 -0.0460
vn -0.0572 0.9966 -0.0588
vn -0.2253 0.9441 -0.2405
vn -0.2548 0.9586 -0.1273
vn -0.2189 0.9474 -0.2334
vn -0.2479 0.9458 -0.2100
vn -0.3436 0.8795 -0.3292
vn -0.3673 0.8815 -0.2967
vn -0.6129 0.7842 -0.0975
vn -0.1227 0.9909 -0.0557
vn 0.6709 0.0403 -0.7405
vn 0.6938 -0.2538 -0.6740
vn 0.5954 -0.5098 -0.6209
vn 0.5787 -0.7458 -0.3300
vn 0.6570 -0.6811 -0.3230
vn 0.5789 -0.5878 -0.5651
vn 0.4582 -0.7035 -0.5433
vn 0.5765 -0.4675 -0.6702
vn 0.7071 -0.4756 -0.5233
vn 0.6723 -0.4025 -0.6213
vn 0.6374 -0.3326 -0.6950
vn 0.7448 -0.0360 -0.6663
vn 0.7473 -0.3541 -0.5623
vn 0.6269 -0.2153 -0.7488
vn 0.6273 -0.0530 -0.7770
vn 0.7306 0.4284 -0.5318
vn 0.2609 0.9512 -0.1648
vn 0.7162 0.4423 -0.5399
vn 0.8798 0.0428 -0.4734
vn -0.3613 0.8712 -0.3323
vn -0.1370 0.9828 -0.1237
vn -0.2066 0.9611 -0.1833
vn -0.1955 0.9359 -0.2931
vn -0.4830 0.8672 -0.1209
vn -0.2916 0.8894 -0.3520
vn -0.4371 0.8974 -0.0594
vn -0.6149 0.7833 0.0915
vn -0.9632 0.0026 0.2688
vn -0.9411 0.0353 0.3364
vn -0.8868 0.2019 0.4157
vn -0.9544 0.1078 0.2784
vn -0.6703 0.5831 0.4591
vn -0.6900 0.6391 0.3398
vn 0.0128 0.9996 -0.0247
vn -0.0200 0.9987 -0.0476
vn -0.0101 0.9999 -0.0028
vn -0.0284 0.9957 0.0884
vn -0.3500 0.9304 0.1089
vn -0.6760 0.7195 0.1595
vn 0.0725 0.9947 -0.0732
vn -0.0250 0.9991 0.0338
vn 0.3725 0.8460 -0.3815
vn 0.7314 -0.3385 -0.5921
vn 0.7526 -0.3831 -0.5355
vn 0.6209 -0.4457 -0.6449
vn 0.3924 -0.4308 -0.8127
vn 0.2570 -0.6811 -0.6856
vn 0.3636 -0.6158 -0.6990
vn 0.5184 -0.3304 -0.7887
vn 0.5546 -0.2333 -0.7988
vn 0.8225 -0.0715 -0.5643
vn 0.4346 -0.0097 -0.9006
vn 0.1883 0.9097 -0.3702
vn 0.3445 -0.0995 -0.9335
vn 0.3589 0.3050 -0.8822
vn -0.0492 0.9950 0.0873
vn 0.3790 -0.4343 -0.8172
vn 0.2997 -0.6258 -0.7201
vn 0.3251 -0.4628 -0.8247
vn 0.4004 -0.4139 -0.8175
vn 0.1692 -0.6211 -0.7652
vn 0.2259 -0.5143 -0.8273
vn 0.2157 -0.6266 -0.7489
vn 0.2403 -0.6162 -0.7500
vn 0.3781 -0.5259 -0.7619
vn 0.2693 -0.4869 -0.8309
vn 0.5271 -0.2057 -0.8246
vn 0.6449 -0.2092 -0.7350
vn 0.5716 -0.2145 -0.7920
vn 0.6318 -0.2063 -0.7472
vn 0.7370 -0.1000 -0.6684
vn 0.5451 -0.2619 -0.7964
vn 0.8115 -0.1975 -0.5500
vn 0.9402 -0.1748 -0.2924
vn 0.8139 -0.5145 -0.2699
vn 0.7003 -0.6992 0.1436
vn 0.7190 -0.6904 -0.0794
vn 0.6403 -0.7447 0.1886
vn 0.5890 -0.3019 -0.7496
vn 0.7881 -0.2857 -0.5452
vn 0.7746 -0.1881 -0.6038
vn 0.7847 -0.3375 -0.5200
vn 0.8775 -0.2788 -0.3901
vn 0.7616 -0.3027 -0.5730
vn 0.8016 -0.2761 -0.5303
vn 0.6361 -0.2588 -0.7269
vn 0.5524 -0.2310 -0.8009
vn 0.4647 -0.3196 -0.8258
vn 0.3827 -0.6695 -0.6367
vn 0.2802 -0.6696 -0.6878
vn 0.5198 -0.3108 -0.7957
vn 0.5380 -0.5057 -0.6744
vn 0.4998 -0.3677 -0.7842
vn 0.5362 -0.3001 -0.7890
vn 0.4377 -0.3765 -0.8165
vn 0.4799 -0.2059 -0.8528
vn 0.5094 -0.3196 -0.7990
vn 0.5085 -0.4283 -0.7470
vn 0.5134 0.2617 -0.8173
vn 0.6244 -0.2978 -0.7221
vn 0.4640 0.1727 -0.8688
vn 0.2572 0.8333 -0.4893
vn 0.3632 0.8115 -0.4577
vn 0.6449 0.0013 -0.7643
vn 0.6461 -0.3425 -0.6821
vn 0.6894 -0.3417 -0.6388
vn 0.8139 -0.3686 -0.4491
vn 0.7161 -0.3253 -0.6175
vn 0.7918 -0.3811 -0.4773
vn 0.6246 -0.2976 -0.7220
vn 0.6695 -0.4385 -0.5995
vn 0.5026 -0.6729 -0.5427
vn 0.6302 -0.3986 -0.6663
vn 0.7594 -0.3522 -0.5470
vn 0.7234 -0.2181 -0.6551
vn 0.7899 -0.1746 -0.5878
vn 0.7942 -0.2410 -0.5578
vn 0.7729 -0.3229 -0.5463
vn 0.9235 -0.3664 -0.1135
vn 0.8167 -0.5438 0.1932
vn 0.9305 -0.3505 0.1068
vn 0.9649 -0.2134 -0.1533
vn 0.9523 -0.3043 0.0208
vn 0.8121 -0.4006 -0.4242
vn 0.8536 -0.4501 -0.2624
vn 0.8930 -0.4476 -0.0466
vn 0.8891 -0.1989 -0.4122
vn 0.8201 -0.3528 -0.4505
vn 0.7559 -0.1760 -0.6306
vn 0.7028 -0.5260 -0.4790
vn 0.7412 -0.4701 -0.4793
vn 0.7975 -0.3417 -0.4972
vn 0.9098 -0.2919 -0.2950
vn 0.8302 -0.0552 -0.5547
vn 0.8964 -0.3279 -0.2982
vn 0.9589 -0.2696 0.0888
vn -0.0986 0.9929 0.0665
vn 0.5336 0.8366 -0.1237
vn 0.6795 -0.3116 -0.6642
vn 0.6762 -0.0590 -0.7344
vn 0.7180 -0.0233 -0.6956
vn 0.5720 0.6866 -0.4488
vn 0.9693 0.0942 -0.2273
vn 0.1364 0.9874 -0.0803
vn 0.4575 0.8789 0.1351
vn -0.7682 0.3450 0.5394
vn -0.7288 0.1722 0.6627
vn -0.7707 0.5527 0.3172
vn -0.8030 0.2027 0.5604
vn -0.8748 0.2446 0.4181
vn -0.7968 0.2642 0.5434
vn -0.8270 0.2689 0.4937
vn -0.4841 0.8394 0.2471
vn -0.3420 0.7782 0.5268
vn 0.1752 0.8258 0.5361
vn 0.0347 0.5538 0.8319
vn 0.0576 0.9958 0.0709
vn 0.3631 0.9182 0.1585
vn 0.9367 0.2121 0.2786
vn 0.8750 -0.2493 -0.4150
vn 0.9711 -0.2207 -0.0905
vn 0.9983 0.0289 0.0510
vn 0.8637 -0.3363 -0.3754
vn 0.8068 -0.4427 -0.3913
vn 0.7528 -0.4399 -0.4896
vn 0.7459 -0.4309 -0.5079
vn 0.8032 -0.1507 -0.5763
vn 0.7979 -0.1511 -0.5835
vn 0.8145 -0.1946 -0.5465
vn 0.9277 -0.2652 -0.2627
vn 0.6290 -0.4569 -0.6290
vn 0.6918 -0.5444 -0.4744
vn 0.8527 -0.2203 -0.4737
vn 0.8878 -0.2700 -0.3727
vn 0.8407 -0.2423 -0.4843
vn 0.8107 -0.1371 -0.5692
vn 0.8467 -0.4467 -0.2891
vn 0.8889 -0.2720 -0.3685
vn 0.9174 -0.3707 -0.1450
vn 0.8522 -0.5204 -0.0538
vn 0.8401 -0.5156 0.1685
vn 0.8846 -0.4570 0.0926
vn 0.6855 -0.5726 0.4496
vn 0.8910 -0.3683 0.2653
vn 0.6864 -0.6073 0.4001
vn 0.8029 -0.4689 0.3682
vn 0.8134 -0.4910 0.3119
vn 0.7150 -0.5232 0.4637
vn 0.7089 -0.4483 0.5444
vn 0.6008 -0.5582 0.5722
vn 0.5664 -0.4625 0.6821
vn 0.6249 -0.4661 0.6263
vn 0.1953 -0.3748 0.9063
vn -0.6472 -0.2155 0.7312
vn -0.5562 -0.2740 0.7846
vn -0.8485 -0.1878 0.4947
vn -0.9428 -0.3303 -0.0446
vn -0.8022 -0.5126 0.3061
vn -0.6509 -0.5276 0.5458
vn -0.6815 -0.4024 0.6112
vn -0.3964 -0.4801 0.7826
vn -0.9341 0.0179 -0.3564
vn -0.5780 -0.8069 -0.1221
vn -0.5338 -0.6555 0.5342
vn -0.7505 -0.6493 -0.1231
vn -0.5728 -0.8182 0.0505
vn -0.4922 -0.8530 0.1732
vn -0.3758 -0.8527 0.3629
vn -0.4814 -0.8019 0.3539
vn -0.2410 -0.9351 0.2597
vn -0.1018 -0.9190 0.3808
vn -0.1893 -0.7745 0.6036
vn -0.3636 -0.4742 0.8018
vn -0.4265 -0.3030 0.8522
vn -0.5277 -0.1354 0.8386
vn -0.6411 0.0059 0.7674
vn -0.5849 0.1175 0.8026
vn -0.4781 0.2512 0.8416
vn -0.3534 -0.0204 0.9353
vn -0.2069 -0.2447 0.9473
vn -0.3095 -0.4719 0.8255
vn -0.2670 -0.5653 0.7805
vn -0.0647 -0.9280 0.3669
vn -0.3336 -0.7544 0.5654
vn -0.5162 -0.7046 0.4869
vn -0.3459 -0.5404 0.7670
vn -0.5247 -0.3612 0.7709
vn -0.3169 -0.2847 0.9047
vn -0.3475 -0.5191 0.7809
vn -0.3271 -0.3696 0.8697
vn -0.1561 -0.3696 0.9160
vn -0.3272 -0.4564 0.8274
vn 0.0860 -0.8100 0.5801
vn 0.1116 -0.8790 0.4635
vn -0.1052 -0.8999 0.4233
vn 0.1379 -0.4740 0.8697
vn -0.0943 -0.4683 0.8785
vn -0.0589 -0.2875 0.9560
vn 0.0624 -0.2882 0.9555
vn 0.2101 -0.6198 0.7561
vn 0.3511 -0.3114 0.8830
vn 0.3227 -0.2935 0.8998
vn 0.0865 -0.6485 0.7563
vn 0.3651 -0.2298 0.9021
vn 0.2466 -0.2915 0.9243
vn 0.5719 -0.3101 0.7594
vn 0.3618 -0.4455 0.8190
vn 0.3529 -0.4658 0.8115
vn 0.3537 -0.2161 0.9101
vn 0.7121 -0.2848 0.6417
vn 0.6445 -0.1978 0.7386
vn 0.8035 -0.2112 0.5566
vn 0.8115 -0.2719 0.5172
vn 0.6399 -0.3176 0.6997
vn 0.6358 -0.2333 0.7358
vn 0.4711 -0.2091 0.8569
vn 0.4261 -0.3098 0.8500
vn 0.4198 -0.3379 0.8424
vn 0.5258 -0.2919 0.7990
vn 0.4543 -0.3366 0.8248
vn 0.5110 -0.4208 0.7495
vn 0.6369 -0.3946 0.6623
vn 0.6937 -0.3896 0.6058
vn 0.5834 -0.3603 0.7279
vn 0.6177 -0.5058 0.6022
vn 0.5224 -0.5824 0.6229
vn 0.5474 -0.6749 0.4948
vn 0.6492 -0.6099 0.4545
vn 0.6996 -0.4384 0.5643
vn 0.7086 -0.5491 0.4432
vn 0.5523 -0.4737 0.6860
vn 0.6101 -0.4638 0.6424
vn 0.4984 -0.4110 0.7633
vn 0.3941 -0.5085 0.7656
vn 0.3788 -0.4716 0.7963
vn 0.3683 -0.5021 0.7825
vn 0.4645 -0.5436 0.6991
vn 0.3925 -0.4644 0.7939
vn 0.3862 -0.5651 0.7291
vn -0.0330 -0.3953 0.9180
vn 0.1473 -0.3839 0.9115
vn 0.2354 -0.3615 0.9021
vn 0.3683 -0.3028 0.8790
vn 0.2931 -0.4502 0.8434
vn -0.1431 -0.4922 0.8586
vn -0.1048 -0.4558 0.8839
vn 0.0560 -0.5168 0.8542
vn -0.0172 -0.5798 0.8146
vn 0.3174 -0.5995 0.7347
vn 0.3404 -0.5582 0.7566
vn 0.0905 -0.7573 0.6468
vn 0.0301 -0.8511 0.5241
vn 0.0846 -0.8106 0.5794
vn 0.0648 -0.8346 0.5470
vn -0.1103 -0.6381 0.7620
vn -0.1297 -0.6461 0.7522
vn -0.0789 -0.6175 0.7826
vn 0.1655 -0.7013 0.6934
vn 0.0721 -0.9175 0.3912
vn 0.1927 -0.7399 0.6446
vn 0.4068 -0.6866 0.6026
vn 0.1403 -0.8690 0.4745
vn 0.0389 -0.6554 0.7542
vn 0.1067 -0.6258 0.7726
vn 0.1494 -0.8931 0.4244
vn 0.4098 -0.7140 0.5677
vn 0.4751 -0.6292 0.6152
vn 0.5060 -0.6424 0.5755
vn 0.5286 -0.5527 0.6443
vn 0.5166 -0.5313 0.6715
vn 0.4612 -0.5274 0.7135
vn 0.5006 -0.6043 0.6199
vn 0.5686 -0.5738 0.5894
vn 0.4842 -0.7176 0.5007
vn 0.7279 -0.5067 0.4620
vn 0.8247 -0.4215 0.3771
vn 0.9295 -0.2908 0.2268
vn 0.8573 -0.5048 0.1005
vn 0.8067 -0.4498 0.3834
vn 0.6137 -0.5870 0.5280
vn 0.6958 -0.4867 0.5283
vn 0.3698 -0.6277 0.6850
vn 0.4610 -0.6107 0.6438
vn 0.4193 -0.6544 0.6292
vn 0.3898 -0.5988 0.6996
vn 0.5079 -0.6654 0.5470
vn 0.5374 -0.6679 0.5149
vn 0.4146 -0.5640 0.7141
vn 0.3989 -0.6018 0.6918
vn 0.5383 -0.6189 0.5719
vn 0.5156 -0.4540 0.7267
vn 0.5401 -0.5775 0.6122
vn 0.4953 -0.4955 0.7135
vn 0.7804 -0.3778 0.4982
vn 0.6433 -0.4269 0.6356
vn 0.6004 -0.4846 0.6362
vn 0.7024 -0.4017 0.5875
vn 0.6445 -0.4439 0.6226
vn 0.8063 -0.4297 0.4066
vn 0.8270 -0.4311 0.3609
vn 0.8662 -0.3663 0.3399
vn 0.9532 -0.2335 -0.1922
vn 0.9567 -0.2735 0.1001
vn 0.9380 -0.1876 -0.2916
vn 0.9511 -0.2879 -0.1120
vn 0.9088 -0.1704 -0.3807
vn 0.8678 -0.4186 -0.2679
vn 0.6872 -0.5296 -0.4972
vn 0.7711 -0.4158 -0.4822
vn 0.7498 -0.2474 -0.6137
vn 0.7957 -0.0269 -0.6050
vn 0.6943 0.6175 -0.3697
vn 0.4419 0.0853 -0.8930
vn 0.4577 0.3386 -0.8221
vn 0.1387 0.9034 -0.4057
vn 0.5972 -0.0608 -0.7998
vn 0.5215 -0.2195 -0.8245
vn 0.6539 -0.3167 -0.6871
vn 0.6921 -0.3914 -0.6065
vn 0.7152 -0.3831 -0.5846
vn 0.8686 -0.4317 -0.2434
vn 0.8402 -0.3922 -0.3744
vn 0.9249 -0.3644 -0.1087
vn 0.9285 -0.3372 -0.1557
vn 0.7940 -0.5946 -0.1269
vn 0.7436 -0.6244 -0.2391
vn 0.7095 -0.4656 0.5289
vn 0.6790 -0.4221 0.6007
vn 0.7781 -0.3796 0.5004
vn 0.4723 -0.4192 0.7754
vn 0.5575 -0.6283 0.5426
vn 0.3609 -0.7611 0.5389
vn 0.0592 -0.0462 0.9972
vn 0.0692 -0.3504 0.9340
vn 0.1261 -0.2178 0.9678
vn -0.2626 0.2118 0.9414
vn 0.0603 0.0165 0.9980
vn 0.2319 -0.4653 0.8542
vn 0.3906 -0.6551 0.6468
vn 0.5046 -0.6620 0.5542
vn 0.5182 -0.4878 0.7025
vn 0.5702 -0.6235 0.5350
vn 0.5484 -0.5219 0.6534
vn 0.3036 -0.2584 0.9171
vn 0.3031 -0.1954 0.9327
vn 0.1664 -0.1327 0.9771
vn 0.3494 -0.2578 0.9008
vn 0.6333 -0.4064 0.6586
vn 0.6585 -0.3443 0.6692
vn 0.6215 -0.3482 0.7018
vn 0.5643 -0.2965 0.7705
vn 0.5716 -0.4036 0.7144
vn 0.4610 -0.3924 0.7960
vn 0.4368 -0.4169 0.7971
vn 0.6101 -0.3822 0.6941
vn 0.6078 -0.4360 0.6636
vn 0.6008 -0.4500 0.6607
vn 0.6314 -0.4133 0.6561
vn 0.8652 -0.2961 0.4048
vn 0.8708 -0.3588 0.3362
vn 0.9419 -0.3339 0.0354
vn 0.9230 -0.3205 0.2128
vn 0.8455 -0.3232 0.4251
vn 0.8605 -0.5094 0.0125
vn 0.8122 -0.5833 0.0046
vn 0.7581 -0.6412 -0.1194
vn 0.8692 -0.4922 -0.0474
vn 0.7638 -0.5125 0.3923
vn 0.7834 -0.5884 0.2002
vn 0.5949 -0.6849 0.4207
vn 0.8423 -0.3618 -0.3996
vn 0.6042 -0.2536 -0.7554
vn -0.0514 0.8311 0.5537
vn -0.5452 0.7220 0.4259
vn -0.3522 0.6568 0.6668
vn 0.2449 0.6633 0.7072
vn 0.2580 0.8171 0.5155
vn -0.6791 0.2018 0.7057
vn -0.4923 0.3753 0.7853
vn -0.5610 0.3455 0.7523
vn -0.0833 0.3915 0.9164
vn -0.4284 0.4226 0.7987
vn -0.6565 0.7450 0.1180
vn -0.7115 0.6997 -0.0654
vn -0.9294 0.2942 -0.2229
vn -0.8406 0.4844 -0.2425
vn -0.8195 0.5544 -0.1450
vn -0.7940 0.6062 -0.0461
vn -0.8668 0.4775 -0.1439
vn -0.7594 0.6245 -0.1825
vn -0.6637 0.7197 -0.2040
vn -0.6386 0.7448 -0.1933
vn -0.6473 0.7372 -0.1935
vn -0.7742 0.5992 -0.2039
vn -0.7352 0.6596 -0.1564
vn -0.6814 0.7251 -0.0993
vn -0.7086 0.6755 -0.2039
vn -0.6913 0.6876 -0.2221
vn -0.7809 0.5140 0.3548
vn -0.7820 0.5757 0.2390
vn -0.5085 0.4890 0.7087
vn -0.6744 0.6559 0.3390
vn -0.5702 0.8215 -0.0056
vn -0.5541 0.4999 0.6656
vn -0.1965 0.5305 0.8246
vn -0.0974 0.3564 0.9293
vn -0.1873 0.3829 0.9046
vn 0.0412 0.3954 0.9176
vn -0.2417 0.4691 0.8494
vn 0.0459 0.4046 0.9133
vn 0.1988 0.5010 0.8423
vn -0.5520 0.5530 0.6241
vn -0.5915 0.7136 0.3754
vn -0.5631 0.8261 -0.0205
vn -0.7226 0.6732 0.1568
vn -0.3917 0.5911 0.7051
vn -0.6465 0.6769 0.3519
vn -0.8056 0.5587 0.1970
vn -0.6108 0.4401 0.6582
vn -0.4940 0.4353 0.7527
vn -0.2683 0.5866 0.7641
vn 0.0295 0.3619 0.9317
vn -0.5514 0.5112 0.6592
vn -0.5938 0.4929 0.6360
vn -0.4382 0.7494 0.4964
vn -0.7672 0.4751 0.4310
vn -0.5496 0.8225 -0.1464
vn -0.6656 0.6808 -0.3056
vn -0.6545 0.7323 -0.1879
vn -0.8627 0.4798 -0.1599
vn -0.6134 0.5661 -0.5507
vn -0.8187 0.5209 -0.2415
vn -0.7739 0.5995 -0.2039
vn -0.7270 0.6553 -0.2053
vn -0.7299 0.6502 -0.2110
vn -0.6674 0.7110 -0.2215
vn -0.7032 0.6730 -0.2295
vn -0.7274 0.6646 -0.1712
vn -0.7780 0.4311 -0.4571
vn -0.7842 0.5340 -0.3161
vn -0.7893 0.5432 -0.2862
vn -0.7141 0.5450 -0.4394
vn -0.6649 0.6897 -0.2869
vn -0.8543 0.4836 0.1904
vn -0.7925 0.5912 0.1497
vn -0.8041 0.5833 0.1148
vn -0.7785 0.6050 0.1670
vn -0.6770 0.7215 -0.1451
vn -0.5678 0.6874 -0.4529
vn -0.6651 0.6021 -0.4418
vn -0.8137 0.4471 -0.3715
vn -0.7812 0.2292 -0.5807
vn -0.8490 0.1574 -0.5044
vn -0.7493 -0.0289 -0.6616
vn -0.6315 0.1452 -0.7616
vn -0.6749 0.4768 -0.5632
vn -0.3537 0.5855 -0.7294
vn -0.5071 0.2512 -0.8245
vn -0.5955 0.3899 -0.7024
vn -0.7590 0.6373 -0.1331
vn -0.7525 0.6452 0.1321
vn -0.4822 0.6006 0.6378
vn -0.6210 0.6124 0.4892
vn -0.2316 0.8945 0.3824
vn -0.0927 0.9796 0.1782
vn -0.2801 0.8529 0.4407
vn -0.3011 0.8542 0.4239
vn 0.0065 1.0000 -0.0069
vn -0.2456 0.8260 0.5074
vn -0.5478 0.7747 0.3159
vn -0.4469 0.8827 0.1450
vn -0.3743 0.9009 0.2199
vn -0.2612 0.8579 0.4426
vn -0.0463 0.9808 0.1895
vn 0.3210 0.8214 -0.4715
vn -0.0817 0.9954 0.0497
vn -0.0453 0.9990 0.0062
vn 0.4575 0.7236 -0.5168
vn 0.6926 -0.0261 -0.7209
vn 0.8845 -0.3879 -0.2592
vn 0.8930 -0.4032 -0.2001
vn 0.7105 -0.2826 -0.6444
vn 0.7432 -0.6653 0.0704
vn 0.8486 -0.4992 0.1752
vn 0.8340 -0.5515 -0.0172
vn 0.8641 -0.4496 -0.2264
vn 0.9019 -0.3480 -0.2558
vn 0.4220 0.8012 -0.4242
vn 0.4815 0.8615 -0.1613
vn 0.7554 0.1835 -0.6291
vn 0.8454 -0.1558 -0.5110
vn 0.9098 -0.1910 -0.3684
vn 0.9441 0.2126 -0.2518
vn 0.8491 -0.5274 -0.0301
vn 0.8597 -0.5105 -0.0154
vn 0.9211 -0.2845 -0.2657
vn 0.9337 0.2680 -0.2372
vn 0.9106 0.2248 -0.3468
vn 0.7320 0.5881 -0.3439
vn -0.1774 0.9823 0.0600
vn 0.3435 0.9349 -0.0890
vn -0.3499 0.9271 0.1344
vn -0.3027 0.9302 0.2075
vn -0.6307 0.5572 0.5402
vn -0.5461 0.8362 0.0517
vn -0.6026 0.7881 0.1255
vn -0.4558 0.8848 0.0968
vn -0.4076 0.9125 0.0353
vn -0.2798 0.9461 0.1632
vn -0.0741 0.9972 -0.0034
vn -0.2149 0.9761 -0.0333
vn -0.3895 0.9189 0.0629
vn -0.4084 0.9128 -0.0009
vn -0.2385 0.9507 -0.1980
vn -0.4487 0.8937 0.0034
vn -0.3224 0.5563 -0.7658
vn -0.4698 0.6725 -0.5718
vn -0.3873 0.9074 -0.1630
vn 0.0881 0.8753 -0.4754
vn -0.0029 0.8466 -0.5322
vn 0.1229 0.9117 -0.3920
vn -0.2963 0.9421 -0.1570
vn -0.4829 0.8711 0.0899
vn -0.2749 0.9615 -0.0042
vn -0.3319 0.9332 0.1382
vn -0.4997 0.8588 0.1128
vn -0.2566 0.9564 0.1394
vn -0.3701 0.8160 0.4440
vn -0.3870 0.9187 0.0784
vn -0.4397 0.8909 0.1140
vn 0.0981 0.9528 -0.2873
vn -0.1766 0.9655 -0.1916
vn 0.0730 0.9309 -0.3579
vn 0.1284 0.9841 -0.1228
vn 0.1208 0.9460 -0.3008
vn 0.2599 0.9102 -0.3226
vn -0.2102 0.8598 -0.4653
vn -0.9502 0.1859 -0.2503
vn -0.7828 0.5903 -0.1969
vn -0.4773 0.8546 -0.2043
vn 0.0643 0.9957 0.0672
vn 0.0644 0.8609 0.5046
vn 0.0798 0.9968 -0.0044
vn 0.1984 0.9653 -0.1701
vn 0.2237 0.9521 0.2085
vn 0.2354 0.9294 0.2842
vn 0.0193 0.9793 -0.2017
vn 0.0288 0.9075 -0.4190
vn -0.3187 0.9234 -0.2140
vn -0.1180 0.9853 -0.1236
vn 0.0028 1.0000 -0.0014
vn -0.0882 0.8382 0.5382
vn -0.1908 0.9262 0.3252
vn 0.0788 0.9903 -0.1144
vn 0.0513 0.9102 -0.4109
vn -0.1933 0.9672 -0.1651
vn -0.0685 0.9946 -0.0774
vn 0.1776 0.9179 -0.3547
vn 0.1836 0.9448 -0.2713
vn 0.2817 0.8607 -0.4242
vn -0.2982 0.9545 0.0063
vn -0.4065 0.8677 0.2862
vn -0.0865 0.9476 0.3076
vn 0.5514 0.8342 -0.0073
vn 0.9793 -0.1980 0.0423
vn 0.8576 -0.5030 0.1075
vn 0.7096 -0.5421 0.4500
vn 0.7080 -0.6745 0.2093
vn 0.6677 -0.5320 0.5207
vn 0.7937 -0.3526 0.4956
vn 0.8062 -0.2533 0.5346
vn 0.8292 -0.2399 0.5048
vn 0.7993 -0.2217 0.5586
vn 0.7570 -0.3872 0.5263
vn 0.6883 -0.3617 0.6288
vn 0.6273 -0.5503 0.5511
vn 0.6509 -0.5563 0.5166
vn 0.6123 -0.5546 0.5635
vn 0.5332 -0.7875 0.3090
vn 0.8449 -0.4773 0.2413
vn 0.8381 -0.4661 0.2835
vn 0.8505 -0.4919 0.1862
vn 0.8284 -0.4707 0.3037
vn 0.8828 -0.3312 0.3330
vn 0.9183 -0.3703 0.1401
vn 0.7913 -0.5961 -0.1362
vn 0.9610 0.0032 -0.2767
vn 0.9565 0.1053 0.2722
vn 0.9517 0.2814 0.1229
vn 0.3879 0.9211 -0.0327
vn -0.1469 0.9882 -0.0443
vn -0.0329 0.9966 0.0754
vn -0.0869 0.9962 -0.0069
vn 0.3250 0.8928 0.3119
vn 0.8947 0.4454 -0.0334
vn 0.9159 -0.3910 0.0909
vn 0.8602 -0.4812 0.1690
vn 0.7587 -0.6242 0.1867
vn 0.6126 -0.7707 0.1756
vn 0.5624 -0.8160 0.1338
vn 0.7271 -0.2915 0.6216
vn 0.5639 -0.4224 0.7096
vn 0.6050 -0.3096 0.7336
vn 0.5049 -0.3768 0.7766
vn 0.5776 -0.2289 0.7835
vn 0.6769 -0.3149 0.6653
vn 0.7333 -0.3426 0.5873
vn 0.8318 -0.3157 0.4566
vn 0.5677 -0.3041 0.7650
vn 0.6186 -0.6502 0.4412
vn 0.4472 -0.2565 0.8569
vn 0.2847 -0.5543 0.7821
vn 0.4182 -0.5335 0.7352
vn 0.3468 -0.7087 0.6144
vn 0.2739 -0.5125 0.8138
vn 0.6878 -0.6355 0.3508
vn 0.5314 -0.7889 0.3086
vn 0.8783 -0.3888 0.2784
vn 0.6156 -0.7280 0.3018
vn 0.7240 -0.5254 0.4470
vn 0.3475 -0.9173 0.1943
vn 0.3539 -0.9007 0.2520
vn 0.3227 -0.8781 0.3532
vn 0.4578 -0.5344 0.7106
vn 0.5437 -0.4054 0.7349
vn 0.3808 -0.9136 0.1429
vn 0.5764 -0.6556 0.4878
vn 0.6833 -0.5085 0.5239
vn 0.8064 -0.3348 0.4875
vn 0.5560 -0.2785 0.7831
vn 0.3473 -0.3774 0.8585
vn 0.3642 -0.2071 0.9080
vn 0.4365 0.1545 0.8864
vn 0.6842 -0.1981 0.7018
vn 0.6754 0.1205 0.7275
vn 0.7791 0.2862 0.5577
vn 0.7026 -0.3303 0.6303
vn 0.7240 0.0893 0.6839
vn 0.8117 0.2199 0.5411
vn 0.8548 -0.1614 0.4932
vn 0.1470 0.9689 0.1990
vn -0.0196 0.9994 -0.0297
vn 0.6633 0.4461 0.6009
vn 0.8634 -0.0310 0.5036
vn 0.7377 0.4142 0.5332
vn 0.0177 0.9998 -0.0018
vn -0.5101 0.8567 -0.0767
vn -0.5481 0.8338 0.0660
vn -0.5523 0.8301 -0.0766
vn -0.3984 0.9129 0.0884
vn -0.2264 0.9217 -0.3151
vn -0.1737 0.9841 0.0380
vn -0.4315 0.8760 -0.2155
vn -0.2099 0.9016 -0.3783
vn -0.1273 0.8793 -0.4590
vn -0.1352 0.8552 -0.5004
vn -0.0028 0.9998 -0.0200
vn 0.0534 0.9499 -0.3080
vn 0.1913 0.9011 0.3890
vn 0.0289 -0.2956 0.9549
vn 0.1188 -0.3008 0.9463
vn 0.0458 -0.2859 0.9572
vn 0.2762 -0.0430 0.9601
vn 0.0693 0.0294 0.9972
vn 0.2449 0.0415 0.9687
vn -0.0654 0.3617 0.9300
vn -0.0118 0.4301 0.9027
vn -0.1945 -0.0112 0.9808
vn -0.2902 0.6930 0.6599
vn -0.1628 0.5290 0.8329
vn -0.3143 0.4558 0.8327
vn -0.4086 0.6913 0.5960
vn -0.4266 0.8202 0.3811
vn -0.7131 0.5767 0.3986
vn -0.8882 0.4345 0.1490
vn -0.9707 0.1056 0.2158
vn -0.9873 0.0568 -0.1483
vn -0.9494 -0.0227 -0.3132
vn -0.9859 -0.0689 0.1523
vn -0.9459 -0.0016 0.3244
vn -0.7589 0.0033 0.6513
vn -0.6726 0.1451 0.7257
vn -0.5900 -0.0680 0.8045
vn -0.7013 -0.2499 0.6676
vn -0.8708 -0.2313 0.4339
vn -0.6677 0.3554 0.6541
vn -0.8369 0.4879 0.2481
vn -0.5786 0.7808 0.2359
vn -0.7005 0.2609 0.6643
vn -0.1418 -0.2522 0.9572
vn -0.3055 -0.2963 0.9049
vn -0.0063 -0.2709 0.9626
vn -0.1927 -0.2685 0.9438
vn -0.4038 -0.0777 0.9116
vn -0.4063 0.2591 0.8762
vn -0.1675 -0.1821 0.9689
vn -0.2083 0.8989 0.3856
vn -0.1689 0.7817 0.6004
vn -0.1404 0.0977 0.9853
vn 0.2132 0.4181 0.8830
vn 0.1326 -0.2929 0.9469
vn 0.1594 -0.2303 0.9600
vn 0.4250 0.0894 0.9008
vn 0.2517 0.7869 0.5634
vn 0.2732 0.0688 0.9595
vn -0.4161 0.1700 0.8933
vn -0.6423 0.0862 0.7616
vn -0.5342 0.5490 0.6428
vn -0.4551 0.7372 0.4994
vn -0.2860 0.4896 0.8237
vn -0.2090 0.2216 0.9525
vn -0.0099 0.0488 0.9988
vn -0.0942 0.1786 0.9794
vn -0.2367 0.4841 0.8424
vn -0.0682 0.3015 0.9510
vn 0.3044 -0.2569 0.9173
vn 0.3983 -0.2102 0.8928
vn 0.2754 -0.2241 0.9349
vn 0.3802 -0.2636 0.8865
vn 0.5784 -0.4592 0.6742
vn 0.4932 -0.2461 0.8344
vn 0.5671 -0.3086 0.7637
vn 0.3806 -0.1317 0.9153
vn 0.3795 -0.2210 0.8984
vn 0.4558 -0.3249 0.8286
vn 0.4943 -0.3588 0.7918
vn 0.4737 -0.1963 0.8585
vn 0.5388 -0.2367 0.8085
vn 0.5339 -0.2095 0.8192
vn 0.5859 -0.2187 0.7803
vn 0.4026 -0.2967 0.8660
vn 0.4743 -0.3375 0.8131
vn 0.4866 -0.1280 0.8642
vn 0.5402 -0.2645 0.7989
vn 0.3643 -0.2198 0.9049
vn 0.2148 -0.0782 0.9735
vn 0.2953 -0.1429 0.9447
vn 0.1445 -0.3150 0.9380
vn 0.1119 -0.3170 0.9418
vn 0.2468 -0.3437 0.9061
vn 0.3129 -0.4640 0.8287
vn 0.2245 -0.6000 0.7678
vn 0.2831 -0.7371 0.6136
vn 0.2073 -0.4611 0.8628
vn 0.2697 -0.3446 0.8991
vn 0.2798 -0.2882 0.9158
vn 0.4384 -0.1309 0.8892
vn 0.2771 -0.0168 0.9607
vn 0.2870 0.6280 0.7234
vn -0.2562 0.9229 -0.2874
vn -0.2207 0.8954 -0.3866
vn -0.1110 0.9915 -0.0685
vn -0.0025 0.9990 -0.0445
vn 0.3110 0.9183 0.2450
vn 0.7085 0.5193 0.4779
vn 0.7739 -0.0029 0.6333
vn 0.2487 0.9519 0.1791
vn 0.4043 0.8804 0.2479
vn 0.2306 0.6476 0.7263
vn 0.2471 0.0311 0.9685
vn 0.3062 -0.2366 0.9221
vn 0.1518 0.4191 0.8951
vn 0.2503 -0.2046 0.9463
vn 0.3898 0.1375 0.9106
vn 0.2535 0.8129 0.5244
vn 0.4233 0.8069 0.4120
vn 0.1715 0.8699 0.4624
vn 0.3477 0.1655 0.9229
vn 0.0740 0.5121 0.8557
vn 0.1966 0.8811 0.4302
vn 0.1657 0.2649 0.9499
vn -0.8929 -0.0659 -0.4454
vn 0.7636 -0.4613 0.4518
vn 0.8319 -0.4886 0.2630
vn 0.7652 -0.4860 0.4224
vn 0.7213 -0.4258 0.5463
vn -0.3024 0.9409 0.1523
vn -0.3906 0.8913 0.2302
vn -0.2258 -0.3304 -0.9164
vn 0.0194 -0.3336 -0.9425
vn 0.1148 -0.4565 -0.8823
vn 0.1265 -0.5817 -0.8035
vn 0.1388 -0.3382 -0.9308
vn 0.1023 -0.3309 -0.9381
vn 0.0295 -0.3214 -0.9465
vn -0.9629 -0.0781 -0.2584
vn -0.9576 0.1963 -0.2107
vn -0.8722 -0.0721 -0.4838
vn 0.2492 0.9068 0.3399
vn 0.2513 0.9154 0.3146
vn -0.3835 0.8194 0.4261
vn -0.6712 0.7410 -0.0208
vn 0.2797 0.9494 0.1431
vn 0.1619 0.9718 0.1717
vn -0.2309 0.9030 0.3622
vn 0.0305 0.9925 -0.1187
vn 0.2068 0.9683 0.1400
vn 0.0011 0.9752 0.2215
vn 0.1066 0.9917 -0.0718
vn 0.1306 0.9167 -0.3777
vn 0.3902 0.9164 -0.0894
vn -0.1693 0.8974 -0.4075
vn -0.1935 0.9731 -0.1252
vn -0.3256 0.9106 -0.2546
vn -0.1273 0.9103 -0.3939
vn -0.2053 0.9729 0.1060
vn 0.1530 0.9572 0.2456
vn 0.1804 0.9502 0.2543
vn -0.4815 0.8724 0.0839
vn -0.1015 0.8954 0.4335
vn 0.0453 0.9521 0.3023
vn -0.6555 0.7542 -0.0385
vn 0.6026 0.7568 0.2531
vn 0.6810 0.7271 0.0870
vn -0.5357 0.8430 -0.0480
vn -0.1663 0.9692 -0.1816
vn 0.8409 0.5310 0.1048
vn 0.7980 0.5951 -0.0956
vn 0.8242 0.5583 0.0951
vn 0.2551 0.9219 -0.2915
vn 0.5438 0.8137 -0.2053
vn -0.0302 0.9991 -0.0304
vn 0.0728 0.8739 0.4806
vn 0.1040 0.9079 0.4060
vn -0.1574 0.9516 0.2639
vn -0.4776 0.8268 0.2970
vn 0.1407 0.8442 0.5172
vn 0.3103 0.8919 0.3290
vn 0.6932 0.6671 0.2728
vn -0.0458 0.9806 -0.1907
vn -0.2012 0.9783 -0.0497
vn 0.2477 0.9322 -0.2640
vn 0.5590 0.7361 -0.3818
vn -0.1018 0.9389 -0.3287
vn -0.3570 0.8994 -0.2521
vn 0.3988 0.8043 -0.4405
vn -0.2992 0.8668 0.3988
vn 0.0490 0.9641 0.2608
vn -0.0072 0.9226 0.3856
vn -0.8351 0.5501 0.0040
vn 0.8143 0.5547 0.1709
vn -0.7300 0.6733 0.1175
vn -0.6510 0.7576 -0.0479
vn -0.5705 0.8212 0.0127
vn 0.7122 0.6597 -0.2399
vn 0.4072 0.8634 -0.2980
vn 0.1830 0.9388 -0.2917
vn 0.0221 0.8425 -0.5382
vn -0.1571 0.9074 -0.3899
vn 0.1094 0.9219 -0.3718
vn 0.5307 0.7443 0.4054
vn 0.4182 0.8277 0.3741
vn -0.0010 0.9024 0.4308
vn -0.6528 0.6475 0.3932
vn -0.8001 0.5918 0.0977
vn 0.4754 0.7514 0.4577
vn 0.7842 0.5463 0.2942
vn -0.4849 0.8267 0.2854
vn -0.6701 0.7405 -0.0521
vn 0.7834 0.5332 -0.3194
vn -0.6071 0.7055 -0.3656
vn -0.0683 0.9060 -0.4176
vn 0.1342 0.9234 -0.3597
vn 0.4596 0.7913 -0.4032
vn -0.3432 0.8350 -0.4302
vn 0.2666 0.6942 -0.6686
vn 0.0752 0.6713 0.7374
vn -0.2124 0.7621 0.6117
vn -0.4296 0.7130 0.5541
vn -0.2751 0.8913 0.3604
vn 0.4279 0.7612 0.4873
vn -0.7991 0.4849 0.3553
vn -0.3140 0.9376 0.1494
vn -0.1314 0.9125 0.3875
vn 0.8067 0.5782 0.1221
vn 0.3673 0.8840 0.2892
vn 0.4241 0.9016 0.0854
vn 0.8292 0.5474 0.1132
vn -0.3853 0.9177 0.0973
vn 0.7864 0.6125 0.0800
vn -0.5535 0.8318 -0.0422
vn 0.8734 0.4819 -0.0703
vn -0.5641 0.8178 -0.1138
vn -0.6125 0.7869 -0.0752
vn 0.8865 0.3902 -0.2489
vn -0.4830 0.8743 -0.0480
vn 0.6259 0.6236 -0.4684
vn 0.3947 0.5707 -0.7201
vn -0.6131 0.6644 -0.4274
vn -0.2699 0.6969 -0.6644
vn 0.2456 0.7152 -0.6543
vn 0.4709 0.6031 -0.6439
vn 0.1122 0.7998 0.5896
vn -0.7088 0.6102 0.3538
vn -0.2830 0.1825 0.9416
vn -0.0334 0.9883 -0.1487
vn 0.4184 0.7288 0.5419
vn 0.1280 0.9740 -0.1869
vn -0.2708 0.9013 -0.3383
vn -0.0826 0.6791 0.7293
vn -0.0782 0.7805 0.6202
vn 0.3546 0.6634 0.6589
vn 0.0251 0.9908 0.1328
vn 0.4280 0.8416 0.3295
vn -0.2523 0.9493 0.1873
vn -0.1785 0.9733 0.1446
vn 0.0124 0.9974 0.0712
vn -0.5650 0.8028 0.1906
vn 0.2487 0.9665 0.0634
vn 0.6674 0.7068 0.2344
vn 0.6674 0.7116 0.2193
vn -0.6931 0.7202 0.0287
vn -0.3038 0.9474 0.1003
vn 0.8581 0.4382 -0.2676
vn -0.0325 0.9494 0.3123
vn 0.1809 0.9771 0.1118
vn 0.2786 0.9599 0.0299
vn 0.0145 0.9998 0.0132
vn -0.6119 0.7909 -0.0036
vn 0.1028 0.9882 -0.1140
vn -0.3418 0.9244 -0.1691
vn 0.8036 0.3841 -0.4546
vn -0.3218 0.7054 -0.6315
vn 0.4158 0.5174 -0.7479
vn -0.3068 0.6300 -0.7134
vn 0.2019 0.1109 0.9731
vn -0.4287 0.9010 -0.0660
vn 0.4538 0.8797 0.1419
vn 0.3114 0.9062 -0.2862
vn 0.4573 0.7818 -0.4239
vn 0.1601 0.6073 0.7781
vn 0.0105 0.9824 -0.1867
vn 0.3213 0.9400 -0.1145
vn -0.4298 0.8532 0.2955
vn -0.0290 0.8475 0.5300
vn -0.0624 0.9850 0.1608
vn -0.1108 0.9228 0.3689
vn -0.0612 0.9980 0.0136
vn 0.6699 0.6966 0.2571
vn -0.1167 0.9896 0.0836
vn -0.2180 0.9716 0.0921
vn 0.0742 0.9564 0.2826
vn -0.1628 0.9818 0.0976
vn -0.4231 0.7771 0.4659
vn 0.1103 0.9930 0.0422
vn -0.1496 0.9702 0.1904
vn 0.2803 0.9481 -0.1501
vn 0.2750 0.9595 -0.0607
vn -0.3888 0.9207 0.0345
vn -0.2649 0.9622 0.0626
vn -0.6232 0.7649 0.1630
vn -0.1195 0.9802 -0.1578
vn 0.2850 0.9456 -0.1571
vn -0.4830 0.8756 -0.0030
vn -0.1488 0.9886 -0.0239
vn -0.2636 0.9634 0.0498
vn -0.1777 0.9836 -0.0302
vn -0.4077 0.9130 -0.0140
vn 0.8942 0.4329 0.1143
vn 0.1784 0.9778 0.1101
vn 0.1714 0.9222 0.3466
vn -0.2703 0.9500 0.1561
vn 0.2216 0.9709 0.0909
vn 0.9055 0.4184 -0.0712
vn -0.2712 0.9609 -0.0554
vn -0.4242 0.9022 0.0777
vn -0.3367 0.9411 -0.0300
vn -0.2336 0.9723 -0.0018
vn -0.1342 0.9723 0.1914
vn -0.2190 0.9755 -0.0201
vn 0.4008 0.8904 0.2157
vn 0.2410 0.9519 0.1893
vn -0.3057 0.9508 -0.0499
vn -0.7489 0.6559 -0.0949
vn 0.3692 0.8622 0.3470
vn 0.3754 0.9256 0.0492
vn -0.3205 0.9389 -0.1252
vn 0.3247 0.9094 -0.2599
vn -0.4222 0.8985 -0.1202
vn -0.1511 0.9248 -0.3492
vn -0.7602 0.5966 -0.2572
vn -0.3282 0.8986 -0.2911
vn -0.2110 0.9032 -0.3737
vn 0.3460 0.8311 -0.4355
vn 0.3515 0.7336 -0.5816
vn 0.0716 0.8901 -0.4501
vn -0.3930 0.7132 -0.5804
vn 0.1847 0.6368 -0.7486
vn -0.1558 0.6570 -0.7376
vn 0.1925 0.5817 -0.7903
vn -0.1308 -0.3927 0.9103
vn -0.4814 0.2282 0.8463
vn 0.3179 0.0500 0.9468
vn 0.2602 0.7829 0.5651
vn 0.3907 0.7954 -0.4634
vn -0.5492 0.7771 0.3072
vn 0.3312 0.8711 -0.3625
vn 0.0054 0.7511 0.6602
vn -0.0146 0.5928 0.8052
vn 0.3214 0.5375 0.7796
vn -0.0850 0.7751 0.6261
vn 0.3226 0.8776 -0.3546
vn 0.0876 0.9334 0.3480
vn -0.0518 0.8082 0.5867
vn 0.0820 0.9692 0.2324
vn -0.3561 0.8904 0.2835
vn -0.0728 0.9809 0.1805
vn -0.1689 0.8562 0.4882
vn -0.1916 0.9176 0.3483
vn 0.6293 0.6638 0.4042
vn 0.1129 0.9865 0.1183
vn 0.2192 0.9732 -0.0699
vn -0.0032 0.9999 -0.0141
vn -0.7872 0.5646 0.2482
vn 0.1655 0.9853 -0.0428
vn 0.2175 0.9711 0.0982
vn 0.8769 0.4521 0.1631
vn -0.6890 0.6455 0.3296
vn 0.2371 0.9635 -0.1245
vn 0.0428 0.9990 0.0143
vn 0.9377 0.3398 0.0730
vn 0.2728 0.9608 -0.0485
vn -0.0700 0.9886 -0.1335
vn 0.1952 0.9770 -0.0861
vn -0.1503 0.9841 -0.0944
vn 0.3010 0.8574 0.4175
vn -0.7527 0.6377 -0.1636
vn -0.1122 0.9564 -0.2698
vn -0.2052 0.9722 -0.1128
vn 0.3561 0.8190 0.4500
vn 0.9599 0.2639 -0.0950
vn -0.2628 0.9562 -0.1287
vn 0.1850 0.9551 0.2314
vn 0.5321 0.7895 0.3060
vn -0.2543 0.9624 -0.0959
vn 0.2643 0.9446 0.1947
vn 0.8720 0.4036 -0.2770
vn 0.4452 0.8653 -0.2303
vn -0.4741 0.8582 -0.1967
vn -0.1834 0.9646 -0.1894
vn 0.9061 0.3036 -0.2945
vn -0.4560 0.7035 -0.5450
vn -0.6028 0.5379 -0.5892
vn -0.6316 0.3773 -0.6772
vn -0.3417 0.3723 -0.8629
vn -0.1843 0.6733 -0.7160
vn -0.5524 0.2632 -0.7910
vn -0.2304 0.5985 -0.7673
vn 0.5038 0.3542 -0.7878
vn 0.1904 0.0713 0.9791
vn -0.4987 0.5544 0.6663
vn 0.1168 0.8938 0.4330
vn 0.0881 0.4590 0.8841
vn 0.1422 0.9851 -0.0963
vn -0.3556 0.9201 0.1644
vn 0.3307 0.8688 0.3684
vn 0.0023 0.9970 0.0777
vn 0.0773 0.4882 0.8693
vn 0.1423 0.4600 0.8765
vn -0.0146 0.7831 0.6218
vn 0.0238 0.9477 0.3184
vn 0.0552 0.9579 0.2818
vn 0.2509 0.5747 0.7790
vn -0.1256 0.9370 0.3259
vn -0.4452 0.8815 0.1574
vn 0.8104 0.5217 0.2666
vn 0.9212 0.3575 0.1539
vn -0.7727 0.4861 0.4081
vn -0.8525 0.5094 0.1171
vn -0.7153 0.6847 -0.1395
vn 0.1801 0.9633 -0.1991
vn 0.0365 0.9981 0.0492
vn 0.0115 0.9999 -0.0110
vn 0.9080 0.3720 -0.1927
vn 0.0448 0.9989 -0.0112
vn 0.0193 0.9995 -0.0258
vn -0.1033 0.9574 -0.2697
vn 0.0654 0.9965 -0.0525
vn -0.7552 0.2125 -0.6201
vn 0.0359 0.9286 -0.3693
vn -0.8772 0.1977 -0.4374
vn 0.1797 0.9495 -0.2571
vn 0.2667 0.9057 -0.3295
vn 0.3062 0.7461 -0.5912
vn 0.1913 0.9103 -0.3671
vn -0.9682 0.1074 -0.2258
vn -0.2697 0.7739 -0.5730
vn -0.6641 0.0625 -0.7450
vn 0.3476 0.7486 -0.5646
vn 0.3464 0.7421 -0.5738
vn -0.4007 0.0572 -0.9144
vn 0.3039 0.7036 -0.6423
vn 0.1411 0.6145 -0.7762
vn -0.6990 -0.1073 -0.7071
vn 0.5136 0.3022 -0.8030
vn -0.3492 0.3373 -0.8742
vn -0.0191 0.2384 -0.9710
vn 0.4498 0.3797 -0.8084
vn -0.1801 0.3662 -0.9129
vn -0.1335 -0.1527 0.9792
vn 0.2968 0.1400 0.9446
vn 0.0959 0.6142 0.7833
vn 0.1908 0.8409 0.5064
vn 0.0886 0.7834 0.6152
vn -0.0022 0.7082 0.7060
vn 0.0617 0.6246 0.7785
vn -0.8067 0.5185 0.2836
vn 0.1265 0.3744 0.9186
vn 0.2327 0.5414 0.8079
vn 0.7840 0.4335 0.4443
vn -0.8948 0.4387 0.0831
vn -0.9431 0.0947 0.3189
vn -0.7865 0.2852 0.5478
vn -0.9343 0.2382 0.2653
vn 0.9816 0.1873 -0.0364
vn -0.9202 0.3391 -0.1954
vn -0.1529 0.7887 -0.5954
vn -0.1790 0.7137 -0.6772
vn 0.2062 0.5930 -0.7784
vn 0.3678 0.6294 -0.6846
vn 0.3716 0.7834 -0.4982
vn -0.2089 0.2176 -0.9534
vn 0.7663 0.2268 -0.6011
vn 0.6435 0.2630 -0.7188
vn 0.1814 0.3876 -0.9038
vn -0.1757 0.3094 -0.9346
vn -0.5363 0.1431 0.8318
vn -0.9248 0.1511 0.3491
vn 0.1355 0.5134 0.8474
vn -0.0013 0.5827 0.8127
vn 0.9139 0.3360 0.2277
vn -0.7043 -0.0536 0.7079
vn 0.8916 0.3998 0.2128
vn -0.9743 0.0061 -0.2251
vn 0.9623 0.1933 -0.1912
vn 0.0108 0.5958 -0.8031
vn 0.4793 0.6443 -0.5960
vn 0.6002 0.4603 -0.6541
vn -0.5905 -0.1365 -0.7954
vn 0.3784 0.4938 -0.7829
vn -0.2199 0.1262 -0.9673
vn 0.2680 0.3672 -0.8907
vn -0.6539 0.2323 -0.7200
vn 0.3350 0.2755 -0.9010
vn 0.0233 0.2926 0.9560
vn 0.0861 0.3904 0.9166
vn -0.0115 0.3683 0.9296
vn 0.3104 0.5777 0.7549
vn 0.0011 0.6708 0.7416
vn 0.4006 0.5832 0.7067
vn 0.8805 0.3216 0.3484
vn 0.9431 0.2453 -0.2246
vn 0.8911 0.1784 -0.4173
vn 0.2651 0.4589 -0.8480
vn 0.4268 0.6442 -0.6346
vn -0.6435 0.3159 -0.6972
vn 0.5863 0.5382 -0.6055
vn 0.4299 0.2340 -0.8720
vn 0.3481 0.2995 -0.8883
vn 0.0066 0.4321 0.9018
vn 0.0023 0.3558 0.9346
vn 0.2155 0.6311 0.7452
vn 0.3233 0.6392 0.6977
vn 0.9671 0.1866 0.1727
vn 0.7854 0.4869 0.3823
vn -0.7036 -0.1415 -0.6964
vn 0.9037 0.2114 -0.3723
vn 0.8539 0.2089 -0.4766
vn -0.5409 0.4816 -0.6895
vn -0.0193 0.1760 -0.9842
vn -0.1578 0.1500 -0.9760
vn -0.6611 0.0399 -0.7492
vn 0.7774 0.0671 -0.6254
vn -0.6495 -0.0718 -0.7570
vn 0.0566 0.1170 -0.9915
vn -0.3665 0.1879 -0.9112
vn -0.5976 0.3473 -0.7227
vn -0.2831 -0.0707 -0.9565
vn -0.5322 0.1969 0.8234
vn 0.0888 0.4117 0.9070
vn 0.0619 0.4414 0.8952
vn 0.0142 0.4050 0.9142
vn -0.0065 0.7896 0.6136
vn 0.8880 0.3089 0.3406
vn -0.9782 -0.1490 0.1447
vn -0.9346 -0.1540 0.3208
vn 0.8251 0.5577 0.0903
vn 0.3769 0.6788 -0.6302
vn 0.7284 0.6285 -0.2729
vn 0.7512 0.5125 -0.4159
vn 0.7529 0.4625 -0.4683
vn -0.8703 -0.2043 -0.4482
vn -0.9788 -0.1861 -0.0860
vn 0.3490 0.5524 -0.7570
vn 0.4178 0.6737 -0.6096
vn 0.8383 0.0809 -0.5391
vn -0.6325 -0.2346 -0.7382
vn 0.5860 0.5626 -0.5832
vn 0.3111 0.2739 -0.9100
vn -0.2760 0.0882 -0.9571
vn 0.5625 0.2936 -0.7729
vn 0.1844 0.5779 0.7950
vn 0.4472 0.6188 0.6458
vn -0.0466 0.7058 0.7069
vn -0.0254 0.4959 0.8680
vn -0.8085 -0.3243 0.4911
vn 0.9176 0.2697 0.2919
vn 0.7951 0.4603 0.3949
vn -0.7476 -0.4454 0.4927
vn -0.9747 -0.1818 0.1302
vn 0.9629 0.1598 -0.2176
vn 0.4442 0.8496 -0.2844
vn -0.7497 -0.2204 -0.6240
vn 0.3214 0.4919 -0.8091
vn -0.5655 0.3268 -0.7572
vn 0.3085 -0.0943 -0.9465
vn 0.3161 0.1709 -0.9332
vn -0.1833 0.1985 -0.9628
vn 0.0479 0.3877 0.9205
vn 0.0092 0.4330 0.9014
vn -0.1932 0.4532 0.8702
vn -0.1201 0.5869 0.8007
vn 0.4128 0.8703 0.2687
vn 0.7551 0.4141 0.5082
vn -0.9891 -0.0561 0.1363
vn 0.9238 0.1596 0.3481
vn 0.7732 0.3631 0.5199
vn 0.9707 0.2086 0.1191
vn -0.7638 -0.5037 0.4037
vn 0.9402 0.2909 -0.1775
vn 0.7565 0.4539 -0.4708
vn 0.8224 0.3712 -0.4311
vn 0.9810 -0.1418 -0.1327
vn -0.9569 -0.1205 -0.2642
vn 0.0698 0.4610 -0.8846
vn -0.1181 0.7197 -0.6841
vn -0.1729 0.2844 -0.9430
vn 0.6245 0.2341 -0.7451
vn -0.0752 -0.1329 -0.9883
vn -0.6108 0.2171 -0.7615
vn -0.4410 0.6902 0.5737
vn 0.5115 0.6452 0.5675
vn -0.8134 0.2972 0.5001
vn 0.2026 0.6986 0.6862
vn -0.8781 -0.1136 0.4648
vn 0.8119 0.3529 0.4650
vn -0.7498 -0.4147 0.5156
vn 0.9963 0.0624 -0.0588
vn -0.4558 0.2456 -0.8555
vn 0.8899 0.0102 -0.4561
vn 0.4293 -0.0051 -0.9031
vn -0.0153 0.9996 -0.0216
vn -0.2290 0.9732 -0.0193
vn -0.0480 0.7516 0.6579
vn 0.0232 0.9632 0.2678
vn 0.7879 -0.0893 -0.6093
vn 0.7755 0.4989 -0.3870
vn 0.0874 0.9854 -0.1460
vn 0.1955 0.9304 0.3101
vn -0.4311 0.9007 -0.0539
vn 0.5697 0.5554 0.6058
vn 0.2935 0.8606 -0.4161
vn 0.0056 0.5974 0.8019
vn -0.0237 0.4971 0.8673
vn -0.1937 0.7290 0.6565
vn 0.0268 0.5036 0.8635
vn -0.0806 0.6661 0.7415
vn 0.0026 0.5433 0.8396
vn 0.1987 0.6638 0.7210
vn 0.0142 0.8033 0.5954
vn -0.2518 0.5494 0.7967
vn -0.2858 0.3873 0.8765
vn 0.9022 0.2066 0.3786
vn -0.8013 -0.3017 0.5166
vn 0.9679 0.1196 0.2208
vn -0.9871 -0.1299 0.0939
vn -0.8639 -0.4949 -0.0929
vn -0.8289 -0.4163 -0.3736
vn 0.9486 0.0184 -0.3158
vn 0.2567 0.2407 -0.9360
vn 0.4683 0.3123 -0.8265
vn -0.3681 0.3583 -0.8580
vn -0.6383 0.1308 -0.7586
vn -0.4950 0.1513 -0.8556
vn 0.1721 0.5872 0.7910
vn 0.2970 0.5953 0.7466
vn -0.1724 0.9772 0.1243
vn -0.2924 0.7736 0.5622
vn -0.3099 0.9508 -0.0009
vn 0.7008 0.7011 0.1316
vn -0.7245 0.6564 0.2106
vn -0.9854 0.1279 -0.1120
vn 0.7726 -0.2529 0.5824
vn 0.9509 -0.0116 -0.3093
vn -0.4340 0.7957 -0.4225
vn 0.3696 0.8064 -0.4616
vn 0.0749 0.7430 -0.6651
vn 0.9943 -0.0281 -0.1033
vn -0.0547 0.9259 -0.3737
vn -0.1641 0.7651 0.6227
vn -0.1686 0.5398 -0.8247
vn 0.7798 -0.3110 -0.5433
vn 0.2218 0.9258 0.3062
vn 0.0369 0.9699 0.2409
vn 0.8522 0.1521 0.5007
vn 0.0028 0.6578 0.7532
vn -0.0422 0.6945 0.7182
vn -0.0665 0.6647 0.7441
vn 0.2874 0.3368 0.8966
vn -0.7658 -0.3898 0.5114
vn 0.7384 0.2034 0.6430
vn -0.9901 -0.1279 0.0576
vn -0.7600 -0.5365 0.3669
vn -0.7748 -0.5781 0.2559
vn 0.9760 0.0327 0.2152
vn 0.9366 -0.0601 -0.3453
vn 0.7408 0.2101 -0.6380
vn -0.8000 -0.4641 -0.3803
vn -0.9052 -0.3631 -0.2206
vn 0.4695 0.2844 -0.8359
vn -0.1214 0.3442 -0.9310
vn -0.4831 -0.3432 -0.8055
vn 0.3903 -0.0189 -0.9205
vn 0.5070 0.0407 -0.8610
vn -0.2883 0.1403 0.9472
vn 0.5497 0.5196 0.6541
vn -0.0306 0.9422 -0.3337
vn 0.0333 0.5063 -0.8617
vn -0.8035 0.5302 -0.2708
vn 0.7750 0.5906 -0.2249
vn 0.7852 0.6040 0.1365
vn -0.0606 0.7262 0.6848
vn 0.8231 0.5542 -0.1242
vn -0.4826 0.2442 -0.8411
vn -0.4824 0.6938 -0.5347
vn 0.9943 0.0999 -0.0367
vn -0.0598 -0.9981 -0.0178
vn 0.7486 0.3438 -0.5669
vn -0.1829 0.6259 -0.7582
vn -0.6855 0.6161 -0.3880
vn 0.8550 -0.1603 0.4932
vn 0.1300 -0.0230 -0.9913
vn 0.3046 0.6181 -0.7247
vn -0.4207 0.7480 -0.5133
vn -0.6123 0.5203 -0.5953
vn 0.3352 0.0067 -0.9421
vn 0.2838 0.2191 -0.9335
vn -0.0982 0.6335 -0.7675
vn 0.0254 0.0904 -0.9956
vn 0.0644 0.9662 -0.2496
vn -0.5783 0.7176 0.3881
vn 0.7259 0.4166 -0.5473
vn -0.8176 0.3320 0.4704
vn 0.6153 0.2645 0.7426
vn 0.0600 0.9390 0.3385
vn 0.4409 0.8884 0.1278
vn 0.1832 -0.9202 0.3458
vn -0.4156 -0.5906 -0.6918
vn -0.9987 0.0280 0.0417
vn 0.3650 0.7838 0.5024
vn -0.6182 0.6725 0.4070
vn -0.7767 0.1844 -0.6023
vn -0.2751 0.9427 0.1887
vn 0.0743 0.8842 0.4611
vn -0.6065 0.7583 0.2391
vn 0.2551 0.7011 0.6659
vn -0.4298 0.7375 0.5208
vn 0.2141 0.7355 0.6429
vn -0.4145 0.6531 0.6337
vn 0.9153 0.0938 0.3916
vn -0.7418 0.1681 0.6492
vn -0.9400 -0.2941 0.1729
vn -0.2742 -0.1213 -0.9540
vn -0.7127 -0.4499 -0.5382
vn -0.5304 0.2915 -0.7961
vn -0.3840 0.2134 -0.8983
vn -0.5567 0.3507 -0.7531
vn -0.6603 0.0946 -0.7450
vn -0.0690 0.0598 -0.9958
vn 0.1186 0.1086 0.9870
vn 0.1640 0.1214 0.9790
vn 0.4422 0.6493 0.6188
vn -0.6775 0.6920 0.2494
vn 0.0197 0.9834 0.1803
vn 0.1700 0.8514 0.4962
vn -0.7095 0.5368 -0.4565
vn 0.5861 0.7689 0.2554
vn 0.6781 0.6641 0.3150
vn -0.7069 0.4339 -0.5586
vn 0.4713 0.1773 -0.8640
vn 0.1512 -0.6026 -0.7836
vn -0.4327 -0.5908 -0.6810
vn -0.0043 -1.0000 -0.0077
vn 0.0955 0.8621 -0.4976
vn 0.0460 -0.2218 -0.9740
vn 0.1563 0.9865 0.0487
vn 0.2084 0.9779 0.0171
vn -0.4159 0.8052 -0.4228
vn 0.1587 0.0219 -0.9871
vn -0.3565 0.9070 -0.2241
vn -0.0117 0.8424 -0.5387
vn -0.3307 -0.8577 0.3937
vn 0.1697 0.8823 -0.4391
vn 0.2154 -0.8846 -0.4137
vn -0.0052 0.8060 -0.5918
vn 0.0955 0.9732 0.2091
vn -0.1847 0.4889 0.8526
vn -0.3026 0.8752 0.3775
vn -0.2198 0.6501 -0.7274
vn -0.0944 0.9927 -0.0748
vn -0.3408 0.3526 0.8715
vn -0.8260 0.0414 0.5622
vn -0.6978 0.5170 -0.4958
vn 0.4282 0.9013 0.0655
vn -0.3149 -0.1530 0.9367
vn -0.8474 0.5287 0.0485
vn 0.6709 -0.7243 0.1591
vn 0.6320 -0.1223 -0.7653
vn -0.5692 -0.8208 0.0480
vn -0.7096 0.6149 -0.3441
vn 0.8372 0.2230 -0.4994
vn -0.1067 0.6616 -0.7422
vn 0.1479 0.9742 -0.1702
vn 0.1593 0.8921 -0.4228
vn 0.4141 0.8972 -0.1534
vn -0.0619 0.9085 0.4132
vn -0.5970 0.7795 0.1896
vn -0.0307 0.9980 0.0556
vn -0.8798 0.2364 -0.4125
vn 0.0531 0.9985 0.0127
vn 0.0707 0.9566 0.2828
vn -0.0380 0.8261 0.5623
vn 0.5835 0.7784 -0.2317
vn -0.5827 0.8120 0.0339
vn -0.0258 0.8124 0.5825
vn 0.1712 0.4786 0.8612
vn -0.6521 0.4779 0.5885
vn 0.0124 0.9893 -0.1457
vn 0.6754 0.7369 0.0288
vn -0.3927 0.9172 -0.0664
vn -0.1857 0.9717 0.1457
vn 0.0768 0.9608 0.2665
vn 0.5069 0.7771 0.3731
vn 0.9237 0.3725 0.0896
vn 0.1280 0.9012 0.4140
vn 0.3913 -0.7501 0.5332
vn 0.1653 0.7414 0.6504
vn 0.1897 0.7959 0.5749
vn -0.8731 0.4707 -0.1269
vn -0.3056 0.8108 0.4992
vn 0.0640 -0.9038 -0.4230
vn -0.9907 0.1228 0.0591
vn 0.4989 0.7559 0.4239
vn -0.2300 0.9378 0.2599
vn -0.0271 0.9444 0.3275
vn -0.1157 0.8183 0.5631
vn -0.0976 0.8788 0.4671
vn 0.4627 0.8734 -0.1521
vn -0.9978 -0.0310 -0.0587
vn -0.7892 -0.4466 -0.4216
vn 0.2174 0.8912 0.3980
vn 0.2633 0.8921 0.3671
vn -0.1120 -0.7281 -0.6762
vn 0.7509 -0.6545 -0.0880
vn -0.1061 0.9050 0.4120
vn -0.1895 0.9108 0.3667
vn -0.9999 -0.0115 -0.0096
vn 0.2459 -0.4043 -0.8810
vn -0.9674 -0.1724 -0.1855
vn -0.8550 0.3047 0.4198
vn 0.7856 -0.5108 -0.3492
vn -0.0241 0.7634 0.6454
vn -0.5486 0.5988 0.5835
vn -0.3224 0.8854 0.3350
vn -0.8333 -0.3847 0.3970
vn 0.8195 0.1707 0.5471
vn 0.9490 0.0941 0.3008
vn -0.9248 -0.2543 0.2831
vn -0.7559 -0.3863 0.5286
vn 0.9814 -0.0996 -0.1640
vn 0.7817 -0.2621 -0.5659
vn 0.9644 -0.0658 -0.2560
vn -0.6629 -0.4026 -0.6313
vn -0.6783 -0.4325 -0.5940
vn 0.1598 0.1113 -0.9809
vn -0.0695 0.4494 -0.8906
vn 0.0874 0.3182 -0.9440
vn 0.3417 0.4229 -0.8392
vn -0.7058 -0.1770 -0.6860
vn -0.6669 -0.4542 -0.5907
vn -0.5305 0.0736 -0.8445
vn 0.0405 0.0604 -0.9974
vn -0.3732 0.1207 -0.9199
vn 0.6665 0.0986 -0.7390
vn 0.3530 0.0861 0.9317
vn -0.3499 0.3775 0.8574
vn 0.4170 0.5756 0.7034
vn -0.0510 0.9788 0.1983
vn 0.1596 -0.7101 -0.6857
vn -0.0365 0.8838 0.4665
vn 0.9851 0.1717 0.0071
vn -0.0021 -0.6031 -0.7977
vn -0.1521 -0.0832 0.9848
vn -0.1951 -0.9362 -0.2925
vn -0.2951 0.3005 -0.9070
vn 0.6294 0.7707 0.0991
vn -0.2866 0.9544 0.0834
vn 0.5278 0.7936 0.3028
vn -0.7819 0.4362 -0.4454
vn 0.0694 -0.0302 0.9971
vn -0.6186 0.7848 0.0389
vn -0.3945 -0.3674 -0.8422
vn 0.8986 0.3859 -0.2089
vn 0.6634 0.6893 0.2912
vn 0.8128 -0.0921 -0.5752
vn -0.5927 0.7929 0.1411
vn -0.1529 -0.0747 -0.9854
vn 0.7591 0.6176 -0.2059
vn -0.1578 0.8620 0.4817
vn -0.5507 0.8247 0.1290
vn -0.6766 0.3590 -0.6429
vn 0.5984 0.2531 -0.7602
vn 0.4370 0.8994 0.0062
vn 0.3855 0.9227 0.0060
vn -0.9786 0.1623 0.1268
vn -0.0643 0.8779 -0.4745
vn 0.1734 0.9844 0.0315
vn -0.4346 0.8894 0.1414
vn 0.0649 0.9620 0.2651
vn -0.2748 0.9607 -0.0397
vn -0.0147 0.9169 0.3989
vn 0.1312 0.9454 0.2984
vn 0.5056 0.7912 0.3441
vn -0.0859 0.9156 -0.3929
vn -0.1781 0.9828 0.0491
vn -0.2396 0.8640 0.4427
vn -0.9806 -0.1958 -0.0105
vn 0.1421 0.9356 0.3231
vn 0.0426 0.9522 0.3024
vn -0.1657 0.9429 0.2889
vn -0.9334 -0.3517 -0.0711
vn 0.0188 0.9458 0.3242
vn -0.1048 0.9643 0.2431
vn 0.1446 0.0293 0.9891
vn -0.4049 0.8729 0.2722
vn 0.3333 -0.3144 -0.8888
vn -0.0923 0.9533 0.2875
vn -0.0567 0.8447 0.5323
vn -0.8918 -0.2828 0.3530
vn -0.9507 -0.2109 0.2272
vn 0.9955 -0.0587 -0.0748
vn -0.9932 -0.1154 -0.0129
vn -0.8649 -0.4640 -0.1913
vn 0.9426 -0.1767 -0.2832
vn -0.7752 -0.5243 -0.3522
vn 0.9264 -0.2056 -0.3155
vn 0.9041 -0.1148 -0.4116
vn 0.7806 -0.1063 -0.6159
vn 0.2512 0.3134 -0.9158
vn -0.0283 0.0848 -0.9960
vn 0.6404 -0.0061 -0.7680
vn -0.1409 -0.2901 -0.9465
vn -0.2095 -0.1367 -0.9682
vn 0.4389 0.1663 0.8830
vn -0.3080 0.9509 0.0308
vn -0.1748 0.8127 -0.5559
vn 0.4779 0.4790 0.7363
vn -0.9971 -0.0699 -0.0298
vn 0.6933 0.4064 0.5951
vn 0.0963 0.7759 -0.6235
vn 0.6527 0.4711 -0.5933
vn 0.5337 0.8216 -0.2001
vn 0.5523 0.5876 0.5913
vn -0.7356 0.4586 -0.4986
vn -0.7090 0.6992 -0.0920
vn -0.6887 0.5231 -0.5020
vn -0.0120 0.3965 -0.9179
vn -0.7441 0.6435 -0.1793
vn 0.6826 0.3637 0.6339
vn 0.8692 0.4935 0.0296
vn -0.4511 0.6611 0.5995
vn -0.0791 0.9771 0.1977
vn -0.1361 0.9481 0.2875
vn -0.2540 0.6925 0.6752
vn -0.2938 0.8605 0.4162
vn 0.6084 0.0901 0.7885
vn -0.8434 -0.0078 0.5373
vn -0.7789 -0.3943 -0.4878
vn -0.7937 -0.3486 -0.4986
vn 0.0903 0.4999 -0.8613
vn -0.3609 0.3823 -0.8507
vn -0.6521 0.2539 -0.7144
vn -0.0953 -0.0630 0.9935
vn 0.4481 -0.1186 0.8861
vn -0.5398 0.4078 0.7364
vn -0.3712 0.8853 0.2801
vn -0.4984 0.2948 0.8152
vn -0.1041 0.8724 -0.4775
vn -0.2722 0.6135 0.7413
vn -0.3764 0.9205 0.1047
vn -0.3358 0.7821 -0.5250
vn -0.1959 0.9316 0.3063
vn -0.0251 0.9824 -0.1849
vn 0.4650 0.7449 -0.4784
vn -0.2464 0.8512 0.4635
vn -0.2178 0.8337 0.5074
vn 0.3432 0.0737 0.9364
vn -0.6976 0.2268 0.6797
vn -0.9143 0.0855 0.3958
vn -0.9056 -0.3623 0.2202
vn 0.7755 0.0786 0.6264
vn -0.7035 -0.5713 0.4228
vn -0.3294 -0.7504 0.5730
vn 0.8226 -0.3388 -0.4566
vn 0.7805 -0.2757 -0.5611
vn 0.8911 -0.2467 -0.3809
vn -0.7073 -0.5697 -0.4185
vn -0.8193 -0.3343 -0.4659
vn -0.0617 0.5363 -0.8418
vn -0.4502 -0.2275 -0.8634
vn -0.0940 -0.0643 -0.9935
vn -0.3503 -0.1656 -0.9219
vn -0.3290 -0.0058 0.9443
vn -0.2290 -0.0056 0.9734
vn 0.5805 -0.0783 0.8105
vn -0.5619 0.0785 0.8235
vn -0.5039 0.1954 0.8414
vn 0.5891 0.1391 0.7960
vn -0.5616 0.4019 0.7232
vn 0.7689 0.0600 0.6366
vn 0.0254 0.9664 0.2560
vn 0.6338 0.1661 0.7555
vn -0.6896 -0.0101 0.7241
vn -0.7831 -0.4622 0.4161
vn -0.7913 -0.4786 0.3805
vn 0.7150 -0.1039 0.6914
vn -0.9824 -0.1608 -0.0946
vn -0.8834 -0.4475 -0.1391
vn 0.0323 0.5122 -0.8583
vn -0.3014 -0.0095 -0.9535
vn 0.2288 -0.2284 -0.9463
vn -0.6633 -0.1658 -0.7297
vn 0.6499 -0.2260 -0.7256
vn -0.5806 -0.2869 0.7619
vn -0.2021 -0.1928 0.9602
vn -0.6248 -0.2944 0.7232
vn -0.5930 -0.3108 0.7428
vn -0.7117 -0.3207 0.6250
vn 0.8804 -0.0151 0.4739
vn -0.7495 -0.4355 0.4986
vn 0.9595 -0.1557 0.2347
vn -0.8345 -0.3994 0.3796
vn -0.2787 -0.7445 0.6067
vn 0.9705 -0.0526 0.2354
vn -0.8674 -0.4289 -0.2522
vn -0.0787 -0.7116 -0.6982
vn -0.9047 -0.3647 -0.2202
vn -0.7528 -0.5569 -0.3510
vn -0.6965 -0.4332 -0.5721
vn -0.6882 -0.3227 -0.6498
vn 0.6803 -0.2666 -0.6827
vn 0.1428 -0.2637 0.9540
vn 0.2364 -0.0500 0.9704
vn -0.6222 -0.1029 0.7761
vn 0.7748 -0.0183 0.6320
vn -0.8780 -0.3175 0.3582
vn -0.8591 -0.2993 0.4152
vn -0.9005 -0.2251 0.3721
vn -0.8747 -0.4606 0.1508
vn 0.9776 -0.2073 -0.0369
vn -0.9122 -0.3535 -0.2074
vn -0.8251 -0.4433 -0.3503
vn -0.7866 -0.2411 -0.5685
vn 0.7327 -0.1769 -0.6572
vn -0.0760 -0.1379 -0.9875
vn -0.7099 -0.1267 -0.6929
vn 0.3455 -0.2994 -0.8894
vn -0.1747 -0.4510 -0.8752
vn -0.2860 -0.3440 0.8944
vn 0.4227 -0.1823 0.8877
vn -0.5072 -0.3602 0.7829
vn -0.4795 -0.3341 0.8115
vn 0.2019 -0.2325 0.9514
vn 0.1987 -0.0732 0.9773
vn -0.4294 -0.4500 0.7830
vn -0.2661 -0.2406 0.9334
vn 0.4665 -0.1147 0.8770
vn -0.7164 -0.3899 0.5786
vn -0.6487 -0.4207 0.6343
vn -0.7829 -0.4146 0.4638
vn 0.8409 -0.3382 -0.4225
vn 0.6859 -0.3582 -0.6335
vn -0.7444 -0.5367 -0.3972
vn 0.6889 -0.2187 -0.6911
vn 0.9033 -0.0676 -0.4236
vn 0.7714 -0.1436 -0.6199
vn -0.6698 -0.3642 -0.6471
vn 0.3552 -0.1529 0.9222
vn -0.4464 -0.2381 0.8626
vn 0.7674 -0.0022 0.6412
vn -0.9800 -0.1280 0.1525
vn -0.8271 -0.4185 0.3752
vn -0.8290 -0.5472 -0.1156
vn 0.2657 -0.4667 -0.8436
vn -0.8558 -0.3680 -0.3636
vn -0.8879 -0.3935 -0.2384
vn -0.9162 -0.2414 -0.3197
vn 0.8331 -0.1904 -0.5193
vn -0.3259 -0.9213 0.2122
vn -0.1159 -0.1969 0.9736
vn -0.4658 -0.2887 0.8365
vn -0.5187 -0.3816 0.7651
vn 0.6413 -0.0345 0.7665
vn 0.6640 -0.0347 0.7470
vn 0.9632 0.0019 0.2687
vn -0.9729 -0.1695 0.1572
vn 0.9664 -0.1413 -0.2145
vn 0.9637 -0.0569 -0.2608
vn -0.4235 -0.2905 -0.8580
vn -0.4622 -0.2698 -0.8448
vn -0.2811 -0.1788 -0.9429
vn -0.2268 -0.5616 0.7957
vn -0.3214 -0.4487 0.8338
vn 0.5596 -0.1717 0.8108
vn -0.5212 -0.4350 0.7343
vn -0.6195 -0.4589 0.6369
vn -0.6734 -0.5339 0.5115
vn -0.7724 -0.4723 0.4246
vn -0.7162 -0.4804 0.5063
vn -0.7778 -0.3865 0.4955
vn -0.9857 -0.1531 0.0707
vn -0.9897 -0.1278 -0.0646
vn -0.9612 -0.2493 -0.1184
vn -0.8065 -0.4296 -0.4061
vn 0.8564 -0.2567 -0.4479
vn -0.8554 -0.2827 -0.4340
vn 0.0114 -0.1084 -0.9940
vn -0.4994 -0.3315 -0.8004
vn -0.0155 -0.5694 0.8219
vn 0.1094 -0.4164 0.9026
vn -0.1872 -0.3325 0.9243
vn -0.1829 -0.3012 0.9359
vn 0.5174 -0.0129 0.8557
vn -0.6367 -0.4238 0.6442
vn 0.7350 -0.4379 -0.5178
vn 1.0000 -0.0038 -0.0056
vn -0.9028 -0.3636 -0.2298
vn -0.5239 -0.2596 -0.8112
vn 0.7332 -0.3016 -0.6094
vn 0.6230 -0.2883 -0.7272
vn 0.4821 -0.2993 -0.8234
vn -0.0520 -0.4496 -0.8917
vn -0.0424 -0.5063 0.8613
vn 0.2834 -0.2813 0.9168
vn 0.5073 -0.2156 0.8344
vn -0.3622 -0.4260 0.8291
vn -0.3284 -0.4566 0.8268
vn -0.4659 -0.3425 0.8159
vn -0.6682 -0.4750 0.5726
vn -0.7347 -0.3506 0.5808
vn -0.6430 -0.3943 0.6565
vn 0.9989 0.0414 0.0205
vn -0.7968 -0.3592 0.4859
vn 0.8001 -0.3906 -0.4553
vn -0.8324 -0.4359 -0.3422
vn -0.7408 -0.5370 -0.4036
vn 0.9182 -0.2440 -0.3121
vn -0.6031 -0.3653 -0.7091
vn 0.2618 -0.3737 -0.8898
vn -0.5356 -0.4275 -0.7282
vn 0.3375 -0.4503 -0.8266
vn -0.0067 -0.1656 0.9862
vn 0.1975 -0.1729 0.9649
vn -0.5774 -0.5187 0.6305
vn -0.7258 -0.3346 0.6011
vn -0.8251 -0.2692 0.4967
vn -0.8874 -0.3481 0.3023
vn -0.8791 -0.4425 0.1769
vn -0.9147 -0.3788 0.1408
vn 0.8392 -0.3633 -0.4046
vn 0.7336 -0.4551 -0.5047
vn 0.9883 -0.1249 -0.0870
vn 0.8516 -0.3078 -0.4244
vn -0.8679 -0.3952 -0.3010
vn -0.1674 -0.2944 -0.9409
vn 0.4387 -0.3853 -0.8118
vn -0.2532 -0.4742 0.8433
vn -0.2234 -0.4610 0.8588
vn -0.6690 -0.4296 0.6066
vn -0.8248 -0.4125 0.3867
vn -0.8254 -0.5357 0.1784
vn -0.8501 -0.5217 0.0715
vn -0.8940 -0.4473 0.0272
vn -0.8523 -0.5040 -0.1399
vn -0.7351 -0.6170 -0.2810
vn 0.9855 -0.0488 -0.1627
vn -0.8733 -0.3719 -0.3147
vn -0.9610 -0.2709 -0.0552
vn 0.4482 -0.3892 -0.8048
vn -0.3267 -0.3362 -0.8833
vn -0.5840 -0.2825 -0.7610
vn 0.2877 -0.2449 -0.9259
vn 0.4117 -0.3401 -0.8455
vn -0.3374 -0.2552 -0.9061
vn -0.1545 -0.3145 0.9366
vn -0.3895 -0.4859 0.7825
vn -0.3410 -0.5775 0.7418
vn -0.4260 -0.5206 0.7399
vn 0.6633 -0.1067 0.7407
vn -0.5292 -0.5327 0.6604
vn -0.5956 -0.5273 0.6060
vn -0.6894 -0.3894 0.6108
vn -0.6334 -0.6262 0.4546
vn -0.7025 -0.5018 0.5047
vn 0.8074 -0.4200 0.4143
vn 0.8584 -0.3764 0.3484
vn -0.6555 -0.7275 -0.2024
vn -0.0532 -0.9191 -0.3904
vn 0.7450 -0.3882 -0.5425
vn -0.6912 -0.6047 -0.3956
vn -0.9040 -0.3861 -0.1835
vn 0.7999 -0.3714 -0.4714
vn -0.8058 -0.4714 -0.3585
vn 0.6898 -0.3807 -0.6158
vn -0.7725 -0.4374 -0.4604
vn 0.6618 -0.4020 -0.6327
vn 0.5348 -0.4363 -0.7237
vn 0.1891 -0.5390 -0.8208
vn -0.2362 -0.4835 -0.8429
vn -0.1575 -0.1841 -0.9702
vn 0.3313 -0.4953 -0.8031
vn -0.0057 -0.4308 0.9024
vn -0.3207 -0.3879 0.8641
vn 0.2592 -0.0565 0.9642
vn 0.5874 -0.1161 0.8010
vn -0.7731 -0.4788 0.4160
vn -0.9194 -0.3461 0.1872
vn 0.6763 -0.3365 -0.6552
vn 0.8951 -0.2138 -0.3913
vn -0.5201 -0.4031 -0.7530
vn 0.3792 -0.3373 -0.8616
vn -0.1917 -0.5631 -0.8038
vn 0.1524 -0.4035 -0.9022
vn 0.1308 -0.3422 -0.9305
vn 0.2880 -0.3157 0.9041
vn -0.3461 -0.4971 0.7957
vn -0.3811 -0.3894 0.8385
vn -0.4801 -0.4882 0.7288
vn -0.3906 -0.5424 0.7438
vn -0.4836 -0.4341 0.7601
vn 0.7057 -0.0311 0.7078
vn -0.5910 -0.4532 0.6673
vn -0.7564 -0.3141 0.5738
vn -0.6240 -0.5449 0.5601
vn -0.6519 -0.4052 0.6410
vn -0.7205 -0.4970 0.4835
vn -0.7824 -0.5344 0.3197
vn 0.7472 -0.5131 0.4224
vn 0.9188 -0.3158 0.2367
vn -0.8710 -0.4219 0.2519
vn -0.7677 -0.6407 -0.0096
vn -0.8688 -0.3686 -0.3306
vn -0.0359 -0.6222 -0.7820
vn -0.7437 -0.5660 -0.3557
vn -0.9077 -0.3821 -0.1736
vn -0.8680 -0.4472 -0.2159
vn -0.8213 -0.5276 -0.2172
vn 0.7285 -0.3581 -0.5840
vn -0.7502 -0.5190 -0.4096
vn 0.8849 -0.2541 -0.3905
vn -0.2149 -0.3420 -0.9148
vn -0.3795 -0.5774 -0.7229
vn 0.3855 -0.5718 -0.7242
vn 0.3889 -0.5255 -0.7567
vn -0.3315 -0.5937 -0.7332
vn 0.2777 -0.6594 -0.6987
vn -0.3909 -0.4351 -0.8111
vn -0.3515 -0.5066 -0.7873
vn 0.2797 -0.5718 0.7713
vn 0.2638 -0.3204 0.9098
vn -0.2038 -0.3053 0.9302
vn -0.3348 -0.3645 0.8689
vn -0.8126 -0.4496 0.3707
vn -0.8849 -0.3863 0.2602
vn 0.8262 -0.5402 0.1596
vn -0.9199 -0.3686 0.1338
vn -0.8699 -0.4541 -0.1925
vn -0.8710 -0.4136 -0.2653
vn 0.8622 -0.1408 -0.4866
vn 0.8913 -0.3124 -0.3286
vn -0.8434 -0.4796 -0.2424
vn 0.7828 -0.2343 -0.5765
vn 0.7307 -0.2215 -0.6458
vn 0.0703 -0.1921 -0.9788
vn -0.2922 -0.4133 -0.8625
vn -0.2837 -0.4908 0.8238
vn -0.4111 -0.4938 0.7663
vn -0.5710 -0.3411 0.7468
vn -0.5772 -0.5879 0.5667
vn -0.5852 -0.5622 0.5844
vn -0.6702 -0.4910 0.5565
vn -0.7453 -0.3186 0.5857
vn -0.7632 -0.3917 0.5139
vn -0.7462 -0.4409 0.4988
vn 0.6958 -0.4613 0.5504
vn -0.9819 -0.1571 -0.1062
vn 0.7563 -0.3543 -0.5500
vn -0.8233 -0.5364 -0.1856
vn -0.7182 -0.5420 -0.4364
vn -0.7564 -0.4585 -0.4665
vn 0.3526 -0.5051 -0.7877
vn -0.5381 -0.4459 -0.7153
vn -0.4710 -0.4214 -0.7749
vn -0.5002 -0.4972 -0.7090
vn 0.5401 -0.4618 -0.7036
vn 0.4112 -0.3275 -0.8507
vn 0.1811 -0.4024 -0.8974
vn -0.0445 -0.2036 0.9780
vn 0.0391 -0.0950 0.9947
vn -0.3569 -0.3497 0.8662
vn 0.2827 -0.1708 0.9439
vn -0.6177 -0.4261 0.6609
vn -0.4299 -0.4451 0.7855
vn -0.7625 -0.4543 0.4607
vn -0.8533 -0.3788 0.3584
vn -0.9001 -0.3657 0.2367
vn 0.8656 -0.3631 0.3449
vn 0.8013 -0.5252 -0.2865
vn 0.9635 -0.2387 -0.1212
vn -0.8698 -0.4726 -0.1416
vn -0.7929 -0.5770 -0.1958
vn -0.6221 -0.6336 -0.4600
vn -0.2569 -0.5341 -0.8054
vn -0.2706 -0.4951 -0.8256
vn 0.5591 -0.3065 -0.7703
vn -0.0319 -0.1100 -0.9934
vn 0.1617 -0.1912 -0.9681
vn -0.2021 -0.3434 -0.9172
vn -0.7035 -0.3985 -0.5885
vn -0.3378 -0.3167 0.8863
vn -0.5313 -0.6128 0.5850
vn -0.5947 -0.5891 0.5471
vn 0.7015 -0.0069 0.7126
vn -0.5162 -0.3689 0.7730
vn 0.9663 0.1793 0.1850
vn -0.9118 -0.4095 -0.0315
vn 0.9982 -0.0551 0.0218
vn -0.8527 -0.4049 -0.3299
vn 0.6432 -0.3034 -0.7030
vn -0.3963 -0.4549 -0.7976
vn -0.0367 -0.1182 -0.9923
vn -0.0882 -0.1117 -0.9898
vn -0.2978 -0.3850 0.8735
vn -0.3992 -0.4625 0.7917
vn -0.5713 -0.5300 0.6267
vn -0.6134 -0.4484 0.6501
vn 0.7580 0.0029 0.6522
vn 0.7235 0.0202 0.6900
vn -0.7176 -0.5530 0.4233
vn -0.7970 -0.4439 0.4096
vn -0.7399 -0.5798 0.3410
vn -0.8015 -0.5851 -0.1234
vn -0.7488 -0.5723 -0.3342
vn -0.8780 -0.4297 -0.2110
vn -0.8227 -0.4851 -0.2964
vn 0.9042 -0.1985 -0.3782
vn 0.6910 -0.2402 -0.6817
vn -0.8318 -0.4788 -0.2809
vn -0.7190 -0.5893 -0.3684
vn -0.7925 -0.4979 -0.3523
vn 0.6005 -0.3119 -0.7363
vn -0.3893 -0.5927 -0.7051
vn -0.3838 -0.5809 -0.7178
vn -0.3119 -0.4536 -0.8348
vn -0.5774 -0.3744 -0.7256
vn 0.4466 -0.5254 -0.7242
vn 0.3080 -0.7054 -0.6384
vn -0.1602 -0.2611 0.9519
vn -0.6585 -0.2914 0.6939
vn -0.3790 -0.3513 0.8561
vn 0.5867 -0.0192 0.8096
vn -0.8120 -0.4586 0.3610
vn -0.8481 -0.4417 0.2927
vn -0.8457 -0.4133 0.3377
vn -0.7866 -0.4349 -0.4384
vn -0.8404 -0.4974 -0.2152
vn 0.8859 -0.2885 -0.3633
vn 0.8038 -0.3093 -0.5081
vn 0.7430 -0.2705 -0.6122
vn 0.4344 -0.3381 -0.8349
vn 0.3644 -0.2529 -0.8962
vn 0.5070 -0.5371 -0.6741
vn -0.3427 -0.3475 -0.8728
vn 0.2157 -0.2092 0.9538
vn 0.5732 -0.2222 0.7887
vn -0.4814 -0.4583 0.7471
vn -0.6585 -0.4654 0.5914
vn -0.6137 -0.5084 0.6040
vn -0.7194 -0.4348 0.5417
vn -0.7432 -0.4294 0.5131
vn -0.7045 -0.5234 0.4793
vn -0.7444 -0.5535 0.3734
vn -0.7591 -0.4138 0.5025
vn -0.6980 -0.5664 -0.4380
vn -0.7793 -0.4792 -0.4039
vn -0.6722 -0.5979 -0.4366
vn -0.7784 -0.5840 -0.2304
vn -0.5857 -0.5083 -0.6313
vn -0.4782 -0.5236 -0.7051
vn -0.0948 -0.4595 -0.8831
vn -0.1818 -0.2439 -0.9526
vn 0.4595 -0.4122 -0.7867
vn -0.3994 -0.3910 0.8292
vn -0.6234 -0.4595 0.6326
vn -0.7578 -0.5260 0.3860
vn -0.8580 -0.4069 -0.3134
vn -0.8356 -0.5443 -0.0738
vn -0.7836 -0.5724 -0.2415
vn -0.6299 -0.6201 -0.4677
vn -0.5017 -0.4225 -0.7548
vn 0.5277 -0.4447 -0.7237
vn -0.3127 -0.4904 -0.8135
vn -0.1223 -0.5568 -0.8216
vn 0.0143 -0.2073 -0.9782
vn -0.0544 -0.2390 0.9695
vn -0.3241 -0.3202 0.8902
vn 0.8409 0.0235 0.5407
vn -0.6379 -0.4815 0.6011
vn -0.8071 -0.4319 0.4025
vn -0.9186 -0.3578 0.1675
vn -0.7667 -0.5517 -0.3283
vn -0.7130 -0.6547 -0.2508
vn 0.8554 -0.2300 -0.4641
vn -0.2978 -0.5705 -0.7654
vn -0.2311 -0.5268 -0.8179
vn -0.3625 -0.4673 0.8064
vn 0.5257 -0.3903 0.7559
vn -0.4733 -0.4404 0.7629
vn 0.0895 -0.1555 0.9838
vn -0.3649 -0.6854 0.6301
vn -0.5583 -0.5768 0.5964
vn -0.6549 -0.4551 0.6033
vn -0.5351 -0.5759 0.6181
vn -0.5908 -0.5298 0.6085
vn -0.6836 -0.5268 0.5051
vn -0.7490 -0.5292 0.3986
vn -0.8374 -0.4273 0.3409
vn -0.8081 -0.5204 -0.2761
vn -0.6860 -0.6539 -0.3192
vn -0.7109 -0.6272 -0.3181
vn 0.7502 -0.2038 -0.6290
vn -0.6897 -0.6203 -0.3736
vn -0.6875 -0.6240 -0.3714
vn 0.7789 -0.3489 -0.5212
vn 0.7995 -0.2612 -0.5409
vn -0.3061 -0.5919 -0.7457
vn -0.0703 -0.3355 -0.9394
vn -0.2161 -0.6873 -0.6935
vn 0.5312 -0.3832 -0.7556
vn 0.3074 -0.3231 -0.8950
vn -0.1680 -0.3395 -0.9255
vn -0.1745 -0.5292 -0.8304
vn -0.2450 -0.3196 0.9153
vn -0.4468 -0.3329 0.8304
vn -0.3541 -0.4881 0.7977
vn -0.6716 -0.4228 0.6084
vn -0.7929 -0.4586 0.4012
vn 0.9744 0.0356 0.2222
vn -0.8171 -0.4282 0.3861
vn 0.7099 -0.0488 -0.7026
vn -0.8708 -0.4277 -0.2425
vn -0.7570 -0.5723 -0.3154
vn -0.5624 -0.6610 -0.4967
vn -0.3919 -0.6754 -0.6247
vn -0.2202 -0.5342 -0.8162
vn 0.1883 -0.2504 -0.9496
vn 0.2143 -0.4022 0.8901
vn 0.1869 -0.4582 0.8690
vn -0.4419 -0.6482 0.6201
vn -0.3461 -0.5702 0.7450
vn -0.4260 -0.5258 0.7362
vn -0.4628 -0.5616 0.6859
vn 0.5834 -0.1173 0.8037
vn -0.4707 -0.4029 0.7849
vn -0.6187 -0.4704 0.6292
vn -0.5493 -0.4738 0.6883
vn -0.7729 -0.4123 0.4823
vn -0.8256 -0.4499 0.3407
vn -0.7704 -0.4384 0.4629
vn -0.7300 -0.4993 0.4667
vn -0.8304 -0.5331 0.1620
vn 0.7541 0.4891 0.4383
vn -0.8172 -0.5681 -0.0976
vn -0.7103 -0.5978 -0.3716
vn 0.9240 0.2943 -0.2440
vn -0.7353 -0.6292 -0.2518
vn -0.6574 -0.7146 -0.2391
vn -0.8444 -0.4816 -0.2347
vn -0.7039 -0.6222 -0.3428
vn -0.7408 -0.4825 -0.4674
vn -0.5157 -0.6297 -0.5811
vn -0.5983 -0.6525 -0.4650
vn -0.3834 -0.5399 -0.7493
vn -0.3841 -0.6555 -0.6502
vn 0.5904 -0.3370 -0.7334
vn -0.3804 -0.4662 -0.7987
vn -0.2706 -0.5704 -0.7756
vn -0.3493 -0.5800 -0.7359
vn 0.4211 -0.2134 -0.8816
vn -0.2318 -0.4234 -0.8758
vn -0.3664 -0.3484 0.8628
vn -0.3534 -0.4330 0.8292
vn -0.8522 -0.4086 0.3268
vn -0.8441 -0.4912 0.2150
vn 0.9522 0.2107 0.2211
vn 0.9424 0.2593 -0.2111
vn -0.8731 -0.4397 -0.2108
vn 0.9196 -0.1501 -0.3630
vn -0.3601 -0.4295 -0.8282
vn -0.0664 -0.1672 -0.9837
vn -0.3178 -0.4294 -0.8454
vn 0.3258 -0.2824 0.9023
vn -0.3570 -0.4850 0.7983
vn 0.4577 -0.3991 0.7945
vn 0.2325 -0.6057 0.7610
vn -0.3559 -0.2765 0.8927
vn 0.2675 -0.0528 0.9621
vn -0.5224 -0.4960 0.6936
vn -0.5523 -0.5273 0.6457
vn -0.5637 -0.5433 0.6221
vn -0.6518 -0.3451 0.6753
vn -0.6910 -0.4860 0.5350
vn -0.6834 -0.5104 0.5220
vn -0.7920 -0.5261 0.3098
vn 0.9041 0.4273 -0.0013
vn -0.8488 -0.4916 -0.1946
vn -0.7034 -0.5757 -0.4170
vn -0.8552 -0.4791 -0.1979
vn -0.7515 -0.4930 -0.4384
vn -0.6848 -0.4978 -0.5323
vn 0.6578 -0.1940 -0.7278
vn 0.8824 -0.1163 -0.4560
vn -0.5358 -0.6023 -0.5917
vn -0.4739 -0.4657 -0.7474
vn -0.1925 -0.4832 -0.8541
vn -0.3021 -0.4708 -0.8289
vn -0.4620 -0.4860 -0.7419
vn 0.1184 -0.4055 -0.9064
vn -0.2824 -0.3581 0.8900
vn -0.3735 -0.2716 0.8870
vn -0.5155 -0.4522 0.7279
vn -0.5748 -0.3659 0.7319
vn -0.6501 -0.2448 0.7193
vn -0.8179 -0.4172 0.3962
vn 0.7878 0.3737 0.4896
vn -0.8434 -0.5002 0.1961
vn 0.0864 0.8549 0.5116
vn 0.7229 0.4935 -0.4836
vn -0.8843 -0.4517 -0.1177
vn 0.9731 0.1721 -0.1532
vn -0.8737 -0.3895 -0.2915
vn -0.5494 -0.6544 -0.5196
vn -0.5184 -0.5149 -0.6828
vn -0.5554 -0.6339 -0.5383
vn -0.4426 -0.4472 -0.7772
vn 0.2658 -0.1641 -0.9499
vn 0.6379 -0.2006 -0.7435
vn -0.4998 -0.4682 -0.7286
vn -0.2402 -0.3784 -0.8939
vn -0.0962 -0.1976 -0.9756
vn -0.0324 -0.6442 -0.7641
vn 0.0643 -0.1316 0.9892
vn -0.1088 -0.1625 0.9807
vn -0.0140 -0.1602 0.9870
vn -0.6647 -0.3172 0.6765
vn -0.4887 -0.2414 0.8384
vn -0.5196 -0.3367 0.7852
vn -0.7554 -0.4133 0.5084
vn -0.7670 -0.4316 0.4748
vn -0.8912 -0.3728 0.2584
vn 0.7799 0.2906 0.5544
vn -0.8432 -0.5374 0.0112
vn 0.8948 0.3610 -0.2628
vn 0.7433 0.5136 -0.4287
vn -0.8102 -0.5073 -0.2935
vn 0.8523 -0.0830 -0.5164
vn -0.2510 -0.2949 -0.9220
vn -0.4928 -0.4640 -0.7361
vn 0.1515 -0.1535 -0.9765
vn 0.6587 -0.1704 0.7329
vn -0.4472 -0.2776 0.8503
vn 0.4639 -0.0124 0.8858
vn -0.5627 -0.4581 0.6881
vn -0.6366 -0.3976 0.6608
vn -0.7516 -0.5140 0.4134
vn -0.7555 -0.5626 0.3357
vn 0.7786 0.4271 0.4597
vn 0.9768 0.1443 0.1581
vn 0.6489 0.5639 -0.5108
vn -0.7277 -0.5847 -0.3584
vn -0.7230 -0.6089 -0.3264
vn -0.8172 -0.4927 -0.2990
vn -0.7642 -0.5969 -0.2443
vn 0.7365 -0.2762 -0.6175
vn -0.5594 -0.6582 -0.5038
vn -0.5941 -0.6759 -0.4360
vn -0.5080 -0.6224 -0.5955
vn 0.5740 -0.1811 -0.7985
vn -0.3076 -0.5666 -0.7645
vn -0.1925 -0.1242 -0.9734
vn -0.3329 -0.2647 0.9051
vn -0.8218 -0.4602 0.3361
vn -0.6760 -0.5391 0.5023
vn -0.8518 -0.4718 0.2275
vn -0.8951 -0.3810 0.2317
vn -0.8818 -0.4165 -0.2212
vn -0.8173 -0.5720 -0.0687
vn 0.8006 0.3933 -0.4521
vn -0.5496 -0.5949 -0.5866
vn -0.6897 -0.5159 -0.5081
vn -0.2133 -0.4094 -0.8871
vn 0.6795 -0.1974 -0.7066
vn -0.5394 -0.4332 0.7220
vn -0.4149 -0.3768 0.8281
vn -0.5931 -0.4851 0.6426
vn -0.6620 -0.5097 0.5495
vn -0.7914 -0.4478 0.4162
vn -0.6312 -0.5716 0.5243
vn -0.7852 -0.4536 0.4216
vn 0.7935 0.3488 -0.4986
vn -0.7617 -0.5212 -0.3850
vn -0.6377 -0.5981 -0.4854
vn -0.7478 -0.5624 -0.3528
vn -0.6558 -0.4814 -0.5816
vn -0.7752 -0.4408 -0.4524
vn -0.4473 -0.5058 -0.7376
vn -0.6516 -0.4489 -0.6115
vn -0.6306 -0.4786 -0.6110
vn -0.4882 -0.4664 -0.7377
vn -0.3305 -0.4328 -0.8387
vn 0.5981 -0.3834 -0.7038
vn -0.4319 -0.5307 -0.7292
vn -0.5112 -0.4308 -0.7437
vn -0.0618 -0.1035 -0.9927
vn -0.3891 -0.2799 0.8776
vn -0.5137 -0.3122 0.7991
vn 0.7794 0.3843 0.4949
vn 0.9956 0.0594 -0.0723
vn -0.8284 -0.5124 -0.2263
vn 0.9139 0.2049 -0.3504
vn -0.7327 -0.6189 -0.2832
vn 0.9526 0.1242 -0.2779
vn -0.7862 -0.4902 -0.3764
vn -0.3944 -0.4057 -0.8246
vn -0.2761 -0.2840 -0.9182
vn 0.6763 0.0153 0.7365
vn -0.6290 -0.3920 0.6714
vn -0.7702 -0.4618 0.4398
vn -0.8671 -0.4281 0.2548
vn 0.9734 0.0816 0.2140
vn -0.8414 -0.5400 0.0202
vn 0.9707 0.1681 -0.1717
vn -0.8825 -0.4097 -0.2311
vn -0.5693 -0.5760 -0.5866
vn 0.7528 -0.0226 -0.6579
vn -0.4974 -0.4048 -0.7673
vn -0.4823 -0.5174 -0.7069
vn 0.4040 -0.2307 -0.8852
vn -0.5271 -0.3518 0.7735
vn -0.5427 -0.5223 0.6578
vn -0.5059 -0.3114 0.8044
vn -0.7126 -0.3706 0.5957
vn -0.7054 -0.5559 0.4398
vn -0.7281 -0.5975 0.3359
vn -0.7546 -0.5318 0.3844
vn -0.7101 -0.5990 -0.3701
vn -0.8915 -0.4060 -0.2012
vn -0.6638 -0.6738 -0.3246
vn -0.9183 -0.3672 -0.1480
vn -0.5160 -0.5529 -0.6542
vn 0.4486 -0.2334 -0.8627
vn -0.5417 -0.3747 -0.7525
vn 0.6488 -0.2040 -0.7331
vn 0.2390 -0.2665 -0.9337
vn 0.1911 -0.0563 0.9799
vn 0.6971 -0.2098 0.6856
vn 0.6071 -0.3934 0.6904
vn -0.8126 -0.3365 0.4758
vn -0.8322 -0.4235 0.3580
vn -0.9081 -0.3794 0.1769
vn -0.8032 -0.5156 -0.2983
vn -0.7146 -0.5992 -0.3610
vn -0.3770 -0.6871 -0.6211
vn 0.7322 0.0087 -0.6810
vn -0.4034 -0.5394 -0.7392
vn -0.4281 -0.2668 -0.8635
vn -0.1024 -0.0599 0.9929
vn -0.3882 -0.2284 0.8928
vn -0.7941 -0.5642 -0.2263
vn 0.4345 -0.4304 0.7912
vn 0.0085 -0.0818 0.9966
vn -0.5949 -0.4951 0.6332
vn -0.6247 -0.5476 0.5567
vn 0.7171 0.2035 0.6666
vn -0.7144 -0.5786 0.3936
vn -0.9250 -0.2829 0.2537
vn 0.7733 0.2303 -0.5907
vn -0.7073 -0.5369 -0.4599
vn -0.7139 -0.4460 -0.5399
vn 0.7454 0.0042 -0.6666
vn -0.6380 -0.6204 -0.4562
vn -0.6283 -0.5048 -0.5920
vn -0.5076 -0.6617 -0.5518
vn -0.4388 -0.4509 -0.7772
vn 0.4839 -0.2690 -0.8327
vn 0.5576 -0.2624 -0.7876
vn -0.3685 -0.4294 -0.8245
vn -0.4506 -0.5706 -0.6866
vn -0.4040 -0.3289 -0.8536
vn -0.3073 -0.2377 0.9214
vn -0.5313 -0.2831 0.7985
vn -0.3879 -0.2115 0.8971
vn -0.6077 -0.2935 0.7379
vn -0.7103 -0.4145 0.5690
vn 0.7883 0.3020 0.5361
vn -0.8691 -0.3872 0.3078
vn -0.6352 -0.5488 0.5434
vn -0.8128 -0.5474 -0.1992
vn -0.8452 -0.4728 -0.2493
vn -0.8308 -0.4402 -0.3407
vn 0.9684 0.1541 -0.1960
vn -0.4820 -0.6187 -0.6204
vn 0.7755 -0.0041 -0.6313
vn -0.5440 -0.6050 -0.5814
vn 0.6357 -0.1703 -0.7530
vn -0.2207 -0.1755 -0.9594
vn 0.7431 0.0852 0.6637
vn -0.4388 -0.3667 0.8204
vn -0.6926 -0.1907 0.6956
vn -0.8733 -0.2933 0.3890
vn -0.8509 -0.3304 0.4084
vn -0.6961 -0.5252 0.4895
vn -0.8117 -0.5308 0.2436
vn -0.6794 -0.5903 -0.4357
vn 0.7539 0.3793 -0.5365
vn -0.5976 -0.5176 -0.6123
vn -0.5922 -0.5686 -0.5710
vn -0.6220 -0.4279 -0.6558
vn -0.4984 -0.4516 -0.7400
vn 0.0777 -0.5448 -0.8350
vn -0.5568 -0.4109 -0.7219
vn 0.2582 -0.6398 -0.7239
vn 0.0123 -0.4922 -0.8704
vn -0.1803 -0.0472 0.9825
vn -0.3868 -0.1629 0.9077
vn 0.9941 0.0665 0.0857
vn 0.9987 0.0470 0.0186
vn 0.8367 0.2794 -0.4710
vn -0.8081 -0.5146 -0.2866
vn -0.6224 -0.4544 -0.6373
vn -0.5921 -0.4153 -0.6906
vn 0.7034 -0.0173 -0.7105
vn -0.3303 -0.3442 -0.8789
vn -0.5483 -0.5217 -0.6536
vn -0.4658 -0.5280 -0.7101
vn 0.0150 -0.5277 -0.8493
vn -0.1777 -0.2781 -0.9440
vn -0.6078 -0.3507 0.7125
vn 0.7795 0.3484 0.5206
vn 0.7912 0.2709 0.5483
vn -0.8241 -0.3623 0.4353
vn 0.9930 0.1043 -0.0561
vn -0.9014 -0.3634 -0.2354
vn 0.9895 0.0653 -0.1288
vn -0.8389 -0.3969 -0.3725
vn -0.5572 -0.6498 -0.5170
vn -0.7147 -0.4191 -0.5601
vn -0.5418 -0.3367 -0.7701
vn 0.3246 -0.0407 -0.9450
vn 0.4108 -0.3967 -0.8209
vn 0.3433 -0.3334 -0.8781
vn -0.6113 -0.3253 0.7214
vn 0.4248 0.0432 0.9043
vn -0.7486 -0.2963 0.5932
vn -0.5643 -0.5304 0.6326
vn -0.7674 -0.4377 0.4685
vn -0.7374 -0.4861 0.4691
vn -0.8726 -0.4654 0.1480
vn -0.2929 -0.6733 0.6789
vn -0.9786 -0.2054 -0.0088
vn -0.8752 -0.3743 -0.3065
vn -0.6943 -0.5974 -0.4012
vn -0.7769 -0.5123 -0.3661
vn -0.7874 -0.3640 -0.4975
vn -0.5958 -0.4198 -0.6847
vn -0.6511 -0.3372 -0.6800
vn -0.6405 -0.2654 -0.7207
vn -0.2637 -0.4165 -0.8701
vn -0.4279 -0.5003 -0.7527
vn 0.0336 -0.2610 -0.9648
vn -0.1302 -0.1137 0.9850
vn -0.5501 -0.3085 0.7760
vn -0.7897 -0.3870 0.4761
vn 0.8805 0.2128 0.4235
vn -0.8557 -0.4134 -0.3111
vn -0.7987 -0.4970 -0.3393
vn -0.7277 -0.3624 -0.5824
vn -0.3542 -0.3207 -0.8785
vn 0.2612 0.0406 -0.9644
vn -0.5489 -0.4372 -0.7124
vn -0.5467 -0.2987 0.7822
vn -0.5566 -0.3671 0.7453
vn -0.5938 -0.2438 0.7668
vn 0.9190 0.1026 0.3807
vn -0.6948 -0.4846 0.5314
vn -0.6903 -0.4613 0.5574
vn 0.7278 0.2333 0.6448
vn -0.8397 -0.3486 0.4164
vn -0.7737 -0.4831 0.4099
vn -0.8336 -0.3863 0.3948
vn -0.8539 -0.4822 -0.1959
vn -0.7281 -0.4626 -0.5058
vn 0.7319 0.1343 -0.6680
vn -0.7211 -0.4314 -0.5422
vn -0.6787 -0.3899 -0.6223
vn -0.6524 -0.4099 -0.6374
vn 0.1087 0.0644 -0.9920
vn -0.5916 -0.3990 -0.7006
vn 0.2852 0.0979 -0.9535
vn -0.3856 -0.2294 -0.8937
vn -0.3064 -0.1070 0.9459
vn -0.4630 -0.2732 0.8432
vn -0.7325 -0.3544 0.5812
vn 0.9655 0.0971 0.2416
vn -0.8658 -0.4929 -0.0859
vn -0.8789 -0.3592 -0.3137
vn 0.9596 0.0843 -0.2686
vn 0.0967 0.0267 0.9950
vn -0.7967 -0.4389 0.4155
vn -0.9028 -0.3059 0.3024
vn 0.9575 0.2165 0.1904
vn 0.7682 0.3237 0.5523
vn -0.8022 -0.4737 -0.3634
vn -0.9166 -0.3229 -0.2358
vn -0.7995 -0.4246 -0.4249
vn -0.6839 -0.2960 -0.6668
vn -0.6749 -0.4259 -0.6026
vn 0.7052 -0.0005 -0.7090
vn -0.4124 -0.3098 -0.8567
vn -0.3483 -0.2692 -0.8979
vn -0.6093 -0.3986 -0.6855
vn -0.0578 -0.1718 -0.9834
vn 0.4024 -0.2158 0.8897
vn -0.5542 -0.2927 0.7792
vn -0.6990 -0.4395 0.5642
vn -0.7451 -0.4808 0.4622
vn 0.8259 0.5595 -0.0689
vn 0.7578 0.5612 0.3329
vn 0.8085 0.3597 -0.4658
vn -0.9012 -0.3829 -0.2029
vn -0.7399 -0.5646 -0.3656
vn 0.9214 0.3205 -0.2197
vn -0.9470 -0.2301 -0.2241
vn -0.8416 -0.3355 -0.4233
vn -0.6790 -0.3770 -0.6299
vn -0.5746 -0.5848 -0.5725
vn -0.4494 -0.4975 -0.7420
vn 0.2038 0.0105 -0.9790
vn -0.0807 -0.0631 0.9947
vn -0.1564 -0.1555 0.9754
vn -0.8183 -0.2865 0.4983
vn 0.7287 0.3699 0.5764
vn -0.9136 -0.3702 0.1680
vn 0.7435 0.4023 0.5342
vn 0.3940 -0.0828 -0.9154
vn 0.3222 -0.1255 -0.9383
vn -0.5531 -0.3346 -0.7630
vn 0.0839 -0.0388 -0.9957
vn -0.0130 -0.0756 0.9971
vn 0.6684 -0.1308 0.7322
vn -0.5337 -0.3892 0.7508
vn -0.2463 -0.0989 0.9641
vn -0.4993 -0.2278 0.8359
vn -0.6688 -0.4751 0.5718
vn -0.8159 -0.1605 0.5555
vn 0.6915 0.0743 0.7185
vn 0.9397 0.1786 0.2917
vn -0.8784 -0.2665 0.3968
vn -0.8729 -0.3637 0.3252
vn 0.7278 0.3685 0.5784
vn 0.9690 0.2023 0.1420
vn 0.9831 0.1172 -0.1407
vn 0.7503 0.4320 -0.5004
vn 0.6398 0.4720 -0.6065
vn -0.8280 -0.4730 -0.3012
vn -0.7011 -0.5442 -0.4608
vn -0.6260 -0.3946 -0.6726
vn -0.5879 -0.3676 -0.7206
vn -0.5025 -0.2006 0.8410
vn 0.7538 0.3224 0.5725
vn -0.8517 -0.3511 -0.3890
vn 0.9455 0.2043 -0.2535
vn 0.9794 0.0516 -0.1951
vn 0.6951 0.0592 -0.7165
vn 0.7473 0.3238 -0.5803
vn -0.6988 -0.3590 -0.6187
vn -0.6768 -0.3410 -0.6525
vn 0.8391 -0.0023 -0.5440
vn -0.6435 -0.4056 -0.6491
vn -0.5535 -0.3292 -0.7650
vn 0.6532 -0.0017 -0.7572
vn -0.4360 -0.2940 -0.8506
vn -0.2941 -0.2529 -0.9217
vn 0.1329 -0.3262 -0.9359
vn -0.5862 -0.3637 0.7240
vn -0.5988 -0.2433 0.7631
vn 0.5786 0.1228 0.8063
vn -0.6922 -0.0975 0.7151
vn -0.8110 -0.1782 0.5572
vn -0.8630 -0.5026 0.0515
vn 0.6893 0.5662 -0.4520
vn -0.5739 -0.3697 -0.7308
vn -0.4379 -0.2559 -0.8618
vn 0.2409 -0.5269 -0.8151
vn -0.2078 -0.4242 -0.8814
vn -0.5254 -0.4492 0.7226
vn -0.6066 -0.1691 0.7768
vn -0.8831 -0.3013 0.3598
vn -0.8007 -0.4753 0.3647
vn 0.7005 0.4204 0.5767
vn -0.7899 -0.5635 0.2420
vn -0.7943 -0.5287 0.2992
vn 0.6221 0.6156 -0.4838
vn -0.7619 -0.5379 -0.3607
vn -0.8605 -0.3692 -0.3510
vn -0.7344 -0.5132 -0.4441
vn -0.7966 -0.4769 -0.3714
vn -0.6304 -0.4748 -0.6142
vn -0.7110 -0.4100 -0.5713
vn -0.6798 -0.3737 -0.6311
vn 0.2610 -0.2615 -0.9292
vn 0.2401 -0.2251 -0.9443
vn -0.4926 -0.1640 0.8546
vn 0.7396 0.0990 0.6657
vn -0.9045 -0.3622 0.2252
vn -0.9831 -0.1004 0.1534
vn -0.0188 -0.9382 -0.3457
vn 0.6582 0.5475 -0.5168
vn -0.8818 -0.3779 -0.2822
vn -0.5938 -0.4287 -0.6809
vn 0.0891 -0.4259 -0.9003
vn -0.0760 -0.1943 -0.9780
vn -0.1482 -0.1141 0.9824
vn -0.6331 -0.4193 0.6507
vn -0.5750 -0.2195 0.7882
vn 0.8674 0.2185 0.4471
vn 0.8114 0.3346 0.4792
vn -0.8657 -0.2818 0.4137
vn 0.7024 0.3904 0.5952
vn 0.6406 0.4159 0.6455
vn 0.9413 0.1421 0.3061
vn -0.7515 -0.5781 0.3178
vn -0.7130 -0.6033 -0.3573
vn -0.9755 -0.2200 0.0047
vn 0.9368 0.1871 -0.2956
vn 0.6865 0.2849 -0.6690
vn -0.7308 -0.5126 -0.4509
vn 0.6286 0.0580 -0.7756
vn -0.5371 -0.3795 -0.7533
vn -0.5873 -0.2565 -0.7677
vn -0.3087 -0.4812 -0.8204
vn -0.1802 -0.1811 0.9668
vn 0.7085 0.0324 0.7050
vn -0.5403 -0.2378 0.8072
vn -0.7648 -0.1599 0.6241
vn -0.9857 -0.1297 -0.1073
vn 0.7143 0.4338 -0.5492
vn -0.8574 -0.3953 -0.3296
vn 0.7584 0.3517 -0.5488
vn -0.7620 -0.4232 -0.4902
vn -0.6073 -0.4247 -0.6715
vn -0.7099 -0.3575 -0.6069
vn -0.5581 -0.3248 -0.7635
vn 0.3242 0.0672 0.9436
vn 0.7858 0.1768 0.5927
vn 0.9245 0.0612 0.3762
vn -0.7250 -0.4338 0.5349
vn 0.7813 0.6022 0.1640
vn 0.9973 0.0710 0.0168
vn -0.8470 -0.3852 -0.3664
vn 0.7430 0.2833 -0.6064
vn -0.7335 -0.4621 -0.4984
vn -0.8296 -0.3046 -0.4680
vn 0.7344 0.2066 -0.6464
vn -0.7280 -0.4378 -0.5276
vn -0.6725 -0.2264 -0.7046
vn -0.5828 -0.3758 -0.7205
vn -0.6757 -0.3658 -0.6400
vn -0.5290 -0.2609 0.8075
vn -0.5175 -0.1428 0.8437
vn 0.7402 0.1501 0.6554
vn 0.7239 0.2133 0.6561
vn 0.9918 0.0645 -0.1106
vn 0.9664 0.0621 -0.2493
vn 0.7051 -0.0127 -0.7090
vn -0.5403 -0.3198 -0.7783
vn -0.4309 -0.2723 -0.8603
vn -0.2543 -0.0889 0.9630
vn -0.8532 -0.3268 0.4064
vn 0.9837 0.0856 0.1584
vn -0.9821 -0.1871 0.0231
vn -0.8950 -0.3206 -0.3102
vn -0.8058 -0.3753 -0.4581
vn -0.8109 -0.2896 -0.5085
vn -0.6635 -0.4073 -0.6276
vn -0.7170 -0.3796 -0.5846
vn 0.5782 -0.0060 -0.8158
vn -0.1012 -0.0722 -0.9922
vn -0.5172 -0.4833 0.7063
vn -0.6328 -0.1887 0.7509
vn -0.6250 -0.2022 0.7540
vn -0.9006 -0.1332 0.4137
vn 0.7528 0.2078 0.6246
vn 0.7468 0.3563 0.5616
vn -0.9380 -0.2100 0.2758
vn -0.8165 -0.4110 -0.4054
vn -0.7965 -0.4502 -0.4036
vn -0.7661 -0.3136 -0.5610
vn -0.5660 -0.3306 -0.7553
vn -0.3798 -0.2592 -0.8880
vn -0.3389 -0.1345 0.9312
vn -0.6013 -0.1718 0.7804
vn 0.8992 0.1901 0.3942
vn 0.9970 0.0715 -0.0296
vn -0.8736 -0.3701 -0.3160
vn -0.8349 -0.4069 -0.3706
vn 0.2468 -0.0428 -0.9681
vn -0.1888 -0.1802 0.9654
vn 0.0481 -0.0505 0.9976
vn 0.7730 0.0419 0.6330
vn 0.7097 0.1197 0.6943
vn -0.8131 -0.4253 0.3974
vn -0.7787 -0.3863 0.4944
vn -0.7766 -0.4570 -0.4336
vn 0.9323 0.1752 -0.3163
vn 0.6561 0.4162 -0.6295
vn 0.9247 0.3092 -0.2222
vn -0.8359 -0.3076 -0.4545
vn 0.9590 0.1235 -0.2550
vn -0.7042 -0.3722 -0.6046
vn -0.7156 -0.1916 -0.6717
vn -0.6394 -0.3821 -0.6672
vn -0.5787 -0.3867 -0.7180
vn -0.6238 -0.2751 -0.7315
vn -0.3867 -0.3486 -0.8538
vn 0.6700 -0.1705 -0.7225
vn -0.2907 -0.1080 0.9507
vn -0.4384 -0.1388 0.8880
vn 0.5412 0.1636 0.8249
vn -0.8252 -0.4471 -0.3451
vn -0.4002 -0.6155 -0.6790
vn -0.8831 -0.2906 -0.3684
vn -0.6025 -0.3779 0.7030
vn 0.6780 0.3347 0.6544
vn -0.7904 -0.4387 -0.4277
vn 0.7504 0.3304 -0.5725
vn 0.7368 0.4411 -0.5124
vn -0.7001 -0.3539 -0.6201
vn -0.4638 -0.3492 -0.8142
vn 0.3895 -0.1461 -0.9094
vn -0.4800 -0.3517 -0.8037
vn 0.1944 0.0324 0.9804
vn -0.5287 -0.2387 0.8146
vn -0.3326 -0.1037 0.9373
vn 0.7330 0.2996 0.6107
vn -0.8378 -0.1472 0.5257
vn -0.9609 -0.1361 0.2412
vn -0.9559 -0.2187 0.1961
vn -0.7836 -0.4903 0.3816
vn -0.7936 -0.5851 0.1671
vn 0.8361 0.4636 -0.2932
vn 0.9762 0.0957 -0.1945
vn -0.7956 -0.4850 -0.3630
vn -0.8814 -0.2847 -0.3770
vn -0.6596 -0.3902 -0.6424
vn -0.6803 -0.2265 -0.6971
vn -0.6333 -0.3006 -0.7132
vn -0.5884 -0.4094 -0.6973
vn -0.4705 -0.3654 -0.8032
vn -0.7915 -0.1890 0.5812
vn 0.9492 0.0735 0.3059
vn -0.9389 -0.3030 0.1634
vn 0.8438 0.4186 0.3358
vn -0.9435 -0.3034 -0.1335
vn -0.7585 -0.3830 -0.5272
vn -0.7451 -0.2137 -0.6318
vn -0.3456 -0.3036 -0.8879
vn -0.6927 -0.1942 0.6946
vn -0.5995 -0.4441 0.6659
vn -0.2247 -0.0412 0.9736
vn -0.6768 -0.1761 0.7148
vn -0.5441 -0.2064 0.8132
vn 0.7857 0.5083 0.3525
vn 0.7170 0.6199 -0.3188
vn 0.8565 0.4208 -0.2987
vn -0.9324 -0.2294 -0.2794
vn -0.7776 -0.3067 -0.5489
vn -0.7441 -0.3835 -0.5471
vn 0.7789 0.0208 -0.6268
vn -0.5963 -0.4316 -0.6769
vn -0.4767 -0.3275 -0.8158
vn -0.5024 -0.2850 -0.8163
vn 0.7936 0.3122 0.5223
vn 0.8972 0.2409 0.3700
vn 0.8478 0.4650 0.2551
vn 0.9041 0.3395 -0.2593
vn 0.9307 0.2205 -0.2918
vn -0.7274 -0.2904 -0.6217
vn 0.7375 0.1088 -0.6665
vn -0.6993 -0.3299 -0.6342
vn 0.6601 -0.0415 -0.7500
vn 0.2332 -0.0406 -0.9716
vn -0.4351 -0.2715 -0.8585
vn 0.6442 -0.2524 -0.7220
vn 0.0854 -0.3338 -0.9388
vn -0.8569 -0.1519 0.4926
vn 0.6017 0.2153 0.7692
vn -0.6585 -0.2263 0.7177
vn -0.8987 -0.2140 0.3829
vn 0.7666 0.2645 0.5851
vn 0.9844 0.1037 0.1422
vn 0.7238 0.2252 -0.6523
vn -0.8368 -0.4103 -0.3624
vn 0.6932 0.4397 -0.5710
vn 0.7540 0.4164 -0.5080
vn -0.6513 -0.3888 -0.6516
vn -0.6140 -0.4431 -0.6532
vn -0.5252 -0.2929 -0.7990
vn 0.6139 -0.2150 -0.7595
vn -0.6063 -0.3113 -0.7318
vn -0.2438 -0.1661 0.9555
vn -0.6945 -0.1613 0.7012
vn 0.6020 0.4349 0.6697
vn 0.8904 0.1595 0.4263
vn -0.7743 -0.3470 -0.5292
vn -0.8618 -0.3363 -0.3798
vn 0.9475 0.1261 -0.2939
vn -0.8902 -0.3219 -0.3225
vn 0.6624 0.0771 -0.7451
vn -0.5724 -0.3433 -0.7447
vn 0.7302 -0.0171 -0.6830
vn -0.5847 -0.3640 -0.7250
vn -0.4308 -0.2523 -0.8664
vn -0.3628 -0.3047 -0.8807
vn -0.6264 -0.1789 0.7587
vn -0.3455 -0.1699 0.9229
vn 0.8526 0.2235 0.4723
vn -0.9831 -0.1791 0.0388
vn 0.9967 0.0413 -0.0694
vn -0.7534 -0.3278 -0.5700
vn -0.5898 -0.3821 -0.7114
vn 0.7256 -0.0301 -0.6875
vn -0.4298 -0.2193 -0.8759
vn -0.6466 -0.2935 0.7041
vn 0.4585 0.1889 0.8684
vn -0.4948 -0.1446 0.8569
vn -0.6273 -0.1742 0.7590
vn 0.6454 0.4749 0.5983
vn -0.8871 -0.3603 -0.2886
vn -0.5272 -0.5785 -0.6224
vn 0.9844 0.0919 -0.1498
vn -0.4832 -0.5969 -0.6404
vn -0.7452 -0.5044 -0.4361
vn -0.6005 -0.2732 -0.7515
vn -0.5818 -0.3106 -0.7517
vn 0.5684 -0.2842 -0.7721
vn -0.1607 -0.0455 0.9859
vn 0.9772 0.0604 0.2034
vn 0.9388 0.2361 -0.2508
vn -0.8094 -0.2839 -0.5140
vn -0.8088 -0.3319 -0.4855
vn -0.5996 -0.2499 -0.7603
vn 0.1451 -0.2175 -0.9652
vn 0.2976 0.2151 0.9302
vn -0.5794 -0.1403 0.8029
vn 0.6527 0.1589 0.7407
vn 0.7027 0.2693 0.6586
vn -0.9495 -0.1263 0.2871
vn -0.8680 -0.2391 0.4352
vn -0.7520 -0.4528 -0.4791
vn 0.7876 0.2870 -0.5453
vn 0.7378 0.4004 -0.5435
vn 0.9044 0.1673 -0.3925
vn -0.7296 -0.4191 -0.5404
vn -0.6924 -0.2672 -0.6702
vn -0.6592 -0.4833 -0.5761
vn -0.6690 -0.3400 -0.6609
vn -0.4592 -0.3321 -0.8239
vn 0.7164 0.1259 0.6862
vn 0.9087 0.0649 0.4124
vn -0.8341 -0.4925 0.2484
vn -0.8055 -0.4807 -0.3465
vn -0.8371 -0.3186 -0.4448
vn 0.8514 0.0110 -0.5244
vn 0.6677 0.2285 -0.7085
vn -0.3974 -0.2762 -0.8751
vn -0.4646 -0.2554 -0.8479
vn -0.2134 -0.3764 0.9015
vn 0.9058 0.1638 0.3909
vn 0.7867 0.2791 0.5506
vn 0.9976 0.0684 0.0137
vn -0.8593 -0.4077 -0.3089
vn -0.7032 -0.2676 -0.6587
vn -0.6235 -0.3776 -0.6846
vn -0.1035 -0.2135 -0.9714
vn -0.0499 -0.4897 -0.8705
vn -0.6360 -0.5143 0.5753
vn -0.7742 -0.1669 0.6105
vn 0.7870 0.2755 0.5520
vn -0.9617 -0.2288 0.1512
vn 0.9569 0.1871 0.2223
vn -0.7904 -0.5005 -0.3532
vn -0.8677 -0.3154 -0.3843
vn -0.7713 -0.3018 -0.5604
vn -0.9110 -0.2507 -0.3274
vn 0.9657 0.0771 -0.2480
vn 0.7683 0.3475 -0.5376
vn -0.9122 -0.2381 -0.3334
vn -0.6849 -0.4467 -0.5756
vn -0.6585 -0.1781 -0.7313
vn -0.6923 -0.3981 -0.6018
vn -0.5936 -0.2936 -0.7493
vn 0.0375 -0.1259 -0.9913
vn 0.2614 0.0424 0.9643
vn -0.9086 -0.3702 -0.1935
vn 0.4943 -0.2117 -0.8431
vn -0.0664 -0.1333 0.9889
vn -0.6679 -0.1062 0.7367
vn -0.6357 -0.3646 0.6804
vn -0.6118 -0.1670 0.7732
vn -0.7204 -0.2778 0.6355
vn -0.9275 -0.1749 0.3303
vn -0.9740 -0.1203 -0.1920
vn -0.7199 -0.4660 -0.5144
vn -0.8057 -0.3434 -0.4827
vn 0.7833 0.1836 -0.5940
vn -0.6594 -0.3457 -0.6676
vn -0.7337 -0.3238 -0.5974
vn 0.7079 0.0147 -0.7062
vn 0.6111 -0.0643 -0.7889
vn -0.6781 -0.1721 -0.7145
vn -0.6424 -0.3189 -0.6969
vn 0.1904 -0.1359 -0.9723
vn 0.4089 0.1327 0.9029
vn 0.6675 0.0676 0.7415
vn 0.5609 0.2286 0.7957
vn 0.7654 0.3644 0.5305
vn 0.9496 0.2529 -0.1853
vn -0.9000 -0.3496 -0.2603
vn -0.7029 -0.2977 -0.6460
vn -0.5272 -0.2545 -0.8107
vn -0.3636 -0.1707 -0.9158
vn -0.4999 -0.1816 0.8468
vn 0.7383 0.2541 0.6248
vn 0.8515 0.3611 0.3803
vn 0.8538 0.5207 -0.0022
vn -0.7868 -0.3435 -0.5128
vn 0.8017 0.4190 -0.4263
vn -0.7957 -0.3345 -0.5049
vn -0.6629 -0.4006 -0.6325
vn -0.6651 -0.3845 -0.6401
vn -0.6912 -0.1986 -0.6948
vn -0.6944 -0.3163 -0.6463
vn -0.6362 -0.3346 -0.6952
vn 0.7056 -0.1802 -0.6853
vn -0.7282 -0.1629 0.6657
vn 0.9695 0.0876 0.2290
vn 0.8096 0.3720 0.4541
vn 0.8897 0.3106 -0.3347
vn -0.8744 -0.2879 -0.3906
vn 0.9050 0.2229 -0.3624
vn 0.7185 0.0300 -0.6949
vn 0.6588 0.1569 -0.7357
vn -0.4407 -0.2422 -0.8644
vn -0.4917 -0.1255 0.8617
vn -0.8968 -0.4331 -0.0901
vn 0.9863 0.1468 0.0750
vn -0.9199 -0.2374 -0.3121
vn -0.8389 -0.3390 -0.4259
vn -0.8494 -0.2694 -0.4538
vn 0.1898 -0.1138 -0.9752
vn 0.0018 -0.1819 -0.9833
vn -0.7880 -0.2255 0.5729
vn 0.7734 0.3500 0.5285
vn 0.7397 0.2957 0.6045
vn 0.6766 0.2295 -0.6996
vn -0.6969 -0.5440 -0.4673
vn -0.7975 -0.4716 -0.3762
vn 0.7517 0.4251 -0.5042
vn 0.9142 0.1653 -0.3700
vn -0.7220 -0.2878 -0.6292
vn 0.6056 -0.1069 -0.7885
vn 0.6204 0.2915 0.7281
vn -0.8860 -0.4133 0.2101
vn 0.9465 0.0853 0.3112
vn -0.8813 -0.3531 -0.3140
vn -0.7167 -0.3894 -0.5786
vn -0.6442 -0.2240 -0.7314
vn -0.6276 -0.4135 -0.6597
vn -0.6585 -0.1653 -0.7342
vn -0.6526 -0.1583 0.7410
vn 0.6697 0.1360 0.7301
vn -0.4778 -0.1428 0.8668
vn -0.6325 -0.2518 0.7325
vn -0.8430 -0.1671 0.5114
vn -0.9434 -0.2062 0.2598
vn 0.7222 0.2852 0.6301
vn -0.7713 -0.4388 -0.4611
vn -0.7892 -0.3053 -0.5329
vn -0.7030 -0.4251 -0.5703
vn 0.6454 0.2560 -0.7197
vn 0.5612 -0.2288 -0.7954
vn -0.5776 -0.3028 -0.7581
vn -0.1391 -0.1519 0.9786
vn -0.2567 -0.0470 0.9653
vn 0.5908 0.3403 0.7315
vn 0.9648 0.0451 -0.2590
vn 0.8153 0.3140 -0.4864
vn -0.5264 -0.2750 -0.8045
vn -0.4343 -0.3912 -0.8114
vn -0.6093 -0.3437 -0.7145
vn -0.3479 -0.2710 -0.8975
vn -0.6302 -0.1589 0.7600
vn 0.2801 0.2770 0.9191
vn 0.9195 0.1903 0.3438
vn -0.9221 -0.2870 -0.2597
vn -0.7235 -0.3197 -0.6118
vn -0.8638 -0.2498 -0.4375
vn -0.7061 -0.2973 -0.6427
vn -0.8164 -0.3325 -0.4721
vn -0.2993 -0.2158 -0.9294
vn -0.7091 -0.2251 0.6682
vn 0.9350 0.1093 0.3374
vn -0.8979 -0.4393 -0.0275
vn -0.8764 -0.2819 -0.3905
vn -0.9506 -0.2105 -0.2283
vn 0.7616 0.1720 -0.6247
vn -0.8169 -0.2924 -0.4973
vn -0.6616 -0.3841 -0.6440
vn -0.7221 -0.2605 -0.6409
vn -0.5469 -0.5260 -0.6513
vn -0.6661 -0.3536 -0.6568
vn -0.5770 -0.3820 -0.7219
vn 0.3340 -0.2691 0.9034
vn -0.5869 -0.1220 0.8004
vn 0.4259 0.2698 0.8636
vn 0.9675 0.1547 0.2001
vn 0.3790 -0.2252 -0.8976
vn -0.4547 -0.5231 -0.7209
vn 0.6872 -0.1514 0.7105
vn 0.6843 0.2995 0.6649
vn -0.9236 -0.3516 -0.1529
vn -0.8696 -0.3966 -0.2943
vn -0.8588 -0.3504 -0.3738
vn -0.7610 -0.3099 -0.5699
vn -0.8516 -0.2796 -0.4434
vn 0.2878 -0.0459 -0.9566
vn -0.4123 -0.4553 -0.7891
vn 0.3714 -0.2479 -0.8948
vn -0.4345 -0.4051 -0.8044
vn -0.6070 -0.2149 0.7651
vn -0.8644 -0.1531 0.4789
vn 0.7349 0.1582 0.6594
vn -0.9356 -0.2336 0.2647
vn 0.7678 -0.0516 -0.6386
vn -0.5109 -0.2746 -0.8146
vn -0.4180 -0.2502 -0.8733
vn 0.3310 0.1981 0.9226
vn -0.5093 -0.1971 0.8377
vn 0.7312 -0.0216 0.6818
vn 0.8223 0.0926 0.5614
vn 0.9829 0.1675 -0.0770
vn -0.8099 -0.2577 -0.5269
vn -0.8407 -0.3084 -0.4451
vn -0.7413 -0.3532 -0.5707
vn -0.7365 -0.2608 -0.6241
vn -0.8304 -0.3177 -0.4578
vn -0.7022 -0.1572 -0.6944
vn -0.0886 -0.2201 -0.9714
vn -0.4566 -0.4081 -0.7906
vn 0.5718 -0.1579 0.8050
vn 0.8993 -0.0288 0.4364
vn 0.6506 -0.4907 0.5796
vn 0.9823 -0.1243 0.1398
vn 0.1995 0.9567 0.2118
vn -0.8754 -0.3274 -0.3557
vn 0.9789 -0.0512 -0.1979
vn 0.6095 -0.2991 -0.7342
vn 0.7419 -0.3441 -0.5755
vn -0.7180 -0.2513 -0.6491
vn 0.6795 -0.1061 -0.7260
vn 0.5402 -0.3158 -0.7800
vn -0.0938 -0.2799 -0.9554
vn 0.2269 -0.1810 0.9570
vn -0.5054 -0.2996 0.8092
vn 0.4536 -0.2706 0.8491
vn -0.8154 -0.3616 -0.4521
vn 0.8743 -0.4528 -0.1747
vn -0.8664 -0.3832 -0.3203
vn -0.7554 -0.3213 -0.5711
vn 0.7776 -0.0538 -0.6264
vn -0.7304 -0.3662 -0.5766
vn 0.5333 -0.4240 -0.7320
vn 0.2520 -0.3286 0.9102
vn 0.2416 -0.3503 0.9049
vn -0.7173 -0.3449 0.6055
vn -0.7941 -0.5825 0.1737
vn 0.5599 -0.7888 0.2536
vn 0.7547 0.1946 0.6266
vn 0.7614 0.6480 -0.0194
vn -0.5326 -0.8394 -0.1086
vn 0.9363 0.1941 -0.2925
vn -0.7481 -0.5434 -0.3809
vn -0.7518 -0.4913 -0.4399
vn 0.7573 0.0343 -0.6521
vn -0.6447 -0.4687 -0.6039
vn 0.4148 0.0588 -0.9080
vn -0.5862 -0.3778 -0.7167
vn -0.1923 -0.4577 -0.8681
vn -0.3548 -0.7198 0.5967
vn -0.2907 -0.8137 0.5033
vn -0.8010 -0.5966 0.0485
vn 0.9867 -0.1082 0.1214
vn -0.7965 -0.5867 -0.1464
vn -0.6320 -0.4105 -0.6573
vn -0.5332 -0.7575 -0.3767
vn -0.6338 -0.3986 -0.6629
vn 0.2445 -0.7448 -0.6209
vn 0.3580 -0.8022 0.4778
vn 0.3451 -0.7484 0.5664
vn 0.3447 -0.8164 0.4634
vn -0.5535 -0.4423 0.7057
vn 0.1553 -0.9700 0.1869
vn 0.5665 -0.7776 0.2728
vn 0.2582 -0.9519 0.1648
vn -0.1690 -0.0308 0.9851
vn 0.4638 -0.6929 0.5520
vn 0.6681 -0.3965 -0.6297
vn -0.3551 -0.8602 -0.3659
vn 0.5296 -0.8482 0.0134
vn 0.3359 -0.9274 -0.1647
vn -0.5485 -0.7771 -0.3086
vn -0.4850 -0.8358 -0.2572
vn 0.4375 -0.7538 -0.4902
vn 0.5250 -0.5236 -0.6710
vn -0.2086 -0.9557 -0.2076
vn 0.2034 -0.9303 -0.3052
vn -0.5340 -0.5058 -0.6775
vn -0.4251 -0.7648 -0.4840
vn -0.6849 -0.4977 -0.5321
vn 0.0240 -0.8380 -0.5451
vn -0.2234 -0.9438 0.2437
vn 0.2284 -0.7462 0.6253
vn -0.3967 -0.9178 0.0156
vn -0.2263 -0.9570 -0.1813
vn 0.2894 -0.9140 -0.2842
vn 0.1383 -0.9875 -0.0756
vn 0.0534 -0.5959 0.8013
vn 0.0693 -0.9969 0.0383
vn -0.0407 -0.9741 0.2225
vn -0.3521 -0.8729 0.3378
vn 0.8585 -0.5115 -0.0376
vn -0.0089 -0.9997 -0.0209
vn 0.0162 -0.9999 -0.0056
vn -0.0270 -0.9996 -0.0012
vn 0.5051 -0.8542 0.1234
vn -0.0609 -0.9957 -0.0696
vn 0.0229 -0.9997 0.0111
vn 0.4543 -0.8799 -0.1391
vn 0.2231 -0.9353 -0.2747
vn 0.1403 -0.9734 -0.1813
vn -0.5140 -0.8297 -0.2176
vn 0.2891 -0.8930 -0.3450
vn -0.1461 -0.9723 -0.1826
vn 0.1915 -0.9104 -0.3668
vn -0.2201 -0.9156 -0.3364
s 1
usemtl mtl1
f 3426//3412 3415//3413 3414//3414
f 3419//3415 3414//3414 3415//3413
f 3412//3416 3415//3413 3427//3417
f 3419//3415 3443//3418 3414//3414
f 3419//3415 3415//3413 3412//3416
f 3428//3419 3416//3420 3443//3418
f 3427//3417 3417//3421 3418//3422
f 3412//3416 3421//3423 3413//3424
f 3419//3415 3412//3416 3413//3424
f 3421//3423 3427//3417 3418//3422
f 3420//3425 3419//3415 3413//3424
f 3444//3426 3419//3415 3420//3425
f 3420//3425 3431//3427 3444//3426
f 3413//3424 3421//3423 3420//3425
f 3421//3423 3433//3428 3420//3425
f 3425//3429 3422//3430 3439//3431
f 3423//3432 3422//3430 3425//3429
f 3424//3433 3426//3412 3414//3414
f 3414//3414 3442//3434 3424//3433
f 3443//3418 3425//3429 3442//3434
f 3442//3434 3414//3414 3443//3418
f 3416//3420 3425//3429 3443//3418
f 3426//3412 3427//3417 3415//3413
f 3425//3429 3441//3435 3423//3432
f 3417//3421 3426//3412 3440//3436
f 3426//3412 3417//3421 3427//3417
f 3429//3437 3417//3421 3440//3436
f 3425//3429 3416//3420 3428//3419
f 3443//3418 3444//3426 3428//3419
f 3427//3417 3421//3423 3412//3416
f 3443//3418 3419//3415 3444//3426
f 3417//3421 3429//3437 3418//3422
f 3428//3419 3446//3438 3425//3429
f 3430//3439 3428//3419 3444//3426
f 3418//3422 3429//3437 3475//3440
f 3431//3427 3430//3439 3444//3426
f 3477//3441 3418//3422 3445//3442
f 3432//3443 3418//3422 3477//3441
f 3449//3444 3432//3443 3477//3441
f 3418//3422 3432//3443 3421//3423
f 3420//3425 3433//3428 3431//3427
f 3450//3445 3433//3428 3432//3443
f 3438//3446 3434//3447 3436//3448
f 3455//3449 3435//3450 3423//3432
f 3438//3446 3436//3448 3439//3431
f 3435//3450 3438//3446 3439//3431
f 3435//3450 3439//3431 3422//3430
f 3423//3432 3435//3450 3422//3430
f 3436//3448 3437//3451 3439//3431
f 3440//3436 3437//3451 3456//3452
f 3439//3431 3437//3451 3424//3433
f 3437//3451 3440//3436 3426//3412
f 3424//3433 3437//3451 3426//3412
f 3439//3431 3424//3433 3442//3434
f 3439//3431 3442//3434 3425//3429
f 3440//3436 3475//3440 3429//3437
f 3441//3435 3425//3429 3446//3438
f 3430//3439 3446//3438 3428//3419
f 3475//3440 3445//3442 3418//3422
f 3431//3427 3446//3438 3430//3439
f 3433//3428 3447//3453 3431//3427
f 3446//3438 3431//3427 3448//3454
f 3421//3423 3432//3443 3433//3428
f 3431//3427 3447//3453 3448//3454
f 3432//3443 3449//3444 3450//3445
f 3450//3445 3449//3444 3451//3455
f 3447//3453 3433//3428 3450//3445
f 3449//3444 3452//3456 3451//3455
f 3448//3454 3447//3453 3454//3457
f 3446//3438 3448//3454 3454//3457
f 3453//3458 3446//3438 3454//3457
f 3454//3457 3450//3445 3451//3455
f 3447//3453 3450//3445 3454//3457
f 3451//3455 3452//3456 3461//3459
f 3468//3460 3469//3461 3455//3449
f 3436//3448 3471//3462 3437//3451
f 3471//3462 3436//3448 3434//3447
f 3435//3450 3469//3461 3434//3447
f 3435//3450 3455//3449 3469//3461
f 3434//3447 3438//3446 3435//3450
f 3473//3463 3455//3449 3423//3432
f 3456//3452 3474//3464 3440//3436
f 3423//3432 3441//3435 3473//3463
f 3440//3436 3474//3464 3475//3440
f 3441//3435 3446//3438 3476//3465
f 3476//3465 3446//3438 3457//3466
f 3457//3466 3446//3438 3458//3467
f 3458//3467 3446//3438 3453//3458
f 3449//3444 3477//3441 3459//3468
f 3449//3444 3459//3468 3460//3469
f 3452//3456 3449//3444 3460//3469
f 3460//3469 3461//3459 3452//3456
f 3451//3455 3461//3459 3462//3470
f 3454//3457 3451//3455 3462//3470
f 3463//3471 3454//3457 3462//3470
f 3453//3458 3454//3457 3464//3472
f 3463//3471 3462//3470 3465//3473
f 3464//3472 3454//3457 3463//3471
f 3484//3474 3470//3475 3467//3476
f 3469//3461 3467//3476 3470//3475
f 3468//3460 3467//3476 3469//3461
f 3469//3461 3470//3475 3471//3462
f 3487//3477 3468//3460 3455//3449
f 3469//3461 3471//3462 3434//3447
f 3471//3462 3470//3475 3437//3451
f 3487//3477 3455//3449 3472//3478
f 3456//3452 3470//3475 3506//3479
f 3456//3452 3437//3451 3470//3475
f 3509//3480 3456//3452 3506//3479
f 3472//3478 3455//3449 3473//3463
f 3509//3480 3474//3464 3456//3452
f 3476//3465 3473//3463 3441//3435
f 3458//3467 3476//3465 3457//3466
f 3490//3481 3476//3465 3458//3467
f 3478//3482 3458//3467 3453//3458
f 3460//3469 3459//3468 3576//3483
f 3494//3484 3478//3482 3453//3458
f 3462//3470 3461//3459 3460//3469
f 3466//3485 3464//3472 3463//3471
f 3462//3470 3460//3469 3480//3486
f 3480//3486 3460//3469 3479//3487
f 3465//3473 3466//3485 3463//3471
f 3481//3488 3453//3458 3464//3472
f 3481//3488 3494//3484 3453//3458
f 3465//3473 3462//3470 3480//3486
f 3481//3488 3464//3472 3466//3485
f 3466//3485 3465//3473 3480//3486
f 3480//3486 3479//3487 3482//3489
f 3467//3476 3501//3490 3484//3474
f 3486//3491 3485//3492 3467//3476
f 3467//3476 3468//3460 3486//3491
f 3502//3493 3486//3491 3468//3460
f 3484//3474 3535//3494 3470//3475
f 3487//3477 3502//3493 3468//3460
f 3487//3477 3504//3495 3502//3493
f 3470//3475 3535//3494 3506//3479
f 3539//3496 3487//3477 3472//3478
f 3510//3497 3539//3496 3472//3478
f 3509//3480 3551//3498 3474//3464
f 3473//3463 3510//3497 3472//3478
f 3489//3499 3488//3500 3510//3497
f 3475//3440 3474//3464 3554//3501
f 3476//3465 3510//3497 3473//3463
f 3489//3499 3490//3481 3511//3502
f 3445//3442 3475//3440 3558//3503
f 3511//3502 3490//3481 3458//3467
f 3511//3502 3458//3467 3513//3504
f 3445//3442 3558//3503 3514//3505
f 3445//3442 3514//3505 3477//3441
f 3513//3504 3458//3467 3491//3506
f 3515//3507 3491//3506 3458//3467
f 3515//3507 3458//3467 3478//3482
f 3477//3441 3514//3505 3459//3468
f 3459//3468 3514//3505 3492//3508
f 3459//3468 3492//3508 3576//3483
f 3494//3484 3575//3509 3478//3482
f 3576//3483 3495//3510 3460//3469
f 3460//3469 3495//3510 3479//3487
f 3479//3487 3495//3510 3696//3511
f 3494//3484 3481//3488 3496//3512
f 3466//3485 3497//3513 3481//3488
f 3696//3511 3584//3514 3479//3487
f 3498//3515 3482//3489 3584//3514
f 3480//3486 3497//3513 3466//3485
f 3497//3513 3480//3486 3482//3489
f 3499//3516 3500//3517 3520//3518
f 3483//3519 3500//3517 3499//3516
f 3483//3519 3499//3516 3522//3520
f 3527//3521 3483//3519 3522//3520
f 3523//3522 3483//3519 3527//3521
f 3529//3523 3501//3490 3467//3476
f 3529//3523 3467//3476 3485//3492
f 3486//3491 3595//3524 3485//3492
f 3502//3493 3595//3524 3486//3491
f 3532//3525 3535//3494 3484//3474
f 3539//3496 3538//3526 3502//3493
f 3504//3495 3539//3496 3502//3493
f 3533//3527 3506//3479 3535//3494
f 3505//3528 3503//3529 3538//3526
f 3539//3496 3504//3495 3487//3477
f 3508//3530 3505//3528 3538//3526
f 3507//3531 3505//3528 3508//3530
f 3508//3530 3538//3526 3545//3532
f 3542//3533 3509//3480 3506//3479
f 3508//3530 3545//3532 3488//3500
f 3509//3480 3544//3534 3551//3498
f 3545//3532 3510//3497 3488//3500
f 3508//3530 3488//3500 3511//3502
f 3511//3502 3488//3500 3489//3499
f 3507//3531 3508//3530 3511//3502
f 3512//3535 3507//3531 3511//3502
f 3554//3501 3558//3503 3475//3440
f 3490//3481 3510//3497 3476//3465
f 3510//3497 3490//3481 3489//3499
f 3512//3535 3511//3502 3513//3504
f 3512//3535 3513//3504 3568//3536
f 3513//3504 3491//3506 3568//3536
f 3568//3536 3491//3506 3515//3507
f 3514//3505 3569//3537 3492//3508
f 3516//3538 3570//3539 3572//3540
f 3516//3538 3572//3540 3493//3541
f 3516//3538 3493//3541 3571//3542
f 3578//3543 3493//3541 3572//3540
f 3575//3509 3515//3507 3478//3482
f 3517//3544 3493//3541 3578//3543
f 3581//3545 3495//3510 3576//3483
f 3584//3514 3482//3489 3479//3487
f 3498//3515 3584//3514 3696//3511
f 3481//3488 3586//3546 3496//3512
f 3497//3513 3586//3546 3481//3488
f 3498//3515 3588//3547 3482//3489
f 3497//3513 3482//3489 3519//3548
f 3520//3518 3521//3549 3499//3516
f 3499//3516 3521//3549 3522//3520
f 3500//3517 3483//3519 3523//3522
f 3500//3517 3523//3522 3525//3550
f 3522//3520 3524//3551 3527//3521
f 3525//3550 3523//3522 3527//3521
f 3527//3521 3524//3551 3528//3552
f 3528//3552 3524//3551 3526//3553
f 3525//3550 3527//3521 3528//3552
f 3532//3525 3501//3490 3657//3554
f 3525//3550 3528//3552 3530//3555
f 3501//3490 3532//3525 3484//3474
f 3530//3555 3528//3552 3601//3556
f 3532//3525 3533//3527 3535//3494
f 3595//3524 3529//3523 3485//3492
f 3534//3557 3531//3558 3503//3529
f 3502//3493 3531//3558 3595//3524
f 3503//3529 3531//3558 3538//3526
f 3537//3559 3598//3560 3534//3557
f 3604//3561 3530//3555 3601//3556
f 3604//3561 3525//3550 3530//3555
f 3531//3558 3502//3493 3538//3526
f 3506//3479 3533//3527 3603//3562
f 3537//3559 3534//3557 3503//3529
f 3537//3559 3503//3529 3607//3563
f 3605//3564 3536//3565 3540//3566
f 3607//3563 3503//3529 3505//3528
f 3607//3563 3536//3565 3537//3559
f 3507//3531 3607//3563 3505//3528
f 3609//3567 3604//3561 3541//3568
f 3542//3533 3603//3562 3544//3534
f 3603//3562 3542//3533 3506//3479
f 3543//3569 3609//3567 3541//3568
f 3543//3569 3541//3568 3610//3570
f 3538//3526 3539//3496 3545//3532
f 3509//3480 3542//3533 3544//3534
f 3536//3565 3607//3563 3546//3571
f 3540//3566 3536//3565 3546//3571
f 3549//3572 3611//3573 3540//3566
f 3548//3574 3543//3569 3550//3575
f 3543//3569 3547//3576 3550//3575
f 3550//3575 3615//3577 3548//3574
f 3549//3572 3540//3566 3553//3578
f 3545//3532 3539//3496 3510//3497
f 3553//3578 3540//3566 3546//3571
f 3507//3531 3512//3535 3607//3563
f 3617//3579 3546//3571 3607//3563
f 3552//3580 3549//3572 3553//3578
f 3551//3498 3554//3501 3474//3464
f 3556//3581 3552//3580 3553//3578
f 3607//3563 3512//3535 3617//3579
f 3554//3501 3618//3582 3558//3503
f 3614//3583 3559//3584 3557//3585
f 3560//3586 3559//3584 3614//3583
f 3558//3503 3618//3582 3561//3587
f 3553//3578 3546//3571 3565//3588
f 3557//3585 3559//3584 3566//3589
f 3512//3535 3562//3590 3617//3579
f 3565//3588 3619//3591 3553//3578
f 3564//3592 3562//3590 3512//3535
f 3559//3584 3560//3586 3566//3589
f 3558//3503 3561//3587 3514//3505
f 3546//3571 3563//3593 3565//3588
f 3567//3594 3546//3571 3564//3592
f 3563//3593 3546//3571 3567//3594
f 3564//3592 3512//3535 3568//3536
f 3566//3589 3560//3586 3628//3595
f 3564//3592 3568//3536 3567//3594
f 3563//3593 3627//3596 3565//3588
f 3563//3593 3567//3594 3568//3536
f 3566//3589 3628//3595 3570//3539
f 3566//3589 3570//3539 3516//3538
f 3571//3542 3573//3597 3566//3589
f 3570//3539 3628//3595 3572//3540
f 3566//3589 3516//3538 3571//3542
f 3628//3595 3634//3598 3574//3599
f 3563//3593 3568//3536 3577//3600
f 3572//3540 3628//3595 3579//3601
f 3568//3536 3515//3507 3575//3509
f 3628//3595 3574//3599 3579//3601
f 3577//3600 3635//3602 3563//3593
f 3578//3543 3572//3540 3579//3601
f 3493//3541 3517//3544 3571//3542
f 3568//3536 3575//3509 3582//3603
f 3577//3600 3568//3536 3582//3603
f 3573//3597 3571//3542 3517//3544
f 3573//3597 3517//3544 3580//3604
f 3575//3509 3494//3484 3518//3605
f 3582//3603 3575//3509 3518//3605
f 3583//3606 3578//3543 3579//3601
f 3517//3544 3578//3543 3583//3606
f 3580//3604 3517//3544 3583//3606
f 3496//3512 3518//3605 3494//3484
f 3579//3601 3693//3607 3640//3608
f 3583//3606 3579//3601 3585//3609
f 3586//3546 3518//3605 3496//3512
f 3582//3603 3518//3605 3586//3546
f 3497//3513 3519//3548 3586//3546
f 3519//3548 3587//3610 3586//3546
f 3645//3611 3498//3515 3696//3511
f 3482//3489 3588//3547 3519//3548
f 3519//3548 3588//3547 3590//3612
f 3590//3612 3588//3547 3589//3613
f 3521//3549 3520//3518 3591//3614
f 3592//3615 3591//3614 3520//3518
f 3500//3517 3592//3615 3520//3518
f 3521//3549 3648//3616 3522//3520
f 3522//3520 3648//3616 3524//3551
f 3648//3616 3649//3617 3524//3551
f 3524//3551 3649//3617 3593//3618
f 3500//3517 3525//3550 3650//3619
f 3524//3551 3593//3618 3654//3620
f 3526//3553 3524//3551 3654//3620
f 3595//3524 3662//3621 3712//3622
f 3712//3622 3529//3523 3595//3524
f 3501//3490 3661//3623 3657//3554
f 3529//3523 3661//3623 3501//3490
f 3596//3624 3662//3621 3531//3558
f 3528//3552 3526//3553 3665//3625
f 3662//3621 3595//3524 3531//3558
f 3598//3560 3597//3626 3663//3627
f 3598//3560 3596//3624 3534//3557
f 3600//3628 3597//3626 3598//3560
f 3601//3556 3528//3552 3665//3625
f 3534//3557 3596//3624 3531//3558
f 3650//3619 3525//3550 3670//3629
f 3536//3565 3600//3628 3598//3560
f 3602//3630 3664//3631 3599//3632
f 3597//3626 3600//3628 3605//3564
f 3532//3525 3667//3633 3533//3527
f 3536//3565 3598//3560 3537//3559
f 3602//3630 3599//3632 3597//3626
f 3602//3630 3601//3556 3656//3634
f 3670//3629 3525//3550 3604//3561
f 3667//3633 3603//3562 3533//3527
f 3602//3630 3597//3626 3605//3564
f 3600//3628 3536//3565 3605//3564
f 3604//3561 3601//3556 3606//3635
f 3601//3556 3602//3630 3608//3636
f 3606//3635 3601//3556 3608//3636
f 3604//3561 3606//3635 3541//3568
f 3602//3630 3605//3564 3611//3573
f 3670//3629 3604//3561 3609//3567
f 3611//3573 3605//3564 3540//3566
f 3606//3635 3610//3570 3541//3568
f 3602//3630 3611//3573 3608//3636
f 3609//3567 3543//3569 3671//3637
f 3610//3570 3606//3635 3612//3638
f 3548//3574 3671//3637 3543//3569
f 3606//3635 3608//3636 3614//3583
f 3543//3569 3612//3638 3547//3576
f 3610//3570 3612//3638 3543//3569
f 3612//3638 3606//3635 3613//3639
f 3551//3498 3544//3534 3744//3640
f 3608//3636 3611//3573 3552//3580
f 3549//3572 3552//3580 3611//3573
f 3615//3577 3672//3641 3548//3574
f 3547//3576 3612//3638 3616//3642
f 3547//3576 3616//3642 3550//3575
f 3613//3639 3606//3635 3614//3583
f 3616//3642 3612//3638 3613//3639
f 3615//3577 3550//3575 3555//3643
f 3550//3575 3616//3642 3555//3643
f 3555//3643 3616//3642 3613//3639
f 3618//3582 3554//3501 3673//3644
f 3614//3583 3608//3636 3619//3591
f 3615//3577 3555//3643 3557//3585
f 3555//3643 3613//3639 3557//3585
f 3557//3585 3613//3639 3614//3583
f 3552//3580 3556//3581 3619//3591
f 3608//3636 3552//3580 3619//3591
f 3619//3591 3556//3581 3553//3578
f 3620//3645 3619//3591 3621//3646
f 3614//3583 3619//3591 3620//3645
f 3614//3583 3620//3645 3560//3586
f 3617//3579 3562//3590 3546//3571
f 3620//3645 3621//3646 3622//3647
f 3619//3591 3624//3648 3621//3646
f 3626//3649 3620//3645 3622//3647
f 3560//3586 3620//3645 3626//3649
f 3623//3650 3557//3585 3566//3589
f 3615//3577 3557//3585 3623//3650
f 3562//3590 3564//3592 3546//3571
f 3622//3647 3621//3646 3625//3651
f 3565//3588 3627//3596 3619//3591
f 3621//3646 3624//3648 3629//3652
f 3560//3586 3622//3647 3628//3595
f 3626//3649 3622//3647 3560//3586
f 3624//3648 3619//3591 3627//3596
f 3631//3653 3628//3595 3622//3647
f 3561//3587 3630//3654 3514//3505
f 3629//3652 3624//3648 3632//3655
f 3624//3648 3627//3596 3632//3655
f 3514//3505 3630//3654 3569//3537
f 3631//3653 3676//3656 3628//3595
f 3628//3595 3676//3656 3634//3598
f 3632//3655 3627//3596 3635//3602
f 3676//3656 3679//3657 3634//3598
f 3623//3650 3566//3589 3573//3597
f 3627//3596 3563//3593 3635//3602
f 3635//3602 3678//3658 3632//3655
f 3634//3598 3633//3659 3574//3599
f 3492//3508 3636//3660 3576//3483
f 3574//3599 3633//3659 3638//3661
f 3639//3662 3637//3663 3635//3602
f 3574//3599 3638//3661 3579//3601
f 3581//3545 3576//3483 3717//3664
f 3635//3602 3577//3600 3639//3662
f 3639//3662 3577//3600 3643//3665
f 3579//3601 3638//3661 3693//3607
f 3577//3600 3582//3603 3643//3665
f 3641//3666 3639//3662 3643//3665
f 3640//3608 3585//3609 3579//3601
f 3495//3510 3581//3545 3696//3511
f 3583//3606 3642//3667 3580//3604
f 3586//3546 3644//3668 3582//3603
f 3643//3665 3582//3603 3644//3668
f 3583//3606 3585//3609 3640//3608
f 3583//3606 3640//3608 3646//3669
f 3644//3668 3586//3546 3587//3610
f 3642//3667 3583//3606 3698//3670
f 3588//3547 3498//3515 3645//3611
f 3700//3671 3587//3610 3519//3548
f 3700//3671 3519//3548 3590//3612
f 3647//3672 3589//3613 3588//3547
f 3705//3673 3649//3617 3648//3616
f 3592//3615 3500//3517 3650//3619
f 3651//3674 3592//3615 3650//3619
f 3707//3675 3649//3617 3706//3676
f 3593//3618 3649//3617 3594//3677
f 3651//3674 3650//3619 3652//3678
f 3649//3617 3707//3675 3594//3677
f 3594//3677 3654//3620 3593//3618
f 3707//3675 3653//3679 3666//3680
f 3594//3677 3707//3675 3656//3634
f 3658//3681 3661//3623 3655//3682
f 3712//3622 3655//3682 3529//3523
f 3596//3624 3712//3622 3662//3621
f 3737//3683 3664//3631 3659//3684
f 3653//3679 3660//3685 3666//3680
f 3657//3554 3739//3686 3532//3525
f 3656//3634 3707//3675 3666//3680
f 3654//3620 3594//3677 3656//3634
f 3655//3682 3661//3623 3529//3523
f 3596//3624 3598//3560 3663//3627
f 3599//3632 3663//3627 3597//3626
f 3599//3632 3737//3683 3663//3627
f 3654//3620 3656//3634 3526//3553
f 3664//3631 3737//3683 3599//3632
f 3656//3634 3665//3625 3526//3553
f 3668//3687 3659//3684 3664//3631
f 3660//3685 3659//3684 3666//3680
f 3532//3525 3739//3686 3667//3633
f 3666//3680 3659//3684 3668//3687
f 3652//3678 3650//3619 3670//3629
f 3652//3678 3670//3629 3669//3688
f 3603//3562 3667//3633 3713//3689
f 3664//3631 3602//3630 3668//3687
f 3656//3634 3666//3680 3668//3687
f 3665//3625 3656//3634 3601//3556
f 3656//3634 3668//3687 3602//3630
f 3669//3688 3670//3629 3609//3567
f 3603//3562 3713//3689 3544//3534
f 3671//3637 3669//3688 3609//3567
f 3544//3534 3741//3690 3744//3640
f 3671//3637 3548//3574 3745//3691
f 3672//3641 3745//3691 3548//3574
f 3551//3498 3744//3640 3673//3644
f 3673//3644 3554//3501 3551//3498
f 3747//3692 3672//3641 3674//3693
f 3672//3641 3615//3577 3674//3693
f 3625//3651 3675//3694 3622//3647
f 3618//3582 3630//3654 3561//3587
f 3621//3646 3629//3652 3625//3651
f 3674//3693 3615//3577 3623//3650
f 3675//3694 3625//3651 3677//3695
f 3631//3653 3622//3647 3675//3694
f 3677//3695 3625//3651 3629//3652
f 3675//3694 3677//3695 3676//3656
f 3675//3694 3676//3656 3631//3653
f 3632//3655 3678//3658 3629//3652
f 3677//3695 3629//3652 3682//3696
f 3679//3657 3676//3656 3677//3695
f 3679//3657 3677//3695 3633//3659
f 3569//3537 3630//3654 3681//3697
f 3682//3696 3629//3652 3683//3698
f 3679//3657 3633//3659 3634//3598
f 3569//3537 3681//3697 3492//3508
f 3680//3699 3629//3652 3685//3700
f 3629//3652 3680//3699 3683//3698
f 3683//3698 3680//3699 3684//3701
f 3716//3702 3674//3693 3623//3650
f 3629//3652 3678//3658 3685//3700
f 3677//3695 3638//3661 3633//3659
f 3716//3702 3623//3650 3573//3597
f 3492//3508 3681//3697 3636//3660
f 3684//3701 3680//3699 3685//3700
f 3682//3696 3683//3698 3686//3703
f 3716//3702 3573//3597 3688//3704
f 3682//3696 3686//3703 3687//3705
f 3685//3700 3678//3658 3637//3663
f 3683//3698 3684//3701 3685//3700
f 3686//3703 3683//3698 3685//3700
f 3635//3602 3637//3663 3678//3658
f 3638//3661 3677//3695 3691//3706
f 3677//3695 3682//3696 3691//3706
f 3717//3664 3576//3483 3636//3660
f 3686//3703 3719//3707 3687//3705
f 3682//3696 3687//3705 3689//3708
f 3688//3704 3573//3597 3690//3709
f 3691//3706 3682//3696 3689//3708
f 3692//3710 3685//3700 3637//3663
f 3637//3663 3639//3662 3692//3710
f 3690//3709 3573//3597 3580//3604
f 3692//3710 3639//3662 3641//3666
f 3641//3666 3721//3711 3692//3710
f 3691//3706 3689//3708 3694//3712
f 3638//3661 3691//3706 3695//3713
f 3693//3607 3638//3661 3695//3713
f 3695//3713 3691//3706 3694//3712
f 3693//3607 3695//3713 3640//3608
f 3641//3666 3643//3665 3727//3714
f 3695//3713 3728//3715 3640//3608
f 3697//3716 3646//3669 3640//3608
f 3646//3669 3698//3670 3583//3606
f 3729//3717 3642//3667 3698//3670
f 3727//3714 3643//3665 3644//3668
f 3696//3511 3699//3718 3645//3611
f 3588//3547 3645//3611 3699//3718
f 3644//3668 3587//3610 3700//3671
f 3588//3547 3699//3718 3647//3672
f 3700//3671 3590//3612 3701//3719
f 3589//3613 3647//3672 3731//3720
f 3590//3612 3589//3613 3702//3721
f 3703//3722 3590//3612 3702//3721
f 3648//3616 3521//3549 3591//3614
f 3591//3614 3592//3615 3704//3723
f 3591//3614 3704//3723 3648//3616
f 3648//3616 3704//3723 3705//3673
f 3732//3724 3704//3723 3592//3615
f 3649//3617 3705//3673 3706//3676
f 3653//3679 3707//3675 3733//3725
f 3706//3676 3733//3725 3707//3675
f 3709//3726 3653//3679 3733//3725
f 3711//3727 3708//3728 3735//3729
f 3651//3674 3652//3678 3738//3730
f 3710//3731 3596//3624 3736//3732
f 3663//3627 3736//3732 3596//3624
f 3712//3622 3710//3731 3655//3682
f 3596//3624 3710//3731 3712//3622
f 3653//3679 3709//3726 3660//3685
f 3708//3728 3711//3727 3659//3684
f 3711//3727 3737//3683 3659//3684
f 3660//3685 3708//3728 3659//3684
f 3709//3726 3708//3728 3660//3685
f 3808//3733 3667//3633 3739//3686
f 3658//3681 3657//3554 3661//3623
f 3738//3730 3652//3678 3669//3688
f 3738//3730 3669//3688 3714//3734
f 3544//3534 3713//3689 3741//3690
f 3671//3637 3714//3734 3669//3688
f 3671//3637 3742//3735 3714//3734
f 3743//3736 3742//3735 3671//3637
f 3672//3641 3746//3737 3745//3691
f 3747//3692 3746//3737 3672//3641
f 3618//3582 3673//3644 3762//3738
f 3747//3692 3674//3693 3715//3739
f 3618//3582 3762//3738 3630//3654
f 3716//3702 3715//3739 3674//3693
f 3686//3703 3685//3700 3718//3740
f 3719//3707 3686//3703 3718//3740
f 3718//3740 3685//3700 3720//3741
f 3692//3710 3720//3741 3685//3700
f 3687//3705 3719//3707 3749//3742
f 3689//3708 3687//3705 3749//3742
f 3749//3742 3722//3743 3689//3708
f 3689//3708 3722//3743 3723//3744
f 3750//3745 3692//3710 3721//3711
f 3694//3712 3689//3708 3723//3744
f 3642//3667 3690//3709 3580//3604
f 3581//3545 3724//3746 3696//3511
f 3726//3747 3696//3511 3724//3746
f 3695//3713 3694//3712 3728//3715
f 3753//3748 3640//3608 3728//3715
f 3700//3671 3701//3719 3644//3668
f 3697//3716 3640//3608 3753//3748
f 3697//3716 3730//3749 3646//3669
f 3646//3669 3730//3749 3698//3670
f 3651//3674 3757//3750 3592//3615
f 3734//3751 3757//3750 3651//3674
f 3758//3752 3736//3732 3737//3683
f 3735//3729 3758//3752 3737//3683
f 3734//3751 3651//3674 3738//3730
f 3711//3727 3735//3729 3737//3683
f 3733//3725 3708//3728 3709//3726
f 3655//3682 3710//3731 3770//3753
f 3770//3753 3658//3681 3655//3682
f 3737//3683 3736//3732 3663//3627
f 3658//3681 3739//3686 3657//3554
f 3667//3633 3808//3733 3713//3689
f 3734//3751 3738//3730 3714//3734
f 3734//3751 3714//3734 3742//3735
f 3740//3754 3741//3690 3713//3689
f 3743//3736 3671//3637 3745//3691
f 3746//3737 3761//3755 3743//3736
f 3746//3737 3743//3736 3745//3691
f 3673//3644 3744//3640 3792//3756
f 3746//3737 3747//3692 3715//3739
f 3715//3739 3763//3757 3746//3737
f 3681//3697 3630//3654 3764//3758
f 3681//3697 3764//3758 3636//3660
f 3636//3660 3764//3758 3717//3664
f 3748//3759 3718//3740 3720//3741
f 3719//3707 3718//3740 3748//3759
f 3749//3742 3719//3707 3748//3759
f 3720//3741 3692//3710 3750//3745
f 3748//3759 3720//3741 3750//3745
f 3724//3746 3581//3545 3717//3664
f 3723//3744 3722//3743 3725//3760
f 3751//3761 3725//3760 3722//3743
f 3723//3744 3725//3760 3694//3712
f 3727//3714 3644//3668 3752//3762
f 3728//3715 3694//3712 3753//3748
f 3699//3718 3696//3511 3726//3747
f 3766//3763 3694//3712 3725//3760
f 3753//3748 3694//3712 3766//3763
f 3701//3719 3754//3764 3644//3668
f 3730//3749 3697//3716 3753//3748
f 3731//3720 3647//3672 3699//3718
f 3701//3719 3590//3612 3703//3722
f 3589//3613 3781//3765 3702//3721
f 3755//3766 3701//3719 3703//3722
f 3703//3722 3702//3721 3756//3767
f 3706//3676 3705//3673 3768//3768
f 3768//3768 3705//3673 3732//3724
f 3735//3729 3708//3728 3784//3769
f 3704//3723 3732//3724 3705//3673
f 3758//3752 3735//3729 3769//3770
f 3760//3771 3739//3686 3759//3772
f 3759//3772 3658//3681 3770//3753
f 3710//3731 3791//3773 3770//3753
f 3791//3773 3710//3731 3736//3732
f 3658//3681 3759//3772 3739//3686
f 3739//3686 3760//3771 3808//3733
f 3713//3689 3808//3733 3771//3774
f 3771//3774 3740//3754 3713//3689
f 3741//3690 3792//3756 3744//3640
f 3792//3756 3762//3738 3673//3644
f 3762//3738 3773//3775 3630//3654
f 3630//3654 3773//3775 3764//3758
f 3717//3664 3765//3776 3724//3746
f 3749//3742 3748//3759 3775//3777
f 3776//3778 3749//3742 3775//3777
f 3722//3743 3749//3742 3776//3778
f 3721//3711 3641//3666 3778//3779
f 3641//3666 3727//3714 3778//3779
f 3766//3763 3725//3760 3779//3780
f 3767//3781 3699//3718 3726//3747
f 3731//3720 3699//3718 3783//3782
f 3731//3720 3781//3765 3589//3613
f 3702//3721 3781//3765 3756//3767
f 3769//3770 3735//3729 3786//3783
f 3708//3728 3733//3725 3807//3784
f 3706//3676 3807//3784 3733//3725
f 3768//3768 3807//3784 3706//3676
f 3807//3784 3784//3769 3708//3728
f 3788//3785 3736//3732 3758//3752
f 3808//3733 3760//3771 3789//3786
f 3809//3787 3740//3754 3771//3774
f 3741//3690 3740//3754 3827//3788
f 3827//3788 3792//3756 3741//3690
f 3715//3739 3716//3702 3763//3757
f 3795//3789 3763//3757 3716//3702
f 3716//3702 3688//3704 3795//3789
f 3797//3790 3717//3664 3764//3758
f 3717//3664 3798//3791 3765//3776
f 3777//3792 3750//3745 3721//3711
f 3748//3759 3750//3745 3774//3793
f 3722//3743 3776//3778 3751//3761
f 3777//3792 3721//3711 3778//3779
f 3800//3794 3778//3779 3727//3714
f 3725//3760 3751//3761 3779//3780
f 3752//3762 3644//3668 3780//3795
f 3767//3781 3726//3747 3857//3796
f 3730//3749 3803//3797 3698//3670
f 3780//3795 3644//3668 3754//3764
f 3766//3763 3804//3798 3753//3748
f 3767//3781 3783//3782 3699//3718
f 3754//3764 3701//3719 3806//3799
f 3701//3719 3805//3800 3806//3799
f 3730//3749 3753//3748 3782//3801
f 3701//3719 3755//3766 3805//3800
f 3786//3783 3735//3729 3784//3769
f 3757//3750 3819//3802 3592//3615
f 3592//3615 3819//3802 3732//3724
f 3758//3752 3823//3803 3787//3804
f 3769//3770 3823//3803 3758//3752
f 3769//3770 3785//3805 3823//3803
f 3785//3805 3769//3770 3786//3783
f 3787//3804 3788//3785 3758//3752
f 3790//3806 3789//3786 3759//3772
f 3770//3753 3790//3806 3759//3772
f 3788//3785 3790//3806 3791//3773
f 3736//3732 3788//3785 3791//3773
f 3760//3771 3759//3772 3789//3786
f 3791//3773 3790//3806 3770//3753
f 3740//3754 3826//3807 3827//3788
f 3742//3735 3743//3736 3810//3808
f 3746//3737 3772//3809 3761//3755
f 3792//3756 3793//3810 3794//3811
f 3794//3811 3793//3810 3812//3812
f 3792//3756 3794//3811 3762//3738
f 3832//3813 3762//3738 3794//3811
f 3762//3738 3832//3813 3773//3775
f 3773//3775 3813//3814 3764//3758
f 3796//3815 3688//3704 3814//3816
f 3717//3664 3797//3790 3798//3791
f 3688//3704 3690//3709 3814//3816
f 3750//3745 3777//3792 3774//3793
f 3748//3759 3774//3793 3835//3817
f 3748//3759 3835//3817 3775//3777
f 3776//3778 3775//3777 3799//3818
f 3776//3778 3799//3818 3751//3761
f 3724//3746 3856//3819 3726//3747
f 3727//3714 3752//3762 3800//3794
f 3799//3818 3779//3780 3751//3761
f 3729//3717 3817//3820 3642//3667
f 3802//3821 3779//3780 3799//3818
f 3729//3717 3698//3670 3817//3820
f 3779//3780 3802//3821 3766//3763
f 3766//3763 3802//3821 3841//3822
f 3766//3763 3841//3822 3804//3798
f 3730//3749 3782//3801 3803//3797
f 3783//3782 3767//3781 3844//3823
f 3783//3782 3845//3824 3731//3720
f 3781//3765 3731//3720 3845//3824
f 3756//3767 3781//3765 3845//3824
f 3784//3769 3807//3784 3866//3825
f 3818//3826 3789//3786 3849//3827
f 3822//3828 3849//3827 3788//3785
f 3849//3827 3789//3786 3790//3806
f 3788//3785 3849//3827 3790//3806
f 3869//3829 3757//3750 3734//3751
f 3825//3830 3771//3774 3808//3733
f 3792//3756 3827//3788 3811//3831
f 3810//3808 3743//3736 3761//3755
f 3811//3831 3793//3810 3792//3756
f 3772//3809 3829//3832 3761//3755
f 3746//3737 3830//3833 3772//3809
f 3746//3737 3763//3757 3830//3833
f 3794//3811 3812//3812 3832//3813
f 3813//3814 3834//3834 3764//3758
f 3688//3704 3796//3815 3795//3789
f 3775//3777 3835//3817 3839//3835
f 3690//3709 3642//3667 3837//3836
f 3775//3777 3816//3837 3799//3818
f 3839//3835 3816//3837 3775//3777
f 3752//3762 3801//3838 3800//3794
f 3752//3762 3780//3795 3801//3838
f 3841//3822 3802//3821 3799//3818
f 3782//3801 3753//3748 3843//3839
f 3703//3722 3756//3767 3846//3840
f 3846//3840 3847//3841 3703//3722
f 3755//3766 3703//3722 3847//3841
f 3821//3842 3784//3769 3866//3825
f 3768//3768 3732//3724 3807//3784
f 3787//3804 3823//3803 3850//3843
f 3821//3842 3785//3805 3786//3783
f 3868//3844 3732//3724 3819//3802
f 3822//3828 3820//3845 3849//3827
f 3785//3805 3850//3843 3823//3803
f 3784//3769 3821//3842 3786//3783
f 3787//3804 3822//3828 3788//3785
f 3824//3846 3902//3847 3789//3786
f 3818//3826 3824//3846 3789//3786
f 3789//3786 3902//3847 3808//3733
f 3771//3774 3825//3830 3809//3787
f 3734//3751 3742//3735 3852//3848
f 3740//3754 3809//3787 3853//3849
f 3853//3849 3907//3850 3740//3754
f 3907//3850 3826//3807 3740//3754
f 3826//3807 3811//3831 3827//3788
f 3761//3755 3829//3832 3810//3808
f 3793//3810 3811//3831 3854//3851
f 3829//3832 3828//3852 3810//3808
f 3793//3810 3854//3851 3831//3853
f 3793//3810 3831//3853 3812//3812
f 3831//3853 3833//3854 3812//3812
f 3833//3854 3832//3813 3812//3812
f 3832//3813 3833//3854 3773//3775
f 3773//3775 3855//3855 3813//3814
f 3834//3834 4217//3856 3764//3758
f 3798//3791 3797//3790 3765//3776
f 3814//3816 3690//3709 3815//3857
f 3777//3792 3835//3817 3774//3793
f 3836//3858 3777//3792 3838//3859
f 3835//3817 3777//3792 3836//3858
f 3777//3792 3778//3779 3838//3859
f 3839//3835 3835//3817 3836//3858
f 3800//3794 3840//3860 3778//3779
f 3840//3860 3838//3859 3778//3779
f 3642//3667 3817//3820 3837//3836
f 3799//3818 3816//3837 3841//3822
f 3726//3747 3856//3819 3857//3796
f 3841//3822 3816//3837 3842//3861
f 3698//3670 3803//3797 3817//3820
f 3754//3764 3806//3799 3780//3795
f 3753//3748 3804//3798 3877//3862
f 3806//3799 3805//3800 3858//3863
f 3755//3766 3858//3863 3805//3800
f 3946//3864 3848//3865 3818//3826
f 3849//3827 3946//3864 3818//3826
f 3865//3866 3946//3864 3849//3827
f 3820//3845 3865//3866 3849//3827
f 3866//3825 3954//3867 3821//3842
f 3850//3843 3822//3828 3787//3804
f 3851//3868 3819//3802 3757//3750
f 3869//3829 3851//3868 3757//3750
f 3852//3848 3869//3829 3734//3751
f 3852//3848 3742//3735 3810//3808
f 3871//3869 3826//3807 3907//3850
f 3826//3807 3871//3869 3811//3831
f 3811//3831 3871//3869 3854//3851
f 3829//3832 3873//3870 3828//3852
f 3873//3870 3829//3832 3772//3809
f 3873//3870 3772//3809 3830//3833
f 3854//3851 3874//3871 3831//3853
f 3833//3854 3855//3855 3773//3775
f 3690//3709 3837//3836 3815//3857
f 3856//3819 3724//3746 3765//3776
f 3839//3835 3836//3858 3816//3837
f 3840//3860 3800//3794 3914//3872
f 3753//3748 3877//3862 3843//3839
f 3783//3782 3878//3873 3845//3824
f 3756//3767 3845//3824 3859//3874
f 3860//3875 3883//3876 3879//3877
f 3882//3878 3884//3879 3862//3880
f 3882//3878 3862//3880 3860//3875
f 3864//3881 3882//3878 3861//3882
f 3863//3883 3882//3878 3864//3881
f 3886//3884 3862//3880 3884//3879
f 3891//3885 3860//3875 3862//3880
f 3946//3864 3945//3886 3848//3865
f 3820//3845 3867//3887 3955//3888
f 3949//3889 3822//3828 3900//3890
f 3822//3828 3951//3891 3901//3892
f 3850//3843 3785//3805 3956//3893
f 3785//3805 3821//3842 3956//3893
f 3896//3894 3807//3784 3899//3895
f 3807//3784 3868//3844 3899//3895
f 3850//3843 3951//3891 3822//3828
f 3896//3894 3866//3825 3807//3784
f 3868//3844 3807//3784 3732//3724
f 3822//3828 3949//3889 3820//3845
f 3903//3896 3808//3733 3902//3847
f 3905//3897 3869//3829 3852//3848
f 3825//3830 3870//3898 3809//3787
f 3828//3852 3873//3870 3872//3899
f 3830//3833 3763//3757 3910//3900
f 3833//3854 3831//3853 3855//3855
f 3912//3901 3910//3900 3763//3757
f 3763//3757 3795//3789 3912//3901
f 3764//3758 3875//3902 3797//3790
f 3765//3776 3797//3790 3875//3902
f 3836//3858 3838//3859 3840//3860
f 3800//3794 3801//3838 3914//3872
f 3816//3837 3836//3858 3915//3903
f 3816//3837 3915//3903 3876//3904
f 3801//3838 3780//3795 3916//3905
f 3780//3795 3806//3799 3918//3906
f 3780//3795 3918//3906 3916//3905
f 3847//3841 3919//3907 3755//3766
f 3858//3863 3755//3766 3919//3907
f 3861//3882 3920//3908 3922//3909
f 3921//3910 3880//3911 3879//3877
f 3879//3877 3920//3908 3882//3878
f 3889//3912 3880//3911 3921//3910
f 3882//3878 3920//3908 3861//3882
f 3860//3875 3879//3877 3882//3878
f 3879//3877 3883//3876 3921//3910
f 3883//3876 3889//3912 3921//3910
f 3861//3882 3922//3909 3890//3913
f 3881//3914 3880//3911 3889//3912
f 3884//3879 3882//3878 3885//3915
f 3882//3878 3863//3883 3886//3884
f 3886//3884 3885//3915 3882//3878
f 3884//3879 3887//3916 3886//3884
f 3861//3882 3890//3913 3864//3881
f 3862//3880 3886//3884 3863//3883
f 3891//3885 3883//3876 3860//3875
f 3863//3883 3885//3915 3862//3880
f 3886//3884 3888//3917 3885//3915
f 3862//3880 3885//3915 3888//3917
f 3888//3917 3886//3884 3887//3916
f 3888//3917 3887//3916 3891//3885
f 3891//3885 3887//3916 3885//3915
f 3888//3917 3891//3885 3862//3880
f 3885//3915 3863//3883 3891//3885
f 3889//3912 3883//3876 3925//3918
f 3864//3881 3890//3913 3934//3919
f 3894//3920 3863//3883 3864//3881
f 3926//3921 3892//3922 3891//3885
f 3883//3876 3891//3885 3892//3922
f 3925//3918 3883//3876 3892//3922
f 3930//3923 3891//3885 3863//3883
f 3930//3923 3863//3883 3892//3922
f 3926//3921 3930//3923 3892//3922
f 3863//3883 3894//3920 3893//3924
f 3892//3922 3863//3883 3893//3924
f 3894//3920 3864//3881 3934//3919
f 3895//3925 3893//3924 3894//3920
f 3947//3926 3866//3825 4007//3927
f 3896//3894 4007//3927 3866//3825
f 3848//3865 4011//3928 3818//3826
f 3954//3867 3866//3825 3947//3926
f 3902//3847 3818//3826 4011//3928
f 3954//3867 3947//3926 3898//3929
f 3955//3888 3865//3866 3820//3845
f 3867//3887 3820//3845 4119//3930
f 4119//3930 3820//3845 3949//3889
f 3951//3891 3850//3843 4123//3931
f 3956//3893 3821//3842 3898//3929
f 3901//3892 3900//3890 3822//3828
f 3954//3867 3898//3929 3821//3842
f 3902//3847 3824//3846 3818//3826
f 3902//3847 3957//3932 3903//3896
f 3869//3829 3904//3933 3851//3868
f 3903//3896 3825//3830 3808//3733
f 3825//3830 3903//3896 3870//3898
f 3869//3829 3905//3897 3904//3933
f 3853//3849 3906//3934 3907//3850
f 3852//3848 3810//3808 4041//3935
f 3907//3850 3906//3934 3871//3869
f 3873//3870 3908//3936 3872//3899
f 3873//3870 3830//3833 3909//3937
f 3854//3851 4040//3938 3874//3871
f 3830//3833 3910//3900 3909//3937
f 3855//3855 3831//3853 3959//3939
f 3813//3814 3855//3855 3834//3834
f 3834//3834 3855//3855 3911//3940
f 3913//3941 4043//3942 3912//3901
f 3912//3901 3796//3815 3913//3941
f 3912//3901 3795//3789 3796//3815
f 3765//3776 3875//3902 3856//3819
f 3816//3837 3876//3904 3842//3861
f 4054//3943 3842//3861 3876//3904
f 3917//3944 3801//3838 3916//3905
f 3914//3872 3801//3838 3917//3944
f 3842//3861 4054//3943 3841//3822
f 3817//3820 3803//3797 4055//3945
f 4055//3945 3803//3797 3782//3801
f 3767//3781 3857//3796 4057//3946
f 4055//3945 3782//3801 3877//3862
f 3844//3823 3767//3781 4057//3946
f 3782//3801 3843//3839 3877//3862
f 3859//3874 3960//3947 3756//3767
f 3960//3947 3846//3840 3756//3767
f 3879//3877 3880//3911 4060//3948
f 3922//3909 4061//3949 3890//3913
f 3885//3915 3967//3950 3923//3951
f 3923//3951 3884//3879 3885//3915
f 3884//3879 3923//3951 3887//3916
f 3889//3912 3924//3952 3881//3914
f 3968//3953 3890//3913 3965//3954
f 3923//3951 3967//3950 3887//3916
f 3924//3952 3889//3912 3925//3918
f 3887//3916 3970//3955 3885//3915
f 3968//3953 3932//3956 3890//3913
f 3927//3957 3890//3913 3932//3956
f 3924//3952 3925//3918 3929//3958
f 3927//3957 3931//3959 3890//3913
f 3890//3913 3931//3959 3934//3919
f 3976//3960 3927//3957 3932//3956
f 3931//3959 3976//3960 3932//3956
f 3934//3919 3931//3959 3932//3956
f 3934//3919 3932//3956 3985//3961
f 3935//3962 3925//3918 3892//3922
f 3933//3963 3925//3918 3935//3962
f 3940//3964 3895//3925 3972//3965
f 3893//3924 3895//3925 3936//3966
f 3893//3924 3937//3967 3892//3922
f 3938//3968 3892//3922 3937//3967
f 3983//3969 3935//3962 3892//3922
f 3894//3920 3934//3919 3939//3970
f 3895//3925 3940//3964 3936//3966
f 3983//3969 3892//3922 3938//3968
f 3986//3971 3934//3919 3985//3961
f 3939//3970 3934//3919 3987//3972
f 3936//3966 3894//3920 3939//3970
f 3940//3964 3894//3920 3936//3966
f 3988//3973 3938//3968 3937//3967
f 3988//3973 3937//3967 3989//3974
f 3997//3975 3937//3967 3893//3924
f 3944//3976 3945//3886 3946//3864
f 3945//3886 4005//3977 3848//3865
f 4007//3927 3943//3978 4017//3979
f 4005//3977 4011//3928 3848//3865
f 3944//3976 3946//3864 3865//3866
f 3947//3926 4007//3927 4017//3979
f 3952//3980 4034//3981 4032//3982
f 4017//3979 4030//3983 3898//3929
f 4007//3927 3896//3894 4008//3984
f 3952//3980 3897//3985 4034//3981
f 3900//3890 4026//3986 4014//3987
f 3948//3988 4021//3989 3951//3891
f 4017//3979 3898//3929 3947//3926
f 4014//3987 3950//3990 3949//3889
f 3850//3843 3953//3991 4123//3931
f 3850//3843 3956//3893 3953//3991
f 4008//3984 3896//3894 4126//3992
f 4126//3992 3896//3894 3899//3895
f 3957//3932 3902//3847 4035//3993
f 4123//3931 3948//3988 3951//3891
f 3898//3929 4030//3983 3956//3893
f 4014//3987 3949//3889 3900//3890
f 3819//3802 3851//3868 4037//3994
f 4040//3938 3854//3851 3871//3869
f 3810//3808 3828//3852 4041//3935
f 4041//3935 3828//3852 3872//3899
f 3872//3899 3908//3936 4042//3995
f 3909//3937 4042//3995 3908//3936
f 3909//3937 3908//3936 3873//3870
f 3874//3871 3959//3939 3831//3853
f 3911//3940 3855//3855 3959//3939
f 3834//3834 3911//3940 4045//3996
f 4045//3996 4217//3856 3834//3834
f 3913//3941 3796//3815 3814//3816
f 3815//3857 3837//3836 4049//3997
f 3840//3860 3914//3872 4051//3998
f 3916//3905 3918//3906 4056//3999
f 3858//3863 4058//4000 3806//3799
f 3806//3799 4058//4000 3918//3906
f 3878//3873 3859//3874 3845//3824
f 3919//3907 3847//3841 4059//4001
f 3846//3840 3961//4002 3847//3841
f 4060//3948 3962//4003 3879//3877
f 3920//3908 3879//3877 3962//4003
f 3963//4004 4061//3949 3922//3909
f 3920//3908 3963//4004 3922//3909
f 3962//4003 3963//4004 3920//3908
f 3965//3954 4061//3949 4062//4005
f 3965//3954 3890//3913 4061//3949
f 3964//4006 3881//3914 3924//3952
f 3968//3953 4062//4005 3969//4007
f 3968//3953 4063//4008 4062//4005
f 4063//4008 3968//3953 3965//3954
f 4065//4009 3964//4006 3924//3952
f 4066//4010 3978//4011 3969//4007
f 3968//3953 3969//4007 3973//4012
f 3927//3957 3968//3953 3971//4013
f 3932//3956 3968//3953 3985//3961
f 3927//3957 3971//4013 3931//3959
f 4069//4014 3977//4015 3928//4016
f 3968//3953 3976//3960 3985//3961
f 3927//3957 3976//3960 3968//3953
f 3924//3952 3929//3958 3933//3963
f 3891//3885 3930//3923 4071//4017
f 4071//4017 3930//3923 3926//3921
f 3929//3958 3925//3918 3933//3963
f 3895//3925 3894//3920 3972//3965
f 4075//4018 4073//4019 3979//4020
f 4075//4018 3979//4020 3978//4011
f 3969//4007 3978//4011 3979//4020
f 3980//4021 3969//4007 3979//4020
f 3973//4012 3969//4007 3980//4021
f 3985//3961 3976//3960 3931//3959
f 3981//4022 3982//4023 3933//3963
f 4148//4024 3894//3920 4078//4025
f 3981//4022 3933//3963 3935//3962
f 3990//4026 3979//4020 4073//4019
f 3940//3964 4078//4025 3894//3920
f 3979//4020 4080//4027 3991//4028
f 3980//4021 3979//4020 3991//4028
f 3986//3971 3987//3972 3934//3919
f 3983//3969 3992//4029 3935//3962
f 4079//4030 3935//3962 3982//4023
f 3982//4023 3935//3962 3992//4029
f 4090//4031 4082//4032 3984//4033
f 3994//4034 3979//4020 3990//4026
f 4080//4027 3994//4034 3991//4028
f 3991//4028 3994//4034 3990//4026
f 4083//4035 4192//4036 3985//3961
f 4083//4035 3985//3961 3995//4037
f 4192//4036 4081//4038 3986//3971
f 4192//4036 3986//3971 3985//3961
f 3993//4039 3987//3972 3986//3971
f 3939//3970 4086//4040 3993//4039
f 4077//4041 4086//4040 3939//3970
f 4085//4042 3990//4026 4084//4043
f 4156//4044 3980//4021 3991//4028
f 4081//4038 4083//4035 3995//4037
f 4081//4038 3995//4037 3986//3971
f 4086//4040 3996//4045 3986//3971
f 3986//3971 3996//4045 3993//4039
f 3993//4039 3996//4045 3939//3970
f 3937//3967 3941//4046 3989//3974
f 3986//3971 3995//4037 3998//4047
f 4000//4048 3936//3966 4078//4025
f 4079//4030 3938//3968 3999//4049
f 4002//4050 3982//4023 3992//4029
f 4162//4051 3998//4047 3995//4037
f 3893//3924 3936//3966 4000//4048
f 3937//3967 3997//3975 3941//4046
f 3989//3974 3941//4046 3999//4049
f 4001//4052 3893//3924 4000//4048
f 4096//4053 3942//4054 3941//4046
f 3941//4046 3942//4054 3999//4049
f 3997//3975 4004//4055 3941//4046
f 3992//4029 3999//4049 3942//4054
f 3941//4046 3943//3978 4096//4053
f 3942//4054 4096//4053 3943//3978
f 4002//4050 3992//4029 3942//4054
f 3941//4046 4004//4055 4010//4056
f 3943//3978 3941//4046 4010//4056
f 4008//3984 4105//4057 4002//4050
f 3944//3976 4106//4058 4100//4059
f 3942//4054 3943//3978 4007//3927
f 4002//4050 3942//4054 4007//3927
f 3944//3976 4100//4059 3945//3886
f 4008//3984 4002//4050 4007//3927
f 4009//4060 4098//4061 4111//4062
f 4098//4061 4009//4060 4112//4063
f 4006//4064 4003//4065 4014//3987
f 4021//3989 4009//4060 4111//4062
f 3943//3978 4010//4056 4017//3979
f 4003//4065 4020//4066 4014//3987
f 4019//4067 4114//4068 4013//4069
f 4101//4070 4114//4068 4019//4067
f 4021//3989 4015//4071 4009//4060
f 4022//4072 4101//4070 4019//4067
f 4022//4072 4019//4067 4013//4069
f 4012//4073 4015//4071 4021//3989
f 4116//4074 4022//4072 4023//4075
f 4023//4075 4022//4072 4117//4076
f 3944//3976 3865//3866 4118//4077
f 4028//4078 4024//4079 4113//4080
f 4017//3979 4010//4056 4170//4081
f 4025//4082 4116//4074 4023//4075
f 4121//4083 4116//4074 4025//4082
f 4122//4084 4023//4075 4117//4076
f 4025//4082 4023//4075 4122//4084
f 4006//4064 4014//3987 4026//3986
f 3948//3988 4012//4073 4021//3989
f 4028//4078 4016//4085 3953//3991
f 4029//4086 4121//4083 4025//4082
f 4124//4087 4025//4082 4122//4084
f 4029//4086 4025//4082 4124//4087
f 3867//3887 4110//4088 4118//4077
f 3950//3990 4014//3987 4020//4066
f 4123//3931 4172//4089 4012//4073
f 3948//3988 4123//3931 4012//4073
f 4030//3983 4017//3979 4170//4081
f 4127//4090 4029//4086 4031//4091
f 4031//4091 4029//4086 4124//4087
f 3953//3991 4016//4085 4123//3931
f 4033//4092 4127//4090 4031//4091
f 4124//4087 4127//4090 4033//4092
f 4033//4092 4031//4091 4128//4093
f 4118//4077 3865//3866 3955//3888
f 4118//4077 3955//3888 3867//3887
f 3950//3990 4020//4066 3949//3889
f 4024//4079 3956//3893 4030//3983
f 4035//3993 3902//3847 4011//3928
f 4128//4093 4034//3981 4036//4094
f 4128//4093 4124//4087 4034//3981
f 4032//3982 4034//3981 4033//4092
f 4033//4092 4034//3981 4124//4087
f 4036//4094 3952//3980 4128//4093
f 4033//4092 4128//4093 4032//3982
f 4032//3982 4128//4093 3952//3980
f 4034//3981 3897//3985 4036//4094
f 4036//4094 3897//3985 3952//3980
f 4028//4078 3953//3991 3956//3893
f 4120//4095 3868//3844 4168//4096
f 3868//3844 4037//3994 4168//4096
f 4027//4097 3900//3890 3901//3892
f 3868//3844 4126//3992 3899//3895
f 3819//3802 4037//3994 3868//3844
f 4037//3994 3851//3868 4038//4098
f 3957//3932 4129//4099 3903//3896
f 4130//4100 3903//3896 4129//4099
f 3870//3898 3903//3896 4130//4100
f 4039//4101 4213//4102 3905//3897
f 4039//4101 3905//3897 3852//3848
f 3909//3937 4043//3942 4042//3995
f 3909//3937 3910//3900 4043//3942
f 3959//3939 3874//3871 3958//4103
f 4044//4104 3911//3940 3959//3939
f 3910//3900 3912//3901 4043//3942
f 3911//3940 4044//4104 4045//3996
f 3764//3758 4046//4105 3875//3902
f 3837//3836 4050//4106 4048//4107
f 4049//3997 3837//3836 4048//4107
f 3837//3836 3817//3820 4050//4106
f 3840//3860 4051//3998 4052//4108
f 3836//3858 3840//3860 4132//4109
f 3836//3858 4133//4110 4134//4111
f 3836//3858 4134//4111 3915//3903
f 3876//3904 3915//3903 4054//3943
f 4135//4112 4053//4113 4055//3945
f 4055//3945 4053//4113 4050//4106
f 3817//3820 4055//3945 4050//4106
f 3916//3905 4056//3999 4263//4114
f 3841//3822 4054//3943 4277//4115
f 3804//3798 3841//3822 4277//4115
f 3804//3798 4277//4115 3877//3862
f 3858//3863 3919//3907 4225//4116
f 3846//3840 3960//3947 4181//4117
f 3847//3841 3961//4002 4059//4001
f 3961//4002 3846//3840 4181//4117
f 4183//4118 4061//3949 3963//4004
f 3880//3911 3881//3914 4138//4119
f 4062//4005 4063//4008 3965//3954
f 4062//4005 4140//4120 3969//4007
f 4067//4121 4066//4010 4140//4120
f 3969//4007 4140//4120 4066//4010
f 3885//3915 3970//3955 3967//3950
f 4068//4122 3970//3955 3887//3916
f 3887//3916 3967//3950 4068//4122
f 3971//4013 3968//3953 3973//4012
f 4070//4123 3970//3955 4068//4122
f 4070//4123 4068//4122 4071//4017
f 4144//4124 3966//4125 4064//4126
f 4069//4014 3966//4125 4144//4124
f 4070//4123 3926//3921 4145//4127
f 4145//4127 3926//3921 3891//3885
f 4070//4123 4071//4017 3926//3921
f 4144//4124 4146//4128 4069//4014
f 4066//4010 4147//4129 3978//4011
f 4067//4121 3978//4011 4147//4129
f 3891//3885 4071//4017 4145//4127
f 4069//4014 4146//4128 3977//4015
f 3928//4016 3977//4015 4193//4130
f 4073//4019 4072//4131 3984//4033
f 4067//4121 4072//4131 4073//4019
f 4067//4121 4074//4132 3978//4011
f 4075//4018 3978//4011 4074//4132
f 4074//4132 4067//4121 4073//4019
f 3972//3965 3894//3920 4148//4024
f 3974//4133 3938//3968 3988//3973
f 4151//4134 4065//4009 3924//3952
f 4076//4135 4074//4132 4073//4019
f 4076//4135 4073//4019 4075//4018
f 3981//4022 3977//4015 4152//4136
f 3931//3959 4155//4137 3985//3961
f 3981//4022 3983//3969 3977//4015
f 3933//3963 4151//4134 3924//3952
f 4154//4138 4080//4027 4076//4135
f 4154//4138 4156//4044 4080//4027
f 3973//4012 3980//4021 4157//4139
f 4077//4041 3939//3970 3987//3972
f 4199//4140 4148//4024 4078//4025
f 3974//4133 3999//4049 3938//3968
f 3981//4022 4152//4136 3982//4023
f 4073//4019 3984//4033 4082//4032
f 4080//4027 3979//4020 4076//4135
f 3985//3961 4155//4137 3995//4037
f 4079//4030 3983//3969 3981//4022
f 4079//4030 3992//4029 3983//3969
f 3935//3962 4079//4030 3981//4022
f 4087//4141 4073//4019 4082//4032
f 3990//4026 4073//4019 4087//4141
f 3979//4020 3994//4034 4085//4042
f 3979//4020 4085//4042 4076//4135
f 3994//4034 4080//4027 4085//4042
f 4157//4139 3980//4021 4197//4142
f 3993//4039 4086//4040 4083//4035
f 3993//4039 4083//4035 4081//4038
f 3993//4039 4081//4038 3987//3972
f 3983//3969 3938//3968 4193//4130
f 4090//4031 4206//4143 4082//4032
f 3990//4026 4087//4141 4084//4043
f 4155//4137 4197//4142 3995//4037
f 3986//3971 4083//4035 4086//4040
f 4199//4140 3936//3966 3939//3970
f 4078//4025 3936//3966 4199//4140
f 3893//3924 4092//4144 4088//4145
f 3997//3975 3893//3924 4088//4145
f 3938//3968 4079//4030 4193//4130
f 3984//4033 4072//4131 4093//4146
f 4087//4141 4206//4143 4090//4031
f 4085//4042 4094//4147 3990//4026
f 4156//4044 3991//4028 4091//4148
f 4095//4149 3980//4021 4156//4044
f 4160//4150 4003//4065 3984//4033
f 3991//4028 3990//4026 4095//4149
f 3991//4028 4095//4149 4091//4148
f 4197//4142 4162//4051 3995//4037
f 3893//3924 4001//4052 4092//4144
f 4079//4030 3999//4049 3992//4029
f 3984//4033 4003//4065 4090//4031
f 4097//4151 4087//4141 4090//4031
f 4084//4043 4087//4141 4097//4151
f 4088//4145 4207//4152 3997//3975
f 3990//4026 4094//4147 4098//4061
f 3990//4026 4098//4061 4095//4149
f 4099//4153 3980//4021 4095//4149
f 3986//3971 3998//4047 4198//4154
f 4161//4155 4107//4156 4093//4146
f 4102//4157 4095//4149 4098//4061
f 4099//4153 4095//4149 4102//4157
f 4103//4158 4198//4154 3998//4047
f 4207//4152 4004//4055 3997//3975
f 4003//4065 4160//4150 4107//4156
f 4090//4031 4003//4065 4097//4151
f 3998//4047 4162//4051 4103//4158
f 4100//4059 4106//4058 4101//4070
f 4000//4048 4004//4055 4001//4052
f 4108//4159 4105//4057 4008//3984
f 3945//3886 4100//4059 4005//3977
f 4109//4160 4106//4058 3944//3976
f 4109//4160 3944//3976 4101//4070
f 4097//4151 4003//4065 4006//4064
f 4112//4063 4012//4073 4102//4157
f 4099//4153 4102//4157 4012//4073
f 4012//4073 4162//4051 4099//4153
f 4000//4048 4164//4161 4166//4162
f 4004//4055 4000//4048 4010//4056
f 4006//4064 4027//4097 4097//4151
f 4113//4080 4104//4163 4103//4158
f 4000//4048 4166//4162 4010//4056
f 4114//4068 4106//4058 4109//4160
f 4169//4164 4109//4160 4101//4070
f 4114//4068 4109//4160 4169//4164
f 4020//4066 4107//4156 4171//4165
f 4165//4166 4097//4151 4027//4097
f 4112//4063 4115//4167 4021//3989
f 4112//4063 4021//3989 4111//4062
f 4009//4060 4115//4167 4112//4063
f 4169//4164 4013//4069 4114//4068
f 4003//4065 4107//4156 4020//4066
f 4009//4060 4015//4071 4115//4167
f 4015//4071 4012//4073 4112//4063
f 4010//4056 4166//4162 4170//4081
f 4108//4159 4008//3984 4018//4168
f 4101//4070 4022//4072 4173//4169
f 4013//4069 4117//4076 4022//4072
f 4021//3989 4165//4166 3951//3891
f 4117//4076 4173//4169 4116//4074
f 4173//4169 4022//4072 4116//4074
f 4110//4088 4119//3930 4171//4165
f 4119//3930 4020//4066 4171//4165
f 4006//4064 4026//3986 4027//4097
f 4113//4080 4016//4085 4028//4078
f 4113//4080 4024//4079 4166//4162
f 4018//4168 4120//4095 4167//4170
f 4117//4076 4121//4083 4122//4084
f 4116//4074 4121//4083 4117//4076
f 4172//4089 4123//3931 4016//4085
f 4030//3983 4166//4162 4024//4079
f 4170//4081 4166//4162 4030//3983
f 4121//4083 4029//4086 4125//4171
f 4122//4084 4125//4171 4124//4087
f 4121//4083 4125//4171 4122//4084
f 4125//4171 4127//4090 4124//4087
f 4029//4086 4127//4090 4125//4171
f 4120//4095 4018//4168 4126//3992
f 4031//4091 4124//4087 4128//4093
f 4110//4088 3867//3887 4119//3930
f 4020//4066 4119//3930 3949//3889
f 4027//4097 4026//3986 3900//3890
f 4165//4166 4027//4097 3901//3892
f 4024//4079 4028//4078 3956//3893
f 4018//4168 4008//3984 4126//3992
f 4165//4166 3901//3892 3951//3891
f 3868//3844 4120//4095 4126//3992
f 4035//3993 4129//4099 3957//3932
f 4038//4098 3851//3868 4241//4172
f 4241//4172 3851//3868 3904//3933
f 3905//3897 4131//4173 3904//3933
f 3905//3897 4213//4102 4131//4173
f 4040//3938 4174//4174 3874//3871
f 4042//3995 4043//3942 4175//4175
f 4174//4174 3958//4103 3874//3871
f 4218//4176 3913//3941 3814//3816
f 3875//3902 4046//4105 4047//4177
f 4176//4178 3814//3816 3815//3857
f 4047//4177 4177//4179 3875//3902
f 4176//4178 3815//3857 4049//3997
f 3875//3902 4177//4179 4179//4180
f 4179//4180 3856//3819 3875//3902
f 4052//4108 4132//4109 3840//3860
f 4132//4109 4133//4110 3836//3858
f 3856//3819 4223//4181 3857//3796
f 4054//3943 3915//3903 4222//4182
f 3914//3872 3917//3944 4180//4183
f 3877//3862 4135//4112 4055//3945
f 3857//3796 4136//4184 4057//3946
f 3916//3905 4263//4114 3917//3944
f 3783//3782 3844//3823 4137//4185
f 3918//3906 4058//4000 4056//3999
f 3783//3782 4137//4185 3878//3873
f 4057//3946 4324//4186 3844//3823
f 4058//4000 3858//3863 4225//4116
f 3881//3914 3964//4006 4138//4119
f 4185//4187 4062//4005 4183//4118
f 4183//4118 4062//4005 4061//3949
f 4138//4119 3964//4006 4139//4188
f 4185//4187 4140//4120 4062//4005
f 4139//4188 3964//4006 4141//4189
f 4141//4189 3964//4006 4065//4009
f 4140//4120 4142//4190 4067//4121
f 4145//4127 3967//3950 3970//3955
f 3967//3950 4145//4127 4068//4122
f 4064//4126 3966//4125 4143//4191
f 4067//4121 4142//4190 4072//4131
f 3970//3955 4070//4123 4145//4127
f 4068//4122 4145//4127 4071//4017
f 3966//4125 4069//4014 4143//4191
f 4064//4126 4143//4191 4144//4124
f 4142//4190 4149//4192 4072//4131
f 4143//4191 3928//4016 4146//4128
f 4069//4014 3928//4016 4143//4191
f 4143//4191 4146//4128 4144//4124
f 3971//4013 3973//4012 4150//4193
f 3971//4013 4150//4193 3931//3959
f 4147//4129 4075//4018 4067//4121
f 4066//4010 4067//4121 4189//4194
f 4189//4194 4067//4121 4075//4018
f 4066//4010 4189//4194 4147//4129
f 4146//4128 3928//4016 4193//4130
f 3972//3965 4191//4195 3940//3964
f 4152//4136 3977//4015 4146//4128
f 4075//4018 4154//4138 4076//4135
f 4077//4041 3987//3972 4192//4036
f 3977//4015 3983//3969 4193//4130
f 4202//4196 4072//4131 4149//4192
f 4153//4197 4076//4135 4085//4042
f 4192//4036 3987//3972 4081//4038
f 4148//4024 4199//4140 4191//4195
f 3940//3964 4191//4195 4078//4025
f 4151//4134 3933//3963 4089//4198
f 4153//4197 4085//4042 4158//4199
f 3975//4200 3939//3970 4194//4201
f 3975//4200 4194//4201 4199//4140
f 3939//3970 3975//4200 4199//4140
f 3988//3973 3989//3974 3999//4049
f 3982//4023 4152//4136 4079//4030
f 4158//4199 4087//4141 4082//4032
f 4080//4027 4159//4202 4085//4042
f 4080//4027 4196//4203 4159//4202
f 4156//4044 4091//4148 4080//4027
f 4077//4041 3996//4045 4086//4040
f 4078//4025 4191//4195 4000//4048
f 3982//4023 4089//4198 3933//3963
f 4072//4131 4202//4196 4093//4146
f 4085//4042 4084//4043 4158//4199
f 4094//4147 4085//4042 4159//4202
f 4095//4149 4156//4044 4196//4203
f 3939//3970 3996//4045 4194//4201
f 4089//4198 3982//4023 4105//4057
f 4093//4146 4160//4150 3984//4033
f 4158//4199 4206//4143 4087//4141
f 4206//4143 4084//4043 4204//4204
f 4206//4143 4158//4199 4084//4043
f 3980//4021 4099//4153 4197//4142
f 3986//3971 4198//4154 4083//4035
f 4194//4201 3996//4045 4104//4163
f 3982//4023 4002//4050 4105//4057
f 4198//4154 4104//4163 3996//4045
f 4100//4059 4101//4070 4161//4155
f 4160//4150 4093//4146 4107//4156
f 4084//4043 4094//4147 4204//4204
f 4197//4142 4099//4153 4162//4051
f 4103//4158 4104//4163 4198//4154
f 4104//4163 4164//4161 4205//4205
f 4164//4161 4000//4048 4205//4205
f 4105//4057 4108//4159 4203//4206
f 4203//4206 4108//4159 4208//4207
f 4108//4159 4163//4208 4208//4207
f 4084//4043 4097//4151 4094//4147
f 4100//4059 4239//4209 4005//3977
f 4097//4151 4165//4166 4094//4147
f 4094//4147 4165//4166 4098//4061
f 4102//4157 4098//4061 4112//4063
f 4161//4155 4101//4070 4110//4088
f 4107//4156 4161//4155 4171//4165
f 4164//4161 4104//4163 4166//4162
f 4098//4061 4165//4166 4111//4062
f 4103//4158 4162//4051 4016//4085
f 4103//4158 4016//4085 4113//4080
f 4104//4163 4113//4080 4166//4162
f 4163//4208 4108//4159 4018//4168
f 4167//4170 4163//4208 4018//4168
f 4168//4096 4163//4208 4167//4170
f 4106//4058 4114//4068 4101//4070
f 4101//4070 3944//3976 4118//4077
f 4101//4070 4118//4077 4110//4088
f 4161//4155 4110//4088 4171//4165
f 4111//4062 4165//4166 4112//4063
f 4112//4063 4165//4166 4015//4071
f 4162//4051 4012//4073 4172//4089
f 4169//4164 4101//4070 4013//4069
f 4115//4167 4165//4166 4021//3989
f 4015//4071 4165//4166 4115//4167
f 4162//4051 4172//4089 4016//4085
f 4101//4070 4173//4169 4013//4069
f 4013//4069 4173//4169 4117//4076
f 4167//4170 4120//4095 4168//4096
f 4211//4210 4168//4096 4037//3994
f 3904//3933 4131//4173 4241//4172
f 3906//3934 4040//3938 3871//3869
f 3872//3899 4042//3995 4041//3935
f 4042//3995 4175//4175 4041//3935
f 4043//3942 3913//3941 4218//4176
f 4217//3856 4046//4105 3764//3758
f 4176//4178 4049//3997 4178//4211
f 4048//4107 4244//4212 4178//4211
f 4178//4211 4049//3997 4048//4107
f 4179//4180 4223//4181 3856//3819
f 4052//4108 4051//3998 4220//4213
f 4134//4111 4222//4182 3915//3903
f 4051//3998 3914//3872 4221//4214
f 3857//3796 4223//4181 4136//4184
f 4221//4214 3914//3872 4180//4183
f 4056//3999 4058//4000 4224//4215
f 3962//4003 4060//3948 4182//4216
f 4182//4216 3963//4004 3962//4003
f 4060//3948 3880//3911 4182//4216
f 4228//4217 4185//4187 4183//4118
f 4139//4188 4227//4218 4138//4119
f 4227//4218 4139//4188 4184//4219
f 4184//4219 4229//4220 4227//4218
f 4186//4221 4184//4219 4139//4188
f 4229//4220 4184//4219 4187//4222
f 4140//4120 4185//4187 4142//4190
f 4187//4222 4184//4219 4188//4223
f 4188//4223 4184//4219 4186//4221
f 4139//4188 4141//4189 4186//4221
f 4186//4221 4141//4189 4190//4224
f 4141//4189 4065//4009 4190//4224
f 4188//4223 4186//4221 4232//4225
f 4075//4018 4195//4226 4189//4194
f 4150//4193 3973//4012 4157//4139
f 4150//4193 4155//4137 3931//3959
f 3972//3965 4148//4024 4191//4195
f 4190//4224 4065//4009 4151//4134
f 4077//4041 4192//4036 4234//4227
f 4154//4138 4075//4018 4147//4129
f 4152//4136 4146//4128 4193//4130
f 4074//4132 4076//4135 4153//4197
f 3974//4133 3988//3973 3999//4049
f 4195//4226 4196//4203 4154//4138
f 4197//4142 4155//4137 4157//4139
f 4192//4036 4198//4154 4234//4227
f 4089//4198 4200//4228 4151//4134
f 4195//4226 4153//4197 4158//4199
f 4156//4044 4154//4138 4196//4203
f 4192//4036 4083//4035 4198//4154
f 4234//4227 4198//4154 4077//4041
f 4152//4136 4193//4130 4079//4030
f 4199//4140 4194//4201 4191//4195
f 4200//4228 4089//4198 4203//4206
f 4195//4226 4158//4199 4204//4204
f 4196//4203 4195//4226 4159//4202
f 4080//4027 4091//4148 4196//4203
f 4077//4041 4198//4154 3996//4045
f 4191//4195 4194//4201 4205//4205
f 4088//4145 4092//4144 4207//4152
f 4158//4199 4082//4032 4204//4204
f 4082//4032 4206//4143 4204//4204
f 4159//4202 4195//4226 4204//4204
f 4091//4148 4095//4149 4196//4203
f 4208//4207 4200//4228 4203//4206
f 4201//4229 4200//4228 4208//4207
f 4194//4201 4104//4163 4205//4205
f 4203//4206 4089//4198 4105//4057
f 4238//4230 4239//4209 4100//4059
f 4202//4196 4100//4059 4161//4155
f 4202//4196 4161//4155 4093//4146
f 4191//4195 4205//4205 4000//4048
f 4092//4144 4001//4052 4207//4152
f 4204//4204 4094//4147 4159//4202
f 4209//4231 4208//4207 4163//4208
f 4001//4052 4004//4055 4207//4152
f 4209//4231 4163//4208 4168//4096
f 4209//4231 4168//4096 4210//4232
f 4168//4096 4211//4210 4210//4232
f 4038//4098 4212//4233 4211//4210
f 4211//4210 4037//3994 4038//4098
f 4129//4099 4035//3993 4240//4234
f 4240//4234 4130//4100 4129//4099
f 4213//4102 4214//4235 4131//4173
f 4215//4236 4214//4235 4213//4102
f 4213//4102 4039//4101 4215//4236
f 4039//4101 3852//3848 4041//3935
f 4287//4237 3959//3939 3958//4103
f 3959//3939 4216//4238 4044//4104
f 4217//3856 4044//4104 4216//4238
f 4045//3996 4044//4104 4217//3856
f 4176//4178 4218//4176 3814//3816
f 4243//4239 4047//4177 4046//4105
f 4243//4239 4177//4179 4047//4177
f 4244//4212 4219//4240 4178//4211
f 4176//4178 4178//4211 4219//4240
f 4050//4106 4244//4212 4048//4107
f 4245//4241 4244//4212 4050//4106
f 4245//4241 4050//4106 4053//4113
f 4245//4241 4053//4113 4135//4112
f 4134//4111 4133//4110 4222//4182
f 4246//4242 4051//3998 4221//4214
f 4220//4213 4051//3998 4246//4242
f 3877//3862 4262//4243 4135//4112
f 3877//3862 4277//4115 4373//4244
f 4263//4114 4056//3999 4224//4215
f 4224//4215 4058//4000 4225//4116
f 3919//3907 4059//4001 4278//4245
f 4138//4119 4182//4216 3880//3911
f 4138//4119 4226//4246 4182//4216
f 4227//4218 4226//4246 4138//4119
f 4270//4247 4229//4220 4187//4222
f 4248//4248 4142//4190 4185//4187
f 4230//4249 4270//4247 4187//4222
f 4188//4223 4230//4249 4187//4222
f 4231//4250 4230//4249 4188//4223
f 4142//4190 4248//4248 4149//4192
f 4248//4248 4271//4251 4149//4192
f 4232//4225 4231//4250 4188//4223
f 4190//4224 4232//4225 4186//4221
f 4233//4252 4231//4250 4232//4225
f 4271//4251 4331//4253 4149//4192
f 4189//4194 4195//4226 4147//4129
f 4155//4137 4150//4193 4157//4139
f 4235//4254 4232//4225 4190//4224
f 4075//4018 4074//4132 4195//4226
f 4235//4254 4190//4224 4151//4134
f 4153//4197 4195//4226 4074//4132
f 4233//4252 4232//4225 4201//4229
f 4149//4192 4331//4253 4202//4196
f 4202//4196 4331//4253 4236//4255
f 4147//4129 4195//4226 4154//4138
f 4232//4225 4235//4254 4201//4229
f 4201//4229 4151//4134 4200//4228
f 4235//4254 4151//4134 4201//4229
f 4237//4256 4233//4252 4201//4229
f 4236//4255 4238//4230 4202//4196
f 4237//4256 4201//4229 4208//4207
f 4202//4196 4238//4230 4100//4059
f 4209//4231 4237//4256 4208//4207
f 4214//4235 4215//4236 4253//4257
f 4215//4236 4039//4101 4242//4258
f 4039//4101 4041//3935 4242//4258
f 3906//3934 3853//3849 4254//4259
f 4041//3935 4175//4175 4256//4260
f 4175//4175 4043//3942 4257//4261
f 4257//4261 4043//3942 4218//4176
f 4133//4110 4132//4109 4261//4262
f 4222//4182 4133//4110 4261//4262
f 4277//4115 4054//3943 4222//4182
f 4223//4181 4057//3946 4136//4184
f 4224//4215 4225//4116 4313//4263
f 3960//3947 3859//3874 4265//4264
f 3919//3907 4278//4245 4225//4116
f 4278//4245 4059//4001 4266//4265
f 3961//4002 4181//4117 4267//4266
f 4227//4218 4247//4267 4226//4246
f 4227//4218 4229//4220 4247//4267
f 4247//4267 4229//4220 4280//4268
f 4231//4250 4249//4269 4230//4249
f 4209//4231 4251//4270 4237//4256
f 4210//4232 4318//4271 4209//4231
f 4410//4272 4011//3928 4005//3977
f 4038//4098 4241//4172 4212//4233
f 4241//4172 4252//4273 4212//4233
f 4242//4258 4253//4257 4215//4236
f 3809//3787 4341//4274 3853//3849
f 3853//3849 4341//4274 4254//4259
f 4274//4275 4284//4276 4242//4258
f 4242//4258 4041//3935 4274//4275
f 3906//3934 4255//4277 4040//3938
f 4257//4261 4275//4278 4175//4175
f 4276//4279 3959//3939 4287//4237
f 3959//3939 4276//4279 4216//4238
f 4218//4176 4259//4280 4258//4281
f 4218//4176 4176//4178 4259//4280
f 4176//4178 4219//4240 4259//4280
f 4260//4282 4291//4283 4244//4212
f 4244//4212 4245//4241 4260//4282
f 4052//4108 4220//4213 4246//4242
f 4246//4242 4261//4262 4052//4108
f 4261//4262 4132//4109 4052//4108
f 4246//4242 4221//4214 4180//4183
f 4222//4182 4261//4262 4277//4115
f 4137//4185 3844//3823 4324//4186
f 4223//4181 4324//4186 4057//3946
f 3859//3874 3878//3873 4264//4284
f 3960//3947 4267//4266 4181//4117
f 4059//4001 3961//4002 4266//4265
f 3963//4004 4298//4285 4183//4118
f 4281//4286 4248//4248 4185//4187
f 4233//4252 4250//4287 4231//4250
f 4272//4288 4005//3977 4239//4209
f 4318//4271 4251//4270 4209//4231
f 4410//4272 4005//3977 4272//4288
f 4210//4232 4211//4210 4282//4289
f 4211//4210 4212//4233 4282//4289
f 4241//4172 4283//4290 4252//4273
f 4273//4291 4241//4172 4131//4173
f 4131//4173 4214//4235 4273//4291
f 4242//4258 4284//4276 4253//4257
f 4041//3935 4306//4292 4274//4275
f 4040//3938 4286//4293 4174//4174
f 4275//4278 4256//4260 4175//4175
f 4276//4279 4217//3856 4216//4238
f 4218//4176 4290//4294 4257//4261
f 4290//4294 4218//4176 4258//4281
f 4259//4280 4219//4240 4322//4295
f 4219//4240 4244//4212 4322//4295
f 4260//4282 4245//4241 4293//4296
f 4292//4297 4223//4181 4179//4180
f 4245//4241 4135//4112 4293//4296
f 4293//4296 4135//4112 4262//4243
f 3917//3944 4263//4114 4432//4298
f 3917//3944 4432//4298 4180//4183
f 4263//4114 4224//4215 4295//4299
f 4224//4215 4313//4263 4295//4299
f 3859//3874 4296//4300 4265//4264
f 4265//4264 4267//4266 3960//3947
f 4266//4265 3961//4002 4297//4301
f 4297//4301 3961//4002 4267//4266
f 3963//4004 4299//4302 4298//4285
f 3963//4004 4182//4216 4299//4302
f 4298//4285 4268//4303 4183//4118
f 4182//4216 4226//4246 4300//4304
f 4226//4246 4279//4305 4300//4304
f 4226//4246 4247//4267 4279//4305
f 4268//4303 4269//4306 4183//4118
f 4301//4307 4228//4217 4183//4118
f 4269//4306 4301//4307 4183//4118
f 4280//4268 4279//4305 4247//4267
f 4301//4307 4185//4187 4228//4217
f 4230//4249 4302//4308 4270//4247
f 4230//4249 4249//4269 4303//4309
f 4271//4251 4304//4310 4331//4253
f 4233//4252 4237//4256 4317//4311
f 4237//4256 4251//4270 4334//4312
f 4318//4271 4210//4232 4282//4289
f 4283//4290 4241//4172 4273//4291
f 4214//4235 4253//4257 4273//4291
f 4285//4313 4253//4257 4284//4276
f 4274//4275 4285//4313 4284//4276
f 4352//4314 3958//4103 4174//4174
f 4288//4315 4276//4279 4287//4237
f 4289//4316 4275//4278 4290//4294
f 4275//4278 4257//4261 4290//4294
f 4046//4105 4346//4317 4243//4239
f 4177//4179 4243//4239 4308//4318
f 4291//4283 4322//4295 4244//4212
f 4177//4179 4308//4318 4179//4180
f 4292//4297 4310//4319 4223//4181
f 4293//4296 4262//4243 4294//4320
f 4261//4262 4246//4242 4277//4115
f 4296//4300 3859//3874 4264//4284
f 4225//4116 4278//4245 4313//4263
f 4278//4245 4266//4265 4297//4301
f 4300//4304 4299//4302 4182//4216
f 4185//4187 4314//4321 4281//4286
f 4270//4247 4280//4268 4229//4220
f 4303//4309 4302//4308 4230//4249
f 4231//4250 4315//4322 4249//4269
f 4250//4287 4315//4322 4231//4250
f 4250//4287 4233//4252 4317//4311
f 4237//4256 4334//4312 4317//4311
f 4251//4270 4318//4271 4334//4312
f 4011//3928 4319//4323 4035//3993
f 4212//4233 4252//4273 4320//4324
f 4252//4273 4283//4290 4320//4324
f 4342//4325 4274//4275 4306//4292
f 4041//3935 4307//4326 4306//4292
f 4041//3935 4256//4260 4307//4326
f 4256//4260 4275//4278 4307//4326
f 4352//4314 4321//4327 3958//4103
f 4275//4278 4344//4328 4307//4326
f 3958//4103 4321//4327 4287//4237
f 4288//4315 4217//3856 4276//4279
f 4258//4281 4259//4280 4345//4329
f 4309//4330 4291//4283 4260//4282
f 4310//4319 4311//4331 4223//4181
f 3877//3862 4373//4244 4262//4243
f 4246//4242 4180//4183 4277//4115
f 4137//4185 4264//4284 3878//3873
f 4312//4332 4297//4301 4265//4264
f 4278//4245 4297//4301 4312//4332
f 4297//4301 4267//4266 4265//4264
f 4279//4305 4280//4268 4327//4333
f 4270//4247 4328//4334 4280//4268
f 4328//4334 4270//4247 4302//4308
f 4314//4321 4248//4248 4281//4286
f 4248//4248 4304//4310 4271//4251
f 4249//4269 4315//4322 4303//4309
f 4315//4322 4250//4287 4316//4335
f 4250//4287 4317//4311 4316//4335
f 4333//4336 4239//4209 4238//4230
f 4239//4209 4333//4336 4305//4337
f 4282//4289 4212//4233 4320//4324
f 4240//4234 4338//4338 4130//4100
f 4273//4291 4253//4257 4340//4339
f 4274//4275 4342//4325 4285//4313
f 4307//4326 4342//4325 4306//4292
f 4286//4293 4351//4340 4174//4174
f 4287//4237 4321//4327 4288//4315
f 4344//4328 4275//4278 4289//4316
f 4290//4294 4258//4281 4345//4329
f 4217//3856 4366//4341 4046//4105
f 4259//4280 4322//4295 4345//4329
f 4366//4341 4346//4317 4046//4105
f 4260//4282 4293//4296 4309//4330
f 4294//4320 4262//4243 4323//4342
f 4323//4342 4262//4243 4371//4343
f 4311//4331 4324//4186 4223//4181
f 4373//4244 4371//4343 4262//4243
f 4263//4114 4295//4299 4376//4344
f 4312//4332 4265//4264 4278//4245
f 4299//4302 4325//4345 4298//4285
f 4268//4303 4298//4285 4269//4306
f 4300//4304 4326//4346 4299//4302
f 4279//4305 4327//4333 4300//4304
f 4300//4304 4327//4333 4326//4346
f 4314//4321 4329//4347 4248//4248
f 4302//4308 4330//4348 4328//4334
f 4303//4309 4330//4348 4302//4308
f 4315//4322 4316//4335 4332//4349
f 4334//4312 4335//4350 4317//4311
f 4336//4351 4334//4312 4318//4271
f 4318//4271 4282//4289 4336//4351
f 4320//4324 4337//4352 4282//4289
f 4240//4234 4035//3993 4319//4323
f 4339//4353 4320//4324 4283//4290
f 4273//4291 4339//4353 4283//4290
f 4253//4257 4285//4313 4340//4339
f 3906//3934 4254//4259 4255//4277
f 4342//4325 4343//4354 4285//4313
f 4342//4325 4344//4328 4343//4354
f 4350//4355 4343//4354 4344//4328
f 4342//4325 4307//4326 4344//4328
f 4174//4174 4351//4340 4352//4314
f 4344//4328 4289//4316 4350//4355
f 4289//4316 4290//4294 4353//4356
f 4322//4295 4291//4283 4347//4357
f 4291//4283 4309//4330 4347//4357
f 4179//4180 4354//4358 4292//4297
f 4309//4330 4293//4296 4355//4359
f 4294//4320 4323//4342 4293//4296
f 4263//4114 4376//4344 4432//4298
f 4277//4115 4180//4183 4372//4360
f 4358//4361 4295//4299 4313//4263
f 4278//4245 4265//4264 4313//4263
f 4348//4362 4298//4285 4325//4345
f 4269//4306 4298//4285 4359//4363
f 4325//4345 4299//4302 4361//4364
f 4361//4364 4299//4302 4326//4346
f 4185//4187 4301//4307 4314//4321
f 4280//4268 4349//4365 4327//4333
f 4280//4268 4328//4334 4349//4365
f 4329//4347 4304//4310 4248//4248
f 4238//4230 4236//4255 4363//4366
f 4238//4230 4363//4366 4333//4336
f 4381//4367 4316//4335 4317//4311
f 4317//4311 4335//4350 4381//4367
f 4239//4209 4305//4337 4272//4288
f 4282//4289 4337//4352 4336//4351
f 4011//3928 4410//4272 4319//4323
f 4255//4277 4286//4293 4040//3938
f 4352//4314 4351//4340 4384//4368
f 4350//4355 4289//4316 4353//4356
f 4353//4356 4290//4294 4345//4329
f 4588//4369 4366//4341 4217//3856
f 4368//4370 4345//4329 4322//4295
f 4368//4370 4322//4295 4347//4357
f 4293//4296 4356//4371 4355//4359
f 4292//4297 4357//4372 4310//4319
f 4310//4319 4369//4373 4311//4331
f 4311//4331 4369//4373 4324//4186
f 4324//4186 4387//4374 4137//4185
f 4277//4115 4372//4360 4373//4244
f 4295//4299 4358//4361 4376//4344
f 4434//4375 4265//4264 4296//4300
f 4265//4264 4434//4375 4313//4263
f 4298//4285 4348//4362 4359//4363
f 4360//4376 4359//4363 4348//4362
f 4325//4345 4360//4376 4348//4362
f 4325//4345 4361//4364 4360//4376
f 4301//4307 4378//4377 4314//4321
f 4314//4321 4378//4377 4390//4378
f 4328//4334 4391//4379 4349//4365
f 4328//4334 4330//4348 4379//4380
f 4315//4322 4362//4381 4303//4309
f 4332//4349 4316//4335 4380//4382
f 4335//4350 4382//4383 4381//4367
f 4337//4352 4364//4384 4336//4351
f 3870//3898 4532//4385 3809//3787
f 4340//4339 4396//4386 4273//4291
f 4532//4385 4341//4274 3809//3787
f 4340//4339 4285//4313 4343//4354
f 4365//4387 4321//4327 4352//4314
f 4288//4315 4588//4369 4217//3856
f 4353//4356 4345//4329 4385//4388
f 4345//4329 4368//4370 4367//4389
f 4308//4318 4243//4239 4386//4390
f 4243//4239 4346//4317 4386//4390
f 4308//4318 4386//4390 4179//4180
f 4386//4390 4354//4358 4179//4180
f 4347//4357 4309//4330 4355//4359
f 4357//4372 4292//4297 4354//4358
f 4370//4391 4356//4371 4323//4342
f 4293//4296 4323//4342 4356//4371
f 4323//4342 4371//4343 4370//4391
f 4377//4392 4264//4284 4137//4185
f 4264//4284 4377//4392 4296//4300
f 4376//4344 4358//4361 4375//4393
f 4296//4300 4377//4392 4374//4394
f 4360//4376 4389//4395 4359//4363
f 4390//4378 4393//4396 4314//4321
f 4393//4396 4329//4347 4314//4321
f 4303//4309 4379//4380 4330//4348
f 4315//4322 4332//4349 4380//4382
f 4334//4312 4382//4383 4335//4350
f 4334//4312 4437//4397 4382//4383
f 4437//4397 4334//4312 4336//4351
f 4337//4352 4395//4398 4364//4384
f 4130//4100 4338//4338 3870//3898
f 4339//4353 4383//4399 4481//4400
f 4273//4291 4396//4386 4383//4399
f 4273//4291 4383//4399 4339//4353
f 4397//4401 4343//4354 4398//4402
f 4343//4354 4350//4355 4398//4402
f 4384//4368 4351//4340 4399//4403
f 4352//4314 4384//4368 4418//4404
f 4365//4387 4352//4314 4418//4404
f 4365//4387 4400//4405 4321//4327
f 4321//4327 4400//4405 4288//4315
f 4400//4405 4588//4369 4288//4315
f 4401//4406 4346//4317 4366//4341
f 4425//4407 4347//4357 4355//4359
f 4310//4319 4357//4372 4369//4373
f 4387//4374 4324//4186 4369//4373
f 4373//4244 4430//4408 4371//4343
f 4377//4392 4137//4185 4387//4374
f 4372//4360 4180//4183 4432//4298
f 4388//4409 4296//4300 4374//4394
f 4388//4409 4434//4375 4296//4300
f 4269//4306 4359//4363 4389//4395
f 4269//4306 4378//4377 4301//4307
f 4269//4306 4389//4395 4378//4377
f 4361//4364 4404//4410 4360//4376
f 4326//4346 4327//4333 4361//4364
f 4392//4411 4327//4333 4349//4365
f 4349//4365 4391//4379 4392//4411
f 4328//4334 4379//4380 4391//4379
f 4329//4347 4393//4396 4304//4310
f 4362//4381 4379//4380 4303//4309
f 4362//4381 4315//4322 4394//4412
f 4315//4322 4380//4382 4394//4412
f 4316//4335 4381//4367 4380//4382
f 4336//4351 4364//4384 4437//4397
f 4364//4384 4395//4398 4437//4397
f 4411//4413 4395//4398 4337//4352
f 4411//4413 4337//4352 4320//4324
f 4320//4324 4339//4353 4481//4400
f 4396//4386 4340//4339 4413//4414
f 4340//4339 4343//4354 4414//4415
f 4343//4354 4397//4401 4414//4415
f 4398//4402 4350//4355 4416//4416
f 4350//4355 4441//4417 4416//4416
f 4400//4405 4365//4387 4418//4404
f 4353//4356 4385//4388 4420//4418
f 4588//4369 4421//4419 4366//4341
f 4422//4420 4420//4418 4385//4388
f 4345//4329 4422//4420 4385//4388
f 4367//4389 4423//4421 4422//4420
f 4422//4420 4345//4329 4367//4389
f 4401//4406 4366//4341 4484//4422
f 4368//4370 4347//4357 4425//4407
f 4468//4423 4370//4391 4371//4343
f 4430//4408 4402//4424 4371//4343
f 4403//4425 4374//4394 4431//4426
f 4375//4393 4358//4361 4473//4427
f 4374//4394 4403//4425 4388//4409
f 4434//4375 4358//4361 4313//4263
f 4360//4376 4446//4428 4389//4395
f 4360//4376 4404//4410 4446//4428
f 4404//4410 4361//4364 4327//4333
f 4327//4333 4405//4429 4404//4410
f 4327//4333 4392//4411 4405//4429
f 4391//4379 4406//4430 4392//4411
f 4379//4380 4406//4430 4391//4379
f 4362//4381 4435//4431 4379//4380
f 4236//4255 4331//4253 4477//4432
f 4407//4433 4435//4431 4362//4381
f 4362//4381 4394//4412 4407//4433
f 4380//4382 4408//4434 4394//4412
f 4381//4367 4408//4434 4380//4382
f 4381//4367 4382//4383 4436//4435
f 4305//4337 4410//4272 4272//4288
f 4382//4383 4437//4397 4409//4436
f 4411//4413 4320//4324 4481//4400
f 4412//4437 4481//4400 4383//4399
f 4396//4386 4412//4437 4383//4399
f 4340//4339 4414//4415 4413//4414
f 4255//4277 4254//4259 4438//4438
f 4415//4439 4286//4293 4255//4277
f 4398//4402 4439//4440 4397//4401
f 4441//4417 4440//4441 4416//4416
f 4417//4442 4418//4404 4384//4368
f 4400//4405 4418//4404 4417//4442
f 4350//4355 4353//4356 4441//4417
f 4420//4418 4441//4417 4353//4356
f 4419//4443 4460//4444 4420//4418
f 4420//4418 4422//4420 4419//4443
f 4423//4421 4367//4389 4368//4370
f 4386//4390 4346//4317 4401//4406
f 4424//4445 4386//4390 4401//4406
f 4355//4359 4427//4446 4425//4407
f 4426//4447 4357//4372 4354//4358
f 4356//4371 4442//4448 4427//4446
f 4355//4359 4356//4371 4427//4446
f 4426//4447 4428//4449 4357//4372
f 4357//4372 4428//4449 4369//4373
f 4387//4374 4369//4373 4428//4449
f 4429//4450 4387//4374 4428//4449
f 4371//4343 4402//4424 4468//4423
f 4372//4360 4432//4298 4443//4451
f 4444//4452 4430//4408 4373//4244
f 4431//4426 4377//4392 4387//4374
f 4374//4394 4377//4392 4431//4426
f 4375//4393 4473//4427 4491//4453
f 4376//4344 4375//4393 4491//4453
f 4403//4425 4433//4454 4388//4409
f 4389//4395 4445//4455 4378//4377
f 4389//4395 4446//4428 4445//4455
f 4449//4456 4405//4429 4392//4411
f 4449//4456 4392//4411 4406//4430
f 4393//4396 4475//4457 4304//4310
f 4477//4432 4478//4458 4236//4255
f 4381//4367 4436//4435 4408//4434
f 4382//4383 4409//4436 4436//4435
f 4451//4459 4409//4436 4437//4397
f 4396//4386 4454//4460 4412//4437
f 4413//4414 4454//4460 4396//4386
f 4438//4438 4415//4439 4255//4277
f 4420//4418 4460//4444 4441//4417
f 4424//4445 4401//4406 4462//4461
f 4423//4421 4368//4370 4425//4407
f 4424//4445 4463//4462 4386//4390
f 4386//4390 4463//4462 4354//4358
f 4487//4463 4356//4371 4468//4423
f 4468//4423 4356//4371 4370//4391
f 4522//4464 4387//4374 4429//4450
f 4402//4424 4430//4408 4468//4423
f 4443//4451 4432//4298 4469//4465
f 4468//4423 4430//4408 4444//4452
f 4376//4344 4491//4453 4432//4298
f 4373//4244 4372//4360 4470//4466
f 4472//4467 4434//4375 4388//4409
f 4472//4467 4388//4409 4433//4454
f 4358//4361 4434//4375 4473//4427
f 4447//4468 4393//4396 4390//4378
f 4378//4377 4447//4468 4390//4378
f 4448//4469 4404//4410 4405//4429
f 4449//4456 4448//4469 4405//4429
f 4406//4430 4379//4380 4476//4470
f 4477//4432 4331//4253 4304//4310
f 4379//4380 4496//4471 4476//4470
f 4450//4472 4496//4471 4379//4380
f 4435//4431 4450//4472 4379//4380
f 4236//4255 4478//4458 4363//4366
f 4407//4433 4529//4473 4435//4431
f 4407//4433 4394//4412 4529//4473
f 4305//4337 4333//4336 4480//4474
f 4479//4475 4394//4412 4408//4434
f 4499//4476 4436//4435 4409//4436
f 4409//4436 4451//4459 4499//4476
f 4451//4459 4437//4397 4452//4477
f 4437//4397 4395//4398 4500//4478
f 4395//4398 4453//4479 4500//4478
f 4395//4398 4411//4413 4453//4479
f 4413//4414 4456//4480 4454//4460
f 4254//4259 4341//4274 4438//4438
f 4413//4414 4414//4415 4456//4480
f 4341//4274 4455//4481 4438//4438
f 4455//4481 4482//4482 4438//4438
f 4414//4415 4397//4401 4456//4480
f 4397//4401 4439//4440 4457//4483
f 4458//4484 4483//4485 4439//4440
f 4398//4402 4458//4484 4439//4440
f 4399//4403 4511//4486 4384//4368
f 4417//4442 4384//4368 4511//4486
f 4459//4487 4510//4488 4440//4441
f 4459//4487 4441//4417 4460//4444
f 4440//4441 4441//4417 4459//4487
f 4422//4420 4461//4489 4419//4443
f 4421//4419 4484//4422 4366//4341
f 4423//4421 4461//4489 4422//4420
f 4484//4422 4462//4461 4401//4406
f 4423//4421 4425//4407 4485//4490
f 4486//4491 4354//4358 4463//4462
f 4425//4407 4427//4446 4464//4492
f 4354//4358 4486//4491 4518//4493
f 4426//4447 4354//4358 4518//4493
f 4442//4448 4356//4371 4487//4463
f 4469//4465 4520//4494 4465//4495
f 4466//4496 4469//4465 4465//4495
f 4443//4451 4466//4496 4488//4497
f 4387//4374 4522//4464 4431//4426
f 4466//4496 4443//4451 4469//4465
f 4468//4423 4444//4452 4467//4498
f 4443//4451 4488//4497 4490//4499
f 4471//4500 4469//4465 4432//4298
f 4490//4499 4372//4360 4443//4451
f 4372//4360 4490//4499 4470//4466
f 4489//4501 4444//4452 4470//4466
f 4472//4467 4491//4453 4473//4427
f 4471//4500 4432//4298 4491//4453
f 4444//4452 4373//4244 4470//4466
f 4473//4427 4434//4375 4472//4467
f 4474//4502 4378//4377 4445//4455
f 4447//4468 4378//4377 4492//4503
f 4494//4504 4404//4410 4448//4469
f 4528//4505 4406//4430 4476//4470
f 4475//4457 4477//4432 4304//4310
f 4435//4431 4529//4473 4450//4472
f 4529//4473 4394//4412 4479//4475
f 4479//4475 4408//4434 4436//4435
f 4437//4397 4500//4478 4452//4477
f 4411//4413 4502//4506 4453//4479
f 4505//4507 4481//4400 4412//4437
f 4412//4437 4454//4460 4505//4507
f 4415//4439 4438//4438 4482//4482
f 4457//4483 4456//4480 4397//4401
f 4415//4439 4507//4508 4286//4293
f 4457//4483 4439//4440 4483//4485
f 4398//4402 4508//4509 4458//4484
f 4416//4416 4508//4509 4398//4402
f 4440//4441 4510//4488 4416//4416
f 4459//4487 4460//4444 4512//4510
f 4460//4444 4419//4443 4534//4511
f 4419//4443 4461//4489 4534//4511
f 4485//4490 4461//4489 4423//4421
f 4515//4512 4424//4445 4462//4461
f 4515//4512 4516//4513 4424//4445
f 4424//4445 4516//4513 4463//4462
f 4514//4514 4485//4490 4425//4407
f 4514//4514 4425//4407 4464//4492
f 4463//4462 4517//4515 4486//4491
f 4518//4493 4536//4516 4426//4447
f 4426//4447 4536//4516 4428//4449
f 4428//4449 4536//4516 4522//4464
f 4429//4450 4428//4449 4522//4464
f 4466//4496 4465//4495 4521//4517
f 4521//4517 4488//4497 4466//4496
f 4527//4518 4467//4498 4444//4452
f 4471//4500 4520//4494 4469//4465
f 4378//4377 4474//4502 4492//4503
f 4404//4410 4493//4519 4446//4428
f 4494//4504 4493//4519 4404//4410
f 4449//4456 4528//4505 4448//4469
f 4406//4430 4528//4505 4449//4456
f 4496//4471 4495//4520 4476//4470
f 4496//4471 4450//4472 4540//4521
f 4479//4475 4497//4522 4529//4473
f 4479//4475 4530//4523 4497//4522
f 4530//4523 4479//4475 4436//4435
f 4498//4524 4530//4523 4436//4435
f 4436//4435 4499//4476 4498//4524
f 4451//4459 4452//4477 4499//4476
f 4452//4477 4501//4525 4597//4526
f 4452//4477 4500//4478 4501//4525
f 4481//4400 4503//4527 4502//4506
f 4411//4413 4481//4400 4502//4506
f 4506//4528 4415//4439 4482//4482
f 4483//4485 4533//4529 4457//4483
f 4483//4485 4458//4484 4533//4529
f 4286//4293 4399//4403 4351//4340
f 4416//4416 4510//4488 4508//4509
f 4509//4530 4511//4486 4399//4403
f 4509//4530 4417//4442 4511//4486
f 4512//4510 4460//4444 4534//4511
f 4514//4514 4535//4531 4513//4532
f 4484//4422 4515//4512 4462//4461
f 4461//4489 4485//4490 4513//4532
f 4485//4490 4514//4514 4513//4532
f 4486//4491 4517//4515 4518//4493
f 4427//4446 4442//4448 4464//4492
f 4442//4448 4487//4463 4519//4533
f 4521//4517 4465//4495 4520//4494
f 4525//4534 4488//4497 4521//4517
f 4471//4500 4553//4535 4524//4536
f 4520//4494 4471//4500 4524//4536
f 4525//4534 4490//4499 4488//4497
f 4527//4518 4489//4501 4526//4537
f 4523//4538 4431//4426 4522//4464
f 4431//4426 4523//4538 4537//4539
f 4444//4452 4489//4501 4527//4518
f 4490//4499 4525//4534 4470//4466
f 4472//4467 4433//4454 4538//4540
f 4433//4454 4403//4425 4538//4540
f 4446//4428 4493//4519 4555//4541
f 4539//4542 4447//4468 4492//4503
f 4447//4468 4475//4457 4393//4396
f 4448//4469 4528//4505 4556//4543
f 4475//4457 4557//4544 4477//4432
f 4496//4471 4540//4521 4495//4520
f 4529//4473 4540//4521 4450//4472
f 4529//4473 4497//4522 4562//4545
f 4530//4523 4498//4524 4565//4546
f 4499//4476 4452//4477 4597//4526
f 4501//4525 4500//4478 4568//4547
f 4453//4479 4502//4506 4568//4547
f 4500//4478 4453//4479 4568//4547
f 4541//4548 4481//4400 4505//4507
f 4341//4274 4482//4482 4455//4481
f 4454//4460 4456//4480 4542//4549
f 4506//4528 4543//4550 4415//4439
f 4415//4439 4543//4550 4507//4508
f 4456//4480 4457//4483 4533//4529
f 4286//4293 4507//4508 4544//4551
f 4458//4484 4508//4509 4533//4529
f 4544//4551 4399//4403 4286//4293
f 4509//4530 4399//4403 4570//4552
f 4510//4488 4459//4487 4545//4553
f 4509//4530 4588//4369 4417//4442
f 4417//4442 4588//4369 4400//4405
f 4459//4487 4512//4510 4545//4553
f 4514//4514 4464//4492 4546//4554
f 4546//4554 4464//4492 4442//4448
f 4442//4448 4519//4533 4547//4555
f 4547//4555 4519//4533 4487//4463
f 4487//4463 4468//4423 4549//4556
f 4550//4557 4549//4556 4468//4423
f 4536//4516 4548//4558 4522//4464
f 4521//4517 4520//4494 4551//4559
f 4550//4557 4467//4498 4527//4518
f 4468//4423 4467//4498 4550//4557
f 4552//4560 4470//4466 4525//4534
f 4470//4466 4581//4561 4489//4501
f 4489//4501 4581//4561 4526//4537
f 4431//4426 4537//4539 4538//4540
f 4491//4453 4554//4562 4471//4500
f 4553//4535 4471//4500 4554//4562
f 4403//4425 4431//4426 4538//4540
f 4445//4455 4555//4541 4474//4502
f 4446//4428 4555//4541 4445//4455
f 4447//4468 4539//4542 4475//4457
f 4560//4563 4528//4505 4476//4470
f 4540//4521 4529//4473 4561//4564
f 4529//4473 4562//4545 4561//4564
f 4562//4545 4497//4522 4564//4565
f 4497//4522 4530//4523 4564//4565
f 4305//4337 4634//4566 4410//4272
f 4499//4476 4584//4567 4498//4524
f 4502//4506 4503//4527 4568//4547
f 4568//4547 4503//4527 4541//4548
f 4481//4400 4541//4548 4503//4527
f 3870//3898 4504//4568 4532//4385
f 4505//4507 4454//4460 4542//4549
f 4542//4549 4456//4480 4624//4569
f 4482//4482 4636//4570 4506//4528
f 4543//4550 4506//4528 4636//4570
f 4544//4551 4570//4552 4399//4403
f 4461//4489 4572//4571 4534//4511
f 4572//4571 4461//4489 4513//4532
f 4514//4514 4546//4554 4535//4531
f 4546//4554 4442//4448 4547//4555
f 4536//4516 4518//4493 4575//4572
f 4548//4558 4536//4516 4575//4572
f 4487//4463 4549//4556 4547//4555
f 4590//4573 4550//4557 4527//4518
f 4523//4538 4522//4464 4548//4558
f 4520//4494 4632//4574 4551//4559
f 4526//4537 4581//4561 4590//4573
f 4527//4518 4526//4537 4590//4573
f 4524//4536 4553//4535 4580//4575
f 4491//4453 4472//4467 4538//4540
f 4492//4503 4474//4502 4555//4541
f 4494//4504 4555//4541 4493//4519
f 4494//4504 4448//4469 4556//4543
f 4558//4576 4556//4543 4528//4505
f 4559//4577 4558//4576 4528//4505
f 4560//4563 4559//4577 4528//4505
f 4476//4470 4495//4520 4560//4563
f 4561//4564 4563//4578 4540//4521
f 4561//4564 4562//4545 4563//4578
f 4530//4523 4566//4579 4564//4565
f 4305//4337 4480//4474 4634//4566
f 4565//4546 4566//4579 4530//4523
f 4499//4476 4597//4526 4584//4567
f 4410//4272 4585//4580 4319//4323
f 4240//4234 4585//4580 4531//4581
f 4240//4234 4319//4323 4585//4580
f 4501//4525 4567//4582 4597//4526
f 4501//4525 4568//4547 4567//4582
f 4600//4583 4568//4547 4541//4548
f 4541//4548 4505//4507 4569//4584
f 4341//4274 4532//4385 4482//4482
f 4456//4480 4533//4529 4624//4569
f 4543//4550 4544//4551 4507//4508
f 4570//4552 4543//4550 4636//4570
f 4543//4550 4570//4552 4544//4551
f 4587//4585 4533//4529 4508//4509
f 4545//4553 4587//4585 4508//4509
f 4508//4509 4510//4488 4545//4553
f 4571//4586 4605//4587 4512//4510
f 4512//4510 4572//4571 4571//4586
f 4534//4511 4572//4571 4512//4510
f 4572//4571 4513//4532 4589//4588
f 4627//4589 4484//4422 4421//4419
f 4535//4531 4589//4588 4513//4532
f 4627//4589 4573//4590 4484//4422
f 4607//4591 4589//4588 4535//4531
f 4574//4592 4607//4591 4535//4531
f 4608//4593 4574//4592 4547//4555
f 4535//4531 4546//4554 4574//4592
f 4546//4554 4547//4555 4574//4592
f 4576//4594 4548//4558 4575//4572
f 4578//4595 4549//4556 4577//4596
f 4547//4555 4549//4556 4578//4595
f 4549//4556 4550//4557 4577//4596
f 4550//4557 4590//4573 4613//4597
f 4520//4494 4524//4536 4632//4574
f 4525//4534 4521//4517 4552//4560
f 4580//4575 4553//4535 4579//4598
f 4581//4561 4470//4466 4552//4560
f 4553//4535 4554//4562 4579//4598
f 4582//4599 4537//4539 4592//4600
f 4538//4540 4537//4539 4582//4599
f 4555//4541 4539//4542 4492//4503
f 4494//4504 4556//4543 4617//4601
f 4495//4520 4540//4521 4560//4563
f 4619//4602 4633//4603 4540//4521
f 4583//4604 4333//4336 4363//4366
f 4564//4565 4566//4579 4562//4545
f 4565//4546 4584//4567 4566//4579
f 4565//4546 4498//4524 4584//4567
f 4240//4234 4531//4581 4338//4338
f 4568//4547 4598//4605 4567//4582
f 4569//4584 4586//4606 4601//4607
f 4505//4507 4586//4606 4569//4584
f 4542//4549 4586//4606 4505//4507
f 4587//4585 4604//4608 4533//4529
f 4512//4510 4605//4587 4545//4553
f 4571//4586 4572//4571 4658//4609
f 4515//4512 4484//4422 4628//4610
f 4516//4513 4609//4611 4463//4462
f 4463//4462 4609//4611 4610//4612
f 4517//4515 4463//4462 4610//4612
f 4578//4595 4608//4593 4547//4555
f 4548//4558 4576//4594 4614//4613
f 4613//4597 4577//4596 4550//4557
f 4548//4558 4591//4614 4523//4538
f 4523//4538 4591//4614 4537//4539
f 4615//4615 4582//4599 4592//4600
f 4554//4562 4491//4453 4593//4616
f 4539//4542 4641//4617 4475//4457
f 4494//4504 4617//4601 4555//4541
f 4594//4618 4477//4432 4557//4544
f 4558//4576 4595//4619 4556//4543
f 4478//4458 4477//4432 4594//4618
f 4560//4563 4633//4603 4559//4577
f 4633//4603 4560//4563 4540//4521
f 4480//4474 4333//4336 4583//4604
f 4540//4521 4563//4578 4619//4602
f 4619//4602 4563//4578 4620//4620
f 4566//4579 4584//4567 4621//4621
f 4597//4526 4596//4622 4584//4567
f 4567//4582 4622//4623 4597//4526
f 4600//4583 4599//4624 4598//4605
f 4568//4547 4600//4583 4598//4605
f 4600//4583 4541//4548 4569//4584
f 4602//4625 4601//4607 4586//4606
f 4542//4549 4602//4625 4586//4606
f 4623//4626 4602//4625 4542//4549
f 4623//4626 4542//4549 4624//4569
f 4624//4569 4533//4529 4604//4608
f 4587//4585 4603//4627 4604//4608
f 4587//4585 4605//4587 4603//4627
f 4545//4553 4605//4587 4587//4585
f 4589//4588 4626//4628 4572//4571
f 4589//4588 4607//4591 4606//4629
f 4628//4610 4484//4422 4573//4590
f 4607//4591 4574//4592 4629//4630
f 4608//4593 4578//4595 4611//4631
f 4613//4597 4590//4573 4612//4632
f 4548//4558 4614//4613 4591//4614
f 4537//4539 4591//4614 4592//4600
f 4552//4560 4521//4517 4551//4559
f 4581//4561 4552//4560 4631//4633
f 4590//4573 4581//4561 4631//4633
f 4579//4598 4554//4562 4670//4634
f 4616//4635 4582//4599 4615//4615
f 4538//4540 4582//4599 4616//4635
f 4593//4616 4670//4634 4554//4562
f 4538//4540 4593//4616 4491//4453
f 4556//4543 4618//4636 4617//4601
f 4478//4458 4583//4604 4363//4366
f 4562//4545 4620//4620 4563//4578
f 4620//4620 4562//4545 4649//4637
f 4562//4545 4566//4579 4621//4621
f 4596//4622 4597//4526 4622//4623
f 4622//4623 4567//4582 4598//4605
f 4653//4638 4598//4605 4599//4624
f 4569//4584 4601//4607 4600//4583
f 4532//4385 4636//4570 4482//4482
f 4604//4608 4625//4639 4624//4569
f 4570//4552 4588//4369 4509//4530
f 4603//4627 4605//4587 4657//4640
f 4605//4587 4571//4586 4658//4609
f 4572//4571 4626//4628 4658//4609
f 4606//4629 4607//4591 4662//4641
f 4574//4592 4608//4593 4629//4630
f 4611//4631 4637//4642 4608//4593
f 4517//4515 4610//4612 4518//4493
f 4611//4631 4578//4595 4665//4643
f 4638//4644 4518//4493 4610//4612
f 4575//4572 4518//4493 4638//4644
f 4613//4597 4665//4643 4578//4595
f 4576//4594 4575//4572 4614//4613
f 4578//4595 4577//4596 4613//4597
f 4630//4645 4612//4632 4590//4573
f 4590//4573 4631//4633 4630//4645
f 4631//4633 4551//4559 4639//4646
f 4615//4615 4592//4600 4640//4647
f 4616//4635 4615//4615 4640//4647
f 4580//4575 4579//4598 4632//4574
f 4524//4536 4580//4575 4632//4574
f 4631//4633 4552//4560 4551//4559
f 4555//4541 4642//4648 4539//4542
f 4555//4541 4617//4601 4642//4648
f 4618//4636 4556//4543 4644//4649
f 4559//4577 4633//4603 4558//4576
f 4562//4545 4621//4621 4649//4637
f 4410//4272 4686//4650 4585//4580
f 4621//4621 4584//4567 4651//4651
f 4584//4567 4596//4622 4651//4651
f 4596//4622 4622//4623 4651//4651
f 4622//4623 4598//4605 4653//4638
f 4653//4638 4599//4624 4635//4652
f 4600//4583 4635//4652 4599//4624
f 4635//4652 4600//4583 4601//4607
f 4623//4626 4656//4653 4602//4625
f 4625//4639 4604//4608 4603//4627
f 4603//4627 4657//4640 4697//4654
f 4606//4629 4702//4655 4626//4628
f 4626//4628 4589//4588 4606//4629
f 4607//4591 4629//4630 4662//4641
f 4515//4512 4722//4656 4516//4513
f 4629//4630 4608//4593 4637//4642
f 4611//4631 4665//4643 4637//4642
f 4575//4572 4638//4644 4614//4613
f 4612//4632 4630//4645 4666//4657
f 4613//4597 4612//4632 4666//4657
f 4665//4643 4613//4597 4666//4657
f 4639//4646 4630//4645 4631//4633
f 4551//4559 4669//4658 4639//4646
f 4592//4600 4591//4614 4640//4647
f 4579//4598 4670//4634 4632//4574
f 4551//4559 4632//4574 4669//4658
f 4640//4647 4538//4540 4616//4635
f 4593//4616 4538//4540 4640//4647
f 4539//4542 4642//4648 4641//4617
f 4617//4601 4618//4636 4671//4659
f 4672//4660 4557//4544 4475//4457
f 4475//4457 4641//4617 4672//4660
f 4618//4636 4644//4649 4643//4661
f 4556//4543 4595//4619 4644//4649
f 4594//4618 4557//4544 4673//4662
f 4595//4619 4633//4603 4644//4649
f 4558//4576 4633//4603 4595//4619
f 4646//4663 4645//4664 4633//4603
f 4619//4602 4647//4665 4633//4603
f 4633//4603 4647//4665 4646//4663
f 4619//4602 4620//4620 4647//4665
f 4648//4666 4647//4665 4620//4620
f 4649//4637 4648//4666 4620//4620
f 4621//4621 4650//4667 4649//4637
f 4651//4651 4650//4667 4621//4621
f 4622//4623 4652//4668 4651//4651
f 4622//4623 4653//4638 4652//4668
f 4635//4652 4601//4607 4654//4669
f 4601//4607 4602//4625 4655//4670
f 4655//4670 4602//4625 4656//4653
f 4623//4626 4624//4569 4656//4653
f 4624//4569 4625//4639 4656//4653
f 4625//4639 4603//4627 4697//4654
f 4636//4570 4588//4369 4570//4552
f 4605//4587 4699//4671 4657//4640
f 4658//4609 4699//4671 4605//4587
f 4626//4628 4700//4672 4659//4673
f 4658//4609 4626//4628 4659//4673
f 4660//4674 4628//4610 4627//4589
f 4628//4610 4573//4590 4627//4589
f 4662//4641 4676//4675 4702//4655
f 4606//4629 4662//4641 4702//4655
f 4676//4675 4662//4641 4661//4676
f 4662//4641 4629//4630 4661//4676
f 4661//4676 4629//4630 4637//4642
f 4663//4677 4609//4611 4516//4513
f 4678//4678 4609//4611 4663//4677
f 4610//4612 4609//4611 4678//4678
f 4668//4679 4708//4680 4630//4645
f 4708//4680 4707//4681 4630//4645
f 4707//4681 4666//4657 4630//4645
f 4724//4682 4614//4613 4667//4683
f 4710//4684 4668//4679 4669//4658
f 4639//4646 4669//4658 4668//4679
f 4668//4679 4630//4645 4639//4646
f 4724//4682 4591//4614 4614//4613
f 4669//4658 4632//4574 4679//4685
f 4670//4634 4593//4616 4640//4647
f 4671//4659 4618//4636 4682//4686
f 4672//4660 4673//4662 4557//4544
f 4682//4686 4618//4636 4643//4661
f 4643//4661 4644//4649 4683//4687
f 4633//4603 4645//4664 4674//4688
f 4651//4651 4688//4689 4650//4667
f 4653//4638 4689//4690 4652//4668
f 4338//4338 4690//4691 3870//3898
f 4601//4607 4692//4692 4654//4669
f 4601//4607 4655//4670 4692//4692
f 4658//4609 4659//4673 4699//4671
f 4700//4672 4626//4628 4702//4655
f 4675//4693 4627//4589 4421//4419
f 4660//4674 4627//4589 4675//4693
f 4703//4694 4676//4675 4661//4676
f 4663//4677 4516//4513 4722//4656
f 4677//4695 4661//4676 4637//4642
f 4664//4696 4677//4695 4637//4642
f 4665//4643 4664//4696 4637//4642
f 4723//4697 4664//4696 4665//4643
f 4638//4644 4610//4612 4678//4678
f 4614//4613 4638//4644 4667//4683
f 4679//4685 4632//4574 4725//4698
f 4640//4647 4591//4614 4711//4699
f 4712//4700 4641//4617 4642//4648
f 4642//4648 4617//4601 4680//4701
f 4671//4659 4713//4702 4617//4601
f 4681//4703 4713//4702 4671//4659
f 4682//4686 4681//4703 4671//4659
f 4683//4687 4644//4649 4674//4688
f 4674//4688 4644//4649 4633//4603
f 4685//4704 4684//4705 4674//4688
f 4645//4664 4685//4704 4674//4688
f 4645//4664 4646//4663 4685//4704
f 4583//4604 4715//4706 4480//4474
f 4646//4663 4732//4707 4685//4704
f 4646//4663 4647//4665 4732//4707
f 4648//4666 4716//4708 4647//4665
f 4649//4637 4716//4708 4648//4666
f 4686//4650 4410//4272 4634//4566
f 4716//4708 4649//4637 4687//4709
f 4650//4667 4688//4689 4687//4709
f 4736//4710 4651//4651 4652//4668
f 4689//4690 4736//4710 4652//4668
f 4691//4711 4736//4710 4689//4690
f 4653//4638 4691//4711 4689//4690
f 3870//3898 4690//4691 4504//4568
f 4653//4638 4635//4652 4691//4711
f 4635//4652 4717//4712 4691//4711
f 4635//4652 4654//4669 4717//4712
f 4692//4692 4717//4712 4654//4669
f 4692//4692 4655//4670 4693//4713
f 4655//4670 4656//4653 4694//4714
f 4532//4385 4797//4715 4636//4570
f 4656//4653 4695//4716 4694//4714
f 4656//4653 4625//4639 4695//4716
f 4695//4716 4625//4639 4697//4654
f 4697//4654 4657//4640 4696//4717
f 4636//4570 4718//4718 4588//4369
f 4657//4640 4699//4671 4696//4717
f 4696//4717 4699//4671 4698//4719
f 4699//4671 4719//4720 4698//4719
f 4659//4673 4719//4720 4699//4671
f 4659//4673 4700//4672 4719//4720
f 4719//4720 4700//4672 4720//4721
f 4702//4655 4701//4722 4700//4672
f 4701//4722 4676//4675 4703//4694
f 4702//4655 4676//4675 4701//4722
f 4628//4610 4722//4656 4515//4512
f 4721//4723 4661//4676 4677//4695
f 4664//4696 4764//4724 4704//4725
f 4677//4695 4664//4696 4704//4725
f 4747//4726 4723//4697 4706//4727
f 4705//4728 4638//4644 4678//4678
f 4723//4697 4707//4681 4706//4727
f 4665//4643 4666//4657 4723//4697
f 4707//4681 4749//4729 4706//4727
f 4666//4657 4707//4681 4723//4697
f 4667//4683 4638//4644 4705//4728
f 4754//4730 4709//4731 4679//4685
f 4669//4658 4679//4685 4709//4731
f 4710//4684 4669//4658 4709//4731
f 4591//4614 4751//4732 4711//4699
f 4670//4634 4756//4733 4632//4574
f 4725//4698 4632//4574 4756//4733
f 4670//4634 4640//4647 4756//4733
f 4641//4617 4712//4700 4672//4660
f 4682//4686 4726//4734 4681//4703
f 4594//4618 4673//4662 4478//4458
f 4643//4661 4683//4687 4682//4686
f 4683//4687 4674//4688 4714//4735
f 4714//4735 4674//4688 4684//4705
f 4685//4704 4732//4707 4684//4705
f 4732//4707 4647//4665 4716//4708
f 4649//4637 4650//4667 4687//4709
f 4688//4689 4651//4651 4736//4710
f 4717//4712 4737//4736 4691//4711
f 4655//4670 4739//4737 4693//4713
f 4694//4714 4739//4737 4655//4670
f 4797//4715 4741//4738 4636//4570
f 4741//4738 4742//4739 4636//4570
f 4695//4716 4697//4654 4740//4740
f 4742//4739 4718//4718 4636//4570
f 4740//4740 4697//4654 4696//4717
f 4720//4721 4700//4672 4701//4722
f 4703//4694 4661//4676 4721//4723
f 4704//4725 4721//4723 4677//4695
f 4663//4677 4722//4656 4745//4741
f 4723//4697 4747//4726 4764//4724
f 4664//4696 4723//4697 4764//4724
f 4749//4729 4707//4681 4750//4742
f 4707//4681 4708//4680 4750//4742
f 4709//4731 4753//4743 4710//4684
f 4751//4732 4591//4614 4724//4682
f 4754//4730 4679//4685 4725//4698
f 4640//4647 4766//4744 4756//4733
f 4712//4700 4642//4648 4757//4745
f 4617//4601 4758//4746 4680//4701
f 4617//4601 4726//4734 4758//4746
f 4617//4601 4713//4702 4726//4734
f 4727//4747 4672//4660 4712//4700
f 4729//4748 4728//4749 4642//4648
f 4680//4701 4729//4748 4642//4648
f 4727//4747 4673//4662 4672//4660
f 4713//4702 4681//4703 4726//4734
f 4478//4458 4730//4750 4583//4604
f 4714//4735 4731//4751 4683//4687
f 4716//4708 4733//4752 4732//4707
f 4687//4709 4734//4753 4716//4708
f 4761//4754 4734//4753 4687//4709
f 4761//4754 4687//4709 4688//4689
f 4735//4755 4761//4754 4688//4689
f 4736//4710 4735//4755 4688//4689
f 4717//4712 4738//4756 4737//4736
f 4717//4712 4692//4692 4794//4757
f 4692//4692 4693//4713 4739//4737
f 4694//4714 4695//4716 4739//4737
f 4695//4716 4740//4740 4739//4737
f 4742//4739 4741//4738 4778//4758
f 4696//4717 4698//4719 4800//4759
f 4719//4720 4743//4760 4698//4719
f 4719//4720 4720//4721 4743//4760
f 4701//4722 4703//4694 4782//4761
f 4660//4674 4722//4656 4628//4610
f 4703//4694 4721//4723 4783//4762
f 4721//4723 4704//4725 4744//4763
f 4722//4656 4763//4764 4745//4741
f 4663//4677 4870//4765 4678//4678
f 4764//4724 4747//4726 4746//4766
f 4749//4729 4750//4742 4748//4767
f 4787//4768 4750//4742 4708//4680
f 4668//4679 4710//4684 4765//4769
f 4668//4679 4765//4769 4787//4768
f 4708//4680 4668//4679 4787//4768
f 4753//4743 4754//4730 4752//4770
f 4753//4743 4709//4731 4754//4730
f 4754//4730 4756//4733 4752//4770
f 4755//4771 4711//4699 4751//4732
f 4725//4698 4756//4733 4754//4730
f 4711//4699 4766//4744 4640//4647
f 4642//4648 4768//4772 4757//4745
f 4682//4686 4771//4773 4726//4734
f 4771//4773 4682//4686 4683//4687
f 4714//4735 4684//4705 4732//4707
f 4732//4707 4759//4774 4773//4775
f 4759//4774 4732//4707 4733//4752
f 4716//4708 4760//4776 4733//4752
f 4691//4711 4737//4736 4736//4710
f 4793//4777 4737//4736 4738//4756
f 4504//4568 4775//4778 4532//4385
f 4739//4737 4794//4757 4692//4692
f 4739//4737 4740//4740 4777//4779
f 4798//4780 4741//4738 4797//4715
f 4740//4740 4696//4717 4800//4759
f 4742//4739 4780//4781 4718//4718
f 4800//4759 4698//4719 4762//4782
f 4718//4718 4781//4783 4588//4369
f 4698//4719 4803//4784 4762//4782
f 4720//4721 4701//4722 4782//4761
f 4703//4694 4783//4762 4782//4761
f 4744//4763 4808//4785 4783//4762
f 4721//4723 4744//4763 4783//4762
f 4744//4763 4704//4725 4808//4785
f 4808//4785 4704//4725 4764//4724
f 4764//4724 4746//4766 4810//4786
f 4811//4787 4746//4766 4747//4726
f 4663//4677 4745//4741 4870//4765
f 4813//4788 4747//4726 4706//4727
f 4784//4789 4785//4790 4705//4728
f 4748//4767 4750//4742 4786//4791
f 4705//4728 4785//4790 4667//4683
f 4787//4768 4786//4791 4750//4742
f 4724//4682 4667//4683 4785//4790
f 4724//4682 4785//4790 4751//4732
f 4710//4684 4753//4743 4788//4792
f 4752//4770 4756//4733 4816//4793
f 4816//4793 4756//4733 4766//4744
f 4766//4744 4711//4699 4767//4794
f 4712//4700 4757//4745 4769//4795
f 4769//4795 4727//4747 4712//4700
f 4642//4648 4728//4749 4824//4796
f 4680//4701 4770//4797 4729//4748
f 4758//4746 4770//4797 4680//4701
f 4478//4458 4673//4662 4730//4750
f 4683//4687 4817//4798 4771//4773
f 4714//4735 4772//4799 4731//4751
f 4773//4775 4772//4799 4714//4735
f 4714//4735 4732//4707 4773//4775
f 4733//4752 4818//4800 4759//4774
f 4760//4776 4716//4708 4734//4753
f 4761//4754 4735//4755 4819//4801
f 4735//4755 4774//4802 4819//4801
f 4736//4710 4774//4802 4735//4755
f 4774//4802 4736//4710 4793//4777
f 4736//4710 4737//4736 4793//4777
f 4738//4756 4776//4803 4793//4777
f 4775//4778 4795//4804 4532//4385
f 4717//4712 4776//4803 4738//4756
f 4794//4757 4776//4803 4717//4712
f 4739//4737 4777//4779 4794//4757
f 4532//4385 4795//4804 4797//4715
f 4741//4738 4798//4780 4778//4758
f 4800//4759 4822//4805 4740//4740
f 4778//4758 4779//4806 4742//4739
f 4742//4739 4779//4806 4780//4781
f 4802//4807 4781//4783 4718//4718
f 4743//4760 4804//4808 4803//4784
f 4803//4784 4698//4719 4743//4760
f 4743//4760 4720//4721 4782//4761
f 4660//4674 4807//4809 4722//4656
f 4764//4724 4810//4786 4808//4785
f 4746//4766 4811//4787 4810//4786
f 4811//4787 4747//4726 4813//4788
f 4748//4767 4786//4791 4815//4810
f 4749//4729 4748//4767 4848//4811
f 4813//4788 4749//4729 4848//4811
f 4706//4727 4749//4729 4813//4788
f 4710//4684 4788//4792 4765//4769
f 4755//4771 4751//4732 4789//4812
f 4767//4794 4711//4699 4755//4771
f 4642//4648 4824//4796 4768//4772
f 4770//4797 4728//4749 4729//4748
f 4758//4746 4726//4734 4770//4797
f 4583//4604 4730//4750 4852//4813
f 4817//4798 4683//4687 4790//4814
f 4790//4814 4683//4687 4731//4751
f 4854//4815 4634//4566 4480//4474
f 4759//4774 4791//4816 4773//4775
f 4759//4774 4818//4800 4791//4816
f 4760//4776 4818//4800 4733//4752
f 4761//4754 4827//4817 4734//4753
f 4827//4817 4761//4754 4819//4801
f 4792//4818 4819//4801 4774//4802
f 4793//4777 4792//4818 4774//4802
f 4794//4757 4796//4819 4776//4803
f 4795//4804 4821//4820 4797//4715
f 4777//4779 4796//4819 4794//4757
f 4797//4715 4821//4820 4798//4780
f 4777//4779 4740//4740 4822//4805
f 4778//4758 4798//4780 4832//4821
f 4780//4781 4779//4806 4718//4718
f 4718//4718 4779//4806 4801//4822
f 4800//4759 4803//4784 4799//4823
f 4800//4759 4762//4782 4803//4784
f 4804//4808 4743//4760 4782//4761
f 4782//4761 4805//4824 4838//4825
f 4782//4761 4806//4826 4805//4824
f 4782//4761 4783//4762 4806//4826
f 4806//4826 4783//4762 4808//4785
f 4722//4656 4807//4809 4763//4764
f 4809//4827 4763//4764 4807//4809
f 4810//4786 4811//4787 4841//4828
f 4745//4741 4763//4764 4809//4827
f 4808//4785 4810//4786 4841//4828
f 4847//4829 4846//4830 4813//4788
f 4811//4787 4813//4788 4846//4830
f 4870//4765 4812//4831 4678//4678
f 4847//4829 4813//4788 4848//4811
f 4705//4728 4678//4678 4784//4789
f 4678//4678 4812//4831 4784//4789
f 4848//4811 4748//4767 4815//4810
f 4786//4791 4814//4832 4815//4810
f 4814//4832 4787//4768 4765//4769
f 4786//4791 4787//4768 4814//4832
f 4753//4743 4752//4770 4895//4833
f 4766//4744 4755//4771 4816//4793
f 4766//4744 4767//4794 4755//4771
f 4768//4772 4769//4795 4757//4745
f 4771//4773 4853//4834 4726//4734
f 4583//4604 4852//4813 4715//4706
f 4772//4799 4790//4814 4731//4751
f 4827//4817 4818//4800 4760//4776
f 4760//4776 4734//4753 4827//4817
f 4793//4777 4829//4835 4792//4818
f 4793//4777 4820//4836 4829//4835
f 4793//4777 4776//4803 4820//4836
f 4795//4804 4775//4778 4821//4820
f 4832//4821 4798//4780 4821//4820
f 4864//4837 4796//4819 4833//4838
f 4777//4779 4833//4838 4796//4819
f 4832//4821 4779//4806 4778//4758
f 4799//4823 4834//4839 4800//4759
f 4718//4718 4801//4822 4802//4807
f 4799//4823 4803//4784 4867//4840
f 4855//4841 4588//4369 4781//4783
f 4804//4808 4782//4761 4838//4825
f 4806//4826 4808//4785 4840//4842
f 4811//4787 4846//4830 4844//4843
f 4788//4792 4851//4844 4765//4769
f 4751//4732 4785//4790 4823//4845
f 4751//4732 4823//4845 4789//4812
f 4789//4812 4816//4793 4755//4771
f 4895//4833 4788//4792 4753//4743
f 4769//4795 4768//4772 4824//4796
f 4817//4798 4790//4814 4771//4773
f 4790//4814 4825//4846 4771//4773
f 4773//4775 4862//4847 4772//4799
f 4773//4775 4791//4816 4862//4847
f 4827//4817 4826//4848 4818//4800
f 4819//4801 4828//4849 4827//4817
f 4875//4850 4828//4849 4819//4801
f 4820//4836 4830//4851 4829//4835
f 4820//4836 4831//4852 4830//4851
f 4820//4836 4776//4803 4831//4852
f 4776//4803 4796//4819 4864//4837
f 4777//4779 4822//4805 4833//4838
f 4822//4805 4834//4839 4833//4838
f 4822//4805 4800//4759 4834//4839
f 4779//4806 4835//4853 4801//4822
f 4835//4853 4802//4807 4801//4822
f 4802//4807 4835//4853 4781//4783
f 4804//4808 4836//4854 4803//4784
f 4804//4808 4837//4855 4836//4854
f 4804//4808 4838//4825 4837//4855
f 4805//4824 4856//4856 4838//4825
f 4806//4826 4856//4856 4805//4824
f 4840//4842 4808//4785 4839//4857
f 4839//4857 4808//4785 4841//4828
f 4869//4858 4841//4828 4843//4859
f 4841//4828 4811//4787 4843//4859
f 4811//4787 4842//4860 4843//4859
f 4842//4860 4811//4787 4844//4843
f 4846//4830 4847//4829 4845//4861
f 4847//4829 4848//4811 4845//4861
f 4848//4811 4815//4810 4871//4862
f 4814//4832 4851//4844 4928//4863
f 4814//4832 4765//4769 4851//4844
f 4849//4864 4785//4790 4784//4789
f 4851//4844 4788//4792 4850//4865
f 4785//4790 4849//4864 4823//4845
f 4895//4833 4858//4866 4788//4792
f 4895//4833 4752//4770 4896//4867
f 4673//4662 4727//4747 4769//4795
f 4726//4734 4853//4834 4770//4797
f 4771//4773 4825//4846 4860//4868
f 4790//4814 4861//4869 4825//4846
f 4819//4801 4792//4818 4829//4835
f 4821//4820 4775//4778 4863//4870
f 4831//4852 4776//4803 4864//4837
f 4832//4821 4865//4871 4779//4806
f 4834//4839 4799//4823 4866//4872
f 4920//4873 4835//4853 4779//4806
f 4866//4872 4799//4823 4867//4840
f 4803//4784 4836//4854 4867//4840
f 4837//4855 4838//4825 4884//4874
f 4588//4369 4868//4875 4421//4419
f 4887//4876 4856//4856 4806//4826
f 4840//4842 4839//4857 4887//4876
f 4887//4876 4806//4826 4840//4842
f 4839//4857 4841//4828 4869//4858
f 4845//4861 4848//4811 4891//4877
f 4850//4865 4788//4792 4894//4878
f 4894//4878 4788//4792 4858//4866
f 4752//4770 4816//4793 4896//4867
f 4673//4662 4769//4795 4730//4750
f 4728//4749 4770//4797 4824//4796
f 4853//4834 4771//4773 4860//4868
f 4715//4706 4854//4815 4480//4474
f 4825//4846 4861//4869 4860//4868
f 4790//4814 4772//4799 4861//4869
f 4862//4847 4861//4869 4772//4799
f 4634//4566 5024//4879 4686//4650
f 4791//4816 4818//4800 4862//4847
f 4818//4800 4826//4848 4911//4880
f 4827//4817 4828//4849 4875//4850
f 4531//4581 4690//4691 4338//4338
f 4877//4881 4875//4850 4819//4801
f 4819//4801 4829//4835 4877//4881
f 4829//4835 4830//4851 4877//4881
f 4877//4881 4830//4851 4878//4882
f 4831//4852 4878//4882 4830//4851
f 4821//4820 4863//4870 4832//4821
f 4863//4870 4879//4883 4832//4821
f 4866//4872 4918//4884 4834//4839
f 4920//4873 4779//4806 4865//4871
f 4855//4841 4883//4885 4588//4369
f 4882//4886 4836//4854 4837//4855
f 4882//4886 4837//4855 4884//4874
f 4884//4874 4838//4825 4856//4856
f 4842//4860 4844//4843 4901//4887
f 4809//4827 4888//4888 4745//4741
f 4845//4861 4889//4889 4846//4830
f 4848//4811 4871//4862 4891//4877
f 4871//4862 4815//4810 4902//4890
f 4784//4789 4812//4831 4892//4891
f 4851//4844 4850//4865 4928//4863
f 4815//4810 4814//4832 4928//4863
f 4816//4793 4789//4812 4896//4867
f 4853//4834 4860//4868 4872//4892
f 4862//4847 4873//4893 4861//4869
f 4862//4847 4818//4800 4909//4894
f 4911//4880 4909//4894 4818//4800
f 4827//4817 4911//4880 4826//4848
f 4827//4817 4874//4895 4911//4880
f 4874//4895 4827//4817 4875//4850
f 4877//4881 4876//4896 4875//4850
f 4880//4897 4898//4898 4878//4882
f 4864//4837 4880//4897 4878//4882
f 4831//4852 4864//4837 4878//4882
f 4833//4838 4918//4884 4864//4837
f 4833//4838 4834//4839 4918//4884
f 4881//4899 4919//4900 4866//4872
f 4866//4872 4867//4840 4881//4899
f 4867//4840 4836//4854 4881//4899
f 4835//4853 4920//4873 4781//4783
f 4781//4783 4920//4873 4855//4841
f 4836//4854 4882//4886 4881//4899
f 4885//4901 4887//4876 4886//4902
f 4856//4856 4887//4876 4884//4874
f 4884//4874 4887//4876 4885//4901
f 4887//4876 4839//4857 4869//4858
f 4809//4827 4807//4809 4888//4888
f 4842//4860 4901//4887 4843//4859
f 4870//4765 4745//4741 4888//4888
f 4889//4889 4901//4887 4844//4843
f 4844//4843 4846//4830 4889//4889
f 4891//4877 4889//4889 4845//4861
f 4871//4862 4890//4903 4891//4877
f 4815//4810 4928//4863 4902//4890
f 4784//4789 4892//4891 4849//4864
f 4849//4864 4903//4904 4823//4845
f 4894//4878 4858//4866 4893//4905
f 4789//4812 4823//4845 4904//4906
f 4789//4812 4904//4906 4905//4907
f 4730//4750 4769//4795 4859//4908
f 4852//4813 4730//4750 4859//4908
f 4859//4908 4907//4909 4852//4813
f 4852//4813 4897//4910 4715//4706
f 5024//4879 4634//4566 4854//4815
f 4874//4895 4875//4850 4912//4911
f 4877//4881 4914//4912 4876//4896
f 4898//4898 4914//4912 4877//4881
f 4877//4881 4878//4882 4898//4898
f 4864//4837 4917//4913 4880//4897
f 4917//4913 4864//4837 4918//4884
f 4918//4884 4866//4872 4919//4900
f 4881//4899 4882//4886 4946//4914
f 4882//4886 4884//4874 4936//4915
f 4884//4874 4899//4916 4936//4915
f 4884//4874 4885//4901 4899//4916
f 4675//4693 4421//4419 4900//4917
f 4901//4887 4869//4858 4843//4859
f 4890//4903 4871//4862 4927//4918
f 4927//4918 4871//4862 4902//4890
f 4849//4864 4892//4891 4903//4904
f 4850//4865 4894//4878 4928//4863
f 4893//4905 4858//4866 4969//4919
f 4789//4812 4905//4907 4896//4867
f 4824//4796 4938//4920 4769//4795
f 4824//4796 4770//4797 4938//4920
f 4906//4921 4770//4797 4853//4834
f 4906//4921 4853//4834 4930//4922
f 4897//4910 4852//4813 4907//4909
f 4853//4834 4872//4892 4930//4922
f 4907//4909 4908//4923 4897//4910
f 4931//4924 4897//4910 4908//4923
f 4715//4706 4897//4910 4931//4924
f 4862//4847 4909//4894 4873//4893
f 4911//4880 4910//4925 4909//4894
f 4911//4880 4912//4911 4913//4926
f 4874//4895 4912//4911 4911//4880
f 4875//4850 4876//4896 4912//4911
f 4863//4870 4504//4568 4934//4927
f 4504//4568 4863//4870 4775//4778
f 4914//4912 4898//4898 4915//4928
f 4898//4898 4880//4897 4916//4929
f 4918//4884 4919//4900 4917//4913
f 4855//4841 4920//4873 4883//4885
f 4946//4914 4882//4886 4936//4915
f 4883//4885 4920//4873 4937//4930
f 4936//4915 4899//4916 4921//4931
f 4899//4916 4885//4901 4921//4931
f 4869//4858 4950//4932 4886//4902
f 4886//4902 4887//4876 4869//4858
f 4660//4674 4857//4933 4807//4809
f 4901//4887 4922//4934 4869//4858
f 4889//4889 4955//4935 4953//4936
f 4901//4887 4889//4889 4953//4936
f 4927//4918 4923//4937 4890//4903
f 4891//4877 4890//4903 4923//4937
f 4889//4889 4891//4877 4923//4937
f 4924//4938 4812//4831 4870//4765
f 4925//4939 4812//4831 4924//4938
f 4957//4940 4926//4941 4928//4863
f 4927//4918 4928//4863 4926//4941
f 4902//4890 4928//4863 4927//4918
f 4812//4831 4925//4939 4892//4891
f 4903//4904 4904//4906 4823//4845
f 4858//4866 4929//4942 4969//4919
f 4858//4866 4895//4833 4929//4942
f 4770//4797 4906//4921 4972//4943
f 4854//4815 4715//4706 4931//4924
f 4930//4922 4872//4892 4939//4944
f 4860//4868 4861//4869 4963//4945
f 4861//4869 4932//4946 4963//4945
f 4861//4869 4873//4893 4932//4946
f 4932//4946 4873//4893 4940//4947
f 4690//4691 4933//4948 4504//4568
f 4914//4912 4912//4911 4876//4896
f 4504//4568 4933//4948 4934//4927
f 4934//4927 4879//4883 4863//4870
f 4915//4928 4898//4898 4942//4949
f 4935//4950 4898//4898 4916//4929
f 4880//4897 4917//4913 4916//4929
f 4919//4900 4881//4899 4944//4951
f 4944//4951 4881//4899 4946//4914
f 4936//4915 4921//4931 4947//4952
f 4921//4931 4885//4901 4949//4953
f 4885//4901 4886//4902 4949//4953
f 4883//4885 4948//4954 4588//4369
f 4421//4419 4868//4875 4900//4917
f 4922//4934 4950//4932 4869//4858
f 4901//4887 4952//4955 4922//4934
f 4807//4809 4857//4933 4954//4956
f 4888//4888 4807//4809 4954//4956
f 4888//4888 4924//4938 4870//4765
f 4955//4935 4889//4889 4923//4937
f 4959//4957 4957//4940 4928//4863
f 4958//4958 4892//4891 4925//4939
f 4928//4863 5008//4959 4959//4957
f 4894//4878 4893//4905 5008//4959
f 4894//4878 5008//4959 4928//4863
f 4930//4922 4939//4944 4906//4921
f 4686//4650 5024//4879 5041//4960
f 4909//4894 4940//4947 4873//4893
f 4909//4894 4910//4925 4964//4961
f 4911//4880 4913//4926 4973//4962
f 4912//4911 4941//4963 4965//4964
f 4941//4963 4912//4911 4914//4912
f 4941//4963 4914//4912 4915//4928
f 4898//4898 4935//4950 4942//4949
f 4935//4950 4943//4965 4942//4949
f 4917//4913 4919//4900 4966//4966
f 4966//4966 4919//4900 4944//4951
f 4946//4914 4947//4952 4945//4967
f 4946//4914 4936//4915 4947//4952
f 4883//4885 4993//4968 4948//4954
f 4950//4932 4949//4953 4886//4902
f 4967//4969 4922//4934 4952//4955
f 4660//4674 4675//4693 4900//4917
f 4660//4674 4900//4917 4857//4933
f 4952//4955 4901//4887 4951//4970
f 4901//4887 4953//4936 4951//4970
f 4980//4971 4953//4936 4955//4935
f 4923//4937 4927//4918 4926//4941
f 4957//4940 4959//4957 4956//4972
f 4893//4905 4969//4919 5008//4959
f 4903//4904 4961//4973 4905//4907
f 4969//4919 4929//4942 4960//4974
f 4905//4907 4904//4906 4903//4904
f 4962//4975 4905//4907 4961//4973
f 4905//4907 4962//4975 4983//4976
f 4929//4942 4895//4833 4983//4976
f 4905//4907 4983//4976 4896//4867
f 4895//4833 4896//4867 4983//4976
f 4859//4908 4769//4795 4971//4977
f 4770//4797 4972//4943 4938//4920
f 4860//4868 5049//4978 4872//4892
f 4860//4868 4963//4945 5049//4978
f 4909//4894 4964//4961 4940//4947
f 4910//4925 4973//4962 4964//4961
f 4911//4880 4973//4962 4910//4925
f 4973//4962 4913//4926 4965//4964
f 4912//4911 4965//4964 4913//4926
f 4934//4927 4975//4979 4879//4883
f 4935//4950 4916//4929 4966//4966
f 4916//4929 4917//4913 4966//4966
f 4832//4821 4989//4980 4865//4871
f 5035//4981 4937//4930 4920//4873
f 5035//4981 4883//4885 4937//4930
f 4947//4952 4921//4931 4979//4982
f 4979//4982 4921//4931 4949//4953
f 4950//4932 4922//4934 4967//4969
f 4952//4955 4996//4983 4967//4969
f 4996//4983 4952//4955 4951//4970
f 4951//4970 4953//4936 4980//4971
f 4955//4935 4923//4937 5000//4984
f 4888//4888 4981//4985 4924//4938
f 4957//4940 4923//4937 4926//4941
f 4956//4972 4959//4957 4982//4986
f 4982//4986 4959//4957 4968//4987
f 5006//4988 4968//4987 4959//4957
f 4959//4957 5008//4959 5006//4988
f 4961//4973 5004//4989 4962//4975
f 4960//4974 4929//4942 4970//4990
f 4929//4942 4983//4976 4970//4990
f 5022//4991 4972//4943 4906//4921
f 4906//4921 4939//4944 5022//4991
f 4872//4892 5049//4978 4939//4944
f 4686//4650 5041//4960 4585//4580
f 5011//4992 4531//4581 4585//4580
f 4934//4927 4933//4948 4974//4993
f 4934//4927 4974//4993 4975//4979
f 4915//4928 4942//4949 4941//4963
f 4935//4950 4990//4994 4943//4965
f 4990//4994 4935//4950 4966//4966
f 4879//4883 4989//4980 4832//4821
f 4989//4980 4976//4995 4865//4871
f 4992//4996 4944//4951 4946//4914
f 4992//4996 4946//4914 4945//4967
f 4865//4871 4977//4997 4920//4873
f 4979//4982 4978//4998 4947//4952
f 4978//4998 4945//4967 4947//4952
f 4883//4885 5035//4981 4993//4968
f 4949//4953 4950//4932 5014//4999
f 4980//4971 4955//4935 4998//5000
f 5000//4984 4923//4937 5001//5001
f 4923//4937 4957//4940 5001//5001
f 4925//4939 5002//5002 4958//4958
f 4961//4973 4903//4904 4892//4891
f 5005//5003 4962//4975 5004//4989
f 4969//4919 4960//4974 5008//4959
f 4983//4976 4962//4975 5005//5003
f 5007//5004 4983//4976 5005//5003
f 4938//4920 4971//4977 4769//4795
f 4984//5005 4963//4945 4932//4946
f 5010//5006 5024//4879 4854//4815
f 4932//4946 4985//5007 4984//5005
f 4940//4947 4985//5007 4932//4946
f 4964//4961 4986//5008 4940//4947
f 4941//4963 4987//5009 4965//4964
f 4987//5009 4941//4963 5030//5010
f 4988//5011 5012//5012 4941//4963
f 4941//4963 4942//4949 4988//5011
f 4942//4949 4943//4965 4988//5011
f 4990//4994 4966//4966 4944//4951
f 4944//4951 4992//4996 4990//4994
f 4990//4994 4992//4996 4991//5013
f 4992//4996 4945//4967 5013//5014
f 4920//4873 4977//4997 5035//4981
f 4994//5015 4949//4953 4995//5016
f 4979//4982 4949//4953 4994//5015
f 5014//4999 4995//5016 4949//4953
f 4948//4954 4868//4875 4588//4369
f 4996//4983 5014//4999 4967//4969
f 4950//4932 4967//4969 5014//4999
f 4951//4970 4980//4971 4996//4983
f 4996//4983 4980//4971 5015//5017
f 4980//4971 4998//5000 4997//5018
f 4955//4935 5000//4984 4998//5000
f 5000//4984 5001//5001 4999//5019
f 4957//4940 5017//5020 5001//5001
f 4924//4938 5002//5002 4925//4939
f 5006//4988 5039//5021 5003//5022
f 4968//4987 5006//4988 5003//5022
f 4982//4986 4968//4987 5003//5022
f 4958//4958 5019//5023 4892//4891
f 5004//4989 4961//4973 5019//5023
f 4961//4973 4892//4891 5019//5023
f 4970//4990 4983//4976 5007//5004
f 5009//5024 5022//4991 4939//4944
f 4940//4947 4986//5008 4985//5007
f 5041//4960 5011//4992 4585//4580
f 5025//5025 4964//4961 4973//4962
f 5025//5025 4973//4962 5029//5026
f 5029//5026 4973//4962 4965//4964
f 4690//4691 5028//5027 4933//4948
f 4965//4964 4987//5009 5029//5026
f 4941//4963 5012//5012 5030//5010
f 4975//4979 4989//4980 4879//4883
f 4943//4965 4990//4994 4988//5011
f 4978//4998 5013//5014 4945//4967
f 5034//5028 4979//4982 4994//5015
f 5014//4999 4996//4983 5037//5029
f 4997//5018 4998//5000 5016//5030
f 4956//4972 4982//4986 4957//4940
f 4982//4986 5047//5031 4957//4940
f 5018//5032 5004//4989 5019//5023
f 5005//5003 5004//4989 5018//5032
f 5006//4988 5008//4959 5040//5033
f 4960//4974 4970//4990 5008//4959
f 5021//5034 4938//4920 4972//4943
f 5021//5034 4972//4943 5022//4991
f 5022//4991 5023//5035 5021//5034
f 4985//5007 5061//5036 4984//5005
f 4964//4961 5025//5025 4986//5008
f 5026//5037 4690//4691 4531//4581
f 5029//5026 5027//5038 5025//5025
f 5042//5039 5027//5038 5029//5026
f 4933//4948 5028//5027 5052//5040
f 4933//4948 5052//5040 4974//4993
f 5043//5041 4987//5009 5030//5010
f 5031//5042 5043//5041 5030//5010
f 5012//5012 5031//5042 5030//5010
f 5012//5012 4988//5011 5032//5043
f 4991//5013 4992//4996 5044//5044
f 4976//4995 4977//4997 4865//4871
f 4978//4998 5034//5028 5033//5045
f 4978//4998 4979//4982 5034//5028
f 4994//5015 4995//5016 5034//5028
f 4993//4968 5035//4981 4948//4954
f 5046//5046 4948//4954 5035//4981
f 4995//5016 5037//5029 5036//5047
f 4995//5016 5014//4999 5037//5029
f 5037//5029 4996//4983 5015//5017
f 5073//5048 4980//4971 4997//5018
f 5015//5017 4980//4971 5073//5048
f 5000//4984 5016//5030 4998//5000
f 5057//5049 5016//5030 5000//4984
f 5000//4984 4999//5019 5057//5049
f 4957//4940 5047//5031 5017//5020
f 5018//5032 5019//5023 5048//5050
f 5039//5021 5006//4988 5038//5051
f 5006//4988 5040//5033 5038//5051
f 5087//5052 5005//5003 5018//5032
f 5005//5003 5087//5052 5007//5004
f 5059//5053 5040//5033 5008//4959
f 4938//4920 5020//5054 4971//4977
f 5022//4991 5009//5024 5023//5035
f 4939//4944 5049//4978 5009//5024
f 5049//4978 4963//4945 5050//5055
f 5050//5055 4963//4945 4984//5005
f 4985//5007 4986//5008 5091//5056
f 4986//5008 5025//5025 5091//5056
f 4690//4691 5026//5037 5028//5027
f 5052//5040 5053//5057 4974//4993
f 5042//5039 5029//5026 5043//5041
f 5029//5026 4987//5009 5043//5041
f 4988//5011 4990//4994 5054//5058
f 4990//4994 4991//5013 5054//5058
f 4991//5013 5044//5044 5054//5058
f 5044//5044 4992//4996 5013//5014
f 5069//5059 5013//5014 4978//4998
f 5069//5059 4978//4998 5033//5045
f 4977//4997 5045//5060 5035//4981
f 4997//5018 5016//5030 5073//5048
f 4999//5019 5001//5001 5057//5049
f 4924//4938 4981//4985 5002//5002
f 4982//4986 5003//5022 5047//5031
f 5002//5002 5048//5050 5019//5023
f 5019//5023 4958//4958 5002//5002
f 5059//5053 5008//4959 4970//4990
f 4854//4815 5078//5061 5010//5006
f 4984//5005 5061//5036 5050//5055
f 5061//5036 4985//5007 5091//5056
f 5042//5039 5051//5062 5027//5038
f 4974//4993 5053//5057 4975//4979
f 5012//5012 5063//5063 5031//5042
f 5032//5043 5063//5063 5012//5012
f 4975//4979 5133//5064 4989//4980
f 5065//5065 4976//4995 4989//4980
f 5013//5014 5069//5059 5044//5044
f 5033//5045 5034//5028 5081//5066
f 5034//5028 4995//5016 5070//5067
f 5099//5068 5070//5067 4995//5016
f 5035//4981 5045//5060 5046//5046
f 5037//5029 5015//5017 5056//5069
f 5016//5030 5057//5049 5083//5070
f 5084//5071 4888//4888 4954//4956
f 5057//5049 5001//5001 5017//5020
f 5017//5020 5047//5031 5057//5049
f 5003//5022 5039//5021 5102//5072
f 5003//5022 5102//5072 5047//5031
f 5038//5051 5040//5033 5075//5073
f 5058//5074 5040//5033 5059//5053
f 5007//5004 5087//5052 5106//5075
f 4970//4990 5007//5004 5059//5053
f 4907//4909 5076//5076 4908//4923
f 4854//4815 4931//4924 5078//5061
f 5050//5055 5060//5077 5049//4978
f 5027//5038 5051//5062 5025//5025
f 5051//5062 5043//5041 5062//5078
f 5042//5039 5043//5041 5051//5062
f 5032//5043 5064//5079 5063//5063
f 5065//5065 5080//5080 5066//5081
f 5065//5065 5066//5081 4976//4995
f 5066//5081 5080//5080 5067//5082
f 5097//5083 5054//5058 5044//5044
f 5066//5081 5067//5082 4976//4995
f 5097//5083 5044//5044 5068//5084
f 5044//5044 5069//5059 5068//5084
f 4976//4995 5055//5085 4977//4997
f 5069//5059 5033//5045 5081//5066
f 5081//5066 5034//5028 5070//5067
f 4995//5016 5071//5086 5099//5068
f 5071//5086 4995//5016 5036//5047
f 5036//5047 5037//5029 5082//5087
f 5037//5029 5056//5069 5082//5087
f 5056//5069 5015//5017 5072//5088
f 5015//5017 5073//5048 5072//5088
f 5016//5030 5083//5070 5073//5048
f 5047//5031 5085//5089 5074//5090
f 5057//5049 5047//5031 5074//5090
f 5039//5021 5038//5051 5102//5072
f 5075//5073 5040//5033 5058//5074
f 5018//5032 5048//5050 5086//5091
f 4971//4977 5108//5092 4859//4908
f 5020//5054 4938//4920 5021//5034
f 5021//5034 5023//5035 5077//5093
f 5011//4992 5026//5037 4531//4581
f 5025//5025 5093//5094 5091//5056
f 5025//5025 5051//5062 5093//5094
f 5051//5062 5062//5078 5093//5094
f 5063//5063 5043//5041 5031//5042
f 5133//5064 5094//5095 4989//4980
f 4989//4980 5094//5095 5065//5065
f 5032//5043 5095//5096 5064//5079
f 4988//5011 5095//5096 5032//5043
f 5065//5065 5079//5097 5080//5080
f 5099//5068 5081//5066 5070//5067
f 5036//5047 5082//5087 5071//5086
f 5085//5089 5047//5031 5102//5072
f 5002//5002 4981//4985 5103//5098
f 5038//5051 5075//5073 5102//5072
f 5048//5050 5002//5002 5105//5099
f 5086//5091 5087//5052 5018//5032
f 5058//5074 5059//5053 5104//5100
f 5088//5101 5087//5052 5086//5091
f 5059//5053 5007//5004 5106//5075
f 4859//4908 5108//5092 5107//5102
f 4907//4909 4859//4908 5162//5103
f 5020//5054 5021//5034 5089//5104
f 5089//5104 5021//5034 5077//5093
f 4931//4924 4908//4923 5078//5061
f 5023//5035 5109//5105 5077//5093
f 5009//5024 5109//5105 5023//5035
f 5049//4978 5109//5105 5009//5024
f 5090//5106 5060//5077 5050//5055
f 5050//5055 5061//5036 5090//5106
f 5061//5036 5091//5056 5090//5106
f 5092//5107 5110//5108 5091//5056
f 5093//5094 5092//5107 5091//5056
f 5052//5040 5028//5027 5121//5109
f 5052//5040 5111//5110 5053//5057
f 5043//5041 5112//5111 5062//5078
f 5122//5112 5112//5111 5043//5041
f 5043//5041 5063//5063 5122//5112
f 5122//5112 5063//5063 5064//5079
f 5079//5097 5065//5065 5135//5113
f 5065//5065 5094//5095 5135//5113
f 4988//5011 5097//5083 5095//5096
f 5079//5097 5096//5114 5080//5080
f 4988//5011 5054//5058 5097//5083
f 5080//5080 5096//5114 5123//5115
f 5067//5082 5080//5080 5123//5115
f 5067//5082 5137//5116 4976//4995
f 4976//4995 5137//5116 5113//5117
f 4976//4995 5113//5117 5055//5085
f 5069//5059 5081//5066 5136//5118
f 5081//5066 5099//5068 5098//5119
f 5099//5068 5071//5086 5098//5119
f 4857//4933 5084//5071 4954//4956
f 5057//5049 5146//5120 5083//5070
f 5085//5089 5101//5121 5074//5090
f 5085//5089 5102//5072 5101//5121
f 5105//5099 5002//5002 5103//5098
f 5075//5073 5058//5074 5104//5100
f 5105//5099 5086//5091 5048//5050
f 5087//5052 5088//5101 5106//5075
f 5049//4978 5060//5077 5118//5122
f 5091//5056 5110//5108 5090//5106
f 5026//5037 5120//5123 5028//5027
f 5052//5040 5121//5109 5111//5110
f 5137//5116 5067//5082 5123//5115
f 5097//5083 5068//5084 5136//5118
f 5136//5118 5068//5084 5069//5059
f 5140//5124 5136//5118 5081//5066
f 5055//5085 5124//5125 4977//4997
f 4977//4997 5125//5126 5045//5060
f 5045//5060 5125//5126 5046//5046
f 5046//5046 5114//5127 4948//4954
f 4948//4954 5142//5128 4868//4875
f 5115//5129 5082//5087 5056//5069
f 5072//5088 5100//5130 5115//5129
f 5056//5069 5072//5088 5115//5129
f 5072//5088 5073//5048 5100//5130
f 4868//4875 5159//5131 4900//4917
f 5100//5130 5073//5048 5179//5132
f 5083//5070 5146//5120 5179//5132
f 5179//5132 5073//5048 5083//5070
f 5146//5120 5057//5049 5147//5133
f 5057//5049 5074//5090 5147//5133
f 4888//4888 5084//5071 5116//5134
f 5101//5121 5102//5072 5148//5135
f 5183//5136 5104//5100 5059//5053
f 5088//5101 5086//5091 5126//5137
f 5020//5054 5127//5138 4971//4977
f 5127//5138 5020//5054 5089//5104
f 5049//4978 5117//5139 5109//5105
f 5024//4879 5010//5006 5129//5140
f 5118//5122 5117//5139 5049//4978
f 5090//5106 5110//5108 5119//5141
f 5028//5027 5120//5123 5121//5109
f 5131//5142 5093//5094 5062//5078
f 5062//5078 5112//5111 5131//5142
f 5053//5057 5111//5110 4975//4979
f 5111//5110 5133//5064 4975//4979
f 5122//5112 5064//5079 5095//5096
f 5079//5097 5135//5113 5096//5114
f 5095//5096 5097//5083 5170//5143
f 5175//5144 5124//5125 5055//5085
f 5140//5124 5081//5066 5098//5119
f 5125//5126 5114//5127 5046//5046
f 4948//4954 5114//5127 5142//5128
f 5074//5090 5101//5121 5180//5145
f 5180//5145 5147//5133 5074//5090
f 5075//5073 5149//5146 5102//5072
f 5103//5098 5150//5147 5105//5099
f 5183//5136 5059//5053 5160//5148
f 5160//5148 5059//5053 5106//5075
f 5089//5104 5128//5149 5127//5138
f 5089//5104 5077//5093 5128//5149
f 5129//5140 5041//4960 5024//4879
f 5090//5106 5154//5150 5118//5122
f 5090//5106 5118//5122 5060//5077
f 5092//5107 5093//5094 5155//5151
f 5122//5112 5132//5152 5112//5111
f 5133//5064 5134//5153 5094//5095
f 5094//5095 5134//5153 5135//5113
f 5156//5154 5122//5112 5095//5096
f 5157//5155 5156//5154 5095//5096
f 5170//5143 5097//5083 5136//5118
f 5113//5117 5137//5116 5138//5156
f 5113//5117 5138//5156 5055//5085
f 5139//5157 5136//5118 5140//5124
f 5140//5124 5098//5119 5185//5158
f 5098//5119 5071//5086 5185//5158
f 5141//5159 5071//5086 5082//5087
f 5082//5087 5115//5129 5143//5160
f 5144//5161 5203//5162 5100//5130
f 5100//5130 5179//5132 5144//5161
f 5146//5120 5147//5133 5145//5163
f 5101//5121 5148//5135 5180//5145
f 5148//5135 5102//5072 5149//5146
f 5075//5073 5104//5100 5149//5146
f 5151//5164 5105//5099 5150//5147
f 5152//5165 5105//5099 5151//5164
f 5086//5091 5105//5099 5152//5165
f 5126//5137 5086//5091 5152//5165
f 5160//5148 5088//5101 5126//5137
f 5106//5075 5088//5101 5160//5148
f 5077//5093 5109//5105 5153//5166
f 5117//5139 5153//5166 5109//5105
f 5130//5167 5041//4960 5129//5140
f 5011//4992 5041//4960 5026//5037
f 5155//5151 5093//5094 5131//5142
f 5132//5152 5168//5168 5167//5169
f 5122//5112 5168//5168 5132//5152
f 5168//5168 5122//5112 5156//5154
f 5095//5096 5170//5143 5157//5155
f 5136//5118 5172//5170 5170//5143
f 5138//5156 5158//5171 5055//5085
f 5055//5085 5158//5171 5175//5144
f 5174//5172 5136//5118 5139//5157
f 5143//5160 5141//5159 5082//5087
f 5203//5162 5115//5129 5100//5130
f 5145//5163 5147//5133 5186//5173
f 5186//5173 5147//5133 5180//5145
f 5116//5134 4981//4985 4888//4888
f 5184//5174 5126//5137 5152//5165
f 5221//5175 5126//5137 5184//5174
f 5160//5148 5126//5137 5221//5175
f 5127//5138 5161//5176 4971//4977
f 5162//5103 4859//4908 5107//5102
f 5127//5138 5128//5149 5187//5177
f 5117//5139 5163//5178 5153//5166
f 5118//5122 5163//5178 5117//5139
f 5130//5167 5026//5037 5041//4960
f 5090//5106 5119//5141 5154//5150
f 5026//5037 5213//5179 5120//5123
f 5110//5108 5092//5107 5155//5151
f 5121//5109 5192//5180 5111//5110
f 5131//5142 5112//5111 5165//5181
f 5112//5111 5132//5152 5165//5181
f 5166//5182 5195//5183 5133//5064
f 5133//5064 5195//5183 5134//5153
f 5134//5153 5195//5183 5215//5184
f 5134//5153 5215//5184 5135//5113
f 5156//5154 5169//5185 5168//5168
f 5215//5184 5096//5114 5135//5113
f 5156//5154 5157//5155 5169//5185
f 5171//5186 5196//5187 5172//5170
f 5123//5115 5173//5188 5137//5116
f 5172//5170 5174//5172 5171//5186
f 5172//5170 5136//5118 5174//5172
f 5137//5116 5173//5188 5138//5156
f 5173//5188 5158//5171 5138//5156
f 5173//5188 5176//5189 5158//5171
f 5175//5144 5158//5171 5124//5125
f 5124//5125 5158//5171 5176//5189
f 5124//5125 5125//5126 4977//4997
f 5185//5158 5071//5086 5141//5159
f 5141//5159 5143//5160 5178//5190
f 4868//4875 5218//5191 5159//5131
f 5203//5162 5144//5161 5179//5132
f 5179//5132 5145//5163 5186//5173
f 5146//5120 5145//5163 5179//5132
f 5148//5135 5149//5146 5181//5192
f 5209//5193 5149//5146 5183//5136
f 5183//5136 5149//5146 5104//5100
f 5183//5136 5160//5148 5182//5194
f 5187//5177 5128//5149 5188//5195
f 5129//5140 5211//5196 5130//5167
f 5191//5197 5154//5150 5119//5141
f 5130//5167 5213//5179 5026//5037
f 5164//5198 5110//5108 5155//5151
f 5121//5109 5120//5123 5192//5180
f 5131//5142 5165//5181 5155//5151
f 5111//5110 5166//5182 5133//5064
f 5167//5169 5168//5168 5169//5185
f 5157//5155 5196//5187 5169//5185
f 5170//5143 5196//5187 5157//5155
f 5170//5143 5172//5170 5196//5187
f 5171//5186 5174//5172 5197//5199
f 5124//5125 5177//5200 5125//5126
f 5200//5201 5141//5159 5178//5190
f 5142//5128 5114//5127 5201//5202
f 5143//5160 5115//5129 5217//5203
f 5217//5203 5115//5129 5203//5162
f 5205//5204 5203//5162 5179//5132
f 5205//5204 5179//5132 5186//5173
f 5207//5205 5180//5145 5148//5135
f 5148//5135 5181//5192 5208//5206
f 5150//5147 5103//5098 5151//5164
f 5152//5165 5221//5175 5184//5174
f 5221//5175 5182//5194 5160//5148
f 5161//5176 5127//5138 5187//5177
f 5189//5207 5129//5140 5010//5006
f 5190//5208 5129//5140 5189//5207
f 5190//5208 5211//5196 5129//5140
f 5118//5122 5154//5150 5163//5178
f 5164//5198 5119//5141 5110//5108
f 5120//5123 5213//5179 5192//5180
f 5192//5180 5283//5209 5111//5110
f 5165//5181 5193//5210 5155//5151
f 5194//5211 5166//5182 5111//5110
f 5132//5152 5167//5169 5165//5181
f 5194//5211 5195//5183 5166//5182
f 5167//5169 5169//5185 5196//5187
f 5096//5114 5223//5212 5123//5115
f 5196//5187 5171//5186 5197//5199
f 5139//5157 5140//5124 5185//5158
f 5198//5213 5139//5157 5185//5158
f 5176//5189 5216//5214 5124//5125
f 5141//5159 5200//5201 5185//5158
f 5185//5158 5200//5201 5199//5215
f 5178//5190 5143//5160 5225//5216
f 5201//5202 5114//5127 5125//5126
f 5142//5128 5201//5202 5204//5217
f 4868//4875 5142//5128 5204//5217
f 5217//5203 5203//5162 5202//5218
f 4868//4875 5204//5217 5218//5191
f 5186//5173 5220//5219 5219//5220
f 5205//5204 5186//5173 5219//5220
f 5206//5221 5220//5219 5186//5173
f 5180//5145 5206//5221 5186//5173
f 5180//5145 5207//5205 5206//5221
f 5207//5205 5148//5135 5208//5206
f 5181//5192 5149//5146 5209//5193
f 4971//4977 5161//5176 5210//5222
f 5189//5207 5010//5006 5078//5061
f 5128//5149 5077//5093 5188//5195
f 5163//5178 5154//5150 5212//5223
f 5192//5180 5213//5179 5222//5224
f 5283//5209 5192//5180 5222//5224
f 5214//5225 5194//5211 5111//5110
f 5194//5211 5214//5225 5195//5183
f 5214//5225 5215//5184 5195//5183
f 5123//5115 5224//5226 5173//5188
f 5174//5172 5139//5157 5197//5199
f 5197//5199 5139//5157 5198//5213
f 5216//5214 5176//5189 5173//5188
f 5124//5125 5216//5214 5177//5200
f 5200//5201 5178//5190 5225//5216
f 5143//5160 5217//5203 5225//5216
f 5125//5126 5226//5227 5201//5202
f 5204//5217 5201//5202 5226//5227
f 5237//5228 5084//5071 4857//4933
f 5181//5192 5209//5193 5263//5229
f 5183//5136 5182//5194 5240//5230
f 5209//5193 5183//5136 5240//5230
f 5187//5177 5210//5222 5161//5176
f 4907//4909 5162//5103 5076//5076
f 5077//5093 5228//5231 5188//5195
f 5077//5093 5153//5166 5228//5231
f 5119//5141 5164//5198 5191//5197
f 5167//5169 5251//5232 5165//5181
f 5215//5184 5265//5233 5096//5114
f 5167//5169 5196//5187 5231//5234
f 5265//5233 5223//5212 5096//5114
f 5224//5226 5216//5214 5173//5188
f 5198//5213 5185//5158 5233//5235
f 5233//5235 5185//5158 5199//5215
f 5199//5215 5200//5201 5233//5235
f 5177//5200 5226//5227 5125//5126
f 5234//5236 5217//5203 5202//5218
f 5202//5218 5203//5162 5235//5237
f 5205//5204 5219//5220 5246//5238
f 5203//5162 5205//5204 5246//5238
f 5246//5238 5219//5220 5220//5219
f 5206//5221 5207//5205 5236//5239
f 5237//5228 5238//5240 5084//5071
f 5263//5229 5208//5206 5181//5192
f 5182//5194 5221//5175 5240//5230
f 5152//5165 5151//5164 5241//5241
f 4971//4977 5210//5222 5108//5092
f 5187//5177 5227//5242 5210//5222
f 5188//5195 5227//5242 5187//5177
f 5153//5166 5272//5243 5228//5231
f 5272//5243 5153//5166 5163//5178
f 5154//5150 5229//5244 5212//5223
f 5191//5197 5229//5244 5154//5150
f 5155//5151 5193//5210 5164//5198
f 5243//5245 5164//5198 5193//5210
f 5111//5110 5244//5246 5214//5225
f 5111//5110 5285//5247 5244//5246
f 5165//5181 5230//5248 5193//5210
f 5251//5232 5230//5248 5165//5181
f 5223//5212 5224//5226 5123//5115
f 5254//5249 5197//5199 5198//5213
f 5198//5213 5233//5235 5232//5250
f 5225//5216 5234//5236 5245//5251
f 5225//5216 5217//5203 5234//5236
f 5202//5218 5235//5237 5234//5236
f 5246//5238 5235//5237 5203//5162
f 4900//4917 5159//5131 4857//4933
f 5236//5239 5220//5219 5206//5221
f 5207//5205 5208//5206 5236//5239
f 5209//5193 5239//5252 5263//5229
f 5209//5193 5240//5230 5239//5252
f 5221//5175 5241//5241 5248//5253
f 5240//5230 5221//5175 5248//5253
f 5221//5175 5152//5165 5241//5241
f 5163//5178 5242//5254 5272//5243
f 5164//5198 5249//5255 5191//5197
f 5283//5209 5250//5256 5111//5110
f 5250//5256 5285//5247 5111//5110
f 5243//5245 5193//5210 5230//5248
f 5231//5234 5196//5187 5197//5199
f 5223//5212 5253//5257 5224//5226
f 5254//5249 5198//5213 5256//5258
f 5256//5258 5198//5213 5232//5250
f 5233//5235 5200//5201 5257//5259
f 5200//5201 5225//5216 5257//5259
f 5245//5251 5234//5236 5235//5237
f 5246//5238 5220//5219 5236//5239
f 5103//5098 5269//5260 5151//5164
f 5210//5222 5227//5242 5309//5261
f 5078//5061 4908//4923 5491//5262
f 5076//5076 5491//5262 4908//4923
f 5322//5263 5130//5167 5211//5196
f 5191//5197 5249//5255 5229//5244
f 5222//5224 5264//5264 5283//5209
f 5164//5198 5243//5245 5249//5255
f 5251//5232 5252//5265 5230//5248
f 5215//5184 5214//5225 5244//5246
f 5244//5246 5265//5233 5215//5184
f 5251//5232 5273//5266 5252//5265
f 5273//5266 5251//5232 5167//5169
f 5273//5266 5167//5169 5231//5234
f 5254//5249 5256//5258 5255//5267
f 5267//5268 5216//5214 5224//5226
f 5267//5268 5258//5269 5216//5214
f 5177//5200 5216//5214 5258//5269
f 5177//5200 5258//5269 5259//5270
f 5177//5200 5259//5270 5226//5227
f 5276//5271 5257//5259 5225//5216
f 5226//5227 5277//5272 5204//5217
f 5235//5237 5246//5238 5260//5273
f 5246//5238 5261//5274 5260//5273
f 5262//5275 5261//5274 5246//5238
f 5246//5238 5236//5239 5262//5275
f 5208//5206 5268//5276 5278//5277
f 5236//5239 5208//5206 5278//5277
f 5208//5206 5263//5229 5268//5276
f 5239//5252 5240//5230 5280//5278
f 5116//5134 5247//5279 4981//4985
f 4981//4985 5247//5279 5269//5260
f 5269//5260 5103//5098 4981//4985
f 5210//5222 5281//5280 5108//5092
f 5228//5231 5270//5281 5188//5195
f 5190//5208 5189//5207 5271//5282
f 5163//5178 5212//5223 5242//5254
f 5222//5224 5213//5179 5264//5264
f 5197//5199 5274//5283 5231//5234
f 5197//5199 5254//5249 5274//5283
f 5274//5283 5254//5249 5266//5284
f 5232//5250 5233//5235 5275//5285
f 5275//5285 5233//5235 5257//5259
f 5276//5271 5225//5216 5245//5251
f 5276//5271 5245//5251 5235//5237
f 5262//5275 5236//5239 5278//5277
f 5084//5071 5238//5240 5116//5134
f 5240//5230 5248//5253 5280//5278
f 5210//5222 5297//5286 5281//5280
f 5210//5222 5309//5261 5297//5286
f 5228//5231 5272//5243 5270//5281
f 5190//5208 5271//5282 5211//5196
f 5213//5179 5393//5287 5264//5264
f 5255//5267 5288//5288 5266//5284
f 5266//5284 5254//5249 5255//5267
f 5255//5267 5256//5258 5288//5288
f 5256//5258 5232//5250 5275//5285
f 5258//5269 5290//5289 5259//5270
f 5226//5227 5292//5290 5277//5272
f 5235//5237 5260//5273 5291//5291
f 5237//5228 4857//4933 5159//5131
f 5268//5276 5263//5229 5293//5292
f 5238//5240 5294//5293 5116//5134
f 5239//5252 5280//5278 5263//5229
f 5116//5134 5294//5293 5247//5279
f 5241//5241 5296//5294 5248//5253
f 5078//5061 5369//5295 5189//5207
f 5078//5061 5491//5262 5369//5295
f 5227//5242 5188//5195 5309//5261
f 5272//5243 5282//5296 5270//5281
f 5282//5296 5272//5243 5242//5254
f 5212//5223 5298//5297 5242//5254
f 5250//5256 5284//5298 5285//5247
f 5300//5299 5243//5245 5230//5248
f 5285//5247 5284//5298 5244//5246
f 5230//5248 5252//5265 5301//5300
f 5252//5265 5273//5266 5286//5301
f 5273//5266 5287//5302 5286//5301
f 5273//5266 5231//5234 5302//5303
f 5302//5303 5231//5234 5274//5283
f 5274//5283 5266//5284 5288//5288
f 5288//5288 5256//5258 5275//5285
f 5253//5257 5334//5304 5224//5226
f 5224//5226 5303//5305 5267//5268
f 5276//5271 5289//5306 5257//5259
f 5267//5268 5290//5289 5258//5269
f 5259//5270 5290//5289 5292//5290
f 5259//5270 5292//5290 5226//5227
f 5276//5271 5235//5237 5291//5291
f 5291//5291 5260//5273 5305//5307
f 5260//5273 5261//5274 5305//5307
f 5341//5308 5262//5275 5307//5309
f 5307//5309 5262//5275 5278//5277
f 5279//5310 5293//5292 5263//5229
f 5295//5311 5321//5312 5280//5278
f 5263//5229 5280//5278 5279//5310
f 5280//5278 5248//5253 5295//5311
f 5249//5255 5243//5245 5299//5313
f 5243//5245 5300//5299 5299//5313
f 5312//5314 5265//5233 5244//5246
f 5302//5303 5313//5315 5287//5302
f 5302//5303 5287//5302 5273//5266
f 5223//5212 5325//5316 5253//5257
f 5315//5317 5274//5283 5288//5288
f 5303//5305 5290//5289 5267//5268
f 5276//5271 5291//5291 5304//5318
f 5305//5307 5261//5274 5306//5319
f 5261//5274 5262//5275 5306//5319
f 5262//5275 5341//5308 5306//5319
f 5268//5276 5293//5292 5278//5277
f 5279//5310 5321//5312 5293//5292
f 5295//5311 5248//5253 5346//5320
f 5308//5321 5281//5280 5297//5286
f 5297//5286 5310//5322 5308//5321
f 5309//5261 5310//5322 5297//5286
f 5270//5281 5381//5323 5188//5195
f 5212//5223 5359//5324 5298//5297
f 5359//5324 5212//5223 5229//5244
f 5359//5324 5229//5244 5311//5325
f 5284//5298 5312//5314 5244//5246
f 5230//5248 5301//5300 5300//5299
f 5265//5233 5324//5326 5223//5212
f 5287//5302 5313//5315 5286//5301
f 5325//5316 5223//5212 5324//5326
f 5302//5303 5315//5317 5313//5315
f 5302//5303 5274//5283 5315//5317
f 5325//5316 5314//5327 5316//5328
f 5325//5316 5316//5328 5253//5257
f 5334//5304 5253//5257 5316//5328
f 5275//5285 5332//5329 5288//5288
f 5275//5285 5257//5259 5317//5330
f 5317//5330 5257//5259 5289//5306
f 5289//5306 5276//5271 5304//5318
f 5304//5318 5291//5291 5318//5331
f 5291//5291 5305//5307 5318//5331
f 5277//5272 5340//5332 5204//5217
f 5278//5277 5293//5292 5307//5309
f 5293//5292 5319//5333 5320//5334
f 5293//5292 5321//5312 5319//5333
f 5279//5310 5280//5278 5321//5312
f 5346//5320 5248//5253 5296//5294
f 5296//5294 5241//5241 5347//5335
f 5151//5164 5269//5260 5241//5241
f 5308//5321 5108//5092 5281//5280
f 5242//5254 5298//5297 5282//5296
f 5213//5179 5130//5167 5322//5263
f 5213//5179 5322//5263 5393//5287
f 5252//5265 5286//5301 5301//5300
f 5323//5336 5331//5337 5265//5233
f 5325//5316 5326//5338 5314//5327
f 5314//5327 5326//5338 5333//5339
f 5315//5317 5288//5288 5332//5329
f 5316//5328 5314//5327 5334//5304
f 5334//5304 5335//5340 5224//5226
f 5304//5318 5318//5331 5327//5341
f 5340//5332 5277//5272 5337//5342
f 5305//5307 5306//5319 5338//5343
f 5338//5343 5306//5319 5341//5308
f 5341//5308 5307//5309 5320//5334
f 5307//5309 5293//5292 5320//5334
f 5237//5228 5419//5344 5238//5240
f 5238//5240 5343//5345 5294//5293
f 5321//5312 5295//5311 5328//5346
f 5269//5260 5247//5279 5348//5347
f 5241//5241 5269//5260 5420//5348
f 5229//5244 5249//5255 5311//5325
f 5283//5209 5264//5264 5250//5256
f 5249//5255 5299//5313 5396//5349
f 5250//5256 5360//5350 5284//5298
f 5299//5313 5300//5299 5330//5351
f 5351//5352 5300//5299 5301//5300
f 5326//5338 5331//5337 5352//5353
f 5324//5326 5331//5337 5326//5338
f 5265//5233 5331//5337 5324//5326
f 5324//5326 5326//5338 5325//5316
f 5286//5301 5313//5315 5301//5300
f 5301//5300 5313//5315 5315//5317
f 5333//5339 5326//5338 5362//5354
f 5314//5327 5333//5339 5334//5304
f 5335//5340 5333//5339 5353//5355
f 5334//5304 5333//5339 5335//5340
f 5317//5330 5289//5306 5363//5356
f 5224//5226 5355//5357 5303//5305
f 5363//5356 5289//5306 5304//5318
f 5304//5318 5327//5341 5363//5356
f 5292//5290 5290//5289 5336//5358
f 5277//5272 5292//5290 5336//5358
f 5277//5272 5336//5358 5337//5342
f 5338//5343 5341//5308 5339//5359
f 5341//5308 5320//5334 5342//5360
f 5319//5333 5321//5312 5358//5361
f 5328//5346 5358//5361 5321//5312
f 5419//5344 5343//5345 5238//5240
f 5295//5311 5346//5320 5328//5346
f 5247//5279 5294//5293 5344//5362
f 5346//5320 5296//5294 5345//5363
f 5348//5347 5247//5279 5344//5362
f 5296//5294 5347//5335 5345//5363
f 5309//5261 5368//5364 5310//5322
f 5188//5195 5381//5323 5309//5261
f 5311//5325 5249//5255 5329//5365
f 5249//5255 5396//5349 5329//5365
f 5264//5264 5350//5366 5250//5256
f 5250//5256 5350//5366 5360//5350
f 5360//5350 5312//5314 5284//5298
f 5300//5299 5351//5352 5330//5351
f 5312//5314 5361//5367 5265//5233
f 5265//5233 5361//5367 5323//5336
f 5332//5329 5275//5285 5375//5368
f 5275//5285 5354//5369 5375//5368
f 5317//5330 5363//5356 5354//5369
f 5354//5369 5275//5285 5317//5330
f 5303//5305 5356//5370 5290//5289
f 5377//5371 5327//5341 5318//5331
f 5318//5331 5305//5307 5377//5371
f 5290//5289 5356//5370 5336//5358
f 5336//5358 5357//5372 5337//5342
f 5341//5308 5342//5360 5407//5373
f 5159//5131 5364//5374 5237//5228
f 5319//5333 5358//5361 5386//5375
f 5346//5320 5366//5376 5328//5346
f 5347//5335 5241//5241 5367//5377
f 5270//5281 5282//5296 5391//5378
f 5391//5378 5282//5296 5370//5379
f 5299//5313 5330//5351 5396//5349
f 5397//5380 5352//5353 5331//5337
f 5397//5380 5331//5337 5323//5336
f 5326//5338 5352//5353 5362//5354
f 5301//5300 5315//5317 5432//5381
f 5362//5354 5373//5382 5333//5339
f 5335//5340 5353//5355 5355//5357
f 5335//5340 5355//5357 5224//5226
f 5377//5371 5305//5307 5378//5383
f 5336//5358 5356//5370 5357//5372
f 5338//5343 5378//5383 5305//5307
f 5339//5359 5341//5308 5385//5384
f 5385//5384 5341//5308 5407//5373
f 5342//5360 5320//5334 5407//5373
f 5237//5228 5364//5374 5365//5385
f 5386//5375 5320//5334 5319//5333
f 5358//5361 5328//5346 5366//5376
f 5346//5320 5345//5363 5366//5376
f 5345//5363 5347//5335 5389//5386
f 5367//5377 5389//5386 5347//5335
f 5269//5260 5348//5347 5420//5348
f 5308//5321 5409//5387 5108//5092
f 5108//5092 5409//5387 5107//5102
f 5308//5321 5310//5322 5368//5364
f 5270//5281 5391//5378 5381//5323
f 5322//5263 5211//5196 5410//5388
f 5298//5297 5349//5389 5282//5296
f 5298//5297 5359//5324 5349//5389
f 5349//5389 5359//5324 5371//5390
f 5311//5325 5371//5390 5359//5324
f 5264//5264 5393//5287 5372//5391
f 5362//5354 5352//5353 5397//5380
f 5432//5381 5315//5317 5332//5329
f 5332//5329 5383//5392 5382//5393
f 5333//5339 5373//5382 5384//5394
f 5383//5392 5375//5368 5374//5395
f 5383//5392 5332//5329 5375//5368
f 5375//5368 5354//5369 5374//5395
f 5327//5341 5377//5371 5376//5396
f 5378//5383 5338//5343 5385//5384
f 5385//5384 5338//5343 5339//5359
f 5218//5191 5364//5374 5159//5131
f 5320//5334 5386//5375 5407//5373
f 5358//5361 5380//5397 5386//5375
f 5380//5397 5358//5361 5379//5398
f 5358//5361 5366//5376 5379//5398
f 5294//5293 5343//5345 5344//5362
f 5348//5347 5344//5362 5388//5399
f 5348//5347 5388//5399 5420//5348
f 5241//5241 5420//5348 5367//5377
f 5309//5261 5390//5400 5368//5364
f 5381//5323 5390//5400 5309//5261
f 5264//5264 5372//5391 5350//5366
f 5414//5401 5362//5354 5397//5380
f 5384//5394 5353//5355 5333//5339
f 5374//5395 5354//5369 5383//5392
f 5355//5357 5402//5402 5303//5305
f 5363//5356 5327//5341 5401//5403
f 5401//5403 5327//5341 5376//5396
f 5376//5396 5377//5371 5416//5404
f 5377//5371 5378//5383 5416//5404
f 5406//5405 5385//5384 5407//5373
f 5237//5228 5365//5385 5419//5344
f 5344//5362 5387//5406 5388//5399
f 5409//5387 5308//5321 5368//5364
f 5189//5207 5369//5295 5271//5282
f 5271//5282 5410//5388 5211//5196
f 5392//5407 5322//5263 5410//5388
f 5322//5263 5392//5407 5393//5287
f 5393//5287 5392//5407 5372//5391
f 5311//5325 5411//5408 5371//5390
f 5411//5408 5311//5325 5329//5365
f 5372//5391 5394//5409 5395//5410
f 5350//5366 5372//5391 5395//5410
f 5329//5365 5396//5349 5411//5408
f 5350//5366 5395//5410 5360//5350
f 5413//5411 5396//5349 5330//5351
f 5351//5352 5413//5411 5330//5351
f 5323//5336 5361//5367 5397//5380
f 5351//5352 5301//5300 5398//5412
f 5382//5393 5383//5392 5399//5413
f 5400//5414 5355//5357 5353//5355
f 5354//5369 5363//5356 5401//5403
f 5355//5357 5400//5414 5402//5402
f 5376//5396 5416//5404 5401//5403
f 5425//5415 5417//5416 5356//5370
f 5416//5404 5378//5383 5403//5417
f 5403//5417 5378//5383 5404//5418
f 5405//5419 5404//5418 5385//5384
f 5378//5383 5385//5384 5404//5418
f 5385//5384 5406//5405 5405//5419
f 5406//5405 5407//5373 5427//5420
f 5386//5375 5380//5397 5427//5420
f 5407//5373 5386//5375 5427//5420
f 5389//5386 5366//5376 5345//5363
f 5389//5386 5367//5377 5408//5421
f 5392//5407 5422//5422 5372//5391
f 5394//5409 5372//5391 5422//5422
f 5412//5423 5360//5350 5395//5410
f 5360//5350 5412//5423 5312//5314
f 5301//5300 5442//5424 5398//5412
f 5332//5329 5424//5425 5432//5381
f 5424//5425 5332//5329 5382//5393
f 5424//5425 5382//5393 5415//5426
f 5303//5305 5425//5415 5356//5370
f 5356//5370 5417//5416 5418//5427
f 5418//5427 5357//5372 5356//5370
f 5337//5342 5357//5372 5480//5428
f 5379//5398 5366//5376 5428//5429
f 5366//5376 5389//5386 5429//5430
f 5344//5362 5343//5345 5387//5406
f 5421//5431 5162//5103 5107//5102
f 5107//5102 5409//5387 5421//5431
f 5412//5423 5431//5432 5312//5314
f 5441//5433 5397//5380 5361//5367
f 5301//5300 5432//5381 5442//5424
f 5362//5354 5423//5434 5373//5382
f 5415//5426 5382//5393 5399//5413
f 5423//5434 5384//5394 5373//5382
f 5444//5435 5383//5392 5354//5369
f 5384//5394 5400//5414 5353//5355
f 5425//5415 5303//5305 5402//5402
f 5426//5436 5435//5437 5416//5404
f 5366//5376 5429//5430 5428//5429
f 5367//5377 5438//5438 5408//5421
f 5388//5399 5387//5406 5437//5439
f 5420//5348 5388//5399 5437//5439
f 5367//5377 5437//5439 5438//5438
f 5367//5377 5420//5348 5437//5439
f 5409//5387 5430//5440 5421//5431
f 5409//5387 5368//5364 5430//5440
f 5391//5378 5390//5400 5381//5323
f 5396//5349 5439//5441 5411//5408
f 5431//5432 5440//5442 5312//5314
f 5312//5314 5440//5442 5361//5367
f 5398//5412 5413//5411 5351//5352
f 5398//5412 5442//5424 5450//5443
f 5414//5401 5501//5444 5362//5354
f 5501//5444 5423//5434 5362//5354
f 5442//5424 5432//5381 5424//5425
f 5424//5425 5415//5426 5433//5445
f 5399//5413 5383//5392 5443//5446
f 5443//5446 5383//5392 5444//5435
f 5445//5447 5444//5435 5354//5369
f 5445//5447 5354//5369 5453//5448
f 5453//5448 5354//5369 5401//5403
f 5400//5414 5384//5394 5446//5449
f 5446//5449 5434//5450 5400//5414
f 5401//5403 5416//5404 5485//5451
f 5485//5451 5416//5404 5435//5437
f 5400//5414 5434//5450 5402//5402
f 5402//5402 5434//5450 5425//5415
f 5426//5436 5416//5404 5403//5417
f 5405//5419 5406//5405 5478//5452
f 5447//5453 5478//5452 5406//5405
f 5427//5420 5380//5397 5464//5454
f 5456//5455 5464//5454 5380//5397
f 5456//5455 5380//5397 5379//5398
f 5428//5429 5456//5455 5379//5398
f 5387//5406 5343//5345 5436//5456
f 5429//5430 5389//5386 5408//5421
f 5437//5439 5387//5406 5436//5456
f 5491//5262 5530//5457 5369//5295
f 5349//5389 5370//5379 5282//5296
f 5361//5367 5440//5442 5441//5433
f 5413//5411 5398//5412 5450//5443
f 5397//5380 5441//5433 5414//5401
f 5451//5458 5424//5425 5433//5445
f 5415//5426 5399//5413 5443//5446
f 5453//5448 5401//5403 5485//5451
f 5405//5419 5478//5452 5404//5418
f 5218//5191 5204//5217 5562//5459
f 5447//5453 5406//5405 5427//5420
f 5464//5454 5447//5453 5427//5420
f 5438//5438 5437//5439 5436//5456
f 5421//5431 5430//5440 5458//5460
f 5448//5461 5390//5400 5391//5378
f 5449//5462 5448//5461 5391//5378
f 5370//5379 5449//5462 5391//5378
f 5349//5389 5459//5463 5370//5379
f 5396//5349 5413//5411 5460//5464
f 5460//5464 5413//5411 5461//5465
f 5442//5424 5451//5458 5450//5443
f 5442//5424 5424//5425 5451//5458
f 5433//5445 5415//5426 5473//5466
f 5473//5466 5415//5426 5443//5446
f 5445//5447 5453//5448 5452//5467
f 5435//5437 5426//5436 5487//5468
f 5425//5415 5434//5450 5417//5416
f 5417//5416 5434//5450 5454//5469
f 5426//5436 5403//5417 5463//5470
f 5463//5470 5403//5417 5455//5471
f 5404//5418 5455//5471 5403//5417
f 5455//5471 5404//5418 5478//5452
f 5340//5332 5481//5472 5204//5217
f 5204//5217 5481//5472 5562//5459
f 5364//5374 5465//5473 5365//5385
f 5365//5385 5465//5473 5419//5344
f 5466//5474 5457//5475 5429//5430
f 5428//5429 5429//5430 5457//5475
f 5343//5345 5419//5344 5511//5476
f 5466//5474 5429//5430 5408//5421
f 5430//5440 5368//5364 5458//5460
f 5392//5407 5467//5477 5549//5478
f 5394//5409 5469//5479 5395//5410
f 5396//5349 5460//5464 5439//5441
f 5501//5444 5471//5480 5423//5434
f 5473//5466 5450//5443 5451//5458
f 5451//5458 5433//5445 5473//5466
f 5423//5434 5475//5481 5384//5394
f 5444//5435 5445//5447 5476//5482
f 5476//5482 5445//5447 5452//5467
f 5434//5450 5446//5449 5454//5469
f 5435//5437 5487//5468 5486//5483
f 5480//5428 5481//5472 5340//5332
f 5478//5452 5447//5453 5464//5454
f 5428//5429 5457//5475 5483//5484
f 5456//5455 5428//5429 5483//5484
f 5438//5438 5436//5456 5490//5485
f 5162//5103 5421//5431 5076//5076
f 5076//5076 5421//5431 5458//5460
f 5458//5460 5491//5262 5076//5076
f 5392//5407 5410//5388 5467//5477
f 5392//5407 5549//5478 5422//5422
f 5468//5486 5459//5463 5349//5389
f 5349//5389 5371//5390 5468//5486
f 5440//5442 5470//5487 5441//5433
f 5431//5432 5470//5487 5440//5442
f 5413//5411 5450//5443 5461//5465
f 5472//5488 5423//5434 5471//5480
f 5423//5434 5472//5488 5475//5481
f 5472//5488 5474//5489 5475//5481
f 5443//5446 5476//5482 5484//5490
f 5443//5446 5444//5435 5476//5482
f 5475//5481 5462//5491 5384//5394
f 5452//5467 5453//5448 5476//5482
f 5485//5451 5435//5437 5486//5483
f 5487//5468 5426//5436 5508//5492
f 5508//5492 5426//5436 5463//5470
f 5463//5470 5455//5471 5477//5493
f 5455//5471 5478//5452 5477//5493
f 5337//5342 5480//5428 5340//5332
f 5478//5452 5479//5494 5495//5495
f 5478//5452 5464//5454 5479//5494
f 5464//5454 5488//5496 5479//5494
f 5464//5454 5456//5455 5488//5496
f 5456//5455 5489//5497 5488//5496
f 5364//5374 5218//5191 5482//5498
f 5456//5455 5483//5484 5489//5497
f 5490//5485 5408//5421 5438//5438
f 5371//5390 5411//5408 5468//5486
f 5395//5410 5469//5479 5412//5423
f 5498//5499 5411//5408 5439//5441
f 5520//5500 5441//5433 5470//5487
f 5414//5401 5441//5433 5520//5500
f 5502//5501 5472//5488 5471//5480
f 5475//5481 5493//5502 5462//5491
f 5476//5482 5453//5448 5504//5503
f 5504//5503 5453//5448 5485//5451
f 5462//5491 5494//5504 5384//5394
f 5454//5469 5525//5505 5417//5416
f 5477//5493 5478//5452 5495//5495
f 5357//5372 5571//5506 5480//5428
f 5218//5191 5562//5459 5482//5498
f 5457//5475 5466//5474 5496//5507
f 5466//5474 5408//5421 5490//5485
f 5368//5364 5390//5400 5458//5460
f 5370//5379 5497//5508 5449//5462
f 5370//5379 5459//5463 5497//5508
f 5450//5443 5473//5466 5500//5509
f 5472//5488 5502//5501 5474//5489
f 5502//5501 5492//5510 5474//5489
f 5503//5511 5515//5512 5443//5446
f 5515//5512 5473//5466 5443//5446
f 5484//5490 5503//5511 5443//5446
f 5484//5490 5476//5482 5503//5511
f 5474//5489 5493//5502 5475//5481
f 5463//5470 5477//5493 5516//5513
f 5465//5473 5510//5514 5419//5344
f 5490//5485 5496//5507 5466//5474
f 5436//5456 5343//5345 5512//5515
f 5490//5485 5436//5456 5512//5515
f 5422//5422 5549//5478 5394//5409
f 5439//5441 5460//5464 5499//5516
f 5460//5464 5461//5465 5499//5516
f 5414//5401 5513//5517 5501//5444
f 5450//5443 5500//5509 5461//5465
f 5514//5518 5471//5480 5501//5444
f 5502//5501 5471//5480 5514//5518
f 5515//5512 5500//5509 5473//5466
f 5462//5491 5493//5502 5494//5504
f 5494//5504 5493//5502 5505//5519
f 5504//5503 5485//5451 5506//5520
f 5486//5483 5508//5492 5507//5521
f 5486//5483 5507//5521 5506//5520
f 5506//5520 5485//5451 5486//5483
f 5384//5394 5523//5522 5446//5449
f 5523//5522 5569//5523 5446//5449
f 5486//5483 5487//5468 5508//5492
f 5569//5523 5454//5469 5446//5449
f 5463//5470 5516//5513 5508//5492
f 5516//5513 5477//5493 5540//5524
f 5477//5493 5495//5495 5540//5524
f 5483//5484 5457//5475 5496//5507
f 5510//5514 5511//5476 5419//5344
f 5343//5345 5511//5476 5541//5525
f 5411//5408 5498//5499 5468//5486
f 5498//5499 5439//5441 5499//5516
f 5431//5432 5533//5526 5470//5487
f 5520//5500 5513//5517 5414//5401
f 5536//5527 5461//5465 5500//5509
f 5567//5528 5502//5501 5514//5518
f 5492//5510 5502//5501 5567//5528
f 5493//5502 5474//5489 5492//5510
f 5476//5482 5504//5503 5544//5529
f 5569//5523 5525//5505 5454//5469
f 5495//5495 5479//5494 5540//5524
f 5479//5494 5558//5530 5540//5524
f 5479//5494 5488//5496 5558//5530
f 5558//5530 5488//5496 5517//5531
f 5489//5497 5561//5532 5488//5496
f 5489//5497 5483//5484 5561//5532
f 5561//5532 5483//5484 5509//5533
f 5482//5498 5465//5473 5364//5374
f 5509//5533 5483//5484 5496//5507
f 5530//5457 5271//5282 5369//5295
f 5531//5534 5390//5400 5448//5461
f 5271//5282 5518//5535 5410//5388
f 5410//5388 5518//5535 5467//5477
f 5448//5461 5449//5462 5532//5536
f 5459//5463 5519//5537 5497//5508
f 5459//5463 5468//5486 5519//5537
f 5412//5423 5533//5526 5431//5432
f 5534//5538 5498//5499 5499//5516
f 5461//5465 5535//5539 5499//5516
f 5514//5518 5501//5444 5537//5540
f 5537//5540 5501//5444 5513//5517
f 5515//5512 5503//5511 5521//5541
f 5503//5511 5476//5482 5544//5529
f 5504//5503 5506//5520 5522//5542
f 5522//5542 5506//5520 5507//5521
f 5494//5504 5505//5519 5523//5522
f 5494//5504 5523//5522 5384//5394
f 5508//5492 5516//5513 5524//5543
f 5525//5505 5539//5544 5417//5416
f 5417//5416 5539//5544 5418//5427
f 5488//5496 5561//5532 5517//5531
f 5527//5545 5511//5476 5510//5514
f 5511//5476 5527//5545 5541//5525
f 5526//5546 5496//5507 5490//5485
f 5458//5460 5528//5547 5491//5262
f 5390//5400 5531//5534 5529//5548
f 5518//5535 5271//5282 5530//5457
f 5531//5534 5448//5461 5532//5536
f 5549//5478 5587//5549 5394//5409
f 5469//5479 5394//5409 5587//5549
f 5461//5465 5536//5527 5535//5539
f 5514//5518 5537//5540 5567//5528
f 5521//5541 5503//5511 5544//5529
f 5492//5510 5543//5550 5493//5502
f 5538//5551 5505//5519 5493//5502
f 5505//5519 5538//5551 5523//5522
f 5496//5507 5526//5546 5547//5552
f 5496//5507 5547//5552 5564//5553
f 5509//5533 5496//5507 5564//5553
f 5548//5554 5490//5485 5566//5555
f 5541//5525 5512//5515 5343//5345
f 5490//5485 5512//5515 5566//5555
f 5491//5262 5528//5547 5530//5457
f 5458//5460 5390//5400 5528//5547
f 5449//5462 5497//5508 5532//5536
f 5468//5486 5498//5499 5542//5556
f 5469//5479 5533//5526 5412//5423
f 5470//5487 5533//5526 5581//5557
f 5535//5539 5534//5538 5499//5516
f 5520//5500 5551//5558 5513//5517
f 5500//5509 5515//5512 5553//5559
f 5521//5541 5553//5559 5515//5512
f 5504//5503 5545//5560 5544//5529
f 5538//5551 5493//5502 5543//5550
f 5522//5542 5507//5521 5554//5561
f 5554//5561 5507//5521 5508//5492
f 5546//5562 5554//5561 5508//5492
f 5508//5492 5524//5543 5546//5562
f 5524//5543 5516//5513 5556//5563
f 5516//5513 5540//5524 5556//5563
f 5558//5530 5517//5531 5561//5532
f 5561//5532 5509//5533 5564//5553
f 5526//5546 5490//5485 5565//5564
f 5565//5564 5490//5485 5548//5554
f 5390//5400 5529//5548 5528//5547
f 5468//5486 5542//5556 5519//5537
f 5498//5499 5550//5565 5542//5556
f 5498//5499 5534//5538 5550//5565
f 5470//5487 5581//5557 5589//5566
f 5520//5500 5470//5487 5589//5566
f 5520//5500 5589//5566 5551//5558
f 5513//5517 5551//5558 5537//5540
f 5536//5527 5552//5567 5535//5539
f 5536//5527 5500//5509 5552//5567
f 5500//5509 5553//5559 5552//5567
f 5521//5541 5544//5529 5568//5568
f 5545//5560 5504//5503 5575//5569
f 5575//5569 5504//5503 5522//5542
f 5523//5522 5538//5551 5569//5523
f 5569//5523 5538//5551 5555//5570
f 5524//5543 5570//5571 5546//5562
f 5524//5543 5556//5563 5570//5571
f 5556//5563 5540//5524 5557//5572
f 5357//5372 5418//5427 5571//5506
f 5540//5524 5558//5530 5557//5572
f 5572//5573 5559//5574 5561//5532
f 5560//5575 5561//5532 5559//5574
f 5558//5530 5561//5532 5560//5575
f 5561//5532 5564//5553 5572//5573
f 5572//5573 5564//5553 5563//5576
f 5467//5477 5579//5577 5549//5478
f 5532//5536 5497//5508 5588//5578
f 5469//5479 5587//5549 5580//5579
f 5551//5558 5567//5528 5537//5540
f 5573//5580 5543//5550 5492//5510
f 5575//5569 5522//5542 5554//5561
f 5538//5551 5543//5550 5555//5570
f 5557//5572 5558//5530 5560//5575
f 5418//5427 5539//5544 5571//5506
f 5563//5576 5564//5553 5547//5552
f 5527//5545 5510//5514 5577//5581
f 5548//5554 5566//5555 5605//5582
f 5518//5535 5530//5457 5586//5583
f 5608//5584 5581//5557 5533//5526
f 5469//5479 5608//5584 5533//5526
f 5535//5539 5552//5567 5582//5585
f 5552//5567 5553//5559 5582//5585
f 5567//5528 5573//5580 5492//5510
f 5545//5560 5575//5569 5574//5586
f 5544//5529 5545//5560 5574//5586
f 5575//5569 5554//5561 5612//5587
f 5554//5561 5546//5562 5576//5588
f 5570//5571 5556//5563 5598//5589
f 5598//5589 5556//5563 5557//5572
f 5465//5473 5482//5498 5583//5590
f 5465//5473 5583//5590 5510//5514
f 5578//5591 5565//5564 5548//5554
f 5565//5564 5547//5552 5526//5546
f 5527//5545 5577//5581 5541//5525
f 5577//5581 5584//5592 5541//5525
f 5548//5554 5605//5582 5578//5591
f 5512//5515 5541//5525 5584//5592
f 5512//5515 5584//5592 5606//5593
f 5512//5515 5605//5582 5566//5555
f 5529//5548 5585//5594 5528//5547
f 5529//5548 5531//5534 5585//5594
f 5608//5584 5469//5479 5580//5579
f 5550//5565 5534//5538 5590//5595
f 5589//5566 5592//5596 5551//5558
f 5591//5597 5534//5538 5535//5539
f 5553//5559 5521//5541 5568//5568
f 5576//5588 5546//5562 5570//5571
f 5569//5523 5597//5598 5525//5505
f 5557//5572 5560//5575 5598//5589
f 5563//5576 5547//5552 5601//5599
f 5565//5564 5639//5600 5547//5552
f 5605//5582 5512//5515 5606//5593
f 5532//5536 5585//5594 5531//5534
f 5518//5535 5586//5583 5467//5477
f 5467//5477 5586//5583 5579//5577
f 5549//5478 5607//5601 5587//5549
f 5588//5578 5497//5508 5615//5602
f 5615//5602 5497//5508 5519//5537
f 5614//5603 5580//5579 5607//5601
f 5587//5549 5607//5601 5580//5579
f 5608//5584 5589//5566 5581//5557
f 5590//5595 5542//5556 5550//5565
f 5551//5558 5592//5596 5593//5604
f 5551//5558 5593//5604 5567//5528
f 5535//5539 5582//5585 5591//5597
f 5573//5580 5610//5605 5543//5550
f 5568//5568 5574//5586 5594//5606
f 5544//5529 5574//5586 5568//5568
f 5613//5607 5612//5587 5554//5561
f 5596//5608 5570//5571 5598//5589
f 5598//5589 5560//5575 5599//5609
f 5560//5575 5559//5574 5636//5610
f 5560//5575 5636//5610 5599//5609
f 5559//5574 5572//5573 5636//5610
f 5572//5573 5563//5576 5601//5599
f 5601//5599 5547//5552 5602//5611
f 5602//5611 5547//5552 5639//5600
f 5578//5591 5605//5582 5604//5612
f 5605//5582 5603//5613 5604//5612
f 5605//5582 5606//5593 5603//5613
f 5579//5577 5607//5601 5549//5478
f 5580//5579 5652//5614 5608//5584
f 5519//5537 5542//5556 5615//5602
f 5591//5597 5590//5595 5534//5538
f 5642//5615 5592//5596 5589//5566
f 5567//5528 5593//5604 5655//5616
f 5567//5528 5655//5616 5609//5617
f 5553//5559 5568//5568 5582//5585
f 5573//5580 5627//5618 5610//5605
f 5574//5586 5575//5569 5629//5619
f 5629//5619 5575//5569 5612//5587
f 5610//5605 5630//5620 5543//5550
f 5613//5607 5554//5561 5576//5588
f 5576//5588 5570//5571 5613//5607
f 5555//5570 5543//5550 5595//5621
f 5569//5523 5555//5570 5595//5621
f 5525//5505 5597//5598 5617//5622
f 5636//5610 5572//5573 5600//5623
f 5480//5428 5620//5624 5481//5472
f 5572//5573 5601//5599 5600//5623
f 5583//5590 5482//5498 5621//5625
f 5604//5612 5639//5600 5565//5564
f 5565//5564 5578//5591 5604//5612
f 5603//5613 5606//5593 5622//5626
f 5530//5457 5528//5547 5623//5627
f 5530//5457 5623//5627 5586//5583
f 5624//5628 5585//5594 5532//5536
f 5625//5629 5614//5603 5607//5601
f 5642//5615 5589//5566 5608//5584
f 5609//5617 5573//5580 5567//5528
f 5582//5585 5568//5568 5611//5630
f 5630//5620 5616//5631 5543//5550
f 5596//5608 5633//5632 5570//5571
f 5633//5632 5632//5633 5570//5571
f 5525//5505 5634//5634 5539//5544
f 5598//5589 5599//5609 5618//5635
f 5481//5472 5620//5624 5707//5636
f 5481//5472 5707//5636 5562//5459
f 5601//5599 5602//5611 5639//5600
f 5510//5514 5583//5590 5577//5581
f 5607//5601 5579//5577 5640//5637
f 5588//5578 5624//5628 5532//5536
f 5640//5637 5625//5629 5607//5601
f 5625//5629 5641//5638 5614//5603
f 5580//5579 5641//5638 5652//5614
f 5652//5614 5642//5615 5608//5584
f 5542//5556 5590//5595 5668//5639
f 5642//5615 5593//5604 5592//5596
f 5590//5595 5591//5597 5626//5640
f 5609//5617 5685//5641 5573//5580
f 5627//5618 5573//5580 5644//5642
f 5645//5643 5627//5618 5644//5642
f 5594//5606 5690//5644 5611//5630
f 5611//5630 5568//5568 5594//5606
f 5627//5618 5645//5643 5628//5645
f 5627//5618 5628//5645 5610//5605
f 5574//5586 5629//5619 5647//5646
f 5628//5645 5630//5620 5610//5605
f 5612//5587 5613//5607 5631//5647
f 5632//5633 5613//5607 5570//5571
f 5595//5621 5543//5550 5616//5631
f 5569//5523 5595//5621 5597//5598
f 5596//5608 5598//5589 5633//5632
f 5525//5505 5617//5622 5634//5634
f 5539//5544 5634//5634 5571//5506
f 5571//5506 5634//5634 5619//5648
f 5599//5609 5636//5610 5618//5635
f 5618//5635 5636//5610 5635//5649
f 5637//5650 5571//5506 5619//5648
f 5480//5428 5571//5506 5637//5650
f 5480//5428 5637//5650 5620//5624
f 5601//5599 5639//5600 5638//5651
f 5666//5652 5639//5600 5604//5612
f 5622//5626 5606//5593 5584//5592
f 5649//5653 5528//5547 5585//5594
f 5624//5628 5649//5653 5585//5594
f 5588//5578 5675//5654 5624//5628
f 5580//5579 5614//5603 5641//5638
f 5542//5556 5668//5639 5615//5602
f 5626//5640 5668//5639 5590//5595
f 5591//5597 5582//5585 5643//5655
f 5645//5643 5644//5642 5646//5656
f 5628//5645 5645//5643 5646//5656
f 5690//5644 5594//5606 5647//5646
f 5594//5606 5574//5586 5647//5646
f 5612//5587 5631//5647 5659//5657
f 5631//5647 5613//5607 5659//5657
f 5660//5658 5598//5589 5618//5635
f 5600//5623 5702//5659 5636//5610
f 5600//5623 5601//5599 5648//5660
f 5583//5590 5621//5625 5665//5661
f 5577//5581 5583//5590 5665//5661
f 5604//5612 5603//5613 5666//5652
f 5603//5613 5622//5626 5666//5652
f 5586//5583 5623//5627 5667//5662
f 5579//5577 5586//5583 5672//5663
f 5625//5629 5640//5637 5673//5664
f 5675//5654 5588//5578 5650//5665
f 5588//5578 5615//5602 5650//5665
f 5651//5666 5641//5638 5625//5629
f 5679//5667 5593//5604 5642//5615
f 5593//5604 5654//5668 5653//5669
f 5593//5604 5653//5669 5655//5616
f 5643//5655 5626//5640 5591//5597
f 5582//5585 5611//5630 5643//5655
f 5644//5642 5573//5580 5669//5670
f 5669//5670 5573//5580 5685//5641
f 5646//5656 5656//5671 5628//5645
f 5629//5619 5659//5657 5658//5672
f 5612//5587 5659//5657 5629//5619
f 5692//5673 5630//5620 5628//5645
f 5692//5673 5628//5645 5657//5674
f 5659//5657 5613//5607 5691//5675
f 5691//5675 5613//5607 5632//5633
f 5660//5658 5633//5632 5598//5589
f 5618//5635 5635//5649 5700//5676
f 5618//5635 5700//5676 5660//5658
f 5700//5676 5635//5649 5702//5659
f 5635//5649 5636//5610 5702//5659
f 5661//5677 5619//5648 5634//5634
f 5619//5648 5661//5677 5637//5650
f 5637//5650 5661//5677 5662//5678
f 5701//5679 5702//5659 5600//5623
f 5662//5678 5620//5624 5637//5650
f 5600//5623 5648//5660 5701//5679
f 5562//5459 5704//5680 5621//5625
f 5601//5599 5638//5651 5663//5681
f 5648//5660 5601//5599 5706//5682
f 5621//5625 5482//5498 5562//5459
f 5638//5651 5639//5600 5663//5681
f 5663//5681 5639//5600 5664//5683
f 5622//5626 5584//5592 5709//5684
f 5709//5684 5584//5592 5577//5581
f 5649//5653 5624//5628 5671//5685
f 5672//5663 5586//5583 5667//5662
f 5625//5629 5673//5664 5651//5666
f 5652//5614 5641//5638 5676//5686
f 5651//5666 5676//5686 5641//5638
f 5615//5602 5668//5639 5650//5665
f 5679//5667 5642//5615 5652//5614
f 5679//5667 5654//5668 5593//5604
f 5686//5687 5626//5640 5643//5655
f 5611//5630 5686//5687 5643//5655
f 5611//5630 5690//5644 5686//5687
f 5669//5670 5646//5656 5644//5642
f 5629//5619 5658//5672 5647//5646
f 5630//5620 5692//5673 5616//5631
f 5632//5633 5633//5632 5693//5688
f 5694//5689 5617//5622 5597//5598
f 5697//5690 5661//5677 5634//5634
f 5701//5679 5648//5660 5706//5682
f 5706//5682 5601//5599 5663//5681
f 5621//5625 5704//5680 5665//5661
f 5666//5652 5664//5683 5639//5600
f 5623//5627 5528//5547 5670//5691
f 5670//5691 5528//5547 5649//5653
f 5667//5662 5623//5627 5670//5691
f 5649//5653 5667//5662 5670//5691
f 5649//5653 5674//5692 5667//5662
f 5649//5653 5671//5685 5674//5692
f 5667//5662 5674//5692 5672//5663
f 5640//5637 5579//5577 5673//5664
f 5673//5664 5579//5577 5672//5663
f 5671//5685 5624//5628 5675//5654
f 5674//5692 5673//5664 5672//5663
f 5674//5692 5651//5666 5673//5664
f 5650//5665 5677//5693 5675//5654
f 5650//5665 5668//5639 5678//5694
f 5678//5694 5677//5693 5650//5665
f 5652//5614 5676//5686 5679//5667
f 5675//5654 5677//5693 5671//5685
f 5651//5666 5679//5667 5676//5686
f 5678//5694 5680//5695 5677//5693
f 5651//5666 5681//5696 5679//5667
f 5687//5697 5674//5692 5671//5685
f 5668//5639 5626//5640 5678//5694
f 5677//5693 5687//5697 5671//5685
f 5651//5666 5683//5698 5681//5696
f 5679//5667 5683//5698 5654//5668
f 5674//5692 5683//5698 5651//5666
f 5655//5616 5653//5669 5654//5668
f 5681//5696 5683//5698 5679//5667
f 5674//5692 5687//5697 5683//5698
f 5678//5694 5686//5687 5680//5695
f 5678//5694 5626//5640 5686//5687
f 5654//5668 5682//5699 5655//5616
f 5677//5693 5684//5700 5687//5697
f 5655//5616 5682//5699 5609//5617
f 5680//5695 5684//5700 5677//5693
f 5654//5668 5683//5698 5682//5699
f 5682//5699 5685//5641 5609//5617
f 5680//5695 5686//5687 5684//5700
f 5683//5698 5687//5697 5682//5699
f 5682//5699 5687//5697 5685//5641
f 5684//5700 5688//5701 5687//5697
f 5685//5641 5687//5697 5669//5670
f 5669//5670 5689//5702 5646//5656
f 5686//5687 5690//5644 5684//5700
f 5687//5697 5657//5674 5669//5670
f 5689//5702 5656//5671 5646//5656
f 5657//5674 5689//5702 5669//5670
f 5657//5674 5656//5671 5689//5702
f 5690//5644 5658//5672 5684//5700
f 5647//5646 5658//5672 5690//5644
f 5657//5674 5628//5645 5656//5671
f 5658//5672 5659//5657 5684//5700
f 5687//5697 5692//5673 5657//5674
f 5687//5697 5688//5701 5704//5680
f 5693//5688 5688//5701 5684//5700
f 5684//5700 5691//5675 5693//5688
f 5659//5657 5691//5675 5684//5700
f 5694//5689 5692//5673 5687//5697
f 5692//5673 5695//5703 5616//5631
f 5691//5675 5632//5633 5693//5688
f 5694//5689 5695//5703 5692//5673
f 5595//5621 5616//5631 5695//5703
f 5696//5704 5694//5689 5687//5697
f 5694//5689 5595//5621 5695//5703
f 5693//5688 5698//5705 5688//5701
f 5694//5689 5597//5598 5595//5621
f 5693//5688 5633//5632 5698//5705
f 5633//5632 5660//5658 5698//5705
f 5697//5690 5699//5706 5694//5689
f 5696//5704 5697//5690 5694//5689
f 5694//5689 5699//5706 5617//5622
f 5698//5705 5700//5676 5688//5701
f 5700//5676 5702//5659 5688//5701
f 5704//5680 5696//5704 5687//5697
f 5702//5659 5701//5679 5688//5701
f 5660//5658 5700//5676 5698//5705
f 5697//5690 5617//5622 5699//5706
f 5697//5690 5634//5634 5617//5622
f 5696//5704 5661//5677 5697//5690
f 5701//5679 5703//5707 5688//5701
f 5696//5704 5662//5678 5661//5677
f 5688//5701 5703//5707 5704//5680
f 5696//5704 5707//5636 5662//5678
f 5704//5680 5705//5708 5696//5704
f 5701//5679 5706//5682 5703//5707
f 5662//5678 5707//5636 5620//5624
f 5705//5708 5707//5636 5696//5704
f 5704//5680 5707//5636 5705//5708
f 5706//5682 5663//5681 5703//5707
f 5704//5680 5562//5459 5707//5636
f 5703//5707 5709//5684 5704//5680
f 5703//5707 5664//5683 5708//5709
f 5708//5709 5709//5684 5703//5707
f 5703//5707 5663//5681 5664//5683
f 5709//5684 5665//5661 5704//5680
f 5666//5652 5709//5684 5708//5709
f 5664//5683 5666//5652 5708//5709
f 5666//5652 5622//5626 5709//5684
f 5709//5684 5577//5581 5665//5661
usemtl mtl161067
f 29//1 30//2 267//3
f 2//4 22//5 266//6
f 2//4 3//7 25//8
f 4//9 21//10 567//11
f 20//12 12//13 13//14
f 35//15 13//14 12//13
f 6//16 20//12 5//17
f 5//17 568//18 7//19
f 254//20 9//21 8//22
f 254//20 256//23 9//21
f 235//24 8//22 9//21
f 7//19 8//22 10//25
f 6//16 10//25 11//26
f 12//13 6//16 11//26
f 6//16 7//19 10//25
f 35//15 12//13 36//27
f 14//28 17//29 19//30
f 17//29 14//28 16//31
f 15//32 20//12 13//14
f 16//31 611//33 17//29
f 14//28 15//32 16//31
f 18//34 24//35 17//29
f 18//34 612//36 27//37
f 18//34 26//38 24//35
f 14//28 19//30 5//17
f 15//32 14//28 20//12
f 5//17 20//12 14//28
f 17//29 4//9 19//30
f 24//35 4//9 17//29
f 24//35 21//10 4//9
f 21//10 25//8 567//11
f 25//8 21//10 24//35
f 25//8 24//35 23//39
f 22//5 2//4 25//8
f 31//40 29//1 22//5
f 31//40 22//5 23//39
f 25//8 23//39 22//5
f 26//38 23//39 24//35
f 18//34 27//37 26//38
f 26//38 27//37 31//40
f 28//41 444//42 277//43
f 27//37 277//43 31//40
f 26//38 31//40 23//39
f 276//44 1//45 30//2
f 31//40 30//2 29//1
f 31//40 277//43 527//46
f 462//47 277//43 444//42
f 406//48 33//49 32//50
f 33//49 406//48 28//41
f 28//41 278//51 444//42
f 279//52 406//48 32//50
f 609//53 43//54 610//55
f 35//15 34//56 606//57
f 606//57 43//54 35//15
f 34//56 35//15 36//27
f 12//13 37//58 36//27
f 12//13 11//26 37//58
f 543//59 608//60 48//61
f 36//27 38//62 39//63
f 41//64 42//65 40//66
f 40//66 42//65 47//67
f 45//68 41//64 40//66
f 34//56 42//65 606//57
f 36//27 39//63 34//56
f 39//63 42//65 34//56
f 42//65 41//64 606//57
f 279//52 610//55 44//69
f 280//70 405//71 279//52
f 607//72 559//73 280//70
f 555//74 45//68 548//75
f 46//76 548//75 40//66
f 40//66 47//67 46//76
f 42//65 39//63 47//67
f 39//63 38//62 47//67
f 543//59 47//67 38//62
f 37//58 232//77 608//60
f 232//77 11//26 50//78
f 8//22 235//24 10//25
f 10//25 235//24 49//79
f 233//80 49//79 235//24
f 234//81 233//80 235//24
f 233//80 50//78 49//79
f 233//80 251//82 50//78
f 543//59 48//61 53//83
f 604//84 541//85 545//86
f 562//87 54//88 286//89
f 541//85 604//84 55//90
f 56//91 605//92 545//86
f 544//93 56//91 545//86
f 544//93 53//83 56//91
f 53//83 52//94 56//91
f 56//91 52//94 57//95
f 57//95 58//96 56//91
f 52//94 231//97 57//95
f 231//97 200//98 57//95
f 199//99 57//95 200//98
f 58//96 57//95 199//99
f 605//92 56//91 58//96
f 605//92 58//96 55//90
f 55//90 58//96 197//100
f 59//101 55//90 60//102
f 54//88 55//90 59//101
f 287//103 54//88 59//101
f 59//101 60//102 61//104
f 287//103 59//101 61//104
f 61//104 63//105 287//103
f 288//106 287//103 63//105
f 63//105 603//107 62//108
f 603//107 63//105 61//104
f 60//102 201//109 61//104
f 201//109 196//110 64//111
f 64//111 61//104 201//109
f 62//108 603//107 64//111
f 62//108 64//111 65//112
f 62//108 67//113 66//114
f 66//114 574//115 62//108
f 574//115 290//116 62//108
f 62//108 290//116 63//105
f 288//106 63//105 290//116
f 293//117 574//115 292//118
f 68//119 292//118 540//120
f 300//121 68//119 540//120
f 540//120 292//118 171//122
f 171//122 292//118 575//123
f 573//124 73//125 575//123
f 573//124 572//126 73//125
f 70//127 71//128 72//129
f 602//130 72//129 71//128
f 69//131 72//129 572//126
f 170//132 602//130 601//133
f 602//130 73//125 72//129
f 171//122 575//123 73//125
f 601//133 75//134 160//135
f 602//130 71//128 601//133
f 601//133 71//128 75//134
f 75//134 71//128 118//136
f 70//127 117//137 118//136
f 117//137 70//127 69//131
f 576//138 577//139 117//137
f 117//137 69//131 576//138
f 70//127 118//136 71//128
f 119//140 76//141 75//134
f 77//142 78//143 76//141
f 79//144 160//135 78//143
f 76//141 78//143 160//135
f 162//145 160//135 79//144
f 79//144 78//143 80//146
f 582//147 121//148 123//149
f 122//150 151//151 582//147
f 149//152 153//153 81//154
f 81//154 150//155 82//156
f 88//157 82//156 150//155
f 82//156 86//158 85//159
f 82//156 85//159 83//160
f 83//160 84//161 599//162
f 599//162 84//161 108//163
f 83//160 599//162 105//164
f 104//165 599//162 108//163
f 105//164 599//162 104//165
f 106//166 104//165 108//163
f 108//163 91//167 110//168
f 108//163 84//161 91//167
f 84//161 90//169 92//170
f 90//169 84//161 85//159
f 83//160 85//159 84//161
f 86//158 95//171 85//159
f 88//157 86//158 82//156
f 150//155 151//151 89//172
f 122//150 87//173 151//151
f 89//172 151//151 87//173
f 89//172 87//173 114//174
f 89//172 114//174 88//157
f 85//159 95//171 96//175
f 97//176 94//177 96//175
f 90//169 94//177 92//170
f 92//170 98//178 91//167
f 91//167 98//178 110//168
f 93//179 92//170 94//177
f 98//178 93//179 100//180
f 129//181 97//176 96//175
f 114//174 129//181 96//175
f 114//174 96//175 95//171
f 114//174 95//171 86//158
f 88//157 114//174 86//158
f 115//182 114//174 87//173
f 115//182 595//183 114//174
f 132//184 129//181 114//174
f 129//181 597//185 97//176
f 93//179 99//186 100//180
f 98//178 100//180 103//187
f 93//179 600//188 99//186
f 103//187 100//180 102//189
f 597//185 99//186 600//188
f 101//190 100//180 99//186
f 100//180 101//190 102//189
f 588//191 102//189 101//190
f 597//185 101//190 99//186
f 101//190 597//185 588//191
f 139//192 102//189 588//191
f 138//193 102//189 139//192
f 586//194 103//187 138//193
f 108//163 110//168 109//195
f 107//196 108//163 112//197
f 106//166 107//196 154//198
f 149//152 104//165 106//166
f 105//164 104//165 149//152
f 105//164 149//152 82//156
f 149//152 81//154 82//156
f 154//198 149//152 106//166
f 148//199 154//198 107//196
f 112//197 108//163 109//195
f 110//168 103//187 585//200
f 112//197 585//200 141//201
f 583//202 141//201 111//203
f 181//204 111//203 141//201
f 586//194 138//193 587//205
f 139//192 588//191 140//206
f 130//207 113//208 598//209
f 133//210 595//183 115//182
f 115//182 594//211 133//210
f 126//212 594//211 124//213
f 117//137 116//214 127//215
f 127//215 118//136 117//137
f 119//140 120//216 76//141
f 75//134 118//136 119//140
f 76//141 120//216 77//142
f 120//216 123//149 77//142
f 119//140 118//136 127//215
f 77//142 123//149 121//148
f 78//143 77//142 80//146
f 77//142 121//148 582//147
f 77//142 582//147 80//146
f 582//147 123//149 122//150
f 123//149 87//173 122//150
f 120//216 124//213 123//149
f 126//212 124//213 119//140
f 127//215 126//212 119//140
f 123//149 125//217 87//173
f 124//213 125//217 123//149
f 594//211 115//182 125//217
f 125//217 124//213 594//211
f 128//218 126//212 127//215
f 124//213 120//216 119//140
f 117//137 577//139 116//214
f 202//219 116//214 577//139
f 202//219 189//220 116//214
f 127//215 116//214 128//218
f 116//214 189//220 128//218
f 189//220 207//221 128//218
f 207//221 126//212 128//218
f 594//211 126//212 208//222
f 133//210 590//223 595//183
f 595//183 132//184 114//174
f 132//184 596//224 129//181
f 596//224 130//207 129//181
f 130//207 598//209 129//181
f 113//208 136//225 131//226
f 186//227 136//225 130//207
f 589//228 186//227 130//207
f 132//184 589//228 596//224
f 590//223 589//228 132//184
f 590//223 133//210 208//222
f 208//222 134//229 592//230
f 134//229 208//222 215//231
f 134//229 214//232 592//230
f 214//232 210//233 592//230
f 214//232 211//234 210//233
f 210//233 188//235 592//230
f 188//235 333//236 320//237
f 188//235 320//237 135//238
f 539//239 186//227 187//240
f 186//227 316//241 136//225
f 313//242 131//226 136//225
f 131//226 313//242 185//243
f 137//244 140//206 185//243
f 138//193 139//192 587//205
f 587//205 139//192 142//245
f 585//200 147//246 141//201
f 143//247 139//192 140//206
f 184//248 143//247 140//206
f 142//245 139//192 143//247
f 137//244 184//248 140//206
f 314//249 184//248 137//244
f 183//250 144//251 142//245
f 103//187 586//194 585//200
f 309//252 181//204 147//246
f 141//201 147//246 181//204
f 585//200 586//194 147//246
f 586//194 587//205 144//251
f 145//253 146//254 144//251
f 142//245 143//247 183//250
f 183//250 143//247 184//248
f 311//255 146//254 183//250
f 145//253 183//250 146//254
f 584//256 146//254 310//257
f 584//256 310//257 309//252
f 584//256 309//252 147//246
f 111//203 181//204 180//258
f 111//203 180//258 167//259
f 167//259 148//199 583//202
f 148//199 167//259 155//260
f 167//259 166//261 155//260
f 107//196 583//202 148//199
f 583//202 107//196 112//197
f 154//198 153//153 149//152
f 152//262 81//154 153//153
f 151//151 150//155 152//262
f 582//147 151//151 152//262
f 158//263 79//144 152//262
f 156//264 152//262 153//153
f 158//263 152//262 156//264
f 156//264 153//153 154//198
f 156//264 154//198 155//260
f 148//199 155//260 154//198
f 157//265 155//260 166//261
f 155//260 157//265 156//264
f 580//266 158//263 156//264
f 157//265 580//266 156//264
f 580//266 159//267 158//263
f 580//266 157//265 166//261
f 165//268 580//266 166//261
f 159//267 580//266 168//269
f 581//270 79//144 158//263
f 581//270 158//263 159//267
f 164//271 79//144 581//270
f 164//271 168//269 175//272
f 164//271 162//145 79//144
f 601//133 579//273 170//132
f 579//273 161//274 170//132
f 161//274 163//275 173//276
f 173//276 170//132 161//274
f 163//275 161//274 162//145
f 163//275 162//145 164//271
f 164//271 175//272 163//275
f 164//271 159//267 168//269
f 163//275 175//272 169//277
f 175//272 168//269 177//278
f 165//268 177//278 168//269
f 176//279 177//278 166//261
f 177//278 165//268 166//261
f 167//259 178//280 166//261
f 178//280 167//259 180//258
f 178//280 180//258 327//281
f 178//280 179//282 176//279
f 166//261 178//280 176//279
f 175//272 384//283 169//277
f 299//284 74//285 170//132
f 540//120 171//122 74//285
f 74//285 299//284 298//286
f 540//120 74//285 298//286
f 173//276 299//284 170//132
f 172//287 578//288 173//276
f 174//289 173//276 578//288
f 299//284 173//276 174//289
f 299//284 174//289 308//290
f 306//291 308//290 307//292
f 306//291 307//292 399//293
f 397//294 174//289 396//295
f 578//288 169//277 382//296
f 172//287 169//277 578//288
f 176//279 179//282 177//278
f 384//283 177//278 179//282
f 178//280 327//281 179//282
f 384//283 179//282 327//281
f 384//283 382//296 169//277
f 327//281 180//258 328//297
f 328//297 180//258 309//252
f 309//252 180//258 181//204
f 146//254 311//255 310//257
f 326//298 310//257 312//299
f 318//300 312//299 182//301
f 312//299 311//255 183//250
f 312//299 183//250 182//301
f 182//301 183//250 184//248
f 182//301 184//248 318//300
f 314//249 318//300 184//248
f 313//242 137//244 185//243
f 316//241 313//242 136//225
f 538//302 316//241 319//303
f 316//241 186//227 539//239
f 187//240 317//304 539//239
f 317//304 187//240 135//238
f 332//305 320//237 333//236
f 332//305 331//306 329//307
f 333//236 210//233 212//308
f 188//235 210//233 333//236
f 134//229 209//309 214//232
f 215//231 209//309 134//229
f 202//219 207//221 189//220
f 577//139 194//310 202//219
f 190//311 194//310 577//139
f 190//311 577//139 576//138
f 69//131 70//127 72//129
f 190//311 191//312 195//313
f 191//312 190//311 576//138
f 570//314 193//315 192//316
f 193//315 570//314 203//317
f 569//318 194//310 190//311
f 195//313 569//318 190//311
f 193//315 569//318 195//313
f 203//317 569//318 193//315
f 196//110 205//319 203//317
f 201//109 228//320 196//110
f 201//109 60//102 197//100
f 55//90 197//100 60//102
f 58//96 199//99 197//100
f 197//100 199//99 198//321
f 229//322 199//99 200//98
f 51//323 238//324 231//97
f 199//99 229//322 198//321
f 201//109 197//100 198//321
f 230//325 198//321 229//322
f 201//109 198//321 228//320
f 203//317 64//111 196//110
f 203//317 206//326 569//318
f 569//318 202//219 194//310
f 206//326 207//221 202//219
f 569//318 206//326 202//219
f 203//317 204//327 206//326
f 203//317 205//319 204//327
f 228//320 205//319 196//110
f 205//319 223//328 204//327
f 226//329 205//319 228//320
f 226//329 224//330 205//319
f 206//326 223//328 216//331
f 204//327 223//328 206//326
f 220//332 223//328 224//330
f 221//333 220//332 224//330
f 220//332 216//331 223//328
f 206//326 216//331 207//221
f 216//331 126//212 207//221
f 216//331 208//222 126//212
f 211//234 214//232 219//334
f 212//308 210//233 211//234
f 213//335 212//308 219//334
f 219//334 212//308 211//234
f 334//336 333//236 212//308
f 334//336 212//308 213//335
f 218//337 213//335 219//334
f 214//232 335//338 219//334
f 336//339 209//309 215//231
f 336//339 215//231 337//340
f 337//340 215//231 216//331
f 335//338 214//232 336//339
f 214//232 209//309 336//339
f 218//337 219//334 369//341
f 369//341 219//334 335//338
f 221//333 225//342 220//332
f 220//332 225//342 222//343
f 222//343 337//340 220//332
f 248//344 222//343 225//342
f 226//329 225//342 224//330
f 225//342 221//333 224//330
f 224//330 223//328 205//319
f 242//345 248//344 225//342
f 242//345 225//342 226//329
f 198//321 230//325 228//320
f 200//98 241//346 230//325
f 200//98 230//325 229//322
f 228//320 230//325 227//347
f 227//347 230//325 241//346
f 238//324 244//348 231//97
f 231//97 241//346 200//98
f 244//348 241//346 231//97
f 236//349 238//324 51//323
f 236//349 51//323 232//77
f 50//78 251//82 232//77
f 234//81 258//350 233//80
f 9//21 252//351 235//24
f 253//352 252//351 9//21
f 232//77 251//82 236//349
f 236//349 251//82 237//353
f 238//324 243//354 244//348
f 243//354 238//324 237//353
f 240//355 239//356 242//345
f 239//356 248//344 242//345
f 239//356 249//357 248//344
f 247//358 249//357 239//356
f 247//358 239//356 245//359
f 245//359 239//356 240//355
f 244//348 245//359 240//355
f 244//348 240//355 241//346
f 240//355 242//345 241//346
f 243//354 246//360 244//348
f 250//361 246//360 243//354
f 244//348 247//358 245//359
f 246//360 247//358 244//348
f 260//362 345//363 246//360
f 261//364 345//363 260//362
f 345//363 247//358 246//360
f 537//365 222//343 248//344
f 340//366 248//344 249//357
f 249//357 247//358 345//363
f 261//364 360//367 345//363
f 260//362 259//368 565//369
f 251//82 250//361 237//353
f 250//361 243//354 237//353
f 259//368 260//362 250//361
f 258//350 250//361 251//82
f 258//350 259//368 250//361
f 258//350 252//351 253//352
f 252//351 258//350 234//81
f 256//23 253//352 9//21
f 567//11 254//20 255//370
f 8//22 255//370 254//20
f 255//370 7//19 568//18
f 4//9 568//18 19//30
f 4//9 567//11 255//370
f 254//20 567//11 3//7
f 265//371 256//23 3//7
f 265//371 3//7 2//4
f 265//371 264//372 563//373
f 563//373 253//352 265//371
f 563//373 257//374 253//352
f 258//350 253//352 257//374
f 268//375 564//376 563//373
f 563//373 564//376 257//374
f 258//350 565//369 259//368
f 257//374 565//369 258//350
f 564//376 565//369 257//374
f 260//362 246//360 250//361
f 566//377 260//362 263//378
f 566//377 261//364 260//362
f 349//379 346//380 261//364
f 271//381 261//364 262//382
f 439//383 271//381 262//382
f 273//384 270//385 263//378
f 263//378 564//376 273//384
f 273//384 564//376 268//375
f 267//3 264//372 266//6
f 265//371 2//4 264//372
f 2//4 266//6 264//372
f 22//5 29//1 266//6
f 29//1 267//3 266//6
f 269//386 264//372 267//3
f 30//2 440//387 267//3
f 267//3 440//387 269//386
f 264//372 269//386 272//388
f 272//388 273//384 264//372
f 274//389 270//385 273//384
f 439//383 270//385 274//389
f 439//383 262//382 270//385
f 272//388 274//389 273//384
f 272//388 441//390 274//389
f 440//387 441//390 272//388
f 440//387 272//388 269//386
f 30//2 1//45 440//387
f 1//45 275//391 440//387
f 443//392 442//393 1//45
f 527//46 276//44 30//2
f 528//394 443//392 276//44
f 276//44 443//392 1//45
f 31//40 527//46 30//2
f 527//46 462//47 528//394
f 278//51 460//395 444//42
f 445//396 460//395 278//51
f 411//397 405//71 559//73
f 281//398 411//397 559//73
f 557//399 283//400 282//401
f 283//400 557//399 561//402
f 282//401 283//400 284//403
f 282//401 284//403 402//404
f 402//404 284//403 413//405
f 284//403 283//400 304//406
f 303//407 283//400 285//408
f 285//408 283//400 561//402
f 550//409 286//89 551//410
f 286//89 289//411 551//410
f 287//103 289//411 54//88
f 289//411 287//103 288//106
f 286//89 54//88 289//411
f 551//410 289//411 291//412
f 291//412 290//116 293//117
f 551//410 294//413 285//408
f 291//412 293//117 294//413
f 293//117 292//118 68//119
f 293//117 68//119 300//121
f 300//121 296//414 293//117
f 294//413 293//117 296//414
f 540//120 298//286 300//121
f 296//414 302//415 294//413
f 295//416 294//413 302//415
f 302//415 297//417 301//418
f 300//121 308//290 306//291
f 296//414 300//121 306//291
f 297//417 306//291 301//418
f 302//415 400//419 295//416
f 305//420 303//407 295//416
f 304//406 303//407 305//420
f 303//407 304//406 283//400
f 305//420 401//421 304//406
f 400//419 414//422 305//420
f 400//419 305//420 295//416
f 400//419 301//418 535//423
f 306//291 399//293 301//418
f 535//423 301//418 399//293
f 307//292 416//424 399//293
f 307//292 308//290 398//425
f 382//296 381//426 578//288
f 325//427 309//252 326//298
f 326//298 309//252 310//257
f 310//257 311//255 312//299
f 321//428 326//298 312//299
f 314//249 137//244 315//429
f 313//242 315//429 137//244
f 315//429 313//242 316//241
f 314//249 315//429 318//300
f 538//302 315//429 316//241
f 319//303 316//241 539//239
f 320//237 319//303 317//304
f 321//428 318//300 315//429
f 321//428 315//429 538//302
f 329//307 538//302 319//303
f 329//307 319//303 320//237
f 332//305 329//307 320//237
f 322//430 321//428 323//431
f 538//302 329//307 323//431
f 383//432 322//430 323//431
f 324//433 328//297 325//427
f 322//430 324//433 325//427
f 383//432 324//433 322//430
f 326//298 322//430 325//427
f 321//428 312//299 318//300
f 322//430 326//298 321//428
f 385//434 384//283 327//281
f 385//434 327//281 328//297
f 385//434 328//297 386//435
f 383//432 323//431 330//436
f 387//437 383//432 330//436
f 390//438 324//433 383//432
f 387//437 390//438 383//432
f 330//436 323//431 329//307
f 330//436 329//307 331//306
f 387//437 330//436 331//306
f 389//439 387//437 371//440
f 371//440 387//437 331//306
f 371//440 331//306 375//441
f 331//306 332//305 370//442
f 332//305 333//236 370//442
f 334//336 370//442 333//236
f 334//336 213//335 218//337
f 334//336 218//337 217//443
f 375//441 331//306 370//442
f 334//336 217//443 370//442
f 217//443 373//444 370//442
f 368//445 217//443 369//341
f 217//443 218//337 369//341
f 368//445 369//341 367//446
f 339//447 335//338 336//339
f 337//340 338//448 336//339
f 338//448 339//447 336//339
f 342//449 339//447 338//448
f 338//448 536//450 342//449
f 536//450 338//448 537//365
f 222//343 338//448 337//340
f 222//343 537//365 338//448
f 340//366 537//365 248//344
f 343//451 341//452 344//453
f 343//451 344//453 355//454
f 343//451 342//449 341//452
f 343//451 355//454 342//449
f 344//453 357//455 355//454
f 355//454 357//455 354//456
f 249//357 345//363 344//453
f 359//457 344//453 345//363
f 359//457 351//458 357//455
f 359//457 357//455 344//453
f 359//457 345//363 360//367
f 346//380 347//459 360//367
f 261//364 346//380 360//367
f 350//460 347//459 348//461
f 347//459 346//380 348//461
f 271//381 346//380 349//379
f 346//380 350//460 348//461
f 350//460 346//380 271//381
f 530//462 347//459 350//460
f 352//463 532//464 531//465
f 365//466 354//456 358//467
f 365//466 355//454 354//456
f 363//468 356//469 364//470
f 342//449 356//469 339//447
f 355//454 356//469 342//449
f 363//468 361//471 356//469
f 364//470 356//469 355//454
f 351//458 358//467 357//455
f 352//463 351//458 532//464
f 352//463 358//467 351//458
f 352//463 531//465 353//472
f 515//473 353//472 531//465
f 353//472 358//467 352//463
f 360//367 351//458 359//457
f 530//462 531//465 347//459
f 532//464 351//458 347//459
f 347//459 351//458 360//367
f 354//456 357//455 358//467
f 361//471 339//447 356//469
f 533//474 362//475 363//468
f 364//470 355//454 365//466
f 366//476 365//466 358//467
f 353//472 366//476 358//467
f 517//477 366//476 353//472
f 436//478 366//476 517//477
f 436//478 376//479 365//466
f 533//474 363//468 364//470
f 533//474 367//446 362//475
f 367//446 374//480 368//445
f 373//444 217//443 368//445
f 367//446 369//341 362//475
f 362//475 369//341 361//471
f 373//444 375//441 370//442
f 374//480 375//441 373//444
f 371//440 375//441 372//481
f 375//441 377//482 372//481
f 374//480 373//444 368//445
f 533//474 374//480 367//446
f 533//474 375//441 374//480
f 513//483 533//474 364//470
f 513//483 364//470 376//479
f 436//478 516//484 376//479
f 516//484 512//485 376//479
f 512//485 513//483 376//479
f 434//486 533//474 513//483
f 435//487 378//488 375//441
f 393//489 392//490 377//482
f 378//488 393//489 377//482
f 379//491 393//489 378//488
f 434//486 433//492 379//491
f 434//486 379//491 378//488
f 379//491 433//492 426//493
f 382//296 384//283 381//426
f 324//433 390//438 328//297
f 328//297 390//438 386//435
f 396//295 381//426 384//283
f 394//494 385//434 386//435
f 396//295 384//283 385//434
f 394//494 386//435 391//495
f 387//437 389//439 390//438
f 388//496 390//438 389//439
f 395//497 388//496 389//439
f 371//440 395//497 389//439
f 392//490 388//496 395//497
f 392//490 391//495 388//496
f 391//495 390//438 388//496
f 386//435 390//438 391//495
f 425//498 391//495 380//499
f 380//499 393//489 379//491
f 380//499 392//490 393//489
f 425//498 394//494 391//495
f 380//499 391//495 392//490
f 425//498 385//434 394//494
f 426//493 380//499 379//491
f 392//490 395//497 377//482
f 377//482 395//497 372//481
f 372//481 395//497 371//440
f 398//425 422//500 307//292
f 398//425 397//294 396//295
f 425//498 422//500 385//434
f 422//500 396//295 385//434
f 422//500 398//425 396//295
f 421//501 535//423 416//424
f 535//423 399//293 416//424
f 421//501 415//502 535//423
f 535//423 415//502 400//419
f 415//502 414//422 400//419
f 414//422 401//421 305//420
f 402//404 403//503 404//504
f 412//505 404//504 403//503
f 412//505 403//503 447//506
f 410//507 405//71 411//397
f 408//508 405//71 410//507
f 405//71 408//508 279//52
f 279//52 408//508 406//48
f 408//508 407//509 406//48
f 406//48 407//509 278//51
f 407//509 445//396 278//51
f 409//510 458//511 446//512
f 407//509 409//510 446//512
f 409//510 408//508 410//507
f 410//507 458//511 409//510
f 411//397 412//505 410//507
f 410//507 412//505 525//513
f 403//503 524//514 447//506
f 448//515 524//514 403//503
f 413//405 401//421 417//516
f 414//422 419//517 424//518
f 417//516 414//422 424//518
f 421//501 416//424 422//500
f 420//519 421//501 423//520
f 419//517 415//502 421//501
f 401//421 414//422 417//516
f 448//515 413//405 417//516
f 418//521 450//522 417//516
f 451//523 418//521 449//524
f 419//517 421//501 420//519
f 424//518 419//517 420//519
f 420//519 430//525 424//518
f 420//519 423//520 430//525
f 421//501 422//500 425//498
f 418//521 424//518 449//524
f 449//524 424//518 430//525
f 418//521 417//516 424//518
f 430//525 423//520 534//526
f 534//526 423//520 427//527
f 427//527 380//499 426//493
f 426//493 428//528 427//527
f 433//492 428//528 426//493
f 449//524 430//525 429//529
f 452//530 449//524 431//531
f 431//531 449//524 429//529
f 431//531 429//529 470//532
f 469//533 431//531 470//532
f 469//533 466//534 431//531
f 470//532 432//535 471//536
f 473//537 472//538 432//535
f 432//535 490//539 473//537
f 432//535 433//492 490//539
f 434//486 490//539 433//492
f 378//488 435//487 434//486
f 434//486 435//487 533//474
f 496//540 512//485 516//484
f 516//484 436//478 517//477
f 517//477 353//472 437//541
f 514//542 515//473 529//543
f 492//544 529//543 485//545
f 441//390 439//383 274//389
f 441//390 438//546 439//383
f 275//391 441//390 440//387
f 1//45 442//393 275//391
f 520//547 441//390 275//391
f 519//548 438//546 520//547
f 529//543 519//548 486//549
f 519//548 518//550 486//549
f 519//548 529//543 438//546
f 275//391 442//393 520//547
f 528//394 521//551 443//392
f 462//47 521//551 528//394
f 444//42 460//395 462//47
f 460//395 461//552 462//47
f 459//553 479//554 446//512
f 445//396 446//512 460//395
f 445//396 407//509 446//512
f 410//507 457//555 458//511
f 525//513 457//555 410//507
f 525//513 412//505 447//506
f 448//515 417//516 450//522
f 451//523 450//522 418//521
f 452//530 451//523 449//524
f 450//522 451//523 453//556
f 455//557 448//515 450//522
f 526//558 448//515 455//557
f 526//558 524//514 448//515
f 526//558 455//557 465//559
f 455//557 450//522 453//556
f 453//556 452//530 431//531
f 454//560 464//561 468//562
f 454//560 465//559 455//557
f 463//563 457//555 525//513
f 457//555 463//563 459//553
f 465//559 523//564 456//565
f 458//511 459//553 446//512
f 446//512 479//554 461//552
f 461//552 481//566 462//47
f 462//47 481//566 521//551
f 479//554 478//567 481//566
f 461//552 479//554 481//566
f 479//554 459//553 463//563
f 468//562 465//559 454//560
f 454//560 453//556 464//561
f 453//556 431//531 466//534
f 464//561 453//556 466//534
f 465//559 468//562 467//568
f 466//534 469//533 474//569
f 474//569 475//570 466//534
f 468//562 466//534 475//570
f 479//554 523//564 480//571
f 479//554 463//563 523//564
f 477//572 523//564 467//568
f 467//568 468//562 477//572
f 469//533 470//532 471//536
f 473//537 474//569 469//533
f 472//538 469//533 471//536
f 472//538 473//537 469//533
f 476//573 474//569 510//574
f 477//572 475//570 474//569
f 523//564 477//572 480//571
f 484//575 481//566 478//567
f 478//567 479//554 484//575
f 488//576 479//554 480//571
f 488//576 484//575 479//554
f 480//571 477//572 488//576
f 482//577 481//566 484//575
f 481//566 522//578 521//551
f 481//566 482//577 522//578
f 483//579 522//578 482//577
f 484//575 483//579 482//577
f 485//545 529//543 486//549
f 529//543 492//544 514//542
f 514//542 492//544 491//580
f 485//545 487//581 493//582
f 487//581 485//545 518//550
f 484//575 488//576 501//583
f 476//573 489//584 488//576
f 477//572 476//573 488//576
f 477//572 474//569 476//573
f 510//574 474//569 495//585
f 474//569 473//537 495//585
f 473//537 490//539 495//585
f 434//486 513//483 490//539
f 508//586 512//485 496//540
f 503//587 496//540 497//588
f 493//582 492//544 485//545
f 493//582 491//580 492//544
f 500//589 491//580 494//590
f 498//591 494//590 493//582
f 499//592 488//576 489//584
f 489//584 510//574 499//592
f 495//585 490//539 505//593
f 505//593 512//485 508//586
f 507//594 496//540 503//587
f 511//595 503//587 497//588
f 491//580 511//595 497//588
f 500//589 511//595 491//580
f 498//591 500//589 494//590
f 498//591 509//596 500//589
f 498//591 501//583 499//592
f 501//583 498//591 493//582
f 488//576 499//592 501//583
f 510//574 506//597 509//596
f 502//598 503//587 511//595
f 502//598 509//596 506//597
f 510//574 495//585 504//599
f 495//585 505//593 504//599
f 504//599 505//593 508//586
f 506//597 510//574 504//599
f 502//598 506//597 503//587
f 504//599 503//587 506//597
f 496//540 507//594 508//586
f 503//587 504//599 507//594
f 499//592 510//574 509//596
f 499//592 509//596 498//591
f 509//596 502//598 500//589
f 511//595 500//589 502//598
f 504//599 508//586 507//594
f 505//593 513//483 512//485
f 490//539 513//483 505//593
f 487//581 501//583 493//582
f 494//590 491//580 493//582
f 491//580 515//473 514//542
f 491//580 437//541 515//473
f 437//541 491//580 497//588
f 496//540 516//484 517//477
f 496//540 517//477 497//588
f 497//588 517//477 437//541
f 489//584 476//573 510//574
f 484//575 501//583 487//581
f 518//550 483//579 487//581
f 518//550 485//545 486//549
f 518//550 519//548 520//547
f 521//551 522//578 443//392
f 522//578 483//579 518//550
f 522//578 518//550 520//547
f 443//392 522//578 442//393
f 522//578 520//547 442//393
f 487//581 483//579 484//575
f 477//572 468//562 475//570
f 464//561 466//534 468//562
f 465//559 467//568 523//564
f 460//395 446//512 461//552
f 456//565 523//564 463//563
f 457//555 459//553 458//511
f 525//513 447//506 524//514
f 526//558 456//565 525//513
f 463//563 525//513 456//565
f 526//558 525//513 524//514
f 465//559 456//565 526//558
f 455//557 453//556 454//560
f 451//523 452//530 453//556
f 527//46 528//394 276//44
f 441//390 520//547 438//546
f 438//546 529//543 439//383
f 530//462 350//460 439//383
f 529//543 531//465 530//462
f 515//473 531//465 529//543
f 532//464 347//459 531//465
f 350//460 271//381 439//383
f 529//543 530//462 439//383
f 471//536 432//535 472//538
f 430//525 534//526 429//529
f 534//526 428//528 429//529
f 534//526 427//527 428//528
f 432//535 429//529 428//528
f 470//532 429//529 432//535
f 432//535 428//528 433//492
f 427//527 425//498 380//499
f 427//527 423//520 425//498
f 423//520 421//501 425//498
f 403//503 402//404 448//515
f 448//515 402//404 413//405
f 407//509 408//508 409//510
f 411//397 404//504 412//505
f 304//406 401//421 413//405
f 414//422 415//502 419//517
f 416//424 307//292 422//500
f 378//488 377//482 375//441
f 533//474 435//487 375//441
f 365//466 376//479 364//470
f 366//476 436//478 365//466
f 363//468 362//475 361//471
f 515//473 437//541 353//472
f 344//453 341//452 249//357
f 341//452 340//366 249//357
f 340//366 341//452 537//365
f 341//452 536//450 537//365
f 536//450 341//452 342//449
f 339//447 361//471 335//338
f 361//471 369//341 335//338
f 538//302 323//431 321//428
f 317//304 319//303 539//239
f 400//419 302//415 301//418
f 284//403 304//406 413//405
f 297//417 296//414 306//291
f 300//121 298//286 308//290
f 299//284 308//290 298//286
f 302//415 296//414 297//417
f 294//413 295//416 303//407
f 294//413 303//407 285//408
f 294//413 551//410 291//412
f 288//106 290//116 291//412
f 291//412 289//411 288//106
f 546//600 541//85 562//87
f 46//76 541//85 546//600
f 544//93 46//76 542//601
f 46//76 47//67 542//601
f 53//83 544//93 543//59
f 46//76 544//93 545//86
f 541//85 46//76 545//86
f 543//59 544//93 47//67
f 544//93 542//601 47//67
f 548//75 46//76 547//602
f 553//603 547//602 552//604
f 549//605 548//75 547//602
f 555//74 548//75 549//605
f 558//606 555//74 549//605
f 549//605 553//603 560//607
f 553//603 549//605 547//602
f 562//87 547//602 546//600
f 46//76 546//600 547//602
f 552//604 562//87 286//89
f 561//402 552//604 550//409
f 552//604 286//89 550//409
f 551//410 561//402 550//409
f 557//399 552//604 561//402
f 554//608 559//73 607//72
f 555//74 556//609 554//608
f 559//73 554//608 556//609
f 281//398 556//609 560//607
f 553//603 552//604 557//399
f 282//401 560//607 557//399
f 553//603 557//399 560//607
f 560//607 556//609 558//606
f 559//73 556//609 281//398
f 556//609 555//74 558//606
f 282//401 402//404 560//607
f 404//504 560//607 402//404
f 405//71 280//70 559//73
f 281//398 560//607 404//504
f 411//397 281//398 404//504
f 558//606 549//605 560//607
f 551//410 285//408 561//402
f 552//604 547//602 562//87
f 277//43 462//47 527//46
f 563//373 264//372 268//375
f 565//369 564//376 263//378
f 263//378 270//385 566//377
f 262//382 261//364 566//377
f 270//385 262//382 566//377
f 273//384 268//375 264//372
f 349//379 261//364 271//381
f 263//378 260//362 565//369
f 253//352 256//23 265//371
f 567//11 25//8 3//7
f 4//9 255//370 568//18
f 5//17 19//30 568//18
f 7//19 255//370 8//22
f 256//23 254//20 3//7
f 227//347 242//345 226//329
f 227//347 241//346 242//345
f 258//350 251//82 233//80
f 252//351 234//81 235//24
f 238//324 236//349 237//353
f 227//347 226//329 228//320
f 220//332 337//340 216//331
f 216//331 215//231 208//222
f 203//317 570//314 64//111
f 51//323 231//97 52//94
f 570//314 65//112 64//111
f 65//112 570//314 571//610
f 571//610 570//314 192//316
f 571//610 67//113 62//108
f 66//114 67//113 573//124
f 573//124 67//113 571//610
f 571//610 192//316 191//312
f 191//312 572//126 571//610
f 571//610 572//126 573//124
f 66//114 575//123 292//118
f 292//118 574//115 66//114
f 293//117 290//116 574//115
f 573//124 575//123 66//114
f 62//108 65//112 571//610
f 191//312 192//316 195//313
f 192//316 193//315 195//313
f 320//237 317//304 135//238
f 328//297 309//252 325//427
f 175//272 177//278 384//283
f 381//426 396//295 578//288
f 174//289 578//288 396//295
f 397//294 398//425 308//290
f 174//289 397//294 308//290
f 172//287 173//276 163//275
f 163//275 169//277 172//287
f 165//268 168//269 580//266
f 164//271 581//270 159//267
f 579//273 160//135 162//145
f 161//274 579//273 162//145
f 579//273 601//133 160//135
f 79//144 582//147 152//262
f 582//147 79//144 80//146
f 167//259 583//202 111//203
f 109//195 585//200 112//197
f 583//202 112//197 141//201
f 147//246 586//194 584//256
f 586//194 144//251 146//254
f 146//254 584//256 586//194
f 183//250 145//253 144//251
f 144//251 587//205 142//245
f 140//206 588//191 185//243
f 186//227 589//228 591//611
f 589//228 593//612 591//611
f 593//612 589//228 590//223
f 593//612 208//222 592//230
f 135//238 186//227 591//611
f 188//235 593//612 592//230
f 188//235 135//238 593//612
f 135//238 591//611 593//612
f 135//238 187//240 186//227
f 590//223 208//222 593//612
f 208//222 133//210 594//211
f 595//183 590//223 132//184
f 589//228 130//207 596//224
f 598//209 597//185 129//181
f 588//191 597//185 113//208
f 113//208 597//185 598//209
f 130//207 136//225 113//208
f 113//208 131//226 185//243
f 185//243 588//191 113//208
f 110//168 585//200 109//195
f 105//164 82//156 83//160
f 107//196 106//166 108//163
f 103//187 102//189 138//193
f 110//168 98//178 103//187
f 97//176 597//185 600//188
f 600//188 93//179 94//177
f 97//176 600//188 94//177
f 125//217 115//182 87//173
f 92//170 93//179 98//178
f 84//161 92//170 91//167
f 94//177 90//169 96//175
f 152//262 150//155 81//154
f 89//172 88//157 150//155
f 85//159 96//175 90//169
f 160//135 75//134 76//141
f 74//285 602//130 170//132
f 74//285 73//125 602//130
f 73//125 74//285 171//122
f 73//125 572//126 72//129
f 572//126 576//138 69//131
f 191//312 576//138 572//126
f 61//104 64//111 603//107
f 604//84 605//92 55//90
f 605//92 604//84 545//86
f 541//85 55//90 54//88
f 54//88 562//87 541//85
f 52//94 48//61 51//323
f 48//61 608//60 51//323
f 52//94 53//83 48//61
f 51//323 608//60 232//77
f 10//25 49//79 50//78
f 50//78 11//26 10//25
f 37//58 11//26 232//77
f 40//66 548//75 45//68
f 555//74 41//64 45//68
f 555//74 606//57 41//64
f 43//54 44//69 610//55
f 554//608 43//54 606//57
f 44//69 43//54 607//72
f 280//70 44//69 607//72
f 554//608 606//57 555//74
f 607//72 43//54 554//608
f 280//70 279//52 44//69
f 608//60 38//62 36//27
f 36//27 37//58 608//60
f 543//59 38//62 608//60
f 13//14 43//54 15//32
f 43//54 13//14 35//15
f 15//32 43//54 609//53
f 609//53 611//33 16//31
f 609//53 610//55 32//50
f 611//33 33//49 612//36
f 32//50 611//33 609//53
f 32//50 33//49 611//33
f 610//55 279//52 32//50
f 609//53 16//31 15//32
f 278//51 28//41 406//48
f 28//41 612//36 33//49
f 612//36 28//41 27//37
f 27//37 28//41 277//43
f 612//36 18//34 611//33
f 18//34 17//29 611//33
f 12//13 20//12 6//16
f 6//16 5//17 7//19
usemtl mtl228733
f 3033//613 2999//614 614//615
f 3020//616 2899//617 2880//618
f 3006//619 617//620 618//621
f 642//622 618//621 2788//623
f 2788//623 619//624 642//622
f 633//625 634//626 620//627
f 622//628 630//629 632//630
f 624//631 630//629 622//628
f 627//632 623//633 2515//634
f 623//633 627//632 626//635
f 629//636 624//631 626//635
f 626//635 624//631 623//633
f 630//629 624//631 629//636
f 625//637 627//632 652//638
f 651//639 650//640 628//641
f 629//636 626//635 651//639
f 629//636 651//639 628//641
f 636//642 630//629 628//641
f 628//641 630//629 629//636
f 631//643 632//630 633//625
f 633//625 632//630 634//626
f 632//630 630//629 636//642
f 634//626 639//644 620//627
f 634//626 636//642 637//645
f 635//646 636//642 628//641
f 640//647 649//648 648//649
f 635//646 649//648 640//647
f 650//640 635//646 628//641
f 2524//650 635//646 650//640
f 649//648 635//646 2524//650
f 637//645 636//642 640//647
f 638//651 643//652 634//626
f 639//644 634//626 643//652
f 648//649 643//652 638//651
f 646//653 643//652 648//649
f 637//645 640//647 638//651
f 640//647 648//649 638//651
f 649//648 647//654 648//649
f 647//654 3051//655 648//649
f 646//653 3051//655 3052//656
f 3051//655 646//653 648//649
f 643//652 644//657 641//658
f 643//652 641//658 639//644
f 642//622 641//658 644//657
f 642//622 645//659 618//621
f 644//657 645//659 642//622
f 618//621 645//659 3006//619
f 646//653 644//657 643//652
f 644//657 3049//660 645//659
f 645//659 3049//660 3006//619
f 644//657 646//653 3050//661
f 646//653 3052//656 3050//661
f 3051//655 647//654 2684//662
f 650//640 651//639 652//638
f 652//638 3411//663 650//640
f 2524//650 650//640 3194//664
f 3411//663 2523//665 3194//664
f 3411//663 652//638 2522//666
f 652//638 627//632 653//667
f 625//637 626//635 627//632
f 623//633 654//668 2246//669
f 2514//670 654//668 2245//671
f 622//628 655//672 2245//671
f 2244//673 655//672 631//643
f 655//672 2244//673 656//674
f 658//675 2511//676 657//677
f 2234//678 659//679 2235//680
f 1250//681 659//679 2223//682
f 1245//683 1645//684 1249//685
f 1645//684 1647//686 1249//685
f 1242//687 1239//688 1589//689
f 1235//690 1585//691 1588//692
f 1585//691 661//693 1584//694
f 661//693 1512//695 1584//694
f 1512//695 661//693 1234//696
f 1229//697 1234//696 661//693
f 1512//695 1234//696 1233//698
f 1512//695 1233//698 662//699
f 1213//700 1194//701 663//702
f 664//703 1194//701 1193//704
f 665//705 664//703 887//706
f 1403//707 666//708 1405//709
f 685//710 686//711 788//712
f 785//713 684//714 685//710
f 3386//715 669//716 668//717
f 676//718 680//719 3407//720
f 669//716 670//721 3407//720
f 669//716 672//722 670//721
f 670//721 677//723 3407//720
f 678//724 671//725 3391//726
f 3391//726 671//725 672//722
f 673//727 3391//726 672//722
f 3386//715 673//727 672//722
f 674//728 3409//729 673//727
f 674//728 673//727 781//730
f 674//728 781//730 3387//731
f 3387//731 675//732 674//728
f 675//732 3388//733 3409//729
f 3409//729 3391//726 673//727
f 3392//734 678//724 3391//726
f 678//724 677//723 671//725
f 678//724 3393//735 699//736
f 678//724 699//736 677//723
f 699//736 691//737 676//718
f 676//718 690//738 680//719
f 3407//720 681//739 679//740
f 679//740 681//739 682//741
f 680//719 702//742 3408//743
f 691//737 690//738 676//718
f 702//742 680//719 690//738
f 700//744 3408//743 702//742
f 3408//743 700//744 689//745
f 680//719 3408//743 681//739
f 681//739 726//746 727//747
f 727//747 682//741 681//739
f 683//748 682//741 687//749
f 668//717 679//740 683//748
f 3406//750 668//717 683//748
f 3406//750 683//748 684//714
f 682//741 688//751 687//749
f 687//749 688//751 732//752
f 684//714 683//748 687//749
f 685//710 684//714 686//711
f 686//711 684//714 733//753
f 788//712 686//711 733//753
f 684//714 687//749 733//753
f 733//753 687//749 667//754
f 667//754 687//749 3401//755
f 687//749 732//752 3401//755
f 688//751 734//756 732//752
f 688//751 682//741 728//757
f 688//751 728//757 734//756
f 728//757 682//741 727//747
f 681//739 3408//743 726//746
f 3408//743 689//745 725//758
f 691//737 3405//759 690//738
f 725//758 689//745 723//760
f 775//761 693//762 698//763
f 692//764 772//765 767//766
f 770//767 693//762 774//768
f 3404//769 3403//770 3393//735
f 3394//771 705//772 3404//769
f 698//763 705//772 3394//771
f 694//773 698//763 693//762
f 766//774 696//775 693//762
f 693//762 696//775 694//773
f 695//776 694//773 696//775
f 757//777 695//776 696//775
f 697//778 696//775 766//774
f 3395//779 696//775 697//778
f 765//780 697//778 768//781
f 766//774 768//781 697//778
f 765//780 760//782 697//778
f 697//778 760//782 3395//779
f 696//775 3395//779 757//777
f 695//776 706//783 694//773
f 694//773 706//783 698//763
f 3397//784 3404//769 705//772
f 3404//769 707//785 3403//770
f 3403//770 703//786 699//736
f 699//736 703//786 691//737
f 701//787 700//744 702//742
f 702//742 721//788 701//787
f 690//738 3405//759 704//789
f 703//786 3405//759 691//737
f 690//738 704//789 702//742
f 721//788 702//742 704//789
f 3405//759 719//790 704//789
f 718//791 719//790 3405//759
f 708//792 709//793 703//786
f 707//785 708//792 3403//770
f 705//772 3398//794 3397//784
f 706//783 695//776 756//795
f 756//795 695//776 757//777
f 706//783 756//795 3398//794
f 707//785 3396//796 708//792
f 3396//796 3399//797 708//792
f 709//793 708//792 3399//797
f 712//798 715//799 709//793
f 3405//759 709//793 718//791
f 712//798 709//793 3399//797
f 712//798 3399//797 714//800
f 711//801 713//802 710//803
f 710//803 713//802 714//800
f 712//798 714//800 716//804
f 750//805 713//802 751//806
f 715//799 716//804 717//807
f 720//808 717//807 716//804
f 718//791 746//809 719//790
f 718//791 720//808 746//809
f 717//807 720//808 718//791
f 720//808 716//804 749//810
f 747//811 746//809 720//808
f 748//812 720//808 749//810
f 745//813 704//789 746//809
f 704//789 742//814 721//788
f 721//788 742//814 701//787
f 742//814 739//815 701//787
f 741//816 701//787 739//815
f 722//817 741//816 724//818
f 723//760 722//817 724//818
f 724//818 3400//819 723//760
f 725//758 3400//819 738//820
f 969//821 3400//819 724//818
f 723//760 3400//819 725//758
f 3408//743 725//758 729//822
f 726//746 3408//743 729//822
f 727//747 729//822 730//823
f 730//823 729//822 731//824
f 728//757 727//747 730//823
f 730//823 3402//825 728//757
f 734//756 728//757 3402//825
f 725//758 731//824 729//822
f 736//826 731//824 988//827
f 731//824 737//828 970//829
f 731//824 970//829 988//827
f 731//824 738//820 737//828
f 725//758 738//820 731//824
f 3402//825 736//826 735//830
f 856//831 733//753 667//754
f 788//712 733//753 856//831
f 3401//755 732//752 985//832
f 732//752 735//830 985//832
f 732//752 734//756 735//830
f 3401//755 985//832 987//833
f 985//832 735//830 986//834
f 736//826 986//834 735//830
f 738//820 971//835 737//828
f 737//828 971//835 970//829
f 738//820 3400//819 971//835
f 969//821 724//818 972//836
f 972//836 724//818 973//837
f 724//818 741//816 973//837
f 739//815 973//837 741//816
f 704//789 745//813 742//814
f 745//813 744//838 743//839
f 743//839 742//814 745//813
f 742//814 953//840 740//841
f 739//815 740//841 973//837
f 973//837 740//841 968//842
f 740//841 953//840 958//843
f 742//814 743//839 953//840
f 744//838 952//844 743//839
f 951//845 744//838 745//813
f 747//811 951//845 746//809
f 747//811 720//808 956//846
f 929//847 748//812 749//810
f 3362//848 716//804 714//800
f 714//800 948//849 3362//848
f 936//850 948//849 714//800
f 713//802 750//805 714//800
f 936//850 750//805 751//806
f 755//851 751//806 711//801
f 755//851 711//801 754//852
f 752//853 711//801 710//803
f 3398//794 711//801 752//853
f 753//854 758//855 754//852
f 711//801 753//854 754//852
f 926//856 751//806 755//851
f 926//856 755//851 925//857
f 762//858 931//859 925//857
f 761//860 925//857 755//851
f 759//861 756//795 757//777
f 757//777 3395//779 759//861
f 759//861 754//852 756//795
f 764//862 762//858 761//860
f 759//861 764//862 761//860
f 764//862 3395//779 760//782
f 763//863 760//782 765//780
f 763//863 764//862 760//782
f 761//860 755//851 759//861
f 761//860 762//858 925//857
f 932//864 931//859 762//858
f 763//863 932//864 764//862
f 932//864 762//858 764//862
f 763//863 924//865 932//864
f 769//866 816//867 924//865
f 769//866 924//865 763//863
f 768//781 769//866 765//780
f 767//766 768//781 766//774
f 769//866 768//781 767//766
f 769//866 763//863 765//780
f 771//868 813//869 772//765
f 772//765 813//869 767//766
f 767//766 770//767 692//764
f 770//767 766//774 693//762
f 767//766 766//774 770//767
f 769//866 767//766 813//869
f 813//869 771//868 814//870
f 814//870 771//868 810//871
f 771//868 772//765 806//872
f 806//872 772//765 692//764
f 807//873 692//764 773//874
f 779//875 807//873 773//874
f 773//874 692//764 774//768
f 776//876 777//877 775//761
f 774//768 693//762 775//761
f 777//877 774//768 775//761
f 775//761 698//763 3394//771
f 776//876 775//761 3394//771
f 3384//878 777//877 3390//879
f 778//880 779//875 3384//878
f 3387//731 780//881 779//875
f 3376//882 805//883 804//884
f 804//884 781//730 803//885
f 3410//886 3386//715 783//887
f 783//887 3386//715 782//888
f 783//887 782//888 784//889
f 782//888 668//717 3406//750
f 782//888 3406//750 784//889
f 784//889 3406//750 785//713
f 789//890 783//887 784//889
f 794//891 783//887 793//892
f 789//890 784//889 786//893
f 783//887 789//890 793//892
f 790//894 789//890 3385//895
f 789//890 786//893 3385//895
f 786//893 785//713 685//710
f 786//893 685//710 787//896
f 784//889 785//713 786//893
f 787//896 685//710 788//712
f 834//897 3385//895 787//896
f 3385//895 786//893 787//896
f 788//712 841//898 787//896
f 834//897 787//896 841//898
f 841//898 788//712 856//831
f 856//831 667//754 857//899
f 790//894 3385//895 833//900
f 789//890 792//901 791//902
f 792//901 789//890 790//894
f 833//900 792//901 790//894
f 798//903 835//904 837//905
f 792//901 798//903 827//906
f 827//906 791//902 792//901
f 828//907 796//908 791//902
f 798//903 792//901 833//900
f 798//903 833//900 835//904
f 796//908 793//892 791//902
f 793//892 795//909 794//891
f 795//909 803//885 794//891
f 3378//910 795//909 793//892
f 801//911 795//909 3378//910
f 796//908 3378//910 793//892
f 828//907 797//912 796//908
f 802//913 797//912 828//907
f 827//906 828//907 791//902
f 831//914 798//903 837//905
f 827//906 798//903 831//914
f 799//915 3380//916 800//917
f 802//913 826//918 3380//916
f 801//911 3377//919 803//885
f 801//911 803//885 795//909
f 3376//882 804//884 803//885
f 3377//919 3376//882 803//885
f 805//883 3383//920 780//881
f 779//875 780//881 807//873
f 771//868 806//872 810//871
f 810//871 812//921 811//922
f 810//871 806//872 808//923
f 3383//920 808//923 806//872
f 3383//920 807//873 780//881
f 3383//920 806//872 807//873
f 818//924 812//921 808//923
f 818//924 808//923 809//925
f 1113//926 818//924 809//925
f 812//921 810//871 808//923
f 3381//927 820//928 811//922
f 811//922 812//921 3381//927
f 820//928 3381//927 3382//929
f 814//870 810//871 811//922
f 815//930 769//866 813//869
f 814//870 815//930 813//869
f 811//922 914//931 814//870
f 816//867 769//866 815//930
f 914//931 816//867 815//930
f 914//931 943//932 942//933
f 816//867 914//931 942//933
f 941//934 924//865 816//867
f 942//933 941//934 816//867
f 916//935 944//936 943//932
f 914//931 820//928 819//937
f 811//922 820//928 914//931
f 820//928 3382//929 913//938
f 818//924 3381//927 812//921
f 817//939 3381//927 818//924
f 820//928 917//940 819//937
f 819//937 917//940 914//931
f 913//938 917//940 820//928
f 3382//929 912//941 913//938
f 910//942 911//943 817//939
f 817//939 911//943 3381//927
f 911//943 912//941 3382//929
f 1118//944 910//942 909//945
f 829//946 830//947 821//948
f 3379//949 822//950 823//951
f 3373//952 824//953 822//950
f 829//946 821//948 823//951
f 824//953 823//951 822//950
f 829//946 823//951 824//953
f 848//954 826//918 828//907
f 843//955 828//907 827//906
f 838//956 827//906 831//914
f 3372//957 825//958 844//959
f 3372//957 3373//952 825//958
f 829//946 824//953 3373//952
f 907//960 830//947 845//961
f 845//961 830//947 829//946
f 905//962 907//960 845//961
f 829//946 3373//952 845//961
f 827//906 838//956 832//963
f 838//956 836//964 832//963
f 843//955 832//963 842//965
f 831//914 837//905 838//956
f 833//900 3385//895 834//897
f 835//904 833//900 834//897
f 834//897 841//898 839//966
f 840//967 834//897 839//966
f 835//904 834//897 840//967
f 835//904 840//967 837//905
f 838//956 837//905 854//968
f 837//905 840//967 854//968
f 836//964 838//956 855//969
f 838//956 854//968 855//969
f 841//898 856//831 839//966
f 840//967 839//966 856//831
f 840//967 856//831 854//968
f 855//969 854//968 861//970
f 855//969 842//965 836//964
f 850//971 843//955 842//965
f 850//971 848//954 843//955
f 3369//972 844//959 848//954
f 3369//972 863//973 844//959
f 846//974 3372//957 844//959
f 844//959 3371//975 846//974
f 905//962 845//961 906//976
f 903//977 904//978 846//974
f 3371//975 903//977 846//974
f 863//973 3370//979 844//959
f 864//980 863//973 3369//972
f 850//971 849//981 848//954
f 853//982 851//983 850//971
f 850//971 842//965 853//982
f 850//971 851//983 849//981
f 3369//972 849//981 851//983
f 852//984 853//982 867//985
f 851//983 853//982 852//984
f 851//983 852//984 865//986
f 853//982 842//965 862//987
f 862//987 3368//988 853//982
f 854//968 856//831 868//989
f 861//970 854//968 868//989
f 862//987 855//969 861//970
f 868//989 856//831 859//990
f 859//990 856//831 857//899
f 667//754 858//991 857//899
f 987//833 858//991 667//754
f 868//989 859//990 3367//992
f 857//899 999//993 859//990
f 859//990 999//993 3367//992
f 3367//992 860//994 868//989
f 868//989 860//994 874//995
f 3368//988 861//970 868//989
f 871//996 867//985 3368//988
f 3368//988 867//985 853//982
f 862//987 861//970 3368//988
f 852//984 867//985 866//997
f 865//986 852//984 866//997
f 864//980 3369//972 865//986
f 863//973 893//998 847//999
f 894//1000 863//973 864//980
f 894//1000 864//980 896//1001
f 865//986 891//1002 864//980
f 864//980 891//1002 896//1001
f 891//1002 866//997 869//1003
f 877//1004 866//997 867//985
f 870//1005 3368//988 868//989
f 874//995 870//1005 868//989
f 867//985 876//1006 877//1004
f 876//1006 867//985 871//996
f 870//1005 874//995 883//1007
f 874//995 875//1008 883//1007
f 878//1009 888//1010 869//1003
f 872//1011 888//1010 3365//1012
f 3365//1012 888//1010 878//1009
f 878//1009 869//1003 877//1004
f 876//1006 3366//1013 877//1004
f 876//1006 871//996 884//1014
f 870//1005 883//1007 871//996
f 874//995 860//994 875//1008
f 860//994 873//1015 875//1008
f 3367//992 666//708 881//1016
f 3367//992 999//993 666//708
f 871//996 883//1007 886//1017
f 875//1008 873//1015 882//1018
f 882//1018 873//1015 885//1019
f 882//1018 883//1007 875//1008
f 665//705 884//1014 871//996
f 876//1006 884//1014 879//1020
f 879//1020 3366//1013 876//1006
f 878//1009 877//1004 3366//1013
f 1183//1021 1182//1022 880//1023
f 881//1016 666//708 885//1019
f 885//1019 666//708 1403//707
f 871//996 886//1017 665//705
f 884//1014 887//706 879//1020
f 882//1018 885//1019 886//1017
f 887//706 1184//1024 879//1020
f 884//1014 665//705 887//706
f 1404//1025 665//705 886//1017
f 1185//1026 887//706 1193//704
f 1185//1026 1184//1024 887//706
f 880//1023 1184//1024 1186//1027
f 880//1023 879//1020 1184//1024
f 880//1023 1186//1027 1183//1021
f 3365//1012 3366//1013 890//1028
f 889//1029 872//1011 3365//1012
f 1180//1030 889//1029 890//1028
f 1202//1031 889//1029 1180//1030
f 3344//1032 872//1011 889//1029
f 3363//1033 897//1034 872//1011
f 872//1011 897//1034 891//1002
f 891//1002 897//1034 896//1001
f 895//1035 894//1000 896//1001
f 892//1036 3364//1037 893//998
f 903//977 892//1036 902//1038
f 902//1038 892//1036 894//1000
f 894//1000 892//1036 893//998
f 901//1039 1127//1040 902//1038
f 901//1039 895//1035 898//1041
f 896//1001 897//1034 895//1035
f 897//1034 898//1041 895//1035
f 901//1039 898//1041 900//1042
f 897//1034 3363//1033 898//1041
f 3363//1033 872//1011 899//1043
f 3345//1044 899//1043 3344//1032
f 900//1042 1128//1045 901//1039
f 903//977 902//1038 1116//1046
f 904//978 903//977 1116//1046
f 1116//1046 1115//1047 904//978
f 905//962 904//978 1115//1047
f 906//976 904//978 905//962
f 905//962 1115//1047 1114//1048
f 907//960 905//962 1114//1048
f 908//1049 907//960 1112//1050
f 830//947 907//960 908//1049
f 1111//1051 1110//1052 910//942
f 910//942 1118//944 1111//1051
f 910//942 1110//1052 911//943
f 1110//1052 1123//1053 912//941
f 912//941 1124//1054 913//938
f 918//1055 916//935 917//940
f 914//931 917//940 916//935
f 923//1056 1096//1057 915//1058
f 1102//1059 920//1060 917//940
f 1100//1061 919//1062 918//1055
f 1099//1063 1096//1057 923//1056
f 1099//1063 923//1056 919//1062
f 920//1060 1100//1061 918//1055
f 1099//1063 1100//1061 1098//1064
f 913//938 1124//1054 917//940
f 920//1060 1102//1059 1103//1065
f 1100//1061 1099//1063 919//1062
f 1096//1057 1094//1066 921//1067
f 916//935 922//1068 944//936
f 915//1058 922//1068 916//935
f 921//1067 1039//1069 922//1068
f 915//1058 921//1067 922//1068
f 915//1058 1096//1057 921//1067
f 1099//1063 1097//1070 1096//1057
f 1097//1070 1099//1063 1098//1064
f 924//865 941//934 932//864
f 931//859 926//856 925//857
f 926//856 931//859 927//1071
f 932//864 935//1072 927//1071
f 3362//848 948//849 930//1073
f 3362//848 929//847 749//810
f 3361//1074 929//847 930//1073
f 929//847 928//1075 748//812
f 950//1076 929//847 3361//1074
f 948//849 949//1077 3361//1074
f 934//1078 938//1079 927//1071
f 938//1079 937//1080 927//1071
f 935//1072 934//1078 927//1071
f 932//864 927//1071 931//859
f 932//864 933//1081 935//1072
f 933//1081 940//1082 939//1083
f 934//1078 935//1072 939//1083
f 947//1084 934//1078 1036//1085
f 938//1079 934//1078 947//1084
f 937//1080 1030//1086 936//850
f 936//850 1030//1086 948//849
f 938//1079 1030//1086 937//1080
f 1032//1087 938//1079 947//1084
f 1036//1085 939//1083 1037//1088
f 1038//1089 1037//1088 946//1090
f 1037//1088 939//1083 940//1082
f 945//1091 941//934 942//933
f 945//1091 946//1090 941//934
f 945//1091 944//936 1039//1069
f 943//932 944//936 942//933
f 944//936 945//1091 942//933
f 944//936 922//1068 1039//1069
f 1039//1069 921//1067 1093//1092
f 1039//1069 946//1090 945//1091
f 940//1082 946//1090 1037//1088
f 946//1090 1039//1069 1040//1093
f 1036//1085 3352//1094 947//1084
f 1032//1087 947//1084 3352//1094
f 938//1079 1032//1087 1030//1086
f 1030//1086 1031//1095 949//1077
f 1030//1086 949//1077 948//849
f 1035//1096 3352//1094 1036//1085
f 3351//1097 1033//1098 1032//1087
f 963//1099 3361//1074 949//1077
f 950//1076 3361//1074 963//1099
f 962//1100 928//1075 950//1076
f 950//1076 928//1075 929//847
f 3360//1101 928//1075 962//1100
f 956//846 928//1075 3360//1101
f 956//846 744//838 951//845
f 952//844 744//838 961//1102
f 953//840 3358//1103 958//843
f 953//840 743//839 3358//1103
f 3358//1103 954//1104 966//1105
f 961//1102 744//838 955//1106
f 955//1106 744//838 956//846
f 956//846 3360//1101 955//1106
f 3359//1107 962//1100 957//1108
f 961//1102 955//1106 1025//1109
f 1025//1109 1024//1110 961//1102
f 961//1102 1027//1111 960//1112
f 3358//1103 743//839 954//1104
f 958//843 1008//1113 967//1114
f 958//843 3358//1103 1008//1113
f 959//1115 954//1104 960//1112
f 966//1105 954//1104 959//1115
f 960//1112 1027//1111 959//1115
f 961//1102 1024//1110 1027//1111
f 957//1108 965//1116 1028//1117
f 965//1116 957//1108 964//1118
f 963//1099 962//1100 950//1076
f 963//1099 949//1077 1031//1095
f 1047//1119 963//1099 3353//1120
f 1047//1119 964//1118 963//1099
f 965//1116 964//1118 3350//1121
f 1047//1119 3350//1121 964//1118
f 1028//1117 1025//1109 957//1108
f 1026//1122 1024//1110 1025//1109
f 966//1105 959//1115 1008//1113
f 1009//1123 1007//1124 1008//1113
f 1007//1124 3354//1125 967//1114
f 958//843 967//1114 977//1126
f 740//841 958//843 976//1127
f 971//835 969//821 972//836
f 970//829 981//1128 991//1129
f 988//827 970//829 991//1129
f 979//1130 971//835 980//1131
f 971//835 972//836 980//1131
f 972//836 973//837 976//1127
f 972//836 976//1127 975//1132
f 973//837 968//842 976//1127
f 975//1132 974//1133 972//836
f 974//1133 980//1131 972//836
f 975//1132 976//1127 3356//1134
f 975//1132 3356//1134 974//1133
f 976//1127 958//843 3356//1134
f 958//843 977//1126 3356//1134
f 3356//1134 977//1126 978//1135
f 3357//1136 3356//1134 978//1135
f 3357//1136 981//1128 979//1130
f 979//1130 980//1131 974//1133
f 979//1130 974//1133 3357//1136
f 991//1129 981//1128 982//1137
f 986//834 736//826 988//827
f 981//1128 3357//1136 982//1137
f 982//1137 3357//1136 983//1138
f 984//1139 983//1138 992//1140
f 991//1129 982//1137 984//1139
f 987//833 985//832 986//834
f 987//833 986//834 988//827
f 999//993 987//833 988//827
f 988//827 991//1129 1000//1141
f 999//993 988//827 1000//1141
f 991//1129 997//1142 1000//1141
f 997//1142 991//1129 990//1143
f 997//1142 990//1143 989//1144
f 990//1143 991//1129 996//1145
f 991//1129 984//1139 992//1140
f 996//1145 991//1129 992//1140
f 989//1144 996//1145 995//1146
f 996//1145 992//1140 995//1146
f 992//1140 983//1138 993//1147
f 993//1147 983//1138 994//1148
f 978//1135 994//1148 983//1138
f 993//1147 1006//1149 1398//1150
f 992//1140 993//1147 1398//1150
f 995//1146 1003//1151 989//1144
f 990//1143 996//1145 989//1144
f 1002//1152 997//1142 989//1144
f 998//1153 997//1142 1002//1152
f 999//993 1000//1141 666//708
f 666//708 1000//1141 1406//1154
f 1406//1154 1405//709 666//708
f 1406//1154 1000//1141 3301//1155
f 3301//1155 1000//1141 998//1153
f 3301//1155 998//1153 1411//1156
f 998//1153 1402//1157 1411//1156
f 1001//1158 1402//1157 998//1153
f 1003//1151 1002//1152 989//1144
f 1002//1152 1003//1151 3355//1159
f 1003//1151 995//1146 1004//1160
f 1005//1161 1003//1151 1426//1162
f 3355//1159 1005//1161 1001//1158
f 3355//1159 1003//1151 1005//1161
f 1001//1158 1005//1161 1412//1163
f 1399//1164 1005//1161 1426//1162
f 1003//1151 1004//1160 1426//1162
f 3354//1125 1007//1124 1016//1165
f 1008//1113 959//1115 1012//1166
f 1012//1166 1009//1123 1008//1113
f 959//1115 1010//1167 1012//1166
f 959//1115 1021//1168 1010//1167
f 959//1115 1027//1111 1021//1168
f 1011//1169 1010//1167 1021//1168
f 1012//1166 1010//1167 1011//1169
f 1009//1123 1012//1166 1011//1169
f 1009//1123 1011//1169 1013//1170
f 1013//1170 1011//1169 1014//1171
f 1014//1171 1011//1169 1015//1172
f 1015//1172 1020//1173 1014//1171
f 3302//1174 1013//1170 1014//1171
f 3302//1174 1009//1123 1013//1170
f 1017//1175 3302//1174 1014//1171
f 3302//1174 1017//1175 1018//1176
f 1017//1175 1057//1177 1018//1176
f 1015//1172 1054//1178 1020//1173
f 1054//1178 1015//1172 1023//1179
f 1051//1180 1021//1168 1027//1111
f 1051//1180 1052//1181 1021//1168
f 1015//1172 1052//1181 1023//1179
f 1052//1181 1015//1172 1021//1168
f 1023//1179 1055//1182 1022//1183
f 1023//1179 1053//1184 1055//1182
f 1026//1122 1025//1109 1029//1185
f 1029//1185 1025//1109 1028//1117
f 1051//1180 1027//1111 1026//1122
f 1029//1185 1049//1186 1050//1187
f 1049//1186 1028//1117 1048//1188
f 1029//1185 1028//1117 1049//1186
f 1028//1117 3350//1121 1048//1188
f 3350//1121 1028//1117 965//1116
f 1086//1189 1047//1119 1046//1190
f 1047//1119 1034//1191 1046//1190
f 3353//1120 1030//1086 1034//1191
f 1030//1086 3353//1120 1031//1095
f 1030//1086 1032//1087 1033//1098
f 1034//1191 1030//1086 1033//1098
f 1044//1192 1034//1191 1033//1098
f 1034//1191 1047//1119 3353//1120
f 3351//1097 1044//1192 1033//1098
f 1040//1093 1090//1193 1089//1194
f 1035//1096 1089//1194 1044//1192
f 1035//1096 1040//1093 1089//1194
f 1040//1093 1035//1096 1038//1089
f 1038//1089 1035//1096 1036//1085
f 1037//1088 1038//1089 1036//1085
f 946//1090 1040//1093 1038//1089
f 1093//1092 1298//1195 1039//1069
f 1040//1093 1042//1196 1090//1193
f 1041//1197 1332//1198 1042//1196
f 1041//1197 1300//1199 1332//1198
f 1092//1200 1300//1199 1041//1197
f 1044//1192 1043//1201 1034//1191
f 1044//1192 1045//1202 1043//1201
f 1091//1203 1089//1194 1090//1193
f 1044//1192 1089//1194 1045//1202
f 1043//1201 1087//1204 1046//1190
f 1045//1202 1089//1194 1087//1204
f 1089//1194 1334//1205 1087//1204
f 1046//1190 1087//1204 1086//1189
f 1043//1201 1046//1190 1034//1191
f 1086//1189 1048//1188 3350//1121
f 1080//1206 1048//1188 1085//1207
f 1080//1206 3348//1208 1081//1209
f 1080//1206 1081//1209 1048//1188
f 1081//1209 1049//1186 1048//1188
f 1049//1186 1081//1209 1050//1187
f 1081//1209 1079//1210 1050//1187
f 1052//1181 1050//1187 1079//1210
f 1050//1187 1052//1181 1051//1180
f 1079//1210 1053//1184 1052//1181
f 1079//1210 1360//1211 1053//1184
f 1360//1211 1359//1212 1053//1184
f 1054//1178 1023//1179 1022//1183
f 1076//1213 1022//1183 1055//1182
f 1022//1183 1075//1214 1061//1215
f 1054//1178 1022//1183 1061//1215
f 1053//1184 1078//1216 1055//1182
f 1022//1183 1076//1213 1075//1214
f 1054//1178 1061//1215 1056//1217
f 1056//1217 1057//1177 1019//1218
f 1056//1217 1058//1219 1057//1177
f 1057//1177 1058//1219 1059//1220
f 1060//1221 1056//1217 1061//1215
f 1060//1221 1058//1219 1056//1217
f 1058//1219 3349//1222 1059//1220
f 1059//1220 1074//1223 1065//1224
f 1059//1220 1064//1225 1074//1223
f 3349//1222 1064//1225 1059//1220
f 3349//1222 1060//1221 1063//1226
f 1062//1227 1070//1228 1063//1226
f 1063//1226 1060//1221 1062//1227
f 1062//1227 1060//1221 1069//1229
f 1061//1215 1075//1214 1069//1229
f 1060//1221 1061//1215 1069//1229
f 1073//1230 1072//1231 1062//1227
f 1070//1228 1062//1227 1072//1231
f 1063//1226 1070//1228 1064//1225
f 1067//1232 1064//1225 1070//1228
f 1377//1233 1460//1234 1066//1235
f 1066//1235 1067//1232 1377//1233
f 1073//1230 1069//1229 1077//1236
f 1073//1230 1062//1227 1069//1229
f 1070//1228 1072//1231 1071//1237
f 1072//1231 1068//1238 1071//1237
f 1068//1238 1072//1231 1374//1239
f 1073//1230 1373//1240 1072//1231
f 1374//1239 1072//1231 1373//1240
f 1068//1238 1374//1239 1375//1241
f 1068//1238 1376//1242 1071//1237
f 1066//1235 1460//1234 1065//1224
f 1067//1232 1066//1235 1074//1223
f 1066//1235 1065//1224 1074//1223
f 1067//1232 1070//1228 1071//1237
f 1071//1237 1376//1242 1067//1232
f 1075//1214 1077//1236 1069//1229
f 1076//1213 1077//1236 1075//1214
f 1078//1216 1076//1213 1055//1182
f 1078//1216 1361//1243 1372//1244
f 1373//1240 1077//1236 1078//1216
f 1077//1236 1076//1213 1078//1216
f 1073//1230 1077//1236 1373//1240
f 1078//1216 1372//1244 1373//1240
f 1361//1243 1053//1184 1359//1212
f 1053//1184 1361//1243 1078//1216
f 1358//1245 1360//1211 1079//1210
f 1081//1209 1358//1245 1079//1210
f 1082//1246 1357//1247 1081//1209
f 1082//1246 1083//1248 3324//1249
f 1083//1248 1335//1250 3324//1249
f 1084//1251 1335//1250 1083//1248
f 1335//1250 1084//1251 1364//1252
f 1084//1251 3348//1208 1088//1253
f 1080//1206 1085//1207 3348//1208
f 1085//1207 1048//1188 1086//1189
f 1087//1204 1088//1253 1086//1189
f 1088//1253 1085//1207 1086//1189
f 1334//1205 1088//1253 1087//1204
f 1334//1205 1355//1254 1088//1253
f 1088//1253 3348//1208 1085//1207
f 1336//1255 1089//1194 1738//1256
f 1091//1203 1738//1256 1089//1194
f 1091//1203 1090//1193 1042//1196
f 1091//1203 1042//1196 1333//1257
f 1092//1200 3325//1258 1300//1199
f 1041//1197 1042//1196 1092//1200
f 1092//1200 1042//1196 1298//1195
f 1042//1196 1039//1069 1298//1195
f 1093//1092 3327//1259 1298//1195
f 1094//1066 1096//1057 3347//1260
f 3347//1260 1095//1261 1094//1066
f 3347//1260 1170//1262 1095//1261
f 1094//1066 1095//1261 3327//1259
f 1298//1195 3325//1258 1092//1200
f 1095//1261 1296//1263 1295//1264
f 1103//1065 3346//1265 1100//1061
f 1100//1061 3346//1265 1098//1064
f 3346//1265 1101//1266 1098//1064
f 1101//1266 1097//1070 1098//1064
f 1169//1267 1170//1262 3347//1260
f 1095//1261 1170//1262 1296//1263
f 3346//1265 1103//1065 1106//1268
f 1104//1269 1103//1065 1102//1059
f 1123//1053 1124//1054 912//941
f 1124//1054 1104//1269 1102//1059
f 1104//1269 1107//1270 1103//1065
f 1107//1270 1106//1268 1103//1065
f 1105//1271 1106//1268 1107//1270
f 1104//1269 1108//1272 1107//1270
f 1173//1273 1105//1271 1107//1270
f 1105//1271 3343//1274 1106//1268
f 1106//1268 3343//1274 3346//1265
f 1101//1266 3346//1265 1172//1275
f 1172//1275 1290//1276 1101//1266
f 3343//1274 1172//1275 3346//1265
f 3343//1274 1176//1277 1172//1275
f 1173//1273 1168//1278 3343//1274
f 1173//1273 3343//1274 1105//1271
f 1167//1279 1173//1273 1107//1270
f 1109//1280 1123//1053 1110//1052
f 1122//1281 1109//1280 1110//1052
f 1126//1282 1110//1052 1111//1051
f 1114//1048 1117//1283 909//945
f 1114//1048 1112//1050 907//960
f 1114//1048 909//945 1113//926
f 1117//1283 1114//1048 1120//1284
f 1115//1047 1120//1284 1114//1048
f 1115//1047 1137//1285 1120//1284
f 1115//1047 1138//1286 1137//1285
f 1116//1046 1138//1286 1115//1047
f 902//1038 1127//1040 1116//1046
f 1127//1040 1139//1287 1116//1046
f 1117//1283 1136//1288 1119//1289
f 1120//1284 1136//1288 1117//1283
f 1117//1283 1119//1289 909//945
f 909//945 1119//1289 1118//944
f 1118//944 1126//1282 1111//1051
f 1119//1289 1126//1282 1118//944
f 1110//1052 1126//1282 1121//1290
f 1121//1290 1122//1281 1110//1052
f 1119//1289 1136//1288 1126//1282
f 1121//1290 1161//1291 1122//1281
f 1122//1281 1156//1292 1109//1280
f 1156//1292 1125//1293 1109//1280
f 1125//1293 1123//1053 1109//1280
f 1123//1053 1125//1293 1124//1054
f 1124//1054 1125//1293 1158//1294
f 1161//1291 1156//1292 1122//1281
f 1120//1284 1143//1295 1136//1288
f 1137//1285 1143//1295 1120//1284
f 1128//1045 1127//1040 901//1039
f 1128//1045 1139//1287 1127//1040
f 1144//1296 1131//1297 1128//1045
f 1128//1045 900//1042 1130//1298
f 3345//1044 1130//1298 899//1043
f 1129//1299 1146//1300 1130//1298
f 3344//1032 889//1029 1202//1031
f 1130//1298 3345//1044 1129//1299
f 1132//1301 1146//1300 1129//1299
f 1144//1296 1128//1045 1130//1298
f 1139//1287 1131//1297 1140//1302
f 1140//1302 1148//1303 1151//1304
f 1140//1302 1144//1296 1148//1303
f 1140//1302 1131//1297 1144//1296
f 1144//1296 1130//1298 1146//1300
f 1133//1305 1134//1306 1147//1307
f 1133//1305 1147//1307 1132//1301
f 1205//1308 1134//1306 1133//1305
f 1178//1309 1260//1310 1164//1311
f 1162//1312 1178//1309 1164//1311
f 1136//1288 1149//1313 1161//1291
f 1143//1295 1149//1313 1136//1288
f 1141//1314 1142//1315 1138//1286
f 1137//1285 1138//1286 1142//1315
f 1137//1285 1142//1315 1143//1295
f 1143//1295 1142//1315 1149//1313
f 1138//1286 1139//1287 1141//1314
f 1131//1297 1139//1287 1128//1045
f 1141//1314 1139//1287 1140//1302
f 1149//1313 1150//1316 1161//1291
f 1151//1304 1149//1313 1142//1315
f 1144//1296 1145//1317 1148//1303
f 1145//1317 1144//1296 1146//1300
f 1154//1318 1146//1300 1132//1301
f 1154//1318 1132//1301 1147//1307
f 1134//1306 1154//1318 1147//1307
f 1148//1303 1152//1319 1151//1304
f 1153//1320 1148//1303 1154//1318
f 1145//1317 1146//1300 1154//1318
f 1154//1318 1148//1303 1145//1317
f 1149//1313 1151//1304 1152//1319
f 1149//1313 1152//1319 1150//1316
f 1161//1291 1150//1316 1135//1321
f 1150//1316 1152//1319 1135//1321
f 1153//1320 1152//1319 1148//1303
f 1155//1322 1152//1319 1153//1320
f 1155//1322 1153//1320 1154//1318
f 1162//1312 1152//1319 1155//1322
f 1155//1322 1178//1309 1162//1312
f 1155//1322 1154//1318 1178//1309
f 1154//1318 1134//1306 1178//1309
f 1142//1315 1141//1314 1151//1304
f 1151//1304 1141//1314 1140//1302
f 1156//1292 1157//1323 1125//1293
f 1125//1293 1159//1324 1158//1294
f 1157//1323 1159//1324 1125//1293
f 1158//1294 1108//1272 1124//1054
f 1161//1291 1157//1323 1156//1292
f 1161//1291 1160//1325 1157//1323
f 1157//1323 1160//1325 1159//1324
f 1159//1324 1165//1326 1158//1294
f 1108//1272 1158//1294 1166//1327
f 1166//1327 1158//1294 1165//1326
f 1159//1324 1164//1311 1165//1326
f 1159//1324 1160//1325 1164//1311
f 1165//1326 1164//1311 1163//1328
f 1135//1321 1162//1312 1164//1311
f 1161//1291 1135//1321 1160//1325
f 1164//1311 1160//1325 1135//1321
f 1165//1326 1163//1328 1288//1329
f 1165//1326 1175//1330 1166//1327
f 1165//1326 1288//1329 1175//1330
f 1166//1327 1175//1330 1167//1279
f 1168//1278 1174//1331 1176//1277
f 1176//1277 1290//1276 1172//1275
f 1101//1266 1290//1276 1169//1267
f 1169//1267 1171//1332 1170//1262
f 1171//1332 1296//1263 1170//1262
f 1171//1332 1311//1333 1293//1334
f 1291//1335 1311//1333 1171//1332
f 1290//1276 1171//1332 1169//1267
f 1291//1335 1171//1332 1290//1276
f 1177//1336 1290//1276 1176//1277
f 1173//1273 1174//1331 1168//1278
f 1167//1279 1174//1331 1173//1273
f 1174//1331 1167//1279 1175//1330
f 1174//1331 1175//1330 1176//1277
f 1175//1330 1289//1337 1176//1277
f 1176//1277 1289//1337 1316//1338
f 1176//1277 1316//1338 1177//1336
f 1261//1339 1288//1329 1163//1328
f 1163//1328 1164//1311 1260//1310
f 1318//1340 1260//1310 3332//1341
f 1134//1306 3333//1342 3332//1341
f 1204//1343 1205//1308 1133//1305
f 1133//1305 1202//1031 1203//1344
f 1179//1345 1202//1031 1180//1030
f 1181//1346 1182//1022 1189//1347
f 1189//1347 1182//1022 1183//1021
f 1186//1027 1187//1348 1183//1021
f 1188//1349 1183//1021 1187//1348
f 1186//1027 1184//1024 1185//1026
f 1192//1350 1190//1351 1185//1026
f 1190//1351 1187//1348 1186//1027
f 1186//1027 1185//1026 1190//1351
f 1193//704 1192//1350 1185//1026
f 1191//1352 1188//1349 1187//1348
f 1189//1347 1183//1021 1188//1349
f 1189//1347 1201//1353 1181//1346
f 1201//1353 1179//1345 1180//1030
f 1188//1349 1198//1354 1189//1347
f 1198//1354 1188//1349 1208//1355
f 1197//1356 1208//1355 1188//1349
f 1191//1352 1197//1356 1188//1349
f 1210//1357 1197//1356 1191//1352
f 1191//1352 1187//1348 1195//1358
f 1187//1348 1190//1351 1195//1358
f 1196//1359 1191//1352 1195//1358
f 1191//1352 1196//1359 1210//1357
f 1193//704 1212//1360 1192//1350
f 887//706 664//703 1193//704
f 1194//701 1212//1360 1193//704
f 1194//701 1213//700 1212//1360
f 1214//1361 3341//1362 1212//1360
f 3341//1362 1211//1363 1212//1360
f 1211//1363 1192//1350 1212//1360
f 1211//1363 1196//1359 1192//1350
f 1192//1350 1196//1359 1195//1358
f 1220//1364 1209//1365 1210//1357
f 1208//1355 1197//1356 1209//1365
f 1200//1366 1198//1354 1208//1355
f 1203//1344 1198//1354 1200//1366
f 1179//1345 1198//1354 1203//1344
f 1201//1353 1189//1347 1198//1354
f 1198//1354 1179//1345 1201//1353
f 1200//1366 1204//1343 1203//1344
f 1204//1343 1133//1305 1203//1344
f 1206//1367 1207//1368 1259//1369
f 1207//1368 1206//1367 1204//1343
f 3333//1342 1204//1343 1206//1367
f 1205//1308 1204//1343 3333//1342
f 1205//1308 3333//1342 1134//1306
f 1259//1369 1199//1370 1263//1371
f 1259//1369 1207//1368 1199//1370
f 1204//1343 1199//1370 1207//1368
f 1199//1370 1200//1366 3342//1372
f 1208//1355 3342//1372 1200//1366
f 3342//1372 1208//1355 1209//1365
f 1220//1364 3342//1372 1209//1365
f 3342//1372 1220//1364 3334//1373
f 1221//1374 3342//1372 3334//1373
f 1220//1364 1210//1357 1222//1375
f 1222//1375 1210//1357 1219//1376
f 1219//1376 1210//1357 1196//1359
f 1218//1377 1219//1376 1211//1363
f 1219//1376 1196//1359 1211//1363
f 3341//1362 1214//1361 1225//1378
f 1212//1360 1213//700 1214//1361
f 1215//1379 1214//1361 1213//700
f 1231//1380 1215//1379 1213//700
f 1225//1378 1214//1361 1215//1379
f 1225//1378 1215//1379 1227//1381
f 1227//1381 1215//1379 1226//1382
f 1226//1382 1215//1379 1232//1383
f 1218//1377 1211//1363 1225//1378
f 1217//1384 1218//1377 1236//1385
f 1217//1384 1272//1386 1270//1387
f 1216//1388 1256//1389 3336//1390
f 1270//1387 1256//1389 1216//1388
f 1216//1388 1217//1384 1270//1387
f 1217//1384 1216//1388 1218//1377
f 1216//1388 1224//1391 1218//1377
f 1219//1376 1218//1377 1224//1391
f 3334//1373 1220//1364 1222//1375
f 3335//1392 1223//1393 1257//1394
f 1257//1394 1223//1393 3336//1390
f 1222//1375 1224//1391 1216//1388
f 1222//1375 1216//1388 1223//1393
f 3336//1390 1223//1393 1216//1388
f 1236//1385 1272//1386 1217//1384
f 1272//1386 1236//1385 3337//1395
f 1225//1378 1236//1385 1218//1377
f 1211//1363 3341//1362 1225//1378
f 1237//1396 1225//1378 1227//1381
f 1236//1385 1225//1378 1237//1396
f 1237//1396 1227//1381 1235//690
f 1228//1397 1585//691 1235//690
f 1228//1397 1227//1381 1226//1382
f 1229//697 1226//1382 1232//1383
f 1234//696 1230//1398 1233//698
f 1234//696 1231//1380 1230//1398
f 1229//697 1231//1380 1234//696
f 1215//1379 1231//1380 1229//697
f 1232//1383 1215//1379 1229//697
f 1231//1380 1213//700 1230//1398
f 661//693 1226//1382 1229//697
f 1585//691 1226//1382 661//693
f 1226//1382 1585//691 1228//1397
f 1235//690 1227//1381 1228//1397
f 1237//1396 1235//690 1239//688
f 3337//1395 1237//1396 1240//1399
f 1237//1396 1239//688 1240//1399
f 3337//1395 1240//1399 3340//1400
f 1254//1401 3337//1395 3340//1400
f 1238//1402 3340//1400 1241//1403
f 1240//1399 1239//688 3339//1404
f 3339//1404 1239//688 1242//687
f 3339//1404 3340//1400 1240//1399
f 3340//1400 3339//1404 1241//1403
f 1244//1405 1243//1406 1242//687
f 1238//1402 1241//1403 1244//1405
f 1238//1402 1244//1405 1246//1407
f 1241//1403 1243//1406 1244//1405
f 1248//1408 1252//1409 1244//1405
f 1245//683 1244//1405 660//1410
f 1248//1408 1244//1405 1245//683
f 1246//1407 1244//1405 1252//1409
f 1253//1411 1246//1407 1247//1412
f 1246//1407 1252//1409 1247//1412
f 1252//1409 1248//1408 2078//1413
f 1248//1408 1245//683 1249//685
f 1249//685 1251//1414 1248//1408
f 1251//1414 2078//1413 1248//1408
f 1249//685 1250//681 1251//1414
f 2223//682 1251//1414 1250//681
f 2223//682 2079//1415 1251//1414
f 2224//1416 2079//1415 2223//682
f 2078//1413 1251//1414 2079//1415
f 1252//1409 2078//1413 3232//1417
f 3232//1417 2076//1418 2077//1419
f 2076//1418 2075//1420 2077//1419
f 1253//1411 2075//1420 3233//1421
f 3233//1421 1276//1422 1253//1411
f 1253//1411 1276//1422 3338//1423
f 1276//1422 2074//1424 3338//1423
f 1254//1401 3338//1423 2074//1424
f 1254//1401 1274//1425 1255//1426
f 1272//1386 1255//1426 1274//1425
f 1278//1427 1256//1389 1270//1387
f 1256//1389 1278//1427 1269//1428
f 1278//1427 1280//1429 1269//1428
f 1282//1430 1256//1389 1269//1428
f 1282//1430 1267//1431 1256//1389
f 1266//1432 1267//1431 1268//1433
f 3335//1392 1257//1394 3334//1373
f 1221//1374 3334//1373 1257//1394
f 1285//1434 1258//1435 1221//1374
f 3328//1436 3333//1342 1206//1367
f 1318//1340 1261//1339 1260//1310
f 1320//1437 1261//1339 1318//1340
f 1320//1437 1317//1438 1261//1339
f 3328//1436 1206//1367 1262//1439
f 1262//1439 1206//1367 1259//1369
f 1285//1434 1263//1371 1258//1435
f 1264//1440 1262//1439 1263//1371
f 1319//1441 3328//1436 1262//1439
f 1287//1442 3329//1443 3330//1444
f 1262//1439 1264//1440 3329//1443
f 3329//1443 1264//1440 3330//1444
f 1285//1434 1264//1440 1263//1371
f 1285//1434 1257//1394 1265//1445
f 3331//1446 1265//1445 1268//1433
f 1265//1445 1266//1432 1268//1433
f 1267//1431 1282//1430 1268//1433
f 2068//1447 3331//1446 1268//1433
f 1268//1433 1283//1448 2068//1447
f 1281//1449 1282//1430 1269//1428
f 1269//1428 1280//1429 1281//1449
f 1279//1450 1278//1427 1270//1387
f 1272//1386 1271//1451 1270//1387
f 1271//1451 1279//1450 1270//1387
f 1272//1386 1274//1425 1271//1451
f 1273//1452 1279//1450 1274//1425
f 2074//1424 2070//1453 1275//1454
f 2074//1424 1275//1454 1273//1452
f 1279//1450 1273//1452 1275//1454
f 2074//1424 1273//1452 1274//1425
f 2074//1424 1274//1425 1254//1401
f 2074//1424 1276//1422 2073//1455
f 2073//1455 2070//1453 2074//1424
f 1277//1456 2070//1453 2071//1457
f 1279//1450 1277//1456 1278//1427
f 1275//1454 1277//1456 1279//1450
f 2070//1453 1277//1456 1275//1454
f 1277//1456 1280//1429 1278//1427
f 1280//1429 1277//1456 2087//1458
f 1283//1448 1282//1430 1281//1449
f 1283//1448 1268//1433 1282//1430
f 1283//1448 1281//1449 1284//1459
f 2068//1447 1284//1459 2115//1460
f 1286//1461 1264//1440 1265//1445
f 1264//1440 1285//1434 1265//1445
f 1286//1461 1265//1445 3331//1446
f 1286//1461 2096//1462 2067//1463
f 1287//1442 1262//1439 3329//1443
f 1319//1441 1262//1439 1287//1442
f 1288//1329 1261//1339 1317//1438
f 1288//1329 1317//1438 1289//1337
f 1289//1337 1323//1464 1316//1338
f 1289//1337 1317//1438 1323//1464
f 1177//1336 1316//1338 1292//1465
f 1290//1276 1292//1465 1291//1335
f 1310//1466 1291//1335 1292//1465
f 1310//1466 1311//1333 1291//1335
f 1177//1336 1292//1465 1290//1276
f 1292//1465 1325//1467 1310//1466
f 1311//1333 1313//1468 1312//1469
f 1311//1333 1312//1469 1293//1334
f 1293//1334 1312//1469 1303//1470
f 1293//1334 1303//1470 1171//1332
f 1294//1471 1297//1472 3327//1259
f 1295//1264 1297//1472 1294//1471
f 3326//1473 1297//1472 1295//1264
f 1296//1263 1303//1470 1295//1264
f 1297//1472 3326//1473 1305//1474
f 1305//1474 1302//1475 1297//1472
f 1297//1472 1302//1475 1299//1476
f 3327//1259 1299//1476 1298//1195
f 1299//1476 3325//1258 1298//1195
f 1302//1475 3325//1258 1299//1476
f 1338//1477 1300//1199 3325//1258
f 1339//1478 3325//1258 1301//1479
f 1339//1478 1301//1479 1302//1475
f 1302//1475 1331//1480 1339//1478
f 3326//1473 1307//1481 1305//1474
f 1305//1474 1307//1481 1306//1482
f 1304//1483 3326//1473 1295//1264
f 1303//1470 1304//1483 1295//1264
f 1171//1332 1303//1470 1296//1263
f 1312//1469 1309//1484 1303//1470
f 1304//1483 1303//1470 1309//1484
f 1304//1483 1307//1481 3326//1473
f 1308//1485 1307//1481 1304//1483
f 1306//1482 1329//1486 1305//1474
f 1305//1474 1329//1486 1330//1487
f 1308//1485 1328//1488 1307//1481
f 1309//1484 1308//1485 1304//1483
f 1309//1484 1312//1469 1313//1468
f 1313//1468 1308//1485 1309//1484
f 1327//1489 1349//1490 1306//1482
f 1306//1482 1349//1490 1329//1486
f 1314//1491 1313//1468 1315//1492
f 1311//1333 1310//1466 1313//1468
f 1316//1338 1325//1467 1292//1465
f 1313//1468 1314//1491 1308//1485
f 1314//1491 1328//1488 1308//1485
f 1314//1491 2054//1493 1328//1488
f 1314//1491 1326//1494 2054//1493
f 1315//1492 1326//1494 1314//1491
f 1316//1338 1323//1464 2055//1495
f 1316//1338 2055//1495 1325//1467
f 1325//1467 1326//1494 1315//1492
f 1317//1438 1321//1496 1323//1464
f 1320//1437 1318//1340 3328//1436
f 1317//1438 1320//1437 1321//1496
f 3328//1436 1319//1441 1320//1437
f 1319//1441 1287//1442 1322//1497
f 2056//1498 1319//1441 1322//1497
f 1319//1441 2056//1498 1320//1437
f 1320//1437 2056//1498 1321//1496
f 1321//1496 2056//1498 1324//1499
f 1322//1497 1287//1442 2067//1463
f 1321//1496 1324//1499 1323//1464
f 1323//1464 1324//1499 2055//1495
f 1324//1499 2066//1500 2055//1495
f 2055//1495 2057//1501 1326//1494
f 1326//1494 2057//1501 2065//1502
f 2065//1502 2058//1503 2054//1493
f 1327//1489 2058//1503 2060//1504
f 2054//1493 2058//1503 1327//1489
f 2054//1493 1327//1489 1328//1488
f 1329//1486 1348//1505 1347//1506
f 1305//1474 1331//1480 1302//1475
f 1305//1474 1330//1487 1331//1480
f 1340//1507 1331//1480 1330//1487
f 1330//1487 1347//1506 1340//1507
f 1339//1478 1331//1480 1340//1507
f 1300//1199 1343//1508 1332//1198
f 1332//1198 1343//1508 1333//1257
f 1091//1203 1333//1257 1337//1509
f 1738//1256 1091//1203 1337//1509
f 1089//1194 1336//1255 1334//1205
f 1334//1205 1336//1255 1355//1254
f 1355//1254 1084//1251 1088//1253
f 1737//1510 1355//1254 1336//1255
f 1738//1256 1737//1510 1336//1255
f 1337//1509 1739//1511 1738//1256
f 1740//1512 1739//1511 1337//1509
f 1354//1513 1740//1512 1337//1509
f 1333//1257 1354//1513 1337//1509
f 1338//1477 1343//1508 1300//1199
f 1338//1477 1345//1514 1344//1515
f 1339//1478 1345//1514 1338//1477
f 1342//1516 1345//1514 1339//1478
f 1340//1507 1353//1517 1342//1516
f 1342//1516 1339//1478 1340//1507
f 1352//1518 1340//1507 1341//1519
f 1353//1517 1340//1507 1352//1518
f 1347//1506 1341//1519 1340//1507
f 1750//1520 1352//1518 1341//1519
f 1353//1517 1748//1521 1342//1516
f 1343//1508 1338//1477 1344//1515
f 1354//1513 1344//1515 1746//1522
f 1344//1515 1747//1523 1746//1522
f 1354//1513 1343//1508 1344//1515
f 1345//1514 1747//1523 1344//1515
f 1747//1523 1342//1516 1346//1524
f 1342//1516 1747//1523 1345//1514
f 1342//1516 1748//1521 1346//1524
f 1352//1518 1751//1525 1353//1517
f 1750//1520 1752//1526 1352//1518
f 1351//1527 1750//1520 1341//1519
f 1329//1486 1350//1528 1348//1505
f 1349//1490 1350//1528 1329//1486
f 1348//1505 1351//1527 1347//1506
f 1347//1506 1351//1527 1341//1519
f 1350//1528 1351//1527 1348//1505
f 2060//1504 2061//1529 1349//1490
f 1349//1490 2061//1529 1350//1528
f 1350//1528 2053//1530 1351//1527
f 2061//1529 2053//1530 1350//1528
f 2053//1530 2062//1531 1351//1527
f 1351//1527 2062//1531 1750//1520
f 1750//1520 2052//1532 1752//1526
f 1352//1518 1752//1526 1751//1525
f 1353//1517 1751//1525 1748//1521
f 1346//1524 1748//1521 1756//1533
f 1742//1534 1736//1535 1738//1256
f 1738//1256 1736//1535 1737//1510
f 1737//1510 1736//1535 1364//1252
f 1335//1250 1364//1252 3324//1249
f 1363//1536 1082//1246 3324//1249
f 1363//1536 1357//1247 1082//1246
f 1358//1245 1081//1209 1357//1247
f 1357//1247 1363//1536 1358//1245
f 1372//1244 1361//1243 1371//1537
f 1693//1538 1372//1244 1371//1537
f 1362//1539 1358//1245 1363//1536
f 1362//1539 1360//1211 1358//1245
f 1359//1212 1360//1211 1362//1539
f 1362//1539 1361//1243 1359//1212
f 1362//1539 1371//1537 1361//1243
f 1362//1539 3320//1540 1371//1537
f 1370//1541 3320//1540 1362//1539
f 1363//1536 1369//1542 1362//1539
f 1369//1542 1370//1541 1362//1539
f 1369//1542 1356//1543 1368//1544
f 3323//1545 3324//1249 1364//1252
f 3323//1545 1356//1543 3324//1249
f 3323//1545 1368//1544 1356//1543
f 1364//1252 1365//1546 3323//1545
f 1744//1547 1366//1548 1364//1252
f 1366//1548 1365//1546 1364//1252
f 1367//1549 1366//1548 3269//1550
f 1368//1544 3322//1551 1701//1552
f 1368//1544 1701//1552 1369//1542
f 1701//1552 1699//1553 1369//1542
f 1368//1544 1735//1554 3322//1551
f 1699//1553 1698//1555 1370//1541
f 1370//1541 1698//1555 3321//1556
f 3321//1556 3320//1540 1370//1541
f 1694//1557 1692//1558 3320//1540
f 3320//1540 1693//1538 1371//1537
f 1693//1538 1374//1239 1372//1244
f 1373//1240 1372//1244 1374//1239
f 1683//1559 1375//1241 1374//1239
f 1716//1560 1683//1559 1374//1239
f 1375//1241 1468//1561 1376//1242
f 1068//1238 1375//1241 1376//1242
f 1376//1242 1468//1561 1067//1232
f 1468//1561 1377//1233 1067//1232
f 1378//1562 1377//1233 1466//1563
f 1383//1564 3305//1565 3307//1566
f 3307//1566 3305//1565 3306//1567
f 1382//1568 3305//1565 1383//1564
f 1394//1569 1393//1570 3305//1565
f 3319//1571 1383//1564 1384//1572
f 3305//1565 1393//1570 3304//1573
f 3317//1574 3318//1575 1385//1576
f 1381//1577 1384//1572 1383//1564
f 3307//1566 1381//1577 1383//1564
f 1384//1572 1381//1577 1441//1578
f 1384//1572 1441//1578 1440//1579
f 3317//1574 1385//1576 1386//1580
f 1387//1581 3317//1574 1386//1580
f 3316//1582 1387//1581 1500//1583
f 1387//1581 1386//1580 1436//1584
f 1436//1584 1386//1580 1437//1585
f 3296//1586 1387//1581 1436//1584
f 1500//1583 1387//1581 1435//1587
f 1433//1588 3316//1582 1500//1583
f 1433//1588 1432//1589 3316//1582
f 1389//1590 1429//1591 1390//1592
f 1389//1590 1388//1593 1429//1591
f 1427//1594 1388//1593 1389//1590
f 1392//1595 1390//1592 1429//1591
f 1391//1596 1390//1592 1392//1595
f 1432//1589 1390//1592 1391//1596
f 1432//1589 1389//1590 1390//1592
f 1432//1589 1391//1596 3316//1582
f 1383//1564 1391//1596 1392//1595
f 1383//1564 1392//1595 1430//1597
f 1430//1597 3305//1565 1382//1568
f 1430//1597 1382//1568 1383//1564
f 1430//1597 1394//1569 3305//1565
f 1428//1598 1016//1165 1395//1599
f 994//1148 3354//1125 1396//1600
f 1006//1149 1396//1600 1397//1601
f 1398//1150 1006//1149 1397//1601
f 1399//1164 1401//1602 1005//1161
f 1401//1602 1412//1163 1005//1161
f 1400//1603 1425//1604 1415//1605
f 1402//1157 1412//1163 1410//1606
f 1402//1157 1001//1158 1412//1163
f 1403//707 1405//709 1407//1607
f 886//1017 1403//707 1404//1025
f 1404//1025 1403//707 1407//1607
f 665//705 1404//1025 664//703
f 1407//1607 1408//1608 664//703
f 1407//1607 1405//709 1406//1154
f 1407//1607 1406//1154 3301//1155
f 3301//1155 1408//1608 1407//1607
f 1409//1609 3301//1155 1411//1156
f 1408//1608 3301//1155 1409//1609
f 1408//1608 1418//1610 663//702
f 1194//701 664//703 663//702
f 1408//1608 1409//1609 1418//1610
f 1418//1610 1409//1609 1419//1611
f 1410//1606 1409//1609 1402//1157
f 1409//1609 1411//1156 1402//1157
f 1410//1606 1412//1163 1400//1603
f 1400//1603 1412//1163 1401//1602
f 1400//1603 1415//1605 1410//1606
f 1416//1612 1415//1605 1425//1604
f 1425//1604 1422//1613 1413//1614
f 1416//1612 1425//1604 1413//1614
f 1417//1615 1413//1614 1508//1616
f 1417//1615 1508//1616 1511//1617
f 662//699 1420//1618 1421//1619
f 1416//1612 1419//1611 1415//1605
f 1410//1606 1415//1605 1419//1611
f 1414//1620 1419//1611 1416//1612
f 1413//1614 1417//1615 1420//1618
f 1420//1618 1417//1615 1421//1619
f 1420//1618 1414//1620 1413//1614
f 1414//1620 1416//1612 1413//1614
f 663//702 1418//1610 1213//700
f 1230//1398 1213//700 1418//1610
f 1230//1398 1418//1610 1419//1611
f 1420//1618 1230//1398 1419//1611
f 1419//1611 1414//1620 1420//1618
f 1420//1618 1233//698 1230//1398
f 1513//1621 662//699 1421//1619
f 1417//1615 1511//1617 1515//1622
f 1508//1616 1509//1623 1511//1617
f 1401//1602 1423//1624 1425//1604
f 1423//1624 1426//1162 1497//1625
f 1399//1164 1426//1162 1423//1624
f 1424//1626 1004//1160 1398//1150
f 1398//1150 1397//1601 1424//1626
f 1426//1162 1004//1160 1424//1626
f 1423//1624 1497//1625 1422//1613
f 1425//1604 1423//1624 1422//1613
f 1388//1593 1427//1594 1396//1600
f 1396//1600 3354//1125 1388//1593
f 1388//1593 3354//1125 1429//1591
f 3354//1125 1428//1598 1429//1591
f 3354//1125 1016//1165 1428//1598
f 1428//1598 1395//1599 3303//1627
f 1430//1597 1429//1591 1428//1598
f 1428//1598 1394//1569 1430//1597
f 1394//1569 1428//1598 3303//1627
f 1430//1597 1392//1595 1429//1591
f 1493//1628 1432//1589 1433//1588
f 1431//1629 1427//1594 1432//1589
f 1496//1630 1494//1631 3295//1632
f 1494//1631 1493//1628 3295//1632
f 3295//1632 1493//1628 1433//1588
f 1433//1588 1500//1583 3295//1632
f 1491//1633 1434//1634 1435//1587
f 1386//1580 1385//1576 1437//1585
f 1437//1585 1385//1576 1445//1635
f 1436//1584 1437//1585 3296//1586
f 1385//1576 1439//1636 1445//1635
f 1445//1635 1440//1579 1444//1637
f 1439//1636 1440//1579 1445//1635
f 1385//1576 1438//1638 1439//1636
f 1438//1638 1440//1579 1439//1636
f 1438//1638 1384//1572 1440//1579
f 1441//1578 1450//1639 1442//1640
f 1450//1639 1451//1641 1446//1642
f 1441//1578 1443//1643 1450//1639
f 1442//1640 1450//1639 1446//1642
f 1441//1578 1442//1640 1444//1637
f 1440//1579 1441//1578 1444//1637
f 1437//1585 1445//1635 1448//1644
f 3296//1586 1437//1585 1448//1644
f 1444//1637 1447//1645 1448//1644
f 1442//1640 1446//1642 1481//1646
f 1446//1642 1449//1647 1481//1646
f 1444//1637 3300//1648 1447//1645
f 1444//1637 1442//1640 1477//1649
f 1448//1644 1447//1645 1480//1650
f 1447//1645 3300//1648 1480//1650
f 1480//1650 3300//1648 1490//1651
f 1490//1651 3300//1648 1479//1652
f 1446//1642 1451//1641 1476//1653
f 1451//1641 1450//1639 1453//1654
f 1453//1654 1450//1639 1443//1643
f 1452//1655 1453//1654 3308//1656
f 1452//1655 3308//1656 1380//1657
f 1462//1658 1380//1657 1461//1659
f 1452//1655 1380//1657 1462//1658
f 1456//1660 1453//1654 1452//1655
f 1455//1661 1451//1641 1453//1654
f 1451//1641 1454//1662 1476//1653
f 1454//1662 1483//1663 1476//1653
f 1454//1662 1455//1661 1483//1663
f 1451//1641 1455//1661 1454//1662
f 1456//1660 1455//1661 1453//1654
f 1455//1661 1475//1664 1483//1663
f 1474//1665 1456//1660 1457//1666
f 1456//1660 1474//1665 1455//1661
f 1475//1664 1455//1661 1474//1665
f 1462//1658 1457//1666 1456//1660
f 1462//1658 1463//1667 1457//1666
f 1459//1668 1458//1669 1457//1666
f 1459//1668 1472//1670 1458//1669
f 1472//1670 1459//1668 1691//1671
f 1691//1671 1465//1672 1471//1673
f 1465//1672 1470//1674 1471//1673
f 1462//1658 1461//1659 1464//1675
f 1464//1675 1463//1667 1462//1658
f 1464//1675 1465//1672 1463//1667
f 1461//1659 1378//1562 1464//1675
f 1378//1562 1461//1659 1460//1234
f 1378//1562 1465//1672 1464//1675
f 1459//1668 1457//1666 1463//1667
f 1691//1671 1459//1668 1465//1672
f 1465//1672 1459//1668 1463//1667
f 1470//1674 1465//1672 1378//1562
f 1461//1659 1379//1676 1460//1234
f 1466//1563 1467//1677 1378//1562
f 1467//1677 1470//1674 1378//1562
f 1684//1678 1467//1677 1466//1563
f 1466//1563 1469//1679 1684//1678
f 1469//1679 1468//1561 1683//1559
f 1685//1680 1467//1677 1684//1678
f 1685//1680 1470//1674 1467//1677
f 1685//1680 1686//1681 1470//1674
f 1471//1673 1470//1674 1686//1681
f 1471//1673 1690//1682 1691//1671
f 1472//1670 1691//1671 3298//1683
f 3297//1684 1473//1685 1487//1686
f 1474//1665 3297//1684 1475//1664
f 1474//1665 1473//1685 3297//1684
f 1474//1665 1458//1669 1473//1685
f 1458//1669 1472//1670 1473//1685
f 1457//1666 1458//1669 1474//1665
f 1449//1647 1476//1653 1482//1687
f 1488//1688 1476//1653 1483//1663
f 1525//1689 1476//1653 1488//1688
f 1482//1687 1476//1653 1525//1689
f 1481//1646 1449//1647 1482//1687
f 1477//1649 1481//1646 3299//1690
f 3299//1690 3300//1648 1477//1649
f 1479//1652 3299//1690 1478//1691
f 1490//1651 1479//1652 1478//1691
f 1545//1692 1478//1691 1542//1693
f 3299//1690 1481//1646 1482//1687
f 1483//1663 1527//1694 1488//1688
f 1473//1685 1472//1670 1487//1686
f 1487//1686 1472//1670 3298//1683
f 1486//1695 1484//1696 1670//1697
f 1678//1698 1485//1699 1679//1700
f 1671//1701 1670//1697 1678//1698
f 1670//1697 1671//1701 1486//1695
f 1487//1686 1669//1702 1531//1703
f 1488//1688 1528//1704 1526//1705
f 1525//1689 1488//1688 1526//1705
f 1489//1706 1482//1687 1541//1707
f 1542//1693 1489//1706 1547//1708
f 3296//1586 1448//1644 1480//1650
f 1435//1587 3296//1586 1491//1633
f 1520//1709 1491//1633 1523//1710
f 1520//1709 1434//1634 1491//1633
f 1520//1709 1504//1711 1434//1634
f 1504//1711 1500//1583 1434//1634
f 1504//1711 3295//1632 1500//1583
f 1492//1712 3295//1632 1504//1711
f 1492//1712 1503//1713 1496//1630
f 3295//1632 1492//1712 1496//1630
f 1496//1630 1495//1714 1498//1715
f 1426//1162 1424//1626 1494//1631
f 1493//1628 1424//1626 1397//1601
f 1431//1629 1493//1628 1397//1601
f 1431//1629 1397//1601 1427//1594
f 1494//1631 1424//1626 1493//1628
f 1496//1630 1426//1162 1494//1631
f 1497//1625 1426//1162 1496//1630
f 1497//1625 1496//1630 1498//1715
f 1496//1630 1503//1713 1495//1714
f 1422//1613 1497//1625 1498//1715
f 1507//1716 1498//1715 1501//1717
f 1498//1715 1495//1714 1499//1718
f 1499//1718 1495//1714 1503//1713
f 1502//1719 1501//1717 1499//1718
f 1503//1713 1492//1712 1504//1711
f 1504//1711 1520//1709 1519//1720
f 3294//1721 1520//1709 1523//1710
f 1519//1720 1520//1709 3294//1721
f 1504//1711 1519//1720 1503//1713
f 1502//1719 1503//1713 3294//1721
f 3294//1721 1503//1713 1519//1720
f 1502//1719 3294//1721 1518//1722
f 1506//1723 1502//1719 1518//1722
f 1510//1724 1505//1725 1506//1723
f 1506//1723 1517//1726 1510//1724
f 1511//1617 1509//1623 1510//1724
f 1514//1727 1515//1622 1511//1617
f 1515//1622 1583//1728 1421//1619
f 3284//1729 1586//1730 1513//1621
f 1512//695 662//699 1513//1621
f 1584//694 1512//695 1586//1730
f 1513//1621 1586//1730 1512//695
f 1583//1728 3284//1729 1513//1621
f 1516//1731 1515//1622 1514//1727
f 1516//1731 1583//1728 1515//1622
f 3286//1732 1581//1733 1640//1734
f 1516//1731 3286//1732 1583//1728
f 1511//1617 1510//1724 1514//1727
f 1514//1727 1510//1724 1573//1735
f 1573//1735 1510//1724 1517//1726
f 1506//1723 1518//1722 1572//1736
f 1518//1722 1549//1737 1572//1736
f 1506//1723 1572//1736 1517//1726
f 1572//1736 1549//1737 1571//1738
f 1523//1710 3293//1739 1518//1722
f 3294//1721 1523//1710 1518//1722
f 1523//1710 1491//1633 1521//1740
f 1521//1740 1491//1633 3296//1586
f 1524//1741 1521//1740 1522//1742
f 3296//1586 1480//1650 1490//1651
f 1522//1742 1490//1651 3290//1743
f 1524//1741 1522//1742 3290//1743
f 1523//1710 1524//1741 3293//1739
f 1518//1722 3293//1739 1609//1744
f 1524//1741 3290//1743 3293//1739
f 1547//1708 1489//1706 1546//1745
f 1489//1706 1541//1707 1546//1745
f 1525//1689 1526//1705 1541//1707
f 1541//1707 1526//1705 1530//1746
f 1526//1705 1528//1704 1529//1747
f 1529//1747 1530//1746 1526//1705
f 1528//1704 1531//1703 1538//1748
f 1529//1747 1528//1704 1538//1748
f 1538//1748 1535//1749 1529//1747
f 3291//1750 1529//1747 1535//1749
f 1530//1746 1529//1747 3291//1750
f 3291//1750 1553//1751 1530//1746
f 1531//1703 1532//1752 1534//1753
f 1532//1752 3292//1754 1534//1753
f 1668//1755 1533//1756 1673//1757
f 1533//1756 1668//1755 1539//1758
f 1536//1759 1535//1749 1538//1748
f 1536//1759 1538//1748 1537//1760
f 3291//1750 1535//1749 1554//1761
f 1535//1749 1536//1759 1540//1762
f 1535//1749 1540//1762 1554//1761
f 1540//1762 1536//1759 1537//1760
f 1537//1760 1556//1763 1555//1764
f 1538//1748 1534//1753 1537//1760
f 1534//1753 1556//1763 1537//1760
f 1667//1765 1555//1764 1556//1763
f 1537//1760 1555//1764 3288//1766
f 1553//1751 3291//1750 1554//1761
f 1530//1746 1553//1751 1544//1767
f 1541//1707 1544//1767 1546//1745
f 1530//1746 1544//1767 1541//1707
f 1545//1692 1542//1693 1547//1708
f 3293//1739 1478//1691 1545//1692
f 3293//1739 1545//1692 1548//1768
f 1548//1768 1545//1692 1543//1769
f 1609//1744 3293//1739 1548//1768
f 1543//1769 1545//1692 1550//1770
f 1550//1770 1561//1771 1543//1769
f 1547//1708 1550//1770 1545//1692
f 1547//1708 1546//1745 1551//1772
f 1544//1767 1551//1772 1546//1745
f 1547//1708 1551//1772 1550//1770
f 1562//1773 1550//1770 1551//1772
f 1543//1769 1561//1771 1548//1768
f 1609//1744 1548//1768 1563//1774
f 1518//1722 1568//1775 1570//1776
f 1518//1722 1609//1744 1568//1775
f 1548//1768 1561//1771 1563//1774
f 1561//1771 1550//1770 1562//1773
f 1544//1767 1552//1777 1551//1772
f 1562//1773 1551//1772 1552//1777
f 1552//1777 1564//1778 1565//1779
f 1564//1778 1560//1780 1624//1781
f 1552//1777 1544//1767 1564//1778
f 1544//1767 1553//1751 1558//1782
f 1554//1761 1558//1782 1553//1751
f 1558//1782 1554//1761 1559//1783
f 1554//1761 1540//1762 1557//1784
f 1559//1783 1554//1761 1557//1784
f 1626//1785 1559//1783 1557//1784
f 1668//1755 1667//1765 1556//1763
f 1668//1755 1870//1786 1667//1765
f 1667//1765 1666//1787 1555//1764
f 1555//1764 1666//1787 3289//1788
f 1667//1765 1870//1786 1666//1787
f 1922//1789 1666//1787 1870//1786
f 1627//1790 3289//1788 1665//1791
f 1558//1782 1560//1780 1564//1778
f 1558//1782 1559//1783 1560//1780
f 1560//1780 1559//1783 1626//1785
f 1624//1781 1560//1780 1625//1792
f 1626//1785 1625//1792 1560//1780
f 1552//1777 1565//1779 1562//1773
f 1561//1771 1562//1773 1567//1793
f 1562//1773 1621//1794 1567//1793
f 1565//1779 1621//1794 1562//1773
f 1566//1795 1561//1771 1567//1793
f 1611//1796 1609//1744 1563//1774
f 1561//1771 1566//1795 1563//1774
f 1611//1796 1566//1795 1613//1797
f 1566//1795 1567//1793 1620//1798
f 1564//1778 1622//1799 1663//1800
f 1613//1797 1566//1795 1620//1798
f 1567//1793 1631//1801 1620//1798
f 1608//1802 1610//1803 1618//1804
f 1569//1805 1568//1775 1609//1744
f 1609//1744 1608//1802 1569//1805
f 1597//1806 1570//1776 1568//1775
f 1597//1806 1568//1775 1598//1807
f 1571//1738 1549//1737 1570//1776
f 1571//1738 1570//1776 1578//1808
f 3287//1809 1571//1738 1578//1808
f 1578//1808 1570//1776 1597//1806
f 1579//1810 1577//1811 1578//1808
f 1572//1736 1571//1738 3287//1809
f 1576//1812 1572//1736 3287//1809
f 1517//1726 1572//1736 1573//1735
f 1573//1735 1572//1736 1576//1812
f 1573//1735 1576//1812 1574//1813
f 1575//1814 1574//1813 1576//1812
f 1582//1815 1573//1735 1574//1813
f 1516//1731 1573//1735 1582//1815
f 1581//1733 1574//1813 1575//1814
f 1582//1815 1574//1813 1581//1733
f 1581//1733 1575//1814 1580//1816
f 1580//1816 1575//1814 1577//1811
f 1575//1814 1576//1812 3287//1809
f 3287//1809 1577//1811 1575//1814
f 1577//1811 1579//1810 1594//1817
f 1594//1817 1579//1810 1595//1818
f 1599//1819 1579//1810 1578//1808
f 1579//1810 1599//1819 1596//1820
f 1595//1818 1579//1810 1596//1820
f 1596//1820 1599//1819 3280//1821
f 1594//1817 1639//1822 1577//1811
f 1581//1733 1580//1816 1639//1822
f 1639//1822 1580//1816 1577//1811
f 1581//1733 1639//1822 1640//1734
f 3284//1729 3286//1732 3278//1823
f 3284//1729 1583//1728 3286//1732
f 1584//694 1586//1730 1587//1824
f 1239//688 1235//690 1588//692
f 1587//1824 3285//1825 1584//694
f 1592//1826 1587//1824 1591//1827
f 1593//1828 3285//1825 1592//1826
f 1592//1826 3285//1825 1587//1824
f 1588//692 3285//1825 1593//1828
f 1589//689 1588//692 1593//1828
f 1589//689 1239//688 1588//692
f 1590//1829 1242//687 1589//689
f 1242//687 1590//1829 660//1410
f 1590//1829 1589//689 1593//1828
f 1587//1824 3278//1823 1591//1827
f 1641//1830 3278//1823 1640//1734
f 3277//1831 1641//1830 1640//1734
f 3277//1831 1640//1734 1639//1822
f 3277//1831 1639//1822 1649//1832
f 3279//1833 1594//1817 1595//1818
f 1639//1822 1594//1817 3279//1833
f 3279//1833 1595//1818 1638//1834
f 1596//1820 1638//1834 1595//1818
f 1638//1834 1596//1820 3280//1821
f 3280//1821 1599//1819 1602//1835
f 1599//1819 1578//1808 1597//1806
f 1598//1807 1599//1819 1597//1806
f 1601//1836 1568//1775 1569//1805
f 1569//1805 1608//1802 1601//1836
f 1601//1836 1608//1802 1615//1837
f 1602//1835 1599//1819 1600//1838
f 3283//1839 1602//1835 1600//1838
f 1598//1807 3283//1839 1600//1838
f 3283//1839 1598//1807 1601//1836
f 3282//1840 3283//1839 1606//1841
f 3282//1840 1603//1842 3283//1839
f 1603//1842 1605//1843 3283//1839
f 3280//1821 1602//1835 1604//1844
f 1605//1843 1603//1842 1636//1845
f 1940//1846 1605//1843 1636//1845
f 1636//1845 1603//1842 1658//1847
f 1606//1841 1617//1848 1635//1849
f 1606//1841 1607//1850 1616//1851
f 1606//1841 1616//1851 1617//1848
f 1606//1841 1601//1836 1607//1850
f 1601//1836 1615//1837 1607//1850
f 1615//1837 1608//1802 1618//1804
f 1611//1796 1610//1803 1609//1744
f 1632//1852 1610//1803 1614//1853
f 1610//1803 1611//1796 1614//1853
f 1614//1853 1611//1796 1612//1854
f 1619//1855 1614//1853 1612//1854
f 1611//1796 1613//1797 1612//1854
f 1612//1854 1613//1797 1619//1855
f 1620//1798 1656//1856 1613//1797
f 1613//1797 1656//1856 1619//1855
f 1619//1855 1632//1852 1614//1853
f 1618//1804 1610//1803 1632//1852
f 1618//1804 1616//1851 1615//1837
f 1607//1850 1615//1837 1616//1851
f 1634//1857 1635//1849 1617//1848
f 1617//1848 1633//1858 1634//1857
f 1633//1858 1618//1804 1632//1852
f 1620//1798 1631//1801 1656//1856
f 1567//1793 1630//1859 1631//1801
f 1621//1794 1630//1859 1567//1793
f 1621//1794 1565//1779 1630//1859
f 1565//1779 1623//1860 1630//1859
f 1565//1779 1564//1778 1623//1860
f 1622//1799 1624//1781 1663//1800
f 3275//1861 1624//1781 1625//1792
f 1625//1792 1626//1785 1627//1790
f 1626//1785 1557//1784 1627//1790
f 1625//1792 1627//1790 3281//1862
f 1627//1790 1665//1791 1628//1863
f 1627//1790 1628//1863 3281//1862
f 1662//1864 1629//1865 1628//1863
f 1663//1800 1661//1866 1623//1860
f 1630//1859 1623//1860 1661//1866
f 1631//1801 1630//1859 1661//1866
f 1656//1856 1631//1801 1661//1866
f 1660//1867 1619//1855 1656//1856
f 1619//1855 1654//1868 1632//1852
f 1632//1852 1654//1868 1655//1869
f 1634//1857 1632//1852 1655//1869
f 1633//1858 1632//1852 1634//1857
f 1636//1845 1658//1847 1933//1870
f 1636//1845 1933//1870 1940//1846
f 1653//1871 1652//1872 1637//1873
f 1652//1872 1650//1874 1638//1834
f 1638//1834 1649//1832 3279//1833
f 3279//1833 1649//1832 1639//1822
f 1649//1832 1638//1834 1650//1874
f 3277//1831 1642//1875 1641//1830
f 1245//683 660//1410 1645//684
f 1642//1875 1645//684 1646//1876
f 1644//1877 1645//684 1642//1875
f 1644//1877 1647//686 1645//684
f 1249//685 1647//686 1250//681
f 1250//681 1647//686 1945//1878
f 1644//1877 1945//1878 1647//686
f 1643//1879 1642//1875 3276//1880
f 1644//1877 1643//1879 1648//1881
f 1648//1881 1945//1878 1644//1877
f 1644//1877 1642//1875 1643//1879
f 3277//1831 1649//1832 3276//1880
f 3276//1880 1649//1832 1650//1874
f 1650//1874 1651//1882 3276//1880
f 3276//1880 1648//1881 1643//1879
f 1650//1874 1652//1872 1651//1882
f 1653//1871 1651//1882 1652//1872
f 1942//1883 1653//1871 1947//1884
f 1947//1884 1653//1871 1941//1885
f 1948//1886 1941//1885 1940//1846
f 1948//1886 1940//1846 1938//1887
f 1634//1857 1655//1869 1635//1849
f 1635//1849 1655//1869 1657//1888
f 1654//1868 1659//1889 1655//1869
f 1660//1867 1659//1889 1654//1868
f 1655//1869 1659//1889 1657//1888
f 1658//1847 1657//1888 1936//1890
f 1658//1847 1635//1849 1657//1888
f 1661//1866 1660//1867 1656//1856
f 1659//1889 1934//1891 1657//1888
f 1658//1847 1936//1890 1933//1870
f 1933//1870 1936//1890 1937//1892
f 1657//1888 1934//1891 1936//1890
f 1659//1889 3247//1893 1932//1894
f 3246//1895 3247//1893 1661//1866
f 1660//1867 1661//1866 3247//1893
f 1920//1896 1664//1897 1662//1864
f 1629//1865 1662//1864 1664//1897
f 1663//1800 1629//1865 1664//1897
f 3275//1861 1629//1865 1663//1800
f 1664//1897 1661//1866 1663//1800
f 1661//1866 1664//1897 3246//1895
f 1920//1896 3245//1898 1664//1897
f 1662//1864 1628//1863 1920//1896
f 1666//1787 1921//1899 1665//1791
f 1920//1896 1921//1899 1666//1787
f 1666//1787 1922//1789 1920//1896
f 1870//1786 1923//1900 1922//1789
f 1556//1763 1539//1758 1668//1755
f 1668//1755 1871//1901 1870//1786
f 1871//1901 1668//1755 1867//1902
f 1668//1755 1859//1903 1867//1902
f 1673//1757 1859//1903 1668//1755
f 1672//1904 1675//1905 1533//1756
f 1669//1702 1672//1904 1532//1752
f 1675//1905 1672//1904 3274//1906
f 3274//1906 1672//1904 1669//1702
f 1485//1699 1678//1698 1670//1697
f 1671//1701 1678//1698 1677//1907
f 1674//1908 1673//1757 1675//1905
f 1859//1903 1673//1757 1674//1908
f 1860//1909 1674//1908 1675//1905
f 1865//1910 1860//1909 1676//1911
f 1676//1911 3273//1912 1865//1910
f 1676//1911 1860//1909 1675//1905
f 1671//1701 1676//1911 1675//1905
f 1676//1911 1671//1701 1677//1907
f 3273//1912 1677//1907 1678//1698
f 3273//1912 1678//1698 1680//1913
f 1679//1700 1680//1913 1678//1698
f 3273//1912 1676//1911 1677//1907
f 1680//1913 1862//1914 3273//1912
f 1679//1700 1681//1915 1724//1916
f 1681//1915 1850//1917 1724//1916
f 1683//1559 1682//1918 1717//1919
f 1684//1678 1469//1679 1683//1559
f 1685//1680 1683//1559 1717//1919
f 1689//1920 1688//1921 1686//1681
f 1687//1922 1690//1682 1686//1681
f 1686//1681 1690//1682 1471//1673
f 1689//1920 1686//1681 1685//1680
f 1687//1922 1688//1921 1484//1696
f 1688//1921 1670//1697 1484//1696
f 1485//1699 1688//1921 1689//1920
f 1717//1919 1681//1915 1689//1920
f 1485//1699 1689//1920 1681//1915
f 1679//1700 1485//1699 1681//1915
f 1688//1921 1485//1699 1670//1697
f 1691//1671 1690//1682 3298//1683
f 1484//1696 3298//1683 1690//1682
f 1484//1696 1690//1682 1687//1922
f 1687//1922 1686//1681 1688//1921
f 1717//1919 1689//1920 1685//1680
f 1684//1678 1683//1559 1685//1680
f 1715//1923 1692//1558 1694//1557
f 1692//1558 1693//1538 3320//1540
f 1692//1558 1715//1923 1374//1239
f 1374//1239 1715//1923 1716//1560
f 1692//1558 1374//1239 1693//1538
f 1706//1924 1715//1923 1694//1557
f 1705//1925 1706//1924 1695//1926
f 1696//1927 1705//1925 1695//1926
f 1705//1925 1703//1928 1704//1929
f 1696//1927 1703//1928 1705//1925
f 1695//1926 1706//1924 1697//1930
f 1697//1930 1706//1924 1694//1557
f 1696//1927 1697//1930 1698//1555
f 1698//1555 1703//1928 1696//1927
f 1699//1553 1703//1928 1698//1555
f 1699//1553 1701//1552 1703//1928
f 1701//1552 1700//1931 1702//1932
f 3322//1551 1735//1554 1700//1931
f 1700//1931 1735//1554 1793//1933
f 1701//1552 1702//1932 1703//1928
f 1700//1931 1734//1934 1702//1932
f 1703//1928 1702//1932 1704//1929
f 1705//1925 1704//1929 1708//1935
f 1705//1925 1708//1935 1707//1936
f 1704//1929 1730//1937 1708//1935
f 1704//1929 1702//1932 1730//1937
f 1730//1937 1729//1938 1708//1935
f 1709//1939 1708//1935 1729//1938
f 1712//1940 1729//1938 1728//1941
f 1712//1940 1709//1939 1729//1938
f 1711//1942 1710//1943 1709//1939
f 1711//1942 1709//1939 1712//1940
f 1712//1940 1826//1944 1711//1942
f 1727//1945 1711//1942 1826//1944
f 1713//1946 1711//1942 1727//1945
f 3272//1947 1710//1943 1713//1946
f 1713//1946 1710//1943 1711//1942
f 1707//1936 1710//1943 3272//1947
f 1714//1948 1715//1923 1706//1924
f 3272//1947 1718//1949 1714//1948
f 1718//1949 1715//1923 1714//1948
f 1716//1560 1682//1918 1683//1559
f 1719//1950 1726//1951 1717//1919
f 1718//1949 1719//1950 1682//1918
f 3272//1947 1720//1952 1718//1949
f 1831//1953 1830//1954 3272//1947
f 1718//1949 1720//1952 1719//1950
f 1720//1952 1726//1951 1719//1950
f 1717//1919 1726//1951 1681//1915
f 1725//1955 1850//1917 1726//1951
f 1726//1951 1850//1917 1681//1915
f 1720//1952 1838//1956 1726//1951
f 1680//1913 1724//1916 1721//1957
f 1724//1916 1680//1913 1679//1700
f 1721//1957 1722//1958 1862//1914
f 1721//1957 1862//1914 1680//1913
f 1863//1959 1722//1958 1852//1960
f 1723//1961 1850//1917 1725//1955
f 1838//1956 1725//1955 1726//1951
f 1838//1956 1830//1954 1829//1962
f 1827//1963 1831//1953 1828//1964
f 1727//1945 1828//1964 1713//1946
f 1826//1944 1834//1965 1727//1945
f 1712//1940 1728//1941 1826//1944
f 1731//1966 1835//1967 1728//1941
f 1826//1944 1728//1941 1835//1967
f 3253//1968 1835//1967 1825//1969
f 1835//1967 1731//1966 1825//1969
f 1729//1938 1730//1937 3271//1970
f 1730//1937 1733//1971 3271//1970
f 3271//1970 1728//1941 1729//1938
f 3271//1970 1731//1966 1728//1941
f 1731//1966 1732//1972 1823//1973
f 3271//1970 1732//1972 1731//1966
f 1702//1932 1734//1934 1733//1971
f 1734//1934 1796//1974 1733//1971
f 1734//1934 1793//1933 1792//1975
f 1700//1931 1793//1933 1734//1934
f 1735//1554 1768//1976 1793//1933
f 1367//1549 1768//1976 1735//1554
f 1790//1977 3269//1550 1744//1547
f 1744//1547 3269//1550 1366//1548
f 1736//1535 1744//1547 1364//1252
f 1742//1534 1738//1256 1739//1511
f 1740//1512 3270//1978 1739//1511
f 1741//1979 3270//1978 1740//1512
f 1354//1513 1741//1979 1740//1512
f 1354//1513 1746//1522 1741//1979
f 1755//1980 1741//1979 1746//1522
f 1755//1980 3270//1978 1741//1979
f 3270//1978 1779//1981 1762//1982
f 1742//1534 1739//1511 1762//1982
f 1762//1982 1745//1983 1742//1534
f 1743//1984 1736//1535 1742//1534
f 1743//1984 1744//1547 1736//1535
f 1744//1547 1766//1985 1790//1977
f 1743//1984 1765//1986 1773//1987
f 1744//1547 1743//1984 1773//1987
f 1744//1547 1773//1987 1766//1985
f 1773//1987 1765//1986 1774//1988
f 1764//1989 1777//1990 1765//1986
f 1764//1989 1745//1983 1763//1991
f 1763//1991 1745//1983 1762//1982
f 3270//1978 1755//1980 1781//1992
f 1747//1523 1756//1533 1746//1522
f 1756//1533 1747//1523 1346//1524
f 1749//1993 1754//1994 1757//1995
f 1748//1521 1749//1993 1756//1533
f 1751//1525 1749//1993 1748//1521
f 2062//1531 2052//1532 1750//1520
f 1751//1525 1753//1996 1754//1994
f 1752//1526 2049//1997 1753//1996
f 1761//1998 1749//1993 1757//1995
f 1749//1993 1760//1999 1756//1533
f 1756//1533 1760//1999 1755//1980
f 1755//1980 1746//1522 1756//1533
f 1781//1992 1755//1980 1760//1999
f 1782//2000 1781//1992 1760//1999
f 1760//1999 1761//1998 1783//2001
f 1749//1993 1761//1998 1760//1999
f 1754//1994 1758//2002 1759//2003
f 1757//1995 1754//1994 1759//2003
f 1759//2003 1761//1998 1757//1995
f 1759//2003 1783//2001 1761//1998
f 1759//2003 2045//2004 1783//2001
f 1760//1999 1783//2001 1782//2000
f 1778//2005 1762//1982 1779//1981
f 1762//1982 1778//2005 1763//1991
f 1763//1991 1776//2006 1764//1989
f 1763//1991 1775//2007 1776//2006
f 1764//1989 1776//2006 1777//1990
f 1777//1990 1786//2008 1765//1986
f 1786//2008 1774//1988 1765//1986
f 1772//2009 1770//2010 1766//1985
f 1766//1985 1770//2010 1790//1977
f 1767//2011 1794//2012 1768//1976
f 1794//2012 1769//2013 1791//2014
f 1767//2011 1769//2013 1794//2012
f 1767//2011 1790//1977 1769//2013
f 1791//2014 1769//2013 1790//1977
f 1789//2015 1772//2009 1774//1988
f 1806//2016 1788//2017 1771//2018
f 1786//2008 1806//2016 1771//2018
f 1774//1988 1771//2018 1789//2015
f 1777//1990 1787//2019 1786//2008
f 1775//2007 1763//1991 1780//2020
f 1775//2007 1780//2020 1785//2021
f 1775//2007 2039//2022 1776//2006
f 2039//2022 3235//2023 1777//1990
f 1777//1990 1776//2006 2039//2022
f 1777//1990 3235//2023 1787//2019
f 1775//2007 1785//2021 2039//2022
f 1780//2020 3268//2024 3234//2025
f 1780//2020 1779//1981 3268//2024
f 1780//2020 1763//1991 1778//2005
f 1780//2020 1778//2005 1779//1981
f 1781//1992 1784//2026 1779//1981
f 3268//2024 1779//1981 1784//2026
f 2290//2027 1785//2021 1780//2020
f 1780//2020 3234//2025 2290//2027
f 1781//1992 2044//2028 1784//2026
f 1783//2001 2045//2004 2044//2028
f 2044//2028 2040//2029 1784//2026
f 2040//2029 3268//2024 1784//2026
f 2041//2030 3268//2024 2040//2029
f 3234//2025 3268//2024 2041//2030
f 1785//2021 2297//2031 2039//2022
f 2297//2031 1785//2021 2293//2032
f 2039//2022 2035//2033 3235//2023
f 1806//2016 1786//2008 1811//2034
f 1787//2019 1811//2034 1786//2008
f 1811//2034 1787//2019 1803//2035
f 2038//2036 1803//2035 1787//2019
f 2038//2036 1787//2019 3235//2023
f 1788//2017 3264//2037 1789//2015
f 1789//2015 3264//2037 1802//2038
f 1792//1975 1791//2014 1796//1974
f 1792//1975 1796//1974 1734//1934
f 1794//2012 1792//1975 1793//1933
f 1794//2012 1791//2014 1792//1975
f 1795//2039 1796//1974 1791//2014
f 1791//2014 1799//2040 1795//2039
f 1790//1977 1802//2038 1799//2040
f 1802//2038 3265//2041 1799//2040
f 3266//2042 1795//2039 1799//2040
f 1798//2043 1795//2039 3266//2042
f 1795//2039 1798//2043 3261//2044
f 1733//1971 1796//1974 1732//1972
f 1732//1972 1796//1974 3261//2044
f 3261//2044 1796//1974 1795//2039
f 3266//2042 1797//2045 1798//2043
f 1797//2045 3261//2044 1798//2043
f 1800//2046 1797//2045 3266//2042
f 3266//2042 1799//2040 3265//2041
f 3265//2041 3267//2047 3266//2042
f 1801//2048 1822//2049 1800//2046
f 1801//2048 1817//2050 1822//2049
f 3267//2047 1817//2050 1801//2048
f 3267//2047 1809//2051 1817//2050
f 3265//2041 1802//2038 3267//2047
f 1802//2038 1808//2052 3267//2047
f 1802//2038 3264//2037 1808//2052
f 1803//2035 2038//2036 1805//2053
f 1805//2053 2038//2036 1804//2054
f 1804//2054 2038//2036 2037//2055
f 1804//2054 2029//2056 1805//2053
f 1805//2053 2029//2056 1813//2057
f 1805//2053 1811//2034 1803//2035
f 1807//2058 3264//2037 1806//2016
f 1810//2059 1808//2052 3264//2037
f 1811//2034 1807//2058 1806//2016
f 1811//2034 1812//2060 1807//2058
f 1811//2034 1813//2057 1812//2060
f 3267//2047 1808//2052 1809//2051
f 1817//2050 1809//2051 3263//2061
f 1808//2052 1810//2059 1809//2051
f 1807//2058 1814//2062 1810//2059
f 1815//2063 1810//2059 1814//2062
f 3236//2064 1814//2062 1807//2058
f 1813//2057 1811//2034 1805//2053
f 1813//2057 3236//2064 1812//2060
f 1812//2060 3236//2064 1807//2058
f 3237//2065 1814//2062 3236//2064
f 3237//2065 2026//2066 1814//2062
f 2026//2066 1815//2063 1814//2062
f 2022//2067 1899//2068 3263//2061
f 3250//2069 1899//2068 1819//2070
f 1817//2050 3250//2069 1822//2049
f 3262//2071 1822//2049 3250//2069
f 1818//2072 3250//2069 1819//2070
f 1898//2073 1818//2072 1819//2070
f 1820//2074 1818//2072 1898//2073
f 3262//2071 1821//2075 1822//2049
f 3262//2071 3250//2069 1818//2072
f 1821//2075 1800//2046 1822//2049
f 1824//2076 1823//1973 1797//2045
f 1825//1969 1731//1966 1823//1973
f 1825//1969 1823//1973 1836//2077
f 1836//2077 1823//1973 1824//2076
f 3253//1968 1825//1969 3260//2078
f 1826//1944 1835//1967 1845//2079
f 1834//1965 1826//1944 1845//2079
f 1727//1945 1834//1965 1833//2080
f 1833//2080 1828//1964 1727//1945
f 1833//2080 1837//2081 1827//1963
f 1832//2082 1831//1953 1827//1963
f 1831//1953 1829//1962 1830//1954
f 1838//1956 1829//1962 1851//2083
f 1832//2082 1829//1962 1831//1953
f 1842//2084 1849//2085 1832//2082
f 1840//2086 1842//2084 1832//2082
f 1827//1963 1840//2086 1832//2082
f 1834//1965 3259//2087 1833//2080
f 1834//1965 1845//2079 3259//2087
f 3253//1968 1844//2088 1835//1967
f 3260//2078 1825//1969 1836//2077
f 1844//2088 1845//2079 1835//1967
f 1843//2089 1837//2081 3259//2087
f 1843//2089 1841//2090 1837//2081
f 1841//2090 1840//2086 1837//2081
f 1832//2082 1849//2085 1829//1962
f 1829//1962 1849//2085 1851//2083
f 1838//1956 1723//1961 1725//1955
f 1851//2083 1723//1961 1838//1956
f 1847//2091 1848//2092 1839//2093
f 1841//2090 1842//2084 1840//2086
f 1841//2090 1843//2089 1847//2091
f 1842//2084 1841//2090 1847//2091
f 1842//2084 1847//2091 1839//2093
f 1844//2088 1888//2094 1845//2079
f 1844//2088 3252//2095 1888//2094
f 3253//1968 3252//2095 1844//2088
f 1888//2094 3259//2087 1845//2079
f 1887//2096 3259//2087 1888//2094
f 1846//2097 1843//2089 1887//2096
f 1846//2097 1887//2096 1891//2098
f 1846//2097 1891//2098 1847//2091
f 1886//2099 1848//2092 1847//2091
f 1847//2091 1891//2098 1886//2099
f 1882//2100 1839//2093 1848//2092
f 1885//2101 1848//2092 1886//2099
f 1839//2093 1882//2100 1849//2085
f 1849//2085 1882//2100 1853//2102
f 1721//1957 1850//1917 1723//1961
f 1850//1917 1721//1957 1724//1916
f 1852//1960 1722//1958 1723//1961
f 1851//2083 1853//2102 1723//1961
f 1853//2102 1852//1960 1723//1961
f 1849//2085 1853//2102 1851//2083
f 1853//2102 1882//2100 1852//1960
f 3255//2103 1863//1959 1852//1960
f 1885//2101 1880//2104 1882//2100
f 1885//2101 1884//2105 1880//2104
f 3256//2106 3255//2103 1877//2107
f 1864//2108 1877//2107 1876//2109
f 1855//2110 3256//2106 1864//2108
f 3256//2106 1855//2110 1863//1959
f 1868//2111 1857//2112 3258//2113
f 1861//2114 1859//1903 1860//1909
f 1867//1902 1859//1903 1861//2114
f 1865//1910 1861//2114 1860//1909
f 1861//2114 1858//2115 1867//1902
f 1861//2114 1857//2112 1858//2115
f 1861//2114 1866//2116 3258//2113
f 1866//2116 1861//2114 1865//1910
f 1856//2117 3258//2113 1866//2116
f 3273//1912 1862//1914 1866//2116
f 1863//1959 1855//2110 1722//1958
f 1866//2116 1862//1914 1855//2110
f 1855//2110 1856//2117 1866//2116
f 3256//2106 1877//2107 1864//2108
f 3256//2106 1863//1959 3255//2103
f 1722//1958 1855//2110 1862//1914
f 1866//2116 1865//1910 3273//1912
f 1861//2114 3258//2113 1857//2112
f 1674//1908 1860//1909 1859//1903
f 1871//1901 1867//1902 1858//2115
f 1869//2118 1871//1901 1858//2115
f 1868//2111 1858//2115 1857//2112
f 1874//2119 1868//2111 3258//2113
f 1856//2117 1855//2110 3257//2120
f 3257//2120 1874//2119 1856//2117
f 1875//2121 1868//2111 1874//2119
f 1925//2122 1871//1901 1869//2118
f 1925//2122 1923//1900 1870//1786
f 1916//2123 1925//2122 1873//2124
f 1871//1901 1925//2122 1870//1786
f 1925//2122 1869//2118 1873//2124
f 1915//2125 1872//2126 1873//2124
f 1872//2126 1916//2123 1873//2124
f 1915//2125 1873//2124 1875//2121
f 1875//2121 1873//2124 1869//2118
f 1876//2109 3257//2120 1864//2108
f 3257//2120 1878//2127 1874//2119
f 1876//2109 1878//2127 3257//2120
f 1874//2119 1878//2127 1875//2121
f 1878//2127 1915//2125 1875//2121
f 3255//2103 1879//2128 1877//2107
f 1877//2107 1879//2128 1914//2129
f 1877//2107 1914//2129 1881//2130
f 1965//2131 1878//2127 3248//2132
f 3248//2132 1878//2127 1876//2109
f 1877//2107 3248//2132 1876//2109
f 1914//2129 1879//2128 1972//2133
f 1880//2104 1883//2134 1879//2128
f 1972//2133 1879//2128 1883//2134
f 1914//2129 1966//2135 1881//2130
f 1884//2105 1883//2134 1880//2104
f 1854//2136 1882//2100 1880//2104
f 1912//2137 1913//2138 1884//2105
f 1884//2105 1913//2138 1883//2134
f 1907//2139 1884//2105 1885//2101
f 1908//2140 1885//2101 1886//2099
f 1886//2099 1906//2141 1908//2140
f 1891//2098 1906//2141 1886//2099
f 3254//2142 1887//2096 1889//2143
f 3254//2142 1891//2098 1887//2096
f 1892//2144 1891//2098 3254//2142
f 1893//2145 1890//2146 3254//2142
f 1895//2147 1893//2145 3251//2148
f 1895//2147 1894//2149 1893//2145
f 1894//2149 1904//2150 1893//2145
f 1893//2145 1905//2151 1890//2146
f 1892//2144 1890//2146 1891//2098
f 3254//2142 1890//2146 1892//2144
f 1890//2146 1906//2141 1891//2098
f 1905//2151 1906//2141 1890//2146
f 1904//2150 1905//2151 1893//2145
f 3251//2148 3253//1968 1903//2152
f 3260//2078 1836//2077 1896//2153
f 1903//2152 3260//2078 1896//2153
f 1824//2076 1821//2075 3262//2071
f 1824//2076 3262//2071 1896//2153
f 1896//2153 1836//2077 1824//2076
f 1818//2072 1896//2153 3262//2071
f 1903//2152 1896//2153 1897//2154
f 1820//2074 1896//2153 1818//2072
f 1896//2153 1820//2074 1897//2154
f 1986//2155 1897//2154 1820//2074
f 1898//2073 1900//2156 1983//2157
f 1898//2073 1819//2070 3249//2158
f 2022//2067 3263//2061 2023//2159
f 2305//2160 2025//2161 1816//2162
f 2024//2163 2023//2159 2025//2161
f 1899//2068 3249//2158 1819//2070
f 3249//2158 1899//2068 2310//2164
f 3249//2158 2310//2164 2309//2165
f 1901//2166 3249//2158 2309//2165
f 1898//2073 3249//2158 1900//2156
f 1902//2167 1900//2156 1901//2166
f 1983//2157 1900//2156 1902//2167
f 1902//2167 1901//2166 2019//2168
f 1990//2169 2019//2168 2020//2170
f 1990//2169 2020//2170 1991//2171
f 1990//2169 1902//2167 2019//2168
f 1902//2167 1990//2169 1984//2172
f 1983//2157 1902//2167 1984//2172
f 1985//2173 1986//2155 1820//2074
f 1903//2152 1895//2147 3251//2148
f 1897//2154 1986//2155 1982//2174
f 1985//2173 1820//2074 1983//2157
f 1983//2157 1988//2175 1985//2173
f 1982//2174 1894//2149 1895//2147
f 1894//2149 1982//2174 3242//2176
f 1894//2149 3242//2176 1904//2150
f 1994//2177 1904//2150 3242//2176
f 1909//2178 1904//2150 1994//2177
f 1906//2141 1905//2151 1910//2179
f 1906//2141 1910//2179 1908//2140
f 1907//2139 1885//2101 1908//2140
f 1907//2139 1912//2137 1884//2105
f 1910//2179 1911//2180 1907//2139
f 1908//2140 1910//2179 1907//2139
f 1904//2150 1909//2178 1905//2151
f 1909//2178 1910//2179 1905//2151
f 1909//2178 1995//2181 1980//2182
f 1980//2182 1979//2183 1909//2178
f 1909//2178 1911//2180 1910//2179
f 1912//2137 1907//2139 1911//2180
f 1909//2178 1979//2183 1911//2180
f 1979//2183 1974//2184 1911//2180
f 1974//2184 1912//2137 1911//2180
f 1912//2137 1974//2184 1913//2138
f 1913//2138 1974//2184 1978//2185
f 1913//2138 1978//2185 1973//2186
f 1913//2138 1973//2186 1972//2133
f 1883//2134 1913//2138 1972//2133
f 1914//2129 1972//2133 1971//2187
f 1914//2129 1971//2187 1966//2135
f 1917//2188 1872//2126 1919//2189
f 1917//2188 1916//2123 1872//2126
f 1926//2190 1925//2122 1916//2123
f 1917//2188 1924//2191 1916//2123
f 1926//2190 1916//2123 1924//2191
f 1917//2188 1919//2189 1924//2191
f 2003//2192 1919//2189 1918//2193
f 1960//2194 1952//2195 1961//2196
f 3244//2197 1920//1896 1922//1789
f 3244//2197 1922//1789 1923//1900
f 3244//2197 1923//1900 1928//2198
f 1928//2198 1923//1900 1925//2122
f 1927//2199 1964//2200 1924//2191
f 1924//2191 1964//2200 1961//2196
f 1952//2195 1925//2122 1926//2190
f 1961//2196 1926//2190 1924//2191
f 1928//2198 1925//2122 1952//2195
f 1964//2200 1927//2199 3241//2201
f 1952//2195 1926//2190 1961//2196
f 3245//1898 1920//1896 3244//2197
f 1953//2202 3244//2197 1928//2198
f 1931//2203 1929//2204 1930//2205
f 1930//2205 1935//2206 1931//2203
f 1929//2204 1931//2203 1932//1894
f 1936//1890 1932//1894 1931//2203
f 1659//1889 1932//1894 1934//1891
f 1938//1887 1933//1870 1937//1892
f 1938//1887 1937//1892 1935//2206
f 1935//2206 1937//1892 1936//1890
f 1938//1887 1935//2206 2500//2207
f 1938//1887 2500//2207 1939//2208
f 1939//2208 2501//2209 2503//2210
f 1938//1887 1939//2208 2503//2210
f 2503//2210 1948//1886 1938//1887
f 1947//1884 1941//1885 1950//2211
f 1942//1883 1947//1884 1943//2212
f 1943//2212 1946//2213 1944//2214
f 659//679 1944//2214 1946//2213
f 659//679 1250//681 1944//2214
f 1944//2214 1250//681 1945//1878
f 1943//2212 1651//1882 1942//1883
f 1943//2212 1944//2214 1651//1882
f 1944//2214 1945//1878 1651//1882
f 2235//680 659//679 1946//2213
f 1946//2213 1943//2212 1950//2211
f 1950//2211 1943//2212 1947//1884
f 1950//2211 2235//680 1946//2213
f 2236//2215 2235//680 1951//2216
f 2235//680 1950//2211 1951//2216
f 1949//2217 1950//2211 2503//2210
f 2503//2210 1950//2211 1941//1885
f 1941//1885 1948//1886 2503//2210
f 1949//2217 2534//2218 1950//2211
f 2236//2215 1951//2216 2504//2219
f 2531//2220 1951//2216 1950//2211
f 2530//2221 2504//2219 1951//2216
f 2531//2220 2530//2221 1951//2216
f 2534//2218 2531//2220 1950//2211
f 2533//2222 2531//2220 2534//2218
f 2544//2223 1949//2217 2503//2210
f 2500//2207 2501//2209 1939//2208
f 1935//2206 1930//2205 1955//2224
f 1954//2225 1956//2226 1955//2224
f 1955//2224 1930//2205 1954//2225
f 1952//2195 1953//2202 1928//2198
f 1957//2227 1952//2195 1960//2194
f 1957//2227 1953//2202 1952//2195
f 1957//2227 1956//2226 1953//2202
f 1956//2226 1954//2225 1953//2202
f 2499//2228 2502//2229 3243//2230
f 3243//2230 1956//2226 1958//2231
f 1957//2227 1958//2231 1956//2226
f 2499//2228 3243//2230 1959//2232
f 1959//2232 3197//2233 2499//2228
f 3197//2233 1959//2232 1962//2234
f 1958//2231 1957//2227 1959//2232
f 1959//2232 1957//2227 1960//2194
f 1963//2235 1959//2232 1960//2194
f 1963//2235 1962//2234 1959//2232
f 1962//2234 1963//2235 3198//2236
f 3198//2236 1963//2235 3206//2237
f 1961//2196 1964//2200 1963//2235
f 1963//2235 1964//2200 2004//2238
f 2004//2238 1964//2200 3241//2201
f 1918//2193 1919//2189 1965//2131
f 1918//2193 1965//2131 3248//2132
f 1966//2135 1971//2187 1970//2239
f 1970//2239 1967//2240 1966//2135
f 1968//2241 1967//2240 1970//2239
f 1918//2193 1967//2240 1968//2241
f 1968//2241 1969//2242 2008//2243
f 1969//2242 1970//2239 1976//2244
f 1970//2239 1969//2242 1968//2241
f 2008//2243 1969//2242 2384//2245
f 1969//2242 2002//2246 2384//2245
f 1969//2242 1976//2244 2002//2246
f 1970//2239 1971//2187 1977//2247
f 1977//2247 1973//2186 1978//2185
f 1976//2244 1970//2239 1977//2247
f 1975//2248 2002//2246 1976//2244
f 1975//2248 2012//2249 2009//2250
f 2012//2249 1975//2248 2000//2251
f 1975//2248 1976//2244 1977//2247
f 2000//2251 1975//2248 1977//2247
f 1977//2247 1978//2185 2011//2252
f 1974//2184 1998//2253 1978//2185
f 1997//2254 1998//2253 1979//2183
f 1979//2183 1980//2182 1996//2255
f 1996//2255 1980//2182 1995//2181
f 1994//2177 1995//2181 1909//2178
f 1981//2256 1994//2177 3242//2176
f 1981//2256 1987//2257 1994//2177
f 1981//2256 1989//2258 1987//2257
f 1986//2155 1981//2256 1982//2174
f 1993//2259 1984//2172 1990//2169
f 1984//2172 1993//2259 1988//2175
f 1988//2175 1983//2157 1984//2172
f 1989//2258 1985//2173 1988//2175
f 1981//2256 1986//2155 1989//2258
f 1986//2155 1985//2173 1989//2258
f 1989//2258 1993//2259 1992//2260
f 1989//2258 1988//2175 1993//2259
f 1991//2171 2020//2170 3240//2261
f 1991//2171 3239//2262 2014//2263
f 1992//2260 1991//2171 2014//2263
f 1993//2259 1991//2171 1992//2260
f 1992//2260 1987//2257 1989//2258
f 1995//2181 1987//2257 1992//2260
f 1995//2181 1994//2177 1987//2257
f 1992//2260 1996//2255 1995//2181
f 1992//2260 2014//2263 1996//2255
f 1997//2254 1996//2255 2014//2263
f 2013//2264 1998//2253 1997//2254
f 2016//2265 2013//2264 1997//2254
f 1998//2253 1999//2266 2011//2252
f 1978//2185 1998//2253 2011//2252
f 2013//2264 1999//2266 1998//2253
f 2000//2251 2011//2252 2012//2249
f 2002//2246 2001//2267 2383//2268
f 2009//2250 2001//2267 2002//2246
f 2002//2246 1975//2248 2009//2250
f 2384//2245 2002//2246 2389//2269
f 2007//2270 3241//2201 2003//2192
f 1968//2241 2008//2243 2007//2270
f 2004//2238 2007//2270 2006//2271
f 2004//2238 2006//2271 3206//2237
f 1963//2235 2004//2238 3206//2237
f 3206//2237 2006//2271 3199//2272
f 2388//2273 3199//2272 2005//2274
f 3199//2272 2006//2271 2005//2274
f 3203//2275 2005//2274 2387//2276
f 2006//2271 2007//2270 2385//2277
f 2385//2277 2007//2270 2008//2243
f 2008//2243 2386//2278 2385//2277
f 2389//2269 2002//2246 2383//2268
f 2009//2250 2010//2279 2390//2280
f 2382//2281 2011//2252 3217//2282
f 2382//2281 2010//2279 2011//2252
f 2010//2279 2012//2249 2011//2252
f 3239//2262 1991//2171 3240//2261
f 2014//2263 2016//2265 1997//2254
f 2014//2263 2378//2283 2016//2265
f 2016//2265 2380//2284 2013//2264
f 3217//2282 2013//2264 2015//2285
f 2015//2285 2380//2284 2381//2286
f 2380//2284 2015//2285 2013//2264
f 2422//2287 2380//2284 2016//2265
f 2422//2287 2016//2265 2378//2283
f 2379//2288 2378//2283 2017//2289
f 2375//2290 2379//2288 2017//2289
f 2017//2289 2018//2291 2375//2290
f 1901//2166 2374//2292 2021//2293
f 2018//2291 3240//2261 2020//2170
f 2020//2170 2021//2293 2018//2291
f 2019//2168 2021//2293 2020//2170
f 2021//2293 2374//2292 2018//2291
f 1899//2068 2358//2294 2310//2164
f 1899//2068 2022//2067 2358//2294
f 2022//2067 2308//2295 2358//2294
f 2022//2067 2023//2159 2308//2295
f 2308//2295 2023//2159 2315//2296
f 2306//2297 2307//2298 2025//2161
f 2305//2160 2306//2297 2025//2161
f 1816//2162 1815//2063 2305//2160
f 1815//2063 2026//2066 2305//2160
f 3238//2299 2322//2300 2027//2301
f 2027//2301 2322//2300 2317//2302
f 2026//2066 2027//2301 2317//2302
f 3238//2299 2319//2303 2322//2300
f 3236//2064 2030//2304 2028//2305
f 2030//2304 3236//2064 2029//2056
f 2037//2055 2030//2304 2029//2056
f 1804//2054 2037//2055 2029//2056
f 2030//2304 2031//2306 2028//2305
f 3238//2299 2031//2306 2032//2307
f 2032//2307 2319//2303 3238//2299
f 2304//2308 2032//2307 2034//2309
f 2037//2055 2035//2033 2298//2310
f 2037//2055 2033//2311 2030//2304
f 2036//2312 2033//2311 2037//2055
f 2298//2310 2036//2312 2037//2055
f 2033//2311 2032//2307 2031//2306
f 2033//2311 2031//2306 2030//2304
f 2034//2309 2032//2307 2033//2311
f 2034//2309 2036//2312 2303//2313
f 2033//2311 2036//2312 2034//2309
f 2037//2055 2038//2036 2035//2033
f 2035//2033 2039//2022 2297//2031
f 2035//2033 2297//2031 2298//2310
f 2293//2032 1785//2021 2290//2027
f 2042//2314 2041//2030 2040//2029
f 2041//2030 2291//2315 2292//2316
f 2287//2317 2291//2315 2041//2030
f 2042//2314 2047//2318 2043//2319
f 2042//2314 2287//2317 2041//2030
f 2043//2319 2289//2320 2287//2317
f 2286//2321 2043//2319 2047//2318
f 2044//2028 2042//2314 2040//2029
f 2047//2318 2042//2314 2044//2028
f 2045//2004 2285//2322 2047//2318
f 2284//2323 2286//2321 2285//2322
f 1758//2002 2048//2324 1759//2003
f 2048//2324 2046//2325 1759//2003
f 1759//2003 2046//2325 2045//2004
f 2045//2004 2046//2325 2285//2322
f 2285//2322 2286//2321 2047//2318
f 2047//2318 2044//2028 2045//2004
f 1753//1996 1758//2002 1754//1994
f 1753//1996 2049//1997 2050//2326
f 1753//1996 2050//2326 1758//2002
f 1758//2002 2152//2327 2048//2324
f 2106//2328 2049//1997 1752//1526
f 2051//2329 2050//2326 2049//1997
f 2051//2329 2149//2330 2050//2326
f 2149//2330 2150//2331 2050//2326
f 2106//2328 2124//2332 2049//1997
f 2052//1532 2063//2333 1752//1526
f 2062//1531 2063//2333 2052//1532
f 2061//1529 2103//2334 2053//1530
f 1326//1494 2065//1502 2054//1493
f 2055//1495 2066//1500 2057//1501
f 2066//1500 1324//1499 2056//1498
f 2111//2335 2056//1498 1322//1497
f 2066//1500 2065//1502 2057//1501
f 2065//1502 2101//2336 2059//2337
f 2065//1502 2059//2337 2058//1503
f 2059//2337 2064//2338 2058//1503
f 2058//1503 2064//2338 2060//1504
f 2064//2338 2102//2339 2060//1504
f 2061//1529 2102//2339 2103//2334
f 2053//1530 2103//2334 2062//1531
f 2103//2334 2063//2333 2062//1531
f 2063//2333 2106//2328 1752//1526
f 2107//2340 2124//2332 2106//2328
f 2060//1504 2102//2339 2061//1529
f 2059//2337 2104//2341 2064//2338
f 2059//2337 2101//2336 2104//2341
f 2064//2338 2104//2341 2102//2339
f 2104//2341 2101//2336 2129//2342
f 2066//1500 2101//2336 2065//1502
f 2066//1500 2100//2343 2101//2336
f 2100//2343 2111//2335 2113//2344
f 2099//2345 2111//2335 1322//1497
f 1322//1497 2067//1463 2099//2345
f 2095//2346 2099//2345 2067//1463
f 2099//2345 2095//2346 2098//2347
f 2096//1462 1286//1461 3331//1446
f 3331//1446 2068//1447 2115//1460
f 1284//1459 2086//2348 2115//1460
f 2071//1457 2090//2349 1277//1456
f 2071//1457 2069//2350 2090//2349
f 2069//2350 2080//2351 2091//2352
f 2070//1453 2072//2353 2071//1457
f 2071//1457 2080//2351 2069//2350
f 2071//1457 2072//2353 2080//2351
f 2072//2353 2082//2354 2080//2351
f 2070//1453 2073//1455 2072//2353
f 1276//1422 3233//1421 2073//1455
f 2073//1455 2075//1420 2072//2353
f 2075//1420 2073//1455 3233//1421
f 2082//2354 2072//2353 2075//1420
f 2076//1418 2082//2354 2075//1420
f 2076//1418 3231//2355 2082//2354
f 3231//2355 2076//1418 3232//1417
f 2079//1415 3232//1417 2078//1413
f 2224//1416 3232//1417 2079//1415
f 2082//2354 2084//2356 2081//2357
f 2080//2351 2082//2354 2081//2357
f 2084//2356 2083//2358 2092//2359
f 2092//2359 2094//2360 2081//2357
f 2081//2357 2084//2356 2092//2359
f 2220//2361 2092//2359 2222//2362
f 2093//2363 2219//2364 2085//2365
f 2086//2348 2088//2366 2173//2367
f 2086//2348 2119//2368 2116//2369
f 1284//1459 2087//1458 2086//2348
f 1277//1456 2090//2349 2087//1458
f 2087//1458 2089//2370 2088//2366
f 2086//2348 2087//1458 2088//2366
f 2087//1458 2090//2349 2089//2370
f 2088//2366 2089//2370 2173//2367
f 2090//2349 2091//2352 2089//2370
f 2089//2370 2085//2365 2186//2371
f 2089//2370 2091//2352 2085//2365
f 2091//2352 2093//2363 2085//2365
f 2091//2352 2094//2360 2093//2363
f 2080//2351 2081//2357 2091//2352
f 2091//2352 2081//2357 2094//2360
f 2092//2359 2093//2363 2094//2360
f 2092//2359 2220//2361 2093//2363
f 2069//2350 2091//2352 2090//2349
f 2089//2370 2186//2371 2173//2367
f 2115//1460 2086//2348 2116//2369
f 2115//1460 2116//2369 2118//2372
f 2096//1462 2095//2346 2067//1463
f 2095//2346 2096//1462 2097//2373
f 2096//1462 2115//1460 2118//2372
f 2118//2372 2097//2373 2096//1462
f 2095//2346 2097//2373 2098//2347
f 2142//2374 2098//2347 2097//2373
f 2111//2335 2099//2345 2114//2375
f 2100//2343 2113//2344 2112//2376
f 2101//2336 2100//2343 2112//2376
f 2104//2341 2105//2377 2102//2339
f 2105//2377 2063//2333 2102//2339
f 2109//2378 2106//2328 2063//2333
f 2105//2377 2109//2378 2063//2333
f 2105//2377 2128//2379 2109//2378
f 2106//2328 2127//2380 2107//2340
f 2108//2381 2127//2380 2106//2328
f 2109//2378 2108//2381 2106//2328
f 2110//2382 2128//2379 2105//2377
f 2110//2382 2105//2377 2104//2341
f 2129//2342 2110//2382 2104//2341
f 2111//2335 2114//2375 2113//2344
f 2113//2344 2130//2383 2112//2376
f 2113//2344 2114//2375 2130//2383
f 2098//2347 2117//2384 2114//2375
f 2114//2375 2117//2384 2130//2383
f 2098//2347 2142//2374 2117//2384
f 2086//2348 2173//2367 2119//2368
f 2116//2369 2119//2368 2143//2385
f 2097//2373 2118//2372 2120//2386
f 2117//2384 2142//2374 2133//2387
f 2097//2373 2120//2386 2142//2374
f 2143//2385 2119//2368 2145//2388
f 2145//2388 2119//2368 2165//2389
f 2145//2388 3228//2390 2120//2386
f 2144//2391 2120//2386 3228//2390
f 2141//2392 2122//2393 2161//2394
f 2141//2392 2161//2394 2140//2395
f 2140//2395 2160//2396 2139//2397
f 2123//2398 2160//2396 2198//2399
f 2123//2398 2198//2399 2159//2400
f 2150//2331 2123//2398 2157//2401
f 2138//2402 2150//2331 2126//2403
f 2124//2332 2126//2403 2051//2329
f 2107//2340 2126//2403 2124//2332
f 2107//2340 2127//2380 2125//2404
f 2107//2340 2125//2404 2126//2403
f 2148//2405 2147//2406 2127//2380
f 2108//2381 2148//2405 2127//2380
f 2148//2405 2108//2381 2109//2378
f 2148//2405 2109//2378 2128//2379
f 2128//2379 2129//2342 2131//2407
f 2128//2379 2131//2407 2148//2405
f 2129//2342 2130//2383 2131//2407
f 2129//2342 2112//2376 2130//2383
f 2135//2408 2131//2407 2130//2383
f 2130//2383 2132//2409 2135//2408
f 2117//2384 2132//2409 2130//2383
f 2131//2407 2136//2410 2148//2405
f 2135//2408 2132//2409 2134//2411
f 2133//2387 2132//2409 2117//2384
f 2136//2410 2131//2407 2135//2408
f 2148//2405 2136//2410 2146//2412
f 2127//2380 2147//2406 2125//2404
f 2126//2403 2125//2404 2138//2402
f 2138//2402 2137//2413 2150//2331
f 2147//2406 2137//2413 2138//2402
f 2125//2404 2147//2406 2138//2402
f 2147//2406 2146//2412 2139//2397
f 2136//2410 2140//2395 2139//2397
f 2136//2410 2141//2392 2140//2395
f 2134//2411 2136//2410 2135//2408
f 2134//2411 2141//2392 2136//2410
f 2134//2411 2133//2387 2141//2392
f 2133//2387 2122//2393 2141//2392
f 2142//2374 2121//2414 2133//2387
f 2118//2372 2143//2385 2120//2386
f 2133//2387 2121//2414 2122//2393
f 2142//2374 2144//2391 2121//2414
f 2120//2386 2144//2391 2142//2374
f 2143//2385 2145//2388 2120//2386
f 2136//2410 2139//2397 2146//2412
f 2160//2396 2123//2398 2139//2397
f 2137//2413 2139//2397 2123//2398
f 2123//2398 2150//2331 2137//2413
f 2147//2406 2139//2397 2137//2413
f 2148//2405 2146//2412 2147//2406
f 2134//2411 2132//2409 2133//2387
f 2129//2342 2128//2379 2110//2382
f 2126//2403 2149//2330 2051//2329
f 2126//2403 2150//2331 2149//2330
f 2150//2331 2151//2415 2050//2326
f 2151//2415 2152//2327 2050//2326
f 2152//2327 3229//2416 2153//2417
f 2050//2326 2152//2327 1758//2002
f 2048//2324 2152//2327 2153//2417
f 2153//2417 2154//2418 2285//2322
f 2155//2419 2285//2322 2154//2418
f 2155//2419 2154//2418 2282//2420
f 2282//2420 2341//2421 2155//2419
f 2155//2419 2341//2421 2283//2422
f 2341//2421 2346//2423 2283//2422
f 2345//2424 2342//2425 2282//2420
f 2151//2415 2156//2426 3229//2416
f 2157//2401 2156//2426 2151//2415
f 2156//2426 2280//2427 3229//2416
f 2157//2401 2280//2427 2156//2426
f 2157//2401 2158//2428 2280//2427
f 2159//2400 2158//2428 2157//2401
f 2123//2398 2159//2400 2157//2401
f 2159//2400 2200//2429 2158//2428
f 2198//2399 2200//2429 2159//2400
f 2161//2394 2160//2396 2140//2395
f 2161//2394 2162//2430 2160//2396
f 2122//2393 2162//2430 2161//2394
f 2122//2393 2121//2414 2163//2431
f 2121//2414 2144//2391 2163//2431
f 2162//2430 2164//2432 2169//2433
f 2122//2393 2164//2432 2162//2430
f 2163//2431 2164//2432 2122//2393
f 2163//2431 2168//2434 2164//2432
f 2145//2388 2166//2435 3228//2390
f 2145//2388 2165//2389 2166//2435
f 2166//2435 2176//2436 2172//2437
f 3228//2390 2166//2435 2167//2438
f 2167//2438 2179//2439 2171//2440
f 2167//2438 2171//2440 2168//2434
f 2144//2391 3228//2390 2163//2431
f 2199//2441 2198//2399 2169//2433
f 2169//2433 2203//2442 2199//2441
f 2169//2433 2170//2443 2203//2442
f 2171//2440 2169//2433 2164//2432
f 2168//2434 2171//2440 2164//2432
f 2171//2440 2170//2443 2169//2433
f 2167//2438 2172//2437 2179//2439
f 2166//2435 2172//2437 2167//2438
f 2177//2444 2172//2437 2176//2436
f 2172//2437 2177//2444 2181//2445
f 2177//2444 2185//2446 2181//2445
f 2119//2368 2173//2367 2165//2389
f 2173//2367 2175//2447 2165//2389
f 2174//2448 2175//2447 2173//2367
f 2174//2448 2176//2436 2175//2447
f 2177//2444 2176//2436 2178//2449
f 2178//2449 2185//2446 2177//2444
f 2178//2449 2218//2450 2185//2446
f 2172//2437 2181//2445 2179//2439
f 2179//2439 2194//2451 2197//2452
f 2179//2439 2180//2453 2194//2451
f 2181//2445 2182//2454 2189//2455
f 2181//2445 2189//2455 2179//2439
f 2215//2456 2190//2457 2183//2458
f 2184//2459 2183//2458 2182//2454
f 2185//2446 2184//2459 2182//2454
f 2188//2460 2184//2459 2185//2446
f 2218//2450 2188//2460 2185//2446
f 2174//2448 2178//2449 2176//2436
f 2186//2371 2187//2461 2174//2448
f 2174//2448 2187//2461 2178//2449
f 2178//2449 2187//2461 2218//2450
f 3222//2462 2188//2460 2218//2450
f 2184//2459 2216//2463 2215//2456
f 2183//2458 2184//2459 2215//2456
f 2214//2464 2189//2455 2183//2458
f 2179//2439 2189//2455 2180//2453
f 2180//2453 2191//2465 2208//2466
f 2180//2453 2214//2464 2191//2465
f 2189//2455 2214//2464 2180//2453
f 2249//2467 2252//2468 2190//2457
f 2190//2457 2252//2468 2250//2469
f 2192//2470 2193//2471 2213//2472
f 3227//2473 2212//2474 2192//2470
f 2192//2470 2212//2474 2208//2466
f 2192//2470 2208//2466 2191//2465
f 2214//2464 2192//2470 2191//2465
f 2213//2472 3227//2473 2192//2470
f 2192//2470 2214//2464 2193//2471
f 2207//2475 2195//2476 2194//2451
f 2196//2477 2195//2476 2207//2475
f 2194//2451 2195//2476 2197//2452
f 2203//2442 2197//2452 2196//2477
f 2197//2452 2203//2442 2170//2443
f 2199//2441 2203//2442 2202//2478
f 2199//2441 2200//2429 2198//2399
f 2200//2429 2205//2479 2279//2480
f 2201//2481 2205//2479 2200//2429
f 2206//2482 2202//2478 2196//2477
f 2196//2477 2202//2478 2203//2442
f 2204//2483 2209//2484 2206//2482
f 2206//2482 2466//2485 2462//2486
f 2466//2485 2206//2482 2209//2484
f 3220//2487 2277//2488 2722//2489
f 2207//2475 2210//2490 2196//2477
f 2211//2491 2210//2490 2207//2475
f 2208//2466 2211//2491 2207//2475
f 2212//2474 2211//2491 2208//2466
f 2210//2490 2209//2484 2204//2483
f 2265//2492 3220//2487 2209//2484
f 2211//2491 2265//2492 2210//2490
f 2264//2493 2265//2492 2211//2491
f 2210//2490 2265//2492 2209//2484
f 2263//2494 3227//2473 2213//2472
f 2250//2469 2193//2471 2214//2464
f 2190//2457 2250//2469 2214//2464
f 2216//2463 2249//2467 2190//2457
f 2215//2456 2216//2463 2190//2457
f 2238//2495 3226//2496 3223//2497
f 3223//2497 2217//2498 2228//2499
f 2186//2371 2085//2365 2219//2364
f 2220//2361 2221//2500 2187//2461
f 2218//2450 2228//2499 2217//2498
f 2219//2364 2093//2363 2220//2361
f 2229//2501 2221//2500 2222//2362
f 2220//2361 2222//2362 2221//2500
f 2225//2502 2222//2362 2092//2359
f 2083//2358 2225//2502 2092//2359
f 2083//2358 2227//2503 2225//2502
f 2223//682 659//679 2234//678
f 2223//682 2234//678 2224//1416
f 2227//2503 2224//1416 2237//2504
f 2226//2505 2227//2503 2233//2506
f 2222//2362 2225//2502 2231//2507
f 2231//2507 2229//2501 2222//2362
f 2226//2505 2231//2507 2225//2502
f 2233//2506 2231//2507 2226//2505
f 2229//2501 2231//2507 2230//2508
f 2221//2500 2229//2501 2228//2499
f 2221//2500 2228//2499 2187//2461
f 2228//2499 2238//2495 3223//2497
f 2229//2501 2230//2508 2239//2509
f 2230//2508 2240//2510 2239//2509
f 2227//2503 2237//2504 2233//2506
f 2236//2215 2234//678 2235//680
f 2237//2504 2234//678 2236//2215
f 2237//2504 2232//2511 2233//2506
f 2504//2219 2505//2512 2237//2504
f 2236//2215 2504//2219 2237//2504
f 2505//2512 2511//676 658//675
f 2237//2504 2505//2512 658//675
f 2232//2511 2237//2504 658//675
f 2231//2507 2232//2511 2230//2508
f 2239//2509 2240//2510 2238//2495
f 2230//2508 657//677 2240//2510
f 657//677 2230//2508 2232//2511
f 2232//2511 658//675 657//677
f 3196//2513 2241//2514 2240//2510
f 3196//2513 2240//2510 657//677
f 2240//2510 3226//2496 2238//2495
f 2240//2510 3221//2515 3226//2496
f 2241//2514 3221//2515 2240//2510
f 3226//2496 3221//2515 2249//2467
f 3221//2515 2241//2514 2243//2516
f 656//674 2243//2516 2241//2514
f 656//674 2244//673 2243//2516
f 2248//2517 2243//2516 2242//2518
f 2244//673 2242//2518 2243//2516
f 2244//673 621//2519 2247//2520
f 2242//2518 2244//673 2247//2520
f 621//2519 2244//673 631//643
f 622//628 631//643 655//672
f 631//643 622//628 632//630
f 2245//671 654//668 623//633
f 622//628 2245//671 624//631
f 2246//669 2515//634 623//633
f 624//631 2245//671 623//633
f 620//627 621//2519 633//625
f 620//627 2247//2520 621//2519
f 2777//2521 2247//2520 2778//2522
f 2242//2518 2777//2521 2248//2517
f 2247//2520 2777//2521 2242//2518
f 2254//2523 3221//2515 2255//2524
f 3221//2515 2254//2523 2249//2467
f 2254//2523 2252//2468 2249//2467
f 2213//2472 2250//2469 2267//2525
f 2261//2526 2262//2527 2250//2469
f 2252//2468 2261//2526 2250//2469
f 2251//2528 2733//2529 2259//2530
f 2251//2528 2252//2468 2253//2531
f 2254//2523 2253//2531 2252//2468
f 2253//2531 2255//2524 2258//2532
f 2255//2524 2775//2533 2258//2532
f 2254//2523 2255//2524 2253//2531
f 2775//2533 2776//2534 2256//2535
f 2776//2534 2257//2536 2256//2535
f 2256//2535 2257//2536 2258//2532
f 2258//2532 2257//2536 2733//2529
f 2775//2533 2256//2535 2258//2532
f 2733//2529 2253//2531 2258//2532
f 2251//2528 2253//2531 2733//2529
f 2731//2537 2259//2530 2733//2529
f 2260//2538 2259//2530 2731//2537
f 2729//2539 2251//2528 2259//2530
f 2261//2526 2252//2468 2251//2528
f 2251//2528 2729//2539 2261//2526
f 2268//2540 2261//2526 2729//2539
f 2270//2541 2267//2525 2262//2527
f 2268//2540 2270//2541 2262//2527
f 2262//2527 2261//2526 2268//2540
f 2270//2541 2268//2540 2269//2542
f 2273//2543 2213//2472 2267//2525
f 2273//2543 2263//2494 2213//2472
f 2264//2493 2263//2494 2272//2544
f 2264//2493 2272//2544 2265//2492
f 2265//2492 2266//2545 3220//2487
f 2275//2546 2272//2544 2273//2543
f 2265//2492 2272//2544 2266//2545
f 2272//2544 2263//2494 2273//2543
f 2727//2547 2728//2548 2268//2540
f 2728//2548 2726//2549 2269//2542
f 2268//2540 2728//2548 2269//2542
f 2726//2549 2270//2541 2269//2542
f 2726//2549 2724//2550 2270//2541
f 2271//2551 2270//2541 2724//2550
f 2723//2552 2271//2551 2724//2550
f 2725//2553 2724//2550 2726//2549
f 2723//2552 2724//2550 2742//2554
f 2271//2551 2273//2543 2267//2525
f 2271//2551 2275//2546 2273//2543
f 2275//2546 2271//2551 2723//2552
f 2272//2544 2275//2546 2274//2555
f 2276//2556 2274//2555 2275//2546
f 2723//2552 2276//2556 2275//2546
f 2276//2556 2723//2552 2745//2557
f 3220//2487 2722//2489 2466//2485
f 2461//2558 2462//2486 2466//2485
f 2279//2480 2281//2559 2158//2428
f 2200//2429 2279//2480 2158//2428
f 2206//2482 2462//2486 2205//2479
f 2462//2486 2278//2560 2205//2479
f 2279//2480 2205//2479 2278//2560
f 2201//2481 2206//2482 2205//2479
f 2280//2427 2281//2559 3230//2561
f 2158//2428 2281//2559 2280//2427
f 2279//2480 2278//2560 2281//2559
f 2281//2559 2278//2560 2345//2424
f 2282//2420 2281//2559 2345//2424
f 2283//2422 2332//2562 2284//2323
f 2283//2422 2284//2323 2155//2419
f 2284//2323 2285//2322 2155//2419
f 2153//2417 2285//2322 2046//2325
f 2284//2323 2332//2562 2286//2321
f 2286//2321 2331//2563 2043//2319
f 2331//2563 2289//2320 2043//2319
f 2288//2564 2287//2317 2289//2320
f 3219//2565 2288//2564 2289//2320
f 2340//2566 2331//2563 2339//2567
f 2331//2563 2340//2566 3219//2565
f 2340//2566 2333//2568 3219//2565
f 2288//2564 3219//2565 2302//2569
f 2291//2315 2296//2570 2292//2316
f 2292//2316 2293//2032 2290//2027
f 2288//2564 2301//2571 2291//2315
f 2302//2569 2301//2571 2288//2564
f 2291//2315 2301//2571 2296//2570
f 2296//2570 2295//2572 2292//2316
f 2293//2032 2294//2573 2297//2031
f 2293//2032 2295//2572 2294//2573
f 2292//2316 2295//2572 2293//2032
f 2294//2573 2300//2574 2299//2575
f 2295//2572 2300//2574 2294//2573
f 2296//2570 2301//2571 2302//2569
f 2299//2575 2298//2310 2297//2031
f 2298//2310 2303//2313 2036//2312
f 2299//2575 2303//2313 2298//2310
f 2300//2574 2327//2576 2299//2575
f 2300//2574 2328//2577 2327//2576
f 2300//2574 2329//2578 2328//2577
f 2330//2579 2329//2578 2300//2574
f 2300//2574 2302//2569 2330//2579
f 2333//2568 2330//2579 2302//2569
f 2327//2576 2328//2577 2336//2580
f 2327//2576 2326//2581 2299//2575
f 2299//2575 2326//2581 2303//2313
f 2303//2313 2325//2582 2304//2308
f 2303//2313 2304//2308 2034//2309
f 2304//2308 2348//2583 2032//2307
f 2326//2581 2325//2582 2303//2313
f 2325//2582 2348//2583 2304//2308
f 2318//2584 2305//2160 2317//2302
f 2306//2297 2316//2585 2307//2298
f 2306//2297 2318//2584 2316//2585
f 2315//2296 2024//2163 2307//2298
f 2308//2295 2315//2296 2313//2586
f 2308//2295 2313//2586 2358//2294
f 2309//2165 2310//2164 2311//2587
f 2311//2587 1901//2166 2309//2165
f 1901//2166 2311//2587 2374//2292
f 2310//2164 2312//2588 2311//2587
f 2310//2164 2358//2294 2312//2588
f 2311//2587 2312//2588 2360//2589
f 2311//2587 2373//2590 2374//2292
f 2311//2587 2360//2589 2373//2590
f 2313//2586 2314//2591 2359//2592
f 2358//2294 2313//2586 2359//2592
f 2314//2591 2356//2593 2359//2592
f 2315//2296 2357//2594 2314//2591
f 2307//2298 2357//2594 2315//2296
f 2357//2594 2324//2595 2354//2596
f 2320//2597 2323//2598 2357//2594
f 2322//2300 2321//2599 2318//2584
f 2318//2584 2317//2302 2322//2300
f 2319//2303 2353//2600 2322//2300
f 2320//2597 2318//2584 2321//2599
f 2353//2600 2365//2601 2321//2599
f 2322//2300 2353//2600 2321//2599
f 2323//2598 2321//2599 2365//2601
f 2323//2598 2320//2597 2321//2599
f 2364//2602 2354//2596 2324//2595
f 2323//2598 2365//2601 2324//2595
f 2325//2582 2326//2581 2348//2583
f 2327//2576 2336//2580 2326//2581
f 2329//2578 2336//2580 2328//2577
f 2334//2603 2335//2604 2329//2578
f 2330//2579 2334//2603 2329//2578
f 2335//2604 2334//2603 2347//2605
f 2332//2562 2339//2567 2331//2563
f 2286//2321 2332//2562 2331//2563
f 2333//2568 2337//2606 2330//2579
f 2346//2423 2340//2566 2339//2567
f 2340//2566 3218//2607 2333//2568
f 2337//2606 2333//2568 2338//2608
f 2330//2579 2337//2606 2334//2603
f 2336//2580 2329//2578 2335//2604
f 2347//2605 2348//2583 2335//2604
f 2336//2580 2335//2604 2348//2583
f 2338//2608 2347//2605 2337//2606
f 2347//2605 2338//2608 2351//2609
f 2352//2610 3218//2607 2340//2566
f 2339//2567 2283//2422 2346//2423
f 2344//2611 2343//2612 2341//2421
f 2344//2611 2341//2421 2342//2425
f 2344//2611 2342//2425 2345//2424
f 2464//2613 2346//2423 2343//2612
f 2343//2612 2344//2611 2463//2614
f 2345//2424 2278//2560 2463//2614
f 2344//2611 2345//2424 2463//2614
f 2346//2423 2464//2613 2460//2615
f 2460//2615 2459//2616 2346//2423
f 2459//2616 2352//2610 2346//2423
f 2341//2421 2343//2612 2346//2423
f 2352//2610 2340//2566 2346//2423
f 2348//2583 2350//2617 2349//2618
f 2415//2619 2319//2303 2348//2583
f 2349//2618 2415//2619 2348//2583
f 2350//2617 2415//2619 2349//2618
f 2348//2583 3176//2620 2350//2617
f 3176//2620 2415//2619 2350//2617
f 2351//2609 2472//2621 2347//2605
f 3218//2607 2470//2622 2351//2609
f 2352//2610 2470//2622 3218//2607
f 2459//2616 2470//2622 2352//2610
f 2470//2622 2472//2621 2351//2609
f 2472//2621 2474//2623 2347//2605
f 2348//2583 2474//2623 3176//2620
f 2415//2619 2457//2624 2319//2303
f 2319//2303 2457//2624 2353//2600
f 2457//2624 2367//2625 2353//2600
f 2367//2625 2365//2601 2353//2600
f 2354//2596 2362//2626 2356//2593
f 2356//2593 2362//2626 2355//2627
f 2356//2593 2357//2594 2354//2596
f 2358//2294 2359//2592 2312//2588
f 2360//2589 2312//2588 2359//2592
f 2360//2589 2359//2592 2355//2627
f 2359//2592 2356//2593 2355//2627
f 2355//2627 2363//2628 2360//2589
f 2362//2626 2363//2628 2355//2627
f 2360//2589 2363//2628 2371//2629
f 2373//2590 2377//2630 2374//2292
f 2360//2589 2371//2629 2370//2631
f 2361//2632 2362//2626 2369//2633
f 2361//2632 2371//2629 2363//2628
f 2361//2632 2363//2628 2362//2626
f 2369//2633 2362//2626 2366//2634
f 2354//2596 2364//2602 2362//2626
f 2366//2634 2362//2626 2364//2602
f 2367//2625 2368//2635 2366//2634
f 2364//2602 2367//2625 2366//2634
f 2365//2601 2367//2625 2364//2602
f 2415//2619 3176//2620 2457//2624
f 2369//2633 2366//2634 2368//2635
f 2367//2625 2413//2636 2368//2635
f 2368//2635 2408//2637 2369//2633
f 2407//2638 2408//2637 2368//2635
f 2368//2635 2413//2636 2407//2638
f 2457//2624 2413//2636 2367//2625
f 2457//2624 2456//2639 2413//2636
f 2370//2631 2372//2640 2401//2641
f 2371//2629 2372//2640 2370//2631
f 2372//2640 2371//2629 2361//2632
f 2402//2642 2401//2641 2403//2643
f 2373//2590 2370//2631 2377//2630
f 2373//2590 2360//2589 2370//2631
f 2376//2644 2374//2292 2377//2630
f 2375//2290 2374//2292 2376//2644
f 2018//2291 2374//2292 2375//2290
f 2375//2290 2376//2644 2379//2288
f 2379//2288 2376//2644 2398//2645
f 2377//2630 2399//2646 2376//2644
f 2377//2630 2370//2631 2400//2647
f 2399//2646 2436//2648 2376//2644
f 2420//2649 2379//2288 2398//2645
f 2420//2649 2422//2287 2378//2283
f 2379//2288 2420//2649 2378//2283
f 2397//2650 2381//2286 2380//2284
f 2395//2651 2396//2652 3209//2653
f 2396//2652 2395//2651 2381//2286
f 3214//2654 2382//2281 3216//2655
f 2010//2279 2382//2281 3214//2654
f 3214//2654 2390//2280 2010//2279
f 2383//2268 2001//2267 2009//2250
f 2390//2280 2392//2656 2383//2268
f 2392//2656 2424//2657 2383//2268
f 2425//2658 2389//2269 2383//2268
f 2384//2245 2389//2269 2386//2278
f 2008//2243 2384//2245 2386//2278
f 2387//2276 2385//2277 2386//2278
f 2387//2276 2005//2274 2385//2277
f 2386//2278 2389//2269 2494//2659
f 2387//2276 2386//2278 2494//2659
f 3203//2275 2387//2276 2494//2659
f 3208//2660 3207//2661 2389//2269
f 2494//2659 2389//2269 3207//2661
f 2389//2269 2425//2658 3208//2660
f 2424//2657 2425//2658 2383//2268
f 2391//2662 2394//2663 3215//2664
f 3214//2654 3215//2664 2390//2280
f 3215//2664 2392//2656 2390//2280
f 2394//2663 2431//2665 2430//2666
f 2423//2667 2432//2668 2431//2665
f 2395//2651 2423//2667 2393//2669
f 2393//2669 2423//2667 2394//2663
f 2391//2662 2393//2669 2394//2663
f 2423//2667 2431//2665 2394//2663
f 2395//2651 2393//2669 2381//2286
f 2435//2670 3209//2653 2396//2652
f 2435//2670 2396//2652 2397//2650
f 2421//2671 2397//2650 2422//2287
f 2422//2287 2397//2650 2380//2284
f 2398//2645 2436//2648 2420//2649
f 2400//2647 2402//2642 2399//2646
f 2399//2646 2437//2672 2436//2648
f 2399//2646 2419//2673 2437//2672
f 2370//2631 2401//2641 2400//2647
f 2400//2647 2401//2641 2402//2642
f 2399//2646 2402//2642 2419//2673
f 2410//2674 2418//2675 2402//2642
f 2410//2674 2402//2642 2403//2643
f 2410//2674 2403//2643 2406//2676
f 2404//2677 2406//2676 2403//2643
f 2403//2643 2372//2640 2404//2677
f 2406//2676 2404//2677 2405//2678
f 2405//2678 2361//2632 2369//2633
f 2412//2679 2405//2678 2369//2633
f 2409//2680 2411//2681 2405//2678
f 2405//2678 2411//2681 2406//2676
f 2408//2637 2412//2679 2369//2633
f 2414//2682 2407//2638 2413//2636
f 2408//2637 2414//2682 2412//2679
f 2407//2638 2414//2682 2408//2637
f 2411//2681 2410//2674 2406//2676
f 2410//2674 2411//2681 2416//2683
f 2448//2684 2416//2683 2409//2680
f 2409//2680 2412//2679 2448//2684
f 2447//2685 2448//2684 2412//2679
f 2413//2636 2456//2639 2447//2685
f 2413//2636 2447//2685 2414//2682
f 2447//2685 2412//2679 2414//2682
f 2447//2685 2446//2686 2448//2684
f 2448//2684 2449//2687 2416//2683
f 2416//2683 2449//2687 3212//2688
f 2452//2689 2442//2690 2417//2691
f 2442//2690 2452//2689 2443//2692
f 3213//2693 2417//2691 2480//2694
f 3213//2693 2418//2675 2410//2674
f 2419//2673 2440//2695 2437//2672
f 2440//2695 2419//2673 2480//2694
f 2480//2694 2418//2675 3213//2693
f 2438//2696 2421//2671 2436//2648
f 2435//2670 2397//2650 2438//2696
f 2438//2696 2397//2650 2421//2671
f 2422//2287 2420//2649 2421//2671
f 2482//2697 2439//2698 2435//2670
f 2439//2698 3209//2653 2435//2670
f 2484//2699 3210//2700 3209//2653
f 2432//2668 2488//2701 2431//2665
f 2425//2658 2424//2657 2426//2702
f 3208//2660 2425//2658 2426//2702
f 2493//2703 2426//2702 2491//2704
f 2426//2702 2427//2705 2492//2706
f 2431//2665 2429//2707 2430//2666
f 2430//2666 2429//2707 2427//2705
f 2492//2706 2427//2705 2428//2708
f 2623//2709 2492//2706 2428//2708
f 2427//2705 2429//2707 2428//2708
f 2429//2707 2431//2665 2488//2701
f 2484//2699 3211//2710 2483//2711
f 2483//2711 2434//2712 2482//2697
f 3211//2710 2439//2698 2482//2697
f 2437//2672 2440//2695 2481//2713
f 2437//2672 2481//2713 2438//2696
f 2436//2648 2437//2672 2438//2696
f 2484//2699 2439//2698 3211//2710
f 2484//2699 3209//2653 2439//2698
f 2440//2695 2441//2714 2481//2713
f 2440//2695 2480//2694 2441//2714
f 2417//2691 2479//2715 2441//2714
f 2444//2716 2479//2715 2442//2690
f 2443//2692 2444//2716 2442//2690
f 2443//2692 2454//2717 2476//2718
f 2444//2716 2443//2692 2476//2718
f 2476//2718 2477//2719 2444//2716
f 2458//2720 2475//2721 2446//2686
f 2456//2639 2458//2720 2446//2686
f 2456//2639 2446//2686 2447//2685
f 2450//2722 3212//2688 2449//2687
f 2449//2687 2451//2723 2450//2722
f 2449//2687 2448//2684 2446//2686
f 2446//2686 2451//2723 2449//2687
f 2453//2724 2451//2723 2446//2686
f 2446//2686 2455//2725 2453//2724
f 2452//2689 2450//2722 2453//2724
f 2443//2692 2452//2689 2453//2724
f 2443//2692 2453//2724 2454//2717
f 2445//2726 2476//2718 2454//2717
f 2454//2717 2455//2725 2445//2726
f 2446//2686 2475//2721 2455//2725
f 2475//2721 2445//2726 2455//2725
f 2455//2725 2454//2717 2453//2724
f 2450//2722 2451//2723 2453//2724
f 2457//2624 2458//2720 2456//2639
f 3176//2620 2844//2727 2457//2624
f 2844//2727 2458//2720 2457//2624
f 2458//2720 3188//2728 2475//2721
f 2469//2729 2470//2622 2459//2616
f 2460//2615 2469//2729 2459//2616
f 2469//2729 2465//2730 2461//2558
f 2462//2486 2463//2614 2278//2560
f 2464//2613 2463//2614 2461//2558
f 2464//2613 2461//2558 2465//2730
f 2464//2613 2465//2730 2460//2615
f 2465//2730 2469//2729 2460//2615
f 2462//2486 2461//2558 2463//2614
f 2466//2485 2469//2729 2461//2558
f 2471//2731 2470//2622 2469//2729
f 2468//2732 2469//2729 2467//2733
f 2466//2485 2467//2733 2469//2729
f 2466//2485 2722//2489 2467//2733
f 3181//2734 3182//2735 2473//2736
f 2468//2732 2467//2733 2473//2736
f 2468//2732 2473//2736 2471//2731
f 2471//2731 2472//2621 2470//2622
f 2471//2731 2473//2736 2472//2621
f 2473//2736 2474//2623 2472//2621
f 2473//2736 2720//2737 2474//2623
f 2720//2737 2751//2738 2474//2623
f 2720//2737 2750//2739 2751//2738
f 2751//2738 2759//2740 2474//2623
f 2474//2623 2759//2740 3176//2620
f 2658//2741 3188//2728 2458//2720
f 3188//2728 3189//2742 2475//2721
f 2475//2721 3189//2742 2445//2726
f 2477//2719 2476//2718 2445//2726
f 2662//2743 2657//2744 2659//2745
f 2478//2746 2657//2744 2662//2743
f 2479//2715 2444//2716 2478//2746
f 2657//2744 2478//2746 2444//2716
f 2479//2715 2478//2746 2656//2747
f 2441//2714 2479//2715 2481//2713
f 2480//2694 2417//2691 2441//2714
f 2481//2713 2479//2715 2656//2747
f 2482//2697 2481//2713 2656//2747
f 2482//2697 2656//2747 2483//2711
f 2483//2711 2655//2748 2654//2749
f 2654//2749 2484//2699 2483//2711
f 2490//2750 2484//2699 2654//2749
f 2484//2699 2489//2751 2433//2752
f 2490//2750 2489//2751 2484//2699
f 2485//2753 2490//2750 2654//2749
f 2655//2748 2665//2754 2654//2749
f 2667//2755 2654//2749 2665//2754
f 2485//2753 2654//2749 2653//2756
f 2650//2757 2486//2758 2652//2759
f 2488//2701 2624//2760 2429//2707
f 2488//2701 2487//2761 2624//2760
f 2488//2701 2486//2758 2487//2761
f 2432//2668 2433//2752 2486//2758
f 2486//2758 2433//2752 2489//2751
f 2487//2761 2486//2758 2650//2757
f 2652//2759 2486//2758 2489//2751
f 2489//2751 2490//2750 2652//2759
f 2485//2753 2652//2759 2490//2750
f 2486//2758 2488//2701 2432//2668
f 2623//2709 2428//2708 2624//2760
f 2648//2762 2625//2763 2624//2760
f 2487//2761 2648//2762 2624//2760
f 2648//2762 2487//2761 2650//2757
f 2624//2760 2626//2764 2623//2709
f 2623//2709 2626//2764 2622//2765
f 3207//2661 2493//2703 2496//2766
f 2495//2767 2493//2703 2491//2704
f 2495//2767 2491//2704 2492//2706
f 2622//2765 2495//2767 2492//2706
f 3207//2661 2496//2766 3205//2768
f 3205//2768 2494//2659 3207//2661
f 2495//2767 2564//2769 2496//2766
f 2564//2769 2621//2770 2565//2771
f 2564//2769 2563//2772 2496//2766
f 2563//2772 2497//2773 2496//2766
f 2561//2774 2560//2775 2563//2772
f 2497//2773 2563//2772 2560//2775
f 1935//2206 2502//2229 2500//2207
f 2502//2229 2543//2776 2501//2209
f 2500//2207 2502//2229 2501//2209
f 2502//2229 2499//2228 2543//2776
f 2501//2209 2543//2776 2503//2210
f 2507//2777 2504//2219 2530//2221
f 2508//2778 2507//2777 2530//2221
f 2506//2779 2504//2219 2507//2777
f 2506//2779 2505//2512 2504//2219
f 2506//2779 2511//676 2505//2512
f 2506//2779 2510//2780 2511//676
f 2506//2779 2513//2781 2510//2780
f 3195//2782 2513//2781 2506//2779
f 2509//2783 2507//2777 2508//2778
f 3195//2782 2509//2783 3192//2784
f 3195//2782 2506//2779 2509//2783
f 657//677 2511//676 3196//2513
f 2511//676 2512//2785 3196//2513
f 2512//2785 2511//676 2510//2780
f 656//674 2512//2785 2514//670
f 2514//670 2512//2785 2510//2780
f 2246//669 2514//670 2516//2786
f 653//667 2515//634 2519//2787
f 2522//666 653//667 2519//2787
f 2515//634 2516//2786 2519//2787
f 2516//2786 2514//670 2517//2788
f 2516//2786 2517//2788 2518//2789
f 2517//2788 2590//2790 2518//2789
f 2590//2790 2520//2791 2518//2789
f 2519//2787 2518//2789 2521//2792
f 2516//2786 2518//2789 2519//2787
f 2518//2789 2520//2791 2521//2792
f 2522//666 2519//2787 2521//2792
f 2520//2791 2590//2790 2591//2793
f 2521//2792 2520//2791 2593//2794
f 2522//666 2521//2792 2596//2795
f 2523//665 3411//663 2522//666
f 2523//665 2522//666 2599//2796
f 2523//665 2599//2796 2527//2797
f 2523//665 2527//2797 2526//2798
f 2524//650 3194//664 2525//2799
f 2524//650 2682//2800 649//648
f 2525//2799 2682//2800 2524//650
f 3194//664 2523//665 2526//2798
f 2526//2798 2525//2799 3194//664
f 2682//2800 2525//2799 2526//2798
f 2685//2801 2682//2800 2683//2802
f 2526//2798 2683//2802 2682//2800
f 2526//2798 2527//2797 2683//2802
f 2527//2797 2686//2803 2683//2802
f 2686//2803 2527//2797 2606//2804
f 2599//2796 2522//666 2598//2805
f 2598//2805 2522//666 2596//2795
f 2596//2795 2521//2792 2593//2794
f 2591//2793 2593//2794 2520//2791
f 2513//2781 2590//2790 2517//2788
f 2592//2806 2590//2790 2589//2807
f 2590//2790 2528//2808 2589//2807
f 2528//2808 3195//2782 2588//2809
f 2528//2808 2588//2809 2589//2807
f 3195//2782 3192//2784 2588//2809
f 2509//2783 2508//2778 2529//2810
f 2509//2783 2529//2810 3192//2784
f 2529//2810 2530//2221 2537//2811
f 2532//2812 2530//2221 2531//2220
f 2583//2813 2537//2811 2582//2814
f 2537//2811 2583//2813 2529//2810
f 2532//2812 2536//2815 2537//2811
f 2530//2221 2532//2812 2537//2811
f 2531//2220 2533//2222 2532//2812
f 2544//2223 2534//2218 1949//2217
f 2503//2210 2543//2776 2544//2223
f 2533//2222 2534//2218 2542//2816
f 2534//2218 2544//2223 2542//2816
f 2533//2222 2542//2816 2540//2817
f 2535//2818 2533//2222 2540//2817
f 2535//2818 2540//2817 2539//2819
f 2538//2820 2535//2818 2539//2819
f 2536//2815 2535//2818 2538//2820
f 2537//2811 2536//2815 2538//2820
f 2582//2814 2537//2811 2576//2821
f 2576//2821 2538//2820 2577//2822
f 2577//2822 2538//2820 2539//2819
f 2539//2819 2541//2823 2554//2824
f 2539//2819 2540//2817 2541//2823
f 2542//2816 2541//2823 2540//2817
f 2578//2825 2539//2819 2554//2824
f 2542//2816 2544//2223 2545//2826
f 2553//2827 2554//2824 2552//2828
f 2554//2824 2541//2823 2552//2828
f 2547//2829 2551//2830 2543//2776
f 2551//2830 2544//2223 2543//2776
f 2545//2826 2551//2830 2546//2831
f 2556//2832 2552//2828 2546//2831
f 2545//2826 2544//2223 2551//2830
f 2499//2228 2547//2829 2543//2776
f 2551//2830 2548//2833 2557//2834
f 2550//2835 2557//2834 2548//2833
f 2548//2833 2547//2829 2549//2836
f 2549//2836 2547//2829 3197//2233
f 2559//2837 2550//2835 2549//2836
f 2559//2837 3193//2838 2550//2835
f 2557//2834 2550//2835 3193//2838
f 2557//2834 2556//2832 2546//2831
f 2546//2831 2551//2830 2557//2834
f 2552//2828 2556//2832 2555//2839
f 2541//2823 2546//2831 2552//2828
f 2541//2823 2545//2826 2546//2831
f 2552//2828 2555//2839 2553//2827
f 2553//2827 2555//2839 2581//2840
f 2555//2839 2572//2841 2581//2840
f 2558//2842 2571//2843 2555//2839
f 2558//2842 2556//2832 2557//2834
f 2555//2839 2556//2832 2558//2842
f 2558//2842 3193//2838 2570//2844
f 2559//2837 2569//2845 3193//2838
f 2559//2837 2498//2846 2569//2845
f 2560//2775 2569//2845 2498//2846
f 2560//2775 2561//2774 2568//2847
f 2563//2772 2562//2848 2561//2774
f 2562//2848 2619//2849 2561//2774
f 2567//2850 2562//2848 2628//2851
f 2566//2852 2628//2851 2562//2848
f 2564//2769 2565//2771 2566//2852
f 2566//2852 2563//2772 2564//2769
f 2562//2848 2563//2772 2566//2852
f 2564//2769 2622//2765 2621//2770
f 2621//2770 2622//2765 2626//2764
f 2566//2852 2627//2853 2628//2851
f 2565//2771 2627//2853 2566//2852
f 2561//2774 2619//2849 2616//2854
f 2569//2845 2568//2847 2616//2854
f 3191//2855 2615//2856 2570//2844
f 2569//2845 3191//2855 2570//2844
f 2570//2844 2615//2856 2558//2842
f 2571//2843 2558//2842 2615//2856
f 2615//2856 2572//2841 2571//2843
f 2572//2841 2614//2857 2573//2858
f 2572//2841 2555//2839 2571//2843
f 2613//2859 2614//2857 2618//2860
f 2573//2858 2614//2857 2613//2859
f 2574//2861 2573//2858 2632//2862
f 2576//2821 2584//2863 2582//2814
f 2576//2821 2577//2822 2584//2863
f 2577//2822 2539//2819 2578//2825
f 2578//2825 2554//2824 2553//2827
f 2584//2863 2577//2822 2579//2864
f 2579//2864 2575//2865 2584//2863
f 2578//2825 2579//2864 2577//2822
f 2580//2866 2579//2864 2578//2825
f 2581//2840 2580//2866 2578//2825
f 2553//2827 2581//2840 2578//2825
f 2575//2865 2579//2864 2580//2866
f 2574//2861 2587//2867 2575//2865
f 2575//2865 2580//2866 2574//2861
f 2580//2866 2581//2840 2572//2841
f 2572//2841 2573//2858 2574//2861
f 2572//2841 2574//2861 2580//2866
f 2529//2810 2583//2813 3192//2784
f 2588//2809 3192//2784 2586//2868
f 2583//2813 2582//2814 2584//2863
f 2583//2813 2584//2863 2585//2869
f 2585//2869 2586//2868 3192//2784
f 2601//2870 2585//2869 2584//2863
f 2584//2863 2575//2865 2601//2870
f 2586//2868 2585//2869 2601//2870
f 2601//2870 2594//2871 2586//2868
f 2588//2809 2586//2868 2594//2871
f 2575//2865 2587//2867 2601//2870
f 2600//2872 2574//2861 2632//2862
f 2612//2873 2632//2862 2573//2858
f 2602//2874 2594//2871 2601//2870
f 2589//2807 2594//2871 2595//2875
f 2589//2807 2588//2809 2594//2871
f 2591//2793 2590//2790 2592//2806
f 2591//2793 2592//2806 2593//2794
f 2592//2806 2595//2875 2597//2876
f 2593//2794 2592//2806 2597//2876
f 2596//2795 2593//2794 2597//2876
f 2595//2875 2594//2871 2602//2874
f 2597//2876 2602//2874 2603//2877
f 2602//2874 2597//2876 2595//2875
f 2596//2795 2597//2876 2603//2877
f 2598//2805 2596//2795 2603//2877
f 2598//2805 2603//2877 2604//2878
f 2604//2878 2599//2796 2598//2805
f 2605//2879 2599//2796 2604//2878
f 2606//2804 2527//2797 2599//2796
f 2599//2796 2605//2879 2606//2804
f 2606//2804 2605//2879 2681//2880
f 2604//2878 2603//2877 2693//2881
f 2603//2877 2602//2874 2608//2882
f 2602//2874 2601//2870 2609//2883
f 2601//2870 2600//2872 2609//2883
f 2609//2883 2600//2872 2610//2884
f 2608//2882 2609//2883 2678//2885
f 2602//2874 2609//2883 2608//2882
f 2605//2879 2604//2878 2607//2886
f 2693//2881 2607//2886 2604//2878
f 2681//2880 2607//2886 2695//2887
f 2605//2879 2607//2886 2681//2880
f 2686//2803 2606//2804 2681//2880
f 2603//2877 2608//2882 2678//2885
f 2603//2877 2678//2885 2679//2888
f 2610//2884 2688//2889 2609//2883
f 2611//2890 2677//2891 2610//2884
f 2610//2884 2677//2891 2688//2889
f 2573//2858 2613//2859 2612//2873
f 2612//2873 2613//2859 2632//2862
f 3191//2855 2617//2892 2615//2856
f 2569//2845 2616//2854 3191//2855
f 3191//2855 2620//2893 2617//2892
f 2618//2860 2617//2892 2620//2893
f 2630//2894 2618//2860 2620//2893
f 3191//2855 2619//2849 2620//2893
f 2629//2895 2620//2893 2619//2849
f 2629//2895 2631//2896 2620//2893
f 2638//2897 2619//2849 2567//2850
f 2638//2897 2567//2850 2628//2851
f 2640//2898 2628//2851 2627//2853
f 2627//2853 2565//2771 2621//2770
f 2647//2899 2714//2900 2621//2770
f 2626//2764 2624//2760 2673//2901
f 2624//2760 2625//2763 2673//2901
f 2626//2764 2647//2899 2621//2770
f 2673//2901 2647//2899 2626//2764
f 2627//2853 2621//2770 2639//2902
f 2640//2898 2627//2853 2639//2902
f 2641//2903 2628//2851 2646//2904
f 2638//2897 2628//2851 2641//2903
f 2619//2849 2638//2897 2629//2895
f 2642//2905 2637//2906 2629//2895
f 3190//2907 2620//2893 2631//2896
f 2634//2908 2620//2893 3190//2907
f 2633//2909 2630//2894 2634//2908
f 2633//2909 2677//2891 2630//2894
f 2632//2862 2613//2859 2630//2894
f 2677//2891 2611//2890 2632//2862
f 2633//2909 2689//2910 2677//2891
f 2634//2908 2696//2911 2633//2909
f 2634//2908 3190//2907 2635//2912
f 2635//2912 2636//2913 2699//2914
f 2643//2915 2699//2914 2636//2913
f 2637//2906 2642//2905 2645//2916
f 2638//2897 2642//2905 2629//2895
f 2642//2905 2638//2897 2641//2903
f 2675//2917 2646//2904 2640//2898
f 2643//2915 2637//2906 2645//2916
f 3185//2918 2643//2915 2644//2919
f 2645//2916 2644//2919 2643//2915
f 3185//2918 2676//2920 3186//2921
f 2644//2919 2676//2920 3185//2918
f 2644//2919 2646//2904 2676//2920
f 2676//2920 2646//2904 2675//2917
f 2675//2917 2640//2898 2639//2902
f 2639//2902 2704//2922 2675//2917
f 2714//2900 2674//2923 2639//2902
f 2639//2902 2621//2770 2714//2900
f 2673//2901 2709//2924 2647//2899
f 2650//2757 2649//2925 2648//2762
f 2649//2925 2672//2926 2648//2762
f 3187//2927 2707//2928 2672//2926
f 2652//2759 2651//2929 2650//2757
f 2649//2925 2650//2757 2651//2929
f 2649//2925 2651//2929 3187//2927
f 2653//2756 2651//2929 2652//2759
f 2653//2756 2652//2759 2485//2753
f 3187//2927 2651//2929 2653//2756
f 3187//2927 2653//2756 2669//2930
f 2654//2749 2668//2931 2653//2756
f 2654//2749 2667//2755 2668//2931
f 2663//2932 2665//2754 2655//2748
f 2663//2932 2655//2748 2662//2743
f 2662//2743 2483//2711 2656//2747
f 2662//2743 2656//2747 2478//2746
f 2665//2754 2663//2932 2664//2933
f 2659//2745 2660//2934 2662//2743
f 2844//2727 2658//2741 2458//2720
f 2658//2741 2659//2745 3189//2742
f 2658//2741 2819//2935 2659//2745
f 2658//2741 2844//2727 2819//2935
f 2819//2935 2660//2934 2659//2745
f 2661//2936 2660//2934 2819//2935
f 2822//2937 2661//2936 2820//2938
f 2821//2939 2661//2936 2822//2937
f 2662//2743 2660//2934 2664//2933
f 2663//2932 2662//2743 2664//2933
f 2661//2936 2664//2933 2660//2934
f 2717//2940 2664//2933 2661//2936
f 2821//2939 2717//2940 2661//2936
f 2716//2941 2665//2754 2664//2933
f 2665//2754 2666//2942 2667//2755
f 2716//2941 2667//2755 2666//2942
f 2716//2941 2824//2943 2667//2755
f 2667//2755 2824//2943 2825//2944
f 2824//2943 2826//2945 2825//2944
f 2668//2931 2667//2755 2669//2930
f 2711//2946 2671//2947 2669//2930
f 2670//2948 2669//2930 2712//2949
f 2669//2930 2667//2755 2712//2949
f 2672//2926 2709//2924 2673//2901
f 2647//2899 2709//2924 2714//2900
f 2674//2923 2704//2922 2639//2902
f 2704//2922 2706//2950 2675//2917
f 2706//2950 3186//2921 2675//2917
f 2943//2951 2706//2950 2945//2952
f 2943//2951 3186//2921 2706//2950
f 2675//2917 3186//2921 2676//2920
f 2699//2914 2948//2953 2635//2912
f 2635//2912 2948//2953 2696//2911
f 2696//2911 2697//2954 2633//2909
f 2633//2909 2697//2954 2689//2910
f 2609//2883 2688//2889 2678//2885
f 2679//2888 2678//2885 2687//2955
f 2693//2881 2679//2888 2687//2955
f 2603//2877 2679//2888 2693//2881
f 3054//2956 2680//2957 3063//2958
f 2680//2957 2686//2803 2681//2880
f 2681//2880 2695//2887 2680//2957
f 3053//2959 2683//2802 3056//2960
f 2683//2802 2686//2803 3056//2960
f 647//654 2685//2801 2684//662
f 2685//2801 647//654 649//648
f 2682//2800 2685//2801 649//648
f 2683//2802 3053//2959 2685//2801
f 3051//655 2684//662 3053//2959
f 3053//2959 2684//662 2685//2801
f 3056//2960 2686//2803 2680//2957
f 3056//2960 2680//2957 3054//2956
f 2607//2886 2694//2961 2695//2887
f 2693//2881 2687//2955 2692//2962
f 2692//2962 2691//2963 3068//2964
f 2687//2955 2691//2963 2692//2962
f 2688//2889 2689//2910 2691//2963
f 2690//2965 2689//2910 2697//2954
f 2689//2910 2690//2965 2691//2963
f 2691//2963 2690//2965 3069//2966
f 2694//2961 2692//2962 3068//2964
f 2692//2962 2694//2961 2693//2881
f 2695//2887 2694//2961 3063//2958
f 2695//2887 3063//2958 2680//2957
f 3065//2967 3064//2968 3063//2958
f 3065//2967 3156//2969 3064//2968
f 2694//2961 3066//2970 3065//2967
f 2691//2963 3069//2966 3068//2964
f 2697//2954 2696//2911 2700//2971
f 2700//2971 2698//2972 2690//2965
f 2698//2972 3076//2973 3071//2974
f 3076//2973 2698//2972 2947//2975
f 2947//2975 2698//2972 2700//2971
f 2700//2971 2696//2911 2701//2976
f 2696//2911 2948//2953 2701//2976
f 2701//2976 2947//2975 2700//2971
f 2948//2953 3077//2977 2701//2976
f 2701//2976 3077//2977 2947//2975
f 2699//2914 2946//2978 2948//2953
f 2702//2979 2699//2914 2643//2915
f 2702//2979 2946//2978 2699//2914
f 2943//2951 2952//2980 2703//2981
f 2703//2981 3186//2921 2943//2951
f 2945//2952 2704//2922 2915//2982
f 2705//2983 2704//2922 2674//2923
f 2706//2950 2704//2922 2945//2952
f 2705//2983 2915//2982 2704//2922
f 2714//2900 2672//2926 2707//2928
f 2707//2928 2710//2984 2714//2900
f 2714//2900 2709//2924 2672//2926
f 2708//2985 2914//2986 2705//2983
f 2705//2983 2674//2923 2714//2900
f 2710//2984 2708//2985 2714//2900
f 2710//2984 2715//2987 2708//2985
f 2711//2946 2715//2987 2710//2984
f 2711//2946 2670//2948 2715//2987
f 2827//2988 2712//2949 2713//2989
f 2713//2989 2712//2949 2825//2944
f 2827//2988 2713//2989 2828//2990
f 2670//2948 2827//2988 2715//2987
f 2705//2983 2714//2900 2708//2985
f 2915//2982 2705//2983 2914//2986
f 2918//2991 2914//2986 2708//2985
f 2918//2991 2708//2985 3165//2992
f 2715//2987 3165//2992 2708//2985
f 2918//2991 3165//2992 2919//2993
f 2825//2944 2828//2990 2713//2989
f 2824//2943 2830//2994 2826//2945
f 2823//2995 2824//2943 2716//2941
f 2823//2995 2717//2940 2821//2939
f 2717//2940 2823//2995 2716//2941
f 2665//2754 2716//2941 2666//2942
f 2716//2941 2664//2933 2717//2940
f 2844//2727 2820//2938 2819//2935
f 2718//2996 2811//2997 3176//2620
f 2811//2997 2718//2996 2764//2998
f 2719//2999 2764//2998 2718//2996
f 2718//2996 3184//3000 2719//2999
f 3183//3001 2746//3002 2721//3003
f 3181//2734 2746//3002 3183//3001
f 2277//2488 3181//2734 2722//2489
f 2277//2488 2276//2556 2746//3002
f 3180//3004 2745//2557 2723//2552
f 3180//3004 2723//2552 2742//2554
f 2724//2550 2725//2553 2741//3005
f 2724//2550 2741//3005 2742//2554
f 2725//2553 2736//3006 2741//3005
f 2726//2549 2734//3007 2725//2553
f 2729//2539 2727//2547 2268//2540
f 2260//2538 2727//2547 2729//2539
f 2729//2539 2259//2530 2260//2538
f 2732//3008 2728//2548 2727//2547
f 2260//2538 2732//3008 2727//2547
f 2728//2548 2732//3008 2730//3009
f 2726//2549 2728//2548 2730//3009
f 2732//3008 2735//3010 2730//3009
f 2731//2537 2773//3011 2735//3010
f 2257//2536 2773//3011 2731//2537
f 2257//2536 2731//2537 2733//2529
f 2731//2537 2735//3010 2732//3008
f 2732//3008 2260//2538 2731//2537
f 2773//3011 2257//2536 2774//3012
f 2774//3012 2780//3013 2773//3011
f 2772//3014 2730//3009 2735//3010
f 2730//3009 2772//3014 2734//3007
f 2726//2549 2730//3009 2734//3007
f 2734//3007 2772//3014 2736//3006
f 2736//3006 2772//3014 2739//3015
f 2735//3010 2773//3011 2772//3014
f 2773//3011 2781//3016 2772//3014
f 2738//3017 2739//3015 2740//3018
f 2740//3018 2770//3019 2738//3017
f 2771//3020 2740//3018 2739//3015
f 2770//3019 2771//3020 2791//3021
f 2771//3020 2770//3019 2740//3018
f 2737//3022 2738//3017 2744//3023
f 2741//3005 2736//3006 2737//3022
f 2736//3006 2738//3017 2737//3022
f 2743//3024 2742//2554 2741//3005
f 2743//3024 2741//3005 2737//3022
f 2737//3022 2744//3023 2743//3024
f 2769//3025 2744//3023 2755//3026
f 2743//3024 2754//3027 2747//3028
f 3180//3004 2742//2554 2747//3028
f 2745//2557 3180//3004 2748//3029
f 2745//2557 2748//3029 2746//3002
f 2746//3002 2749//3030 2721//3003
f 2746//3002 2748//3029 2749//3030
f 2752//3031 2748//3029 3180//3004
f 3180//3004 2747//3028 2752//3031
f 2754//3027 2753//3032 2747//3028
f 2753//3032 2752//3031 2747//3028
f 2752//3031 2760//3033 2748//3029
f 2749//3030 2748//3029 2751//2738
f 2720//2737 2749//3030 2750//2739
f 2720//2737 2721//3003 2749//3030
f 2748//3029 2758//3034 2751//2738
f 2758//3034 2748//3029 2760//3033
f 2752//3031 2753//3032 2760//3033
f 2754//3027 2743//3024 2744//3023
f 2744//3023 2769//3025 2754//3027
f 2756//3035 2754//3027 2769//3025
f 2769//3025 2757//3036 2756//3035
f 2738//3017 2770//3019 2744//3023
f 2744//3023 2770//3019 2755//3026
f 2795//3037 2792//3038 2755//3026
f 2755//3026 2792//3038 2769//3025
f 2756//3035 2753//3032 2754//3027
f 2761//3039 2753//3032 2756//3035
f 2756//3035 2757//3036 2768//3040
f 2769//3025 2793//3041 2757//3036
f 2793//3041 2768//3040 2757//3036
f 2756//3035 2768//3040 2766//3042
f 2756//3035 2766//3042 2767//3043
f 2753//3032 2767//3043 2762//3044
f 2758//3034 3184//3000 2751//2738
f 2758//3034 2719//2999 3184//3000
f 2751//2738 3184//3000 2759//2740
f 2763//3045 2758//3034 2760//3033
f 2760//3033 2753//3032 2763//3045
f 2753//3032 2761//3039 2767//3043
f 2761//3039 2756//3035 2767//3043
f 2758//3034 2763//3045 2762//3044
f 2762//3044 2764//2998 2719//2999
f 2765//3046 2764//2998 2762//3044
f 2763//3045 2753//3032 2762//3044
f 2762//3044 2767//3043 2765//3046
f 2765//3046 2767//3043 2809//3047
f 2765//3046 2809//3047 2814//3048
f 2766//3042 2809//3047 2767//3043
f 2766//3042 2768//3040 2808//3049
f 2793//3041 2808//3049 2768//3040
f 2796//3050 2795//3037 2755//3026
f 2796//3050 2755//3026 2770//3019
f 2791//3021 2796//3050 2770//3019
f 2771//3020 2800//3051 2791//3021
f 2782//3052 2771//3020 2739//3015
f 2772//3014 2782//3052 2739//3015
f 2781//3016 2782//3052 2772//3014
f 2780//3013 2781//3016 2773//3011
f 2776//2534 2774//3012 2257//2536
f 2774//3012 2776//2534 3179//3053
f 3178//3054 2779//3055 2777//2521
f 3178//3054 2777//2521 2778//2522
f 2776//2534 2775//2533 2777//2521
f 2776//2534 2777//2521 2779//3055
f 2775//2533 2248//2517 2777//2521
f 2779//3055 3179//3053 2776//2534
f 2788//623 2783//3056 3179//3053
f 2779//3055 3178//3054 619//624
f 620//627 3178//3054 2778//2522
f 2778//2522 2247//2520 620//627
f 642//622 619//624 3178//3054
f 619//624 2788//623 2779//3055
f 2779//3055 2788//623 3179//3053
f 2783//3056 2780//3013 3179//3053
f 2783//3056 2784//3057 2780//3013
f 2784//3057 2786//3058 2781//3016
f 2782//3052 2781//3016 2786//3058
f 2786//3058 2771//3020 2782//3052
f 2790//3059 2800//3051 2771//3020
f 2786//3058 2790//3059 2771//3020
f 2783//3056 2788//623 2784//3057
f 2788//623 2787//3060 2784//3057
f 2786//3058 2784//3057 2787//3060
f 2785//3061 2790//3059 2786//3058
f 2787//3060 2785//3061 2786//3058
f 2787//3060 3171//3062 2785//3061
f 616//3063 3171//3062 2787//3060
f 2788//623 617//620 2787//3060
f 618//621 617//620 2788//623
f 616//3063 2787//3060 617//620
f 3171//3062 2789//3064 2785//3061
f 2789//3064 2800//3051 2790//3059
f 2791//3021 2800//3051 2805//3065
f 2805//3065 2799//3066 2791//3021
f 2791//3021 2799//3066 2796//3050
f 2792//3038 2793//3041 2769//3025
f 2792//3038 2794//3067 2793//3041
f 2807//3068 2793//3041 2794//3067
f 2806//3069 3172//3070 2807//3068
f 2792//3038 2795//3037 2797//3071
f 2797//3071 2795//3037 2798//3072
f 2796//3050 2798//3072 2795//3037
f 2799//3066 2798//3072 2796//3050
f 2860//3073 2806//3069 2797//3071
f 2798//3072 2860//3073 2797//3071
f 2805//3065 2798//3072 2799//3066
f 2801//3074 2804//3075 2805//3065
f 2805//3065 2800//3051 2801//3074
f 2789//3064 2801//3074 2800//3051
f 2802//3076 2801//3074 2789//3064
f 3177//3077 2803//3078 2802//3076
f 2803//3078 2878//3079 2876//3080
f 2803//3078 2876//3080 2877//3081
f 2803//3078 2804//3075 2802//3076
f 2802//3076 2804//3075 2801//3074
f 2805//3065 2861//3082 2798//3072
f 2805//3065 2804//3075 2861//3082
f 2806//3069 2860//3073 2864//3083
f 2806//3069 2864//3083 3172//3070
f 2848//3084 2793//3041 2807//3068
f 2809//3047 2815//3085 2814//3048
f 2810//3086 2812//3087 2811//2997
f 2810//3086 2811//2997 2764//2998
f 2810//3086 2764//2998 2765//3046
f 2765//3046 2812//3087 2810//3086
f 2811//2997 2812//3087 3176//2620
f 2813//3088 2812//3087 2818//3089
f 2812//3087 2814//3048 2818//3089
f 2818//3089 2816//3090 2813//3088
f 2813//3088 2852//3091 3176//2620
f 2816//3090 2852//3091 2813//3088
f 2816//3090 2818//3089 2814//3048
f 2814//3048 2815//3085 2816//3090
f 2815//3085 2817//3092 2816//3090
f 2850//3093 2817//3092 2815//3085
f 2817//3092 2850//3093 2851//3094
f 2817//3092 2846//3095 2843//3096
f 2851//3094 2846//3095 2817//3092
f 2817//3092 2843//3096 2842//3097
f 2817//3092 2842//3097 2816//3090
f 2816//3090 2842//3097 2852//3091
f 2820//2938 2832//3098 2822//2937
f 2844//2727 2845//3099 2820//2938
f 3176//2620 2937//3100 2844//2727
f 2844//2727 2937//3100 2845//3099
f 2820//2938 2845//3099 2832//3098
f 2832//3098 2845//3099 2831//3101
f 2832//3098 3174//3102 2822//2937
f 2822//2937 3174//3102 2823//2995
f 2823//2995 2821//2939 2822//2937
f 2830//2994 2824//2943 2823//2995
f 3173//3103 2838//3104 2826//2945
f 2826//2945 2830//2994 3173//3103
f 2823//2995 3175//3105 2830//2994
f 2825//2944 2826//2945 2838//3104
f 2825//2944 2838//3104 2828//2990
f 3165//2992 2715//2987 2827//2988
f 3165//2992 2827//2988 3166//3106
f 3166//3106 2827//2988 2828//2990
f 2923//3107 2828//2990 2829//3108
f 2839//3109 3173//3103 2837//3110
f 2845//3099 2834//3111 2831//3101
f 2845//3099 2841//3112 2834//3111
f 2835//3113 2833//3114 2834//3111
f 2836//3115 2833//3114 2835//3113
f 2833//3114 2836//3115 2830//2994
f 2836//3115 3173//3103 2830//2994
f 2837//3110 3173//3103 2836//3115
f 2834//3111 2841//3112 2835//3113
f 2840//3116 2836//3115 2835//3113
f 2841//3112 2840//3116 2835//3113
f 2838//3104 2839//3109 2924//3117
f 2839//3109 2928//3118 2924//3117
f 2912//3119 2928//3118 2839//3109
f 2912//3119 2908//3120 2911//3121
f 2911//3121 2908//3120 2910//3122
f 2839//3109 2837//3110 2912//3119
f 2837//3110 2840//3116 2912//3119
f 2843//3096 2853//3123 2842//3097
f 2843//3096 2846//3095 2853//3123
f 2937//3100 2909//3124 2841//3112
f 2845//3099 2937//3100 2841//3112
f 2909//3124 2840//3116 2841//3112
f 2909//3124 2908//3120 2840//3116
f 2908//3120 2912//3119 2840//3116
f 2853//3123 2852//3091 2842//3097
f 2853//3123 2856//3125 2857//3126
f 2856//3125 2853//3123 2846//3095
f 2847//3127 2850//3093 2815//3085
f 2809//3047 2847//3127 2815//3085
f 2847//3127 2848//3084 2850//3093
f 2849//3128 2850//3093 2848//3084
f 2807//3068 2849//3128 2848//3084
f 3172//3070 2870//3129 2849//3128
f 3172//3070 2849//3128 2807//3068
f 2850//3093 2865//3130 2851//3094
f 2849//3128 2865//3130 2850//3093
f 2854//3131 2855//3132 2851//3094
f 2855//3132 2846//3095 2851//3094
f 2855//3132 2856//3125 2846//3095
f 2853//3123 2935//3133 2852//3091
f 2857//3126 2935//3133 2853//3123
f 2851//3094 2865//3130 2854//3131
f 2859//3134 2855//3132 2854//3131
f 2856//3125 2859//3134 2858//3135
f 2855//3132 2859//3134 2856//3125
f 2856//3125 2858//3135 2857//3126
f 2858//3135 2935//3133 2857//3126
f 2859//3134 2892//3136 2866//3137
f 2854//3131 2892//3136 2859//3134
f 2864//3083 2869//3138 2870//3129
f 2798//3072 2861//3082 2860//3073
f 2861//3082 2862//3139 2860//3073
f 2861//3082 2877//3081 2862//3139
f 2860//3073 2862//3139 2872//3140
f 2860//3073 2872//3140 2864//3083
f 2864//3083 2872//3140 2869//3138
f 2862//3139 2873//3141 2872//3140
f 2862//3139 2863//3142 2873//3141
f 2876//3080 2863//3142 2862//3139
f 2875//3143 2886//3144 2863//3142
f 2872//3140 2871//3145 2869//3138
f 2870//3129 2869//3138 2865//3130
f 2869//3138 2867//3146 2865//3130
f 2865//3130 2892//3136 2854//3131
f 2865//3130 2867//3146 2892//3136
f 2867//3146 2893//3147 2892//3136
f 2866//3137 2935//3133 2858//3135
f 2935//3133 2937//3100 2852//3091
f 2852//3091 2937//3100 3176//2620
f 2866//3137 2893//3147 2935//3133
f 3168//3148 2893//3147 2867//3146
f 2868//3149 3168//3148 2867//3146
f 2907//3150 2894//3151 2868//3149
f 2869//3138 2868//3149 2867//3146
f 2891//3152 2868//3149 2869//3138
f 2891//3152 2890//3153 2868//3149
f 2871//3145 2891//3152 2869//3138
f 2873//3141 2871//3145 2872//3140
f 2874//3154 2873//3141 2863//3142
f 2873//3141 2874//3154 2871//3145
f 2874//3154 2889//3155 2871//3145
f 2889//3155 2891//3152 2871//3145
f 2888//3156 2889//3155 2874//3154
f 2888//3156 2874//3154 2863//3142
f 2886//3144 2888//3156 2863//3142
f 2875//3143 2905//3157 2887//3158
f 2875//3143 2887//3158 2886//3144
f 2885//3159 2905//3157 2875//3143
f 2861//3082 2804//3075 2877//3081
f 2877//3081 2804//3075 2803//3078
f 2862//3139 2877//3081 2876//3080
f 2876//3080 2875//3143 2863//3142
f 2883//3160 2875//3143 2876//3080
f 3008//3161 3019//3162 2878//3079
f 3019//3162 2879//3163 2878//3079
f 2878//3079 2879//3163 2883//3160
f 2899//617 2900//3164 2898//3165
f 2883//3160 2882//3166 2884//3167
f 2879//3163 2882//3166 2883//3160
f 2883//3160 2884//3167 2885//3159
f 2882//3166 2881//3168 2884//3167
f 2884//3167 2881//3168 2897//3169
f 2884//3167 2897//3169 2885//3159
f 2906//3170 2886//3144 2887//3158
f 2885//3159 2897//3169 2905//3157
f 2905//3157 2906//3170 2887//3158
f 2906//3170 2896//3171 2886//3144
f 2886//3144 2896//3171 2888//3156
f 2895//3172 2889//3155 2888//3156
f 2889//3155 2895//3172 2891//3152
f 2891//3152 2895//3172 2890//3153
f 2907//3150 2895//3172 3169//3173
f 2890//3153 2907//3150 2868//3149
f 2868//3149 2894//3151 3168//3148
f 3168//3148 3109//3174 2893//3147
f 2894//3151 3167//3175 3168//3148
f 2894//3151 2992//3176 3167//3175
f 2896//3171 3169//3173 2895//3172
f 2906//3170 3169//3173 2896//3171
f 2888//3156 2896//3171 2895//3172
f 2900//3164 2901//3177 2905//3157
f 2898//3165 2897//3169 2881//3168
f 2898//3165 2900//3164 2897//3169
f 2899//617 2903//3178 2901//3177
f 614//615 2903//3178 3032//3179
f 2899//617 2901//3177 2900//3164
f 2900//3164 2905//3157 2897//3169
f 2901//3177 3104//3180 2905//3157
f 2901//3177 2998//3181 3104//3180
f 2998//3181 2901//3177 2902//3182
f 2903//3178 2902//3182 2901//3177
f 2903//3178 2904//3183 2902//3182
f 2904//3183 2998//3181 2902//3182
f 2904//3183 2999//614 2998//3181
f 614//615 2999//614 2904//3183
f 2905//3157 3104//3180 2906//3170
f 3169//3173 2906//3170 2993//3184
f 3169//3173 2993//3184 2907//3150
f 2907//3150 2993//3184 2992//3176
f 2907//3150 2992//3176 2894//3151
f 2992//3176 2933//3185 2934//3186
f 3168//3148 2934//3186 3109//3174
f 2909//3124 2910//3122 2908//3120
f 2937//3100 3163//3187 2909//3124
f 2909//3124 3163//3187 2910//3122
f 3163//3187 2911//3121 2910//3122
f 2912//3119 2911//3121 3164//3188
f 2829//3108 2924//3117 2926//3189
f 3164//3188 2928//3118 2912//3119
f 2924//3117 2829//3108 2838//3104
f 2925//3190 2829//3108 2926//3189
f 3166//3106 2828//2990 2923//3107
f 2913//3191 3166//3106 2923//3107
f 2919//2993 2913//3191 2922//3192
f 2918//2991 2942//3193 2914//2986
f 2944//3194 2945//2952 2916//3195
f 2949//3196 2944//3194 2960//3197
f 2917//3198 2944//3194 2942//3193
f 2942//3193 2944//3194 2916//3195
f 2944//3194 2917//3198 2960//3197
f 2942//3193 2918//2991 2921//3199
f 2921//3199 2918//2991 2919//2993
f 2921//3199 2919//2993 2920//3200
f 2961//3201 2921//3199 2941//3202
f 2920//3200 2941//3202 2921//3199
f 2963//3203 2920//3200 2922//3192
f 2923//3107 2927//3204 2963//3203
f 2923//3107 2963//3203 2913//3191
f 2923//3107 2829//3108 2925//3190
f 2927//3204 2923//3107 2925//3190
f 2927//3204 2964//3205 2963//3203
f 2924//3117 2929//3206 2926//3189
f 2926//3189 2927//3204 2925//3190
f 2927//3204 2926//3189 2929//3206
f 2927//3204 2929//3206 2964//3205
f 2924//3117 2928//3118 2929//3206
f 2928//3118 2930//3207 2929//3206
f 2928//3118 3164//3188 2930//3207
f 2929//3206 2940//3208 2964//3205
f 2985//3209 2964//3205 2940//3208
f 2939//3210 2940//3208 2932//3211
f 2932//3211 2931//3212 3163//3187
f 2937//3100 2938//3213 3163//3187
f 2932//3211 2938//3213 2939//3210
f 2994//3214 2987//3215 2933//3185
f 2934//3186 2933//3185 2987//3215
f 2935//3133 3109//3174 2937//3100
f 2937//3100 2936//3216 2938//3213
f 2936//3216 2989//3217 2938//3213
f 2989//3217 2983//3218 2938//3213
f 2938//3213 2983//3218 2939//3210
f 2939//3210 2983//3218 2940//3208
f 2983//3218 2982//3219 2940//3208
f 2984//3220 2985//3209 2940//3208
f 2981//3221 2963//3203 2964//3205
f 2962//3222 2920//3200 2963//3203
f 2962//3222 2941//3202 2920//3200
f 2965//3223 2941//3202 2962//3222
f 2961//3201 2942//3193 2921//3199
f 2942//3193 2961//3201 2917//3198
f 2917//3198 2961//3201 2960//3197
f 2951//3224 2943//2951 2944//3194
f 2943//2951 2945//2952 2944//3194
f 2944//3194 2949//3196 2951//3224
f 2703//2981 3161//3225 2946//2978
f 2703//2981 2952//2980 3161//3225
f 2952//2980 2957//3226 3161//3225
f 2946//2978 3161//3225 2948//2953
f 3078//3227 3077//2977 2948//2953
f 2948//2953 3161//3225 3078//3227
f 3078//3227 3161//3225 3079//3228
f 2957//3226 3079//3228 3161//3225
f 2953//3229 2952//2980 2951//3224
f 2953//3229 2951//3224 2954//3230
f 2952//2980 2943//2951 2951//3224
f 2949//3196 2950//3231 2951//3224
f 2950//3231 2954//3230 2951//3224
f 2953//3229 2956//3232 2957//3226
f 2954//3230 2956//3232 2953//3229
f 2950//3231 2955//3233 2954//3230
f 3095//3234 2956//3232 3098//3235
f 2956//3232 2958//3236 3098//3235
f 2958//3236 2968//3237 2976//3238
f 2959//3239 2955//3233 2950//3231
f 2960//3197 2959//3239 2950//3231
f 2959//3239 2960//3197 2970//3240
f 2941//3202 2970//3240 2961//3201
f 2965//3223 2962//3222 2981//3221
f 2963//3203 2981//3221 2962//3222
f 2990//3241 2981//3221 2964//3205
f 2972//3242 2981//3221 2973//3243
f 2981//3221 2972//3242 2965//3223
f 2959//3239 2970//3240 2969//3244
f 2968//3237 2966//3245 2967//3246
f 2955//3233 2969//3244 2966//3245
f 2968//3237 2975//3247 2976//3238
f 2975//3247 2979//3248 2976//3238
f 2971//3249 2970//3240 2965//3223
f 2941//3202 2965//3223 2970//3240
f 2969//3244 2971//3249 2967//3246
f 2971//3249 2972//3242 2967//3246
f 2971//3249 2965//3223 2972//3242
f 2967//3246 2972//3242 2974//3250
f 2980//3251 2972//3242 2973//3243
f 2973//3243 2981//3221 3115//3252
f 2972//3242 2980//3251 2974//3250
f 2974//3250 2979//3248 2975//3247
f 2979//3248 2977//3253 2978//3254
f 2979//3248 2978//3254 2976//3238
f 2978//3254 2977//3253 3140//3255
f 2977//3253 3143//3256 3140//3255
f 3114//3257 2977//3253 2979//3248
f 3136//3258 2977//3253 3114//3257
f 3138//3259 3136//3258 3114//3257
f 2979//3248 3116//3260 3114//3257
f 2974//3250 3116//3260 2979//3248
f 3116//3260 3120//3261 3114//3257
f 2980//3251 3116//3260 2974//3250
f 3116//3260 2980//3251 3115//3252
f 3115//3252 2981//3221 2990//3241
f 2964//3205 2985//3209 2990//3241
f 2984//3220 2940//3208 2982//3219
f 2983//3218 2986//3262 2982//3219
f 2989//3217 2986//3262 2983//3218
f 2991//3263 2982//3219 2986//3262
f 2985//3209 2984//3220 2990//3241
f 2982//3219 2991//3263 2984//3220
f 2988//3264 2989//3217 2936//3216
f 2934//3186 2987//3215 3109//3174
f 2937//3100 3134//3265 2936//3216
f 3134//3265 2988//3264 2936//3216
f 3110//3266 2986//3262 2989//3217
f 2991//3263 3118//3267 2990//3241
f 3118//3267 3115//3252 2990//3241
f 3113//3268 3118//3267 3110//3266
f 3110//3266 3118//3267 2991//3263
f 2994//3214 3133//3269 3109//3174
f 3162//3270 2994//3214 2933//3185
f 2906//3170 3104//3180 2993//3184
f 3107//3271 3162//3270 2993//3184
f 2993//3184 3162//3270 2992//3176
f 3162//3270 2933//3185 2992//3176
f 2995//3272 2994//3214 3162//3270
f 2996//3273 3133//3269 2994//3214
f 2995//3272 2996//3273 2994//3214
f 3107//3271 2996//3273 2995//3272
f 3104//3180 3105//3274 2993//3184
f 3107//3271 3108//3275 2996//3273
f 2996//3273 3108//3275 3133//3269
f 3105//3274 3106//3276 3107//3271
f 2998//3181 3122//3277 3104//3180
f 3105//3274 3104//3180 3125//3278
f 2999//614 3123//3279 2998//3181
f 2998//3181 3123//3279 3122//3277
f 2999//614 3126//3280 3123//3279
f 3000//3281 3038//3282 3126//3280
f 3002//3283 3090//3284 3029//3285
f 3088//3286 3026//3287 3158//3288
f 3003//3289 3154//3290 3026//3287
f 3024//3291 3003//3289 3026//3287
f 3004//3292 3061//3293 3014//3294
f 3004//3292 3012//3295 3005//3296
f 3006//619 3005//3296 3018//3297
f 3006//619 3007//3298 616//3063
f 3011//3299 3007//3298 3018//3297
f 3011//3299 615//3300 616//3063
f 3007//3298 3011//3299 616//3063
f 3011//3299 3009//3301 615//3300
f 3010//3302 3008//3161 3009//3301
f 3010//3302 3009//3301 3011//3299
f 3015//3303 3008//3161 3010//3302
f 3018//3297 3017//3304 3011//3299
f 3005//3296 3012//3295 3018//3297
f 3004//3292 3014//3294 3012//3295
f 3014//3294 3013//3305 3012//3295
f 3013//3305 3014//3294 3045//3306
f 3045//3306 3014//3294 3003//3289
f 3023//3307 3048//3308 3045//3306
f 3045//3306 3048//3308 3013//3305
f 3022//3309 3016//3310 3015//3303
f 3015//3303 3023//3307 3022//3309
f 3015//3303 3048//3308 3023//3307
f 3048//3308 3015//3303 3010//3302
f 3010//3302 3017//3304 3048//3308
f 3011//3299 3017//3304 3010//3302
f 3018//3297 3012//3295 3013//3305
f 3017//3304 3018//3297 3013//3305
f 3017//3304 3013//3305 3048//3308
f 3008//3161 3015//3303 3016//3310
f 3016//3310 3020//616 3019//3162
f 3020//616 3032//3179 2899//617
f 3032//3179 2903//3178 2899//617
f 3043//3311 3033//613 3032//3179
f 3020//616 3022//3309 3043//3311
f 3022//3309 3021//3312 3043//3311
f 3022//3309 3023//3307 3021//3312
f 3024//3291 3045//3306 3003//3289
f 3024//3291 3025//3313 3027//3314
f 3024//3291 3026//3287 3025//3313
f 3028//3315 3030//3316 3002//3283
f 3025//3313 3002//3283 3030//3316
f 3027//3314 3025//3313 3030//3316
f 3030//3316 3046//3317 3027//3314
f 3042//3318 3046//3317 3031//3319
f 3030//3316 3029//3285 3031//3319
f 3029//3285 3030//3316 3028//3315
f 3032//3179 3033//613 614//615
f 3033//613 3034//3320 3000//3281
f 3000//3281 2999//614 3033//613
f 3034//3320 3036//3321 3038//3282
f 3034//3320 3038//3282 3000//3281
f 3035//3322 613//3323 3036//3321
f 3036//3321 613//3323 3038//3282
f 3037//3324 613//3323 3035//3322
f 3031//3319 3040//3325 3037//3324
f 3039//3326 3037//3324 3040//3325
f 3039//3326 613//3323 3037//3324
f 613//3323 3039//3326 3038//3282
f 3038//3282 3039//3326 2997//3327
f 3001//3328 2997//3327 3039//3326
f 3037//3324 3035//3322 3031//3319
f 3035//3322 3036//3321 3041//3329
f 3042//3318 3036//3321 3034//3320
f 3042//3318 3031//3319 3041//3329
f 3042//3318 3041//3329 3036//3321
f 3031//3319 3035//3322 3041//3329
f 3021//3312 3033//613 3043//3311
f 3021//3312 3044//3330 3047//3331
f 3021//3312 3047//3331 3033//613
f 3047//3331 3034//3320 3033//613
f 3021//3312 3023//3307 3044//3330
f 3023//3307 3045//3306 3046//3317
f 3045//3306 3027//3314 3046//3317
f 3044//3330 3023//3307 3046//3317
f 3047//3331 3044//3330 3046//3317
f 3030//3316 3031//3319 3046//3317
f 3047//3331 3046//3317 3042//3318
f 3047//3331 3042//3318 3034//3320
f 3031//3319 3029//3285 3040//3325
f 3028//3315 3002//3283 3029//3285
f 3002//3283 3025//3313 3026//3287
f 3045//3306 3024//3291 3027//3314
f 3016//3310 3022//3309 3020//616
f 3043//3311 3032//3179 3020//616
f 3016//3310 3019//3162 3008//3161
f 3006//619 3018//3297 3007//3298
f 3049//660 3005//3296 3006//619
f 3005//3296 3059//3332 3004//3292
f 3050//661 3049//660 644//657
f 3059//3332 3049//660 3050//661
f 3052//656 3059//3332 3050//661
f 3052//656 3058//3333 3059//3332
f 3051//655 3053//2959 3058//3333
f 3058//3333 3052//656 3051//655
f 3057//3334 3058//3333 3053//2959
f 3053//2959 3055//3335 3057//3334
f 3056//2960 3055//3335 3053//2959
f 3056//2960 3054//2956 3055//3335
f 3057//3334 3055//3335 3155//3336
f 3058//3333 3057//3334 3155//3336
f 3059//3332 3060//3337 3004//3292
f 3061//3293 3004//3292 3060//3337
f 3058//3333 3155//3336 3060//3337
f 3055//3335 3054//2956 3156//2969
f 3156//2969 3054//2956 3063//2958
f 3055//3335 3156//2969 3155//3336
f 3062//3338 3061//3293 3060//3337
f 3063//2958 3064//2968 3156//2969
f 3065//2967 3066//2970 3067//3339
f 3067//3339 3066//2970 3074//3340
f 3067//3339 3072//3341 3156//2969
f 3067//3339 3073//3342 3072//3341
f 3067//3339 3074//3340 3073//3342
f 3074//3340 3066//2970 3068//2964
f 3069//2966 3071//2974 3068//2964
f 3070//3343 3071//2974 3069//2966
f 3071//2974 3070//3343 2698//2972
f 3076//2973 3075//3344 3071//2974
f 3075//3344 3076//2973 3086//3345
f 3074//3340 3068//2964 3071//2974
f 3073//3342 3157//3346 3072//3341
f 3073//3342 3074//3340 3075//3344
f 3071//2974 3075//3344 3074//3340
f 3075//3344 3087//3347 3157//3346
f 3087//3347 3075//3344 3086//3345
f 3076//2973 2947//2975 3077//2977
f 3076//2973 3077//2977 3085//3348
f 3085//3348 3077//2977 3082//3349
f 3077//2977 3078//3227 3082//3349
f 3082//3349 3078//3227 3160//3350
f 3159//3351 3078//3227 3081//3352
f 3081//3352 3078//3227 3079//3228
f 3079//3228 3080//3353 3081//3352
f 3095//3234 3080//3353 3079//3228
f 3093//3354 3160//3350 3094//3355
f 3082//3349 3160//3350 3091//3356
f 3082//3349 3083//3357 3085//3348
f 3083//3357 3082//3349 3091//3356
f 3083//3357 3091//3356 3092//3358
f 3089//3359 3084//3360 3083//3357
f 3085//3348 3083//3357 3084//3360
f 3087//3347 3085//3348 3084//3360
f 3086//3345 3085//3348 3087//3347
f 3085//3348 3086//3345 3076//2973
f 3084//3360 3088//3286 3087//3347
f 3089//3359 3088//3286 3084//3360
f 3026//3287 3088//3286 3089//3359
f 3002//3283 3026//3287 3090//3284
f 3083//3357 3092//3358 3089//3359
f 3092//3358 3152//3361 3089//3359
f 3152//3361 3090//3284 3089//3359
f 3090//3284 3026//3287 3089//3359
f 3029//3285 3090//3284 3103//3362
f 3090//3284 3152//3361 3103//3362
f 3092//3358 3091//3356 3160//3350
f 3092//3358 3160//3350 3093//3354
f 3092//3358 3100//3363 3152//3361
f 3093//3354 3100//3363 3092//3358
f 3094//3355 3099//3364 3093//3354
f 3096//3365 3099//3364 3094//3355
f 3096//3365 3094//3355 3098//3235
f 3098//3235 3080//3353 3095//3234
f 3097//3366 3096//3365 3098//3235
f 2976//3238 3097//3366 3098//3235
f 3098//3235 2958//3236 2976//3238
f 3147//3367 3097//3366 2976//3238
f 3097//3366 3147//3367 3096//3365
f 3099//3364 3096//3365 3147//3367
f 3099//3364 3147//3367 3146//3368
f 3100//3363 3099//3364 3102//3369
f 3102//3369 3146//3368 3101//3370
f 3102//3369 3129//3371 3100//3363
f 3001//3328 3103//3362 3129//3371
f 3040//3325 3103//3362 3001//3328
f 2997//3327 3001//3328 3128//3372
f 3122//3277 3124//3373 3104//3180
f 3124//3373 3125//3278 3104//3180
f 3106//3276 3105//3274 3144//3374
f 3106//3276 3144//3374 3121//3375
f 3106//3276 3121//3375 3107//3271
f 3108//3275 3107//3271 3121//3375
f 3121//3375 3151//3376 3108//3275
f 3108//3275 3151//3376 3133//3269
f 3111//3377 2988//3264 3134//3265
f 3111//3377 3110//3266 2988//3264
f 3109//3174 3134//3265 2937//3100
f 3112//3378 3117//3379 3113//3268
f 3134//3265 3119//3380 3111//3377
f 3119//3380 3112//3378 3111//3377
f 3112//3378 3113//3268 3111//3377
f 3114//3257 3120//3261 3138//3259
f 3117//3379 3112//3378 3120//3261
f 3115//3252 3117//3379 3116//3260
f 3117//3379 3120//3261 3116//3260
f 3115//3252 3118//3267 3117//3379
f 3117//3379 3118//3267 3113//3268
f 3137//3381 3119//3380 3134//3265
f 3137//3381 3112//3378 3119//3380
f 3112//3378 3138//3259 3120//3261
f 3138//3259 3112//3378 3137//3381
f 3151//3376 3109//3174 3133//3269
f 3125//3278 3144//3374 3105//3274
f 2997//3327 3128//3372 3126//3280
f 3123//3279 3125//3278 3124//3373
f 3123//3279 3126//3280 3125//3278
f 3126//3280 3144//3374 3125//3278
f 3128//3372 3127//3382 3126//3280
f 3128//3372 3129//3371 3130//3383
f 3128//3372 3130//3383 3127//3382
f 3147//3367 2976//3238 3139//3384
f 2978//3254 3139//3384 2976//3238
f 3148//3385 3131//3386 3150//3387
f 3131//3386 3139//3384 3150//3387
f 3151//3376 3134//3265 3109//3174
f 3134//3265 3141//3388 3135//3389
f 3141//3388 3143//3256 3136//3258
f 3136//3258 3135//3389 3141//3388
f 2977//3253 3136//3258 3143//3256
f 3135//3389 3137//3381 3134//3265
f 3137//3381 3135//3389 3138//3259
f 3135//3389 3136//3258 3138//3259
f 3151//3376 3132//3390 3141//3388
f 3151//3376 3141//3388 3134//3265
f 3150//3387 3142//3391 3132//3390
f 3139//3384 3142//3391 3150//3387
f 3140//3255 3142//3391 3139//3384
f 2978//3254 3140//3255 3139//3384
f 3141//3388 3132//3390 3142//3391
f 3142//3391 3140//3255 3143//3256
f 3143//3256 3141//3388 3142//3391
f 3126//3280 3151//3376 3121//3375
f 3144//3374 3126//3280 3121//3375
f 3126//3280 3127//3382 3145//3392
f 3145//3392 3149//3393 3126//3280
f 3130//3383 3145//3392 3127//3382
f 3101//3370 3146//3368 3130//3383
f 3131//3386 3146//3368 3147//3367
f 3147//3367 3139//3384 3131//3386
f 3148//3385 3130//3383 3131//3386
f 3131//3386 3130//3383 3146//3368
f 3145//3392 3130//3383 3148//3385
f 3145//3392 3148//3385 3149//3393
f 3149//3393 3132//3390 3151//3376
f 3150//3387 3149//3393 3148//3385
f 3149//3393 3150//3387 3132//3390
f 3126//3280 3149//3393 3151//3376
f 3129//3371 3101//3370 3130//3383
f 3001//3328 3129//3371 3128//3372
f 3122//3277 3123//3279 3124//3373
f 3113//3268 3110//3266 3111//3377
f 2999//614 3000//3281 3126//3280
f 3038//3282 2997//3327 3126//3280
f 3039//3326 3040//3325 3001//3328
f 3040//3325 3029//3285 3103//3362
f 3100//3363 3103//3362 3152//3361
f 3103//3362 3100//3363 3129//3371
f 3102//3369 3101//3370 3129//3371
f 3099//3364 3146//3368 3102//3369
f 3099//3364 3100//3363 3093//3354
f 3098//3235 3094//3355 3080//3353
f 3158//3288 3026//3287 3153//3394
f 3154//3290 3153//3394 3026//3287
f 3061//3293 3003//3289 3014//3294
f 3155//3336 3156//2969 3158//3288
f 3062//3338 3155//3336 3158//3288
f 3153//3394 3062//3338 3158//3288
f 3153//3394 3003//3289 3062//3338
f 3061//3293 3062//3338 3003//3289
f 3158//3288 3156//2969 3072//3341
f 3072//3341 3157//3346 3158//3288
f 3073//3342 3075//3344 3157//3346
f 3087//3347 3088//3286 3157//3346
f 3153//3394 3154//3290 3003//3289
f 3158//3288 3157//3346 3088//3286
f 3160//3350 3159//3351 3081//3352
f 3094//3355 3081//3352 3080//3353
f 3081//3352 3094//3355 3160//3350
f 3160//3350 3078//3227 3159//3351
f 3095//3234 3079//3228 2957//3226
f 3065//2967 3067//3339 3156//2969
f 3062//3338 3060//3337 3155//3336
f 3059//3332 3058//3333 3060//3337
f 3005//3296 3049//660 3059//3332
f 3105//3274 3107//3271 2993//3184
f 3107//3271 2995//3272 3162//3270
f 3110//3266 2989//3217 2988//3264
f 2991//3263 2986//3262 3110//3266
f 2994//3214 3109//3174 2987//3215
f 2991//3263 2990//3241 2984//3220
f 3115//3252 2980//3251 2973//3243
f 2969//3244 2970//3240 2971//3249
f 2966//3245 2969//3244 2967//3246
f 2974//3250 2975//3247 2967//3246
f 2975//3247 2968//3237 2967//3246
f 2959//3239 2969//3244 2955//3233
f 2961//3201 2970//3240 2960//3197
f 2950//3231 2949//3196 2960//3197
f 2966//3245 2968//3237 2955//3233
f 2956//3232 2955//3233 2958//3236
f 2958//3236 2955//3233 2968//3237
f 3095//3234 2957//3226 2956//3232
f 2956//3232 2954//3230 2955//3233
f 2952//2980 2953//3229 2957//3226
f 2893//3147 3109//3174 2935//3133
f 2938//3213 2932//3211 3163//3187
f 2930//3207 3164//3188 2932//3211
f 3164//3188 2931//3212 2932//3211
f 3163//3187 2931//3212 2911//3121
f 2931//3212 3164//3188 2911//3121
f 2940//3208 2930//3207 2932//3211
f 2930//3207 2940//3208 2929//3206
f 2922//3192 2913//3191 2963//3203
f 2922//3192 2920//3200 2919//2993
f 2942//3193 2916//3195 2915//2982
f 2915//2982 2914//2986 2942//3193
f 3166//3106 2919//2993 3165//2992
f 2919//2993 3166//3106 2913//3191
f 3168//3148 3167//3175 2934//3186
f 2992//3176 2934//3186 3167//3175
f 2904//3183 2903//3178 614//615
f 2895//3172 2907//3150 2890//3153
f 2883//3160 2885//3159 2875//3143
f 2881//3168 2882//3166 2898//3165
f 2898//3165 2880//618 2899//617
f 3020//616 2880//618 3019//3162
f 3177//3077 3009//3301 2878//3079
f 3009//3301 3008//3161 2878//3079
f 3170//3395 3009//3301 3177//3077
f 616//3063 617//620 3006//619
f 3009//3301 3170//3395 615//3300
f 3171//3062 616//3063 615//3300
f 615//3300 3170//3395 3171//3062
f 2789//3064 3171//3062 2802//3076
f 3170//3395 2802//3076 3171//3062
f 3170//3395 3177//3077 2802//3076
f 3019//3162 2880//618 2879//3163
f 2880//618 2882//3166 2879//3163
f 2880//618 2898//3165 2882//3166
f 2878//3079 2883//3160 2876//3080
f 2892//3136 2893//3147 2866//3137
f 3172//3070 2864//3083 2870//3129
f 2870//3129 2865//3130 2849//3128
f 2866//3137 2858//3135 2859//3134
f 2808//3049 2848//3084 2847//3127
f 2837//3110 2836//3115 2840//3116
f 3175//3105 2823//2995 3174//3102
f 2834//3111 3174//3102 2831//3101
f 2833//3114 3174//3102 2834//3111
f 3175//3105 3174//3102 2833//3114
f 2831//3101 3174//3102 2832//3098
f 2838//3104 3173//3103 2839//3109
f 2838//3104 2829//3108 2828//2990
f 3175//3105 2833//3114 2830//2994
f 2812//3087 2813//3088 3176//2620
f 2765//3046 2814//3048 2812//3087
f 2808//3049 2809//3047 2766//3042
f 2847//3127 2809//3047 2808//3049
f 2793//3041 2848//3084 2808//3049
f 2878//3079 2803//3078 3177//3077
f 2797//3071 2794//3067 2792//3038
f 2794//3067 2797//3071 2806//3069
f 2807//3068 2794//3067 2806//3069
f 2785//3061 2789//3064 2790//3059
f 2780//3013 2784//3057 2781//3016
f 2774//3012 3179//3053 2780//3013
f 641//658 642//622 3178//3054
f 3178//3054 620//627 641//658
f 2758//3034 2762//3044 2719//2999
f 2749//3030 2751//2738 2750//2739
f 2746//3002 2276//2556 2745//2557
f 2742//2554 2743//3024 2747//3028
f 2738//3017 2736//3006 2739//3015
f 2725//2553 2734//3007 2736//3006
f 3181//2734 2277//2488 2746//3002
f 3183//3001 3182//2735 3181//2734
f 2720//2737 3182//2735 3183//3001
f 3182//2735 2720//2737 2473//2736
f 2720//2737 3183//3001 2721//3003
f 2759//2740 3184//3000 3176//2620
f 3184//3000 2718//2996 3176//2620
f 2661//2936 2819//2935 2820//2938
f 2670//2948 2712//2949 2827//2988
f 2915//2982 2916//3195 2945//2952
f 2702//2979 2703//2981 2946//2978
f 3070//3343 2690//2965 2698//2972
f 3070//3343 3069//2966 2690//2965
f 2694//2961 3068//2964 3066//2970
f 3065//2967 3063//2958 2694//2961
f 2693//2881 2694//2961 2607//2886
f 2697//2954 2700//2971 2690//2965
f 2688//2889 2677//2891 2689//2910
f 2691//2963 2687//2955 2688//2889
f 2678//2885 2688//2889 2687//2955
f 2634//2908 2635//2912 2696//2911
f 2702//2979 2643//2915 3185//2918
f 3185//2918 2703//2981 2702//2979
f 2703//2981 3185//2918 3186//2921
f 2672//2926 2673//2901 2648//2762
f 2669//2930 2670//2948 2711//2946
f 2710//2984 2671//2947 2711//2946
f 2707//2928 2671//2947 2710//2984
f 2707//2928 3187//2927 2671//2947
f 3187//2927 2669//2930 2671//2947
f 2668//2931 2669//2930 2653//2756
f 2667//2755 2825//2944 2712//2949
f 3189//2742 2477//2719 2445//2726
f 3189//2742 2659//2745 2477//2719
f 2658//2741 3189//2742 3188//2728
f 2659//2745 2657//2744 2477//2719
f 2655//2748 2483//2711 2662//2743
f 2672//2926 2649//2925 3187//2927
f 2641//2903 2645//2916 2642//2905
f 2646//2904 2644//2919 2641//2903
f 2641//2903 2644//2919 2645//2916
f 2637//2906 3190//2907 2631//2896
f 2637//2906 2636//2913 3190//2907
f 2637//2906 2643//2915 2636//2913
f 2635//2912 3190//2907 2636//2913
f 2630//2894 2677//2891 2632//2862
f 2630//2894 2620//2893 2634//2908
f 2629//2895 2637//2906 2631//2896
f 2673//2901 2625//2763 2648//2762
f 2640//2898 2646//2904 2628//2851
f 2618//2860 2630//2894 2613//2859
f 2619//2849 3191//2855 2616//2854
f 2614//2857 2617//2892 2618//2860
f 2614//2857 2615//2856 2617//2892
f 2615//2856 2614//2857 2572//2841
f 2611//2890 2610//2884 2632//2862
f 2589//2807 2595//2875 2592//2806
f 2587//2867 2600//2872 2601//2870
f 2600//2872 2632//2862 2610//2884
f 2600//2872 2587//2867 2574//2861
f 3192//2784 2583//2813 2585//2869
f 2616//2854 2568//2847 2561//2774
f 2619//2849 2562//2848 2567//2850
f 2570//2844 3193//2838 2569//2845
f 2557//2834 3193//2838 2558//2842
f 2550//2835 2548//2833 2549//2836
f 2547//2829 2548//2833 2551//2830
f 2545//2826 2541//2823 2542//2816
f 2576//2821 2537//2811 2538//2820
f 2532//2812 2533//2222 2535//2818
f 2532//2812 2535//2818 2536//2815
f 2529//2810 2508//2778 2530//2221
f 2590//2790 2513//2781 2528//2808
f 2515//634 2246//669 2516//2786
f 653//667 627//632 2515//634
f 2246//669 654//668 2514//670
f 2513//2781 3195//2782 2528//2808
f 2514//670 2510//2780 2517//2788
f 656//674 2514//670 2245//671
f 656//674 2245//671 655//672
f 2241//2514 3196//2513 656//674
f 3196//2513 2512//2785 656//674
f 2510//2780 2513//2781 2517//2788
f 2507//2777 2509//2783 2506//2779
f 2547//2829 2499//2228 3197//2233
f 2549//2836 3197//2233 1962//2234
f 2549//2836 2498//2846 2559//2837
f 2549//2836 3201//3396 2498//2846
f 2549//2836 3198//2236 3201//3396
f 3198//2236 3200//3397 3201//3396
f 3200//3397 3206//2237 3199//2272
f 3200//3397 3199//2272 2388//2273
f 3200//3397 2388//2273 3203//2275
f 3200//3397 3203//2275 3202//3398
f 3201//3396 3200//3397 3202//3398
f 3204//3399 2498//2846 3202//3398
f 3202//3398 3205//2768 3204//3399
f 3205//2768 3202//3398 2494//2659
f 3203//2275 2494//2659 3202//3398
f 2498//2846 3204//3399 2560//2775
f 3204//3399 2497//2773 2560//2775
f 3205//2768 2496//2766 2497//2773
f 3204//3399 3205//2768 2497//2773
f 3202//3398 2498//2846 3201//3396
f 3206//2237 3200//3397 3198//2236
f 1962//2234 3198//2236 2549//2836
f 2560//2775 2568//2847 2569//2845
f 2564//2769 2495//2767 2622//2765
f 2493//2703 2495//2767 2496//2766
f 3208//2660 2426//2702 2493//2703
f 3207//2661 3208//2660 2493//2703
f 2622//2765 2492//2706 2623//2709
f 2657//2744 2444//2716 2477//2719
f 2469//2729 2468//2732 2471//2731
f 2722//2489 3181//2734 2467//2733
f 2473//2736 2467//2733 3181//2734
f 2438//2696 2481//2713 2482//2697
f 2438//2696 2482//2697 2435//2670
f 2483//2711 3211//2710 2434//2712
f 3210//2700 2484//2699 2433//2752
f 3210//2700 2432//2668 2423//2667
f 3210//2700 2433//2752 2432//2668
f 3211//2710 2482//2697 2434//2712
f 2428//2708 2429//2707 2624//2760
f 2427//2705 2426//2702 2430//2666
f 2430//2666 2426//2702 2424//2657
f 2491//2704 2426//2702 2492//2706
f 2392//2656 3215//2664 2424//2657
f 3215//2664 2430//2666 2424//2657
f 3215//2664 2394//2663 2430//2666
f 3210//2700 2395//2651 3209//2653
f 2421//2671 2420//2649 2436//2648
f 2419//2673 2418//2675 2480//2694
f 3212//2688 3213//2693 2410//2674
f 2417//2691 3212//2688 2452//2689
f 3212//2688 2417//2691 3213//2693
f 2450//2722 2452//2689 3212//2688
f 2479//2715 2417//2691 2442//2690
f 2409//2680 2416//2683 2411//2681
f 2416//2683 3212//2688 2410//2674
f 2409//2680 2405//2678 2412//2679
f 2404//2677 2372//2640 2405//2678
f 2405//2678 2372//2640 2361//2632
f 2419//2673 2402//2642 2418//2675
f 2376//2644 2436//2648 2398//2645
f 3210//2700 2423//2667 2395//2651
f 3216//2655 3215//2664 3214//2654
f 3215//2664 3216//2655 2391//2662
f 2005//2274 3203//2275 2388//2273
f 2006//2271 2385//2277 2005//2274
f 2390//2280 2383//2268 2009//2250
f 2382//2281 3217//2282 3216//2655
f 3217//2282 2011//2252 1999//2266
f 2013//2264 3217//2282 1999//2266
f 2015//2285 3216//2655 3217//2282
f 2391//2662 3216//2655 2381//2286
f 2393//2669 2391//2662 2381//2286
f 2015//2285 2381//2286 3216//2655
f 2397//2650 2396//2652 2381//2286
f 2399//2646 2377//2630 2400//2647
f 2401//2641 2372//2640 2403//2643
f 2365//2601 2364//2602 2324//2595
f 2347//2605 2474//2623 2348//2583
f 2463//2614 2464//2613 2343//2612
f 2283//2422 2339//2567 2332//2562
f 2351//2609 2338//2608 3218//2607
f 3218//2607 2338//2608 2333//2568
f 2334//2603 2337//2606 2347//2605
f 3219//2565 2333//2568 2302//2569
f 2326//2581 2336//2580 2348//2583
f 2324//2595 2357//2594 2323//2598
f 2314//2591 2357//2594 2356//2593
f 2307//2298 2320//2597 2357//2594
f 2307//2298 2316//2585 2320//2597
f 2313//2586 2315//2296 2314//2591
f 2023//2159 2024//2163 2315//2296
f 2316//2585 2318//2584 2320//2597
f 2318//2584 2306//2297 2305//2160
f 2302//2569 2300//2574 2295//2572
f 2302//2569 2295//2572 2296//2570
f 2294//2573 2299//2575 2297//2031
f 2331//2563 3219//2565 2289//2320
f 2287//2317 2288//2564 2291//2315
f 3230//2561 2281//2559 2282//2420
f 2266//2545 2274//2555 2277//2488
f 2266//2545 2277//2488 3220//2487
f 2276//2556 2277//2488 2274//2555
f 2274//2555 2266//2545 2272//2544
f 2271//2551 2267//2525 2270//2541
f 2255//2524 2248//2517 2775//2533
f 2262//2527 2267//2525 2250//2469
f 2243//2516 2255//2524 3221//2515
f 2255//2524 2243//2516 2248//2517
f 631//643 633//625 621//2519
f 2232//2511 2231//2507 2233//2506
f 2229//2501 2239//2509 2228//2499
f 2228//2499 2239//2509 2238//2495
f 2227//2503 2226//2505 2225//2502
f 2083//2358 2224//1416 2227//2503
f 2234//678 2237//2504 2224//1416
f 2187//2461 2228//2499 2218//2450
f 2219//2364 2220//2361 2187//2461
f 2186//2371 2219//2364 2187//2461
f 2217//2498 3222//2462 2218//2450
f 2217//2498 3223//2497 3222//2462
f 3222//2462 3223//2497 3224//3400
f 3223//2497 3226//2496 3224//3400
f 2188//2460 3224//3400 3225//3401
f 3225//3401 2249//2467 2216//2463
f 3226//2496 2249//2467 3225//3401
f 3224//3400 3226//2496 3225//3401
f 2216//2463 2184//2459 3225//3401
f 3225//3401 2184//2459 2188//2460
f 2193//2471 2250//2469 2213//2472
f 2263//2494 2211//2491 3227//2473
f 2263//2494 2264//2493 2211//2491
f 2211//2491 2212//2474 3227//2473
f 2210//2490 2204//2483 2196//2477
f 2209//2484 3220//2487 2466//2485
f 2206//2482 2196//2477 2204//2483
f 2199//2441 2202//2478 2201//2481
f 2202//2478 2206//2482 2201//2481
f 2200//2429 2199//2441 2201//2481
f 2197//2452 2195//2476 2196//2477
f 2208//2466 2207//2475 2194//2451
f 2180//2453 2208//2466 2194//2451
f 2183//2458 2190//2457 2214//2464
f 2182//2454 2183//2458 2189//2455
f 2188//2460 3222//2462 3224//3400
f 2174//2448 2173//2367 2186//2371
f 2170//2443 2171//2440 2197//2452
f 2197//2452 2171//2440 2179//2439
f 2185//2446 2182//2454 2181//2445
f 2165//2389 2175//2447 2166//2435
f 2176//2436 2166//2435 2175//2447
f 2162//2430 2198//2399 2160//2396
f 2162//2430 2169//2433 2198//2399
f 2167//2438 2168//2434 2163//2431
f 2163//2431 3228//2390 2167//2438
f 2150//2331 2157//2401 2151//2415
f 2151//2415 3229//2416 2152//2327
f 2280//2427 3230//2561 2153//2417
f 2282//2420 2342//2425 2341//2421
f 2154//2418 3230//2561 2282//2420
f 2153//2417 3230//2561 2154//2418
f 3229//2416 2280//2427 2153//2417
f 2048//2324 2153//2417 2046//2325
f 2143//2385 2118//2372 2116//2369
f 2099//2345 2098//2347 2114//2375
f 2102//2339 2063//2333 2103//2334
f 2129//2342 2101//2336 2112//2376
f 3331//1446 2115//1460 2096//1462
f 2084//2356 2082//2354 3231//2355
f 3231//2355 2083//2358 2084//2356
f 2083//2358 3232//1417 2224//1416
f 2083//2358 3231//2355 3232//1417
f 2087//1458 1281//1449 1280//1429
f 1281//1449 2087//1458 1284//1459
f 2056//1498 2111//2335 2100//2343
f 2066//1500 2056//1498 2100//2343
f 2049//1997 2124//2332 2051//2329
f 2043//2319 2287//2317 2042//2314
f 2041//2030 2290//2027 3234//2025
f 2041//2030 2292//2316 2290//2027
f 3235//2023 2035//2033 2038//2036
f 2348//2583 2319//2303 2032//2307
f 1813//2057 2029//2056 3236//2064
f 3237//2065 3236//2064 2028//2305
f 2031//2306 3238//2299 2028//2305
f 2028//2305 2027//2301 3237//2065
f 2027//2301 2028//2305 3238//2299
f 2317//2302 2305//2160 2026//2066
f 2027//2301 2026//2066 3237//2065
f 2025//2161 2307//2298 2024//2163
f 2378//2283 2014//2263 3239//2262
f 2017//2289 2378//2283 3239//2262
f 3239//2262 3240//2261 2017//2289
f 3240//2261 2018//2291 2017//2289
f 2004//2238 3241//2201 2007//2270
f 2003//2192 1968//2241 2007//2270
f 2009//2250 2012//2249 2010//2279
f 1996//2255 1997//2254 1979//2183
f 1993//2259 1990//2169 1991//2171
f 3242//2176 1982//2174 1981//2256
f 1979//2183 1998//2253 1974//2184
f 2011//2252 2000//2251 1977//2247
f 1977//2247 1971//2187 1972//2133
f 1973//2186 1977//2247 1972//2133
f 2003//2192 1918//2193 1968//2241
f 1918//2193 3248//2132 1967//2240
f 1961//2196 1963//2235 1960//2194
f 3243//2230 1958//2231 1959//2232
f 3243//2230 2502//2229 1956//2226
f 1955//2224 1956//2226 2502//2229
f 1955//2224 2502//2229 1935//2206
f 1935//2206 1936//1890 1931//2203
f 3246//1895 3245//1898 1929//2204
f 3246//1895 1664//1897 3245//1898
f 3244//2197 1954//2225 3245//1898
f 3244//2197 1953//2202 1954//2225
f 1930//2205 3245//1898 1954//2225
f 1930//2205 1929//2204 3245//1898
f 3246//1895 1929//2204 3247//1893
f 1929//2204 1932//1894 3247//1893
f 1934//1891 1932//1894 1936//1890
f 3241//2201 1919//2189 2003//2192
f 1927//2199 1919//2189 3241//2201
f 1927//2199 1924//2191 1919//2189
f 1872//2126 1915//2125 1919//2189
f 1915//2125 1965//2131 1919//2189
f 1881//2130 3248//2132 1877//2107
f 1967//2240 3248//2132 1881//2130
f 1967//2240 1881//2130 1966//2135
f 1895//2147 1903//2152 1897//2154
f 1982//2174 1895//2147 1897//2154
f 1983//2157 1820//2074 1898//2073
f 2019//2168 1901//2166 2021//2293
f 1900//2156 3249//2158 1901//2166
f 2025//2161 1810//2059 1816//2162
f 3263//2061 2025//2161 2023//2159
f 1889//2143 3252//2095 3251//2148
f 3251//2148 3252//2095 3253//1968
f 1893//2145 1889//2143 3251//2148
f 1893//2145 3254//2142 1889//2143
f 1889//2143 1888//2094 3252//2095
f 1887//2096 1888//2094 1889//2143
f 1854//2136 1880//2104 3255//2103
f 3255//2103 1880//2104 1879//2128
f 1965//2131 1915//2125 1878//2127
f 1855//2110 1864//2108 3257//2120
f 1869//2118 1868//2111 1875//2121
f 1869//2118 1858//2115 1868//2111
f 1874//2119 3258//2113 1856//2117
f 1848//2092 1885//2101 1882//2100
f 1882//2100 3255//2103 1852//1960
f 1882//2100 1854//2136 3255//2103
f 1887//2096 1843//2089 3259//2087
f 1843//2089 1846//2097 1847//2091
f 1849//2085 1842//2084 1839//2093
f 1840//2086 1827//1963 1837//2081
f 3260//2078 1903//2152 3253//1968
f 1837//2081 1833//2080 3259//2087
f 1827//1963 1828//1964 1833//2080
f 1823//1973 1732//1972 3261//2044
f 3261//2044 1797//2045 1823//1973
f 1800//2046 1824//2076 1797//2045
f 1821//2075 1824//2076 1800//2046
f 1817//2050 3263//2061 1899//2068
f 3250//2069 1817//2050 1899//2068
f 1809//2051 1810//2059 2025//2161
f 3263//2061 1809//2051 2025//2161
f 1815//2063 1816//2162 1810//2059
f 3264//2037 1807//2058 1810//2059
f 3264//2037 1788//2017 1806//2016
f 1801//2048 3266//2042 3267//2047
f 1801//2048 1800//2046 3266//2042
f 1789//2015 1802//2038 1790//1977
f 1790//1977 1770//2010 1789//2015
f 1770//2010 1772//2009 1789//2015
f 1782//2000 2044//2028 1781//1992
f 1774//1988 1786//2008 1771//2018
f 1772//2009 1766//1985 1773//1987
f 1773//1987 1774//1988 1772//2009
f 1789//2015 1771//2018 1788//2017
f 1799//2040 1791//2014 1790//1977
f 1794//2012 1793//1933 1768//1976
f 1767//2011 1768//1976 1367//1549
f 1767//2011 1367//1549 3269//1550
f 1790//1977 1767//2011 3269//1550
f 1783//2001 2044//2028 1782//2000
f 1752//1526 1753//1996 1751//1525
f 1754//1994 1749//1993 1751//1525
f 1781//1992 1779//1981 3270//1978
f 1742//1534 1745//1983 1743//1984
f 1764//1989 1743//1984 1745//1983
f 1743//1984 1764//1989 1765//1986
f 1762//1982 1739//1511 3270//1978
f 1732//1972 3271//1970 1733//1971
f 1702//1932 1733//1971 1730//1937
f 1828//1964 1831//1953 1713//1946
f 1838//1956 1720//1952 1830//1954
f 1723//1961 1722//1958 1721//1957
f 1713//1946 1831//1953 3272//1947
f 1714//1948 1706//1924 1707//1936
f 1707//1936 3272//1947 1714//1948
f 1830//1954 1720//1952 3272//1947
f 1715//1923 1718//1949 1716//1560
f 1718//1949 1682//1918 1716//1560
f 1717//1919 1682//1918 1719//1950
f 1706//1924 1705//1925 1707//1936
f 1707//1936 1708//1935 1710//1943
f 1710//1943 1708//1935 1709//1939
f 1701//1552 3322//1551 1700//1931
f 1697//1930 1694//1557 1698//1555
f 1698//1555 1694//1557 3321//1556
f 3321//1556 1694//1557 3320//1540
f 1697//1930 1696//1927 1695//1926
f 1533//1756 1675//1905 1673//1757
f 1487//1686 3274//1906 1669//1702
f 1669//1702 1532//1752 1531//1703
f 1675//1905 3274//1906 1671//1701
f 1486//1695 1671//1701 3274//1906
f 3292//1754 1532//1752 1533//1756
f 1532//1752 1672//1904 1533//1756
f 1920//1896 1628//1863 1921//1899
f 1665//1791 1921//1899 1628//1863
f 3247//1893 1659//1889 1660//1867
f 1940//1846 1933//1870 1938//1887
f 1941//1885 1637//1873 1940//1846
f 1651//1882 1653//1871 1942//1883
f 1653//1871 1637//1873 1941//1885
f 1648//1881 1651//1882 1945//1878
f 1651//1882 1648//1881 3276//1880
f 3277//1831 3276//1880 1642//1875
f 1591//1827 1641//1830 1646//1876
f 1591//1827 3278//1823 1641//1830
f 1641//1830 1642//1875 1646//1876
f 3280//1821 1652//1872 1638//1834
f 1637//1873 1652//1872 3280//1821
f 1637//1873 3280//1821 1604//1844
f 1940//1846 1637//1873 1605//1843
f 1654//1868 1619//1855 1660//1867
f 3275//1861 1625//1792 3281//1862
f 1629//1865 3275//1861 3281//1862
f 1629//1865 3281//1862 1628//1863
f 1624//1781 3275//1861 1663//1800
f 1564//1778 1663//1800 1623//1860
f 1616//1851 1618//1804 1633//1858
f 1616//1851 1633//1858 1617//1848
f 1601//1836 1606//1841 3283//1839
f 1635//1849 3282//1840 1606//1841
f 1603//1842 3282//1840 1635//1849
f 1603//1842 1635//1849 1658//1847
f 1637//1873 1604//1844 1605//1843
f 1602//1835 1605//1843 1604//1844
f 1605//1843 1602//1835 3283//1839
f 1598//1807 1568//1775 1601//1836
f 1599//1819 1598//1807 1600//1838
f 1593//1828 1592//1826 1590//1829
f 1591//1827 1646//1876 1590//1829
f 1590//1829 1592//1826 1591//1827
f 660//1410 1590//1829 1645//684
f 1645//684 1590//1829 1646//1876
f 1587//1824 1586//1730 3278//1823
f 3278//1823 1586//1730 3284//1729
f 1588//692 1585//691 3285//1825
f 1585//691 1584//694 3285//1825
f 3278//1823 3286//1732 1640//1734
f 1577//1811 3287//1809 1578//1808
f 1610//1803 1608//1802 1609//1744
f 1622//1799 1564//1778 1624//1781
f 1611//1796 1563//1774 1566//1795
f 1544//1767 1558//1782 1564//1778
f 1540//1762 3288//1766 1557//1784
f 3289//1788 3288//1766 1555//1764
f 1627//1790 1557//1784 3289//1788
f 1557//1784 3288//1766 3289//1788
f 1665//1791 3289//1788 1666//1787
f 1549//1737 1518//1722 1570//1776
f 3290//1743 1478//1691 3293//1739
f 3288//1766 1540//1762 1537//1760
f 1538//1748 1531//1703 1534//1753
f 1534//1753 3292//1754 1539//1758
f 3292//1754 1533//1756 1539//1758
f 1534//1753 1539//1758 1556//1763
f 1528//1704 1527//1694 1531//1703
f 1523//1710 1521//1740 1524//1741
f 1516//1731 1514//1727 1573//1735
f 1516//1731 1582//1815 3286//1732
f 1581//1733 3286//1732 1582//1815
f 1422//1613 1509//1623 1508//1616
f 1422//1613 1498//1715 1509//1623
f 1509//1623 1498//1715 1507//1716
f 1510//1724 1509//1623 1507//1716
f 1505//1725 1510//1724 1501//1717
f 1510//1724 1507//1716 1501//1717
f 1505//1725 1502//1719 1506//1723
f 1502//1719 1505//1725 1501//1717
f 1502//1719 1499//1718 1503//1713
f 1501//1717 1498//1715 1499//1718
f 1521//1740 3296//1586 1490//1651
f 1521//1740 1490//1651 1522//1742
f 3290//1743 1490//1651 1478//1691
f 1482//1687 1525//1689 1541//1707
f 1527//1694 1528//1704 1488//1688
f 3297//1684 1531//1703 1527//1694
f 1487//1686 1531//1703 3297//1684
f 1487//1686 3298//1683 1486//1695
f 1484//1696 1486//1695 3298//1683
f 1486//1695 3274//1906 1487//1686
f 1483//1663 3297//1684 1527//1694
f 3299//1690 1482//1687 1542//1693
f 1542//1693 1482//1687 1489//1706
f 1478//1691 3299//1690 1542//1693
f 1479//1652 3300//1648 3299//1690
f 1475//1664 3297//1684 1483//1663
f 1468//1561 1375//1241 1683//1559
f 1469//1679 1377//1233 1468//1561
f 1466//1563 1377//1233 1469//1679
f 1462//1658 1456//1660 1452//1655
f 1446//1642 1476//1653 1449//1647
f 1477//1649 3300//1648 1444//1637
f 1442//1640 1481//1646 1477//1649
f 1448//1644 1445//1635 1444//1637
f 1432//1589 1493//1628 1431//1629
f 1389//1590 1432//1589 1427//1594
f 1401//1602 1399//1164 1423//1624
f 1508//1616 1413//1614 1422//1613
f 1421//1619 1417//1615 1515//1622
f 1513//1621 1421//1619 1583//1728
f 662//699 1233//698 1420//1618
f 1409//1609 1410//1606 1419//1611
f 663//702 664//703 1408//1608
f 664//703 1404//1025 1407//1607
f 1400//1603 1401//1602 1425//1604
f 995//1146 1398//1150 1004//1160
f 1427//1594 1397//1601 1396//1600
f 1006//1149 993//1147 1396//1600
f 1016//1165 3302//1174 1395//1599
f 1395//1599 3302//1174 3303//1627
f 3303//1627 3311//3402 1393//1570
f 3303//1627 1018//1176 3311//3402
f 3310//3403 3304//1573 3311//3402
f 3305//1565 3304//1573 3306//1567
f 3306//1567 3310//3403 3308//1656
f 3307//1566 1453//1654 1443//1643
f 3308//1656 1453//1654 3307//1566
f 3309//3404 3315//3405 3312//3406
f 3310//3403 3311//3402 3309//3404
f 3309//3404 3312//3406 3310//3403
f 3310//3403 3313//3407 3308//1656
f 3311//3402 1018//1176 3309//3404
f 1018//1176 1057//1177 3309//3404
f 1057//1177 1059//1220 3309//3404
f 3309//3404 1059//1220 3315//3405
f 3312//3406 3314//3408 3310//3403
f 3310//3403 3314//3408 3313//3407
f 3314//3408 1380//1657 3313//3407
f 1379//1676 3312//3406 3315//3405
f 3314//3408 1379//1676 1380//1657
f 1379//1676 1461//1659 1380//1657
f 3315//3405 1065//1224 1379//1676
f 1059//1220 1065//1224 3315//3405
f 1065//1224 1460//1234 1379//1676
f 1460//1234 1377//1233 1378//1562
f 3308//1656 3313//3407 1380//1657
f 3314//3408 3312//3406 1379//1676
f 3304//1573 1393//1570 3311//3402
f 3306//1567 3308//1656 3307//1566
f 3310//3403 3306//1567 3304//1573
f 3303//1627 3302//1174 1018//1176
f 1393//1570 1394//1569 3303//1627
f 1391//1596 1383//1564 3319//1571
f 1391//1596 3319//1571 3317//1574
f 3316//1582 1391//1596 3317//1574
f 3317//1574 3319//1571 3318//1575
f 1500//1583 1435//1587 1434//1634
f 1435//1587 1387//1581 3296//1586
f 1387//1581 3316//1582 3317//1574
f 3318//1575 1384//1572 1438//1638
f 1385//1576 3318//1575 1438//1638
f 3307//1566 1443//1643 1441//1578
f 1381//1577 3307//1566 1441//1578
f 3318//1575 3319//1571 1384//1572
f 1370//1541 1369//1542 1699//1553
f 1366//1548 1367//1549 1365//1546
f 3323//1545 1365//1546 1367//1549
f 1367//1549 1735//1554 3323//1545
f 1735//1554 1368//1544 3323//1545
f 1356//1543 1369//1542 1363//1536
f 3324//1249 1356//1543 1363//1536
f 1737//1510 1364//1252 1355//1254
f 1333//1257 1343//1508 1354//1513
f 1339//1478 1338//1477 3325//1258
f 1084//1251 1355//1254 1364//1252
f 1329//1486 1347//1506 1330//1487
f 1349//1490 1327//1489 2060//1504
f 1325//1467 2055//1495 1326//1494
f 1325//1467 1315//1492 1310//1466
f 1310//1466 1315//1492 1313//1468
f 1306//1482 1328//1488 1327//1489
f 1307//1481 1328//1488 1306//1482
f 3325//1258 1302//1475 1301//1479
f 1297//1472 1299//1476 3327//1259
f 1295//1264 1294//1471 1095//1261
f 1287//1442 3330//1444 2067//1463
f 2067//1463 3330//1444 1286//1461
f 1283//1448 1284//1459 2068//1447
f 1274//1425 1279//1450 1271//1451
f 1257//1394 1266//1432 1265//1445
f 3330//1444 1264//1440 1286//1461
f 1259//1369 1263//1371 1262//1439
f 3328//1436 1318//1340 3332//1341
f 1163//1328 1260//1310 1261//1339
f 3328//1436 3332//1341 3333//1342
f 1199//1370 3342//1372 1221//1374
f 1258//1435 1263//1371 1199//1370
f 1258//1435 1199//1370 1221//1374
f 1285//1434 1221//1374 1257//1394
f 3334//1373 1222//1375 1223//1393
f 3335//1392 3334//1373 1223//1393
f 1267//1431 1257//1394 1256//1389
f 1267//1431 1266//1432 1257//1394
f 3336//1390 1256//1389 1257//1394
f 3337//1395 1255//1426 1272//1386
f 1255//1426 3337//1395 1254//1401
f 1254//1401 3340//1400 3338//1423
f 1253//1411 3338//1423 1246//1407
f 1253//1411 1247//1412 2075//1420
f 2075//1420 1247//1412 2077//1419
f 3232//1417 2077//1419 1252//1409
f 2077//1419 1247//1412 1252//1409
f 1241//1403 3339//1404 1243//1406
f 1243//1406 3339//1404 1242//687
f 1242//687 660//1410 1244//1405
f 1238//1402 3338//1423 3340//1400
f 1246//1407 3338//1423 1238//1402
f 3337//1395 1236//1385 1237//1396
f 1222//1375 1219//1376 1224//1391
f 1179//1345 1203//1344 1202//1031
f 1199//1370 1204//1343 1200//1366
f 1197//1356 1210//1357 1209//1365
f 1180//1030 1181//1346 1201//1353
f 1190//1351 1192//1350 1195//1358
f 3332//1341 1260//1310 1178//1309
f 1175//1330 1288//1329 1289//1337
f 3343//1274 1168//1278 1176//1277
f 1152//1319 1162//1312 1135//1321
f 1178//1309 1134//1306 3332//1341
f 1129//1299 3344//1032 1202//1031
f 1133//1305 1129//1299 1202//1031
f 1132//1301 1129//1299 1133//1305
f 3345//1044 3344//1032 1129//1299
f 1116//1046 1139//1287 1138//1286
f 1136//1288 1161//1291 1126//1282
f 1126//1282 1161//1291 1121//1290
f 1108//1272 1167//1279 1107//1270
f 1108//1272 1166//1327 1167//1279
f 1124//1054 1108//1272 1104//1269
f 1101//1266 1169//1267 3347//1260
f 1097//1070 1101//1266 3347//1260
f 1097//1070 3347//1260 1096//1057
f 1095//1261 1294//1471 3327//1259
f 1094//1066 3327//1259 1093//1092
f 1039//1069 1042//1196 1040//1093
f 1333//1257 1042//1196 1332//1198
f 1084//1251 1083//1248 3348//1208
f 3348//1208 1082//1246 1081//1209
f 3348//1208 1083//1248 1082//1246
f 1067//1232 1074//1223 1064//1225
f 1064//1225 3349//1222 1063//1226
f 1058//1219 1060//1221 3349//1222
f 1019//1218 1054//1178 1056//1217
f 1020//1173 1054//1178 1019//1218
f 1043//1201 1045//1202 1087//1204
f 1044//1192 3352//1094 1035//1096
f 3351//1097 3352//1094 1044//1192
f 3353//1120 963//1099 1031//1095
f 1086//1189 3350//1121 1047//1119
f 1050//1187 1026//1122 1029//1185
f 1050//1187 1051//1180 1026//1122
f 1027//1111 1024//1110 1026//1122
f 1053//1184 1023//1179 1052//1181
f 1011//1169 1021//1168 1015//1172
f 1020//1173 1017//1175 1014//1171
f 1017//1175 1019//1218 1057//1177
f 1020//1173 1019//1218 1017//1175
f 1009//1123 1016//1165 1007//1124
f 1016//1165 1009//1123 3302//1174
f 967//1114 1008//1113 1007//1124
f 977//1126 967//1114 3354//1125
f 977//1126 3354//1125 978//1135
f 994//1148 978//1135 3354//1125
f 994//1148 1396//1600 993//1147
f 998//1153 3355//1159 1001//1158
f 3355//1159 998//1153 1002//1152
f 997//1142 998//1153 1000//1141
f 995//1146 992//1140 1398//1150
f 984//1139 982//1137 983//1138
f 3357//1136 978//1135 983//1138
f 3357//1136 974//1133 3356//1134
f 970//829 979//1130 981//1128
f 971//835 979//1130 970//829
f 740//841 976//1127 968//842
f 963//1099 964//1118 962//1100
f 962//1100 964//1118 957//1108
f 966//1105 1008//1113 3358//1103
f 3359//1107 3360//1101 962//1100
f 957//1108 3360//1101 3359//1107
f 3360//1101 1025//1109 955//1106
f 3360//1101 957//1108 1025//1109
f 952//844 954//1104 743//839
f 952//844 960//1112 954//1104
f 960//1112 952//844 961//1102
f 1032//1087 3352//1094 3351//1097
f 940//1082 941//934 946//1090
f 941//934 933//1081 932//864
f 941//934 940//1082 933//1081
f 939//1083 1036//1085 934//1078
f 935//1072 933//1081 939//1083
f 948//849 3361//1074 930//1073
f 930//1073 929//847 3362//848
f 926//856 937//1080 936//850
f 1093//1092 921//1067 1094//1066
f 1100//1061 920//1060 1103//1065
f 1124//1054 1102//1059 917//940
f 920//1060 918//1055 917//940
f 923//1056 916//935 919//1062
f 923//1056 915//1058 916//935
f 919//1062 916//935 918//1055
f 1110//1052 912//941 911//943
f 908//1049 821//948 830//947
f 900//1042 3363//1033 1130//1298
f 3363//1033 899//1043 1130//1298
f 3363//1033 900//1042 898//1041
f 901//1039 894//1000 895//1035
f 901//1039 902//1038 894//1000
f 903//977 3364//1037 892//1036
f 894//1000 893//998 863//973
f 847//999 893//998 3364//1037
f 872//1011 869//1003 888//1010
f 869//1003 872//1011 891//1002
f 899//1043 872//1011 3344//1032
f 1180//1030 890//1028 1181//1346
f 890//1028 889//1029 3365//1012
f 3365//1012 878//1009 3366//1013
f 1182//1022 879//1020 880//1023
f 1182//1022 1181//1346 890//1028
f 890//1028 3366//1013 1182//1022
f 3366//1013 879//1020 1182//1022
f 883//1007 882//1018 886//1017
f 886//1017 885//1019 1403//707
f 881//1016 885//1019 3367//992
f 885//1019 873//1015 3367//992
f 869//1003 866//997 877//1004
f 870//1005 871//996 3368//988
f 865//986 866//997 891//1002
f 851//983 865//986 3369//972
f 860//994 3367//992 873//1015
f 858//991 987//833 999//993
f 858//991 999//993 857//899
f 847//999 3370//979 863//973
f 3369//972 848//954 849//981
f 3364//1037 3371//975 3370//979
f 847//999 3364//1037 3370//979
f 3364//1037 903//977 3371//975
f 904//978 906//976 3372//957
f 904//978 3372//957 846//974
f 906//976 845//961 3373//952
f 3371//975 844//959 3370//979
f 842//965 832//963 836//964
f 862//987 842//965 855//969
f 3373//952 3372//957 906//976
f 844//959 825//958 826//918
f 844//959 826//918 848//954
f 848//954 828//907 843//955
f 843//955 827//906 832//963
f 3379//949 823//951 3377//919
f 3374//3409 3379//949 3377//919
f 821//948 3376//882 3377//919
f 908//1049 3375//3410 3376//882
f 821//948 908//1049 3376//882
f 3375//3410 1113//926 809//925
f 3375//3410 809//925 3376//882
f 1113//926 817//939 818//924
f 1113//926 910//942 817//939
f 909//945 910//942 1113//926
f 3375//3410 908//1049 1112//1050
f 1112//1050 1113//926 3375//3410
f 1114//1048 1113//926 1112//1050
f 823//951 821//948 3377//919
f 3374//3409 3377//919 801//911
f 800//917 3379//949 3374//3409
f 799//915 3378//910 802//913
f 799//915 801//911 3378//910
f 825//958 822//950 3379//949
f 826//918 825//958 3380//916
f 825//958 3379//949 3380//916
f 3379//949 800//917 3380//916
f 825//958 3373//952 822//950
f 911//943 3382//929 3381//927
f 914//931 916//935 943//932
f 814//870 914//931 815//930
f 3376//882 809//925 805//883
f 809//925 3383//920 805//883
f 809//925 808//923 3383//920
f 779//875 773//874 3384//878
f 3384//878 773//874 774//768
f 3384//878 774//768 777//877
f 3378//910 796//908 797//912
f 3378//910 797//912 802//913
f 802//913 3380//916 799//915
f 800//917 801//911 799//915
f 3374//3409 801//911 800//917
f 826//918 802//913 828//907
f 793//892 789//890 791//902
f 673//727 3410//886 781//730
f 673//727 3386//715 3410//886
f 794//891 3410//886 783//887
f 3410//886 794//891 803//885
f 672//722 669//716 3386//715
f 781//730 804//884 3387//731
f 804//884 780//881 3387//731
f 804//884 805//883 780//881
f 3388//733 675//732 3387//731
f 779//875 778//880 3387//731
f 778//880 3389//3411 3388//733
f 778//880 3390//879 3389//3411
f 3390//879 776//876 3389//3411
f 3389//3411 3392//734 3409//729
f 3388//733 3389//3411 3409//729
f 3388//733 3387//731 778//880
f 3392//734 3391//726 3409//729
f 3389//3411 776//876 3392//734
f 3392//734 776//876 3394//771
f 3392//734 3394//771 3393//735
f 3392//734 3393//735 678//724
f 3384//878 3390//879 778//880
f 776//876 3390//879 777//877
f 692//764 807//873 806//872
f 759//861 3395//779 764//862
f 759//861 755//851 754//852
f 756//795 754//852 758//855
f 756//795 758//855 3398//794
f 3397//784 3398//794 3396//796
f 752//853 714//800 3396//796
f 3398//794 752//853 3396//796
f 3398//794 758//855 753//854
f 3398//794 753//854 711//801
f 714//800 3399//797 3396//796
f 752//853 710//803 714//800
f 713//802 711//801 751//806
f 926//856 927//1071 937//1080
f 936//850 751//806 926//856
f 750//805 936//850 714//800
f 716//804 3362//848 749//810
f 951//845 747//811 956//846
f 720//808 928//1075 956//846
f 748//812 928//1075 720//808
f 951//845 745//813 746//809
f 740//841 739//815 742//814
f 971//835 3400//819 969//821
f 987//833 667//754 3401//755
f 734//756 3402//825 735//830
f 3402//825 730//823 736//826
f 730//823 731//824 736//826
f 727//747 726//746 729//822
f 719//790 746//809 704//789
f 712//798 716//804 715//799
f 717//807 709//793 715//799
f 709//793 717//807 718//791
f 3397//784 3396//796 707//785
f 706//783 3398//794 705//772
f 706//783 705//772 698//763
f 707//785 3404//769 3397//784
f 3405//759 703//786 709//793
f 708//792 703//786 3403//770
f 700//744 701//787 722//817
f 722//817 701//787 741//816
f 3394//771 3404//769 3393//735
f 692//764 770//767 774//768
f 3403//770 699//736 3393//735
f 700//744 722//817 723//760
f 689//745 700//744 723//760
f 3406//750 684//714 785//713
f 668//717 3407//720 679//740
f 668//717 669//716 3407//720
f 683//748 679//740 682//741
f 3407//720 680//719 681//739
f 699//736 676//718 677//723
f 675//732 3409//729 674//728
f 3410//886 803//885 781//730
f 672//722 671//725 670//721
f 671//725 677//723 670//721
f 676//718 3407//720 677//723
f 668//717 782//888 3386//715
f 652//638 653//667 2522//666
f 3411//663 3194//664 650//640
f 652//638 651//639 625//637
f 641//658 620//627 639//644
f 635//646 640//647 636//642
f 637//645 638//651 634//626
f 636//642 634//626 632//630
f 626//635 625//637 651//639
