# Blender 5.0.1
# www.blender.org
mtllib proximal_1262.mtl
o 2_JOINT_SC_9_segmentation.006
v 0.013604 -0.002116 0.000785
v 0.013660 -0.004114 0.000860
v 0.013288 -0.000814 0.001243
v 0.014076 -0.001426 0.002023
v 0.014053 -0.005456 0.002014
v 0.012792 -0.002840 0.001305
v 0.012677 -0.000457 0.001389
v 0.012122 -0.002913 0.002223
v 0.012069 -0.000486 0.002194
v 0.013126 -0.005116 0.001118
v 0.012013 -0.005628 0.002310
v 0.013387 -0.006420 0.002376
v 0.012331 -0.006619 0.002645
v 0.014012 -0.007816 0.002626
v 0.014559 -0.006031 0.002091
v 0.014648 -0.004269 0.001464
v 0.016367 -0.006383 0.003841
v 0.015065 -0.006866 0.002652
v 0.016022 -0.008077 0.003686
v 0.014783 -0.008700 0.003148
v 0.014680 -0.010472 0.003842
v 0.013687 -0.008771 0.002552
v 0.014017 -0.009414 0.003511
v 0.013617 -0.010750 0.003729
v 0.011393 -0.009814 0.002559
v 0.011050 -0.006763 0.002596
v 0.009575 -0.010316 0.003376
v 0.010622 -0.010951 0.003774
v 0.010521 -0.004493 0.002729
v 0.011628 -0.010782 0.003324
v 0.012485 -0.011127 0.003854
v 0.010957 -0.012405 0.003864
v 0.010093 -0.013335 0.004653
v 0.009580 -0.012051 0.004048
v 0.013136 -0.012288 0.003870
v 0.014382 -0.011739 0.004094
v 0.013163 -0.013305 0.004576
v 0.013462 -0.014022 0.005633
v 0.009966 -0.014077 0.005663
v 0.014070 -0.012545 0.005084
v 0.013999 -0.013437 0.005366
v 0.014589 -0.013307 0.005474
v 0.014067 -0.014038 0.007481
v 0.014207 -0.014869 0.008312
v 0.013492 -0.014874 0.006966
v 0.013166 -0.015607 0.009495
v 0.014719 -0.015468 0.010630
v 0.014047 -0.015369 0.010164
v 0.015505 -0.013906 0.008712
v 0.016368 -0.013196 0.008708
v 0.016111 -0.014648 0.013060
v 0.016528 -0.013909 0.012814
v 0.016036 -0.014486 0.017936
v 0.017392 -0.012172 0.011323
v 0.018234 -0.011362 0.013640
v 0.016825 -0.013098 0.018058
v 0.016333 -0.013557 0.019725
v 0.016597 -0.012214 0.023673
v 0.016853 -0.010715 0.024072
v 0.017551 -0.012021 0.016269
v 0.016849 -0.011065 0.020707
v 0.017574 -0.010853 0.016925
v 0.018190 -0.010876 0.015616
v 0.018235 -0.009819 0.017154
v 0.017534 -0.010523 0.023170
v 0.017944 -0.009215 0.023591
v 0.018289 -0.009337 0.021798
v 0.018274 -0.004655 0.032295
v 0.018307 -0.002914 0.030243
v 0.018081 -0.007322 0.026277
v 0.018274 -0.007239 0.016933
v 0.018337 -0.007428 0.012887
v 0.018413 -0.006271 0.016772
v 0.018421 -0.007682 0.015545
v 0.018263 -0.008828 0.008939
v 0.019093 -0.007234 0.015442
v 0.018514 -0.005818 0.018899
v 0.018329 -0.004770 0.019309
v 0.018258 -0.003243 0.024229
v 0.019321 -0.004873 0.018571
v 0.018786 -0.004344 0.021665
v 0.019413 -0.003358 0.021606
v 0.019793 -0.005009 0.016279
v 0.018406 -0.003258 0.022352
v 0.018797 -0.002757 0.023621
v 0.018341 -0.001754 0.024292
v 0.019408 -0.001648 0.023646
v 0.019696 -0.000400 0.024527
v 0.019415 -0.000279 0.026057
v 0.018678 -0.001288 0.026223
v 0.018345 -0.000299 0.026819
v 0.018340 0.000283 0.028608
v 0.019119 0.000601 0.027867
v 0.018597 0.004240 0.028193
v 0.018250 0.004415 0.029689
v 0.018446 0.004262 0.033792
v 0.018530 0.003324 0.033868
v 0.018334 0.005085 0.035495
v 0.018289 0.008770 0.034297
v 0.018295 0.005814 0.026475
v 0.018477 0.004919 0.026627
v 0.018292 0.001764 0.035566
v 0.019560 0.002953 0.035992
v 0.018482 0.002703 0.035488
v 0.018322 0.000101 0.036695
v 0.018385 0.001233 0.036609
v 0.019187 0.001918 0.036199
v 0.019220 0.000665 0.037516
v 0.019639 0.000166 0.040511
v 0.019810 0.002071 0.039352
v 0.019087 -0.001147 0.040784
v 0.018325 -0.001534 0.039864
v 0.019347 -0.001554 0.044625
v 0.018329 -0.000300 0.039727
v 0.019791 -0.000547 0.045326
v 0.019785 0.003059 0.045546
v 0.019728 -0.001787 0.051447
v 0.019843 -0.000010 0.050647
v 0.019717 -0.001692 0.046217
v 0.019780 0.001797 0.049284
v 0.019897 0.001203 0.050434
v 0.020779 0.001915 0.049852
v 0.019975 0.002736 0.049293
v 0.020792 0.001235 0.050809
v 0.021360 0.001536 0.051574
v 0.020647 0.000292 0.051362
v 0.020956 0.000041 0.054864
v 0.021457 0.000721 0.056574
v 0.021241 -0.000273 0.056127
v 0.020606 -0.001165 0.055512
v 0.019828 -0.000268 0.054813
v 0.019982 -0.001437 0.055083
v 0.019755 -0.002992 0.053895
v 0.019760 -0.003102 0.058690
v 0.019840 -0.001756 0.059187
v 0.019088 -0.004340 0.052986
v 0.019343 -0.003214 0.052203
v 0.018329 -0.003226 0.051620
v 0.019205 -0.002805 0.050456
v 0.019151 -0.002788 0.045690
v 0.018320 -0.003157 0.044350
v 0.018315 -0.001785 0.044098
v 0.018289 -0.004576 0.051510
v 0.017681 -0.005794 0.049053
v 0.018415 -0.004671 0.053267
v 0.018106 -0.005664 0.057501
v 0.017083 -0.006447 0.058506
v 0.017957 -0.005654 0.064220
v 0.016909 -0.006228 0.047190
v 0.016594 -0.007207 0.036866
v 0.016900 -0.006204 0.032379
v 0.016534 -0.007084 0.043630
v 0.016452 -0.007305 0.049322
v 0.015431 -0.007677 0.053873
v 0.016409 -0.007360 0.056313
v 0.015476 -0.007911 0.042902
v 0.015635 -0.008017 0.036436
v 0.015015 -0.008524 0.049210
v 0.015326 -0.009039 0.035903
v 0.015183 -0.009471 0.038750
v 0.014867 -0.009058 0.040599
v 0.013651 -0.009319 0.045944
v 0.014351 -0.010508 0.038735
v 0.014090 -0.009240 0.040794
v 0.013581 -0.009863 0.043424
v 0.012700 -0.010562 0.042374
v 0.013662 -0.010893 0.037450
v 0.012277 -0.010841 0.041686
v 0.011456 -0.010774 0.042361
v 0.012520 -0.009704 0.044557
v 0.012443 -0.010848 0.037422
v 0.012138 -0.011761 0.037896
v 0.013364 -0.011699 0.035962
v 0.014035 -0.010891 0.033063
v 0.012477 -0.012384 0.031803
v 0.013275 -0.012216 0.032317
v 0.011949 -0.012453 0.034762
v 0.012235 -0.013551 0.030899
v 0.010514 -0.012499 0.035840
v 0.010263 -0.013653 0.034012
v 0.011132 -0.012298 0.036525
v 0.007285 -0.012250 0.040341
v 0.012049 -0.011468 0.040649
v 0.008183 -0.012255 0.036202
v 0.010700 -0.012077 0.040664
v 0.009810 -0.011699 0.041612
v 0.007672 -0.011945 0.042435
v 0.005360 -0.012146 0.038960
v 0.008999 -0.010113 0.043335
v 0.006476 -0.010923 0.043375
v 0.005515 -0.011849 0.040615
v 0.008016 -0.010738 0.043582
v 0.007699 -0.010723 0.048811
v 0.008459 -0.010550 0.046675
v 0.006246 -0.010526 0.047190
v 0.005840 -0.009199 0.047975
v 0.006191 -0.009192 0.050803
v 0.004498 -0.010200 0.044413
v 0.004925 -0.009868 0.046957
v 0.004840 -0.010597 0.043682
v 0.007444 -0.010369 0.050062
v 0.008333 -0.009124 0.052167
v 0.009387 -0.010403 0.049171
v 0.009258 -0.010652 0.048090
v 0.007398 -0.009169 0.051080
v 0.006110 -0.008770 0.053594
v 0.006288 -0.007790 0.056933
v 0.005079 -0.008544 0.052834
v 0.005887 -0.007717 0.054268
v 0.007603 -0.008857 0.056525
v 0.007991 -0.007708 0.059548
v 0.008297 -0.008525 0.058644
v 0.007517 -0.007730 0.057369
v 0.010154 -0.009077 0.058075
v 0.011735 -0.009328 0.050907
v 0.010896 -0.008846 0.062532
v 0.013808 -0.009010 0.057396
v 0.009269 -0.008656 0.059457
v 0.012386 -0.008993 0.063118
v 0.012527 -0.009084 0.050280
v 0.014146 -0.009020 0.049653
v 0.012419 -0.009957 0.048631
v 0.013250 -0.009261 0.049801
v 0.012330 -0.009477 0.045984
v 0.010591 -0.010515 0.048100
v 0.009888 -0.009458 0.045125
v 0.010400 -0.009923 0.043051
v 0.013711 -0.008672 0.059539
v 0.013515 -0.008411 0.063507
v 0.011774 -0.007884 0.064598
v 0.011164 -0.007694 0.064856
v 0.013267 -0.007556 0.065357
v 0.013860 -0.007658 0.064714
v 0.015319 -0.007526 0.065094
v 0.013971 -0.007844 0.060074
v 0.015362 -0.007663 0.059339
v 0.015060 -0.008370 0.058357
v 0.016467 -0.006927 0.067719
v 0.014966 -0.007159 0.071058
v 0.013532 -0.007532 0.073186
v 0.015462 -0.007382 0.068960
v 0.016689 -0.006125 0.070851
v 0.015430 -0.006465 0.070808
v 0.015435 -0.006065 0.077546
v 0.015027 -0.006710 0.076943
v 0.016219 -0.005779 0.078960
v 0.016890 -0.006018 0.075393
v 0.014872 -0.005718 0.078920
v 0.011058 -0.004194 0.078879
v 0.013862 -0.006100 0.078021
v 0.017200 -0.004245 0.078867
v 0.011892 -0.005400 0.079005
v 0.012252 -0.005934 0.078637
v 0.013539 -0.006180 0.074865
v 0.012865 -0.006181 0.075172
v 0.010698 -0.005717 0.076108
v 0.011018 -0.005269 0.078519
v 0.010727 -0.004505 0.078455
v 0.009322 -0.004712 0.076304
v 0.009764 -0.004124 0.078910
v 0.010511 -0.004812 0.076796
v 0.009562 -0.002841 0.078890
v 0.008877 -0.004163 0.077159
v 0.008091 -0.003832 0.076520
v 0.007590 -0.002931 0.076401
v 0.008022 -0.004261 0.072754
v 0.008128 -0.002501 0.078945
v 0.008187 0.000081 0.078866
v 0.007575 -0.001801 0.076682
v 0.008003 -0.001486 0.078864
v 0.006589 -0.000487 0.078983
v 0.006629 -0.001777 0.076174
v 0.006605 -0.001169 0.078433
v 0.006011 -0.001305 0.074560
v 0.005991 0.000107 0.077852
v 0.004763 -0.000068 0.074205
v 0.006379 0.001525 0.078894
v 0.005888 -0.000367 0.074888
v 0.005015 0.000582 0.076772
v 0.004985 0.002090 0.078949
v 0.004353 0.001659 0.076207
v 0.004356 0.002661 0.076731
v 0.003324 0.001532 0.073089
v 0.004432 0.001214 0.073826
v 0.003342 0.002857 0.076062
v 0.004692 0.003591 0.078478
v 0.005121 0.005113 0.078869
v 0.004544 0.004538 0.078627
v 0.003382 0.004266 0.077123
v 0.002962 0.004448 0.074052
v 0.003024 0.003205 0.073780
v 0.003298 0.005137 0.078605
v 0.002901 0.005776 0.075210
v 0.003437 0.005869 0.078990
v 0.003610 0.007009 0.078925
v 0.002331 0.006617 0.077127
v 0.002461 0.009936 0.078037
v 0.001719 0.007743 0.076691
v 0.001870 0.006093 0.074182
v 0.001798 0.004547 0.072923
v 0.001522 0.006577 0.072146
v 0.001456 0.005800 0.070505
v 0.000427 0.005894 0.069759
v 0.001493 0.004751 0.070143
v 0.001511 0.003282 0.067147
v 0.000359 0.004621 0.066693
v 0.001420 0.004271 0.067453
v -0.000112 0.004889 0.064416
v -0.000086 0.003232 0.062587
v -0.000058 0.004295 0.062918
v 0.000354 0.003591 0.066160
v 0.000166 0.005482 0.067247
v 0.000185 0.008109 0.071261
v -0.000039 0.008994 0.066115
v -0.000042 0.005860 0.064857
v -0.000120 0.006604 0.065805
v -0.000946 0.008358 0.065344
v -0.001014 0.006325 0.064634
v -0.001400 0.007630 0.063905
v -0.001272 0.002835 0.060320
v -0.001050 0.004385 0.062312
v -0.001572 0.004027 0.057110
v -0.001466 0.005059 0.058459
v -0.000655 0.001909 0.060724
v -0.001137 0.001476 0.057955
v -0.001574 0.000266 0.053845
v -0.001543 0.001797 0.055133
v -0.000043 0.001145 0.058647
v -0.001544 0.001154 0.054221
v -0.001149 -0.000010 0.056988
v 0.000259 0.001603 0.062393
v -0.000159 0.002654 0.061667
v 0.000309 0.000848 0.062024
v 0.001448 0.001676 0.065795
v 0.001461 0.001020 0.063258
v 0.000601 0.002015 0.064879
v 0.001418 0.002647 0.066145
v 0.001784 0.001135 0.067928
v 0.001410 -0.000318 0.061726
v 0.001824 -0.001445 0.062592
v 0.000664 -0.001092 0.060422
v 0.000397 -0.001604 0.058179
v 0.001433 -0.001804 0.058561
v 0.001470 -0.001322 0.061533
v 0.002038 -0.002508 0.061729
v 0.001529 -0.002843 0.058476
v 0.001387 -0.003346 0.055580
v 0.001793 -0.004255 0.055984
v 0.001974 -0.003088 0.059466
v 0.000574 -0.002509 0.057492
v 0.001984 -0.004006 0.058385
v 0.003096 -0.004516 0.059431
v 0.002838 -0.004799 0.055583
v 0.001626 -0.004478 0.055068
v 0.003457 -0.005928 0.055797
v 0.003509 -0.005540 0.058460
v 0.003078 -0.005930 0.054978
v 0.002878 -0.006285 0.052324
v 0.003666 -0.007114 0.054248
v 0.003070 -0.007149 0.051997
v 0.001926 -0.005712 0.053435
v 0.001349 -0.004841 0.052434
v 0.001767 -0.006027 0.052001
v 0.000454 -0.004787 0.051869
v 0.002101 -0.007149 0.051080
v 0.001367 -0.007168 0.049078
v 0.001362 -0.006282 0.049868
v 0.000085 -0.005843 0.049758
v -0.000138 -0.004828 0.049787
v -0.001393 -0.005885 0.046498
v 0.000356 -0.006393 0.049173
v -0.000143 -0.006331 0.046741
v -0.000052 -0.004218 0.051925
v -0.001119 -0.004953 0.049119
v -0.001598 -0.004342 0.049375
v -0.001601 -0.004777 0.046727
v -0.002482 -0.004523 0.046594
v -0.002459 -0.005291 0.045555
v -0.003186 -0.005489 0.043055
v -0.003048 -0.004180 0.044501
v -0.002508 -0.006375 0.043060
v -0.001614 -0.006291 0.043521
v -0.001841 -0.007720 0.041804
v -0.003168 -0.006318 0.041664
v -0.003200 -0.007282 0.041089
v -0.001588 -0.007138 0.043180
v -0.001171 -0.006474 0.045892
v -0.001134 -0.007673 0.043118
v 0.000146 -0.007393 0.046574
v -0.000109 -0.007774 0.043633
v 0.000000 -0.008593 0.043079
v -0.001584 -0.008684 0.041218
v -0.001687 -0.009281 0.039183
v 0.000465 -0.009182 0.041434
v -0.000214 -0.009269 0.040403
v -0.003367 -0.008683 0.039662
v -0.002578 -0.009206 0.038990
v -0.001063 -0.009278 0.040092
v -0.001110 -0.010247 0.039324
v -0.000001 -0.010462 0.039854
v -0.002126 -0.010184 0.038260
v -0.002391 -0.010665 0.036619
v -0.003097 -0.010328 0.036845
v -0.003197 -0.010942 0.034210
v -0.003182 -0.009308 0.037235
v -0.004039 -0.011000 0.033830
v -0.004142 -0.009833 0.036468
v -0.004778 -0.010283 0.035353
v -0.004404 -0.009138 0.036505
v -0.005645 -0.008703 0.036320
v -0.005995 -0.010392 0.033780
v -0.004811 -0.010957 0.032797
v -0.004795 -0.011923 0.032342
v -0.006986 -0.010733 0.032937
v -0.006511 -0.011817 0.032124
v -0.007747 -0.010259 0.032640
v -0.008491 -0.011829 0.030515
v -0.007241 -0.009330 0.033798
v -0.006245 -0.008648 0.035620
v -0.006203 -0.009340 0.034089
v -0.007172 -0.007419 0.036068
v -0.008032 -0.009119 0.033049
v -0.008775 -0.009220 0.032456
v -0.008701 -0.007837 0.033577
v -0.007858 -0.007860 0.034167
v -0.008509 -0.006970 0.035040
v -0.007640 -0.006175 0.036187
v -0.008794 -0.004856 0.035367
v -0.009212 -0.006981 0.032985
v -0.009902 -0.006981 0.032278
v -0.009345 -0.007930 0.031560
v -0.009311 -0.004996 0.032726
v -0.010371 -0.005841 0.032098
v -0.010203 -0.004631 0.032644
v -0.009382 -0.004054 0.033917
v -0.010343 -0.002474 0.033449
v -0.009281 -0.001924 0.034026
v -0.010403 -0.001667 0.033639
v -0.008743 -0.002180 0.036585
v -0.009354 -0.001058 0.035855
v -0.008669 0.000682 0.038362
v -0.009281 0.002513 0.035908
v -0.010230 0.002435 0.035287
v -0.010199 -0.000081 0.035083
v -0.008252 -0.000962 0.038576
v -0.007825 0.002518 0.039005
v -0.007827 -0.001905 0.037151
v -0.007660 -0.001128 0.039279
v -0.007102 -0.001294 0.040491
v -0.007049 0.001104 0.041135
v -0.007144 -0.003388 0.038662
v -0.006831 -0.002722 0.039610
v -0.006140 -0.003471 0.038948
v -0.008181 -0.004066 0.036743
v -0.006238 -0.005619 0.038832
v -0.007071 -0.005159 0.038291
v -0.007801 -0.004929 0.035959
v -0.006153 -0.006342 0.037236
v -0.007026 -0.006287 0.036969
v -0.005846 -0.004951 0.039741
v -0.005560 -0.006433 0.039720
v -0.004228 -0.007387 0.040478
v -0.005007 -0.004795 0.041462
v -0.004803 -0.006073 0.040633
v -0.005433 -0.007634 0.037166
v -0.006204 -0.007427 0.036501
v -0.004623 -0.007788 0.037261
v -0.004554 -0.008647 0.037022
v -0.004024 -0.006253 0.041390
v -0.003987 -0.005270 0.042714
v -0.003978 -0.004264 0.043889
v -0.005523 -0.003742 0.042466
v -0.004166 -0.003089 0.044282
v -0.004579 -0.001201 0.044506
v -0.003510 -0.002610 0.047269
v -0.004648 -0.001945 0.043379
v -0.004141 -0.001662 0.046718
v -0.002905 -0.002803 0.048334
v -0.003053 -0.003331 0.044754
v -0.002661 -0.003417 0.048889
v -0.002464 -0.001665 0.050691
v -0.001624 -0.002890 0.050470
v -0.001096 -0.003145 0.051842
v -0.001608 -0.001828 0.051083
v -0.001062 -0.001583 0.053593
v -0.000079 -0.001374 0.056947
v -0.000097 -0.001894 0.054440
v -0.001497 -0.001182 0.052100
v -0.000129 -0.002693 0.053893
v -0.000117 -0.003365 0.052366
v 0.000283 -0.002966 0.054952
v -0.002624 -0.000215 0.051649
v -0.001613 -0.000364 0.052257
v -0.003057 -0.000415 0.047806
v -0.003078 0.000286 0.049526
v -0.003025 0.001200 0.049924
v -0.002577 0.001070 0.053332
v -0.002533 0.002704 0.054827
v -0.002836 0.002747 0.053342
v -0.002876 0.006421 0.056501
v -0.003086 0.004201 0.050879
v -0.003073 0.001932 0.050884
v -0.002548 0.004400 0.056736
v -0.002979 0.005421 0.052374
v -0.002853 0.009172 0.052766
v -0.003890 0.004038 0.050454
v -0.003054 0.006514 0.050875
v -0.003987 0.006332 0.050534
v -0.004017 0.005479 0.051102
v -0.004079 0.001871 0.049758
v -0.004643 0.003435 0.047705
v -0.004545 0.007170 0.047932
v -0.005487 0.008227 0.045830
v -0.004544 0.007934 0.046727
v -0.005636 0.006684 0.046903
v -0.004137 0.009180 0.049185
v -0.003843 0.008472 0.050274
v -0.003147 0.008691 0.050851
v -0.003016 0.009419 0.049892
v -0.002605 0.010572 0.051794
v -0.003137 0.010498 0.049502
v -0.004106 0.010653 0.046142
v -0.003032 0.010900 0.046675
v -0.002534 0.011563 0.050485
v -0.001566 0.012069 0.052086
v -0.002619 0.012017 0.047623
v -0.001417 0.013675 0.047670
v -0.003098 0.011868 0.046384
v -0.002858 0.013355 0.044594
v -0.001525 0.012346 0.047924
v -0.001157 0.013342 0.048922
v -0.000195 0.013813 0.050087
v -0.000914 0.013191 0.053704
v 0.000218 0.014847 0.047825
v -0.000708 0.014789 0.046731
v 0.001192 0.015377 0.047021
v 0.000182 0.015320 0.046380
v 0.000549 0.014633 0.052846
v 0.001528 0.015285 0.050496
v 0.001870 0.016454 0.046252
v 0.002013 0.015995 0.050027
v 0.002759 0.015380 0.051751
v 0.001910 0.014905 0.054472
v 0.003002 0.015178 0.057590
v 0.003393 0.015889 0.056285
v 0.003363 0.016264 0.051432
v 0.002968 0.016588 0.049082
v 0.004553 0.016648 0.050176
v 0.004494 0.016594 0.055466
v 0.006113 0.016669 0.054077
v 0.005057 0.016415 0.057485
v 0.004347 0.015398 0.057842
v 0.006066 0.016646 0.063004
v 0.004974 0.016044 0.064744
v 0.004596 0.015285 0.065897
v 0.005907 0.015279 0.066294
v 0.006373 0.016086 0.067156
v 0.007542 0.016643 0.066260
v 0.009363 0.016647 0.077918
v 0.007577 0.016607 0.072605
v 0.010908 0.016680 0.067468
v 0.009179 0.016636 0.064551
v 0.007818 0.016671 0.058376
v 0.006392 0.016014 0.073523
v 0.006007 0.015199 0.074497
v 0.008097 0.016309 0.074926
v 0.008423 0.016226 0.078982
v 0.007342 0.015291 0.078273
v 0.005099 0.014740 0.076177
v 0.007741 0.015040 0.078865
v 0.006529 0.014756 0.078949
v 0.005527 0.014056 0.078344
v 0.005191 0.013207 0.078866
v 0.003675 0.011440 0.078895
v 0.003789 0.012946 0.079061
v 0.023729 0.005525 0.078869
v 0.016680 0.014734 0.078865
v 0.019605 -0.002657 0.078859
v 0.024146 0.002641 0.078954
v 0.025089 0.007315 0.078875
v 0.022853 0.000111 0.078867
v 0.022466 0.010023 0.078872
v 0.024165 0.004700 0.078832
v 0.024364 0.007680 0.078811
v 0.024080 0.009233 0.078988
v 0.024114 0.010435 0.078489
v 0.022663 0.010425 0.078871
v 0.024508 0.009274 0.077908
v 0.024462 0.007714 0.076377
v 0.024422 0.009125 0.073531
v 0.024026 0.009180 0.071966
v 0.024095 0.007789 0.069047
v 0.024500 0.005902 0.068984
v 0.023218 0.010543 0.072163
v 0.023766 0.010831 0.076798
v 0.023856 0.008740 0.069853
v 0.023126 0.007911 0.068390
v 0.023002 0.009065 0.068880
v 0.023001 0.007295 0.061238
v 0.022942 0.007165 0.065687
v 0.022959 0.009356 0.066503
v 0.023045 0.009399 0.071504
v 0.022931 0.010673 0.069192
v 0.022526 0.010570 0.066970
v 0.022291 0.011849 0.067856
v 0.022867 0.012232 0.074405
v 0.022284 0.013262 0.074106
v 0.022412 0.012164 0.073131
v 0.023056 0.010844 0.075677
v 0.023141 0.012317 0.077188
v 0.022619 0.012518 0.078971
v 0.022207 0.013536 0.077842
v 0.021524 0.013790 0.074513
v 0.021255 0.013833 0.077829
v 0.021788 0.013335 0.078885
v 0.019566 0.013232 0.078887
v 0.020575 0.014680 0.076780
v 0.021313 0.011965 0.078842
v 0.019168 0.014655 0.078984
v 0.019190 0.015068 0.078139
v 0.017259 0.015050 0.078634
v 0.018325 0.015289 0.077478
v 0.019458 0.014791 0.073308
v 0.018039 0.015950 0.076700
v 0.018460 0.015149 0.070016
v 0.020091 0.014990 0.075345
v 0.019955 0.013730 0.074019
v 0.021222 0.014483 0.075932
v 0.019968 0.013746 0.063587
v 0.021179 0.013322 0.072915
v 0.021412 0.012554 0.065499
v 0.021604 0.012280 0.072766
v 0.020732 0.013331 0.063500
v 0.019918 0.012308 0.062291
v 0.019707 0.013528 0.062367
v 0.020884 0.011940 0.061823
v 0.019895 0.012181 0.057069
v 0.021437 0.010824 0.060461
v 0.020804 0.011732 0.057710
v 0.019838 0.010845 0.056609
v 0.020990 0.010450 0.056552
v 0.020771 0.010320 0.052979
v 0.019815 0.010693 0.051623
v 0.021324 0.009196 0.053066
v 0.021472 0.009583 0.058500
v 0.021602 0.010586 0.062680
v 0.021524 0.009405 0.062106
v 0.021453 0.006075 0.048222
v 0.021445 0.006975 0.056724
v 0.021666 0.008925 0.059533
v 0.021622 0.007894 0.059066
v 0.021771 0.007208 0.058242
v 0.022691 0.007104 0.059197
v 0.022326 0.003606 0.058574
v 0.022843 0.003408 0.059635
v 0.022374 0.008711 0.060456
v 0.022679 0.009196 0.062899
v 0.021548 0.002680 0.059099
v 0.021687 0.001696 0.059445
v 0.022999 0.003388 0.061766
v 0.022456 0.001760 0.061107
v 0.022931 0.001356 0.065266
v 0.023197 0.003311 0.066934
v 0.023145 0.001637 0.068742
v 0.023042 0.002708 0.068465
v 0.022356 0.000467 0.063364
v 0.022907 -0.000004 0.067149
v 0.023040 0.001208 0.071622
v 0.023013 -0.000123 0.071714
v 0.023749 0.001792 0.069658
v 0.024041 0.001329 0.072242
v 0.023789 0.000280 0.072774
v 0.024248 0.002918 0.069213
v 0.024437 0.001408 0.074071
v 0.024552 0.003391 0.075957
v 0.024552 0.002777 0.077221
v 0.024419 0.001489 0.078667
v 0.023820 0.000132 0.078375
v 0.023074 -0.000222 0.077530
v 0.023629 0.000676 0.079057
v 0.022606 -0.001197 0.074108
v 0.022830 -0.001218 0.078332
v 0.022208 -0.001989 0.077106
v 0.022419 -0.000946 0.079016
v 0.021201 -0.001345 0.078872
v 0.021144 -0.002757 0.078909
v 0.021752 -0.002669 0.076932
v 0.020594 -0.003597 0.076922
v 0.020014 -0.003226 0.078093
v 0.020056 -0.003856 0.077261
v 0.019453 -0.004344 0.078512
v 0.018419 -0.004662 0.077177
v 0.018965 -0.004037 0.079066
v 0.019434 -0.004195 0.073871
v 0.019505 -0.004060 0.060618
v 0.019905 -0.003148 0.075670
v 0.020751 -0.002849 0.061261
v 0.021099 -0.002783 0.075223
v 0.019980 -0.003130 0.060204
v 0.020560 -0.002579 0.059804
v 0.021387 -0.001649 0.060927
v 0.020931 -0.001526 0.059473
v 0.021417 -0.000645 0.059926
v 0.021526 0.001190 0.062265
v 0.021722 0.000182 0.062608
v 0.021552 -0.000287 0.065387
v 0.021556 -0.001649 0.065604
v 0.022503 -0.000199 0.065971
v 0.022351 -0.001161 0.066576
v 0.021240 -0.002451 0.067826
v 0.021571 -0.001665 0.075587
v 0.018133 -0.005264 0.076782
v 0.017648 -0.005462 0.077149
v 0.016972 -0.006158 0.069238
v 0.016925 -0.006178 0.064661
v 0.025185 0.004237 0.076940
v 0.025553 0.004838 0.078481
v 0.025969 0.006172 0.078123
v 0.024648 0.007068 0.076207
v 0.025441 0.006008 0.076755
v 0.025368 0.007246 0.077325
v 0.025420 0.005513 0.079013
v 0.024243 0.005249 0.067642
v 0.023292 0.007190 0.067027
v 0.021753 0.003425 0.058196
v 0.021444 0.002983 0.057157
v 0.021468 0.004202 0.049467
v 0.020686 0.003365 0.047045
v 0.021031 0.002892 0.049567
v 0.021079 0.004822 0.046917
v 0.020091 0.003334 0.046342
v 0.020733 0.007191 0.047108
v 0.020035 0.007354 0.046318
v 0.019903 0.007904 0.049105
v 0.021012 0.007707 0.049635
v 0.019758 0.007312 0.044837
v 0.019805 0.009535 0.045504
v 0.019763 0.008194 0.040321
v 0.019786 0.008903 0.049239
v 0.019775 0.007392 0.037560
v 0.019379 0.005134 0.036154
v 0.019243 0.008468 0.036262
v 0.019355 0.003714 0.035079
v 0.019214 0.009208 0.040198
v 0.018309 0.009428 0.039595
v 0.019133 0.010297 0.041030
v 0.018288 0.010486 0.039778
v 0.018288 0.012294 0.042879
v 0.018495 0.011571 0.018498
v 0.018327 0.010897 0.044013
v 0.019184 0.011847 0.045400
v 0.018454 0.012192 0.044724
v 0.019327 0.010537 0.044280
v 0.019749 0.010639 0.046034
v 0.018172 0.013276 0.049458
v 0.019183 0.011897 0.050584
v 0.018326 0.012305 0.051449
v 0.018475 0.013669 0.052225
v 0.019332 0.012335 0.052202
v 0.019661 0.012686 0.054805
v 0.019164 0.013345 0.053148
v 0.019496 0.013259 0.061453
v 0.018404 0.013740 0.062088
v 0.018008 0.014756 0.061064
v 0.018564 0.014999 0.063394
v 0.017513 0.015254 0.069383
v 0.019636 0.014360 0.063942
v 0.016936 0.015358 0.054450
v 0.016722 0.016025 0.069422
v 0.018081 0.015957 0.071235
v 0.016875 0.016633 0.072256
v 0.015441 0.016629 0.069108
v 0.016199 0.016655 0.077766
v 0.012617 0.016623 0.067677
v 0.012325 0.016848 0.066889
v 0.013915 0.016642 0.051157
v 0.012478 0.016665 0.040627
v 0.013306 0.017408 0.039619
v 0.012110 0.017652 0.040925
v 0.013235 0.016780 0.041468
v 0.014761 0.016451 0.041225
v 0.013970 0.016821 0.039169
v 0.013650 0.017672 0.031571
v 0.013500 0.017683 0.038744
v 0.014824 0.016616 0.032974
v 0.014929 0.016559 0.025995
v 0.014022 0.017100 0.025682
v 0.015780 0.015377 0.035481
v 0.016541 0.014740 0.025387
v 0.016583 0.014738 0.040085
v 0.016187 0.015313 0.044673
v 0.014941 0.016323 0.050039
v 0.016777 0.014820 0.048368
v 0.015924 0.015721 0.050999
v 0.017985 0.014660 0.051820
v 0.016528 0.016003 0.053422
v 0.015652 0.016554 0.053551
v 0.017547 0.013772 0.048912
v 0.016888 0.013800 0.038189
v 0.016898 0.013845 0.024537
v 0.017674 0.013409 0.040518
v 0.017829 0.014073 0.020525
v 0.018140 0.012192 0.019179
v 0.017428 0.012418 0.017158
v 0.017769 0.013544 0.017590
v 0.018225 0.012203 0.029376
v 0.017173 0.012838 0.015115
v 0.016320 0.014276 0.017905
v 0.016784 0.012202 0.013494
v 0.016212 0.012335 0.012707
v 0.017563 0.011623 0.014779
v 0.015293 0.012641 0.013162
v 0.016878 0.010036 0.009741
v 0.015602 0.011722 0.010944
v 0.013039 0.012927 0.012286
v 0.011272 0.011510 0.010269
v 0.015943 0.010585 0.009440
v 0.014328 0.010912 0.009697
v 0.015369 0.009919 0.007826
v 0.011100 0.010837 0.009521
v 0.013823 0.010243 0.008240
v 0.014002 0.009460 0.007508
v 0.013291 0.009474 0.006927
v 0.012446 0.010230 0.007585
v 0.009333 0.010159 0.007379
v 0.011987 0.008949 0.005915
v 0.008342 0.010409 0.007887
v 0.007290 0.010907 0.008107
v 0.007071 0.009849 0.006730
v 0.008614 0.010930 0.009794
v 0.008666 0.011936 0.010560
v 0.009633 0.013943 0.012601
v 0.006365 0.011713 0.009067
v 0.007154 0.012755 0.011158
v 0.005828 0.014179 0.012389
v 0.005380 0.012733 0.010988
v 0.003819 0.013354 0.011286
v 0.003859 0.012180 0.009850
v 0.002215 0.012655 0.010690
v 0.001805 0.011590 0.008831
v -0.001065 0.011237 0.008441
v -0.000181 0.012709 0.010361
v 0.002883 0.010193 0.007766
v 0.001355 0.010453 0.007954
v 0.000209 0.009711 0.007272
v 0.003041 0.009243 0.007023
v 0.001584 0.008263 0.006942
v -0.001963 0.010299 0.007620
v -0.001757 0.009235 0.007484
v -0.003865 0.010271 0.007916
v -0.003002 0.010520 0.007889
v -0.004562 0.008622 0.007438
v -0.005789 0.009224 0.007069
v -0.005527 0.008343 0.007737
v -0.006802 0.005590 0.008454
v 0.002456 0.007295 0.006361
v -0.005773 0.009157 0.007960
v -0.005184 0.009750 0.007871
v -0.006918 0.009545 0.008164
v -0.006437 0.010054 0.008414
v -0.005871 0.011112 0.009021
v -0.006628 0.009855 0.007616
v -0.007191 0.010913 0.009394
v -0.007715 0.010227 0.008534
v -0.009983 0.010155 0.009383
v -0.009722 0.011054 0.010518
v -0.009403 0.009982 0.008963
v -0.008965 0.009815 0.008542
v -0.009661 0.009598 0.008368
v -0.009405 0.009285 0.008081
v -0.008662 0.009005 0.008274
v -0.009906 0.008180 0.008415
v -0.007270 0.007605 0.007070
v -0.009257 0.009199 0.008221
v -0.010268 0.009312 0.008649
v -0.010719 0.010193 0.010010
v -0.010090 0.009894 0.008923
v -0.011085 0.008752 0.008957
v -0.012713 0.007774 0.009097
v -0.012747 0.008702 0.010143
v -0.011338 0.006688 0.008278
v -0.012479 0.005074 0.007711
v -0.010015 0.006558 0.008022
v -0.013476 0.006423 0.009113
v -0.014861 0.004250 0.008513
v -0.014319 0.006314 0.009813
v -0.013987 0.007618 0.009911
v -0.014836 0.008198 0.011370
v -0.015429 0.005270 0.010690
v -0.013384 0.010026 0.011839
v -0.014902 0.009729 0.013637
v -0.015759 0.007654 0.013858
v -0.016487 0.004549 0.012350
v -0.016240 0.008577 0.015960
v -0.015805 0.009246 0.014232
v -0.016584 0.004417 0.018627
v -0.016570 -0.004777 0.015983
v -0.016552 -0.003155 0.018867
v -0.016269 0.004907 0.019990
v -0.016202 -0.003021 0.020187
v -0.016659 0.002766 0.014013
v -0.016236 0.006213 0.018692
v -0.016186 0.007709 0.017452
v -0.016759 0.001008 0.014631
v -0.016455 0.002962 0.012687
v -0.017377 0.003214 0.011614
v -0.017420 0.002320 0.012705
v -0.018048 0.000799 0.012499
v -0.016788 0.001670 0.013563
v -0.017742 0.002576 0.010665
v -0.017633 0.000688 0.014015
v -0.017784 -0.006141 0.013851
v -0.016788 -0.007049 0.014604
v -0.016706 -0.007800 0.013674
v -0.016315 -0.006268 0.018188
v -0.016293 -0.007956 0.017213
v -0.017695 -0.007761 0.013052
v -0.017481 -0.008769 0.012088
v -0.018163 -0.007472 0.010400
v -0.016802 -0.008960 0.013096
v -0.016566 -0.009302 0.007536
v -0.016558 -0.009521 0.015942
v -0.016503 -0.012253 0.013443
v -0.016138 -0.010278 0.016854
v -0.016587 -0.012251 0.007857
v -0.015864 -0.013536 0.007009
v -0.016145 -0.012415 0.006417
v -0.016192 -0.009039 0.006187
v -0.015983 -0.013384 0.013521
v -0.015199 -0.013871 0.013865
v -0.014931 -0.013564 0.014938
v -0.016093 -0.012444 0.014336
v -0.015314 -0.012509 0.014827
v -0.014816 -0.012333 0.017427
v -0.015409 -0.011888 0.016212
v -0.015264 -0.011003 0.016727
v -0.015252 -0.010317 0.017701
v -0.014798 -0.010516 0.020863
v -0.013723 -0.010991 0.021180
v -0.014840 -0.007802 0.021605
v -0.013771 -0.010310 0.022069
v -0.014403 -0.011820 0.019952
v -0.013739 -0.012504 0.017935
v -0.013721 -0.012051 0.020800
v -0.013319 -0.013528 0.019124
v -0.013373 -0.012528 0.023115
v -0.013335 -0.010945 0.024680
v -0.012388 -0.013526 0.023155
v -0.012379 -0.011891 0.025022
v -0.012298 -0.011051 0.025438
v -0.011776 -0.012022 0.026618
v -0.010964 -0.013466 0.025833
v -0.010865 -0.012534 0.026662
v -0.010548 -0.011715 0.028615
v -0.011720 -0.010650 0.027725
v -0.010798 -0.009460 0.028431
v -0.011806 -0.009327 0.027881
v -0.012270 -0.010183 0.026612
v -0.013138 -0.009997 0.025807
v -0.012281 -0.006454 0.026508
v -0.013256 -0.006411 0.025885
v -0.012326 -0.005601 0.028336
v -0.011781 -0.006383 0.029172
v -0.010969 -0.008556 0.029516
v -0.011093 -0.005540 0.031216
v -0.010811 -0.006411 0.029676
v -0.010201 -0.007816 0.031131
v -0.010166 -0.009322 0.030870
v -0.008941 -0.010360 0.031724
v -0.010392 -0.010820 0.029257
v -0.009335 -0.011979 0.029124
v -0.009374 -0.011038 0.029779
v -0.009394 -0.013237 0.027759
v -0.007982 -0.012452 0.028450
v -0.007239 -0.012479 0.029474
v -0.007938 -0.013379 0.027921
v -0.006134 -0.013445 0.029188
v -0.006229 -0.012472 0.029712
v -0.005414 -0.012667 0.031357
v -0.000314 -0.012440 0.031499
v -0.003380 -0.012140 0.032336
v -0.004252 -0.013432 0.030654
v -0.000794 -0.013347 0.030878
v -0.000124 -0.013719 0.029669
v 0.000879 -0.013384 0.031974
v 0.004030 -0.013378 0.032174
v 0.004662 -0.013732 0.030973
v 0.004176 -0.012447 0.032717
v 0.000624 -0.012372 0.032850
v 0.004828 -0.012262 0.034453
v 0.000422 -0.011961 0.035921
v 0.002889 -0.011998 0.036629
v 0.004441 -0.011892 0.038504
v 0.003337 -0.010884 0.038844
v 0.000639 -0.010993 0.037039
v 0.002738 -0.010856 0.037145
v -0.000328 -0.010913 0.035917
v -0.000581 -0.011982 0.035274
v -0.002499 -0.011211 0.035547
v -0.003063 -0.011869 0.033592
v 0.004332 -0.010856 0.039190
v 0.004808 -0.010858 0.041563
v 0.005822 -0.010875 0.041760
v 0.007432 -0.012265 0.034168
v 0.005158 -0.012616 0.033785
v 0.007448 -0.013376 0.033547
v 0.005380 -0.013274 0.033300
v 0.008878 -0.013786 0.032027
v 0.007848 -0.013767 0.031597
v 0.008249 -0.013243 0.034865
v 0.009572 -0.013311 0.035245
v 0.007544 -0.013835 0.028539
v 0.007633 -0.014756 0.028122
v 0.008183 -0.014388 0.030689
v 0.009286 -0.014986 0.029285
v 0.007417 -0.015145 0.026568
v 0.007552 -0.015334 0.022318
v 0.008026 -0.015514 0.025062
v 0.004638 -0.015166 0.023891
v 0.005850 -0.014907 0.026034
v 0.010334 -0.015379 0.025340
v 0.006123 -0.015384 0.021902
v 0.006314 -0.016098 0.020549
v 0.007723 -0.016361 0.021920
v 0.005966 -0.015296 0.017334
v 0.005981 -0.014943 0.013552
v 0.006641 -0.015386 0.015584
v 0.005362 -0.015145 0.014059
v 0.006459 -0.016020 0.016918
v 0.007611 -0.015956 0.016043
v 0.007380 -0.016724 0.019132
v 0.008200 -0.016698 0.016427
v 0.008278 -0.016236 0.012396
v 0.009158 -0.016923 0.014513
v 0.009183 -0.016813 0.018681
v 0.009568 -0.017602 0.015602
v 0.010528 -0.017713 0.019116
v 0.009523 -0.017493 0.018094
v 0.010486 -0.016957 0.019907
v 0.011897 -0.016856 0.019912
v 0.012507 -0.016813 0.015829
v 0.009453 -0.016586 0.024321
v 0.011922 -0.017622 0.018392
v 0.013456 -0.016768 0.015877
v 0.012523 -0.016581 0.021267
v 0.013721 -0.016145 0.020882
v 0.013179 -0.015478 0.022311
v 0.011324 -0.016322 0.023398
v 0.012566 -0.015435 0.022350
v 0.011950 -0.015338 0.024646
v 0.012479 -0.014924 0.026018
v 0.013953 -0.014967 0.023462
v 0.012539 -0.013968 0.026772
v 0.013647 -0.013869 0.026628
v 0.011956 -0.014091 0.028443
v 0.010395 -0.014597 0.029038
v 0.011050 -0.013877 0.028731
v 0.010450 -0.013952 0.029490
v 0.009521 -0.013878 0.029790
v 0.014900 -0.013286 0.026487
v 0.015128 -0.013598 0.024324
v 0.014191 -0.013868 0.024255
v 0.013888 -0.013306 0.028284
v 0.014696 -0.012299 0.028387
v 0.014052 -0.012378 0.028722
v 0.013613 -0.012539 0.031351
v 0.014192 -0.011960 0.032081
v 0.015303 -0.010926 0.031617
v 0.015262 -0.012038 0.027139
v 0.015005 -0.010465 0.032937
v 0.015406 -0.009246 0.031810
v 0.015851 -0.010519 0.030992
v 0.016604 -0.009320 0.030730
v 0.016594 -0.010477 0.026123
v 0.016969 -0.009520 0.024425
v 0.016007 -0.011939 0.025833
v 0.015482 -0.010947 0.027134
v 0.017633 -0.008672 0.025734
v 0.016905 -0.007962 0.028072
v 0.016845 -0.007545 0.031463
v 0.016578 -0.008794 0.031328
v 0.015979 -0.008813 0.035107
v 0.018057 -0.006209 0.030672
v 0.017518 -0.007312 0.030633
v 0.017695 -0.005793 0.033407
v 0.015465 -0.012479 0.024314
v 0.015892 -0.013496 0.023349
v 0.015416 -0.013898 0.020474
v 0.015232 -0.014008 0.023512
v 0.015262 -0.014762 0.020057
v 0.014272 -0.015980 0.019324
v 0.014326 -0.016098 0.012992
v 0.014644 -0.016085 0.014644
v 0.014068 -0.015384 0.020935
v 0.013926 -0.016272 0.015418
v 0.013635 -0.016245 0.010771
v 0.012626 -0.015386 0.009802
v 0.012116 -0.016663 0.010502
v 0.010727 -0.016447 0.008339
v 0.011648 -0.017093 0.012817
v 0.011941 -0.015916 0.007590
v 0.012363 -0.015039 0.006399
v 0.010708 -0.015009 0.006357
v 0.009435 -0.015173 0.007757
v 0.008753 -0.014858 0.007313
v 0.008887 -0.014027 0.006829
v 0.005894 -0.014442 0.007305
v 0.004898 -0.013437 0.006598
v 0.007399 -0.015160 0.008730
v 0.006316 -0.012611 0.005752
v 0.006488 -0.014827 0.011352
v 0.005937 -0.013783 0.009082
v 0.004681 -0.013860 0.008060
v 0.008558 -0.013277 0.005971
v 0.007487 -0.012038 0.005526
v 0.008801 -0.012591 0.005458
v 0.008208 -0.011492 0.004513
v 0.008309 -0.009734 0.004189
v 0.007242 -0.010214 0.005661
v 0.007257 -0.008127 0.005306
v 0.006107 -0.006545 0.005720
v 0.007222 -0.004874 0.004877
v 0.005608 -0.011777 0.005725
v 0.007658 -0.006059 0.004928
v 0.006643 -0.003622 0.005364
v 0.006034 -0.005521 0.006604
v 0.005589 -0.006051 0.005873
v 0.005129 -0.006977 0.005702
v 0.005507 -0.003997 0.005824
v 0.004318 -0.004479 0.005681
v 0.004056 -0.009470 0.006382
v 0.004101 -0.007165 0.006346
v 0.002669 -0.007017 0.006373
v 0.003113 -0.003364 0.006370
v 0.002114 -0.005048 0.006382
v 0.001007 -0.005984 0.007002
v 0.001025 -0.003861 0.006349
v -0.012474 -0.004262 0.006575
v -0.013146 -0.003527 0.006345
v 0.000195 -0.004928 0.007018
v -0.011597 -0.004908 0.007036
v -0.008581 -0.006756 0.006991
v -0.009394 -0.011687 0.006507
v -0.010503 -0.005923 0.006975
v -0.008584 -0.012388 0.006970
v -0.009080 -0.007715 0.006782
v -0.007273 -0.010585 0.006997
v -0.010315 -0.007266 0.006893
v -0.010434 -0.008177 0.006079
v -0.010185 -0.009631 0.005727
v -0.012816 -0.006376 0.005767
v -0.013977 -0.004782 0.005724
v -0.013391 -0.007312 0.005674
v -0.010583 -0.011694 0.005708
v -0.011854 -0.005802 0.006855
v -0.015617 -0.006791 0.005789
v -0.013069 -0.008740 0.005798
v -0.014454 -0.008149 0.005055
v -0.013426 -0.011008 0.005739
v -0.014342 -0.009219 0.004575
v -0.015503 -0.008859 0.005657
v -0.015185 -0.011125 0.005700
v -0.014872 -0.012666 0.005763
v -0.014839 -0.014443 0.007670
v -0.012103 -0.012783 0.005857
v -0.011088 -0.013674 0.006688
v -0.014208 -0.014227 0.007027
v -0.011831 -0.014711 0.007320
v -0.013586 -0.015048 0.008055
v -0.010557 -0.015042 0.008677
v -0.014223 -0.015192 0.012432
v -0.013473 -0.015675 0.012438
v -0.012312 -0.015241 0.014255
v -0.013862 -0.014972 0.013999
v -0.012280 -0.015705 0.012450
v -0.013781 -0.013983 0.014767
v -0.013349 -0.014490 0.017286
v -0.013806 -0.013515 0.017479
v -0.012174 -0.014974 0.018431
v -0.008863 -0.015240 0.022782
v -0.010660 -0.014905 0.021722
v -0.011945 -0.013945 0.021931
v -0.012296 -0.013946 0.019195
v -0.010795 -0.013908 0.022388
v -0.010406 -0.013894 0.025253
v -0.007885 -0.014930 0.024744
v -0.008024 -0.013944 0.025268
v -0.009013 -0.015113 0.024054
v -0.010280 -0.014550 0.023992
v -0.007192 -0.013922 0.026471
v -0.006222 -0.013940 0.026649
v -0.006284 -0.014857 0.025967
v -0.004920 -0.014999 0.026539
v -0.005412 -0.013923 0.028501
v -0.004642 -0.013734 0.028695
v -0.004074 -0.013864 0.026585
v -0.001685 -0.013747 0.027019
v 0.004965 -0.013758 0.026493
v -0.001045 -0.013941 0.025214
v 0.004167 -0.013881 0.025266
v -0.001793 -0.014400 0.026068
v -0.003744 -0.014898 0.025937
v -0.000923 -0.014819 0.024711
v 0.004042 -0.014817 0.024729
v -0.000227 -0.015232 0.023111
v 0.003672 -0.015243 0.018416
v -0.003515 -0.015224 0.018792
v -0.006260 -0.015074 0.011747
v -0.002849 -0.014899 0.016951
v -0.000885 -0.014900 0.018217
v 0.001227 -0.014991 0.018202
v -0.009107 -0.015247 0.010551
v -0.004449 -0.014861 0.015041
v -0.003199 -0.013899 0.014414
v -0.004782 -0.014361 0.012031
v -0.004134 -0.013865 0.014087
v -0.004333 -0.013569 0.010944
v -0.002727 -0.013397 0.011661
v -0.003338 -0.012497 0.010009
v -0.005606 -0.013428 0.010326
v -0.001737 -0.013515 0.012085
v 0.002258 -0.013316 0.011820
v 0.003005 -0.013570 0.012103
v -0.002549 -0.013829 0.016087
v 0.002863 -0.012387 0.011186
v -0.001398 -0.013981 0.016216
v -0.000481 -0.014026 0.016939
v -0.002505 -0.012446 0.011195
v -0.002440 -0.011813 0.008685
v 0.000024 -0.012262 0.010395
v 0.001955 -0.012097 0.008534
v 0.002264 -0.011626 0.007341
v 0.003096 -0.012420 0.007529
v -0.001009 -0.011559 0.008143
v -0.001877 -0.010833 0.008023
v -0.000483 -0.010059 0.006968
v -0.000811 -0.008761 0.007219
v 0.002961 -0.010856 0.006984
v -0.001600 -0.008586 0.006989
v 0.002733 -0.009240 0.007025
v -0.003068 -0.009772 0.007024
v 0.000178 -0.007999 0.006976
v -0.003858 -0.010861 0.008078
v -0.004521 -0.010321 0.006946
v -0.004240 -0.011857 0.008468
v -0.006978 -0.011445 0.007038
v -0.008297 -0.013277 0.007602
v -0.006104 -0.012223 0.008061
v -0.007251 -0.012409 0.008015
v -0.007703 -0.013624 0.008188
v -0.007275 -0.013989 0.009803
v -0.006419 -0.013163 0.008653
v -0.008283 -0.014701 0.008869
v -0.007075 -0.014814 0.010441
v -0.005542 -0.012485 0.010012
v -0.010193 -0.014004 0.008079
v -0.010240 -0.013368 0.007056
v -0.010247 -0.012492 0.006808
v 0.004332 -0.011524 0.006843
v 0.003708 -0.013044 0.007335
v 0.003129 -0.013183 0.011055
v 0.004114 -0.013668 0.011662
v 0.003441 -0.014141 0.013672
v 0.005964 -0.013838 0.012653
v 0.002786 -0.013825 0.015969
v 0.002910 -0.014717 0.016757
v 0.000462 -0.013843 0.016054
v 0.001256 -0.013979 0.016973
v 0.005784 -0.013788 0.026729
v 0.006485 -0.014316 0.027793
v 0.006306 -0.013785 0.028822
v -0.015170 -0.013920 0.007884
v -0.014851 -0.002170 0.005662
v -0.015478 -0.001881 0.005759
v -0.016808 -0.008443 0.006848
v -0.016133 -0.000224 0.006479
v -0.017370 -0.007717 0.007189
v -0.017334 -0.008832 0.007932
v -0.017814 -0.007670 0.007837
v -0.017817 0.001133 0.007784
v -0.018333 0.001788 0.009231
v -0.016343 0.002747 0.008312
v -0.016693 0.003799 0.009684
v -0.017170 0.001402 0.007461
v -0.017357 0.003468 0.010477
v -0.015670 0.002266 0.007104
v -0.015058 0.001286 0.006338
v -0.013582 0.003244 0.006613
v -0.011435 0.004285 0.006776
v -0.012946 0.002119 0.006571
v -0.014143 0.002083 0.006374
v -0.012499 0.002941 0.006949
v -0.009452 0.004507 0.007291
v 0.001824 0.005678 0.006396
v -0.013307 -0.001966 0.006413
v -0.014064 -0.000561 0.006309
v -0.014366 0.001002 0.006360
v -0.015192 -0.000128 0.006133
v 0.003108 0.000513 0.006403
v 0.003375 0.003955 0.006401
v 0.004956 0.005389 0.005665
v 0.004415 0.007128 0.006403
v 0.004072 0.002746 0.005731
v 0.004696 -0.000064 0.005658
v 0.003729 -0.000502 0.006265
v 0.005180 0.008983 0.006336
v 0.005592 0.007362 0.005824
v 0.005335 0.008246 0.006312
v 0.006171 0.008302 0.006719
v 0.006241 0.007262 0.006192
v 0.006958 0.008154 0.005765
v 0.005925 0.009884 0.006959
v 0.003667 0.008598 0.006378
v 0.008151 0.008655 0.005844
v 0.007682 0.007102 0.005373
v 0.008276 0.007189 0.005458
v 0.007564 0.005926 0.005221
v 0.006202 0.005154 0.006235
v 0.006159 -0.002650 0.006190
v 0.006887 0.004870 0.005180
v 0.007379 -0.002824 0.004920
v 0.007372 0.003874 0.004967
v 0.007945 0.002927 0.004929
v 0.008386 0.003530 0.005515
v 0.008553 0.005998 0.005476
v 0.008459 -0.002740 0.005543
v 0.009080 -0.002938 0.003968
v 0.007920 -0.002669 0.004900
v 0.008189 -0.003573 0.004331
v 0.009108 0.003856 0.004030
v 0.009153 0.000460 0.003979
v 0.010780 0.001759 0.002111
v 0.010296 0.003511 0.002871
v 0.010479 -0.000321 0.002542
v 0.011334 -0.000566 0.001972
v 0.012493 0.002526 0.002650
v 0.011594 0.002439 0.002024
v 0.011679 -0.000991 0.001822
v 0.012347 0.000325 0.002614
v 0.011599 -0.002719 0.001759
v 0.011364 -0.003779 0.002111
v 0.013164 0.000388 0.002405
v 0.014141 0.000053 0.002252
v 0.013265 0.003603 0.002803
v 0.014741 -0.000124 0.002406
v 0.014174 0.005183 0.003897
v 0.012802 0.003574 0.002642
v 0.012884 0.005074 0.003818
v 0.014861 0.002916 0.003626
v 0.015582 0.002456 0.004642
v 0.016391 0.000613 0.004505
v 0.014733 0.005830 0.004600
v 0.014030 0.006570 0.005287
v 0.014833 0.007693 0.005812
v 0.015862 0.006544 0.006103
v 0.015561 0.004386 0.005508
v 0.016609 0.004281 0.006009
v 0.017140 0.007356 0.007827
v 0.017080 0.001882 0.006171
v 0.017904 0.003603 0.007425
v 0.017997 0.005047 0.008636
v 0.018089 0.006824 0.009200
v 0.018467 0.004929 0.010983
v 0.018502 0.004054 0.009928
v 0.019342 0.003218 0.010612
v 0.019376 0.004842 0.011597
v 0.018393 -0.003617 0.009467
v 0.017977 0.000638 0.007446
v 0.018596 -0.004111 0.010108
v 0.019272 -0.003858 0.010574
v 0.018466 -0.004774 0.011077
v 0.018385 -0.005808 0.011261
v 0.019251 -0.005314 0.011879
v 0.019621 -0.003971 0.011368
v 0.019317 -0.006206 0.013413
v 0.018348 -0.006289 0.012849
v 0.019098 -0.007147 0.013973
v 0.019646 -0.006310 0.014900
v 0.019804 -0.003928 0.013053
v 0.019791 0.006062 0.015389
v 0.019776 -0.003682 0.018106
v 0.019731 0.003958 0.011937
v 0.019460 0.006366 0.013594
v 0.018440 0.006433 0.012820
v 0.019216 0.007329 0.014561
v 0.018469 0.005793 0.011338
v 0.019785 0.006122 0.023091
v 0.018401 0.007651 0.013948
v 0.019142 0.007430 0.023734
v 0.018311 0.007788 0.025139
v 0.019384 0.006283 0.024992
v 0.019554 0.004913 0.025881
v 0.018387 0.006380 0.025596
v 0.019797 0.002094 0.026568
v 0.019404 0.003451 0.027631
v 0.018403 0.008344 0.013217
v 0.017492 0.010209 0.012580
v 0.017548 0.008205 0.009896
v 0.018154 -0.006221 0.007632
v 0.017925 -0.004845 0.006113
v 0.016938 -0.005631 0.004654
v 0.018061 -0.001281 0.006471
v 0.018027 -0.008139 0.007656
v 0.017390 -0.006446 0.006556
v 0.016794 -0.008927 0.005557
v 0.016158 -0.009909 0.004924
v 0.017305 -0.009489 0.007610
v 0.017290 -0.010736 0.007995
v 0.017505 -0.010974 0.010800
v 0.016305 -0.012182 0.006678
v 0.018153 -0.010632 0.011794
v 0.015040 -0.012287 0.004953
v 0.017111 -0.003013 0.005454
v 0.017061 -0.000364 0.005648
v 0.016059 -0.002392 0.003822
v 0.014959 -0.002513 0.001761
v 0.016137 -0.003889 0.003466
v 0.014467 -0.001355 0.001713
v 0.015961 0.008598 0.006961
v 0.014238 0.008767 0.005879
v 0.013089 0.008649 0.005068
v 0.013230 0.007602 0.004442
v 0.012587 0.007116 0.003917
v 0.011796 0.005184 0.003800
v 0.010186 0.005456 0.003882
v 0.012056 0.007887 0.005347
v 0.011351 0.007172 0.004427
v 0.010255 0.008664 0.005674
v 0.009833 0.007750 0.005346
v 0.009482 0.006512 0.005324
v 0.009052 0.005754 0.004732
v 0.008861 0.009411 0.006900
v 0.012093 0.004185 0.003496
v 0.011340 0.003599 0.002601
v 0.012097 0.003166 0.003388
v 0.008666 -0.005376 0.003949
v 0.009600 -0.003779 0.003673
v 0.006111 -0.003743 0.005944
v -0.013219 -0.004391 0.006570
v 0.007831 -0.015358 0.011417
v 0.007563 -0.015418 0.014344
v 0.008990 -0.015355 0.010789
v 0.009600 -0.016239 0.009793
v 0.010487 -0.017022 0.012230
v 0.010657 -0.018240 0.016023
v 0.012052 -0.017675 0.015738
v 0.015697 -0.014709 0.015867
v 0.011018 -0.015434 0.024455
v -0.010793 -0.003464 0.031588
v -0.011765 -0.003510 0.030949
v -0.012277 -0.003440 0.028456
v -0.012293 -0.002524 0.029667
v -0.011453 -0.002320 0.032246
v -0.011682 0.001473 0.032109
v -0.010783 0.002571 0.032822
v -0.011775 0.002678 0.032448
v -0.010817 0.003537 0.034052
v -0.010172 0.004635 0.036548
v -0.010722 0.007150 0.034186
v -0.011569 0.004029 0.033370
v -0.010301 0.006234 0.035383
v -0.009292 0.006526 0.035913
v -0.009821 0.008552 0.035443
v -0.009228 0.005733 0.037304
v -0.009294 0.003460 0.037176
v -0.008793 0.006333 0.038511
v -0.008667 0.004721 0.039634
v -0.008760 0.002576 0.038532
v -0.007850 0.003456 0.040224
v -0.007770 0.005678 0.040393
v -0.007352 0.007567 0.040822
v -0.007782 0.006545 0.039012
v -0.007124 0.006694 0.042627
v -0.007207 0.002650 0.042631
v -0.006882 0.007846 0.041397
v -0.006071 0.007305 0.043395
v -0.006044 0.007929 0.041650
v -0.005985 0.003493 0.043779
v -0.006121 0.001872 0.043314
v -0.005631 0.004352 0.046938
v -0.005536 0.002494 0.046011
v -0.004531 0.000360 0.046542
v -0.005646 0.000678 0.045254
v -0.004562 0.002561 0.046587
v -0.005525 -0.000316 0.044151
v -0.006105 0.001057 0.041503
v -0.006179 -0.001040 0.041408
v -0.005562 -0.001977 0.042862
v -0.006134 -0.002043 0.040286
v -0.004586 -0.000360 0.044815
v -0.004082 -0.000326 0.047394
v -0.006065 0.008808 0.041434
v -0.005638 0.011071 0.042463
v -0.006064 0.009451 0.040355
v -0.007250 0.009086 0.040112
v -0.007759 0.008780 0.039109
v -0.006120 0.010332 0.040114
v -0.007177 0.010669 0.038770
v -0.007788 0.010326 0.037029
v -0.006067 0.010927 0.039171
v -0.006117 0.011881 0.038879
v -0.007275 0.012265 0.036855
v -0.007776 0.009434 0.037296
v -0.008535 0.008566 0.038122
v -0.008485 0.010069 0.036646
v -0.009134 0.008786 0.036251
v -0.008739 0.010626 0.035588
v -0.007957 0.011797 0.035669
v -0.009304 0.010312 0.033898
v -0.008784 0.012052 0.033939
v -0.009278 0.009427 0.034174
v -0.007774 0.010918 0.036089
v -0.010216 0.009271 0.033768
v -0.010724 0.008825 0.032747
v -0.010781 0.009409 0.031711
v -0.009353 0.010931 0.032954
v -0.010775 0.010360 0.031432
v -0.011800 0.010625 0.029426
v -0.011821 0.009070 0.031137
v -0.010777 0.010927 0.029786
v -0.010160 0.011681 0.031911
v -0.010091 0.013009 0.030740
v -0.009339 0.011785 0.032641
v -0.010804 0.011809 0.029519
v -0.009311 0.012395 0.031716
v -0.008947 0.013567 0.031531
v -0.009307 0.013883 0.029880
v -0.008116 0.013231 0.033523
v -0.009281 0.014864 0.029210
v -0.007974 0.014808 0.031183
v -0.007798 0.013884 0.031706
v -0.007135 0.014067 0.033735
v -0.007405 0.015084 0.031633
v -0.006149 0.015376 0.031607
v -0.006267 0.016388 0.031191
v -0.005879 0.015012 0.033932
v -0.007358 0.016588 0.028451
v -0.006132 0.016870 0.028423
v -0.007800 0.015354 0.028519
v -0.006618 0.017725 0.027892
v -0.007831 0.016877 0.026685
v -0.007813 0.016278 0.028183
v -0.007458 0.017983 0.026467
v -0.007777 0.018472 0.024460
v -0.005783 0.017964 0.028507
v -0.007113 0.018756 0.024954
v -0.006235 0.018536 0.025539
v -0.008774 0.018043 0.024426
v -0.008892 0.016772 0.026296
v -0.009334 0.016918 0.024200
v -0.009964 0.016110 0.025693
v -0.008614 0.015994 0.027852
v -0.009315 0.015370 0.026745
v -0.008781 0.015370 0.028238
v -0.010226 0.015000 0.026707
v -0.010772 0.013882 0.025318
v -0.010365 0.013858 0.029076
v -0.010815 0.014830 0.025045
v -0.010807 0.015407 0.024229
v -0.011809 0.014032 0.024985
v -0.011063 0.016295 0.023529
v -0.011847 0.016581 0.020864
v -0.010741 0.016765 0.021390
v -0.010275 0.017093 0.023450
v -0.009885 0.018134 0.021546
v -0.010517 0.017732 0.020690
v -0.009461 0.017932 0.023341
v -0.009177 0.018263 0.021755
v -0.008714 0.018811 0.021717
v -0.007475 0.019310 0.019964
v -0.009359 0.018610 0.020409
v -0.006767 0.019456 0.022094
v -0.006815 0.018893 0.020522
v -0.007709 0.018976 0.023516
v -0.005620 0.019439 0.024417
v -0.005022 0.019795 0.022187
v -0.003579 0.019577 0.024755
v -0.004437 0.019402 0.026325
v -0.004481 0.019782 0.023827
v -0.005467 0.018900 0.026161
v -0.005397 0.019423 0.022006
v -0.005795 0.019647 0.021739
v -0.006898 0.019711 0.020663
v -0.005228 0.019891 0.021028
v -0.005461 0.019688 0.020071
v -0.003914 0.019595 0.020076
v -0.003271 0.019890 0.021247
v -0.001895 0.019850 0.020938
v -0.001836 0.020004 0.022589
v -0.002697 0.019995 0.020436
v -0.003463 0.019985 0.022906
v -0.002878 0.020116 0.023938
v -0.001638 0.020199 0.024717
v -0.002671 0.019907 0.025417
v -0.001595 0.019761 0.026066
v -0.002908 0.019560 0.027912
v -0.003143 0.018480 0.028604
v -0.004092 0.018528 0.028320
v -0.001437 0.019574 0.029241
v -0.002610 0.018545 0.029512
v -0.001667 0.018499 0.029789
v -0.004314 0.018049 0.031163
v -0.003980 0.017661 0.032179
v -0.005513 0.017493 0.030664
v -0.005675 0.016370 0.032019
v -0.002948 0.017927 0.032512
v -0.004651 0.016880 0.031692
v -0.001110 0.018495 0.031467
v -0.000191 0.018554 0.031864
v -0.000240 0.019452 0.030986
v -0.001410 0.017970 0.033712
v 0.000114 0.018107 0.036720
v 0.000494 0.018516 0.033005
v -0.002586 0.016864 0.033906
v -0.001071 0.017485 0.036372
v -0.001359 0.016707 0.037145
v -0.001648 0.016810 0.034065
v -0.002191 0.016352 0.037577
v -0.002740 0.015313 0.038940
v -0.001333 0.016280 0.038862
v -0.003010 0.016209 0.035614
v -0.003125 0.015329 0.035987
v -0.003981 0.015765 0.035470
v -0.004307 0.016329 0.033938
v -0.004647 0.015359 0.034225
v -0.003165 0.016853 0.032909
v -0.004048 0.016877 0.032633
v -0.004359 0.014884 0.036957
v -0.005472 0.014795 0.035385
v -0.005860 0.013561 0.037075
v -0.006107 0.013860 0.034143
v -0.007273 0.013366 0.034811
v -0.007781 0.012417 0.034233
v -0.004619 0.013853 0.037302
v -0.004264 0.013522 0.040349
v -0.006112 0.012432 0.037268
v -0.005252 0.013067 0.039594
v -0.005605 0.012077 0.040107
v -0.004551 0.011995 0.043376
v -0.004588 0.012383 0.040385
v -0.003932 0.013213 0.043017
v -0.002707 0.013851 0.043262
v -0.004142 0.012140 0.044412
v -0.003114 0.013849 0.040366
v -0.002927 0.014902 0.039901
v -0.001588 0.015008 0.043118
v -0.001609 0.015311 0.039115
v -0.001050 0.015854 0.042658
v 0.000194 0.016475 0.042694
v -0.000201 0.015437 0.043687
v -0.001210 0.014875 0.043898
v -0.001587 0.013811 0.043453
v 0.000254 0.016846 0.039072
v 0.001513 0.018140 0.038463
v -0.000270 0.016976 0.037466
v 0.001258 0.016933 0.039457
v 0.001805 0.017008 0.041346
v 0.002676 0.016898 0.042054
v 0.003338 0.017168 0.044292
v 0.003257 0.016696 0.045498
v 0.003092 0.018052 0.041140
v 0.004438 0.018161 0.043633
v 0.003944 0.018369 0.036315
v 0.005648 0.018328 0.043541
v 0.004525 0.019529 0.034028
v 0.003535 0.019072 0.035020
v 0.002605 0.018475 0.034400
v 0.006187 0.018328 0.037393
v 0.005567 0.018378 0.034879
v 0.005100 0.018689 0.034188
v 0.006006 0.019720 0.033250
v 0.007164 0.019933 0.028784
v 0.007383 0.019250 0.035623
v 0.006539 0.019081 0.036284
v 0.003548 0.019956 0.028720
v 0.007954 0.019552 0.033473
v 0.002576 0.019738 0.032622
v 0.009303 0.019784 0.032489
v 0.010152 0.019711 0.027635
v 0.010378 0.019062 0.033457
v 0.010799 0.019559 0.029139
v 0.008235 0.018377 0.034259
v 0.010594 0.018344 0.034459
v 0.012407 0.018348 0.037713
v 0.011460 0.018515 0.031397
v 0.007544 0.018334 0.037611
v 0.012457 0.018374 0.029153
v 0.011398 0.019154 0.027771
v 0.013260 0.017825 0.026975
v 0.011976 0.018968 0.023464
v 0.011307 0.017600 0.020322
v 0.013852 0.017156 0.022729
v 0.010941 0.018693 0.022889
v 0.009621 0.019072 0.022326
v 0.009698 0.019248 0.023963
v 0.009809 0.018418 0.020768
v 0.009650 0.017447 0.018219
v 0.008469 0.019332 0.022156
v 0.008638 0.018093 0.019370
v 0.008138 0.017682 0.016884
v 0.007125 0.018579 0.018388
v 0.006976 0.019326 0.020602
v 0.004425 0.019970 0.020362
v 0.007546 0.019110 0.021686
v 0.005726 0.019424 0.018841
v 0.005464 0.019720 0.022597
v 0.007149 0.019832 0.022603
v 0.005644 0.019496 0.020803
v 0.005989 0.020182 0.024912
v 0.007366 0.020196 0.024621
v 0.008325 0.019387 0.023308
v 0.008388 0.019902 0.025285
v 0.007561 0.020048 0.025740
v 0.006362 0.020396 0.027015
v 0.004888 0.020615 0.026374
v 0.003972 0.020494 0.026262
v 0.002538 0.020476 0.025687
v 0.003463 0.020339 0.023877
v 0.004267 0.019923 0.022460
v 0.001864 0.020071 0.023018
v 0.003011 0.020170 0.022769
v 0.003091 0.019967 0.021775
v 0.002343 0.020182 0.022269
v 0.001070 0.020051 0.022183
v 0.000456 0.019931 0.021247
v 0.000841 0.020630 0.022420
v 0.000034 0.020276 0.025178
v 0.000122 0.020197 0.021439
v -0.000967 0.019886 0.021002
v -0.000476 0.019490 0.019713
v -0.002788 0.019655 0.019896
v -0.003569 0.019578 0.019531
v -0.001905 0.019408 0.018812
v -0.003051 0.019539 0.018339
v -0.000935 0.020793 0.018456
v -0.003887 0.018883 0.018424
v -0.002025 0.019462 0.017724
v -0.003163 0.019828 0.016378
v -0.002800 0.018703 0.017132
v -0.001655 0.018311 0.016148
v -0.001727 0.019187 0.017164
v -0.003972 0.018593 0.017527
v -0.003928 0.017433 0.017919
v -0.002719 0.018226 0.016143
v -0.001400 0.018019 0.015647
v -0.001633 0.017966 0.015372
v -0.004434 0.018623 0.017016
v -0.002442 0.017594 0.015348
v -0.004817 0.016936 0.016108
v -0.001431 0.018025 0.015386
v -0.001436 0.017514 0.015210
v -0.001134 0.017806 0.015688
v -0.002817 0.016731 0.014642
v -0.000868 0.016818 0.014530
v -0.001815 0.015557 0.013603
v -0.005545 0.015723 0.014186
v -0.006936 0.012928 0.015707
v -0.006156 0.014672 0.014642
v -0.004887 0.013097 0.012020
v -0.006872 0.013184 0.017441
v -0.011141 0.016307 0.015981
v -0.011568 0.014544 0.014517
v -0.011598 0.015466 0.015548
v -0.012940 0.015007 0.015668
v -0.013796 0.014612 0.016304
v -0.012065 0.016845 0.017101
v -0.013387 0.013538 0.015070
v -0.011010 0.014515 0.013377
v -0.013393 0.015824 0.017296
v -0.012824 0.016163 0.019925
v -0.013385 0.015100 0.020339
v -0.013673 0.013466 0.017699
v -0.013179 0.014071 0.021683
v -0.013528 0.012508 0.022073
v -0.012366 0.015077 0.021479
v -0.012267 0.013878 0.022314
v -0.012773 0.013259 0.024446
v -0.013299 0.011794 0.025426
v -0.011885 0.013425 0.025725
v -0.012284 0.012427 0.025492
v -0.012311 0.011812 0.026384
v -0.011683 0.011721 0.028753
v -0.012262 0.010930 0.026692
v -0.012254 0.010383 0.028371
v -0.010817 0.012464 0.028584
v -0.011318 0.013233 0.027742
v -0.012272 0.009495 0.028604
v -0.013368 0.010754 0.025888
v -0.013344 0.008493 0.028389
v -0.013735 0.009426 0.024240
v -0.013366 0.006200 0.029145
v -0.013714 0.008661 0.025421
v -0.012476 0.008664 0.029488
v -0.012279 0.006473 0.029651
v -0.012176 0.005823 0.031718
v -0.011736 0.008133 0.032191
v -0.013131 0.005623 0.030457
v -0.013424 0.004606 0.030487
v -0.013456 0.003476 0.028736
v -0.013165 0.002862 0.029518
v -0.013707 0.004989 0.025299
v -0.012379 0.003369 0.031417
v -0.012308 0.002600 0.029664
v -0.013045 0.001937 0.029120
v -0.013740 0.001008 0.026646
v -0.013293 -0.002044 0.028726
v -0.013766 -0.001985 0.025277
v -0.013277 -0.003394 0.027856
v -0.013780 -0.001028 0.026572
v -0.014911 0.000100 0.025611
v -0.014733 -0.001913 0.024806
v -0.014837 -0.002968 0.024498
v -0.014978 -0.005316 0.022791
v -0.015114 -0.004170 0.021703
v -0.014628 -0.005070 0.023564
v -0.013778 -0.004050 0.025272
v -0.013794 -0.004955 0.024028
v -0.013274 -0.005081 0.027412
v -0.013805 -0.007131 0.023978
v -0.013363 -0.007477 0.025478
v -0.013741 -0.007944 0.022175
v -0.014623 -0.007006 0.022911
v -0.015131 0.005905 0.021516
v -0.015209 -0.004948 0.019053
v -0.015372 -0.004099 0.020773
v -0.014897 0.001569 0.024672
v -0.013695 0.002174 0.025104
v -0.014899 0.004663 0.024800
v -0.014722 0.002661 0.024916
v -0.014024 0.004029 0.026412
v -0.013883 0.003379 0.026308
v -0.014783 0.005942 0.024536
v -0.015066 0.008658 0.022990
v -0.014655 0.008220 0.024588
v -0.014522 0.009948 0.023280
v -0.014864 0.010560 0.020386
v -0.013820 0.010475 0.023905
v -0.013683 0.010866 0.021103
v -0.013999 0.011850 0.020614
v -0.014868 0.012028 0.017380
v -0.013692 0.012377 0.017886
v -0.014748 0.013104 0.016905
v -0.014385 0.011458 0.014384
v -0.015229 0.010475 0.016672
v -0.014659 0.010638 0.014747
v -0.015198 0.009361 0.016903
v -0.015746 0.009828 0.016131
v -0.015640 0.008744 0.017368
v -0.015169 0.007925 0.017972
v -0.015156 0.006453 0.019180
v -0.015598 0.007284 0.018641
v -0.015551 0.005618 0.020662
v -0.011753 0.011651 0.012853
v -0.010859 0.011711 0.012318
v -0.006727 0.011574 0.010124
v -0.004037 0.012765 0.011563
v -0.006220 0.013586 0.015198
v -0.003357 0.011315 0.008880
v -0.001637 0.014028 0.012195
v 0.001327 0.013791 0.011767
v 0.000158 0.014400 0.012584
v -0.000083 0.015034 0.013063
v 0.000743 0.015743 0.013611
v 0.001206 0.014797 0.012803
v 0.003412 0.014908 0.013320
v 0.002304 0.015506 0.013448
v 0.002874 0.016208 0.014234
v 0.002292 0.016038 0.013820
v 0.003380 0.015908 0.013770
v 0.004281 0.015715 0.013673
v 0.004093 0.016387 0.014259
v 0.003878 0.017004 0.014579
v 0.004685 0.016913 0.014798
v 0.005345 0.016112 0.014127
v 0.005648 0.015352 0.013462
v 0.005988 0.016121 0.014472
v 0.005906 0.016706 0.014840
v 0.006332 0.015463 0.014031
v 0.007064 0.015608 0.014086
v 0.006949 0.016279 0.014717
v 0.007441 0.015110 0.013731
v 0.007698 0.016101 0.014537
v 0.008075 0.016093 0.015032
v 0.008674 0.015141 0.014127
v 0.009608 0.015032 0.014216
v 0.009138 0.015625 0.014604
v 0.009633 0.015954 0.014750
v 0.008947 0.016482 0.015335
v 0.009793 0.015450 0.014634
v 0.010466 0.015389 0.014678
v 0.010832 0.015408 0.014904
v 0.009840 0.016393 0.015463
v 0.010549 0.014734 0.014024
v 0.010685 0.015213 0.014684
v 0.011649 0.014750 0.014841
v 0.011793 0.014143 0.012861
v 0.013189 0.013640 0.013637
v 0.012843 0.014454 0.014267
v 0.012353 0.014524 0.013844
v 0.012560 0.015074 0.014921
v 0.013072 0.014834 0.015000
v 0.013305 0.015670 0.015594
v 0.013641 0.015137 0.015676
v 0.014556 0.014905 0.016585
v 0.014313 0.014246 0.014455
v 0.013767 0.016110 0.018541
v 0.013624 0.015591 0.016372
v 0.013971 0.015288 0.015611
v 0.013490 0.015471 0.015023
v 0.013542 0.015365 0.015333
v 0.013689 0.015349 0.015010
v 0.013618 0.015375 0.014962
v 0.013765 0.015234 0.015112
v 0.013906 0.015126 0.015077
v 0.013757 0.015237 0.015018
v 0.013928 0.015084 0.015043
v 0.013949 0.015056 0.015010
v 0.013998 0.014884 0.014892
v 0.014140 0.014811 0.014991
v 0.014004 0.014873 0.014877
v 0.014109 0.014599 0.014878
v 0.014051 0.014570 0.014666
v 0.014055 0.014555 0.014643
v 0.014059 0.014522 0.014622
v 0.014087 0.014312 0.014441
v 0.014037 0.014709 0.014757
v 0.014065 0.014344 0.014473
v 0.014078 0.014334 0.014612
v 0.014085 0.014315 0.014458
v 0.014082 0.014236 0.014378
v 0.014068 0.014209 0.014348
v 0.014111 0.014252 0.014458
v 0.011854 0.016088 0.016981
v 0.015551 0.015861 0.019442
v 0.014699 0.016613 0.022254
v 0.015405 0.015656 0.023576
v 0.015550 0.014128 0.015964
v 0.010843 0.016116 0.016042
v 0.011723 0.015590 0.015628
v 0.010659 0.016915 0.017454
v 0.009903 0.016953 0.016473
v 0.010276 0.016562 0.016470
v 0.009242 0.016740 0.016019
v 0.008976 0.017259 0.016290
v 0.008646 0.017361 0.016360
v 0.008010 0.017447 0.016029
v 0.008699 0.017111 0.015885
v 0.008172 0.017639 0.016444
v 0.008071 0.017241 0.015671
v 0.008243 0.017556 0.016239
v 0.008222 0.017639 0.016600
v 0.008039 0.017557 0.016258
v 0.007871 0.017757 0.016904
v 0.008082 0.017764 0.016549
v 0.007892 0.017797 0.017017
v 0.008411 0.017598 0.016322
v 0.008472 0.017259 0.015937
v 0.008520 0.017521 0.016389
v 0.007873 0.017444 0.016002
v 0.008555 0.017073 0.015953
v 0.008189 0.017183 0.015954
v 0.008257 0.017332 0.015827
v 0.007854 0.017434 0.016072
v 0.008319 0.016896 0.015575
v 0.007911 0.016651 0.015184
v 0.008539 0.017143 0.015762
v 0.008806 0.017159 0.015970
v 0.007889 0.016250 0.014790
v 0.007605 0.017223 0.015629
v 0.007337 0.016695 0.015340
v 0.007810 0.016240 0.014762
v 0.007766 0.016299 0.014773
v 0.007831 0.016219 0.014727
v 0.007662 0.016151 0.014684
v 0.006828 0.016960 0.015270
v 0.006926 0.017407 0.015748
v 0.006045 0.017417 0.015650
v 0.005201 0.017563 0.015306
v 0.005893 0.017780 0.016245
v 0.005474 0.017746 0.016167
v 0.005532 0.018011 0.016452
v 0.004733 0.018200 0.016057
v 0.005143 0.017446 0.015626
v 0.004611 0.017683 0.015469
v 0.004512 0.017865 0.015781
v 0.004330 0.018217 0.015794
v 0.004139 0.018032 0.015775
v 0.005168 0.018143 0.016573
v 0.004731 0.018152 0.016198
v 0.004541 0.017793 0.015331
v 0.005046 0.017186 0.015027
v 0.004554 0.017868 0.015288
v 0.004303 0.017735 0.015210
v 0.004495 0.017956 0.015398
v 0.004422 0.017402 0.015149
v 0.004150 0.017495 0.015211
v 0.004466 0.017326 0.015297
v 0.004262 0.017853 0.015304
v 0.004448 0.017852 0.015254
v 0.003797 0.017643 0.015006
v 0.002901 0.017679 0.015037
v 0.003582 0.017882 0.015378
v 0.003327 0.017728 0.015106
v 0.003089 0.017786 0.015133
v 0.003611 0.017707 0.015055
v 0.003095 0.017566 0.015193
v 0.003133 0.017516 0.015100
v 0.003133 0.016860 0.014561
v 0.002484 0.017206 0.014787
v 0.001823 0.017600 0.015122
v 0.001514 0.016577 0.014315
v 0.001653 0.017293 0.014834
v 0.001915 0.017488 0.014944
v 0.003002 0.017722 0.015080
v 0.003071 0.017941 0.015541
v 0.002668 0.017726 0.014628
v 0.002796 0.017843 0.015065
v 0.002706 0.018230 0.015059
v 0.001695 0.017498 0.015126
v 0.001786 0.017636 0.015217
v 0.001542 0.017674 0.015191
v 0.001277 0.017613 0.014873
v 0.000599 0.017777 0.014958
v 0.000350 0.017202 0.014684
v 0.000119 0.017430 0.014916
v -0.000329 0.017283 0.015042
v -0.000064 0.016839 0.014660
v -0.000096 0.016503 0.014084
v -0.000406 0.017831 0.015033
v -0.000277 0.018038 0.015180
v 0.000044 0.017562 0.015519
v -0.000540 0.017524 0.015574
v 0.000318 0.018239 0.015513
v -0.000880 0.017921 0.015440
v -0.001002 0.017948 0.015622
v -0.000829 0.018142 0.015388
v -0.000785 0.017882 0.015575
v -0.000836 0.018067 0.014253
v -0.000813 0.018041 0.015133
v -0.000778 0.018318 0.015054
v -0.000806 0.018012 0.015010
v -0.000788 0.018229 0.015219
v 0.000968 0.018593 0.015594
v 0.001674 0.018326 0.015574
v 0.001094 0.018230 0.015847
v 0.000711 0.018080 0.015205
v 0.000123 0.018884 0.016674
v 0.001118 0.019032 0.016462
v -0.001246 0.020739 0.017917
v 0.000765 0.019316 0.017381
v 0.001498 0.019099 0.018228
v 0.002259 0.019247 0.017919
v -0.000081 0.019066 0.017831
v 0.000743 0.018931 0.016057
v 0.001680 0.018880 0.016008
v 0.000602 0.019212 0.015978
v 0.003263 0.018340 0.016049
v 0.003006 0.018786 0.016937
v 0.000978 0.019760 0.016235
v 0.001201 0.018978 0.016063
v 0.000289 0.020271 0.015934
v 0.001433 0.018842 0.015982
v 0.001426 0.018770 0.015949
v 0.001435 0.018899 0.016110
v 0.001287 0.018742 0.015065
v 0.001404 0.018808 0.015751
v 0.001679 0.020560 0.016607
v 0.001812 0.019576 0.013774
v 0.001169 0.018698 0.015927
v 0.004169 0.018513 0.016721
v 0.003340 0.019058 0.017848
v 0.002199 0.019736 0.019169
v 0.004199 0.018957 0.018352
v 0.004714 0.018458 0.017358
v 0.006116 0.018275 0.017675
v 0.004564 0.017503 0.015416
v 0.005114 0.018387 0.016531
v 0.006237 0.018230 0.016446
v 0.006911 0.018053 0.016851
v 0.007952 0.017928 0.016945
v 0.007810 0.017495 0.015831
v 0.007825 0.017542 0.016035
v 0.007873 0.017305 0.015785
v 0.008243 0.017491 0.015959
v -0.002300 0.010641 0.008270
v -0.016235 -0.004857 0.018536
v -0.015234 -0.007077 0.019027
v -0.015233 -0.007941 0.017820
v -0.010787 0.007935 0.032945
v -0.011620 0.006793 0.033369
v -0.012108 0.016786 0.018569
v -0.010628 0.017398 0.018229
v -0.008123 0.018134 0.017746
v -0.009746 0.017130 0.016798
v -0.009064 0.018366 0.019125
v -0.007111 0.018992 0.018877
v -0.004817 0.019406 0.018838
v -0.004415 0.018807 0.018315
v -0.006326 0.019304 0.019537
v -0.006833 0.018285 0.017934
v -0.004114 0.019333 0.019309
v -0.004323 0.018689 0.017934
v -0.005238 0.016550 0.016285
v -0.005982 0.016998 0.015834
v -0.000490 0.019868 0.027332
v 0.001909 0.020202 0.026655
v 0.003710 0.019915 0.021480
v 0.010882 0.018302 0.040666
v 0.007505 0.018318 0.050259
v 0.010516 0.018336 0.057791
v 0.007491 0.018223 0.052428
v 0.008017 0.017997 0.054147
v 0.006059 0.017756 0.049468
v 0.006127 0.018284 0.047986
v 0.004671 0.017811 0.044690
v 0.004932 0.017360 0.049170
v 0.005886 0.016696 0.049762
v 0.006407 0.017352 0.053531
v 0.007519 0.016705 0.054115
v 0.004390 0.016794 0.045027
v 0.008384 0.017608 0.057756
v 0.009198 0.018174 0.057002
v 0.009489 0.017749 0.059015
v 0.009116 0.016715 0.058538
v 0.009618 0.017565 0.063899
v 0.011306 0.017575 0.065956
v 0.010839 0.018294 0.062828
v 0.010472 0.016911 0.064845
v 0.012118 0.017592 0.065120
v 0.001160 0.019441 0.032269
v 0.001960 0.019071 0.033515
v 0.001237 0.018625 0.032929
v -0.004579 0.010918 0.043638
v -0.003111 0.012413 0.044821
v -0.003820 0.011625 0.045869
v -0.005233 0.010256 0.044016
v -0.004541 0.009439 0.044800
v -0.005523 0.009202 0.044342
v -0.004558 0.008882 0.046490
v -0.004683 0.018493 0.026745
v -0.008055 0.007236 0.007412
v 0.015460 0.016408 0.078783
v 0.016500 0.016067 0.078958
v 0.018536 0.008775 0.035686
v 0.019934 0.009373 0.051534
v 0.020732 0.008638 0.050101
v 0.020803 0.009314 0.052020
v 0.020174 0.010308 0.052163
v 0.021538 0.010875 0.066548
v 0.021583 0.012218 0.067128
v 0.023444 0.010936 0.077844
v 0.003543 0.013106 0.078595
v 0.002944 0.011155 0.078427
v 0.002904 0.012167 0.076591
v 0.001742 0.010498 0.076262
v 0.001436 0.010543 0.072331
v 0.001854 0.011869 0.072449
v 0.002152 0.013238 0.070530
v 0.002649 0.012432 0.072652
v 0.001308 0.011075 0.069620
v 0.001456 0.012250 0.068118
v 0.000780 0.011792 0.068105
v 0.000250 0.010654 0.068274
v 0.000321 0.009227 0.071301
v 0.000063 0.010964 0.064407
v 0.000239 0.011858 0.062861
v -0.000364 0.009466 0.063818
v -0.000326 0.011120 0.060482
v -0.000370 0.010464 0.062898
v -0.001049 0.011566 0.058121
v -0.001339 0.009135 0.061629
v -0.001466 0.009412 0.055530
v -0.001527 0.010503 0.055304
v -0.001552 0.007196 0.058418
v -0.001451 0.008854 0.057229
v -0.001563 0.007885 0.057274
v -0.002467 0.008562 0.056223
v -0.002542 0.009394 0.054735
v -0.002471 0.006690 0.057822
v -0.001207 0.011924 0.055165
v -0.001514 0.010875 0.052346
v -0.000063 0.012165 0.059431
v 0.000229 0.013291 0.055757
v 0.001239 0.013919 0.054985
v 0.000093 0.013747 0.053876
v 0.001539 0.013741 0.061305
v 0.000832 0.013346 0.061502
v 0.001841 0.013360 0.063582
v 0.003019 0.013749 0.070086
v 0.002769 0.013886 0.062739
v 0.001887 0.014411 0.060597
v 0.003384 0.014915 0.061869
v 0.003554 0.014608 0.069124
v 0.002813 0.014991 0.060148
v 0.004962 0.014997 0.070655
v 0.004394 0.014109 0.070786
v 0.004513 0.013825 0.077611
v 0.003257 0.013383 0.072500
v 0.001351 0.008528 0.072313
v -0.002133 0.003378 0.056408
v -0.001565 0.002621 0.055410
v -0.000087 0.000002 0.057797
v 0.001426 -0.010348 0.041125
v 0.001303 -0.009216 0.041645
v 0.003462 -0.010237 0.043828
v 0.002593 -0.010198 0.042838
v 0.001851 -0.009242 0.043198
v 0.002806 -0.009215 0.043558
v 0.001530 -0.008800 0.045970
v 0.001929 -0.008418 0.047053
v 0.001728 -0.007792 0.047217
v 0.003092 -0.008779 0.047404
v 0.000453 -0.008392 0.045299
v 0.004679 -0.009184 0.047518
v 0.003501 -0.009218 0.044590
v 0.003280 -0.007774 0.050657
v 0.002878 -0.007728 0.047960
v 0.004563 -0.008800 0.050368
v 0.004377 -0.009188 0.044814
v 0.004388 -0.007711 0.051150
v 0.004592 -0.007355 0.054896
v 0.004377 -0.006212 0.055424
v 0.005052 -0.007089 0.057289
v 0.004750 -0.006234 0.058113
v 0.004664 -0.005804 0.059462
v 0.005879 -0.006225 0.058563
v 0.006116 -0.007273 0.058156
v 0.007023 -0.007266 0.060383
v 0.006286 -0.006409 0.061106
v 0.005507 -0.005737 0.061905
v 0.006264 -0.005729 0.062914
v 0.007535 -0.006251 0.061991
v 0.007943 -0.007316 0.061232
v 0.009053 -0.007707 0.059997
v 0.009382 -0.007763 0.062469
v 0.008567 -0.007210 0.064710
v 0.007829 -0.006187 0.065724
v 0.006611 -0.005568 0.066202
v 0.009118 -0.006203 0.066271
v 0.008017 -0.005776 0.067225
v 0.009330 -0.006273 0.069986
v 0.007546 -0.004433 0.071720
v 0.007608 -0.004790 0.067533
v 0.008141 -0.005588 0.070426
v 0.009022 -0.005783 0.071425
v 0.009119 -0.004743 0.072415
v 0.009475 -0.005768 0.071933
v 0.009497 -0.005294 0.075297
v 0.010489 -0.006213 0.070757
v 0.010880 -0.006149 0.073504
v 0.011028 -0.006640 0.072666
v 0.012041 -0.006161 0.073683
v 0.010830 -0.007447 0.069599
v 0.012059 -0.007337 0.072508
v 0.010515 -0.007718 0.063515
v 0.009446 -0.007044 0.066521
v 0.012842 -0.006901 0.074104
v 0.013799 -0.007193 0.074460
v 0.006335 -0.004309 0.067572
v 0.005936 -0.003286 0.067432
v 0.005929 -0.004429 0.066742
v 0.006531 -0.004078 0.070996
v 0.005960 -0.003009 0.071626
v 0.005899 -0.001831 0.072292
v 0.005009 -0.002496 0.071025
v 0.006413 -0.002918 0.072510
v 0.006637 -0.002607 0.075435
v 0.007620 -0.003241 0.072290
v 0.004419 -0.001813 0.067269
v 0.004371 -0.001393 0.069912
v 0.004878 -0.002789 0.067916
v 0.004827 -0.001585 0.071748
v 0.004432 -0.000300 0.070460
v 0.004107 0.000222 0.072809
v 0.003322 -0.000020 0.070057
v 0.002713 -0.001341 0.065423
v 0.003414 -0.001558 0.066999
v 0.002951 0.001411 0.069639
v 0.002515 0.000270 0.068342
v 0.002899 -0.000334 0.066135
v 0.001880 -0.000088 0.065534
v 0.002129 0.001756 0.069380
v 0.002960 0.002589 0.070622
v 0.001885 0.002963 0.069864
v 0.002434 0.003325 0.072686
v 0.003613 -0.002539 0.066237
v 0.002895 -0.001822 0.062962
v 0.003310 -0.002764 0.063554
v 0.003318 -0.003364 0.062284
v 0.004407 -0.003272 0.062966
v 0.004523 -0.002973 0.066924
v 0.005006 -0.004092 0.065805
v 0.004800 -0.004351 0.063136
v 0.005920 -0.004747 0.062989
v 0.004635 -0.004410 0.062608
v 0.004384 -0.004784 0.059821
v 0.002905 -0.003321 0.059849
v 0.009913 -0.009476 0.050591
v -0.001357 -0.024086 -0.015524
v 0.000185 -0.024728 -0.015405
v -0.000536 -0.026215 -0.015516
v -0.003408 -0.024205 -0.015561
v -0.001206 -0.022447 -0.014634
v 0.000188 -0.022761 -0.014543
v -0.004693 -0.025585 -0.015509
v -0.006066 -0.026668 -0.015555
v -0.003710 -0.029397 -0.015508
v -0.004578 -0.023266 -0.014525
v -0.006157 -0.025065 -0.014593
v -0.006522 -0.027579 -0.015445
v -0.008210 -0.025747 -0.013384
v -0.007919 -0.024817 -0.012493
v -0.007880 -0.027092 -0.014662
v -0.006074 -0.022904 -0.012548
v -0.007446 -0.022999 -0.010642
v -0.004321 -0.020513 -0.011459
v -0.006419 -0.021376 -0.010802
v -0.007829 -0.021038 -0.008089
v -0.006375 -0.019750 -0.008587
v -0.007643 -0.019501 -0.007472
v -0.006705 -0.018966 -0.007551
v -0.004924 -0.019205 -0.008473
v -0.003082 -0.018808 -0.008433
v -0.004253 -0.017085 -0.005639
v -0.006361 -0.017557 -0.005273
v -0.005474 -0.016515 -0.002446
v -0.001586 -0.016456 -0.002250
v -0.002887 -0.017940 -0.007234
v 0.000090 -0.016851 -0.004868
v 0.002486 -0.016667 -0.004538
v 0.003293 -0.017967 -0.007351
v 0.003260 -0.019464 -0.009895
v 0.004421 -0.018159 -0.007230
v 0.001756 -0.019894 -0.010535
v 0.000443 -0.018829 -0.008448
v 0.000214 -0.020738 -0.012801
v 0.001544 -0.022208 -0.013223
v 0.002746 -0.021007 -0.011500
v -0.002752 -0.020818 -0.012604
v -0.003241 -0.022475 -0.014524
v 0.003527 -0.022200 -0.011386
v 0.004747 -0.021287 -0.009883
v 0.002615 -0.022503 -0.012152
v 0.002612 -0.025691 -0.012109
v 0.003601 -0.025027 -0.011316
v 0.006738 -0.023772 -0.005291
v 0.005747 -0.023481 -0.007571
v 0.005673 -0.024875 -0.007122
v 0.005687 -0.021771 -0.008203
v 0.002129 -0.027611 -0.012053
v 0.004928 -0.026198 -0.007692
v 0.005295 -0.026392 -0.004082
v 0.004060 -0.026899 -0.008323
v 0.004222 -0.027068 -0.004993
v 0.003561 -0.028018 -0.004391
v 0.002988 -0.028109 -0.009582
v 0.002064 -0.029393 -0.002685
v 0.002020 -0.029344 -0.009744
v 0.002684 -0.028516 -0.005108
v 0.001092 -0.029571 -0.010911
v 0.001174 -0.030061 -0.007254
v 0.000250 -0.031050 -0.006526
v 0.000074 -0.030445 -0.003102
v 0.004827 -0.028059 0.005394
v -0.002665 -0.031846 -0.004058
v -0.002888 -0.031871 0.001188
v -0.000033 -0.030475 0.001559
v -0.001101 -0.031760 -0.006569
v -0.003625 -0.032086 -0.005076
v -0.002845 -0.031939 -0.007593
v -0.001353 -0.031329 -0.008980
v -0.004438 -0.032446 -0.010893
v -0.000728 -0.029933 -0.013685
v -0.002190 -0.031399 -0.011978
v -0.004442 -0.031469 -0.014293
v -0.005295 -0.030403 -0.015546
v -0.000942 -0.029149 -0.014903
v -0.001693 -0.028748 -0.015495
v -0.005891 -0.030575 -0.015182
v -0.006609 -0.031984 -0.013328
v -0.007745 -0.033122 -0.010796
v -0.008027 -0.031498 -0.013384
v -0.005817 -0.033311 -0.010388
v -0.005808 -0.033427 -0.007270
v -0.007685 -0.033435 -0.008661
v -0.009463 -0.032345 -0.005682
v -0.009441 -0.032365 -0.009835
v -0.007538 -0.033256 -0.005323
v -0.009483 -0.031305 -0.003496
v -0.005952 -0.032149 -0.003046
v -0.007627 -0.032235 -0.003302
v -0.005844 -0.033191 -0.005293
v -0.007600 -0.031582 -0.000642
v -0.004727 -0.031740 0.000092
v -0.007731 -0.030589 0.001339
v -0.009534 -0.030442 -0.000479
v -0.010954 -0.029574 -0.003850
v -0.009438 -0.029748 0.001145
v -0.011123 -0.029099 -0.000450
v -0.011999 -0.027792 -0.003755
v -0.012625 -0.027396 -0.001113
v -0.012894 -0.026972 0.000163
v -0.011283 -0.027729 0.001527
v -0.012861 -0.026251 0.001450
v -0.011620 -0.026869 0.004625
v -0.010972 -0.027764 0.004456
v -0.009358 -0.029052 0.004237
v -0.008204 -0.029307 0.005170
v -0.006795 -0.030224 0.004381
v -0.009659 -0.027902 0.006474
v -0.011362 -0.026388 0.006190
v -0.010047 -0.026712 0.009760
v -0.009021 -0.027982 0.010132
v -0.008090 -0.028185 0.011543
v -0.007908 -0.029390 0.009184
v -0.006089 -0.030400 0.007819
v -0.006461 -0.029904 0.009955
v -0.005049 -0.030355 0.010187
v -0.006117 -0.029222 0.013060
v -0.006872 -0.028338 0.013804
v -0.008004 -0.027454 0.014804
v -0.008165 -0.026601 0.016546
v -0.006508 -0.027928 0.015579
v -0.004670 -0.028526 0.018659
v -0.006589 -0.027251 0.019508
v -0.004526 -0.029118 0.014949
v -0.002991 -0.030285 0.013380
v -0.003024 -0.028995 0.015790
v -0.004457 -0.030114 0.013022
v -0.001533 -0.028858 0.022448
v -0.001427 -0.029953 0.013374
v 0.000087 -0.028943 0.014966
v -0.002845 -0.028764 0.021363
v -0.002796 -0.027504 0.024822
v -0.004870 -0.026857 0.025033
v -0.005452 -0.025541 0.026655
v -0.004608 -0.026637 0.026692
v -0.006471 -0.026495 0.021369
v -0.006147 -0.026371 0.023889
v -0.006584 -0.024790 0.026027
v -0.007718 -0.024702 0.023896
v -0.007385 -0.023213 0.030267
v -0.007591 -0.022928 0.027231
v -0.007833 -0.022852 0.025535
v -0.006435 -0.024710 0.030506
v -0.005257 -0.025562 0.031312
v -0.004773 -0.026333 0.030683
v -0.004016 -0.025556 0.033319
v -0.004956 -0.024788 0.034048
v -0.005607 -0.024111 0.032977
v -0.005890 -0.022958 0.035666
v -0.006382 -0.022433 0.033912
v -0.007539 -0.021156 0.032450
v -0.006260 -0.020718 0.034653
v -0.005873 -0.019718 0.036472
v -0.006531 -0.019505 0.032813
v -0.006328 -0.017819 0.030486
v -0.007278 -0.019284 0.030181
v -0.005434 -0.018216 0.032842
v -0.003967 -0.016660 0.032140
v -0.004877 -0.017760 0.034015
v -0.004790 -0.017689 0.044595
v -0.002894 -0.016726 0.035494
v -0.005877 -0.019657 0.044781
v -0.005787 -0.021194 0.046867
v -0.004592 -0.019764 0.050238
v -0.005088 -0.019262 0.046899
v -0.005888 -0.021776 0.042692
v -0.005054 -0.023142 0.044236
v -0.005856 -0.023071 0.041518
v -0.004927 -0.024470 0.041512
v -0.004898 -0.024859 0.039378
v -0.003762 -0.025592 0.037540
v -0.002580 -0.025923 0.040514
v -0.003313 -0.024935 0.042675
v -0.001965 -0.026490 0.038201
v -0.001480 -0.026542 0.042054
v -0.001782 -0.025740 0.044827
v 0.001223 -0.027263 0.044668
v -0.003318 -0.024953 0.050014
v 0.001603 -0.027431 0.049692
v 0.001509 -0.027211 0.051340
v -0.000254 -0.026418 0.050648
v 0.003135 -0.026659 0.052742
v 0.001327 -0.027433 0.043087
v 0.001727 -0.027363 0.023574
v 0.000277 -0.027747 0.023743
v 0.000160 -0.027428 0.025722
v 0.003444 -0.026482 0.043822
v 0.002301 -0.027255 0.021415
v 0.003441 -0.026478 0.017306
v 0.004168 -0.025467 0.018244
v 0.002624 -0.027158 0.015077
v 0.004034 -0.026036 0.016045
v 0.005514 -0.025602 0.014511
v 0.005281 -0.024932 0.016864
v 0.004221 -0.026793 0.013563
v 0.004968 -0.026251 0.014048
v 0.005056 -0.026448 0.009452
v 0.005638 -0.026950 0.007123
v 0.005734 -0.025496 0.009678
v 0.003441 -0.028101 0.007820
v 0.004202 -0.027044 0.009309
v 0.003317 -0.027976 0.012151
v 0.001881 -0.028067 0.014759
v 0.001712 -0.029010 0.009232
v -0.000120 -0.029609 0.012453
v -0.001615 -0.030448 0.011419
v -0.000767 -0.030264 0.008732
v 0.001233 -0.029776 0.007102
v 0.000201 -0.030399 0.005796
v -0.004761 -0.030447 0.004418
v -0.001301 -0.030597 0.003269
v 0.002919 -0.029014 0.005230
v -0.003709 -0.030748 0.003181
v -0.005626 -0.030642 0.001902
v 0.001928 -0.027955 0.019067
v 0.000446 -0.028735 0.019368
v 0.006930 -0.024531 0.009560
v 0.006607 -0.026294 0.006830
v 0.007991 -0.023229 0.007060
v 0.007324 -0.025172 0.006992
v 0.006685 -0.024716 0.015006
v 0.007769 -0.023052 0.009417
v 0.007766 -0.023061 0.014314
v 0.007794 -0.019753 0.016857
v 0.007788 -0.018171 0.010247
v 0.007989 -0.020277 0.009175
v 0.008972 -0.021355 0.006657
v 0.009235 -0.019881 0.006913
v 0.008181 -0.018075 0.008142
v 0.009267 -0.019406 0.002563
v 0.007368 -0.016169 0.005555
v 0.008549 -0.018080 0.003936
v 0.008342 -0.016464 0.000815
v 0.009216 -0.018012 0.000795
v 0.009239 -0.018368 -0.001022
v 0.009183 -0.021291 -0.002329
v 0.008142 -0.016435 -0.000194
v 0.008305 -0.017930 -0.002748
v 0.008753 -0.019558 -0.003219
v 0.006882 -0.021297 -0.006851
v 0.007445 -0.019824 -0.004987
v 0.006162 -0.018643 -0.005471
v 0.007022 -0.017667 -0.003666
v 0.006423 -0.019589 -0.006631
v 0.005197 -0.019047 -0.007793
v 0.005480 -0.017118 -0.003839
v 0.006398 -0.015415 0.000489
v 0.004566 -0.015009 0.003340
v 0.003369 -0.015489 -0.000807
v 0.004097 -0.016373 -0.002336
v 0.006575 -0.015339 0.005055
v 0.005764 -0.015092 0.005395
v 0.006561 -0.016268 0.008658
v 0.004612 -0.015253 0.010097
v 0.006369 -0.016133 0.015677
v 0.007709 -0.017938 0.014584
v 0.005739 -0.017222 0.018594
v 0.006632 -0.017851 0.018185
v 0.007223 -0.018664 0.017924
v 0.007781 -0.019560 0.029355
v 0.007788 -0.018308 0.042797
v 0.007788 -0.020549 0.033534
v 0.007593 -0.020171 0.030373
v 0.007693 -0.017910 0.031860
v 0.007687 -0.020049 0.021584
v 0.006657 -0.017871 0.028046
v 0.007268 -0.018416 0.028784
v 0.006942 -0.017094 0.030784
v 0.006606 -0.016861 0.035448
v 0.007529 -0.017697 0.036020
v 0.005188 -0.016364 0.030369
v 0.004909 -0.016142 0.035437
v 0.005647 -0.017176 0.027128
v 0.004935 -0.016177 0.020118
v 0.003266 -0.015168 0.017693
v 0.005021 -0.015734 0.017487
v 0.003085 -0.015237 0.020059
v 0.003477 -0.015408 0.035789
v 0.003115 -0.015235 0.037983
v -0.001587 -0.015227 0.026777
v -0.003155 -0.015274 0.020811
v 0.000395 -0.015131 0.018544
v -0.001610 -0.015065 0.018016
v 0.001646 -0.013984 0.015737
v -0.000441 -0.013926 0.015579
v -0.003089 -0.013986 0.013983
v -0.002980 -0.013739 0.011441
v 0.001595 -0.013727 0.014215
v 0.000179 -0.013733 0.006564
v 0.003651 -0.014780 0.015036
v 0.001701 -0.013745 0.008797
v 0.003340 -0.013858 0.006733
v 0.003278 -0.013905 0.004846
v 0.001330 -0.013959 0.004040
v 0.004947 -0.014730 0.006833
v -0.001469 -0.013813 0.004778
v 0.001897 -0.015028 0.001896
v -0.001970 -0.014992 0.001900
v -0.001192 -0.014053 0.003600
v -0.002668 -0.014505 0.003772
v -0.004338 -0.015221 0.003795
v -0.003128 -0.015333 0.000152
v -0.006118 -0.015446 -0.000322
v -0.000423 -0.015589 -0.000863
v -0.006195 -0.015218 0.002020
v -0.006435 -0.015318 0.007929
v -0.006965 -0.015908 -0.000537
v -0.008006 -0.015335 0.004990
v -0.009363 -0.016143 0.004474
v -0.009801 -0.016917 0.007455
v -0.010697 -0.017667 0.009804
v -0.009726 -0.016924 0.001666
v -0.011040 -0.017808 0.008266
v -0.011008 -0.017797 -0.000202
v -0.011737 -0.018884 0.008429
v -0.011667 -0.018689 0.000139
v -0.012606 -0.019754 -0.000170
v -0.012698 -0.019401 0.003842
v -0.013517 -0.021333 0.006314
v -0.012272 -0.019588 0.007586
v -0.013601 -0.021214 0.001781
v -0.013273 -0.021261 -0.000439
v -0.013594 -0.024706 0.000661
v -0.013380 -0.025450 -0.001753
v -0.011629 -0.024838 -0.005496
v -0.012997 -0.023568 -0.001806
v -0.011370 -0.024282 -0.005604
v -0.012235 -0.025871 -0.004351
v -0.011908 -0.027595 -0.007537
v -0.011411 -0.025691 -0.007184
v -0.011153 -0.027501 -0.009117
v -0.010226 -0.025422 -0.008586
v -0.008755 -0.023240 -0.008281
v -0.009986 -0.023185 -0.006087
v -0.009518 -0.026098 -0.012032
v -0.009160 -0.024578 -0.009277
v -0.009753 -0.027255 -0.012537
v -0.010196 -0.029941 -0.011442
v -0.009632 -0.029098 -0.012727
v -0.007864 -0.030048 -0.014598
v -0.009365 -0.030645 -0.012599
v -0.010099 -0.031243 -0.009956
v -0.011067 -0.030608 -0.007214
v -0.010913 -0.030770 -0.005280
v -0.011960 -0.029177 -0.006600
v -0.011248 -0.028851 -0.008876
v -0.009718 -0.021703 -0.005207
v -0.011202 -0.022571 -0.004078
v -0.012401 -0.021153 -0.002002
v -0.010745 -0.019602 -0.003794
v -0.010025 -0.019341 -0.004578
v -0.008601 -0.019578 -0.006266
v -0.009303 -0.018588 -0.005090
v -0.009586 -0.017349 -0.002006
v -0.008264 -0.017838 -0.005157
v -0.007710 -0.016879 -0.003432
v -0.012624 -0.026076 0.004654
v -0.013536 -0.024357 0.004457
v -0.013384 -0.022642 0.006560
v -0.012474 -0.024626 0.006964
v -0.011503 -0.024701 0.010574
v -0.012364 -0.022953 0.008486
v -0.012359 -0.021152 0.008538
v -0.011887 -0.022928 0.012191
v -0.011011 -0.024399 0.013032
v -0.010802 -0.020572 0.014200
v -0.011875 -0.021216 0.012194
v -0.010804 -0.023188 0.014244
v -0.009838 -0.025230 0.014543
v -0.010328 -0.022731 0.017357
v -0.009228 -0.024564 0.018161
v -0.008378 -0.024839 0.021239
v -0.009262 -0.023348 0.019197
v -0.007991 -0.026196 0.019690
v -0.008949 -0.021300 0.023992
v -0.009298 -0.021244 0.019373
v -0.008883 -0.022782 0.023415
v -0.010256 -0.021320 0.017506
v -0.008690 -0.019226 0.021179
v -0.009298 -0.019748 0.018163
v -0.010237 -0.019602 0.016100
v -0.009470 -0.017947 0.015361
v -0.010994 -0.019612 0.012871
v -0.010462 -0.018718 0.011691
v -0.009627 -0.017650 0.012011
v -0.008471 -0.016504 0.010163
v -0.008213 -0.016996 0.015194
v -0.008226 -0.017786 0.017113
v -0.007653 -0.016124 0.013591
v -0.007191 -0.017102 0.016975
v -0.006275 -0.016102 0.015803
v -0.006303 -0.016418 0.019988
v -0.007976 -0.017839 0.020865
v -0.006987 -0.017374 0.024050
v -0.006658 -0.018019 0.026339
v -0.005723 -0.017278 0.026323
v -0.005438 -0.016633 0.024125
v -0.004852 -0.016812 0.029116
v -0.004417 -0.016027 0.026733
v -0.004583 -0.016062 0.022254
v -0.003086 -0.015324 0.026740
v -0.004680 -0.015423 0.019532
v -0.004178 -0.015072 0.015641
v -0.002269 -0.015554 0.029262
v -0.001413 -0.015278 0.032532
v -0.000616 -0.015425 0.034588
v 0.000101 -0.015249 0.036127
v -0.000076 -0.015298 0.041606
v 0.001548 -0.015254 0.044121
v -0.002183 -0.016407 0.041830
v -0.003196 -0.016929 0.045103
v -0.002525 -0.017254 0.048142
v -0.000919 -0.016507 0.044878
v -0.003416 -0.017818 0.047335
v -0.003319 -0.017699 0.056037
v -0.004348 -0.019604 0.056625
v -0.002454 -0.017426 0.059931
v -0.000429 -0.016277 0.060401
v -0.000917 -0.017225 0.068187
v -0.000153 -0.016151 0.065472
v 0.001382 -0.015330 0.065434
v -0.001045 -0.017209 0.062875
v -0.001947 -0.017879 0.062874
v -0.002869 -0.019621 0.070307
v -0.002877 -0.019681 0.064582
v -0.002576 -0.018609 0.062032
v -0.001911 -0.017814 0.069999
v -0.001305 -0.017758 0.072835
v -0.002211 -0.019780 0.073753
v -0.000430 -0.016993 0.075685
v -0.001096 -0.017950 0.077171
v -0.000063 -0.017290 0.078384
v -0.001062 -0.018882 0.078779
v -0.000753 -0.021770 0.078956
v -0.001715 -0.021175 0.077257
v 0.000014 -0.017741 0.078976
v 0.004923 -0.016346 0.078859
v 0.003990 -0.015733 0.078988
v 0.000374 -0.018450 0.078839
v 0.000757 -0.021832 0.078862
v 0.001775 -0.023436 0.078922
v 0.008976 -0.022654 0.078861
v 0.003487 -0.024356 0.078941
v 0.004922 -0.025093 0.078262
v 0.007940 -0.023973 0.078971
v 0.002887 -0.024593 0.078222
v 0.000895 -0.023509 0.078403
v 0.002963 -0.025776 0.073434
v 0.004623 -0.025854 0.075967
v 0.002846 -0.025931 0.070676
v 0.005475 -0.025651 0.072703
v 0.006631 -0.024766 0.077267
v 0.007758 -0.024362 0.078392
v 0.008170 -0.024284 0.073239
v 0.009863 -0.023054 0.077911
v 0.008616 -0.024321 0.068686
v 0.008081 -0.025021 0.069873
v 0.008983 -0.023787 0.078261
v 0.006316 -0.025911 0.070370
v 0.001446 -0.025890 0.061973
v 0.006661 -0.025759 0.058538
v 0.008186 -0.024887 0.058977
v 0.005731 -0.025983 0.058773
v 0.004323 -0.025997 0.054385
v 0.004006 -0.026306 0.057830
v 0.006724 -0.025118 0.056614
v 0.007283 -0.023950 0.055804
v 0.008379 -0.023125 0.057023
v 0.006467 -0.024962 0.055134
v 0.007566 -0.023551 0.049556
v 0.007465 -0.023582 0.046012
v 0.006358 -0.025044 0.045846
v 0.004269 -0.026010 0.045608
v 0.004975 -0.024950 0.043465
v 0.006953 -0.023270 0.044088
v 0.007601 -0.021711 0.043762
v 0.005753 -0.023872 0.042809
v 0.006657 -0.023206 0.042081
v 0.005599 -0.024005 0.033589
v 0.007542 -0.021766 0.034337
v 0.006715 -0.023186 0.034851
v 0.005910 -0.023337 0.031116
v 0.005894 -0.023406 0.022295
v 0.006339 -0.022251 0.030812
v 0.006488 -0.021942 0.022793
v 0.007642 -0.021510 0.019042
v 0.007678 -0.022050 0.016110
v 0.007064 -0.023229 0.016668
v 0.005154 -0.024760 0.017482
v 0.008176 -0.021458 0.046889
v 0.007887 -0.020133 0.043942
v 0.009218 -0.019678 0.047365
v 0.009247 -0.019619 0.056368
v 0.008377 -0.017887 0.055576
v 0.008376 -0.017929 0.045907
v 0.009298 -0.020401 0.051644
v 0.009150 -0.021532 0.052359
v 0.009224 -0.021597 0.058275
v 0.008413 -0.021788 0.049789
v 0.008283 -0.023135 0.052195
v 0.009167 -0.023130 0.059733
v 0.009487 -0.021379 0.062004
v 0.009371 -0.019091 0.061570
v 0.010492 -0.021298 0.065903
v 0.010181 -0.019812 0.065788
v 0.009066 -0.017682 0.065766
v 0.009153 -0.017903 0.058508
v 0.008761 -0.017090 0.067441
v 0.008156 -0.016191 0.061542
v 0.008121 -0.016417 0.059819
v 0.007394 -0.017185 0.056297
v 0.006319 -0.015244 0.061714
v 0.006357 -0.016123 0.057644
v 0.004680 -0.015250 0.059133
v 0.006469 -0.016197 0.038554
v 0.004802 -0.015322 0.038522
v 0.007381 -0.017258 0.044336
v 0.003045 -0.015241 0.074960
v 0.002998 -0.015238 0.067422
v 0.006295 -0.015226 0.077659
v 0.004525 -0.015266 0.078353
v 0.008092 -0.016136 0.077758
v 0.006048 -0.015570 0.078957
v 0.007872 -0.016171 0.078652
v 0.009055 -0.017003 0.078370
v 0.008650 -0.017401 0.078903
v 0.010314 -0.021341 0.078981
v 0.010390 -0.019498 0.078974
v 0.010204 -0.018143 0.078678
v 0.010748 -0.019199 0.077772
v 0.009883 -0.017944 0.074002
v 0.009922 -0.017528 0.077168
v 0.010772 -0.019738 0.073810
v 0.008848 -0.017193 0.073753
v 0.009874 -0.017908 0.069412
v 0.010746 -0.019640 0.068668
v 0.010738 -0.021343 0.067923
v 0.010784 -0.021215 0.078292
v 0.009923 -0.022957 0.067427
v 0.009107 -0.023440 0.064316
v 0.009668 -0.022811 0.079003
v 0.002748 -0.015690 0.077775
v 0.001726 -0.015938 0.068705
v 0.004155 -0.025484 0.042624
v 0.001384 -0.025985 0.056333
v 0.003016 -0.026275 0.055828
v 0.000224 -0.025975 0.053569
v -0.000103 -0.025845 0.059732
v -0.002459 -0.023606 0.063627
v -0.000640 -0.024840 0.062926
v -0.001770 -0.025001 0.053278
v -0.001810 -0.024912 0.059476
v -0.002814 -0.023479 0.060062
v -0.003578 -0.023034 0.054939
v -0.002465 -0.024048 0.054867
v -0.002870 -0.021447 0.064421
v -0.003456 -0.022932 0.058318
v -0.004340 -0.021220 0.058271
v -0.004280 -0.021683 0.054498
v -0.004488 -0.021431 0.050308
v -0.003685 -0.019714 0.060087
v -0.004356 -0.019636 0.052469
v -0.004290 -0.023412 0.048338
v -0.004194 -0.023278 0.052708
v -0.003298 -0.024638 0.051917
v -0.002851 -0.021223 0.070891
v -0.002121 -0.022892 0.065917
v -0.001887 -0.023104 0.071181
v -0.001122 -0.023686 0.071688
v -0.002353 -0.021474 0.072330
v -0.001206 -0.021772 0.078059
v -0.000995 -0.022396 0.074135
v -0.000397 -0.022831 0.078250
v -0.000272 -0.023388 0.074401
v 0.000744 -0.024848 0.071340
v -0.000146 -0.025025 0.068598
v 0.001489 -0.025888 0.068374
v -0.000311 -0.024917 0.064501
v -0.007698 -0.019654 0.025993
v -0.005594 -0.015015 0.012302
v -0.004511 -0.014608 0.011458
v -0.004168 -0.015239 0.007268
v -0.002945 -0.014824 0.008154
v -0.001230 -0.013940 0.008730
v -0.009641 -0.026377 0.011041
v -0.009251 -0.026318 0.014478
v -0.011066 -0.026137 0.008823
v 0.001629 -0.015467 -0.001846
v 0.008259 -0.022988 -0.003113
v 0.009245 -0.021713 0.003884
v 0.007856 -0.023963 -0.000515
v 0.007249 -0.025138 -0.000871
v 0.008613 -0.023424 0.003746
v 0.008112 -0.024407 0.003231
v 0.006569 -0.026272 -0.001197
v 0.005666 -0.026973 -0.001343
v 0.004906 -0.027990 -0.002190
v 0.006176 -0.025349 -0.003399
v -0.000188 -0.027392 0.037192
v -0.001186 -0.027731 0.024666
v -0.001748 -0.027425 0.030706
v -0.003178 -0.026417 0.035802
v -0.003105 -0.026701 0.032413
v -0.003148 -0.027277 0.030064
v -0.001548 -0.027322 0.035591
v 0.000031 -0.027377 0.041757
v 0.000348 -0.028521 -0.014399
v 0.000995 -0.025674 -0.014518
v 0.016767 0.036416 -0.061441
v 0.014514 0.036053 -0.061757
v 0.016606 0.036283 -0.060221
v 0.017878 0.035945 -0.060921
v 0.017323 0.035656 -0.061842
v 0.015012 0.036467 -0.061134
v 0.013480 0.035929 -0.061144
v 0.013019 0.035390 -0.058680
v 0.010250 0.034705 -0.058274
v 0.012290 0.034813 -0.056022
v 0.017824 0.035298 -0.058481
v 0.012348 0.035313 -0.061223
v 0.016524 0.034783 -0.055906
v 0.014579 0.033856 -0.052515
v 0.014446 0.034702 -0.054684
v 0.016735 0.033655 -0.053637
v 0.018609 0.034837 -0.056044
v 0.021494 0.034932 -0.058853
v 0.019596 0.035120 -0.060628
v 0.018116 0.033502 -0.053241
v 0.020158 0.034651 -0.056533
v 0.019187 0.032507 -0.051321
v 0.020321 0.032160 -0.051572
v 0.022146 0.032499 -0.054074
v 0.021480 0.034648 -0.057449
v 0.024041 0.033315 -0.056355
v 0.022749 0.034214 -0.058144
v 0.024102 0.033684 -0.059513
v 0.020621 0.034669 -0.061557
v 0.022663 0.033729 -0.061573
v 0.024302 0.033377 -0.061632
v 0.025849 0.033384 -0.058029
v 0.026172 0.033427 -0.061485
v 0.026677 0.032929 -0.061857
v 0.027713 0.033097 -0.060712
v 0.028589 0.032044 -0.061811
v 0.029104 0.032340 -0.060793
v 0.028452 0.032274 -0.057905
v 0.026942 0.031224 -0.053461
v 0.030540 0.031835 -0.058204
v 0.028924 0.031482 -0.055970
v 0.025139 0.032075 -0.054448
v 0.026023 0.030927 -0.052775
v 0.024240 0.030734 -0.052453
v 0.022097 0.031090 -0.051409
v 0.024826 0.029730 -0.051595
v 0.025379 0.027989 -0.047572
v 0.023857 0.029347 -0.049443
v 0.026519 0.028557 -0.050609
v 0.022666 0.030081 -0.049822
v 0.022924 0.029365 -0.046002
v 0.022056 0.030166 -0.046910
v 0.020994 0.030256 -0.045801
v 0.020495 0.031531 -0.048175
v 0.020776 0.029587 -0.042647
v 0.020011 0.028605 -0.040200
v 0.022063 0.027863 -0.041502
v 0.018735 0.030253 -0.042153
v 0.018945 0.031270 -0.044289
v 0.016366 0.032421 -0.043743
v 0.018279 0.032589 -0.045765
v 0.019547 0.031998 -0.048495
v 0.016894 0.033379 -0.046516
v 0.017048 0.033468 -0.051260
v 0.015189 0.033575 -0.046706
v 0.014240 0.033570 -0.051242
v 0.012631 0.033803 -0.050667
v 0.010435 0.033743 -0.050818
v 0.010788 0.033502 -0.053001
v 0.012398 0.035027 -0.047342
v 0.012335 0.034833 -0.048723
v 0.012407 0.033579 -0.053442
v 0.010996 0.033930 -0.054862
v 0.008978 0.032690 -0.053896
v 0.006738 0.030741 -0.056053
v 0.007916 0.032597 -0.055892
v 0.008029 0.031610 -0.053633
v 0.008495 0.032735 -0.052035
v 0.007157 0.031696 -0.052605
v 0.005967 0.032695 -0.051525
v 0.006878 0.034110 -0.050094
v 0.005068 0.034268 -0.048791
v 0.007384 0.034868 -0.048671
v 0.005334 0.035002 -0.047135
v 0.002654 0.034781 -0.046288
v 0.003686 0.035037 -0.043680
v 0.008953 0.034988 -0.040767
v 0.003014 0.034221 -0.048164
v 0.001352 0.033160 -0.048373
v -0.000153 0.033055 -0.047009
v 0.000258 0.034893 -0.043464
v 0.003198 0.032276 -0.050282
v 0.005539 0.031945 -0.051840
v 0.001828 0.032012 -0.049409
v 0.003373 0.030345 -0.051075
v 0.002991 0.028625 -0.050694
v 0.005251 0.028642 -0.052160
v 0.001975 0.028699 -0.049544
v 0.002181 0.026401 -0.048465
v -0.000314 0.028867 -0.047660
v -0.000287 0.032094 -0.047691
v 0.001027 0.027485 -0.048266
v -0.000371 0.027311 -0.046793
v 0.000870 0.024668 -0.045320
v -0.000713 0.024867 -0.043777
v -0.002631 0.025895 -0.042231
v -0.003399 0.027048 -0.043337
v -0.000362 0.023669 -0.042971
v -0.001067 0.023582 -0.041379
v -0.002412 0.024524 -0.040152
v -0.003976 0.025256 -0.039687
v -0.002338 0.023627 -0.036508
v -0.005155 0.024645 -0.035307
v -0.001125 0.023307 -0.038126
v -0.001924 0.023116 -0.036191
v -0.004543 0.023143 -0.033475
v -0.004686 0.023016 -0.031761
v -0.005679 0.024583 -0.031536
v -0.006557 0.025140 -0.034203
v -0.004091 0.021613 -0.032871
v -0.003379 0.021671 -0.033842
v -0.003915 0.018079 -0.033335
v -0.002261 0.021453 -0.034821
v -0.002614 0.015670 -0.034475
v 0.000540 0.021321 -0.038253
v -0.000337 0.020707 -0.037024
v -0.001158 0.011985 -0.036090
v -0.001928 0.009184 -0.035703
v -0.002639 0.011834 -0.034825
v -0.000218 0.012682 -0.037113
v -0.002907 0.012666 -0.034228
v -0.005091 0.011854 -0.034460
v -0.003462 0.013364 -0.034057
v -0.004062 0.010986 -0.035041
v -0.002886 0.008576 -0.035698
v -0.007176 0.010650 -0.036160
v -0.002824 0.010373 -0.034865
v -0.004727 0.008689 -0.036735
v -0.003672 0.007424 -0.037545
v -0.006600 0.007401 -0.037572
v -0.008936 0.007000 -0.038329
v -0.005372 0.005887 -0.039200
v -0.008587 0.010576 -0.036661
v -0.010436 0.010866 -0.036868
v -0.009213 0.012116 -0.035857
v -0.007315 0.013278 -0.034489
v -0.011528 0.012200 -0.035751
v -0.008306 0.013440 -0.034384
v -0.010821 0.014813 -0.033725
v -0.009044 0.015343 -0.033244
v -0.007791 0.015452 -0.032775
v -0.006118 0.015450 -0.032771
v -0.013662 0.013236 -0.034571
v -0.014816 0.013263 -0.034035
v -0.013695 0.011174 -0.036908
v -0.013408 0.014474 -0.033751
v -0.011582 0.015854 -0.033445
v -0.013790 0.015738 -0.032871
v -0.016443 0.012679 -0.033442
v -0.012206 0.017230 -0.032731
v -0.013617 0.017373 -0.031545
v -0.014848 0.017181 -0.030363
v -0.015922 0.015127 -0.031373
v -0.017110 0.015240 -0.029980
v -0.018931 0.012756 -0.029220
v -0.016774 0.017047 -0.028658
v -0.017591 0.015623 -0.028721
v -0.019413 0.015082 -0.022479
v -0.019373 0.013284 -0.026299
v -0.017402 0.016813 -0.025058
v -0.016392 0.018239 -0.022667
v -0.017426 0.017579 -0.023349
v -0.018785 0.016349 -0.022144
v -0.017243 0.017553 -0.021643
v -0.018994 0.015601 -0.019966
v -0.019615 0.014685 -0.020171
v -0.018640 0.014148 -0.017904
v -0.017050 0.015987 -0.017360
v -0.016805 0.016630 -0.017894
v -0.015731 0.017633 -0.018786
v -0.014088 0.017818 -0.017420
v -0.014461 0.015666 -0.016319
v -0.016514 0.015069 -0.016307
v -0.013074 0.016959 -0.016392
v -0.012236 0.016159 -0.015865
v -0.013056 0.014175 -0.014916
v -0.015526 0.014571 -0.015916
v -0.014725 0.013244 -0.014765
v -0.014913 0.011755 -0.013559
v -0.013732 0.012922 -0.013496
v -0.016954 0.011803 -0.015600
v -0.017124 0.013221 -0.016336
v -0.018997 0.013114 -0.017472
v -0.021652 0.011436 -0.018142
v -0.020063 0.010595 -0.016510
v -0.021665 0.008031 -0.014962
v -0.020550 0.008563 -0.014846
v -0.022315 0.010205 -0.017635
v -0.018479 0.010587 -0.015296
v -0.018110 0.009941 -0.012681
v -0.019181 0.009000 -0.013085
v -0.016542 0.010892 -0.013789
v -0.014856 0.011624 -0.012377
v -0.016440 0.010816 -0.011945
v -0.018454 0.010645 -0.009631
v -0.014590 0.012228 -0.010275
v -0.016437 0.011781 -0.009148
v -0.017743 0.011102 -0.007840
v -0.013892 0.012559 -0.008750
v -0.013353 0.011924 -0.005293
v -0.015771 0.010693 -0.004888
v -0.011288 0.012007 -0.003130
v -0.011732 0.012915 -0.005771
v -0.013222 0.010961 -0.003018
v -0.011565 0.010302 -0.000926
v -0.015871 0.009153 -0.001984
v -0.014480 0.008954 -0.000749
v -0.013221 0.009408 -0.000482
v -0.011811 0.008649 0.000908
v -0.013107 0.007477 0.001391
v -0.013166 0.005680 0.002236
v -0.011279 0.007887 0.001543
v -0.010931 0.005444 0.002911
v -0.015277 0.005044 0.001519
v -0.015342 0.007240 0.000319
v -0.016830 0.007882 -0.000910
v -0.016490 0.006426 0.000075
v -0.017533 0.004601 -0.000244
v -0.018924 0.006416 -0.002014
v -0.018290 0.004540 -0.001056
v -0.019331 0.004186 -0.002415
v -0.019228 0.001868 -0.000852
v -0.019966 -0.004727 -0.001309
v -0.020085 0.001505 -0.001371
v -0.017580 0.001753 0.000550
v -0.019177 -0.004749 -0.000793
v -0.019793 -0.005788 -0.001846
v -0.017418 -0.004717 0.000677
v -0.015333 -0.006256 0.004217
v -0.015352 -0.000894 0.004739
v -0.017277 -0.006197 0.000180
v -0.017216 -0.000746 0.000979
v -0.015666 -0.004523 0.004205
v -0.013955 -0.003788 0.005737
v -0.013206 -0.005461 0.005828
v -0.013610 -0.007124 0.005588
v -0.012431 -0.004675 0.006401
v -0.013606 -0.001955 0.006278
v -0.013276 -0.000243 0.006031
v -0.013872 0.001808 0.004309
v -0.009305 0.004041 0.005509
v -0.010969 -0.003862 0.006351
v -0.011418 -0.005738 0.006364
v 0.001658 -0.002684 0.006372
v -0.001401 -0.003833 0.006341
v -0.010401 -0.004817 0.006992
v -0.001873 -0.004773 0.006962
v -0.009965 -0.005858 0.007002
v -0.000209 -0.005487 0.007031
v 0.002470 -0.009252 0.007078
v -0.001099 -0.006995 0.006964
v 0.001351 -0.007136 0.006973
v 0.000360 -0.004556 0.006369
v 0.002163 -0.006472 0.006345
v 0.003053 -0.004551 0.006406
v 0.003769 -0.006763 0.006357
v 0.003661 -0.008970 0.006430
v 0.001922 -0.010290 0.006481
v 0.003516 -0.010644 0.006418
v 0.004966 -0.009824 0.005843
v 0.003472 -0.012453 0.005667
v 0.003430 -0.011446 0.005856
v 0.006098 -0.007219 0.005709
v 0.004911 -0.007105 0.005766
v 0.006287 -0.009286 0.005749
v 0.006838 -0.010804 0.004786
v 0.007730 -0.009136 0.004761
v 0.009345 -0.010459 0.002682
v 0.007165 -0.006816 0.005020
v 0.009358 -0.009209 0.003189
v 0.011131 -0.008940 0.001423
v 0.010128 -0.006725 0.002845
v 0.008871 -0.005310 0.003570
v 0.006953 -0.004423 0.004841
v 0.009437 -0.003507 0.003395
v 0.010388 -0.000457 0.002315
v 0.008923 -0.000579 0.003911
v 0.007272 -0.002242 0.005056
v 0.010944 -0.003316 0.002341
v 0.012036 -0.006002 0.001527
v 0.011236 -0.001363 0.001800
v 0.011327 -0.006098 0.002361
v 0.011718 -0.001709 0.001250
v 0.012077 0.000320 0.001332
v 0.011017 0.002713 0.001825
v 0.012863 0.001239 -0.001367
v 0.011796 0.002901 0.000918
v 0.012441 0.004362 -0.000341
v 0.011983 0.005020 0.002189
v 0.011454 0.006258 0.003130
v 0.011972 0.007474 0.001925
v 0.012555 0.008335 -0.000801
v 0.011146 0.004713 0.002991
v 0.009831 0.004027 0.003082
v 0.010745 0.006237 0.003734
v 0.009754 0.007162 0.004497
v 0.008402 0.003915 0.004410
v 0.008766 0.002050 0.004077
v 0.008229 0.005608 0.004508
v 0.007215 0.005525 0.005107
v 0.005968 0.000641 0.005123
v 0.006182 -0.003984 0.005161
v 0.006303 0.004708 0.005120
v 0.008734 0.007208 0.005167
v 0.009355 0.009663 0.004718
v 0.008282 0.008057 0.005157
v 0.005963 0.007388 0.005753
v 0.007962 0.009195 0.005785
v 0.006791 0.006869 0.005068
v 0.005190 0.002739 0.005758
v 0.004010 -0.000683 0.005757
v 0.005205 -0.001009 0.005732
v 0.004088 0.003410 0.005713
v 0.003111 -0.000807 0.006352
v 0.004963 0.007687 0.005709
v 0.003664 0.006391 0.006415
v 0.002882 0.002115 0.006410
v 0.000973 0.006963 0.006305
v -0.004543 0.007452 0.004759
v 0.001667 0.008569 0.006994
v 0.004019 0.008923 0.006347
v -0.002097 0.007685 0.005724
v -0.001078 0.008580 0.006568
v 0.000262 0.010435 0.006896
v -0.001380 0.009637 0.006439
v -0.002978 0.009312 0.005107
v -0.004732 0.009299 0.003355
v -0.003609 0.010801 0.003165
v -0.002060 0.011344 0.005235
v -0.001801 0.010545 0.006190
v -0.001127 0.010819 0.006716
v 0.000337 0.011546 0.006700
v -0.000953 0.012078 0.006018
v 0.000728 0.012780 0.005699
v -0.001033 0.013343 0.003868
v -0.001586 0.014503 -0.000658
v 0.004249 0.012912 0.005651
v 0.006316 0.013714 0.003831
v -0.002508 0.012149 0.003303
v -0.003064 0.013105 -0.000264
v -0.004038 0.012347 -0.001685
v -0.002576 0.013964 -0.000908
v -0.003508 0.014946 -0.006202
v -0.001471 0.015270 -0.002495
v 0.010000 0.014560 -0.000809
v 0.009220 0.015277 -0.002506
v -0.001708 0.015996 -0.005767
v -0.001309 0.017017 -0.008279
v -0.002465 0.017786 -0.010946
v -0.002633 0.016442 -0.008116
v 0.011006 0.016337 -0.006681
v 0.011050 0.015864 -0.005221
v 0.012439 0.014307 -0.003545
v 0.011014 0.014623 -0.001125
v 0.012902 0.014792 -0.005143
v 0.012793 0.016489 -0.007998
v 0.014286 0.016291 -0.009571
v 0.012058 0.017109 -0.008585
v 0.012488 0.017887 -0.011223
v 0.014318 0.017275 -0.011646
v 0.013585 0.015280 -0.007510
v 0.013522 0.012816 -0.004665
v 0.015084 0.015196 -0.010397
v 0.014854 0.013708 -0.009379
v 0.014125 0.012541 -0.006817
v 0.015069 0.011163 -0.007782
v 0.013528 0.010603 -0.002682
v 0.014067 0.010654 -0.005873
v 0.014040 -0.000043 -0.005798
v 0.014909 -0.000431 -0.007433
v 0.014140 -0.002448 -0.004137
v 0.014991 -0.003055 -0.005808
v 0.015601 -0.002939 -0.008410
v 0.015082 0.000259 -0.007939
v 0.015151 0.006889 -0.008230
v 0.015731 -0.001731 -0.009342
v 0.016335 -0.001066 -0.012823
v 0.015502 -0.000073 -0.011371
v 0.016808 -0.003104 -0.010920
v 0.016657 -0.006107 -0.010521
v 0.016667 -0.004562 -0.012995
v 0.016320 -0.001996 -0.013869
v 0.015527 -0.004360 -0.015295
v 0.016699 -0.000567 -0.014181
v 0.016725 -0.000141 -0.016984
v 0.015422 -0.002905 -0.015535
v 0.014977 -0.004014 -0.019526
v 0.015217 -0.003194 -0.021125
v 0.014359 -0.003931 -0.021869
v 0.013735 -0.003680 -0.023290
v 0.017183 -0.002083 -0.023699
v 0.015895 -0.002402 -0.021675
v 0.015521 -0.002804 -0.025462
v 0.014213 -0.002736 -0.026415
v 0.017018 -0.001586 -0.027041
v 0.015606 -0.001795 -0.027618
v 0.013204 -0.001799 -0.028447
v 0.015322 -0.001339 -0.031366
v 0.013747 -0.001288 -0.031409
v 0.015382 -0.000300 -0.033382
v 0.018209 -0.000181 -0.031709
v 0.016954 -0.001238 -0.030210
v 0.019462 -0.000168 -0.027929
v 0.020639 0.000692 -0.026309
v 0.019249 0.000765 -0.023209
v 0.020026 0.000807 -0.030568
v 0.020609 0.000328 -0.027959
v 0.017911 -0.001083 -0.023810
v 0.018438 -0.000392 -0.022980
v 0.017398 -0.000747 -0.021478
v 0.016950 -0.000247 -0.019503
v 0.019312 0.002980 -0.021100
v 0.017774 0.002074 -0.019296
v 0.018303 0.005467 -0.018682
v 0.016931 0.003173 -0.017493
v 0.019482 0.004409 -0.020512
v 0.016886 0.001113 -0.017793
v 0.016650 0.002047 -0.013443
v 0.015485 0.001660 -0.011328
v 0.016984 0.004877 -0.016099
v 0.015578 0.004493 -0.010169
v 0.016642 0.004510 -0.012174
v 0.016480 0.007401 -0.013197
v 0.015511 0.007394 -0.011384
v 0.016523 0.013789 -0.013362
v 0.017110 0.006353 -0.015951
v 0.017155 0.012600 -0.016094
v 0.018045 0.007186 -0.017572
v 0.018018 0.012213 -0.017522
v 0.019311 0.006491 -0.020345
v 0.018885 0.008921 -0.018326
v 0.018887 0.010941 -0.018356
v 0.019758 0.008905 -0.020168
v 0.019844 0.010980 -0.020346
v 0.018351 0.013322 -0.018872
v 0.018697 0.015181 -0.020107
v 0.020914 0.012332 -0.022064
v 0.020229 0.007324 -0.021148
v 0.021201 0.004794 -0.022284
v 0.020821 0.013679 -0.022515
v 0.021953 0.012394 -0.022788
v 0.023792 0.011182 -0.024440
v 0.022124 0.013761 -0.023650
v 0.023162 0.007313 -0.023776
v 0.023330 0.006327 -0.024278
v 0.024287 0.007740 -0.025180
v 0.024671 0.011153 -0.028027
v 0.024619 0.008569 -0.028825
v 0.024248 0.005973 -0.026656
v 0.024582 0.006010 -0.031716
v 0.024172 0.010653 -0.025034
v 0.024221 0.012963 -0.027360
v 0.026020 0.012526 -0.030960
v 0.024438 0.014554 -0.029076
v 0.025001 0.016614 -0.031128
v 0.022221 0.015405 -0.025468
v 0.022645 0.016696 -0.028740
v 0.026181 0.015460 -0.032205
v 0.027766 0.014977 -0.034696
v 0.026970 0.014417 -0.032990
v 0.026152 0.017886 -0.034221
v 0.030163 0.016052 -0.040916
v 0.024869 0.018086 -0.032545
v 0.023432 0.018326 -0.031144
v 0.024943 0.020056 -0.033944
v 0.026052 0.021258 -0.037368
v 0.024239 0.020767 -0.033749
v 0.023297 0.022714 -0.035215
v 0.024989 0.022179 -0.036521
v 0.023023 0.021069 -0.032060
v 0.021838 0.020235 -0.030728
v 0.022264 0.022547 -0.033508
v 0.021921 0.021620 -0.031931
v 0.020195 0.023133 -0.032921
v 0.019452 0.022212 -0.031342
v 0.019846 0.020215 -0.029510
v 0.017074 0.023333 -0.029964
v 0.018350 0.023655 -0.031497
v 0.018078 0.025118 -0.032926
v 0.016043 0.025413 -0.032386
v 0.019931 0.025019 -0.034215
v 0.018255 0.026373 -0.034019
v 0.020416 0.026402 -0.036240
v 0.016864 0.027300 -0.034534
v 0.015732 0.027980 -0.034342
v 0.016796 0.028855 -0.036784
v 0.018145 0.028713 -0.038562
v 0.015047 0.027153 -0.033330
v 0.013890 0.025464 -0.030258
v 0.013305 0.028402 -0.032773
v 0.012943 0.027211 -0.031208
v 0.009485 0.028320 -0.029073
v 0.011574 0.026625 -0.028965
v 0.010565 0.027423 -0.029539
v 0.010490 0.029689 -0.031061
v 0.008174 0.029437 -0.029192
v 0.006912 0.030409 -0.029986
v 0.011474 0.031001 -0.033488
v 0.008925 0.031315 -0.031835
v 0.006394 0.031327 -0.030342
v 0.006769 0.032482 -0.031507
v 0.009412 0.032563 -0.033046
v 0.011562 0.032638 -0.034784
v 0.008506 0.033336 -0.033701
v 0.008628 0.033809 -0.035369
v 0.003637 0.034014 -0.033335
v 0.010886 0.033272 -0.035527
v 0.006253 0.034994 -0.036526
v 0.003997 0.033080 -0.032278
v 0.001404 0.034300 -0.033480
v 0.000478 0.033336 -0.032498
v -0.000454 0.032625 -0.031385
v -0.001886 0.032071 -0.030929
v -0.001972 0.032937 -0.033222
v 0.003761 0.031770 -0.030293
v -0.001778 0.031208 -0.029489
v 0.004008 0.029825 -0.028845
v 0.004730 0.030747 -0.029812
v 0.001802 0.031468 -0.029346
v -0.001129 0.029577 -0.028409
v -0.001673 0.030244 -0.028904
v 0.001592 0.029741 -0.027896
v 0.002478 0.029651 -0.027235
v -0.001467 0.028276 -0.027458
v -0.003613 0.026968 -0.028655
v -0.002023 0.027433 -0.027352
v 0.000102 0.028055 -0.025188
v -0.002118 0.026076 -0.026055
v 0.000570 0.027470 -0.022706
v 0.002499 0.029419 -0.024403
v 0.004139 0.029469 -0.022904
v 0.005490 0.029869 -0.027046
v 0.004984 0.028771 -0.020491
v 0.007089 0.028909 -0.021595
v 0.008657 0.028466 -0.026483
v 0.007102 0.029298 -0.024808
v 0.008813 0.028255 -0.024862
v 0.011568 0.025485 -0.024013
v 0.008845 0.027864 -0.021008
v 0.010836 0.026047 -0.024987
v 0.014179 0.024740 -0.028825
v 0.011760 0.025916 -0.027218
v 0.013421 0.023649 -0.025831
v 0.015462 0.022748 -0.027384
v 0.015621 0.021939 -0.026003
v 0.015238 0.023591 -0.027991
v 0.014477 0.021187 -0.022205
v 0.013651 0.022977 -0.023811
v 0.015811 0.020614 -0.023450
v 0.017222 0.021097 -0.027655
v 0.017563 0.018770 -0.023614
v 0.018701 0.019635 -0.027824
v 0.019282 0.018512 -0.026364
v 0.020347 0.017396 -0.025677
v 0.019662 0.017069 -0.024551
v 0.022180 0.017601 -0.029257
v 0.021779 0.018322 -0.029505
v 0.021056 0.015412 -0.024295
v 0.018051 0.017023 -0.021921
v 0.019548 0.015467 -0.022394
v 0.016426 0.018618 -0.021485
v 0.016026 0.017162 -0.017902
v 0.017726 0.015706 -0.019176
v 0.016920 0.015303 -0.017572
v 0.016403 0.015333 -0.014395
v 0.015835 0.014928 -0.012547
v 0.015422 0.017100 -0.014108
v 0.014239 0.018247 -0.013347
v 0.012663 0.019517 -0.014308
v 0.014460 0.018896 -0.015970
v 0.014282 0.020734 -0.017703
v 0.015355 0.019008 -0.018394
v 0.014920 0.020179 -0.021570
v 0.012348 0.021256 -0.015584
v 0.012690 0.021860 -0.016663
v 0.010606 0.022416 -0.015912
v 0.012954 0.023034 -0.021000
v 0.011274 0.023771 -0.018775
v 0.011909 0.024402 -0.020207
v 0.008765 0.026196 -0.018299
v 0.008759 0.023997 -0.015990
v 0.007024 0.026258 -0.017708
v 0.006804 0.027752 -0.018803
v 0.006690 0.024096 -0.015120
v 0.002717 0.022122 -0.014559
v 0.009641 0.022322 -0.015483
v 0.006554 0.022509 -0.014471
v 0.003046 0.023811 -0.015161
v 0.001478 0.023160 -0.015627
v 0.003358 0.025722 -0.017468
v 0.001637 0.025204 -0.018367
v 0.001568 0.027432 -0.021070
v -0.000194 0.025913 -0.022137
v 0.000031 0.021997 -0.015727
v 0.003116 0.027395 -0.019419
v -0.000786 0.022908 -0.018963
v -0.003753 0.021219 -0.021446
v -0.002633 0.023177 -0.024201
v -0.001847 0.020953 -0.015934
v -0.001458 0.023861 -0.021992
v -0.004166 0.020111 -0.018724
v -0.006311 0.019609 -0.017759
v -0.005362 0.020051 -0.020559
v -0.003826 0.019828 -0.015354
v -0.004430 0.017500 -0.010971
v -0.003558 0.017254 -0.010324
v -0.005977 0.018207 -0.012159
v -0.005715 0.018825 -0.014193
v -0.002264 0.018906 -0.013416
v -0.000999 0.019721 -0.014357
v 0.007882 0.020802 -0.014531
v 0.012329 0.019018 -0.013377
v 0.001155 0.020729 -0.014743
v 0.010915 0.020342 -0.014389
v -0.007824 0.017959 -0.012871
v -0.007952 0.018629 -0.017312
v -0.009174 0.018445 -0.019018
v -0.009557 0.017350 -0.015801
v -0.006972 0.019627 -0.022000
v -0.005824 0.019906 -0.025423
v -0.009003 0.019779 -0.022987
v -0.011343 0.019722 -0.020062
v -0.009273 0.019630 -0.025551
v -0.012100 0.019758 -0.027857
v -0.013428 0.019784 -0.020557
v -0.015500 0.018929 -0.024008
v -0.012033 0.018845 -0.018175
v -0.013732 0.019807 -0.024713
v -0.015345 0.018630 -0.020069
v -0.015354 0.018524 -0.027640
v -0.013570 0.019417 -0.027680
v -0.011949 0.017517 -0.032400
v -0.009368 0.017098 -0.031252
v -0.009183 0.018187 -0.029172
v -0.007262 0.018244 -0.029091
v -0.009023 0.018746 -0.027379
v -0.007181 0.019379 -0.026170
v -0.005652 0.018938 -0.029812
v -0.005272 0.019844 -0.028216
v -0.005636 0.017818 -0.031324
v -0.004539 0.019523 -0.031892
v -0.004566 0.020919 -0.030092
v -0.004561 0.020693 -0.027159
v -0.004074 0.021753 -0.027050
v -0.004473 0.023201 -0.030410
v -0.004396 0.024964 -0.029578
v -0.003434 0.024524 -0.027906
v -0.005097 0.026885 -0.029677
v -0.005938 0.026352 -0.030551
v -0.005205 0.029597 -0.030693
v -0.006962 0.027291 -0.031357
v -0.006886 0.025805 -0.031318
v -0.006807 0.025350 -0.031999
v -0.007602 0.027162 -0.034275
v -0.007532 0.028905 -0.034677
v -0.007473 0.028827 -0.036751
v -0.006971 0.026958 -0.036785
v -0.005523 0.025586 -0.036965
v -0.005652 0.027327 -0.039445
v -0.006436 0.028861 -0.038524
v -0.006252 0.030366 -0.038195
v -0.005682 0.028797 -0.040481
v -0.005140 0.030458 -0.042528
v -0.004487 0.028634 -0.042942
v -0.005735 0.030737 -0.040868
v -0.006465 0.030891 -0.035007
v -0.004892 0.032489 -0.039724
v -0.005527 0.031505 -0.035179
v -0.004782 0.032128 -0.041769
v -0.003810 0.032259 -0.043020
v -0.003150 0.034002 -0.040367
v -0.004073 0.033045 -0.039606
v -0.003431 0.033411 -0.037215
v -0.001742 0.034836 -0.039470
v -0.002190 0.033566 -0.035112
v -0.004733 0.032266 -0.034652
v -0.004743 0.030766 -0.031927
v -0.006325 0.028973 -0.031798
v -0.004485 0.029077 -0.029600
v -0.003571 0.029220 -0.029187
v -0.002806 0.029090 -0.028500
v 0.000417 0.034908 -0.035244
v -0.000056 0.034419 -0.034205
v 0.002506 0.035392 -0.040664
v 0.003032 0.034879 -0.034664
v 0.003698 0.035044 -0.037781
v -0.001967 0.034295 -0.041451
v -0.002172 0.032664 -0.045218
v -0.001505 0.033653 -0.044700
v -0.002492 0.031989 -0.045180
v -0.002474 0.028564 -0.045225
v -0.003597 0.030381 -0.044249
v -0.003415 0.028562 -0.044418
v -0.006877 0.030053 -0.036460
v -0.004887 0.026752 -0.040443
v -0.002148 0.024564 -0.024612
v -0.005632 0.016178 -0.032305
v -0.007634 0.017016 -0.031078
v -0.004631 0.016104 -0.032893
v -0.004229 0.014867 -0.033577
v -0.004472 0.013514 -0.033558
v -0.005565 0.013998 -0.033676
v -0.009889 0.018247 -0.017936
v -0.010713 0.017119 -0.016360
v -0.011879 0.014808 -0.014430
v -0.010053 0.016342 -0.015171
v -0.008211 0.017135 -0.011760
v -0.009610 0.015821 -0.013292
v -0.008524 0.016088 -0.009862
v -0.009309 0.015558 -0.009248
v -0.010348 0.014527 -0.009486
v -0.012434 0.013780 -0.010901
v -0.009385 0.014751 -0.008046
v -0.010124 0.013645 -0.006537
v -0.010087 0.011153 -0.002172
v -0.008736 0.013153 -0.005687
v -0.008610 0.011439 -0.003226
v -0.007500 0.012250 -0.003676
v -0.007748 0.014466 -0.006956
v -0.006489 0.014558 -0.007641
v -0.007535 0.016457 -0.009138
v -0.006105 0.017492 -0.010696
v -0.004725 0.015306 -0.008552
v -0.004516 0.014477 -0.007250
v -0.006413 0.011029 -0.001388
v -0.005156 0.011705 -0.001937
v -0.005106 0.010943 0.000233
v -0.006947 0.009460 0.001186
v -0.005048 0.010147 0.001934
v -0.007742 0.008276 0.002305
v -0.007940 0.009346 0.000544
v -0.007488 0.010479 -0.000517
v -0.006706 0.008296 0.003026
v -0.007613 0.006405 0.003703
v -0.009511 0.005005 0.003314
v -0.009504 0.006885 0.002651
v -0.011193 0.008822 0.002580
v -0.011581 0.008783 0.000841
v -0.009844 0.009156 0.000323
v -0.009148 0.010370 -0.000776
v -0.010919 0.009766 -0.000179
v -0.008022 0.010378 -0.000929
v 0.015403 0.012754 -0.010867
v 0.007661 0.034876 -0.037387
v 0.010760 0.033779 -0.039456
v 0.012453 0.033112 -0.038134
v 0.012051 0.033900 -0.040769
v 0.014350 0.032735 -0.040664
v 0.014023 0.032139 -0.037977
v 0.015429 0.030711 -0.037569
v 0.014122 0.030721 -0.035291
v 0.012973 0.031277 -0.034997
v 0.016376 0.031064 -0.040380
v 0.017240 0.029881 -0.039973
v 0.015615 0.032236 -0.041361
v 0.015260 0.033336 -0.044925
v 0.012714 0.034700 -0.045377
v 0.010646 0.034851 -0.041621
v 0.014449 0.029459 -0.034124
v 0.021650 0.026996 -0.039591
v 0.021231 0.024158 -0.034582
v 0.021654 0.025613 -0.036566
v 0.023031 0.025502 -0.039394
v 0.023364 0.023868 -0.036583
v 0.024572 0.023973 -0.039437
v 0.026486 0.022401 -0.039934
v 0.026394 0.024209 -0.041588
v 0.028114 0.023588 -0.045271
v 0.027723 0.022808 -0.041996
v 0.024536 0.025907 -0.041366
v 0.026636 0.025229 -0.044418
v 0.025029 0.026756 -0.044253
v 0.027813 0.024614 -0.046142
v 0.027502 0.025588 -0.048303
v 0.026517 0.026826 -0.047454
v 0.028124 0.027128 -0.050565
v 0.029773 0.027238 -0.051596
v 0.030408 0.025414 -0.051672
v 0.028743 0.025431 -0.050496
v 0.028868 0.029204 -0.052242
v 0.030781 0.027626 -0.051890
v 0.031659 0.028655 -0.053221
v 0.032697 0.029532 -0.056215
v 0.032302 0.027900 -0.052884
v 0.032872 0.026375 -0.052815
v 0.034382 0.026366 -0.054588
v 0.034369 0.028252 -0.056517
v 0.033210 0.029683 -0.057421
v 0.035974 0.026032 -0.056426
v 0.035430 0.027721 -0.058410
v 0.034692 0.028341 -0.058943
v 0.034494 0.027483 -0.061337
v 0.033332 0.029582 -0.061094
v 0.033334 0.028793 -0.061807
v 0.032259 0.030469 -0.061826
v 0.032370 0.030909 -0.060685
v 0.030986 0.031408 -0.061853
v 0.031145 0.031769 -0.060825
v 0.032062 0.030826 -0.057643
v 0.026204 0.031848 -0.061746
v 0.031117 0.029666 -0.061746
v 0.037935 0.020958 -0.061736
v 0.037162 0.023155 -0.061814
v 0.035751 0.025235 -0.061816
v 0.025205 0.021322 -0.061754
v 0.034197 0.027012 -0.061799
v 0.037620 0.016412 -0.061754
v 0.030323 0.004963 -0.061758
v 0.037662 0.010412 -0.061891
v 0.018764 0.009216 -0.061755
v 0.039280 0.016523 -0.061889
v 0.022284 0.015096 -0.061755
v 0.038452 0.019476 -0.061836
v 0.037752 0.013003 -0.061843
v 0.009701 0.003884 -0.061755
v 0.035973 0.008867 -0.061729
v 0.032043 0.005889 -0.061786
v 0.034244 0.006563 -0.061844
v 0.035503 0.007296 -0.061833
v 0.036422 0.008426 -0.061848
v 0.036410 0.008523 -0.057872
v 0.037279 0.008934 -0.061183
v 0.035565 0.007108 -0.059168
v 0.033891 0.005974 -0.061236
v 0.035658 0.007503 -0.057150
v 0.034731 0.006838 -0.056923
v 0.032713 0.005537 -0.057069
v 0.033646 0.005512 -0.058704
v 0.034065 0.007974 -0.053305
v 0.036156 0.008946 -0.056037
v 0.033120 0.007060 -0.053372
v 0.031545 0.005346 -0.053563
v 0.031135 0.006776 -0.050078
v 0.032231 0.007555 -0.050397
v 0.032513 0.008778 -0.049321
v 0.029750 0.006771 -0.048626
v 0.034712 0.011437 -0.050763
v 0.031063 0.008822 -0.048006
v 0.031960 0.011183 -0.047457
v 0.033165 0.010567 -0.049155
v 0.033961 0.014774 -0.049257
v 0.034175 0.012148 -0.049735
v 0.032697 0.012452 -0.048543
v 0.033078 0.015111 -0.048115
v 0.032092 0.013881 -0.046315
v 0.030824 0.014727 -0.043389
v 0.031591 0.012018 -0.044945
v 0.030733 0.011613 -0.043378
v 0.030685 0.010225 -0.044192
v 0.030317 0.013814 -0.039283
v 0.030112 0.008771 -0.042824
v 0.030319 0.011180 -0.039846
v 0.030524 0.008896 -0.046807
v 0.029436 0.006859 -0.047682
v 0.029491 0.007498 -0.043073
v 0.027977 0.006979 -0.038709
v 0.028518 0.006761 -0.041346
v 0.028525 0.006358 -0.044678
v 0.029384 0.009894 -0.038729
v 0.029251 0.011117 -0.037122
v 0.028586 0.008950 -0.036952
v 0.027090 0.008723 -0.033198
v 0.026482 0.006579 -0.034554
v 0.025562 0.005801 -0.033989
v 0.024969 0.007089 -0.031404
v 0.026794 0.005745 -0.037629
v 0.025120 0.003983 -0.036349
v 0.027362 0.005544 -0.039608
v 0.026101 0.004170 -0.038207
v 0.025028 0.002453 -0.041638
v 0.026794 0.004402 -0.041600
v 0.024774 0.002501 -0.037928
v 0.024169 0.001852 -0.041764
v 0.022762 0.001561 -0.037145
v 0.023698 0.002575 -0.036028
v 0.023296 0.002871 -0.033491
v 0.024568 0.004232 -0.033553
v 0.023612 0.004228 -0.031469
v 0.022865 0.003460 -0.027494
v 0.023328 0.004197 -0.026466
v 0.022119 0.002307 -0.033201
v 0.022411 0.003175 -0.031579
v 0.021824 0.002443 -0.030503
v 0.022192 0.002242 -0.029300
v 0.021622 0.000953 -0.027816
v 0.022218 0.002220 -0.027287
v 0.020649 0.002191 -0.023062
v 0.021954 0.003762 -0.023626
v 0.021669 0.002714 -0.024222
v 0.020377 0.004324 -0.021315
v 0.021010 0.001740 -0.032923
v 0.020012 0.000779 -0.033342
v 0.019932 -0.000036 -0.036226
v 0.021627 0.000964 -0.035475
v 0.020930 0.000305 -0.040098
v 0.023436 0.001270 -0.041698
v 0.022086 -0.000108 -0.044366
v 0.020143 -0.000053 -0.042272
v 0.015002 -0.000033 -0.041656
v 0.013978 -0.000281 -0.043449
v 0.018701 -0.000342 -0.043499
v 0.017790 -0.001195 -0.044881
v 0.022339 -0.001036 -0.046308
v 0.019616 -0.001338 -0.045861
v 0.015113 -0.001092 -0.044709
v 0.013552 -0.001012 -0.045083
v 0.016081 -0.001987 -0.045609
v 0.014434 -0.002639 -0.046848
v 0.016045 -0.002877 -0.047258
v 0.018052 -0.002465 -0.047504
v 0.014582 -0.004157 -0.047580
v 0.016654 -0.003905 -0.048493
v 0.013550 -0.005988 -0.047494
v 0.015362 -0.007012 -0.049101
v 0.016901 -0.005450 -0.049587
v 0.019011 -0.004273 -0.049179
v 0.019856 -0.002688 -0.047904
v 0.021266 -0.001811 -0.046913
v 0.021346 -0.003099 -0.049027
v 0.023121 -0.001617 -0.047811
v 0.023720 -0.001705 -0.048293
v 0.024885 0.000640 -0.046859
v 0.023329 0.000343 -0.044533
v 0.026754 0.000821 -0.048665
v 0.026599 0.002293 -0.047248
v 0.024950 0.001534 -0.043861
v 0.026369 0.002615 -0.043600
v 0.027084 0.003888 -0.043571
v 0.028212 0.003927 -0.048452
v 0.027194 0.003409 -0.046806
v 0.029675 0.005450 -0.049731
v 0.030475 0.003518 -0.053470
v 0.028100 0.002554 -0.049340
v 0.028254 -0.000446 -0.052908
v 0.029893 0.002607 -0.052878
v 0.029838 0.000809 -0.055903
v 0.030365 0.001742 -0.057195
v 0.030736 0.003273 -0.059907
v 0.031356 0.001232 -0.059772
v 0.030689 -0.000271 -0.058737
v 0.031679 -0.000131 -0.061140
v 0.031495 0.001550 -0.061134
v 0.031306 -0.000109 -0.061856
v 0.031078 0.001368 -0.061812
v 0.030453 0.002891 -0.061812
v 0.030211 -0.000707 -0.061737
v 0.030668 0.004705 -0.061519
v 0.031157 0.004219 -0.058203
v 0.031539 0.004487 -0.058878
v 0.027511 -0.004857 -0.061866
v 0.025047 -0.005535 -0.061730
v 0.018344 -0.008493 -0.061752
v 0.012640 -0.015590 -0.061747
v 0.015710 -0.012605 -0.061832
v 0.010303 -0.006003 -0.061755
v 0.021628 -0.008079 -0.061883
v 0.018083 -0.009863 -0.061838
v 0.018507 -0.009969 -0.058503
v 0.017862 -0.011558 -0.058989
v 0.016321 -0.012477 -0.061354
v 0.019277 -0.009218 -0.061527
v 0.021215 -0.008721 -0.059542
v 0.021472 -0.008612 -0.061288
v 0.019337 -0.008947 -0.057541
v 0.018082 -0.009493 -0.055592
v 0.019705 -0.008073 -0.056227
v 0.022213 -0.006860 -0.056268
v 0.023270 -0.007570 -0.058553
v 0.022908 -0.007879 -0.061233
v 0.024639 -0.006436 -0.061854
v 0.025935 -0.006012 -0.061310
v 0.024399 -0.006537 -0.057459
v 0.025907 -0.005262 -0.057330
v 0.024928 -0.005506 -0.056254
v 0.022961 -0.005864 -0.055348
v 0.024671 -0.004499 -0.054138
v 0.023236 -0.004421 -0.050838
v 0.022113 -0.005454 -0.052237
v 0.024319 -0.003506 -0.050298
v 0.025774 -0.003351 -0.053173
v 0.026530 -0.003940 -0.056029
v 0.028171 -0.003728 -0.058902
v 0.027744 -0.005084 -0.060804
v 0.028223 -0.002235 -0.056033
v 0.027404 -0.001828 -0.053346
v 0.026796 -0.000360 -0.049774
v 0.026099 -0.001675 -0.050299
v 0.028931 -0.000720 -0.055114
v 0.029554 -0.001201 -0.056611
v 0.030515 -0.001995 -0.060773
v 0.029451 -0.003396 -0.060971
v 0.028496 -0.004131 -0.060987
v 0.029629 -0.002890 -0.061759
v 0.024807 -0.001625 -0.048840
v 0.023513 -0.003430 -0.049696
v 0.020341 -0.006908 -0.052966
v 0.020789 -0.005345 -0.051575
v 0.021671 -0.006424 -0.053526
v 0.019214 -0.005950 -0.051161
v 0.020885 -0.004150 -0.050287
v 0.017317 -0.007090 -0.051369
v 0.019104 -0.007398 -0.052981
v 0.017799 -0.008250 -0.053181
v 0.017095 -0.009268 -0.053208
v 0.015904 -0.009581 -0.051153
v 0.016459 -0.011426 -0.055541
v 0.017418 -0.011175 -0.056567
v 0.015085 -0.012947 -0.055768
v 0.014155 -0.011325 -0.051032
v 0.013778 -0.012916 -0.053784
v 0.013190 -0.011518 -0.050269
v 0.012341 -0.012554 -0.050454
v 0.013482 -0.010215 -0.049245
v 0.010189 -0.010861 -0.047415
v 0.010723 -0.012627 -0.048824
v 0.012948 -0.009378 -0.048482
v 0.015632 -0.008033 -0.049635
v 0.010968 -0.009205 -0.047078
v 0.012155 -0.008621 -0.047818
v 0.009564 -0.009585 -0.046334
v 0.010219 -0.007020 -0.045230
v 0.011327 -0.005935 -0.045546
v 0.012230 -0.004364 -0.046339
v 0.010479 -0.004517 -0.044633
v 0.011857 -0.002403 -0.045510
v 0.010523 -0.001260 -0.044704
v 0.008947 -0.001481 -0.042934
v 0.008777 -0.006178 -0.042842
v 0.008427 -0.008239 -0.044026
v 0.007356 -0.007924 -0.040458
v 0.008009 -0.006387 -0.041434
v 0.008165 -0.001521 -0.041770
v 0.010631 0.000460 -0.043637
v 0.008487 0.000485 -0.040406
v 0.007840 -0.001204 -0.040322
v 0.008270 0.000265 -0.038807
v 0.007590 -0.001895 -0.037701
v 0.007841 -0.000992 -0.037202
v 0.007221 -0.000946 -0.034562
v 0.008457 -0.000432 -0.036580
v 0.009403 0.001063 -0.038676
v 0.009357 0.000024 -0.036654
v 0.008646 -0.000046 -0.032655
v 0.007573 -0.000050 -0.031577
v 0.008469 -0.000214 -0.030553
v 0.010764 -0.000151 -0.031785
v 0.011434 -0.001168 -0.029916
v 0.009422 -0.001319 -0.028934
v 0.012458 -0.000253 -0.032956
v 0.014461 0.000021 -0.036774
v 0.018421 -0.000018 -0.034494
v 0.012611 0.000207 -0.037120
v 0.013429 0.000838 -0.039639
v 0.012440 0.000333 -0.043877
v 0.012329 0.001397 -0.039455
v 0.010827 0.001439 -0.041270
v 0.012105 -0.000406 -0.044959
v 0.012475 -0.002199 -0.045776
v 0.013823 -0.003927 -0.047299
v 0.007889 -0.001273 -0.027447
v 0.010133 -0.002984 -0.025794
v 0.011559 -0.004034 -0.023981
v 0.008560 -0.002988 -0.025319
v 0.007240 -0.004146 -0.023924
v 0.006222 -0.002058 -0.026258
v 0.005256 -0.004452 -0.023019
v 0.006119 -0.000617 -0.027543
v 0.005702 -0.001528 -0.026878
v 0.004992 -0.002961 -0.026451
v 0.005268 -0.003225 -0.025195
v 0.004320 -0.004314 -0.023768
v 0.004696 -0.004353 -0.023199
v 0.005559 -0.006375 -0.023008
v 0.004142 -0.006139 -0.024018
v 0.003868 -0.005393 -0.025191
v 0.004488 -0.008563 -0.023004
v 0.003453 -0.007963 -0.024228
v 0.003145 -0.009705 -0.024295
v 0.002742 -0.007469 -0.027162
v 0.001815 -0.009069 -0.028254
v 0.003266 -0.005806 -0.028071
v 0.003020 -0.006965 -0.029071
v 0.002375 -0.009028 -0.030151
v 0.003360 -0.008685 -0.031491
v 0.004570 -0.006863 -0.032394
v 0.004300 -0.004475 -0.029602
v 0.004946 -0.004614 -0.032171
v 0.004372 -0.003766 -0.028020
v 0.004764 -0.003014 -0.031223
v 0.005829 -0.002713 -0.033148
v 0.005841 -0.001260 -0.032197
v 0.005008 -0.001280 -0.027985
v 0.005895 -0.000671 -0.030383
v 0.006703 -0.000353 -0.029182
v 0.006492 -0.002850 -0.035932
v 0.007614 -0.006071 -0.037984
v 0.005811 -0.005563 -0.034493
v 0.005530 -0.008210 -0.034056
v 0.006452 -0.006834 -0.036023
v 0.006292 -0.007628 -0.035966
v 0.005785 -0.009407 -0.035655
v 0.006239 -0.009779 -0.040043
v 0.007183 -0.009226 -0.043766
v 0.005865 -0.012292 -0.040416
v 0.006351 -0.010365 -0.043473
v 0.005918 -0.011642 -0.043017
v 0.005718 -0.012652 -0.044769
v 0.004985 -0.013526 -0.043963
v 0.006290 -0.011197 -0.044188
v 0.007396 -0.013162 -0.048011
v 0.007890 -0.010840 -0.045903
v 0.007182 -0.014721 -0.049017
v 0.009110 -0.013419 -0.049043
v 0.005653 -0.014238 -0.047391
v 0.004592 -0.016518 -0.047806
v 0.005770 -0.015958 -0.048955
v 0.004779 -0.015113 -0.046408
v 0.004295 -0.016093 -0.044145
v 0.003947 -0.017111 -0.040801
v 0.004605 -0.015278 -0.040040
v 0.002785 -0.019070 -0.044240
v 0.001163 -0.020194 -0.049061
v 0.002183 -0.019446 -0.041328
v 0.003091 -0.018671 -0.041254
v 0.003356 -0.018707 -0.046970
v 0.003692 -0.018103 -0.049827
v 0.000272 -0.020359 -0.042790
v -0.001289 -0.021241 -0.047789
v -0.001205 -0.021119 -0.042654
v -0.004402 -0.021226 -0.038012
v -0.004693 -0.021239 -0.047572
v 0.000707 -0.020224 -0.049939
v -0.001814 -0.021029 -0.049772
v -0.005841 -0.020911 -0.048502
v -0.003911 -0.020771 -0.049537
v -0.002218 -0.019769 -0.052678
v -0.001538 -0.019925 -0.052309
v -0.000697 -0.019433 -0.055094
v 0.001660 -0.019639 -0.054775
v 0.000376 -0.019677 -0.051482
v 0.001419 -0.019172 -0.051718
v 0.002305 -0.019207 -0.049483
v 0.002841 -0.018508 -0.052035
v 0.003731 -0.018513 -0.054020
v 0.004018 -0.018514 -0.056149
v 0.005052 -0.017776 -0.052023
v 0.006190 -0.018036 -0.053569
v 0.006522 -0.018371 -0.056599
v 0.007894 -0.017985 -0.055403
v 0.007417 -0.018516 -0.059372
v 0.008067 -0.015995 -0.051171
v 0.008890 -0.017475 -0.055591
v 0.010367 -0.014508 -0.051952
v 0.010115 -0.016227 -0.055328
v 0.011395 -0.016491 -0.057001
v 0.014147 -0.015721 -0.060950
v 0.012496 -0.015382 -0.055959
v 0.012268 -0.016713 -0.061124
v 0.010154 -0.017671 -0.057884
v 0.010207 -0.017715 -0.061301
v 0.009146 -0.018191 -0.059244
v 0.008167 -0.017980 -0.059924
v 0.007338 -0.016903 -0.061255
v 0.006774 -0.017668 -0.060622
v 0.009370 -0.017466 -0.061820
v 0.013711 -0.015641 -0.061881
v 0.007228 -0.015736 -0.061768
v 0.005603 -0.015696 -0.061223
v 0.005564 -0.013874 -0.061656
v 0.005996 -0.016984 -0.060491
v 0.005623 -0.010800 -0.061758
v 0.005524 -0.011892 -0.061652
v 0.003257 -0.008560 -0.061766
v 0.003361 -0.009290 -0.061546
v 0.001262 -0.006569 -0.061761
v 0.008741 -0.005523 -0.061760
v 0.002734 0.004951 -0.061747
v 0.009249 -0.006099 -0.061687
v 0.004241 -0.010752 -0.061327
v 0.004436 -0.012548 -0.060488
v 0.002838 -0.010827 -0.060475
v 0.002803 -0.012485 -0.060491
v 0.000181 -0.014370 -0.060532
v 0.001355 -0.011652 -0.060515
v 0.002897 -0.016625 -0.060535
v 0.000479 -0.015489 -0.060509
v -0.001810 -0.017229 -0.059490
v 0.002192 -0.017375 -0.060013
v -0.001382 -0.015184 -0.060630
v 0.000451 -0.017389 -0.059420
v -0.001605 -0.017876 -0.058444
v 0.001463 -0.017952 -0.058632
v -0.001333 -0.018836 -0.055939
v -0.003490 -0.018651 -0.054093
v -0.004789 -0.018067 -0.054101
v -0.002879 -0.017443 -0.058534
v -0.006075 -0.019035 -0.052142
v -0.007453 -0.018787 -0.051120
v -0.007287 -0.020511 -0.048078
v -0.005887 -0.016994 -0.054541
v -0.006950 -0.016290 -0.054006
v -0.004950 -0.015449 -0.058285
v -0.005859 -0.015454 -0.056263
v -0.006845 -0.012533 -0.056011
v -0.005445 -0.014061 -0.058424
v -0.004947 -0.012018 -0.059548
v -0.004383 -0.013236 -0.059797
v -0.002322 -0.014492 -0.059932
v -0.004193 -0.011339 -0.059943
v -0.002414 -0.013100 -0.059881
v -0.004023 -0.015563 -0.058889
v -0.002885 -0.015775 -0.059767
v -0.001375 -0.012217 -0.059107
v -0.002736 -0.011254 -0.059828
v -0.000552 -0.012817 -0.059741
v -0.001713 -0.011179 -0.059245
v 0.000067 -0.013123 -0.059821
v -0.002545 -0.010564 -0.059377
v -0.001445 -0.008251 -0.060438
v -0.000196 -0.009391 -0.060487
v -0.000056 -0.007706 -0.060570
v 0.001358 -0.007794 -0.061333
v 0.001351 -0.009298 -0.060544
v 0.001568 -0.010543 -0.060627
v 0.000044 -0.006693 -0.061205
v -0.000901 -0.005941 -0.061067
v -0.000350 -0.004547 -0.061717
v -0.000540 -0.000269 -0.061498
v 0.000156 0.000813 -0.061808
v 0.000254 0.002073 -0.061509
v 0.001508 0.004362 -0.061852
v 0.000822 0.005051 -0.057755
v -0.000315 0.004039 -0.055384
v 0.002763 0.006035 -0.061897
v 0.001506 0.004970 -0.061254
v -0.000189 0.003367 -0.058670
v -0.000657 0.002337 -0.059182
v -0.001218 -0.000238 -0.060421
v -0.001916 0.001700 -0.057907
v -0.001031 0.002960 -0.054743
v -0.001937 0.001973 -0.054346
v -0.002029 0.000440 -0.059506
v -0.003401 -0.002381 -0.059546
v -0.002784 -0.000050 -0.058445
v -0.002806 0.000230 -0.053989
v -0.003261 -0.001403 -0.058062
v -0.002918 -0.001710 -0.054934
v -0.004222 -0.003523 -0.057437
v -0.005473 -0.005586 -0.056428
v -0.004596 -0.004526 -0.057902
v -0.003795 -0.003273 -0.054796
v -0.004509 -0.004173 -0.053339
v -0.005668 -0.006301 -0.053962
v -0.003237 -0.001909 -0.053612
v -0.004734 -0.001412 -0.050082
v -0.005229 -0.004681 -0.052486
v -0.005789 -0.003673 -0.050827
v -0.006111 -0.006435 -0.053260
v -0.007323 -0.007140 -0.052910
v -0.006069 -0.007878 -0.054483
v -0.007057 -0.009430 -0.053837
v -0.006943 -0.005517 -0.052135
v -0.007579 -0.008155 -0.053044
v -0.008880 -0.010765 -0.054302
v -0.009084 -0.008225 -0.053105
v -0.011630 -0.009061 -0.054925
v -0.009397 -0.006748 -0.053045
v -0.010302 -0.010811 -0.054971
v -0.012057 -0.012146 -0.053533
v -0.012904 -0.009635 -0.054720
v -0.010359 -0.012081 -0.054103
v -0.008936 -0.012248 -0.054488
v -0.009039 -0.014048 -0.053262
v -0.008052 -0.012216 -0.055281
v -0.007298 -0.014666 -0.054403
v -0.007011 -0.010774 -0.055230
v -0.005850 -0.010483 -0.057669
v -0.004957 -0.010705 -0.059166
v -0.005619 -0.008717 -0.058202
v -0.005545 -0.007434 -0.057340
v -0.004648 -0.006560 -0.058265
v -0.003974 -0.008142 -0.059292
v -0.002317 -0.007996 -0.060072
v -0.003265 -0.007274 -0.059666
v -0.003650 -0.010133 -0.059204
v -0.001567 -0.001558 -0.060510
v -0.008567 -0.016853 -0.052262
v -0.010254 -0.015520 -0.052329
v -0.013064 -0.015672 -0.051545
v -0.011598 -0.016949 -0.050702
v -0.013258 -0.013779 -0.052391
v -0.013517 -0.011871 -0.053204
v -0.015454 -0.013911 -0.052272
v -0.015464 -0.011762 -0.053225
v -0.017684 -0.011995 -0.052545
v -0.016708 -0.010827 -0.053857
v -0.018973 -0.011053 -0.053020
v -0.018720 -0.009409 -0.053865
v -0.016719 -0.009323 -0.054895
v -0.018298 -0.007746 -0.054816
v -0.011992 -0.007987 -0.054881
v -0.016245 -0.002243 -0.054882
v -0.018141 -0.004368 -0.054907
v -0.020325 -0.002831 -0.052928
v -0.016525 -0.000885 -0.054005
v -0.018629 -0.001703 -0.053272
v -0.019894 -0.004574 -0.053718
v -0.019591 -0.007345 -0.053948
v -0.020791 -0.008382 -0.053094
v -0.020612 -0.005887 -0.053075
v -0.021979 -0.007272 -0.052715
v -0.021051 -0.005199 -0.052486
v -0.023031 -0.006719 -0.052179
v -0.021760 -0.004732 -0.052102
v -0.024310 -0.005873 -0.050757
v -0.022983 -0.003365 -0.050721
v -0.021518 -0.002649 -0.052145
v -0.021946 -0.001324 -0.050773
v -0.020165 -0.001035 -0.052186
v -0.019141 0.000611 -0.051382
v -0.018656 0.000348 -0.051928
v -0.021562 0.000382 -0.049208
v -0.023196 0.000536 -0.047963
v -0.019693 0.001678 -0.048842
v -0.021561 0.001807 -0.047782
v -0.023490 -0.001575 -0.049364
v -0.026003 -0.003227 -0.048862
v -0.025235 -0.004297 -0.049550
v -0.024178 -0.001143 -0.048707
v -0.025783 -0.001172 -0.048184
v -0.028527 -0.002810 -0.047371
v -0.027421 -0.001261 -0.046840
v -0.027286 -0.002885 -0.047990
v -0.025414 0.000319 -0.047279
v -0.024706 0.001788 -0.045417
v -0.027160 0.000409 -0.045248
v -0.029177 0.001071 -0.042175
v -0.029853 0.000048 -0.043688
v -0.031160 -0.001076 -0.044574
v -0.029837 -0.001669 -0.046147
v -0.031850 0.000345 -0.042532
v -0.032788 0.000713 -0.040923
v -0.033504 -0.001126 -0.043466
v -0.030134 0.001684 -0.040521
v -0.028613 0.002540 -0.039953
v -0.031860 0.001753 -0.038316
v -0.034555 0.001786 -0.035546
v -0.031996 0.002684 -0.036023
v -0.033591 0.000960 -0.039860
v -0.035329 -0.000559 -0.041152
v -0.034981 -0.001806 -0.042789
v -0.035952 -0.000103 -0.039954
v -0.036009 0.001317 -0.036243
v -0.038332 0.001723 -0.030622
v -0.039140 0.000452 -0.036741
v -0.038047 0.001334 -0.035444
v -0.036899 0.000288 -0.037938
v -0.036392 0.001729 -0.032731
v -0.039800 0.001548 -0.030001
v -0.038249 0.002806 -0.028114
v -0.040525 0.001325 -0.033114
v -0.041774 0.001534 -0.027538
v -0.044494 0.001547 -0.027386
v -0.040522 0.002736 -0.025879
v -0.043814 0.001398 -0.032284
v -0.042864 0.002921 -0.024622
v -0.043994 0.002817 -0.024914
v -0.045882 0.002058 -0.023124
v -0.043916 0.002922 -0.019742
v -0.045838 0.001326 -0.027576
v -0.045802 0.000727 -0.030121
v -0.046504 0.000851 -0.026625
v -0.046487 0.000863 -0.018032
v -0.047192 0.000327 -0.027485
v -0.047350 0.000171 -0.015922
v -0.047409 -0.000451 -0.028453
v -0.047539 -0.000266 -0.024658
v -0.046668 -0.000484 -0.030318
v -0.047325 -0.000227 -0.022062
v -0.047903 -0.004745 -0.024536
v -0.047347 -0.005869 -0.022575
v -0.047331 -0.001004 -0.014527
v -0.047884 -0.001120 -0.024646
v -0.047923 -0.001270 -0.029896
v -0.047203 -0.001380 -0.033624
v -0.047889 -0.005114 -0.030097
v -0.047466 -0.005527 -0.031792
v -0.047182 -0.002748 -0.035363
v -0.047334 -0.006242 -0.034064
v -0.047312 -0.007955 -0.026071
v -0.047138 -0.006458 -0.035435
v -0.047308 -0.008391 -0.032091
v -0.047270 -0.009544 -0.027749
v -0.047136 -0.009519 -0.031150
v -0.046271 -0.007777 -0.035375
v -0.046439 -0.009909 -0.031692
v -0.045462 -0.012258 -0.030826
v -0.045646 -0.011395 -0.032051
v -0.046475 -0.010162 -0.027546
v -0.046525 -0.008485 -0.024960
v -0.045469 -0.011929 -0.026140
v -0.045468 -0.016268 -0.015157
v -0.045487 -0.010486 -0.024188
v -0.045494 -0.010478 -0.015856
v -0.045466 -0.015383 -0.034539
v -0.045396 -0.016901 -0.031781
v -0.045352 -0.015360 -0.038430
v -0.044241 -0.017818 -0.034805
v -0.044392 -0.017113 -0.039037
v -0.045451 -0.009763 -0.037451
v -0.045644 -0.007679 -0.037642
v -0.045170 -0.008417 -0.038992
v -0.044859 -0.005716 -0.039567
v -0.044709 -0.015589 -0.039843
v -0.044331 -0.010517 -0.040224
v -0.042745 -0.018651 -0.041091
v -0.042770 -0.016629 -0.041502
v -0.042722 -0.011511 -0.041548
v -0.042072 -0.009478 -0.041221
v -0.040859 -0.009915 -0.041889
v -0.041638 -0.012169 -0.042124
v -0.043106 -0.010499 -0.040979
v -0.041965 -0.005506 -0.041227
v -0.042905 -0.005844 -0.040992
v -0.044323 -0.005461 -0.040268
v -0.041736 -0.003927 -0.041004
v -0.044482 -0.004454 -0.039854
v -0.039104 -0.002756 -0.041400
v -0.042237 -0.002859 -0.040152
v -0.039865 -0.001106 -0.040089
v -0.041411 -0.001055 -0.038969
v -0.039660 -0.000221 -0.038610
v -0.037979 -0.000672 -0.040256
v -0.038935 -0.001122 -0.040338
v -0.036815 -0.001942 -0.041964
v -0.036963 -0.003130 -0.043247
v -0.037873 -0.004223 -0.043338
v -0.036586 -0.004565 -0.044264
v -0.038864 -0.005875 -0.042667
v -0.036577 -0.005968 -0.044203
v -0.034807 -0.003636 -0.044172
v -0.034853 -0.004876 -0.044816
v -0.031631 -0.002816 -0.045174
v -0.033900 -0.004770 -0.045004
v -0.032461 -0.004402 -0.045568
v -0.031587 -0.005276 -0.046315
v -0.033200 -0.006499 -0.045604
v -0.032240 -0.009186 -0.047162
v -0.031531 -0.008768 -0.047393
v -0.029884 -0.004820 -0.047248
v -0.034408 -0.008410 -0.045638
v -0.035344 -0.012051 -0.045415
v -0.034334 -0.013030 -0.045691
v -0.034246 -0.006878 -0.045402
v -0.035293 -0.008642 -0.045435
v -0.035791 -0.008566 -0.045033
v -0.036437 -0.012607 -0.044875
v -0.035822 -0.006912 -0.044678
v -0.036947 -0.008958 -0.044713
v -0.037689 -0.012767 -0.044287
v -0.038371 -0.009049 -0.044066
v -0.040436 -0.011300 -0.042620
v -0.039480 -0.008956 -0.043287
v -0.038075 -0.019105 -0.044276
v -0.039229 -0.018279 -0.043464
v -0.040972 -0.020410 -0.043085
v -0.040578 -0.018261 -0.042554
v -0.041535 -0.019024 -0.042190
v -0.041075 -0.021329 -0.042940
v -0.042531 -0.019950 -0.040815
v -0.043232 -0.019335 -0.039196
v -0.041997 -0.021908 -0.040400
v -0.041382 -0.023214 -0.040000
v -0.042342 -0.021660 -0.036010
v -0.040589 -0.023661 -0.043115
v -0.039572 -0.023030 -0.044263
v -0.039525 -0.024695 -0.043102
v -0.040612 -0.024934 -0.041521
v -0.040581 -0.025247 -0.036600
v -0.041267 -0.023681 -0.036407
v -0.039676 -0.025722 -0.041379
v -0.031548 -0.025599 -0.041600
v -0.031818 -0.024691 -0.043123
v -0.035962 -0.025863 -0.040523
v -0.039563 -0.026058 -0.037711
v -0.038063 -0.026119 -0.037314
v -0.037889 -0.027053 -0.034987
v -0.036500 -0.026010 -0.036187
v -0.036157 -0.026978 -0.034307
v -0.034359 -0.026121 -0.037629
v -0.031803 -0.027211 -0.035747
v -0.033338 -0.027338 -0.035449
v -0.031528 -0.026173 -0.037811
v -0.029521 -0.025871 -0.039820
v -0.028651 -0.026327 -0.038119
v -0.026809 -0.025642 -0.040135
v -0.028343 -0.023897 -0.043389
v -0.027958 -0.024609 -0.042083
v -0.026291 -0.026111 -0.036262
v -0.027047 -0.027291 -0.033871
v -0.021942 -0.025755 -0.036942
v -0.024275 -0.025775 -0.038702
v -0.024576 -0.025962 -0.034349
v -0.024270 -0.025917 -0.027896
v -0.016649 -0.025918 -0.035656
v -0.018204 -0.025793 -0.029876
v -0.021007 -0.025914 -0.026690
v -0.016352 -0.025785 -0.033938
v -0.017496 -0.025728 -0.036848
v -0.016495 -0.024915 -0.037901
v -0.014474 -0.024751 -0.036006
v -0.015085 -0.025150 -0.033995
v -0.014107 -0.024344 -0.031167
v -0.016536 -0.024651 -0.028740
v -0.019533 -0.025649 -0.027924
v -0.018085 -0.024690 -0.027018
v -0.015030 -0.024175 -0.026627
v -0.018046 -0.024233 -0.023713
v -0.019402 -0.024170 -0.021073
v -0.017287 -0.022614 -0.019797
v -0.014951 -0.023021 -0.023976
v -0.016595 -0.023068 -0.022599
v -0.013052 -0.022287 -0.024823
v -0.013408 -0.023133 -0.026203
v -0.014760 -0.021500 -0.019777
v -0.016698 -0.020983 -0.015927
v -0.013623 -0.021066 -0.017461
v -0.011927 -0.021031 -0.020956
v -0.012057 -0.021511 -0.023958
v -0.016896 -0.021694 -0.018374
v -0.019533 -0.021650 -0.015288
v -0.019194 -0.022845 -0.018703
v -0.020536 -0.022373 -0.016376
v -0.022057 -0.022913 -0.017539
v -0.023539 -0.023787 -0.018650
v -0.025531 -0.024267 -0.018161
v -0.025962 -0.023273 -0.015987
v -0.025573 -0.025416 -0.021676
v -0.023251 -0.021760 -0.015026
v -0.022852 -0.024925 -0.021794
v -0.021755 -0.024108 -0.019983
v -0.019809 -0.024811 -0.023997
v -0.023234 -0.025780 -0.023376
v -0.021077 -0.025675 -0.024806
v -0.026285 -0.025999 -0.024165
v -0.028295 -0.026287 -0.025356
v -0.027327 -0.025788 -0.021116
v -0.031640 -0.025693 -0.023382
v -0.029141 -0.025594 -0.022049
v -0.030373 -0.026195 -0.025772
v -0.025064 -0.026152 -0.026551
v -0.026655 -0.026348 -0.025594
v -0.027248 -0.027405 -0.028009
v -0.029385 -0.027299 -0.027421
v -0.029302 -0.027417 -0.035244
v -0.030045 -0.027369 -0.032489
v -0.032895 -0.026124 -0.028170
v -0.031442 -0.026793 -0.028912
v -0.032567 -0.027171 -0.030267
v -0.034903 -0.027342 -0.030551
v -0.036798 -0.026876 -0.032131
v -0.036230 -0.026153 -0.028468
v -0.036180 -0.027232 -0.033299
v -0.037995 -0.027164 -0.033417
v -0.038012 -0.025994 -0.031071
v -0.039671 -0.025924 -0.031292
v -0.039610 -0.026690 -0.034591
v -0.040571 -0.025518 -0.033386
v -0.041684 -0.024553 -0.033084
v -0.040826 -0.024940 -0.029662
v -0.042163 -0.023504 -0.031841
v -0.041877 -0.022594 -0.029475
v -0.041547 -0.023784 -0.026405
v -0.040822 -0.025095 -0.025712
v -0.039551 -0.025830 -0.025530
v -0.041372 -0.023348 -0.024531
v -0.039578 -0.024610 -0.023185
v -0.036406 -0.025696 -0.025233
v -0.041485 -0.023106 -0.019804
v -0.039553 -0.024236 -0.019792
v -0.036122 -0.024655 -0.023275
v -0.032647 -0.024267 -0.019952
v -0.033689 -0.025741 -0.024102
v -0.033922 -0.024755 -0.022447
v -0.030412 -0.024881 -0.021184
v -0.030211 -0.023028 -0.017589
v -0.027357 -0.024046 -0.017630
v -0.026608 -0.024928 -0.019593
v -0.029219 -0.022519 -0.015388
v -0.035444 -0.022412 -0.015069
v -0.024634 -0.021262 -0.012749
v -0.025450 -0.022144 -0.014768
v -0.035039 -0.021163 -0.012554
v -0.037731 -0.020334 -0.009097
v -0.037914 -0.022563 -0.013520
v -0.035201 -0.020271 -0.010719
v -0.024149 -0.019932 -0.010332
v -0.033062 -0.018970 -0.009585
v -0.024113 -0.020506 -0.011156
v -0.035616 -0.018750 -0.008919
v -0.038429 -0.018544 -0.007695
v -0.032067 -0.016398 -0.008542
v -0.034081 -0.016683 -0.007952
v -0.035848 -0.017593 -0.008107
v -0.034013 -0.018414 -0.008783
v -0.031847 -0.017270 -0.008835
v -0.031418 -0.018639 -0.009447
v -0.028503 -0.017964 -0.009229
v -0.028426 -0.017058 -0.008701
v -0.026230 -0.015049 -0.008678
v -0.026714 -0.016004 -0.008746
v -0.028530 -0.016262 -0.008512
v -0.032118 -0.015490 -0.007968
v -0.028477 -0.015526 -0.008030
v -0.027202 -0.014435 -0.007991
v -0.024552 -0.012474 -0.007969
v -0.029688 -0.011058 -0.008002
v -0.022171 -0.010369 -0.008012
v -0.025077 -0.013522 -0.008591
v -0.019919 -0.013331 -0.008527
v -0.024339 -0.014192 -0.008749
v -0.019240 -0.014113 -0.008722
v -0.024758 -0.015108 -0.009303
v -0.017641 -0.015055 -0.008802
v -0.019591 -0.014922 -0.009227
v -0.019015 -0.015480 -0.009279
v -0.020814 -0.018138 -0.010181
v -0.022330 -0.016962 -0.009227
v -0.018175 -0.016659 -0.010072
v -0.020692 -0.016620 -0.009206
v -0.019331 -0.018947 -0.011302
v -0.015631 -0.014370 -0.008440
v -0.013951 -0.016784 -0.010301
v -0.014722 -0.016097 -0.009603
v -0.017820 -0.017760 -0.011229
v -0.019415 -0.020317 -0.012179
v -0.014936 -0.018135 -0.011949
v -0.017052 -0.019195 -0.012460
v -0.013905 -0.018856 -0.014004
v -0.015959 -0.020141 -0.014668
v -0.019072 -0.020705 -0.012935
v -0.012994 -0.020399 -0.016137
v -0.011551 -0.019684 -0.015586
v -0.009992 -0.020082 -0.021166
v -0.009758 -0.019924 -0.020049
v -0.010568 -0.020614 -0.025367
v -0.010565 -0.021664 -0.027768
v -0.008620 -0.020477 -0.028892
v -0.008650 -0.019627 -0.025165
v -0.006693 -0.018463 -0.026691
v -0.007718 -0.019181 -0.028070
v -0.008257 -0.019605 -0.022817
v -0.009744 -0.020145 -0.017005
v -0.007871 -0.019990 -0.021735
v -0.006360 -0.018474 -0.024218
v -0.005916 -0.018698 -0.023499
v -0.006796 -0.020167 -0.022007
v -0.004478 -0.021209 -0.020249
v -0.006127 -0.021052 -0.020542
v -0.003558 -0.020280 -0.021817
v -0.003483 -0.019158 -0.022847
v -0.003928 -0.017966 -0.025017
v -0.002852 -0.018256 -0.023897
v -0.001271 -0.018797 -0.022481
v 0.000347 -0.020054 -0.018378
v 0.000903 -0.018669 -0.020359
v -0.001376 -0.021060 -0.017960
v 0.002398 -0.017234 -0.020254
v 0.001468 -0.015725 -0.022790
v -0.000728 -0.017022 -0.023430
v 0.000808 -0.015532 -0.023345
v -0.001619 -0.015677 -0.025729
v 0.000479 -0.013615 -0.025699
v 0.001509 -0.013271 -0.024366
v 0.002422 -0.013553 -0.023219
v 0.003452 -0.014401 -0.022084
v 0.002683 -0.011063 -0.024178
v 0.004985 -0.010412 -0.022513
v 0.004650 -0.012777 -0.022218
v 0.005579 -0.013903 -0.020488
v 0.005657 -0.011307 -0.022081
v 0.009088 -0.008831 -0.021583
v 0.007884 -0.011700 -0.020514
v 0.007555 -0.008903 -0.022195
v 0.007580 -0.007997 -0.022454
v 0.006606 -0.007857 -0.023065
v 0.010581 -0.007077 -0.022222
v 0.008633 -0.006743 -0.022918
v 0.004452 -0.009968 -0.023025
v 0.010955 -0.005200 -0.023184
v 0.007295 -0.005804 -0.023002
v 0.012083 -0.005883 -0.022062
v 0.012678 -0.007194 -0.020016
v 0.013648 -0.005706 -0.019992
v 0.014766 -0.005693 -0.017637
v 0.015765 -0.006053 -0.014022
v 0.013084 -0.008321 -0.018354
v 0.014349 -0.008454 -0.014427
v 0.015476 -0.008483 -0.010021
v 0.015970 -0.007232 -0.012207
v 0.014275 -0.009527 -0.012643
v 0.012936 -0.010310 -0.015252
v 0.011284 -0.011578 -0.016984
v 0.011280 -0.010207 -0.018476
v 0.012548 -0.011146 -0.015107
v 0.013205 -0.010839 -0.010716
v 0.014857 -0.009981 -0.009874
v 0.013013 -0.011117 -0.007821
v 0.012081 -0.011600 -0.014180
v 0.008582 -0.013045 -0.016589
v 0.009092 -0.013093 -0.014538
v 0.009996 -0.012622 -0.003427
v 0.012682 -0.011153 -0.003158
v 0.008794 -0.013345 -0.000698
v 0.010543 -0.011908 -0.001150
v 0.011996 -0.010847 -0.001315
v 0.011122 -0.010347 0.000836
v 0.009039 -0.012168 0.001239
v 0.011811 -0.009119 0.000088
v 0.008124 -0.013111 0.001264
v 0.006294 -0.014882 0.000672
v 0.006082 -0.014219 0.002007
v 0.004700 -0.013032 0.004657
v 0.007714 -0.015078 -0.001124
v 0.007360 -0.015959 -0.001704
v 0.008098 -0.014347 -0.003214
v 0.006260 -0.016142 -0.005556
v 0.006763 -0.015154 -0.008544
v 0.008191 -0.014115 -0.009969
v 0.006390 -0.014811 -0.011432
v 0.007983 -0.014260 -0.014563
v 0.006811 -0.014886 -0.014350
v 0.007082 -0.014023 -0.016360
v 0.005559 -0.015405 -0.014511
v 0.005618 -0.014559 -0.019391
v 0.008057 -0.012293 -0.019335
v 0.009345 -0.011103 -0.019554
v 0.009331 -0.009867 -0.020722
v 0.011122 -0.008570 -0.020257
v 0.004308 -0.016160 -0.018582
v 0.003514 -0.017203 -0.011229
v 0.004285 -0.016203 -0.009975
v 0.003520 -0.017197 -0.018122
v 0.002695 -0.017769 -0.012652
v 0.002662 -0.017788 -0.018242
v 0.002018 -0.018697 -0.018128
v 0.002002 -0.018709 -0.013362
v 0.000776 -0.019677 -0.012061
v 0.003838 -0.017629 -0.008763
v 0.002791 -0.018385 -0.008802
v 0.001780 -0.019302 -0.010310
v 0.001548 -0.018727 -0.008586
v 0.000441 -0.019580 -0.010619
v -0.003165 -0.018690 -0.008589
v -0.000670 -0.020484 -0.012703
v -0.002824 -0.020609 -0.012625
v -0.001324 -0.021518 -0.014393
v -0.002938 -0.021696 -0.013725
v -0.004408 -0.021773 -0.014297
v -0.002963 -0.022258 -0.015685
v -0.003126 -0.021908 -0.017913
v -0.004284 -0.022337 -0.016616
v -0.005517 -0.021567 -0.014666
v -0.005814 -0.021505 -0.017022
v -0.007956 -0.021098 -0.016833
v -0.007775 -0.020989 -0.014863
v -0.010348 -0.019760 -0.015385
v -0.005902 -0.020792 -0.012313
v -0.006190 -0.020111 -0.011006
v -0.008314 -0.020141 -0.013228
v -0.007714 -0.019208 -0.009022
v -0.009399 -0.019165 -0.010880
v -0.011081 -0.017413 -0.008917
v -0.010641 -0.016860 -0.007628
v -0.010994 -0.018589 -0.011955
v -0.011907 -0.018763 -0.013813
v -0.012138 -0.017134 -0.009980
v -0.012026 -0.017991 -0.012758
v -0.012392 -0.015253 -0.007200
v -0.013281 -0.015825 -0.008887
v -0.013511 -0.014706 -0.007742
v -0.015351 -0.011409 -0.002835
v -0.011228 -0.014702 -0.005106
v -0.012371 -0.012991 -0.003151
v -0.013474 -0.011960 -0.001989
v -0.016172 -0.012901 -0.007008
v -0.016416 -0.013211 -0.007548
v -0.018385 -0.012052 -0.007773
v -0.020283 -0.012321 -0.008005
v -0.020315 -0.010098 -0.006854
v -0.017175 -0.011713 -0.006739
v -0.020669 -0.011467 -0.007868
v -0.017415 -0.010710 -0.004822
v -0.019038 -0.009569 -0.004886
v -0.017775 -0.007769 -0.001816
v -0.016494 -0.009603 -0.002299
v -0.019747 -0.007133 -0.003252
v -0.020214 -0.008497 -0.004932
v -0.021121 -0.008958 -0.006883
v -0.022668 -0.007496 -0.007397
v -0.021904 -0.006924 -0.005032
v -0.023854 -0.006369 -0.007268
v -0.022391 -0.004915 -0.003996
v -0.023116 -0.005886 -0.005219
v -0.024531 -0.004496 -0.006968
v -0.023428 -0.004819 -0.004830
v -0.023428 -0.002795 -0.004819
v -0.022178 -0.002552 -0.003781
v -0.022240 0.000221 -0.005495
v -0.021066 -0.000193 -0.002968
v -0.020831 -0.001816 -0.002347
v -0.020929 -0.004739 -0.002421
v -0.020948 0.001802 -0.002706
v -0.020520 0.003187 -0.002997
v -0.021901 0.002535 -0.006485
v -0.023846 0.000187 -0.007815
v -0.022654 0.003932 -0.007809
v -0.022523 0.006217 -0.007785
v -0.020388 0.004436 -0.003465
v -0.020287 0.006191 -0.003329
v -0.018331 0.007790 -0.002256
v -0.021227 0.007707 -0.005729
v -0.020095 0.007795 -0.004081
v -0.018364 0.010116 -0.004856
v -0.019901 0.009554 -0.005804
v -0.019988 0.009506 -0.010419
v -0.021852 0.007828 -0.007734
v -0.022692 0.006335 -0.009298
v -0.021599 0.008030 -0.010627
v -0.021100 0.007279 -0.012493
v -0.022134 0.006100 -0.012793
v -0.020362 0.008248 -0.012775
v -0.022965 0.004834 -0.010650
v -0.022512 0.005848 -0.013535
v -0.024138 0.005742 -0.015147
v -0.024365 0.004836 -0.013915
v -0.026094 0.003510 -0.013281
v -0.023770 0.004282 -0.011991
v -0.025104 0.006064 -0.015949
v -0.026353 0.004869 -0.015044
v -0.027341 0.003244 -0.013577
v -0.027509 0.005235 -0.015404
v -0.026109 0.006208 -0.016695
v -0.028649 0.004351 -0.014836
v -0.031696 0.003494 -0.013768
v -0.030486 0.004662 -0.015791
v -0.028959 0.005309 -0.016003
v -0.033186 0.004404 -0.015823
v -0.032381 0.005007 -0.019646
v -0.033710 0.004534 -0.017636
v -0.033018 0.004700 -0.024613
v -0.030397 0.006091 -0.024338
v -0.030390 0.005995 -0.019463
v -0.027218 0.006352 -0.017657
v -0.028708 0.006154 -0.019285
v -0.028878 0.006104 -0.027160
v -0.026909 0.007115 -0.021159
v -0.025983 0.008314 -0.023506
v -0.026580 0.007290 -0.027397
v -0.024243 0.008500 -0.027444
v -0.023883 0.008290 -0.030232
v -0.027099 0.006759 -0.030039
v -0.023902 0.009232 -0.025008
v -0.023492 0.009491 -0.022739
v -0.022969 0.009671 -0.028187
v -0.022025 0.010356 -0.027985
v -0.022011 0.010934 -0.023897
v -0.020845 0.010523 -0.029039
v -0.022561 0.008881 -0.030666
v -0.021478 0.009532 -0.031749
v -0.020534 0.011731 -0.026434
v -0.020393 0.012930 -0.024324
v -0.019745 0.011593 -0.028722
v -0.017499 0.011478 -0.033382
v -0.019507 0.011026 -0.030852
v -0.020367 0.009279 -0.033570
v -0.019220 0.009856 -0.033271
v -0.019626 0.008438 -0.037346
v -0.019846 0.008678 -0.036660
v -0.016974 0.010468 -0.035501
v -0.014423 0.010109 -0.037601
v -0.016724 0.008863 -0.037963
v -0.015450 0.011392 -0.035539
v -0.015183 0.008385 -0.039866
v -0.017037 0.007479 -0.040342
v -0.019808 0.006860 -0.040508
v -0.018131 0.006917 -0.041111
v -0.013477 0.007066 -0.040856
v -0.014210 0.008872 -0.038907
v -0.011291 0.007225 -0.039174
v -0.011960 0.005681 -0.041744
v -0.013386 0.005615 -0.043725
v -0.018850 0.005345 -0.044075
v -0.015043 0.004691 -0.045682
v -0.011915 0.004787 -0.044362
v -0.016876 0.004684 -0.045594
v -0.018774 0.003989 -0.045636
v -0.016628 0.003451 -0.048129
v -0.018190 0.002491 -0.048702
v -0.019413 0.002784 -0.046919
v -0.016296 0.001824 -0.050624
v -0.015830 0.002699 -0.048979
v -0.014974 0.003476 -0.048056
v -0.013706 0.002140 -0.049537
v -0.015673 0.000665 -0.052417
v -0.012756 0.003082 -0.046951
v -0.011484 0.001790 -0.048255
v -0.010607 0.000361 -0.049589
v -0.012519 0.000455 -0.051541
v -0.012358 -0.000687 -0.052468
v -0.014167 -0.001266 -0.053892
v -0.012446 -0.002093 -0.053824
v -0.011494 -0.001605 -0.052654
v -0.010667 -0.001617 -0.051792
v -0.009247 -0.003535 -0.052129
v -0.008954 -0.001214 -0.049539
v -0.007667 0.000660 -0.047420
v -0.007734 -0.001654 -0.049298
v -0.007768 -0.002917 -0.050329
v -0.009181 0.000653 -0.048015
v -0.009150 0.002741 -0.043760
v -0.010069 0.002076 -0.046255
v -0.011274 0.003802 -0.045121
v -0.011047 0.004898 -0.041648
v -0.009059 0.003867 -0.041529
v -0.007736 0.003721 -0.041156
v -0.007779 0.005113 -0.040070
v -0.009562 0.004961 -0.040677
v -0.009228 0.005944 -0.039110
v -0.011459 0.008103 -0.038436
v -0.012816 0.009782 -0.037858
v -0.011535 0.010874 -0.037181
v -0.005125 0.005292 -0.040495
v -0.005659 0.004073 -0.041424
v -0.005330 0.003091 -0.043329
v -0.004120 0.004253 -0.045421
v -0.004881 0.002777 -0.044337
v -0.005755 0.002198 -0.044272
v -0.004932 0.001462 -0.047291
v -0.005771 0.000606 -0.047484
v -0.004537 -0.000063 -0.048940
v -0.004128 0.001683 -0.048753
v -0.005790 -0.001661 -0.049282
v -0.003406 0.002831 -0.049839
v -0.002327 0.002090 -0.052640
v -0.003213 0.000465 -0.051350
v -0.003245 0.004334 -0.047702
v -0.002506 0.004589 -0.049948
v -0.002419 0.007939 -0.048617
v -0.003220 0.006778 -0.046083
v -0.001388 0.005466 -0.051513
v -0.000458 0.005163 -0.053702
v 0.000840 0.007156 -0.054430
v -0.000863 0.008048 -0.050165
v 0.000030 0.009828 -0.048601
v 0.000087 0.007767 -0.052235
v 0.001238 0.010009 -0.050214
v 0.001401 0.008172 -0.053934
v 0.003238 0.008261 -0.056512
v 0.002864 0.008946 -0.054098
v 0.003647 0.010447 -0.051758
v 0.004338 0.010777 -0.048248
v 0.001834 0.010604 -0.048535
v 0.006531 0.010423 -0.052039
v 0.004649 0.009560 -0.053645
v 0.006963 0.008847 -0.055310
v 0.004584 0.008748 -0.056656
v 0.007767 0.009954 -0.052867
v 0.008193 0.011135 -0.051778
v 0.008109 0.008710 -0.055718
v 0.009175 0.010327 -0.053276
v 0.009192 0.012183 -0.051912
v 0.010569 0.010698 -0.054955
v 0.010985 0.012406 -0.054080
v 0.009682 0.014295 -0.052510
v 0.011691 0.011607 -0.055198
v 0.013392 0.013571 -0.056111
v 0.012590 0.014903 -0.054225
v 0.013741 0.015492 -0.056058
v 0.011954 0.015247 -0.053663
v 0.013202 0.016678 -0.055152
v 0.014311 0.016680 -0.056304
v 0.014342 0.018549 -0.056627
v 0.011946 0.018643 -0.055086
v 0.010406 0.016301 -0.053092
v 0.010720 0.018735 -0.054010
v 0.011097 0.020318 -0.056226
v 0.009767 0.020261 -0.053971
v 0.009164 0.018640 -0.052314
v 0.008768 0.021935 -0.053721
v 0.008343 0.020893 -0.052756
v 0.009283 0.021865 -0.054955
v 0.008466 0.022963 -0.058514
v 0.007845 0.023676 -0.053717
v 0.009998 0.021840 -0.058344
v 0.011253 0.021195 -0.058242
v 0.009328 0.022620 -0.059508
v 0.009245 0.024677 -0.060920
v 0.014001 0.022289 -0.059700
v 0.010787 0.023800 -0.060341
v 0.007139 0.024398 -0.059649
v 0.006174 0.025754 -0.058860
v 0.006527 0.025765 -0.059786
v 0.006100 0.025609 -0.057261
v 0.008096 0.025839 -0.060913
v 0.007171 0.024005 -0.057160
v 0.006636 0.025767 -0.054349
v 0.006165 0.027009 -0.053852
v 0.006707 0.025300 -0.052804
v 0.005455 0.023096 -0.050158
v 0.006050 0.026189 -0.052804
v 0.007841 0.022891 -0.052723
v 0.006699 0.022826 -0.051325
v 0.006022 0.021052 -0.050661
v 0.007262 0.021111 -0.052034
v 0.007645 0.018486 -0.050707
v 0.006524 0.014821 -0.049521
v 0.008974 0.014774 -0.052118
v 0.008096 0.015129 -0.051117
v 0.006539 0.018457 -0.049480
v 0.005624 0.014849 -0.048856
v 0.005587 0.018862 -0.048885
v 0.004901 0.021432 -0.049325
v 0.004200 0.019855 -0.047900
v 0.003901 0.018300 -0.047406
v 0.002513 0.017144 -0.044225
v 0.001749 0.018229 -0.043017
v 0.003870 0.016282 -0.047349
v 0.002918 0.019648 -0.045860
v 0.001540 0.021944 -0.044126
v 0.003152 0.021489 -0.046840
v 0.002176 0.022819 -0.045219
v 0.003612 0.023874 -0.048575
v 0.004032 0.021784 -0.048558
v 0.002152 0.024444 -0.046276
v 0.003935 0.026982 -0.050612
v 0.004675 0.025325 -0.050712
v -0.000067 0.022355 -0.041430
v -0.000406 0.022321 -0.038007
v 0.000942 0.021630 -0.041951
v 0.001490 0.019846 -0.039463
v 0.001661 0.020024 -0.042899
v 0.000921 0.019896 -0.038114
v 0.001517 0.017305 -0.039466
v 0.001004 0.013842 -0.038256
v 0.001882 0.015504 -0.039720
v 0.002840 0.015081 -0.041413
v 0.002351 0.013421 -0.039766
v 0.002135 0.011556 -0.041630
v 0.002881 0.013606 -0.040911
v 0.000997 0.011925 -0.039111
v -0.000084 0.010781 -0.038365
v 0.000799 0.011062 -0.040875
v 0.000368 0.010698 -0.042167
v 0.003305 0.010712 -0.045937
v 0.004134 0.011782 -0.045465
v 0.002728 0.011310 -0.043593
v 0.003221 0.012215 -0.043674
v 0.004095 0.014074 -0.046140
v 0.003315 0.015373 -0.045214
v 0.005651 0.012398 -0.047669
v 0.006790 0.012111 -0.048369
v 0.005426 0.011498 -0.047772
v 0.006371 0.011038 -0.048980
v 0.008127 0.011929 -0.050085
v 0.008218 0.013408 -0.050341
v -0.000215 0.010497 -0.046019
v -0.000500 0.010151 -0.040202
v -0.002018 0.009226 -0.041270
v -0.001727 0.008586 -0.039588
v -0.001720 0.009726 -0.045433
v -0.001283 0.008750 -0.037663
v -0.001778 0.008712 -0.036092
v -0.003348 0.006823 -0.038978
v -0.002579 0.007306 -0.039422
v -0.003948 0.006728 -0.041610
v -0.003332 0.008015 -0.042006
v -0.003276 0.007861 -0.045170
v -0.004336 0.005788 -0.040300
v -0.004215 0.006412 -0.044291
v -0.004583 0.005146 -0.042488
v -0.001897 0.009239 -0.047212
v 0.005911 0.029013 -0.052875
v 0.006153 0.029117 -0.053927
v 0.006432 0.030560 -0.052818
v 0.006104 0.029226 -0.056470
v 0.007146 0.030877 -0.054402
v 0.006132 0.030762 -0.058209
v 0.006426 0.030732 -0.059598
v 0.007187 0.032265 -0.059336
v 0.007209 0.030433 -0.060373
v 0.008173 0.032998 -0.059213
v 0.008179 0.031526 -0.060547
v 0.008505 0.030619 -0.060630
v 0.009600 0.032669 -0.061758
v 0.011907 0.031528 -0.061794
v 0.015152 0.035105 -0.061727
v 0.011917 0.034690 -0.061870
v 0.014809 0.033153 -0.061782
v 0.010150 0.034141 -0.061378
v 0.008910 0.033928 -0.059055
v 0.014300 0.032099 -0.061246
v 0.015687 0.031893 -0.060498
v 0.020379 0.032769 -0.061485
v 0.021268 0.033374 -0.061832
v 0.019025 0.034995 -0.061807
v 0.025139 0.030684 -0.061775
v 0.023536 0.031406 -0.061701
v 0.021771 0.031365 -0.061275
v 0.019747 0.030208 -0.060508
v 0.021002 0.031722 -0.061277
v 0.022644 0.030338 -0.060483
v 0.023415 0.028279 -0.060947
v 0.023774 0.030243 -0.061113
v 0.022670 0.024421 -0.060484
v 0.018563 0.024896 -0.060526
v 0.016533 0.025582 -0.060526
v 0.023529 0.024583 -0.061081
v 0.022579 0.023020 -0.060457
v 0.019604 0.023079 -0.060529
v 0.018196 0.020983 -0.060213
v 0.018653 0.022447 -0.059984
v 0.017928 0.023588 -0.059815
v 0.019796 0.022203 -0.061048
v 0.021264 0.021904 -0.061631
v 0.020236 0.021020 -0.061817
v 0.018088 0.018661 -0.060003
v 0.020463 0.019191 -0.061753
v 0.023421 0.021779 -0.061759
v 0.025195 0.022887 -0.061764
v 0.024091 0.022908 -0.061189
v 0.025255 0.024283 -0.061755
v 0.025460 0.027617 -0.061749
v 0.023880 0.025915 -0.061632
v 0.024116 0.027401 -0.061795
v 0.025141 0.028982 -0.061770
v 0.020871 0.016159 -0.061780
v 0.019759 0.017467 -0.061600
v 0.019861 0.015186 -0.060803
v 0.018397 0.015080 -0.060741
v 0.017343 0.016985 -0.060047
v 0.016124 0.012528 -0.059621
v 0.017505 0.013093 -0.060201
v 0.016996 0.018920 -0.059591
v 0.016429 0.017362 -0.059623
v 0.016390 0.015394 -0.059677
v 0.014853 0.012869 -0.058395
v 0.015590 0.016392 -0.058646
v 0.014442 0.014905 -0.058126
v 0.015502 0.018162 -0.058313
v 0.014439 0.019522 -0.058183
v 0.015635 0.020507 -0.059195
v 0.013004 0.021678 -0.059247
v 0.014386 0.021804 -0.059283
v 0.016734 0.022894 -0.059129
v 0.016454 0.023815 -0.059735
v 0.014041 0.023298 -0.060017
v 0.016605 0.024660 -0.059926
v 0.014260 0.024199 -0.060558
v 0.012618 0.024631 -0.060501
v 0.011616 0.024911 -0.061131
v 0.012595 0.029151 -0.060478
v 0.011732 0.028305 -0.061013
v 0.015199 0.030164 -0.060512
v 0.008016 0.029261 -0.060456
v 0.014629 0.031046 -0.061076
v 0.013163 0.030561 -0.060647
v 0.009365 0.027772 -0.061249
v 0.008371 0.028188 -0.061118
v 0.010056 0.026619 -0.061893
v 0.010885 0.025781 -0.061289
v 0.010837 0.027483 -0.061319
v 0.016962 0.020968 -0.059708
v 0.014881 0.011887 -0.058928
v 0.013655 0.011739 -0.057064
v 0.012672 0.011427 -0.056005
v 0.012512 0.009733 -0.059654
v 0.012372 0.010317 -0.056582
v 0.011343 0.009447 -0.057009
v 0.010110 0.009710 -0.056027
v 0.011783 0.008413 -0.060268
v 0.009413 0.007146 -0.058951
v 0.006758 0.007163 -0.059726
v 0.008688 0.007348 -0.058492
v 0.009625 0.005859 -0.060075
v 0.008142 0.005781 -0.060321
v 0.007223 0.005235 -0.061623
v 0.009349 0.004671 -0.061477
v 0.010140 0.005074 -0.061583
v 0.011011 0.006827 -0.061537
v 0.011613 0.006997 -0.061816
v 0.013722 0.007536 -0.061394
v 0.013862 0.007041 -0.061759
v 0.013718 0.008926 -0.060805
v 0.015481 0.010035 -0.061810
v 0.015088 0.010924 -0.060196
v 0.017039 0.011536 -0.060767
v 0.018199 0.010858 -0.061210
v 0.018669 0.012067 -0.060894
v 0.018053 0.009832 -0.061776
v 0.020327 0.012043 -0.061758
v 0.019558 0.013554 -0.061281
v 0.020413 0.013600 -0.061814
v 0.021400 0.014977 -0.061407
v 0.018839 0.014322 -0.061112
v 0.006540 0.004984 -0.061786
v 0.005550 0.006255 -0.061721
v 0.004604 0.006644 -0.061484
v 0.004493 0.007373 -0.059397
v 0.003139 0.007125 -0.058315
v 0.001984 0.005784 -0.058800
v 0.007516 0.007945 -0.056999
v 0.019673 0.031939 -0.060521
v -0.008110 -0.005278 -0.052047
v -0.007218 -0.004533 -0.051110
v -0.011562 -0.003959 -0.053854
v -0.010374 -0.005939 -0.053765
v -0.011972 -0.005977 -0.054890
v -0.013164 -0.004473 -0.054884
v -0.013553 -0.003049 -0.054901
v -0.015421 -0.000691 -0.053906
v -0.017299 0.000392 -0.052257
v -0.021497 0.003200 -0.045816
v -0.020933 0.004095 -0.044637
v -0.024397 0.002919 -0.043266
v -0.026901 0.002648 -0.041120
v -0.024897 0.003916 -0.041053
v -0.022057 0.005226 -0.041373
v -0.023043 0.005970 -0.039059
v -0.019778 0.006054 -0.041763
v -0.024396 0.004726 -0.040452
v -0.025466 0.004403 -0.038120
v -0.025094 0.005303 -0.036862
v -0.027151 0.003469 -0.038069
v -0.028961 0.004774 -0.033847
v -0.023730 0.006684 -0.035067
v -0.025458 0.006083 -0.034227
v -0.027557 0.005599 -0.033708
v -0.030161 0.005156 -0.030274
v -0.030754 0.003574 -0.033174
v -0.029577 0.003658 -0.035133
v -0.033592 0.003242 -0.030574
v -0.032803 0.004386 -0.026441
v -0.034608 0.003221 -0.026780
v -0.036556 0.003052 -0.025263
v -0.035569 0.002809 -0.030714
v -0.035205 0.004181 -0.024126
v -0.036226 0.003884 -0.022693
v -0.034942 0.004645 -0.022230
v -0.035569 0.004366 -0.020321
v -0.037080 0.003363 -0.019908
v -0.034801 0.003547 -0.015900
v -0.033736 0.003170 -0.013953
v -0.035348 0.002117 -0.012355
v -0.036387 0.002673 -0.014494
v -0.037205 0.002948 -0.016363
v -0.039084 0.002688 -0.015656
v -0.038695 0.001486 -0.012962
v -0.037507 0.001143 -0.011928
v -0.042743 0.000676 -0.011079
v -0.040136 -0.000003 -0.010209
v -0.035461 0.000975 -0.011356
v -0.026844 0.001906 -0.012126
v -0.027079 0.000975 -0.011349
v -0.025570 0.001741 -0.011125
v -0.029679 -0.000198 -0.010031
v -0.027246 -0.000018 -0.010199
v -0.027812 -0.001783 -0.008957
v -0.025670 -0.000660 -0.008722
v -0.027248 -0.002641 -0.008582
v -0.026119 -0.002850 -0.008017
v -0.025175 -0.001653 -0.007852
v -0.023741 0.001951 -0.008631
v -0.023748 0.003188 -0.010627
v -0.025560 -0.005489 -0.008007
v -0.024309 -0.002286 -0.006726
v -0.035337 -0.006199 -0.008018
v -0.024092 -0.007414 -0.008023
v -0.028945 -0.003557 -0.007995
v -0.032957 -0.004277 -0.007990
v -0.030548 -0.002871 -0.007956
v -0.030145 -0.001590 -0.008605
v -0.030843 -0.001345 -0.008746
v -0.032921 -0.003416 -0.008553
v -0.033232 -0.002532 -0.008833
v -0.037749 -0.003437 -0.008533
v -0.038177 -0.002596 -0.008785
v -0.038808 -0.004332 -0.007982
v -0.040516 -0.005852 -0.006787
v -0.038293 -0.007356 -0.006753
v -0.037225 -0.004960 -0.007978
v -0.040896 -0.002796 -0.007880
v -0.038645 -0.000918 -0.009547
v -0.040467 -0.001284 -0.008838
v -0.042077 -0.002735 -0.007629
v -0.045631 -0.000849 -0.009234
v -0.047071 -0.001748 -0.009621
v -0.045659 -0.002809 -0.007595
v -0.044764 0.000306 -0.011405
v -0.046112 -0.000562 -0.010468
v -0.045667 0.001013 -0.014144
v -0.047340 -0.001294 -0.011536
v -0.047340 -0.004150 -0.009265
v -0.047160 -0.003511 -0.008212
v -0.047343 -0.007677 -0.013368
v -0.047349 -0.010595 -0.009002
v -0.047220 -0.011123 -0.010568
v -0.046288 -0.011023 -0.007722
v -0.047062 -0.009076 -0.007904
v -0.047144 -0.009917 -0.012633
v -0.046470 -0.011635 -0.009284
v -0.045472 -0.013534 -0.008313
v -0.046286 -0.011533 -0.012113
v -0.045469 -0.013222 -0.013106
v -0.046282 -0.009976 -0.013832
v -0.047133 -0.008079 -0.014571
v -0.046529 -0.008436 -0.015918
v -0.045450 -0.014714 -0.008959
v -0.045024 -0.015617 -0.008204
v -0.045101 -0.016303 -0.011509
v -0.043884 -0.019384 -0.012929
v -0.043196 -0.019024 -0.009483
v -0.045320 -0.017048 -0.013971
v -0.044531 -0.018580 -0.014890
v -0.044364 -0.018889 -0.025753
v -0.044111 -0.018896 -0.023720
v -0.042933 -0.021767 -0.031639
v -0.044537 -0.018564 -0.032076
v -0.043215 -0.019741 -0.022759
v -0.043128 -0.021369 -0.025704
v -0.042316 -0.021592 -0.022828
v -0.042131 -0.022452 -0.025919
v -0.043327 -0.019463 -0.016620
v -0.042142 -0.021835 -0.016705
v -0.042252 -0.021937 -0.013396
v -0.041013 -0.022909 -0.017959
v -0.043022 -0.020685 -0.012170
v -0.041831 -0.020282 -0.009415
v -0.041212 -0.021248 -0.011064
v -0.041057 -0.022577 -0.013558
v -0.041050 -0.020387 -0.009175
v -0.042360 -0.018568 -0.008175
v -0.041213 -0.018563 -0.007650
v -0.041168 -0.016938 -0.006762
v -0.038480 -0.017638 -0.007276
v -0.038686 -0.016744 -0.006714
v -0.036873 -0.015828 -0.007229
v -0.036081 -0.016798 -0.007952
v -0.035425 -0.015400 -0.007482
v -0.034092 -0.015107 -0.008050
v -0.034649 -0.013747 -0.007301
v -0.033941 -0.014026 -0.007462
v -0.032611 -0.012184 -0.007287
v -0.031578 -0.012787 -0.008031
v -0.031337 -0.010130 -0.008022
v -0.033208 -0.008374 -0.008022
v -0.033541 -0.011182 -0.006742
v -0.034272 -0.010598 -0.006751
v -0.035575 -0.013597 -0.006723
v -0.035638 -0.009170 -0.006727
v -0.037869 -0.013370 -0.006784
v -0.036785 -0.007750 -0.006798
v -0.034780 -0.007325 -0.007919
v -0.038489 -0.013542 -0.006650
v -0.038187 -0.012471 -0.006688
v -0.041082 -0.016340 -0.006775
v -0.042594 -0.015271 -0.005845
v -0.040539 -0.014075 -0.005750
v -0.042497 -0.016377 -0.006773
v -0.043655 -0.017296 -0.008343
v -0.043935 -0.014925 -0.006343
v -0.044541 -0.012451 -0.005869
v -0.042381 -0.013771 -0.004813
v -0.040869 -0.012627 -0.004902
v -0.042965 -0.012176 -0.004892
v -0.044296 -0.011010 -0.005032
v -0.044112 -0.009548 -0.004830
v -0.040896 -0.009001 -0.004848
v -0.040102 -0.008018 -0.005846
v -0.040671 -0.006626 -0.006472
v -0.043960 -0.008807 -0.004955
v -0.038700 -0.008795 -0.006365
v -0.045684 -0.009039 -0.005939
v -0.044350 -0.006890 -0.006294
v -0.045672 -0.006025 -0.006806
v -0.045641 -0.006926 -0.006572
v -0.046945 -0.004713 -0.007749
v -0.045498 -0.004412 -0.006696
v -0.041819 -0.004512 -0.006716
v -0.045566 -0.010923 -0.006213
v -0.038936 -0.022921 -0.017433
v -0.042788 -0.021822 -0.033677
v -0.043485 -0.019399 -0.036082
v -0.045754 0.001624 -0.018330
v -0.043445 0.001231 -0.012434
v -0.042736 0.001762 -0.015402
v -0.042065 0.002740 -0.016883
v -0.032124 -0.000894 -0.009534
v -0.022486 -0.008948 -0.007941
v -0.032143 0.002683 -0.013039
v -0.037975 0.002954 -0.022593
v -0.039592 0.002947 -0.025133
v -0.033625 0.002684 -0.034122
v -0.030632 0.003056 -0.035670
v -0.022006 0.007022 -0.037827
v -0.021836 0.008424 -0.033878
v -0.023060 0.007878 -0.033363
v -0.020751 0.013352 -0.021458
v -0.019947 0.013941 -0.024023
v -0.021500 0.012423 -0.022919
v -0.021936 0.012377 -0.020626
v -0.022917 0.010378 -0.020778
v -0.020623 0.013047 -0.019263
v -0.023587 0.008656 -0.017219
v -0.024122 0.008644 -0.020913
v -0.025533 0.007390 -0.018441
v -0.016217 -0.007603 0.000759
v -0.015519 -0.009496 -0.000261
v -0.014425 -0.011142 -0.001517
v -0.013701 -0.011178 0.001735
v -0.014252 -0.010167 0.002404
v -0.013954 -0.008330 0.004437
v -0.012197 -0.012753 0.001881
v -0.011492 -0.012786 0.002571
v -0.012313 -0.010237 0.003770
v -0.010975 -0.009265 0.005050
v -0.009952 -0.010528 0.004708
v -0.008264 -0.011026 0.004848
v -0.006500 -0.009880 0.006019
v -0.008630 -0.009341 0.006119
v -0.009318 -0.012853 0.003005
v -0.007302 -0.013639 0.002547
v -0.006528 -0.012508 0.004555
v -0.005396 -0.013183 0.003703
v -0.006102 -0.011082 0.005606
v -0.003628 -0.011125 0.005605
v -0.003207 -0.012562 0.004398
v -0.001143 -0.014368 0.002802
v 0.000165 -0.013271 0.005031
v -0.000266 -0.011377 0.006138
v -0.002127 -0.010823 0.006222
v -0.004268 -0.014772 0.002287
v -0.006866 -0.014838 -0.000073
v -0.000722 -0.015525 -0.000924
v 0.001334 -0.015063 0.001405
v -0.005085 -0.015483 -0.000692
v -0.005196 -0.016517 -0.002870
v -0.007676 -0.015989 -0.001720
v -0.007499 -0.017323 -0.005343
v -0.008839 -0.015847 -0.002311
v -0.009905 -0.015955 -0.005082
v -0.009645 -0.014663 -0.001698
v -0.010512 -0.014077 -0.001371
v -0.007968 -0.014114 0.000532
v -0.010723 -0.013536 0.001357
v -0.007311 -0.017984 -0.006797
v -0.011146 -0.015781 -0.006179
v -0.005945 -0.019227 -0.008351
v -0.006084 -0.017625 -0.006203
v -0.003560 -0.017910 -0.007581
v -0.004495 -0.016997 -0.005826
v -0.000664 -0.016955 -0.005609
v 0.002554 -0.017847 -0.007546
v 0.003762 -0.017309 -0.006328
v 0.001181 -0.016280 -0.004163
v 0.001614 -0.015377 -0.002406
v 0.004275 -0.016455 -0.002920
v -0.001348 -0.016453 -0.002657
v 0.006498 -0.016337 -0.001514
v 0.005522 -0.016527 -0.003314
v 0.004816 -0.017438 -0.006210
v 0.004072 -0.015510 -0.000958
v 0.004286 -0.014889 0.002791
v 0.001854 -0.013353 0.004901
v 0.003088 -0.013698 0.004669
v -0.000159 -0.012454 0.005631
v 0.005984 -0.016279 -0.006755
v 0.005513 -0.015476 -0.009603
v -0.004372 -0.019934 -0.010667
v -0.001535 -0.009421 0.007025
v -0.003633 -0.007787 0.007031
v -0.004214 -0.008693 0.006483
v -0.007473 -0.007814 0.006967
v -0.004498 -0.010138 0.005843
v -0.008823 -0.007518 0.006843
v -0.011578 -0.007246 0.005863
v 0.000477 -0.020300 -0.016118
v 0.001156 -0.019308 -0.017900
v 0.013391 -0.006259 -0.001139
v 0.012604 -0.009509 -0.000982
v 0.013149 -0.008032 -0.001491
v 0.014192 -0.007189 -0.004123
v 0.013492 -0.009579 -0.002838
v 0.014052 -0.009454 -0.004903
v 0.014980 -0.009536 -0.007327
v 0.014350 -0.010363 -0.008080
v 0.015053 -0.007630 -0.005942
v 0.015579 -0.006688 -0.008426
v 0.015957 -0.007424 -0.010191
v 0.013100 -0.003231 -0.001903
v 0.001671 -0.010848 -0.026878
v 0.000743 -0.012689 -0.026707
v 0.000821 -0.012525 -0.029475
v -0.000406 -0.013283 -0.028545
v -0.000904 -0.014185 -0.027492
v -0.001309 -0.015254 -0.030711
v -0.000989 -0.014373 -0.029632
v 0.000239 -0.013838 -0.030951
v 0.001887 -0.012378 -0.031024
v 0.001138 -0.014754 -0.032772
v -0.001680 -0.017664 -0.033026
v 0.000312 -0.017090 -0.033988
v 0.002252 -0.016938 -0.034687
v 0.003901 -0.013147 -0.033955
v 0.004372 -0.013801 -0.035504
v 0.003629 -0.011252 -0.032153
v 0.004450 -0.011742 -0.034003
v 0.004726 -0.010297 -0.033839
v 0.004865 -0.012203 -0.037685
v 0.005262 -0.013381 -0.040175
v 0.002643 -0.011249 -0.031166
v 0.001707 -0.010844 -0.029341
v 0.002567 -0.017219 -0.035409
v 0.002117 -0.018056 -0.036027
v 0.002221 -0.018738 -0.039290
v 0.000204 -0.019367 -0.036872
v -0.001261 -0.019410 -0.035282
v -0.001204 -0.020041 -0.038067
v -0.002969 -0.020111 -0.036480
v -0.003046 -0.021096 -0.038650
v -0.005657 -0.020709 -0.033655
v -0.004241 -0.019946 -0.034149
v -0.003239 -0.019340 -0.033954
v -0.004464 -0.017796 -0.031752
v -0.001439 -0.018738 -0.033961
v -0.005367 -0.018003 -0.027665
v -0.002417 -0.016406 -0.031179
v -0.003945 -0.017075 -0.030317
v -0.005438 -0.019039 -0.031950
v -0.006622 -0.020398 -0.032458
v -0.007127 -0.019751 -0.029985
v -0.006589 -0.021079 -0.033683
v -0.008399 -0.022064 -0.033869
v -0.009297 -0.022760 -0.036559
v -0.008879 -0.021535 -0.030797
v -0.009458 -0.022759 -0.034533
v -0.007162 -0.022622 -0.038305
v -0.005654 -0.021718 -0.037723
v -0.007353 -0.022747 -0.041854
v -0.010957 -0.022728 -0.041916
v -0.007413 -0.022499 -0.043241
v -0.005323 -0.021421 -0.044592
v -0.007351 -0.021387 -0.045506
v -0.014136 -0.022598 -0.042917
v -0.013919 -0.021609 -0.045042
v -0.010972 -0.020303 -0.047616
v -0.009066 -0.019941 -0.048434
v -0.011962 -0.017930 -0.049498
v -0.013695 -0.020397 -0.047467
v -0.015089 -0.018101 -0.049364
v -0.015697 -0.019672 -0.047609
v -0.016222 -0.020678 -0.045359
v -0.018214 -0.019579 -0.046847
v -0.015863 -0.021900 -0.044331
v -0.019385 -0.018603 -0.047712
v -0.022790 -0.018702 -0.047602
v -0.019899 -0.021894 -0.044315
v -0.028135 -0.021017 -0.045030
v -0.031908 -0.021249 -0.044880
v -0.032272 -0.022476 -0.044273
v -0.029653 -0.020028 -0.045509
v -0.027852 -0.022117 -0.044380
v -0.027160 -0.019818 -0.046385
v -0.026254 -0.022136 -0.043998
v -0.022827 -0.023244 -0.042905
v -0.026241 -0.023715 -0.042436
v -0.021646 -0.022639 -0.043385
v -0.019789 -0.023021 -0.042194
v -0.022487 -0.024264 -0.041123
v -0.023818 -0.024354 -0.041032
v -0.021413 -0.024806 -0.038782
v -0.020131 -0.024252 -0.039860
v -0.015079 -0.024049 -0.040279
v -0.017254 -0.024177 -0.039971
v -0.013678 -0.024228 -0.039340
v -0.013536 -0.023099 -0.041383
v -0.011902 -0.022959 -0.040163
v -0.011738 -0.024190 -0.035448
v -0.010918 -0.023734 -0.034999
v -0.012545 -0.023165 -0.029623
v -0.010073 -0.022042 -0.030267
v -0.027835 -0.018336 -0.047287
v -0.024097 -0.018393 -0.047611
v -0.024514 -0.016638 -0.048294
v -0.023752 -0.015876 -0.048994
v -0.022038 -0.017016 -0.049012
v -0.027484 -0.017095 -0.047488
v -0.029711 -0.016466 -0.047277
v -0.029758 -0.014798 -0.047483
v -0.028042 -0.014315 -0.048483
v -0.025842 -0.015616 -0.048688
v -0.025570 -0.013572 -0.049789
v -0.028349 -0.012953 -0.048725
v -0.026589 -0.012676 -0.049523
v -0.026559 -0.007493 -0.049565
v -0.025334 -0.011583 -0.050059
v -0.027817 -0.011266 -0.049129
v -0.028212 -0.007787 -0.048741
v -0.027265 -0.006628 -0.049144
v -0.027293 -0.004214 -0.048191
v -0.028729 -0.005687 -0.047995
v -0.025720 -0.005371 -0.049416
v -0.029721 -0.008836 -0.048145
v -0.030642 -0.008897 -0.047917
v -0.029156 -0.008907 -0.048540
v -0.030000 -0.012485 -0.048132
v -0.031357 -0.012775 -0.047464
v -0.032063 -0.013872 -0.047272
v -0.033792 -0.015357 -0.045699
v -0.032734 -0.015667 -0.046090
v -0.033583 -0.016286 -0.045516
v -0.031329 -0.018255 -0.045474
v -0.033681 -0.018144 -0.045535
v -0.032500 -0.019777 -0.045529
v -0.034588 -0.021039 -0.044231
v -0.033288 -0.022879 -0.044267
v -0.035118 -0.018497 -0.044833
v -0.036202 -0.018932 -0.044241
v -0.036329 -0.015008 -0.044209
v -0.034871 -0.014730 -0.044973
v -0.028651 -0.023257 -0.044127
v -0.029879 -0.006122 -0.047471
v -0.025233 -0.006452 -0.050096
v -0.024004 -0.010893 -0.050990
v -0.023378 -0.013698 -0.050137
v -0.023061 -0.010195 -0.052110
v -0.020840 -0.010662 -0.052954
v -0.021588 -0.009287 -0.052939
v -0.020701 -0.012401 -0.052193
v -0.019059 -0.013305 -0.051731
v -0.021289 -0.014339 -0.050355
v -0.016898 -0.015143 -0.051269
v -0.016694 -0.017394 -0.049808
v -0.015039 -0.015828 -0.051472
v -0.018968 -0.016639 -0.049344
v -0.020180 -0.015720 -0.049865
v -0.016854 -0.018805 -0.048786
v -0.014680 -0.016852 -0.050725
v -0.009589 -0.018533 -0.050333
v -0.002454 -0.015569 -0.028281
v -0.003246 -0.016181 -0.027900
v -0.003507 -0.017186 -0.026222
v -0.001859 -0.014791 -0.028009
v -0.021594 -0.020992 -0.013349
v -0.021779 -0.020289 -0.012202
v -0.022621 -0.018857 -0.010240
v -0.024088 -0.018281 -0.009225
v -0.029144 -0.027119 -0.036792
v -0.039479 -0.020990 -0.044289
v -0.039899 -0.006936 -0.042373
v -0.040394 -0.005682 -0.041932
v -0.038937 -0.004566 -0.042483
v -0.041185 -0.005492 -0.041687
v -0.041570 0.000258 -0.034655
v -0.041777 -0.000433 -0.037668
v -0.044123 0.000139 -0.034747
v -0.043986 -0.000887 -0.037471
v -0.045820 -0.003112 -0.037250
v -0.045910 -0.001101 -0.035798
v -0.044096 -0.002877 -0.039320
v -0.045809 0.000172 -0.033567
v -0.046325 -0.006075 -0.036477
v -0.042452 0.001176 -0.032737
v 0.002375 -0.018731 -0.056579
v 0.002986 -0.018699 -0.059471
v 0.003581 -0.018856 -0.057343
v 0.004544 -0.019392 -0.059648
v 0.004416 -0.018478 -0.060487
v 0.004661 -0.019660 -0.058805
v 0.006427 -0.018837 -0.059863
v 0.006782 -0.018940 -0.058820
v 0.004300 -0.016937 -0.060506
v 0.015006 -0.014431 -0.061507
v 0.016076 -0.013490 -0.059250
v 0.014725 -0.014476 -0.059548
v 0.013343 -0.014333 -0.055000
v 0.013576 -0.014831 -0.058196
v 0.011811 -0.014271 -0.053239
v 0.010957 -0.013567 -0.050668
v 0.017281 -0.012555 -0.058815
v 0.012626 -0.003778 -0.024164
v 0.030981 0.004857 -0.053130
v 0.025656 0.009187 -0.030711
v 0.026408 0.010449 -0.031708
v 0.027908 0.013563 -0.034199
v 0.027921 0.010857 -0.034160
v 0.029972 0.015005 -0.039312
v 0.030809 0.017038 -0.044178
v 0.030905 0.019672 -0.047159
v 0.029942 0.018541 -0.042267
v 0.032906 0.016985 -0.048495
v 0.031697 0.018667 -0.047630
v 0.029864 0.022114 -0.047934
v 0.032930 0.019458 -0.049176
v 0.031751 0.021400 -0.049827
v 0.031019 0.022853 -0.050712
v 0.032686 0.022931 -0.052353
v 0.033980 0.021081 -0.051889
v 0.035735 0.020682 -0.054262
v 0.034279 0.022782 -0.053172
v 0.034134 0.020029 -0.050799
v 0.034129 0.018610 -0.049710
v 0.034781 0.018348 -0.050735
v 0.033758 0.016654 -0.049251
v 0.034778 0.013956 -0.050680
v 0.035565 0.015789 -0.051481
v 0.035917 0.012993 -0.053379
v 0.034677 0.009622 -0.052688
v 0.037142 0.013188 -0.055799
v 0.037746 0.016529 -0.055546
v 0.036727 0.010680 -0.056479
v 0.037779 0.010235 -0.059778
v 0.037920 0.012489 -0.057473
v 0.038113 0.010563 -0.061186
v 0.038370 0.014029 -0.057871
v 0.038298 0.012965 -0.061083
v 0.039634 0.016679 -0.058792
v 0.038556 0.016634 -0.056594
v 0.039192 0.014977 -0.061114
v 0.038373 0.013720 -0.061563
v 0.039646 0.016777 -0.061273
v 0.038964 0.018289 -0.061063
v 0.038260 0.019745 -0.058431
v 0.038891 0.019901 -0.060965
v 0.038759 0.018008 -0.057635
v 0.037508 0.018436 -0.055691
v 0.037103 0.016861 -0.054298
v 0.036073 0.018979 -0.053603
v 0.036377 0.020711 -0.055690
v 0.035519 0.024371 -0.054277
v 0.036719 0.024532 -0.056423
v 0.037078 0.020609 -0.056557
v 0.037706 0.022662 -0.057900
v 0.037711 0.023716 -0.058698
v 0.039054 0.021453 -0.059350
v 0.039587 0.021154 -0.061574
v 0.039156 0.022265 -0.061265
v 0.037316 0.023802 -0.061324
v 0.038592 0.022253 -0.061851
v 0.036739 0.025212 -0.058340
v 0.036101 0.025565 -0.061245
v 0.035297 0.025418 -0.054645
v 0.033613 0.024768 -0.052824
v 0.031076 0.023821 -0.051479
v 0.031869 0.025564 -0.051839
v 0.028489 0.024417 -0.049372
v 0.029765 0.023090 -0.049150
v 0.036239 0.016508 -0.053061
v 0.028819 0.021658 -0.043397
v 0.029834 0.020196 -0.043892
v 0.027978 0.020322 -0.040501
v 0.029307 0.017437 -0.040317
v 0.024001 0.028137 -0.044911
v 0.013555 -0.000611 -0.002798
v 0.012329 0.011688 -0.000600
v 0.011225 0.009768 0.002164
v 0.011386 0.012052 0.001877
v 0.011990 0.013501 -0.000852
v 0.010319 0.013164 0.002065
v 0.010828 0.012600 0.002298
v 0.008825 0.012673 0.003682
v 0.006561 0.013315 0.004722
v 0.006314 0.012328 0.005907
v 0.008717 0.014010 0.001722
v 0.006401 0.011507 0.006237
v 0.004145 0.011375 0.007000
v 0.004712 0.010753 0.007065
v 0.005507 0.010359 0.006428
v 0.006303 0.009808 0.006423
v 0.007481 0.010684 0.005627
v 0.007120 0.009340 0.005765
v 0.004061 -0.004532 0.005732
v 0.005263 -0.004442 0.005741
v 0.010173 0.001925 0.002287
v -0.012305 0.004268 0.003861
v -0.014560 0.003342 0.003261
v -0.015851 0.002974 0.002323
v -0.016638 0.003523 0.001412
v -0.015869 0.001222 0.002520
vn -0.6712 -0.0208 -0.7410
vn 0.2796 0.1432 -0.9494
vn 0.3902 -0.0894 -0.9164
vn 0.1306 -0.3777 -0.9167
vn 0.2513 0.3146 -0.9154
vn 0.1619 0.1717 -0.9718
vn -0.2309 0.3623 -0.9030
vn -0.3835 0.4261 -0.8194
vn -0.1693 -0.4075 -0.8974
vn -0.1935 -0.1252 -0.9731
vn -0.1273 -0.3938 -0.9103
vn -0.3254 -0.2542 -0.9107
vn -0.0458 -0.1904 -0.9806
vn -0.0307 -0.0303 -0.9991
vn 0.2551 -0.2915 -0.9219
vn 0.1066 -0.0717 -0.9917
vn 0.5438 -0.2053 -0.8137
vn 0.7978 -0.0956 -0.5952
vn 0.2477 -0.2639 -0.9322
vn 0.7121 -0.2400 -0.6598
vn 0.4071 -0.2979 -0.8634
vn 0.5590 -0.3818 -0.7360
vn -0.1022 -0.3287 -0.9389
vn 0.3988 -0.4405 -0.8043
vn 0.1828 -0.2918 -0.9389
vn -0.2014 -0.0499 -0.9782
vn -0.5359 -0.0478 -0.8430
vn 0.0221 -0.5382 -0.8425
vn -0.3573 -0.2520 -0.8994
vn -0.1571 -0.3899 -0.9074
vn 0.1094 -0.3718 -0.9219
vn -0.0683 -0.4176 -0.9060
vn 0.1341 -0.3596 -0.9234
vn -0.2700 -0.6644 -0.6969
vn -0.3432 -0.4301 -0.8350
vn 0.4596 -0.4032 -0.7913
vn 0.2665 -0.6686 -0.6942
vn 0.4158 -0.7479 -0.5174
vn -0.3067 -0.7132 -0.6303
vn 0.4709 -0.6439 -0.6031
vn 0.2456 -0.6543 -0.7152
vn 0.1847 -0.7486 -0.6368
vn 0.3947 -0.7201 -0.5707
vn 0.5136 -0.8030 -0.3023
vn 0.5038 -0.7878 -0.3542
vn 0.6435 -0.7188 -0.2631
vn -0.0191 -0.9710 -0.2384
vn 0.3481 -0.8883 -0.2995
vn 0.4299 -0.8720 -0.2340
vn 0.7774 -0.6254 -0.0671
vn 0.7662 -0.6012 -0.2268
vn 0.8384 -0.5391 -0.0809
vn 0.7806 -0.6159 0.1063
vn 0.9041 -0.4116 0.1148
vn 0.8911 -0.4173 -0.1784
vn 0.9486 -0.3158 -0.0184
vn 0.8564 -0.4479 0.2567
vn 0.7327 -0.6572 0.1769
vn 0.9264 -0.3155 0.2056
vn 0.9182 -0.3121 0.2440
vn 0.9033 -0.4236 0.0676
vn 0.8911 -0.3809 0.2467
vn 0.9426 -0.2832 0.1767
vn 0.9644 -0.2560 0.0657
vn 0.6889 -0.6911 0.2187
vn 0.8516 -0.4244 0.3078
vn 0.9637 -0.2608 0.0568
vn 0.9855 -0.1627 0.0488
vn 0.4482 -0.8048 0.3891
vn 1.0000 -0.0055 0.0041
vn 0.9810 -0.1327 0.1418
vn -0.2742 -0.9540 0.1213
vn 0.9629 -0.2176 -0.1598
vn 0.9623 -0.1912 -0.1933
vn -0.0787 -0.6982 0.7116
vn 0.7805 -0.5611 0.2757
vn 0.7817 -0.5659 0.2621
vn 0.6859 -0.6335 0.3581
vn 0.9883 -0.0870 0.1249
vn 0.2657 -0.8436 0.4667
vn 0.8226 -0.4566 0.3388
vn 0.8001 -0.4553 0.3906
vn 0.8409 -0.4225 0.3381
vn 0.9814 -0.1640 0.0996
vn 0.7336 -0.5047 0.4551
vn 0.7350 -0.5178 0.4379
vn 0.7449 -0.5425 0.3882
vn 0.9665 -0.2145 0.1413
vn 0.8392 -0.4046 0.3633
vn -0.0359 -0.7820 0.6222
vn 0.7563 -0.5500 0.3543
vn 0.9635 -0.1212 0.2386
vn 0.8656 0.3449 0.3631
vn 0.8013 -0.2865 0.5252
vn 0.9982 0.0218 0.0551
vn 0.9522 0.2211 -0.2107
vn 0.9424 -0.2111 -0.2593
vn 0.7541 0.4382 -0.4892
vn 0.9240 -0.2441 -0.2943
vn 0.9993 0.0066 -0.0374
vn 0.9188 0.2367 0.3158
vn 0.6958 0.5504 0.4613
vn 0.7229 -0.4836 -0.4935
vn 0.8948 -0.2628 -0.3609
vn 0.6489 -0.5108 -0.5638
vn 0.9731 -0.1532 -0.1721
vn 0.7433 -0.4287 -0.5136
vn 0.7935 -0.4986 -0.3488
vn 0.9139 -0.3504 -0.2049
vn 0.9956 -0.0724 -0.0595
vn 0.9895 -0.1288 -0.0652
vn 0.8367 -0.4710 -0.2794
vn 0.7733 -0.5907 -0.2303
vn 0.9707 -0.1717 -0.1681
vn 0.8006 -0.4521 -0.3933
vn 0.9929 -0.0562 -0.1044
vn 0.9214 -0.2197 -0.3205
vn 0.9455 -0.2535 -0.2043
vn 0.9794 -0.1951 -0.0516
vn 0.9595 -0.2686 -0.0843
vn 0.6582 -0.5168 -0.5475
vn 0.6893 -0.4520 -0.5661
vn 0.6398 -0.6065 -0.4720
vn 0.6221 -0.4838 -0.6156
vn 0.9368 -0.2956 -0.1871
vn 0.6865 -0.6690 -0.2849
vn 0.7430 -0.6064 -0.2833
vn 0.9918 -0.1106 -0.0646
vn 0.9323 -0.3163 -0.1752
vn 0.7143 -0.5492 -0.4338
vn 0.6561 -0.6295 -0.4162
vn 0.9664 -0.2493 -0.0621
vn 0.9247 -0.2222 -0.3092
vn 0.7584 -0.5488 -0.3517
vn 0.7368 -0.5124 -0.4411
vn 0.9590 -0.2550 -0.1235
vn 0.7344 -0.6464 -0.2066
vn 0.7473 -0.5802 -0.3239
vn 0.6951 -0.7165 -0.0592
vn 0.7319 -0.6680 -0.1343
vn 0.9684 -0.1960 -0.1541
vn 0.7539 -0.5364 -0.3793
vn 0.9526 -0.2779 -0.1242
vn 0.8390 -0.5441 0.0022
vn 0.7322 -0.6810 -0.0088
vn 0.6286 -0.7755 -0.0580
vn 0.7302 -0.6830 0.0171
vn 0.7051 -0.7090 0.0127
vn 0.7450 -0.6670 -0.0042
vn 0.8523 -0.5164 0.0830
vn 0.7754 -0.6314 0.0041
vn 0.7502 -0.6290 0.2039
vn 0.7052 -0.7090 0.0005
vn 0.5782 -0.8159 0.0055
vn 0.6533 -0.7571 0.0016
vn 0.7528 -0.6579 0.0225
vn 0.7365 -0.6175 0.2763
vn 0.9196 -0.3630 0.1501
vn 0.7035 -0.7105 0.0172
vn 0.4839 -0.8327 0.2690
vn 0.8824 -0.4560 0.1162
vn 0.3246 -0.9450 0.0407
vn 0.5576 -0.7876 0.2623
vn 0.5740 -0.7985 0.1811
vn 0.6357 -0.7530 0.1703
vn 0.4040 -0.8852 0.2307
vn 0.2658 -0.9500 0.1641
vn 0.5981 -0.7038 0.3834
vn 0.0777 -0.8350 0.5448
vn 0.4486 -0.8628 0.2333
vn 0.0336 -0.9648 0.2609
vn 0.6795 -0.7066 0.1973
vn 0.6379 -0.7435 0.2006
vn 0.5904 -0.7334 0.3370
vn 0.3074 -0.8950 0.3231
vn 0.5313 -0.7556 0.3832
vn 0.4210 -0.8816 0.2134
vn 0.3644 -0.8963 0.2528
vn 0.1883 -0.9497 0.2504
vn 0.1184 -0.9064 0.4055
vn 0.1515 -0.9765 0.1535
vn 0.2390 -0.9338 0.2664
vn -0.0619 -0.9927 0.1035
vn -0.0962 -0.9756 0.1975
vn 0.6487 -0.7332 0.2040
vn 0.0123 -0.8704 0.4922
vn 0.2582 -0.7239 0.6398
vn -0.1926 -0.9734 0.1241
vn -0.4040 -0.8536 0.3289
vn 0.3433 -0.8781 0.3334
vn 0.4108 -0.8209 0.3967
vn -0.1778 -0.9440 0.2781
vn -0.3856 -0.8937 0.2294
vn -0.0578 -0.9834 0.1718
vn 0.2852 -0.9535 -0.0979
vn -0.2941 -0.9217 0.2529
vn -0.5531 -0.7630 0.3346
vn -0.6093 -0.6855 0.3986
vn -0.2079 -0.8814 0.4242
vn -0.5489 -0.7124 0.4372
vn -0.2207 -0.9594 0.1755
vn 0.0839 -0.9957 0.0388
vn -0.0760 -0.9780 0.1943
vn -0.3087 -0.8204 0.4812
vn 0.1330 -0.9359 0.3261
vn -0.4309 -0.8603 0.2723
vn -0.3798 -0.8880 0.2592
vn -0.3867 -0.8538 0.3485
vn -0.5660 -0.7552 0.3306
vn -0.5873 -0.7677 0.2565
vn -0.1013 -0.9922 0.0721
vn -0.3456 -0.8879 0.3035
vn -0.4800 -0.8037 0.3517
vn -0.5884 -0.6972 0.4095
vn -0.5024 -0.8163 0.2850
vn 0.2402 -0.9443 0.2251
vn 0.2610 -0.9292 0.2615
vn 0.0854 -0.9388 0.3338
vn -0.3628 -0.8807 0.3046
vn 0.2468 -0.9681 0.0428
vn 0.3940 -0.9154 0.0828
vn 0.2409 -0.8151 0.5269
vn 0.3222 -0.9383 0.1255
vn 0.2038 -0.9790 -0.0105
vn 0.1087 -0.9920 -0.0644
vn 0.2612 -0.9644 -0.0406
vn 0.0150 -0.8493 0.5277
vn 0.6442 -0.7220 0.2524
vn 0.5684 -0.7721 0.2842
vn -0.0499 -0.8705 0.4897
vn -0.1035 -0.9715 0.2135
vn 0.0376 -0.9913 0.1259
vn 0.1451 -0.9652 0.2175
vn 0.2332 -0.9716 0.0405
vn 0.6139 -0.7595 0.2150
vn 0.3895 -0.9094 0.1461
vn 0.6700 -0.7225 0.1705
vn 0.6601 -0.7501 0.0414
vn 0.1903 -0.9723 0.1358
vn 0.0018 -0.9833 0.1819
vn 0.6056 -0.7885 0.1069
vn 0.5612 -0.7954 0.2288
vn 0.1898 -0.9752 0.1138
vn 0.3790 -0.8976 0.2251
vn 0.2878 -0.9566 0.0459
vn 0.0240 -0.5451 0.8380
vn 0.3714 -0.8948 0.2479
vn 0.2445 -0.6209 0.7448
vn -0.2201 -0.3364 0.9156
vn -0.1461 -0.1826 0.9723
vn 0.2034 -0.3052 0.9303
vn -0.1923 -0.8681 0.4577
vn -0.0938 -0.9554 0.2799
vn -0.4566 -0.7906 0.4081
vn -0.0886 -0.9714 0.2201
vn -0.4180 -0.8733 0.2502
vn -0.6849 -0.5321 0.4977
vn -0.5340 -0.6775 0.5058
vn -0.4251 -0.4840 0.7648
vn -0.5109 -0.8146 0.2746
vn -0.5862 -0.7167 0.3778
vn -0.6338 -0.6629 0.3986
vn -0.2086 -0.2075 0.9557
vn -0.7180 -0.6491 0.2513
vn -0.5333 -0.3767 0.7575
vn -0.8304 -0.4578 0.3176
vn -0.7221 -0.6408 0.2605
vn 0.0232 0.0107 0.9997
vn -0.4850 -0.2572 0.8358
vn -0.6447 -0.6039 0.4687
vn -0.6320 -0.6573 0.4105
vn -0.5140 -0.2176 0.8297
vn -0.7304 -0.5766 0.3662
vn -0.8516 -0.4434 0.2796
vn -0.8664 -0.3203 0.3832
vn -0.7554 -0.5711 0.3213
vn -0.8168 -0.4973 0.2924
vn -0.7413 -0.5707 0.3532
vn -0.2263 -0.1812 0.9570
vn -0.5485 -0.3086 0.7771
vn -0.8407 -0.4451 0.3084
vn -0.7610 -0.5700 0.3099
vn -0.7518 -0.4399 0.4913
vn -0.7965 -0.1464 0.5867
vn -0.8588 -0.3738 0.3504
vn -0.8638 -0.4375 0.2498
vn -0.0608 -0.0699 0.9957
vn -0.3551 -0.3660 0.8602
vn -0.8754 -0.3557 0.3274
vn -0.8696 -0.2942 0.3965
vn -0.7481 -0.3809 0.5433
vn -0.9506 -0.2282 0.2105
vn -0.5326 -0.1086 0.8394
vn -0.8099 -0.5269 0.2576
vn -0.3967 0.0156 0.9178
vn -0.8154 -0.4521 0.3616
vn -0.8010 0.0485 0.5967
vn -0.9236 -0.1528 0.3516
vn -0.8764 -0.3905 0.2818
vn -0.9221 -0.2596 0.2870
vn -0.8813 -0.3140 0.3531
vn -0.7713 -0.4612 0.4387
vn -0.8389 -0.4259 0.3390
vn -0.9199 -0.3121 0.2374
vn -0.9000 -0.2603 0.3496
vn -0.7868 -0.5128 0.3435
vn -0.8677 -0.3843 0.3154
vn -0.8593 -0.3089 0.4077
vn -0.9740 -0.1919 0.1203
vn -0.8371 -0.4448 0.3186
vn -0.7520 -0.4791 0.4528
vn -0.8871 -0.2886 0.3603
vn -0.8968 -0.0901 0.4331
vn -0.9617 0.1512 0.2287
vn -0.9086 -0.1935 0.3701
vn -0.7904 -0.3532 0.5005
vn -0.8055 -0.3464 0.4807
vn -0.8341 0.2484 0.4925
vn -0.9831 0.0388 0.1791
vn -0.9324 -0.2794 0.2294
vn -0.5272 -0.6224 0.5785
vn -0.9435 -0.1335 0.3034
vn -0.7904 -0.4277 0.4387
vn -0.8831 -0.3684 0.2906
vn -0.7743 -0.5292 0.3470
vn -0.8950 -0.3102 0.3206
vn -0.8349 -0.3706 0.4069
vn -0.7965 -0.4036 0.4502
vn -0.8736 -0.3160 0.3701
vn -0.8618 -0.3798 0.3363
vn -0.7776 -0.5489 0.3067
vn -0.4833 -0.6404 0.5969
vn -0.7713 -0.5604 0.3018
vn -0.8368 -0.3624 0.4103
vn -0.8094 -0.5140 0.2838
vn -0.9111 -0.3274 0.2506
vn -0.7199 -0.5144 0.4660
vn -0.9122 -0.3334 0.2381
vn -0.8088 -0.4855 0.3319
vn -0.7452 -0.4361 0.5044
vn -0.7275 -0.6217 0.2904
vn -0.7586 -0.5271 0.3830
vn -0.7441 -0.5471 0.3835
vn -0.8902 -0.3225 0.3219
vn -0.7534 -0.5700 0.3278
vn -0.8814 -0.3770 0.2847
vn -0.7042 -0.6046 0.3722
vn -0.7156 -0.6717 0.1916
vn -0.7001 -0.6201 0.3539
vn -0.6993 -0.6342 0.3299
vn -0.7451 -0.6318 0.2137
vn -0.6596 -0.6424 0.3902
vn -0.6394 -0.6672 0.3821
vn -0.6635 -0.6276 0.4072
vn -0.7170 -0.5846 0.3796
vn -0.6803 -0.6971 0.2265
vn -0.6238 -0.7315 0.2752
vn -0.6725 -0.7046 0.2264
vn -0.6757 -0.6401 0.3658
vn -0.7099 -0.6069 0.3575
vn -0.5581 -0.7635 0.3248
vn -0.5939 -0.6808 0.4287
vn -0.5828 -0.7205 0.3758
vn -0.6073 -0.6715 0.4247
vn -0.6435 -0.6491 0.4056
vn -0.5739 -0.7308 0.3697
vn -0.5536 -0.7650 0.3292
vn -0.6798 -0.6311 0.3736
vn -0.7110 -0.5713 0.4100
vn -0.6304 -0.6141 0.4749
vn -0.6768 -0.6524 0.3410
vn -0.6260 -0.6726 0.3946
vn -0.6787 -0.6223 0.3899
vn -0.6750 -0.6025 0.4259
vn -0.6988 -0.6187 0.3590
vn -0.6790 -0.6299 0.3770
vn -0.6839 -0.6668 0.2960
vn -0.7874 -0.4976 0.3640
vn -0.7987 -0.3393 0.4970
vn -0.6224 -0.6373 0.4543
vn -0.6220 -0.6558 0.4279
vn -0.5958 -0.6847 0.4198
vn -0.7147 -0.5600 0.4191
vn -0.6283 -0.5920 0.5048
vn -0.5076 -0.5518 0.6617
vn -0.5922 -0.5710 0.5686
vn -0.5921 -0.6906 0.4153
vn -0.7277 -0.5824 0.3624
vn -0.4388 -0.7772 0.4509
vn -0.6511 -0.6800 0.3372
vn -0.6524 -0.6374 0.4099
vn -0.5418 -0.7701 0.3367
vn -0.3944 -0.8246 0.4057
vn -0.5160 -0.6542 0.5529
vn -0.4034 -0.7392 0.5393
vn -0.3685 -0.8245 0.4294
vn -0.4505 -0.6866 0.5706
vn -0.4974 -0.7673 0.4048
vn -0.3305 -0.8388 0.4327
vn -0.4824 -0.7069 0.5174
vn -0.4882 -0.7377 0.4664
vn -0.2511 -0.9220 0.2949
vn -0.4928 -0.7361 0.4640
vn -0.4739 -0.7474 0.4656
vn -0.3804 -0.7988 0.4662
vn -0.6306 -0.6110 0.4786
vn -0.5941 -0.4360 0.6759
vn -0.4427 -0.7772 0.4472
vn -0.3842 -0.6502 0.6555
vn -0.5554 -0.5382 0.6339
vn -0.5080 -0.5955 0.6224
vn -0.3835 -0.7494 0.5398
vn -0.3920 -0.6247 0.6754
vn -0.2161 -0.6935 0.6872
vn -0.2977 -0.7655 0.5704
vn -0.5018 -0.7548 0.4224
vn -0.5625 -0.4967 0.6610
vn -0.5157 -0.5811 0.6297
vn -0.5983 -0.4651 0.6525
vn -0.5184 -0.6828 0.5149
vn -0.5494 -0.5196 0.6543
vn -0.5358 -0.5917 0.6023
vn -0.6848 -0.5323 0.4978
vn -0.7408 -0.4674 0.4824
vn -0.7570 -0.3153 0.5722
vn -0.7515 -0.4384 0.4930
vn -0.7643 -0.2442 0.5969
vn -0.8552 -0.1979 0.4791
vn -0.8708 -0.2425 0.4277
vn -0.7039 -0.3428 0.6222
vn -0.6897 -0.3736 0.6203
vn -0.6875 -0.3714 0.6240
vn -0.7131 -0.2508 0.6547
vn -0.6860 -0.3192 0.6538
vn -0.8444 -0.2347 0.4816
vn -0.6574 -0.2391 0.7146
vn -0.7034 -0.4170 0.5757
vn -0.8737 -0.2915 0.3895
vn -0.7353 -0.2518 0.6292
vn -0.8102 -0.2935 0.5073
vn -0.7617 -0.3850 0.5212
vn -0.8174 -0.0687 0.5720
vn -0.7278 -0.3584 0.5847
vn -0.8488 -0.1946 0.4916
vn -0.8841 -0.1180 0.4521
vn -0.8825 -0.2311 0.4097
vn -0.7101 -0.3701 0.5990
vn -0.6377 -0.4854 0.5981
vn -0.7327 -0.2832 0.6189
vn -0.8033 -0.2983 0.5156
vn -0.7146 -0.3610 0.5992
vn -0.6638 -0.3247 0.6738
vn -0.3770 -0.6211 0.6871
vn -0.7862 -0.3764 0.4902
vn -0.8172 -0.2991 0.4927
vn -0.7478 -0.3528 0.5624
vn -0.7230 -0.3264 0.6089
vn -0.6558 -0.5816 0.4814
vn -0.7752 -0.4525 0.4408
vn -0.5496 -0.5866 0.5949
vn -0.9183 -0.1479 0.3672
vn -0.5693 -0.5866 0.5760
vn -0.6380 -0.4562 0.6204
vn -0.4474 -0.7376 0.5058
vn -0.7139 -0.5399 0.4460
vn -0.5595 -0.5038 0.6581
vn -0.6516 -0.6115 0.4489
vn -0.6897 -0.5081 0.5159
vn -0.5976 -0.6123 0.5176
vn -0.4820 -0.6204 0.6187
vn -0.5572 -0.5170 0.6498
vn -0.8308 -0.3407 0.4401
vn -0.7769 -0.3661 0.5123
vn -0.6943 -0.4012 0.5974
vn -0.8558 -0.3111 0.4134
vn -0.9166 -0.2358 0.3229
vn -0.9470 -0.2241 0.2301
vn -0.7995 -0.4249 0.4245
vn -0.7211 -0.5422 0.4314
vn -0.8416 -0.4233 0.3355
vn -0.7966 -0.3714 0.4769
vn -0.7344 -0.4441 0.5132
vn -0.7308 -0.4509 0.5126
vn -0.7620 -0.4902 0.4232
vn -0.8296 -0.4680 0.3046
vn -0.8360 -0.4545 0.3076
vn -0.7661 -0.5610 0.3136
vn -0.8058 -0.4581 0.3753
vn -0.8574 -0.3296 0.3953
vn -0.8109 -0.5085 0.2896
vn -0.7280 -0.5276 0.4378
vn -0.8605 -0.3510 0.3692
vn -0.7335 -0.4984 0.4621
vn -0.7011 -0.4608 0.5442
vn -0.8517 -0.3890 0.3511
vn -0.7620 -0.3607 0.5379
vn -0.8470 -0.3663 0.3853
vn -0.8165 -0.4054 0.4110
vn -0.9857 -0.1073 0.1297
vn -0.8253 -0.3451 0.4471
vn -0.9821 0.0232 0.1871
vn -0.9755 0.0047 0.2200
vn -0.7130 -0.3573 0.6033
vn -0.8818 -0.2822 0.3779
vn -0.9830 0.1535 0.1004
vn -0.7515 0.3178 0.5781
vn -0.8630 0.0515 0.5026
vn -0.0188 -0.3457 0.9382
vn -0.7943 0.2992 0.5287
vn -0.9136 0.1680 0.3702
vn -0.8280 -0.3012 0.4730
vn -0.9012 -0.2029 0.3829
vn -0.8726 0.1481 0.4654
vn -0.8336 0.3948 0.3863
vn -0.7451 0.4622 0.4808
vn -0.8729 0.3252 0.3637
vn -0.7899 0.2420 0.5635
vn -0.9045 0.2252 0.3622
vn -0.8007 0.3647 0.4753
vn -0.8657 0.4137 0.2818
vn -0.8784 0.3968 0.2664
vn -0.8397 0.4164 0.3486
vn -0.6990 0.5641 0.4395
vn -0.8110 0.5572 0.1782
vn -0.8183 0.4983 0.2865
vn -0.8831 0.3598 0.3013
vn -0.6688 0.5718 0.4751
vn -0.7325 0.5812 0.3544
vn -0.5501 0.7760 0.3085
vn -0.7967 0.4155 0.4389
vn -0.8159 0.5555 0.1605
vn -0.7649 0.6240 0.1599
vn -0.6921 0.7152 0.0975
vn -0.4993 0.8359 0.2279
vn -0.5937 0.7669 0.2437
vn -0.4629 0.8433 0.2732
vn -0.5025 0.8410 0.2006
vn -0.5542 0.7793 0.2927
vn -0.6065 0.7769 0.1690
vn -0.5988 0.7631 0.2433
vn -0.3868 0.9077 0.1629
vn -0.5749 0.7882 0.2195
vn -0.5175 0.8437 0.1428
vn -0.3389 0.9312 0.1345
vn -0.6328 0.7509 0.1887
vn -0.4926 0.8546 0.1640
vn -0.2463 0.9641 0.0989
vn -0.1564 0.9754 0.1555
vn -0.2542 0.9630 0.0889
vn -0.4384 0.8880 0.1388
vn -0.1802 0.9668 0.1811
vn -0.2247 0.9736 0.0412
vn -0.5286 0.8146 0.2386
vn -0.6264 0.7587 0.1789
vn -0.3452 0.9230 0.1698
vn -0.6357 0.6804 0.3646
vn -0.6678 0.7367 0.1062
vn -0.1606 0.9860 0.0455
vn -0.2567 0.9654 0.0470
vn -0.1386 0.9786 0.1519
vn -0.0663 0.9889 0.1332
vn -0.6526 0.7410 0.1583
vn -0.2438 0.9555 0.1662
vn -0.1887 0.9654 0.1800
vn -0.4778 0.8668 0.1428
vn -0.6070 0.7651 0.2149
vn -0.5055 0.8092 0.2996
vn -0.3548 0.5967 0.7198
vn -0.5869 0.8004 0.1220
vn -0.2908 0.5033 0.8137
vn -0.2234 0.2437 0.9438
vn -0.5535 0.7057 0.4423
vn -0.0406 0.2225 0.9741
vn 0.0164 -0.0057 0.9998
vn 0.8585 -0.0376 0.5114
vn -0.3521 0.3378 0.8729
vn 0.0697 0.0384 0.9968
vn -0.0270 -0.0012 0.9996
vn 0.1403 -0.1813 0.9734
vn 0.2894 -0.2842 0.9140
vn 0.5296 0.0132 0.8481
vn 0.3359 -0.1647 0.9274
vn 0.4638 0.5520 0.6929
vn 0.5599 0.2536 0.7888
vn 0.5051 0.1235 0.8542
vn 0.6506 0.5796 0.4907
vn 0.9823 0.1399 0.1243
vn 0.2583 0.1648 0.9519
vn 0.9675 0.2001 -0.1547
vn 0.9465 0.3112 -0.0853
vn 0.9196 0.3438 -0.1903
vn 0.7222 0.6301 -0.2852
vn 0.7397 0.6045 -0.2957
vn 0.9863 0.0749 -0.1468
vn 0.8096 0.4541 -0.3720
vn 0.8224 0.5614 -0.0926
vn 0.7654 0.5305 -0.3643
vn 0.9569 0.2223 -0.1871
vn 0.9976 0.0136 -0.0684
vn 0.9844 0.1422 -0.1038
vn 0.9772 0.2034 -0.0604
vn 0.7734 0.5285 -0.3501
vn 0.9695 0.2290 -0.0876
vn 0.9350 0.3374 -0.1093
vn 0.7867 0.5506 -0.2791
vn 0.7383 0.6248 -0.2541
vn 0.2801 0.9191 -0.2770
vn 0.8993 0.4364 0.0287
vn 0.6843 0.6649 -0.2995
vn 0.7349 0.6594 -0.1582
vn 0.5665 0.2728 0.7776
vn 0.5718 0.8050 0.1579
vn 0.4259 0.8636 -0.2698
vn 0.2417 0.9049 0.3503
vn 0.2284 0.6253 0.7462
vn 0.1550 0.1870 0.9701
vn 0.4536 0.8491 0.2706
vn 0.3447 0.4634 0.8164
vn -0.0087 -0.0208 0.9997
vn 0.2520 0.9102 0.3286
vn 0.3339 0.9034 0.2691
vn 0.3450 0.5665 0.7484
vn 0.3309 0.9226 -0.1981
vn 0.6675 0.7415 -0.0676
vn 0.4089 0.9029 -0.1327
vn 0.6872 0.7105 0.1514
vn 0.5909 0.7315 -0.3403
vn 0.7312 0.6818 0.0216
vn 0.5609 0.7957 -0.2287
vn 0.6528 0.7407 -0.1589
vn 0.6204 0.7281 -0.2915
vn 0.9087 0.4123 -0.0650
vn 0.7027 0.6586 -0.2693
vn 0.6020 0.6697 -0.4349
vn 0.6017 0.7692 -0.2153
vn 0.6454 0.5983 -0.4749
vn 0.8992 0.3941 -0.1901
vn 0.7330 0.6106 -0.2996
vn 0.9492 0.3058 -0.0735
vn 0.7468 0.5616 -0.3562
vn 0.7528 0.6246 -0.2078
vn 0.9413 0.3061 -0.1421
vn 0.7239 0.6561 -0.2133
vn 0.9397 0.2916 -0.1786
vn 0.9836 0.1585 -0.0856
vn 0.8904 0.4263 -0.1595
vn 0.7936 0.5223 -0.3122
vn 0.9690 0.1419 -0.2023
vn 0.8972 0.3700 -0.2409
vn 0.9973 0.0167 -0.0711
vn 0.7857 0.3525 -0.5084
vn 0.8478 0.2551 -0.4650
vn 0.8438 0.3358 -0.4186
vn 0.7170 -0.3188 -0.6199
vn 0.9041 -0.2593 -0.3395
vn 0.7666 0.5851 -0.2645
vn 0.8526 0.4723 -0.2235
vn 0.9967 -0.0694 -0.0414
vn 0.8361 -0.2932 -0.4637
vn 0.9307 -0.2918 -0.2205
vn 0.7238 -0.6523 -0.2252
vn 0.9844 -0.1498 -0.0919
vn 0.9496 -0.1853 -0.2529
vn 0.8017 -0.4263 -0.4190
vn 0.9050 -0.3624 -0.2229
vn 0.7516 -0.5043 -0.4252
vn 0.7876 -0.5453 -0.2870
vn 0.9657 -0.2480 -0.0771
vn 0.9142 -0.3700 -0.1653
vn 0.6766 -0.6996 -0.2295
vn 0.8153 -0.4864 -0.3141
vn 0.9648 -0.2591 -0.0452
vn 0.7616 -0.6247 -0.1720
vn 0.8897 -0.3347 -0.3106
vn 0.9829 -0.0770 -0.1675
vn 0.9789 -0.1978 0.0512
vn 0.6095 -0.7342 0.2991
vn 0.8743 -0.1747 0.4528
vn 0.7678 -0.6386 0.0516
vn 0.2231 -0.2747 0.9353
vn 0.7185 -0.6949 -0.0300
vn 0.7419 -0.5755 0.3441
vn 0.1383 -0.0755 0.9875
vn 0.7776 -0.6264 0.0538
vn 0.2891 -0.3450 0.8929
vn 0.4375 -0.4902 0.7538
vn 0.5250 -0.6710 0.5236
vn 0.7573 -0.6521 -0.0343
vn 0.4148 -0.9080 -0.0588
vn 0.5333 -0.7320 0.4240
vn 0.6795 -0.7260 0.1061
vn 0.1915 -0.3668 0.9104
vn 0.4943 -0.8431 0.2117
vn 0.7079 -0.7062 -0.0147
vn 0.6677 -0.7085 -0.2285
vn 0.7789 -0.6268 -0.0208
vn 0.7375 -0.6665 -0.1088
vn 0.6624 -0.7451 -0.0771
vn 0.6588 -0.7358 -0.1569
vn 0.7540 -0.5080 -0.4164
vn 0.7504 -0.5725 -0.3304
vn 0.9475 -0.2939 -0.1261
vn 0.9762 -0.1945 -0.0959
vn 0.7378 -0.5435 -0.4004
vn 0.6932 -0.5711 -0.4397
vn 0.9388 -0.2508 -0.2361
vn 0.7683 -0.5376 -0.3475
vn 0.9044 -0.3925 -0.1673
vn 0.7833 -0.5940 -0.1836
vn 0.6453 -0.7198 -0.2561
vn 0.8512 -0.5247 -0.0109
vn 0.7057 -0.6853 0.1802
vn 0.5402 -0.7800 0.3158
vn 0.6111 -0.7889 0.0642
vn 0.7256 -0.6875 0.0301
vn 0.9363 -0.2925 -0.1941
vn 0.6681 -0.6297 0.3965
vn 0.9867 0.1214 0.1082
vn 0.7614 -0.0194 -0.6480
vn 0.1995 0.2119 -0.9567
vn 0.7547 0.6266 -0.1946
vn 0.4543 -0.1391 0.8799
vn 0.8538 -0.0022 -0.5207
vn 0.8515 0.3803 -0.3611
vn 0.9970 -0.0296 -0.0715
vn 0.8565 -0.2987 -0.4208
vn 0.9831 -0.1407 -0.1173
vn 0.7503 -0.5004 -0.4320
vn 0.8085 -0.4659 -0.3597
vn 0.8260 -0.0689 -0.5595
vn 0.7435 0.5342 -0.4023
vn 0.7577 0.3329 -0.5612
vn 0.7682 0.5523 -0.3237
vn 0.7278 0.5784 -0.3686
vn 0.7286 0.5764 -0.3699
vn 0.9987 0.0185 -0.0470
vn 0.9941 0.0857 -0.0665
vn 0.9575 0.1904 -0.2166
vn 0.9734 0.2140 -0.0816
vn 0.9768 0.1583 -0.1445
vn 0.0865 0.5116 -0.8549
vn 0.7786 0.4597 -0.4271
vn 0.9041 -0.0013 -0.4273
vn 0.7793 0.4949 -0.3843
vn 0.9684 0.1771 -0.1753
vn 0.7878 0.4896 -0.3737
vn 0.7171 0.6666 -0.2035
vn 0.9425 0.3217 -0.0908
vn 0.9744 0.2222 -0.0349
vn 0.7883 0.5361 -0.3020
vn 0.7279 0.6448 -0.2333
vn 0.7912 0.5483 -0.2709
vn 0.8805 0.4235 -0.2128
vn 0.9655 0.2416 -0.0970
vn 0.6915 0.7185 -0.0743
vn 0.9190 0.3807 -0.1026
vn 0.7538 0.5725 -0.3224
vn 0.8674 0.4470 -0.2185
vn 0.8114 0.4792 -0.3346
vn 0.9245 0.3763 -0.0611
vn 0.7402 0.6554 -0.1501
vn 0.7097 0.6943 -0.1197
vn 0.6780 0.6544 -0.3347
vn 0.7731 0.6329 -0.0419
vn 0.2975 0.9302 -0.2151
vn 0.7164 0.6862 -0.1259
vn 0.4585 0.8684 -0.1889
vn 0.5411 0.8249 -0.1635
vn 0.7085 0.7050 -0.0325
vn 0.6697 0.7301 -0.1360
vn 0.2615 0.9643 -0.0424
vn 0.2269 0.9570 0.1810
vn 0.0485 0.9976 0.0501
vn 0.1946 0.9803 -0.0325
vn 0.4024 0.8897 0.2157
vn 0.4344 0.7912 0.4304
vn 0.0966 0.9950 -0.0267
vn 0.0085 0.9966 0.0818
vn 0.6071 0.6904 0.3934
vn 0.6971 0.6856 0.2098
vn 0.4640 0.8858 0.0124
vn 0.5834 0.8037 0.1173
vn 0.7085 0.7054 0.0229
vn 0.6587 0.7329 0.1704
vn 0.5992 0.8006 -0.0013
vn 0.6473 0.7620 -0.0194
vn 0.7043 0.7099 0.0055
vn 0.5959 0.8028 -0.0183
vn 0.8404 0.5415 -0.0222
vn 0.8410 0.5405 -0.0239
vn 0.6763 0.7365 -0.0153
vn 0.7431 0.6637 -0.0853
vn 0.4248 0.9043 -0.0432
vn 0.5786 0.8063 -0.1229
vn 0.3243 0.9436 -0.0672
vn 0.7396 0.6657 -0.0991
vn 0.7858 0.5927 -0.1768
vn 0.7794 0.5205 -0.3486
vn 0.7250 0.6886 0.0108
vn 0.4413 0.8970 -0.0241
vn 0.3247 0.9320 -0.1613
vn 0.7239 0.6896 -0.0178
vn 0.9192 0.3938 0.0034
vn 0.8907 0.4383 -0.1207
vn 0.9514 0.2618 -0.1625
vn 0.8881 0.4324 -0.1560
vn -0.1043 0.9706 0.2170
vn 0.6313 0.7084 -0.3156
vn 0.6129 0.7596 -0.2175
vn 0.4512 0.8343 -0.3169
vn 0.3301 0.8567 -0.3963
vn 0.3151 0.8184 -0.4805
vn 0.8977 0.3767 -0.2286
vn 0.7652 0.5245 -0.3734
vn 0.1954 0.7805 -0.5939
vn 0.0275 0.7618 -0.6472
vn 0.0539 0.8537 -0.5179
vn 0.3765 0.7928 -0.4793
vn 0.1055 0.8613 -0.4970
vn 0.2931 0.7802 -0.5526
vn 0.0065 0.8765 -0.4814
vn 0.1368 0.8168 -0.5605
vn 0.2654 0.8146 -0.5157
vn 0.1173 0.8803 -0.4597
vn -0.0133 0.8074 -0.5898
vn 0.1275 0.9049 -0.4060
vn -0.0826 0.7336 -0.6745
vn 0.3272 0.7473 -0.5784
vn 0.1707 0.8119 -0.5582
vn -0.0849 0.6278 -0.7737
vn 0.1850 0.7105 -0.6789
vn 0.1085 0.7662 -0.6333
vn 0.0965 0.7476 -0.6571
vn 0.0735 0.8216 -0.5653
vn 0.0659 0.7228 -0.6879
vn 0.0837 0.7880 -0.6100
vn 0.0142 0.8436 -0.5367
vn 0.0394 0.7569 -0.6523
vn 0.0143 0.7841 -0.6204
vn 0.0229 0.7433 -0.6685
vn -0.0600 0.7319 -0.6788
vn -0.0434 0.7992 -0.5995
vn 0.0254 0.6302 -0.7760
vn -0.0235 0.6384 -0.7693
vn -0.0418 0.3822 -0.9231
vn -0.0917 0.3380 -0.9367
vn -0.1798 0.4997 -0.8473
vn -0.0992 0.2242 -0.9695
vn -0.1428 0.4681 -0.8720
vn -0.1121 0.0635 -0.9917
vn -0.1251 0.4989 -0.8576
vn -0.0608 0.5853 -0.8086
vn 0.0806 -0.3900 -0.9173
vn 0.3693 0.4543 -0.8107
vn 0.1964 0.7090 -0.6773
vn -0.0236 0.2850 -0.9582
vn -0.1200 0.1421 -0.9826
vn -0.2038 0.3839 -0.9006
vn 0.8599 0.3942 -0.3244
vn -0.0235 0.6765 -0.7361
vn -0.2073 0.7813 -0.5887
vn -0.1944 0.7359 -0.6486
vn 0.2089 0.8268 -0.5222
vn -0.1442 0.8052 -0.5752
vn -0.2689 0.8223 -0.5015
vn -0.2538 0.8341 -0.4897
vn -0.1880 0.7953 -0.5764
vn -0.1483 0.6652 -0.7318
vn -0.2997 0.6174 -0.7273
vn -0.1587 -0.2041 -0.9660
vn -0.2192 0.2299 -0.9482
vn -0.3066 0.1997 -0.9307
vn -0.0299 -0.1662 -0.9856
vn -0.2457 -0.6720 -0.6987
vn -0.5475 0.3006 -0.7809
vn -0.4589 0.6893 -0.5606
vn -0.4279 0.4423 -0.7882
vn -0.4277 0.7073 -0.5629
vn -0.4804 0.6202 -0.6202
vn -0.4306 0.4428 -0.7864
vn -0.2407 0.3651 -0.8993
vn -0.5019 0.3900 -0.7720
vn -0.3279 0.5606 -0.7604
vn -0.0946 0.2545 -0.9624
vn -0.5243 0.6060 -0.5983
vn -0.7079 0.3665 -0.6038
vn -0.6242 0.4368 -0.6477
vn -0.7644 0.4413 -0.4700
vn -0.5231 0.6429 -0.5594
vn -0.7672 0.5125 -0.3856
vn -0.9465 0.1941 -0.2580
vn -0.7518 0.4848 -0.4470
vn -0.9384 0.3447 -0.0256
vn -0.8296 0.3501 -0.4351
vn -0.9919 0.0740 0.1037
vn -0.9805 0.1965 0.0098
vn -0.8458 0.4433 0.2969
vn -0.9932 -0.0130 0.1154
vn -0.9824 -0.0946 0.1608
vn -0.9408 0.1560 0.3011
vn -0.8290 -0.1156 0.5472
vn -0.8747 0.1509 0.4606
vn -0.8355 0.3802 0.3967
vn -0.9663 0.2521 0.0520
vn -0.8418 0.3753 0.3880
vn -0.8642 0.4097 0.2922
vn -0.7905 0.4837 0.3758
vn -0.9681 0.1595 0.1935
vn -0.7801 0.2590 0.5696
vn -0.9179 0.3665 0.1518
vn -0.7890 0.3385 0.5128
vn -0.8641 -0.0925 0.4947
vn -0.9052 -0.2206 0.3631
vn -0.7999 -0.3804 0.4642
vn -0.8650 -0.1913 0.4640
vn -0.8289 -0.3736 0.4163
vn -0.8834 -0.1392 0.4475
vn -0.7036 -0.6964 0.1415
vn -0.8703 -0.4482 0.2043
vn -0.9726 -0.2325 -0.0009
vn -0.8773 -0.4374 -0.1977
vn -0.9788 -0.0860 0.1861
vn -0.7752 -0.3522 0.5243
vn -0.9569 -0.2643 0.1205
vn -0.9682 -0.2258 -0.1076
vn -0.7497 -0.6240 0.2204
vn -0.6316 -0.6772 -0.3773
vn -0.7602 -0.2571 -0.5966
vn -0.7489 -0.0949 -0.6559
vn -0.6325 -0.7382 0.2346
vn -0.6629 -0.6312 0.4026
vn -0.6783 -0.5940 0.4325
vn -0.7127 -0.5382 0.4499
vn -0.7936 -0.4987 0.3485
vn -0.7789 -0.4877 0.3943
vn -0.7073 -0.4185 0.5697
vn -0.9047 -0.2202 0.3647
vn -0.8251 -0.3503 0.4432
vn -0.9028 -0.2297 0.3636
vn -0.8065 -0.4061 0.4296
vn -0.6882 -0.6498 0.3227
vn -0.8879 -0.2385 0.3935
vn -0.9162 -0.3197 0.2414
vn -0.6965 -0.5721 0.4332
vn -0.7866 -0.5685 0.2410
vn -0.8555 -0.4339 0.2827
vn -0.8058 -0.3585 0.4714
vn -0.8679 -0.3010 0.3952
vn -0.5239 -0.8112 0.2596
vn -0.7725 -0.4604 0.4373
vn -0.7502 -0.4096 0.5190
vn -0.5201 -0.7530 0.4031
vn -0.7565 -0.4664 0.4585
vn -0.6221 -0.4600 0.6336
vn -0.7929 -0.1958 0.5770
vn -0.7191 -0.3684 0.5893
vn -0.8233 -0.1856 0.5364
vn -0.8434 -0.2424 0.4796
vn -0.8210 -0.2171 0.5280
vn -0.7182 -0.4364 0.5420
vn -0.8527 -0.3299 0.4049
vn -0.8680 -0.2158 0.4472
vn -0.8227 -0.2963 0.4851
vn -0.8318 -0.2809 0.4788
vn -0.6722 -0.4366 0.5979
vn -0.7793 -0.4039 0.4792
vn -0.7836 -0.2415 0.5724
vn -0.7784 -0.2304 0.5840
vn -0.6299 -0.4677 0.6201
vn -0.7925 -0.3523 0.4978
vn -0.3893 -0.7051 0.5927
vn -0.5858 -0.6313 0.5083
vn -0.2569 -0.8055 0.5341
vn -0.3838 -0.7178 0.5809
vn -0.3120 -0.8348 0.4536
vn -0.2706 -0.8256 0.4951
vn -0.3963 -0.7976 0.4548
vn -0.4782 -0.7051 0.5236
vn -0.3127 -0.8135 0.4904
vn -0.0949 -0.8831 0.4595
vn -0.3062 -0.7457 0.5917
vn -0.1224 -0.8216 0.5568
vn -0.0703 -0.9394 0.3355
vn -0.2311 -0.8179 0.5268
vn -0.0321 -0.9934 0.1102
vn -0.1745 -0.8304 0.5292
vn -0.3493 -0.7359 0.5800
vn -0.0368 -0.9923 0.1182
vn -0.1680 -0.9255 0.3395
vn -0.3022 -0.8288 0.4708
vn -0.0665 -0.9837 0.1672
vn -0.2402 -0.8939 0.3784
vn -0.2761 -0.9182 0.2840
vn -0.5112 -0.7437 0.4308
vn -0.4319 -0.7292 0.5307
vn -0.2134 -0.8871 0.4094
vn -0.3075 -0.7645 0.5666
vn -0.4998 -0.7286 0.4682
vn -0.1925 -0.8541 0.4832
vn -0.3602 -0.8281 0.4295
vn -0.5416 -0.7525 0.3747
vn -0.4281 -0.8635 0.2668
vn -0.5568 -0.7219 0.4109
vn -0.4620 -0.7419 0.4860
vn -0.2706 -0.7756 0.5704
vn -0.2202 -0.8162 0.5342
vn -0.2317 -0.8758 0.4234
vn 0.0142 -0.9782 0.2073
vn -0.3179 -0.8454 0.4293
vn -0.1818 -0.9526 0.2439
vn -0.0324 -0.7642 0.6442
vn -0.5774 -0.7255 0.3744
vn -0.7035 -0.5885 0.3985
vn -0.3427 -0.8728 0.3475
vn 0.1811 -0.8974 0.4024
vn -0.1575 -0.9702 0.1841
vn -0.2811 -0.9429 0.1788
vn -0.5356 -0.7283 0.4275
vn -0.3374 -0.9061 0.2552
vn 0.1308 -0.9305 0.3421
vn -0.3909 -0.8111 0.4351
vn -0.0760 -0.9875 0.1379
vn -0.7099 -0.6929 0.1267
vn -0.4994 -0.8004 0.3315
vn -0.5305 -0.8445 -0.0737
vn -0.3681 -0.8580 -0.3583
vn -0.1214 -0.9310 -0.3443
vn -0.3840 -0.8983 -0.2135
vn -0.6521 -0.7144 -0.2539
vn -0.5567 -0.7531 -0.3507
vn -0.3732 -0.9199 -0.1207
vn -0.3014 -0.9535 0.0095
vn -0.6108 -0.7615 -0.2171
vn -0.4950 -0.8556 -0.1513
vn -0.3503 -0.9219 0.1656
vn -0.6604 -0.7450 -0.0946
vn -0.6633 -0.7297 0.1658
vn -0.1748 -0.8752 0.4510
vn -0.3260 0.2122 0.9213
vn 0.2288 -0.9463 0.2284
vn 0.6499 -0.7256 0.2260
vn 0.5070 -0.8610 -0.0407
vn 0.4293 -0.9031 0.0050
vn -0.0520 -0.8917 0.4496
vn 0.3454 -0.8894 0.2994
vn 0.6803 -0.6827 0.2666
vn 0.2618 -0.8898 0.3737
vn 0.3375 -0.8266 0.4504
vn 0.4387 -0.8118 0.3853
vn 0.2877 -0.9259 0.2449
vn 0.4117 -0.8455 0.3401
vn 0.4821 -0.8234 0.2993
vn 0.4113 -0.8507 0.3275
vn 0.3792 -0.8617 0.3373
vn 0.5401 -0.7036 0.4617
vn 0.3079 -0.6384 0.7054
vn 0.4466 -0.7242 0.5254
vn 0.5070 -0.6741 0.5371
vn 0.4595 -0.7867 0.4122
vn 0.5591 -0.7703 0.3065
vn 0.7307 -0.6458 0.2215
vn 0.6619 -0.6327 0.4020
vn 0.5348 -0.7237 0.4363
vn 0.6005 -0.7363 0.3119
vn 0.6432 -0.7030 0.3034
vn 0.4344 -0.8349 0.3381
vn 0.5277 -0.7237 0.4447
vn 0.7430 -0.6122 0.2705
vn 0.7995 -0.5409 0.2612
vn 0.8849 -0.3904 0.2540
vn 0.8038 -0.5081 0.3093
vn 0.7789 -0.5212 0.3489
vn 0.8913 -0.3286 0.3124
vn 0.8951 -0.3913 0.2138
vn 0.7999 -0.4714 0.3714
vn 0.7828 -0.5765 0.2343
vn 0.7285 -0.5840 0.3580
vn 0.8622 -0.4866 0.1407
vn 0.6763 -0.6552 0.3365
vn 0.8554 -0.4641 0.2300
vn 0.8859 -0.3633 0.2885
vn 0.6578 -0.7278 0.1940
vn 0.9042 -0.3782 0.1985
vn 0.6911 -0.6817 0.2402
vn 0.7099 -0.7026 0.0488
vn 0.6898 -0.6158 0.3807
vn 0.7332 -0.6095 0.3016
vn 0.7714 -0.6199 0.1436
vn 0.6229 -0.7272 0.2883
vn -0.2095 -0.9682 0.1367
vn 0.8331 -0.5193 0.1904
vn -0.1409 -0.9465 0.2901
vn -0.2760 -0.9571 -0.0882
vn 0.3903 -0.9205 0.0189
vn 0.8899 -0.4561 -0.0103
vn 0.5625 -0.7729 -0.2936
vn 0.3350 -0.9010 -0.2755
vn 0.2680 -0.8907 -0.3672
vn -0.1801 -0.9129 -0.3663
vn 0.3161 -0.9332 -0.1709
vn 0.4498 -0.8084 -0.3797
vn 0.1924 -0.7903 -0.5817
vn -0.1558 -0.7376 -0.6570
vn -0.3492 -0.8742 -0.3373
vn -0.2304 -0.7673 -0.5984
vn -0.3930 -0.5804 -0.7132
vn -0.3417 -0.8629 -0.3723
vn -0.3218 -0.6315 -0.7054
vn -0.4007 -0.9144 -0.0572
vn -0.4560 -0.5450 -0.7035
vn -0.1510 -0.3491 -0.9248
vn -0.6611 -0.7492 -0.0399
vn -0.2199 -0.9673 -0.1262
vn -0.5906 -0.7954 0.1366
vn -0.3282 -0.2911 -0.8986
vn -0.6131 -0.4274 -0.6645
vn -0.6072 -0.3655 -0.7055
vn -0.6701 -0.0521 -0.7405
vn -0.4830 -0.0480 -0.8743
vn -0.6127 -0.0749 -0.7868
vn -0.3038 0.1004 -0.9474
vn -0.3207 -0.1251 -0.9389
vn -0.5534 -0.0422 -0.8318
vn -0.5642 -0.1137 -0.8178
vn -0.6932 0.0287 -0.7202
vn -0.2191 -0.0201 -0.9755
vn -0.1342 0.1914 -0.9723
vn 0.4008 0.2157 -0.8904
vn 0.2749 -0.0606 -0.9596
vn -0.2716 -0.0551 -0.9608
vn -0.3057 -0.0499 -0.9508
vn -0.4222 -0.1201 -0.8985
vn -0.2629 -0.1287 -0.9562
vn -0.1503 -0.0944 -0.9841
vn -0.2347 -0.0007 -0.9721
vn -0.0699 -0.1338 -0.9885
vn -0.2055 -0.1125 -0.9722
vn 0.3070 -0.0575 -0.9500
vn 0.1951 -0.0861 -0.9770
vn -0.1122 -0.2699 -0.9563
vn 0.1799 -0.1994 -0.9633
vn 0.0365 0.0492 -0.9981
vn 0.0115 -0.0113 -0.9999
vn 0.4452 -0.2303 -0.8653
vn 0.2666 -0.3295 -0.9057
vn 0.2644 0.1942 -0.9446
vn 0.5321 0.3060 -0.7895
vn 0.1849 0.2313 -0.9552
vn 0.3692 0.3469 -0.8622
vn 0.3754 0.0492 -0.9256
vn 0.2410 0.1893 -0.9519
vn 0.2209 0.0864 -0.9715
vn -0.4247 0.0775 -0.9020
vn 0.1811 0.1117 -0.9771
vn 0.2786 0.0299 -0.9599
vn 0.3246 -0.2599 -0.9094
vn 0.3561 0.4500 -0.8190
vn -0.0325 0.3123 -0.9494
vn 0.0145 0.0132 -0.9998
vn 0.1027 -0.1140 -0.9882
vn -0.3418 -0.1690 -0.9244
vn -0.6119 -0.0035 -0.7909
vn -0.2110 -0.3737 -0.9032
vn 0.0716 -0.4501 -0.8901
vn -0.1843 -0.7160 -0.6733
vn -0.5523 -0.7910 -0.2632
vn 0.3515 -0.5816 -0.7336
vn -0.1758 -0.9345 -0.3094
vn 0.1410 -0.7762 -0.6145
vn 0.1814 -0.9038 -0.3877
vn -0.2831 -0.9565 0.0707
vn -0.6495 -0.7570 0.0718
vn -0.4831 -0.8055 0.3432
vn 0.3085 -0.9465 0.0943
vn -0.0752 -0.9883 0.1330
vn -0.7058 -0.6860 0.1770
vn -0.6669 -0.5907 0.4542
vn -0.8193 -0.4659 0.3343
vn -0.4503 -0.8634 0.2275
vn -0.0940 -0.9935 0.0643
vn -0.4622 -0.8448 0.2698
vn -0.6698 -0.6471 0.3642
vn -0.4236 -0.8580 0.2904
vn -0.6031 -0.7091 0.3653
vn -0.3267 -0.8833 0.3362
vn -0.3314 -0.7332 0.5938
vn -0.5840 -0.7610 0.2825
vn -0.2362 -0.8429 0.4834
vn -0.1674 -0.9409 0.2944
vn -0.2923 -0.8624 0.4132
vn -0.3515 -0.7873 0.5066
vn -0.5002 -0.7090 0.4971
vn 0.1524 -0.9022 0.4035
vn -0.2021 -0.9172 0.3434
vn 0.1617 -0.9682 0.1912
vn 0.3527 -0.7877 0.5051
vn 0.0703 -0.9789 0.1921
vn -0.2150 -0.9148 0.3419
vn -0.3796 -0.7227 0.5775
vn 0.3889 -0.7567 0.5255
vn 0.3855 -0.7241 0.5719
vn 0.2777 -0.6986 0.6594
vn 0.1889 -0.8209 0.5390
vn -0.1917 -0.8038 0.5631
vn 0.0113 -0.9940 0.1084
vn -0.0283 -0.9960 -0.0848
vn 0.0405 -0.9974 -0.0604
vn 0.0565 -0.9915 -0.1170
vn 0.3111 -0.9100 -0.2739
vn 0.4695 -0.8359 -0.2844
vn -0.0616 -0.8418 -0.5363
vn 0.2512 -0.9158 -0.3134
vn 0.0323 -0.8583 -0.5122
vn 0.6245 -0.7451 -0.2341
vn 0.2567 -0.9360 -0.2408
vn 0.4683 -0.8265 -0.3123
vn 0.3214 -0.8091 -0.4919
vn 0.4442 -0.2844 -0.8496
vn 0.0698 -0.8846 -0.4611
vn 0.2651 -0.8480 -0.4589
vn 0.4178 -0.6096 -0.6737
vn -0.1181 -0.6841 -0.7197
vn -0.1729 -0.9430 -0.2844
vn -0.5409 -0.6895 -0.4816
vn -0.0695 -0.8906 -0.4494
vn 0.3417 -0.8392 -0.4230
vn 0.0874 -0.9440 -0.3182
vn 0.3492 -0.7567 -0.5528
vn 0.0108 -0.8031 -0.5958
vn -0.0193 -0.9842 -0.1760
vn -0.2089 -0.9534 -0.2176
vn -0.1791 -0.6772 -0.7137
vn -0.2698 -0.5730 -0.7739
vn -0.6641 -0.7450 -0.0625
vn -0.1529 -0.5951 -0.7890
vn -0.1033 -0.2696 -0.9574
vn 0.0448 -0.0113 -0.9989
vn 0.0654 -0.0525 -0.9965
vn 0.0193 -0.0258 -0.9995
vn -0.1835 -0.1894 -0.9646
vn -0.2544 -0.0959 -0.9623
vn 0.0358 -0.3697 -0.9285
vn 0.3061 -0.5912 -0.7462
vn 0.1797 -0.2571 -0.9495
vn 0.1912 -0.3670 -0.9103
vn 0.2062 -0.7783 -0.5930
vn 0.3476 -0.5646 -0.7486
vn 0.3716 -0.4981 -0.7835
vn 0.3678 -0.6846 -0.6294
vn 0.4793 -0.5960 -0.6443
vn 0.6002 -0.6541 -0.4603
vn 0.5862 -0.6056 -0.5382
vn 0.3784 -0.7829 -0.4938
vn 0.5861 -0.5831 -0.5626
vn 0.4269 -0.6346 -0.6442
vn 0.3037 -0.6423 -0.7037
vn 0.3464 -0.5737 -0.7422
vn 0.3460 -0.4355 -0.8310
vn -0.4742 -0.1966 -0.8582
vn -0.6028 -0.5892 -0.5379
vn -0.6434 -0.6973 -0.3159
vn -0.1578 -0.9760 -0.1499
vn -0.5654 -0.7572 -0.3271
vn -0.4558 -0.8555 -0.2457
vn -0.3609 -0.8507 -0.3823
vn -0.5304 -0.7961 -0.2915
vn 0.0903 -0.8613 -0.4999
vn 0.1598 -0.9809 -0.1113
vn -0.4710 -0.7749 0.4214
vn -0.0882 -0.9898 0.1117
vn -0.5381 -0.7153 0.4458
vn -0.6989 -0.7071 0.1073
vn -0.7528 -0.1629 -0.6378
vn 0.1521 0.3339 -0.9303
vn -0.3086 0.1415 -0.9406
vn -0.7141 -0.1360 -0.6867
vn -0.5268 0.1491 -0.8368
vn -0.7552 -0.6201 -0.2125
vn -0.9177 -0.2011 -0.3427
vn -0.7232 0.2761 -0.6331
vn -0.9103 0.3472 -0.2254
vn -0.7841 0.6148 -0.0844
vn -0.6054 0.6821 -0.4102
vn -0.5442 0.6200 -0.5652
vn -0.5322 0.4087 -0.7414
vn -0.4734 0.5051 -0.7216
vn -0.2584 0.2311 -0.9380
vn -0.1483 0.4016 -0.9037
vn 0.0547 0.1706 -0.9838
vn 0.1069 0.1399 -0.9844
vn 0.1774 0.1077 -0.9782
vn -0.0190 0.1529 -0.9881
vn 0.0797 0.3086 -0.9478
vn -0.0863 0.0531 -0.9949
vn 0.1885 0.1008 -0.9769
vn 0.2044 0.0724 -0.9762
vn -0.0860 0.1696 -0.9817
vn 0.1033 0.0531 -0.9932
vn -0.2736 0.0628 -0.9598
vn -0.2018 -0.0300 -0.9790
vn -0.2222 0.0937 -0.9705
vn -0.1628 0.0976 -0.9818
vn -0.3888 0.0345 -0.9207
vn -0.1489 -0.0238 -0.9886
vn -0.4076 -0.0139 -0.9130
vn 0.0742 0.2826 -0.9564
vn 0.0870 0.3476 -0.9336
vn 0.0820 0.2324 -0.9692
vn -0.1106 0.3689 -0.9229
vn -0.0625 0.1609 -0.9850
vn -0.4297 0.2956 -0.8532
vn -0.0514 0.5881 -0.8071
vn -0.1884 0.3420 -0.9206
vn -0.0291 0.5300 -0.8475
vn -0.1785 0.1447 -0.9733
vn -0.1166 0.0837 -0.9896
vn 0.0250 0.1327 -0.9908
vn -0.2524 0.1873 -0.9493
vn -0.2635 0.0498 -0.9634
vn -0.5650 0.1906 -0.8028
vn -0.3853 0.0973 -0.9177
vn 0.0124 0.0712 -0.9974
vn 0.2487 0.0634 -0.9665
vn 0.4241 0.0854 -0.9016
vn -0.3138 0.1495 -0.9377
vn -0.1314 0.3875 -0.9125
vn 0.3673 0.2892 -0.8840
vn -0.4849 0.2854 -0.8267
vn -0.7300 0.1175 -0.6733
vn -0.8352 0.0044 -0.5500
vn -0.8002 0.0973 -0.5918
vn -0.6556 -0.0385 -0.7542
vn -0.4815 0.0839 -0.8724
vn -0.4775 0.2970 -0.8269
vn -0.2053 0.1060 -0.9729
vn 0.1804 0.2542 -0.9502
vn 0.0453 0.3023 -0.9521
vn 0.1530 0.2456 -0.9572
vn 0.2068 0.1400 -0.9683
vn 0.0305 -0.1187 -0.9925
vn -0.1663 -0.1816 -0.9692
vn -0.1015 0.4335 -0.8954
vn 0.3103 0.3290 -0.8919
vn 0.2492 0.3400 -0.9068
vn 0.6026 0.2531 -0.7569
vn -0.1574 0.2639 -0.9516
vn 0.6932 0.2728 -0.6671
vn 0.4182 0.3741 -0.8277
vn -0.0072 0.3856 -0.9226
vn 0.8142 0.1708 -0.5549
vn 0.7842 0.2942 -0.5463
vn 0.4754 0.4576 -0.7514
vn 0.4303 0.3340 -0.8386
vn 0.4279 0.4877 -0.7610
vn 0.6674 0.2344 -0.7068
vn 0.6710 0.2600 -0.6944
vn 0.6675 0.2196 -0.7115
vn 0.8085 0.2914 -0.5113
vn 0.9208 0.1571 -0.3570
vn 0.8069 0.1217 -0.5780
vn 0.8770 0.1630 -0.4521
vn 0.9156 0.2435 -0.3200
vn 0.7853 0.3819 -0.4873
vn 0.8916 0.2128 -0.3997
vn 0.7955 0.3957 -0.4589
vn 0.8251 0.0903 -0.5577
vn 0.3769 -0.6302 -0.6788
vn 0.9816 -0.0364 -0.1873
vn 0.9378 0.0727 -0.3395
vn 0.7284 -0.2729 -0.6285
vn 0.7512 -0.4159 -0.5125
vn 0.9431 -0.2246 -0.2453
vn 0.7565 -0.4708 -0.4539
vn 0.8224 -0.4311 -0.3712
vn 0.9402 -0.1775 -0.2909
vn 0.7409 -0.6380 -0.2101
vn 0.7529 -0.4683 -0.4625
vn 0.9366 -0.3453 0.0601
vn 0.9963 -0.0588 -0.0624
vn 0.9707 0.1195 -0.2085
vn 0.9764 0.2131 -0.0357
vn 0.9955 -0.0749 0.0586
vn 0.7937 0.5049 -0.3392
vn 0.7709 0.5531 -0.3160
vn 0.6967 0.6937 -0.1829
vn 0.8911 0.3290 -0.3126
vn 0.7117 0.6950 0.1018
vn 0.9706 0.2349 0.0529
vn 0.9299 0.3202 -0.1808
vn 0.9672 0.1973 0.1602
vn 0.8074 0.4143 0.4200
vn 0.8584 0.3484 0.3764
vn 0.7473 0.4226 0.5128
vn 0.8262 0.1596 0.5402
vn 0.9776 -0.0369 0.2073
vn 0.9787 0.1575 -0.1320
vn 0.9182 0.3251 -0.2263
vn 0.8804 0.3880 -0.2726
vn 0.9598 -0.0949 -0.2640
vn 0.9080 -0.1927 -0.3720
vn 0.8942 0.1142 -0.4329
vn 0.9054 -0.0712 -0.4185
vn 0.8734 -0.0703 -0.4819
vn 0.8581 -0.2676 -0.4382
vn 0.8865 -0.2489 -0.3902
vn 0.7833 -0.3193 -0.5334
vn 0.8720 -0.2770 -0.4036
vn 0.9061 -0.2945 -0.3036
vn 0.9037 -0.3724 -0.2114
vn 0.8539 -0.4766 -0.2089
vn 0.8036 -0.4546 -0.3841
vn 0.6259 -0.4684 -0.6236
vn 0.7864 0.0800 -0.6126
vn 0.8292 0.1133 -0.5474
vn 0.8408 0.1045 -0.5312
vn 0.8244 0.0947 -0.5580
vn 0.6810 0.0870 -0.7271
vn 0.0012 0.2215 -0.9752
vn 0.6308 0.4445 -0.6360
vn 0.3722 0.6540 -0.6586
vn 0.5309 0.4056 -0.7440
vn 0.0758 0.7360 -0.6728
vn -0.0010 0.4308 -0.9024
vn -0.2992 0.3988 -0.8669
vn 0.0490 0.2608 -0.9641
vn -0.2124 0.6117 -0.7621
vn -0.4300 0.5540 -0.7128
vn -0.2751 0.3604 -0.8913
vn -0.0778 0.6206 -0.7802
vn -0.7991 0.3553 -0.4849
vn -0.6528 0.3931 -0.6475
vn 0.0087 0.6558 -0.7549
vn 0.1040 0.4061 -0.9079
vn 0.1407 0.5172 -0.8442
vn 0.0728 0.4806 -0.8739
vn -0.5704 0.0127 -0.8212
vn -0.6510 -0.0478 -0.7576
vn -0.3367 -0.0300 -0.9411
vn 0.3010 0.4175 -0.8573
vn -0.3666 -0.9112 -0.1879
vn -0.6383 -0.7586 -0.1308
vn -0.5976 -0.7227 -0.3473
vn -0.6539 -0.7200 -0.2324
vn -0.1833 -0.9628 -0.1986
vn -0.0690 -0.9958 -0.0598
vn 0.6665 -0.7390 -0.0986
vn 0.6403 -0.7681 0.0060
vn 0.3313 -0.8031 0.4953
vn -0.8404 -0.2152 0.4973
vn -0.7110 -0.3181 0.6272
vn -0.7489 -0.3343 0.5723
vn -0.8780 -0.2109 0.4296
vn -0.8081 -0.2760 0.5204
vn -0.8356 -0.0737 0.5443
vn -0.7103 -0.3716 0.5978
vn -0.7667 -0.3283 0.5517
vn -0.8731 -0.2108 0.4397
vn -0.8434 0.1961 0.5002
vn -0.8432 0.0112 0.5374
vn -0.8171 -0.0976 0.5682
vn -0.8441 0.2150 0.4912
vn -0.7921 0.3098 0.5260
vn -0.8951 0.2317 0.3810
vn -0.7555 0.3357 0.5626
vn -0.8818 -0.2212 0.4165
vn -0.8414 0.0202 0.5400
vn -0.8518 0.2275 0.4718
vn -0.8283 -0.2264 0.5125
vn -0.8915 -0.2012 0.4059
vn -0.9081 0.1770 0.3795
vn -0.9250 0.2537 0.2829
vn -0.8118 0.2436 0.5307
vn -0.7281 0.3359 0.5975
vn -0.8241 0.4353 0.3623
vn -0.8128 -0.1992 0.5474
vn -0.6352 0.5435 0.5488
vn -0.6961 0.4895 0.5251
vn -0.9786 -0.0088 0.2054
vn -0.8659 -0.0858 0.4929
vn -0.9014 -0.2354 0.3634
vn -0.8539 -0.1959 0.4822
vn -0.7399 -0.3656 0.5647
vn -0.8752 -0.3064 0.3743
vn -0.8789 -0.3137 0.3592
vn -0.8389 -0.3725 0.3969
vn -0.6794 -0.4357 0.5903
vn -0.8452 -0.2493 0.4727
vn -0.8081 -0.2867 0.5146
vn -0.7073 -0.4599 0.5369
vn -0.7281 -0.5059 0.4626
vn -0.8022 -0.3634 0.4737
vn -0.8691 0.3078 0.3872
vn -0.8733 0.3890 0.2933
vn -0.7143 0.3937 0.5786
vn -0.7546 0.3844 0.5318
vn -0.7703 0.4398 0.4618
vn -0.8671 0.2548 0.4281
vn -0.8322 0.3580 0.4234
vn -0.8218 0.3361 0.4602
vn -0.6312 0.5243 0.5716
vn -0.7554 0.5084 0.4133
vn -0.7054 0.4398 0.5559
vn -0.7914 0.4162 0.4477
vn -0.7852 0.4216 0.4535
vn -0.6760 0.5023 0.5391
vn -0.8179 0.3962 0.4171
vn -0.8912 0.2585 0.3727
vn -0.7516 0.4134 0.5140
vn -0.7670 0.4748 0.4316
vn -0.7729 0.4823 0.4123
vn -0.8522 0.3268 0.4086
vn -0.6834 0.5220 0.5104
vn -0.7704 0.4629 0.4384
vn -0.8171 0.3862 0.4281
vn -0.7491 0.3987 0.5291
vn -0.8255 0.3407 0.4499
vn -0.8071 0.4026 0.4319
vn -0.7970 0.4096 0.4439
vn -0.8457 0.3378 0.4133
vn -0.7045 0.4794 0.5234
vn -0.7578 0.3860 0.5260
vn -0.8120 0.3610 0.4585
vn -0.7432 0.5131 0.4294
vn -0.6836 0.5052 0.5267
vn -0.7929 0.4012 0.4586
vn -0.6379 0.6011 0.4815
vn -0.7194 0.5417 0.4348
vn -0.5162 0.7730 0.3689
vn -0.6717 0.6084 0.4228
vn -0.5908 0.6085 0.5298
vn -0.6137 0.6041 0.5084
vn -0.6234 0.6326 0.4595
vn -0.5493 0.6883 0.4738
vn -0.6187 0.6292 0.4704
vn -0.5351 0.6181 0.5759
vn -0.6585 0.5914 0.4654
vn -0.6177 0.6611 0.4258
vn -0.5713 0.6267 0.5300
vn -0.5313 0.5866 0.6112
vn -0.6134 0.6501 0.4484
vn -0.5947 0.5471 0.5891
vn -0.4983 0.7574 0.4219
vn -0.5766 0.5680 0.5873
vn -0.4675 0.8155 0.3411
vn -0.6502 0.6782 0.3423
vn -0.3514 0.8564 0.3783
vn -0.5846 0.6770 0.4471
vn -0.5711 0.7457 0.3431
vn -0.3358 0.8647 0.3736
vn -0.6001 0.6705 0.4363
vn -0.6941 0.6049 0.3902
vn -0.5852 0.5845 0.5621
vn -0.6702 0.5565 0.4910
vn -0.4299 0.7855 0.4451
vn -0.7564 0.5738 0.3141
vn -0.6240 0.5601 0.5449
vn -0.7633 0.5138 0.3916
vn -0.7731 0.4160 0.4788
vn -0.6379 0.4583 0.6189
vn -0.5771 0.6326 0.5164
vn -0.7365 0.5863 0.3373
vn -0.6208 0.7216 0.3065
vn -0.6321 0.7001 0.3322
vn -0.6292 0.6941 0.3497
vn -0.5748 0.7915 0.2075
vn -0.6184 0.7045 0.3482
vn -0.6726 0.7347 0.0882
vn -0.4363 0.8912 0.1244
vn -0.5136 0.7156 0.4734
vn -0.5061 0.8570 -0.0967
vn -0.2751 0.9606 -0.0404
vn -0.6600 0.6488 0.3788
vn -0.4001 0.8879 0.2271
vn -0.2593 0.9641 0.0578
vn -0.2635 0.9392 0.2200
vn -0.4393 0.7568 0.4841
vn -0.3361 0.9364 0.1008
vn -0.1864 0.9659 0.1797
vn -0.2515 0.9464 0.2026
vn -0.3852 0.8677 0.3142
vn -0.4301 0.8157 0.3870
vn -0.1483 0.9057 0.3972
vn -0.6688 0.7405 0.0661
vn -0.0664 0.9971 -0.0362
vn -0.0459 0.9359 -0.3493
vn -0.1054 0.9673 -0.2309
vn -0.0606 0.9965 -0.0578
vn 0.1328 0.9623 -0.2373
vn 0.0255 0.9934 -0.1122
vn -0.0815 0.9933 -0.0818
vn -0.1034 0.9938 -0.0398
vn -0.1635 0.9842 0.0682
vn -0.0786 0.9912 0.1062
vn -0.2278 0.9581 0.1739
vn -0.3216 0.8855 0.3352
vn -0.0994 0.9790 0.1782
vn -0.3325 0.8889 0.3152
vn -0.3976 0.7950 0.4581
vn -0.2975 0.8744 0.3833
vn -0.3548 0.8726 0.3355
vn -0.3790 0.8562 0.3512
vn -0.4815 0.7471 0.4583
vn -0.5583 0.5964 0.5768
vn -0.3541 0.7977 0.4881
vn -0.3649 0.6301 0.6854
vn -0.3241 0.8902 0.3202
vn -0.6585 0.6939 0.2914
vn -0.6549 0.6033 0.4551
vn -0.4733 0.7629 0.4404
vn -0.4468 0.8304 0.3329
vn -0.3994 0.8292 0.3911
vn -0.6647 0.6765 0.3172
vn -0.3735 0.8870 0.2716
vn -0.2450 0.9153 0.3196
vn -0.3534 0.8292 0.4330
vn -0.5224 0.6936 0.4960
vn -0.4472 0.8503 0.2776
vn -0.4887 0.8384 0.2414
vn -0.5748 0.7319 0.3659
vn -0.5137 0.7992 0.3122
vn -0.4150 0.8281 0.3768
vn -0.4707 0.7849 0.4029
vn -0.5627 0.6881 0.4581
vn -0.5155 0.7279 0.4522
vn -0.5523 0.6457 0.5273
vn -0.4628 0.6859 0.5615
vn -0.4260 0.7362 0.5258
vn -0.6501 0.7193 0.2448
vn -0.5196 0.7852 0.3367
vn -0.5637 0.6221 0.5433
vn -0.6366 0.6608 0.3976
vn -0.6518 0.6753 0.3451
vn -0.6910 0.5350 0.4860
vn -0.6290 0.6714 0.3920
vn -0.5931 0.6426 0.4851
vn -0.6620 0.5495 0.5097
vn -0.7126 0.5957 0.3706
vn -0.8126 0.4758 0.3365
vn -0.8509 0.4084 0.3304
vn -0.6247 0.5567 0.5476
vn -0.6926 0.6956 0.1906
vn -0.4388 0.8204 0.3667
vn -0.5949 0.6332 0.4951
vn -0.7897 0.4761 0.3870
vn -0.5059 0.8044 0.3114
vn -0.7103 0.5690 0.4145
vn -0.5427 0.6578 0.5223
vn -0.6077 0.7379 0.2935
vn -0.6113 0.7215 0.3253
vn -0.3879 0.8971 0.2115
vn -0.7486 0.5932 0.2963
vn -0.5643 0.6327 0.5304
vn -0.3891 0.8777 0.2799
vn -0.5271 0.7736 0.3517
vn -0.3329 0.9051 0.2647
vn -0.5394 0.7220 0.4332
vn -0.5314 0.7984 0.2831
vn -0.7941 -0.2263 0.5642
vn -0.3882 0.8928 0.2284
vn -0.1302 0.9850 0.1137
vn -0.6078 0.7125 0.3507
vn -0.3073 0.9214 0.2377
vn -0.0140 0.9870 0.1602
vn -0.1024 0.9929 0.0599
vn -0.1088 0.9807 0.1625
vn -0.3570 0.7983 0.4850
vn 0.1870 0.8689 0.4582
vn 0.2325 0.7610 0.6057
vn -0.3664 0.8628 0.3484
vn -0.3559 0.8927 0.2765
vn -0.0536 0.9692 0.2402
vn 0.0670 0.9947 0.0784
vn 0.2414 0.9516 0.1901
vn -0.0364 0.9910 0.1290
vn -0.2823 0.8900 0.3581
vn 0.3258 0.9023 0.2824
vn 0.2143 0.8901 0.4022
vn -0.1619 0.9513 0.2623
vn 0.2708 0.9609 -0.0572
vn 0.5295 0.7583 0.3803
vn 0.0893 0.9839 0.1550
vn 0.3762 0.9214 0.0975
vn 0.4577 0.7945 0.3991
vn 0.5684 0.7974 0.2026
vn 0.0643 0.9892 0.1316
vn 0.2676 0.9621 0.0527
vn 0.4942 0.8678 0.0527
vn 0.4795 0.8774 -0.0127
vn 0.2799 0.9424 -0.1832
vn 0.6395 0.7688 -0.0056
vn 0.5344 0.8306 -0.1567
vn 0.3659 0.8725 -0.3237
vn 0.1512 0.9573 -0.2465
vn 0.3004 0.8879 -0.3485
vn 0.2925 0.9277 -0.2320
vn 0.2756 0.9503 -0.1446
vn 0.3054 0.9149 -0.2641
vn 0.3131 0.8994 -0.3050
vn 0.2170 0.9496 -0.2261
vn 0.2941 0.9368 -0.1893
vn 0.4668 0.8608 -0.2027
vn 0.4056 0.8702 -0.2797
vn 0.2234 0.9640 0.1441
vn 0.1084 0.9835 -0.1449
vn 0.1598 0.9177 -0.3636
vn 0.1706 0.9554 -0.2411
vn 0.1243 0.9889 -0.0820
vn 0.1062 0.9819 -0.1570
vn 0.0729 0.9887 -0.1310
vn 0.1648 0.9835 -0.0739
vn 0.2613 0.9597 -0.1036
vn 0.2946 0.9461 -0.1348
vn 0.1558 0.9875 0.0232
vn 0.1692 0.9814 0.0906
vn -0.0070 0.9995 -0.0313
vn -0.0561 0.9976 0.0404
vn -0.0695 0.9968 0.0401
vn 0.0338 0.9895 -0.1402
vn 0.1334 0.9850 -0.1095
vn 0.0443 0.9907 -0.1290
vn 0.0714 0.9972 -0.0229
vn -0.0268 0.9818 -0.1880
vn 0.0520 0.9909 -0.1241
vn 0.3860 0.8309 -0.4007
vn 0.1045 0.9231 -0.3701
vn 0.2818 0.9284 -0.2423
vn 0.0167 0.8642 -0.5028
vn -0.0924 0.9914 0.0929
vn -0.0413 0.9714 -0.2338
vn 0.1161 0.9212 -0.3715
vn 0.0669 0.9945 -0.0806
vn -0.2951 0.9492 0.1093
vn -0.1735 0.9248 -0.3387
vn -0.3310 0.9256 0.1839
vn -0.2062 0.9635 -0.1704
vn -0.6672 0.6906 0.2792
vn 0.0954 0.9292 0.3572
vn -0.7872 0.4175 -0.4538
vn -0.8096 0.4123 -0.4178
vn -0.0455 0.6319 -0.7737
vn 0.6895 0.6000 0.4057
vn -0.2201 0.8334 -0.5070
vn -0.5385 0.6780 -0.5004
vn -0.5813 0.2080 -0.7866
vn 0.1404 0.5428 -0.8280
vn 0.0251 0.8959 -0.4436
vn -0.4045 0.8983 0.1717
vn -0.2026 0.6354 -0.7451
vn -0.1724 0.6833 -0.7095
vn -0.1279 0.6205 -0.7737
vn -0.2347 0.7114 -0.6625
vn 0.4739 -0.7520 -0.4581
vn 0.0233 0.6604 -0.7505
vn -0.1061 0.6915 -0.7145
vn -0.0854 0.6318 -0.7705
vn -0.6241 0.6021 -0.4980
vn 0.2996 -0.3984 -0.8669
vn -0.6319 -0.2557 -0.7316
vn -0.3883 0.3580 -0.8492
vn -0.3605 0.9130 0.1909
vn 0.0709 0.5919 -0.8029
vn -0.0772 0.5572 -0.8268
vn 0.3797 0.9185 -0.1108
vn -0.5325 0.6013 -0.5957
vn -0.1808 0.8288 -0.5295
vn -0.8507 0.4461 -0.2781
vn -0.7988 0.5836 -0.1460
vn -0.6636 0.4311 -0.6114
vn -0.4346 0.8480 -0.3033
vn -0.6976 0.6667 0.2625
vn -0.8728 0.3840 0.3015
vn -0.9111 0.2093 0.3551
vn -0.9799 0.1533 0.1276
vn -0.7249 0.5061 0.4673
vn -0.7619 0.4559 0.4601
vn -0.6457 0.6534 0.3951
vn -0.7258 0.6010 0.3346
vn -0.6519 0.6410 0.4052
vn -0.8248 0.3867 0.4124
vn -0.7205 0.4835 0.4970
vn -0.7625 0.4607 0.4543
vn -0.8126 0.3707 0.4496
vn -0.7462 0.4988 0.4409
vn -0.8533 0.3584 0.3788
vn -0.7176 0.4233 0.5530
vn -0.7453 0.5857 0.3186
vn -0.8874 0.3023 0.3481
vn -0.7399 0.3410 0.5798
vn -0.8849 0.2602 0.3863
vn -0.7025 0.5047 0.5018
vn -0.9193 0.1872 0.3461
vn -0.9001 0.2368 0.3656
vn -0.8481 0.2927 0.4417
vn -0.7444 0.3734 0.5535
vn -0.8374 0.3409 0.4273
vn -0.9186 0.1676 0.3578
vn -0.7591 0.5025 0.4138
vn -0.9118 -0.0314 0.4095
vn -0.7825 0.3197 0.5344
vn -0.9819 -0.1063 0.1571
vn -0.7866 -0.4384 0.4349
vn -0.8580 -0.3134 0.4069
vn -0.6980 -0.4380 0.5665
vn -0.8015 -0.1234 0.5851
vn -0.9199 0.1338 0.3686
vn -0.8699 -0.1416 0.4725
vn -0.7437 -0.3557 0.5660
vn -0.8699 -0.1924 0.4541
vn -0.9077 -0.1737 0.3821
vn -0.8940 0.0272 0.4473
vn -0.0532 -0.3904 0.9191
vn -0.8523 -0.1399 0.5040
vn -0.7351 -0.2810 0.6170
vn -0.9612 -0.1183 0.2493
vn -0.9897 -0.0646 0.1279
vn -0.9040 -0.1835 0.3861
vn -0.8710 -0.2653 0.4136
vn -0.6912 -0.3955 0.6048
vn -0.8733 -0.3146 0.3719
vn -0.7408 -0.4036 0.5370
vn -0.8324 -0.3422 0.4359
vn -0.9610 -0.0552 0.2709
vn -0.9857 0.0707 0.1531
vn -0.9147 0.1409 0.3789
vn -0.8558 -0.3636 0.3680
vn -0.7444 -0.3972 0.5367
vn -0.7677 -0.0095 0.6407
vn -0.6555 -0.2023 0.7276
vn -0.8792 0.1769 0.4424
vn -0.8710 0.2519 0.4219
vn -0.8688 -0.3306 0.3686
vn -0.8501 0.0715 0.5217
vn -0.8254 0.1784 0.5357
vn -0.9729 0.1572 0.1694
vn -0.7968 0.4859 0.3592
vn -0.9001 0.3725 0.2259
vn -0.8251 0.4967 0.2692
vn -0.7779 0.4955 0.3865
vn -0.8592 0.4155 0.2986
vn -0.9114 0.3702 0.1795
vn -0.7535 0.4904 0.4379
vn -0.9025 0.4045 0.1479
vn -0.7790 0.4434 -0.4433
vn -0.8863 0.4302 -0.1714
vn -0.9571 0.2872 0.0376
vn -0.7875 0.3626 0.4984
vn -0.8365 0.5247 0.1579
vn -0.4774 0.5451 0.6892
vn -0.7890 0.4070 0.4602
vn -0.2847 0.6063 0.7426
vn -0.7827 0.4641 0.4147
vn -0.8271 0.3752 0.4185
vn -0.4800 0.5580 -0.6769
vn -0.3423 0.6141 -0.7111
vn -0.1478 0.7654 -0.6263
vn -0.2082 0.8516 -0.4810
vn -0.0797 0.7990 -0.5960
vn 0.6667 0.4755 0.5740
vn -0.1075 0.7044 -0.7016
vn -0.0332 0.6857 -0.7271
vn 0.0190 0.7496 -0.6616
vn -0.0240 0.6392 -0.7687
vn 0.0062 0.6137 -0.7895
vn 0.0174 0.6662 -0.7456
vn 0.0973 0.5710 -0.8151
vn 0.0402 0.6130 -0.7890
vn -0.0232 0.6361 -0.7713
vn 0.1736 0.6560 -0.7346
vn 0.0148 0.6481 -0.7614
vn 0.0257 0.5511 -0.8340
vn 0.0587 0.6181 -0.7839
vn 0.1126 0.5824 -0.8051
vn 0.1242 0.6900 -0.7131
vn 0.1941 0.6708 -0.7158
vn 0.2051 0.6685 -0.7149
vn 0.1723 0.6837 -0.7092
vn 0.1985 0.6314 -0.7497
vn 0.2602 0.5836 -0.7692
vn -0.0132 0.6126 -0.7903
vn 0.0933 0.6791 -0.7281
vn 0.1258 0.7286 -0.6733
vn 0.4025 0.6600 -0.6343
vn 0.3960 0.5346 -0.7466
vn 0.1372 0.7583 -0.6373
vn 0.0357 0.6073 -0.7937
vn 0.1429 0.7402 -0.6570
vn 0.1480 0.5968 -0.7886
vn 0.1259 0.4811 -0.8676
vn 0.1519 0.7217 -0.6753
vn 0.3233 0.6451 -0.6923
vn 0.1690 0.8335 -0.5260
vn 0.1520 0.7501 -0.6436
vn 0.3853 0.6854 -0.6178
vn 0.3114 0.8196 -0.4810
vn 0.0898 0.8245 -0.5587
vn 0.1913 0.7555 -0.6267
vn 0.2409 0.8373 -0.4908
vn 0.2181 0.8213 -0.5271
vn 0.5575 0.6489 -0.5179
vn 0.0749 0.8032 -0.5910
vn 0.4230 0.6342 -0.6472
vn 0.1404 0.9046 -0.4025
vn 0.5990 0.3552 -0.7177
vn 0.3247 0.9019 -0.2849
vn 0.4416 0.8282 -0.3451
vn 0.3116 0.8032 -0.5078
vn 0.9349 0.3020 -0.1863
vn 0.7890 -0.5863 -0.1837
vn 0.4719 -0.5436 0.6942
vn -0.5647 -0.8209 -0.0857
vn 0.9176 -0.0040 0.3975
vn 0.6086 0.6873 0.3965
vn 0.4339 0.1530 -0.8879
vn -0.4928 0.5074 -0.7069
vn 0.3613 0.5731 0.7356
vn -0.8317 -0.2533 -0.4941
vn -0.3260 -0.7544 0.5697
vn -0.5844 -0.3066 -0.7513
vn 0.7902 -0.5296 0.3085
vn 0.2400 -0.6333 0.7358
vn -0.1346 0.8825 -0.4506
vn -0.7993 0.5444 -0.2543
vn 0.2791 0.6146 -0.7378
vn -0.1841 0.4941 -0.8497
vn 0.0672 -0.5233 0.8495
vn 0.1793 0.8149 -0.5511
vn -0.5381 -0.7717 -0.3389
vn -0.6547 -0.7557 0.0161
vn 0.6720 -0.5544 0.4910
vn 0.1117 0.6321 0.7668
vn -0.8431 0.5226 -0.1265
vn 0.1492 -0.8597 0.4885
vn 0.2666 0.9051 -0.3313
vn 0.6024 0.7948 -0.0733
vn 0.5953 0.7830 -0.1802
vn 0.7119 0.7023 -0.0018
vn 0.6325 0.6848 -0.3619
vn 0.2500 0.8312 -0.4966
vn 0.3805 0.8240 -0.4198
vn 0.3882 0.8679 -0.3099
vn 0.5212 0.7478 -0.4112
vn 0.4368 0.8060 -0.3994
vn 0.3278 0.7440 -0.5823
vn 0.3151 0.8904 -0.3285
vn 0.3293 0.8934 -0.3057
vn 0.3079 0.6230 -0.7190
vn 0.8727 -0.2518 -0.4182
vn 0.6892 -0.5243 0.5001
vn 0.3864 0.6984 -0.6025
vn 0.8370 -0.2715 0.4752
vn -0.1098 -0.9279 0.3563
vn 0.5406 0.7968 -0.2699
vn -0.5072 0.4205 0.7522
vn 0.8031 0.5922 0.0654
vn 0.5614 0.0525 -0.8259
vn 0.3739 0.8927 -0.2516
vn -0.5692 -0.7925 0.2189
vn -0.1269 0.8645 -0.4864
vn 0.7986 -0.1574 0.5809
vn 0.6842 0.2325 -0.6912
vn 0.7112 0.6575 -0.2488
vn -0.5359 -0.6597 0.5269
vn 0.2799 0.6068 -0.7440
vn 0.2023 -0.6158 0.7615
vn 0.2566 0.5933 -0.7630
vn -0.3162 0.9459 0.0734
vn 0.1194 0.8372 -0.5338
vn 0.1728 -0.2578 -0.9506
vn 0.4971 0.7202 -0.4840
vn 0.1110 0.6106 -0.7841
vn 0.0662 0.6654 -0.7436
vn -0.2448 0.4623 -0.8523
vn 0.7680 0.6361 0.0744
vn 0.0018 0.7934 -0.6087
vn 0.1955 0.6425 -0.7409
vn 0.1007 0.7711 -0.6287
vn 0.1781 0.8119 -0.5560
vn 0.2488 0.8865 -0.3902
vn 0.2435 0.7908 -0.5616
vn -0.0644 0.6915 -0.7195
vn 0.1441 0.4929 -0.8581
vn 0.7577 0.6377 0.1388
vn -0.0807 0.9827 -0.1664
vn -0.2420 0.9548 0.1725
vn 0.2690 -0.4714 -0.8399
vn -0.4305 0.3460 -0.8336
vn -0.7878 0.5032 -0.3552
vn -0.0775 0.9595 0.2708
vn 0.1747 0.8612 -0.4774
vn 0.2222 0.7985 -0.5594
vn 0.0451 0.5569 -0.8294
vn 0.0545 0.4887 -0.8708
vn 0.5567 0.4244 -0.7141
vn -0.1823 0.8979 0.4008
vn -0.7826 0.4249 0.4549
vn 0.4774 0.3153 -0.8201
vn -0.5906 0.7711 0.2377
vn -0.8587 -0.1244 -0.4971
vn 0.4523 0.5442 -0.7066
vn -0.1089 -0.1977 -0.9742
vn -0.3452 -0.9130 -0.2173
vn 0.2088 -0.2247 -0.9518
vn -0.2704 0.8321 -0.4842
vn -0.0194 0.5595 0.8286
vn 0.0067 0.6753 -0.7375
vn 0.0828 0.6211 -0.7794
vn -0.2032 0.7186 -0.6651
vn -0.0488 0.5363 -0.8426
vn 0.0338 0.5361 -0.8435
vn 0.0160 0.7617 -0.6477
vn -0.6290 -0.0012 -0.7774
vn 0.0602 0.6176 -0.7842
vn 0.0922 0.6048 -0.7910
vn -0.6328 -0.3114 0.7089
vn -0.0893 -0.3424 -0.9353
vn -0.2251 -0.3297 -0.9169
vn -0.7153 0.0948 0.6924
vn 0.4505 0.4587 0.7659
vn -0.4991 -0.4239 -0.7558
vn 0.0464 0.7317 -0.6801
vn 0.4613 -0.5548 -0.6924
vn 0.2418 0.6268 -0.7407
vn -0.0482 0.6275 -0.7771
vn -0.1214 0.5311 -0.8386
vn -0.4274 0.6608 -0.6169
vn -0.0965 0.6584 -0.7465
vn -0.0606 0.6557 -0.7526
vn -0.1016 0.6069 -0.7882
vn 0.0163 0.9991 0.0384
vn -0.2712 0.3039 -0.9133
vn -0.1266 0.0805 -0.9887
vn -0.4953 0.7352 -0.4628
vn -0.4980 0.0082 -0.8671
vn 0.0274 0.8274 -0.5610
vn 0.7023 -0.0115 -0.7117
vn -0.1665 -0.9860 -0.0006
vn -0.4588 -0.2500 -0.8526
vn 0.0092 -0.1259 0.9920
vn 0.1851 -0.9385 0.2914
vn 0.0409 -0.5672 -0.8225
vn 0.1733 0.8744 -0.4532
vn 0.0132 0.6912 0.7226
vn 0.8130 -0.3865 -0.4355
vn -0.7587 0.3672 0.5381
vn -0.8749 -0.3975 -0.2765
vn 0.1403 0.6484 -0.7483
vn 0.0050 0.7837 -0.6211
vn -0.9341 -0.2226 -0.2790
vn 0.1380 0.9884 -0.0634
vn -0.0925 0.9652 -0.2445
vn 0.5111 0.7151 0.4768
vn 0.0350 0.9626 -0.2687
vn -0.1390 0.9855 -0.0972
vn 0.7877 0.4924 0.3703
vn 0.2639 0.4762 -0.8388
vn 0.1608 0.8653 -0.4748
vn -0.9758 0.2043 0.0776
vn 0.3550 0.8825 0.3085
vn -0.6636 -0.1286 0.7370
vn 0.1677 0.9201 -0.3540
vn -0.4094 0.9039 0.1237
vn -0.7379 0.4961 -0.4577
vn -0.5227 -0.7710 0.3637
vn 0.2014 0.5798 -0.7895
vn -0.6678 -0.5970 -0.4445
vn -0.3659 0.9042 -0.2202
vn -0.1315 0.4707 0.8724
vn -0.0654 0.2623 -0.9628
vn 0.1714 -0.6692 0.7230
vn 0.2358 0.9106 -0.3394
vn 0.2037 0.9334 -0.2954
vn -0.0335 0.9544 -0.2966
vn 0.1015 0.9182 -0.3830
vn 0.2345 0.9101 -0.3417
vn -0.9001 0.4294 -0.0738
vn 0.1934 0.6101 0.7684
vn -0.2794 0.8996 0.3358
vn 0.0488 0.9523 -0.3012
vn 0.2184 0.8947 -0.3896
vn 0.7073 0.6823 -0.1851
vn -0.6337 0.2959 -0.7147
vn -0.8226 0.5265 0.2148
vn -0.7905 0.5687 0.2273
vn 0.9396 0.2897 0.1822
vn -0.0663 0.7604 -0.6461
vn -0.8674 -0.2522 0.4289
vn -0.9122 -0.2074 0.3535
vn -0.7528 -0.3510 0.5569
vn -0.8304 0.1620 0.5331
vn -0.7300 0.4667 0.4993
vn -0.5018 0.8628 0.0614
vn -0.3709 0.9145 -0.1617
vn -0.4119 0.8670 -0.2806
vn -0.1350 0.8117 -0.5683
vn -0.1307 0.8101 -0.5715
vn -0.1756 0.8753 -0.4505
vn 0.0299 0.5847 -0.8107
vn -0.7015 -0.0905 -0.7069
vn 0.0011 0.9279 -0.3728
vn -0.1369 0.9359 -0.3245
vn -0.0263 0.9372 -0.3477
vn -0.8077 -0.4171 -0.4167
vn -0.4149 0.8425 0.3435
vn -0.0066 0.9276 -0.3735
vn -0.1029 0.9761 0.1912
vn -0.1386 0.9846 0.1063
vn 0.0616 0.9966 0.0550
vn 0.1911 0.9799 0.0563
vn -0.1803 0.9825 0.0473
vn -0.0807 0.9947 0.0631
vn -0.5290 0.8075 0.2609
vn -0.1481 0.9824 0.1141
vn -0.5862 0.7240 0.3637
vn -0.3064 0.9459 0.1070
vn -0.5468 0.7822 0.2987
vn -0.5337 0.7508 0.3892
vn -0.5254 0.7226 0.4492
vn -0.6331 0.6507 0.4193
vn -0.5172 0.7063 0.4833
vn -0.5565 0.7454 0.3670
vn -0.6025 0.7030 0.3779
vn -0.2907 0.9507 0.1080
vn -0.6927 0.6946 0.1942
vn -0.5995 0.6659 0.4441
vn -0.6466 0.7041 0.2935
vn -0.6360 0.5753 0.5143
vn -0.2135 0.9015 0.3764
vn -0.0129 0.9971 0.0756
vn 0.6684 0.7322 0.1308
vn -0.3625 0.8064 0.4673
vn -0.4419 0.6201 0.6482
vn -0.3461 0.7450 0.5702
vn -0.6948 0.5314 0.4846
vn -0.7674 0.4685 0.4377
vn -0.6903 0.5574 0.4613
vn -0.7373 0.4691 0.4861
vn -0.2929 0.6789 0.6733
vn -0.7737 0.4099 0.4831
vn -0.9028 0.3024 0.3059
vn -0.4134 0.7740 0.4797
vn -0.2583 -0.2509 -0.9329
vn 0.3580 0.4778 0.8022
vn 0.0534 0.8012 0.5960
vn 0.7799 0.5544 -0.2906
vn 0.7005 0.5767 -0.4204
vn 0.7024 0.5952 -0.3904
vn 0.6406 0.6454 -0.4160
vn 0.7813 0.1640 -0.6022
vn 0.7870 0.5520 -0.2755
vn 0.9058 0.3908 -0.1638
vn -0.1690 0.9851 0.0308
vn -0.7173 0.6055 0.3449
vn -0.7941 0.1737 0.5825
vn -0.8644 0.4790 0.1531
vn -0.9356 0.2647 0.2336
vn -0.9434 0.2599 0.2061
vn -0.8429 0.5114 0.1671
vn -0.7880 0.5729 0.2255
vn -0.7283 0.6656 0.1629
vn -0.7091 0.6682 0.2251
vn -0.7742 0.6105 0.1669
vn -0.7204 0.6355 0.2778
vn -0.9275 0.3304 0.1749
vn -0.9495 0.2871 0.1263
vn -0.8860 0.2101 0.4133
vn -0.8569 0.4926 0.1519
vn -0.6586 0.7177 0.2262
vn -0.8680 0.4352 0.2391
vn -0.8987 0.3829 0.2140
vn -0.8379 0.5257 0.1472
vn -0.9609 0.2412 0.1361
vn -0.8131 0.3974 0.4253
vn -0.9559 0.1961 0.2187
vn -0.9380 0.2758 0.2100
vn -0.9389 0.1634 0.3030
vn -0.7836 0.3816 0.4903
vn -0.7787 0.4944 0.3863
vn -0.8532 0.4064 0.3268
vn -0.7935 0.1671 0.5851
vn -0.9006 0.4138 0.1332
vn -0.7250 0.5349 0.4338
vn -0.7915 0.5812 0.1890
vn -0.6013 0.7803 0.1718
vn -0.6250 0.7540 0.2022
vn -0.5441 0.8132 0.2064
vn -0.5403 0.8072 0.2378
vn -0.6945 0.7012 0.1613
vn -0.5794 0.8029 0.1402
vn -0.6273 0.7590 0.1742
vn -0.4998 0.8469 0.1816
vn -0.6767 0.7148 0.1761
vn -0.4948 0.8569 0.1445
vn -0.3326 0.9373 0.1036
vn -0.6118 0.7732 0.1670
vn -0.6325 0.7325 0.2518
vn -0.4917 0.8617 0.1256
vn -0.5093 0.8377 0.1970
vn -0.6302 0.7600 0.1588
vn -0.8979 -0.0274 0.4394
vn -0.4002 -0.6790 0.6155
vn -0.7766 -0.4337 0.4570
vn -0.7957 -0.3630 0.4849
vn -0.5440 -0.5815 0.6050
vn -0.4984 -0.7400 0.4516
vn -0.4658 -0.7101 0.5280
vn -0.3303 -0.8789 0.3442
vn -0.5483 -0.6536 0.5217
vn -0.4280 -0.7527 0.5002
vn -0.3542 -0.8785 0.3207
vn -0.6405 -0.7207 0.2654
vn -0.5746 -0.5725 0.5848
vn -0.4124 -0.8567 0.3098
vn -0.4494 -0.7420 0.4975
vn -0.3483 -0.8979 0.2692
vn -0.4379 -0.8618 0.2559
vn -0.5916 -0.7006 0.3990
vn -0.2637 -0.8701 0.4164
vn -0.4360 -0.8506 0.2940
vn -0.5879 -0.7206 0.3675
vn -0.5371 -0.7533 0.3795
vn -0.5403 -0.7783 0.3198
vn -0.5787 -0.7180 0.3867
vn -0.4638 -0.8142 0.3492
vn -0.6333 -0.7132 0.3006
vn -0.4767 -0.8158 0.3275
vn -0.5963 -0.6769 0.4316
vn -0.4705 -0.8032 0.3654
vn -0.5252 -0.7990 0.2929
vn -0.4351 -0.8585 0.2714
vn -0.6005 -0.7515 0.2732
vn -0.5847 -0.7250 0.3640
vn -0.5818 -0.7516 0.3107
vn -0.4308 -0.8664 0.2523
vn -0.6063 -0.7318 0.3113
vn -0.4298 -0.8759 0.2193
vn -0.4647 -0.8479 0.2554
vn -0.3974 -0.8751 0.2762
vn -0.5936 -0.7493 0.2936
vn -0.5272 -0.8107 0.2544
vn -0.6423 -0.6969 0.3189
vn -0.6362 -0.6952 0.3346
vn -0.6585 -0.7342 0.1653
vn -0.4407 -0.8644 0.2422
vn -0.6276 -0.6597 0.4135
vn -0.4343 -0.8114 0.3912
vn -0.5771 -0.7218 0.3820
vn -0.5264 -0.8045 0.2750
vn -0.7022 -0.6944 0.1572
vn -0.2994 -0.9294 0.2157
vn -0.5776 -0.7581 0.3028
vn -0.4123 -0.7891 0.4553
vn -0.6093 -0.7145 0.3437
vn -0.3636 -0.9158 0.1707
vn -0.3479 -0.8975 0.2710
vn -0.6781 -0.7145 0.1721
vn -0.4592 -0.8239 0.3321
vn -0.4547 -0.7209 0.5231
vn -0.4345 -0.8044 0.4051
vn -0.6944 -0.6463 0.3163
vn -0.6652 -0.6401 0.3845
vn -0.7167 -0.5786 0.3894
vn -0.6923 -0.6019 0.3980
vn -0.6442 -0.7314 0.2240
vn -0.6660 -0.6568 0.3536
vn -0.6616 -0.6440 0.3841
vn -0.7220 -0.6292 0.2877
vn -0.5469 -0.6513 0.5260
vn -0.7365 -0.6241 0.2608
vn -0.6912 -0.6948 0.1986
vn -0.6629 -0.6325 0.4006
vn -0.8494 -0.4538 0.2694
vn -0.8164 -0.4721 0.3325
vn -0.7029 -0.5703 0.4251
vn -0.7957 -0.5049 0.3345
vn -0.7061 -0.6427 0.2973
vn -0.6594 -0.6676 0.3457
vn -0.7032 -0.6587 0.2676
vn -0.8057 -0.4827 0.3434
vn -0.7975 -0.3763 0.4716
vn -0.7029 -0.6460 0.2977
vn -0.6235 -0.6846 0.3776
vn -0.6969 -0.4673 0.5440
vn -0.8744 -0.3906 0.2879
vn -0.7892 -0.5329 0.3052
vn -0.7235 -0.6118 0.3197
vn -0.7296 -0.5404 0.4191
vn -0.7337 -0.5974 0.3238
vn -0.6924 -0.6702 0.2672
vn -0.5898 -0.7114 0.3821
vn -0.6592 -0.5761 0.4833
vn -0.6849 -0.5757 0.4467
vn -0.5996 -0.7603 0.2499
vn -0.6585 -0.7313 0.1781
vn -0.6690 -0.6609 0.3400
vn -0.5724 -0.7447 0.3433
vn -0.6140 -0.6532 0.4430
vn -0.6514 -0.6516 0.3888
vn 0.0891 -0.9003 0.4259
vn 0.0708 0.2606 -0.9629
vn 0.3724 0.4773 -0.7959
vn 0.4700 0.0994 -0.8770
vn 0.3147 -0.1215 -0.9414
vn -0.1878 0.2027 -0.9611
vn -0.1540 0.2684 -0.9509
vn 0.0495 0.6128 -0.7887
vn -0.5036 0.4882 -0.7127
vn -0.3945 0.2164 -0.8931
vn 0.1231 -0.2697 -0.9550
vn -0.4597 0.5503 -0.6970
vn -0.3704 0.0555 -0.9272
vn -0.6025 0.2225 -0.7664
vn -0.6235 0.5394 -0.5659
vn -0.6379 0.6279 -0.4459
vn -0.6019 0.5866 -0.5419
vn -0.7560 0.4940 -0.4295
vn -0.6159 0.5802 -0.5330
vn -0.3232 0.7908 -0.5197
vn -0.7574 0.4047 -0.5125
vn -0.4473 0.6875 -0.5720
vn -0.5970 0.5816 -0.5526
vn -0.2100 0.8345 -0.5093
vn -0.3297 0.7474 -0.5769
vn -0.1259 0.9186 -0.3745
vn -0.0940 0.8573 -0.5061
vn -0.1876 0.8898 -0.4161
vn -0.0497 0.9395 -0.3390
vn -0.0603 0.8392 -0.5405
vn -0.0938 0.9422 -0.3217
vn -0.1244 0.9858 0.1127
vn 0.0974 0.8839 -0.4574
vn 0.1146 0.9212 -0.3718
vn -0.0075 0.8537 -0.5207
vn 0.2974 0.7183 -0.6289
vn 0.1113 0.8403 -0.5306
vn 0.3742 0.8202 -0.4328
vn 0.1736 0.7787 -0.6029
vn -0.1399 0.8238 -0.5493
vn 0.6189 0.3487 -0.7039
vn 0.4923 0.5266 -0.6931
vn -0.2087 0.6543 -0.7269
vn 0.7738 0.2188 -0.5945
vn 0.6730 0.1511 -0.7241
vn 0.6744 0.1047 -0.7309
vn 0.7828 -0.1612 -0.6011
vn 0.7432 -0.1086 -0.6602
vn 0.8492 -0.4085 -0.3347
vn 0.8916 -0.3162 -0.3241
vn 0.8668 -0.2169 -0.4489
vn 0.8315 0.0118 -0.5554
vn 0.8126 -0.5279 -0.2469
vn 0.7911 -0.4096 -0.4544
vn 0.7558 -0.6026 -0.2562
vn 0.7450 -0.6442 -0.1732
vn 0.6236 -0.7541 -0.2060
vn 0.6931 -0.7056 -0.1472
vn 0.8135 -0.5312 -0.2368
vn 0.6807 -0.7311 -0.0457
vn 0.5038 -0.8625 -0.0488
vn 0.6425 -0.7410 -0.1953
vn 0.6481 -0.7610 -0.0271
vn 0.5939 -0.7534 -0.2822
vn 0.6010 -0.7989 0.0237
vn 0.4653 -0.8832 0.0586
vn 0.6147 -0.7831 0.0939
vn 0.4033 -0.9141 0.0426
vn 0.3016 -0.9511 0.0670
vn 0.0901 -0.9683 0.2330
vn 0.3373 -0.9412 -0.0194
vn 0.2955 -0.9546 -0.0375
vn 0.2607 -0.9604 0.0979
vn 0.4095 -0.9005 -0.1463
vn 0.3663 -0.9038 -0.2212
vn 0.4503 -0.8667 -0.2146
vn 0.5157 -0.7618 -0.3922
vn 0.1889 -0.8218 -0.5376
vn -0.2913 -0.5336 -0.7940
vn -0.0642 -0.4398 -0.8958
vn 0.2431 -0.2961 -0.9237
vn 0.4591 -0.5230 -0.7181
vn -0.0816 -0.8570 -0.5088
vn 0.2270 -0.9469 -0.2277
vn -0.2923 -0.9036 -0.3131
vn -0.4708 -0.6662 -0.5783
vn 0.2673 -0.9633 0.0241
vn -0.2558 -0.9662 -0.0329
vn -0.2162 -0.9424 0.2552
vn -0.5995 -0.7846 0.1585
vn -0.6934 -0.6987 -0.1761
vn -0.6081 -0.7371 0.2949
vn -0.2418 -0.9084 0.3409
vn 0.2225 -0.9392 0.2614
vn 0.0737 -0.9636 0.2568
vn -0.2819 -0.9114 0.2997
vn -0.1417 -0.9605 0.2396
vn -0.3077 -0.8974 0.3163
vn -0.5634 -0.7819 0.2670
vn -0.8139 -0.5421 0.2093
vn -0.6929 -0.6921 0.2022
vn -0.5614 -0.7734 0.2946
vn -0.9420 -0.3347 -0.0245
vn -0.8413 -0.5337 -0.0854
vn -0.8367 -0.5183 0.1770
vn -0.6746 -0.6926 0.2553
vn -0.6932 -0.6876 0.2161
vn -0.8266 -0.5302 0.1888
vn -0.6867 -0.6992 0.1989
vn -0.5322 -0.8122 0.2388
vn -0.5167 -0.8366 0.1820
vn -0.2824 -0.9530 0.1101
vn -0.6401 -0.7357 0.2213
vn -0.7202 -0.6334 0.2830
vn -0.6923 -0.6576 0.2971
vn -0.7403 -0.6125 0.2771
vn -0.5942 -0.7873 0.1644
vn -0.6498 -0.7102 0.2709
vn -0.4097 -0.8831 0.2286
vn -0.2415 -0.9692 0.0490
vn -0.1958 -0.9731 0.1213
vn -0.5132 -0.8113 0.2802
vn -0.5405 -0.7988 0.2642
vn -0.4977 -0.8375 0.2256
vn -0.5353 -0.7974 0.2787
vn -0.6797 -0.7017 0.2135
vn -0.5002 -0.8267 0.2577
vn -0.3679 -0.9192 0.1405
vn -0.2914 -0.8989 0.3273
vn -0.0176 -0.9734 0.2285
vn -0.0015 -0.9517 0.3072
vn -0.2990 -0.9149 0.2712
vn -0.2670 -0.9494 0.1652
vn 0.3036 -0.9399 0.1565
vn 0.0273 -0.9647 0.2620
vn 0.2576 -0.9173 0.3037
vn -0.4853 -0.8354 0.2581
vn -0.1962 -0.9507 0.2402
vn -0.6061 -0.7905 0.0884
vn -0.6840 -0.7155 0.1424
vn -0.7433 -0.6286 0.2289
vn -0.5924 -0.7645 0.2541
vn -0.5936 -0.7772 0.2088
vn -0.9080 -0.2637 0.3255
vn -0.7764 -0.5559 0.2968
vn -0.6862 -0.6814 0.2547
vn -0.9183 -0.3654 0.1522
vn -0.9623 -0.2652 0.0608
vn -0.7503 -0.6331 0.1901
vn -0.6574 -0.7371 0.1564
vn -0.6304 -0.7538 0.1851
vn -0.7329 -0.6694 0.1214
vn -0.8170 -0.5178 0.2539
vn -0.9563 -0.2792 0.0865
vn -0.8971 -0.3227 0.3019
vn -0.9553 0.0254 0.2946
vn -0.9501 0.0316 0.3102
vn -0.8208 0.4905 0.2928
vn -0.9641 0.2564 0.0688
vn -0.9056 0.4035 0.1310
vn -0.7142 0.6611 0.2301
vn -0.7004 0.6935 0.1692
vn -0.6970 0.7091 0.1065
vn -0.5279 0.8347 0.1568
vn -0.9581 0.2717 0.0911
vn -0.6835 0.7187 0.1279
vn -0.4646 0.8826 0.0715
vn -0.9709 -0.1366 0.1968
vn -0.9809 -0.0882 0.1733
vn -0.9870 -0.1374 0.0835
vn -0.7702 0.5952 0.2291
vn -0.7965 -0.5840 0.1563
vn -0.9439 -0.3121 0.1075
vn -0.6938 -0.7179 0.0576
vn -0.6546 -0.7269 0.2077
vn -0.5403 -0.8376 0.0809
vn -0.5198 -0.8466 0.1144
vn -0.5606 -0.8074 0.1839
vn -0.4487 -0.8850 0.1239
vn -0.4790 -0.8754 0.0653
vn -0.5292 -0.8382 0.1322
vn -0.5554 -0.8291 0.0647
vn -0.0112 -0.9992 0.0375
vn -0.6689 -0.7411 0.0575
vn -0.1506 -0.9755 0.1603
vn 0.3428 -0.9366 0.0720
vn -0.4490 -0.8821 0.1426
vn -0.0450 -0.9984 0.0345
vn 0.3433 -0.9386 0.0329
vn 0.8125 -0.5408 0.2176
vn 0.2832 -0.9353 0.2119
vn 0.0529 -0.9964 0.0661
vn 0.5985 -0.7999 -0.0450
vn 0.6799 -0.7319 0.0456
vn 0.6975 -0.7144 0.0559
vn 0.6365 -0.7491 0.1838
vn 0.5773 -0.7954 0.1847
vn 0.6069 -0.7739 0.1808
vn 0.6078 -0.7749 0.1736
vn 0.6180 -0.7304 0.2907
vn 0.5494 -0.8127 0.1939
vn 0.6680 -0.7208 0.1850
vn 0.5971 -0.7689 0.2287
vn 0.5514 -0.8137 0.1840
vn 0.7046 -0.6891 0.1691
vn 0.6426 -0.7523 0.1454
vn 0.6068 -0.7838 0.1320
vn 0.4158 -0.8967 0.1514
vn 0.5766 -0.8015 0.1585
vn 0.4742 -0.8731 0.1132
vn 0.2067 -0.9743 0.0896
vn 0.8259 -0.4949 0.2703
vn 0.2589 -0.9648 0.0471
vn 0.4540 -0.8781 0.1514
vn -0.0591 -0.9956 0.0732
vn 0.1251 -0.9775 0.1698
vn 0.4667 -0.8813 0.0738
vn -0.0715 -0.9456 0.3174
vn -0.1674 -0.9418 0.2916
vn 0.6891 -0.7224 0.0575
vn 0.3295 -0.9396 0.0921
vn 0.7899 -0.5963 0.1428
vn 0.7075 -0.6801 0.1923
vn 0.6950 -0.7000 0.1641
vn 0.8727 -0.4585 0.1681
vn 0.9601 -0.2704 0.0706
vn 0.9176 -0.3386 0.2080
vn 0.9905 0.1214 0.0650
vn 0.9516 -0.2993 0.0695
vn 0.9464 -0.0569 0.3180
vn 0.9537 0.2907 0.0772
vn 0.9127 -0.2964 0.2812
vn 0.9642 0.1050 0.2433
vn 0.8960 0.3900 0.2123
vn 0.9012 0.4154 0.1238
vn 0.9878 0.1427 0.0619
vn 0.7686 0.6235 0.1428
vn 0.7320 0.6813 0.0001
vn 0.9498 0.3094 0.0469
vn 0.9417 0.2879 -0.1741
vn 0.9586 -0.1871 -0.2145
vn 0.8681 0.2054 -0.4519
vn 0.6049 0.7569 -0.2474
vn 0.6821 0.5639 -0.4655
vn 0.8264 0.0047 -0.5631
vn 0.6990 0.4639 -0.5442
vn 0.7427 0.4549 -0.4914
vn 0.6141 0.6498 -0.4479
vn 0.4632 0.7053 -0.5366
vn 0.6323 0.5599 -0.5354
vn 0.2959 0.8646 -0.4062
vn 0.2701 0.9422 -0.1985
vn 0.2160 0.9576 -0.1908
vn 0.4739 0.8768 0.0820
vn 0.1449 0.9539 -0.2627
vn 0.2035 0.9104 -0.3602
vn 0.4054 0.9139 0.0233
vn 0.6491 0.7484 0.1365
vn 0.4647 0.8827 0.0699
vn 0.6873 0.7048 0.1755
vn 0.9292 0.3603 0.0819
vn 0.7318 0.6689 0.1305
vn 0.7148 0.6919 0.1022
vn 0.8678 0.4873 0.0975
vn 0.9971 0.0293 -0.0700
vn 0.9731 0.2165 -0.0789
vn 0.9777 -0.1933 -0.0820
vn 0.9184 0.3928 -0.0463
vn 0.8759 -0.4772 -0.0713
vn 0.9395 -0.3372 0.0608
vn 0.8603 0.2995 -0.4126
vn 0.7252 0.6781 -0.1197
vn 0.6288 0.7628 -0.1508
vn 0.5516 0.8316 -0.0646
vn 0.5495 0.8326 -0.0686
vn 0.3589 0.9316 -0.0584
vn 0.7212 0.6923 -0.0251
vn 0.4216 0.9012 -0.1001
vn 0.6467 0.7615 0.0433
vn 0.2309 0.9726 0.0265
vn 0.5312 0.8198 0.2141
vn 0.2656 0.9451 0.1902
vn 0.0398 0.9990 -0.0177
vn 0.3994 0.9151 -0.0563
vn -0.0479 0.9985 0.0260
vn -0.1568 0.9844 0.0794
vn 0.0126 0.9783 0.2070
vn -0.0815 0.9771 0.1966
vn -0.0833 0.9646 0.2501
vn 0.1944 0.9453 0.2619
vn -0.2850 0.9419 0.1776
vn -0.2965 0.9524 -0.0711
vn 0.2132 0.9745 0.0698
vn -0.0193 0.9995 -0.0265
vn 0.1808 0.9824 0.0476
vn 0.4262 0.9005 0.0861
vn 0.2446 0.9479 -0.2042
vn 0.2948 0.9543 0.0493
vn 0.0673 0.9549 -0.2893
vn 0.5383 0.8341 0.1201
vn -0.2213 0.9715 -0.0849
vn -0.1088 0.9306 -0.3495
vn -0.0149 0.9604 -0.2782
vn 0.0690 0.9656 -0.2507
vn -0.3430 0.9134 -0.2194
vn -0.0221 0.9638 -0.2658
vn -0.1930 0.9805 -0.0369
vn -0.1460 0.9860 -0.0807
vn -0.2160 0.9345 -0.2830
vn -0.1664 0.9211 -0.3519
vn -0.3253 0.9452 0.0273
vn -0.2389 0.9701 0.0434
vn -0.3476 0.9044 -0.2475
vn -0.6850 0.7278 -0.0334
vn -0.5360 0.8403 0.0814
vn -0.7033 0.6763 0.2192
vn -0.7219 0.6902 0.0506
vn -0.5194 0.8497 -0.0901
vn -0.8703 0.4656 0.1608
vn -0.6596 0.7353 -0.1559
vn -0.7670 0.6398 0.0485
vn -0.8134 0.5379 -0.2214
vn -0.7519 0.6589 0.0212
vn -0.9532 0.2038 0.2236
vn -0.8779 0.4112 0.2453
vn -0.9675 0.2478 -0.0510
vn -0.9871 -0.1599 0.0108
vn -0.9198 0.2659 -0.2886
vn -0.9573 -0.1440 -0.2507
vn -0.9625 -0.0159 -0.2708
vn -0.8514 0.3479 -0.3926
vn -0.6244 0.2403 -0.7432
vn -0.8641 0.1919 -0.4654
vn -0.9577 0.0766 -0.2773
vn -0.7990 0.4640 -0.3824
vn -0.7447 0.5406 -0.3915
vn -0.8966 0.2011 -0.3944
vn -0.7204 0.4887 -0.4922
vn -0.7889 0.4457 -0.4231
vn -0.7272 0.5859 -0.3577
vn -0.7607 0.5109 -0.4003
vn -0.8350 0.1831 -0.5189
vn -0.8220 -0.0639 -0.5659
vn -0.9005 -0.2287 -0.3697
vn -0.5469 -0.2769 -0.7901
vn -0.7612 -0.4109 -0.5018
vn -0.8563 -0.4721 -0.2095
vn -0.7917 -0.5759 0.2039
vn -0.7847 -0.6081 -0.1202
vn -0.9539 -0.2932 -0.0647
vn -0.9260 -0.1688 -0.3377
vn -0.7561 0.3323 -0.5638
vn -0.7483 0.2647 -0.6082
vn -0.8283 0.2729 -0.4894
vn -0.7560 0.4188 -0.5030
vn -0.7586 0.3541 -0.5469
vn -0.5389 0.8003 -0.2629
vn -0.7233 0.3065 -0.6188
vn -0.6738 0.5291 -0.5158
vn -0.3853 0.7881 -0.4801
vn -0.2371 0.9158 -0.3240
vn -0.7570 -0.6153 0.2199
vn -0.9563 -0.2574 0.1384
vn -0.8455 -0.4318 0.3142
vn -0.9332 -0.1452 0.3286
vn -0.8426 -0.4898 0.2239
vn -0.9484 -0.1344 0.2872
vn -0.9465 0.1480 0.2867
vn -0.9442 -0.1615 0.2872
vn -0.8290 -0.4556 0.3245
vn -0.9217 -0.1915 0.3374
vn -0.9527 0.1119 0.2826
vn -0.9430 0.1652 0.2889
vn -0.8703 -0.4347 0.2316
vn -0.8355 -0.4868 0.2551
vn -0.9376 -0.1831 0.2956
vn -0.9407 -0.1958 0.2769
vn -0.8187 -0.5241 0.2346
vn -0.7075 -0.6617 0.2483
vn -0.9630 0.1021 0.2492
vn -0.9483 0.0826 0.3064
vn -0.9293 -0.2668 0.2553
vn -0.8838 0.3665 0.2909
vn -0.9264 0.1508 0.3451
vn -0.9171 0.3739 0.1382
vn -0.8668 0.4069 0.2881
vn -0.7096 0.6608 0.2446
vn -0.8613 0.4583 0.2193
vn -0.7675 0.5986 0.2294
vn -0.6796 0.7131 0.1724
vn -0.5012 0.8619 0.0773
vn -0.5377 0.8082 0.2402
vn -0.6447 0.7250 0.2423
vn -0.5910 0.7912 0.1570
vn -0.5544 0.8190 0.1477
vn -0.7701 0.6304 0.0975
vn -0.4921 0.8530 0.1741
vn -0.5518 0.8289 0.0925
vn -0.6819 0.7012 0.2080
vn -0.7484 0.6457 0.1516
vn -0.6384 0.7562 0.1436
vn -0.4947 0.8627 0.1048
vn -0.5204 0.8487 0.0942
vn -0.4176 0.9032 0.0995
vn -0.5611 0.8205 0.1092
vn -0.2899 0.9521 0.0975
vn -0.3470 0.9308 0.1152
vn -0.3505 0.9093 0.2245
vn -0.3888 0.9173 0.0858
vn -0.3007 0.9481 0.1035
vn -0.6913 0.6722 0.2652
vn -0.2184 0.9755 0.0260
vn -0.4159 0.9074 0.0603
vn -0.2820 0.9565 0.0748
vn -0.1849 0.9815 0.0490
vn -0.3279 0.9331 0.1475
vn -0.4742 0.8794 0.0414
vn -0.3597 0.9282 0.0952
vn -0.6488 0.7367 0.1906
vn -0.7033 0.7095 0.0446
vn -0.9589 0.2738 0.0745
vn -0.7039 0.6939 0.1518
vn -0.5076 0.8601 0.0496
vn -0.6861 0.7233 0.0788
vn -0.5152 0.8555 0.0521
vn -0.6122 0.7863 0.0834
vn -0.2964 0.9519 0.0776
vn -0.7340 0.6680 0.1231
vn -0.6959 0.7146 0.0713
vn -0.9637 0.2518 0.0886
vn -0.9635 0.2570 0.0754
vn -0.8343 0.5243 0.1705
vn -0.7910 0.6062 0.0824
vn -0.8352 0.5168 0.1884
vn -0.9665 0.2052 0.1540
vn -0.6049 0.7925 0.0772
vn -0.7101 0.2206 0.6686
vn -0.5653 0.7314 0.3814
vn -0.9495 -0.1890 0.2503
vn -0.5070 -0.2367 0.8288
vn -0.3099 0.3475 0.8850
vn 0.1172 -0.0575 0.9914
vn 0.0115 -0.0827 0.9965
vn -0.1480 0.4915 0.8582
vn 0.0369 0.0367 0.9986
vn -0.1887 -0.3633 0.9123
vn -0.1435 -0.4904 0.8596
vn -0.0906 0.0880 0.9920
vn -0.3612 -0.8481 0.3875
vn 0.0423 -0.8667 0.4971
vn 0.2078 -0.4776 0.8536
vn -0.4431 -0.7680 0.4625
vn -0.3338 -0.9350 0.1197
vn 0.0440 -0.9837 0.1742
vn -0.1729 -0.9821 0.0749
vn 0.2557 -0.9629 0.0859
vn 0.3307 -0.9395 0.0894
vn 0.3224 -0.9080 0.2678
vn 0.4812 -0.8727 0.0831
vn 0.2561 -0.9624 0.0910
vn 0.5517 -0.8013 0.2314
vn 0.7766 -0.6208 0.1069
vn 0.7599 -0.6500 -0.0002
vn 0.6704 -0.7381 0.0755
vn -0.1841 -0.9805 0.0686
vn 0.1881 -0.9813 -0.0401
vn 0.3520 -0.9213 -0.1652
vn 0.7298 -0.6641 -0.1622
vn 0.0581 -0.9981 0.0225
vn 0.3626 -0.9317 0.0227
vn 0.6082 -0.7541 -0.2478
vn 0.8376 -0.5154 -0.1812
vn 0.6467 -0.7576 -0.0879
vn 0.7338 -0.6671 -0.1287
vn 0.8336 -0.5486 -0.0650
vn 0.8786 -0.4566 -0.1399
vn 0.6323 -0.7557 -0.1707
vn 0.4979 -0.8631 -0.0843
vn 0.6493 -0.7371 -0.1875
vn 0.7906 -0.5494 -0.2703
vn 0.6861 -0.7177 -0.1189
vn 0.9480 -0.2972 -0.1135
vn 0.7332 -0.6791 -0.0361
vn 0.9190 -0.3817 -0.0982
vn 0.7670 -0.6407 -0.0363
vn 0.7476 -0.6628 -0.0426
vn 0.8936 -0.4435 -0.0690
vn 0.8909 -0.4433 -0.0989
vn 0.8787 -0.4733 0.0623
vn 0.8881 -0.4522 0.0828
vn 0.9420 -0.3232 0.0903
vn 0.9654 -0.2226 0.1356
vn 0.8242 -0.5181 0.2288
vn 0.6817 -0.7022 0.2055
vn 0.9723 -0.1580 -0.1723
vn 0.9205 -0.3621 -0.1469
vn 0.9907 -0.0341 -0.1315
vn 0.9844 0.1668 -0.0554
vn 0.7550 0.6488 -0.0950
vn 0.9913 -0.1073 -0.0767
vn 0.8072 0.5813 -0.1024
vn 0.9005 -0.4072 -0.1529
vn 0.9417 -0.3216 -0.0991
vn 0.9828 -0.1626 -0.0873
vn 0.7480 -0.6602 -0.0685
vn 0.9871 -0.1075 -0.1187
vn 0.9456 -0.3081 -0.1047
vn 0.9884 0.1362 -0.0676
vn 0.9669 -0.1684 -0.1917
vn 0.9330 0.3185 -0.1677
vn 0.8769 0.4755 -0.0705
vn 0.9079 0.4038 -0.1130
vn 0.7746 0.6312 -0.0396
vn 0.6677 0.7430 -0.0471
vn 0.5966 0.7860 -0.1621
vn 0.5769 0.8061 -0.1316
vn 0.4810 0.8676 -0.1259
vn 0.2528 0.9657 -0.0589
vn 0.1569 0.9861 -0.0548
vn 0.6267 0.7760 -0.0712
vn 0.7725 0.6311 -0.0701
vn 0.2906 0.9536 -0.0790
vn -0.2431 0.9695 0.0305
vn 0.2316 0.9656 0.1179
vn -0.1493 0.9872 0.0559
vn -0.1096 0.9495 0.2941
vn 0.1227 0.5829 0.8032
vn 0.5717 0.8188 0.0525
vn 0.4370 0.6952 0.5707
vn 0.5824 0.7242 0.3693
vn 0.2192 0.2633 0.9395
vn 0.4827 -0.1367 0.8650
vn 0.5735 0.1015 0.8129
vn 0.6936 0.4674 0.5481
vn 0.9643 0.2463 0.0976
vn 0.7652 0.6429 -0.0336
vn 0.7340 0.6779 -0.0416
vn 0.9760 0.2173 -0.0130
vn 0.9611 0.2629 -0.0850
vn 0.7031 0.7109 -0.0164
vn 0.7669 0.6406 -0.0396
vn 0.9753 -0.2114 -0.0647
vn 0.9472 -0.1926 0.2562
vn 0.8172 -0.5713 -0.0758
vn 0.8657 -0.4935 -0.0837
vn 0.4392 -0.3595 0.8233
vn -0.3678 0.8985 0.2398
vn -0.4426 0.8934 0.0772
vn 0.6897 -0.7229 -0.0407
vn -0.1214 -0.9894 0.0793
vn 0.0256 -0.9968 0.0752
vn -0.3016 -0.9498 0.0831
vn -0.4362 -0.8896 0.1354
vn -0.4886 -0.8587 0.1542
vn -0.7775 -0.5914 0.2139
vn -0.6532 -0.7543 0.0657
vn -0.5140 -0.8386 0.1803
vn -0.8468 -0.5223 0.1008
vn -0.7222 -0.6880 0.0711
vn -0.7886 -0.5954 0.1539
vn -0.8217 -0.5626 0.0914
vn -0.9751 -0.1791 0.1309
vn -0.9782 -0.1564 0.1366
vn -0.9372 -0.3385 0.0842
vn -0.9802 -0.1204 0.1572
vn -0.9653 0.2595 0.0281
vn -0.9107 0.3746 0.1741
vn -0.8776 -0.4693 0.0976
vn -0.9051 -0.3970 0.1525
vn -0.6226 -0.7546 0.2070
vn -0.8247 -0.5576 0.0949
vn -0.9687 -0.2118 0.1295
vn -0.7666 -0.6160 0.1811
vn -0.8951 -0.3571 0.2669
vn -0.6474 -0.7261 0.2316
vn -0.7555 -0.6318 0.1732
vn -0.8596 -0.4146 0.2988
vn -0.6075 -0.7033 0.3693
vn -0.6990 -0.6937 0.1739
vn -0.4725 -0.8618 0.1845
vn -0.6146 -0.7850 0.0781
vn -0.2775 -0.9584 0.0668
vn -0.5987 -0.7998 0.0432
vn -0.9323 0.3071 0.1911
vn -0.4099 0.9111 0.0435
vn -0.4353 0.8929 -0.1148
vn -0.2186 0.9757 -0.0154
vn -0.3624 0.9278 -0.0884
vn -0.7110 0.5919 -0.3797
vn -0.7303 -0.6274 0.2704
vn -0.7831 -0.5876 0.2038
vn -0.7466 -0.6356 0.1964
vn 0.0021 0.9579 -0.2872
vn 0.8178 -0.5141 -0.2588
vn 0.9763 -0.2146 0.0267
vn 0.8809 -0.4581 -0.1186
vn 0.8614 -0.5080 -0.0034
vn 0.8751 -0.4484 -0.1824
vn 0.9068 -0.4194 0.0431
vn 0.7800 -0.6067 -0.1534
vn 0.7277 -0.6423 -0.2406
vn 0.6370 -0.7528 -0.1658
vn 0.6549 -0.7309 0.1922
vn -0.1145 -0.9914 0.0639
vn -0.1799 -0.9817 0.0628
vn 0.0117 -0.9296 0.3683
vn -0.4874 -0.8552 0.1764
vn -0.6148 -0.7820 0.1026
vn -0.3019 -0.9484 0.0966
vn -0.3090 -0.9447 0.1096
vn -0.2870 -0.9549 0.0767
vn 0.6384 -0.4047 -0.6547
vn 0.7443 -0.0976 -0.6607
vn -0.1689 0.6004 -0.7817
vn 0.2132 0.8830 -0.4181
vn 0.1915 0.3890 -0.9011
vn -0.1404 0.9853 -0.0977
vn 0.4250 0.9008 -0.0894
vn 0.1327 0.9469 0.2929
vn -0.4161 0.8933 -0.1700
vn -0.1675 0.9689 0.1821
vn -0.1927 0.9438 0.2686
vn -0.4038 0.9116 0.0777
vn -0.4063 0.8762 -0.2591
vn 0.0459 0.9572 0.2857
vn 0.1594 0.9600 0.2303
vn -0.0063 0.9626 0.2709
vn 0.0290 0.9549 0.2956
vn 0.1190 0.9462 0.3008
vn 0.1120 0.9418 0.3169
vn 0.1444 0.9380 0.3150
vn 0.2468 0.9060 0.3439
vn 0.2770 0.9607 0.0168
vn 0.2732 0.9595 -0.0688
vn 0.4026 0.8659 0.2968
vn 0.3643 0.9050 0.2199
vn 0.3126 0.8288 0.4641
vn 0.2797 0.9158 0.2882
vn 0.2697 0.8991 0.3447
vn 0.4384 0.8892 0.1309
vn 0.2471 0.9685 -0.0311
vn 0.2870 0.7234 -0.6280
vn 0.2306 0.7263 -0.6476
vn 0.0740 0.8557 -0.5122
vn 0.1518 0.8951 -0.4191
vn 0.2503 0.9463 0.2046
vn 0.1966 0.4302 -0.8811
vn 0.3898 0.9106 -0.1375
vn 0.3062 0.9221 0.2365
vn 0.1715 0.4624 -0.8699
vn 0.3477 0.9229 -0.1655
vn 0.3475 0.8584 0.3773
vn 0.2740 0.8138 0.5124
vn 0.2070 0.8627 0.4613
vn 0.3642 0.9080 0.2072
vn 0.2831 0.6136 0.7371
vn 0.2246 0.7678 0.6001
vn 0.4743 0.8131 0.3375
vn 0.2846 0.7821 0.5543
vn 0.5677 0.7650 0.3042
vn 0.4182 0.7352 0.5335
vn 0.4472 0.8569 0.2565
vn 0.5859 0.7803 0.2187
vn 0.5776 0.7836 0.2289
vn 0.5339 0.8192 0.2096
vn 0.5049 0.7766 0.3768
vn 0.4737 0.8586 0.1963
vn 0.5388 0.8085 0.2367
vn 0.4723 0.7753 0.4193
vn 0.5638 0.7096 0.4225
vn 0.4367 0.7971 0.4170
vn 0.4943 0.7918 0.3588
vn 0.4558 0.8286 0.3249
vn 0.5402 0.7989 0.2645
vn 0.4866 0.8642 0.1280
vn 0.2953 0.9447 0.1429
vn 0.2148 0.9735 0.0782
vn 0.0693 0.9972 -0.0293
vn 0.2763 0.9601 0.0429
vn -0.0116 0.9028 -0.4298
vn 0.1658 0.9499 -0.2649
vn -0.0654 0.9300 -0.3617
vn -0.1945 0.9808 0.0112
vn -0.1419 0.9572 0.2521
vn 0.2449 0.9687 -0.0414
vn -0.3054 0.9049 0.2963
vn -0.5900 0.8045 0.0680
vn -0.8708 0.4339 0.2313
vn -0.6726 0.7256 -0.1451
vn -0.7013 0.6676 0.2499
vn -0.3143 0.8327 -0.4558
vn -0.4087 0.5960 -0.6913
vn -0.2902 0.6599 -0.6930
vn -0.1627 0.8329 -0.5289
vn -0.2367 0.8424 -0.4841
vn -0.0682 0.9510 -0.3015
vn -0.0942 0.9794 -0.1786
vn -0.2860 0.8237 -0.4896
vn -0.2091 0.9524 -0.2217
vn -0.0097 0.9988 -0.0490
vn 0.1665 0.9771 0.1328
vn -0.4925 0.6225 -0.6083
vn -0.5457 0.6635 -0.5118
vn -0.4551 0.4995 -0.7372
vn -0.2626 0.9414 -0.2118
vn -0.4267 0.3811 -0.8202
vn -0.5812 0.0995 -0.8077
vn -0.6112 0.2383 -0.7547
vn -0.6560 -0.1933 -0.7296
vn -0.6526 -0.0302 -0.7571
vn -0.6843 -0.1766 -0.7075
vn -0.6578 -0.4502 -0.6038
vn -0.5961 -0.4258 -0.6807
vn -0.6778 0.2541 -0.6900
vn -0.6897 -0.1583 -0.7066
vn -0.6197 -0.4868 -0.6156
vn -0.6404 -0.5892 -0.4927
vn -0.6134 -0.5507 -0.5661
vn -0.6768 -0.5507 -0.4885
vn -0.5949 -0.7490 -0.2917
vn -0.6075 -0.7009 -0.3738
vn -0.6301 -0.6163 -0.4724
vn -0.7391 -0.6161 -0.2722
vn -0.5775 -0.7387 -0.3477
vn -0.5133 -0.7913 -0.3321
vn -0.5190 -0.7763 -0.3577
vn -0.7509 -0.5819 -0.3124
vn -0.6201 -0.7639 -0.1790
vn -0.6626 -0.5559 -0.5020
vn -0.7435 -0.6462 -0.1724
vn -0.7196 -0.2117 -0.6613
vn -0.9106 -0.1628 -0.3799
vn -0.9359 -0.3516 -0.0210
vn -0.7367 -0.5873 0.3352
vn -0.7066 -0.1921 -0.6810
vn -0.7150 0.0875 -0.6936
vn -0.6574 0.0341 -0.7528
vn -0.7309 0.0798 -0.6779
vn -0.8141 -0.4475 -0.3700
vn -0.7424 -0.0936 -0.6634
vn -0.4335 0.2881 -0.8538
vn -0.5892 0.3123 -0.7452
vn -0.7695 0.1304 -0.6252
vn -0.3910 0.2302 -0.8911
vn 0.1557 0.4601 -0.8741
vn 0.1302 0.5256 -0.8407
vn -0.3024 0.1523 -0.9409
vn 0.0325 0.6620 -0.7488
vn -0.1460 0.2277 -0.9627
vn 0.2293 0.5385 -0.8108
vn 0.2530 0.5026 -0.8267
vn 0.1089 0.5898 -0.8002
vn -0.0964 0.8078 -0.5814
vn 0.2213 0.4613 -0.8592
vn 0.1629 0.5273 -0.8339
vn -0.1543 0.8208 -0.5500
vn 0.1625 0.5343 -0.8296
vn 0.1100 0.6310 -0.7679
vn 0.1639 0.5691 -0.8058
vn 0.0462 0.6486 -0.7597
vn 0.0161 0.7281 -0.6853
vn -0.1726 0.6626 -0.7289
vn 0.0486 0.4112 -0.9103
vn 0.1946 0.6130 -0.7657
vn 0.0904 0.6839 -0.7239
vn -0.1224 0.6013 -0.7896
vn -0.4107 0.5868 -0.6978
vn -0.1730 0.6726 -0.7195
vn -0.1911 0.5089 -0.8393
vn 0.0042 0.4217 -0.9067
vn -0.4330 0.5369 -0.7240
vn -0.5627 0.4747 -0.6768
vn -0.5821 0.5894 -0.5602
vn -0.1007 0.6386 -0.7629
vn -0.4745 0.7011 -0.5322
vn -0.5599 0.6456 -0.5193
vn -0.7013 0.5026 -0.5055
vn -0.8171 0.4538 -0.3557
vn -0.8232 0.4799 -0.3033
vn -0.6907 0.6359 -0.3443
vn -0.7438 0.6462 -0.1708
vn -0.8301 0.5449 -0.1186
vn -0.7837 0.5720 -0.2420
vn -0.7956 0.6043 -0.0435
vn -0.5719 0.8198 0.0293
vn -0.5617 0.8000 -0.2110
vn -0.5615 0.8096 0.1709
vn -0.7609 0.5893 0.2714
vn -0.7905 0.5767 0.2064
vn -0.6378 0.4847 0.5986
vn -0.4948 0.7099 0.5012
vn -0.5104 0.5873 0.6282
vn -0.3138 0.7007 0.6407
vn -0.5080 0.7846 0.3555
vn -0.2729 0.5111 0.8151
vn -0.3937 0.4007 0.8273
vn -0.3021 0.4030 0.8639
vn -0.1879 0.5475 0.8154
vn -0.2238 0.5526 0.8028
vn -0.4276 0.6464 0.6319
vn -0.4584 0.5631 0.6876
vn -0.5232 0.3074 0.7948
vn -0.6246 0.7304 0.2763
vn -0.5870 0.7343 0.3408
vn -0.4997 0.5574 0.6631
vn -0.4706 0.4647 0.7501
vn -0.6446 0.5738 0.5051
vn -0.4495 0.5776 0.6814
vn -0.6387 0.6116 0.4669
vn -0.4822 0.6428 0.5952
vn -0.5210 0.7061 0.4795
vn -0.4937 0.7277 0.4762
vn -0.4495 0.8463 0.2861
vn -0.6202 0.7841 0.0222
vn -0.5258 0.8504 -0.0193
vn -0.6130 0.7897 -0.0239
vn -0.4299 0.8936 -0.1289
vn -0.5061 0.8534 -0.1252
vn -0.3724 0.9267 -0.0500
vn -0.4662 0.8800 -0.0911
vn -0.4269 0.8958 0.1238
vn -0.3936 0.8628 0.3172
vn -0.4081 0.9018 0.1423
vn -0.3087 0.8702 0.3840
vn -0.3804 0.8095 0.4473
vn -0.1204 0.8624 0.4917
vn -0.3583 0.8839 0.3006
vn -0.1600 0.7950 0.5852
vn -0.3300 0.7354 0.5918
vn -0.3736 0.7735 0.5120
vn -0.3682 0.7099 0.6004
vn -0.2168 0.6433 0.7343
vn -0.3157 0.5200 0.7937
vn -0.3219 0.5101 0.7976
vn -0.1881 0.5666 0.8022
vn -0.5090 0.4377 0.7412
vn -0.7517 0.2338 0.6167
vn -0.4144 0.5059 0.7565
vn -0.4975 0.5710 0.6530
vn -0.5644 0.3278 0.7577
vn -0.6937 0.2863 0.6609
vn -0.6875 0.2343 0.6874
vn -0.7356 0.2244 0.6392
vn -0.7294 0.2096 0.6512
vn -0.6382 0.1953 0.7447
vn -0.6906 0.1712 0.7027
vn -0.6391 -0.2180 0.7376
vn -0.5938 -0.2055 0.7779
vn -0.7108 0.0837 0.6983
vn -0.6074 -0.4874 0.6273
vn -0.7890 -0.1341 0.5995
vn -0.7737 -0.2790 0.5688
vn -0.7940 -0.0834 0.6022
vn -0.7499 -0.3771 0.5435
vn -0.7471 0.1900 0.6370
vn -0.8259 0.0332 0.5629
vn -0.5707 -0.1145 0.8131
vn -0.4263 -0.3067 0.8510
vn -0.3075 -0.1568 0.9385
vn -0.2199 -0.1170 0.9685
vn -0.3161 0.0545 0.9471
vn -0.3116 0.2794 0.9082
vn -0.0870 0.1763 0.9805
vn -0.5323 0.4022 0.7449
vn -0.2420 0.4654 0.8514
vn -0.0283 0.0087 0.9996
vn -0.3402 -0.1762 0.9237
vn -0.2648 0.2127 0.9405
vn 0.0479 0.2216 0.9740
vn -0.2174 -0.1603 0.9628
vn 0.1643 0.2450 0.9555
vn 0.0471 0.3482 0.9362
vn 0.3179 -0.2330 0.9190
vn 0.3141 0.2383 0.9190
vn -0.0101 -0.0060 0.9999
vn 0.1929 0.1511 0.9695
vn 0.1278 0.1954 0.9723
vn 0.2455 0.0277 0.9690
vn 0.2766 0.0703 0.9584
vn 0.3480 -0.0064 0.9375
vn 0.0486 -0.3558 0.9333
vn 0.2810 -0.3265 0.9025
vn 0.2445 -0.0965 0.9648
vn 0.1661 -0.4368 0.8841
vn 0.3629 -0.1141 0.9248
vn 0.1789 -0.3570 0.9168
vn 0.3117 0.0557 0.9485
vn 0.2476 0.0488 0.9676
vn 0.5373 -0.4406 0.7191
vn 0.6356 -0.1107 0.7640
vn 0.6394 -0.4375 0.6323
vn 0.5706 0.0743 0.8179
vn 0.6738 -0.1643 0.7204
vn 0.7631 -0.2422 0.5992
vn 0.5124 -0.0969 0.8533
vn 0.5299 -0.0221 0.8478
vn 0.4739 -0.0084 0.8805
vn 0.5733 -0.0254 0.8190
vn 0.6305 0.0757 0.7725
vn 0.3692 -0.0528 0.9279
vn 0.6674 0.0005 0.7447
vn 0.6195 0.0507 0.7834
vn 0.6008 -0.0789 0.7955
vn 0.6509 0.0225 0.7588
vn 0.8303 -0.0732 0.5524
vn 0.8566 0.0063 0.5159
vn 0.8150 -0.0165 0.5793
vn 0.9192 0.0067 0.3937
vn 0.6352 -0.1603 0.7555
vn 0.8808 -0.0702 0.4683
vn 0.8820 -0.1701 0.4395
vn 0.9512 -0.0382 0.3061
vn 0.5201 -0.3599 0.7746
vn 0.7630 0.0180 0.6461
vn 0.9143 0.1480 0.3770
vn 0.9233 0.0440 0.3815
vn 0.5682 -0.3197 0.7583
vn 0.5777 -0.1452 0.8032
vn 0.5868 -0.0583 0.8076
vn 0.5014 -0.1119 0.8579
vn 0.6646 -0.0200 0.7469
vn 0.3188 -0.1868 0.9293
vn 0.3498 -0.2014 0.9149
vn 0.3259 0.0018 0.9454
vn 0.4211 0.0159 0.9069
vn 0.3587 -0.0658 0.9311
vn 0.3241 -0.1504 0.9340
vn 0.2819 -0.1266 0.9511
vn 0.6489 0.1444 0.7471
vn 0.2661 -0.1728 0.9483
vn 0.1758 -0.1128 0.9779
vn 0.3614 -0.0434 0.9314
vn 0.2729 -0.0201 0.9618
vn 0.2931 -0.0392 0.9553
vn 0.2980 -0.0022 0.9546
vn 0.3127 0.0099 0.9498
vn 0.4511 0.0058 0.8924
vn 0.2230 -0.0022 0.9748
vn 0.2317 -0.1312 0.9639
vn 0.2745 -0.0429 0.9606
vn -0.0709 -0.1407 0.9875
vn -0.3829 0.4389 0.8129
vn 0.2469 -0.3057 0.9196
vn -0.3943 -0.2908 0.8717
vn 0.0653 -0.2695 0.9608
vn -0.3636 -0.2014 0.9095
vn -0.6508 0.2424 0.7195
vn -0.4791 -0.0642 0.8754
vn -0.1117 0.0479 0.9926
vn -0.5517 0.5691 0.6097
vn -0.7017 0.5656 0.4333
vn -0.7341 0.4777 0.4826
vn -0.6999 0.2103 0.6826
vn -0.4164 0.1907 0.8890
vn -0.4442 0.6349 0.6321
vn -0.1027 0.4373 0.8934
vn -0.3811 0.8518 0.3595
vn -0.0881 0.8179 0.5686
vn -0.7242 0.6347 0.2697
vn -0.3169 0.8892 0.3300
vn 0.0587 0.9499 0.3070
vn 0.0141 0.8112 0.5846
vn -0.7056 0.6223 0.3390
vn -0.6535 0.7011 0.2852
vn -0.6226 0.6965 0.3566
vn -0.6094 0.7248 0.3214
vn -0.2740 0.9165 0.2915
vn -0.2816 0.9109 0.3017
vn 0.0836 0.9348 0.3451
vn 0.0586 0.9502 0.3060
vn -0.4415 0.8053 0.3958
vn -0.0757 0.9393 0.3345
vn -0.1055 0.9103 0.4002
vn 0.0723 0.9353 0.3463
vn 0.2304 0.9157 0.3294
vn 0.7451 0.5821 0.3255
vn 0.7058 0.5941 0.3859
vn 0.3747 0.8537 0.3617
vn 0.4723 0.7704 0.4283
vn 0.7300 0.5597 0.3923
vn 0.8120 0.4367 0.3873
vn 0.6458 0.6764 0.3541
vn 0.2199 0.9054 0.3633
vn 0.2019 0.8972 0.3927
vn 0.9105 0.2887 0.2960
vn 0.9121 0.2392 0.3330
vn 0.9056 0.2631 0.3327
vn 0.9194 0.1897 0.3445
vn 0.9372 0.1245 0.3259
vn 0.9507 0.0510 0.3059
vn 0.9372 0.1159 0.3290
vn 0.9375 0.1168 0.3279
vn 0.9245 0.1077 0.3657
vn 0.9364 0.1017 0.3358
vn 0.9210 0.0955 0.3777
vn 0.9409 0.0915 0.3259
vn 0.9307 0.2437 0.2728
vn 0.9822 0.0112 0.1874
vn 0.9657 0.0366 0.2569
vn 0.9757 0.0815 0.2034
vn 0.9734 0.1503 0.1732
vn 0.9454 0.1570 0.2855
vn 0.9624 -0.2234 0.1544
vn 0.9597 -0.1138 -0.2568
vn 0.9781 -0.1359 -0.1577
vn 0.9514 -0.2092 -0.2258
vn 0.9473 -0.0722 -0.3121
vn 0.9863 -0.1334 0.0971
vn 0.9608 -0.2772 -0.0012
vn 0.9244 -0.3533 -0.1437
vn 0.7679 -0.6392 -0.0416
vn 0.7271 -0.5793 -0.3684
vn 0.4166 -0.8506 -0.3209
vn 0.3413 -0.9116 -0.2292
vn 0.6836 -0.7278 0.0555
vn 0.7858 -0.5270 0.3238
vn 0.4289 -0.8907 -0.1509
vn 0.1336 -0.9093 -0.3942
vn 0.1917 -0.9398 -0.2829
vn 0.0004 -0.9492 -0.3146
vn 0.1218 -0.9410 -0.3157
vn -0.1188 -0.9338 -0.3376
vn 0.0585 -0.9681 -0.2437
vn 0.3987 -0.9035 -0.1571
vn 0.3298 -0.9240 -0.1937
vn 0.4864 -0.8727 -0.0430
vn 0.4600 -0.8866 -0.0487
vn 0.5776 -0.7760 0.2534
vn 0.7215 -0.5906 0.3614
vn 0.7493 -0.6062 0.2668
vn 0.5826 -0.7990 -0.1489
vn 0.7297 -0.6766 0.0986
vn 0.8657 -0.4396 0.2396
vn 0.6884 -0.6559 0.3098
vn 0.8406 -0.2878 0.4589
vn 0.7173 -0.4164 0.5586
vn 0.9744 -0.1214 0.1891
vn 0.7335 -0.1710 0.6579
vn 0.9424 -0.1536 0.2971
vn 0.8572 -0.1664 0.4873
vn 0.9680 -0.0657 0.2423
vn 0.9481 -0.0773 0.3083
vn 0.9593 0.0003 0.2823
vn 0.9440 -0.0022 0.3301
vn 0.9655 -0.1128 0.2345
vn 0.9466 0.0567 0.3174
vn 0.9439 0.0816 0.3200
vn 0.9378 0.1331 0.3207
vn 0.9329 -0.0743 0.3524
vn 0.9395 0.1126 0.3236
vn 0.8634 -0.1034 0.4938
vn 0.8460 0.1712 0.5050
vn 0.8169 -0.0724 0.5722
vn 0.7950 -0.0879 0.6002
vn 0.8271 0.1114 0.5509
vn 0.8527 0.0951 0.5137
vn 0.8761 -0.0774 0.4758
vn 0.8321 0.2628 0.4884
vn 0.7651 0.4223 0.4861
vn 0.7003 0.1437 0.6992
vn 0.7640 -0.0485 0.6434
vn 0.7473 -0.1705 0.6422
vn 0.6403 0.1886 0.7446
vn 0.6864 0.4001 0.6073
vn 0.7191 -0.0794 0.6904
vn 0.8164 0.1930 0.5442
vn 0.6852 0.4498 0.5729
vn 0.8139 -0.2699 0.5145
vn 0.9235 -0.1134 0.3665
vn 0.9402 -0.2925 0.1748
vn 0.9305 0.1069 0.3505
vn 0.9523 0.0210 0.3044
vn 0.9649 -0.1532 0.2134
vn 0.8775 -0.3901 0.2788
vn 0.8910 0.2652 0.3686
vn 0.8846 0.0926 0.4571
vn 0.8028 0.3683 0.4689
vn 0.7149 0.4637 0.5234
vn 0.6996 0.5643 0.4384
vn 0.8134 0.3120 0.4909
vn 0.7087 0.5448 0.4483
vn 0.8400 0.1687 0.5157
vn 0.8248 0.3769 0.4215
vn 0.9294 0.2268 0.2910
vn 0.8067 0.3834 0.4498
vn 0.7088 0.4434 0.5487
vn 0.6491 0.4546 0.6100
vn 0.7279 0.4620 0.5067
vn 0.7804 0.4982 0.3778
vn 0.6957 0.5283 0.4867
vn 0.6137 0.5280 0.5870
vn 0.6004 0.6362 0.4845
vn 0.7024 0.5875 0.4018
vn 0.4841 0.5007 0.7176
vn 0.3698 0.6849 0.6278
vn 0.4952 0.7136 0.4956
vn 0.4610 0.6439 0.6107
vn 0.5006 0.6199 0.6042
vn 0.5236 0.6225 0.5817
vn 0.5362 0.6688 0.5150
vn 0.5687 0.5896 0.5736
vn 0.4192 0.6292 0.6544
vn 0.3999 0.6995 0.5922
vn 0.3989 0.6916 0.6022
vn 0.5386 0.5719 0.6188
vn 0.5154 0.7268 0.4540
vn 0.4144 0.7143 0.5639
vn 0.5146 0.5506 0.6573
vn 0.5575 0.5427 0.6282
vn 0.6334 0.6585 0.4064
vn 0.4611 0.7959 0.3924
vn 0.5738 0.5940 0.5638
vn 0.5521 0.7129 0.4324
vn 0.5551 0.5252 0.6451
vn 0.6026 0.6952 0.3918
vn 0.4957 0.6217 0.6064
vn 0.6239 0.6451 0.4412
vn 0.5659 0.7671 0.3022
vn 0.3782 0.8302 0.4095
vn 0.2607 0.6631 0.7017
vn 0.4197 0.5947 0.6857
vn 0.5231 0.5644 0.6386
vn 0.2297 0.5455 0.8060
vn 0.2198 0.7614 0.6099
vn 0.4186 0.6650 0.6185
vn 0.5215 0.7021 0.4848
vn 0.2521 0.8669 0.4302
vn 0.0650 0.8095 0.5835
vn 0.3056 0.9185 0.2508
vn 0.1302 0.9694 0.2082
vn 0.3508 0.9010 0.2550
vn 0.1237 0.8197 0.5593
vn -0.1218 0.8191 0.5606
vn -0.0610 0.8346 0.5475
vn -0.1166 0.8306 0.5445
vn -0.3824 0.8398 0.3854
vn -0.3046 0.8327 0.4623
vn 0.1131 0.7361 0.6673
vn -0.2625 0.6888 0.6758
vn 0.0274 0.8353 0.5491
vn 0.1315 0.8802 0.4560
vn 0.1756 0.6033 0.7780
vn -0.2221 0.5142 0.8284
vn -0.2150 0.5346 0.8173
vn -0.1150 0.7849 0.6089
vn -0.5436 0.6278 0.5571
vn -0.1742 0.9711 0.1631
vn -0.6272 0.1545 0.7634
vn -0.7034 0.4481 0.5518
vn -0.5689 0.7639 0.3047
vn -0.8116 0.4356 0.3893
vn -0.6420 0.6716 0.3698
vn -0.3451 0.9151 0.2086
vn -0.0866 0.9621 0.2587
vn 0.1174 0.9919 0.0487
vn -0.1135 0.8905 0.4407
vn 0.2729 0.9347 0.2276
vn 0.3636 0.9293 0.0651
vn 0.5163 0.8511 0.0955
vn 0.6023 0.7937 0.0859
vn 0.5689 0.7786 0.2650
vn 0.7180 0.6948 0.0416
vn 0.7116 0.7005 0.0536
vn 0.5869 0.7521 0.2998
vn 0.5799 0.7872 0.2100
vn 0.6519 0.7454 0.1392
vn 0.6592 0.6884 0.3027
vn 0.5838 0.6738 0.4530
vn 0.6404 0.6211 0.4518
vn 0.7382 0.6145 0.2783
vn 0.7601 0.5908 0.2704
vn 0.6619 0.6516 0.3707
vn 0.6479 0.6253 0.4349
vn 0.6791 0.6287 0.3787
vn 0.5576 0.6826 0.4724
vn 0.5875 0.7260 0.3575
vn 0.5664 0.6821 0.4625
vn 0.6278 0.6238 0.4655
vn 0.6177 0.6022 0.5058
vn 0.5475 0.4948 0.6749
vn 0.6008 0.5722 0.5582
vn 0.7215 0.5463 0.4255
vn 0.7062 0.5921 0.3882
vn 0.8296 0.4828 0.2805
vn 0.7103 0.6245 0.3249
vn 0.7660 0.4484 0.4608
vn 0.8712 0.3558 0.3382
vn 0.9152 0.3330 0.2271
vn 0.8865 0.2969 0.3550
vn 0.8121 0.5388 0.2240
vn 0.5950 0.7330 0.3298
vn 0.4436 0.7326 0.5163
vn 0.7613 0.5541 0.3367
vn 0.7595 0.5973 0.2576
vn 0.8581 0.4591 0.2298
vn 0.7788 0.5766 0.2469
vn 0.4820 0.6107 0.6283
vn 0.5535 0.7407 0.3807
vn 0.4118 0.6711 0.6166
vn 0.7896 0.5729 0.2199
vn 0.7016 0.5283 0.4781
vn 0.7678 0.5407 0.3437
vn 0.4908 0.6655 0.5623
vn 0.4396 0.5882 0.6788
vn 0.1264 0.5730 0.8097
vn 0.0274 0.7365 0.6758
vn 0.0863 0.7066 0.7023
vn -0.2462 0.5853 0.7726
vn -0.1727 0.1755 0.9692
vn 0.0940 0.2003 0.9752
vn 0.2597 0.4544 0.8521
vn -0.4759 0.5773 0.6635
vn -0.5926 0.6396 0.4897
vn -0.2815 0.7308 0.6219
vn -0.5693 0.7063 0.4209
vn -0.7567 0.5263 0.3878
vn -0.3733 0.7427 0.5558
vn -0.6613 0.6723 0.3327
vn -0.4773 0.5743 0.6651
vn -0.8306 0.5055 0.2337
vn -0.6219 0.7654 0.1655
vn -0.4053 0.8968 0.1775
vn -0.8210 0.4644 0.3322
vn -0.4092 0.7727 0.4852
vn -0.3548 0.9236 0.1454
vn -0.2616 0.9062 0.3324
vn -0.3741 0.9219 0.1002
vn -0.1243 0.9145 0.3851
vn -0.0347 0.8402 0.5412
vn -0.2438 0.8321 0.4982
vn -0.3201 0.9204 0.2246
vn -0.0292 0.8819 0.4706
vn -0.1149 0.7373 0.6657
vn -0.1784 0.3819 0.9068
vn 0.0505 0.8440 0.5339
vn 0.0648 0.3562 0.9322
vn 0.1590 0.6236 0.7654
vn -0.4627 0.8454 0.2669
vn -0.4405 0.8796 0.1794
vn 0.0003 0.9589 0.2836
vn -0.1786 0.9776 0.1110
vn -0.5227 0.7749 0.3554
vn 0.0270 0.9949 0.0972
vn -0.3660 0.9256 -0.0960
vn -0.2379 0.9482 0.2105
vn 0.1268 0.9524 0.2772
vn 0.0750 0.9750 -0.2090
vn 0.0064 0.9586 -0.2845
vn -0.5831 0.7658 0.2714
vn -0.0097 0.8159 0.5781
vn -0.2408 0.9698 -0.0395
vn -0.5676 0.8223 -0.0418
vn -0.3393 0.8979 -0.2803
vn -0.5439 0.8008 -0.2509
vn 0.0582 0.8072 -0.5875
vn 0.1572 0.9033 -0.3993
vn 0.2348 0.7990 -0.5536
vn 0.2578 0.9002 -0.3509
vn -0.2619 0.8756 -0.4059
vn -0.1407 0.9103 -0.3894
vn -0.6512 0.6858 -0.3251
vn -0.6255 0.5190 -0.5826
vn -0.7857 0.6086 -0.1107
vn -0.9060 0.2248 -0.3586
vn -0.9834 0.1745 -0.0509
vn -0.7970 0.6040 -0.0045
vn -0.9178 0.3651 0.1562
vn -0.9513 -0.0879 0.2955
vn -0.8827 0.2144 0.4181
vn -0.7908 -0.1699 0.5880
vn -0.6400 -0.1339 0.7567
vn -0.6615 0.0264 0.7495
vn -0.7672 -0.3458 0.5401
vn -0.6038 0.5543 0.5729
vn -0.8238 0.1462 0.5478
vn -0.7817 -0.6096 0.1316
vn -0.9824 -0.1866 -0.0038
vn -0.9444 0.3017 0.1306
vn -0.9540 0.1060 -0.2805
vn -0.8294 -0.4309 -0.3555
vn -0.6532 -0.6815 -0.3300
vn -0.8392 -0.3864 -0.3826
vn -0.9001 -0.0010 -0.4357
vn -0.9204 0.3117 -0.2360
vn -0.9211 -0.1768 -0.3469
vn -0.8155 -0.2634 -0.5154
vn -0.9480 0.2217 -0.2285
vn -0.8511 0.0963 -0.5160
vn -0.7518 0.5756 -0.3218
vn -0.7095 0.6920 0.1332
vn -0.6570 0.7438 0.1228
vn -0.7311 0.6790 -0.0672
vn -0.6844 0.5612 -0.4654
vn -0.5849 0.8025 -0.1175
vn -0.6412 0.7674 -0.0061
vn -0.5284 0.8401 0.1225
vn -0.5926 0.7617 0.2621
vn -0.3538 0.9351 0.0171
vn -0.4309 0.8659 0.2540
vn -0.5637 0.7083 0.4249
vn -0.7635 0.4950 0.4149
vn -0.5711 0.3502 0.7425
vn -0.4950 0.4102 0.7659
vn -0.3443 0.2931 0.8919
vn -0.2033 0.9563 0.2100
vn -0.3069 0.8645 0.3982
vn 0.0722 0.9463 0.3150
vn 0.0606 0.9980 -0.0178
vn 0.0659 0.9969 0.0421
vn -0.4781 0.8416 -0.2512
vn -0.6904 0.4971 -0.5255
vn -0.5516 0.7583 -0.3474
vn -0.7550 0.2062 -0.6224
vn -0.7378 0.0902 -0.6689
vn -0.6869 -0.2152 -0.6941
vn -0.7038 -0.2340 -0.6707
vn -0.8344 0.5358 -0.1291
vn -0.7486 -0.5238 -0.4065
vn -0.8428 0.4103 0.3483
vn -0.4118 0.5023 -0.7603
vn -0.0826 0.7687 -0.6343
vn -0.4760 0.2143 -0.8529
vn -0.3732 0.2027 -0.9053
vn 0.1050 0.3929 -0.9136
vn -0.1099 0.2687 -0.9569
vn 0.1610 0.8741 0.4583
vn -0.2389 0.7609 0.6033
vn -0.5228 0.7427 0.4184
vn -0.5664 0.6739 0.4744
vn -0.6664 0.6972 0.2641
vn -0.6826 0.6705 0.2906
vn -0.5570 0.8012 0.2188
vn -0.5391 0.7976 0.2706
vn -0.4702 0.8083 0.3543
vn -0.5268 0.8388 0.1373
vn -0.4425 0.7676 0.4636
vn -0.1760 0.8864 0.4281
vn 0.0900 0.8383 0.5377
vn -0.1586 0.8202 0.5496
vn -0.0773 0.8501 0.5209
vn -0.1942 0.8342 0.5161
vn -0.0244 0.7917 0.6104
vn 0.1120 0.7794 0.6164
vn -0.1883 0.8098 0.5557
vn -0.1532 0.7669 0.6232
vn -0.0109 0.8503 0.5262
vn -0.3899 0.7979 0.4597
vn -0.2003 0.8753 0.4401
vn -0.4098 0.8399 0.3558
vn -0.4798 0.8065 0.3455
vn -0.4074 0.7655 0.4980
vn -0.5508 0.7099 0.4389
vn -0.2608 0.6925 0.6727
vn -0.4453 0.6025 0.6623
vn -0.2761 0.7737 0.5703
vn -0.2865 0.8069 0.5165
vn -0.4427 0.5938 0.6719
vn -0.2371 0.7142 0.6586
vn -0.1056 0.2632 0.9590
vn -0.5102 0.5748 0.6397
vn -0.3027 0.7660 0.5671
vn -0.0285 0.8589 0.5113
vn 0.0185 0.7640 0.6449
vn -0.0947 0.8174 0.5682
vn -0.2378 0.8350 0.4962
vn 0.9515 0.0628 0.3011
vn 0.3031 0.9327 0.1954
vn 0.3044 0.9173 0.2569
vn 0.3983 0.8928 0.2102
vn 0.3802 0.8865 0.2636
vn 0.5643 0.7705 0.2965
vn 0.4932 0.8344 0.2461
vn 0.5784 0.6742 0.4592
vn 0.6585 0.6692 0.3443
vn 0.6215 0.7018 0.3482
vn 0.5485 0.6535 0.5216
vn 0.5715 0.7145 0.4036
vn 0.5671 0.7636 0.3086
vn 0.3795 0.8984 0.2210
vn 0.3806 0.9153 0.1317
vn 0.2754 0.9349 0.2241
vn 0.5703 0.5350 0.6233
vn 0.6078 0.6639 0.4358
vn 0.6101 0.6941 0.3821
vn 0.5400 0.6122 0.5776
vn 0.6431 0.6357 0.4270
vn 0.6314 0.6561 0.4133
vn 0.6443 0.6227 0.4439
vn 0.6787 0.6010 0.4221
vn 0.7091 0.5293 0.4659
vn 0.7781 0.5004 0.3796
vn 0.6004 0.6608 0.4504
vn 0.8062 0.5347 0.2534
vn 0.7270 0.6216 0.2916
vn 0.7993 0.5586 0.2217
vn 0.6769 0.6653 0.3150
vn 0.7332 0.5873 0.3427
vn 0.8318 0.4566 0.3157
vn 0.6186 0.4412 0.6502
vn 0.3540 0.2518 0.9007
vn 0.3467 0.6145 0.7087
vn 0.3474 0.1943 0.9174
vn 0.6878 0.3508 0.6355
vn 0.3227 0.3533 0.8781
vn 0.4577 0.7106 0.5344
vn 0.5764 0.4878 0.6556
vn 0.5437 0.7349 0.4054
vn 0.6157 0.3015 0.7280
vn 0.6831 0.5243 0.5085
vn 0.7026 0.6303 0.3303
vn 0.6842 0.7018 0.1981
vn 0.7240 0.6839 -0.0893
vn 0.8064 0.4875 0.3348
vn 0.7739 0.6333 0.0029
vn 0.7085 0.4779 -0.5193
vn 0.7791 0.5577 -0.2862
vn 0.6755 0.7275 -0.1205
vn 0.4043 0.2479 -0.8804
vn 0.4233 0.4120 -0.8069
vn 0.5560 0.7831 0.2785
vn 0.2535 0.5244 -0.8129
vn 0.4365 0.8864 -0.1545
vn -0.0192 -0.0295 -0.9994
vn -0.0025 -0.0445 -0.9990
vn 0.1471 0.1990 -0.9689
vn -0.0870 -0.0070 -0.9962
vn -0.0451 0.0063 -0.9990
vn 0.3110 0.2450 -0.9183
vn 0.2488 0.1792 -0.9518
vn 0.0028 -0.0014 -1.0000
vn 0.1366 -0.0803 -0.9874
vn -0.0813 0.0497 -0.9954
vn -0.0283 0.0886 -0.9957
vn 0.4815 -0.1613 -0.8615
vn 0.3435 -0.0890 -0.9349
vn 0.0065 -0.0069 -1.0000
vn -0.0743 -0.0035 -0.9972
vn 0.3879 -0.0327 -0.9211
vn 0.5514 -0.0073 -0.8342
vn 0.1387 -0.4058 -0.9034
vn 0.3210 -0.4715 -0.8214
vn 0.4575 -0.5168 -0.7236
vn 0.4220 -0.4242 -0.8012
vn 0.6925 -0.7209 0.0261
vn 0.8454 -0.5110 0.1558
vn 0.7554 -0.6291 -0.1835
vn 0.4577 -0.8220 -0.3387
vn 0.6042 -0.7554 0.2536
vn 0.7105 -0.6444 0.2826
vn 0.5215 -0.8245 0.2196
vn 0.6539 -0.6871 0.3167
vn 0.5972 -0.7998 0.0608
vn 0.8423 -0.3996 0.3618
vn 0.7151 -0.5846 0.3832
vn 0.7498 -0.6136 0.2474
vn 0.6290 -0.6287 0.4573
vn 0.6921 -0.6064 0.3915
vn 0.6918 -0.4744 0.5443
vn 0.7459 -0.5079 0.4309
vn 0.6872 -0.4972 0.5296
vn 0.8684 -0.2433 0.4320
vn 0.7436 -0.2391 0.6244
vn 0.8677 -0.2679 0.4188
vn 0.7940 -0.1269 0.5946
vn 0.8122 0.0046 0.5833
vn 0.7582 -0.1192 0.6410
vn 0.8605 0.0126 0.5093
vn 0.9248 -0.1084 0.3647
vn 0.9420 0.0357 0.3338
vn 0.9285 -0.1557 0.3372
vn 0.9380 -0.2915 0.1877
vn 0.9511 -0.1120 0.2879
vn 0.9566 0.1000 0.2737
vn 0.9532 -0.1922 0.2334
vn 0.9088 -0.3807 0.1704
vn 0.8527 -0.4737 0.2203
vn 0.8107 -0.5692 0.1371
vn 0.9277 -0.2628 0.2653
vn 0.8407 -0.4843 0.2423
vn 0.7979 -0.5835 0.1511
vn 0.8878 -0.3728 0.2700
vn 0.8032 -0.5764 0.1506
vn 0.8889 -0.3685 0.2721
vn 0.9174 -0.1449 0.3707
vn 0.8467 -0.2891 0.4467
vn 0.7729 -0.5463 0.3229
vn 0.8121 -0.4242 0.4005
vn 0.7847 -0.5200 0.3375
vn 0.8016 -0.5303 0.2762
vn 0.7942 -0.5578 0.2409
vn 0.7616 -0.5730 0.3027
vn 0.8145 -0.5465 0.1946
vn 0.6449 -0.7350 0.2092
vn 0.6318 -0.7472 0.2063
vn 0.7899 -0.5879 0.1746
vn 0.5717 -0.7919 0.2146
vn 0.5268 -0.8366 0.1502
vn 0.6361 -0.7269 0.2588
vn 0.5890 -0.7496 0.3019
vn 0.7881 -0.5452 0.2857
vn 0.7746 -0.6038 0.1881
vn 0.5452 -0.7963 0.2620
vn 0.8115 -0.5500 0.1975
vn 0.8361 -0.5426 0.0804
vn 0.7370 -0.6684 0.1000
vn 0.8081 -0.5608 -0.1801
vn 0.6213 -0.7628 -0.1793
vn 0.7251 -0.6877 0.0347
vn 0.8593 -0.4872 0.1555
vn 0.6777 -0.5530 0.4847
vn 0.7820 -0.5505 0.2922
vn 0.7909 -0.3769 0.4821
vn 0.7176 -0.2126 0.6632
vn 0.5727 -0.8063 0.1478
vn 0.5469 -0.8313 0.0998
vn 0.2652 -0.9588 0.1021
vn 0.5336 -0.8145 0.2277
vn 0.3957 -0.9149 0.0798
vn 0.0813 -0.9918 0.0981
vn 0.5270 -0.8246 0.2057
vn 0.2783 -0.9002 0.3350
vn -0.2365 -0.9099 0.3407
vn -0.1177 -0.9861 0.1176
vn 0.0622 -0.9402 0.3350
vn -0.0853 -0.8211 0.5644
vn 0.1097 -0.8586 0.5007
vn 0.1460 -0.8606 0.4879
vn 0.2693 -0.8309 0.4869
vn -0.1367 -0.7347 0.6644
vn 0.0291 -0.8138 0.5804
vn 0.1358 -0.6228 0.7705
vn 0.2066 -0.7395 0.6406
vn 0.1419 -0.7752 0.6155
vn 0.3087 -0.5524 0.7743
vn 0.3223 -0.3091 0.8947
vn 0.5334 -0.2735 0.8004
vn 0.5784 -0.3298 0.7461
vn 0.4585 -0.5434 0.7032
vn 0.2571 -0.6856 0.6811
vn 0.1691 -0.7652 0.6212
vn 0.2259 -0.8273 0.5143
vn 0.3780 -0.7618 0.5261
vn 0.2158 -0.7489 0.6266
vn 0.3827 -0.6366 0.6695
vn 0.6302 -0.6663 0.3986
vn 0.4648 -0.8257 0.3196
vn 0.5525 -0.8009 0.2311
vn 0.7025 -0.4791 0.5262
vn 0.7594 -0.5470 0.3522
vn 0.7234 -0.6551 0.2181
vn 0.8891 -0.4122 0.1989
vn 0.8201 -0.4504 0.3529
vn 0.7559 -0.6306 0.1760
vn 0.7531 -0.4893 0.4397
vn 0.8750 -0.4150 0.2494
vn 0.8065 -0.3917 0.4428
vn 0.7975 -0.4972 0.3417
vn 0.8637 -0.3754 0.3363
vn 0.9711 -0.0905 0.2207
vn 0.9098 -0.2951 0.2920
vn 0.9983 0.0509 -0.0288
vn 0.9589 0.0888 0.2696
vn 0.8964 -0.2981 0.3280
vn 0.9693 -0.2273 -0.0941
vn 0.9367 0.2786 -0.2121
vn 0.5336 -0.1237 -0.8366
vn 0.4575 0.1351 -0.8789
vn 0.3631 0.1585 -0.9182
vn -0.0986 0.0666 -0.9929
vn 0.6944 -0.3697 -0.6174
vn 0.7957 -0.6050 0.0269
vn 0.4418 -0.8930 -0.0853
vn -0.0493 0.0867 -0.9950
vn 0.3632 -0.4577 -0.8115
vn -0.0248 0.0337 -0.9991
vn -0.0627 0.1116 -0.9918
vn 0.2609 -0.1648 -0.9512
vn -0.0101 -0.0028 -0.9999
vn 0.3725 -0.3815 -0.8460
vn 0.1883 -0.3702 -0.9097
vn 0.7162 -0.5399 -0.4423
vn 0.8798 -0.4734 -0.0427
vn 0.8224 -0.5643 0.0715
vn 0.4346 -0.9006 0.0097
vn 0.5546 -0.7988 0.2333
vn 0.3589 -0.8822 -0.3050
vn 0.3445 -0.9335 0.0994
vn 0.7314 -0.5921 0.3385
vn 0.5184 -0.7887 0.3303
vn 0.4378 -0.8165 0.3765
vn 0.4799 -0.8528 0.2059
vn 0.5134 -0.8173 -0.2617
vn 0.2572 -0.4893 -0.8333
vn 0.4640 -0.8689 -0.1727
vn 0.5094 -0.7990 0.3196
vn 0.6244 -0.7221 0.2978
vn 0.5085 -0.7470 0.4283
vn 0.4998 -0.7842 0.3677
vn 0.5198 -0.7957 0.3108
vn 0.3251 -0.8246 0.4630
vn 0.4004 -0.8175 0.4139
vn 0.5380 -0.6744 0.5057
vn 0.6246 -0.7220 0.2976
vn 0.6460 -0.6822 0.3425
vn 0.6449 -0.7643 -0.0013
vn 0.6795 -0.6642 0.3116
vn 0.6894 -0.6387 0.3417
vn 0.7162 -0.6175 0.3252
vn 0.8139 -0.4492 0.3686
vn 0.6695 -0.5996 0.4386
vn 0.7412 -0.4793 0.4701
vn 0.7918 -0.4773 0.3812
vn 0.7180 -0.6956 0.0233
vn 0.8302 -0.5547 0.0552
vn 0.6762 -0.7344 0.0590
vn 0.5720 -0.4488 -0.6866
vn 0.2802 -0.6880 0.6694
vn 0.5026 -0.5427 0.6730
vn 0.3000 -0.7198 0.6260
vn 0.3790 -0.8171 0.4343
vn 0.5362 -0.7890 0.3001
vn 0.3636 -0.6990 0.6157
vn 0.2402 -0.7501 0.6161
vn 0.5789 -0.5651 0.5878
vn 0.3924 -0.8126 0.4309
vn 0.6209 -0.6449 0.4457
vn 0.7526 -0.5356 0.3831
vn 0.7070 -0.5235 0.4756
vn 0.6723 -0.6213 0.4025
vn 0.6374 -0.6950 0.3327
vn 0.7473 -0.5623 0.3541
vn 0.5765 -0.6702 0.4674
vn 0.5955 -0.6209 0.5098
vn 0.5821 -0.7013 0.4115
vn 0.5855 -0.6857 0.4323
vn 0.5594 -0.4800 0.6757
vn 0.4493 -0.4882 0.7482
vn 0.3941 -0.6484 0.6514
vn 0.5049 -0.3202 0.8016
vn 0.6571 -0.3230 0.6811
vn 0.5432 -0.3877 0.7447
vn 0.5669 -0.2822 0.7739
vn 0.5498 -0.4509 0.7031
vn 0.6471 -0.3682 0.6676
vn 0.6087 -0.2229 0.7615
vn 0.6989 -0.0944 0.7089
vn 0.6244 -0.1356 0.7692
vn 0.8410 -0.1801 0.5102
vn 0.5740 -0.2494 0.7799
vn 0.4976 -0.1940 0.8454
vn 0.7799 -0.2314 0.5815
vn 0.8826 -0.4155 0.2198
vn 0.6990 -0.5209 0.4899
vn 0.9372 -0.0829 0.3387
vn 0.8860 -0.2051 0.4158
vn 0.9702 -0.1878 0.1529
vn 0.3923 -0.7378 0.5493
vn 0.7235 -0.6593 0.2048
vn 0.9589 -0.2032 0.1979
vn 0.7917 -0.6037 -0.0940
vn 0.8710 -0.4898 0.0378
vn 0.5621 -0.8239 -0.0731
vn 0.6333 -0.7409 0.2234
vn 0.1135 -0.9926 0.0428
vn 0.3023 -0.9239 -0.2347
vn 0.2032 -0.9497 -0.2384
vn -0.1431 -0.9570 -0.2523
vn 0.2037 -0.9774 0.0566
vn -0.1556 -0.9603 -0.2313
vn -0.2640 -0.8738 -0.4083
vn -0.1587 -0.9157 -0.3692
vn -0.1159 -0.9690 -0.2184
vn -0.0552 -0.9937 -0.0978
vn -0.0558 -0.9169 -0.3951
vn 0.1656 -0.9855 0.0380
vn -0.4238 -0.9050 -0.0376
vn -0.2402 -0.9597 -0.1462
vn 0.1049 -0.9756 0.1928
vn 0.0671 -0.6048 0.7935
vn 0.3505 -0.4064 0.8438
vn 0.3829 -0.2837 0.8791
vn -0.2680 -0.8295 -0.4899
vn -0.1201 -0.8810 -0.4577
vn -0.0732 -0.7954 -0.6017
vn 0.1237 -0.7855 -0.6063
vn -0.1095 -0.6540 -0.7486
vn 0.1608 -0.7217 -0.6733
vn 0.0621 -0.4447 -0.8935
vn 0.4844 -0.7969 -0.3610
vn 0.1820 -0.8786 -0.4415
vn 0.4752 -0.5787 -0.6628
vn 0.7760 -0.5587 -0.2927
vn 0.8100 -0.4574 -0.3670
vn 0.4783 -0.4561 -0.7505
vn 0.7995 -0.1325 -0.5858
vn 0.2273 -0.0155 -0.9737
vn 0.8536 -0.1869 -0.4862
vn 0.9400 -0.2892 -0.1808
vn 0.3833 -0.0880 -0.9194
vn 0.8501 -0.2671 -0.4539
vn 0.9288 -0.3317 -0.1650
vn 0.9526 -0.3037 -0.0153
vn 0.8889 -0.3891 0.2419
vn 0.9177 -0.3950 0.0419
vn 0.8611 -0.2957 0.4136
vn 0.8122 -0.2549 0.5248
vn 0.8636 -0.2164 0.4554
vn 0.9340 -0.2934 0.2039
vn 0.9288 -0.3698 -0.0217
vn 0.9213 -0.1642 0.3526
vn 0.9345 -0.2442 0.2589
vn 0.9245 -0.1869 0.3322
vn 0.7806 -0.5602 0.2773
vn 0.8027 -0.5713 -0.1714
vn 0.6066 -0.7886 0.1008
vn -0.4202 -0.8626 -0.2816
vn 0.9014 -0.2263 0.3692
vn 0.9322 -0.2115 0.2939
vn 0.9066 -0.0838 0.4136
vn 0.8656 -0.1700 0.4709
vn 0.9134 -0.1657 0.3718
vn 0.9435 -0.2155 0.2517
vn 0.9251 -0.2948 0.2393
vn 0.9364 -0.3267 0.1282
vn 0.9351 -0.3428 0.0903
vn 0.7133 -0.5832 0.3885
vn 0.8745 -0.4181 0.2460
vn 0.9365 -0.3462 0.0567
vn 0.8056 -0.5056 0.3087
vn 0.9134 -0.3981 0.0845
vn 0.8281 -0.4260 0.3644
vn 0.4937 -0.5963 0.6330
vn 0.5774 -0.5583 0.5957
vn 0.6891 -0.5584 0.4619
vn 0.5148 -0.5856 0.6262
vn 0.3739 -0.6881 0.6218
vn 0.5867 -0.6527 0.4793
vn 0.8172 -0.5245 0.2388
vn 0.9037 -0.3734 0.2095
vn 0.9339 -0.3554 0.0380
vn 0.8836 -0.4574 0.1003
vn 0.6960 -0.7177 0.0198
vn 0.9389 -0.3316 0.0926
vn 0.4896 -0.8645 -0.1141
vn 0.9845 -0.0749 0.1588
vn 0.2091 -0.9768 -0.0465
vn 0.5095 -0.8514 0.1246
vn 0.4352 -0.8973 0.0737
vn 0.7692 -0.6245 0.1355
vn 0.6065 -0.7935 0.0503
vn 0.2985 -0.9508 0.0834
vn 0.3412 -0.9237 0.1743
vn -0.0410 -0.9911 -0.1263
vn 0.0737 -0.9583 -0.2762
vn 0.4232 -0.8559 -0.2970
vn -0.2217 -0.9163 -0.3335
vn 0.0486 -0.9629 -0.2655
vn -0.1716 -0.8929 -0.4163
vn -0.2061 -0.9130 -0.3521
vn 0.3437 -0.9252 -0.1610
vn -0.1662 -0.9267 -0.3369
vn 0.2021 -0.9680 -0.1487
vn 0.4389 -0.8943 0.0867
vn 0.5868 -0.7772 -0.2272
vn 0.3968 -0.9123 0.1016
vn 0.3256 -0.9381 0.1181
vn 0.1698 -0.9775 0.1248
vn 0.3599 -0.8927 0.2711
vn 0.2691 -0.9253 0.2672
vn 0.5155 -0.7223 0.4609
vn 0.1965 -0.9651 0.1732
vn 0.3475 -0.8962 -0.2757
vn 0.3240 -0.9151 0.2399
vn 0.5235 -0.7681 0.3688
vn 0.5053 -0.7519 0.4234
vn 0.4921 -0.7649 0.4157
vn 0.5225 -0.7964 0.3046
vn 0.5663 -0.7637 0.3099
vn 0.4671 -0.8652 0.1822
vn 0.6709 -0.7405 -0.0403
vn 0.4730 -0.8738 -0.1129
vn 0.2396 -0.9686 -0.0664
vn 0.2470 -0.8983 -0.3633
vn 0.0270 -0.8683 -0.4953
vn -0.3193 -0.5463 -0.7743
vn -0.0831 -0.5789 -0.8112
vn 0.0171 -0.5155 -0.8567
vn 0.3215 -0.4480 -0.8342
vn -0.1942 -0.2090 -0.9584
vn -0.1809 -0.2638 -0.9474
vn -0.1229 -0.0559 -0.9908
vn -0.3714 -0.2770 -0.8862
vn -0.4916 -0.1025 -0.8648
vn -0.6127 -0.0975 -0.7843
vn -0.3674 -0.2968 -0.8814
vn -0.3441 -0.3290 -0.8794
vn -0.1371 -0.1237 -0.9828
vn -0.2065 -0.1832 -0.9611
vn 0.0726 -0.0732 -0.9947
vn 0.0128 -0.0245 -0.9996
vn -0.0199 -0.0475 -0.9987
vn -0.3530 -0.1956 -0.9149
vn -0.0572 -0.0588 -0.9966
vn -0.2253 -0.2404 -0.9442
vn -0.1172 0.1811 -0.9765
vn -0.0402 -0.2287 -0.9727
vn -0.1668 -0.0459 -0.9849
vn -0.1187 -0.1595 -0.9800
vn -0.2303 -0.6576 -0.7173
vn -0.2278 -0.0098 -0.9737
vn -0.1206 -0.7407 -0.6609
vn -0.3490 -0.5314 -0.7719
vn -0.2661 -0.8876 -0.3761
vn -0.2750 -0.8778 -0.3921
vn -0.1341 -0.9065 -0.4004
vn -0.3322 -0.8626 -0.3815
vn -0.4675 -0.7331 -0.4940
vn -0.4323 -0.7604 -0.4847
vn -0.3785 -0.7729 -0.5093
vn -0.2504 -0.8841 -0.3946
vn -0.4122 -0.7251 -0.5516
vn -0.6083 -0.6185 -0.4975
vn -0.6514 -0.4502 -0.6107
vn -0.6995 -0.4467 -0.5578
vn -0.8385 -0.3477 -0.4195
vn -0.7925 -0.0871 -0.6036
vn -0.8125 -0.2323 -0.5347
vn -0.4223 -0.1649 -0.8914
vn -0.7043 0.0175 -0.7097
vn -0.5626 -0.4194 -0.7125
vn -0.2035 0.1262 -0.9709
vn -0.4679 -0.3225 -0.8228
vn 0.0977 0.1115 -0.9889
vn -0.2397 0.2604 -0.9353
vn -0.0505 0.2725 -0.9608
vn -0.1746 0.1191 -0.9774
vn 0.2487 0.2762 -0.9284
vn -0.4014 0.2332 -0.8857
vn -0.0076 -0.1035 -0.9946
vn -0.0111 0.0946 -0.9955
vn -0.2866 -0.2177 -0.9330
vn -0.2480 -0.2101 -0.9457
vn -0.2187 -0.2335 -0.9474
vn -0.1954 -0.2936 -0.9358
vn -0.3613 -0.3320 -0.8713
vn -0.2548 -0.1273 -0.9586
vn -0.2918 -0.3522 -0.8893
vn -0.4828 -0.1208 -0.8673
vn -0.4370 -0.0589 -0.8975
vn -0.3500 0.1089 -0.9304
vn -0.6758 0.1594 -0.7196
vn -0.7707 0.3172 -0.5527
vn -0.4842 0.2471 -0.8394
vn -0.8748 0.4181 -0.2446
vn -0.7968 0.5434 -0.2643
vn -0.8270 0.4937 -0.2689
vn -0.8030 0.5604 -0.2027
vn -0.3420 0.5268 -0.7782
vn -0.7682 0.5394 -0.3450
vn -0.6703 0.4591 -0.5831
vn -0.6900 0.3398 -0.6391
vn -0.7288 0.6627 -0.1722
vn -0.8226 0.5461 -0.1583
vn -0.8250 0.5065 -0.2508
vn -0.7776 0.2069 -0.5937
vn -0.8868 0.4157 -0.2019
vn -0.9411 0.3364 -0.0353
vn -0.9544 0.2784 -0.1079
vn -0.8887 0.4567 -0.0402
vn -0.9632 0.2688 -0.0026
vn -0.9308 0.3355 -0.1454
vn -0.8731 0.2513 -0.4177
vn -0.8395 0.4963 -0.2212
vn -0.8281 0.5605 -0.0121
vn -0.8831 0.4225 -0.2041
vn -0.7240 0.5145 -0.4596
vn -0.7231 0.4781 -0.4986
vn -0.9020 0.3518 -0.2502
vn -0.4025 0.5676 -0.7182
vn -0.6458 0.4749 -0.5979
vn -0.1944 0.2990 -0.9343
vn -0.1851 0.3012 -0.9354
vn -0.1524 0.6079 -0.7792
vn -0.9128 0.2871 -0.2905
vn -0.5347 0.4866 -0.6909
vn -0.0700 0.3073 -0.9490
vn 0.2617 0.2547 -0.9309
vn 0.1692 -0.1771 -0.9695
vn 0.1945 0.0937 -0.9764
vn 0.4230 0.1832 -0.8874
vn -0.2690 -0.4774 -0.8365
vn -0.0845 -0.4070 -0.9095
vn -0.1887 -0.3935 -0.8998
vn -0.4941 -0.2061 -0.8446
vn -0.4076 -0.4257 -0.8079
vn -0.5674 -0.0504 -0.8219
vn -0.6882 0.3925 -0.6102
vn -0.6509 -0.3431 -0.6772
vn -0.9086 0.0952 -0.4067
vn -0.6279 0.2112 -0.7491
vn -0.8494 0.1672 -0.5005
vn -0.9245 0.2138 -0.3155
vn -0.7088 0.1882 -0.6799
vn -0.4928 0.0726 -0.8671
vn -0.0935 0.1822 -0.9788
vn -0.4343 -0.1201 -0.8927
vn -0.5235 0.0444 -0.8509
vn -0.6149 0.0915 -0.7833
vn -0.4294 -0.5342 -0.7282
vn -0.2600 -0.4656 -0.8459
vn -0.0854 -0.5121 -0.8546
vn -0.1240 -0.4084 -0.9044
vn -0.2137 -0.6611 -0.7193
vn -0.1298 -0.4746 -0.8706
vn -0.1391 -0.4084 -0.9021
vn -0.0822 -0.5146 -0.8534
vn -0.1654 -0.5210 -0.8374
vn -0.1602 -0.5837 -0.7960
vn -0.2210 -0.4884 -0.8442
vn -0.4277 -0.3629 -0.8279
vn -0.1542 -0.3295 -0.9315
vn -0.3732 -0.1435 -0.9166
vn -0.3210 0.1408 -0.9366
vn -0.1251 0.3279 -0.9364
vn 0.2508 0.0647 -0.9659
vn -0.5661 -0.0786 -0.8206
vn -0.2539 0.5949 -0.7627
vn -0.5222 0.2636 -0.8111
vn -0.6430 0.1025 -0.7590
vn -0.4067 0.4644 -0.7867
vn -0.3337 -0.0586 -0.9408
vn -0.6103 0.1135 -0.7840
vn -0.3800 0.0921 -0.9204
vn -0.5497 0.1576 -0.8204
vn -0.5659 0.1561 -0.8095
vn -0.5196 0.1711 -0.8371
vn -0.6174 0.1811 -0.7655
vn -0.6230 0.3010 -0.7220
vn -0.6231 0.2592 -0.7379
vn -0.6206 0.5092 -0.5963
vn -0.4796 0.5131 -0.7118
vn -0.4761 0.6483 -0.5942
vn -0.2663 0.6766 -0.6866
vn -0.3846 0.7335 -0.5604
vn -0.5174 0.4664 -0.7175
vn -0.3945 0.6302 -0.6687
vn -0.3311 0.7400 -0.5855
vn -0.3689 0.8006 -0.4722
vn -0.4607 0.2520 -0.8511
vn -0.5311 0.2437 -0.8115
vn -0.3543 0.4857 -0.7991
vn -0.4120 0.4551 -0.7894
vn -0.4391 0.3387 -0.8322
vn -0.4460 0.2304 -0.8649
vn -0.4779 0.6118 -0.6304
vn -0.4088 0.6724 -0.6171
vn -0.4080 0.7926 -0.4531
vn -0.4719 0.7177 -0.5120
vn -0.3004 0.8452 -0.4421
vn -0.2845 0.8017 -0.5256
vn -0.3826 0.6290 -0.6768
vn -0.4423 0.5523 -0.7066
vn -0.3003 0.8192 -0.4886
vn -0.4544 0.6316 -0.6282
vn -0.3471 0.8499 -0.3965
vn -0.2948 0.8794 -0.3739
vn -0.3140 0.8969 -0.3115
vn -0.3068 0.8876 -0.3436
vn -0.2774 0.8851 -0.3737
vn -0.3046 0.9194 -0.2489
vn -0.2922 0.9179 -0.2685
vn -0.2818 0.8783 -0.3863
vn -0.2585 0.7706 -0.5826
vn -0.3977 0.6547 -0.6429
vn -0.2103 0.9425 -0.2599
vn -0.2588 0.9284 -0.2667
vn -0.2975 0.9289 -0.2205
vn -0.1854 0.9654 -0.1833
vn -0.2340 0.9119 -0.3371
vn -0.1445 0.9583 -0.2465
vn -0.2312 0.9045 -0.3584
vn -0.2043 0.9571 -0.2053
vn -0.1429 0.9523 -0.2698
vn -0.1379 0.9662 -0.2178
vn -0.0930 0.9516 -0.2929
vn -0.2066 0.9532 -0.2210
vn -0.1827 0.9563 -0.2284
vn -0.1761 0.9408 -0.2895
vn -0.0450 0.9806 -0.1905
vn -0.6744 0.7380 -0.0229
vn -0.4731 0.8528 -0.2212
vn -0.2781 0.9539 0.1129
vn -0.5814 0.7982 -0.1573
vn -0.6507 0.7559 -0.0722
vn -0.7658 0.6330 -0.1136
vn -0.6922 0.7216 -0.0140
vn -0.8779 0.4579 0.1397
vn -0.9946 0.0953 0.0417
vn -0.7799 0.6058 -0.1573
vn -0.8510 0.5237 0.0383
vn -0.6349 0.7474 -0.1955
vn -0.9812 0.1767 0.0780
vn -0.9800 -0.1732 0.0980
vn -0.9975 -0.0506 0.0489
vn -0.9550 0.2686 0.1254
vn -0.9267 0.3563 -0.1196
vn -0.8249 0.5276 -0.2032
vn -0.9368 -0.3415 -0.0763
vn -0.9879 -0.1341 -0.0776
vn -0.9948 -0.0499 -0.0888
vn -0.9048 0.1972 -0.3775
vn -0.9417 -0.2786 -0.1888
vn -0.9639 -0.2392 0.1173
vn -0.8679 -0.2415 -0.4341
vn -0.8665 -0.4814 0.1320
vn -0.8055 -0.5627 -0.1858
vn -0.8151 -0.5276 -0.2393
vn -0.8413 -0.4202 -0.3400
vn -0.9820 -0.1867 -0.0298
vn -0.8092 -0.5702 0.1416
vn -0.8965 -0.4037 -0.1825
vn -0.7746 -0.6186 0.1316
vn -0.9828 -0.1725 0.0653
vn -0.9789 -0.1968 -0.0554
vn -0.9955 -0.0942 0.0141
vn -0.9607 -0.2605 -0.0958
vn -0.9629 -0.2583 0.0785
vn -0.9568 -0.2832 -0.0655
vn -0.9126 -0.3871 -0.1314
vn -0.9576 -0.2107 -0.1963
vn -0.8803 -0.4190 -0.2223
vn -0.9920 -0.0467 -0.1173
vn -0.9474 -0.1125 -0.2996
vn -0.9278 -0.0131 -0.3729
vn -0.8552 0.0426 -0.5165
vn -0.8206 -0.1562 -0.5497
vn -0.6627 0.0251 -0.7484
vn -0.5069 0.1257 -0.8528
vn -0.6026 -0.0608 -0.7957
vn -0.7824 -0.2476 -0.5715
vn -0.4251 0.0766 -0.9019
vn -0.4769 0.1801 -0.8603
vn -0.3695 0.0948 -0.9244
vn -0.5685 0.1493 -0.8090
vn -0.3596 0.1369 -0.9230
vn -0.3603 0.0912 -0.9284
vn -0.6144 0.1192 -0.7799
vn -0.3237 0.3213 -0.8899
vn -0.6531 0.2753 -0.7054
vn -0.3724 0.5179 -0.7701
vn -0.4064 0.4817 -0.7764
vn -0.3043 0.6867 -0.6601
vn -0.1988 0.9080 -0.3689
vn -0.3378 0.7450 -0.5751
vn -0.2444 0.5802 -0.7770
vn -0.2154 0.8212 -0.5284
vn -0.3336 0.6820 -0.6509
vn -0.3542 0.5761 -0.7367
vn -0.5706 0.2677 -0.7764
vn -0.2732 0.1812 -0.9447
vn -0.4966 0.1461 -0.8556
vn -0.4290 0.1287 -0.8941
vn -0.3512 0.4520 -0.8200
vn -0.3618 0.2461 -0.8992
vn -0.4817 0.3783 -0.7905
vn -0.4084 0.3351 -0.8491
vn -0.3089 0.1977 -0.9303
vn -0.5062 0.2761 -0.8170
vn -0.3798 0.1296 -0.9159
vn -0.4330 0.2504 -0.8659
vn -0.4383 0.1501 -0.8862
vn -0.4568 0.1007 -0.8839
vn -0.4281 0.2286 -0.8744
vn -0.3673 -0.0293 -0.9296
vn -0.4930 -0.1040 -0.8638
vn -0.4536 0.1324 -0.8813
vn -0.3604 0.2064 -0.9097
vn -0.4388 0.1447 -0.8869
vn -0.4064 -0.1297 -0.9044
vn -0.3661 0.1013 -0.9250
vn -0.3655 0.1712 -0.9149
vn -0.4938 0.1170 -0.8617
vn -0.2915 -0.0503 -0.9553
vn -0.6324 0.1369 -0.7625
vn -0.5663 0.0910 -0.8192
vn -0.5372 0.1040 -0.8370
vn -0.2083 0.0713 -0.9755
vn -0.6850 0.1240 -0.7179
vn -0.4860 0.1189 -0.8658
vn -0.6444 0.0333 -0.7639
vn -0.8111 -0.0982 -0.5766
vn -0.8742 -0.2367 -0.4240
vn -0.9059 -0.3745 -0.1977
vn -0.8980 -0.3982 -0.1872
vn -0.9088 -0.4093 -0.0811
vn -0.8897 -0.4366 -0.1333
vn -0.7573 -0.3659 -0.5409
vn -0.7822 -0.5703 -0.2509
vn -0.3288 -0.2636 -0.9068
vn -0.2708 -0.7048 -0.6557
vn -0.3215 -0.9042 -0.2812
vn -0.8123 -0.5745 -0.1010
vn -0.9012 -0.4160 -0.1211
vn 0.0844 -0.9253 -0.3698
vn 0.0011 -0.9910 -0.1338
vn 0.0440 -0.7423 -0.6686
vn 0.0856 -0.9748 -0.2059
vn -0.3799 -0.9144 -0.1398
vn 0.0154 -0.9531 -0.3024
vn 0.0149 -0.9700 -0.2425
vn -0.0873 -0.9494 -0.3016
vn -0.0938 -0.9692 -0.2276
vn -0.0893 -0.9613 -0.2605
vn -0.0400 -0.9128 -0.4063
vn -0.0688 -0.9396 -0.3352
vn 0.0654 -0.9560 -0.2861
vn 0.2224 -0.8869 -0.4049
vn 0.2431 -0.7409 -0.6261
vn 0.2205 -0.9535 -0.2056
vn 0.1258 -0.8418 -0.5249
vn 0.1072 -0.9256 -0.3631
vn 0.2929 -0.9481 -0.1237
vn 0.2030 -0.9773 -0.0611
vn 0.0753 -0.9728 -0.2190
vn 0.1451 -0.9509 -0.2734
vn 0.2087 -0.9777 0.0226
vn 0.2494 -0.9580 -0.1414
vn 0.1375 -0.9875 0.0771
vn 0.1278 -0.9363 -0.3270
vn 0.2792 -0.9452 0.1691
vn 0.3254 -0.9418 0.0849
vn 0.5001 -0.8640 0.0584
vn 0.2596 -0.9076 -0.3299
vn 0.3038 -0.9474 -0.1011
vn 0.3705 -0.9162 0.1529
vn 0.2919 -0.9398 0.1775
vn 0.3118 -0.9270 0.2084
vn 0.4230 -0.8533 0.3049
vn 0.3001 -0.9287 0.2179
vn 0.3379 -0.9201 0.1982
vn 0.3779 -0.8499 0.3673
vn 0.2632 -0.9163 0.3020
vn 0.3400 -0.8975 0.2810
vn 0.4041 -0.8534 0.3292
vn 0.4852 -0.8298 0.2757
vn 0.2730 -0.9354 0.2248
vn 0.5953 -0.7668 0.2401
vn 0.2510 -0.9409 0.2273
vn 0.2427 -0.9156 0.3205
vn 0.3168 -0.8865 0.3371
vn 0.3620 -0.9215 0.1409
vn 0.5002 -0.8430 0.1978
vn 0.2195 -0.9053 0.3636
vn 0.2857 -0.8714 0.3987
vn 0.2250 -0.8864 0.4046
vn 0.1388 -0.9188 0.3695
vn 0.1352 -0.8992 0.4161
vn 0.1828 -0.9022 0.3906
vn 0.0905 -0.8330 0.5459
vn 0.1945 -0.9387 0.2847
vn 0.1410 -0.9026 0.4068
vn 0.2129 -0.9069 0.3635
vn 0.1619 -0.9103 0.3809
vn 0.3306 -0.9138 0.2358
vn 0.2924 -0.9243 0.2452
vn 0.1572 -0.9504 0.2685
vn 0.0493 -0.9865 0.1562
vn -0.1645 -0.9451 0.2824
vn -0.0681 -0.9054 0.4191
vn 0.1400 -0.9499 0.2796
vn -0.0135 -0.9582 0.2858
vn -0.1554 -0.9510 0.2672
vn -0.1149 -0.9502 0.2898
vn 0.6525 -0.6777 0.3391
vn -0.1527 -0.9533 0.2606
vn 0.1977 -0.9689 0.1486
vn 0.0417 -0.9932 -0.1091
vn -0.0201 -0.9992 0.0352
vn -0.2214 -0.9553 0.1959
vn -0.1266 -0.9513 0.2812
vn 0.0205 -0.9616 0.2738
vn -0.1466 -0.9607 0.2356
vn -0.2855 -0.9213 0.2638
vn -0.1108 -0.9932 -0.0365
vn -0.1120 -0.9756 0.1890
vn -0.1764 -0.9754 0.1323
vn -0.1979 -0.9523 0.2324
vn -0.3940 -0.9079 0.1433
vn -0.5342 -0.8448 -0.0293
vn -0.6830 -0.7292 0.0413
vn -0.7802 -0.6238 0.0469
vn -0.8080 -0.5883 -0.0327
vn -0.8249 -0.5600 0.0778
vn -0.8865 -0.4486 0.1137
vn -0.9015 -0.4301 0.0476
vn -0.7141 -0.6716 0.1975
vn -0.2613 -0.9334 0.2458
vn -0.3376 -0.9048 0.2596
vn -0.8092 -0.5610 0.1747
vn -0.0415 -0.9563 0.2893
vn -0.0818 -0.9396 0.3323
vn -0.7102 -0.6981 0.0912
vn -0.2240 -0.9365 0.2698
vn -0.1109 -0.9486 0.2964
vn -0.1653 -0.9159 0.3659
vn -0.0366 -0.9308 0.3637
vn -0.1696 -0.8965 0.4093
vn -0.1355 -0.9200 0.3679
vn -0.1311 -0.8909 0.4349
vn 0.1466 -0.9118 0.3837
vn -0.0681 -0.9101 0.4087
vn 0.0760 -0.9563 0.2823
vn 0.1370 -0.8915 0.4318
vn 0.1047 -0.8565 0.5055
vn 0.1021 -0.9154 0.3895
vn 0.1901 -0.8107 0.5538
vn 0.1860 -0.7397 0.6467
vn 0.1165 -0.9506 0.2879
vn 0.2550 -0.5911 0.7652
vn 0.1582 -0.8574 0.4897
vn 0.1767 -0.6884 0.7035
vn 0.0969 -0.6250 0.7746
vn 0.1559 -0.4918 0.8566
vn 0.0778 -0.4340 0.8975
vn 0.1928 -0.3592 0.9131
vn 0.1294 -0.4298 0.8936
vn 0.1511 -0.2871 0.9459
vn 0.0775 -0.3689 0.9262
vn 0.0167 -0.4380 0.8988
vn 0.0490 -0.3304 0.9426
vn 0.1434 -0.3898 0.9097
vn 0.1195 -0.3697 0.9214
vn 0.3069 -0.3640 0.8794
vn 0.3230 -0.3267 0.8882
vn 0.0477 -0.2126 0.9760
vn 0.1359 -0.3529 0.9257
vn 0.1871 -0.2156 0.9584
vn -0.0053 0.0023 1.0000
vn 0.2306 -0.4229 0.8764
vn -0.0191 -0.1462 0.9891
vn -0.2217 -0.1370 0.9654
vn 0.0579 -0.3584 0.9318
vn -0.0647 -0.3635 0.9294
vn -0.1290 -0.4080 0.9038
vn 0.1405 -0.3169 0.9380
vn -0.0718 -0.3376 0.9386
vn -0.0697 -0.5478 0.8337
vn -0.0274 -0.3714 0.9281
vn 0.2132 -0.5902 0.7786
vn 0.1491 -0.2621 0.9535
vn 0.1271 -0.5967 0.7923
vn 0.0916 -0.2098 0.9734
vn 0.2549 -0.5841 0.7706
vn 0.2351 -0.6364 0.7346
vn -0.1540 -0.6474 0.7465
vn -0.1013 -0.6921 0.7147
vn -0.0685 -0.8198 0.5685
vn 0.1622 -0.7242 0.6703
vn 0.3147 -0.6884 0.6535
vn 0.2335 -0.8034 0.5477
vn 0.1889 -0.8194 0.5412
vn 0.2994 -0.8166 0.4935
vn 0.1630 -0.8755 0.4548
vn 0.2776 -0.8692 0.4092
vn 0.3052 -0.9459 0.1098
vn 0.0532 -0.9510 0.3046
vn 0.1107 -0.9937 0.0146
vn 0.5604 -0.8057 0.1920
vn 0.5592 -0.7886 0.2556
vn 0.6124 -0.7377 0.2843
vn 0.4767 -0.8778 0.0478
vn 0.1251 -0.9697 -0.2100
vn 0.5996 -0.7739 0.2038
vn 0.4201 -0.9072 0.0232
vn -0.5166 -0.8543 -0.0575
vn -0.3309 -0.9117 -0.2436
vn -0.0718 -0.8379 -0.5411
vn 0.0804 -0.8728 -0.4814
vn 0.1653 -0.9660 -0.1986
vn -0.1655 -0.9343 -0.3157
vn 0.1354 -0.7618 -0.6335
vn 0.0306 -0.9322 -0.3606
vn 0.1937 -0.7993 -0.5689
vn 0.3727 -0.7527 -0.5427
vn 0.2646 -0.8927 -0.3647
vn 0.4370 -0.6866 -0.5810
vn 0.5650 -0.7827 -0.2612
vn 0.5762 -0.6893 -0.4392
vn 0.4354 -0.8617 -0.2607
vn 0.6347 -0.6302 -0.4472
vn 0.5465 -0.4952 -0.6754
vn 0.5692 -0.4989 -0.6536
vn 0.5467 -0.5632 -0.6196
vn 0.6914 -0.5967 -0.4074
vn 0.6323 -0.6308 -0.4498
vn 0.7412 -0.4350 -0.5113
vn 0.5839 -0.3737 -0.7207
vn 0.7642 -0.3335 -0.5520
vn 0.5533 -0.4987 -0.6672
vn 0.5524 -0.3412 -0.7605
vn 0.4246 -0.2848 -0.8594
vn 0.6040 -0.5865 -0.5396
vn 0.4205 -0.3304 -0.8450
vn 0.5416 -0.5759 -0.6124
vn 0.4297 -0.5188 -0.7391
vn 0.2987 -0.3226 -0.8982
vn 0.2922 -0.4237 -0.8574
vn 0.4866 -0.1568 -0.8594
vn 0.1973 -0.2273 -0.9536
vn 0.1338 -0.3092 -0.9415
vn 0.4040 -0.5449 -0.7347
vn -0.0387 -0.2080 -0.9774
vn 0.2204 -0.5526 -0.8038
vn 0.5270 -0.6052 -0.5967
vn 0.6838 -0.5201 -0.5119
vn 0.7175 -0.5766 -0.3907
vn 0.8827 -0.3830 -0.2723
vn 0.8823 -0.3206 -0.3447
vn 0.8284 -0.4863 -0.2778
vn 0.7428 -0.5182 -0.4239
vn 0.9253 -0.3791 -0.0091
vn 0.7819 -0.5862 -0.2121
vn 0.8566 -0.4697 -0.2135
vn 0.8098 -0.5166 -0.2780
vn 0.6138 -0.7074 -0.3505
vn 0.6385 -0.5741 -0.5125
vn 0.7430 -0.6317 -0.2209
vn 0.6008 -0.7943 -0.0901
vn 0.7542 -0.6464 -0.1157
vn 0.5213 -0.8516 0.0541
vn 0.5412 -0.8386 -0.0619
vn 0.4883 -0.8303 -0.2686
vn 0.5898 -0.8028 -0.0872
vn 0.5094 -0.8593 0.0450
vn 0.7021 -0.6884 0.1820
vn 0.5987 -0.7566 0.2628
vn 0.7285 -0.6567 0.1950
vn 0.6941 -0.5898 0.4126
vn 0.7501 -0.4371 0.4963
vn 0.6146 -0.6267 0.4790
vn 0.5961 -0.5750 0.5604
vn 0.8290 -0.2490 0.5008
vn 0.3543 -0.8279 0.4349
vn 0.7661 -0.5740 0.2892
vn 0.5190 -0.6912 0.5028
vn 0.4267 -0.6006 0.6761
vn 0.8202 -0.5682 -0.0658
vn 0.6789 -0.7176 0.1555
vn 0.6157 -0.7850 -0.0682
vn 0.5371 -0.8303 -0.1491
vn 0.6300 -0.7757 -0.0362
vn 0.4728 -0.8808 -0.0265
vn 0.5619 -0.8162 -0.1347
vn 0.5284 -0.8101 -0.2542
vn 0.4299 -0.8972 -0.1007
vn 0.5104 -0.8579 -0.0590
vn 0.6366 -0.7047 -0.3132
vn 0.5725 -0.7258 -0.3814
vn 0.5737 -0.6083 -0.5485
vn 0.5465 -0.5132 -0.6618
vn 0.5683 -0.5704 -0.5930
vn 0.7090 -0.6753 -0.2031
vn 0.7085 -0.6846 -0.1712
vn 0.7831 -0.6126 -0.1073
vn 0.6772 -0.7226 -0.1388
vn 0.7486 -0.6548 -0.1042
vn 0.6973 -0.7006 -0.1515
vn 0.6857 -0.7128 -0.1474
vn 0.7142 -0.6983 -0.0478
vn 0.4936 -0.8679 0.0547
vn 0.4474 -0.8876 0.1092
vn 0.4628 -0.8648 0.1947
vn 0.6684 -0.7344 -0.1184
vn 0.1271 -0.8704 0.4757
vn 0.1085 -0.9506 0.2909
vn 0.1022 -0.8470 0.5216
vn 0.2051 -0.8827 0.4229
vn 0.0802 -0.8372 0.5409
vn 0.4214 -0.8923 0.1621
vn 0.0046 -0.8585 0.5127
vn -0.1286 -0.9329 0.3365
vn 0.1971 -0.9789 0.0532
vn -0.1791 -0.9816 -0.0659
vn 0.2503 -0.9255 -0.2844
vn -0.2752 -0.9442 0.1811
vn -0.2951 -0.9508 -0.0940
vn -0.3536 -0.9344 -0.0446
vn -0.3644 -0.9119 0.1888
vn -0.2834 -0.9470 0.1515
vn -0.3633 -0.8917 0.2699
vn -0.1947 -0.9067 0.3742
vn -0.3662 -0.8787 0.3063
vn -0.4026 -0.8689 0.2881
vn -0.2912 -0.8747 0.3875
vn -0.5147 -0.8140 0.2691
vn -0.4732 -0.7709 0.4264
vn -0.5003 -0.7491 0.4343
vn -0.3324 -0.8385 0.4317
vn -0.2849 -0.8455 0.4516
vn -0.4281 -0.8164 0.3875
vn -0.5629 -0.6814 0.4678
vn -0.3165 -0.7467 0.5851
vn -0.4322 -0.7236 0.5382
vn -0.5526 -0.6975 0.4561
vn -0.5224 -0.8108 0.2640
vn -0.4785 -0.7198 0.5029
vn -0.5826 -0.7039 0.4063
vn -0.5219 -0.8050 0.2821
vn -0.2952 -0.6254 0.7223
vn -0.2854 -0.4803 0.8294
vn -0.2644 -0.3796 0.8866
vn -0.0456 -0.3174 0.9472
vn -0.4734 -0.5646 0.6761
vn -0.5225 -0.6733 0.5231
vn -0.5373 -0.6635 0.5206
vn -0.5640 -0.7260 0.3935
vn -0.6008 -0.5861 0.5436
vn -0.6435 -0.5969 0.4792
vn -0.6307 -0.5583 0.5390
vn -0.5666 -0.5872 0.5781
vn -0.6459 -0.4368 0.6261
vn -0.5528 -0.5386 0.6359
vn -0.6138 -0.6030 0.5095
vn -0.6596 -0.4703 0.5863
vn -0.6858 -0.5093 0.5199
vn -0.6602 -0.2476 0.7091
vn -0.7678 -0.2124 0.6045
vn -0.7934 -0.1323 0.5942
vn -0.7691 0.1777 0.6139
vn -0.7278 0.1401 0.6713
vn -0.7776 0.0390 0.6275
vn -0.8309 0.3027 0.4668
vn -0.8677 0.0847 0.4898
vn -0.7213 -0.1828 0.6681
vn -0.8664 0.1961 0.4592
vn -0.8527 0.1966 0.4839
vn -0.7988 0.3424 0.4947
vn -0.6780 0.3633 0.6390
vn -0.8941 0.1757 0.4120
vn -0.8258 0.1156 0.5520
vn -0.9451 0.1818 0.2717
vn -0.7838 0.1624 0.5995
vn -0.5776 0.5349 0.6166
vn -0.6854 0.4729 0.5537
vn -0.8300 0.3862 0.4024
vn -0.6251 0.7257 0.2874
vn -0.4003 0.8143 0.4204
vn -0.6035 0.7817 -0.1574
vn -0.8194 0.5597 0.1239
vn -0.7610 0.6216 -0.1857
vn -0.9513 0.3081 0.0085
vn -0.7635 0.6240 -0.1667
vn -0.7934 0.6059 0.0584
vn -0.6747 0.7330 -0.0865
vn -0.9074 0.3975 0.1365
vn -0.6582 0.6740 0.3353
vn -0.4120 0.6681 0.6196
vn -0.4452 0.7724 0.4530
vn -0.7416 0.5149 0.4300
vn -0.3892 0.6949 0.6047
vn -0.1877 0.7392 0.6468
vn -0.3992 0.7079 0.5827
vn -0.1370 0.7181 0.6823
vn -0.1009 0.7469 0.6572
vn -0.0967 0.7488 0.6557
vn -0.2250 0.8384 0.4964
vn -0.0833 0.7824 0.6172
vn -0.1853 0.9083 0.3750
vn -0.2612 0.9145 0.3091
vn -0.2615 0.8484 0.4603
vn -0.3593 0.9300 0.0776
vn -0.3734 0.9128 -0.1654
vn -0.2984 0.9425 0.1502
vn -0.2755 0.9590 -0.0656
vn -0.3157 0.9363 0.1540
vn -0.2928 0.9073 0.3017
vn -0.2005 0.9791 0.0330
vn -0.5872 0.8073 0.0591
vn -0.4142 0.9066 -0.0808
vn -0.4803 0.8725 -0.0895
vn -0.6113 0.7913 0.0114
vn -0.4294 0.8865 -0.1724
vn -0.4888 0.8696 -0.0697
vn -0.5385 0.8284 -0.1544
vn -0.4932 0.8372 -0.2362
vn -0.6146 0.7699 -0.1719
vn -0.6363 0.7711 0.0238
vn -0.5316 0.8216 -0.2059
vn -0.7680 0.6141 -0.1821
vn -0.7108 0.6632 -0.2345
vn -0.5531 0.7804 -0.2917
vn -0.4952 0.8285 -0.2613
vn -0.5593 0.7821 -0.2747
vn -0.7341 0.6042 -0.3098
vn -0.7915 0.5466 -0.2734
vn -0.6229 0.6285 -0.4657
vn -0.5384 0.7913 -0.2899
vn -0.4032 0.8591 -0.3152
vn -0.4706 0.7993 -0.3736
vn -0.4378 0.7653 -0.4719
vn -0.3207 0.8513 -0.4153
vn -0.2564 0.9083 -0.3306
vn -0.1905 0.7219 -0.6652
vn -0.4512 0.6650 -0.5952
vn -0.2841 0.8161 -0.5032
vn -0.0590 0.7505 -0.6582
vn -0.1264 0.8266 -0.5484
vn -0.2977 0.8390 -0.4555
vn -0.1324 0.8785 -0.4591
vn 0.2385 0.7977 -0.5539
vn 0.2502 0.7051 -0.6635
vn 0.3996 0.6768 -0.6183
vn 0.5267 0.7441 -0.4110
vn 0.1974 0.8746 -0.4427
vn -0.2191 0.8365 -0.5022
vn -0.1241 0.8741 -0.4697
vn 0.4659 0.7649 -0.4449
vn 0.1031 0.8770 -0.4693
vn -0.2728 0.7746 -0.5706
vn -0.3099 0.8206 -0.4802
vn -0.1516 0.8124 -0.5630
vn -0.3107 0.7975 -0.5172
vn -0.0187 0.8092 -0.5873
vn -0.0624 0.8534 -0.5174
vn 0.1590 0.8383 -0.5214
vn 0.2712 0.8208 -0.5027
vn 0.0371 0.7833 -0.6206
vn 0.4078 0.6993 -0.5872
vn 0.3574 0.8020 -0.4786
vn 0.4130 0.7836 -0.4641
vn 0.5092 0.6724 -0.5372
vn 0.4309 0.6333 -0.6429
vn 0.2629 0.6071 -0.7499
vn 0.4855 0.4663 -0.7395
vn 0.5621 0.5317 -0.6335
vn 0.5898 0.5799 -0.5621
vn 0.5730 0.4100 -0.7096
vn 0.4745 0.5939 -0.6497
vn 0.1166 0.7934 -0.5974
vn 0.1832 0.6162 -0.7660
vn 0.3733 0.7382 -0.5619
vn 0.2798 0.5781 -0.7664
vn 0.4801 0.7626 -0.4336
vn 0.3952 0.8163 -0.4212
vn 0.4716 0.7333 -0.4898
vn 0.5238 0.7383 -0.4250
vn 0.3375 0.7688 -0.5431
vn 0.0309 0.7590 -0.6504
vn 0.2758 0.7361 -0.6181
vn 0.0114 0.7351 -0.6779
vn 0.2001 0.6904 -0.6952
vn 0.2710 0.5316 -0.8025
vn 0.1001 0.5409 -0.8351
vn 0.1292 0.5843 -0.8012
vn -0.3956 0.7188 -0.5717
vn -0.4033 0.7953 -0.4526
vn -0.6196 0.6321 -0.4653
vn -0.2923 0.8443 -0.4491
vn -0.9167 0.2621 -0.3016
vn -0.7727 0.4951 -0.3973
vn -0.3592 0.7150 -0.5998
vn -0.7270 0.6256 -0.2830
vn -0.2907 0.6040 -0.7421
vn -0.7169 0.4044 -0.5679
vn -0.8528 0.2220 -0.4727
vn -0.8771 0.3297 -0.3491
vn -0.8849 0.3369 -0.3216
vn -0.8942 0.2883 -0.3425
vn -0.8874 0.3549 -0.2942
vn -0.8789 0.3148 -0.3585
vn -0.8227 0.3631 -0.4374
vn -0.9249 0.1991 -0.3237
vn -0.8025 0.4422 -0.4005
vn -0.8413 0.3990 -0.3647
vn -0.7497 0.5336 -0.3915
vn -0.6606 0.5751 -0.4826
vn -0.5271 0.7802 -0.3369
vn -0.6846 0.6161 -0.3896
vn -0.4684 0.8221 -0.3236
vn -0.5995 0.6950 -0.3971
vn -0.1822 0.9353 -0.3034
vn -0.4923 0.7853 -0.3754
vn -0.3785 0.8602 -0.3418
vn -0.2208 0.9524 -0.2101
vn -0.1302 0.9151 -0.3816
vn -0.1843 0.9749 -0.1250
vn -0.0834 0.9163 -0.3916
vn -0.0974 0.9292 -0.3564
vn -0.1964 0.8247 -0.5303
vn 0.0411 0.9176 -0.3954
vn -0.5085 0.7087 -0.4890
vn -0.5542 0.6656 -0.4999
vn -0.2418 0.8494 -0.4690
vn -0.7820 0.2391 -0.5757
vn -0.6741 0.3387 -0.6564
vn -0.5520 0.6241 -0.5530
vn -0.5703 -0.0056 -0.8214
vn -0.5914 0.3754 -0.7137
vn -0.7226 0.1564 -0.6734
vn -0.8058 0.1968 -0.5586
vn -0.5633 -0.0204 -0.8260
vn -0.6770 -0.1452 -0.7215
vn -0.8543 0.1905 -0.4836
vn -0.5675 -0.4528 -0.6877
vn -0.8041 0.1148 -0.5834
vn -0.6648 -0.4419 -0.6023
vn -0.5496 -0.1464 -0.8225
vn -0.6649 -0.2873 -0.6895
vn -0.7141 -0.4395 -0.5450
vn -0.5955 -0.7024 -0.3900
vn -0.6913 -0.2221 -0.6876
vn -0.6655 -0.3057 -0.6810
vn -0.8137 -0.3715 -0.4472
vn -0.7812 -0.5807 -0.2292
vn -0.5071 -0.8245 -0.2512
vn -0.6315 -0.7616 -0.1452
vn -0.8490 -0.5044 -0.1574
vn -0.3537 -0.7294 -0.5855
vn -0.3224 -0.7658 -0.5564
vn -0.6749 -0.5632 -0.4768
vn -0.2099 -0.4652 -0.8600
vn -0.0030 -0.5320 -0.8467
vn 0.0881 -0.4755 -0.8753
vn -0.9494 -0.3132 0.0227
vn -0.9502 -0.2503 -0.1859
vn -0.7828 -0.1969 -0.5903
vn -0.4772 -0.2042 -0.8547
vn -0.7493 -0.6616 0.0289
vn -0.8929 -0.4454 0.0659
vn -0.9873 -0.1483 -0.0568
vn -0.7779 -0.4571 -0.4311
vn -0.7841 -0.3161 -0.5341
vn -0.7031 -0.2295 -0.6731
vn -0.7272 -0.1711 -0.6647
vn -0.7893 -0.2862 -0.5432
vn -0.7298 -0.2112 -0.6502
vn -0.6675 -0.2214 -0.7110
vn -0.7086 -0.2040 -0.6755
vn -0.6545 -0.1879 -0.7323
vn -0.6386 -0.1933 -0.7449
vn -0.7353 -0.1563 -0.6595
vn -0.6814 -0.0993 -0.7251
vn -0.6636 -0.2041 -0.7197
vn -0.6473 -0.1935 -0.7373
vn -0.7939 -0.0460 -0.6063
vn -0.7595 -0.1825 -0.6244
vn -0.7268 -0.2054 -0.6554
vn -0.9504 -0.2172 -0.2227
vn -0.9188 -0.2432 -0.3110
vn -0.8196 -0.1449 -0.5544
vn -0.8666 -0.1440 -0.4778
vn -0.8626 -0.1600 -0.4799
vn -0.8880 -0.1308 -0.4409
vn -0.8186 -0.2418 -0.5210
vn -0.7760 -0.2913 -0.5595
vn -0.7739 -0.2040 -0.5995
vn -0.6960 -0.4710 -0.5420
vn -0.6324 -0.3191 -0.7059
vn -0.7192 -0.3128 -0.6205
vn -0.7009 -0.6783 -0.2204
vn -0.7461 -0.6188 -0.2459
vn -0.8104 -0.5533 -0.1929
vn -0.9874 -0.1420 -0.0695
vn -0.9573 -0.1997 -0.2090
vn -0.9524 -0.0708 -0.2967
vn -0.8187 -0.1192 -0.5617
vn -0.7513 0.0773 -0.6554
vn -0.8685 -0.1848 -0.4599
vn -0.8354 0.1599 -0.5259
vn -0.9141 -0.2951 -0.2783
vn -0.7484 0.4755 -0.4624
vn -0.9431 0.1043 -0.3158
vn -0.6827 0.6488 -0.3361
vn -0.8368 0.4585 -0.2991
vn -0.4978 0.8421 -0.2077
vn -0.3715 0.9257 -0.0706
vn -0.3938 0.9006 -0.1839
vn -0.8392 0.4211 -0.3440
vn -0.8293 0.3146 -0.4619
vn -0.9157 0.1915 -0.3532
vn -0.8407 -0.2426 -0.4841
vn -0.9294 -0.2229 -0.2942
vn -0.7113 -0.0650 -0.6999
vn -0.5419 0.6102 -0.5779
vn -0.6565 0.1179 -0.7450
vn -0.4284 0.7987 -0.4226
vn -0.7809 0.3549 -0.5140
vn -0.7743 -0.2040 -0.5990
vn -0.3417 0.9330 -0.1132
vn -0.6863 0.7259 0.0467
vn -0.6140 0.7869 -0.0621
vn -0.6719 0.7161 0.1890
vn -0.7561 0.6259 0.1911
vn -0.6306 0.7713 -0.0862
vn -0.6332 0.5920 -0.4987
vn -0.4872 0.8466 -0.2143
vn -0.7027 0.7066 0.0826
vn -0.8556 0.5044 0.1168
vn -0.6376 0.7512 -0.1707
vn -0.8001 0.5872 0.1224
vn -0.8589 0.4899 -0.1493
vn -0.9297 0.3188 -0.1842
vn -0.9144 0.3726 -0.1582
vn -0.6314 0.7331 -0.2529
vn -0.8882 0.1490 -0.4345
vn -0.9707 0.2158 -0.1056
vn -0.7131 0.3986 -0.5768
vn -0.9859 0.1523 0.0689
vn -0.7589 0.6512 -0.0033
vn -0.9459 0.3244 0.0016
vn -0.8370 0.2480 -0.4878
vn -0.6677 0.6541 -0.3554
vn -0.4835 0.1458 -0.8631
vn -0.5786 0.2358 -0.7807
vn -0.7005 0.6642 -0.2609
vn -0.1932 -0.1651 -0.9672
vn -0.4719 0.0822 -0.8778
vn 0.0337 -0.4234 -0.9053
vn 0.0824 -0.2692 -0.9596
vn 0.0534 -0.3078 -0.9500
vn -0.2083 0.3856 -0.8989
vn -0.5342 0.6428 -0.5490
vn -0.6423 0.7616 -0.0862
vn 0.2817 -0.4242 -0.8606
vn 0.1774 -0.3545 -0.9181
vn -0.1350 -0.5008 -0.8550
vn -0.0028 -0.0200 -0.9998
vn 0.2517 0.5634 -0.7869
vn -0.1271 -0.4589 -0.8793
vn -0.2208 -0.3866 -0.8954
vn -0.1110 -0.0685 -0.9915
vn -0.2562 -0.2873 -0.9229
vn -0.0684 -0.0774 -0.9946
vn -0.2263 -0.3151 -0.9217
vn -0.5480 0.0661 -0.8339
vn -0.2982 0.0063 -0.9545
vn -0.4314 -0.2156 -0.8760
vn -0.1179 -0.1237 -0.9853
vn -0.2566 0.1393 -0.9564
vn 0.0193 -0.2018 -0.9792
vn -0.5101 -0.0766 -0.8567
vn -0.1906 0.3252 -0.9262
vn -0.4397 0.1140 -0.8909
vn -0.5000 0.1130 -0.8586
vn -0.3701 0.4440 -0.8160
vn -0.3187 -0.2141 -0.9234
vn -0.3319 0.1382 -0.9332
vn -0.0880 0.5381 -0.8383
vn -0.4828 0.0899 -0.8711
vn -0.2749 -0.0042 -0.9615
vn -0.0865 0.3076 -0.9476
vn -0.4065 0.2862 -0.8677
vn -0.0331 0.0754 -0.9966
vn -0.1468 -0.0443 -0.9882
vn 0.0177 -0.0018 -0.9998
vn -0.5522 -0.0766 -0.8302
vn -0.3984 0.0884 -0.9129
vn -0.1737 0.0380 -0.9841
vn -0.4083 -0.0005 -0.9129
vn -0.2385 -0.1980 -0.9507
vn -0.4076 0.0353 -0.9125
vn -0.2149 -0.0334 -0.9761
vn -0.4557 0.0969 -0.8848
vn -0.5460 0.0517 -0.8362
vn -0.5476 0.3160 -0.7747
vn -0.4467 0.1452 -0.8828
vn -0.4485 0.0033 -0.8938
vn -0.6025 0.1255 -0.7882
vn -0.7925 0.1496 -0.5912
vn -0.7527 0.1316 -0.6451
vn -0.7785 0.1667 -0.6051
vn -0.7589 -0.1332 -0.6375
vn -0.4698 -0.5718 -0.6725
vn -0.3873 -0.1630 -0.9074
vn -0.2964 -0.1571 -0.9420
vn 0.0981 -0.2873 -0.9528
vn -0.1765 -0.1917 -0.9655
vn 0.0731 -0.3580 -0.9309
vn 0.1229 -0.3920 -0.9117
vn 0.0290 -0.4195 -0.9073
vn 0.1208 -0.3013 -0.9458
vn 0.1282 -0.1227 -0.9841
vn 0.2599 -0.3225 -0.9102
vn 0.2354 0.2843 -0.9294
vn 0.0643 0.0672 -0.9957
vn 0.0788 -0.1144 -0.9903
vn 0.3350 0.3473 -0.8759
vn 0.0513 -0.4109 -0.9102
vn 0.1836 -0.2713 -0.9448
vn 0.0643 0.5047 -0.8609
vn -0.2354 0.2717 -0.9331
vn 0.0798 -0.0047 -0.9968
vn 0.1983 -0.1702 -0.9652
vn 0.2237 0.2084 -0.9521
vn -0.3870 0.0785 -0.9187
vn -0.7672 0.4310 -0.4751
vn -0.6307 0.5402 -0.5572
vn -0.6464 0.3518 -0.6771
vn -0.6108 0.6582 -0.4401
vn -0.5938 0.6360 -0.4929
vn -0.4940 0.7527 -0.4353
vn -0.3917 0.7051 -0.5911
vn -0.2683 0.7642 -0.5866
vn -0.5514 0.6592 -0.5113
vn 0.0295 0.9317 -0.3620
vn 0.1989 0.8422 -0.5012
vn 0.2449 0.7072 -0.6632
vn -0.3522 0.6668 -0.6568
vn 0.2580 0.5155 -0.8171
vn -0.0514 0.5538 -0.8311
vn -0.5452 0.4259 -0.7220
vn -0.6210 0.4892 -0.6124
vn -0.2316 0.3823 -0.8945
vn -0.4382 0.4964 -0.7494
vn -0.2800 0.4406 -0.8529
vn -0.0926 0.1779 -0.9797
vn -0.4821 0.6378 -0.6007
vn -0.3014 0.4237 -0.8542
vn -0.2456 0.5073 -0.8261
vn -0.3743 0.2199 -0.9009
vn -0.0464 0.1893 -0.9808
vn -0.2613 0.4425 -0.8579
vn -0.1774 0.0600 -0.9823
vn -0.3500 0.1344 -0.9271
vn -0.3027 0.2075 -0.9302
vn -0.3895 0.0628 -0.9189
vn -0.2797 0.1630 -0.9461
vn 0.0576 0.0709 -0.9958
vn 0.1752 0.5361 -0.8258
vn 0.0347 0.8319 -0.5538
vn -0.1874 0.9046 -0.3829
vn -0.5610 0.7523 -0.3455
vn -0.6791 0.7057 -0.2018
vn 0.0460 0.9134 -0.4046
vn -0.2099 -0.3784 -0.9015
vn 0.3008 0.4516 -0.8400
vn 0.0553 0.5922 -0.8039
vn 0.5943 0.1333 -0.7931
vn 0.5302 0.2993 -0.7933
vn 0.3310 0.1075 -0.9375
vn 0.2143 0.1012 -0.9715
vn 0.2503 0.2508 -0.9351
vn 0.1468 0.6412 -0.7532
vn -0.2367 0.7205 -0.6518
vn -0.3096 0.8043 -0.5071
vn -0.3434 0.8092 -0.4768
vn -0.4255 0.8082 -0.4070
vn -0.4089 0.8394 -0.3581
vn -0.5005 0.7673 -0.4008
vn -0.3957 0.8032 -0.4453
vn -0.5359 0.7434 -0.4004
vn -0.4549 0.8285 -0.3266
vn -0.3303 0.8287 -0.4518
vn -0.5808 0.7552 -0.3038
vn -0.4915 0.8123 -0.3141
vn -0.3947 0.8614 -0.3196
vn -0.5242 0.7822 -0.3366
vn -0.3893 0.8674 -0.3100
vn -0.5071 0.8149 -0.2806
vn -0.3630 0.8160 -0.4499
vn -0.4635 0.8630 -0.2011
vn -0.3242 0.9317 -0.1636
vn -0.4327 0.8595 -0.2722
vn -0.4485 0.8299 -0.3318
vn -0.4694 0.8653 -0.1761
vn -0.3318 0.9259 -0.1809
vn -0.3814 0.8859 -0.2639
vn -0.2303 0.9603 -0.1575
vn -0.2723 0.9425 -0.1940
vn -0.2614 0.9639 -0.0499
vn -0.4899 0.8654 -0.1057
vn -0.4086 0.9080 0.0927
vn -0.3856 0.8846 0.2623
vn -0.5242 0.8463 0.0951
vn -0.1538 0.8047 0.5734
vn -0.2084 0.8603 0.4653
vn -0.2083 0.9257 0.3157
vn -0.0159 0.9928 0.1191
vn -0.1269 0.9407 0.3147
vn -0.1130 0.8672 0.4849
vn -0.1034 0.9191 0.3801
vn -0.0674 0.8567 0.5114
vn 0.0155 0.7571 0.6531
vn -0.0411 0.7296 0.6826
vn -0.2167 0.7079 0.6722
vn -0.2337 0.6795 0.6955
vn -0.2071 0.6868 0.6967
vn -0.5318 0.6296 0.5664
vn 0.0243 0.7079 0.7059
vn -0.0537 0.4860 0.8723
vn -0.5007 0.4741 0.7243
vn -0.1685 0.5123 0.8421
vn -0.2134 0.1862 0.9590
vn -0.5924 0.2844 0.7538
vn -0.7881 0.4131 0.4564
vn -0.7607 0.5308 0.3735
vn -0.2400 -0.0939 0.9662
vn -0.8125 0.1984 0.5481
vn 0.1623 0.1530 0.9748
vn 0.0459 0.1841 0.9818
vn -0.1703 -0.1753 0.9697
vn 0.0534 0.5254 0.8492
vn -0.0558 0.2273 0.9722
vn -0.0648 0.2979 0.9524
vn -0.0991 0.5392 0.8363
vn -0.1466 0.4342 0.8888
vn -0.0699 0.3444 0.9362
vn 0.0522 0.4057 0.9125
vn 0.0262 0.3857 0.9223
vn 0.1966 0.3856 0.9015
vn 0.2842 0.4349 0.8545
vn 0.1904 0.3223 0.9273
vn 0.2203 0.2777 0.9351
vn 0.0939 0.1956 0.9762
vn 0.1383 0.6004 0.7876
vn 0.0704 0.5315 0.8441
vn 0.0740 0.5368 0.8405
vn -0.2977 0.7462 0.5954
vn -0.7916 0.4738 0.3859
vn -0.2829 0.5225 0.8043
vn -0.5133 0.8059 0.2950
vn -0.2909 0.8817 0.3714
vn -0.8794 0.4659 0.0982
vn -0.4829 0.8459 0.2263
vn -0.9955 0.0371 0.0872
vn -0.8070 0.2586 0.5310
vn -0.9094 -0.3337 0.2481
vn -0.9967 -0.0716 -0.0394
vn -0.8928 -0.3424 -0.2929
vn -0.8480 -0.5237 -0.0813
vn -0.8095 -0.5752 0.1177
vn -0.8840 -0.0546 0.4643
vn -0.8246 -0.3823 0.4170
vn -0.9333 -0.2544 0.2533
vn -0.8504 -0.4774 -0.2210
vn -0.9882 -0.1395 -0.0631
vn -0.8246 -0.4362 -0.3601
vn -0.8736 -0.4705 -0.1243
vn -0.7454 -0.6623 -0.0763
vn -0.9759 -0.1777 0.1264
vn -0.9089 -0.3938 0.1372
vn -0.8310 -0.4124 0.3733
vn -0.8543 -0.5101 0.0995
vn -0.7242 -0.5623 0.3992
vn -0.9528 -0.2870 0.0993
vn -0.7932 -0.6089 -0.0071
vn -0.8755 -0.4812 0.0447
vn -0.5046 -0.8620 0.0491
vn -0.8239 -0.5612 0.0797
vn -0.8829 -0.4686 0.0311
vn -0.8217 -0.5616 0.0967
vn -0.8993 -0.4281 -0.0896
vn -0.8202 -0.5682 0.0665
vn -0.8723 -0.4837 0.0722
vn -0.7755 -0.6300 -0.0411
vn -0.8130 -0.5819 -0.0211
vn -0.6508 -0.7389 0.1748
vn -0.7381 -0.6369 0.2227
vn -0.3778 -0.8984 0.2241
vn -0.4266 -0.8158 0.3905
vn -0.4321 -0.7385 0.5176
vn -0.1397 -0.7741 0.6175
vn -0.2221 -0.9428 0.2487
vn -0.4619 -0.5542 0.6925
vn -0.1692 -0.5476 0.8195
vn 0.2192 -0.4320 0.8748
vn -0.0802 -0.2901 0.9536
vn 0.3435 -0.3359 0.8770
vn 0.1506 -0.2883 0.9456
vn 0.3315 -0.3485 0.8767
vn 0.2418 -0.2849 0.9275
vn 0.2921 -0.3512 0.8896
vn 0.2155 -0.2239 0.9505
vn 0.3051 -0.3401 0.8895
vn 0.4335 -0.1882 0.8813
vn 0.1773 -0.0806 0.9809
vn 0.1473 0.0519 0.9877
vn 0.2734 0.0652 0.9597
vn 0.1559 0.1718 0.9727
vn 0.1588 0.1764 0.9714
vn 0.2136 -0.2209 0.9516
vn 0.1829 0.1836 0.9658
vn 0.0327 -0.0056 0.9994
vn 0.2008 0.2681 0.9422
vn 0.2981 0.2784 0.9130
vn 0.4148 -0.0322 0.9093
vn 0.3402 -0.2064 0.9174
vn 0.0831 -0.1958 0.9771
vn -0.2722 -0.5689 0.7760
vn -0.1298 -0.5699 0.8114
vn 0.4071 -0.4196 0.8113
vn -0.5779 -0.5387 0.6131
vn -0.5903 -0.4390 0.6773
vn -0.6754 -0.3171 0.6658
vn -0.0922 -0.3301 0.9394
vn -0.2226 -0.1084 0.9689
vn 0.3339 -0.1483 0.9309
vn -0.4822 -0.1773 0.8579
vn -0.3264 0.0544 0.9436
vn 0.2598 0.2489 0.9330
vn 0.5617 0.0760 0.8238
vn -0.2291 0.3751 0.8982
vn 0.1273 0.4380 0.8899
vn 0.3896 0.4190 0.8202
vn -0.6725 0.0954 0.7339
vn -0.1270 0.4493 0.8843
vn -0.3979 0.0892 0.9131
vn -0.5271 0.2191 0.8211
vn -0.2794 0.2176 0.9352
vn -0.7384 0.0906 0.6683
vn 0.1466 0.2433 0.9588
vn -0.7640 -0.2720 0.5851
vn -0.0171 -0.9572 0.2889
vn -0.9008 -0.4204 -0.1090
vn -0.9018 -0.4126 -0.1284
vn -0.1671 0.9367 0.3077
vn -0.5371 0.8318 0.1403
vn -0.2021 0.9401 0.2745
vn -0.2263 0.9299 0.2899
vn -0.0920 0.5839 0.8066
vn -0.3870 -0.2069 0.8986
vn -0.0439 0.7516 0.6582
vn -0.2094 0.9774 -0.0273
vn -0.0487 0.9969 -0.0611
vn -0.3014 0.9266 -0.2249
vn -0.2818 0.9324 -0.2262
vn -0.4746 0.8225 -0.3136
vn -0.4931 0.8223 -0.2840
vn -0.5452 0.7903 -0.2795
vn -0.7361 0.6762 -0.0288
vn -0.7678 0.5995 -0.2261
vn -0.7442 0.6078 -0.2772
vn -0.7767 0.6260 0.0694
vn -0.8662 0.4992 0.0217
vn -0.8091 0.5860 0.0438
vn -0.6316 0.6594 0.4079
vn -0.5005 0.8197 0.2785
vn -0.5665 0.8109 0.1468
vn -0.7942 -0.4556 0.4021
vn -0.7625 -0.5692 0.3076
vn -0.6124 -0.7203 0.3258
vn -0.7370 -0.6346 0.2328
vn -0.7203 -0.5299 0.4475
vn -0.6045 -0.5154 0.6074
vn -0.4171 -0.5408 0.7304
vn -0.5761 -0.7616 0.2966
vn -0.3579 -0.7198 0.5948
vn -0.3322 -0.4844 0.8093
vn -0.2941 -0.5576 0.7762
vn -0.1969 -0.7004 0.6860
vn -0.2720 -0.5351 0.7998
vn -0.0805 -0.4336 0.8975
vn -0.2247 -0.5153 0.8270
vn -0.2182 -0.8614 0.4586
vn -0.1595 -0.6888 0.7072
vn -0.0809 -0.7625 0.6419
vn -0.0996 -0.6835 0.7231
vn -0.1212 -0.4512 0.8842
vn -0.1239 -0.5203 0.8449
vn -0.1080 -0.8651 0.4899
vn -0.0476 -0.8424 0.5367
vn -0.1116 -0.7362 0.6676
vn -0.0964 -0.4115 0.9063
vn -0.1720 -0.5145 0.8401
vn -0.2748 -0.8451 0.4586
vn -0.0604 -0.9221 0.3821
vn -0.0294 -0.9616 0.2728
vn 0.0874 -0.9566 0.2781
vn -0.2256 -0.8296 0.5108
vn 0.0197 -0.9424 0.3338
vn -0.4901 -0.7643 0.4192
vn -0.2254 -0.9164 0.3308
vn -0.4823 -0.7596 0.4364
vn -0.5321 -0.7669 0.3589
vn -0.4689 -0.8497 0.2413
vn -0.3089 -0.8860 0.3459
vn -0.2760 -0.9314 0.2375
vn -0.5770 -0.6781 0.4552
vn -0.2135 -0.8482 0.4848
vn 0.1148 -0.8824 0.4564
vn 0.0171 -0.8764 0.4813
vn 0.1265 -0.8035 0.5817
vn 0.1388 -0.9308 0.3383
vn 0.0438 -0.8922 0.4495
vn 0.0299 -0.9464 0.3216
vn -0.0536 -0.9618 0.2683
vn 0.0290 -0.9310 0.3640
vn -0.0030 -0.9476 0.3196
vn -0.1452 -0.9341 0.3261
vn 0.1023 -0.9381 0.3309
vn -0.1192 -0.9471 0.2981
vn 0.1878 -0.9788 0.0819
vn 0.1811 -0.9330 0.3109
vn 0.3278 -0.9414 0.0790
vn 0.1851 -0.8831 0.4311
vn -0.0433 -0.7676 0.6394
vn 0.0422 -0.7696 0.6371
vn -0.9079 -0.3424 0.2417
vn 0.6799 -0.7199 -0.1394
vn 0.4889 -0.8533 -0.1814
vn 0.1446 -0.8988 0.4137
vn -0.1111 -0.4264 0.8977
vn -0.0853 -0.2696 0.9592
vn -0.0618 -0.1567 0.9857
vn -0.0557 -0.2560 0.9651
vn -0.0509 -0.3394 0.9393
vn -0.2536 -0.3034 0.9185
vn -0.2342 -0.3423 0.9099
vn 0.6790 -0.7333 -0.0354
vn 0.6550 -0.7436 -0.1342
vn 0.7822 -0.3036 0.5440
vn 0.8805 -0.1685 0.4430
vn 0.9302 -0.0345 0.3655
vn 0.9301 -0.0737 0.3597
vn 0.8955 -0.3321 0.2963
vn 0.8455 -0.4664 0.2601
vn 0.8616 -0.4612 0.2120
vn 0.6068 -0.7882 0.1024
vn 0.9213 -0.1748 0.3475
vn 0.9547 -0.1247 0.2702
vn 0.8991 -0.4059 0.1639
vn 0.9271 0.0689 0.3685
vn 0.8007 -0.5491 -0.2393
vn 0.9071 -0.3658 -0.2083
vn 0.7389 -0.6301 0.2387
vn 0.7113 -0.7024 0.0282
vn 0.6613 -0.6890 0.2965
vn 0.6564 -0.7368 -0.1623
vn 0.6336 -0.6560 0.4102
vn 0.6192 -0.6324 0.4655
vn 0.5403 -0.5381 0.6469
vn 0.6686 -0.5322 0.5194
vn 0.4101 -0.6194 0.6694
vn 0.4282 -0.5898 0.6846
vn 0.5278 -0.5663 0.6330
vn 0.7571 -0.4100 0.5086
vn 0.9155 -0.3102 0.2562
vn 0.8934 -0.2785 0.3524
vn 0.7724 -0.2452 0.5859
vn 0.8569 -0.2065 0.4723
vn 0.9169 -0.3354 0.2165
vn 0.9156 -0.3778 0.1373
vn 0.7509 -0.2727 0.6015
vn 0.9148 -0.3007 0.2696
vn 0.7405 -0.5553 0.3786
vn 0.6563 -0.7165 0.2364
vn 0.6038 -0.7167 0.3490
vn 0.3831 -0.8902 0.2465
vn 0.3410 -0.9123 0.2266
vn 0.3383 -0.8587 0.3850
vn 0.2735 -0.9366 0.2189
vn 0.3334 -0.8966 0.2913
vn 0.4888 -0.7452 0.4536
vn 0.4423 -0.7974 0.4105
vn 0.3156 -0.7841 0.5345
vn 0.5720 -0.7144 0.4031
vn 0.4147 -0.6856 0.5983
vn 0.5979 -0.7896 0.1379
vn 0.4430 -0.8964 0.0119
vn 0.6305 -0.6639 0.4021
vn 0.4812 -0.7547 0.4460
vn 0.6509 -0.6696 0.3577
vn 0.5183 -0.7525 0.4063
vn 0.4517 -0.8625 0.2280
vn 0.3807 -0.8546 0.3531
vn 0.6182 -0.7422 0.2589
vn 0.2972 -0.9499 0.0973
vn 0.2827 -0.9592 0.0087
vn 0.5068 -0.8530 0.1247
vn 0.4075 -0.8776 0.2525
vn 0.2366 -0.9686 -0.0759
vn 0.0205 -0.9941 -0.1068
vn 0.1478 -0.9456 -0.2900
vn 0.2320 -0.9670 -0.1050
vn -0.0141 -0.9418 -0.3360
vn -0.0835 -0.8759 -0.4752
vn 0.0490 -0.9162 -0.3978
vn -0.0671 -0.8000 -0.5963
vn -0.1080 -0.7937 -0.5987
vn -0.1977 -0.7860 -0.5858
vn -0.1479 -0.7098 -0.6887
vn -0.0387 -0.6927 -0.7202
vn -0.1688 -0.8193 -0.5479
vn -0.1384 -0.7766 -0.6147
vn -0.6597 -0.7156 0.2296
vn -0.1334 -0.7100 -0.6915
vn -0.0450 -0.8091 -0.5859
vn 0.0195 -0.7673 -0.6409
vn -0.0468 -0.6698 -0.7410
vn -0.0216 -0.5958 -0.8029
vn -0.0455 -0.2103 -0.9766
vn -0.1091 -0.4300 -0.8962
vn -0.1665 -0.4340 -0.8854
vn 0.1549 -0.4626 -0.8730
vn -0.0969 -0.6537 -0.7506
vn 0.0937 -0.6556 -0.7493
vn 0.1927 -0.7300 -0.6557
vn 0.0886 -0.7790 -0.6207
vn 0.0861 -0.8056 -0.5862
vn 0.0843 -0.8749 -0.4770
vn 0.1471 -0.8795 -0.4525
vn 0.0902 -0.8511 -0.5172
vn 0.1519 -0.9098 -0.3862
vn 0.0813 -0.9044 -0.4190
vn 0.0920 -0.9211 -0.3782
vn 0.0278 -0.9360 -0.3509
vn 0.3265 -0.8471 -0.4193
vn 0.2423 -0.9312 -0.2724
vn 0.2664 -0.9421 -0.2038
vn 0.3976 -0.9166 -0.0427
vn 0.4725 -0.8802 0.0440
vn 0.4790 -0.8572 0.1890
vn 0.4905 -0.8362 0.2453
vn -0.1599 -0.4717 -0.8671
vn -0.2079 -0.3694 -0.9057
vn -0.1820 -0.2553 -0.9496
vn -0.2431 -0.4619 -0.8530
vn -0.2376 -0.4405 -0.8657
vn -0.1336 -0.5105 -0.8494
vn -0.2882 -0.2767 -0.9167
vn -0.2796 -0.2236 -0.9337
vn -0.3203 -0.2919 -0.9012
vn -0.2393 -0.4392 -0.8659
vn -0.3759 -0.1626 -0.9123
vn -0.3123 -0.2837 -0.9066
vn -0.3722 -0.1723 -0.9120
vn -0.4792 -0.0082 -0.8777
vn -0.3944 -0.1011 -0.9134
vn -0.4097 0.0768 -0.9090
vn -0.3804 0.0087 -0.9248
vn -0.4279 0.1978 -0.8819
vn -0.4634 0.2485 -0.8506
vn -0.4164 0.1944 -0.8881
vn -0.5294 0.2204 -0.8192
vn -0.3900 0.1040 -0.9149
vn -0.3990 0.0924 -0.9123
vn -0.3982 -0.1273 -0.9084
vn -0.4189 0.1119 -0.9011
vn -0.3029 -0.0729 -0.9502
vn -0.3837 -0.1530 -0.9107
vn -0.3966 -0.3730 -0.8388
vn -0.5580 -0.2486 -0.7917
vn -0.3637 -0.1579 -0.9181
vn -0.2150 -0.2092 -0.9539
vn -0.2439 -0.0756 -0.9668
vn -0.1455 -0.2406 -0.9596
vn -0.1457 -0.1513 -0.9777
vn 0.0014 -0.1356 -0.9908
vn -0.1661 -0.0572 -0.9844
vn -0.4183 -0.1363 -0.8980
vn -0.4877 -0.1457 -0.8607
vn -0.2383 -0.0853 -0.9674
vn 0.2143 -0.4900 -0.8450
vn -0.3944 0.2105 -0.8945
vn -0.5616 0.1219 -0.8184
vn -0.5999 -0.1849 -0.7785
vn -0.2736 -0.4100 -0.8701
vn -0.5772 -0.1815 -0.7962
vn -0.2190 -0.5198 -0.8257
vn -0.2097 -0.2605 -0.9424
vn -0.3223 -0.0584 -0.9448
vn -0.1638 -0.5150 -0.8414
vn -0.2283 -0.4904 -0.8411
vn -0.2581 -0.4920 -0.8315
vn -0.7405 -0.6581 0.1361
vn -0.2316 -0.5814 -0.7800
vn -0.2085 -0.5900 -0.7800
vn -0.1223 -0.5061 -0.8538
vn -0.1615 -0.7146 -0.6806
vn -0.0658 -0.6613 -0.7472
vn -0.3449 -0.7187 -0.6038
vn 0.5865 -0.7385 -0.3327
vn 0.6847 -0.7283 0.0283
vn 0.7401 -0.6637 -0.1081
vn 0.7085 -0.7029 -0.0629
vn 0.1632 -0.7869 0.5951
vn 0.0844 -0.8934 0.4412
vn 0.3158 -0.5927 0.7410
vn 0.1269 -0.3302 0.9353
vn 0.1129 -0.9223 -0.3695
vn -0.3380 0.1147 -0.9341
vn -0.5523 0.1481 -0.8204
vn -0.3772 0.1634 -0.9116
vn -0.5938 0.2505 -0.7646
vn -0.4054 0.2089 -0.8899
vn -0.2037 0.9139 -0.3511
vn -0.1743 0.9229 -0.3432
vn -0.2031 0.8986 -0.3890
vn -0.4243 0.7434 -0.5171
vn -0.6114 0.6364 -0.4704
vn -0.7808 0.2612 -0.5676
vn -0.5314 0.4919 -0.6897
vn -0.6462 0.7080 -0.2850
vn -0.8585 -0.1058 -0.5018
vn -0.1322 0.7315 -0.6689
vn 0.0031 -0.9703 -0.2419
vn -0.4786 -0.7731 -0.4162
vn -0.1845 -0.9669 0.1761
vn -0.0363 -0.9978 0.0552
vn -0.1110 -0.8582 -0.5011
vn -0.1247 -0.4283 -0.8950
vn 0.3235 -0.7705 -0.5493
vn 0.4622 -0.8817 0.0949
vn -0.0561 -0.0712 -0.9959
vn 0.7306 -0.5318 -0.4284
vn 0.6273 -0.7770 0.0530
vn 0.6269 -0.7488 0.2153
vn 0.6938 -0.6740 0.2538
vn 0.6044 -0.7037 0.3734
vn 0.5668 -0.6797 0.4656
vn 0.4393 -0.7956 0.4171
vn 0.7448 -0.6663 0.0360
vn 0.2101 -0.9486 -0.2368
vn 0.7711 -0.4822 0.4158
vn 0.8538 -0.2621 0.4498
vn 0.8930 -0.0466 0.4476
vn 0.8575 0.1005 0.5046
vn 0.8522 -0.0538 0.5204
vn 0.8662 0.3400 0.3662
vn 0.9231 0.2127 0.3203
vn 0.7639 0.3923 0.5125
vn 0.8455 0.4251 0.3232
vn 0.8706 0.3367 0.3587
vn 0.7834 0.2002 0.5884
vn 0.5949 0.4207 0.6849
vn 0.7937 0.4956 0.3527
vn 0.6271 0.5513 0.5502
vn 0.6506 0.5170 0.5562
vn 0.6124 0.5633 0.5547
vn 0.5331 0.3091 0.7876
vn 0.6126 0.1756 0.7707
vn 0.8448 0.2417 0.4773
vn 0.6677 0.5207 0.5320
vn 0.7079 0.2094 0.6745
vn 0.7432 0.0706 0.6654
vn 0.8484 0.1753 0.4995
vn 0.8692 -0.0474 0.4921
vn 0.8929 -0.2000 0.4034
vn 0.8340 -0.0171 0.5515
vn 0.8404 -0.3739 0.3923
vn 0.8846 -0.2590 0.3877
vn 0.8640 -0.2264 0.4498
vn 0.8490 -0.0299 0.5276
vn 0.9098 -0.3684 0.1910
vn 0.9019 -0.2558 0.3480
vn 0.9442 -0.2517 -0.2126
vn 0.9211 -0.2657 0.2845
vn 0.8597 -0.0154 0.5105
vn 0.9337 -0.2372 -0.2681
vn 0.9106 -0.3468 -0.2248
vn 0.9793 0.0423 0.1980
vn 0.7320 -0.3439 -0.5881
vn 0.9517 0.1229 -0.2814
vn 0.9565 0.2722 -0.1053
vn 0.9183 0.1401 0.3703
vn 0.8828 0.3330 0.3312
vn 0.9610 -0.2767 -0.0032
vn 0.8281 0.3039 0.4709
vn 0.8381 0.2835 0.4661
vn 0.8576 0.1076 0.5030
vn 0.8504 0.1864 0.4921
vn 0.7915 -0.1361 0.5958
vn 0.7586 0.1866 0.6243
vn 0.8783 0.2784 0.3888
vn 0.8602 0.1690 0.4812
vn 0.9159 0.0909 0.3910
vn 0.8548 0.4932 0.1614
vn 0.8947 -0.0334 -0.4454
vn 0.8117 0.5411 -0.2199
vn 0.3250 0.3119 -0.8928
vn 0.6633 0.6009 -0.4461
vn 0.8634 0.5036 0.0310
vn 0.7377 0.5332 -0.4142
vn 0.5622 0.1338 0.8161
vn 0.7238 0.4472 0.5255
vn 0.5313 0.3086 0.7890
vn 0.3806 0.1428 0.9137
vn 0.7570 0.5263 0.3872
vn 0.6883 0.6288 0.3617
vn 0.7096 0.4500 0.5422
vn 0.8652 0.4049 0.2957
vn 0.8292 0.5049 0.2399
vn 0.8062 0.4067 0.4297
vn 0.8271 0.3607 0.4310
vn 0.6050 0.7336 0.3096
vn 0.8427 -0.1512 0.5168
vn 0.9193 0.1517 0.3631
vn 0.8487 0.2066 0.4869
vn 0.8608 0.0971 0.4995
vn 0.8234 0.4574 0.3359
vn 0.4575 0.7496 0.4784
vn 0.6425 0.4820 0.5957
vn 0.2431 0.8089 0.5354
vn 0.5172 0.4905 0.7014
vn 0.3490 0.5542 0.7557
vn 0.2473 0.9036 0.3498
vn 0.4475 0.2298 0.8642
vn 0.0506 0.3820 0.9228
vn 0.2813 -0.0706 0.9570
vn 0.2572 -0.1656 0.9521
vn 0.3046 -0.1621 0.9386
vn 0.5377 0.2021 0.8185
vn 0.2026 -0.0921 0.9749
vn 0.3070 0.0528 0.9502
vn 0.2383 0.0431 0.9702
vn 0.6366 -0.0305 0.7706
vn -0.3380 0.5780 0.7427
vn -0.5141 0.4025 0.7575
vn -0.6638 0.2363 0.7096
vn -0.7614 0.1820 0.6222
vn -0.6918 0.2830 0.6643
s 1
usemtl mtl1
f 6//1 1//2 2//3
f 1//2 5//4 2//3
f 6//1 3//5 1//2
f 1//2 3//5 4//6
f 4//6 5//4 1//2
f 6//1 9//7 7//8
f 6//1 7//8 3//5
f 10//9 6//1 2//3
f 9//7 6//1 8//10
f 8//10 6//1 10//9
f 2//3 5//4 10//9
f 10//9 12//11 11//12
f 10//9 11//12 8//10
f 5//4 12//11 10//9
f 13//13 12//11 14//14
f 12//11 13//13 11//12
f 14//14 12//11 15//15
f 5//4 15//15 12//11
f 16//16 15//15 5//4
f 15//15 18//17 14//14
f 15//15 16//16 17//18
f 18//17 15//15 17//18
f 14//14 18//17 22//19
f 18//17 17//18 19//20
f 18//17 19//20 21//21
f 20//22 18//17 21//21
f 18//17 20//22 22//19
f 25//23 14//14 22//19
f 22//19 23//24 24//25
f 22//19 20//22 23//24
f 25//23 22//19 24//25
f 13//13 14//14 25//23
f 26//26 13//13 25//23
f 29//27 26//26 25//23
f 30//28 25//23 24//25
f 27//29 25//23 28//30
f 27//29 29//27 25//23
f 28//30 25//23 30//28
f 30//28 24//25 31//31
f 32//32 28//30 30//28
f 31//31 32//32 30//28
f 35//33 33//34 32//32
f 32//32 33//34 34//35
f 32//32 31//31 35//33
f 34//35 28//30 32//32
f 35//33 21//21 36//36
f 24//25 21//21 35//33
f 35//33 36//36 37//37
f 31//31 24//25 35//33
f 33//34 35//33 37//37
f 37//37 38//38 39//39
f 41//40 38//38 37//37
f 33//34 37//37 39//39
f 40//41 37//37 36//36
f 41//40 37//37 40//41
f 38//38 41//40 43//42
f 43//42 41//40 42//43
f 41//40 40//41 42//43
f 38//38 43//42 44//44
f 42//43 44//44 43//42
f 38//38 44//44 45//45
f 44//44 42//43 49//46
f 46//47 45//45 44//44
f 46//47 44//44 48//48
f 47//49 48//48 44//44
f 47//49 44//44 49//46
f 47//49 49//46 51//50
f 50//51 52//52 49//46
f 49//46 42//43 50//51
f 49//46 52//52 51//50
f 52//52 53//53 51//50
f 56//54 53//53 52//52
f 54//55 55//56 52//52
f 52//52 50//51 54//55
f 56//54 52//52 55//56
f 56//54 58//57 57//58
f 57//58 53//53 56//54
f 55//56 60//59 56//54
f 59//60 58//57 56//54
f 61//61 59//60 56//54
f 60//59 61//61 56//54
f 60//59 62//62 61//61
f 61//61 62//62 59//60
f 62//62 60//59 63//63
f 62//62 63//63 64//64
f 62//62 65//65 59//60
f 64//64 65//65 62//62
f 59//60 65//65 66//66
f 67//67 65//65 64//64
f 66//66 65//65 67//67
f 68//68 70//69 67//67
f 69//70 68//68 67//67
f 71//71 67//67 64//64
f 69//70 67//67 71//71
f 66//66 67//67 70//69
f 74//72 71//71 72//73
f 72//73 71//71 75//74
f 77//75 71//71 73//76
f 71//71 76//77 73//76
f 74//72 76//77 71//71
f 78//78 69//70 71//71
f 71//71 64//64 75//74
f 78//78 71//71 77//75
f 79//79 69//70 78//78
f 81//80 79//79 78//78
f 80//81 81//80 78//78
f 78//78 77//75 80//81
f 84//82 79//79 81//80
f 84//82 81//80 82//83
f 82//83 81//80 83//84
f 83//84 81//80 80//81
f 79//79 84//82 85//85
f 84//82 82//83 85//85
f 82//83 87//86 85//85
f 79//79 85//85 86//87
f 86//87 85//85 87//86
f 82//83 88//88 87//86
f 87//86 88//88 89//89
f 89//89 90//90 87//86
f 86//87 87//86 90//90
f 91//91 86//87 90//90
f 91//91 90//90 89//89
f 92//92 69//70 91//91
f 91//91 69//70 86//87
f 91//91 89//89 92//92
f 94//93 92//92 93//94
f 93//94 92//92 89//89
f 92//92 94//93 95//95
f 95//95 69//70 92//92
f 96//96 97//97 95//95
f 98//98 96//96 95//95
f 97//97 102//99 95//95
f 99//100 98//98 95//95
f 99//100 95//95 100//101
f 100//101 95//95 101//102
f 94//93 101//102 95//95
f 95//95 102//99 69//70
f 97//97 104//103 102//99
f 102//99 103//104 107//105
f 104//103 103//104 102//99
f 102//99 105//106 69//70
f 106//107 105//106 102//99
f 102//99 107//105 106//107
f 108//108 106//107 107//105
f 103//104 108//108 107//105
f 109//109 108//108 103//104
f 108//108 109//109 105//106
f 106//107 108//108 105//106
f 110//110 115//111 109//109
f 109//109 103//104 110//110
f 113//112 111//113 109//109
f 112//114 109//109 111//113
f 114//115 109//109 112//114
f 109//109 115//111 113//112
f 105//106 109//109 114//115
f 116//116 120//117 115//111
f 116//116 115//111 110//110
f 118//118 117//119 115//111
f 115//111 117//119 119//120
f 120//117 118//118 115//111
f 115//111 119//120 113//112
f 120//117 124//121 121//122
f 121//122 118//118 120//117
f 116//116 123//123 120//117
f 122//124 124//121 120//117
f 123//123 122//124 120//117
f 125//125 124//121 122//124
f 125//125 126//126 124//121
f 118//118 124//121 126//126
f 121//122 124//121 118//118
f 127//127 126//126 125//125
f 126//126 127//127 118//118
f 128//128 127//127 125//125
f 129//129 127//127 128//128
f 118//118 127//127 131//130
f 129//129 130//131 127//127
f 131//130 127//127 130//131
f 131//130 133//132 117//119
f 118//118 131//130 117//119
f 131//130 132//133 133//132
f 131//130 130//131 132//133
f 117//119 133//132 137//134
f 133//132 135//135 134//136
f 133//132 134//136 136//137
f 132//133 135//135 133//132
f 136//137 137//134 133//132
f 138//138 137//134 136//137
f 138//138 139//139 137//134
f 137//134 139//139 117//119
f 117//119 139//139 140//140
f 140//140 139//139 141//141
f 141//141 139//139 138//138
f 142//142 113//112 141//141
f 112//114 142//142 141//141
f 112//114 141//141 69//70
f 140//140 141//141 113//112
f 141//141 138//138 143//143
f 141//141 143//143 69//70
f 69//70 143//143 68//68
f 143//143 146//144 144//145
f 68//68 143//143 144//145
f 143//143 138//138 136//137
f 143//143 136//137 145//146
f 143//143 145//146 146//144
f 146//144 148//147 147//148
f 147//148 149//149 146//144
f 145//146 148//147 146//144
f 144//145 146//144 149//149
f 150//150 149//149 152//151
f 151//152 149//149 150//150
f 151//152 144//145 149//149
f 149//149 153//153 152//151
f 147//148 153//153 149//149
f 153//153 155//154 154//155
f 156//156 153//153 154//155
f 153//153 156//156 152//151
f 147//148 155//154 153//153
f 157//157 150//150 156//156
f 157//157 156//156 159//158
f 154//155 158//159 156//156
f 156//156 158//159 161//160
f 156//156 150//150 152//151
f 160//161 159//158 156//156
f 156//156 161//160 160//161
f 161//160 158//159 162//162
f 161//160 162//162 164//163
f 164//163 163//164 161//160
f 161//160 163//164 160//161
f 164//163 162//162 165//165
f 163//164 164//163 166//166
f 165//165 166//166 164//163
f 167//167 166//166 171//168
f 167//167 163//164 166//166
f 169//169 168//170 166//166
f 171//168 166//166 168//170
f 169//169 166//166 170//171
f 165//165 170//171 166//166
f 171//168 168//170 172//172
f 173//173 171//168 172//172
f 171//168 173//173 167//167
f 174//174 173//173 176//175
f 167//167 173//173 174//174
f 175//176 173//173 177//177
f 175//176 176//175 173//173
f 177//177 173//173 172//172
f 177//177 178//178 175//176
f 178//178 177//177 180//179
f 179//180 177//177 181//181
f 179//180 180//179 177//177
f 177//177 172//172 181//181
f 181//181 185//182 182//183
f 184//184 181//181 182//183
f 181//181 184//184 179//180
f 181//181 183//185 185//182
f 181//181 172//172 183//185
f 185//182 183//185 168//170
f 168//170 169//169 185//182
f 185//182 187//186 182//183
f 186//187 185//182 169//169
f 185//182 186//187 187//186
f 188//188 182//183 187//186
f 191//189 188//188 187//186
f 192//190 187//186 189//191
f 187//186 186//187 189//191
f 190//192 187//186 192//190
f 191//189 187//186 190//192
f 195//193 192//190 193//194
f 192//190 194//195 193//194
f 189//191 194//195 192//190
f 190//192 192//190 195//193
f 197//196 196//197 195//193
f 199//198 195//193 196//197
f 197//196 195//193 201//199
f 199//198 198//200 195//193
f 195//193 198//200 200//201
f 195//193 200//201 190//192
f 201//199 195//193 193//194
f 193//194 204//202 201//199
f 202//203 205//204 201//199
f 201//199 203//205 202//203
f 197//196 201//199 205//204
f 201//199 204//202 203//205
f 205//204 202//203 206//206
f 197//196 205//204 206//206
f 206//206 210//207 207//208
f 209//209 206//206 207//208
f 208//210 206//206 209//209
f 208//210 197//196 206//206
f 206//206 202//203 210//207
f 202//203 214//211 210//207
f 211//212 210//207 212//213
f 213//214 210//207 211//212
f 214//211 212//213 210//207
f 207//208 210//207 213//214
f 212//213 214//211 218//215
f 202//203 215//216 214//211
f 215//216 220//217 214//211
f 214//211 219//218 216//219
f 218//215 214//211 216//219
f 214//211 217//220 219//218
f 220//217 217//220 214//211
f 221//221 217//220 220//217
f 223//222 221//221 220//217
f 215//216 222//223 220//217
f 220//217 222//223 223//222
f 221//221 223//222 222//223
f 225//224 222//223 215//216
f 222//223 225//224 224//225
f 224//225 162//162 222//223
f 222//223 162//162 221//221
f 204//202 225//224 203//205
f 204//202 194//195 225//224
f 226//226 224//225 225//224
f 225//224 194//195 226//226
f 203//205 225//224 215//216
f 226//226 170//171 224//225
f 226//226 227//227 170//171
f 194//195 189//191 226//226
f 189//191 227//227 226//226
f 227//227 169//169 170//171
f 189//191 186//187 227//227
f 169//169 227//227 186//187
f 162//162 224//225 170//171
f 217//220 221//221 158//159
f 162//162 158//159 221//221
f 228//228 229//229 219//218
f 217//220 228//228 219//218
f 219//218 229//229 230//230
f 216//219 219//218 230//230
f 231//231 230//230 232//232
f 216//219 230//230 231//231
f 229//229 233//233 230//230
f 230//230 233//233 232//232
f 233//233 234//234 232//232
f 235//235 234//234 233//233
f 235//235 233//233 229//229
f 236//236 234//234 235//235
f 237//237 236//236 235//235
f 228//228 235//235 229//229
f 228//228 237//237 235//235
f 154//155 236//236 237//237
f 154//155 237//237 158//159
f 217//220 237//237 228//228
f 158//159 237//237 217//220
f 155//154 234//234 236//236
f 155//154 236//236 154//155
f 234//234 238//238 241//239
f 238//238 234//234 155//154
f 232//232 234//234 240//240
f 239//241 240//240 234//234
f 234//234 241//239 239//241
f 243//242 241//239 242//243
f 242//243 241//239 238//238
f 241//239 243//242 239//241
f 243//242 244//244 239//241
f 243//242 242//243 244//244
f 242//243 247//245 244//244
f 248//246 245//247 244//244
f 244//244 245//247 239//241
f 248//246 244//244 246//248
f 244//244 247//245 246//248
f 252//249 248//246 249//250
f 249//250 248//246 251//251
f 253//252 250//253 248//246
f 250//253 245//247 248//246
f 248//246 246//248 251//251
f 253//252 248//246 252//249
f 254//254 250//253 253//252
f 255//255 254//254 253//252
f 253//252 256//256 255//255
f 257//257 253//252 252//249
f 253//252 257//257 256//256
f 249//250 257//257 252//249
f 249//250 258//258 257//257
f 258//258 256//256 257//257
f 260//259 259//260 258//258
f 259//260 261//261 258//258
f 260//259 258//258 249//250
f 261//261 256//256 258//258
f 259//260 256//256 261//261
f 263//262 259//260 260//259
f 262//263 260//259 249//250
f 262//263 263//262 260//259
f 264//264 259//260 263//262
f 264//264 263//262 262//263
f 264//264 267//265 265//266
f 265//266 266//267 264//264
f 266//267 259//260 264//264
f 262//263 267//265 264//264
f 267//265 262//263 268//268
f 270//269 267//265 268//268
f 269//270 265//266 267//265
f 270//269 269//270 267//265
f 273//271 270//269 271//272
f 271//272 270//269 268//268
f 272//273 269//270 270//269
f 272//273 270//269 273//271
f 273//271 274//274 272//273
f 275//275 273//271 271//272
f 273//271 275//275 274//274
f 275//275 279//276 276//277
f 278//278 275//275 276//277
f 277//279 275//275 271//272
f 279//276 275//275 277//279
f 278//278 274//274 275//275
f 280//280 279//276 277//279
f 280//280 281//281 279//276
f 279//276 281//281 276//277
f 284//282 276//277 281//281
f 282//283 281//281 286//284
f 285//285 281//281 282//283
f 286//284 281//281 280//280
f 281//281 283//286 284//282
f 281//281 285//285 283//286
f 285//285 282//283 286//284
f 286//284 280//280 287//287
f 288//288 286//284 287//287
f 289//289 286//284 288//288
f 285//285 286//284 289//289
f 290//290 289//289 292//291
f 290//290 291//292 289//289
f 289//289 291//292 285//285
f 289//289 288//288 292//291
f 292//291 288//288 294//293
f 293//294 290//290 292//291
f 294//293 293//294 292//291
f 295//295 294//293 287//287
f 296//296 294//293 295//295
f 293//294 294//293 296//296
f 294//293 288//288 287//287
f 296//296 295//295 297//297
f 298//298 296//296 297//297
f 298//298 299//299 296//296
f 296//296 299//299 293//294
f 299//299 290//290 293//294
f 301//300 299//299 298//298
f 300//301 290//290 299//299
f 302//302 300//301 299//299
f 301//300 302//302 299//299
f 302//302 301//300 303//303
f 303//303 304//304 302//302
f 302//302 304//304 300//301
f 304//304 305//305 300//301
f 307//306 305//305 304//304
f 307//306 304//304 306//307
f 304//304 303//303 306//307
f 306//307 305//305 307//306
f 306//307 311//308 305//305
f 312//309 308//310 306//307
f 308//310 310//311 306//307
f 306//307 309//312 311//308
f 310//311 309//312 306//307
f 303//303 312//309 306//307
f 303//303 313//313 312//309
f 314//314 312//309 313//313
f 312//309 314//314 316//315
f 316//315 315//316 312//309
f 315//316 308//310 312//309
f 316//315 318//317 315//316
f 317//318 316//315 314//314
f 317//318 318//317 316//315
f 317//318 319//319 318//317
f 320//320 318//317 319//319
f 318//317 320//320 321//321
f 318//317 321//321 308//310
f 318//317 308//310 315//316
f 320//320 309//312 321//321
f 321//321 309//312 310//311
f 308//310 321//321 310//311
f 323//322 322//323 320//320
f 325//324 320//320 322//323
f 319//319 323//322 320//320
f 309//312 320//320 324//325
f 320//320 325//324 324//325
f 325//324 326//326 330//327
f 329//328 326//326 325//324
f 322//323 327//329 325//324
f 327//329 329//328 325//324
f 331//330 325//324 328//331
f 325//324 330//327 328//331
f 325//324 331//330 324//325
f 324//325 331//330 332//332
f 332//332 331//330 309//312
f 311//308 309//312 331//330
f 336//333 311//308 331//330
f 331//330 333//334 335//335
f 328//331 333//334 331//330
f 334//336 331//330 335//335
f 336//333 331//330 334//336
f 305//305 336//333 337//337
f 336//333 334//336 337//337
f 311//308 336//333 305//305
f 337//337 334//336 305//305
f 334//336 335//335 338//338
f 335//335 340//339 338//338
f 339//340 340//339 335//335
f 335//335 341//341 339//340
f 333//334 341//341 335//335
f 342//342 341//341 333//334
f 342//342 343//343 341//341
f 341//341 344//344 339//340
f 344//344 341//341 343//343
f 344//344 345//345 340//339
f 344//344 346//346 345//345
f 343//343 346//346 344//344
f 339//340 344//344 340//339
f 347//347 348//348 346//346
f 350//349 347//347 346//346
f 350//349 346//346 343//343
f 349//350 345//345 346//346
f 346//346 348//348 351//351
f 346//346 351//351 349//350
f 349//350 351//351 352//352
f 353//353 352//352 351//351
f 348//348 353//353 351//351
f 353//353 348//348 354//354
f 354//354 357//355 353//353
f 352//352 353//353 356//356
f 356//356 353//353 355//357
f 353//353 357//355 355//357
f 357//355 361//358 358//359
f 358//359 360//360 357//355
f 357//355 359//361 355//357
f 360//360 359//361 357//355
f 354//354 361//358 357//355
f 358//359 361//358 363//362
f 354//354 362//363 361//358
f 363//362 361//358 362//363
f 364//364 363//362 362//363
f 364//364 368//365 363//362
f 365//366 358//359 363//362
f 363//362 366//367 365//366
f 367//368 366//367 363//362
f 368//365 367//368 363//362
f 373//369 369//370 368//365
f 374//371 368//365 369//370
f 371//372 367//368 368//365
f 368//365 370//373 372//374
f 374//371 370//373 368//365
f 372//374 371//372 368//365
f 364//364 373//369 368//365
f 373//369 375//375 374//371
f 376//376 374//371 375//375
f 369//370 373//369 374//371
f 376//376 370//373 374//371
f 377//377 376//376 375//375
f 377//377 378//378 376//376
f 378//378 370//373 376//376
f 380//379 379//380 378//378
f 379//380 381//381 378//378
f 378//378 381//381 370//373
f 380//379 378//378 377//377
f 370//373 381//381 382//382
f 381//381 386//383 382//382
f 381//381 383//384 386//383
f 381//381 385//385 383//384
f 384//386 381//381 379//380
f 384//386 385//385 381//381
f 388//387 387//388 386//383
f 382//382 386//383 387//388
f 383//384 388//387 386//383
f 383//384 392//389 388//387
f 388//387 390//390 389//391
f 389//391 387//388 388//387
f 388//387 391//392 390//390
f 388//387 392//389 391//392
f 397//393 393//394 392//389
f 398//395 392//389 393//394
f 392//389 394//396 391//392
f 394//396 392//389 395//397
f 392//389 398//395 395//397
f 383//384 396//398 392//389
f 396//398 397//393 392//389
f 398//395 400//399 395//397
f 399//400 400//399 398//395
f 398//395 401//401 399//400
f 393//394 401//401 398//395
f 401//401 402//402 399//400
f 403//403 402//402 401//401
f 403//403 401//401 397//393
f 401//401 393//394 397//393
f 403//403 404//404 402//402
f 406//405 404//404 403//403
f 405//406 403//403 397//393
f 407//407 403//403 405//406
f 408//408 406//405 403//403
f 407//407 408//408 403//403
f 412//409 406//405 408//408
f 410//410 408//408 409//411
f 407//407 409//411 408//408
f 410//410 411//412 408//408
f 408//408 411//412 412//409
f 411//412 414//413 412//409
f 413//414 406//405 412//409
f 414//413 413//414 412//409
f 415//415 413//414 414//413
f 417//416 415//415 414//413
f 416//417 414//413 418//418
f 414//413 416//417 417//416
f 414//413 411//412 418//418
f 416//417 418//418 422//419
f 418//418 419//420 421//421
f 418//418 420//422 419//420
f 418//418 411//412 420//422
f 421//421 422//419 418//418
f 425//423 422//419 421//421
f 422//419 424//424 423//425
f 423//425 416//417 422//419
f 424//424 422//419 425//423
f 425//423 421//421 426//426
f 424//424 425//423 426//426
f 427//427 426//426 421//421
f 428//428 426//426 427//427
f 429//429 424//424 426//426
f 429//429 426//426 428//428
f 432//430 430//431 429//429
f 429//429 430//431 431//432
f 429//429 431//432 424//424
f 432//430 429//429 428//428
f 433//433 430//431 432//430
f 433//433 432//430 434//434
f 435//435 434//434 432//430
f 435//435 432//430 428//428
f 436//436 434//434 435//435
f 437//437 435//435 428//428
f 436//436 435//435 437//437
f 440//438 438//439 437//437
f 436//436 437//437 438//439
f 439//440 437//437 428//428
f 437//437 439//440 440//438
f 439//440 445//441 440//438
f 440//438 445//441 441//442
f 442//443 440//438 441//442
f 443//444 440//438 442//443
f 443//444 444//445 440//438
f 438//439 440//438 444//445
f 445//441 448//446 446//447
f 441//442 445//441 446//447
f 439//440 447//448 445//441
f 448//446 445//441 447//448
f 448//446 447//448 451//449
f 446//447 448//446 450//450
f 450//450 448//446 449//451
f 448//446 451//449 449//451
f 451//449 453//452 452//453
f 451//449 452//453 449//451
f 451//449 455//454 453//452
f 451//449 454//455 456//456
f 447//448 454//455 451//449
f 456//456 455//454 451//449
f 457//457 456//456 454//455
f 455//454 456//456 427//427
f 427//427 456//456 457//457
f 428//428 427//427 457//457
f 428//428 457//457 454//455
f 455//454 458//458 461//459
f 459//460 458//458 455//454
f 455//454 427//427 459//460
f 460//461 455//454 461//459
f 453//452 455//454 460//461
f 462//462 464//463 461//459
f 462//462 461//459 465//464
f 461//459 463//465 460//461
f 464//463 463//465 461//459
f 458//458 466//466 461//459
f 461//459 466//466 465//464
f 458//458 421//421 466//466
f 421//421 419//420 466//466
f 466//466 410//410 465//464
f 419//420 410//410 466//466
f 467//467 462//462 465//464
f 410//410 467//467 465//464
f 467//467 468//468 462//462
f 467//467 410//410 468//468
f 468//468 409//411 396//398
f 396//398 462//462 468//468
f 410//410 409//411 468//468
f 470//469 464//463 469//470
f 462//462 469//470 464//463
f 463//465 464//463 470//469
f 469//470 379//380 470//469
f 463//465 470//469 471//471
f 379//380 471//471 470//469
f 471//471 379//380 380//379
f 472//472 463//465 471//471
f 471//471 473//473 472//472
f 473//473 471//471 380//379
f 476//474 472//472 473//473
f 474//475 473//473 477//476
f 476//474 473//473 474//475
f 473//473 478//477 475//478
f 475//478 477//476 473//473
f 473//473 380//379 479//479
f 478//477 473//473 479//479
f 479//479 480//480 478//477
f 479//479 380//379 480//480
f 375//375 480//480 377//377
f 380//379 377//377 480//480
f 480//480 375//375 482//481
f 482//481 481//482 480//480
f 481//482 478//477 480//480
f 481//482 482//481 484//483
f 482//481 483//484 485//485
f 482//481 375//375 483//484
f 484//483 482//481 485//485
f 486//486 485//485 487//487
f 486//486 330//327 485//485
f 485//485 489//488 487//487
f 485//485 483//484 489//488
f 488//489 485//485 330//327
f 488//489 484//483 485//485
f 487//487 489//488 491//490
f 489//488 483//484 490//491
f 490//491 491//490 489//488
f 354//354 491//490 373//369
f 490//491 373//369 491//490
f 491//490 354//354 347//347
f 486//486 491//490 350//349
f 486//486 487//487 491//490
f 491//490 347//347 350//349
f 483//484 373//369 490//491
f 326//326 488//489 330//327
f 492//492 488//489 493//493
f 481//482 488//489 492//492
f 488//489 481//482 484//483
f 493//493 488//489 326//326
f 326//326 492//492 493//493
f 492//492 478//477 481//482
f 494//494 478//477 492//492
f 495//495 494//494 492//492
f 496//496 495//495 492//492
f 497//497 496//496 492//492
f 497//497 492//492 326//326
f 497//497 326//326 329//328
f 327//329 497//497 329//328
f 498//498 497//497 327//329
f 499//499 496//496 497//497
f 498//498 499//499 497//497
f 499//499 503//500 500//501
f 500//501 504//502 499//499
f 504//502 501//503 499//499
f 501//503 502//504 499//499
f 502//504 496//496 499//499
f 499//499 498//498 503//500
f 505//505 504//502 500//501
f 505//505 507//506 504//502
f 509//507 506//508 504//502
f 501//503 504//502 506//508
f 508//509 504//502 507//506
f 509//507 504//502 508//509
f 512//510 509//507 508//509
f 510//511 506//508 509//507
f 509//507 511//512 510//511
f 512//510 511//512 509//507
f 515//513 512//510 513//514
f 513//514 512//510 514//515
f 515//513 511//512 512//510
f 516//516 514//515 512//510
f 508//509 517//517 512//510
f 517//517 516//516 512//510
f 517//517 508//509 507//506
f 517//517 507//506 518//518
f 518//518 516//516 517//517
f 505//505 518//518 507//506
f 519//519 518//518 505//505
f 516//516 518//518 519//519
f 519//519 505//505 520//520
f 521//521 519//519 520//520
f 516//516 519//519 521//521
f 516//516 521//521 522//522
f 522//522 521//521 523//523
f 524//524 521//521 520//520
f 523//523 521//521 524//524
f 524//524 526//525 523//523
f 524//524 520//520 525//526
f 525//526 526//525 524//524
f 526//525 530//527 527//528
f 529//529 526//525 527//528
f 528//530 523//523 526//525
f 529//529 528//530 526//525
f 530//527 526//525 525//526
f 531//531 530//527 525//526
f 530//527 531//531 527//528
f 533//532 532//533 531//531
f 534//534 531//531 532//533
f 533//532 531//531 525//526
f 527//528 531//531 534//534
f 535//535 527//528 534//534
f 537//536 535//535 534//534
f 534//534 539//537 536//538
f 534//534 536//538 537//536
f 534//534 532//533 538//539
f 534//534 538//539 539//537
f 539//537 541//540 540//541
f 540//541 536//538 539//537
f 539//537 542//542 541//540
f 539//537 538//539 542//542
f 542//542 543//543 544//544
f 542//542 538//539 543//543
f 542//542 544//544 545//545
f 545//545 546//546 542//542
f 541//540 542//542 546//546
f 541//540 546//546 547//547
f 548//548 547//547 546//546
f 548//548 546//546 549//549
f 546//546 545//545 549//549
f 549//549 551//550 550//551
f 548//548 549//549 550//551
f 549//549 545//545 551//550
f 551//550 553//552 550//551
f 551//550 552//553 554//554
f 545//545 552//553 551//550
f 551//550 554//554 553//552
f 555//555 556//556 554//554
f 554//554 552//553 555//555
f 556//556 557//557 554//554
f 554//554 558//558 553//552
f 557//557 558//558 554//554
f 558//558 560//559 559//560
f 561//561 558//558 559//560
f 558//558 564//562 560//559
f 562//563 558//558 561//561
f 563//564 558//558 562//563
f 553//552 558//558 563//564
f 564//562 558//558 557//557
f 565//565 566//566 564//562
f 564//562 557//557 565//565
f 560//559 564//562 566//566
f 568//567 567//568 566//566
f 567//568 559//560 566//566
f 560//559 566//566 559//560
f 568//567 566//566 565//565
f 569//569 571//570 568//567
f 569//569 568//567 565//565
f 567//568 568//567 570//571
f 570//571 568//567 571//570
f 572//572 573//573 571//570
f 571//570 569//569 572//572
f 571//570 573//573 570//571
f 573//573 576//574 570//571
f 574//575 287//287 573//573
f 575//576 574//575 573//573
f 575//576 573//573 572//572
f 573//573 287//287 576//574
f 576//574 577//577 570//571
f 577//577 576//574 582//578
f 251//251 578//579 576//574
f 578//579 581//580 576//574
f 581//580 579//581 576//574
f 576//574 579//581 583//582
f 576//574 583//582 580//583
f 584//584 576//574 580//583
f 582//578 576//574 585//585
f 287//287 268//268 576//574
f 585//585 576//574 584//584
f 576//574 268//268 251//251
f 586//586 585//585 588//587
f 587//588 585//585 586//586
f 587//588 582//578 585//585
f 585//585 584//584 588//587
f 588//587 584//584 589//589
f 588//587 589//589 590//590
f 590//590 586//586 588//587
f 594//591 590//590 591//592
f 596//593 591//592 590//590
f 590//590 589//589 593//594
f 593//594 592//595 590//590
f 590//590 592//595 596//593
f 590//590 595//596 586//586
f 594//591 595//596 590//590
f 592//595 597//597 596//593
f 596//593 597//597 598//598
f 596//593 598//598 591//592
f 598//598 600//599 599//600
f 601//601 598//598 599//600
f 598//598 597//597 600//599
f 601//601 602//602 598//598
f 591//592 598//598 602//602
f 603//603 602//602 601//601
f 603//603 594//591 602//602
f 602//602 594//591 591//592
f 603//603 606//604 594//591
f 601//601 604//605 603//603
f 603//603 604//605 605//606
f 603//603 605//606 606//604
f 605//606 608//607 606//604
f 610//608 606//604 607//609
f 607//609 606//604 608//607
f 606//604 609//610 594//591
f 610//608 609//610 606//604
f 611//611 610//608 612//612
f 611//611 595//596 610//608
f 610//608 595//596 609//610
f 612//612 610//608 607//609
f 613//613 614//614 612//612
f 613//613 612//612 607//609
f 612//612 614//614 615//615
f 612//612 615//615 611//611
f 616//616 615//615 614//614
f 616//616 611//611 615//615
f 617//617 619//618 616//616
f 616//616 614//614 617//617
f 577//577 582//578 616//616
f 577//577 616//616 619//618
f 616//616 582//578 618//619
f 616//616 618//619 611//611
f 620//620 622//621 619//618
f 617//617 620//620 619//618
f 577//577 619//618 621//622
f 619//618 622//621 621//622
f 622//621 626//623 623//624
f 625//625 622//621 623//624
f 622//621 624//626 621//622
f 625//625 624//626 622//621
f 626//623 622//621 620//620
f 627//627 626//623 613//613
f 628//628 613//613 626//623
f 620//620 617//617 626//623
f 617//617 628//628 626//623
f 623//624 626//623 627//627
f 617//617 614//614 628//628
f 613//613 628//628 614//614
f 630//629 629//630 627//627
f 623//624 627//627 629//630
f 630//629 627//627 613//613
f 630//629 632//631 631//632
f 633//633 630//629 631//632
f 630//629 607//609 632//631
f 629//630 630//629 633//633
f 607//609 630//629 613//613
f 634//634 633//633 636//635
f 634//634 635//636 633//633
f 631//632 636//635 633//633
f 635//636 629//630 633//633
f 637//637 634//634 636//635
f 637//637 636//635 639//638
f 636//635 631//632 638//639
f 636//635 638//639 639//638
f 640//640 639//638 641//641
f 637//637 639//638 640//640
f 639//638 638//639 641//641
f 644//642 642//643 641//641
f 643//644 641//641 642//643
f 643//644 640//640 641//641
f 641//641 645//645 644//642
f 638//639 645//645 641//641
f 645//645 646//646 647//647
f 638//639 646//646 645//645
f 644//642 645//645 648//648
f 647//647 650//649 645//645
f 645//645 649//650 648//648
f 645//645 651//651 649//650
f 645//645 650//649 651//651
f 651//651 653//652 652//653
f 652//653 649//650 651//651
f 651//651 650//649 653//652
f 652//653 653//652 654//654
f 654//654 653//652 655//655
f 653//652 650//649 656//656
f 653//652 656//656 599//600
f 655//655 653//652 599//600
f 599//600 656//656 657//657
f 657//657 656//656 650//649
f 647//647 646//646 657//657
f 657//657 650//649 647//647
f 601//601 599//600 657//657
f 657//657 604//605 601//601
f 604//605 657//657 646//646
f 599//600 660//658 655//655
f 654//654 655//655 658//659
f 658//659 655//655 659//660
f 659//660 655//655 661//661
f 655//655 660//658 662//662
f 662//662 661//661 655//655
f 663//663 665//664 662//662
f 600//599 663//663 662//662
f 664//665 668//666 662//662
f 665//664 664//665 662//662
f 600//599 662//662 660//658
f 666//667 662//662 667//668
f 662//662 666//667 661//661
f 662//662 668//666 667//668
f 668//666 669//669 667//668
f 664//665 670//670 668//666
f 668//666 671//671 669//669
f 670//670 671//671 668//666
f 671//671 674//672 672//673
f 669//669 671//671 672//673
f 671//671 670//670 673//674
f 671//671 673//674 674//672
f 675//675 676//676 674//672
f 589//589 675//675 674//672
f 672//673 674//672 678//677
f 593//594 674//672 673//674
f 676//676 677//678 674//672
f 678//677 674//672 677//678
f 589//589 674//672 593//594
f 669//669 678//677 679//679
f 669//669 672//673 678//677
f 581//580 679//679 678//677
f 581//580 678//677 680//680
f 678//677 677//678 680//680
f 581//580 680//680 579//581
f 579//581 680//680 677//678
f 669//669 679//679 681//681
f 681//681 679//679 682//682
f 581//580 682//682 679//679
f 685//683 683//684 682//682
f 681//681 682//682 683//684
f 685//683 682//682 684//685
f 581//580 684//685 682//682
f 578//579 685//683 581//580
f 685//683 684//685 581//580
f 578//579 686//686 685//683
f 685//683 686//686 683//684
f 578//579 689//687 686//686
f 687//688 686//686 688//689
f 686//686 687//688 683//684
f 688//689 686//686 689//687
f 689//687 691//690 690//691
f 689//687 690//691 688//689
f 578//579 691//690 689//687
f 693//692 691//690 578//579
f 251//251 692//693 691//690
f 694//694 691//690 692//693
f 251//251 691//690 693//692
f 694//694 690//691 691//690
f 696//695 694//694 695//696
f 695//696 694//694 136//137
f 696//695 690//691 694//694
f 136//137 694//694 692//693
f 699//697 696//695 695//696
f 696//695 688//689 690//691
f 697//698 698//699 696//695
f 699//697 697//698 696//695
f 696//695 698//699 688//689
f 695//696 134//136 699//697
f 700//700 697//698 699//697
f 134//136 700//700 699//697
f 134//136 135//135 700//700
f 135//135 702//701 700//700
f 700//700 701//702 697//698
f 702//701 701//702 700//700
f 703//703 701//702 702//701
f 132//133 702//701 135//135
f 129//129 702//701 130//131
f 130//131 702//701 132//133
f 703//703 702//701 129//129
f 703//703 706//704 701//702
f 128//128 704//705 703//703
f 128//128 703//703 129//129
f 704//705 705//706 703//703
f 706//704 703//703 705//706
f 705//706 708//707 706//704
f 706//704 708//707 707//708
f 706//704 707//708 701//702
f 708//707 667//668 709//709
f 667//668 708//707 666//667
f 707//708 708//707 709//709
f 666//667 708//707 705//706
f 669//669 681//681 709//709
f 709//709 681//681 707//708
f 669//669 709//709 667//668
f 707//708 711//710 710//711
f 701//702 707//708 710//711
f 681//681 711//710 707//708
f 711//710 683//684 698//699
f 710//711 711//710 698//699
f 681//681 683//684 711//710
f 710//711 697//698 701//702
f 697//698 710//711 698//699
f 704//705 666//667 705//706
f 666//667 704//705 661//661
f 659//660 704//705 128//128
f 659//660 661//661 704//705
f 688//689 698//699 687//688
f 698//699 683//684 687//688
f 134//136 695//696 136//137
f 251//251 693//692 578//579
f 145//146 136//137 692//693
f 145//146 692//693 712//712
f 713//713 712//712 692//693
f 692//693 251//251 713//713
f 247//245 712//712 713//713
f 713//713 251//251 246//248
f 247//245 713//713 246//248
f 714//714 712//712 247//245
f 712//712 714//714 148//147
f 148//147 145//146 712//712
f 714//714 247//245 242//243
f 714//714 242//243 238//238
f 715//715 714//714 238//238
f 148//147 714//714 715//715
f 147//148 148//147 715//715
f 147//148 715//715 238//238
f 676//676 579//581 677//678
f 579//581 676//676 716//716
f 716//716 676//676 675//675
f 583//582 716//716 717//717
f 718//718 717//717 716//716
f 716//716 720//719 718//718
f 719//720 716//716 675//675
f 719//720 720//719 716//716
f 579//581 716//716 583//582
f 720//719 721//721 718//718
f 720//719 719//720 721//721
f 721//721 589//589 580//583
f 719//720 589//589 721//721
f 580//583 718//718 721//721
f 589//589 719//720 675//675
f 580//583 722//722 718//718
f 722//722 717//717 718//718
f 583//582 722//722 580//583
f 583//582 717//717 722//722
f 673//674 723//723 593//594
f 723//723 673//674 663//663
f 663//663 673//674 665//664
f 665//664 673//674 664//665
f 664//665 673//674 670//670
f 724//724 592//595 723//723
f 724//724 723//723 663//663
f 592//595 593//594 723//723
f 600//599 724//724 663//663
f 724//724 600//599 597//597
f 592//595 724//724 597//597
f 599//600 600//599 660//658
f 658//659 659//660 128//128
f 726//725 658//659 128//128
f 725//726 654//654 658//659
f 658//659 726//725 725//726
f 649//650 652//653 726//725
f 649//650 726//725 128//128
f 652//653 725//726 726//725
f 652//653 654//654 725//726
f 649//650 128//128 727//727
f 648//648 649//650 727//727
f 729//728 728//729 727//727
f 728//729 730//730 727//727
f 727//727 125//125 729//728
f 730//730 648//648 727//727
f 727//727 128//128 125//125
f 732//731 648//648 730//730
f 731//732 730//730 728//729
f 733//733 730//730 731//732
f 733//733 732//731 730//730
f 732//731 733//733 735//734
f 733//733 731//732 116//116
f 733//733 734//735 735//734
f 736//736 734//735 733//733
f 733//733 116//116 736//736
f 737//737 739//738 736//736
f 737//737 736//736 738//739
f 738//739 736//736 740//740
f 736//736 116//116 110//110
f 739//738 734//735 736//736
f 740//740 736//736 110//110
f 740//740 110//110 103//104
f 740//740 741//741 742//742
f 743//743 741//741 740//740
f 742//742 744//744 740//740
f 740//740 103//104 743//743
f 744//744 738//739 740//740
f 747//745 744//744 745//746
f 742//742 745//746 744//744
f 746//747 738//739 744//744
f 744//744 747//745 746//747
f 747//745 745//746 99//100
f 749//748 747//745 99//100
f 748//749 750//750 747//745
f 749//748 748//749 747//745
f 747//745 750//750 746//747
f 750//750 751//751 753//752
f 750//750 752//753 751//751
f 748//749 752//753 750//750
f 746//747 750//750 753//752
f 753//752 754//754 737//737
f 746//747 753//752 737//737
f 751//751 754//754 753//752
f 751//751 643//644 754//754
f 754//754 643//644 737//737
f 751//751 752//753 756//755
f 755//756 757//757 752//753
f 748//749 755//756 752//753
f 752//753 757//757 756//755
f 757//757 758//758 759//759
f 755//756 758//758 757//757
f 756//755 757//757 759//759
f 760//760 759//759 761//761
f 759//759 760//760 643//644
f 759//759 758//758 761//761
f 756//755 759//759 643//644
f 761//761 758//758 762//762
f 761//761 762//762 760//760
f 758//758 763//763 762//762
f 762//762 763//763 635//636
f 762//762 635//636 634//634
f 762//762 634//634 637//637
f 760//760 762//762 637//637
f 758//758 764//764 763//763
f 764//764 765//765 763//763
f 763//763 765//765 635//636
f 765//765 767//766 635//636
f 765//765 766//767 625//625
f 765//765 625//625 623//624
f 765//765 623//624 767//766
f 765//765 764//764 766//767
f 767//766 623//624 629//630
f 629//630 635//636 767//766
f 769//768 766//767 768//769
f 764//764 768//769 766//767
f 769//768 770//770 766//767
f 766//767 770//770 625//625
f 770//770 769//768 771//771
f 770//770 624//626 625//625
f 770//770 771//771 624//626
f 771//771 559//560 773//772
f 774//773 559//560 771//771
f 771//771 773//772 624//626
f 771//771 769//768 772//774
f 774//773 771//771 772//774
f 561//561 774//773 775//775
f 775//775 774//773 777//776
f 776//777 774//773 772//774
f 776//777 777//776 774//773
f 561//561 559//560 774//773
f 780//778 778//779 777//776
f 779//780 777//776 778//779
f 779//780 775//775 777//776
f 780//778 777//776 776//777
f 781//781 780//778 776//777
f 781//781 782//782 780//778
f 782//782 778//779 780//778
f 782//782 781//781 785//783
f 784//784 778//779 782//782
f 783//785 784//784 782//782
f 783//785 782//782 785//783
f 786//786 785//783 788//787
f 786//786 787//788 785//783
f 785//783 787//788 783//785
f 781//781 788//787 785//783
f 786//786 788//787 789//789
f 790//790 789//789 788//787
f 791//791 788//787 781//781
f 788//787 791//791 790//790
f 790//790 791//791 793//792
f 791//791 792//793 794//794
f 792//793 791//791 781//781
f 794//794 793//792 791//791
f 797//795 794//794 792//793
f 794//794 768//769 795//796
f 795//796 793//792 794//794
f 796//797 768//769 794//794
f 796//797 794//794 797//795
f 797//795 792//793 776//777
f 796//797 797//795 769//768
f 797//795 772//774 769//768
f 776//777 772//774 797//795
f 796//797 769//768 768//769
f 795//796 755//756 793//792
f 758//758 795//796 764//764
f 795//796 758//758 755//756
f 764//764 795//796 768//769
f 798//798 793//792 755//756
f 793//792 798//798 799//799
f 790//790 793//792 799//799
f 789//789 790//790 799//799
f 789//789 799//799 800//800
f 802//801 800//800 799//799
f 798//798 801//802 799//799
f 802//801 799//799 801//802
f 802//801 806//803 803//804
f 802//801 803//804 804//805
f 804//805 805//806 802//801
f 802//801 805//806 800//800
f 802//801 801//802 806//803
f 803//804 806//803 749//748
f 801//802 748//749 806//803
f 806//803 748//749 749//748
f 805//806 804//805 807//807
f 807//807 809//808 805//806
f 808//809 800//800 805//806
f 805//806 809//808 808//809
f 809//808 810//810 812//811
f 810//810 809//808 814//812
f 809//808 807//807 811//813
f 811//813 813//814 809//808
f 809//808 812//811 808//809
f 814//812 809//808 813//814
f 815//815 814//812 816//816
f 812//811 814//812 815//815
f 816//816 814//812 818//817
f 812//811 810//810 814//812
f 817//818 818//817 814//812
f 813//814 817//818 814//812
f 821//819 818//817 819//820
f 817//818 819//820 818//817
f 820//821 816//816 818//817
f 818//817 821//819 820//821
f 821//819 819//820 822//822
f 821//819 822//822 823//823
f 821//819 823//823 824//824
f 820//821 821//819 824//824
f 825//825 827//826 824//824
f 825//825 824//824 826//827
f 824//824 823//823 826//827
f 824//824 827//826 820//821
f 830//828 827//826 828//829
f 827//826 829//830 828//829
f 829//830 827//826 825//825
f 827//826 830//828 820//821
f 830//828 816//816 820//821
f 828//829 831//831 830//828
f 831//831 816//816 830//828
f 834//832 832//833 831//831
f 832//833 815//815 831//831
f 834//832 831//831 833//834
f 831//831 828//829 833//834
f 831//831 815//815 816//816
f 835//835 832//833 834//832
f 834//832 836//836 835//835
f 833//834 836//836 834//832
f 838//837 836//836 833//834
f 837//838 835//835 836//836
f 838//837 837//838 836//836
f 837//838 838//837 839//839
f 833//834 840//840 838//837
f 838//837 840//840 839//839
f 840//840 841//841 842//842
f 844//843 841//841 840//840
f 840//840 833//834 843//844
f 839//839 840//840 842//842
f 844//843 840//840 843//844
f 844//843 843//844 845//845
f 841//841 844//843 845//845
f 847//846 845//845 846//847
f 843//844 846//847 845//845
f 849//848 845//845 847//846
f 848//849 841//841 845//845
f 848//849 845//845 849//848
f 852//850 850//851 849//848
f 850//851 851//852 849//848
f 851//852 848//849 849//848
f 852//850 849//848 847//846
f 852//850 854//853 853//854
f 857//855 852//850 853//854
f 854//853 852//850 855//856
f 856//857 855//856 852//850
f 852//850 847//846 856//857
f 858//858 850//851 852//850
f 857//855 858//858 852//850
f 858//858 857//855 859//859
f 859//859 860//860 858//858
f 860//860 850//851 858//858
f 860//860 863//861 861//862
f 850//851 860//860 861//862
f 862//863 860//860 859//859
f 864//864 860//860 862//863
f 863//861 860//860 864//864
f 865//865 866//866 864//864
f 864//864 867//867 865//865
f 864//864 866//866 863//861
f 868//868 864//864 862//863
f 867//867 864//864 868//868
f 869//869 867//867 868//868
f 870//870 869//869 868//868
f 868//868 862//863 871//871
f 871//871 870//870 868//868
f 872//872 871//871 873//873
f 872//872 874//874 871//871
f 871//871 862//863 873//873
f 874//874 870//870 871//871
f 875//875 874//874 872//872
f 875//875 870//870 874//874
f 876//876 875//875 878//877
f 875//875 876//876 877//878
f 870//870 875//875 869//869
f 869//869 875//875 877//878
f 875//875 872//872 878//877
f 880//879 876//876 878//877
f 879//880 878//877 881//881
f 880//879 878//877 879//880
f 878//877 872//872 881//881
f 879//880 881//881 884//882
f 884//882 881//881 882//883
f 881//881 883//884 882//883
f 881//881 872//872 883//884
f 885//885 886//886 884//882
f 885//885 884//882 882//883
f 887//887 884//882 886//886
f 887//887 879//880 884//882
f 888//888 880//879 887//887
f 880//879 879//880 887//887
f 888//888 887//887 886//886
f 888//888 890//889 880//879
f 888//888 886//886 889//890
f 888//888 889//890 892//891
f 891//892 890//889 888//888
f 892//891 891//892 888//888
f 892//891 889//890 893//893
f 895//894 891//892 892//891
f 892//891 893//893 896//895
f 894//896 892//891 896//895
f 894//896 895//894 892//891
f 893//893 905//897 896//895
f 896//895 897//898 898//899
f 904//900 897//898 896//895
f 896//895 898//899 900//901
f 896//895 900//901 899//902
f 896//895 899//902 902//903
f 901//904 904//900 896//895
f 896//895 905//897 901//904
f 894//896 896//895 903//905
f 903//905 896//895 902//903
f 906//906 907//907 905//897
f 906//906 905//897 893//893
f 905//897 907//907 901//904
f 907//907 908//908 911//909
f 907//907 910//910 908//908
f 907//907 909//911 901//904
f 911//909 909//911 907//907
f 907//907 906//906 910//910
f 911//909 912//912 913//913
f 908//908 912//912 911//909
f 911//909 904//900 909//911
f 911//909 913//913 904//900
f 904//900 913//913 897//898
f 913//913 914//914 916//915
f 914//914 913//913 917//916
f 915//917 913//913 916//915
f 897//898 913//913 915//917
f 912//912 917//916 913//913
f 917//916 918//918 920//919
f 919//920 918//918 917//916
f 917//916 920//919 914//914
f 917//916 912//912 919//920
f 921//921 920//919 918//918
f 920//919 921//921 922//922
f 914//914 920//919 922//922
f 924//923 922//922 923//924
f 922//922 925//925 923//924
f 916//915 914//914 922//922
f 924//923 916//915 922//922
f 921//921 925//925 922//922
f 925//925 929//926 923//924
f 925//925 926//927 929//926
f 926//927 925//925 927//928
f 925//925 928//929 927//928
f 921//921 928//929 925//925
f 929//926 930//930 931//931
f 926//927 930//930 929//926
f 929//926 931//931 933//932
f 932//933 929//926 933//932
f 923//924 929//926 932//933
f 931//931 934//934 933//932
f 933//932 934//934 935//935
f 935//935 932//933 933//932
f 924//923 935//935 936//936
f 924//923 932//933 935//935
f 934//934 936//936 935//935
f 924//923 936//936 937//937
f 936//936 934//934 938//938
f 937//937 936//936 938//938
f 941//939 938//938 939//940
f 938//938 942//941 939//940
f 942//941 938//938 934//934
f 941//939 940//942 938//938
f 937//937 938//938 940//942
f 944//943 942//941 943//944
f 943//944 942//941 934//934
f 942//941 944//943 939//940
f 944//943 945//945 946//946
f 943//944 945//945 944//943
f 939//940 944//943 946//946
f 946//946 949//947 947//948
f 947//948 939//940 946//946
f 945//945 948//949 946//946
f 946//946 948//949 949//947
f 949//947 951//950 950//951
f 947//948 949//947 950//951
f 948//949 951//950 949//947
f 951//950 952//952 953//953
f 951//950 948//949 952//952
f 951//950 953//953 954//954
f 955//955 950//951 951//950
f 955//955 951//950 954//954
f 955//955 954//954 956//956
f 957//957 955//955 956//956
f 958//958 950//951 955//955
f 958//958 955//955 957//957
f 958//958 947//948 950//951
f 958//958 959//959 947//948
f 959//959 958//958 960//960
f 958//958 957//957 960//960
f 962//961 961//962 960//960
f 961//962 959//959 960//960
f 962//961 960//960 963//963
f 957//957 963//963 960//960
f 963//963 964//964 966//965
f 964//964 963//963 957//957
f 965//966 963//963 966//965
f 963//963 965//966 962//961
f 966//965 967//967 433//433
f 966//965 433//433 965//966
f 966//965 964//964 967//967
f 967//967 968//968 431//432
f 430//431 967//967 431//432
f 967//967 430//431 433//433
f 964//964 968//968 967//967
f 964//964 956//956 968//968
f 431//432 968//968 969//969
f 968//968 970//970 969//969
f 956//956 970//970 968//968
f 970//970 971//971 972//972
f 971//971 970//970 954//954
f 970//970 956//956 954//954
f 972//972 969//969 970//970
f 972//972 971//971 417//416
f 972//972 417//416 969//969
f 954//954 973//973 971//971
f 971//971 973//973 974//974
f 971//971 974//974 975//975
f 975//975 417//416 971//971
f 975//975 974//974 976//976
f 976//976 977//977 975//975
f 417//416 975//975 415//415
f 975//975 978//978 415//415
f 975//975 977//977 978//978
f 978//978 979//979 415//415
f 979//979 978//978 977//977
f 977//977 982//980 979//979
f 980//981 979//979 983//982
f 980//981 981//983 979//979
f 413//414 415//415 979//979
f 981//983 413//414 979//979
f 983//982 979//979 982//980
f 983//982 985//984 980//981
f 984//985 985//984 983//982
f 982//980 984//985 983//982
f 985//984 986//986 988//987
f 985//984 987//988 986//986
f 984//985 987//988 985//984
f 989//989 980//981 985//984
f 989//989 985//984 988//987
f 980//981 989//989 991//990
f 989//989 990//991 992//992
f 988//987 990//991 989//989
f 989//989 992//992 991//990
f 994//993 992//992 993//994
f 188//188 993//994 992//992
f 188//188 992//992 990//991
f 996//995 992//992 994//993
f 992//992 995//996 991//990
f 995//996 992//992 996//995
f 996//995 994//993 400//399
f 995//996 996//995 400//399
f 997//997 991//990 995//996
f 997//997 995//996 400//399
f 999//998 998//999 997//997
f 997//997 998//999 991//990
f 402//402 997//997 400//399
f 999//998 997//997 402//402
f 404//404 999//998 402//402
f 404//404 1000//1000 999//998
f 998//999 999//998 1000//1000
f 998//999 1000//1000 981//983
f 413//414 981//983 1000//1000
f 406//405 413//414 1000//1000
f 406//405 1000//1000 404//404
f 981//983 980//981 998//999
f 980//981 991//990 998//999
f 994//993 200//201 400//399
f 994//993 1001//1001 200//201
f 994//993 993//994 1001//1001
f 1001//1001 993//994 1002//1002
f 1001//1001 1002//1002 200//201
f 1002//1002 191//189 1003//1003
f 993//994 191//189 1002//1002
f 1002//1002 1003//1003 200//201
f 1003//1003 190//192 200//201
f 1003//1003 191//189 190//192
f 993//994 188//188 191//189
f 990//991 1004//1004 188//188
f 990//991 1005//1005 1004//1004
f 990//991 988//987 1005//1005
f 1005//1005 986//986 1007//1006
f 1005//1005 988//987 986//986
f 1005//1005 1006//1007 1004//1004
f 1007//1006 1006//1007 1005//1005
f 1007//1006 987//988 1006//1007
f 986//986 987//988 1007//1006
f 1008//1008 1010//1009 1006//1007
f 1009//1010 1008//1008 1006//1007
f 1004//1004 1006//1007 184//184
f 1009//1010 1006//1007 987//988
f 184//184 1006//1007 1010//1009
f 180//179 1010//1009 1008//1008
f 1010//1009 1011//1011 179//180
f 1010//1009 179//180 184//184
f 1010//1009 180//179 1011//1011
f 1011//1011 180//179 179//180
f 1012//1012 1009//1010 987//988
f 1012//1012 1013//1013 1009//1010
f 1009//1010 1014//1014 1008//1008
f 1014//1014 1009//1010 1013//1013
f 1014//1014 1015//1015 1008//1008
f 1015//1015 1014//1014 1016//1016
f 1013//1013 1016//1016 1014//1014
f 1022//1017 1017//1018 1016//1016
f 1017//1018 1018//1019 1016//1016
f 1021//1020 1016//1016 1018//1019
f 1020//1021 1019//1022 1016//1016
f 1022//1017 1016//1016 1019//1022
f 1016//1016 1013//1013 1020//1021
f 1016//1016 1021//1020 1015//1015
f 1023//1023 1024//1024 1022//1017
f 1025//1025 1023//1023 1022//1017
f 1025//1025 1022//1017 1019//1022
f 1022//1017 1024//1024 1017//1018
f 1026//1026 1025//1025 1028//1027
f 1026//1026 1027//1028 1025//1025
f 1025//1025 1027//1028 1029//1029
f 1025//1025 1029//1029 1023//1023
f 1028//1027 1025//1025 1019//1022
f 1029//1029 1030//1030 1032//1031
f 1027//1028 1030//1030 1029//1029
f 1029//1029 1031//1032 1023//1023
f 1029//1029 1032//1031 1031//1032
f 1030//1030 1033//1033 1032//1031
f 1033//1033 1034//1034 1032//1031
f 1034//1034 1035//1035 1032//1031
f 1032//1031 1035//1035 1031//1032
f 1034//1034 1036//1036 1035//1035
f 1035//1035 1036//1036 1038//1037
f 1035//1035 1037//1038 1039//1039
f 1035//1035 1038//1037 1037//1038
f 1035//1035 1040//1040 1031//1032
f 1039//1039 1040//1040 1035//1035
f 1040//1040 1043//1041 1041//1042
f 1041//1042 1044//1043 1040//1040
f 1040//1040 1042//1044 1031//1032
f 1042//1044 1040//1040 1045//1045
f 1037//1038 1043//1041 1040//1040
f 1039//1039 1037//1038 1040//1040
f 1044//1043 1045//1045 1040//1040
f 1046//1046 1047//1047 1045//1045
f 1045//1045 1044//1043 1046//1046
f 1045//1045 1047//1047 1049//1048
f 1048//1049 1042//1044 1045//1045
f 1048//1049 1045//1045 1049//1048
f 1049//1048 1050//1050 1048//1049
f 1050//1050 1049//1048 1051//1051
f 1049//1048 1047//1047 1051//1051
f 1050//1050 1051//1051 1015//1015
f 1051//1051 1047//1047 1052//1052
f 1051//1051 1055//1053 1015//1015
f 1052//1052 1054//1054 1051//1051
f 1051//1051 1053//1055 1055//1053
f 1053//1055 1051//1051 1054//1054
f 1055//1053 178//178 1057//1056
f 1053//1055 178//178 1055//1053
f 1015//1015 1055//1053 1056//1057
f 1056//1057 1055//1053 1057//1056
f 1058//1058 1056//1057 1057//1056
f 1057//1056 178//178 1008//1008
f 1058//1058 1057//1056 1008//1008
f 1059//1059 1058//1058 1008//1008
f 1059//1059 1056//1057 1058//1058
f 1008//1008 1015//1015 1059//1059
f 1015//1015 1056//1057 1059//1059
f 1053//1055 1054//1054 1063//1060
f 1060//1061 1063//1060 1054//1054
f 1061//1062 1060//1061 1054//1054
f 1054//1054 1052//1052 1062//1063
f 1062//1063 1061//1062 1054//1054
f 1065//1064 1063//1060 1064//1065
f 1063//1060 1060//1061 1064//1065
f 1063//1060 178//178 1053//1055
f 1063//1060 1065//1064 1066//1066
f 1063//1060 1066//1066 178//178
f 175//176 178//178 1066//1066
f 1065//1064 1064//1065 1066//1066
f 1066//1066 1067//1067 176//175
f 1064//1065 1067//1067 1066//1066
f 175//176 1066//1066 176//175
f 1067//1067 1068//1068 1070//1069
f 1067//1067 1069//1070 1068//1068
f 1064//1065 1069//1070 1067//1067
f 174//174 1067//1067 1070//1069
f 176//175 1067//1067 174//174
f 174//174 1070//1069 167//167
f 1070//1069 163//164 167//167
f 1068//1068 1072//1071 1070//1069
f 1071//1072 160//161 1070//1069
f 1070//1069 1072//1071 1071//1072
f 160//161 163//164 1070//1069
f 1071//1072 1072//1071 1073//1073
f 1073//1073 1072//1071 1074//1074
f 1074//1074 1072//1071 1068//1068
f 1075//1075 1073//1073 1074//1074
f 1075//1075 1074//1074 59//60
f 1077//1076 1074//1074 1068//1068
f 59//60 1074//1074 58//57
f 1076//1077 58//57 1074//1074
f 1074//1074 1077//1076 1076//1077
f 1077//1076 1068//1068 1069//1070
f 1076//1077 1077//1076 1069//1070
f 58//57 1076//1077 1069//1070
f 1079//1078 1075//1075 1078//1079
f 1075//1075 66//66 1078//1079
f 1079//1078 1073//1073 1075//1075
f 1075//1075 59//60 66//66
f 1079//1078 1081//1080 1073//1073
f 70//69 1079//1078 1078//1079
f 1080//1081 1081//1080 1079//1078
f 1079//1078 70//69 1080//1081
f 1071//1072 1081//1080 159//158
f 1071//1072 1073//1073 1081//1080
f 151//152 1081//1080 1080//1081
f 151//152 150//150 1081//1080
f 1081//1080 150//150 1082//1082
f 1081//1080 1082//1082 159//158
f 157//157 1082//1082 150//150
f 159//158 1082//1082 157//157
f 151//152 1080//1081 1083//1083
f 1080//1081 1084//1084 1083//1083
f 1080//1081 70//69 1084//1084
f 1083//1083 1084//1084 70//69
f 151//152 1083//1083 1085//1085
f 1085//1085 1083//1083 68//68
f 1083//1083 70//69 68//68
f 1085//1085 68//68 144//145
f 151//152 1085//1085 144//145
f 70//69 1078//1079 66//66
f 1071//1072 159//158 160//161
f 1060//1061 1069//1070 1064//1065
f 1069//1070 1060//1061 1086//1086
f 1086//1086 58//57 1069//1070
f 1086//1086 1060//1061 1061//1062
f 1086//1086 1061//1062 1087//1087
f 1086//1086 1087//1087 58//57
f 1087//1087 57//58 58//57
f 57//58 1087//1087 1088//1088
f 1088//1088 1087//1087 1089//1089
f 1087//1087 1061//1062 1089//1089
f 1052//1052 1089//1089 1061//1062
f 1052//1052 1091//1090 1089//1089
f 1090//1091 1089//1089 1091//1090
f 1088//1088 1089//1089 1090//1091
f 1091//1090 1052//1052 1094//1092
f 1094//1092 1092//1093 1091//1090
f 1093//1094 1091//1090 1092//1093
f 1090//1091 1091//1090 53//53
f 53//53 1091//1090 1093//1094
f 48//48 1092//1093 1094//1092
f 48//48 1094//1092 1095//1095
f 1047//1047 1094//1092 1052//1052
f 1047//1047 1046//1046 1094//1092
f 1094//1092 1046//1046 1095//1095
f 1095//1095 1044//1043 1096//1096
f 48//48 1095//1095 1096//1096
f 1044//1043 1095//1095 1046//1046
f 1098//1097 1097//1098 1096//1096
f 1097//1098 46//47 1096//1096
f 1098//1097 1096//1096 1044//1043
f 48//48 1096//1096 46//47
f 1099//1099 1098//1097 1100//1100
f 1099//1099 1101//1101 1098//1097
f 1044//1043 1041//1042 1098//1097
f 1041//1042 1100//1100 1098//1097
f 1101//1101 1097//1098 1098//1097
f 1102//1102 1097//1098 1101//1101
f 1103//1103 1102//1102 1101//1101
f 1099//1099 1103//1103 1101//1101
f 1104//1104 1103//1103 1099//1099
f 1105//1105 1103//1103 1104//1104
f 1103//1103 38//38 1102//1102
f 39//39 38//38 1103//1103
f 1105//1105 39//39 1103//1103
f 1105//1105 1106//1106 39//39
f 1107//1107 1106//1106 1105//1105
f 1105//1105 1104//1104 1107//1107
f 1107//1107 1114//1108 1106//1106
f 1113//1109 1108//1110 1107//1107
f 1108//1110 1110//1111 1107//1107
f 1111//1112 1107//1107 1109//1113
f 1104//1104 1109//1113 1107//1107
f 1114//1108 1107//1107 1110//1111
f 1112//1114 1107//1107 1111//1112
f 1113//1109 1107//1107 1112//1114
f 39//39 1106//1106 1114//1108
f 33//34 39//39 1114//1108
f 1110//1111 1115//1115 1114//1108
f 1114//1108 1115//1115 1116//1116
f 33//34 1114//1108 34//35
f 34//35 1114//1108 1116//1116
f 1116//1116 1115//1115 1117//1117
f 1117//1117 34//35 1116//1116
f 34//35 1117//1117 27//29
f 1117//1117 1118//1118 27//29
f 1117//1117 1119//1119 1118//1118
f 1119//1119 1117//1117 1115//1115
f 1110//1111 1119//1119 1115//1115
f 1119//1119 1120//1120 1118//1118
f 1121//1121 1120//1120 1119//1119
f 1121//1121 1119//1119 1110//1111
f 1123//1122 1121//1121 1110//1111
f 1122//1123 1124//1124 1121//1121
f 1125//1125 1122//1123 1121//1121
f 1128//1126 1121//1121 1123//1122
f 1121//1121 1124//1124 1120//1120
f 1126//1127 1125//1125 1121//1121
f 1126//1127 1121//1121 1127//1128
f 1128//1126 1127//1128 1121//1121
f 1128//1126 1129//1129 1127//1128
f 1129//1129 1128//1126 1130//1130
f 1128//1126 1132//1131 1130//1130
f 1123//1122 1131//1132 1128//1126
f 1132//1131 1128//1126 1131//1132
f 1133//1133 1132//1131 1131//1132
f 1135//1134 1132//1131 1133//1133
f 1135//1134 1134//1135 1132//1131
f 1130//1130 1132//1131 1134//1135
f 1134//1135 1135//1134 1137//1136
f 1136//1137 1135//1134 1133//1133
f 1137//1136 1135//1134 1136//1137
f 1139//1138 1134//1135 1137//1136
f 1138//1139 1137//1136 1140//1140
f 1139//1138 1137//1136 1138//1139
f 1137//1136 1136//1137 1140//1140
f 1141//1141 1140//1140 1142//1142
f 1140//1140 1141//1141 1138//1139
f 1142//1142 1140//1140 1136//1137
f 1142//1142 1136//1137 1147//1143
f 1143//1144 1142//1142 1145//1145
f 1142//1142 1143//1144 1146//1146
f 1148//1147 1144//1148 1142//1142
f 1141//1141 1142//1142 1144//1148
f 1142//1142 1147//1143 1145//1145
f 1148//1147 1142//1142 1146//1146
f 1148//1147 1146//1146 1149//1149
f 1144//1148 1148//1147 1149//1149
f 1149//1149 1146//1146 1150//1150
f 1151//1151 1149//1149 1150//1150
f 1151//1151 1144//1148 1149//1149
f 1152//1152 1138//1139 1151//1151
f 1156//1153 1152//1152 1151//1151
f 1153//1154 1151//1151 1157//1155
f 1156//1153 1151//1151 1153//1154
f 1151//1151 1150//1150 1154//1156
f 1157//1155 1151//1151 1154//1156
f 1155//1157 1144//1148 1151//1151
f 1155//1157 1151//1151 1138//1139
f 1158//1158 1157//1155 1160//1159
f 1158//1158 1153//1154 1157//1155
f 1159//1160 1157//1155 1154//1156
f 1159//1160 1160//1159 1157//1155
f 1160//1159 1162//1161 1161//1162
f 1158//1158 1160//1159 1161//1162
f 1162//1161 1160//1159 1159//1160
f 928//929 1161//1162 1162//1161
f 1162//1161 1159//1160 1163//1163
f 927//928 1162//1161 1163//1163
f 928//929 1162//1161 927//928
f 1163//1163 1159//1160 1154//1156
f 1163//1163 1154//1156 1165//1164
f 1167//1165 1164//1166 1163//1163
f 926//927 1163//1163 1164//1166
f 1163//1163 1165//1164 1166//1167
f 1163//1163 926//927 927//928
f 1163//1163 1166//1167 1167//1165
f 1167//1165 1169//1168 1164//1166
f 1168//1169 1167//1165 1166//1167
f 1168//1169 1169//1168 1167//1165
f 1169//1168 1170//1170 1172//1171
f 1169//1168 1168//1169 1170//1170
f 1169//1168 1171//1172 1164//1166
f 1169//1168 1172//1171 1171//1172
f 1174//1173 1171//1172 1172//1171
f 1172//1171 1175//1174 1173//1175
f 1174//1173 1172//1171 1173//1175
f 1172//1171 1170//1170 1175//1174
f 1170//1170 1173//1175 1175//1174
f 1173//1175 1177//1176 1174//1173
f 1174//1173 1176//1177 931//931
f 1177//1176 1176//1177 1174//1173
f 930//930 1174//1173 931//931
f 930//930 1171//1172 1174//1173
f 1178//1178 1177//1176 945//945
f 1178//1178 1176//1177 1177//1176
f 1173//1175 1179//1179 1177//1176
f 945//945 1177//1176 1179//1179
f 1173//1175 1180//1180 1179//1179
f 1180//1180 1181//1181 1179//1179
f 945//945 1179//1179 1183//1182
f 1182//1183 1179//1179 1181//1181
f 1183//1182 1179//1179 1182//1183
f 1183//1182 1182//1183 945//945
f 1182//1183 1181//1181 1184//1184
f 945//945 1182//1183 948//949
f 1184//1184 948//949 1182//1183
f 1185//1185 948//949 1184//1184
f 1185//1185 1184//1184 1181//1181
f 1185//1185 1187//1186 976//976
f 976//976 973//973 1185//1185
f 952//952 948//949 1185//1185
f 1181//1181 1189//1187 1185//1185
f 1185//1185 1186//1188 1187//1186
f 1185//1185 1188//1189 1186//1188
f 952//952 1185//1185 973//973
f 1189//1187 1188//1189 1185//1185
f 1188//1189 1189//1187 1181//1181
f 1180//1180 1188//1189 1181//1181
f 1186//1188 1188//1189 1180//1180
f 976//976 1187//1186 1190//1190
f 1190//1190 1187//1186 1186//1188
f 977//977 976//976 1190//1190
f 1186//1188 1192//1191 1190//1190
f 1190//1190 1191//1192 977//977
f 1190//1190 1192//1191 1191//1192
f 1193//1193 1194//1194 1192//1191
f 1192//1191 1186//1188 1193//1193
f 1192//1191 1194//1194 1191//1192
f 1194//1194 1193//1193 1195//1195
f 1194//1194 1195//1195 982//980
f 977//977 1194//1194 982//980
f 1191//1192 1194//1194 977//977
f 1196//1196 1197//1197 1195//1195
f 1195//1195 1193//1193 1196//1196
f 982//980 1195//1195 984//985
f 1195//1195 1197//1197 984//985
f 1197//1197 1198//1198 984//985
f 1197//1197 1200//1199 1198//1198
f 1196//1196 1201//1200 1197//1197
f 1197//1197 1201//1200 1199//1201
f 1199//1201 1200//1199 1197//1197
f 1196//1196 1202//1202 1201//1200
f 1203//1203 1201//1200 1202//1202
f 1203//1203 1199//1201 1201//1200
f 1199//1201 1203//1203 1204//1204
f 1203//1203 1019//1022 1204//1204
f 1205//1205 1019//1022 1203//1203
f 1202//1202 1205//1205 1203//1203
f 1205//1205 1206//1206 1019//1022
f 1180//1180 1205//1205 1193//1193
f 1207//1207 1205//1205 1180//1180
f 1205//1205 1202//1202 1193//1193
f 1207//1207 1206//1206 1205//1205
f 1212//1208 1208//1209 1207//1207
f 1208//1209 1213//1210 1207//1207
f 1173//1175 1207//1207 1180//1180
f 1212//1208 1207//1207 1173//1175
f 1211//1211 1206//1206 1207//1207
f 1209//1212 1210//1213 1207//1207
f 1207//1207 1213//1210 1209//1212
f 1210//1213 1211//1211 1207//1207
f 1215//1214 1213//1210 1208//1209
f 1213//1210 1214//1215 1209//1212
f 1216//1216 1214//1215 1213//1210
f 1213//1210 1215//1214 1216//1216
f 1217//1217 1216//1216 1215//1214
f 1217//1217 1214//1215 1216//1216
f 1218//1218 1221//1219 1217//1217
f 1218//1218 1217//1217 1219//1220
f 1208//1209 1217//1217 1215//1214
f 1219//1220 1217//1217 1220//1221
f 1217//1217 1221//1219 1214//1215
f 1220//1221 1217//1217 1208//1209
f 1221//1219 1222//1222 1223//1223
f 1221//1219 1225//1224 1222//1222
f 1221//1219 1223//1223 1227//1225
f 1221//1219 1224//1226 1214//1215
f 1221//1219 1226//1227 1224//1226
f 1228//1228 1225//1224 1221//1219
f 1218//1218 1228//1228 1221//1219
f 1227//1225 1226//1227 1221//1219
f 1229//1229 1228//1228 1219//1220
f 1229//1229 1230//1230 1228//1228
f 1219//1220 1228//1228 1218//1218
f 1225//1224 1228//1228 1230//1230
f 1231//1231 1225//1224 1230//1230
f 1229//1229 1231//1231 1230//1230
f 1234//1232 1232//1233 1231//1231
f 1231//1231 1232//1233 1233//1234
f 1225//1224 1231//1231 1233//1234
f 1229//1229 1234//1232 1231//1231
f 1229//1229 1235//1235 1234//1232
f 1235//1235 1236//1236 1234//1232
f 1232//1233 1234//1232 1236//1236
f 1239//1237 1237//1238 1236//1236
f 1237//1238 1242//1239 1236//1236
f 1232//1233 1236//1236 1238//1240
f 1236//1236 1240//1241 1238//1240
f 1241//1242 1239//1237 1236//1236
f 1136//1137 1240//1241 1236//1236
f 1242//1239 1136//1137 1236//1236
f 1241//1242 1236//1236 1235//1235
f 1239//1237 1242//1239 1237//1238
f 1136//1137 1242//1239 1239//1237
f 1243//1243 1241//1242 1235//1235
f 1241//1242 1243//1243 1244//1244
f 1147//1143 1239//1237 1241//1242
f 1147//1143 1241//1242 1244//1244
f 1147//1143 1244//1244 1246//1245
f 1244//1244 1243//1243 1245//1246
f 1246//1245 1244//1244 1245//1246
f 1247//1247 1246//1245 1249//1248
f 1145//1145 1246//1245 1247//1247
f 1245//1246 1248//1249 1246//1245
f 1145//1145 1147//1143 1246//1245
f 1246//1245 1248//1249 1249//1248
f 1249//1248 1250//1250 1247//1247
f 1249//1248 1248//1249 1250//1250
f 1252//1251 1250//1250 1248//1249
f 1250//1250 1252//1251 1251//1252
f 1253//1253 1250//1250 1251//1252
f 1253//1253 1247//1247 1250//1250
f 1170//1170 1247//1247 1253//1253
f 1253//1253 1212//1208 1170//1170
f 1251//1252 1254//1254 1253//1253
f 1253//1253 1254//1254 1208//1209
f 1253//1253 1208//1209 1212//1208
f 1208//1209 1254//1254 1220//1221
f 1254//1254 1251//1252 1220//1221
f 1255//1255 1220//1221 1252//1251
f 1248//1249 1255//1255 1252//1251
f 1220//1221 1251//1252 1252//1251
f 1248//1249 1245//1246 1255//1255
f 1255//1255 1245//1246 1219//1220
f 1255//1255 1219//1220 1220//1221
f 1256//1256 1247//1247 1170//1170
f 1257//1257 1145//1145 1247//1247
f 1257//1257 1247//1247 1256//1256
f 1257//1257 1256//1256 1166//1167
f 1258//1258 1257//1257 1166//1167
f 1258//1258 1143//1144 1257//1257
f 1143//1144 1145//1145 1257//1257
f 1154//1156 1143//1144 1258//1258
f 1154//1156 1258//1258 1166//1167
f 1170//1170 1166//1167 1256//1256
f 1245//1246 1243//1243 1229//1229
f 1245//1246 1229//1229 1219//1220
f 1243//1243 1235//1235 1229//1229
f 1133//1133 1240//1241 1136//1137
f 1131//1132 1240//1241 1133//1133
f 1131//1132 1238//1240 1240//1241
f 1147//1143 1136//1137 1239//1237
f 1238//1240 1259//1259 1232//1233
f 1259//1259 1238//1240 1131//1132
f 1232//1233 1259//1259 1260//1260
f 1259//1259 1123//1122 1108//1110
f 1131//1132 1123//1122 1259//1259
f 1260//1260 1259//1259 1108//1110
f 1260//1260 1233//1234 1232//1233
f 1260//1260 1113//1109 1261//1261
f 1260//1260 1108//1110 1113//1109
f 1233//1234 1260//1260 1261//1261
f 1223//1223 1222//1222 1261//1261
f 1225//1224 1261//1261 1222//1222
f 1225//1224 1233//1234 1261//1261
f 1262//1262 1223//1223 1261//1261
f 1262//1262 1261//1261 1113//1109
f 1262//1262 1264//1263 1263//1264
f 1223//1223 1262//1262 1263//1264
f 1112//1114 1264//1263 1262//1262
f 1113//1109 1112//1114 1262//1262
f 1112//1114 1111//1112 1264//1263
f 1028//1027 1264//1263 1026//1026
f 1264//1263 1111//1112 1026//1026
f 1263//1264 1264//1263 1028//1027
f 1266//1265 1263//1264 1206//1206
f 1263//1264 1028//1027 1206//1206
f 1265//1266 1263//1264 1266//1265
f 1223//1223 1263//1264 1265//1266
f 1211//1211 1266//1265 1206//1206
f 1211//1211 1265//1266 1266//1265
f 1268//1267 1265//1266 1211//1211
f 1267//1268 1265//1266 1268//1267
f 1223//1223 1265//1266 1267//1268
f 1267//1268 1268//1267 1211//1211
f 1267//1268 1227//1225 1223//1223
f 1210//1213 1227//1225 1267//1268
f 1211//1211 1210//1213 1267//1268
f 1226//1227 1227//1225 1210//1213
f 1209//1212 1226//1227 1210//1213
f 1224//1226 1226//1227 1209//1212
f 1224//1226 1209//1212 1214//1215
f 1170//1170 1212//1208 1173//1175
f 1028//1027 1019//1022 1206//1206
f 1020//1021 1204//1204 1019//1022
f 1199//1201 1204//1204 1200//1199
f 1020//1021 1198//1198 1204//1204
f 1204//1204 1198//1198 1200//1199
f 1202//1202 1196//1196 1193//1193
f 1198//1198 1269//1269 987//988
f 1198//1198 987//988 984//985
f 1198//1198 1020//1021 1269//1269
f 1269//1269 1271//1270 987//988
f 1020//1021 1270//1271 1269//1269
f 1269//1269 1270//1271 1271//1270
f 1271//1270 1012//1012 987//988
f 1271//1270 1270//1271 1012//1012
f 1270//1271 1020//1021 1013//1013
f 1270//1271 1013//1013 1012//1012
f 1186//1188 1180//1180 1193//1193
f 943//944 1178//1178 945//945
f 1178//1178 931//931 1176//1177
f 1178//1178 934//934 931//931
f 934//934 1178//1178 943//944
f 1164//1166 1171//1172 930//930
f 1168//1169 1166//1167 1170//1170
f 1166//1167 1165//1164 1154//1156
f 1272//1272 926//927 1164//1166
f 1272//1272 1164//1166 930//930
f 1272//1272 930//930 926//927
f 1156//1153 1158//1158 1161//1162
f 1161//1162 928//929 1156//1153
f 1156//1153 1153//1154 1158//1158
f 1275//1273 1156//1153 928//929
f 1273//1274 1152//1152 1156//1153
f 1274//1275 1273//1274 1156//1153
f 1275//1273 1274//1275 1156//1153
f 1277//1276 1276//1277 1275//1273
f 1276//1277 1274//1275 1275//1273
f 1278//1278 1277//1276 1275//1273
f 1278//1278 1275//1273 928//929
f 1278//1278 921//921 918//918
f 1278//1278 928//929 921//921
f 1278//1278 1279//1279 1277//1276
f 918//918 919//920 1278//1278
f 1279//1279 1278//1278 919//920
f 1280//1280 1277//1276 1279//1279
f 1281//1281 1280//1280 1279//1279
f 1279//1279 919//920 1281//1281
f 1281//1281 908//908 910//910
f 1281//1281 910//910 1285//1282
f 1281//1281 919//920 908//908
f 1281//1281 1283//1283 1282//1284
f 1284//1285 1281//1281 1282//1284
f 1281//1281 1285//1282 1283//1283
f 1280//1280 1281//1281 1284//1285
f 1285//1282 906//906 893//893
f 893//893 1283//1283 1285//1282
f 910//910 906//906 1285//1282
f 1284//1285 1276//1277 1277//1276
f 1280//1280 1284//1285 1277//1276
f 1276//1277 1284//1285 1286//1286
f 1284//1285 1282//1284 1286//1286
f 1287//1287 1276//1277 1286//1286
f 1286//1286 1288//1288 1287//1287
f 1286//1286 885//885 1288//1288
f 885//885 1286//1286 1282//1284
f 1288//1288 1289//1289 1292//1290
f 1288//1288 882//883 1289//1289
f 1292//1290 1290//1291 1288//1288
f 1288//1288 1290//1291 1291//1292
f 1288//1288 1291//1292 1287//1287
f 882//883 1288//1288 885//885
f 1293//1293 1292//1290 1289//1289
f 1292//1290 1293//1293 1290//1291
f 883//884 1293//1293 1289//1289
f 1293//1293 1294//1294 1295//1295
f 1293//1293 855//856 1294//1294
f 1290//1291 1293//1293 1296//1296
f 883//884 855//856 1293//1293
f 1296//1296 1293//1293 1295//1295
f 1298//1297 1297//1298 1296//1296
f 1297//1298 1290//1291 1296//1296
f 1274//1275 1296//1296 1295//1295
f 1298//1297 1296//1296 1274//1275
f 1287//1287 1297//1298 1298//1297
f 1276//1277 1287//1287 1298//1297
f 1276//1277 1298//1297 1274//1275
f 1291//1292 1297//1298 1287//1287
f 1291//1292 1290//1291 1297//1298
f 1295//1295 1294//1294 1134//1135
f 1295//1295 1139//1138 1152//1152
f 1152//1152 1273//1274 1295//1295
f 1295//1295 1134//1135 1139//1138
f 1295//1295 1273//1274 1274//1275
f 856//857 1300//1299 1294//1294
f 855//856 856//857 1294//1294
f 1294//1294 1299//1300 1134//1135
f 1294//1294 1300//1299 1299//1300
f 1300//1299 1302//1301 1301//1302
f 1303//1303 1300//1299 1301//1302
f 856//857 1302//1301 1300//1299
f 1303//1303 1299//1300 1300//1299
f 1299//1300 1303//1303 1304//1304
f 1303//1303 1301//1302 1304//1304
f 1134//1135 1305//1305 1304//1304
f 1130//1130 1134//1135 1304//1304
f 1304//1304 1129//1129 1130//1130
f 1304//1304 1301//1302 1129//1129
f 1305//1305 1299//1300 1304//1304
f 1299//1300 1305//1305 1134//1135
f 1302//1301 1307//1306 1301//1302
f 856//857 1306//1307 1302//1301
f 1306//1307 1308//1308 1302//1301
f 1308//1308 1307//1306 1302//1301
f 1307//1306 1308//1308 1309//1309
f 1308//1308 1306//1307 1309//1309
f 1307//1306 1309//1309 1310//1310
f 1310//1310 1309//1309 1311//1311
f 1309//1309 829//830 1311//1311
f 829//830 1309//1309 1312//1312
f 1309//1309 1306//1307 1312//1312
f 1313//1313 843//844 1312//1312
f 1313//1313 1312//1312 1306//1307
f 1312//1312 828//829 829//830
f 843//844 828//829 1312//1312
f 856//857 1313//1313 1306//1307
f 856//857 846//847 1313//1313
f 846//847 843//844 1313//1313
f 1311//1311 829//830 1314//1314
f 1311//1311 1314//1314 1315//1315
f 1310//1310 1311//1311 1315//1315
f 1310//1310 1315//1315 1318//1316
f 1315//1315 1314//1314 1316//1317
f 1317//1318 1315//1315 1316//1317
f 1318//1316 1315//1315 1317//1318
f 1318//1316 1125//1125 1319//1319
f 1320//1320 1125//1125 1318//1316
f 1319//1319 1129//1129 1318//1316
f 1307//1306 1318//1316 1129//1129
f 1318//1316 1307//1306 1310//1310
f 1320//1320 1318//1316 1317//1318
f 1125//1125 1320//1320 1321//1321
f 1320//1320 1322//1322 1321//1321
f 1320//1320 1317//1318 1322//1322
f 1322//1322 1316//1317 1324//1323
f 1322//1322 1317//1318 1316//1317
f 1322//1322 1323//1324 1321//1321
f 1322//1322 1324//1323 1323//1324
f 1324//1323 1325//1325 1326//1326
f 1316//1317 1325//1325 1324//1323
f 1324//1323 1326//1326 1323//1324
f 1328//1327 1323//1324 1326//1326
f 1329//1328 1326//1326 1327//1329
f 1327//1329 1326//1326 1331//1330
f 1326//1326 1325//1325 1330//1331
f 1326//1326 1329//1328 1328//1327
f 1331//1330 1326//1326 1330//1331
f 1327//1329 1331//1330 1334//1332
f 1332//1333 1334//1332 1331//1330
f 1331//1330 1333//1334 1332//1333
f 1330//1331 1333//1334 1331//1330
f 1334//1332 1335//1335 29//27
f 1335//1335 1334//1332 1332//1333
f 1334//1332 29//27 1327//1329
f 1336//1336 1339//1337 1335//1335
f 1335//1335 1337//1338 1336//1336
f 1332//1333 1337//1338 1335//1335
f 1335//1335 1338//1339 1340//1340
f 1338//1339 1335//1335 9//7
f 9//7 1335//1335 1339//1337
f 1340//1340 29//27 1335//1335
f 1341//1341 29//27 1340//1340
f 1341//1341 1340//1340 8//10
f 9//7 8//10 1340//1340
f 1340//1340 1338//1339 9//7
f 11//12 29//27 1341//1341
f 11//12 1341//1341 8//10
f 1339//1337 7//8 9//7
f 7//8 1339//1337 1342//1342
f 1336//1336 1342//1342 1339//1337
f 1342//1342 1344//1343 1343//1344
f 1342//1342 1343//1344 7//8
f 1336//1336 1344//1343 1342//1342
f 1344//1343 1345//1345 1343//1344
f 1347//1346 1344//1343 1336//1336
f 1345//1345 1344//1343 1349//1347
f 1349//1347 1344//1343 1346//1348
f 1348//1349 1346//1348 1344//1343
f 1347//1346 1348//1349 1344//1343
f 1349//1347 1351//1350 1345//1345
f 1350//1351 1351//1350 1349//1347
f 1350//1351 1349//1347 1352//1352
f 1349//1347 1346//1348 1352//1352
f 1354//1353 1352//1352 1353//1354
f 1346//1348 1353//1354 1352//1352
f 1356//1355 1350//1351 1352//1352
f 1352//1352 1354//1353 1355//1356
f 1355//1356 1356//1355 1352//1352
f 1350//1351 1356//1355 1357//1357
f 1356//1355 1355//1356 1357//1357
f 1357//1357 1358//1358 1361//1359
f 1355//1356 1358//1358 1357//1357
f 1359//1360 1357//1357 1360//1361
f 1350//1351 1357//1357 1359//1360
f 1357//1357 1361//1359 1360//1361
f 1361//1359 1362//1362 1363//1363
f 1362//1362 1361//1359 1358//1358
f 1363//1363 1364//1364 1361//1359
f 1361//1359 1364//1364 1360//1361
f 1364//1364 1363//1363 1366//1365
f 1366//1365 1365//1366 1364//1364
f 1364//1364 1365//1366 1369//1367
f 1364//1364 1369//1367 1367//1368
f 1364//1364 1367//1368 1368//1369
f 1368//1369 1360//1361 1364//1364
f 1369//1367 1370//1370 1371//1371
f 1369//1367 1365//1366 1370//1370
f 1371//1371 1367//1368 1369//1367
f 1367//1368 1371//1371 1372//1372
f 1373//1373 1371//1371 1370//1370
f 1371//1371 1373//1373 1372//1372
f 1373//1373 1375//1374 1372//1372
f 1373//1373 1374//1375 1375//1374
f 1374//1375 1373//1373 1370//1370
f 72//73 1375//1374 1377//1376
f 1376//1377 1375//1374 72//73
f 1372//1372 1375//1374 1376//1377
f 1375//1374 1374//1375 1378//1378
f 1377//1376 1375//1374 1378//1378
f 1378//1378 1379//1379 83//84
f 1379//1379 1378//1378 1374//1375
f 1378//1378 73//76 76//77
f 76//77 1377//1376 1378//1378
f 1378//1378 77//75 73//76
f 77//75 1378//1378 80//81
f 80//81 1378//1378 83//84
f 1382//1380 1379//1379 1374//1375
f 1380//1381 1381//1382 1379//1379
f 1382//1380 1380//1381 1379//1379
f 1381//1382 83//84 1379//1379
f 1366//1365 1383//1383 1382//1380
f 1365//1366 1366//1365 1382//1380
f 1365//1366 1382//1380 1374//1375
f 1380//1381 1382//1380 1383//1383
f 1384//1384 1385//1385 1383//1383
f 1383//1383 1386//1386 1384//1384
f 1385//1385 1380//1381 1383//1383
f 1386//1386 1383//1383 1366//1365
f 1386//1386 1366//1365 1363//1363
f 1384//1384 1386//1386 1362//1362
f 1362//1362 1386//1386 1363//1363
f 1385//1385 1389//1387 1387//1388
f 1385//1385 1387//1388 1380//1381
f 1388//1389 1385//1385 1384//1384
f 1385//1385 1388//1389 1389//1387
f 1389//1387 1390//1390 1391//1391
f 1388//1389 1390//1390 1389//1387
f 1387//1388 1389//1387 1391//1391
f 1391//1391 1392//1392 1387//1388
f 1390//1390 1393//1393 1391//1391
f 1392//1392 1391//1391 100//101
f 1393//1393 100//101 1391//1391
f 1390//1390 100//101 1393//1393
f 1392//1392 1395//1394 1394//1395
f 1392//1392 1394//1395 1387//1388
f 1392//1392 94//93 1395//1394
f 101//102 1392//1392 100//101
f 101//102 94//93 1392//1392
f 94//93 93//94 1395//1394
f 1394//1395 1395//1394 93//94
f 1387//1388 1394//1395 1380//1381
f 1394//1395 89//89 88//88
f 1394//1395 88//88 1381//1382
f 93//94 89//89 1394//1395
f 1380//1381 1394//1395 1381//1382
f 1390//1390 99//100 100//101
f 99//100 1390//1390 1396//1396
f 1396//1396 1390//1390 1388//1389
f 1362//1362 1396//1396 1388//1389
f 749//748 99//100 1396//1396
f 1397//1397 749//748 1396//1396
f 1398//1398 1397//1397 1396//1396
f 1396//1396 1362//1362 1398//1398
f 1397//1397 1398//1398 813//814
f 1358//1358 813//814 1398//1398
f 1398//1398 1362//1362 1358//1358
f 811//813 1397//1397 813//814
f 1397//1397 811//813 749//748
f 1388//1389 1384//1384 1362//1362
f 1381//1382 88//88 82//83
f 82//83 83//84 1381//1382
f 1377//1376 76//77 74//72
f 72//73 1377//1376 74//72
f 1372//1372 1376//1377 75//74
f 1376//1377 72//73 75//74
f 1365//1366 1374//1375 1370//1370
f 1399//1399 1372//1372 75//74
f 1367//1368 1372//1372 1399//1399
f 1403//1400 1399//1399 75//74
f 1402//1401 1399//1399 1400//1402
f 1400//1402 1399//1399 1401//1403
f 1401//1403 1399//1399 1404//1404
f 1402//1401 1367//1368 1399//1399
f 1404//1404 1399//1399 1403//1400
f 1401//1403 1404//1404 1405//1405
f 1404//1404 1403//1400 1405//1405
f 19//20 1405//1405 1406//1406
f 19//20 1401//1403 1405//1405
f 1405//1405 1407//1407 1406//1406
f 1405//1405 1403//1400 1407//1407
f 1403//1400 75//74 1407//1407
f 1407//1407 75//74 1408//1408
f 1408//1408 1406//1406 1407//1407
f 1408//1408 1411//1409 1409//1410
f 1408//1408 1409//1410 54//55
f 50//51 1410//1411 1408//1408
f 1410//1411 1406//1406 1408//1408
f 1411//1409 1408//1408 75//74
f 1408//1408 54//55 50//51
f 54//55 1411//1409 55//56
f 1409//1410 1411//1409 54//55
f 75//74 55//56 1411//1409
f 1410//1411 1412//1412 1406//1406
f 1410//1411 50//51 42//43
f 1412//1412 1410//1411 42//43
f 36//36 1412//1412 42//43
f 21//21 1412//1412 36//36
f 1406//1406 1412//1412 21//21
f 21//21 19//20 1406//1406
f 1413//1413 1402//1401 1400//1402
f 1414//1414 1402//1401 1413//1413
f 1402//1401 1368//1369 1367//1368
f 1402//1401 1414//1414 1368//1369
f 1368//1369 1414//1414 1359//1360
f 1359//1360 1414//1414 1351//1350
f 1415//1415 1351//1350 1414//1414
f 1414//1414 1413//1413 1415//1415
f 1415//1415 1417//1416 16//16
f 16//16 1416//1417 1415//1415
f 1345//1345 1415//1415 1416//1417
f 1417//1416 1415//1415 1413//1413
f 1345//1345 1351//1350 1415//1415
f 1417//1416 1401//1403 17//18
f 17//18 16//16 1417//1416
f 1417//1416 1413//1413 1401//1403
f 1418//1418 1416//1417 16//16
f 1416//1417 1418//1418 1345//1345
f 1418//1418 1343//1344 1345//1345
f 1343//1344 1418//1418 4//6
f 4//6 1418//1418 16//16
f 1413//1413 1400//1402 1401//1403
f 17//18 1401//1403 19//20
f 1359//1360 1360//1361 1368//1369
f 1350//1351 1359//1360 1351//1350
f 1419//1419 813//814 1358//1358
f 1355//1356 1419//1419 1358//1358
f 1420//1420 819//820 1419//1419
f 1420//1420 1419//1419 1354//1353
f 1419//1419 1355//1356 1354//1353
f 813//814 1419//1419 819//820
f 822//822 819//820 1420//1420
f 1420//1420 1354//1353 1353//1354
f 1420//1420 1353//1354 1422//1421
f 1421//1422 1420//1420 1422//1421
f 1420//1420 1421//1422 822//822
f 1422//1421 1353//1354 1346//1348
f 1422//1421 1346//1348 1423//1423
f 1423//1423 1421//1422 1422//1421
f 1425//1424 1423//1423 1424//1425
f 1424//1425 1423//1423 1346//1348
f 1423//1423 1425//1424 1427//1426
f 826//827 1421//1422 1423//1423
f 826//827 1423//1423 1426//1427
f 1427//1426 1426//1427 1423//1423
f 1429//1428 1428//1429 1427//1426
f 1427//1426 1428//1429 1426//1427
f 1429//1428 1427//1426 1425//1424
f 1430//1430 1325//1325 1429//1428
f 1431//1431 1430//1430 1429//1428
f 1431//1431 1429//1428 1425//1424
f 1429//1428 1314//1314 1428//1429
f 1325//1325 1316//1317 1429//1428
f 1314//1314 1429//1428 1316//1317
f 1325//1325 1430//1430 1431//1431
f 1325//1325 1431//1431 1330//1331
f 1431//1431 1333//1334 1330//1331
f 1431//1431 1425//1424 1333//1334
f 825//825 826//827 1428//1429
f 1428//1429 1432//1432 825//825
f 1428//1429 826//827 1426//1427
f 1432//1432 1428//1429 1314//1314
f 829//830 825//825 1432//1432
f 829//830 1432//1432 1314//1314
f 1425//1424 1424//1425 1333//1334
f 1424//1425 1348//1349 1433//1433
f 1434//1434 1424//1425 1433//1433
f 1434//1434 1333//1334 1424//1425
f 1424//1425 1346//1348 1348//1349
f 1434//1434 1336//1336 1337//1338
f 1434//1434 1435//1435 1336//1336
f 1332//1333 1434//1434 1337//1338
f 1333//1334 1434//1434 1332//1333
f 1433//1433 1435//1435 1434//1434
f 1435//1435 1347//1346 1336//1336
f 1435//1435 1433//1433 1347//1346
f 1348//1349 1347//1346 1433//1433
f 826//827 823//823 1421//1422
f 1421//1422 823//823 822//822
f 1343//1344 4//6 3//5
f 1343//1344 3//5 7//8
f 1321//1321 1329//1328 1436//1436
f 1329//1328 1327//1329 1436//1436
f 1328//1327 1329//1328 1321//1321
f 1120//1120 1436//1436 1118//1118
f 1120//1120 1124//1124 1436//1436
f 1118//1118 1436//1436 27//29
f 1436//1436 29//27 27//29
f 1436//1436 1327//1329 1437//1437
f 1321//1321 1436//1436 1122//1123
f 1122//1123 1436//1436 1124//1124
f 1437//1437 29//27 1436//1436
f 1327//1329 29//27 1437//1437
f 1321//1321 1323//1324 1328//1327
f 1125//1125 1321//1321 1122//1123
f 1125//1125 1438//1438 1319//1319
f 1319//1319 1438//1438 1129//1129
f 1438//1438 1126//1127 1129//1129
f 1126//1127 1438//1438 1125//1125
f 1301//1302 1307//1306 1129//1129
f 882//883 883//884 1289//1289
f 889//890 1283//1283 893//893
f 1283//1283 885//885 1282//1284
f 1283//1283 889//890 885//885
f 1141//1141 1144//1148 1155//1157
f 1155//1157 1138//1139 1141//1141
f 1150//1150 1143//1144 1154//1156
f 1152//1152 1139//1138 1439//1439
f 1439//1439 1138//1139 1152//1152
f 1439//1439 1139//1138 1138//1139
f 1150//1150 1146//1146 1143//1144
f 1127//1128 1129//1129 1126//1127
f 1123//1122 1110//1111 1108//1110
f 1109//1113 1440//1440 1111//1112
f 1111//1112 1440//1440 1441//1441
f 1111//1112 1441//1441 1026//1026
f 1026//1026 1441//1441 1027//1028
f 1440//1440 1030//1030 1441//1441
f 1441//1441 1030//1030 1027//1028
f 1104//1104 1442//1442 1440//1440
f 1109//1113 1104//1104 1440//1440
f 1033//1033 1030//1030 1440//1440
f 1440//1440 1442//1442 1033//1033
f 1443//1443 1033//1033 1442//1442
f 1104//1104 1443//1443 1442//1442
f 1444//1444 1034//1034 1443//1443
f 1443//1443 1099//1099 1444//1444
f 1443//1443 1104//1104 1099//1099
f 1033//1033 1443//1443 1034//1034
f 1444//1444 1445//1445 1036//1036
f 1100//1100 1445//1445 1444//1444
f 1034//1034 1444//1444 1036//1036
f 1100//1100 1444//1444 1099//1099
f 1037//1038 1445//1445 1043//1041
f 1445//1445 1446//1446 1043//1041
f 1038//1037 1445//1445 1037//1038
f 1036//1036 1445//1445 1038//1037
f 1445//1445 1100//1100 1446//1446
f 1041//1042 1043//1041 1446//1446
f 1100//1100 1041//1042 1446//1446
f 45//45 1102//1102 38//38
f 1102//1102 45//45 46//47
f 46//47 1097//1098 1102//1102
f 53//53 1093//1094 1447//1447
f 51//50 1447//1447 1093//1094
f 1092//1093 47//49 1093//1094
f 47//49 51//50 1093//1094
f 51//50 53//53 1447//1447
f 48//48 47//49 1092//1093
f 1088//1088 1090//1091 53//53
f 57//58 1088//1088 53//53
f 1062//1063 1052//1052 1061//1062
f 1448//1448 1050//1050 1015//1015
f 1050//1050 1448//1448 1048//1049
f 1021//1020 1048//1049 1448//1448
f 1021//1020 1448//1448 1015//1015
f 1021//1020 1042//1044 1048//1049
f 1024//1024 1042//1044 1018//1019
f 1042//1044 1024//1024 1031//1032
f 1018//1019 1042//1044 1021//1020
f 1024//1024 1023//1023 1031//1032
f 1017//1018 1024//1024 1018//1019
f 1008//1008 178//178 180//179
f 188//188 1004//1004 182//183
f 1004//1004 184//184 182//183
f 973//973 976//976 974//974
f 952//952 973//973 954//954
f 417//416 416//417 969//969
f 423//425 431//432 969//969
f 416//417 423//425 969//969
f 1450//1449 965//966 1449//1450
f 965//966 434//434 1449//1450
f 962//961 965//966 1450//1449
f 434//434 965//966 433//433
f 1451//1451 962//961 1450//1449
f 1452//1452 1451//1451 1450//1449
f 1450//1449 1449//1450 1453//1453
f 1450//1449 1453//1453 1452//1452
f 1452//1452 1453//1453 1454//1454
f 1454//1454 1453//1453 1455//1455
f 1449//1450 436//436 1453//1453
f 1453//1453 436//436 438//439
f 1455//1455 1453//1453 438//439
f 1456//1456 1454//1454 1455//1455
f 1457//1457 1455//1455 443//444
f 1455//1455 438//439 443//444
f 1457//1457 1456//1456 1455//1455
f 1461//1458 1457//1457 1458//1459
f 443//444 1458//1459 1457//1457
f 1460//1460 1456//1456 1457//1457
f 1459//1461 1457//1457 1461//1458
f 1460//1460 1457//1457 1459//1461
f 1459//1461 1461//1458 1463//1462
f 1461//1458 1458//1459 1464//1463
f 1461//1458 1464//1463 1462//1464
f 1461//1458 1462//1464 1463//1462
f 1464//1463 1465//1465 1467//1466
f 1458//1459 1465//1465 1464//1463
f 1464//1463 1467//1466 1466//1467
f 1466//1467 1462//1464 1464//1463
f 1467//1466 1468//1468 1469//1469
f 1468//1468 1467//1466 1465//1465
f 1467//1466 1469//1469 1470//1470
f 1470//1470 1466//1467 1467//1466
f 1471//1471 1470//1470 1473//1472
f 1472//1473 1470//1470 1471//1471
f 1466//1467 1470//1470 1472//1473
f 1470//1470 1469//1469 1473//1472
f 1476//1474 1473//1472 1474//1475
f 1473//1472 1469//1469 1474//1475
f 1475//1476 1471//1471 1473//1472
f 1476//1474 1475//1476 1473//1472
f 1477//1477 1476//1474 515//513
f 1475//1476 1476//1474 1477//1477
f 1476//1474 1478//1478 1480//1479
f 1476//1474 1479//1480 1478//1478
f 1474//1475 1479//1480 1476//1474
f 515//513 1476//1474 1480//1479
f 515//513 1480//1479 511//512
f 511//512 1480//1479 1481//1481
f 1478//1478 1481//1481 1480//1479
f 511//512 1481//1481 1484//1482
f 1481//1481 1479//1480 1483//1483
f 1478//1478 1479//1480 1481//1481
f 1481//1481 1482//1484 1484//1482
f 1483//1483 1482//1484 1481//1481
f 510//511 1484//1482 1482//1484
f 511//512 1484//1482 510//511
f 1482//1484 1483//1483 1485//1485
f 1485//1485 1483//1483 1486//1486
f 1479//1480 1486//1486 1483//1483
f 1485//1485 1486//1486 1487//1487
f 450//450 1487//1487 1486//1486
f 1479//1480 450//450 1486//1486
f 450//450 449//451 1487//1487
f 1488//1488 1485//1485 1487//1487
f 1487//1487 1489//1489 1488//1488
f 449//451 1489//1489 1487//1487
f 1489//1489 453//452 472//472
f 452//453 453//452 1489//1489
f 449//451 452//453 1489//1489
f 1488//1488 1489//1489 472//472
f 1488//1488 472//472 476//474
f 474//475 1488//1488 476//474
f 1485//1485 1488//1488 474//475
f 1482//1484 1485//1485 1490//1490
f 1485//1485 474//475 1490//1490
f 1482//1484 1490//1490 1491//1491
f 1490//1490 474//475 1491//1491
f 1491//1491 475//478 494//494
f 475//478 1491//1491 477//476
f 495//495 1491//1491 494//494
f 495//495 510//511 1491//1491
f 1482//1484 1491//1491 510//511
f 1491//1491 474//475 477//476
f 1479//1480 1474//1475 450//450
f 1492//1492 1477//1477 515//513
f 1475//1476 1477//1477 1492//1492
f 1493//1493 1492//1492 515//513
f 1494//1494 1492//1492 1493//1493
f 1494//1494 1495//1495 1492//1492
f 1495//1495 1475//1476 1492//1492
f 1498//1496 1496//1497 1495//1495
f 1472//1473 1495//1495 1496//1497
f 1475//1476 1495//1495 1471//1471
f 1495//1495 1472//1473 1471//1471
f 1497//1498 1495//1495 1494//1494
f 1495//1495 1497//1498 1498//1496
f 1499//1499 1503//1500 1498//1496
f 1502//1501 1499//1499 1498//1496
f 1498//1496 1497//1498 1500//1502
f 1498//1496 1500//1502 1501//1503
f 1498//1496 1501//1503 1502//1501
f 1498//1496 1503//1500 1496//1497
f 1504//1504 1496//1497 1503//1500
f 1505//1505 1504//1504 1503//1500
f 1505//1505 1503//1500 1499//1499
f 1507//1506 1505//1505 1499//1499
f 1505//1505 1506//1507 1504//1504
f 1507//1506 1506//1507 1505//1505
f 1507//1506 1512//1508 1508//1509
f 1508//1509 1510//1510 1507//1506
f 1510//1510 1509//1511 1507//1506
f 1507//1506 1509//1511 1511//1512
f 1511//1512 1506//1507 1507//1506
f 1507//1506 1499//1499 1512//1508
f 1512//1508 1502//1501 1508//1509
f 1502//1501 1512//1508 1499//1499
f 1513//1513 1511//1512 1509//1511
f 1513//1513 1506//1507 1511//1512
f 1463//1462 1506//1507 1513//1513
f 1513//1513 1514//1514 1463//1462
f 1514//1514 1513//1513 1515//1515
f 1513//1513 1509//1511 1516//1516
f 1517//1517 1515//1515 1513//1513
f 1517//1517 1513//1513 1516//1516
f 1517//1517 1518//1518 1519//1519
f 1518//1518 1517//1517 1520//1520
f 1517//1517 1519//1519 1515//1515
f 1521//1521 1517//1517 1516//1516
f 1521//1521 1520//1520 1517//1517
f 1521//1521 1524//1522 1520//1520
f 1522//1523 1521//1521 1525//1524
f 1522//1523 1524//1522 1521//1521
f 1521//1521 1516//1516 1523//1525
f 1521//1521 1523//1525 1525//1524
f 1523//1525 1510//1510 1525//1524
f 1510//1510 1526//1526 1525//1524
f 1522//1523 1525//1524 1526//1526
f 1527//1527 1522//1523 1526//1526
f 1529//1528 1527//1527 1526//1526
f 1528//1529 1526//1526 1510//1510
f 1526//1526 1528//1529 1531//1530
f 1530//1531 1529//1528 1526//1526
f 1526//1526 1531//1530 1530//1531
f 1533//1532 1531//1530 1532//1533
f 1531//1530 1528//1529 1532//1533
f 1530//1531 1531//1530 1533//1532
f 1533//1532 1536//1534 1534//1535
f 1533//1532 1534//1535 1535//1536
f 1537//1537 1530//1531 1533//1532
f 1535//1536 1537//1537 1533//1532
f 1536//1534 1533//1532 1532//1533
f 1537//1537 1535//1536 1538//1538
f 1540//1539 1537//1537 1538//1538
f 1537//1537 1539//1540 1530//1531
f 1542//1541 1539//1540 1537//1537
f 1543//1542 1537//1537 1540//1539
f 1537//1537 1541//1543 1542//1541
f 1543//1542 1541//1543 1537//1537
f 1544//1544 1548//1545 1543//1542
f 1544//1544 1543//1542 1546//1546
f 1549//1547 1541//1543 1543//1542
f 1545//1548 1543//1542 1540//1539
f 1543//1542 1545//1548 1547//1549
f 1546//1546 1543//1542 1547//1549
f 1543//1542 1548//1545 1549//1547
f 1549//1547 1550//1550 1551//1551
f 1549//1547 1548//1545 1550//1550
f 1552//1552 1549//1547 1551//1551
f 1549//1547 1552//1552 1541//1543
f 1553//1553 1552//1552 1551//1551
f 1552//1552 1539//1540 1542//1541
f 1541//1543 1552//1552 1542//1541
f 1554//1554 1539//1540 1552//1552
f 1552//1552 1553//1553 1554//1554
f 1554//1554 1553//1553 1529//1528
f 1554//1554 1529//1528 1539//1540
f 1555//1555 1529//1528 1553//1553
f 1551//1551 1555//1555 1553//1553
f 1555//1555 1556//1556 1557//1557
f 1558//1558 1556//1556 1555//1555
f 1555//1555 1557//1557 1529//1528
f 1559//1559 1558//1558 1555//1555
f 1555//1555 1551//1551 1559//1559
f 1558//1558 1559//1559 1560//1560
f 1561//1561 1560//1560 1559//1559
f 1561//1561 1559//1559 1551//1551
f 1562//1562 1560//1560 1561//1561
f 1562//1562 1561//1561 1563//1563
f 1564//1564 1561//1561 1551//1551
f 1563//1563 1561//1561 1564//1564
f 1565//1565 1564//1564 1567//1566
f 1564//1564 1565//1565 1566//1567
f 1566//1567 1563//1563 1564//1564
f 1564//1564 1550//1550 1567//1566
f 1564//1564 1551//1551 1550//1550
f 1567//1566 1550//1550 1548//1545
f 1569//1568 1567//1566 1548//1545
f 1569//1568 1568//1569 1567//1566
f 1568//1569 1565//1565 1567//1566
f 1571//1570 1569//1568 1570//1571
f 1570//1571 1569//1568 1573//1572
f 1569//1568 1565//1565 1568//1569
f 1569//1568 1571//1570 1565//1565
f 1569//1568 1574//1573 1572//1574
f 1573//1572 1569//1568 1572//1574
f 1574//1573 1569//1568 1548//1545
f 1574//1573 1546//1546 1575//1575
f 1574//1573 1575//1575 1572//1574
f 1574//1573 1548//1545 1544//1544
f 1544//1544 1546//1546 1574//1573
f 1572//1574 1575//1575 1581//1576
f 1546//1546 1547//1549 1575//1575
f 1576//1577 1575//1575 1579//1578
f 1576//1577 1581//1576 1575//1575
f 1577//1579 1575//1575 1578//1580
f 1575//1575 1577//1579 1579//1578
f 1575//1575 1580//1581 1578//1580
f 1547//1549 1580//1581 1575//1575
f 1572//1574 1581//1576 1582//1582
f 1582//1582 1581//1576 1576//1577
f 1572//1574 1582//1582 1583//1583
f 1583//1583 1582//1582 1584//1584
f 1576//1577 1584//1584 1582//1582
f 1583//1583 1584//1584 1585//1585
f 1584//1584 1586//1586 1585//1585
f 1584//1584 1587//1587 1586//1586
f 1584//1584 1576//1577 1587//1587
f 1590//1588 1586//1586 1587//1587
f 1588//1589 1587//1587 1589//1590
f 1587//1587 1588//1589 1590//1588
f 1587//1587 1591//1591 1589//1590
f 1587//1587 1576//1577 1591//1591
f 1592//1592 1589//1590 1591//1591
f 1576//1577 1579//1578 1591//1591
f 1591//1591 1579//1578 1592//1592
f 1589//1590 1592//1592 1593//1593
f 1594//1594 1593//1593 1592//1592
f 1594//1594 1592//1592 1577//1579
f 1579//1578 1577//1579 1592//1592
f 1577//1579 1596//1595 1594//1594
f 1594//1594 1596//1595 1595//1596
f 1594//1594 1595//1596 1593//1593
f 1596//1595 1577//1579 1578//1580
f 1598//1597 1597//1598 1596//1595
f 1597//1598 1600//1599 1596//1595
f 1598//1597 1596//1595 1578//1580
f 1595//1596 1596//1595 1599//1600
f 1600//1599 1599//1600 1596//1595
f 1600//1599 1602//1601 1601//1602
f 1600//1599 1601//1602 1599//1600
f 1597//1598 1602//1601 1600//1599
f 1602//1601 1603//1603 1606//1604
f 1607//1605 1603//1603 1602//1601
f 1602//1601 1598//1597 1545//1548
f 1598//1597 1602//1601 1597//1598
f 1601//1602 1602//1601 1608//1606
f 1604//1607 1605//1608 1602//1601
f 1604//1607 1602//1601 1545//1548
f 1602//1601 1605//1608 1607//1605
f 1606//1604 1608//1606 1602//1601
f 1609//1609 1608//1606 1611//1610
f 1610//1611 1608//1606 1609//1609
f 1610//1611 1599//1600 1608//1606
f 1611//1610 1608//1606 1606//1604
f 1599//1600 1601//1602 1608//1606
f 1611//1610 1615//1612 1612//1613
f 1612//1613 1613//1614 1611//1610
f 1609//1609 1611//1610 1613//1614
f 1611//1610 1606//1604 1614//1615
f 1614//1615 1617//1616 1611//1610
f 1615//1612 1611//1610 1616//1617
f 1616//1617 1611//1610 1617//1616
f 1618//1618 1616//1617 1617//1616
f 1614//1615 1618//1618 1617//1616
f 1621//1619 1618//1618 1614//1615
f 1616//1617 1618//1618 1620//1620
f 1619//1621 1620//1620 1618//1618
f 1621//1619 1619//1621 1618//1618
f 1614//1615 1624//1622 1621//1619
f 1621//1619 1622//1623 1619//1621
f 1623//1624 1622//1623 1621//1619
f 1624//1622 1623//1624 1621//1619
f 1624//1622 1605//1608 1536//1534
f 1607//1605 1605//1608 1624//1622
f 1623//1624 1624//1622 1625//1625
f 1536//1534 1625//1625 1624//1622
f 1614//1615 1626//1626 1624//1622
f 1627//1627 1624//1622 1626//1626
f 1607//1605 1624//1622 1627//1627
f 1603//1603 1627//1627 1606//1604
f 1627//1627 1626//1626 1606//1604
f 1603//1603 1607//1605 1627//1627
f 1614//1615 1606//1604 1626//1626
f 1536//1534 1629//1628 1625//1625
f 1629//1628 1628//1629 1625//1625
f 1625//1625 1628//1629 1623//1624
f 1629//1628 1536//1534 1631//1630
f 1629//1628 1631//1630 1630//1631
f 1630//1631 1628//1629 1629//1628
f 1632//1632 1631//1630 1532//1533
f 1532//1533 1631//1630 1536//1534
f 1632//1632 1630//1631 1631//1630
f 1633//1633 1632//1632 1528//1529
f 1632//1632 1532//1533 1528//1529
f 1632//1632 1633//1633 1502//1501
f 1630//1631 1632//1632 1502//1501
f 1633//1633 1508//1509 1502//1501
f 1510//1510 1633//1633 1528//1529
f 1510//1510 1508//1509 1633//1633
f 1630//1631 1635//1634 1634//1635
f 1630//1631 1634//1635 1628//1629
f 1502//1501 1636//1636 1630//1631
f 1630//1631 1637//1637 1635//1634
f 1630//1631 1636//1636 1501//1503
f 1637//1637 1630//1631 1501//1503
f 1637//1637 1638//1638 1635//1634
f 1637//1637 1501//1503 1638//1638
f 1638//1638 1639//1639 1640//1640
f 1638//1638 1493//1493 1639//1639
f 1501//1503 1500//1502 1638//1638
f 1635//1634 1638//1638 1640//1640
f 1493//1493 1638//1638 1497//1498
f 1497//1498 1638//1638 1500//1502
f 1635//1634 1640//1640 1641//1641
f 1641//1641 1640//1640 1639//1639
f 529//529 1642//1642 1641//1641
f 1644//1643 1641//1641 1642//1642
f 529//529 1641//1641 1643//1644
f 1643//1644 1641//1641 1639//1639
f 1635//1634 1641//1641 1644//1643
f 1645//1645 1644//1643 1642//1642
f 1635//1634 1644//1643 1645//1645
f 1645//1645 1642//1642 1646//1646
f 1645//1645 1646//1646 1647//1647
f 1619//1621 1645//1645 1647//1647
f 1619//1621 1628//1629 1645//1645
f 1635//1634 1645//1645 1628//1629
f 1648//1648 1647//1647 1646//1646
f 1620//1620 1647//1647 1648//1648
f 1619//1621 1647//1647 1620//1620
f 1650//1649 1649//1650 1648//1648
f 1620//1620 1648//1648 1649//1650
f 1646//1646 1651//1651 1648//1648
f 1648//1648 1651//1651 1650//1649
f 1646//1646 1652//1652 1651//1651
f 1651//1651 1652//1652 527//528
f 535//535 1651//1651 527//528
f 1651//1651 535//535 1650//1649
f 1642//1642 529//529 1652//1652
f 1642//1642 1652//1652 1646//1646
f 1652//1652 529//529 527//528
f 1650//1649 535//535 537//536
f 537//536 1649//1650 1650//1649
f 1653//1653 1649//1650 540//541
f 1653//1653 1620//1620 1649//1650
f 540//541 1649//1650 537//536
f 1653//1653 540//541 1656//1654
f 1654//1655 1653//1653 1656//1654
f 1654//1655 1612//1613 1653//1653
f 1655//1656 1620//1620 1653//1653
f 1612//1613 1655//1656 1653//1653
f 1656//1654 540//541 1658//1657
f 1657//1658 1656//1654 1658//1657
f 1654//1655 1656//1654 1657//1658
f 1657//1658 1658//1657 1661//1659
f 1660//1660 1659//1661 1658//1657
f 1661//1659 1658//1657 1659//1661
f 1658//1657 540//541 1660//1660
f 1659//1661 1662//1662 1661//1659
f 1661//1659 1654//1655 1657//1658
f 1661//1659 1663//1663 1654//1655
f 1663//1663 1661//1659 1662//1662
f 1663//1663 1662//1662 1664//1664
f 1668//1665 1663//1663 1664//1664
f 1666//1666 1663//1663 1665//1667
f 1665//1667 1663//1663 1670//1668
f 1666//1666 1667//1669 1663//1663
f 1667//1669 1654//1655 1663//1663
f 1669//1670 1663//1663 1668//1665
f 1663//1663 1669//1670 1670//1668
f 1665//1667 1670//1668 1671//1671
f 1670//1668 1669//1670 1671//1671
f 1672//1672 1671//1671 1678//1673
f 1675//1674 1671//1671 1672//1672
f 1671//1671 1674//1675 1673//1676
f 1676//1677 1671//1671 1673//1676
f 1671//1671 1668//1665 1674//1675
f 1675//1674 1677//1678 1671//1671
f 1676//1677 1678//1673 1671//1671
f 1671//1671 1669//1670 1668//1665
f 1671//1671 1677//1678 1665//1667
f 1672//1672 1678//1673 1679//1679
f 1679//1679 1678//1673 1680//1680
f 1678//1673 1676//1677 1680//1680
f 1680//1680 1683//1681 1681//1682
f 1680//1680 1681//1682 1679//1679
f 1682//1683 1680//1680 1676//1677
f 1682//1683 1683//1681 1680//1680
f 1685//1684 1681//1682 1683//1681
f 1683//1681 1682//1683 1686//1685
f 1683//1681 1686//1685 1684//1686
f 1687//1687 1683//1681 1684//1686
f 1685//1684 1683//1681 1687//1687
f 1687//1687 1688//1688 1685//1684
f 1688//1688 1687//1687 1690//1689
f 1687//1687 1684//1686 783//785
f 1687//1687 783//785 1689//1690
f 1690//1689 1687//1687 1689//1690
f 1690//1689 1692//1691 1691//1692
f 1691//1692 1693//1693 1690//1689
f 1690//1689 1693//1693 1688//1688
f 1692//1691 1690//1689 1689//1690
f 1696//1694 1693//1693 1691//1692
f 1694//1695 1695//1696 1693//1693
f 1694//1695 1693//1693 1696//1694
f 1688//1688 1693//1693 1695//1696
f 1691//1692 1697//1697 1696//1694
f 1699//1698 1696//1694 1697//1697
f 1698//1699 1694//1695 1696//1694
f 1699//1698 1698//1699 1696//1694
f 1698//1699 1699//1698 1702//1700
f 1700//1701 1699//1698 1697//1697
f 1701//1702 1699//1698 1700//1701
f 1701//1702 1702//1700 1699//1698
f 1708//1703 1702//1700 1703//1704
f 1702//1700 1705//1705 1703//1704
f 1702//1700 1707//1706 1704//1707
f 1704//1707 1698//1699 1702//1700
f 1702//1700 1701//1702 1705//1705
f 1702//1700 1706//1708 1707//1706
f 1706//1708 1702//1700 1708//1703
f 1706//1708 1708//1703 1703//1704
f 1707//1706 1709//1709 1710//1710
f 1706//1708 1709//1709 1707//1706
f 1710//1710 1712//1711 1707//1706
f 1707//1706 1698//1699 1704//1707
f 1712//1711 1711//1712 1707//1706
f 1707//1706 1711//1712 1698//1699
f 1713//1713 1712//1711 1710//1710
f 1713//1713 1679//1679 1712//1711
f 1711//1712 1712//1711 1695//1696
f 1712//1711 1679//1679 1695//1696
f 1713//1713 1709//1709 1714//1714
f 1709//1709 1713//1713 1710//1710
f 1713//1713 1672//1672 1679//1679
f 1672//1672 1713//1713 1714//1714
f 1714//1714 1715//1715 1675//1674
f 1709//1709 1715//1715 1714//1714
f 1675//1674 1672//1672 1714//1714
f 1716//1716 1675//1674 1715//1715
f 1715//1715 1709//1709 1716//1716
f 1717//1717 1675//1674 1716//1716
f 1718//1718 1717//1717 1716//1716
f 1718//1718 1716//1716 1709//1709
f 1719//1719 1718//1718 1709//1709
f 1719//1719 1721//1720 1718//1718
f 1720//1721 1717//1717 1718//1718
f 1720//1721 1718//1718 1721//1720
f 1720//1721 1721//1720 1723//1722
f 1719//1719 1722//1723 1721//1720
f 1722//1723 1723//1722 1721//1720
f 1723//1722 1722//1723 1724//1724
f 1724//1724 1720//1721 1723//1722
f 1724//1724 1725//1725 1726//1726
f 1725//1725 1724//1724 1722//1723
f 1724//1724 1726//1726 1720//1721
f 1726//1726 1725//1725 1728//1727
f 1726//1726 1727//1728 1720//1721
f 1727//1728 1726//1726 1589//1590
f 1728//1727 1589//1590 1726//1726
f 1729//1729 1589//1590 1728//1727
f 1729//1729 1728//1727 1725//1725
f 1588//1589 1589//1590 1729//1729
f 1731//1730 1588//1589 1729//1729
f 1729//1729 1725//1725 1730//1731
f 1730//1731 1731//1730 1729//1729
f 1733//1732 1731//1730 1730//1731
f 1731//1730 1590//1588 1588//1589
f 1732//1733 1590//1588 1731//1730
f 1732//1733 1731//1730 1733//1732
f 1733//1732 1734//1734 1736//1735
f 1737//1736 1734//1734 1733//1732
f 1733//1732 1730//1731 1735//1737
f 1735//1737 1737//1736 1733//1732
f 1736//1735 1732//1733 1733//1732
f 1737//1736 1735//1737 1738//1738
f 1734//1734 1737//1736 1739//1739
f 1738//1738 1739//1739 1737//1736
f 1739//1739 1740//1740 1741//1741
f 1739//1739 1738//1738 1740//1740
f 1739//1739 1741//1741 1744//1742
f 1743//1743 1742//1744 1739//1739
f 1742//1744 1734//1734 1739//1739
f 1744//1742 1743//1743 1739//1739
f 1741//1741 1740//1740 1744//1742
f 1746//1745 1744//1742 1745//1746
f 1744//1742 1740//1740 1745//1746
f 1743//1743 1744//1742 1747//1747
f 1746//1745 1748//1748 1744//1742
f 1748//1748 1747//1747 1744//1742
f 1748//1748 1753//1749 1749//1750
f 1747//1747 1748//1748 1749//1750
f 1746//1745 1750//1751 1748//1748
f 1748//1748 1750//1751 1752//1752
f 1748//1748 1745//1746 1751//1753
f 1752//1752 1745//1746 1748//1748
f 1753//1749 1748//1748 1751//1753
f 1753//1749 1751//1753 1754//1754
f 1753//1749 1754//1754 1755//1755
f 1756//1756 1753//1749 1755//1755
f 1756//1756 1749//1750 1753//1749
f 1758//1757 1749//1750 1756//1756
f 1755//1755 1759//1758 1756//1756
f 1760//1759 1756//1756 1757//1760
f 1756//1756 1759//1758 1757//1760
f 1758//1757 1756//1756 1760//1759
f 1763//1761 1761//1762 1760//1759
f 1761//1762 1758//1757 1760//1759
f 1762//1763 1760//1759 1757//1760
f 1760//1759 1762//1763 1763//1761
f 1764//1764 1761//1762 1763//1761
f 1763//1761 1762//1763 1764//1764
f 1762//1763 1768//1765 1764//1764
f 1764//1764 1765//1766 1769//1767
f 1765//1766 1764//1764 1767//1768
f 1766//1769 1764//1764 1769//1767
f 1766//1769 1761//1762 1764//1764
f 1768//1765 1767//1768 1764//1764
f 1770//1770 1769//1767 1771//1771
f 1769//1767 1770//1770 1766//1769
f 1769//1767 1765//1766 1771//1771
f 1771//1771 1772//1772 1774//1773
f 1765//1766 1772//1772 1771//1771
f 1771//1771 1773//1774 1775//1775
f 1774//1773 1773//1774 1771//1771
f 1770//1770 1771//1771 1775//1775
f 1773//1774 1776//1776 1775//1775
f 1775//1775 1776//1776 1560//1560
f 1560//1560 1562//1562 1775//1775
f 1775//1775 1562//1562 1770//1770
f 1776//1776 1777//1777 1560//1560
f 1773//1774 1777//1777 1776//1776
f 1560//1560 1777//1777 1779//1778
f 1777//1777 1778//1779 1780//1780
f 1778//1779 1777//1777 1773//1774
f 1777//1777 1780//1780 1779//1778
f 1779//1778 1780//1780 1782//1781
f 1780//1780 1781//1782 1782//1781
f 1778//1779 1781//1782 1780//1780
f 1782//1781 1783//1783 1784//1784
f 1781//1782 1783//1783 1782//1781
f 1518//1518 1782//1781 1784//1784
f 1782//1781 1518//1518 1524//1522
f 1782//1781 1524//1522 1785//1785
f 1786//1786 1782//1781 1785//1785
f 1786//1786 1779//1778 1782//1781
f 1556//1556 1779//1778 1786//1786
f 1786//1786 1785//1785 1557//1557
f 1556//1556 1786//1786 1557//1557
f 1522//1523 1785//1785 1524//1522
f 1785//1785 1522//1523 1557//1557
f 1788//1787 1784//1784 1783//1783
f 1518//1518 1784//1784 1787//1788
f 1784//1784 1789//1789 1787//1788
f 1784//1784 1788//1787 1789//1789
f 1790//1790 1792//1791 1789//1789
f 1789//1789 1788//1787 1790//1790
f 1791//1792 1793//1793 1789//1789
f 1789//1789 1792//1791 1791//1792
f 1789//1789 1793//1793 1787//1788
f 1791//1792 1794//1794 1793//1793
f 1794//1794 1519//1519 1793//1793
f 1787//1788 1793//1793 1519//1519
f 1796//1795 1794//1794 1795//1796
f 1797//1797 1795//1796 1794//1794
f 1519//1519 1794//1794 1796//1795
f 1797//1797 1794//1794 1791//1792
f 1797//1797 1798//1798 1795//1796
f 1797//1797 1791//1792 1798//1798
f 1791//1792 1801//1799 1798//1798
f 1798//1798 1799//1800 1800//1801
f 1801//1799 1799//1800 1798//1798
f 1800//1801 1802//1802 1798//1798
f 1798//1798 1802//1802 1795//1796
f 1795//1796 1802//1802 1460//1460
f 1802//1802 1803//1803 1456//1456
f 1802//1802 1800//1801 1803//1803
f 1460//1460 1802//1802 1456//1456
f 1804//1804 1803//1803 1800//1801
f 1803//1803 1454//1454 1456//1456
f 1803//1803 1452//1452 1454//1454
f 1804//1804 1452//1452 1803//1803
f 1804//1804 1800//1801 1799//1800
f 1804//1804 1799//1800 1805//1805
f 1806//1806 1452//1452 1804//1804
f 1806//1806 1804//1804 1805//1805
f 1807//1807 1808//1808 1806//1806
f 1809//1809 1807//1807 1806//1806
f 1808//1808 1452//1452 1806//1806
f 1805//1805 1809//1809 1806//1806
f 1810//1810 1809//1809 1805//1805
f 1811//1811 1809//1809 1810//1810
f 1807//1807 1809//1809 1811//1811
f 1812//1812 1811//1811 1810//1810
f 1811//1811 1812//1812 1807//1807
f 1815//1813 1812//1812 1813//1814
f 1814//1815 1813//1814 1812//1812
f 1814//1815 1812//1812 1810//1810
f 1815//1813 1816//1816 1812//1812
f 1807//1807 1812//1812 1816//1816
f 1808//1808 1816//1816 1818//1817
f 1807//1807 1816//1816 1808//1808
f 1816//1816 1817//1818 1818//1817
f 1817//1818 1816//1816 1815//1813
f 1818//1817 962//961 1808//1808
f 961//962 962//961 1818//1817
f 1817//1818 961//962 1818//1817
f 1819//1819 961//962 1817//1818
f 1815//1813 1819//1819 1817//1818
f 1819//1819 940//942 1821//1820
f 940//942 1819//1819 1822//1821
f 1820//1822 961//962 1819//1819
f 1821//1820 1820//1822 1819//1819
f 1819//1819 1815//1813 1822//1821
f 1813//1814 1822//1821 1815//1813
f 1813//1814 940//942 1822//1821
f 940//942 941//939 1821//1820
f 1820//1822 1821//1820 941//939
f 959//959 961//962 1820//1822
f 1820//1822 947//948 959//959
f 1820//1822 941//939 947//948
f 1823//1823 1814//1815 1826//1824
f 1814//1815 1823//1823 1825//1825
f 1814//1815 1824//1826 1813//1814
f 1825//1825 1824//1826 1814//1815
f 1826//1824 1814//1815 1810//1810
f 1826//1824 1805//1805 1827//1827
f 1826//1824 1827//1827 1829//1828
f 1826//1824 1829//1828 1828//1829
f 1828//1829 1823//1823 1826//1824
f 1810//1810 1805//1805 1826//1824
f 1830//1830 1829//1828 1831//1831
f 1828//1829 1829//1828 1830//1830
f 1827//1827 1831//1831 1829//1828
f 1831//1831 1827//1827 1799//1800
f 1831//1831 1799//1800 1830//1830
f 1830//1830 1801//1799 1828//1829
f 1801//1799 1830//1830 1799//1800
f 1832//1832 1828//1829 1801//1799
f 1823//1823 1828//1829 1832//1832
f 1834//1833 1832//1832 1801//1799
f 1833//1834 1832//1832 1834//1833
f 1833//1834 1823//1823 1832//1832
f 1834//1833 1801//1799 1792//1791
f 1834//1833 1792//1791 1835//1835
f 1835//1835 1833//1834 1834//1833
f 1836//1836 1835//1835 1837//1837
f 1833//1834 1835//1835 1836//1836
f 1835//1835 1792//1791 1790//1790
f 1835//1835 1790//1790 1837//1837
f 1836//1836 1837//1837 1838//1838
f 1838//1838 1837//1837 1788//1787
f 1790//1790 1788//1787 1837//1837
f 1836//1836 1838//1838 1839//1839
f 1774//1773 1838//1838 1788//1787
f 1838//1838 1774//1773 1839//1839
f 1839//1839 1840//1840 1836//1836
f 1840//1840 1839//1839 1841//1841
f 1841//1841 1839//1839 1774//1773
f 1772//1772 1841//1841 1774//1773
f 1840//1840 1841//1841 1772//1772
f 1842//1842 1840//1840 1772//1772
f 1842//1842 1843//1843 1840//1840
f 1840//1840 1843//1843 1845//1844
f 1836//1836 1840//1840 1844//1845
f 1845//1844 1844//1845 1840//1840
f 895//894 1844//1845 1845//1844
f 891//892 895//894 1845//1844
f 891//892 1845//1844 1843//1843
f 1844//1845 1846//1846 1836//1836
f 1847//1847 1846//1846 1844//1845
f 895//894 1847//1847 1844//1845
f 1848//1848 1846//1846 1847//1847
f 894//896 1847//1847 895//894
f 1847//1847 894//896 1848//1848
f 1848//1848 894//896 903//905
f 903//905 1849//1849 1848//1848
f 1846//1846 1848//1848 1849//1849
f 1836//1836 1849//1849 1833//1834
f 1846//1846 1849//1849 1836//1836
f 903//905 1851//1850 1849//1849
f 1849//1849 1850//1851 1833//1834
f 1850//1851 1849//1849 1851//1850
f 902//903 1850//1851 1851//1850
f 902//903 1851//1850 903//905
f 1833//1834 1850//1851 1823//1823
f 1852//1852 1823//1823 1850//1851
f 902//903 1852//1852 1850//1851
f 900//901 1852//1852 899//902
f 1852//1852 902//903 899//902
f 1852//1852 900//901 1825//1825
f 1852//1852 1825//1825 1823//1823
f 891//892 1843//1843 890//889
f 1843//1843 1853//1853 890//889
f 1767//1768 1843//1843 1842//1842
f 1853//1853 1843//1843 1767//1768
f 1853//1853 1767//1768 1768//1765
f 1768//1765 1854//1854 1853//1853
f 876//876 1853//1853 1854//1854
f 890//889 1853//1853 876//876
f 866//866 1854//1854 863//861
f 1854//1854 866//866 876//876
f 1768//1765 1856//1855 1854//1854
f 1855//1856 1854//1854 1856//1855
f 1855//1856 863//861 1854//1854
f 1855//1856 1856//1855 861//862
f 861//862 1856//1855 1858//1857
f 1856//1855 1768//1765 1857//1858
f 1759//1758 1856//1855 1857//1858
f 842//842 1856//1855 1859//1859
f 1856//1855 842//842 841//841
f 841//841 1858//1857 1856//1855
f 1759//1758 1859//1859 1856//1855
f 1859//1859 1861//1860 1860//1861
f 1860//1861 842//842 1859//1859
f 1759//1758 1755//1755 1859//1859
f 1861//1860 1859//1859 1862//1862
f 1862//1862 1859//1859 1755//1755
f 1863//1863 1864//1864 1862//1862
f 1862//1862 1755//1755 1863//1863
f 1861//1860 1862//1862 1864//1864
f 1863//1863 1866//1865 1864//1864
f 1861//1860 1864//1864 1860//1861
f 1864//1864 1866//1865 1865//1866
f 1865//1866 1860//1861 1864//1864
f 1869//1867 1865//1866 1866//1865
f 1868//1868 1867//1869 1866//1865
f 1866//1865 1867//1869 1869//1867
f 1866//1865 1863//1863 1868//1868
f 1869//1867 1870//1870 1865//1866
f 1870//1870 1869//1867 1871//1871
f 1871//1871 1869//1867 1867//1869
f 1872//1872 1871//1871 1867//1869
f 1871//1871 1872//1872 1873//1873
f 1873//1873 1874//1874 1871//1871
f 1871//1871 1874//1874 1870//1870
f 1875//1875 1874//1874 1878//1876
f 1870//1870 1874//1874 1875//1875
f 1877//1877 1876//1878 1874//1874
f 1876//1878 1878//1876 1874//1874
f 1873//1873 1877//1877 1874//1874
f 1879//1879 1878//1876 1880//1880
f 1878//1876 1879//1879 1881//1881
f 835//835 1875//1875 1878//1876
f 1881//1881 835//835 1878//1876
f 1878//1876 1876//1878 1880//1880
f 1882//1882 1883//1883 1881//1881
f 1879//1879 1882//1882 1881//1881
f 1883//1883 1884//1884 1881//1881
f 835//835 1881//1881 832//833
f 832//833 1881//1881 1884//1884
f 1886//1885 1885//1886 1884//1884
f 1884//1884 1885//1886 832//833
f 1883//1883 1886//1885 1884//1884
f 1887//1887 1889//1888 1886//1885
f 1887//1887 1886//1885 1888//1889
f 1883//1883 1888//1889 1886//1885
f 1886//1885 1889//1888 1885//1886
f 1885//1886 1889//1888 1890//1890
f 1887//1887 1890//1890 1889//1888
f 1890//1890 1893//1891 1885//1886
f 1894//1892 1890//1890 1891//1893
f 1892//1894 1891//1893 1890//1890
f 1887//1887 1892//1894 1890//1890
f 1890//1890 1894//1892 1893//1891
f 1894//1892 1891//1893 1893//1891
f 1891//1893 1895//1895 1893//1891
f 1895//1895 1896//1896 1893//1891
f 832//833 1893//1891 1896//1896
f 1893//1891 832//833 1885//1886
f 1899//1897 1896//1896 1895//1895
f 1896//1896 1897//1898 815//815
f 832//833 1896//1896 815//815
f 1898//1899 1897//1898 1896//1896
f 1896//1896 1899//1897 1898//1899
f 1900//1900 1899//1897 1895//1895
f 1901//1901 1898//1899 1899//1897
f 1899//1897 1900//1900 1901//1901
f 1902//1902 1901//1901 1900//1900
f 1902//1902 1903//1903 1901//1901
f 1901//1901 1897//1898 1898//1899
f 1903//1903 1897//1898 1901//1901
f 1903//1903 1906//1904 1904//1905
f 1903//1903 1904//1905 1905//1906
f 1903//1903 1905//1906 1897//1898
f 1903//1903 1907//1907 1906//1904
f 1908//1908 1907//1907 1903//1903
f 1908//1908 1903//1903 1902//1902
f 1909//1909 1907//1907 1908//1908
f 1909//1909 1908//1908 1910//1910
f 1910//1910 1908//1908 1902//1902
f 1910//1910 1902//1902 1911//1911
f 1910//1910 1911//1911 1909//1909
f 1912//1912 1909//1909 1911//1911
f 1913//1913 1912//1912 1911//1911
f 1911//1911 1914//1914 1913//1913
f 1911//1911 1915//1915 1914//1914
f 1902//1902 1915//1915 1911//1911
f 1915//1915 1913//1913 1916//1916
f 1902//1902 1913//1913 1915//1915
f 1914//1914 1915//1915 1916//1916
f 1916//1916 1913//1913 1917//1917
f 1919//1918 1916//1916 1917//1917
f 1916//1916 1918//1919 1914//1914
f 1918//1919 1916//1916 1919//1918
f 1919//1918 1917//1917 1920//1920
f 1921//1921 1918//1919 1919//1918
f 1922//1922 1919//1918 1920//1920
f 1921//1921 1919//1918 1922//1922
f 1926//1923 1923//1924 1922//1922
f 1922//1922 1923//1924 1928//1925
f 1920//1920 1926//1923 1922//1922
f 1924//1926 1922//1922 1927//1927
f 1924//1926 1921//1921 1922//1922
f 1928//1925 1925//1928 1922//1922
f 1927//1927 1922//1922 1925//1928
f 1928//1925 1924//1926 1927//1927
f 1928//1925 1923//1924 1924//1926
f 1928//1925 1927//1927 1929//1929
f 1929//1929 1925//1928 1928//1925
f 1930//1930 1925//1928 1929//1929
f 1929//1929 1927//1927 1930//1930
f 1932//1931 1931//1932 1930//1930
f 1930//1930 1931//1932 1925//1928
f 1932//1931 1930//1930 1927//1927
f 1927//1927 1925//1928 1932//1931
f 1925//1928 1931//1932 1932//1931
f 1918//1919 1926//1923 1920//1920
f 1918//1919 1921//1921 1926//1923
f 1921//1921 1923//1924 1926//1923
f 1923//1924 1921//1921 1924//1926
f 1914//1914 1918//1919 1920//1920
f 1920//1920 1917//1917 1914//1914
f 1917//1917 1913//1913 1914//1914
f 1913//1913 1902//1902 1912//1912
f 1902//1902 1909//1909 1912//1912
f 1907//1907 1909//1909 1902//1902
f 1906//1904 1907//1907 1902//1902
f 1691//1692 1906//1904 1933//1933
f 1906//1904 1902//1902 1933//1933
f 1906//1904 1935//1934 1934//1935
f 1904//1905 1906//1904 1934//1935
f 1691//1692 1692//1691 1906//1904
f 1692//1691 1935//1934 1906//1904
f 1936//1936 1934//1935 1935//1934
f 1935//1934 786//786 1936//1936
f 787//788 1935//1934 1692//1691
f 1935//1934 787//788 786//786
f 786//786 789//789 1936//1936
f 789//789 1934//1935 1936//1936
f 1934//1935 808//809 1937//1937
f 1904//1905 1934//1935 1937//1937
f 789//789 808//809 1934//1935
f 1905//1906 1904//1905 1937//1937
f 1905//1906 1937//1937 812//811
f 1937//1937 808//809 812//811
f 1933//1933 1900//1900 1939//1938
f 1933//1933 1902//1902 1900//1900
f 1938//1939 1933//1933 1939//1938
f 1933//1933 1938//1939 1940//1940
f 1691//1692 1933//1933 1940//1940
f 1942//1941 1940//1940 1938//1939
f 1940//1940 1942//1941 1941//1942
f 1941//1942 1697//1697 1940//1940
f 1697//1697 1691//1692 1940//1940
f 1892//1894 1942//1941 1938//1939
f 1942//1941 1892//1894 1941//1942
f 1941//1942 1892//1894 1943//1943
f 1943//1943 1944//1944 1941//1942
f 1945//1945 1941//1942 1944//1944
f 1945//1945 1697//1697 1941//1942
f 1949//1946 1946//1947 1945//1945
f 1951//1948 1945//1945 1946//1947
f 1700//1701 1697//1697 1945//1945
f 1949//1946 1945//1945 1947//1949
f 1947//1949 1945//1945 1944//1944
f 1948//1950 1700//1701 1945//1945
f 1950//1951 1948//1950 1945//1945
f 1950//1951 1945//1945 1951//1948
f 1951//1948 1946//1947 1954//1952
f 1952//1953 1951//1948 1953//1954
f 1951//1948 1952//1953 1950//1951
f 1953//1954 1951//1948 1700//1701
f 1955//1955 1700//1701 1951//1948
f 1951//1948 1954//1952 1948//1950
f 1951//1948 1948//1950 1956//1956
f 1951//1948 1956//1956 1955//1955
f 1956//1956 1957//1957 1960//1958
f 1956//1956 1958//1959 1957//1957
f 1955//1955 1956//1956 1953//1954
f 1953//1954 1956//1956 1952//1953
f 1956//1956 1959//1960 1952//1953
f 1958//1959 1956//1956 1948//1950
f 1959//1960 1956//1956 1961//1961
f 1961//1961 1956//1956 1960//1958
f 1963//1962 1959//1960 1961//1961
f 1960//1958 1964//1963 1961//1961
f 1964//1963 1962//1964 1961//1961
f 1963//1962 1961//1961 1962//1964
f 1964//1963 1883//1883 1965//1965
f 1949//1946 1964//1963 1965//1965
f 1888//1889 1883//1883 1964//1963
f 1966//1966 1888//1889 1964//1963
f 1966//1966 1964//1963 1960//1958
f 1962//1964 1964//1963 1949//1946
f 1949//1946 1947//1949 1966//1966
f 1962//1964 1949//1946 1966//1966
f 1962//1964 1966//1966 1957//1957
f 1966//1966 1947//1949 1888//1889
f 1967//1967 1957//1957 1966//1966
f 1967//1967 1966//1966 1960//1958
f 1947//1949 1967//1967 1943//1943
f 1943//1943 1967//1967 1944//1944
f 1944//1944 1967//1967 1960//1958
f 1957//1957 1967//1967 1947//1949
f 1965//1965 1883//1883 1968//1968
f 1971//1969 1965//1965 1968//1968
f 1970//1970 1969//1971 1965//1965
f 1949//1946 1965//1965 1969//1971
f 1970//1970 1965//1965 1972//1972
f 1965//1965 1971//1969 1972//1972
f 1972//1972 1882//1882 1968//1968
f 1972//1972 1973//1973 1882//1882
f 1968//1968 1883//1883 1972//1972
f 1972//1972 1883//1883 1974//1974
f 1971//1969 1973//1973 1972//1972
f 1974//1974 1880//1880 1972//1972
f 1972//1972 1880//1880 1970//1970
f 1974//1974 1883//1883 1973//1973
f 1971//1969 1974//1974 1973//1973
f 1882//1882 1974//1974 1971//1969
f 1880//1880 1974//1974 1882//1882
f 1973//1973 1883//1883 1882//1882
f 1882//1882 1971//1969 1968//1968
f 1975//1975 1969//1971 1970//1970
f 1975//1975 1970//1970 1880//1880
f 1976//1976 1975//1975 1977//1977
f 1975//1975 1976//1976 1969//1971
f 1977//1977 1975//1975 1877//1877
f 1880//1880 1877//1877 1975//1975
f 1977//1977 1877//1877 1978//1978
f 1980//1979 1977//1977 1978//1978
f 1977//1977 1980//1979 1979//1980
f 1979//1980 1976//1976 1977//1977
f 1980//1979 1981//1981 1979//1980
f 1981//1981 1980//1979 1982//1982
f 1982//1982 1980//1979 1983//1983
f 1983//1983 1980//1979 1978//1978
f 1984//1984 1983//1983 1978//1978
f 1984//1984 1985//1985 1983//1983
f 1985//1985 1990//1986 1983//1983
f 1983//1983 1986//1987 1982//1982
f 1988//1988 1986//1987 1983//1983
f 1990//1986 1987//1989 1983//1983
f 1987//1989 1989//1990 1983//1983
f 1989//1990 1988//1988 1983//1983
f 1990//1986 1991//1991 1997//1992
f 1990//1986 1978//1978 1991//1991
f 1985//1985 1992//1993 1990//1986
f 1992//1993 1978//1978 1990//1986
f 1994//1994 1993//1995 1990//1986
f 1990//1986 1993//1995 1987//1989
f 1990//1986 1996//1996 1994//1994
f 1990//1986 1984//1984 1995//1997
f 1995//1997 1996//1996 1990//1986
f 1990//1986 1997//1992 1984//1984
f 1998//1998 1997//1992 1996//1996
f 1997//1992 1872//1872 1996//1996
f 1873//1873 1872//1872 1997//1992
f 1873//1873 1997//1992 1991//1991
f 1985//1985 1984//1984 1997//1992
f 1985//1985 1997//1992 1999//1999
f 1999//1999 1997//1992 1998//1998
f 1998//1998 1985//1985 1999//1999
f 1998//1998 1996//1996 1995//1997
f 1998//1998 1995//1997 2000//2000
f 1998//1998 1993//1995 1985//1985
f 1998//1998 2000//2000 1993//1995
f 2003//2001 2001//2002 2000//2000
f 2001//2002 2004//2003 2000//2000
f 2000//2000 2002//2004 2003//2001
f 2002//2004 2000//2000 2005//2005
f 2000//2000 1987//1989 1993//1995
f 2004//2003 1987//1989 2000//2000
f 2000//2000 1995//1997 1994//1994
f 2000//2000 1996//1996 2005//2005
f 1994//1994 1996//1996 2000//2000
f 2003//2001 2005//2005 2006//2006
f 2002//2004 2005//2005 2003//2001
f 2005//2005 1872//1872 2007//2007
f 2005//2005 1996//1996 1872//1872
f 2006//2006 2005//2005 2007//2007
f 1872//1872 2008//2008 2007//2007
f 2008//2008 2009//2009 2007//2007
f 2006//2006 2007//2007 2009//2009
f 2013//2010 2010//2011 2009//2009
f 2010//2011 2001//2002 2009//2009
f 2009//2009 1867//1869 2011//2012
f 2012//2013 2009//2009 2011//2012
f 2014//2014 2006//2006 2009//2009
f 2009//2009 2008//2008 1867//1869
f 2009//2009 2012//2013 2013//2010
f 2009//2009 2001//2002 2014//2014
f 2014//2014 2001//2002 2003//2001
f 2003//2001 2015//2015 2014//2014
f 2016//2016 2014//2014 2004//2003
f 2015//2015 2004//2003 2014//2014
f 2016//2016 2006//2006 2014//2014
f 2017//2017 2016//2016 2001//2002
f 2016//2016 2017//2017 2018//2018
f 2018//2018 2006//2006 2016//2016
f 2016//2016 2004//2003 2001//2002
f 2018//2018 2015//2015 2006//2006
f 2018//2018 2004//2003 2015//2015
f 2017//2017 2004//2003 2018//2018
f 2017//2017 2010//2011 2004//2003
f 2010//2011 2017//2017 2001//2002
f 2015//2015 2003//2001 2006//2006
f 2010//2011 2013//2010 2020//2019
f 2013//2010 2012//2013 2019//2020
f 2020//2019 2013//2010 2019//2020
f 2010//2011 2020//2019 2021//2021
f 2021//2021 2020//2019 2019//2020
f 2021//2021 2019//2020 2022//2022
f 2022//2022 2010//2011 2021//2021
f 2022//2022 2023//2023 2010//2011
f 2023//2023 2022//2022 2024//2024
f 2022//2022 2012//2013 2024//2024
f 2019//2020 2012//2013 2022//2022
f 2023//2023 2024//2024 2025//2025
f 2024//2024 2012//2013 2011//2012
f 2025//2025 2024//2024 2026//2026
f 2024//2024 1754//1754 2026//2026
f 2024//2024 2028//2027 2027//2028
f 2027//2028 1754//1754 2024//2024
f 2028//2027 2024//2024 2011//2012
f 2028//2027 2011//2012 1863//1863
f 1754//1754 2027//2028 2028//2027
f 1754//1754 2028//2027 1755//1755
f 1755//1755 2028//2027 1863//1863
f 2030//2029 2026//2026 2029//2030
f 1752//1752 2029//2030 2026//2026
f 2030//2029 2031//2031 2026//2026
f 2031//2031 2025//2025 2026//2026
f 1752//1752 2026//2026 1751//1753
f 1751//1753 2026//2026 1754//1754
f 2031//2031 2023//2023 2025//2025
f 2030//2029 2029//2030 2031//2031
f 2031//2031 2029//2030 2023//2023
f 2029//2030 1752//1752 2032//2032
f 2034//2033 2029//2030 2032//2032
f 2034//2033 2033//2034 2029//2030
f 2029//2030 2033//2034 2023//2023
f 1752//1752 2034//2033 1746//1745
f 1746//1745 2034//2033 2035//2035
f 1752//1752 1751//1753 2034//2033
f 2035//2035 2034//2033 2032//2032
f 2034//2033 1751//1753 1745//1746
f 2034//2033 1745//1746 2033//2034
f 1746//1745 2035//2035 1750//1751
f 2036//2036 2037//2037 2035//2035
f 2036//2036 2035//2035 2038//2038
f 1750//1751 2035//2035 2037//2037
f 2038//2038 2035//2035 2032//2032
f 2036//2036 2038//2038 2039//2039
f 2037//2037 2038//2038 2032//2032
f 2039//2039 2038//2038 2037//2037
f 2042//2040 2036//2036 2039//2039
f 2040//2041 2039//2039 2041//2042
f 2040//2041 2042//2040 2039//2039
f 2039//2039 2037//2037 2041//2042
f 2036//2036 2042//2040 2041//2042
f 2041//2042 2042//2040 2040//2041
f 2041//2042 2037//2037 2036//2036
f 1750//1751 2037//2037 2032//2032
f 2043//2043 2045//2044 2033//2034
f 2043//2043 2033//2034 2046//2045
f 2010//2011 2023//2023 2033//2034
f 2033//2034 2044//2046 2010//2011
f 2045//2044 2044//2046 2033//2034
f 2047//2047 2046//2045 2033//2034
f 1740//1740 2047//2047 2033//2034
f 1745//1746 1740//1740 2033//2034
f 2046//2045 2047//2047 2048//2048
f 2048//2048 2047//2047 2050//2049
f 1738//1738 2047//2047 1740//1740
f 2047//2047 1738//1738 2049//2050
f 2050//2049 2047//2047 2049//2050
f 2050//2049 1735//1737 2053//2051
f 2049//2050 1735//1737 2050//2049
f 2052//2052 2050//2049 2051//2053
f 2053//2051 2051//2053 2050//2049
f 2050//2049 2052//2052 2054//2054
f 2048//2048 2050//2049 2054//2054
f 2054//2054 2044//2046 2060//2055
f 2044//2046 2054//2054 2057//2056
f 2060//2055 2055//2057 2054//2054
f 2059//2058 2054//2054 2055//2057
f 2054//2054 2056//2059 2048//2048
f 2054//2054 2059//2058 2056//2059
f 2054//2054 2052//2052 2058//2060
f 2057//2056 2054//2054 2058//2060
f 2060//2055 2061//2061 2055//2057
f 2061//2061 2060//2055 2062//2062
f 2059//2058 2062//2062 2060//2055
f 2060//2055 2056//2059 2059//2058
f 2056//2059 2060//2055 2044//2046
f 2062//2062 2063//2063 2055//2057
f 2046//2045 2062//2062 2055//2057
f 2059//2058 2064//2064 2062//2062
f 2061//2061 2062//2062 2046//2045
f 2065//2065 2063//2063 2062//2062
f 2064//2064 2066//2066 2062//2062
f 2062//2062 2066//2066 2065//2065
f 2066//2066 2067//2067 2065//2065
f 2067//2067 2066//2066 2063//2063
f 2055//2057 2063//2063 2066//2066
f 2055//2057 2066//2066 2064//2064
f 2063//2063 2068//2068 2067//2067
f 2068//2068 2043//2043 2067//2067
f 2065//2065 2067//2067 2069//2069
f 2046//2045 2069//2069 2067//2067
f 2067//2067 2043//2043 2046//2045
f 2068//2068 2069//2069 2043//2043
f 2069//2069 2045//2044 2043//2043
f 2046//2045 2045//2044 2069//2069
f 2068//2068 2065//2065 2069//2069
f 2068//2068 2063//2063 2065//2065
f 2064//2064 2059//2058 2055//2057
f 2056//2059 2055//2057 2061//2061
f 2061//2061 2046//2045 2056//2059
f 2058//2060 2070//2070 2057//2056
f 2058//2060 2052//2052 2071//2071
f 2058//2060 2071//2071 2070//2070
f 2052//2052 2072//2072 2071//2071
f 2072//2072 2073//2073 2071//2071
f 2071//2071 2073//2073 2070//2070
f 1703//1704 2073//2073 2072//2072
f 1703//1704 1705//1705 2073//2073
f 2074//2074 2073//2073 1705//1705
f 2074//2074 2070//2070 2073//2073
f 1988//1988 2070//2070 2074//2074
f 2075//2075 1988//1988 2074//2074
f 1705//1705 2075//2075 2074//2074
f 1988//1988 2075//2075 1705//1705
f 2072//2072 1725//1725 1722//1723
f 2072//2072 1722//1723 1703//1704
f 2072//2072 1730//1731 1725//1725
f 1730//1731 2072//2072 2051//2053
f 2051//2053 2072//2072 2052//2052
f 2076//2076 2070//2070 1989//1990
f 1988//1988 1989//1990 2070//2070
f 2076//2076 1982//1982 2070//2070
f 2070//2070 1982//1982 1987//1989
f 2057//2056 2070//2070 1987//1989
f 2076//2076 2077//2077 1982//1982
f 2076//2076 1986//1987 1988//1988
f 1986//1987 2076//2076 1989//1990
f 2076//2076 1988//1988 2077//2077
f 2077//2077 1981//1981 1982//1982
f 2077//2077 1988//1988 2078//2078
f 2077//2077 2078//2078 1981//1981
f 1988//1988 2079//2079 2078//2078
f 1981//1981 2078//2078 1979//1980
f 2078//2078 1976//1976 1979//1980
f 2078//2078 2079//2079 1976//1976
f 2079//2079 1701//1702 2080//2080
f 1705//1705 1701//1702 2079//2079
f 1988//1988 1705//1705 2079//2079
f 1976//1976 2079//2079 1946//1947
f 2079//2079 1954//1952 1946//1947
f 2080//2080 1954//1952 2079//2079
f 1700//1701 2080//2080 1701//1702
f 2080//2080 1955//1955 1953//1954
f 2080//2080 1700//1701 1955//1955
f 2080//2080 1953//1954 1954//1952
f 2004//2003 2044//2046 2057//2056
f 2004//2003 2057//2056 1987//1989
f 2044//2046 2055//2057 2056//2059
f 2046//2045 2048//2048 2056//2059
f 2055//2057 2044//2046 2046//2045
f 2051//2053 2053//2051 1730//1731
f 2053//2051 1735//1737 1730//1731
f 1738//1738 1735//1737 2049//2050
f 2045//2044 2046//2045 2044//2046
f 2044//2046 2004//2003 2010//2011
f 1750//1751 2032//2032 1752//1752
f 2011//2012 1867//1869 1868//1868
f 1863//1863 2011//2012 1868//1868
f 2008//2008 1872//1872 1867//1869
f 1994//1994 1995//1997 1984//1984
f 1994//1994 1992//1993 1993//1995
f 1994//1994 1984//1984 1992//1993
f 1985//1985 1993//1995 1992//1993
f 1992//1993 1984//1984 1978//1978
f 1877//1877 1991//1991 1978//1978
f 1991//1991 1877//1877 1873//1873
f 1982//1982 1986//1987 1989//1990
f 1987//1989 1982//1982 1989//1990
f 1969//1971 1976//1976 2082//2081
f 2082//2081 1976//1976 2081//2082
f 1976//1976 1946//1947 2081//2082
f 2082//2081 2083//2083 1963//1962
f 2082//2081 2081//2082 2083//2083
f 2082//2081 1952//1953 1959//1960
f 1969//1971 2082//2081 1959//1960
f 1952//1953 2082//2081 1963//1962
f 2083//2083 1969//1971 1959//1960
f 1963//1962 2083//2083 1959//1960
f 2081//2082 1969//1971 2083//2083
f 1946//1947 1963//1962 2081//2082
f 2081//2082 1949//1946 1969//1971
f 1963//1962 2084//2084 2081//2082
f 2081//2082 2084//2084 1949//1946
f 2084//2084 1963//1962 1962//1964
f 1946//1947 2084//2084 1962//1964
f 2084//2084 1946//1947 1949//1946
f 1963//1962 1946//1947 1950//1951
f 1952//1953 1963//1962 1950//1951
f 1958//1959 1950//1951 1962//1964
f 1946//1947 1962//1964 1950//1951
f 1958//1959 1962//1964 1957//1957
f 1957//1957 1944//1944 1960//1958
f 1948//1950 1950//1951 1958//1959
f 1957//1957 1947//1949 1944//1944
f 1700//1701 1948//1950 1954//1952
f 1700//1701 1954//1952 1953//1954
f 1888//1889 1947//1949 1943//1943
f 1943//1943 1892//1894 1888//1889
f 1891//1893 1938//1939 1939//1938
f 1895//1895 1891//1893 1939//1938
f 1900//1900 1895//1895 1939//1938
f 1892//1894 1938//1939 1891//1893
f 1897//1898 1905//1906 815//815
f 815//815 1905//1906 812//811
f 1888//1889 1892//1894 1887//1887
f 1879//1879 1880//1880 1882//1882
f 1877//1877 1880//1880 1876//1878
f 1870//1870 1875//1875 1865//1866
f 835//835 1865//1866 1875//1875
f 835//835 837//838 1865//1866
f 837//838 1860//1861 1865//1866
f 842//842 1860//1861 839//839
f 1860//1861 837//838 839//839
f 1858//1857 841//841 2085//2085
f 2085//2085 851//852 1858//1857
f 861//862 1858//1857 850//851
f 851//852 850//851 1858//1857
f 2085//2085 841//841 848//849
f 851//852 2085//2085 848//849
f 1757//1760 1759//1758 1857//1858
f 1768//1765 1757//1760 1857//1858
f 861//862 863//861 1855//1856
f 1765//1766 1767//1768 1842//1842
f 1842//1842 1772//1772 1765//1766
f 1827//1827 1805//1805 1799//1800
f 1825//1825 2086//2086 1824//1826
f 2086//2086 1825//1825 900//901
f 898//899 2086//2086 900//901
f 1824//1826 2086//2086 2087//2087
f 2086//2086 915//917 2087//2087
f 915//917 2086//2086 897//898
f 2086//2086 898//899 897//898
f 1813//1814 2087//2087 940//942
f 1824//1826 2087//2087 1813//1814
f 2087//2087 2088//2088 940//942
f 2087//2087 916//915 2088//2088
f 916//915 2087//2087 915//917
f 2088//2088 937//937 940//942
f 916//915 937//937 2088//2088
f 1451//1451 1452//1452 1808//1808
f 1808//1808 962//961 1451//1451
f 1792//1791 1801//1799 1791//1792
f 1796//1795 1795//1796 2090//2089
f 1796//1795 1459//1461 2089//2090
f 1514//1514 1796//1795 2089//2090
f 2090//2089 1459//1461 1796//1795
f 1519//1519 1796//1795 1514//1514
f 1795//1796 1460//1460 2090//2089
f 2090//2089 1460//1460 1459//1461
f 1514//1514 2089//2090 1459//1461
f 1778//1779 1774//1773 1788//1787
f 1778//1779 1788//1787 1781//1782
f 1788//1787 1783//1783 1781//1782
f 1787//1788 1519//1519 1518//1518
f 1560//1560 1779//1778 1556//1556
f 1778//1779 1773//1774 1774//1773
f 2091//2091 1770//1770 1562//1562
f 1770//1770 2091//2091 1766//1769
f 2092//2092 2091//2091 1562//1562
f 1766//1769 2091//2091 2092//2092
f 2092//2092 1562//1562 1566//1567
f 2095//2093 2092//2092 1566//1567
f 2092//2092 2093//2094 2094//2095
f 2092//2092 2095//2093 2093//2094
f 1766//1769 2092//2092 2094//2095
f 2095//2093 1571//1570 1570//1571
f 2095//2093 1570//1571 2096//2096
f 1571//1570 2095//2093 1566//1567
f 2095//2093 2096//2096 2093//2094
f 2096//2096 2100//2097 2093//2094
f 2098//2098 2096//2096 2097//2099
f 2099//2100 2097//2099 2096//2096
f 2100//2097 2096//2096 2098//2098
f 2096//2096 1570//1571 2099//2100
f 2100//2097 1743//1743 2093//2094
f 2100//2097 2098//2098 1743//1743
f 1570//1571 1583//1583 2099//2100
f 2099//2100 1583//1583 1585//1585
f 2099//2100 2101//2101 2097//2099
f 1585//1585 2101//2101 2099//2100
f 2101//2101 1586//1586 1732//1733
f 1732//1733 1736//1735 2101//2101
f 2097//2099 2101//2101 1736//1735
f 1586//1586 2101//2101 1585//1585
f 2098//2098 1742//1744 1743//1743
f 2102//2102 1742//1744 2098//2098
f 2097//2099 2102//2102 2098//2098
f 1736//1735 2102//2102 2097//2099
f 2102//2102 1734//1734 1742//1744
f 1736//1735 1734//1734 2102//2102
f 2093//2094 2103//2103 2094//2095
f 1766//1769 2094//2095 1761//1762
f 1758//1757 1761//1762 2094//2095
f 2094//2095 2103//2103 2104//2104
f 2104//2104 1758//1757 2094//2095
f 1749//1750 1758//1757 2104//2104
f 2104//2104 1747//1747 1749//1750
f 2103//2103 1747//1747 2104//2104
f 2093//2094 1743//1743 2103//2103
f 1747//1747 2103//2103 1743//1743
f 1768//1765 1762//1763 1757//1760
f 1745//1746 1752//1752 1746//1745
f 1732//1733 1586//1586 1590//1588
f 1720//1721 1727//1728 1717//1717
f 1727//1728 2106//2105 1717//1717
f 2105//2106 1727//1728 1595//1596
f 1595//1596 1727//1728 1593//1593
f 1589//1590 1593//1593 1727//1728
f 2105//2106 2106//2105 1727//1728
f 1717//1717 2106//2105 1675//1674
f 2105//2106 1675//1674 2106//2105
f 2105//2106 1677//1678 1675//1674
f 2105//2106 1599//1600 1677//1678
f 2105//2106 1595//1596 1599//1600
f 2107//2107 1722//1723 1719//1719
f 1722//1723 2107//2107 1703//1704
f 2107//2107 1719//1719 1703//1704
f 1719//1719 1706//1708 1703//1704
f 1719//1719 1709//1709 1706//1708
f 1711//1712 1695//1696 1698//1699
f 1698//1699 1695//1696 1694//1695
f 1679//1679 1688//1688 1695//1696
f 1692//1691 1689//1690 787//788
f 783//785 787//788 1689//1690
f 1679//1679 1681//1682 1688//1688
f 1685//1684 1688//1688 1681//1682
f 1686//1685 1674//1675 1668//1665
f 1674//1675 1686//1685 1673//1676
f 1684//1686 1686//1685 2108//2108
f 1676//1677 1673//1676 1686//1685
f 1664//1664 2109//2109 1686//1685
f 1668//1665 1664//1664 1686//1685
f 1686//1685 1682//1683 1676//1677
f 2108//2108 1686//1685 2109//2109
f 2109//2109 2110//2110 2108//2108
f 2109//2109 2112//2111 2110//2110
f 2109//2109 2111//2112 2112//2111
f 2113//2113 2111//2112 2109//2109
f 2114//2114 2113//2113 2109//2109
f 1664//1664 2114//2114 2109//2109
f 2114//2114 2115//2115 2116//2116
f 2114//2114 1664//1664 2115//2115
f 2113//2113 2114//2114 2116//2116
f 2116//2116 548//548 2117//2117
f 2116//2116 2115//2115 548//548
f 2116//2116 2117//2117 2113//2113
f 2118//2118 2117//2117 550//551
f 2113//2113 2117//2117 2118//2118
f 2117//2117 548//548 550//551
f 2111//2112 2113//2113 2118//2118
f 2118//2118 2119//2119 2112//2111
f 2118//2118 2112//2111 2111//2112
f 550//551 2119//2119 2118//2118
f 2119//2119 550//551 563//564
f 2112//2111 2119//2119 563//564
f 1659//1661 2120//2120 2115//2115
f 2115//2115 1662//1662 1659//1661
f 2115//2115 1664//1664 1662//1662
f 2115//2115 2120//2120 548//548
f 1659//1661 1660//1660 2120//2120
f 2120//2120 547//547 548//548
f 1660//1660 547//547 2120//2120
f 2112//2111 563//564 2121//2121
f 2112//2111 2121//2121 2122//2122
f 2112//2111 2122//2122 2110//2110
f 2123//2123 2110//2110 2122//2122
f 2123//2123 2122//2122 2121//2121
f 2123//2123 2124//2124 562//563
f 2121//2121 2124//2124 2123//2123
f 2125//2125 2123//2123 562//563
f 2123//2123 2125//2125 2110//2110
f 2125//2125 2128//2126 2126//2127
f 2127//2128 2125//2125 2126//2127
f 2125//2125 562//563 2128//2126
f 2110//2110 2125//2125 2127//2128
f 2128//2126 562//563 561//561
f 2126//2127 2128//2126 561//561
f 2126//2127 2129//2129 2127//2128
f 2129//2129 2108//2108 2127//2128
f 2108//2108 2110//2110 2127//2128
f 779//780 2108//2108 2129//2129
f 2129//2129 2126//2127 775//775
f 779//780 2129//2129 775//775
f 775//775 2126//2127 561//561
f 563//564 2124//2124 2121//2121
f 563//564 562//563 2124//2124
f 784//784 1684//1686 2108//2108
f 2108//2108 779//780 784//784
f 783//785 1684//1686 784//784
f 1599//1600 1610//1611 1677//1678
f 2130//2130 2131//2131 1677//1678
f 1677//1678 1610//1611 2130//2130
f 1677//1678 1666//1666 1665//1667
f 1677//1678 2131//2131 1667//1669
f 1677//1678 1667//1669 1666//1666
f 2131//2131 2132//2132 1667//1669
f 2132//2132 2131//2131 2130//2130
f 1613//1614 1667//1669 2132//2132
f 1613//1614 2132//2132 2130//2130
f 2130//2130 1610//1611 1613//1614
f 1613//1614 1612//1613 1667//1669
f 1612//1613 1654//1655 1667//1669
f 540//541 547//547 1660//1660
f 1616//1617 1655//1656 1612//1613
f 1616//1617 1620//1620 1655//1656
f 1643//1644 2134//2133 529//529
f 1639//1639 2133//2134 1643//1644
f 1643//1644 2133//2134 522//522
f 2135//2135 2134//2133 1643//1644
f 2135//2135 1643//1644 522//522
f 2135//2135 528//530 2134//2133
f 2135//2135 522//522 528//530
f 2134//2133 528//530 529//529
f 1493//1493 2133//2134 1639//1639
f 522//522 2133//2134 2136//2136
f 2133//2134 1493//1493 2136//2136
f 1493//1493 2138//2137 2136//2136
f 2138//2137 2137//2138 2136//2136
f 2137//2138 522//522 2136//2136
f 2138//2137 2139//2139 2137//2138
f 515//513 2138//2137 1493//1493
f 513//514 2139//2139 2138//2137
f 2138//2137 515//513 513//514
f 2139//2139 522//522 2137//2138
f 513//514 514//515 2139//2139
f 522//522 2139//2139 516//516
f 516//516 2139//2139 514//515
f 1501//1503 1636//1636 1502//1501
f 1628//1629 1634//1635 1635//1634
f 1622//1623 1628//1629 1619//1621
f 1623//1624 1628//1629 1622//1623
f 1615//1612 1616//1617 1612//1613
f 1613//1614 1610//1611 1609//1609
f 1534//1535 1536//1534 1605//1608
f 1534//1535 1605//1608 1535//1536
f 1604//1607 1535//1536 1605//1608
f 1604//1607 1538//1538 1535//1536
f 1545//1548 1538//1538 1604//1607
f 2140//2140 1545//1548 1598//1597
f 1578//1580 2140//2140 1598//1597
f 1580//1581 2140//2140 1578//1580
f 1580//1581 1545//1548 2140//2140
f 1570//1571 1573//1572 1583//1583
f 1583//1583 1573//1572 1572//1574
f 1580//1581 1547//1549 1545//1548
f 1571//1570 1566//1567 1565//1565
f 1562//1562 1563//1563 1566//1567
f 1558//1558 1560//1560 1556//1556
f 1527//1527 1557//1557 1522//1523
f 1557//1557 1527//1527 1529//1528
f 1540//1539 1538//1538 1545//1548
f 1539//1540 1529//1528 1530//1531
f 1518//1518 1520//1520 1524//1522
f 1516//1516 1510//1510 1523//1525
f 1519//1519 1514//1514 1515//1515
f 1516//1516 1509//1511 1510//1510
f 1459//1461 1463//1462 1514//1514
f 1506//1507 1462//1464 1466//1467
f 1463//1462 1462//1464 1506//1507
f 1504//1504 1506//1507 1466//1467
f 1504//1504 1466//1467 1496//1497
f 1493//1493 1497//1498 1494//1494
f 1466//1467 1472//1473 1496//1497
f 1474//1475 446//447 450//450
f 1469//1469 446//447 1474//1475
f 446//447 1469//1469 1468//1468
f 1465//1465 442//443 1468//1468
f 1468//1468 442//443 441//442
f 1468//1468 441//442 446//447
f 1458//1459 443//444 1465//1465
f 442//443 1465//1465 443//444
f 1449//1450 434//434 436//436
f 956//956 964//964 957//957
f 954//954 953//953 952//952
f 941//939 939//940 947//948
f 916//915 924//923 937//937
f 924//923 923//924 932//933
f 908//908 919//920 912//912
f 901//904 909//911 904//900
f 880//879 890//889 876//876
f 885//885 889//890 886//886
f 883//884 2141//2141 855//856
f 883//884 872//872 2141//2141
f 872//872 873//873 2141//2141
f 2141//2141 873//873 855//856
f 877//878 867//867 869//869
f 876//876 865//865 877//878
f 867//867 877//878 865//865
f 865//865 876//876 866//866
f 873//873 853//854 854//853
f 873//873 862//863 853//854
f 855//856 873//873 854//853
f 853//854 862//863 857//855
f 862//863 859//859 857//855
f 846//847 856//857 847//846
f 833//834 828//829 843//844
f 819//820 817//818 813//814
f 807//807 804//805 811//813
f 803//804 811//813 804//805
f 749//748 811//813 803//804
f 808//809 789//789 800//800
f 798//798 755//756 801//802
f 755//756 748//749 801//802
f 781//781 776//777 792//793
f 778//779 784//784 779//780
f 2143//2142 773//772 2142//2143
f 773//772 559//560 2142//2143
f 624//626 773//772 2143//2142
f 567//568 577//577 2143//2142
f 567//568 2143//2142 2142//2143
f 621//622 624//626 2143//2142
f 2143//2142 577//577 621//622
f 2142//2143 559//560 567//568
f 760//760 637//637 643//644
f 751//751 756//755 643//644
f 746//747 737//737 738//739
f 745//746 2144//2144 99//100
f 2144//2144 745//746 742//742
f 2144//2144 742//742 98//98
f 99//100 2144//2144 98//98
f 96//96 741//741 743//743
f 97//97 96//96 743//743
f 743//743 103//104 97//97
f 98//98 742//742 741//741
f 741//741 96//96 98//98
f 739//738 2146//2145 734//735
f 643//644 2145//2146 739//738
f 2145//2146 2147//2147 739//738
f 643//644 739//738 737//737
f 739//738 2147//2147 2146//2145
f 642//643 644//642 2147//2147
f 2148//2148 642//643 2147//2147
f 2146//2145 2147//2147 644//642
f 2148//2148 2147//2147 2145//2146
f 642//643 2148//2148 643//644
f 2148//2148 2145//2146 643//644
f 734//735 2146//2145 735//734
f 2146//2145 644//642 735//734
f 644//642 648//648 735//734
f 732//731 735//734 648//648
f 731//732 728//729 116//116
f 123//123 729//728 122//124
f 116//116 729//728 123//123
f 728//729 729//728 116//116
f 729//728 125//125 122//124
f 646//646 2149//2149 604//605
f 638//639 2149//2149 646//646
f 2150//2150 2149//2149 638//639
f 2149//2149 605//606 604//605
f 2150//2150 605//606 2149//2149
f 631//632 632//631 2150//2150
f 631//632 2150//2150 638//639
f 2150//2150 632//631 605//606
f 637//637 640//640 643//644
f 605//606 632//631 608//607
f 607//609 608//607 632//631
f 618//619 582//578 611//611
f 611//611 587//588 595//596
f 611//611 582//578 587//588
f 594//591 609//610 595//596
f 595//596 2151//2151 586//586
f 595//596 587//588 2151//2151
f 586//586 2151//2151 587//588
f 580//583 589//589 584//584
f 567//568 570//571 577//577
f 2152//2152 2153//2153 575//576
f 572//572 2152//2152 575//576
f 575//576 295//295 574//575
f 575//576 2153//2153 295//295
f 2153//2153 2152//2152 2154//2154
f 2154//2154 2155//2155 2153//2153
f 295//295 2153//2153 297//297
f 297//297 2153//2153 2155//2155
f 2156//2156 298//298 2155//2155
f 2155//2155 2157//2157 2156//2156
f 2155//2155 298//298 297//297
f 2155//2155 2154//2154 2157//2157
f 2156//2156 2157//2157 2160//2158
f 2158//2159 2157//2157 2159//2160
f 2157//2157 2158//2159 2160//2158
f 2159//2160 2157//2157 2154//2154
f 2158//2159 2161//2161 2160//2158
f 2161//2161 2162//2162 2160//2158
f 2162//2162 2163//2163 2160//2158
f 2163//2163 2156//2156 2160//2158
f 314//314 313//313 2163//2163
f 2165//2164 314//314 2163//2163
f 2163//2163 2164//2165 2156//2156
f 2164//2165 2163//2163 313//313
f 2162//2162 2165//2164 2163//2163
f 2166//2166 2165//2164 2162//2162
f 2165//2164 2166//2166 2168//2167
f 2165//2164 2167//2168 314//314
f 2167//2168 2165//2164 2169//2169
f 2169//2169 2165//2164 2168//2167
f 2170//2170 2169//2169 2168//2167
f 2169//2169 2170//2170 2171//2171
f 2169//2169 2171//2171 2167//2168
f 2172//2172 2175//2173 2171//2171
f 2173//2174 2172//2172 2171//2171
f 2171//2171 317//318 2167//2168
f 2171//2171 323//322 319//319
f 2171//2171 2174//2175 323//322
f 2171//2171 319//319 317//318
f 2173//2174 2171//2171 2170//2170
f 2175//2173 2174//2175 2171//2171
f 2176//2176 2174//2175 2175//2173
f 2177//2177 2176//2176 2175//2173
f 2172//2172 2177//2177 2175//2173
f 2177//2177 2178//2178 505//505
f 2178//2178 2177//2177 2172//2172
f 2179//2179 2176//2176 2177//2177
f 2177//2177 500//501 2179//2179
f 2177//2177 505//505 500//501
f 2179//2179 2174//2175 2176//2176
f 2179//2179 323//322 2174//2175
f 2179//2179 500//501 503//500
f 2179//2179 503//500 323//322
f 2178//2178 2172//2172 2173//2174
f 2178//2178 2173//2174 520//520
f 505//505 2178//2178 520//520
f 2170//2170 2180//2180 2173//2174
f 2180//2180 2181//2181 2173//2174
f 520//520 2173//2174 2181//2181
f 2180//2180 533//532 2181//2181
f 525//526 2181//2181 533//532
f 520//520 2181//2181 525//526
f 2180//2180 2170//2170 2182//2182
f 2183//2183 2180//2180 2182//2182
f 533//532 2180//2180 2183//2183
f 2184//2184 2183//2183 2186//2185
f 2185//2186 2183//2183 2184//2184
f 2183//2183 2166//2166 2187//2187
f 2183//2183 2182//2182 2166//2166
f 533//532 2183//2183 2185//2186
f 2186//2185 2183//2183 2187//2187
f 2187//2187 2166//2166 2188//2188
f 2188//2188 2186//2185 2187//2187
f 2186//2185 2188//2188 2190//2189
f 2188//2188 2158//2159 2189//2190
f 2158//2159 2188//2188 2161//2161
f 2190//2189 2188//2188 2189//2190
f 2166//2166 2161//2161 2188//2188
f 2186//2185 2190//2189 2191//2191
f 2192//2192 2191//2191 2190//2189
f 2192//2192 2190//2189 2189//2190
f 2192//2192 555//555 552//553
f 2194//2193 2192//2192 552//553
f 2189//2190 2193//2194 2192//2192
f 2192//2192 2193//2194 555//555
f 2194//2193 2191//2191 2192//2192
f 543//543 2191//2191 2194//2193
f 543//543 2194//2193 544//544
f 544//544 2194//2193 552//553
f 2193//2194 2196//2195 2195//2196
f 555//555 2193//2194 2195//2196
f 2193//2194 2189//2190 2196//2195
f 2197//2197 2195//2196 2196//2195
f 2196//2195 2198//2198 2197//2197
f 2189//2190 2198//2198 2196//2195
f 2158//2159 2159//2160 2198//2198
f 2189//2190 2158//2159 2198//2198
f 2154//2154 2198//2198 2159//2160
f 2198//2198 2152//2152 2197//2197
f 2198//2198 2154//2154 2152//2152
f 569//569 2197//2197 572//572
f 569//569 2195//2196 2197//2197
f 2197//2197 2152//2152 572//572
f 555//555 2195//2196 556//556
f 565//565 2195//2196 569//569
f 556//556 2195//2196 565//565
f 2191//2191 543//543 2184//2184
f 2191//2191 2184//2184 2186//2185
f 532//533 533//532 2185//2186
f 2185//2186 538//539 532//533
f 2185//2186 2184//2184 538//539
f 538//539 2184//2184 543//543
f 2182//2182 2168//2167 2166//2166
f 2182//2182 2170//2170 2168//2167
f 2167//2168 317//318 314//314
f 2166//2166 2162//2162 2161//2161
f 2164//2165 2199//2199 2156//2156
f 2164//2165 313//313 2199//2199
f 2199//2199 301//300 298//298
f 313//313 301//300 2199//2199
f 2156//2156 2199//2199 298//298
f 574//575 295//295 287//287
f 557//557 556//556 565//565
f 550//551 553//552 563//564
f 552//553 545//545 544//544
f 540//541 541//540 547//547
f 537//536 536//538 540//541
f 528//530 522//522 523//523
f 502//504 510//511 496//496
f 496//496 510//511 495//495
f 506//508 510//511 502//504
f 506//508 502//504 501//503
f 323//322 503//500 322//323
f 503//500 2200//2200 322//323
f 503//500 498//498 2200//2200
f 2200//2200 498//498 2201//2201
f 2201//2201 322//323 2200//2200
f 2201//2201 327//329 322//323
f 498//498 327//329 2201//2201
f 475//478 478//477 494//494
f 486//486 2202//2202 330//327
f 2202//2202 486//486 342//342
f 486//486 350//349 342//342
f 328//331 2202//2202 333//334
f 328//331 330//327 2202//2202
f 333//334 2202//2202 342//342
f 483//484 375//375 373//369
f 463//465 472//472 460//461
f 453//452 460//461 472//472
f 469//470 462//462 384//386
f 379//380 469//470 384//386
f 462//462 385//385 384//386
f 462//462 396//398 385//385
f 427//427 421//421 459//460
f 459//460 421//421 458//458
f 439//440 454//455 447//448
f 439//440 428//428 454//455
f 443//444 438//439 444//445
f 424//424 431//432 423//425
f 420//422 410//410 419//420
f 410//410 420//422 411//412
f 405//406 396//398 409//411
f 409//411 407//407 405//406
f 397//393 396//398 405//406
f 402//402 400//399 399//400
f 400//399 200//201 2203//2203
f 2203//2203 394//396 400//399
f 394//396 395//397 400//399
f 394//396 2203//2203 2204//2204
f 2203//2203 200//201 2205//2205
f 2204//2204 2203//2203 2207//2206
f 2205//2205 2206//2207 2203//2203
f 2207//2206 2203//2203 2206//2207
f 2207//2206 2208//2208 2209//2209
f 2207//2206 2206//2207 2208//2208
f 2204//2204 2207//2206 394//396
f 2207//2206 2209//2209 394//396
f 394//396 2209//2209 2213//2210
f 2210//2211 2209//2209 2212//2212
f 2209//2209 2210//2211 2211//2213
f 389//391 2209//2209 2211//2213
f 2213//2210 2209//2209 389//391
f 2208//2208 2212//2212 2209//2209
f 394//396 2213//2210 391//392
f 389//391 391//392 2213//2210
f 2214//2214 2218//2215 2212//2212
f 2219//2216 2214//2214 2212//2212
f 2215//2217 2219//2216 2212//2212
f 2208//2208 2215//2217 2212//2212
f 2216//2218 2212//2212 2218//2215
f 2217//2219 2212//2212 2216//2218
f 2210//2211 2212//2212 2217//2219
f 2219//2216 198//200 2214//2214
f 2205//2205 198//200 2219//2216
f 2215//2217 2205//2205 2219//2216
f 2214//2214 196//197 2218//2215
f 2216//2218 2218//2215 2220//2220
f 197//196 2218//2215 196//197
f 2220//2220 2218//2215 208//210
f 208//210 2218//2215 197//196
f 2216//2218 2220//2220 359//361
f 2220//2220 208//210 2221//2221
f 2221//2221 359//361 2220//2220
f 209//209 207//208 2221//2221
f 208//210 209//209 2221//2221
f 2222//2222 2221//2221 2224//2223
f 359//361 2221//2221 2222//2222
f 2221//2221 207//208 2223//2224
f 2223//2224 2224//2223 2221//2221
f 356//356 2224//2223 2225//2225
f 2224//2223 2226//2226 2225//2225
f 2224//2223 2227//2227 2226//2226
f 2223//2224 2227//2227 2224//2223
f 355//357 2224//2223 356//356
f 2222//2222 2224//2223 355//357
f 2226//2226 2227//2227 2229//2228
f 2223//2224 207//208 2227//2227
f 2228//2229 2229//2228 2227//2227
f 2227//2227 213//214 2228//2229
f 213//214 2227//2227 207//208
f 2229//2228 2231//2230 2230//2231
f 2226//2226 2229//2228 2230//2231
f 2231//2230 2229//2228 2232//2232
f 2229//2228 2228//2229 2233//2233
f 2229//2228 2233//2233 2232//2232
f 211//212 2234//2234 2233//2233
f 211//212 2233//2233 2228//2229
f 2235//2235 2233//2233 2234//2234
f 2233//2233 2235//2235 2236//2236
f 2232//2232 2233//2233 2237//2237
f 2233//2233 2236//2236 2237//2237
f 2238//2238 2237//2237 2240//2239
f 2237//2237 2238//2238 2232//2232
f 2237//2237 2239//2240 2240//2239
f 2237//2237 2236//2236 2239//2240
f 2238//2238 2240//2239 2243//2241
f 2244//2242 2240//2239 2241//2243
f 2240//2239 2239//2240 2241//2243
f 2242//2244 2240//2239 2244//2242
f 2243//2241 2240//2239 2242//2244
f 2242//2244 2244//2242 2245//2245
f 2244//2242 2241//2243 2245//2245
f 2246//2246 2245//2245 2247//2247
f 266//267 2245//2245 2246//2246
f 2241//2243 2247//2247 2245//2245
f 2242//2244 2245//2245 266//267
f 2248//2248 2247//2247 256//256
f 259//260 2247//2247 2248//2248
f 2250//2249 2247//2247 2249//2250
f 2241//2243 2249//2250 2247//2247
f 2246//2246 2247//2247 259//260
f 2250//2249 256//256 2247//2247
f 2252//2251 2250//2249 2251//2252
f 2250//2249 2253//2253 2251//2252
f 2250//2249 2252//2251 255//255
f 2249//2250 2253//2253 2250//2249
f 255//255 256//256 2250//2249
f 2253//2253 240//240 2254//2254
f 2253//2253 232//232 240//240
f 2249//2250 2241//2243 2253//2253
f 2253//2253 2241//2243 2256//2255
f 2251//2252 2253//2253 2254//2254
f 2253//2253 2255//2256 231//231
f 231//231 232//232 2253//2253
f 2256//2255 2255//2256 2253//2253
f 2239//2240 2256//2255 2241//2243
f 2256//2255 2239//2240 2236//2236
f 2256//2255 2236//2236 2255//2256
f 2236//2236 2235//2235 2255//2256
f 2235//2235 216//219 2255//2256
f 216//219 231//231 2255//2256
f 240//240 2257//2257 2254//2254
f 2251//2252 2254//2254 2257//2257
f 2251//2252 2257//2257 2252//2251
f 2257//2257 254//254 255//255
f 2252//2251 2257//2257 255//255
f 2257//2257 2258//2258 254//254
f 2257//2257 240//240 2258//2258
f 250//253 2258//2258 245//247
f 254//254 2258//2258 250//253
f 240//240 245//247 2258//2258
f 259//260 2248//2248 256//256
f 266//267 2246//2246 259//260
f 2243//2241 2242//2244 2259//2259
f 2238//2238 2243//2241 2259//2259
f 2260//2260 2259//2259 2263//2261
f 2261//2262 2259//2259 2260//2260
f 2261//2262 2238//2238 2259//2259
f 2259//2259 2242//2244 2262//2263
f 2263//2261 2259//2259 2262//2263
f 2263//2261 2242//2244 2266//2264
f 2263//2261 2262//2263 2242//2244
f 2264//2265 2263//2261 2266//2264
f 2265//2266 2263//2261 2264//2265
f 2260//2260 2263//2261 2265//2266
f 2266//2264 2242//2244 2268//2267
f 2266//2264 265//266 2267//2268
f 2266//2264 2268//2267 265//266
f 274//274 2266//2264 2267//2268
f 2264//2265 2266//2264 274//274
f 266//267 2268//2267 2242//2244
f 2268//2267 266//267 265//266
f 2267//2268 265//266 272//273
f 274//274 2267//2268 272//273
f 2271//2269 2260//2260 2265//2266
f 2269//2270 2271//2269 2265//2266
f 2270//2271 2269//2270 2265//2266
f 2270//2271 2265//2266 2272//2272
f 2272//2272 2265//2266 2264//2265
f 2273//2273 2272//2272 276//277
f 2273//2273 2270//2271 2272//2272
f 274//274 2272//2272 2264//2265
f 276//277 2272//2272 274//274
f 2275//2274 2270//2271 2273//2273
f 2273//2273 276//277 2274//2275
f 2275//2274 2273//2273 2274//2275
f 2277//2276 2270//2271 2275//2274
f 2275//2274 2276//2277 2277//2276
f 2280//2278 2276//2277 2275//2274
f 2274//2275 283//286 2275//2274
f 283//286 2278//2279 2275//2274
f 2279//2280 2275//2274 2278//2279
f 2279//2280 2280//2278 2275//2274
f 2281//2281 2280//2278 2279//2280
f 2281//2281 2276//2277 2280//2278
f 338//338 2281//2281 2279//2280
f 338//338 340//339 2281//2281
f 2276//2277 2281//2281 340//339
f 2282//2282 338//338 2279//2280
f 2279//2280 2278//2279 2282//2282
f 2284//2283 338//338 2282//2282
f 2283//2284 2282//2282 2278//2279
f 2284//2283 2282//2282 2283//2284
f 305//305 2284//2283 300//301
f 305//305 334//336 2284//2283
f 2284//2283 334//336 338//338
f 2285//2285 2284//2283 291//292
f 2284//2283 2285//2285 300//301
f 291//292 2284//2283 2283//2284
f 2285//2285 291//292 290//290
f 300//301 2285//2285 290//290
f 2283//2284 2278//2279 283//286
f 291//292 2283//2284 283//286
f 2276//2277 2287//2286 2277//2276
f 2277//2276 2269//2270 2270//2271
f 2277//2276 2286//2287 2269//2270
f 2277//2276 2287//2286 2286//2287
f 2288//2288 2286//2287 2287//2286
f 2276//2277 340//339 2287//2286
f 340//339 345//345 2287//2286
f 2287//2286 345//345 2288//2288
f 345//345 2289//2289 2288//2288
f 2290//2290 2288//2288 2289//2289
f 2290//2290 2291//2291 2288//2288
f 2286//2287 2288//2288 2291//2291
f 2290//2290 2293//2292 2291//2291
f 2291//2291 2261//2262 2260//2260
f 2291//2291 2292//2293 2261//2262
f 2292//2293 2291//2291 2293//2292
f 2269//2270 2291//2291 2271//2269
f 2286//2287 2291//2291 2269//2270
f 2291//2291 2260//2260 2271//2269
f 2292//2293 2293//2292 2294//2294
f 2293//2292 2295//2295 2294//2294
f 2289//2289 2293//2292 2290//2290
f 2293//2292 2289//2289 2295//2295
f 2225//2225 2230//2231 2295//2295
f 2296//2296 2225//2225 2295//2295
f 2295//2295 2230//2231 2294//2294
f 352//352 2296//2296 2295//2295
f 2289//2289 352//352 2295//2295
f 352//352 2225//2225 2296//2296
f 2261//2262 2292//2293 2294//2294
f 2294//2294 2231//2230 2261//2262
f 2230//2231 2231//2230 2294//2294
f 2297//2297 352//352 2289//2289
f 2289//2289 349//350 2297//2297
f 345//345 349//350 2289//2289
f 349//350 352//352 2297//2297
f 283//286 2274//2275 284//282
f 284//282 2274//2275 276//277
f 2238//2238 2261//2262 2231//2230
f 2238//2238 2231//2230 2232//2232
f 216//219 2235//2235 218//215
f 2234//2234 218//215 2235//2235
f 211//212 212//213 2234//2234
f 212//213 218//215 2234//2234
f 2230//2231 2225//2225 2226//2226
f 213//214 211//212 2228//2229
f 352//352 356//356 2225//2225
f 359//361 2222//2222 355//357
f 2210//2211 2217//2219 2211//2213
f 2211//2213 2217//2219 365//366
f 2217//2219 2216//2218 365//366
f 360//360 2216//2218 359//361
f 360//360 365//366 2216//2218
f 2205//2205 2215//2217 2208//2208
f 2214//2214 198//200 199//198
f 2214//2214 199//198 196//197
f 389//391 2211//2213 366//367
f 365//366 366//367 2211//2213
f 2206//2207 2205//2205 2208//2208
f 2205//2205 200//201 198//200
f 396//398 383//384 385//385
f 390//390 391//392 389//391
f 371//372 389//391 366//367
f 389//391 371//372 372//374
f 387//388 389//391 372//374
f 382//382 387//388 370//373
f 387//388 372//374 370//373
f 373//369 364//364 354//354
f 371//372 366//367 367//368
f 365//366 360//360 358//359
f 364//364 362//363 354//354
f 354//354 348//348 347//347
f 342//342 350//349 343//343
f 309//312 324//325 332//332
f 313//313 303//303 301//300
f 291//292 283//286 285//285
f 287//287 280//280 277//279
f 277//279 268//268 287//287
f 278//278 276//277 274//274
f 277//279 271//272 268//268
f 272//273 265//266 269//270
f 268//268 249//250 251//251
f 262//263 249//250 268//268
f 240//240 239//241 245//247
f 147//148 238//238 155//154
f 215//216 202//203 2298//2298
f 2298//2298 203//205 215//216
f 202//203 203//205 2298//2298
f 194//195 204//202 193//194
f 168//170 183//185 172//172
f 170//171 165//165 162//162
f 112//114 113//112 142//142
f 119//120 117//119 140//140
f 113//112 119//120 140//140
f 114//115 112//114 69//70
f 114//115 69//70 105//106
f 113//112 112//114 111//113
f 97//97 103//104 104//103
f 86//87 69//70 79//79
f 75//74 64//64 55//56
f 55//56 64//64 63//63
f 63//63 60//59 55//56
f 42//43 40//41 36//36
f 34//35 27//29 28//30
f 29//27 11//12 26//26
f 11//12 13//13 26//26
f 24//25 23//24 21//21
f 21//21 23//24 20//22
f 5//4 4//6 16//16
usemtl mtl161067
f 2299//2299 2304//2300 2300//2301
f 2299//2299 2300//2301 2301//2302
f 2305//2303 2299//2299 2301//2302
f 2302//2304 2303//2305 2299//2299
f 2302//2304 2299//2299 2305//2303
f 2303//2305 2304//2300 2299//2299
f 2309//2306 2305//2303 2306//2307
f 2306//2307 2305//2303 2307//2308
f 2308//2309 2302//2304 2305//2303
f 2305//2303 2301//2302 2307//2308
f 2309//2306 2308//2309 2305//2303
f 2309//2306 2310//2310 2313//2311
f 2309//2306 2306//2307 2310//2310
f 2311//2312 2309//2306 2313//2311
f 2311//2312 2312//2313 2309//2306
f 2312//2313 2314//2314 2309//2306
f 2309//2306 2314//2314 2308//2309
f 2312//2313 2315//2315 2314//2314
f 2315//2315 2317//2316 2314//2314
f 2314//2314 2316//2317 2308//2309
f 2316//2317 2314//2314 2317//2316
f 2315//2315 2318//2318 2317//2316
f 2318//2318 2319//2319 2317//2316
f 2317//2316 2319//2319 2316//2317
f 2320//2320 2319//2319 2318//2318
f 2319//2319 2322//2321 2316//2317
f 2320//2320 2321//2322 2319//2319
f 2319//2319 2321//2322 2322//2321
f 2322//2321 2324//2323 2323//2324
f 2322//2321 2323//2324 2316//2317
f 2321//2322 2324//2323 2322//2321
f 2324//2323 2325//2325 2326//2326
f 2325//2325 2324//2323 2321//2322
f 2324//2323 2328//2327 2323//2324
f 2324//2323 2326//2326 2327//2328
f 2324//2323 2327//2328 2329//2329
f 2328//2327 2324//2323 2331//2330
f 2330//2331 2324//2323 2329//2329
f 2330//2331 2331//2330 2324//2323
f 2335//2332 2323//2324 2331//2330
f 2331//2330 2323//2324 2328//2327
f 2332//2333 2334//2334 2331//2330
f 2331//2330 2333//2335 2332//2333
f 2331//2330 2330//2331 2333//2335
f 2331//2330 2334//2334 2335//2332
f 2323//2324 2335//2332 2336//2336
f 2334//2334 2336//2336 2335//2332
f 2323//2324 2336//2336 2339//2337
f 2336//2336 2337//2338 2304//2300
f 2336//2336 2338//2339 2337//2338
f 2303//2305 2336//2336 2304//2300
f 2336//2336 2334//2334 2338//2339
f 2339//2337 2336//2336 2303//2305
f 2316//2317 2339//2337 2340//2340
f 2340//2340 2339//2337 2303//2305
f 2316//2317 2323//2324 2339//2337
f 2340//2340 2303//2305 2302//2304
f 2308//2309 2316//2317 2340//2340
f 2308//2309 2340//2340 2302//2304
f 2338//2339 2342//2341 2341//2342
f 2343//2343 2338//2339 2341//2342
f 2338//2339 2334//2334 2332//2333
f 2332//2333 2342//2341 2338//2339
f 2338//2339 2343//2343 2337//2338
f 2343//2343 2345//2344 2344//2345
f 2343//2343 2344//2345 2337//2338
f 2345//2344 2343//2343 2341//2342
f 2346//2346 2348//2347 2345//2344
f 2347//2348 2346//2346 2345//2344
f 2345//2344 2349//2349 2347//2348
f 2345//2344 2348//2347 2351//2350
f 2349//2349 2345//2344 2342//2341
f 2344//2345 2345//2344 2350//2351
f 2342//2341 2345//2344 2341//2342
f 2345//2344 2351//2350 2350//2351
f 2351//2350 2348//2347 2352//2352
f 2351//2350 2352//2352 2353//2353
f 2351//2350 2353//2353 2350//2351
f 2355//2354 2353//2353 2354//2355
f 2353//2353 2352//2352 2354//2355
f 2353//2353 2355//2354 2356//2356
f 2353//2353 2356//2356 2350//2351
f 2359//2357 2357//2358 2356//2356
f 2356//2356 2357//2358 2358//2359
f 2350//2351 2356//2356 2358//2359
f 2356//2356 2355//2354 2359//2357
f 2359//2357 2355//2354 2357//2358
f 2358//2359 2357//2358 2361//2360
f 2360//2361 2358//2359 2361//2360
f 2350//2351 2358//2359 2360//2361
f 2362//2362 2360//2361 2361//2360
f 2361//2360 2363//2363 2362//2362
f 2361//2360 2357//2358 2363//2363
f 2357//2358 2364//2364 2363//2363
f 2363//2363 2364//2364 2367//2365
f 2365//2366 2363//2363 2366//2367
f 2363//2363 2365//2366 2368//2368
f 2362//2362 2363//2363 2368//2368
f 2363//2363 2367//2365 2366//2367
f 2370//2369 2368//2368 2369//2370
f 2369//2370 2368//2368 2365//2366
f 2371//2371 2368//2368 2370//2369
f 2368//2368 2371//2371 2362//2362
f 2372//2372 2371//2371 2370//2369
f 2374//2373 2371//2371 2372//2372
f 2373//2374 2371//2371 2374//2373
f 2362//2362 2371//2371 2373//2374
f 2373//2374 2374//2373 2375//2375
f 2372//2372 2375//2375 2374//2373
f 2379//2376 2376//2377 2375//2375
f 2307//2308 2375//2375 2376//2377
f 2378//2378 2375//2375 2307//2308
f 2377//2379 2373//2374 2375//2375
f 2375//2375 2378//2378 2377//2379
f 2380//2380 2379//2376 2375//2375
f 2380//2380 2375//2375 2372//2372
f 2383//2381 2381//2382 2380//2380
f 2380//2380 2381//2382 2382//2383
f 2380//2380 2382//2383 2379//2376
f 2372//2372 2383//2381 2380//2380
f 2369//2370 2384//2384 2383//2381
f 2383//2381 2384//2384 2385//2385
f 2372//2372 2370//2369 2383//2381
f 2369//2370 2383//2381 2370//2369
f 2381//2382 2383//2381 2385//2385
f 2388//2386 2386//2387 2385//2385
f 2387//2388 2385//2385 2386//2387
f 2387//2388 2381//2382 2385//2385
f 2385//2385 2384//2384 2388//2386
f 2386//2387 2388//2386 2389//2389
f 2389//2389 2388//2386 2391//2390
f 2392//2391 2390//2392 2388//2386
f 2390//2392 2391//2390 2388//2386
f 2384//2384 2392//2391 2388//2386
f 2392//2391 2369//2370 2390//2392
f 2384//2384 2369//2370 2392//2391
f 2390//2392 2393//2393 2391//2390
f 2389//2389 2391//2390 2393//2393
f 2390//2392 2394//2394 2393//2393
f 2393//2393 2394//2394 2395//2395
f 2395//2395 2396//2396 2393//2393
f 2393//2393 2396//2396 2389//2389
f 2397//2397 2389//2389 2396//2396
f 2399//2398 2397//2397 2396//2396
f 2398//2399 2396//2396 2395//2395
f 2399//2398 2396//2396 2398//2399
f 2399//2398 2400//2400 2397//2397
f 2400//2400 2399//2398 2401//2401
f 2402//2402 2401//2401 2399//2398
f 2402//2402 2399//2398 2403//2403
f 2399//2398 2398//2399 2403//2403
f 2403//2403 2405//2404 2404//2405
f 2404//2405 2402//2402 2403//2403
f 2403//2403 2406//2406 2405//2404
f 2407//2407 2406//2406 2403//2403
f 2403//2403 2398//2399 2407//2407
f 2408//2408 2407//2407 2409//2409
f 2410//2410 2407//2407 2408//2408
f 2409//2409 2407//2407 2395//2395
f 2398//2399 2395//2395 2407//2407
f 2410//2410 2406//2406 2407//2407
f 2410//2410 2412//2411 2411//2412
f 2410//2410 2411//2412 2406//2406
f 2413//2413 2412//2411 2410//2410
f 2410//2410 2408//2408 2413//2413
f 2415//2414 2413//2413 2408//2408
f 2412//2411 2413//2413 2414//2415
f 2413//2413 2415//2414 2414//2415
f 2415//2414 2408//2408 2409//2409
f 2414//2415 2415//2414 2417//2416
f 2409//2409 2416//2417 2415//2414
f 2415//2414 2416//2417 2417//2416
f 2416//2417 2418//2418 2417//2416
f 2419//2419 2417//2416 2418//2418
f 2420//2420 2417//2416 2419//2419
f 2417//2416 2420//2420 2414//2415
f 2420//2420 2419//2419 2423//2421
f 2421//2422 2414//2415 2420//2420
f 2421//2422 2420//2420 2422//2423
f 2422//2423 2420//2420 2423//2421
f 2422//2423 2423//2421 2425//2424
f 2424//2425 2423//2421 2426//2426
f 2424//2425 2425//2424 2423//2421
f 2423//2421 2419//2419 2426//2426
f 2424//2425 2426//2426 2428//2427
f 2426//2426 2427//2428 2428//2427
f 2427//2428 2426//2426 2429//2429
f 2419//2419 2429//2429 2426//2426
f 2429//2429 2419//2419 2418//2418
f 2418//2418 2427//2428 2429//2429
f 2424//2425 2428//2427 2433//2430
f 2432//2431 2430//2432 2428//2427
f 2428//2427 2430//2432 2433//2430
f 2428//2427 2427//2428 2431//2433
f 2431//2433 2432//2431 2428//2427
f 2424//2425 2433//2430 2435//2434
f 2434//2435 2435//2434 2433//2430
f 2433//2430 2430//2432 2434//2435
f 2437//2436 2436//2437 2435//2434
f 2440//2438 2435//2434 2436//2437
f 2434//2435 2437//2436 2435//2434
f 2438//2439 2435//2434 2439//2440
f 2435//2434 2438//2439 2424//2425
f 2440//2438 2439//2440 2435//2434
f 2440//2438 2444//2441 2441//2442
f 2441//2442 2439//2440 2440//2438
f 2440//2438 2436//2437 2446//2443
f 2442//2444 2443//2445 2440//2438
f 2440//2438 2445//2446 2442//2444
f 2443//2445 2444//2441 2440//2438
f 2446//2443 2445//2446 2440//2438
f 2446//2443 2437//2436 2447//2447
f 2436//2437 2437//2436 2446//2443
f 2446//2443 2447//2447 2448//2448
f 2448//2448 2449//2449 2446//2443
f 2446//2443 2449//2449 2450//2450
f 2450//2450 2445//2446 2446//2443
f 2450//2450 2449//2449 2451//2451
f 2450//2450 2451//2451 2452//2452
f 2442//2444 2445//2446 2450//2450
f 2450//2450 2452//2452 2442//2444
f 2454//2453 2452//2452 2451//2451
f 2442//2444 2452//2452 2453//2454
f 2454//2453 2453//2454 2452//2452
f 2456//2455 2453//2454 2454//2453
f 2451//2451 2455//2456 2454//2453
f 2456//2455 2454//2453 2455//2456
f 2458//2457 2453//2454 2456//2455
f 2456//2455 2459//2458 2457//2459
f 2457//2459 2458//2457 2456//2455
f 2456//2455 2455//2456 2459//2458
f 2455//2456 2461//2460 2459//2458
f 2457//2459 2459//2458 2460//2461
f 2461//2460 2460//2461 2459//2458
f 2461//2460 2455//2456 2464//2462
f 2461//2460 2462//2463 2463//2464
f 2462//2463 2461//2460 2464//2462
f 2461//2460 2463//2464 2460//2461
f 2465//2465 2466//2466 2464//2462
f 2464//2462 2468//2467 2465//2465
f 2455//2456 2468//2467 2464//2462
f 2466//2466 2467//2468 2464//2462
f 2462//2463 2464//2462 2467//2468
f 2468//2467 2469//2469 2465//2465
f 2468//2467 2470//2470 2469//2469
f 2468//2467 2451//2451 2470//2470
f 2455//2456 2451//2451 2468//2467
f 2472//2471 2471//2472 2470//2470
f 2471//2472 2469//2469 2470//2470
f 2472//2471 2470//2470 2449//2449
f 2451//2451 2449//2449 2470//2470
f 2449//2449 2473//2473 2472//2471
f 2474//2474 2472//2471 2473//2473
f 2474//2474 2471//2472 2472//2471
f 2471//2472 2474//2474 2475//2475
f 2473//2473 2476//2476 2474//2474
f 2478//2477 2475//2475 2474//2474
f 2474//2474 2476//2476 2477//2478
f 2474//2474 2477//2478 2478//2477
f 2478//2477 2477//2478 2479//2479
f 2479//2479 2481//2480 2478//2477
f 2478//2477 2481//2480 2480//2481
f 2480//2481 2475//2475 2478//2477
f 2482//2482 2481//2480 2484//2483
f 2481//2480 2482//2482 2483//2484
f 2481//2480 2483//2484 2480//2481
f 2485//2485 2481//2480 2479//2479
f 2486//2486 2484//2483 2481//2480
f 2486//2486 2481//2480 2485//2485
f 2490//2487 2486//2486 2487//2488
f 2488//2489 2487//2488 2486//2486
f 2488//2489 2486//2486 2485//2485
f 2486//2486 2489//2490 2484//2483
f 2491//2491 2489//2490 2486//2486
f 2490//2487 2491//2491 2486//2486
f 2492//2492 2489//2490 2491//2491
f 2493//2493 2491//2491 2490//2487
f 2491//2491 2494//2494 2492//2492
f 2493//2493 2494//2494 2491//2491
f 2494//2494 2498//2495 2495//2496
f 2495//2496 2496//2497 2494//2494
f 2494//2494 2496//2497 2492//2492
f 2493//2493 2497//2498 2494//2494
f 2498//2495 2494//2494 2497//2498
f 2498//2495 2499//2499 2495//2496
f 2499//2499 2498//2495 2497//2498
f 2500//2500 2499//2499 2502//2501
f 2501//2502 2499//2499 2500//2500
f 2501//2502 2495//2496 2499//2499
f 2499//2499 2503//2503 2502//2501
f 2503//2503 2499//2499 2497//2498
f 2503//2503 2504//2504 2502//2501
f 2503//2503 2497//2498 2504//2504
f 2507//2505 2504//2504 2505//2506
f 2504//2504 2493//2493 2505//2506
f 2506//2507 2502//2501 2504//2504
f 2506//2507 2504//2504 2507//2505
f 2497//2498 2493//2493 2504//2504
f 2507//2505 2505//2506 2432//2431
f 2431//2433 2507//2505 2432//2431
f 2431//2433 2508//2508 2507//2505
f 2509//2509 2506//2507 2507//2505
f 2509//2509 2507//2505 2508//2508
f 2511//2510 2510//2511 2509//2509
f 2510//2511 2506//2507 2509//2509
f 2511//2510 2509//2509 2508//2508
f 2512//2512 2513//2513 2511//2510
f 2512//2512 2511//2510 2416//2417
f 2511//2510 2508//2508 2416//2417
f 2513//2513 2367//2365 2511//2510
f 2367//2365 2514//2514 2511//2510
f 2511//2510 2514//2514 2510//2511
f 2514//2514 2506//2507 2510//2511
f 2514//2514 2502//2501 2506//2507
f 2502//2501 2514//2514 2364//2364
f 2364//2364 2514//2514 2367//2365
f 2513//2513 2512//2512 2515//2515
f 2366//2367 2513//2513 2515//2515
f 2366//2367 2367//2365 2513//2513
f 2394//2394 2366//2367 2515//2515
f 2516//2516 2394//2394 2515//2515
f 2512//2512 2516//2516 2515//2515
f 2516//2516 2409//2409 2395//2395
f 2516//2516 2512//2512 2409//2409
f 2395//2395 2394//2394 2516//2516
f 2409//2409 2512//2512 2416//2417
f 2431//2433 2427//2428 2508//2508
f 2418//2418 2508//2508 2427//2428
f 2416//2417 2508//2508 2418//2418
f 2505//2506 2517//2517 2518//2518
f 2517//2517 2505//2506 2490//2487
f 2432//2431 2505//2506 2518//2518
f 2490//2487 2505//2506 2493//2493
f 2518//2518 2487//2488 2430//2432
f 2432//2431 2518//2518 2430//2432
f 2517//2517 2490//2487 2518//2518
f 2490//2487 2487//2488 2518//2518
f 2502//2501 2364//2364 2500//2500
f 2501//2502 2500//2500 2519//2519
f 2501//2502 2519//2519 2495//2496
f 2519//2519 2523//2520 2495//2496
f 2500//2500 2520//2521 2519//2519
f 2519//2519 2520//2521 2522//2522
f 2524//2523 2519//2519 2521//2524
f 2521//2524 2519//2519 2522//2522
f 2524//2523 2523//2520 2519//2519
f 2526//2525 2525//2526 2524//2523
f 2525//2526 2523//2520 2524//2523
f 2521//2524 2528//2527 2524//2523
f 2527//2528 2526//2525 2524//2523
f 2527//2528 2524//2523 2528//2527
f 2529//2529 2528//2527 2521//2524
f 2529//2529 2530//2530 2528//2527
f 2530//2530 2531//2531 2528//2527
f 2531//2531 2527//2528 2528//2527
f 2534//2532 2531//2531 2532//2533
f 2532//2533 2531//2531 2530//2530
f 2533//2534 2527//2528 2531//2531
f 2533//2534 2531//2531 2534//2532
f 2535//2535 2534//2532 2536//2536
f 2535//2535 2533//2534 2534//2532
f 2532//2533 2536//2536 2534//2532
f 2537//2537 2535//2535 2536//2536
f 2536//2536 2532//2533 2537//2537
f 2537//2537 2532//2533 2538//2538
f 2541//2539 2537//2537 2538//2538
f 2535//2535 2537//2537 2539//2540
f 2540//2541 2539//2540 2537//2537
f 2540//2541 2537//2537 2541//2539
f 2542//2542 2541//2539 2538//2538
f 2543//2543 2541//2539 2542//2542
f 2541//2539 2543//2543 2540//2541
f 2543//2543 2542//2542 2546//2544
f 2544//2545 2545//2546 2543//2543
f 2544//2545 2543//2543 2546//2544
f 2545//2546 2540//2541 2543//2543
f 2546//2544 2542//2542 2547//2547
f 2544//2545 2546//2544 2547//2547
f 2547//2547 2349//2349 2342//2341
f 2342//2341 2332//2333 2547//2547
f 2332//2333 2333//2335 2547//2547
f 2333//2335 2544//2545 2547//2547
f 2547//2547 2542//2542 2349//2349
f 2548//2548 2545//2546 2544//2545
f 2548//2548 2549//2549 2545//2546
f 2549//2549 2539//2540 2545//2546
f 2540//2541 2545//2546 2539//2540
f 2549//2549 2550//2550 2553//2551
f 2551//2552 2550//2550 2549//2549
f 2552//2553 2551//2552 2549//2549
f 2552//2553 2549//2549 2548//2548
f 2539//2540 2549//2549 2535//2535
f 2549//2549 2553//2551 2535//2535
f 2550//2550 2554//2554 2553//2551
f 2554//2554 2555//2555 2553//2551
f 2553//2551 2555//2555 2533//2534
f 2553//2551 2533//2534 2535//2535
f 2556//2556 2557//2557 2555//2555
f 2556//2556 2555//2555 2554//2554
f 2558//2558 2555//2555 2557//2557
f 2558//2558 2527//2528 2555//2555
f 2555//2555 2527//2528 2533//2534
f 2558//2558 2559//2559 2560//2560
f 2558//2558 2557//2557 2559//2559
f 2560//2560 2561//2561 2558//2558
f 2558//2558 2561//2561 2526//2525
f 2558//2558 2526//2525 2527//2528
f 2561//2561 2560//2560 2562//2562
f 2526//2525 2561//2561 2562//2562
f 2562//2562 2563//2563 2564//2564
f 2566//2565 2563//2563 2562//2562
f 2565//2566 2562//2562 2564//2564
f 2567//2567 2562//2562 2565//2566
f 2566//2565 2562//2562 2569//2568
f 2526//2525 2562//2562 2567//2567
f 2560//2560 2568//2569 2562//2562
f 2562//2562 2568//2569 2569//2568
f 2568//2569 2570//2570 2569//2568
f 2569//2568 2570//2570 2566//2565
f 2573//2571 2571//2572 2570//2570
f 2570//2570 2571//2572 2572//2573
f 2566//2565 2570//2570 2572//2573
f 2573//2571 2570//2570 2568//2569
f 2575//2574 2573//2571 2568//2569
f 2573//2571 2574//2575 2571//2572
f 2576//2576 2574//2575 2573//2571
f 2576//2576 2573//2571 2575//2574
f 2576//2576 2575//2574 2559//2559
f 2579//2577 2574//2575 2576//2576
f 2578//2578 2576//2576 2559//2559
f 2577//2579 2579//2577 2576//2576
f 2577//2579 2576//2576 2578//2578
f 2579//2577 2581//2580 2580//2581
f 2579//2577 2580//2581 2574//2575
f 2579//2577 2582//2582 2581//2580
f 2583//2583 2582//2582 2579//2577
f 2584//2584 2583//2583 2579//2577
f 2577//2579 2584//2584 2579//2577
f 2585//2585 2584//2584 2587//2586
f 2585//2585 2583//2583 2584//2584
f 2586//2587 2584//2584 2577//2579
f 2587//2586 2584//2584 2586//2587
f 2585//2585 2587//2586 2588//2588
f 2589//2589 2588//2588 2587//2586
f 2589//2589 2587//2586 2590//2590
f 2587//2586 2586//2587 2590//2590
f 2591//2591 2590//2590 2593//2592
f 2591//2591 2589//2589 2590//2590
f 2586//2587 2592//2593 2590//2590
f 2556//2556 2590//2590 2592//2593
f 2593//2592 2590//2590 2556//2556
f 2595//2594 2591//2591 2593//2592
f 2593//2592 2556//2556 2594//2595
f 2595//2594 2593//2592 2594//2595
f 2595//2594 2596//2596 2591//2591
f 2596//2596 2595//2594 2550//2550
f 2597//2597 2554//2554 2595//2594
f 2554//2554 2550//2550 2595//2594
f 2597//2597 2595//2594 2594//2595
f 2594//2595 2556//2556 2597//2597
f 2554//2554 2597//2597 2556//2556
f 2598//2598 2591//2591 2596//2596
f 2601//2599 2598//2598 2596//2596
f 2600//2600 2596//2596 2599//2601
f 2550//2550 2599//2601 2596//2596
f 2601//2599 2596//2596 2600//2600
f 2602//2602 2598//2598 2601//2599
f 2602//2602 2601//2599 2600//2600
f 2600//2600 2604//2603 2602//2602
f 2603//2604 2598//2598 2602//2602
f 2602//2602 2604//2603 2603//2604
f 2607//2605 2603//2604 2604//2603
f 2604//2603 2605//2606 2607//2605
f 2604//2603 2327//2328 2605//2606
f 2604//2603 2606//2607 2327//2328
f 2604//2603 2600//2600 2606//2607
f 2607//2605 2610//2608 2608//2609
f 2607//2605 2608//2609 2603//2604
f 2607//2605 2609//2610 2610//2608
f 2607//2605 2605//2606 2609//2610
f 2609//2610 2611//2611 2610//2608
f 2612//2612 2610//2608 2611//2611
f 2608//2609 2610//2608 2612//2612
f 2612//2612 2613//2613 2608//2609
f 2613//2613 2612//2612 2615//2614
f 2614//2615 2612//2612 2611//2611
f 2614//2615 2615//2614 2612//2612
f 2615//2614 2617//2616 2613//2613
f 2616//2617 2615//2614 2614//2615
f 2616//2617 2618//2618 2615//2614
f 2618//2618 2617//2616 2615//2614
f 2619//2619 2620//2620 2618//2618
f 2618//2618 2616//2617 2619//2619
f 2618//2618 2620//2620 2617//2616
f 2620//2620 2621//2621 2622//2622
f 2621//2621 2620//2620 2623//2623
f 2617//2616 2620//2620 2622//2622
f 2619//2619 2623//2623 2620//2620
f 2623//2623 2625//2624 2621//2621
f 2623//2623 2619//2619 2624//2625
f 2624//2625 2626//2626 2623//2623
f 2623//2623 2626//2626 2625//2624
f 2630//2627 2626//2626 2627//2628
f 2627//2628 2626//2626 2629//2629
f 2625//2624 2626//2626 2402//2402
f 2626//2626 2401//2401 2402//2402
f 2628//2630 2626//2626 2624//2625
f 2626//2626 2628//2630 2629//2629
f 2401//2401 2626//2626 2630//2627
f 2630//2627 2631//2631 2400//2400
f 2630//2627 2400//2400 2401//2401
f 2631//2631 2630//2627 2632//2632
f 2627//2628 2632//2632 2630//2627
f 2632//2632 2634//2633 2633//2634
f 2633//2634 2631//2631 2632//2632
f 2627//2628 2634//2633 2632//2632
f 2636//2635 2635//2636 2634//2633
f 2634//2633 2635//2636 2638//2637
f 2636//2635 2634//2633 2627//2628
f 2637//2638 2633//2634 2634//2633
f 2638//2637 2637//2638 2634//2633
f 2637//2638 2638//2637 2312//2313
f 2315//2315 2638//2637 2635//2636
f 2638//2637 2315//2315 2312//2313
f 2637//2638 2311//2312 2639//2639
f 2637//2638 2639//2639 2633//2634
f 2637//2638 2312//2313 2311//2312
f 2639//2639 2641//2640 2640//2641
f 2639//2639 2640//2641 2633//2634
f 2642//2642 2641//2640 2639//2639
f 2642//2642 2639//2639 2313//2311
f 2311//2312 2313//2311 2639//2639
f 2643//2643 2642//2642 2382//2383
f 2379//2376 2382//2383 2642//2642
f 2641//2640 2642//2642 2643//2643
f 2310//2310 2379//2376 2642//2642
f 2642//2642 2313//2311 2310//2310
f 2640//2641 2643//2643 2644//2644
f 2640//2641 2641//2640 2643//2643
f 2643//2643 2387//2388 2644//2644
f 2387//2388 2643//2643 2382//2383
f 2386//2387 2644//2644 2387//2388
f 2646//2645 2644//2644 2386//2387
f 2640//2641 2644//2644 2645//2646
f 2644//2644 2646//2645 2645//2646
f 2397//2397 2647//2647 2646//2645
f 2647//2647 2645//2646 2646//2645
f 2397//2397 2646//2645 2389//2389
f 2646//2645 2386//2387 2389//2389
f 2397//2397 2400//2400 2647//2647
f 2647//2647 2648//2648 2645//2646
f 2631//2631 2648//2648 2647//2647
f 2647//2647 2400//2400 2631//2631
f 2631//2631 2633//2634 2648//2648
f 2633//2634 2640//2641 2648//2648
f 2640//2641 2645//2646 2648//2648
f 2650//2649 2649//2650 2636//2635
f 2649//2650 2635//2636 2636//2635
f 2629//2629 2650//2649 2636//2635
f 2627//2628 2629//2629 2636//2635
f 2651//2651 2650//2649 2628//2630
f 2651//2651 2652//2652 2650//2649
f 2650//2649 2653//2653 2649//2650
f 2652//2652 2653//2653 2650//2649
f 2650//2649 2629//2629 2628//2630
f 2653//2653 2652//2652 2656//2654
f 2653//2653 2654//2655 2649//2650
f 2654//2655 2653//2653 2655//2656
f 2655//2656 2653//2653 2656//2654
f 2656//2654 2652//2652 2616//2617
f 2656//2654 2657//2657 2655//2656
f 2656//2654 2658//2658 2657//2657
f 2616//2617 2614//2615 2656//2654
f 2656//2654 2614//2615 2609//2610
f 2609//2610 2658//2658 2656//2654
f 2326//2326 2658//2658 2609//2610
f 2658//2658 2326//2326 2325//2325
f 2658//2658 2325//2325 2657//2657
f 2655//2656 2657//2657 2321//2322
f 2657//2657 2325//2325 2321//2322
f 2654//2655 2655//2656 2321//2322
f 2654//2655 2320//2320 2318//2318
f 2649//2650 2654//2655 2318//2318
f 2320//2320 2654//2655 2321//2322
f 2652//2652 2651//2651 2619//2619
f 2616//2617 2652//2652 2619//2619
f 2651//2651 2628//2630 2624//2625
f 2624//2625 2619//2619 2651//2651
f 2318//2318 2315//2315 2649//2650
f 2635//2636 2649//2650 2315//2315
f 2402//2402 2404//2405 2625//2624
f 2404//2405 2659//2659 2625//2624
f 2659//2659 2660//2660 2625//2624
f 2621//2621 2625//2624 2660//2660
f 2660//2660 2659//2659 2662//2661
f 2621//2621 2660//2660 2661//2662
f 2661//2662 2660//2660 2662//2661
f 2662//2661 2659//2659 2411//2412
f 2662//2661 2411//2412 2663//2663
f 2662//2661 2664//2664 2661//2662
f 2663//2663 2664//2664 2662//2661
f 2621//2621 2661//2662 2664//2664
f 2621//2621 2664//2664 2665//2665
f 2665//2665 2664//2664 2666//2666
f 2664//2664 2663//2663 2666//2666
f 2663//2663 2667//2667 2666//2666
f 2670//2668 2666//2666 2667//2667
f 2668//2669 2666//2666 2670//2668
f 2669//2670 2666//2666 2668//2669
f 2669//2670 2665//2665 2666//2666
f 2673//2671 2670//2668 2671//2672
f 2667//2667 2671//2672 2670//2668
f 2668//2669 2670//2668 2672//2673
f 2670//2668 2673//2671 2672//2673
f 2672//2673 2673//2671 2675//2674
f 2674//2675 2675//2674 2673//2671
f 2674//2675 2673//2671 2676//2676
f 2673//2671 2422//2423 2676//2676
f 2671//2672 2422//2423 2673//2671
f 2676//2676 2422//2423 2425//2424
f 2674//2675 2676//2676 2438//2439
f 2676//2676 2425//2424 2438//2439
f 2672//2673 2675//2674 2678//2677
f 2677//2678 2675//2674 2679//2679
f 2678//2677 2675//2674 2677//2678
f 2675//2674 2674//2675 2679//2679
f 2679//2679 2441//2442 2444//2441
f 2679//2679 2674//2675 2441//2442
f 2679//2679 2444//2441 2677//2678
f 2678//2677 2683//2680 2680//2681
f 2680//2681 2672//2673 2678//2677
f 2681//2682 2678//2677 2677//2678
f 2678//2677 2681//2682 2682//2683
f 2678//2677 2682//2683 2683//2680
f 2682//2683 2684//2684 2683//2680
f 2684//2684 2685//2685 2683//2680
f 2683//2680 2668//2669 2680//2681
f 2685//2685 2668//2669 2683//2680
f 2685//2685 2684//2684 2686//2686
f 2669//2670 2685//2685 2617//2616
f 2686//2686 2617//2616 2685//2685
f 2669//2670 2668//2669 2685//2685
f 2686//2686 2613//2613 2617//2616
f 2686//2686 2687//2687 2613//2613
f 2686//2686 2684//2684 2687//2687
f 2613//2613 2687//2687 2688//2688
f 2687//2687 2689//2689 2688//2688
f 2687//2687 2684//2684 2689//2689
f 2690//2690 2689//2689 2684//2684
f 2689//2689 2690//2690 2692//2691
f 2689//2689 2691//2692 2688//2688
f 2692//2691 2691//2692 2689//2689
f 2692//2691 2690//2690 2695//2693
f 2693//2694 2691//2692 2692//2691
f 2694//2695 2693//2694 2692//2691
f 2694//2695 2692//2691 2695//2693
f 2696//2696 2694//2695 2695//2693
f 2695//2693 2681//2682 2696//2696
f 2681//2682 2695//2693 2690//2690
f 2697//2697 2696//2696 2681//2682
f 2696//2696 2697//2697 2698//2698
f 2696//2696 2698//2698 2699//2699
f 2694//2695 2696//2696 2699//2699
f 2698//2698 2700//2700 2699//2699
f 2694//2695 2699//2699 2702//2701
f 2700//2700 2701//2702 2699//2699
f 2702//2701 2699//2699 2701//2702
f 2702//2701 2701//2702 2703//2703
f 2583//2583 2702//2701 2703//2703
f 2702//2701 2704//2704 2694//2695
f 2583//2583 2704//2704 2702//2701
f 2704//2704 2693//2694 2694//2695
f 2693//2694 2704//2704 2705//2705
f 2705//2705 2704//2704 2583//2583
f 2693//2694 2705//2705 2588//2588
f 2705//2705 2583//2583 2585//2585
f 2588//2588 2705//2705 2585//2585
f 2703//2703 2706//2706 2582//2582
f 2706//2706 2703//2703 2701//2702
f 2583//2583 2703//2703 2582//2582
f 2700//2700 2706//2706 2701//2702
f 2700//2700 2460//2461 2706//2706
f 2707//2707 2582//2582 2706//2706
f 2706//2706 2460//2461 2707//2707
f 2708//2708 2707//2707 2460//2461
f 2707//2707 2708//2708 2709//2709
f 2582//2582 2707//2707 2709//2709
f 2463//2464 2712//2710 2709//2709
f 2708//2708 2463//2464 2709//2709
f 2710//2711 2709//2709 2712//2710
f 2709//2709 2710//2711 2711//2712
f 2709//2709 2711//2712 2581//2580
f 2582//2582 2709//2709 2581//2580
f 2713//2713 2714//2714 2712//2710
f 2713//2713 2712//2710 2462//2463
f 2712//2710 2714//2714 2715//2715
f 2715//2715 2710//2711 2712//2710
f 2463//2464 2462//2463 2712//2710
f 2711//2712 2715//2715 2714//2714
f 2715//2715 2711//2712 2710//2711
f 2716//2716 2714//2714 2713//2713
f 2716//2716 2717//2717 2714//2714
f 2717//2717 2711//2712 2714//2714
f 2718//2718 2717//2717 2716//2716
f 2718//2718 2719//2719 2717//2717
f 2717//2717 2719//2719 2720//2720
f 2717//2717 2720//2720 2711//2712
f 2720//2720 2724//2721 2721//2722
f 2722//2723 2720//2720 2721//2722
f 2724//2721 2720//2720 2719//2719
f 2722//2723 2723//2724 2720//2720
f 2711//2712 2720//2720 2723//2724
f 2724//2721 2719//2719 2725//2725
f 2724//2721 2725//2725 2721//2722
f 2729//2726 2725//2725 2726//2727
f 2725//2725 2727//2728 2726//2727
f 2725//2725 2728//2729 2727//2728
f 2728//2729 2725//2725 2719//2719
f 2725//2725 2729//2726 2721//2722
f 2730//2730 2729//2726 2726//2727
f 2729//2726 2730//2730 2721//2722
f 2733//2731 2730//2730 2731//2732
f 2726//2727 2731//2732 2730//2730
f 2732//2733 2721//2722 2730//2730
f 2733//2731 2732//2733 2730//2730
f 2733//2731 2731//2732 2735//2734
f 2732//2733 2733//2731 2734//2735
f 2735//2734 2734//2735 2733//2731
f 2735//2734 2737//2736 2736//2737
f 2735//2734 2736//2737 2738//2738
f 2737//2736 2735//2734 2731//2732
f 2734//2735 2735//2734 2738//2738
f 2738//2738 2736//2737 2741//2739
f 2741//2739 2739//2740 2738//2738
f 2738//2738 2739//2740 2740//2741
f 2734//2735 2738//2738 2740//2741
f 2736//2737 2742//2742 2741//2739
f 2742//2742 2739//2740 2741//2739
f 2743//2743 2745//2744 2742//2742
f 2736//2737 2743//2743 2742//2742
f 2742//2742 2744//2745 2739//2740
f 2742//2742 2745//2744 2744//2745
f 2748//2746 2745//2744 2743//2743
f 2748//2746 2746//2747 2745//2744
f 2745//2744 2746//2747 2747//2748
f 2745//2744 2747//2748 2744//2745
f 2749//2749 2748//2746 2743//2743
f 2749//2749 2750//2750 2748//2746
f 2750//2750 2751//2751 2748//2746
f 2746//2747 2748//2746 2751//2751
f 2751//2751 2750//2750 2752//2752
f 2753//2753 2751//2751 2752//2752
f 2754//2754 2746//2747 2751//2751
f 2753//2753 2754//2754 2751//2751
f 2746//2747 2754//2754 2755//2755
f 2756//2756 2755//2755 2754//2754
f 2753//2753 2756//2756 2754//2754
f 2761//2757 2756//2756 2753//2753
f 2756//2756 2760//2758 2755//2755
f 2757//2759 2756//2756 2758//2760
f 2760//2758 2756//2756 2757//2759
f 2758//2760 2756//2756 2759//2761
f 2759//2761 2756//2756 2761//2757
f 2762//2762 2761//2757 2752//2752
f 2761//2757 2753//2753 2752//2752
f 2765//2763 2761//2757 2762//2762
f 2763//2764 2764//2765 2761//2757
f 2765//2763 2763//2764 2761//2757
f 2764//2765 2759//2761 2761//2757
f 2767//2766 2766//2767 2765//2763
f 2766//2767 2768//2768 2765//2763
f 2767//2766 2765//2763 2762//2762
f 2765//2763 2768//2768 2763//2764
f 2768//2768 2764//2765 2763//2764
f 2768//2768 2770//2769 2764//2765
f 2768//2768 2771//2770 2769//2771
f 2770//2769 2768//2768 2769//2771
f 2771//2770 2768//2768 2766//2767
f 2772//2772 2769//2771 2771//2770
f 2773//2773 2772//2772 2771//2770
f 2773//2773 2771//2770 2774//2774
f 2771//2770 2484//2483 2774//2774
f 2766//2767 2484//2483 2771//2770
f 2484//2483 2775//2775 2774//2774
f 2775//2775 2776//2776 2774//2774
f 2776//2776 2777//2777 2774//2774
f 2777//2777 2773//2773 2774//2774
f 2776//2776 2779//2778 2777//2777
f 2773//2773 2777//2777 2778//2779
f 2778//2779 2777//2777 2780//2780
f 2780//2780 2777//2777 2779//2778
f 2782//2781 2778//2779 2780//2780
f 2781//2782 2780//2780 2779//2778
f 2783//2783 2780//2780 2781//2782
f 2782//2781 2780//2780 2783//2783
f 2784//2784 2783//2783 2781//2782
f 2782//2781 2783//2783 2784//2784
f 2782//2781 2784//2784 2786//2785
f 2786//2785 2784//2784 2785//2786
f 2784//2784 2781//2782 2785//2786
f 2565//2566 2786//2785 2787//2787
f 2786//2785 2565//2566 2564//2564
f 2782//2781 2786//2785 2564//2564
f 2787//2787 2786//2785 2785//2786
f 2788//2788 2567//2567 2787//2787
f 2787//2787 2785//2786 2788//2788
f 2567//2567 2565//2566 2787//2787
f 2788//2788 2785//2786 2789//2789
f 2526//2525 2788//2788 2789//2789
f 2526//2525 2567//2567 2788//2788
f 2525//2526 2789//2789 2790//2790
f 2526//2525 2789//2789 2525//2526
f 2789//2789 2785//2786 2790//2790
f 2790//2790 2785//2786 2791//2791
f 2790//2790 2496//2497 2523//2520
f 2525//2526 2790//2790 2523//2520
f 2496//2497 2790//2790 2791//2791
f 2791//2791 2776//2776 2492//2492
f 2776//2776 2791//2791 2781//2782
f 2496//2497 2791//2791 2492//2492
f 2785//2786 2781//2782 2791//2791
f 2782//2781 2564//2564 2778//2779
f 2779//2778 2776//2776 2781//2782
f 2793//2792 2792//2793 2778//2779
f 2773//2773 2778//2779 2792//2793
f 2793//2792 2778//2779 2564//2564
f 2793//2792 2794//2794 2792//2793
f 2793//2792 2563//2563 2794//2794
f 2563//2563 2793//2792 2564//2564
f 2795//2795 2794//2794 2796//2796
f 2794//2794 2795//2795 2798//2797
f 2797//2798 2796//2796 2794//2794
f 2797//2798 2794//2794 2563//2563
f 2794//2794 2798//2797 2792//2793
f 2801//2799 2798//2797 2799//2800
f 2798//2797 2800//2801 2799//2800
f 2795//2795 2800//2801 2798//2797
f 2792//2793 2798//2797 2801//2799
f 2801//2799 2802//2802 2772//2772
f 2802//2802 2801//2799 2799//2800
f 2792//2793 2801//2799 2772//2772
f 2772//2772 2802//2802 2770//2769
f 2799//2800 2770//2769 2802//2802
f 2800//2801 2804//2803 2803//2804
f 2770//2769 2800//2801 2803//2804
f 2795//2795 2805//2805 2800//2801
f 2805//2805 2804//2803 2800//2801
f 2800//2801 2770//2769 2799//2800
f 2804//2803 2805//2805 2806//2806
f 2807//2807 2806//2806 2805//2805
f 2807//2807 2805//2805 2808//2808
f 2809//2809 2808//2808 2805//2805
f 2809//2809 2805//2805 2795//2795
f 2809//2809 2810//2810 2808//2808
f 2809//2809 2811//2811 2810//2810
f 2795//2795 2796//2796 2809//2809
f 2812//2812 2809//2809 2796//2796
f 2812//2812 2811//2811 2809//2809
f 2813//2813 2812//2812 2796//2796
f 2813//2813 2815//2814 2812//2812
f 2811//2811 2812//2812 2814//2815
f 2812//2812 2815//2814 2814//2815
f 2815//2814 2816//2816 2814//2815
f 2815//2814 2817//2817 2816//2816
f 2817//2817 2815//2814 2813//2813
f 2819//2818 2817//2817 2813//2813
f 2818//2819 2817//2817 2574//2575
f 2816//2816 2817//2817 2818//2819
f 2819//2818 2572//2573 2817//2817
f 2574//2575 2817//2817 2571//2572
f 2571//2572 2817//2817 2572//2573
f 2819//2818 2797//2798 2563//2563
f 2819//2818 2813//2813 2797//2798
f 2566//2565 2819//2818 2563//2563
f 2572//2573 2819//2818 2566//2565
f 2581//2580 2816//2816 2818//2819
f 2580//2581 2581//2580 2818//2819
f 2580//2581 2818//2819 2574//2575
f 2816//2816 2820//2820 2822//2821
f 2821//2822 2820//2820 2816//2816
f 2816//2816 2822//2821 2814//2815
f 2581//2580 2821//2822 2816//2816
f 2822//2821 2820//2820 2823//2823
f 2822//2821 2823//2823 2825//2824
f 2814//2815 2822//2821 2811//2811
f 2811//2811 2822//2821 2824//2825
f 2826//2826 2824//2825 2822//2821
f 2826//2826 2822//2821 2825//2824
f 2827//2827 2826//2826 2828//2828
f 2826//2826 2827//2827 2824//2825
f 2825//2824 2828//2828 2826//2826
f 2744//2745 2828//2828 2739//2740
f 2828//2828 2744//2745 2829//2829
f 2828//2828 2829//2829 2830//2830
f 2739//2740 2828//2828 2825//2824
f 2828//2828 2830//2830 2831//2831
f 2828//2828 2831//2831 2827//2827
f 2831//2831 2830//2830 2832//2832
f 2833//2833 2831//2831 2832//2832
f 2834//2834 2827//2827 2831//2831
f 2833//2833 2834//2834 2831//2831
f 2834//2834 2833//2833 2827//2827
f 2832//2832 2835//2835 2833//2833
f 2833//2833 2835//2835 2838//2836
f 2836//2837 2827//2827 2833//2833
f 2810//2810 2836//2837 2833//2833
f 2810//2810 2833//2833 2837//2838
f 2837//2838 2833//2833 2838//2836
f 2806//2806 2838//2836 2839//2839
f 2838//2836 2835//2835 2839//2839
f 2807//2807 2838//2836 2806//2806
f 2837//2838 2838//2836 2808//2808
f 2807//2807 2808//2808 2838//2836
f 2835//2835 2840//2840 2839//2839
f 2840//2840 2757//2759 2839//2839
f 2806//2806 2839//2839 2841//2841
f 2839//2839 2757//2759 2841//2841
f 2758//2760 2842//2842 2841//2841
f 2842//2842 2804//2803 2841//2841
f 2804//2803 2806//2806 2841//2841
f 2841//2841 2757//2759 2758//2760
f 2758//2760 2803//2804 2842//2842
f 2804//2803 2842//2842 2803//2804
f 2829//2829 2843//2843 2840//2840
f 2840//2840 2843//2843 2757//2759
f 2830//2830 2840//2840 2832//2832
f 2829//2829 2840//2840 2830//2830
f 2832//2832 2840//2840 2835//2835
f 2747//2748 2760//2758 2843//2843
f 2744//2745 2747//2748 2843//2843
f 2757//2759 2843//2843 2760//2758
f 2744//2745 2843//2843 2829//2829
f 2808//2808 2810//2810 2837//2838
f 2824//2825 2836//2837 2810//2810
f 2827//2827 2836//2837 2824//2825
f 2739//2740 2825//2824 2740//2741
f 2740//2741 2825//2824 2823//2823
f 2811//2811 2824//2825 2810//2810
f 2823//2823 2844//2844 2740//2741
f 2844//2844 2823//2823 2820//2820
f 2732//2733 2734//2735 2844//2844
f 2734//2735 2740//2741 2844//2844
f 2844//2844 2820//2820 2732//2733
f 2845//2845 2821//2822 2723//2724
f 2845//2845 2820//2820 2821//2822
f 2711//2712 2723//2724 2821//2822
f 2581//2580 2711//2712 2821//2822
f 2845//2845 2732//2733 2820//2820
f 2732//2733 2845//2845 2721//2722
f 2721//2722 2845//2845 2722//2723
f 2845//2845 2723//2724 2722//2723
f 2813//2813 2796//2796 2797//2798
f 2764//2765 2803//2804 2758//2760
f 2770//2769 2803//2804 2764//2765
f 2773//2773 2792//2793 2772//2772
f 2775//2775 2846//2846 2776//2776
f 2776//2776 2846//2846 2492//2492
f 2489//2490 2846//2846 2775//2775
f 2492//2492 2846//2846 2489//2490
f 2775//2775 2484//2483 2489//2490
f 2772//2772 2770//2769 2769//2771
f 2847//2847 2767//2766 2762//2762
f 2848//2848 2767//2766 2847//2847
f 2848//2848 2766//2767 2767//2766
f 2847//2847 2482//2482 2848//2848
f 2484//2483 2848//2848 2482//2482
f 2766//2767 2848//2848 2484//2483
f 2847//2847 2762//2762 2850//2849
f 2482//2482 2847//2847 2849//2850
f 2849//2850 2847//2847 2850//2849
f 2852//2851 2851//2852 2850//2849
f 2854//2853 2850//2849 2851//2852
f 2852//2851 2850//2849 2762//2762
f 2853//2854 2849//2850 2850//2849
f 2853//2854 2850//2849 2854//2853
f 2854//2853 2851//2852 2855//2855
f 2855//2855 2853//2854 2854//2853
f 2855//2855 2857//2856 2853//2854
f 2856//2857 2855//2855 2859//2858
f 2856//2857 2857//2856 2855//2855
f 2855//2855 2851//2852 2858//2859
f 2860//2860 2855//2855 2858//2859
f 2855//2855 2860//2860 2859//2858
f 2860//2860 2861//2861 2859//2858
f 2860//2860 2862//2862 2861//2861
f 2864//2863 2862//2862 2860//2860
f 2727//2728 2860//2860 2858//2859
f 2863//2864 2860//2860 2727//2728
f 2718//2718 2860//2860 2863//2864
f 2718//2718 2864//2863 2860//2860
f 2467//2468 2466//2466 2864//2863
f 2716//2716 2467//2468 2864//2863
f 2466//2466 2862//2862 2864//2863
f 2716//2716 2864//2863 2718//2718
f 2863//2864 2727//2728 2728//2729
f 2718//2718 2863//2864 2728//2729
f 2862//2862 2865//2865 2866//2866
f 2465//2465 2865//2865 2862//2862
f 2866//2866 2861//2861 2862//2862
f 2466//2466 2465//2465 2862//2862
f 2480//2481 2867//2867 2866//2866
f 2480//2481 2866//2866 2865//2865
f 2866//2866 2867//2867 2856//2857
f 2856//2857 2861//2861 2866//2866
f 2483//2484 2867//2867 2480//2481
f 2867//2867 2853//2854 2856//2857
f 2867//2867 2483//2484 2853//2854
f 2465//2465 2469//2469 2865//2865
f 2865//2865 2475//2475 2480//2481
f 2865//2865 2469//2469 2475//2475
f 2861//2861 2856//2857 2859//2858
f 2851//2852 2869//2868 2858//2859
f 2727//2728 2858//2859 2726//2727
f 2726//2727 2858//2859 2868//2869
f 2858//2859 2870//2870 2868//2869
f 2858//2859 2869//2868 2870//2870
f 2872//2871 2868//2869 2870//2870
f 2870//2870 2869//2868 2871//2872
f 2872//2871 2870//2870 2871//2872
f 2874//2873 2873//2874 2872//2871
f 2872//2871 2873//2874 2737//2736
f 2874//2873 2872//2871 2871//2872
f 2731//2732 2868//2869 2872//2871
f 2731//2732 2872//2871 2737//2736
f 2874//2873 2875//2875 2873//2874
f 2876//2876 2875//2875 2874//2873
f 2874//2873 2871//2872 2876//2876
f 2876//2876 2877//2877 2749//2749
f 2876//2876 2749//2749 2875//2875
f 2871//2872 2877//2877 2876//2876
f 2871//2872 2878//2878 2877//2877
f 2750//2750 2749//2749 2877//2877
f 2877//2877 2752//2752 2750//2750
f 2878//2878 2879//2879 2877//2877
f 2877//2877 2879//2879 2752//2752
f 2762//2762 2752//2752 2879//2879
f 2762//2762 2879//2879 2878//2878
f 2880//2880 2762//2762 2878//2878
f 2880//2880 2878//2878 2871//2872
f 2880//2880 2871//2872 2869//2868
f 2852//2851 2762//2762 2880//2880
f 2852//2851 2880//2880 2869//2868
f 2873//2874 2875//2875 2736//2737
f 2875//2875 2749//2749 2736//2737
f 2737//2736 2873//2874 2736//2737
f 2869//2868 2851//2852 2852//2851
f 2726//2727 2868//2869 2731//2732
f 2856//2857 2853//2854 2857//2856
f 2483//2484 2849//2850 2853//2854
f 2849//2850 2483//2484 2482//2482
f 2764//2765 2758//2760 2759//2761
f 2760//2758 2747//2748 2755//2755
f 2746//2747 2755//2755 2747//2748
f 2736//2737 2749//2749 2743//2743
f 2718//2718 2728//2729 2719//2719
f 2467//2468 2716//2716 2462//2463
f 2713//2713 2462//2463 2716//2716
f 2463//2464 2708//2708 2460//2461
f 2457//2459 2460//2461 2700//2700
f 2697//2697 2457//2459 2700//2700
f 2698//2698 2697//2697 2700//2700
f 2681//2682 2881//2881 2697//2697
f 2457//2459 2697//2697 2881//2881
f 2881//2881 2444//2441 2443//2445
f 2677//2678 2444//2441 2881//2881
f 2677//2678 2881//2881 2681//2682
f 2881//2881 2453//2454 2458//2457
f 2881//2881 2443//2445 2453//2454
f 2881//2881 2458//2457 2457//2459
f 2882//2882 2693//2694 2588//2588
f 2691//2692 2693//2694 2882//2882
f 2688//2688 2691//2692 2882//2882
f 2608//2609 2688//2688 2882//2882
f 2883//2883 2882//2882 2588//2588
f 2883//2883 2884//2884 2882//2882
f 2608//2609 2882//2882 2884//2884
f 2885//2885 2884//2884 2883//2883
f 2884//2884 2885//2885 2598//2598
f 2603//2604 2608//2609 2884//2884
f 2603//2604 2884//2884 2598//2598
f 2885//2885 2883//2883 2589//2589
f 2886//2886 2885//2885 2589//2589
f 2885//2885 2886//2886 2598//2598
f 2886//2886 2589//2589 2591//2591
f 2598//2598 2886//2886 2591//2591
f 2883//2883 2588//2588 2589//2589
f 2690//2690 2684//2684 2682//2683
f 2681//2682 2690//2690 2682//2683
f 2608//2609 2613//2613 2688//2688
f 2668//2669 2672//2673 2680//2681
f 2438//2439 2441//2442 2674//2675
f 2671//2672 2663//2663 2887//2887
f 2888//2888 2671//2672 2887//2887
f 2671//2672 2888//2888 2422//2423
f 2663//2663 2671//2672 2667//2667
f 2888//2888 2421//2422 2422//2423
f 2421//2422 2888//2888 2887//2887
f 2412//2411 2414//2415 2887//2887
f 2414//2415 2421//2422 2887//2887
f 2663//2663 2412//2411 2887//2887
f 2665//2665 2669//2670 2617//2616
f 2622//2622 2621//2621 2665//2665
f 2622//2622 2665//2665 2617//2616
f 2663//2663 2411//2412 2889//2889
f 2412//2411 2663//2663 2889//2889
f 2412//2411 2889//2889 2411//2412
f 2405//2404 2659//2659 2404//2405
f 2659//2659 2405//2404 2411//2412
f 2609//2610 2614//2615 2611//2611
f 2326//2326 2609//2610 2605//2606
f 2606//2607 2600//2600 2890//2890
f 2890//2890 2327//2328 2606//2607
f 2890//2890 2600//2600 2599//2601
f 2890//2890 2599//2601 2550//2550
f 2890//2890 2550//2550 2551//2552
f 2890//2890 2551//2552 2330//2331
f 2329//2329 2890//2890 2330//2331
f 2327//2328 2890//2890 2329//2329
f 2605//2606 2327//2328 2326//2326
f 2556//2556 2592//2593 2557//2557
f 2557//2557 2592//2593 2578//2578
f 2578//2578 2592//2593 2577//2579
f 2586//2587 2577//2579 2592//2593
f 2559//2559 2557//2557 2578//2578
f 2559//2559 2575//2574 2560//2560
f 2560//2560 2575//2574 2568//2569
f 2548//2548 2330//2331 2552//2553
f 2551//2552 2552//2553 2330//2331
f 2330//2331 2548//2548 2333//2335
f 2544//2545 2333//2335 2548//2548
f 2542//2542 2346//2346 2347//2348
f 2347//2348 2349//2349 2542//2542
f 2542//2542 2891//2891 2346//2346
f 2891//2891 2542//2542 2538//2538
f 2538//2538 2892//2892 2891//2891
f 2346//2346 2891//2891 2893//2893
f 2892//2892 2893//2893 2891//2891
f 2893//2893 2896//2894 2894//2895
f 2894//2895 2348//2347 2893//2893
f 2346//2346 2893//2893 2348//2347
f 2892//2892 2895//2896 2893//2893
f 2893//2893 2895//2896 2896//2894
f 2522//2522 2520//2521 2896//2894
f 2521//2524 2522//2522 2896//2894
f 2897//2897 2896//2894 2520//2521
f 2894//2895 2896//2894 2897//2897
f 2895//2896 2521//2524 2896//2894
f 2894//2895 2897//2897 2900//2898
f 2899//2899 2897//2897 2898//2900
f 2898//2900 2897//2897 2520//2521
f 2352//2352 2897//2897 2899//2899
f 2900//2898 2897//2897 2352//2352
f 2900//2898 2352//2352 2348//2347
f 2894//2895 2900//2898 2348//2347
f 2898//2900 2364//2364 2899//2899
f 2357//2358 2899//2899 2364//2364
f 2357//2358 2355//2354 2899//2899
f 2355//2354 2352//2352 2899//2899
f 2898//2900 2520//2521 2500//2500
f 2898//2900 2500//2500 2364//2364
f 2529//2529 2895//2896 2892//2892
f 2895//2896 2529//2529 2521//2524
f 2530//2530 2529//2529 2892//2892
f 2532//2533 2530//2530 2892//2892
f 2532//2533 2892//2892 2538//2538
f 2495//2496 2523//2520 2496//2497
f 2903//2901 2488//2489 2901//2902
f 2488//2489 2485//2485 2901//2902
f 2902//2903 2487//2488 2488//2489
f 2434//2435 2902//2903 2488//2489
f 2434//2435 2488//2489 2903//2901
f 2905//2904 2903//2901 2904//2905
f 2903//2901 2907//2906 2904//2905
f 2906//2907 2903//2901 2905//2904
f 2434//2435 2903//2901 2906//2907
f 2903//2901 2901//2902 2907//2906
f 2476//2476 2907//2906 2901//2902
f 2904//2905 2907//2906 2476//2476
f 2906//2907 2437//2436 2434//2435
f 2437//2436 2906//2907 2447//2447
f 2447//2447 2906//2907 2905//2904
f 2904//2905 2448//2448 2905//2904
f 2448//2448 2447//2447 2905//2904
f 2904//2905 2476//2476 2473//2473
f 2448//2448 2904//2905 2473//2473
f 2434//2435 2430//2432 2902//2903
f 2430//2432 2487//2488 2902//2903
f 2901//2902 2908//2908 2477//2478
f 2901//2902 2477//2478 2476//2476
f 2901//2902 2485//2485 2908//2908
f 2477//2478 2908//2908 2479//2479
f 2908//2908 2485//2485 2479//2479
f 2471//2472 2475//2475 2469//2469
f 2448//2448 2473//2473 2449//2449
f 2453//2454 2443//2445 2442//2444
f 2439//2440 2441//2442 2438//2439
f 2425//2424 2424//2425 2438//2439
f 2405//2404 2406//2406 2411//2412
f 2369//2370 2366//2367 2394//2394
f 2369//2370 2394//2394 2390//2392
f 2381//2382 2387//2388 2382//2383
f 2379//2376 2310//2310 2376//2377
f 2307//2308 2301//2302 2378//2378
f 2301//2302 2377//2379 2378//2378
f 2377//2379 2909//2909 2373//2374
f 2377//2379 2910//2910 2909//2909
f 2301//2302 2910//2910 2377//2379
f 2910//2910 2344//2345 2350//2351
f 2910//2910 2350//2351 2909//2909
f 2910//2910 2337//2338 2344//2345
f 2300//2301 2910//2910 2301//2302
f 2337//2338 2910//2910 2300//2301
f 2350//2351 2360//2361 2909//2909
f 2909//2909 2360//2361 2373//2374
f 2310//2310 2306//2307 2376//2377
f 2306//2307 2307//2308 2376//2377
f 2373//2374 2360//2361 2362//2362
f 2369//2370 2365//2366 2366//2367
f 2352//2352 2355//2354 2354//2355
f 2300//2301 2304//2300 2337//2338
usemtl mtl228733
f 2912//2911 2911//2912 2915//2913
f 2916//2914 2911//2912 2912//2911
f 2914//2915 2911//2912 2913//2916
f 2913//2916 2911//2912 2916//2914
f 2911//2912 2914//2915 2915//2913
f 2916//2914 2912//2911 2917//2917
f 2913//2916 2916//2914 2918//2918
f 2918//2918 2916//2914 2917//2917
f 2920//2919 2918//2918 2919//2920
f 2922//2921 2919//2920 2918//2918
f 2920//2919 2923//2922 2918//2918
f 2918//2918 2923//2922 2921//2923
f 2918//2918 2921//2923 2913//2916
f 2922//2921 2918//2918 2917//2917
f 2925//2924 2924//2925 2923//2922
f 2924//2925 2926//2926 2923//2922
f 2923//2922 2920//2919 2925//2924
f 2921//2923 2923//2922 2927//2927
f 2923//2922 2926//2926 2927//2927
f 2926//2926 2930//2928 2927//2927
f 2927//2927 2931//2929 2928//2930
f 2929//2931 2927//2927 2928//2930
f 2921//2923 2927//2927 2929//2931
f 2931//2929 2927//2927 2930//2928
f 2933//2932 2931//2929 2932//2933
f 2932//2933 2931//2929 2930//2928
f 2934//2934 2931//2929 2933//2932
f 2931//2929 2934//2934 2935//2935
f 2935//2935 2928//2930 2931//2929
f 2934//2934 2936//2936 2935//2935
f 2935//2935 2936//2936 2937//2937
f 2935//2935 2937//2937 2928//2930
f 2928//2930 2937//2937 2938//2938
f 2937//2937 2936//2936 2938//2938
f 2939//2939 2938//2938 2940//2940
f 2939//2939 2928//2930 2938//2938
f 2938//2938 2941//2941 2940//2940
f 2941//2941 2938//2938 2943//2942
f 2942//2943 2938//2938 2936//2936
f 2943//2942 2938//2938 2942//2943
f 2941//2941 2943//2942 2944//2944
f 2945//2945 2944//2944 2943//2942
f 2943//2942 2942//2943 2945//2945
f 2942//2943 2948//2946 2945//2945
f 2944//2944 2945//2945 2946//2947
f 2945//2945 2947//2948 2946//2947
f 2948//2946 2947//2948 2945//2945
f 2951//2949 2948//2946 2949//2950
f 2952//2951 2949//2950 2948//2946
f 2951//2949 2950//2952 2948//2946
f 2950//2952 2947//2948 2948//2946
f 2952//2951 2948//2946 2942//2943
f 2953//2953 2952//2951 2954//2954
f 2952//2951 2953//2953 2949//2950
f 2934//2934 2954//2954 2952//2951
f 2942//2943 2936//2936 2952//2951
f 2934//2934 2952//2951 2936//2936
f 2954//2954 2955//2955 2956//2956
f 2954//2954 2934//2934 2955//2955
f 2953//2953 2954//2954 2956//2956
f 2957//2957 2959//2958 2956//2956
f 2958//2959 2957//2957 2956//2956
f 2956//2956 2955//2955 2960//2960
f 2956//2956 2960//2960 2958//2959
f 2949//2950 2953//2953 2956//2956
f 2956//2956 2959//2958 2949//2950
f 2958//2959 2960//2960 2961//2961
f 2961//2961 2960//2960 2962//2962
f 2955//2955 2962//2962 2960//2960
f 2962//2962 2965//2963 2961//2961
f 2962//2962 2955//2955 2964//2964
f 2964//2964 2963//2965 2962//2962
f 2963//2965 2965//2963 2962//2962
f 2966//2966 2967//2967 2965//2963
f 2965//2963 2968//2968 2966//2966
f 2965//2963 2967//2967 2961//2961
f 2968//2968 2965//2963 2969//2969
f 2964//2964 2965//2963 2963//2965
f 2969//2969 2965//2963 2964//2964
f 2970//2970 2968//2968 2969//2969
f 2969//2969 2971//2971 2970//2970
f 2971//2971 2969//2969 2972//2972
f 2969//2969 2964//2964 2972//2972
f 2971//2971 2972//2972 2932//2933
f 2932//2933 2972//2972 2964//2964
f 2970//2970 2971//2971 2973//2973
f 2974//2974 2973//2973 2971//2971
f 2971//2971 2932//2933 2974//2974
f 2976//2975 2975//2976 2974//2974
f 2974//2974 2975//2976 2973//2973
f 2930//2928 2926//2926 2974//2974
f 2932//2933 2930//2928 2974//2974
f 2926//2926 2976//2975 2974//2974
f 2977//2977 2981//2978 2976//2975
f 2978//2979 2977//2977 2976//2975
f 2979//2980 2978//2979 2976//2975
f 2979//2980 2976//2975 2982//2981
f 2924//2925 2976//2975 2926//2926
f 2924//2925 2982//2981 2976//2975
f 2975//2976 2976//2975 2980//2982
f 2980//2982 2976//2975 2981//2978
f 2979//2980 2982//2981 2983//2983
f 2982//2981 2924//2925 2920//2919
f 2983//2983 2982//2981 2920//2919
f 2984//2984 2979//2980 2983//2983
f 2920//2919 2919//2920 2983//2983
f 2984//2984 2983//2983 2919//2920
f 2984//2984 2985//2985 2987//2986
f 2986//2987 2985//2985 2984//2984
f 2986//2987 2984//2984 2919//2920
f 2979//2980 2984//2984 2978//2979
f 2984//2984 2988//2988 2978//2979
f 2987//2986 2988//2988 2984//2984
f 2988//2988 2987//2986 2989//2989
f 2990//2990 2988//2988 2989//2989
f 2991//2991 2978//2979 2988//2988
f 2990//2990 2991//2991 2988//2988
f 2991//2991 2990//2990 2992//2992
f 2993//2993 2991//2991 2992//2992
f 2991//2991 2993//2993 2978//2979
f 2993//2993 2992//2992 2994//2994
f 2993//2993 2994//2994 2980//2982
f 2981//2978 2993//2993 2980//2982
f 2981//2978 2978//2979 2993//2993
f 2998//2995 2995//2996 2994//2994
f 2995//2996 2996//2997 2994//2994
f 2996//2997 2997//2998 2994//2994
f 2994//2994 2997//2998 2980//2982
f 2998//2995 2994//2994 2992//2992
f 2998//2995 2999//2999 3000//3000
f 2999//2999 2998//2995 3002//3001
f 3000//3000 3001//3002 2998//2995
f 2995//2996 2998//2995 3001//3002
f 3002//3001 2998//2995 2992//2992
f 3003//3003 3005//3004 3002//3001
f 3003//3003 3002//3001 2990//2990
f 2999//2999 3002//3001 3004//3005
f 3002//3001 3005//3004 3004//3005
f 3002//3001 2992//2992 2990//2990
f 3006//3006 3005//3004 3007//3007
f 3008//3008 3005//3004 3006//3006
f 3005//3004 3003//3003 3007//3007
f 3004//3005 3005//3004 3008//3008
f 3008//3008 3006//3006 3009//3009
f 3009//3009 3012//3010 3008//3008
f 3011//3011 3008//3008 3010//3012
f 3010//3012 3008//3008 3012//3010
f 3008//3008 3011//3011 3004//3005
f 3010//3012 3012//3010 3013//3013
f 3012//3010 3015//3014 3013//3013
f 3014//3015 3015//3014 3012//3010
f 3012//3010 3009//3009 3014//3015
f 3017//3016 3013//3013 3015//3014
f 3015//3014 3020//3017 3016//3018
f 3016//3018 3017//3016 3015//3014
f 3018//3019 3019//3020 3015//3014
f 3015//3014 3014//3015 3018//3019
f 3015//3014 3019//3020 3020//3017
f 3021//3021 3016//3018 3020//3017
f 3022//3022 3020//3017 3019//3020
f 3020//3017 3022//3022 3021//3021
f 3023//3023 3022//3022 3026//3024
f 3022//3022 3023//3023 3021//3021
f 3024//3025 3022//3022 3019//3020
f 3022//3022 3024//3025 3025//3026
f 3026//3024 3022//3022 3025//3026
f 3026//3024 3029//3027 3023//3023
f 3026//3024 3025//3026 3031//3028
f 3030//3029 3027//3030 3026//3024
f 3026//3024 3027//3030 3028//3031
f 3026//3024 3028//3031 3029//3027
f 3031//3028 3030//3029 3026//3024
f 3031//3028 3033//3032 3032//3033
f 3030//3029 3031//3028 3032//3033
f 3033//3032 3031//3028 3025//3026
f 3032//3033 3033//3032 3034//3034
f 3034//3034 3033//3032 3037//3035
f 3025//3026 3035//3036 3033//3032
f 3036//3037 3033//3032 3035//3036
f 3033//3032 3036//3037 3037//3035
f 3039//3038 3037//3035 3038//3039
f 3037//3035 3040//3040 3038//3039
f 3041//3041 3037//3035 3039//3038
f 3036//3037 3040//3040 3037//3035
f 3034//3034 3037//3035 3041//3041
f 3041//3041 3044//3042 3042//3043
f 3042//3043 3043//3044 3041//3041
f 3039//3038 3044//3042 3041//3041
f 3043//3044 3034//3034 3041//3041
f 3045//3045 3044//3042 3047//3046
f 3044//3042 3045//3045 3048//3047
f 3042//3043 3044//3042 3046//3048
f 3046//3048 3044//3042 3048//3047
f 3044//3042 3039//3038 3047//3046
f 3046//3048 3048//3047 3050//3049
f 3048//3047 3045//3045 3049//3050
f 3050//3049 3048//3047 3049//3050
f 3053//3051 3046//3048 3050//3049
f 3051//3052 3050//3049 3052//3053
f 3051//3052 3053//3051 3050//3049
f 3050//3049 3049//3050 3052//3053
f 3053//3051 3051//3052 3054//3054
f 3053//3051 3054//3054 3055//3055
f 3055//3055 3046//3048 3053//3051
f 3055//3055 3056//3056 3046//3048
f 3055//3055 3058//3057 3056//3056
f 3057//3058 3058//3057 3055//3055
f 3057//3058 3055//3055 3054//3054
f 3063//3059 3058//3057 3057//3058
f 3063//3059 3059//3060 3058//3057
f 3059//3060 3060//3061 3058//3057
f 3060//3061 3061//3062 3058//3057
f 3061//3062 3062//3063 3058//3057
f 3058//3057 3062//3063 3056//3056
f 3064//3064 3063//3059 3065//3065
f 3064//3064 3066//3066 3063//3059
f 3063//3059 3066//3066 3059//3060
f 3057//3058 3065//3065 3063//3059
f 3067//3067 3059//3060 3066//3066
f 3068//3068 3067//3067 3066//3066
f 3064//3064 3068//3068 3066//3066
f 3069//3069 3068//3068 3064//3064
f 3073//3070 3068//3068 3069//3069
f 3068//3068 3070//3071 3067//3067
f 3068//3068 3071//3072 3070//3071
f 3072//3073 3071//3072 3068//3068
f 3073//3070 3072//3073 3068//3068
f 3074//3074 3072//3073 3073//3070
f 3074//3074 3073//3070 3069//3069
f 3074//3074 3069//3069 3075//3075
f 3075//3075 3077//3076 3074//3074
f 3074//3074 3076//3077 3072//3073
f 3077//3076 3076//3077 3074//3074
f 3080//3078 3077//3076 3078//3079
f 3078//3079 3077//3076 3079//3080
f 3077//3076 3075//3075 3079//3080
f 3077//3076 3080//3078 3076//3077
f 3078//3079 3083//3081 3080//3078
f 3081//3082 3080//3078 3082//3083
f 3080//3078 3081//3082 3076//3077
f 3083//3081 3082//3083 3080//3078
f 3084//3084 3083//3081 3085//3085
f 3082//3083 3083//3081 3084//3084
f 3083//3081 3078//3079 3085//3085
f 3086//3086 3085//3085 3078//3079
f 3086//3086 3087//3087 3085//3085
f 3084//3084 3085//3085 3089//3088
f 3088//3089 3085//3085 3087//3087
f 3089//3088 3085//3085 3088//3089
f 3089//3088 3091//3090 3090//3091
f 3084//3084 3089//3088 3090//3091
f 3089//3088 3092//3092 3091//3090
f 3088//3089 3092//3092 3089//3088
f 3093//3093 3097//3094 3092//3092
f 3088//3089 3093//3093 3092//3092
f 3094//3095 3092//3092 3095//3096
f 3094//3095 3091//3090 3092//3092
f 3095//3096 3092//3092 3096//3097
f 3098//3098 3096//3097 3092//3092
f 3092//3092 3097//3094 3098//3098
f 3097//3094 3102//3099 3098//3098
f 3100//3100 3098//3098 3099//3101
f 3098//3098 3101//3102 3099//3101
f 3098//3098 3100//3100 3096//3097
f 3102//3099 3101//3102 3098//3098
f 3103//3103 3101//3102 3102//3099
f 3102//3099 3087//3087 3103//3103
f 3093//3093 3102//3099 3097//3094
f 3087//3087 3102//3099 3093//3093
f 3104//3104 3103//3103 3087//3087
f 3104//3104 3105//3105 3103//3103
f 3105//3105 3101//3102 3103//3103
f 3108//3106 3106//3107 3105//3105
f 3105//3105 3106//3107 3107//3108
f 3105//3105 3107//3108 3109//3109
f 3104//3104 3108//3106 3105//3105
f 3105//3105 3109//3109 3101//3102
f 3101//3102 3109//3109 3112//3110
f 3111//3111 3110//3112 3109//3109
f 3109//3109 3110//3112 3112//3110
f 3109//3109 3107//3108 3111//3111
f 3099//3101 3112//3110 3113//3113
f 3112//3110 3114//3114 3113//3113
f 3099//3101 3101//3102 3112//3110
f 3112//3110 3110//3112 3114//3114
f 3110//3112 3115//3115 3114//3114
f 3117//3116 3114//3114 3115//3115
f 3116//3117 3114//3114 3117//3116
f 3113//3113 3114//3114 3116//3117
f 3117//3116 3118//3118 3120//3119
f 3115//3115 3118//3118 3117//3116
f 3116//3117 3117//3116 3119//3120
f 3117//3116 3120//3119 3119//3120
f 3120//3119 3118//3118 3121//3121
f 3121//3121 3124//3122 3120//3119
f 3120//3119 3124//3122 3122//3123
f 3123//3124 3120//3119 3122//3123
f 3119//3120 3120//3119 3123//3124
f 3125//3125 3124//3122 3128//3126
f 3124//3122 3125//3125 3122//3123
f 3121//3121 3126//3127 3124//3122
f 3127//3128 3124//3122 3126//3127
f 3127//3128 3128//3126 3124//3122
f 3128//3126 3129//3129 3125//3125
f 3128//3126 3130//3130 3129//3129
f 3127//3128 3130//3130 3128//3126
f 3131//3131 3133//3132 3130//3130
f 3130//3130 3134//3133 3131//3131
f 3130//3130 3132//3134 3129//3129
f 3130//3130 3133//3132 3132//3134
f 3127//3128 3135//3135 3130//3130
f 3135//3135 3134//3133 3130//3130
f 3127//3128 3136//3136 3135//3135
f 3135//3135 3136//3136 3137//3137
f 3137//3137 3134//3133 3135//3135
f 3137//3137 3138//3138 3134//3133
f 3139//3139 3137//3137 3136//3136
f 3140//3140 3138//3138 3137//3137
f 3139//3139 3140//3140 3137//3137
f 3140//3140 3141//3141 3142//3142
f 3139//3139 3141//3141 3140//3140
f 3142//3142 3138//3138 3140//3140
f 3144//3143 3143//3144 3142//3142
f 3143//3144 3146//3145 3142//3142
f 3144//3143 3142//3142 3141//3141
f 3142//3142 3145//3146 3138//3138
f 3142//3142 3146//3145 3145//3146
f 3143//3144 3147//3147 3146//3145
f 3146//3145 3147//3147 3148//3148
f 3146//3145 3148//3148 3145//3146
f 3149//3149 3153//3150 3148//3148
f 3148//3148 3151//3151 3149//3149
f 3148//3148 3150//3152 3152//3153
f 3153//3150 3150//3152 3148//3148
f 3148//3148 3152//3153 3145//3146
f 3148//3148 3147//3147 3151//3151
f 3150//3152 3153//3150 3154//3154
f 3153//3150 3149//3149 3154//3154
f 3154//3154 3156//3155 3155//3156
f 3157//3157 3154//3154 3155//3156
f 3154//3154 3149//3149 3156//3155
f 3154//3154 3157//3157 3158//3158
f 3154//3154 3158//3158 3150//3152
f 3158//3158 3157//3157 3159//3159
f 3159//3159 3150//3152 3158//3158
f 3159//3159 3157//3157 3162//3160
f 3160//3161 3159//3159 3161//3162
f 3160//3161 3150//3152 3159//3159
f 3159//3159 3162//3160 3161//3162
f 3162//3160 3164//3163 3161//3162
f 3162//3160 3163//3164 3166//3165
f 3157//3157 3163//3164 3162//3160
f 3162//3160 3165//3166 3164//3163
f 3162//3160 3166//3165 3165//3166
f 3166//3165 3163//3164 3168//3167
f 3166//3165 3169//3168 3167//3169
f 3165//3166 3166//3165 3167//3169
f 3166//3165 3168//3167 3169//3168
f 3169//3168 3170//3170 3172//3171
f 3171//3172 3170//3170 3169//3168
f 3168//3167 3171//3172 3169//3168
f 3169//3168 3172//3171 3174//3173
f 3167//3169 3169//3168 3173//3174
f 3173//3174 3169//3168 3174//3173
f 3164//3163 3174//3173 3175//3175
f 3175//3175 3174//3173 3176//3176
f 3173//3174 3174//3173 3164//3163
f 3174//3173 3177//3177 3176//3176
f 3172//3171 3177//3177 3174//3173
f 3177//3177 3170//3170 3178//3178
f 3178//3178 3179//3179 3177//3177
f 3172//3171 3170//3170 3177//3177
f 3177//3177 3180//3180 3176//3176
f 3177//3177 3179//3179 3180//3180
f 3180//3180 3181//3181 3185//3182
f 3182//3183 3181//3181 3180//3180
f 3179//3179 3182//3183 3180//3180
f 3180//3180 3185//3182 3183//3184
f 3184//3185 3180//3180 3183//3184
f 3176//3176 3180//3180 3184//3185
f 3185//3182 3181//3181 3186//3186
f 3185//3182 3186//3186 3187//3187
f 3185//3182 3187//3187 3183//3184
f 3186//3186 3188//3188 3187//3187
f 3183//3184 3187//3187 3189//3189
f 3187//3187 3188//3188 3190//3190
f 3190//3190 3189//3189 3187//3187
f 3190//3190 3188//3188 3191//3191
f 3191//3191 3192//3192 3190//3190
f 3193//3193 3190//3190 3192//3192
f 3189//3189 3190//3190 3193//3193
f 3193//3193 3194//3194 3189//3189
f 3193//3193 3192//3192 3195//3195
f 3194//3194 3193//3193 3195//3195
f 3192//3192 3199//3196 3195//3195
f 3195//3195 3198//3197 3194//3194
f 3197//3198 3195//3195 3196//3199
f 3195//3195 3199//3196 3196//3199
f 3198//3197 3195//3195 3197//3198
f 3192//3192 3202//3200 3199//3196
f 3201//3201 3199//3196 3200//3202
f 3199//3196 3202//3200 3200//3202
f 3199//3196 3201//3201 3196//3199
f 3202//3200 3192//3192 3191//3191
f 3202//3200 3191//3191 3200//3202
f 3200//3202 3203//3203 3201//3201
f 3204//3204 3201//3201 3203//3203
f 3196//3199 3201//3201 3204//3204
f 3203//3203 3206//3205 3204//3204
f 3205//3206 3196//3199 3204//3204
f 3205//3206 3204//3204 3207//3207
f 3207//3207 3204//3204 3206//3205
f 3205//3206 3207//3207 3209//3208
f 3206//3205 3208//3209 3207//3207
f 3207//3207 3208//3209 3209//3208
f 3205//3206 3209//3208 3213//3210
f 3210//3211 3213//3210 3209//3208
f 3211//3212 3210//3211 3209//3208
f 3211//3212 3209//3208 3212//3213
f 3212//3213 3209//3208 3208//3209
f 3214//3214 3205//3206 3213//3210
f 3215//3215 3214//3214 3213//3210
f 3210//3211 3215//3215 3213//3210
f 3215//3215 3210//3211 3216//3216
f 3217//3217 3215//3215 3216//3216
f 3215//3215 3217//3217 3214//3214
f 3217//3217 3218//3218 3214//3214
f 3220//3219 3218//3218 3217//3217
f 3219//3220 3220//3219 3217//3217
f 3219//3220 3217//3217 3216//3216
f 3221//3221 3222//3222 3220//3219
f 3221//3221 3220//3219 3223//3223
f 3198//3197 3218//3218 3220//3219
f 3222//3222 3198//3197 3220//3219
f 3223//3223 3220//3219 3224//3224
f 3220//3219 3216//3216 3224//3224
f 3220//3219 3219//3220 3216//3216
f 3223//3223 3224//3224 3226//3225
f 3226//3225 3224//3224 3225//3226
f 3216//3216 3225//3226 3224//3224
f 3229//3227 3226//3225 3227//3228
f 3227//3228 3226//3225 3228//3229
f 3229//3227 3223//3223 3226//3225
f 3228//3229 3226//3225 3225//3226
f 3223//3223 3229//3227 3230//3230
f 3230//3230 3229//3227 3227//3228
f 3233//3231 3231//3232 3230//3230
f 3230//3230 3231//3232 3232//3233
f 3230//3230 3232//3233 3221//3221
f 3221//3221 3223//3223 3230//3230
f 3233//3231 3230//3230 3227//3228
f 3234//3234 3233//3231 3237//3235
f 3231//3232 3233//3231 3234//3234
f 3233//3231 3235//3236 3236//3237
f 3235//3236 3233//3231 3227//3228
f 3237//3235 3233//3231 3236//3237
f 3237//3235 3175//3175 3234//3234
f 3164//3163 3175//3175 3237//3235
f 3238//3238 3164//3163 3237//3235
f 3238//3238 3237//3235 3236//3237
f 3161//3162 3238//3238 3239//3239
f 3161//3162 3164//3163 3238//3238
f 3241//3240 3238//3238 3236//3237
f 3242//3241 3239//3239 3238//3238
f 3240//3242 3243//3243 3238//3238
f 3241//3240 3240//3242 3238//3238
f 3238//3238 3243//3243 3242//3241
f 3242//3241 3243//3243 3246//3244
f 3245//3245 3243//3243 3244//3246
f 3243//3243 3240//3242 3244//3246
f 3246//3244 3243//3243 3245//3245
f 3247//3247 3239//3239 3246//3244
f 3246//3244 3239//3239 3242//3241
f 3248//3248 3247//3247 3246//3244
f 3246//3244 3249//3249 3248//3248
f 3249//3249 3246//3244 3250//3250
f 3246//3244 3245//3245 3250//3250
f 3249//3249 3250//3250 3251//3251
f 3250//3250 3245//3245 3251//3251
f 3249//3249 3251//3251 3253//3252
f 3244//3246 3251//3251 3245//3245
f 3251//3251 3244//3246 3252//3253
f 3251//3251 3252//3253 3253//3252
f 3249//3249 3253//3252 3255//3254
f 3253//3252 3252//3253 3254//3255
f 3254//3255 3255//3254 3253//3252
f 3260//3256 3255//3254 3256//3257
f 3256//3257 3255//3254 3258//3258
f 3255//3254 3257//3259 3258//3258
f 3254//3255 3257//3259 3255//3254
f 3255//3254 3259//3260 3249//3249
f 3260//3256 3259//3260 3255//3254
f 3261//3261 3260//3256 3262//3262
f 3260//3256 3261//3261 3248//3248
f 3262//3262 3260//3256 3256//3257
f 3259//3260 3260//3256 3248//3248
f 3263//3263 3261//3261 3262//3262
f 3262//3262 3256//3257 3264//3264
f 3262//3262 3264//3264 3263//3263
f 3263//3263 3264//3264 3267//3265
f 3256//3257 3265//3266 3264//3264
f 3264//3264 3265//3266 3266//3267
f 3267//3265 3264//3264 3266//3267
f 3270//3268 3263//3263 3267//3265
f 3267//3265 3268//3269 3269//3270
f 3267//3265 3271//3271 3268//3269
f 3269//3270 3270//3268 3267//3265
f 3267//3265 3272//3272 3271//3271
f 3267//3265 3266//3267 3272//3272
f 3272//3272 3273//3273 3275//3274
f 3273//3273 3272//3272 3274//3275
f 3272//3272 3265//3266 3274//3275
f 3272//3272 3276//3276 3271//3271
f 3275//3274 3276//3276 3272//3272
f 3272//3272 3266//3267 3265//3266
f 3277//3277 3276//3276 3281//3278
f 3280//3279 3276//3276 3277//3277
f 3271//3271 3276//3276 3278//3280
f 3276//3276 3279//3281 3278//3280
f 3276//3276 3280//3279 3279//3281
f 3275//3274 3281//3278 3276//3276
f 3281//3278 3282//3282 3285//3283
f 3282//3282 3281//3278 3275//3274
f 3277//3277 3281//3278 3283//3284
f 3284//3285 3283//3284 3281//3278
f 3284//3285 3281//3278 3285//3283
f 3284//3285 3285//3283 3286//3286
f 3286//3286 3285//3283 3288//3287
f 3287//3288 3285//3283 3282//3282
f 3285//3283 3287//3288 3288//3287
f 3288//3287 3289//3289 3290//3290
f 3287//3288 3289//3289 3288//3287
f 3288//3287 3290//3290 3286//3286
f 3292//3291 3290//3290 3291//3292
f 3290//3290 3289//3289 3291//3292
f 3290//3290 3292//3291 3293//3293
f 3290//3290 3293//3293 3296//3294
f 3295//3295 3290//3290 3294//3296
f 3294//3296 3290//3290 3296//3294
f 3286//3286 3290//3290 3295//3295
f 3297//3297 3296//3294 3299//3298
f 3297//3297 3298//3299 3296//3294
f 3298//3299 3294//3296 3296//3294
f 3299//3298 3296//3294 3293//3293
f 3293//3293 3300//3300 3299//3298
f 3299//3298 3300//3300 3301//3301
f 3301//3301 3302//3302 3299//3298
f 3302//3302 3297//3297 3299//3298
f 3306//3303 3302//3302 3303//3304
f 3303//3304 3302//3302 3301//3301
f 3304//3305 3297//3297 3302//3302
f 3304//3305 3302//3302 3305//3306
f 3305//3306 3302//3302 3306//3303
f 3306//3303 3303//3304 3307//3307
f 3307//3307 3308//3308 3306//3303
f 3308//3308 3305//3306 3306//3303
f 3309//3309 3308//3308 3307//3307
f 3309//3309 3310//3310 3308//3308
f 3310//3310 3313//3311 3308//3308
f 3308//3308 3311//3312 3312//3313
f 3308//3308 3313//3311 3311//3312
f 3312//3313 3305//3306 3308//3308
f 3311//3312 3313//3311 3315//3314
f 3310//3310 3314//3315 3313//3311
f 3314//3315 3316//3316 3313//3311
f 3315//3314 3313//3311 3316//3316
f 3317//3317 3316//3316 3314//3315
f 3317//3317 3318//3318 3316//3316
f 3316//3316 3318//3318 3315//3314
f 3319//3319 3318//3318 3317//3317
f 3319//3319 3320//3320 3318//3318
f 3318//3318 3320//3320 3321//3321
f 3318//3318 3321//3321 3322//3322
f 3318//3318 3322//3322 3315//3314
f 3323//3323 3322//3322 3321//3321
f 3322//3322 3323//3323 3315//3314
f 3327//3324 3324//3325 3323//3323
f 3324//3325 3325//3326 3323//3323
f 3325//3326 3329//3327 3323//3323
f 3323//3323 3321//3321 3326//3328
f 3326//3328 3327//3324 3323//3323
f 3323//3323 3328//3329 3315//3314
f 3329//3327 3328//3329 3323//3323
f 3329//3327 3331//3330 3330//3331
f 3330//3331 3328//3329 3329//3327
f 3333//3332 3331//3330 3329//3327
f 3329//3327 3332//3333 3333//3332
f 3332//3333 3329//3327 3325//3326
f 3337//3334 3331//3330 3333//3332
f 3333//3332 3332//3333 3336//3335
f 3335//3336 3333//3332 3334//3337
f 3333//3332 3336//3335 3334//3337
f 3335//3336 3337//3334 3333//3332
f 3337//3334 3304//3305 3305//3306
f 3337//3334 3338//3338 3304//3305
f 3337//3334 3305//3306 3331//3330
f 3335//3336 3338//3338 3337//3334
f 3297//3297 3304//3305 3338//3338
f 3298//3299 3297//3297 3338//3338
f 3339//3339 3338//3338 3341//3340
f 3339//3339 3298//3299 3338//3338
f 3342//3341 3338//3338 3340//3342
f 3340//3342 3338//3338 3335//3336
f 3342//3341 3341//3340 3338//3338
f 3342//3341 3343//3343 3341//3340
f 3343//3343 3342//3341 3340//3342
f 3341//3340 3343//3343 3344//3344
f 3344//3344 3343//3343 3345//3345
f 3345//3345 3343//3343 3346//3346
f 3346//3346 3343//3343 3340//3342
f 3345//3345 3346//3346 3347//3347
f 3346//3346 3348//3348 3347//3347
f 3346//3346 3334//3337 3348//3348
f 3346//3346 3340//3342 3334//3337
f 3347//3347 3348//3348 3349//3349
f 3349//3349 3348//3348 3351//3350
f 3348//3348 3334//3337 3350//3351
f 3348//3348 3350//3351 3351//3350
f 3352//3352 3349//3349 3351//3350
f 3351//3350 3354//3353 3352//3352
f 3353//3354 3351//3350 3350//3351
f 3354//3353 3351//3350 3353//3354
f 3355//3355 3352//3352 3354//3353
f 3355//3355 3354//3353 3356//3356
f 3354//3353 3357//3357 3356//3356
f 3354//3353 3353//3354 3357//3357
f 3353//3354 3358//3358 3357//3357
f 3358//3358 3359//3359 3357//3357
f 3357//3357 3359//3359 3361//3360
f 3360//3361 3356//3356 3357//3357
f 3360//3361 3357//3357 3361//3360
f 3364//3362 3361//3360 3359//3359
f 3361//3360 3364//3362 3362//3363
f 3361//3360 3362//3363 3363//3364
f 3361//3360 3363//3364 3360//3361
f 3359//3359 3365//3365 3364//3362
f 3364//3362 3365//3365 3366//3366
f 3364//3362 3366//3366 3362//3363
f 3365//3365 3369//3367 3366//3366
f 3362//3363 3366//3366 3371//3368
f 3371//3368 3366//3366 3367//3369
f 3366//3366 3368//3370 3367//3369
f 3368//3370 3366//3366 3370//3371
f 3370//3371 3366//3366 3369//3367
f 3372//3372 3371//3368 3367//3369
f 3372//3372 3362//3363 3371//3368
f 3373//3373 3372//3372 3367//3369
f 3362//3363 3372//3372 3363//3364
f 3372//3372 3374//3374 3363//3364
f 3374//3374 3372//3372 3373//3373
f 3374//3374 3375//3375 3377//3376
f 3374//3374 3378//3377 3375//3375
f 3377//3376 3376//3378 3374//3374
f 3374//3374 3376//3378 3363//3364
f 3374//3374 3373//3373 3378//3377
f 3378//3377 3373//3373 3380//3379
f 3380//3379 3379//3380 3378//3377
f 3379//3380 3382//3381 3378//3377
f 3381//3382 3378//3377 3382//3381
f 3383//3383 3378//3377 3381//3382
f 3383//3383 3375//3375 3378//3377
f 3375//3375 3383//3383 3377//3376
f 3377//3376 3383//3383 3384//3384
f 3385//3385 3384//3384 3383//3383
f 3385//3385 3383//3383 3381//3382
f 3386//3386 3385//3385 3381//3382
f 3386//3386 3387//3387 3385//3385
f 3385//3385 3387//3387 3384//3384
f 3390//3388 3384//3384 3387//3387
f 3387//3387 3388//3389 3390//3388
f 3388//3389 3387//3387 3389//3390
f 3389//3390 3387//3387 3386//3386
f 3391//3391 3384//3384 3390//3388
f 3393//3392 3391//3391 3390//3388
f 3390//3388 3388//3389 3392//3393
f 3390//3388 3392//3393 3393//3392
f 3394//3394 3393//3392 3392//3393
f 3393//3392 3394//3394 3395//3395
f 3391//3391 3393//3392 3395//3395
f 3396//3396 3391//3391 3395//3395
f 3395//3395 3397//3397 3396//3396
f 3395//3395 3398//3398 3397//3397
f 3395//3395 3394//3394 3398//3398
f 3394//3394 3399//3399 3398//3398
f 3399//3399 3397//3397 3398//3398
f 3400//3400 3397//3397 3399//3399
f 3400//3400 3399//3399 3402//3401
f 3394//3394 3401//3402 3399//3399
f 3402//3401 3399//3399 3401//3402
f 3402//3401 3401//3402 3403//3403
f 3403//3403 2966//2966 3402//3401
f 3402//3401 2966//2966 3404//3404
f 3400//3400 3402//3401 3404//3404
f 3400//3400 3404//3404 3408//3405
f 3405//3406 3404//3404 3406//3407
f 3404//3404 3405//3406 3408//3405
f 3406//3407 3404//3404 3407//3408
f 3404//3404 2966//2966 3407//3408
f 3408//3405 3411//3409 3409//3410
f 3408//3405 3409//3410 3400//3400
f 3408//3405 3405//3406 3410//3411
f 3408//3405 3410//3411 3411//3409
f 3412//3412 3411//3409 3415//3413
f 3414//3414 3411//3409 3412//3412
f 3409//3410 3411//3409 3413//3415
f 3411//3409 3414//3414 3413//3415
f 3415//3413 3411//3409 3410//3411
f 3412//3412 3415//3413 3416//3416
f 3416//3416 3415//3413 3417//3417
f 3417//3417 3415//3413 3419//3418
f 3415//3413 3410//3411 3418//3419
f 3418//3419 3419//3418 3415//3413
f 3420//3420 3417//3417 3419//3418
f 3421//3421 3420//3420 3419//3418
f 3421//3421 3419//3418 3422//3422
f 3419//3418 3418//3419 3422//3422
f 3422//3422 3418//3419 3423//3423
f 3424//3424 3422//3422 3423//3423
f 3422//3422 3424//3424 3421//3421
f 3421//3421 3424//3424 3429//3425
f 3425//3426 3428//3427 3424//3424
f 3424//3424 3427//3428 3425//3426
f 3426//3429 3424//3424 3428//3427
f 3429//3425 3424//3424 3426//3429
f 3424//3424 3423//3423 3427//3428
f 3431//3430 3429//3425 3430//3431
f 3430//3431 3429//3425 3426//3429
f 3421//3421 3429//3425 3432//3432
f 3431//3430 3432//3432 3429//3425
f 3432//3432 3434//3433 3433//3434
f 3433//3434 3435//3435 3432//3432
f 3431//3430 3434//3433 3432//3432
f 3432//3432 3435//3435 3421//3421
f 3433//3434 3436//3436 3435//3435
f 3436//3436 3439//3437 3435//3435
f 3435//3435 3437//3438 3438//3439
f 3439//3437 3437//3438 3435//3435
f 3435//3435 3420//3420 3421//3421
f 3435//3435 3438//3439 3417//3417
f 3435//3435 3417//3417 3420//3420
f 3441//3440 3440//3441 3439//3437
f 3440//3441 3442//3442 3439//3437
f 3436//3436 3441//3440 3439//3437
f 3437//3438 3439//3437 3442//3442
f 3444//3443 3442//3442 3440//3441
f 3442//3442 3443//3444 3437//3438
f 3444//3443 3443//3444 3442//3442
f 3445//3445 3446//3446 3444//3443
f 3440//3441 3445//3445 3444//3443
f 3444//3443 3447//3447 3443//3444
f 3446//3446 3447//3447 3444//3443
f 3448//3448 3449//3449 3447//3447
f 3446//3446 3448//3448 3447//3447
f 3447//3447 3449//3449 3450//3450
f 3447//3447 3450//3450 3443//3444
f 3450//3450 3451//3451 3452//3452
f 3451//3451 3450//3450 3449//3449
f 3452//3452 3443//3444 3450//3450
f 3453//3453 3454//3454 3452//3452
f 3452//3452 3451//3451 3453//3453
f 3454//3454 3456//3455 3452//3452
f 3437//3438 3443//3444 3452//3452
f 3456//3455 3455//3456 3452//3452
f 3452//3452 3455//3456 3416//3416
f 3437//3438 3452//3452 3416//3416
f 3457//3457 3456//3455 3454//3454
f 3455//3456 3456//3455 3457//3457
f 3454//3454 3459//3458 3457//3457
f 3458//3459 3457//3457 3459//3458
f 3458//3459 3460//3460 3457//3457
f 3455//3456 3457//3457 3413//3415
f 3457//3457 3460//3460 3413//3415
f 3460//3460 3461//3461 3462//3462
f 3460//3460 3463//3463 3461//3461
f 3462//3462 3413//3415 3460//3460
f 3458//3459 3463//3463 3460//3460
f 3465//3464 3463//3463 3458//3459
f 3461//3461 3463//3463 3466//3465
f 3463//3463 3465//3464 3464//3466
f 3463//3463 3464//3466 3466//3465
f 3409//3410 3466//3465 3397//3397
f 3466//3465 3464//3466 3397//3397
f 3466//3465 3409//3410 3461//3461
f 3468//3467 3467//3468 3465//3464
f 3469//3469 3465//3464 3467//3468
f 3465//3464 3458//3459 3468//3467
f 3470//3470 3465//3464 3469//3469
f 3470//3470 3464//3466 3465//3464
f 3471//3471 3472//3472 3470//3470
f 3471//3471 3470//3470 3469//3469
f 3396//3396 3470//3470 3472//3472
f 3470//3470 3396//3396 3397//3397
f 3470//3470 3397//3397 3464//3466
f 3472//3472 3473//3473 3474//3474
f 3471//3471 3473//3473 3472//3472
f 3474//3474 3396//3396 3472//3472
f 3475//3475 3474//3474 3473//3473
f 3474//3474 3475//3475 3376//3378
f 3376//3378 3476//3476 3474//3474
f 3476//3476 3396//3396 3474//3474
f 3396//3396 3476//3476 3477//3477
f 3477//3477 3476//3476 3384//3384
f 3377//3376 3384//3384 3476//3476
f 3476//3476 3376//3378 3377//3376
f 3391//3391 3396//3396 3477//3477
f 3391//3391 3477//3477 3384//3384
f 3478//3478 3376//3378 3475//3475
f 3480//3479 3478//3478 3475//3475
f 3479//3480 3480//3479 3475//3475
f 3475//3475 3471//3471 3479//3480
f 3475//3475 3473//3473 3471//3471
f 3356//3356 3360//3361 3480//3479
f 3480//3479 3479//3480 3356//3356
f 3480//3479 3360//3361 3478//3478
f 3482//3481 3479//3480 3481//3482
f 3481//3482 3479//3480 3471//3471
f 3482//3481 3483//3483 3479//3480
f 3356//3356 3479//3480 3483//3483
f 3482//3481 3484//3484 3483//3483
f 3484//3484 3355//3355 3483//3483
f 3483//3483 3355//3355 3356//3356
f 3485//3485 3484//3484 3482//3481
f 3347//3347 3355//3355 3484//3484
f 3484//3484 3345//3345 3347//3347
f 3485//3485 3345//3345 3484//3484
f 3345//3345 3485//3485 3486//3486
f 3487//3487 3486//3486 3485//3485
f 3482//3481 3487//3487 3485//3485
f 3486//3486 3487//3487 3280//3279
f 3488//3488 3280//3279 3487//3487
f 3482//3481 3488//3488 3487//3487
f 3280//3279 3488//3488 3279//3281
f 3488//3488 3489//3489 3279//3281
f 3488//3488 3490//3490 3489//3489
f 3490//3490 3488//3488 3482//3481
f 3489//3489 3490//3490 3491//3491
f 3492//3492 3491//3491 3490//3490
f 3492//3492 3490//3490 3482//3481
f 3481//3482 3492//3492 3482//3481
f 3481//3482 3493//3493 3492//3492
f 3491//3491 3492//3492 3493//3493
f 3491//3491 3493//3493 3467//3468
f 3467//3468 3493//3493 3469//3469
f 3481//3482 3471//3471 3493//3493
f 3469//3469 3493//3493 3471//3471
f 3494//3494 3489//3489 3491//3491
f 3491//3491 3495//3495 3494//3494
f 3467//3468 3495//3495 3491//3491
f 3496//3496 3495//3495 3497//3497
f 3495//3495 3496//3496 3494//3494
f 3497//3497 3495//3495 3467//3468
f 3498//3498 3497//3497 3499//3499
f 3496//3496 3497//3497 3498//3498
f 3497//3497 3458//3459 3499//3499
f 3467//3468 3468//3467 3497//3497
f 3458//3459 3497//3497 3468//3467
f 3498//3498 3499//3499 3500//3500
f 3499//3499 3459//3458 3500//3500
f 3459//3458 3499//3499 3458//3459
f 3500//3500 3501//3501 3498//3498
f 3500//3500 3504//3502 3501//3501
f 3500//3500 3503//3503 3502//3504
f 3502//3504 3504//3502 3500//3500
f 3459//3458 3503//3503 3500//3500
f 3508//3505 3505//3506 3504//3502
f 3505//3506 3507//3507 3504//3502
f 3502//3504 3508//3505 3504//3502
f 3504//3502 3507//3507 3506//3508
f 3504//3502 3506//3508 3501//3501
f 3509//3509 3505//3506 3508//3505
f 3511//3510 3509//3509 3508//3505
f 3510//3511 3508//3505 3502//3504
f 3510//3511 3511//3510 3508//3505
f 3511//3510 3512//3512 3513//3513
f 3512//3512 3511//3510 3515//3514
f 3513//3513 3516//3515 3511//3510
f 3516//3515 3514//3516 3511//3510
f 3514//3516 3509//3509 3511//3510
f 3515//3514 3511//3510 3510//3511
f 3518//3517 3517//3518 3516//3515
f 3516//3515 3517//3518 3521//3519
f 3520//3520 3518//3517 3516//3515
f 3513//3513 3520//3520 3516//3515
f 3514//3516 3516//3515 3519//3521
f 3519//3521 3516//3515 3521//3519
f 3522//3522 3524//3523 3521//3519
f 3523//3524 3522//3522 3521//3519
f 3523//3524 3521//3519 3517//3518
f 3519//3521 3521//3519 3524//3523
f 3524//3523 3527//3525 3525//3526
f 3525//3526 3526//3527 3524//3523
f 3269//3270 3524//3523 3526//3527
f 3528//3528 3527//3525 3524//3523
f 3524//3523 3522//3522 3528//3528
f 3529//3529 3524//3523 3269//3270
f 3529//3529 3530//3530 3524//3523
f 3530//3530 3519//3521 3524//3523
f 3533//3531 3519//3521 3530//3530
f 3530//3530 3532//3532 3531//3533
f 3533//3531 3530//3530 3531//3533
f 3532//3532 3530//3530 3529//3529
f 3519//3521 3533//3531 3514//3516
f 3514//3516 3533//3531 3505//3506
f 3505//3506 3533//3531 3507//3507
f 3533//3531 3531//3533 3507//3507
f 3269//3270 3279//3281 3532//3532
f 3532//3532 3529//3529 3269//3270
f 3531//3533 3532//3532 3534//3534
f 3489//3489 3532//3532 3279//3281
f 3534//3534 3532//3532 3489//3489
f 3534//3534 3506//3508 3531//3533
f 3506//3508 3534//3534 3494//3494
f 3534//3534 3489//3489 3494//3494
f 3531//3533 3506//3508 3507//3507
f 3527//3525 3528//3528 3535//3535
f 3536//3536 3535//3535 3528//3528
f 3522//3522 3536//3536 3528//3528
f 3537//3537 3536//3536 3539//3538
f 3538//3539 3536//3536 3537//3537
f 3536//3536 3538//3539 3535//3535
f 3539//3538 3536//3536 3522//3522
f 3537//3537 3539//3538 3541//3540
f 3539//3538 3540//3541 3541//3540
f 3540//3541 3539//3538 3523//3524
f 3523//3524 3539//3538 3522//3522
f 3541//3540 3545//3542 3542//3543
f 3541//3540 3542//3543 3537//3537
f 3543//3544 3541//3540 3540//3541
f 3544//3545 3541//3540 3543//3544
f 3544//3545 3545//3542 3541//3540
f 3545//3542 3549//3546 3091//3090
f 3091//3090 3547//3547 3545//3542
f 3548//3548 3546//3549 3545//3542
f 3545//3542 3546//3549 3549//3546
f 3542//3543 3545//3542 3547//3547
f 3544//3545 3548//3548 3545//3542
f 3546//3549 3081//3082 3549//3546
f 3549//3546 3090//3091 3091//3090
f 3081//3082 3090//3091 3549//3546
f 3551//3550 3550//3551 3548//3548
f 3546//3549 3548//3548 3550//3551
f 3548//3548 3544//3545 3551//3550
f 3071//3072 3551//3550 3552//3552
f 3550//3551 3551//3550 3071//3072
f 3551//3550 3544//3545 3552//3552
f 3552//3552 3070//3071 3071//3072
f 3544//3545 3554//3553 3552//3552
f 3554//3553 3553//3554 3552//3552
f 3060//3061 3552//3552 3553//3554
f 3552//3552 3067//3067 3070//3071
f 3552//3552 3060//3061 3067//3067
f 3544//3545 3543//3544 3554//3553
f 3556//3555 3555//3556 3554//3553
f 3553//3554 3554//3553 3555//3556
f 3543//3544 3556//3555 3554//3553
f 3557//3557 3555//3556 3556//3555
f 3556//3555 3543//3544 3557//3557
f 3543//3544 3540//3541 3557//3557
f 3540//3541 3558//3558 3557//3557
f 3558//3558 3555//3556 3557//3557
f 3555//3556 3558//3558 3560//3559
f 3558//3558 3540//3541 3559//3560
f 3558//3558 3559//3560 3561//3561
f 3561//3561 3560//3559 3558//3558
f 3561//3561 3562//3562 3030//3029
f 3030//3029 3032//3033 3561//3561
f 3559//3560 3562//3562 3561//3561
f 3560//3559 3561//3561 3032//3033
f 3563//3563 3562//3562 3559//3560
f 3564//3564 3562//3562 3563//3563
f 3564//3564 3565//3565 3562//3562
f 3027//3030 3562//3562 3565//3565
f 3562//3562 3027//3030 3030//3029
f 3564//3564 3567//3566 3565//3565
f 3028//3031 3027//3030 3565//3565
f 3028//3031 3565//3565 3566//3567
f 3565//3565 3567//3566 3566//3567
f 3448//3448 3567//3566 3564//3564
f 3567//3566 3445//3445 3566//3567
f 3445//3445 3567//3566 3446//3446
f 3567//3566 3448//3448 3446//3446
f 3569//3568 3028//3031 3566//3567
f 3566//3567 3445//3445 3568//3569
f 3569//3568 3566//3567 3568//3569
f 3572//3570 3028//3031 3569//3568
f 3569//3568 3568//3569 3570//3571
f 3571//3572 3569//3568 3570//3571
f 3571//3572 3572//3570 3569//3568
f 3572//3570 3573//3573 3028//3031
f 3574//3574 3573//3573 3572//3570
f 3572//3570 3571//3572 3574//3574
f 3575//3575 3574//3574 3571//3572
f 3574//3574 3575//3575 3576//3576
f 3029//3027 3573//3573 3574//3574
f 3577//3577 3029//3027 3574//3574
f 3576//3576 3577//3577 3574//3574
f 3578//3578 3029//3027 3577//3577
f 3577//3577 3579//3579 3578//3578
f 3580//3580 3577//3577 3576//3576
f 3579//3579 3577//3577 3580//3580
f 3580//3580 3576//3576 3581//3581
f 3580//3580 3581//3581 3582//3582
f 3582//3582 3579//3579 3580//3580
f 3584//3583 3579//3579 3582//3582
f 3585//3584 3583//3585 3582//3582
f 3583//3585 3584//3583 3582//3582
f 3581//3581 3585//3584 3582//3582
f 3589//3586 3583//3585 3585//3584
f 3586//3587 3588//3588 3585//3584
f 3585//3584 3581//3581 3586//3587
f 3588//3588 3587//3589 3585//3584
f 3589//3586 3585//3584 3587//3589
f 3590//3590 3583//3585 3589//3586
f 3589//3586 3591//3591 3590//3590
f 3592//3592 3591//3591 3589//3586
f 3589//3586 3587//3589 3592//3592
f 3593//3593 3592//3592 3587//3589
f 3591//3591 3592//3592 3593//3593
f 3587//3589 3596//3594 3593//3593
f 3593//3593 3594//3595 3591//3591
f 3593//3593 3595//3596 3594//3595
f 3596//3594 3595//3596 3593//3593
f 3596//3594 3588//3588 3597//3597
f 3588//3588 3596//3594 3587//3589
f 3596//3594 3597//3597 3434//3433
f 3596//3594 3434//3433 3595//3596
f 3586//3587 3598//3598 3597//3597
f 3588//3588 3586//3587 3597//3597
f 3597//3597 3598//3598 3570//3571
f 3597//3597 3599//3599 3436//3436
f 3597//3597 3570//3571 3599//3599
f 3433//3434 3597//3597 3436//3436
f 3434//3433 3597//3597 3433//3434
f 3568//3569 3600//3600 3599//3599
f 3570//3571 3568//3569 3599//3599
f 3599//3599 3600//3600 3441//3440
f 3436//3436 3599//3599 3441//3440
f 3445//3445 3600//3600 3568//3569
f 3601//3601 3441//3440 3600//3600
f 3600//3600 3445//3445 3601//3601
f 3601//3601 3445//3445 3440//3441
f 3601//3601 3440//3441 3441//3440
f 3598//3598 3575//3575 3571//3572
f 3586//3587 3575//3575 3598//3598
f 3598//3598 3571//3572 3570//3571
f 3595//3596 3602//3602 3594//3595
f 3602//3602 3595//3596 3603//3603
f 3603//3603 3595//3596 3434//3433
f 3603//3603 3431//3430 3430//3431
f 3434//3433 3431//3430 3603//3603
f 3602//3602 3603//3603 3430//3431
f 3605//3604 3602//3602 3430//3431
f 3594//3595 3602//3602 3604//3605
f 3604//3605 3602//3602 3605//3604
f 3426//3429 3428//3427 3605//3604
f 3606//3606 3605//3604 3428//3427
f 3604//3605 3605//3604 3606//3606
f 3430//3431 3426//3429 3605//3604
f 3604//3605 3606//3606 2996//2997
f 2996//2997 3606//3606 2997//2998
f 2997//2998 3606//3606 3428//3427
f 3001//3002 3594//3595 3604//3605
f 3604//3605 2996//2997 3001//3002
f 3607//3607 3591//3591 3594//3595
f 3594//3595 3001//3002 3607//3607
f 3607//3607 3608//3608 3590//3590
f 3608//3608 3607//3607 3609//3609
f 3591//3591 3607//3607 3590//3590
f 3001//3002 3609//3609 3607//3607
f 3000//3000 3608//3608 3609//3609
f 3000//3000 3609//3609 3001//3002
f 3608//3608 3000//3000 3610//3610
f 3590//3590 3608//3608 3610//3610
f 3612//3611 3610//3610 3611//3612
f 3610//3610 3010//3012 3611//3612
f 3011//3011 3010//3012 3610//3610
f 3612//3611 3590//3590 3610//3610
f 3000//3000 3011//3011 3610//3610
f 3583//3585 3590//3590 3612//3611
f 3583//3585 3612//3611 3584//3583
f 3613//3613 3584//3583 3612//3611
f 3613//3613 3612//3611 3611//3612
f 3017//3016 3584//3583 3613//3613
f 3613//3613 3611//3612 3017//3016
f 3611//3612 3010//3012 3017//3016
f 3614//3614 3575//3575 3586//3587
f 3586//3587 3581//3581 3614//3614
f 3576//3576 3614//3614 3581//3581
f 3614//3614 3576//3576 3575//3575
f 3615//3615 3579//3579 3584//3583
f 3584//3583 3017//3016 3615//3615
f 3021//3021 3578//3578 3615//3615
f 3578//3578 3579//3579 3615//3615
f 3021//3021 3615//3615 3016//3018
f 3016//3018 3615//3615 3017//3016
f 3578//3578 3021//3021 3023//3023
f 3578//3578 3023//3023 3029//3027
f 3028//3031 3573//3573 3029//3027
f 3564//3564 3563//3563 3517//3518
f 3564//3564 3517//3518 3518//3517
f 3518//3517 3616//3616 3564//3564
f 3448//3448 3564//3564 3616//3616
f 3616//3616 3518//3517 3520//3520
f 3448//3448 3616//3616 3449//3449
f 3616//3616 3513//3513 3449//3449
f 3616//3616 3520//3520 3513//3513
f 3540//3541 3563//3563 3559//3560
f 3517//3518 3563//3563 3540//3541
f 3560//3559 3032//3033 3617//3617
f 3618//3618 3560//3559 3617//3617
f 3618//3618 3555//3556 3560//3559
f 3061//3062 3618//3618 3062//3063
f 3618//3618 3061//3062 3553//3554
f 3618//3618 3617//3617 3062//3063
f 3555//3556 3618//3618 3553//3554
f 3062//3063 3617//3617 3619//3619
f 3617//3617 3032//3033 3619//3619
f 3062//3063 3619//3619 3620//3620
f 3619//3619 3034//3034 3620//3620
f 3032//3033 3034//3034 3619//3619
f 3620//3620 3622//3621 3062//3063
f 3621//3622 3620//3620 3043//3044
f 3622//3621 3620//3620 3621//3622
f 3620//3620 3034//3034 3043//3044
f 3056//3056 3062//3063 3622//3621
f 3622//3621 3621//3622 3056//3056
f 3621//3622 3042//3043 3056//3056
f 3042//3043 3621//3622 3043//3044
f 3060//3061 3553//3554 3061//3062
f 3546//3549 3550//3551 3081//3082
f 3550//3551 3076//3077 3081//3082
f 3076//3077 3550//3551 3072//3073
f 3072//3073 3550//3551 3071//3072
f 3623//3623 3547//3547 3094//3095
f 3091//3090 3094//3095 3547//3547
f 3547//3547 3623//3623 3542//3543
f 3624//3624 3538//3539 3623//3623
f 3624//3624 3623//3623 3094//3095
f 3537//3537 3542//3543 3623//3623
f 3537//3537 3623//3623 3538//3539
f 3625//3625 3626//3626 3624//3624
f 3095//3096 3625//3625 3624//3624
f 3094//3095 3095//3096 3624//3624
f 3624//3624 3626//3626 3538//3539
f 3628//3627 3626//3626 3625//3625
f 3538//3539 3626//3626 3627//3628
f 3628//3627 3627//3628 3626//3626
f 3628//3627 3625//3625 3631//3629
f 3629//3630 3627//3628 3628//3627
f 3628//3627 3630//3631 3629//3630
f 3628//3627 3631//3629 3630//3631
f 3123//3124 3631//3629 3632//3632
f 3631//3629 3625//3625 3632//3632
f 3630//3631 3631//3629 3633//3633
f 3634//3634 3633//3633 3631//3629
f 3634//3634 3631//3629 3123//3124
f 3634//3634 3635//3635 3636//3636
f 3634//3634 3122//3123 3635//3635
f 3634//3634 3123//3124 3122//3123
f 3634//3634 3636//3636 3633//3633
f 3637//3637 3636//3636 3635//3635
f 3638//3638 3636//3636 3637//3637
f 3636//3636 3638//3638 3639//3639
f 3633//3633 3636//3636 3639//3639
f 3640//3640 3639//3639 3638//3638
f 3639//3639 3641//3641 3633//3633
f 3639//3639 3640//3640 3641//3641
f 3643//3642 3641//3641 3640//3640
f 3641//3641 3643//3642 3642//3643
f 3527//3525 3641//3641 3642//3643
f 3527//3525 3535//3535 3641//3641
f 3535//3535 3627//3628 3641//3641
f 3629//3630 3641//3641 3627//3628
f 3641//3641 3629//3630 3633//3633
f 3643//3642 3644//3644 3526//3527
f 3643//3642 3640//3640 3644//3644
f 3525//3526 3643//3642 3526//3527
f 3642//3643 3643//3642 3525//3526
f 3263//3263 3644//3644 3261//3261
f 3526//3527 3644//3644 3263//3263
f 3644//3644 3640//3640 3645//3645
f 3644//3644 3645//3645 3646//3646
f 3644//3644 3646//3646 3261//3261
f 3645//3645 3647//3647 3646//3646
f 3647//3647 3261//3261 3646//3646
f 3647//3647 3648//3648 3649//3649
f 3645//3645 3648//3648 3647//3647
f 3248//3248 3647//3647 3649//3649
f 3261//3261 3647//3647 3248//3248
f 3648//3648 3247//3247 3649//3649
f 3247//3247 3248//3248 3649//3649
f 3648//3648 3650//3650 3653//3651
f 3648//3648 3651//3652 3650//3650
f 3651//3652 3648//3648 3652//3653
f 3652//3653 3648//3648 3645//3645
f 3247//3247 3648//3648 3653//3651
f 3653//3651 3239//3239 3247//3247
f 3653//3651 3654//3654 3239//3239
f 3650//3650 3654//3654 3653//3651
f 3655//3655 3161//3162 3654//3654
f 3656//3656 3655//3655 3654//3654
f 3656//3656 3654//3654 3650//3650
f 3161//3162 3239//3239 3654//3654
f 3133//3132 3656//3656 3657//3657
f 3657//3657 3656//3656 3650//3650
f 3133//3132 3655//3655 3656//3656
f 3658//3658 3132//3134 3657//3657
f 3132//3134 3133//3132 3657//3657
f 3657//3657 3659//3659 3658//3658
f 3659//3659 3657//3657 3650//3650
f 3661//3660 3658//3658 3659//3659
f 3659//3659 3651//3652 3660//3661
f 3651//3652 3659//3659 3650//3650
f 3660//3661 3635//3635 3659//3659
f 3635//3635 3661//3660 3659//3659
f 3125//3125 3658//3658 3661//3660
f 3125//3125 3661//3660 3635//3635
f 3660//3661 3651//3652 3662//3662
f 3637//3637 3660//3661 3662//3662
f 3635//3635 3660//3661 3637//3637
f 3662//3662 3651//3652 3652//3653
f 3637//3637 3662//3662 3638//3638
f 3652//3653 3638//3638 3662//3662
f 3125//3125 3129//3129 3658//3658
f 3658//3658 3129//3129 3132//3134
f 3161//3162 3655//3655 3133//3132
f 3638//3638 3652//3653 3645//3645
f 3645//3645 3640//3640 3638//3638
f 3642//3643 3525//3526 3527//3525
f 3125//3125 3635//3635 3122//3123
f 3633//3633 3629//3630 3630//3631
f 3625//3625 3100//3100 3632//3632
f 3119//3120 3123//3124 3632//3632
f 3119//3120 3632//3632 3100//3100
f 3535//3535 3538//3539 3627//3628
f 3095//3096 3096//3097 3625//3625
f 3096//3097 3100//3100 3625//3625
f 3523//3524 3517//3518 3540//3541
f 3270//3268 3526//3527 3263//3263
f 3526//3527 3270//3268 3269//3270
f 3510//3511 3453//3453 3515//3514
f 3512//3512 3515//3514 3453//3453
f 3514//3516 3505//3506 3509//3509
f 3513//3513 3512//3512 3449//3449
f 3512//3512 3453//3453 3451//3451
f 3449//3449 3512//3512 3451//3451
f 3510//3511 3502//3504 3453//3453
f 3506//3508 3494//3494 3496//3496
f 3501//3501 3506//3508 3496//3496
f 3503//3503 3454//3454 3453//3453
f 3453//3453 3502//3504 3503//3503
f 3454//3454 3503//3503 3459//3458
f 3498//3498 3501//3501 3496//3496
f 3277//3277 3283//3284 3486//3486
f 3280//3279 3277//3277 3486//3486
f 3486//3486 3284//3285 3663//3663
f 3283//3284 3284//3285 3486//3486
f 3345//3345 3486//3486 3663//3663
f 3284//3285 3286//3286 3663//3663
f 3663//3663 3286//3286 3344//3344
f 3344//3344 3345//3345 3663//3663
f 3360//3361 3363//3364 3478//3478
f 3376//3378 3478//3478 3363//3364
f 3462//3462 3461//3461 3413//3415
f 3413//3415 3461//3461 3409//3410
f 3416//3416 3455//3456 3412//3412
f 3455//3456 3413//3415 3412//3412
f 3437//3438 3416//3416 3438//3439
f 3438//3439 3416//3416 3417//3417
f 3428//3427 3664//3664 2997//2998
f 3425//3426 3664//3664 3428//3427
f 3425//3426 2997//2998 3664//3664
f 3425//3426 3427//3428 3665//3665
f 3665//3665 3427//3428 3666//3666
f 3666//3666 3427//3428 3423//3423
f 3665//3665 3666//3666 3667//3667
f 3666//3666 3423//3423 3669//3668
f 3667//3667 3666//3666 3668//3669
f 3669//3668 3668//3669 3666//3666
f 3669//3668 3671//3670 3670//3671
f 3670//3671 3673//3672 3669//3668
f 3671//3670 3669//3668 3672//3673
f 3672//3673 3669//3668 3423//3423
f 3673//3672 3668//3669 3669//3668
f 3673//3672 3670//3671 3674//3674
f 3668//3669 3673//3672 3675//3675
f 3673//3672 3674//3674 2968//2968
f 2970//2970 3675//3675 3673//3672
f 3673//3672 2968//2968 2970//2970
f 3676//3676 3668//3669 3675//3675
f 3675//3675 2970//2970 3676//3676
f 3668//3669 3676//3676 3677//3677
f 3676//3676 2970//2970 2973//2973
f 2973//2973 2975//2976 3676//3676
f 3676//3676 2975//2976 3677//3677
f 3678//3678 3677//3677 2980//2982
f 3667//3667 3677//3677 3678//3678
f 2980//2982 3677//3677 2975//2976
f 3667//3667 3668//3669 3677//3677
f 3665//3665 3667//3667 3678//3678
f 3665//3665 3678//3678 2997//2998
f 2980//2982 2997//2998 3678//3678
f 3674//3674 3670//3671 3406//3407
f 3407//3408 2968//2968 3674//3674
f 3407//3408 3674//3674 3406//3407
f 3418//3419 3672//3673 3423//3423
f 3671//3670 3672//3673 3679//3679
f 3418//3419 3679//3679 3672//3673
f 3410//3411 3679//3679 3418//3419
f 3671//3670 3679//3679 3670//3671
f 3406//3407 3670//3671 3679//3679
f 3405//3406 3406//3407 3679//3679
f 3679//3679 3410//3411 3405//3406
f 3425//3426 3665//3665 2997//2998
f 3414//3414 3412//3412 3413//3415
f 3409//3410 3397//3397 3400//3400
f 2966//2966 2968//2968 3407//3408
f 3682//3680 3680//3681 3403//3403
f 3403//3403 3680//3681 2966//2966
f 3682//3680 3403//3403 3681//3682
f 3681//3682 3403//3403 3401//3402
f 3684//3683 3683//3684 3682//3680
f 3682//3680 3683//3684 3680//3681
f 3682//3680 3681//3682 3684//3683
f 3388//3389 3389//3390 3684//3683
f 3684//3683 3681//3682 3388//3389
f 3683//3684 3684//3683 3685//3685
f 3684//3683 3389//3390 3685//3685
f 3687//3686 3685//3685 3686//3687
f 3686//3687 3685//3685 3386//3386
f 3386//3386 3685//3685 3389//3390
f 3683//3684 3685//3685 3687//3686
f 3687//3686 3686//3687 3689//3688
f 3687//3686 3690//3689 3683//3684
f 3687//3686 3689//3688 3688//3690
f 3691//3691 3687//3686 3688//3690
f 3690//3689 3687//3686 3691//3691
f 3688//3690 3693//3692 3691//3691
f 3692//3693 3690//3689 3691//3691
f 3692//3693 3691//3691 3695//3694
f 3693//3692 3694//3695 3691//3691
f 3694//3695 3695//3694 3691//3691
f 3695//3694 2957//2957 3692//3693
f 2957//2957 3695//3694 3696//3696
f 3694//3695 3696//3696 3695//3694
f 3697//3697 3700//3698 3696//3696
f 3696//3696 3698//3699 3697//3697
f 3699//3700 3698//3699 3696//3696
f 3699//3700 3696//3696 3694//3695
f 2957//2957 3696//3696 2959//2958
f 2959//2958 3696//3696 3700//3698
f 3700//3698 3697//3697 3701//3701
f 3700//3698 3702//3702 2949//2950
f 2959//2958 3700//3698 2949//2950
f 3702//3702 3700//3698 3701//3701
f 3704//3703 3703//3704 3702//3702
f 3702//3702 3703//3704 2949//2950
f 3704//3703 3702//3702 3701//3701
f 3705//3705 3706//3706 3704//3703
f 3701//3701 3705//3705 3704//3703
f 3706//3706 3707//3707 3704//3703
f 3704//3703 3707//3707 3703//3704
f 3703//3704 3707//3707 3708//3708
f 3707//3707 3711//3709 3708//3708
f 3707//3707 3706//3706 3709//3710
f 3709//3710 3710//3711 3707//3707
f 3710//3711 3711//3709 3707//3707
f 3710//3711 3712//3712 3711//3709
f 3712//3712 3713//3713 3711//3709
f 3708//3708 3711//3709 3713//3713
f 3713//3713 3716//3714 3708//3708
f 3713//3713 3712//3712 3714//3715
f 3714//3715 3715//3716 3713//3713
f 3715//3716 3716//3714 3713//3713
f 3716//3714 3719//3717 3708//3708
f 3716//3714 3715//3716 3717//3718
f 3717//3718 3718//3719 3716//3714
f 3719//3717 3716//3714 3718//3719
f 3719//3717 3718//3719 2950//2952
f 2951//2949 3719//3717 2950//2952
f 3708//3708 3719//3717 3703//3704
f 3703//3704 3719//3717 2951//2949
f 2947//2948 2950//2952 3718//3719
f 3718//3719 3717//3718 2947//2948
f 3721//3720 3717//3718 3715//3716
f 3720//3721 3717//3718 3721//3720
f 3720//3721 2946//2947 3717//3718
f 3717//3718 2946//2947 2947//2948
f 3721//3720 3723//3722 3722//3723
f 3727//3724 3721//3720 3722//3723
f 3724//3725 3723//3722 3721//3720
f 3721//3720 3726//3726 3724//3725
f 3720//3721 3721//3720 3725//3727
f 3725//3727 3721//3720 3727//3724
f 3714//3715 3726//3726 3721//3720
f 3715//3716 3714//3715 3721//3720
f 3728//3728 3727//3724 3736//3729
f 3735//3730 3727//3724 3728//3728
f 3736//3729 3727//3724 3729//3731
f 3727//3724 3734//3732 3729//3731
f 3730//3733 3727//3724 3735//3730
f 3732//3734 3727//3724 3730//3733
f 3727//3724 3733//3735 3731//3736
f 3727//3724 3731//3736 3734//3732
f 3732//3734 3725//3727 3727//3724
f 3727//3724 3722//3723 3733//3735
f 3728//3728 3736//3729 3737//3737
f 3737//3737 3736//3729 3738//3738
f 3738//3738 3736//3729 3739//3739
f 3736//3729 3740//3740 3739//3739
f 3736//3729 3729//3731 3740//3740
f 3740//3740 3743//3741 3739//3739
f 3741//3742 3743//3741 3740//3740
f 3742//3743 3741//3742 3740//3740
f 3740//3740 3729//3731 3742//3743
f 3744//3744 3743//3741 3746//3745
f 3738//3738 3743//3741 3744//3744
f 3739//3739 3743//3741 3738//3738
f 3745//3746 3743//3741 3741//3742
f 3745//3746 3746//3745 3743//3741
f 3747//3747 3746//3745 3751//3748
f 3746//3745 3747//3747 3748//3749
f 3746//3745 3748//3749 3744//3744
f 3750//3750 3749//3751 3746//3745
f 3746//3745 3749//3751 3751//3748
f 3746//3745 3745//3746 3750//3750
f 3751//3748 3752//3752 3747//3747
f 3751//3748 3753//3753 3752//3752
f 3753//3753 3751//3748 3754//3754
f 3751//3748 3755//3755 3754//3754
f 3751//3748 3749//3751 3755//3755
f 3756//3756 3755//3755 3758//3757
f 3755//3755 3756//3756 3753//3753
f 3753//3753 3754//3754 3755//3755
f 3755//3755 3757//3758 3760//3759
f 3755//3755 3749//3751 3757//3758
f 3758//3757 3755//3755 3759//3760
f 3759//3760 3755//3755 3760//3759
f 3763//3761 3759//3760 3760//3759
f 3763//3761 3760//3759 3761//3762
f 3761//3762 3760//3759 3762//3763
f 3762//3763 3760//3759 3757//3758
f 3763//3761 3761//3762 3764//3764
f 3765//3765 3763//3761 3764//3764
f 3759//3760 3763//3761 3765//3765
f 3765//3765 3764//3764 3766//3766
f 3766//3766 3767//3767 3765//3765
f 3765//3765 3767//3767 3759//3760
f 3769//3768 3759//3760 3767//3767
f 3768//3769 3767//3767 3766//3766
f 3768//3769 3769//3768 3767//3767
f 3770//3770 3772//3771 3769//3768
f 3769//3768 3768//3769 3770//3770
f 3769//3768 3771//3772 3773//3773
f 3772//3771 3771//3772 3769//3768
f 3769//3768 3773//3773 3759//3760
f 3773//3773 3775//3774 3774//3775
f 3774//3775 3756//3756 3773//3773
f 3773//3773 3771//3772 3775//3774
f 3758//3757 3759//3760 3773//3773
f 3756//3756 3758//3757 3773//3773
f 3775//3774 3776//3776 3777//3777
f 3779//3778 3776//3776 3775//3774
f 3777//3777 3778//3779 3775//3774
f 3774//3775 3775//3774 3778//3779
f 3775//3774 3771//3772 3779//3778
f 3781//3780 3776//3776 3779//3778
f 3779//3778 3772//3771 3780//3781
f 3780//3781 3781//3780 3779//3778
f 3772//3771 3779//3778 3771//3772
f 3781//3780 3780//3781 3782//3782
f 3783//3783 3781//3780 3782//3782
f 3783//3783 3776//3776 3781//3780
f 3785//3784 3784//3785 3783//3783
f 3786//3786 3783//3783 3784//3785
f 3783//3783 3782//3782 3785//3784
f 3776//3776 3783//3783 3786//3786
f 3789//3787 3786//3786 3787//3788
f 3787//3788 3786//3786 3784//3785
f 3786//3786 3788//3789 3776//3776
f 3789//3787 3788//3789 3786//3786
f 3789//3787 3792//3790 3790//3791
f 3791//3792 3789//3787 3790//3791
f 3789//3787 3787//3788 3792//3790
f 3789//3787 3791//3792 3788//3789
f 3793//3793 3792//3790 3794//3794
f 3792//3790 3793//3793 3790//3791
f 3792//3790 3795//3795 3794//3794
f 3792//3790 3787//3788 3795//3795
f 3795//3795 3796//3796 3794//3794
f 3796//3796 3795//3795 3797//3797
f 3795//3795 3787//3788 3797//3797
f 3796//3796 3797//3797 3798//3798
f 3798//3798 3797//3797 3370//3371
f 3787//3788 3784//3785 3797//3797
f 3797//3797 3784//3785 3370//3371
f 3798//3798 3801//3799 3796//3796
f 3798//3798 3800//3800 3799//3801
f 3802//3802 3798//3798 3799//3801
f 3798//3798 3370//3371 3369//3367
f 3800//3800 3798//3798 3369//3367
f 3801//3799 3798//3798 3802//3802
f 3804//3803 3803//3804 3802//3802
f 3802//3802 3803//3804 3801//3799
f 3802//3802 3799//3801 3804//3803
f 3803//3804 3804//3803 3326//3328
f 3804//3803 3805//3805 3326//3328
f 3806//3806 3805//3805 3804//3803
f 3806//3806 3804//3803 3799//3801
f 3807//3807 3324//3325 3806//3806
f 3806//3806 3809//3808 3807//3807
f 3799//3801 3808//3809 3806//3806
f 3808//3809 3809//3808 3806//3806
f 3324//3325 3805//3805 3806//3806
f 3807//3807 3809//3808 3808//3809
f 3359//3359 3807//3807 3808//3809
f 3799//3801 3800//3800 3808//3809
f 3800//3800 3369//3367 3808//3809
f 3369//3367 3365//3365 3808//3809
f 3365//3365 3359//3359 3808//3809
f 3324//3325 3807//3807 3325//3326
f 3332//3333 3325//3326 3807//3807
f 3332//3333 3807//3807 3810//3810
f 3810//3810 3807//3807 3359//3359
f 3336//3335 3332//3333 3810//3810
f 3336//3335 3810//3810 3358//3358
f 3810//3810 3359//3359 3358//3358
f 3805//3805 3324//3325 3327//3324
f 3327//3324 3326//3328 3805//3805
f 3803//3804 3326//3328 3811//3811
f 3803//3804 3811//3811 3801//3799
f 3811//3811 3326//3328 3812//3812
f 3813//3813 3811//3811 3812//3812
f 3811//3811 3813//3813 3814//3814
f 3814//3814 3801//3799 3811//3811
f 3814//3814 3794//3794 3801//3799
f 3814//3814 3815//3815 3794//3794
f 3815//3815 3814//3814 3813//3813
f 3818//3816 3815//3815 3813//3813
f 3816//3817 3794//3794 3815//3815
f 3817//3818 3816//3817 3815//3815
f 3817//3818 3815//3815 3818//3816
f 3820//3819 3818//3816 3819//3820
f 3818//3816 3813//3813 3819//3820
f 3820//3819 3821//3821 3818//3816
f 3817//3818 3818//3816 3821//3821
f 3821//3821 3820//3819 3825//3822
f 3822//3823 3821//3821 3825//3822
f 3824//3824 3821//3821 3822//3823
f 3824//3824 3823//3825 3821//3821
f 3823//3825 3817//3818 3821//3821
f 3826//3826 3825//3822 3820//3819
f 3825//3822 3826//3826 3827//3827
f 3825//3822 3827//3827 3822//3823
f 3826//3826 3828//3828 3827//3827
f 3829//3829 3827//3827 3828//3828
f 3827//3827 3829//3829 3822//3823
f 3822//3823 3829//3829 3830//3830
f 3829//3829 3832//3831 3830//3830
f 3828//3828 3831//3832 3829//3829
f 3831//3832 3832//3831 3829//3829
f 3833//3833 3834//3834 3832//3831
f 3833//3833 3832//3831 3831//3832
f 3834//3834 3835//3835 3832//3831
f 3835//3835 3836//3836 3832//3831
f 3837//3837 3832//3831 3836//3836
f 3830//3830 3832//3831 3837//3837
f 3830//3830 3837//3837 3824//3824
f 3824//3824 3837//3837 3838//3838
f 3837//3837 3840//3839 3838//3838
f 3839//3840 3840//3839 3837//3837
f 3836//3836 3839//3840 3837//3837
f 3838//3838 3840//3839 3823//3825
f 3840//3839 3841//3841 3842//3842
f 3839//3840 3841//3841 3840//3839
f 3842//3842 3843//3843 3840//3839
f 3843//3843 3823//3825 3840//3839
f 3842//3842 3816//3817 3843//3843
f 3843//3843 3816//3817 3817//3818
f 3817//3818 3823//3825 3843//3843
f 3846//3844 3816//3817 3842//3842
f 3841//3841 3844//3845 3842//3842
f 3842//3842 3844//3845 3845//3846
f 3842//3842 3845//3846 3846//3844
f 3846//3844 3793//3793 3816//3817
f 3846//3844 3790//3791 3793//3793
f 3845//3846 3847//3847 3846//3844
f 3847//3847 3790//3791 3846//3844
f 3791//3792 3790//3791 3847//3847
f 3848//3848 3847//3847 3845//3846
f 3791//3792 3847//3847 3848//3848
f 3791//3792 3848//3848 3849//3849
f 3849//3849 3848//3848 3850//3850
f 3848//3848 3845//3846 3850//3850
f 3849//3849 3850//3850 3845//3846
f 3756//3756 3791//3792 3849//3849
f 3849//3849 3851//3851 3756//3756
f 3851//3851 3849//3849 3852//3852
f 3852//3852 3849//3849 3853//3853
f 3845//3846 3853//3853 3849//3849
f 3844//3845 3854//3854 3853//3853
f 3854//3854 3855//3855 3853//3853
f 3845//3846 3844//3845 3853//3853
f 3852//3852 3853//3853 3855//3855
f 3855//3855 3857//3856 3852//3852
f 3854//3854 3856//3857 3855//3855
f 3857//3856 3855//3855 3856//3857
f 3852//3852 3857//3856 3858//3858
f 3858//3858 3857//3856 3859//3859
f 3857//3856 3856//3857 3859//3859
f 3859//3859 3860//3860 3861//3861
f 3860//3860 3859//3859 3856//3857
f 3862//3862 3859//3859 3861//3861
f 3862//3862 3858//3858 3859//3859
f 3863//3863 3862//3862 3861//3861
f 3864//3864 3862//3862 3863//3863
f 3865//3865 3862//3862 3864//3864
f 3865//3865 3858//3858 3862//3862
f 3865//3865 3864//3864 3866//3866
f 3728//3728 3865//3865 3866//3866
f 3865//3865 3728//3728 3867//3867
f 3865//3865 3867//3867 3858//3858
f 3867//3867 3868//3868 3858//3858
f 3869//3869 3868//3868 3867//3867
f 3728//3728 3737//3737 3867//3867
f 3869//3869 3867//3867 3737//3737
f 3869//3869 3752//3752 3868//3868
f 3744//3744 3869//3869 3737//3737
f 3748//3749 3869//3869 3744//3744
f 3748//3749 3747//3747 3869//3869
f 3747//3747 3752//3752 3869//3869
f 3858//3858 3868//3868 3852//3852
f 3852//3852 3868//3868 3752//3752
f 3871//3870 3866//3866 3870//3871
f 3866//3866 3863//3863 3870//3871
f 3872//3872 3866//3866 3871//3870
f 3728//3728 3866//3866 3872//3872
f 3866//3866 3864//3864 3863//3863
f 3873//3873 3872//3872 3874//3874
f 3875//3875 3872//3872 3873//3873
f 3872//3872 3877//3876 3874//3874
f 3875//3875 3735//3730 3872//3872
f 3872//3872 3871//3870 3876//3877
f 3872//3872 3876//3877 3877//3876
f 3735//3730 3728//3728 3872//3872
f 3877//3876 3880//3878 3874//3874
f 3879//3879 3877//3876 3878//3880
f 3877//3876 3881//3881 3878//3880
f 3880//3878 3877//3876 3879//3879
f 3877//3876 3876//3877 3881//3881
f 3884//3882 3878//3880 3881//3881
f 3883//3883 3882//3884 3881//3881
f 3881//3881 3882//3884 3884//3882
f 3881//3881 3876//3877 3883//3883
f 3884//3882 3885//3885 3878//3880
f 3886//3886 3885//3885 3884//3882
f 3887//3887 3886//3886 3884//3882
f 3888//3888 3887//3887 3884//3882
f 3882//3884 3888//3888 3884//3882
f 3882//3884 3889//3889 3888//3888
f 3890//3890 3888//3888 3889//3889
f 3890//3890 3891//3891 3888//3888
f 3892//3892 3888//3888 3891//3891
f 3892//3892 3887//3887 3888//3888
f 3891//3891 3893//3893 3892//3892
f 3892//3892 3893//3893 3894//3894
f 3892//3892 3894//3894 3887//3887
f 3887//3887 3894//3894 3895//3895
f 3894//3894 3896//3896 3895//3895
f 3896//3896 3894//3894 3893//3893
f 3896//3896 3897//3897 3898//3898
f 3896//3896 3899//3899 3897//3897
f 3896//3896 3898//3898 3895//3895
f 3900//3900 3899//3899 3896//3896
f 3901//3901 3900//3900 3896//3896
f 3893//3893 3901//3901 3896//3896
f 3893//3893 3903//3902 3901//3901
f 3902//3903 3904//3904 3901//3901
f 3902//3903 3901//3901 3903//3902
f 3905//3905 3901//3901 3904//3904
f 3901//3901 3905//3905 3900//3900
f 3904//3904 3908//3906 3905//3905
f 3907//3907 3905//3905 3906//3908
f 3905//3905 3854//3854 3906//3908
f 3900//3900 3905//3905 3907//3907
f 3854//3854 3905//3905 3908//3906
f 3908//3906 3904//3904 3909//3909
f 3856//3857 3854//3854 3908//3906
f 3909//3909 3856//3857 3908//3906
f 3909//3909 3911//3910 3910//3911
f 3909//3909 3910//3911 3860//3860
f 3909//3909 3904//3904 3911//3910
f 3856//3857 3909//3909 3860//3860
f 3902//3903 3912//3912 3911//3910
f 3911//3910 3912//3912 3870//3871
f 3904//3904 3902//3903 3911//3910
f 3913//3913 3910//3911 3911//3910
f 3870//3871 3913//3913 3911//3910
f 3910//3911 3913//3913 3861//3861
f 3870//3871 3863//3863 3913//3913
f 3863//3863 3861//3861 3913//3913
f 3903//3902 3912//3912 3902//3903
f 3870//3871 3912//3912 3903//3902
f 3861//3861 3860//3860 3910//3911
f 3907//3907 3899//3899 3900//3900
f 3915//3914 3899//3899 3907//3907
f 3914//3915 3907//3907 3906//3908
f 3914//3915 3915//3914 3907//3907
f 3915//3914 3897//3897 3899//3899
f 3839//3840 3897//3897 3915//3914
f 3915//3914 3914//3915 3841//3841
f 3839//3840 3915//3914 3841//3841
f 3841//3841 3914//3915 3844//3845
f 3914//3915 3906//3908 3844//3845
f 3906//3908 3854//3854 3844//3845
f 3891//3891 3903//3902 3893//3893
f 3903//3902 3891//3891 3870//3871
f 3917//3916 3916//3917 3898//3898
f 3898//3898 3916//3917 3918//3918
f 3897//3897 3917//3916 3898//3898
f 3918//3918 3895//3895 3898//3898
f 3918//3918 3916//3917 3887//3887
f 3895//3895 3918//3918 3887//3887
f 3919//3919 3917//3916 3920//3920
f 3919//3919 3916//3917 3917//3916
f 3920//3920 3917//3916 3897//3897
f 3839//3840 3836//3836 3920//3920
f 3920//3920 3897//3897 3839//3840
f 3836//3836 3919//3919 3920//3920
f 3835//3835 3921//3921 3919//3919
f 3921//3921 3922//3922 3919//3919
f 3922//3922 3916//3917 3919//3919
f 3835//3835 3919//3919 3836//3836
f 3921//3921 3923//3923 3922//3922
f 3886//3886 3922//3922 3923//3923
f 3916//3917 3922//3922 3886//3886
f 3885//3885 3923//3923 3924//3924
f 3924//3924 3923//3923 3921//3921
f 3886//3886 3923//3923 3885//3885
f 3921//3921 3925//3925 3924//3924
f 3925//3925 3926//3926 3924//3924
f 3926//3926 3885//3885 3924//3924
f 3926//3926 3928//3927 3927//3928
f 3927//3928 3885//3885 3926//3926
f 3929//3929 3928//3927 3926//3926
f 3929//3929 3926//3926 3925//3925
f 3931//3930 3929//3929 3925//3925
f 3931//3930 3930//3931 3929//3929
f 3930//3931 3928//3927 3929//3929
f 3932//3932 3931//3930 3933//3933
f 3932//3932 3930//3931 3931//3930
f 3933//3933 3931//3930 3925//3925
f 3934//3934 3935//3935 3933//3933
f 3934//3934 3933//3933 3936//3936
f 3935//3935 3932//3932 3933//3933
f 3936//3936 3933//3933 3937//3937
f 3933//3933 3925//3925 3937//3937
f 3936//3936 3937//3937 3834//3834
f 3834//3834 3937//3937 3921//3921
f 3921//3921 3937//3937 3925//3925
f 3938//3938 3936//3936 3939//3939
f 3938//3938 3934//3934 3936//3936
f 3939//3939 3936//3936 3834//3834
f 3833//3833 3938//3938 3939//3939
f 3834//3834 3833//3833 3939//3939
f 3934//3934 3938//3938 3940//3940
f 3941//3941 3940//3940 3938//3938
f 3941//3941 3938//3938 3942//3942
f 3942//3942 3938//3938 3833//3833
f 3941//3941 3942//3942 3944//3943
f 3944//3943 3942//3942 3943//3944
f 3943//3944 3942//3942 3833//3833
f 3944//3943 3948//3945 3941//3941
f 3946//3946 3944//3943 3945//3947
f 3944//3943 3943//3944 3945//3947
f 3944//3943 3946//3946 3947//3948
f 3947//3948 3948//3945 3944//3943
f 3948//3945 3950//3949 3949//3950
f 3948//3945 3949//3950 3941//3941
f 3950//3949 3948//3945 3951//3951
f 3952//3952 3951//3951 3948//3945
f 3947//3948 3952//3952 3948//3945
f 3951//3951 3952//3952 3955//3953
f 3952//3952 3947//3948 3953//3954
f 3954//3955 3952//3952 3953//3954
f 3952//3952 3954//3955 3955//3953
f 3955//3953 3957//3956 3951//3951
f 3956//3957 3955//3953 3954//3955
f 3958//3958 3955//3953 3956//3957
f 3955//3953 3958//3958 3957//3956
f 3958//3958 3960//3959 3959//3960
f 3957//3956 3958//3958 3959//3960
f 3958//3958 3956//3957 3960//3959
f 3960//3959 3963//3961 3959//3960
f 3961//3962 3960//3959 3956//3957
f 3962//3963 3960//3959 3961//3962
f 3960//3959 3962//3963 3963//3961
f 3963//3961 3965//3964 3964//3965
f 3959//3960 3963//3961 3964//3965
f 3965//3964 3963//3961 3966//3966
f 3962//3963 3966//3966 3963//3961
f 3965//3964 3966//3966 3968//3967
f 3968//3967 3966//3966 3967//3968
f 3966//3966 3969//3969 3967//3968
f 3962//3963 3969//3969 3966//3966
f 3319//3319 3967//3968 3969//3969
f 3962//3963 3970//3970 3969//3969
f 3970//3970 3320//3320 3969//3969
f 3320//3320 3319//3319 3969//3969
f 3972//3971 3970//3970 3962//3963
f 3970//3970 3971//3972 3320//3320
f 3819//3820 3971//3972 3970//3970
f 3970//3970 3972//3971 3973//3973
f 3973//3973 3819//3820 3970//3970
f 3819//3820 3973//3973 3820//3819
f 3974//1007 3820//3819 3973//3973
f 3974//1007 3973//3973 3975//3974
f 3973//3973 3972//3971 3975//3974
f 3962//3963 3975//3974 3972//3971
f 3975//3974 3961//3962 3976//3975
f 3961//3962 3975//3974 3962//3963
f 3975//3974 3976//3975 3974//1007
f 3954//3955 3953//3954 3976//3975
f 3954//3955 3976//3975 3961//3962
f 3974//1007 3976//3975 3953//3954
f 3977//3976 3826//3826 3974//1007
f 3974//1007 3826//3826 3820//3819
f 3953//3954 3977//3976 3974//1007
f 3945//3947 3977//3976 3946//3946
f 3977//3976 3945//3947 3978//3977
f 3953//3954 3946//3946 3977//3976
f 3977//3976 3978//3977 3826//3826
f 3978//3977 3943//3944 3979//3978
f 3978//3977 3979//3978 3828//3828
f 3978//3977 3828//3828 3826//3826
f 3943//3944 3978//3977 3945//3947
f 3979//3978 3833//3833 3831//3832
f 3979//3978 3831//3832 3828//3828
f 3943//3944 3833//3833 3979//3978
f 3320//3320 3971//3972 3321//3321
f 3813//3813 3971//3972 3819//3820
f 3321//3321 3971//3972 3326//3328
f 3971//3972 3812//3812 3326//3328
f 3813//3813 3812//3812 3971//3972
f 3980//3979 3965//3964 3968//3967
f 3968//3967 3981//3980 3980//3979
f 3967//3968 3981//3980 3968//3967
f 3983//3981 3981//3980 3982//3982
f 3981//3980 3314//3315 3982//3982
f 3981//3980 3983//3981 3980//3979
f 3967//3968 3317//3317 3981//3980
f 3981//3980 3317//3317 3314//3315
f 3982//3982 3984//3983 3983//3981
f 3985//3984 3983//3981 3984//3983
f 3980//3979 3983//3981 3985//3984
f 3986//3985 3985//3984 3984//3983
f 3986//3985 3990//3986 3985//3984
f 3985//3984 3987//3987 3980//3979
f 3988//3988 3987//3987 3985//3984
f 3989//3989 3988//3988 3985//3984
f 3990//3986 3989//3989 3985//3984
f 3989//3989 3990//3986 3991//3990
f 3990//3986 3992//3991 3991//3990
f 3990//3986 3986//3985 3992//3991
f 3994//3992 3992//3991 3993//3993
f 3992//3991 3986//3985 3993//3993
f 3992//3991 3994//3992 3991//3990
f 3994//3992 3997//3994 3995//3995
f 3995//3995 3991//3990 3994//3992
f 3993//3993 3996//3996 3994//3992
f 3994//3992 3996//3996 3997//3994
f 3997//3994 3996//3996 3998//3997
f 3999//3998 3997//3994 3998//3997
f 3995//3995 3997//3994 3999//3998
f 3998//3997 4000//3999 3999//3998
f 3999//3998 4000//3999 4002//4000
f 3999//3998 4001//4001 3995//3995
f 4002//4000 4001//4001 3999//3998
f 4003//4002 4002//4000 4000//3999
f 4003//4002 4004//4003 4002//4000
f 4002//4000 4004//4003 4005//4004
f 4002//4000 4005//4004 4006//4005
f 4001//4001 4002//4000 4006//4005
f 4001//4001 4006//4005 4008//4006
f 4007//4007 4006//4005 4005//4004
f 4007//4007 4009//4008 4006//4005
f 4009//4008 4008//4006 4006//4005
f 4007//4007 4010//4009 4009//4008
f 4011//4010 4009//4008 4010//4009
f 4012//4011 4009//4008 4011//4010
f 4012//4011 4008//4006 4009//4008
f 4012//4011 3989//3989 4008//4006
f 3988//3988 3989//3989 4012//4011
f 3988//3988 4012//4011 3987//3987
f 4013//4012 3987//3987 4012//4011
f 4013//4012 4012//4011 4011//4010
f 4014//4013 3987//3987 4013//4012
f 4013//4012 3964//3965 4014//4013
f 3959//3960 3964//3965 4013//4012
f 3959//3960 4013//4012 4011//4010
f 4014//4013 3964//3965 3987//3987
f 4011//4010 4010//4009 4015//4014
f 3959//3960 4011//4010 4015//4014
f 3957//3956 3959//3960 4015//4014
f 4016//4015 3957//3956 4015//4014
f 4015//4014 4017//4016 4016//4015
f 4015//4014 4010//4009 4017//4016
f 4017//4016 4018//4017 4019//4018
f 4017//4016 4005//4004 4018//4017
f 4017//4016 4007//4007 4005//4004
f 4017//4016 4010//4009 4007//4007
f 4019//4018 4016//4015 4017//4016
f 4019//4018 4020//4019 3950//3949
f 4019//4018 4018//4017 4020//4019
f 4016//4015 4019//4018 3950//3949
f 4020//4019 4021//4020 4022//4021
f 4018//4017 4021//4020 4020//4019
f 3950//3949 4020//4019 4022//4021
f 4022//4021 4021//4020 4024//4022
f 4022//4021 4023//4023 3950//3949
f 4022//4021 4025//4024 4023//4023
f 4026//4025 4022//4021 4024//4022
f 4025//4024 4022//4021 4026//4025
f 4027//4026 4026//4025 4028//4027
f 4027//4026 4029//4028 4026//4025
f 4025//4024 4026//4025 4029//4028
f 4026//4025 4024//4022 4028//4027
f 4030//4029 4031//4030 4029//4028
f 4027//4026 4030//4029 4029//4028
f 4023//4023 4029//4028 4031//4030
f 4023//4023 4025//4024 4029//4028
f 4031//4030 4030//4029 3934//3934
f 4023//4023 4031//4030 3949//3950
f 3949//3950 4031//4030 3940//3940
f 4031//4030 3934//3934 3940//3940
f 4034//4031 4030//4029 4027//4026
f 4030//4029 4032//4032 4033//4033
f 4034//4031 4032//4032 4030//4029
f 4030//4029 4033//4033 3934//3934
f 4027//4026 4028//4027 4034//4031
f 4034//4031 4036//4034 4032//4032
f 4035//4035 4036//4034 4034//4031
f 4037//4036 4035//4035 4034//4031
f 4037//4036 4034//4031 4028//4027
f 4028//4027 4038//4037 4037//4036
f 4035//4035 4037//4036 4038//4037
f 4038//4037 4039//4038 4041//4039
f 4039//4038 4038//4037 4040//4040
f 4041//4039 4035//4035 4038//4037
f 4028//4027 4040//4040 4038//4037
f 4042//4041 4045//4042 4041//4039
f 4048//4043 4042//4041 4041//4039
f 4041//4039 4043//4044 4047//4045
f 4043//4044 4041//4039 4044//4046
f 4039//4038 4044//4046 4041//4039
f 4041//4039 4045//4042 4046//4047
f 4046//4047 4035//4035 4041//4039
f 4041//4039 4047//4045 4048//4043
f 4048//4043 4047//4045 4049//4048
f 4048//4043 4049//4048 4050//4049
f 4051//4050 4048//4043 4050//4049
f 4053//4051 4048//4043 4051//4050
f 4048//4043 4052//4052 4042//4041
f 4048//4043 4053//4051 4052//4052
f 4053//4051 4051//4050 4054//4053
f 4053//4051 4057//4054 4052//4052
f 4054//4053 4055//4055 4053//4051
f 4056//4056 4053//4051 4055//4055
f 4053//4051 4056//4056 4057//4054
f 4052//4052 4057//4054 4060//4057
f 4056//4056 4058//4058 4057//4054
f 4058//4058 4059//4059 4057//4054
f 4059//4059 4060//4057 4057//4054
f 4060//4057 4061//4060 4046//4047
f 4046//4047 4062//4061 4060//4057
f 4060//4057 4059//4059 4061//4060
f 4052//4052 4060//4057 4062//4061
f 4045//4042 4062//4061 4046//4047
f 4062//4061 4045//4042 4042//4041
f 4062//4061 4042//4041 4052//4052
f 4046//4047 4061//4060 4063//4062
f 4064//4063 4063//4062 4061//4060
f 4059//4059 4064//4063 4061//4060
f 4064//4063 4059//4059 4065//4064
f 4066//4065 4063//4062 4064//4063
f 4065//4064 4067//4066 4064//4063
f 4067//4066 4066//4065 4064//4063
f 4066//4065 4067//4066 4071//4067
f 4065//4064 4068//4068 4067//4066
f 4068//4068 4070//4069 4067//4066
f 4070//4069 4069//4070 4067//4066
f 4067//4066 4069//4070 4071//4067
f 4036//4034 4071//4067 4032//4032
f 4071//4067 4036//4034 4066//4065
f 4072//4071 4074//4072 4071//4067
f 4072//4071 4071//4067 4069//4070
f 4032//4032 4071//4067 4073//4073
f 4073//4073 4071//4067 4074//4072
f 4074//4072 4072//4071 4075//4074
f 4075//4074 4073//4073 4074//4072
f 4075//4074 4077//4075 4073//4073
f 4072//4071 4079//4076 4075//4074
f 4076//4077 4077//4075 4075//4074
f 4076//4077 4075//4074 4078//4078
f 4078//4078 4075//4074 4079//4076
f 4079//4076 4072//4071 4069//4070
f 4081//4079 4079//4076 4069//4070
f 4079//4076 4080//4080 4078//4078
f 4080//4080 4079//4076 4081//4079
f 4081//4079 4069//4070 4070//4069
f 4081//4079 4070//4069 4082//4081
f 4082//4081 4080//4080 4081//4079
f 4083//4082 4085//4083 4082//4081
f 4084//4084 4083//4082 4082//4081
f 4070//4069 4084//4084 4082//4081
f 4080//4080 4082//4081 4085//4083
f 4085//4083 4086//4085 4080//4080
f 4085//4083 3873//3873 4086//4085
f 4085//4083 4083//4082 4087//4086
f 4087//4086 3873//3873 4085//4083
f 4090//4087 4087//4086 4083//4082
f 4091//4088 3873//3873 4087//4086
f 4088//4089 4087//4086 4090//4087
f 4089//4090 4087//4086 4088//4089
f 4089//4090 4091//4088 4087//4086
f 3875//3875 3873//3873 4091//4088
f 4092//4091 4099//4092 4091//4088
f 4092//4091 4091//4088 4089//4090
f 4094//4093 4093//4094 4091//4088
f 4095//4095 4091//4088 4093//4094
f 4099//4092 4094//4093 4091//4088
f 4095//4095 4097//4096 4091//4088
f 4091//4088 3735//3730 4096//4097
f 4091//4088 4096//4097 4098//4098
f 4098//4098 3875//3875 4091//4088
f 4091//4088 4097//4096 3735//3730
f 4099//4092 4092//4091 4100//4099
f 4102//4100 4099//4092 4100//4099
f 4101//4101 4094//4093 4099//4092
f 4101//4101 4099//4092 4102//4100
f 4103//4102 4102//4100 4106//4103
f 4103//4102 4104//4104 4102//4100
f 4104//4104 4101//4101 4102//4100
f 4102//4100 4100//4099 4105//4105
f 4102//4100 4105//4105 4106//4103
f 4106//4103 4107//4106 4109//4107
f 4107//4106 4106//4103 4110//4108
f 4108//4109 4106//4103 4105//4105
f 4108//4109 4110//4108 4106//4103
f 4109//4107 4103//4102 4106//4103
f 4058//4058 4113//4110 4110//4108
f 4110//4108 4112//4111 4058//4058
f 4111//4112 4107//4106 4110//4108
f 4111//4112 4110//4108 4113//4110
f 4110//4108 4108//4109 4112//4111
f 4056//4056 4113//4110 4058//4058
f 4114//4113 4113//4110 4056//4056
f 4114//4113 4111//4112 4113//4110
f 4056//4056 4055//4055 4114//4113
f 4111//4112 4114//4113 4116//4114
f 4116//4114 4114//4113 4115//4115
f 4117//4116 4115//4115 4114//4113
f 4114//4113 4055//4055 4117//4116
f 4117//4116 4119//4117 4118//4118
f 4118//4118 4120//4119 4117//4116
f 4054//4053 4119//4117 4117//4116
f 4117//4116 4055//4055 4054//4053
f 4115//4115 4117//4116 4120//4119
f 4121//4120 4120//4119 4118//4118
f 4116//4114 4115//4115 4120//4119
f 4116//4114 4120//4119 4122//4121
f 4121//4120 4123//4122 4120//4119
f 4122//4121 4120//4119 4123//4122
f 4121//4120 4124//4123 4123//4122
f 4124//4123 4125//4124 4123//4122
f 4125//4124 4122//4121 4123//4122
f 4127//4125 4122//4121 4125//4124
f 4124//4123 4126//4126 4125//4124
f 4126//4126 4127//4125 4125//4124
f 4131//4127 4122//4121 4127//4125
f 4127//4125 4128//4128 4132//4129
f 4127//4125 4130//4130 4128//4128
f 4126//4126 4129//4131 4127//4125
f 4129//4131 4130//4130 4127//4125
f 4127//4125 4132//4129 4131//4127
f 4109//4107 4107//4106 4132//4129
f 4132//4129 4107//4106 4116//4114
f 4128//4128 4109//4107 4132//4129
f 4116//4114 4131//4127 4132//4129
f 4116//4114 4122//4121 4131//4127
f 4130//4130 4135//4132 4128//4128
f 4130//4130 4133//4133 4135//4132
f 4134//4134 4133//4133 4130//4130
f 4129//4131 4134//4134 4130//4130
f 4135//4132 4137//4135 4128//4128
f 4135//4132 4133//4133 4136//4136
f 4136//4136 4137//4135 4135//4132
f 4128//4128 4137//4135 4109//4107
f 4136//4136 4104//4104 4137//4135
f 4137//4135 4104//4104 4103//4102
f 4109//4107 4137//4135 4103//4102
f 4136//4136 4133//4133 4134//4134
f 4134//4134 4138//4137 4136//4136
f 4138//4137 4139//4138 4136//4136
f 4139//4138 4140//4139 4136//4136
f 4104//4104 4136//4136 4140//4139
f 4140//4139 4143//4140 4104//4104
f 4140//4139 4141//4141 4142//4142
f 4139//4138 4141//4141 4140//4139
f 4140//4139 4142//4142 4143//4140
f 4104//4104 4143//4140 4144//4143
f 4143//4140 4094//4093 4144//4143
f 4142//4142 4093//4094 4143//4140
f 4094//4093 4143//4140 4093//4094
f 4104//4104 4144//4143 4101//4101
f 4101//4101 4144//4143 4094//4093
f 4093//4094 4142//4142 4095//4095
f 4142//4142 4141//4141 4095//4095
f 4141//4141 4139//4138 4145//4144
f 4145//4144 4095//4095 4141//4141
f 4146//4145 4145//4144 4139//4138
f 4147//4146 4145//4144 4146//4145
f 4095//4095 4145//4144 4147//4146
f 4147//4146 4149//4147 4095//4095
f 4146//4145 4148//4148 4147//4146
f 4148//4148 4149//4147 4147//4146
f 4149//4147 4097//4096 4095//4095
f 4150//4149 4149//4147 4148//4148
f 4150//4149 4151//4150 4149//4147
f 4151//4150 4097//4096 4149//4147
f 4151//4150 4153//4151 4152//4152
f 4152//4152 4155//4153 4151//4150
f 4156//4154 4153//4151 4151//4150
f 4156//4154 4151//4150 4150//4149
f 4155//4153 4154//4155 4151//4150
f 4151//4150 4154//4155 4097//4096
f 4156//4154 4157//4156 4153//4151
f 4157//4156 4156//4154 4150//4149
f 4162//4157 4157//4156 4158//4158
f 4157//4156 4148//4148 4158//4158
f 4159//4159 4157//4156 4162//4157
f 4157//4156 4159//4159 4161//4160
f 4150//4149 4148//4148 4157//4156
f 4160//4161 4153//4151 4157//4156
f 4160//4161 4157//4156 4161//4160
f 4162//4157 4158//4158 4163//4162
f 4163//4162 4164//4163 4162//4157
f 4164//4163 4159//4159 4162//4157
f 4164//4163 4163//4162 4166//4164
f 4165//4165 4164//4163 4166//4164
f 4164//4163 4165//4165 4161//4160
f 4164//4163 4161//4160 4159//4159
f 4168//4166 4166//4164 4163//4162
f 4166//4164 4167//4167 4165//4165
f 4167//4167 4166//4164 4168//4166
f 4169//4168 4168//4166 4170//4169
f 4172//4170 4168//4166 4169//4168
f 4168//4166 4163//4162 4170//4169
f 4167//4167 4168//4166 4171//4171
f 4172//4170 4171//4171 4168//4166
f 4173//4172 4176//4173 4172//4170
f 4169//4168 4173//4172 4172//4170
f 4172//4170 4175//4174 4174//4175
f 4174//4175 4171//4171 4172//4170
f 4176//4173 4175//4174 4172//4170
f 4177//4176 4176//4173 4178//4177
f 4177//4176 4175//4174 4176//4173
f 4178//4177 4176//4173 4173//4172
f 4183//4178 4179//4179 4178//4177
f 4179//4179 4182//4180 4178//4177
f 4178//4177 4173//4172 4180//4181
f 4178//4177 4180//4181 4181//4182
f 4183//4178 4178//4177 4181//4182
f 4182//4180 4177//4176 4178//4177
f 4183//4178 4181//4182 4184//4183
f 4185//4184 4183//4178 4184//4183
f 4185//4184 4179//4179 4183//4178
f 4188//4185 4185//4184 4184//4183
f 4186//4186 4187//4187 4185//4184
f 4186//4186 4185//4184 4188//4185
f 4187//4187 4179//4179 4185//4184
f 4188//4185 4189//4188 4190//4189
f 4189//4188 4188//4185 4191//4190
f 4190//4189 4186//4186 4188//4185
f 4191//4190 4188//4185 4184//4183
f 4192//4191 4189//4188 4191//4190
f 4184//4183 4192//4191 4191//4190
f 4189//4188 4192//4191 4193//4192
f 4193//4192 4192//4191 4194//4193
f 4184//4183 4194//4193 4192//4191
f 4184//4183 4196//4194 4194//4193
f 4193//4192 4194//4193 4195//4195
f 4194//4193 4124//4123 4195//4195
f 4194//4193 4196//4194 4124//4123
f 4184//4183 4181//4182 4196//4194
f 4197//4196 4124//4123 4196//4194
f 4196//4194 4180//4181 4197//4196
f 4196//4194 4181//4182 4180//4181
f 4197//4196 4126//4126 4124//4123
f 4126//4126 4197//4196 4198//4197
f 4199//4198 4198//4197 4197//4196
f 4180//4181 4199//4198 4197//4196
f 4200//4199 4199//4198 4180//4181
f 4200//4199 4201//4200 4199//4198
f 4199//4198 4202//4201 4198//4197
f 4199//4198 4201//4200 4202//4201
f 4202//4201 4205//4202 4198//4197
f 4202//4201 4203//4203 4138//4137
f 4203//4203 4202//4201 4204//4204
f 4201//4200 4204//4204 4202//4201
f 4202//4201 4138//4137 4205//4202
f 4138//4137 4134//4134 4205//4202
f 4134//4134 4129//4131 4205//4202
f 4198//4197 4205//4202 4129//4131
f 4170//4169 4204//4204 4201//4200
f 4204//4204 4170//4169 4163//4162
f 4163//4162 4203//4203 4204//4204
f 4203//4203 4139//4138 4138//4137
f 4203//4203 4146//4145 4139//4138
f 4206//4205 4146//4145 4203//4203
f 4206//4205 4203//4203 4163//4162
f 4158//4158 4148//4148 4206//4205
f 4158//4158 4206//4205 4163//4162
f 4206//4205 4148//4148 4146//4145
f 4170//4169 4201//4200 4200//4199
f 4170//4169 4200//4199 4169//4168
f 4200//4199 4180//4181 4169//4168
f 4198//4197 4129//4131 4126//4126
f 4195//4195 4121//4120 4193//4192
f 4195//4195 4124//4123 4121//4120
f 4121//4120 4207//4206 4193//4192
f 4208//4207 4193//4192 4207//4206
f 4189//4188 4193//4192 4208//4207
f 4208//4207 4209//4208 4211//4209
f 4209//4208 4208//4207 4210//4210
f 4207//4206 4210//4210 4208//4207
f 4212//4211 4189//4188 4208//4207
f 4211//4209 4212//4211 4208//4207
f 4213//4212 4212//4211 4211//4209
f 4214//4213 4212//4211 4213//4212
f 4214//4213 4190//4189 4212//4211
f 4190//4189 4189//4188 4212//4211
f 4214//4213 4215//4214 4216//4215
f 4215//4214 4214//4213 4213//4212
f 4216//4215 4190//4189 4214//4213
f 4216//4215 4215//4214 4217//4216
f 4218//4217 4216//4215 4217//4216
f 4218//4217 4219//4218 4216//4215
f 4216//4215 4219//4218 4190//4189
f 4218//4217 4220//4219 4219//4218
f 4220//4219 4223//4220 4219//4218
f 4222//4221 4221//4222 4219//4218
f 4219//4218 4221//4222 4186//4186
f 4223//4220 4222//4221 4219//4218
f 4219//4218 4186//4186 4190//4189
f 4228//4223 4223//4220 4220//4219
f 4225//4224 4222//4221 4223//4220
f 4224//4225 4223//4220 4227//4226
f 4226//4227 4223//4220 4224//4225
f 4226//4227 4225//4224 4223//4220
f 4227//4226 4223//4220 4228//4223
f 4228//4223 4220//4219 4218//4217
f 4229//4228 4228//4223 4218//4217
f 4230//4229 4228//4223 4229//4228
f 4230//4229 4227//4226 4228//4223
f 4231//4230 4230//4229 4229//4228
f 4232//4231 4230//4229 4231//4230
f 4232//4231 4227//4226 4230//4229
f 4233//4232 4232//4231 4231//4230
f 4234//4233 4232//4231 4233//4232
f 4232//4231 4224//4225 4227//4226
f 4234//4233 4224//4225 4232//4231
f 4233//4232 4235//4234 4234//4233
f 4235//4234 4236//4235 4234//4233
f 4236//4235 4237//4236 4234//4233
f 4237//4236 4224//4225 4234//4233
f 4238//4237 4239//4238 4237//4236
f 4238//4237 4237//4236 4236//4235
f 4237//4236 4239//4238 4224//4225
f 4238//4237 4242//4239 4239//4238
f 4239//4238 4226//4227 4224//4225
f 4241//4240 4226//4227 4239//4238
f 4240//4241 4241//4240 4239//4238
f 4239//4238 4242//4239 4240//4241
f 4246//4242 4242//4239 4238//4237
f 4243//4243 4245//4244 4242//4239
f 4243//4243 4242//4239 4246//4242
f 4240//4241 4242//4239 4244//4245
f 4242//4239 4245//4244 4244//4245
f 4247//4246 4246//4242 4248//4247
f 4247//4246 4249//4248 4246//4242
f 4246//4242 4236//4235 4248//4247
f 4246//4242 4238//4237 4236//4235
f 4243//4243 4246//4242 4249//4248
f 4250//4249 4249//4248 4247//4246
f 4250//4249 4243//4243 4249//4248
f 4251//4250 4250//4249 4253//4251
f 4251//4250 4252//4252 4250//4249
f 4252//4252 4254//4253 4250//4249
f 4253//4251 4250//4249 4247//4246
f 4254//4253 4243//4243 4250//4249
f 4243//4243 4254//4253 4255//4254
f 4256//4255 4255//4254 4254//4253
f 4256//4255 4254//4253 4252//4252
f 4257//4256 4255//4254 4256//4255
f 4258//4257 4257//4256 4256//4255
f 4258//4257 4256//4255 4252//4252
f 4259//4258 4258//4257 4260//4259
f 4259//4258 4261//4260 4258//4257
f 4260//4259 4258//4257 4252//4252
f 4257//4256 4258//4257 4261//4260
f 4263//4261 4262//4262 4261//4260
f 4264//4263 4261//4260 4262//4262
f 4261//4260 4259//4258 4263//4261
f 4257//4256 4261//4260 4264//4263
f 4264//4263 4262//4262 4266//4264
f 4257//4256 4264//4263 4265//4265
f 4265//4265 4264//4263 4266//4264
f 4269//4266 4267//4267 4266//4264
f 4267//4267 4268//4268 4266//4264
f 4266//4264 4262//4262 4269//4266
f 4265//4265 4266//4264 4268//4268
f 4272//4269 4269//4266 4270//4270
f 4270//4270 4269//4266 4271//4271
f 4269//4266 4262//4262 4271//4271
f 4272//4269 4273//4272 4269//4266
f 4273//4272 4267//4267 4269//4266
f 4273//4272 4274//4273 4278//4274
f 4273//4272 4279//4275 4274//4273
f 4273//4272 4275//4276 4276//4277
f 4277//4278 4275//4276 4273//4272
f 4276//4277 4279//4275 4273//4272
f 4272//4269 4277//4278 4273//4272
f 4267//4267 4273//4272 4278//4274
f 4274//4273 4279//4275 4280//4279
f 4280//4279 4279//4275 4282//4280
f 4276//4277 4281//4281 4279//4275
f 4281//4281 4282//4280 4279//4275
f 4283//4282 4287//4283 4282//4280
f 4285//4284 4283//4282 4282//4280
f 4282//4280 4284//4285 4280//4279
f 4284//4285 4282//4280 4286//4286
f 4281//4281 4285//4284 4282//4280
f 4287//4283 4286//4286 4282//4280
f 4288//4287 4287//4283 4290//4288
f 4287//4283 4288//4287 4289//4289
f 4287//4283 4289//4289 4286//4286
f 4287//4283 4283//4282 4290//4288
f 4291//4290 4290//4288 4283//4282
f 4291//4290 4292//4291 4290//4288
f 4288//4287 4290//4288 4292//4291
f 4291//4290 4294//4292 4292//4291
f 4293//4293 4288//4287 4292//4291
f 4292//4291 4294//4292 4293//4293
f 4294//4292 4295//4294 4293//4293
f 4294//4292 4299//4295 4295//4294
f 4294//4292 4296//4296 4297//4297
f 4298//4298 4296//4296 4294//4292
f 4294//4292 4297//4297 4299//4295
f 4291//4290 4298//4298 4294//4292
f 4303//4299 4300//4300 4299//4295
f 4299//4295 4300//4300 4301//4301
f 4302//4302 4299//4295 4301//4301
f 4299//4295 4297//4297 4303//4299
f 4295//4294 4299//4295 4302//4302
f 4303//4299 4304//4303 4300//4300
f 4303//4299 4297//4297 4304//4303
f 4304//4303 4305//4304 4306//4305
f 4305//4304 4304//4303 4296//4296
f 4296//4296 4304//4303 4297//4297
f 4304//4303 4306//4305 4300//4300
f 4306//4305 4305//4304 4307//4306
f 4301//4301 4306//4305 4307//4306
f 4306//4305 4301//4301 4300//4300
f 4307//4306 4309//4307 4301//4301
f 4308//4308 4309//4307 4307//4306
f 4305//4304 4308//4308 4307//4306
f 4309//4307 4312//4309 4310//4310
f 4309//4307 4310//4310 4301//4301
f 4308//4308 4311//4311 4309//4307
f 4312//4309 4309//4307 4311//4311
f 4310//4310 4312//4309 4313//4312
f 4312//4309 4314//4313 4313//4312
f 4316//4314 4314//4313 4312//4309
f 4311//4311 4315//4315 4312//4309
f 4316//4314 4312//4309 4315//4315
f 4316//4314 4317//4316 4319//4317
f 4316//4314 4318//4318 4317//4316
f 4316//4314 4319//4317 4314//4313
f 4315//4315 4318//4318 4316//4314
f 4320//4319 4319//4317 4321//4320
f 4320//4319 4313//4312 4319//4317
f 4314//4313 4319//4317 4313//4312
f 4319//4317 4317//4316 4321//4320
f 4321//4320 4325//4321 4322//4322
f 4324//4323 4321//4320 4322//4322
f 4323//4324 4320//4319 4321//4320
f 4317//4316 4325//4321 4321//4320
f 4323//4324 4321//4320 4324//4323
f 4325//4321 4326//4325 4322//4322
f 4325//4321 4328//4326 4326//4325
f 4327//4327 4329//4328 4325//4321
f 4330//4329 4327//4327 4325//4321
f 4325//4321 4329//4328 4328//4326
f 4317//4316 4330//4329 4325//4321
f 4318//4318 4331//4330 4330//4329
f 4330//4329 4331//4330 4332//4331
f 4327//4327 4330//4329 4332//4331
f 4330//4329 4317//4316 4318//4318
f 4333//4332 4334//4333 4332//4331
f 4333//4332 4332//4331 4331//4330
f 4332//4331 4334//4333 4327//4327
f 4335//4334 4338//4335 4334//4333
f 4333//4332 4335//4334 4334//4333
f 4334//4333 4337//4336 4336//4337
f 4334//4333 4336//4337 4329//4328
f 4334//4333 4338//4335 4337//4336
f 4327//4327 4334//4333 4329//4328
f 4338//4335 4341//4338 4337//4336
f 4342//4339 4338//4335 4335//4334
f 4338//4335 4342//4339 4339//4340
f 4339//4340 4340//4341 4338//4335
f 4338//4335 4340//4341 4341//4338
f 4342//4339 4343//4342 4339//4340
f 4344//4343 4343//4342 4342//4339
f 4335//4334 4344//4343 4342//4339
f 4345//4344 4344//4343 4335//4334
f 4345//4344 4346//4345 4344//4343
f 4344//4343 4346//4345 4343//4342
f 4347//4346 4346//4345 4345//4344
f 4347//4346 4349//4347 4346//4345
f 4346//4345 4348//4348 4343//4342
f 4346//4345 4350//4349 4348//4348
f 4349//4347 4350//4349 4346//4345
f 4352//4350 4350//4349 4351//4351
f 4349//4347 4351//4351 4350//4349
f 4350//4349 4354//4352 4348//4348
f 4350//4349 4352//4350 4353//4353
f 4350//4349 4353//4353 4354//4352
f 4348//4348 4354//4352 4355//4354
f 4354//4352 4353//4353 4355//4354
f 4353//4353 4270//4270 4355//4354
f 4355//4354 4270//4270 4271//4271
f 4271//4271 4356//4355 4355//4354
f 4348//4348 4355//4354 4356//4355
f 4357//4356 4356//4355 4358//4357
f 4348//4348 4356//4355 4357//4356
f 4358//4357 4356//4355 4271//4271
f 4357//4356 4358//4357 4359//4358
f 4359//4358 4358//4357 4360//4359
f 4358//4357 4361//4360 4360//4359
f 4358//4357 4271//4271 4361//4360
f 4362//4361 4360//4359 4361//4360
f 4361//4360 4271//4271 4263//4261
f 4361//4360 4263//4261 4259//4258
f 4361//4360 4259//4258 4363//4362
f 4361//4360 4363//4362 4362//4361
f 4365//4363 4364//4364 4363//4362
f 4362//4361 4363//4362 4364//4364
f 4365//4363 4363//4362 4366//4365
f 4363//4362 4260//4259 4366//4365
f 4363//4362 4259//4258 4260//4259
f 4371//4366 4367//4367 4366//4365
f 4367//4367 4365//4363 4366//4365
f 4366//4365 4369//4368 4368//4369
f 4371//4366 4366//4365 4368//4369
f 4370//4370 4369//4368 4366//4365
f 4366//4365 4251//4250 4370//4370
f 4366//4365 4260//4259 4251//4250
f 4372//4371 4371//4366 4373//4372
f 4375//4373 4371//4366 4372//4371
f 4371//4366 4368//4369 4373//4372
f 4374//4374 4371//4366 4375//4373
f 4374//4374 4367//4367 4371//4366
f 4374//4374 4375//4373 4376//4375
f 4375//4373 4372//4371 4376//4375
f 4376//4375 4372//4371 4377//4376
f 4379//4377 4376//4375 4377//4376
f 4364//4364 4374//4374 4376//4375
f 4378//4378 4364//4364 4376//4375
f 4379//4377 4378//4378 4376//4375
f 4381//4379 4379//4377 4380//4380
f 4379//4377 4377//4376 4380//4380
f 4381//4379 4378//4378 4379//4377
f 4383//4381 4381//4379 4382//4382
f 4382//4382 4381//4379 4385//4383
f 4381//4379 4380//4380 4384//4384
f 4383//4381 4359//4358 4381//4379
f 4360//4359 4378//4378 4381//4379
f 4381//4379 4359//4358 4360//4359
f 4385//4383 4381//4379 4384//4384
f 4385//4383 4384//4384 4386//4385
f 4386//4385 4387//4386 4385//4383
f 4387//4386 4382//4382 4385//4383
f 4386//4385 4388//4387 4387//4386
f 4341//4338 4387//4386 4388//4387
f 4341//4338 4382//4382 4387//4386
f 4389//4388 4390//4389 4388//4387
f 4388//4387 4386//4385 4389//4388
f 4336//4337 4388//4387 4390//4389
f 4337//4336 4388//4387 4336//4337
f 4337//4336 4341//4338 4388//4387
f 4390//4389 4392//4390 4391//4391
f 4336//4337 4390//4389 4391//4391
f 4392//4390 4390//4389 4389//4388
f 4393//4392 4394//4393 4392//4390
f 4395//4394 4393//4392 4392//4390
f 4392//4390 4394//4393 4391//4391
f 4395//4394 4392//4390 4389//4388
f 4398//4395 4393//4392 4395//4394
f 4389//4388 4396//4396 4395//4394
f 4395//4394 4396//4396 4397//4397
f 4395//4394 4397//4397 4398//4395
f 4401//4398 4399//4399 4398//4395
f 4400//4400 4398//4395 4399//4399
f 4393//4392 4398//4395 4400//4400
f 4397//4397 4401//4398 4398//4395
f 4401//4398 4402//4401 4404//4402
f 4401//4398 4403//4403 4402//4401
f 4403//4403 4401//4398 4397//4397
f 4401//4398 4404//4402 4406//4404
f 4401//4398 4405//4405 4399//4399
f 4405//4405 4401//4398 4406//4404
f 4406//4404 4408//4406 4407//4407
f 4406//4404 4407//4407 4405//4405
f 4404//4402 4408//4406 4406//4404
f 4407//4407 4408//4406 4409//4408
f 4410//4409 4409//4408 4408//4406
f 4404//4402 4410//4409 4408//4406
f 4412//4410 4410//4409 4411//4411
f 4410//4409 4413//4412 4411//4411
f 4412//4410 4409//4408 4410//4409
f 4404//4402 4414//4413 4410//4409
f 4414//4413 4413//4412 4410//4409
f 4414//4413 4415//4414 4413//4412
f 4404//4402 4402//4401 4414//4413
f 4402//4401 4417//4415 4414//4413
f 4414//4413 4419//4416 4415//4414
f 4414//4413 4418//4417 4416//4418
f 4414//4413 4416//4418 4419//4416
f 4417//4415 4418//4417 4414//4413
f 4420//4419 4419//4416 4423//4420
f 4420//4419 4415//4414 4419//4416
f 4421//4421 4423//4420 4419//4416
f 4422//4422 4421//4421 4419//4416
f 4416//4418 4422//4422 4419//4416
f 4420//4419 4423//4420 4424//4423
f 4423//4420 4425//4424 4424//4423
f 4421//4421 4425//4424 4423//4420
f 4424//4423 4425//4424 4427//4425
f 4421//4421 4429//4426 4425//4424
f 4425//4424 4426//4427 4427//4425
f 4425//4424 4428//4428 4426//4427
f 4425//4424 4432//4429 4428//4428
f 4425//4424 4429//4426 4430//4430
f 4431//4431 4425//4424 4430//4430
f 4432//4429 4425//4424 4431//4431
f 4431//4431 4433//4432 4432//4429
f 4433//4432 4434//4433 4432//4429
f 4432//4429 4434//4433 4428//4428
f 4436//4434 4435//4435 4434//4433
f 4434//4433 4435//4435 4426//4427
f 4434//4433 4438//4436 4436//4434
f 4434//4433 4426//4427 4428//4428
f 4434//4433 4437//4437 4438//4436
f 4433//4432 4437//4437 4434//4433
f 4440//4438 4439//4439 4438//4436
f 4438//4436 4439//4439 4436//4434
f 4442//4440 4440//4438 4438//4436
f 4438//4436 4437//4437 4441//4441
f 4442//4440 4438//4436 4441//4441
f 4441//4441 4440//4438 4442//4440
f 4443//4442 4445//4443 4441//4441
f 4441//4441 4444//4444 4443//4442
f 4444//4444 4441//4441 4437//4437
f 4440//4438 4441//4441 4445//4443
f 4445//4443 4447//4445 4446//4446
f 4446//4446 4450//4447 4445//4443
f 4448//4448 4447//4445 4445//4443
f 4448//4448 4445//4443 4449//4449
f 4449//4449 4445//4443 4443//4442
f 4440//4438 4445//4443 4450//4447
f 4450//4447 4451//4450 4452//4451
f 4446//4446 4451//4450 4450//4447
f 4452//4451 4440//4438 4450//4447
f 4455//4452 4439//4439 4452//4451
f 4452//4451 4439//4439 4440//4438
f 4453//4453 4454//4454 4452//4451
f 4452//4451 4451//4450 4453//4453
f 4454//4454 4455//4452 4452//4451
f 4456//4455 4455//4452 4457//4456
f 4455//4452 4456//4455 4458//4457
f 4457//4456 4455//4452 4459//4458
f 4455//4452 4458//4457 4460//4459
f 4454//4454 4459//4458 4455//4452
f 4461//4460 4455//4452 4460//4459
f 4461//4460 4439//4439 4455//4452
f 4462//4461 4439//4439 4461//4460
f 4462//4461 4461//4460 4460//4459
f 4464//4462 4462//4461 4463//4463
f 4463//4463 4462//4461 4460//4459
f 4435//4435 4462//4461 4464//4462
f 4436//4434 4439//4439 4462//4461
f 4436//4434 4462//4461 4435//4435
f 4427//4425 4435//4435 4464//4462
f 4463//4463 4427//4425 4464//4462
f 4458//4457 4463//4463 4460//4459
f 4463//4463 4458//4457 4465//4464
f 4465//4464 4427//4425 4463//4463
f 4470//4465 4466//4466 4465//4464
f 4466//4466 4472//4467 4465//4464
f 4467//4468 4465//4464 4458//4457
f 4467//4468 4469//4469 4465//4464
f 4424//4423 4427//4425 4465//4464
f 4465//4464 4469//4469 4468//4470
f 4470//4465 4465//4464 4468//4470
f 4471//4471 4424//4423 4465//4464
f 4472//4467 4471//4471 4465//4464
f 4472//4467 4474//4472 4473//4473
f 4471//4471 4472//4467 4473//4473
f 4474//4472 4472//4467 4466//4466
f 4470//4465 4474//4472 4466//4466
f 4475//4474 4473//4473 4474//4472
f 4475//4474 4474//4472 4476//4475
f 4474//4472 4478//4476 4476//4475
f 4477//4477 4474//4472 4470//4465
f 4477//4477 4478//4476 4474//4472
f 4477//4477 4479//4478 4478//4476
f 4478//4476 4479//4478 4476//4475
f 4480//4479 4476//4475 4479//4478
f 4480//4479 4479//4478 4477//4477
f 4480//4479 4481//4480 4483//4481
f 4482//4482 4481//4480 4480//4479
f 4482//4482 4480//4479 4477//4477
f 4412//4410 4476//4475 4480//4479
f 4412//4410 4480//4479 4483//4481
f 4483//4481 4409//4408 4412//4410
f 4484//4483 4409//4408 4483//4481
f 4483//4481 4481//4480 4484//4483
f 4481//4480 4485//4484 4484//4483
f 4486//4485 4484//4483 4485//4484
f 4487//4486 4484//4483 4486//4485
f 4407//4407 4484//4483 4487//4486
f 4409//4408 4484//4483 4407//4407
f 4488//4487 4487//4486 4486//4485
f 4487//4486 4405//4405 4407//4407
f 4399//4399 4487//4486 4488//4487
f 4399//4399 4405//4405 4487//4486
f 4488//4487 4486//4485 4490//4488
f 4399//4399 4488//4487 4489//4489
f 4489//4489 4488//4487 4490//4488
f 4492//4490 4491//4491 4490//4488
f 4491//4491 4489//4489 4490//4488
f 4492//4490 4490//4488 4493//4492
f 4493//4492 4490//4488 4494//4493
f 4490//4488 4486//4485 4494//4493
f 4494//4493 4495//4494 4497//4495
f 4494//4493 4486//4485 4495//4494
f 4496//4496 4493//4492 4494//4493
f 4496//4496 4494//4493 4497//4495
f 4495//4494 4498//4497 4497//4495
f 4497//4495 4498//4497 4501//4498
f 4499//4499 4496//4496 4497//4495
f 4499//4499 4497//4495 4500//4500
f 4497//4495 4501//4498 4500//4500
f 4503//4501 4501//4498 4498//4497
f 4501//4498 4504//4502 4502//4503
f 4501//4498 4502//4503 4500//4500
f 4504//4502 4501//4498 4503//4501
f 4504//4502 4505//4504 4502//4503
f 4503//4501 4468//4470 4504//4502
f 4504//4502 4468//4470 4505//4504
f 4505//4504 4506//4505 4502//4503
f 4505//4504 4507//4506 4506//4505
f 4468//4470 4469//4469 4505//4504
f 4507//4506 4505//4504 4469//4469
f 4467//4468 4507//4506 4469//4469
f 4467//4468 4508//4507 4507//4506
f 4507//4506 4456//4455 4457//4456
f 4509//4508 4507//4506 4457//4456
f 4456//4455 4507//4506 4508//4507
f 4509//4508 4506//4505 4507//4506
f 4506//4505 4509//4508 4510//4509
f 4510//4509 4509//4508 4513//4510
f 4509//4508 4512//4511 4511//4512
f 4513//4510 4509//4508 4511//4512
f 4457//4456 4512//4511 4509//4508
f 4516//4513 4514//4514 4513//4510
f 4515//4515 4513//4510 4514//4514
f 4510//4509 4513//4510 4515//4515
f 4513//4510 4511//4512 4516//4513
f 4514//4514 4516//4513 4520//4516
f 4516//4513 4519//4517 4517//4518
f 4517//4518 4518//4519 4516//4513
f 4518//4519 4520//4516 4516//4513
f 4519//4517 4516//4513 4511//4512
f 4514//4514 4520//4516 4521//4520
f 4520//4516 4518//4519 4525//4521
f 4521//4520 4520//4516 4524//4522
f 4520//4516 4522//4523 4523//4524
f 4520//4516 4525//4521 4522//4523
f 4524//4522 4520//4516 4523//4524
f 4525//4521 4518//4519 4526//4525
f 4522//4523 4525//4521 4526//4525
f 4518//4519 4527//4526 4526//4525
f 4526//4525 4527//4526 4528//4527
f 4528//4527 4529//4528 4526//4525
f 4526//4525 4529//4528 4522//4523
f 4522//4523 4529//4528 4532//4529
f 4531//4530 4529//4528 4528//4527
f 4530//4531 4529//4528 4531//4530
f 4532//4529 4529//4528 4530//4531
f 4522//4523 4532//4529 4533//4532
f 4533//4532 4532//4529 4534//4533
f 4532//4529 4530//4531 4534//4533
f 4533//4532 4534//4533 4535//4534
f 4534//4533 4530//4531 4535//4534
f 4533//4532 4535//4534 4537//4535
f 4535//4534 4539//4536 4536//4537
f 4535//4534 4536//4537 4538//4538
f 4537//4535 4535//4534 4538//4538
f 4530//4531 4539//4536 4535//4534
f 4539//4536 4530//4531 4541//4539
f 4540//4540 4536//4537 4539//4536
f 4539//4536 4542//4541 4540//4540
f 4539//4536 4541//4539 4542//4541
f 4542//4541 4541//4539 4543//4542
f 4545//4543 4542//4541 4543//4542
f 4540//4540 4542//4541 4544//4544
f 4545//4543 4544//4544 4542//4541
f 4543//4542 4546//4545 4545//4543
f 4545//4543 4546//4545 4544//4544
f 4547//4546 4546//4545 4550//4547
f 4547//4546 4549//4548 4546//4545
f 4543//4542 4548//4549 4546//4545
f 4548//4549 4550//4547 4546//4545
f 4546//4545 4549//4548 4544//4544
f 4548//4549 4547//4546 4550//4547
f 4551//4550 4555//4551 4549//4548
f 4547//4546 4551//4550 4549//4548
f 4549//4548 4552//4552 4544//4544
f 4549//4548 4554//4553 4552//4552
f 4549//4548 4555//4551 4553//4554
f 4549//4548 4553//4554 4554//4553
f 4551//4550 4556//4555 4555//4551
f 4555//4551 4556//4555 4558//4556
f 4557//4557 4553//4554 4555//4551
f 4555//4551 4558//4556 4557//4557
f 4557//4557 4558//4556 4559//4558
f 4559//4558 4558//4556 4560//4559
f 4561//4560 4560//4559 4558//4556
f 4561//4560 4558//4556 4556//4555
f 4561//4560 4451//4450 4446//4446
f 4451//4450 4561//4560 4556//4555
f 4560//4559 4561//4560 4446//4446
f 4560//4559 4562//4561 4559//4558
f 4446//4446 4562//4561 4560//4559
f 4446//4446 4447//4445 4562//4561
f 4564//4562 4563//4563 4562//4561
f 4559//4558 4562//4561 4563//4563
f 4562//4561 4447//4445 4448//4448
f 4564//4562 4562//4561 4448//4448
f 4564//4562 4565//4564 4563//4563
f 4566//4565 4565//4564 4564//4562
f 4566//4565 4564//4562 4448//4448
f 4567//4566 4568//4567 4566//4565
f 4449//4449 4567//4566 4566//4565
f 4568//4567 4569//4568 4566//4565
f 4565//4564 4566//4565 4569//4568
f 4566//4565 4448//4448 4449//4449
f 4569//4568 4572//4569 4565//4564
f 4571//4570 4570//4571 4569//4568
f 4569//4568 4570//4571 4572//4569
f 4568//4567 4571//4570 4569//4568
f 4572//4569 4573//4572 4565//4564
f 4573//4572 4572//4569 4574//4573
f 4572//4569 4577//4574 4574//4573
f 4576//4575 4572//4569 4575//4576
f 4570//4571 4575//4576 4572//4569
f 4572//4569 4576//4575 4577//4574
f 4577//4574 4579//4577 4574//4573
f 4577//4574 4576//4575 4581//4578
f 4578//4579 4579//4577 4577//4574
f 4580//4580 4578//4579 4577//4574
f 4577//4574 4581//4578 4580//4580
f 4583//4581 4581//4578 4582//4582
f 4581//4578 4576//4575 4582//4582
f 4583//4581 4584//4583 4581//4578
f 4580//4580 4581//4578 4584//4583
f 4585//4584 4584//4583 4586//4585
f 4585//4584 4587//4586 4584//4583
f 4588//4587 4586//4585 4584//4583
f 4584//4583 4587//4586 4580//4580
f 4589//4588 4588//4587 4584//4583
f 4584//4583 4591//4589 4589//4588
f 4590//4590 4584//4583 4583//4581
f 4590//4590 4591//4589 4584//4583
f 4593//4591 4591//4589 4592//4592
f 4591//4589 4590//4590 4592//4592
f 4594//4593 4591//4589 4593//4591
f 4595//4594 4591//4589 4594//4593
f 4591//4589 4595//4594 4589//4588
f 4597//4595 4595//4594 4594//4593
f 4595//4594 4596//4596 4589//4588
f 4595//4594 4599//4597 4596//4596
f 4597//4595 4598//4598 4595//4594
f 4595//4594 4598//4598 4599//4597
f 4600//4599 4596//4596 4599//4597
f 4599//4597 4601//4600 4600//4599
f 4598//4598 4601//4600 4599//4597
f 4600//4599 4601//4600 4603//4601
f 4601//4600 4602//4602 4603//4601
f 4604//4603 4602//4602 4601//4600
f 4605//4604 4604//4603 4601//4600
f 4598//4598 4605//4604 4601//4600
f 4605//4604 4598//4598 4609//4605
f 4605//4604 4606//4606 4608//4607
f 4605//4604 4609//4605 4606//4606
f 4605//4604 4607//4608 4604//4603
f 4608//4607 4607//4608 4605//4604
f 4609//4605 4598//4598 4597//4595
f 3996//3996 4609//4605 4597//4595
f 3996//3996 4606//4606 4609//4605
f 4606//4606 4611//4609 4608//4607
f 4608//4607 4610//4610 4607//4608
f 4611//4609 4610//4610 4608//4607
f 3993//3993 4611//4609 4606//4606
f 3986//3985 4611//4609 3993//3993
f 4611//4609 3986//3985 3984//3983
f 3984//3983 3982//3982 4611//4609
f 4611//4609 3982//3982 4610//4610
f 4610//4610 4612//4611 4607//4608
f 4610//4610 3982//3982 4612//4611
f 4612//4611 4613//4612 4607//4608
f 4614//4613 4613//4612 4612//4611
f 3982//3982 3310//3310 4612//4611
f 3310//3310 4614//4613 4612//4611
f 4614//4613 4615//4614 4613//4612
f 3309//3309 4615//4614 4614//4613
f 3309//3309 4614//4613 3310//3310
f 4615//4614 3309//3309 3307//3307
f 4616//4615 4615//4614 3303//3304
f 4615//4614 4616//4615 4618//4616
f 4613//4612 4615//4614 4617//4617
f 4618//4616 4617//4617 4615//4614
f 4615//4614 3307//3307 3303//3304
f 4618//4616 4619//4618 4621//4619
f 4619//4618 4618//4616 4620//4620
f 4616//4615 4620//4620 4618//4616
f 4622//4621 4617//4617 4618//4616
f 4618//4616 4621//4619 4622//4621
f 4622//4621 4623//4622 4624//4623
f 4622//4621 4625//4624 4623//4622
f 4624//4623 4617//4617 4622//4621
f 4626//4625 4622//4621 4621//4619
f 4622//4621 4626//4625 4625//4624
f 4626//4625 4627//4626 4628//4627
f 4621//4619 4627//4626 4626//4625
f 4629//4628 4626//4625 4628//4627
f 4626//4625 4629//4628 4625//4624
f 4630//4629 4629//4628 4631//4630
f 4629//4628 4630//4629 4623//4622
f 4631//4630 4629//4628 4632//4631
f 4629//4628 4623//4622 4625//4624
f 4628//4627 4632//4631 4629//4628
f 4632//4631 4633//4632 4635//4633
f 4628//4627 4633//4632 4632//4631
f 4631//4630 4632//4631 4634//4634
f 4634//4634 4632//4631 4635//4633
f 4635//4633 4636//4635 4637//4636
f 4635//4633 4633//4632 4636//4635
f 4634//4634 4635//4633 4637//4636
f 4634//4634 4637//4636 4640//4637
f 3188//3188 4638//4638 4637//4636
f 3188//3188 4637//4636 3191//3191
f 4640//4637 4637//4636 4638//4638
f 3191//3191 4637//4636 4639//4639
f 4637//4636 4636//4635 4639//4639
f 4641//4640 4644//4641 4640//4637
f 4641//4640 4640//4637 4642//4642
f 4642//4642 4640//4637 4643//4643
f 4640//4637 4644//4641 4634//4634
f 4643//4643 4640//4637 4638//4638
f 4644//4641 4646//4644 4634//4634
f 4645//4645 4646//4644 4644//4641
f 4641//4640 4645//4645 4644//4641
f 4646//4644 4647//4646 4648//4647
f 4647//4646 4646//4644 4645//4645
f 4646//4644 4648//4647 4649//4648
f 4634//4634 4646//4644 4649//4648
f 4648//4647 4650//4649 4649//4648
f 4651//4650 4649//4648 4650//4649
f 4651//4650 4631//4630 4649//4648
f 4634//4634 4649//4648 4631//4630
f 4653//4651 4630//4629 4651//4650
f 4631//4630 4651//4650 4630//4629
f 4651//4650 4650//4649 4652//4652
f 4652//4652 4653//4651 4651//4650
f 4652//4652 4654//4653 4653//4651
f 4655//4654 4653//4651 4654//4653
f 4656//4655 4653//4651 4655//4654
f 4653//4651 4656//4655 4630//4629
f 4657//4656 4656//4655 4603//4601
f 4623//4622 4656//4655 4657//4656
f 4656//4655 4623//4622 4630//4629
f 4656//4655 4655//4654 4603//4601
f 4658//4657 4624//4623 4657//4656
f 4657//4656 4624//4623 4623//4622
f 4657//4656 4603//4601 4658//4657
f 4603//4601 4602//4602 4658//4657
f 4624//4623 4658//4657 4659//4658
f 4602//4602 4659//4658 4658//4657
f 4607//4608 4613//4612 4659//4658
f 4659//4658 4613//4612 4617//4617
f 4659//4658 4617//4617 4624//4623
f 4659//4658 4602//4602 4607//4608
f 4600//4599 4655//4654 4660//4659
f 4655//4654 4654//4653 4660//4659
f 4600//4599 4603//4601 4655//4654
f 4660//4659 4662//4660 4661//4661
f 4660//4659 4661//4661 4663//4662
f 4660//4659 4654//4653 4662//4660
f 4663//4662 4588//4587 4660//4659
f 4660//4659 4588//4587 4600//4599
f 4664//4663 4665//4664 4663//4662
f 4663//4662 4661//4661 4664//4663
f 4663//4662 4665//4664 4588//4587
f 4665//4664 4666//4665 4588//4587
f 4665//4664 4667//4666 4666//4665
f 4664//4663 4667//4666 4665//4664
f 4666//4665 4667//4666 4668//4667
f 4671//4668 4668//4667 4667//4666
f 4670//4669 4667//4666 4669//4670
f 4669//4670 4667//4666 4664//4663
f 4667//4666 4670//4669 4671//4668
f 4671//4668 4670//4669 4672//4671
f 4668//4667 4671//4668 4673//4672
f 4671//4668 4672//4671 4673//4672
f 4674//4673 4675//4674 4673//4672
f 4674//4673 4673//4672 4672//4671
f 4668//4667 4673//4672 4675//4674
f 4676//4675 4675//4674 4674//4673
f 4668//4667 4675//4674 4677//4676
f 4675//4674 4676//4675 4678//4677
f 4678//4677 4677//4676 4675//4674
f 4678//4677 4679//4678 4680//4679
f 4676//4675 4679//4678 4678//4677
f 4680//4679 4677//4676 4678//4677
f 4680//4679 4679//4678 4682//4680
f 4677//4676 4680//4679 4587//4586
f 4681//4681 4587//4586 4680//4679
f 4681//4681 4680//4679 4682//4680
f 4679//4678 4683//4682 4682//4680
f 4683//4682 4684//4683 4682//4680
f 4684//4683 4578//4579 4682//4680
f 4681//4681 4682//4680 4578//4579
f 4685//4684 4579//4577 4684//4683
f 4685//4684 4684//4683 4683//4682
f 4579//4577 4578//4579 4684//4683
f 4579//4577 4685//4684 4574//4573
f 4573//4572 4574//4573 4685//4684
f 4686//4685 4685//4684 4683//4682
f 4686//4685 4573//4572 4685//4684
f 4686//4685 4687//4686 4573//4572
f 4687//4686 4686//4685 4690//4687
f 4686//4685 4683//4682 4688//4688
f 4689//4689 4686//4685 4688//4688
f 4690//4687 4686//4685 4689//4689
f 4687//4686 4690//4687 4692//4690
f 4690//4687 4689//4689 4691//4691
f 4690//4687 4691//4691 4692//4690
f 4692//4690 4695//4692 4687//4686
f 4694//4693 4693//4694 4692//4690
f 4693//4694 4695//4692 4692//4690
f 4691//4691 4694//4693 4692//4690
f 4698//4695 4696//4696 4695//4692
f 4695//4692 4696//4696 4563//4563
f 4697//4697 4695//4692 4693//4694
f 4697//4697 4698//4695 4695//4692
f 4695//4692 4563//4563 4687//4686
f 4698//4695 4697//4697 4553//4554
f 4553//4554 4559//4558 4698//4695
f 4559//4558 4696//4696 4698//4695
f 4694//4693 4697//4697 4693//4694
f 4699//4698 4697//4697 4694//4693
f 4697//4697 4699//4698 4700//4699
f 4697//4697 4700//4699 4553//4554
f 4554//4553 4553//4554 4700//4699
f 4701//4700 4700//4699 4699//4698
f 4700//4699 4701//4700 4554//4553
f 4702//4701 4701//4700 4705//4702
f 4706//4703 4701//4700 4702//4701
f 4701//4700 4699//4698 4703//4704
f 4701//4700 4703//4704 4704//4705
f 4705//4702 4701//4700 4704//4705
f 4552//4552 4554//4553 4701//4700
f 4552//4552 4701//4700 4707//4706
f 4706//4703 4707//4706 4701//4700
f 4544//4544 4552//4552 4707//4706
f 4540//4540 4544//4544 4707//4706
f 4540//4540 4707//4706 4708//4707
f 4707//4706 4706//4703 4708//4707
f 4712//4708 4709//4709 4708//4707
f 4709//4709 4540//4540 4708//4707
f 4710//4710 4708//4707 4711//4711
f 4712//4708 4708//4707 4710//4710
f 4711//4711 4708//4707 4706//4703
f 4538//4538 4712//4708 4710//4710
f 4538//4538 4709//4709 4712//4708
f 4710//4710 4711//4711 4714//4712
f 4713//4713 4711//4711 4702//4701
f 4711//4711 4713//4713 4714//4712
f 4706//4703 4702//4701 4711//4711
f 4718//4714 4710//4710 4714//4712
f 4714//4712 4716//4715 4715//4716
f 4715//4716 4717//4717 4714//4712
f 4714//4712 4713//4713 4716//4715
f 4718//4714 4714//4712 4717//4717
f 4719//4718 4710//4710 4718//4714
f 4720//4719 4719//4718 4718//4714
f 4718//4714 4721//4720 4720//4719
f 4721//4720 4718//4714 4717//4717
f 4722//4721 4721//4720 4724//4722
f 4721//4720 4722//4721 4720//4719
f 4721//4720 4717//4717 3147//3147
f 4723//4723 4721//4720 3147//3147
f 4724//4722 4721//4720 4723//4723
f 4724//4722 4723//4723 4726//4724
f 4724//4722 4725//4725 4722//4721
f 4725//4725 4724//4722 4726//4724
f 4726//4724 4727//4726 4725//4725
f 4727//4726 4726//4724 4728//4727
f 4726//4724 4723//4723 4728//4727
f 4731//4728 4728//4727 4723//4723
f 4729//4729 4728//4727 4730//4730
f 4727//4726 4728//4727 4729//4729
f 4730//4730 4728//4727 4731//4728
f 4732//4731 4731//4728 4723//4723
f 4731//4728 4732//4731 3143//3144
f 4731//4728 3143//3144 3144//3143
f 4730//4730 4731//4728 3144//3143
f 4732//4731 3147//3147 3143//3144
f 4732//4731 4723//4723 3147//3147
f 4730//4730 3144//3143 4733//4732
f 4730//4730 4733//4732 4729//4729
f 4729//4729 4733//4732 4735//4733
f 4734//4734 4733//4732 3144//3143
f 4734//4734 4735//4733 4733//4732
f 4736//4735 4729//4729 4735//4733
f 4737//4736 4736//4735 4735//4733
f 4739//4737 4735//4733 4734//4734
f 4738//4738 4737//4736 4735//4733
f 4740//4739 4738//4738 4735//4733
f 4735//4733 4739//4737 4740//4739
f 4740//4739 3139//3139 4741//4740
f 4743//4741 4740//4739 4741//4740
f 3141//3141 3139//3139 4740//4739
f 4740//4739 4739//4737 3141//3141
f 4740//4739 4742//4742 4738//4738
f 4743//4741 4742//4742 4740//4739
f 4745//4743 4742//4742 4743//4741
f 4744//4744 4743//4741 4741//4740
f 4745//4743 4743//4741 4744//4744
f 4745//4743 4746//4745 4747//4746
f 4746//4745 4745//4743 3115//3115
f 4745//4743 4747//4746 4742//4742
f 4744//4744 3118//3118 4745//4743
f 3115//3115 4745//4743 3118//3118
f 4749//4747 4747//4746 4746//4745
f 4747//4746 4738//4738 4742//4742
f 4747//4746 4748//4748 4738//4738
f 4749//4747 4748//4748 4747//4746
f 4750//4749 4751//4750 4749//4747
f 4749//4747 4752//4751 4750//4749
f 4751//4750 4748//4748 4749//4747
f 4746//4745 4752//4751 4749//4747
f 4752//4751 4751//4750 4750//4749
f 3107//3108 4751//4750 4752//4751
f 4752//4751 3110//3112 3111//3111
f 3111//3111 3107//3108 4752//4751
f 3110//3112 4752//4751 4746//4745
f 4748//4748 4751//4750 4753//4752
f 4751//4750 4754//4753 4753//4752
f 3106//3107 4754//4753 4751//4750
f 3106//3107 4751//4750 3107//3108
f 4755//4754 4754//4753 3106//3107
f 4754//4753 4755//4754 4756//4755
f 4756//4755 4753//4752 4754//4753
f 4758//4756 4756//4755 4757//4757
f 4757//4757 4756//4755 4760//4758
f 4758//4756 4753//4752 4756//4755
f 4755//4754 4759//4759 4756//4755
f 4759//4759 4760//4758 4756//4755
f 4757//4757 4760//4758 4761//4760
f 4760//4758 4764//4761 4761//4760
f 4764//4761 4760//4758 4762//4762
f 4760//4758 4763//4763 4762//4762
f 4759//4759 4763//4763 4760//4758
f 4765//4764 4761//4760 4764//4761
f 4764//4761 4766//4765 4765//4764
f 4766//4765 4764//4761 4762//4762
f 4765//4764 4766//4765 4768//4766
f 4767//4767 4766//4765 4762//4762
f 4767//4767 4769//4768 4766//4765
f 4769//4768 4768//4766 4766//4765
f 4769//4768 4771//4769 4770//4770
f 4770//4770 4768//4766 4769//4768
f 4771//4769 4769//4768 4772//4771
f 4773//4772 4772//4771 4769//4768
f 4767//4767 4773//4772 4769//4768
f 4774//4773 4773//4772 4767//4767
f 4773//4772 4774//4773 4775//4774
f 4772//4771 4773//4772 4775//4774
f 4777//4775 4775//4774 4774//4773
f 4777//4775 4776//4776 4775//4774
f 4776//4776 4772//4771 4775//4774
f 4776//4776 4777//4775 4779//4777
f 4779//4777 4777//4775 4778//4778
f 4777//4775 4774//4773 4778//4778
f 4782//4779 4776//4776 4779//4777
f 4779//4777 4778//4778 4783//4780
f 4780//4781 4779//4777 4783//4780
f 4780//4781 4781//4782 4779//4777
f 4782//4779 4779//4777 4781//4782
f 4781//4782 4783//4780 4785//4783
f 4780//4781 4783//4780 4781//4782
f 4785//4783 4783//4780 4784//4784
f 4778//4778 4784//4784 4783//4780
f 4785//4783 4786//4785 4781//4782
f 4784//4784 4786//4785 4785//4783
f 4787//4786 4786//4785 4784//4784
f 4791//4787 4786//4785 4787//4786
f 4790//4788 4786//4785 4788//4789
f 4786//4785 4791//4787 4788//4789
f 4789//4790 4781//4782 4786//4785
f 4790//4788 4789//4790 4786//4785
f 4791//4787 4793//4791 4788//4789
f 4792//4792 4791//4787 4787//4786
f 3075//3075 4793//4791 4791//4787
f 4792//4792 3075//3075 4791//4787
f 4793//4791 3075//3075 4794//4793
f 4794//4793 4795//4794 4793//4791
f 4788//4789 4793//4791 4795//4794
f 4795//4794 4790//4788 4788//4789
f 4796//4795 4790//4788 4795//4794
f 4796//4795 4795//4794 4797//4796
f 4795//4794 4794//4793 4797//4796
f 4797//4796 4800//4797 4798//4798
f 4799//4799 4797//4796 4798//4798
f 4796//4795 4797//4796 4799//4799
f 4797//4796 4794//4793 4800//4797
f 4800//4797 3065//3065 4801//4800
f 4800//4797 4803//4801 3065//3065
f 4800//4797 4801//4800 4802//4802
f 4798//4798 4800//4797 4802//4802
f 4800//4797 4794//4793 4803//4801
f 4794//4793 3064//3064 4803//4801
f 4803//4801 3064//3064 3065//3065
f 4802//4802 4801//4800 4804//4803
f 4804//4803 4805//4804 4802//4802
f 4798//4798 4802//4802 4805//4804
f 4806//4805 4798//4798 4805//4804
f 4805//4804 4807//4806 4806//4805
f 4807//4806 4805//4804 4808//4807
f 4805//4804 4804//4803 4808//4807
f 4804//4803 4809//4808 4808//4807
f 4809//4808 4810//4809 4808//4807
f 4811//4810 4808//4807 4810//4809
f 4807//4806 4808//4807 4812//4811
f 4808//4807 4811//4810 4812//4811
f 4812//4811 4813//4812 4807//4806
f 4813//4812 4812//4811 4816//4813
f 4812//4811 4815//4814 4814//4815
f 4816//4813 4812//4811 4814//4815
f 4812//4811 4811//4810 4815//4814
f 4817//4816 4816//4813 4819//4817
f 4813//4812 4816//4813 4817//4816
f 4814//4815 4818//4818 4816//4813
f 4816//4813 4818//4818 4819//4817
f 4240//4241 4244//4245 4819//4817
f 4820//4819 4819//4817 4244//4245
f 4820//4819 4817//4816 4819//4817
f 4822//4820 4821//4821 4819//4817
f 4240//4241 4819//4817 4821//4821
f 4819//4817 4818//4818 4822//4820
f 4822//4820 4818//4818 4823//4822
f 4824//4823 4821//4821 4822//4820
f 4823//4822 4824//4823 4822//4820
f 4821//4821 4824//4823 4825//4824
f 4825//4824 4824//4823 4829//4825
f 4823//4822 4826//4826 4824//4823
f 4824//4823 4826//4826 4827//4827
f 4824//4823 4827//4827 4828//4828
f 4824//4823 4828//4828 4829//4825
f 4825//4824 4829//4825 4830//4829
f 4830//4829 4829//4825 4828//4828
f 4831//4830 4830//4829 4832//4831
f 4825//4824 4830//4829 4831//4830
f 4832//4831 4830//4829 4833//4832
f 4830//4829 4834//4833 4833//4832
f 4830//4829 4828//4828 4834//4833
f 4833//4832 4834//4833 4835//4834
f 4836//4835 4835//4834 4834//4833
f 4834//4833 4828//4828 4836//4835
f 4836//4835 4837//4836 4838//4837
f 4836//4835 4840//4838 4837//4836
f 4836//4835 4838//4837 4839//4839
f 4835//4834 4836//4835 4839//4839
f 4840//4838 4836//4835 4828//4828
f 4842//4840 4840//4838 4827//4827
f 4827//4827 4840//4838 4828//4828
f 4841//4841 4837//4836 4840//4838
f 4842//4840 4841//4841 4840//4838
f 4826//4826 4842//4840 4827//4827
f 4826//4826 4843//4842 4842//4840
f 4843//4842 4841//4841 4842//4840
f 4843//4842 4815//4814 4844//4843
f 4814//4815 4815//4814 4843//4842
f 4814//4815 4843//4842 4826//4826
f 4844//4843 4845//4844 4843//4842
f 4843//4842 4845//4844 4841//4841
f 4841//4841 4845//4844 4846//4845
f 4844//4843 4848//4846 4845//4844
f 4847//4847 4846//4845 4845//4844
f 4848//4846 4847//4847 4845//4844
f 4849//4848 4848//4846 4844//4843
f 4849//4848 4847//4847 4848//4846
f 4844//4843 4810//4809 4849//4848
f 4810//4809 4850//4849 4849//4848
f 4849//4848 3052//3053 4847//4847
f 4850//4849 3051//3052 4849//4848
f 4849//4848 3051//3052 3052//3053
f 4809//4808 4851//4850 4850//4849
f 4809//4808 4850//4849 4810//4809
f 4851//4850 4852//4851 4850//4849
f 3054//3054 4850//4849 4852//4851
f 4850//4849 3054//3054 3051//3052
f 3057//3058 3054//3054 4852//4851
f 3057//3058 4852//4851 3065//3065
f 3065//3065 4852//4851 4851//4850
f 4801//4800 3065//3065 4851//4850
f 4809//4808 4801//4800 4851//4850
f 4847//4847 4854//4852 4846//4845
f 4853//4853 4847//4847 3052//3053
f 4854//4852 4847//4847 4853//4853
f 4846//4845 4854//4852 4855//4854
f 4853//4853 4855//4854 4854//4852
f 4846//4845 4855//4854 4858//4855
f 4855//4854 4853//4853 4856//4856
f 4856//4856 4857//4857 4855//4854
f 4858//4855 4855//4854 4857//4857
f 4858//4855 4837//4836 4846//4845
f 4858//4855 4860//4858 4837//4836
f 4860//4858 4858//4855 4859//4859
f 4858//4855 4857//4857 4859//4859
f 4837//4836 4860//4858 4838//4837
f 4838//4837 4860//4858 4863//4860
f 4860//4858 4861//4861 4863//4860
f 4860//4858 4862//4862 4861//4861
f 4859//4859 4862//4862 4860//4858
f 4838//4837 4863//4860 4839//4839
f 4839//4839 4863//4860 4177//4176
f 4863//4860 4175//4174 4177//4176
f 4861//4861 4175//4174 4863//4860
f 4859//4859 4864//4863 4862//4862
f 4864//4863 4865//4864 4862//4862
f 4865//4864 4866//4865 4862//4862
f 4861//4861 4862//4862 4866//4865
f 4861//4861 4866//4865 4175//4174
f 4175//4174 4866//4865 4174//4175
f 4174//4175 4866//4865 4165//4165
f 4865//4864 4165//4165 4866//4865
f 4864//4863 4160//4161 4865//4864
f 4161//4160 4865//4864 4160//4161
f 4865//4864 4161//4160 4165//4165
f 4857//4857 4864//4863 4859//4859
f 4864//4863 4857//4857 4856//4856
f 4864//4863 4856//4856 4867//4866
f 4867//4866 4868//4867 4864//4863
f 4160//4161 4864//4863 4868//4867
f 4868//4867 4871//4868 4160//4161
f 4870//4869 4868//4867 4867//4866
f 4870//4869 4869//4870 4868//4867
f 4869//4870 4871//4868 4868//4867
f 4871//4868 4872//4871 4160//4161
f 4871//4868 4873//4872 4872//4871
f 4874//4873 4873//4872 4871//4868
f 4869//4870 4874//4873 4871//4868
f 4869//4870 4875//4874 4874//4873
f 4876//4875 4874//4873 4875//4874
f 4874//4873 4876//4875 4873//4872
f 4875//4874 4877//4876 4876//4875
f 4878//4877 4876//4875 4877//4876
f 4878//4877 4873//4872 4876//4875
f 4881//4878 4878//4877 4877//4876
f 4879//4879 4878//4877 4880//4880
f 4873//4872 4878//4877 4879//4879
f 4878//4877 4881//4878 4880//4880
f 4881//4878 4882//4881 4884//4882
f 4881//4878 4883//4883 4882//4881
f 4877//4876 4883//4883 4881//4878
f 4885//4884 4880//4880 4881//4878
f 4885//4884 4881//4878 4884//4882
f 4880//4880 4885//4884 4887//4885
f 4885//4884 4888//4886 4886//4887
f 4886//4887 4887//4885 4885//4884
f 4885//4884 4884//4882 4888//4886
f 4884//4882 4889//4888 4888//4886
f 4889//4888 4891//4889 4888//4886
f 4890//4890 4886//4887 4888//4886
f 4891//4889 4890//4890 4888//4886
f 4891//4889 4889//4888 4892//4891
f 4892//4891 4894//4892 4891//4889
f 4893//4893 4890//4890 4891//4889
f 4893//4893 4891//4889 4894//4892
f 4894//4892 4892//4891 4895//4894
f 4894//4892 4896//4895 4893//4893
f 4895//4894 4898//4896 4894//4892
f 4894//4892 4897//4897 4896//4895
f 4898//4896 4897//4897 4894//4892
f 4900//4898 4898//4896 4895//4894
f 4901//4899 4899//4900 4898//4896
f 4898//4896 4899//4900 4897//4897
f 4898//4896 4900//4898 4901//4899
f 4901//4899 4900//4898 4904//4901
f 4899//4900 4901//4899 4902//4902
f 4903//4903 4902//4902 4901//4899
f 4904//4901 4903//4903 4901//4899
f 4905//4904 4904//4901 4900//4898
f 4906//4905 4904//4901 4905//4904
f 4908//4906 4904//4901 4906//4905
f 4904//4901 4907//4907 4903//4903
f 4908//4906 4907//4907 4904//4901
f 4908//4906 4906//4905 4909//4908
f 4909//4908 4911//4909 4908//4906
f 4908//4906 4911//4909 4910//4910
f 4910//4910 4912//4911 4908//4906
f 4908//4906 4912//4911 4907//4907
f 4915//4912 4912//4911 4913//4913
f 4913//4913 4912//4911 4914//4914
f 4914//4914 4912//4911 4910//4910
f 4907//4907 4912//4911 4915//4912
f 4913//4913 4917//4915 4915//4912
f 4907//4907 4915//4912 4916//4916
f 4916//4916 4915//4912 4917//4915
f 4913//4913 4921//4917 4917//4915
f 4921//4917 4918//4918 4917//4915
f 4918//4918 4920//4919 4917//4915
f 4917//4915 4919//4920 4916//4916
f 4917//4915 4920//4919 4919//4920
f 4924//4921 4922//4922 4921//4917
f 4922//4922 4923//4923 4921//4917
f 4923//4923 4925//4924 4921//4917
f 4921//4917 4925//4924 4918//4918
f 4926//4925 4924//4921 4921//4917
f 4921//4917 4913//4913 4926//4925
f 4927//4926 4926//4925 4914//4914
f 4926//4925 4913//4913 4914//4914
f 4927//4926 4924//4921 4926//4925
f 4924//4921 4927//4926 4928//4927
f 4928//4927 4927//4926 4929//4928
f 4927//4926 4914//4914 4929//4928
f 4931//4929 4929//4928 4930//4930
f 4930//4930 4929//4928 4933//4931
f 4929//4928 4931//4929 4928//4927
f 4932//4932 4929//4928 4914//4914
f 4929//4928 4932//4932 4933//4931
f 4930//4930 4933//4931 4934//4933
f 4933//4931 4935//4934 4934//4933
f 4933//4931 4932//4932 4935//4934
f 4934//4933 4935//4934 4936//4935
f 4935//4934 4911//4909 4936//4935
f 4932//4932 4911//4909 4935//4934
f 4940//4936 4936//4935 4937//4937
f 4936//4935 4939//4938 4937//4937
f 4936//4935 4938//4939 4939//4938
f 4938//4939 4936//4935 4909//4908
f 4934//4933 4936//4935 4940//4936
f 4936//4935 4911//4909 4909//4908
f 4941//4940 4940//4936 4937//4937
f 4942//4941 4940//4936 4941//4940
f 4940//4936 4942//4941 4934//4933
f 4945//4942 4942//4941 4941//4940
f 4944//4943 4943//4944 4942//4941
f 4943//4944 4934//4933 4942//4941
f 4944//4943 4942//4941 4945//4942
f 4947//4945 4945//4942 4946//4946
f 4946//4946 4945//4942 4948//4947
f 4945//4942 4947//4945 4949//4948
f 4948//4947 4945//4942 4941//4940
f 4949//4948 4944//4943 4945//4942
f 4949//4948 4951//4949 4944//4943
f 4949//4948 4950//4950 4951//4949
f 4950//4950 4949//4948 4947//4945
f 4952//4951 4951//4949 4950//4950
f 4952//4951 4953//4952 4951//4949
f 4953//4952 4954//4953 4951//4949
f 4954//4953 4944//4943 4951//4949
f 4954//4953 4953//4952 4943//4944
f 4954//4953 4943//4944 4944//4943
f 4955//4954 4953//4952 4952//4951
f 4953//4952 4955//4954 3009//3009
f 4953//4952 4930//4930 4943//4944
f 4956//4955 4957//4956 4953//4952
f 3009//3009 4956//4955 4953//4952
f 4953//4952 4957//4956 4930//4930
f 3007//3007 4957//4956 4956//4955
f 4931//4929 4957//4956 3007//3007
f 4931//4929 4930//4930 4957//4956
f 3009//3009 3006//3006 4956//4955
f 4956//4955 3006//3006 3007//3007
f 3009//3009 4955//4954 3014//3015
f 4952//4951 3014//3015 4955//4954
f 3014//3015 4952//4951 4958//4957
f 4950//4950 4958//4957 4952//4951
f 3019//3020 4958//4957 3024//3025
f 4958//4957 3019//3020 3018//3019
f 3024//3025 4958//4957 4959//4958
f 4960//4959 4959//4958 4958//4957
f 3014//3015 4958//4957 3018//3019
f 4950//4950 4960//4959 4958//4957
f 4960//4959 4962//4960 4961//4961
f 3035//3036 4960//4959 4961//4961
f 4960//4959 4950//4950 4962//4960
f 3035//3036 4959//4958 4960//4959
f 4950//4950 4947//4945 4962//4960
f 4962//4960 4947//4945 4961//4961
f 4964//4962 4963//4963 4961//4961
f 4963//4963 3035//3036 4961//4961
f 4961//4961 4947//4945 4964//4962
f 4965//4964 4963//4963 4964//4962
f 4965//4964 4964//4962 4966//4965
f 4946//4946 4966//4965 4964//4962
f 4947//4945 4946//4946 4964//4962
f 4968//4966 4965//4964 4966//4965
f 4967//4967 4966//4965 4946//4946
f 4968//4966 4966//4965 4967//4967
f 4965//4964 4968//4966 4971//4968
f 4968//4966 4970//4969 4969//4970
f 4969//4970 4971//4968 4968//4966
f 4967//4967 4970//4969 4968//4966
f 3040//3040 4971//4968 4972//4971
f 4971//4968 4973//4972 4972//4971
f 4971//4968 3040//3040 4965//4964
f 4973//4972 4971//4968 4969//4970
f 4973//4972 4974//4973 4972//4971
f 4975//4974 4974//4973 4973//4972
f 4969//4970 4975//4974 4973//4972
f 4975//4974 4969//4970 4977//4975
f 4976//4976 4882//4881 4975//4974
f 4976//4976 4975//4974 4977//4975
f 4883//4883 4975//4974 4882//4881
f 4883//4883 4974//4973 4975//4974
f 4969//4970 4978//4977 4977//4975
f 4978//4977 4976//4976 4977//4975
f 4970//4969 4978//4977 4969//4970
f 4976//4976 4978//4977 4979//4978
f 4978//4977 4980//4979 4979//4978
f 4980//4979 4978//4977 4970//4969
f 4967//4967 4980//4979 4970//4969
f 4980//4979 4967//4967 4946//4946
f 4946//4946 4948//4947 4980//4979
f 4980//4979 4948//4947 4979//4978
f 4976//4976 4979//4978 4981//4980
f 4941//4940 4979//4978 4948//4947
f 4979//4978 4941//4940 4981//4980
f 4976//4976 4981//4980 4983//4981
f 4981//4980 4941//4940 4982//4982
f 4983//4981 4981//4980 4982//4982
f 4983//4981 4882//4881 4976//4976
f 4983//4981 4982//4982 4984//4983
f 4882//4881 4983//4981 4984//4983
f 4882//4881 4984//4983 4884//4882
f 4984//4983 4982//4982 4985//4984
f 4889//4888 4884//4882 4984//4983
f 4889//4888 4984//4983 4985//4984
f 4985//4984 4892//4891 4889//4888
f 4985//4984 4986//4985 4892//4891
f 4982//4982 4986//4985 4985//4984
f 4986//4985 4982//4982 4937//4937
f 4986//4985 4937//4937 4939//4938
f 4986//4985 4938//4939 4892//4891
f 4939//4938 4938//4939 4986//4985
f 4982//4982 4941//4940 4937//4937
f 4883//4883 4987//4986 4974//4973
f 4987//4986 4988//4987 4974//4973
f 4988//4987 4972//4971 4974//4973
f 4991//4988 4989//4989 4988//4987
f 4988//4987 4989//4989 4990//4990
f 4990//4990 4992//4991 4988//4987
f 4992//4991 4972//4971 4988//4987
f 4987//4986 4991//4988 4988//4987
f 4972//4971 4992//4991 4993//4992
f 4990//4990 4993//4992 4992//4991
f 3049//3050 4993//4992 4994//4993
f 4994//4993 4993//4992 4995//4994
f 3045//3045 3038//3039 4993//4992
f 4993//4992 3049//3050 3045//3045
f 4993//4992 4990//4990 4995//4994
f 3038//3039 4972//4971 4993//4992
f 4994//4993 4995//4994 4996//4995
f 4990//4990 4996//4995 4995//4994
f 4994//4993 4996//4995 4999//4996
f 4990//4990 4997//4997 4996//4995
f 4997//4997 4998//4998 4996//4995
f 4996//4995 4998//4998 5000//4999
f 4996//4995 5000//4999 4999//4996
f 4856//4856 5001//5000 5000//4999
f 5000//4999 5001//5000 4999//4996
f 5000//4999 4870//4869 4856//4856
f 4998//4998 4870//4869 5000//4999
f 4853//4853 5001//5000 4856//4856
f 4999//4996 5001//5000 4853//4853
f 3052//3053 4999//4996 4853//4853
f 3052//3053 4994//4993 4999//4996
f 5002//5001 4869//4870 4998//4998
f 4998//4998 4869//4870 4870//4869
f 4998//4998 4997//4997 4989//4989
f 4991//4988 5002//5001 4998//4998
f 4991//4988 4998//4998 4989//4989
f 5002//5001 4991//4988 4875//4874
f 5002//5001 4875//4874 4869//4870
f 4989//4989 4997//4997 4990//4990
f 3052//3053 3049//3050 4994//4993
f 4875//4874 4991//4988 4987//4986
f 4877//4876 4875//4874 4987//4986
f 4883//4883 4877//4876 4987//4986
f 3038//3039 3040//3040 4972//4971
f 4965//4964 3040//3040 4963//4963
f 3036//3037 4963//4963 3040//3040
f 3036//3037 3035//3036 4963//4963
f 4959//4958 3025//3026 3024//3025
f 3035//3036 3025//3026 4959//4958
f 4934//4933 4943//4944 4930//4930
f 4892//4891 4938//4939 4895//4894
f 4909//4908 4905//4904 4938//4939
f 4905//4904 4895//4894 4938//4939
f 4932//4932 4910//4910 4911//4909
f 4914//4914 4910//4910 4932//4932
f 5003//5002 5004//5003 4931//4929
f 3007//3007 5003//5002 4931//4929
f 5004//5003 4928//4927 4931//4929
f 5004//5003 5003//5002 5005//5004
f 5004//5003 4924//4921 4928//4927
f 5006//5005 4924//4921 5004//5003
f 5005//5004 5007//5006 5004//5003
f 5004//5003 5007//5006 5006//5005
f 5007//5006 5005//5004 2987//2986
f 5006//5005 5007//5006 2985//2985
f 5007//5006 2987//2986 2985//2985
f 5006//5005 4922//4922 4924//4921
f 5008//5007 4922//4922 5006//5005
f 2985//2985 5008//5007 5006//5005
f 4922//4922 5008//5007 5009//5008
f 5010//5009 5009//5008 5008//5007
f 5008//5007 2986//2987 5010//5009
f 5008//5007 2985//2985 2986//2987
f 5009//5008 5010//5009 5011//5010
f 5011//5010 5010//5009 5013//5011
f 5010//5009 2986//2987 5012//5012
f 5010//5009 5012//5012 5013//5011
f 5013//5011 5014//5013 5011//5010
f 5013//5011 5015//5014 5014//5013
f 5012//5012 5015//5014 5013//5011
f 5014//5013 5015//5014 5016//5015
f 5015//5014 5019//5016 5016//5015
f 5017//5017 5019//5016 5015//5014
f 5015//5014 5018//5018 5017//5017
f 5020//5019 5018//5018 5015//5014
f 5012//5012 5020//5019 5015//5014
f 5012//5012 5021//5020 5020//5019
f 5020//5019 2922//2921 5018//5018
f 5020//5019 2919//2920 2922//2921
f 5020//5019 5021//5020 2919//2920
f 5021//5020 2986//2987 2919//2920
f 5012//5012 2986//2987 5021//5020
f 5016//5015 5019//5016 5022//5021
f 5022//5021 5019//5016 5023//5022
f 5019//5016 5024//5023 5023//5022
f 5019//5016 5025//5024 5024//5023
f 5019//5016 5017//5017 5025//5024
f 5017//5017 2915//2913 5025//5024
f 2915//2913 5026//5025 5025//5024
f 5026//5025 2939//2939 5025//5024
f 5024//5023 5025//5024 5029//5026
f 2939//2939 2940//2940 5025//5024
f 5025//5024 2944//2944 3720//3721
f 2941//2941 2944//2944 5025//5024
f 5028//5027 5025//5024 5027//5028
f 5025//5024 3720//3721 5027//5028
f 5025//5024 2940//2940 2941//2941
f 5025//5024 5028//5027 5029//5026
f 5031//5029 5029//5026 5030//5030
f 5032//5031 5030//5030 5029//5026
f 5024//5023 5029//5026 5031//5029
f 5029//5026 5028//5027 5032//5031
f 5032//5031 5033//5032 5035//5033
f 5032//5031 5034//5034 5033//5032
f 5030//5030 5032//5031 5035//5033
f 5034//5034 5032//5031 5028//5027
f 5036//5035 5035//5033 5040//5036
f 5036//5035 5037//5037 5035//5033
f 5037//5037 5030//5030 5035//5033
f 5033//5032 5038//5038 5035//5033
f 5035//5033 5038//5038 5039//5039
f 5040//5036 5035//5033 5039//5039
f 5042//5040 5040//5036 5041//5041
f 5040//5036 5044//5042 5041//5041
f 5043//5043 5040//5036 5042//5040
f 5040//5036 5043//5043 5036//5035
f 5040//5036 5039//5039 5044//5042
f 5041//5041 5044//5042 5046//5044
f 5044//5042 5039//5039 5045//5045
f 5044//5042 5045//5045 5046//5044
f 5041//5041 5046//5044 5047//5046
f 5046//5044 5048//5047 5047//5046
f 5046//5044 3725//3727 5048//5047
f 5046//5044 5049//5048 3725//3727
f 5046//5044 5045//5045 5049//5048
f 5039//5039 5049//5048 5045//5045
f 5039//5039 5051//5049 5049//5048
f 5049//5048 5050//5050 3725//3727
f 5049//5048 5051//5049 5050//5050
f 5052//5051 5050//5050 5051//5049
f 5038//5038 5052//5051 5051//5049
f 5038//5038 5051//5049 5039//5039
f 5052//5051 3725//3727 5050//5050
f 5052//5051 5053//5052 3725//3727
f 5054//5053 5052//5051 5038//5038
f 5055//5054 5053//5052 5052//5051
f 5054//5053 5055//5054 5052//5051
f 5033//5032 5056//5055 5055//5054
f 5033//5032 5055//5054 5054//5053
f 5055//5054 5056//5055 5053//5052
f 5056//5055 5033//5032 5027//5028
f 5027//5028 3720//3721 5056//5055
f 5056//5055 3720//3721 5053//5052
f 5033//5032 5054//5053 5038//5038
f 3720//3721 3725//3727 5053//5052
f 5058//5056 5048//5047 5057//5057
f 5057//5057 5048//5047 3732//3734
f 5047//5046 5048//5047 5058//5056
f 5048//5047 3725//3727 3732//3734
f 5060//5058 5058//5056 5059//5059
f 5059//5059 5058//5056 5057//5057
f 5061//5060 5058//5056 5060//5058
f 5061//5060 5047//5046 5058//5056
f 5066//5061 5061//5060 5062//5062
f 5062//5062 5061//5060 5063//5063
f 5063//5063 5061//5060 5060//5058
f 5064//5064 5047//5046 5061//5060
f 5065//5065 5064//5064 5061//5060
f 5065//5065 5061//5060 5066//5061
f 5069//5066 5066//5061 5067//5067
f 5066//5061 5062//5062 5067//5067
f 5068//5068 5066//5061 5069//5066
f 5068//5068 5065//5065 5066//5061
f 5067//5067 4897//4897 5069//5066
f 5069//5066 4897//4897 4899//4900
f 5069//5066 4899//4900 4902//4902
f 4902//4902 5068//5068 5069//5066
f 4902//4902 5070//5069 5068//5068
f 5068//5068 5070//5069 5065//5065
f 4902//4902 4903//4903 5070//5069
f 5070//5069 5064//5064 5065//5065
f 5070//5069 5071//5070 5064//5064
f 4903//4903 5071//5070 5070//5069
f 4916//4916 5073//5071 5071//5070
f 4903//4903 4916//4916 5071//5070
f 5071//5070 5072//5072 5064//5064
f 5073//5071 5072//5072 5071//5070
f 4916//4916 4919//4920 5073//5071
f 5073//5071 5074//5073 5072//5072
f 5074//5073 5073//5071 4919//4920
f 5074//5073 5075//5074 5072//5072
f 5076//5075 5075//5074 5074//5073
f 5076//5075 5074//5073 4919//4920
f 5077//5076 5076//5075 4919//4920
f 5077//5076 5078//5077 5076//5075
f 5043//5043 5075//5074 5076//5075
f 5076//5075 5078//5077 5043//5043
f 5037//5037 5078//5077 5077//5076
f 5078//5077 5036//5035 5043//5043
f 5037//5037 5036//5035 5078//5077
f 4920//4919 5079//5078 5077//5076
f 4920//4919 5077//5076 4919//4920
f 5037//5037 5077//5076 5079//5078
f 4920//4919 5080//5079 5079//5078
f 5080//5079 5037//5037 5079//5078
f 5081//5080 5080//5079 4920//4919
f 5081//5080 5083//5081 5080//5079
f 5082//5082 5080//5079 5083//5081
f 5082//5082 5084//5083 5080//5079
f 5084//5083 5030//5030 5080//5079
f 5080//5079 5030//5030 5037//5037
f 5085//5084 5084//5083 5082//5082
f 5085//5084 5087//5085 5084//5083
f 5084//5083 5023//5022 5030//5030
f 5087//5085 5086//5086 5084//5083
f 5023//5022 5084//5083 5086//5086
f 5014//5013 5087//5085 5085//5084
f 5016//5015 5087//5085 5014//5013
f 5022//5021 5087//5085 5016//5015
f 5087//5085 5022//5021 5086//5086
f 5022//5021 5023//5022 5086//5086
f 5088//5087 5089//5088 5085//5084
f 5085//5084 5082//5082 5088//5087
f 5011//5010 5014//5013 5085//5084
f 5011//5010 5085//5084 5089//5088
f 5011//5010 5089//5088 4923//4923
f 5089//5088 5088//5087 5090//5089
f 4923//4923 5089//5088 4925//4924
f 5089//5088 5090//5089 4925//4924
f 4925//4924 5090//5089 4918//4918
f 4918//4918 5090//5089 5091//5090
f 5090//5089 5092//5091 5091//5090
f 5092//5091 5090//5089 5088//5087
f 5091//5090 5092//5091 5083//5081
f 5088//5087 5083//5081 5092//5091
f 4918//4918 5091//5090 5081//5080
f 5091//5090 5083//5081 5081//5080
f 5088//5087 5082//5082 5083//5081
f 4918//4918 5081//5080 4920//4919
f 5075//5074 5043//5043 5093//5092
f 5075//5074 5093//5092 5072//5072
f 5072//5072 5093//5092 5064//5064
f 5093//5092 5041//5041 5064//5064
f 5093//5092 5042//5040 5041//5041
f 5093//5092 5043//5043 5042//5040
f 5095//5093 5067//5067 5094//5094
f 5094//5094 5067//5067 5062//5062
f 4897//4897 5067//5067 5095//5093
f 4897//4897 5095//5093 5096//5095
f 5098//5096 5096//5095 5095//5093
f 5094//5094 5097//5097 5095//5093
f 5095//5093 5097//5097 5098//5096
f 4893//4893 5098//5096 5099//5098
f 4893//4893 5096//5095 5098//5096
f 5098//5096 5097//5097 5099//5098
f 5100//5099 4893//4893 5099//5098
f 4890//4890 5100//5099 5099//5098
f 4890//4890 5099//5098 5102//5100
f 5101//5101 5099//5098 5097//5097
f 5102//5100 5099//5098 5101//5101
f 5104//5102 4890//4890 5102//5100
f 5103//5103 5102//5100 5106//5104
f 5103//5103 5104//5102 5102//5100
f 5101//5101 5105//5105 5102//5100
f 5102//5100 5105//5105 5106//5104
f 5103//5103 5106//5104 5107//5106
f 5108//5107 5107//5106 5106//5104
f 5106//5104 5105//5105 5108//5107
f 5109//5108 5108//5107 5105//5105
f 5108//5107 5109//5108 3735//3730
f 5107//5106 5108//5107 3735//3730
f 5110//5109 5109//5108 5105//5105
f 5110//5109 5111//5110 5109//5108
f 5109//5108 5111//5110 3735//3730
f 5101//5101 5111//5110 5110//5109
f 5111//5110 5114//5111 5112//5112
f 5113//5113 5111//5110 5112//5112
f 5111//5110 5113//5113 3735//3730
f 5101//5101 5114//5111 5111//5110
f 5101//5101 5097//5097 5114//5111
f 5097//5097 5116//5114 5114//5111
f 5115//5115 5112//5112 5114//5111
f 5114//5111 5116//5114 5115//5115
f 5116//5114 5117//5116 5115//5115
f 5094//5094 5062//5062 5116//5114
f 5062//5062 5117//5116 5116//5114
f 5097//5097 5094//5094 5116//5114
f 5117//5116 5062//5062 5063//5063
f 5063//5063 5119//5117 5117//5116
f 5117//5116 5120//5118 5115//5115
f 5117//5116 5118//5119 5120//5118
f 5117//5116 5119//5117 5118//5119
f 5115//5115 5120//5118 3730//3733
f 5121//5120 3730//3733 5120//5118
f 5118//5119 5121//5120 5120//5118
f 5118//5119 5119//5117 5121//5120
f 5122//5121 5121//5120 5119//5117
f 5121//5120 5122//5121 5123//5122
f 5121//5120 3732//3734 3730//3733
f 5123//5122 3732//3734 5121//5120
f 5122//5121 5124//5123 5123//5122
f 5124//5123 3732//3734 5123//5122
f 5122//5121 5059//5059 5124//5123
f 5057//5057 3732//3734 5124//5123
f 5057//5057 5124//5123 5059//5059
f 5125//5124 5122//5121 5119//5117
f 5125//5124 5059//5059 5122//5121
f 5125//5124 5119//5117 5063//5063
f 5060//5058 5125//5124 5063//5063
f 5059//5059 5125//5124 5060//5058
f 5115//5115 3730//3733 5113//5113
f 5112//5112 5115//5115 5113//5113
f 5113//5113 3730//3733 3735//3730
f 5110//5109 5105//5105 5101//5101
f 5126//5125 5107//5106 3735//3730
f 5127//5126 5107//5106 5126//5125
f 5103//5103 5107//5106 5127//5126
f 4154//4155 5128//5127 5127//5126
f 4154//4155 5127//5126 4097//4096
f 5129//5128 5127//5126 5128//5127
f 4887//4885 5103//5103 5127//5126
f 5129//5128 4887//4885 5127//5126
f 5127//5126 5126//5125 4097//4096
f 4879//4879 4887//4885 5129//5128
f 4154//4155 5130//5129 5129//5128
f 4154//4155 5129//5128 5128//5127
f 4879//4879 5129//5128 5130//5129
f 4154//4155 5131//5130 5130//5129
f 5131//5130 4879//4879 5130//5129
f 4152//4152 4879//4879 5131//5130
f 5131//5130 4155//4153 4152//4152
f 4154//4155 4155//4153 5131//5130
f 4097//4096 5126//5125 3735//3730
f 5132//5131 4890//4890 5104//5102
f 5104//5102 5103//5103 5132//5131
f 5103//5103 4887//4885 5132//5131
f 4886//4887 5132//5131 4887//4885
f 4886//4887 4890//4890 5132//5131
f 5100//5099 4890//4890 4893//4893
f 4893//4893 4896//4895 5096//5095
f 4897//4897 5096//5095 4896//4895
f 5064//5064 5041//5041 5047//5046
f 5034//5034 5027//5028 5033//5032
f 5034//5034 5028//5027 5027//5028
f 5133//5132 5031//5029 5030//5030
f 5133//5132 5024//5023 5031//5029
f 5023//5022 5024//5023 5133//5132
f 5023//5022 5133//5132 5030//5030
f 2929//2931 5026//5025 2914//2915
f 2915//2913 2914//2915 5026//5025
f 5026//5025 2929//2931 2939//2939
f 5018//5018 2915//2913 5017//5017
f 5018//5018 2912//2911 2915//2913
f 2922//2921 2912//2911 5018//5018
f 5009//5008 5011//5010 4923//4923
f 5009//5008 4923//4923 4922//4922
f 3007//3007 5005//5004 5003//5002
f 3007//3007 3003//3003 5005//5004
f 3003//3003 2989//2989 5005//5004
f 5005//5004 2989//2989 2987//2986
f 4907//4907 4916//4916 4903//4903
f 4909//4908 4906//4905 4905//4904
f 4905//4904 4900//4898 4895//4894
f 4880//4880 4887//4885 4879//4879
f 4152//4152 4873//4872 4879//4879
f 4873//4872 4152//4152 4872//4871
f 4872//4871 4152//4152 4153//4151
f 4160//4161 4872//4871 4153//4151
f 4870//4869 4867//4866 4856//4856
f 4841//4841 4846//4845 4837//4836
f 4815//4814 4811//4810 4844//4843
f 4811//4810 4810//4809 4844//4843
f 4835//4834 4839//4839 5134//5133
f 4839//4839 5135//5134 5134//5133
f 4839//4839 4177//4176 5135//5134
f 5135//5134 4177//4176 4182//4180
f 5134//5133 5135//5134 4182//4180
f 4835//4834 5134//5133 4187//4187
f 5134//5133 4179//4179 4187//4187
f 5134//5133 4182//4180 4179//4179
f 5137//5135 4835//4834 4187//4187
f 5136//5136 4835//4834 5137//5135
f 4833//4832 4835//4834 5136//5136
f 5138//5137 5137//5135 4187//4187
f 5136//5136 5137//5135 5138//5137
f 4221//4222 5139//5138 5138//5137
f 5138//5137 4187//4187 4221//4222
f 5139//5138 5136//5136 5138//5137
f 5140//5139 5139//5138 4222//4221
f 4222//4221 5139//5138 4221//4222
f 5140//5139 5136//5136 5139//5138
f 5140//5139 4832//4831 5136//5136
f 5140//5139 4831//4830 4832//4831
f 4222//4221 4831//4830 5140//5139
f 5136//5136 4832//4831 4833//4832
f 5141//5140 4831//4830 4222//4221
f 5141//5140 4825//4824 4831//4830
f 4825//4824 5141//5140 4225//4224
f 4225//4224 5141//5140 4222//4221
f 4823//4822 4814//4815 4826//4826
f 4825//4824 4225//4224 5142//5141
f 5142//5141 4821//4821 4825//4824
f 4226//4227 5142//5141 4225//4224
f 4240//4241 5142//5141 4241//4240
f 5142//5141 4240//4241 4821//4821
f 4241//4240 5142//5141 4226//4227
f 4823//4822 4818//4818 4814//4815
f 4245//4244 4820//4819 4244//4245
f 4245//4244 5143//5142 4820//4819
f 5143//5142 4817//4816 4820//4819
f 5143//5142 5144//5143 4817//4816
f 5144//5143 5143//5142 5145//5144
f 4255//4254 5143//5142 4245//4244
f 5143//5142 4255//4254 5145//5144
f 4255//4254 5146//5145 5145//5144
f 5146//5145 5147//5146 5145//5144
f 5145//5144 5147//5146 5148//5147
f 5145//5144 5148//5147 5144//5143
f 5148//5147 5151//5148 5149//5149
f 5149//5149 4806//4805 5148//5147
f 5147//5146 5151//5148 5148//5147
f 5150//5150 5144//5143 5148//5147
f 4806//4805 5150//5150 5148//5147
f 5152//5151 5153//5152 5151//5148
f 5147//5146 5152//5151 5151//5148
f 5151//5148 5153//5152 5149//5149
f 5154//5153 5153//5152 5152//5151
f 5153//5152 5154//5153 5155//5154
f 5157//5155 5153//5152 5155//5154
f 5153//5152 5157//5155 5156//5156
f 5149//5149 5153//5152 5156//5156
f 5157//5155 4781//4782 5156//5156
f 5157//5155 4782//4779 4781//4782
f 5157//5155 5155//5154 5158//5157
f 5157//5155 5158//5157 4782//4779
f 5158//5157 5159//5158 4782//4779
f 5158//5157 5155//5154 5159//5158
f 5162//5159 5159//5158 5160//5160
f 5161//5161 5160//5160 5159//5158
f 5161//5161 5159//5158 5155//5154
f 5159//5158 5162//5159 5163//5162
f 5159//5158 5163//5162 4776//4776
f 5159//5158 4776//4776 4782//4779
f 5163//5162 5162//5159 5164//5163
f 5164//5163 4771//4769 5163//5162
f 4772//4771 4776//4776 5163//5162
f 5163//5162 4771//4769 4772//4771
f 5167//5164 5164//5163 5165//5165
f 5166//5166 5165//5165 5164//5163
f 5167//5164 4771//4769 5164//5163
f 5162//5159 5166//5166 5164//5163
f 5169//5167 5167//5164 5168//5168
f 5167//5164 5165//5165 5168//5168
f 4771//4769 5167//5164 5169//5167
f 5168//5168 5170//5169 5169//5167
f 5169//5167 4770//4770 4771//4769
f 4770//4770 5169//5167 5170//5169
f 5172//5170 5170//5169 5171//5171
f 5168//5168 5171//5171 5170//5169
f 5170//5169 5172//5170 4770//4770
f 5172//5170 5174//5172 5173//5173
f 4768//4766 5172//5170 5173//5173
f 4770//4770 5172//5170 4768//4766
f 5175//5174 5174//5172 5172//5170
f 5171//5171 5175//5174 5172//5170
f 5176//5175 5177//5176 5175//5174
f 5176//5175 5175//5174 5171//5171
f 5174//5172 5175//5174 5179//5177
f 5177//5176 5178//5178 5175//5174
f 5179//5177 5175//5174 5178//5178
f 5179//5177 5180//5179 5181//5180
f 5180//5179 5179//5177 5178//5178
f 5179//5177 5181//5180 5182//5181
f 5179//5177 5182//5181 5174//5172
f 5184//5182 5182//5181 5181//5180
f 5182//5181 5184//5182 5183//5183
f 5182//5181 5183//5183 5174//5172
f 5184//5182 5187//5184 5185//5185
f 5184//5182 5185//5185 5183//5183
f 5181//5180 5186//5186 5184//5182
f 5187//5184 5184//5182 5186//5186
f 5186//5186 5188//5187 5187//5184
f 5187//5184 5188//5187 5189//5188
f 5185//5185 5187//5184 5189//5188
f 5189//5188 5190//5189 5191//5190
f 5188//5187 5190//5189 5189//5188
f 5189//5188 5191//5190 5192//5191
f 5192//5191 5193//5192 5189//5188
f 5189//5188 5193//5192 5185//5185
f 5194//5193 5185//5185 5193//5192
f 5193//5192 4736//4735 4737//4736
f 5193//5192 4737//4736 5194//5193
f 5193//5192 5192//5191 4736//4735
f 5194//5193 4737//4736 4753//4752
f 4753//4752 4758//4756 5194//5193
f 4758//4756 5185//5185 5194//5193
f 5192//5191 5195//5194 4725//4725
f 5191//5190 5195//5194 5192//5191
f 5192//5191 4725//4725 5196//5195
f 4736//4735 5192//5191 5196//5195
f 4725//4725 4727//4726 5196//5195
f 4736//4735 5196//5195 4727//4726
f 5197//5196 4537//4535 5195//5194
f 4537//4535 4538//4538 5195//5194
f 5197//5196 5195//5194 5199//5197
f 4538//4538 5198//5198 5195//5194
f 5198//5198 4725//4725 5195//5194
f 5199//5197 5195//5194 5191//5190
f 5202//5199 5199//5197 5188//5187
f 5188//5187 5199//5197 5190//5189
f 5191//5190 5190//5189 5199//5197
f 5200//5200 5197//5196 5199//5197
f 5200//5200 5199//5197 5201//5201
f 5201//5201 5199//5197 5202//5199
f 5201//5201 5202//5199 5200//5200
f 5186//5186 5202//5199 5188//5187
f 5203//5202 5202//5199 5186//5186
f 5203//5202 5204//5203 5202//5199
f 5202//5199 5204//5203 5200//5200
f 5205//5204 5204//5203 5203//5202
f 5206//5205 5204//5203 5205//5204
f 5206//5205 5200//5200 5204//5203
f 5207//5206 5206//5205 5205//5204
f 5208//5207 5206//5205 5207//5206
f 5200//5200 5206//5205 5208//5207
f 5212//5208 5209//5209 5208//5207
f 5209//5209 5210//5210 5208//5207
f 5208//5207 5210//5210 5211//5211
f 5208//5207 5211//5211 5200//5200
f 5214//5212 5212//5208 5208//5207
f 5207//5206 5213//5213 5208//5207
f 5213//5213 5214//5212 5208//5207
f 5215//5214 5212//5208 5214//5212
f 5214//5212 5180//5179 5216//5215
f 5181//5180 5180//5179 5214//5212
f 5215//5214 5214//5212 5216//5215
f 5213//5213 5181//5180 5214//5212
f 5217//5216 5218//5217 5216//5215
f 5216//5215 5220//5218 5217//5216
f 5216//5215 5218//5217 5215//5214
f 5220//5218 5216//5215 5219//5219
f 5219//5219 5216//5215 5180//5179
f 5217//5216 5220//5218 5222//5220
f 5220//5218 5221//5221 4302//4302
f 4302//4302 5222//5220 5220//5218
f 5220//5218 5219//5219 5221//5221
f 4302//4302 5223//5222 5222//5220
f 5217//5216 5222//5220 5223//5222
f 5217//5216 5223//5222 5224//5223
f 5223//5222 5226//5224 5224//5223
f 4301//4301 5225//5225 5223//5222
f 4302//4302 4301//4301 5223//5222
f 5223//5222 5225//5225 5226//5224
f 5230//5226 5227//5227 5226//5224
f 5226//5224 5227//5227 5231//5228
f 5229//5229 5226//5224 5228//5230
f 5226//5224 5231//5228 5228//5230
f 5225//5225 5230//5226 5226//5224
f 5224//5223 5226//5224 5229//5229
f 5231//5228 5232//5231 5228//5230
f 5231//5228 5233//5232 5232//5231
f 5233//5232 5231//5228 5227//5227
f 4324//4323 5234//5233 5233//5232
f 5233//5232 5234//5233 5232//5231
f 5235//5234 4324//4323 5233//5232
f 5235//5234 5233//5232 5230//5226
f 5233//5232 5227//5227 5230//5226
f 5230//5226 5236//5235 5235//5234
f 5235//5234 5236//5235 5237//5236
f 5237//5236 4324//4323 5235//5234
f 4323//4324 4324//4323 5237//5236
f 5237//5236 4320//4319 4323//4324
f 4320//4319 5237//5236 5236//5235
f 4310//4310 4320//4319 5236//5235
f 5225//5225 4310//4310 5236//5235
f 5230//5226 5225//5225 5236//5235
f 5232//5231 5234//5233 5238//5237
f 4324//4323 4322//4322 5234//5233
f 5234//5233 4322//4322 5238//5237
f 5238//5237 5240//5238 5239//5239
f 5238//5237 5239//5239 5232//5231
f 5240//5238 5238//5237 4322//4322
f 5241//5240 5242//5241 5240//5238
f 5241//5240 5240//5238 5243//5242
f 5240//5238 5242//5241 5239//5239
f 5240//5238 4322//4322 5243//5242
f 5244//5243 5243//5242 5245//5244
f 5244//5243 5241//5240 5243//5242
f 4326//4325 5243//5242 4322//4322
f 5243//5242 4326//4325 5245//5244
f 5245//5244 5246//5245 5244//5243
f 5249//5246 5246//5245 5245//5244
f 5247//5247 5250//5248 5245//5244
f 5245//5244 5248//5249 5247//5247
f 4326//4325 5248//5249 5245//5244
f 5249//5246 5245//5244 5250//5248
f 4492//4490 5252//5250 5250//5248
f 5250//5248 5247//5247 4492//4490
f 5250//5248 5252//5250 5251//5251
f 5250//5248 5251//5251 5249//5246
f 4492//4490 4493//4492 5252//5250
f 5252//5250 4496//4496 5251//5251
f 4496//4496 5252//5250 4493//4492
f 5251//5251 4496//4496 4499//4499
f 5249//5246 5251//5251 5253//5252
f 5251//5251 4499//4499 5253//5252
f 5246//5245 5253//5252 5244//5243
f 5246//5245 5249//5246 5253//5252
f 4499//4499 5254//5253 5253//5252
f 5253//5252 5254//5253 5241//5240
f 5244//5243 5253//5252 5241//5240
f 5254//5253 5255//5254 5257//5255
f 5256//5256 5255//5254 5254//5253
f 5241//5240 5254//5253 5257//5255
f 4499//4499 5256//5256 5254//5253
f 5257//5255 5255//5254 5259//5257
f 5257//5255 5258//5258 5242//5241
f 5242//5241 5241//5240 5257//5255
f 5258//5258 5257//5255 5259//5257
f 5258//5258 5259//5257 5261//5259
f 5255//5254 5260//5260 5259//5257
f 5259//5257 5260//5260 5261//5259
f 4515//4515 5261//5259 5260//5260
f 4515//4515 4514//4514 5261//5259
f 5262//5261 5258//5258 5261//5259
f 5262//5261 5261//5259 5263//5262
f 5261//5259 4514//4514 4521//4520
f 5261//5259 4521//4520 5263//5262
f 5263//5262 4521//4520 5265//5263
f 5264//5264 5263//5262 5265//5263
f 5262//5261 5263//5262 5264//5264
f 5265//5263 5267//5265 5266//5266
f 5264//5264 5265//5263 5266//5266
f 5267//5265 5265//5263 5269//5267
f 5269//5267 5265//5263 5268//5268
f 5268//5268 5265//5263 4521//4520
f 5267//5265 5269//5267 5271//5269
f 5269//5267 5268//5268 5270//5270
f 5270//5270 5272//5271 5269//5267
f 5271//5269 5269//5267 5272//5271
f 5271//5269 5272//5271 5273//5272
f 5272//5271 5274//5273 5273//5272
f 5272//5271 5270//5270 5274//5273
f 5270//5270 4533//4532 5274//5273
f 5274//5273 4533//4532 4537//4535
f 5275//5274 5274//5273 4537//4535
f 5274//5273 5275//5274 5273//5272
f 5277//5275 5273//5272 5275//5274
f 5276//5276 5275//5274 4537//4535
f 5276//5276 5277//5275 5275//5274
f 5278//5277 5277//5275 5276//5276
f 5278//5277 5279//5278 5277//5275
f 5279//5278 5273//5272 5277//5275
f 5266//5266 5279//5278 5278//5277
f 5266//5266 5267//5265 5279//5278
f 5267//5265 5271//5269 5279//5278
f 5279//5278 5271//5269 5273//5272
f 5280//5279 5266//5266 5278//5277
f 5276//5276 5280//5279 5278//5277
f 5281//5280 5266//5266 5280//5279
f 5210//5210 5281//5280 5280//5279
f 5210//5210 5280//5279 5282//5281
f 5280//5279 5283//5282 5282//5281
f 5276//5276 5283//5282 5280//5279
f 5283//5282 5276//5276 5197//5196
f 5283//5282 5197//5196 5282//5281
f 5211//5211 5210//5210 5282//5281
f 5282//5281 5197//5196 5211//5211
f 5285//5283 5284//5284 5281//5280
f 5284//5284 5286//5285 5281//5280
f 5285//5283 5281//5280 5210//5210
f 5286//5285 5266//5266 5281//5280
f 5289//5286 5286//5285 5287//5287
f 5287//5287 5286//5285 5288//5288
f 5286//5285 5264//5264 5266//5266
f 5289//5286 5264//5264 5286//5285
f 5288//5288 5286//5285 5284//5284
f 5290//5289 5262//5261 5289//5286
f 5289//5286 5262//5261 5264//5264
f 5290//5289 5289//5286 5291//5290
f 5291//5290 5289//5286 5287//5287
f 5239//5239 5290//5289 5291//5290
f 5292//5291 5239//5239 5291//5290
f 5292//5291 5291//5290 5293//5292
f 5291//5290 5287//5287 5293//5292
f 5292//5291 5293//5292 5295//5293
f 5293//5292 5288//5288 5294//5294
f 5293//5292 5287//5287 5288//5288
f 5295//5293 5293//5292 5294//5294
f 5296//5295 5292//5291 5295//5293
f 5296//5295 5295//5293 5297//5296
f 5298//5297 5295//5293 5294//5294
f 5297//5296 5295//5293 5298//5297
f 5298//5297 5294//5294 5302//5298
f 5301//5299 5297//5296 5298//5297
f 5300//5300 5298//5297 5299//5301
f 5298//5297 5302//5298 5299//5301
f 5301//5299 5298//5297 5300//5300
f 5285//5283 5302//5298 5294//5294
f 5302//5298 5210//5210 5299//5301
f 5302//5298 5285//5283 5210//5210
f 5303//5302 5297//5296 5301//5299
f 5303//5302 5301//5299 5304//5303
f 5301//5299 5300//5300 5304//5303
f 5305//5304 5304//5303 5209//5209
f 5306//5305 5304//5303 5305//5304
f 5304//5303 5300//5300 5209//5209
f 5306//5305 5303//5302 5304//5303
f 5229//5229 5303//5302 5306//5305
f 5305//5304 5229//5229 5306//5305
f 5305//5304 5308//5306 5307//5307
f 5229//5229 5305//5304 5307//5307
f 5308//5306 5305//5304 5309//5308
f 5305//5304 5209//5209 5309//5308
f 5309//5308 5209//5209 5212//5208
f 5215//5214 5309//5308 5212//5208
f 5215//5214 5218//5217 5309//5308
f 5309//5308 5218//5217 5308//5306
f 5218//5217 5307//5307 5308//5306
f 5224//5223 5229//5229 5307//5307
f 5224//5223 5307//5307 5218//5217
f 5303//5302 5310//5309 5297//5296
f 5310//5309 5303//5302 5229//5229
f 5229//5229 5228//5230 5310//5309
f 5292//5291 5310//5309 5228//5230
f 5310//5309 5292//5291 5296//5295
f 5297//5296 5310//5309 5296//5295
f 5300//5300 5210//5210 5209//5209
f 5300//5300 5299//5301 5210//5210
f 5294//5294 5288//5288 5285//5283
f 5239//5239 5292//5291 5232//5231
f 5232//5231 5292//5291 5228//5230
f 5262//5261 5290//5289 5242//5241
f 5239//5239 5242//5241 5290//5289
f 5288//5288 5284//5284 5285//5283
f 5197//5196 5276//5276 4537//4535
f 5270//5270 4523//4524 4533//4532
f 5268//5268 4523//4524 5270//5270
f 4521//4520 4524//4522 5268//5268
f 5268//5268 4524//4522 4523//4524
f 5242//5241 5258//5258 5262//5261
f 5256//5256 5260//5260 5255//5254
f 5311//5310 4515//4515 5260//5260
f 5256//5256 5311//5310 5260//5260
f 5256//5256 4500//4500 5311//5310
f 5311//5310 4510//4509 4515//4515
f 4502//4503 5311//5310 4500//4500
f 4502//4503 4506//4505 5311//5310
f 5311//5310 4506//4505 4510//4509
f 4499//4499 4500//4500 5256//5256
f 4326//4325 4328//4326 5248//5249
f 4328//4326 5313//5311 5248//5249
f 5313//5311 5312//5312 5248//5249
f 5247//5247 5248//5249 5312//5312
f 5313//5311 4394//4393 5312//5312
f 5313//5311 4391//4391 4394//4393
f 4329//4328 5313//5311 4328//4326
f 4329//4328 4391//4391 5313//5311
f 5247//5247 5312//5312 4491//4491
f 5312//5312 4489//4489 4491//4491
f 4489//4489 5312//5312 4394//4393
f 5247//5247 4491//4491 4492//4490
f 4301//4301 4310//4310 5225//5225
f 5217//5216 5224//5223 5218//5217
f 5221//5221 5219//5219 5315//5313
f 5221//5221 5314//5314 4295//4294
f 4295//4294 4302//4302 5221//5221
f 5221//5221 5315//5313 5314//5314
f 5219//5219 5180//5179 5315//5313
f 5316//5315 5315//5313 5178//5178
f 5314//5314 5315//5313 5316//5315
f 5178//5178 5315//5313 5180//5179
f 4289//4289 5316//5315 5317//5316
f 5177//5176 5317//5316 5316//5315
f 5316//5315 4289//4289 5314//5314
f 5177//5176 5316//5315 5178//5178
f 4289//4289 5317//5316 5176//5175
f 5176//5175 5317//5316 5177//5176
f 4295//4294 5314//5314 4293//4293
f 4289//4289 4288//4287 5314//5314
f 5314//5314 4288//4287 4293//4293
f 5213//5213 5207//5206 5318//5317
f 5213//5213 5318//5317 5181//5180
f 5207//5206 5205//5204 5318//5317
f 5181//5180 5318//5317 5186//5186
f 5203//5202 5318//5317 5205//5204
f 5318//5317 5203//5202 5186//5186
f 5211//5211 5197//5196 5200//5200
f 5198//5198 4538//4538 5319//5318
f 5198//5198 5319//5318 4720//4719
f 4722//4721 5198//5198 4720//4719
f 4725//4725 5198//5198 4722//4721
f 5319//5318 4719//4718 4720//4719
f 5319//5318 4538//4538 4719//4718
f 5183//5183 5185//5185 4757//4757
f 5185//5185 4758//4756 4757//4757
f 5183//5183 5320//5319 5174//5172
f 4761//4760 5320//5319 5183//5183
f 4761//4760 5183//5183 4757//4757
f 5173//5173 5174//5172 5320//5319
f 4765//4764 5320//5319 4761//4760
f 5173//5173 5320//5319 4765//4764
f 5321//5320 4289//4289 5176//5175
f 5171//5171 5321//5320 5176//5175
f 5165//5165 5321//5320 5168//5168
f 5168//5168 5321//5320 5171//5171
f 5322//5321 5321//5320 5165//5165
f 5322//5321 4289//4289 5321//5320
f 4286//4286 4289//4289 5322//5321
f 4280//4279 5322//5321 5165//5165
f 4284//4285 5322//5321 4280//4279
f 4284//4285 4286//4286 5322//5321
f 5173//5173 4765//4764 4768//4766
f 5166//5166 4278//4274 4274//4273
f 5166//5166 4267//4267 4278//4274
f 5162//5159 5323//5322 5166//5166
f 5323//5322 4267//4267 5166//5166
f 5166//5166 4280//4279 5165//5165
f 4274//4273 4280//4279 5166//5166
f 5323//5322 5162//5159 4268//4268
f 5323//5322 4268//4268 4267//4267
f 4268//4268 5162//5159 5324//5323
f 5160//5160 5324//5323 5162//5159
f 5324//5323 5160//5160 5161//5161
f 4265//4265 4268//4268 5324//5323
f 5154//5153 5324//5323 5161//5161
f 4265//4265 5324//5323 5154//5153
f 5161//5161 5155//5154 5154//5153
f 5149//5149 5156//5156 5325//5324
f 5325//5324 5156//5156 5326//5325
f 5156//5156 5327//5326 5326//5325
f 4781//4782 5327//5326 5156//5156
f 4789//4790 5327//5326 4781//4782
f 5327//5326 4789//4790 5326//5325
f 4789//4790 4790//4788 5326//5325
f 5326//5325 4796//4795 4799//4799
f 4799//4799 5325//5324 5326//5325
f 4796//4795 5326//5325 4790//4788
f 4806//4805 5149//5149 5325//5324
f 5325//5324 4798//4798 4806//4805
f 5325//5324 4799//4799 4798//4798
f 5146//5145 4265//4265 5154//5153
f 5147//5146 5154//5153 5152//5151
f 5146//5145 5154//5153 5147//5146
f 5144//5143 5150//5150 4813//4812
f 5150//5150 4807//4806 4813//4812
f 5150//5150 4806//4805 4807//4806
f 5146//5145 4255//4254 4257//4256
f 4265//4265 5146//5145 4257//4256
f 5144//5143 4813//4812 4817//4816
f 4804//4803 4801//4800 4809//4808
f 4794//4793 3069//3069 3064//3064
f 3075//3075 3069//3069 4794//4793
f 5328//5327 4792//4792 5330//5328
f 5329//5329 4792//4792 5328//5327
f 4792//4792 5329//5329 3079//3080
f 3079//3080 3075//3075 4792//4792
f 5330//5328 4792//4792 4787//4786
f 5331//5330 5330//5328 4787//4786
f 5331//5330 5328//5327 5330//5328
f 3108//3106 5331//5330 5332//5331
f 5332//5331 5331//5330 4787//4786
f 5331//5330 3108//3106 3104//3104
f 3104//3104 5333//5332 5331//5330
f 5331//5330 5333//5332 5328//5327
f 3086//3086 5328//5327 5333//5332
f 5333//5332 3104//3104 3086//3086
f 4784//4784 5332//5331 4787//4786
f 5332//5331 4784//4784 5334//5333
f 5332//5331 5334//5333 3108//3106
f 5334//5333 4759//4759 3106//3107
f 5334//5333 5336//5334 4759//4759
f 3106//3107 3108//3106 5334//5333
f 4784//4784 5335//5335 5334//5333
f 5336//5334 5334//5333 5335//5335
f 4778//4778 5336//5334 5335//5335
f 4778//4778 4774//4773 5336//5334
f 5336//5334 4774//4773 4763//4763
f 5336//5334 4763//4763 4759//4759
f 4778//4778 5335//5335 4784//4784
f 3078//3079 5329//5329 5328//5327
f 3078//3079 3079//3080 5329//5329
f 3078//3079 5328//5327 3086//3086
f 4767//4767 4763//4763 4774//4773
f 4763//4763 4767//4767 4762//4762
f 4759//4759 4755//4754 3106//3107
f 4738//4738 4753//4752 4737//4736
f 4748//4748 4753//4752 4738//4738
f 3110//3112 4746//4745 3115//3115
f 3126//3127 3121//3121 4744//4744
f 3121//3121 3118//3118 4744//4744
f 4744//4744 4741//4740 3126//3127
f 4741//4740 3139//3139 3136//3136
f 3136//3136 3126//3127 4741//4740
f 4739//4737 4734//4734 3141//3141
f 4729//4729 4736//4735 4727//4726
f 4734//4734 3144//3143 3141//3141
f 4719//4718 4538//4538 4710//4710
f 3147//3147 4717//4717 4715//4716
f 5337//5336 4715//4716 4716//4715
f 5338//5337 5337//5336 4716//4715
f 5338//5337 4716//4715 5339//5338
f 5339//5338 4716//4715 4702//4701
f 4713//4713 4702//4701 4716//4715
f 5340//5339 5341//5340 5339//5338
f 5339//5338 4705//4702 5340//5339
f 4705//4702 5339//5338 4702//4701
f 5338//5337 5339//5338 5341//5340
f 5337//5336 5341//5340 5342//5341
f 5342//5341 5341//5340 5345//5342
f 5341//5340 5340//5339 5343//5343
f 5341//5340 5343//5343 5344//5344
f 5341//5340 5344//5344 5345//5342
f 5341//5340 5337//5336 5338//5337
f 5346//5345 5345//5342 5347//5346
f 5345//5342 5346//5345 3156//3155
f 5342//5341 5345//5342 3156//3155
f 5345//5342 5344//5344 5347//5346
f 5347//5346 5351//5347 5348//5348
f 5347//5346 5348//5348 5349//5349
f 5347//5346 5349//5349 5350//5350
f 5346//5345 5347//5346 5350//5350
f 5344//5344 5351//5347 5347//5346
f 5344//5344 5352//5351 5351//5347
f 5351//5347 5352//5351 5353//5352
f 5348//5348 5351//5347 5353//5352
f 5353//5352 5354//5353 5357//5354
f 5354//5353 5353//5352 5352//5351
f 5348//5348 5353//5352 5355//5355
f 5355//5355 5353//5352 5356//5356
f 5353//5352 5357//5354 5356//5356
f 5362//5357 5358//5358 5357//5354
f 5357//5354 5358//5358 5359//5359
f 5357//5354 5359//5359 5360//5360
f 5357//5354 5360//5360 5361//5361
f 5356//5356 5357//5354 5361//5361
f 5354//5353 5362//5357 5357//5354
f 5362//5357 5363//5362 5366//5363
f 5352//5351 5363//5362 5362//5357
f 5362//5357 5354//5353 5352//5351
f 5362//5357 5365//5364 5358//5358
f 5366//5363 5364//5365 5362//5357
f 5364//5365 5365//5364 5362//5357
f 5363//5362 5368//5366 5366//5363
f 5367//5367 5366//5363 5368//5366
f 5366//5363 5367//5367 5364//5365
f 5368//5366 5370//5368 5369//5369
f 5367//5367 5368//5366 5369//5369
f 5363//5362 5370//5368 5368//5366
f 5372//5370 5370//5368 5363//5362
f 5370//5368 5372//5370 5371//5371
f 5371//5371 5369//5369 5370//5368
f 5373//5372 5372//5370 5363//5362
f 5372//5370 4703//4704 5371//5371
f 4703//4704 5372//5370 5373//5372
f 5373//5372 5374//5373 5352//5351
f 5352//5351 5375//5374 5373//5372
f 5373//5372 5363//5362 5374//5373
f 5373//5372 5375//5374 4704//4705
f 5373//5372 4704//4705 4703//4704
f 5344//5344 5343//5343 5375//5374
f 5375//5374 5343//5343 4704//4705
f 5352//5351 5344//5344 5375//5374
f 5374//5373 5363//5362 5352//5351
f 4703//4704 5377//5375 5371//5371
f 5371//5371 5376//5376 5369//5369
f 5371//5371 4694//4693 5376//5376
f 5377//5375 4694//4693 5371//5371
f 4699//4698 4694//4693 5377//5375
f 4703//4704 4699//4698 5377//5375
f 5369//5369 5376//5376 5379//5377
f 5376//5376 5378//5378 5379//5377
f 4691//4691 5378//5378 5376//5376
f 4694//4693 4691//4691 5376//5376
f 5379//5377 4674//4673 5380//5379
f 5379//5377 5380//5379 5381//5380
f 5379//5377 5381//5380 5367//5367
f 5367//5367 5369//5369 5379//5377
f 5378//5378 4674//4673 5379//5377
f 5383//5381 5381//5380 5380//5379
f 5382//5382 5381//5380 5383//5381
f 5381//5380 5382//5382 5367//5367
f 5383//5381 5384//5383 5385//5384
f 5384//5383 5383//5381 4670//4669
f 5382//5382 5383//5381 5385//5384
f 4672//4671 4670//4669 5383//5381
f 5380//5379 4672//4671 5383//5381
f 5386//5385 5385//5384 5387//5386
f 5386//5385 5364//5365 5385//5384
f 5364//5365 5388//5387 5385//5384
f 5387//5386 5385//5384 5384//5383
f 5382//5382 5385//5384 5388//5387
f 5367//5367 5388//5387 5364//5365
f 5367//5367 5382//5382 5388//5387
f 5387//5386 5392//5388 5386//5385
f 5387//5386 5390//5389 5389//5390
f 5387//5386 5389//5390 5392//5388
f 5391//5391 5390//5389 5387//5386
f 5387//5386 5384//5383 5391//5391
f 5392//5388 4641//4640 5393//5392
f 4641//4640 5392//5388 5389//5390
f 5392//5388 5393//5392 5365//5364
f 5392//5388 5365//5364 5386//5385
f 5394//5393 5393//5392 5395//5394
f 5393//5392 5394//5393 5365//5364
f 5395//5394 5393//5392 4643//4643
f 4642//4642 5393//5392 4641//4640
f 5393//5392 4642//4642 4643//4643
f 5395//5394 4643//4643 3181//3181
f 5394//5393 5395//5394 3181//3181
f 5396//5395 5394//5393 3181//3181
f 5359//5359 5394//5393 5396//5395
f 5394//5393 5359//5359 5365//5364
f 5360//5360 5359//5359 5396//5395
f 5396//5395 3182//3183 3179//3179
f 5360//5360 5396//5395 3179//3179
f 5396//5395 3181//3181 3182//3183
f 4669//4670 5397//5396 5391//5391
f 5391//5391 5397//5396 5390//5389
f 5384//5383 4669//4670 5391//5391
f 5397//5396 4662//4660 5398//5397
f 4648//4647 5397//5396 5398//5397
f 4662//4660 5397//5396 4669//4670
f 4648//4647 4647//4646 5397//5396
f 5397//5396 4647//4646 5390//5389
f 5398//5397 4650//4649 4648//4647
f 4654//4653 4650//4649 5398//5397
f 5398//5397 4662//4660 4654//4653
f 4647//4646 5389//5390 5390//5389
f 4647//4646 4645//4645 5389//5390
f 5389//5390 4645//4645 4641//4640
f 5386//5385 5365//5364 5364//5365
f 4669//4670 5384//5383 4670//4669
f 4674//4673 4672//4671 5380//5379
f 4691//4691 4689//4689 5378//5378
f 4688//4688 5378//5378 4689//4689
f 4688//4688 5399//5398 5378//5378
f 5378//5378 5399//5398 4674//4673
f 5399//5398 4676//4675 4674//4673
f 4679//4678 5399//5398 4688//4688
f 5399//5398 4679//4678 4676//4675
f 5365//5364 5359//5359 5358//5358
f 5402//5399 5356//5356 5361//5361
f 3178//3178 3170//3170 5361//5361
f 5361//5361 5360//5360 3178//3178
f 5361//5361 3170//3170 5400//5400
f 5361//5361 5400//5400 5401//5401
f 5401//5401 5402//5399 5361//5361
f 5403//5402 5402//5399 5401//5401
f 5403//5402 5349//5349 5402//5399
f 5404//5403 5356//5356 5402//5399
f 5349//5349 5404//5403 5402//5399
f 5355//5355 5356//5356 5404//5403
f 5349//5349 5355//5355 5404//5403
f 5350//5350 5349//5349 5403//5402
f 5405//5404 5350//5350 5403//5402
f 5405//5404 5403//5402 3168//3167
f 3168//3167 5403//5402 5401//5401
f 5346//5345 5350//5350 5405//5404
f 3168//3167 5346//5345 5405//5404
f 5401//5401 5400//5400 3171//3172
f 3168//3167 5401//5401 3171//3172
f 5400//5400 3170//3170 3171//3172
f 5360//5360 3179//3179 3178//3178
f 5349//5349 5348//5348 5355//5355
f 3156//3155 5346//5345 5406//5405
f 5406//5405 5346//5345 3168//3167
f 5406//5405 3168//3167 3163//3164
f 3156//3155 5406//5405 3155//3156
f 3163//3164 3155//3156 5406//5405
f 5340//5339 4704//4705 5343//5343
f 3149//3149 5337//5336 5342//5341
f 5342//5341 3156//3155 3149//3149
f 5340//5339 4705//4702 4704//4705
f 3151//3151 4715//4716 5337//5336
f 3151//3151 5337//5336 3149//3149
f 3147//3147 4715//4716 3151//3151
f 4536//4537 4540//4540 4709//4709
f 4538//4538 4536//4537 4709//4709
f 4559//4558 4563//4563 4696//4696
f 4679//4678 4688//4688 4683//4682
f 4687//4686 4565//4564 4573//4572
f 4565//4564 4687//4686 4563//4563
f 4681//4681 4578//4579 4580//4580
f 4681//4681 4580//4580 4587//4586
f 4668//4667 4677//4676 5407//5406
f 4677//4676 4587//4586 5407//5406
f 4587//4586 4585//4584 5407//5406
f 4585//4584 5408//5407 5407//5406
f 5407//5406 5408//5407 4668//4667
f 5408//5407 4666//4665 4668//4667
f 4585//4584 4586//4585 5408//5407
f 4586//4585 4666//4665 5408//5407
f 4661//4661 4662//4660 4669//4670
f 4664//4663 4661//4661 4669//4670
f 4666//4665 4586//4585 4588//4587
f 4652//4652 4650//4649 4654//4653
f 3186//3186 3181//3181 4643//4643
f 4643//4643 4638//4638 3186//3186
f 4636//4635 5410//5408 4639//4639
f 4639//4639 5411//5409 5409//5410
f 4639//4639 5409//5410 3200//3202
f 3191//3191 4639//4639 3200//3202
f 4639//4639 5410//5408 5411//5409
f 5409//5410 5411//5409 5412//5411
f 5413//5412 5412//5411 5411//5409
f 5410//5408 5413//5412 5411//5409
f 5412//5411 5413//5412 5414//5413
f 5413//5412 4628//4627 5414//5413
f 4633//4632 4628//4627 5413//5412
f 4636//4635 4633//4632 5413//5412
f 5410//5408 4636//4635 5413//5412
f 5414//5413 5415//5414 5412//5411
f 5416//5415 5414//5413 4628//4627
f 5415//5414 5414//5413 5416//5415
f 5416//5415 4627//4626 5415//5414
f 4627//4626 5416//5415 4628//4627
f 4619//4618 5415//5414 4627//4626
f 5417//5416 5415//5414 4619//4618
f 5412//5411 5415//5414 5417//5416
f 3292//3291 5412//5411 5417//5416
f 4619//4618 5418//5417 5417//5416
f 3292//3291 5417//5416 5418//5417
f 4619//4618 5419//5418 5418//5417
f 3293//3293 3292//3291 5418//5417
f 3300//3300 5418//5417 5419//5418
f 3293//3293 5418//5417 3300//3300
f 4619//4618 4620//4620 5419//5418
f 3300//3300 5419//5418 4620//4620
f 5412//5411 3291//3292 5420//5419
f 5412//5411 5420//5419 5409//5410
f 5412//5411 3292//3291 3291//3292
f 5420//5419 3206//3205 3203//3203
f 5420//5419 3203//3203 5409//5410
f 5420//5419 3291//3292 3206//3205
f 3200//3202 5409//5410 3203//3203
f 4638//4638 3188//3188 3186//3186
f 4621//4619 4619//4618 4627//4626
f 3301//3301 3300//3300 4620//4620
f 3301//3301 4620//4620 4616//4615
f 3303//3304 3301//3301 4616//4615
f 4607//4608 4602//4602 4604//4603
f 3993//3993 4606//4606 3996//3996
f 4588//4587 4596//4596 4600//4599
f 5422//5420 5421//5421 4597//4595
f 4597//4595 5421//5421 3998//3997
f 3998//3997 3996//3996 4597//4595
f 5422//5420 4597//4595 4594//4593
f 5422//5420 5423//5422 5421//5421
f 5424//5423 5423//5422 5422//5420
f 4593//4591 5424//5423 5422//5420
f 4594//4593 4593//4591 5422//5420
f 5427//5424 5424//5423 5425//5425
f 5424//5423 4593//4591 5425//5425
f 5427//5424 5426//5426 5424//5423
f 5424//5423 5426//5426 5428//5427
f 5424//5423 5428//5427 5423//5422
f 5426//5426 5430//5428 5428//5427
f 5428//5427 5429//5429 5423//5422
f 5428//5427 5430//5428 5429//5429
f 5431//5430 5430//5428 5426//5426
f 5431//5430 5432//5431 5430//5428
f 5432//5431 5433//5432 5430//5428
f 5430//5428 5433//5432 5434//5433
f 5430//5428 5434//5433 5429//5429
f 5433//5432 5435//5434 5434//5433
f 5434//5433 5435//5434 5437//5435
f 5437//5435 5436//5436 5434//5433
f 5429//5429 5434//5433 5436//5436
f 5436//5436 5437//5435 5438//5437
f 5438//5437 5437//5435 4021//4020
f 5437//5435 5435//5434 5439//5438
f 4021//4020 5437//5435 5439//5438
f 5439//5438 5435//5434 4040//4040
f 4040//4040 5440//5439 5439//5438
f 4024//4022 5439//5438 5440//5439
f 5439//5438 4024//4022 4021//4020
f 5440//5439 4040//4040 4028//4027
f 4028//4027 4024//4022 5440//5439
f 4005//4004 5438//5437 4018//4017
f 5438//5437 4005//4004 4004//4003
f 4018//4017 5438//5437 4021//4020
f 5436//5436 5438//5437 4004//4003
f 5436//5436 4004//4003 5441//5440
f 5441//5440 5429//5429 5436//5436
f 5442//5441 5423//5422 5441//5440
f 5429//5429 5441//5440 5423//5422
f 4003//4002 5442//5441 5441//5440
f 4003//4002 5441//5440 4004//4003
f 5421//5421 5423//5422 5442//5441
f 4000//3999 5421//5421 5442//5441
f 4000//3999 5442//5441 4003//4002
f 5443//5442 5435//5434 5433//5432
f 5443//5442 4039//4038 5435//5434
f 4040//4040 5435//5434 4039//4038
f 5445//5443 4039//4038 5443//5442
f 5433//5432 5444//5444 5443//5442
f 5445//5443 5443//5442 5444//5444
f 4043//4044 4044//4046 5445//5443
f 5445//5443 4044//4046 4039//4038
f 4043//4044 5445//5443 5446//5445
f 5445//5443 5444//5444 5446//5445
f 5448//5446 5446//5445 5447//5447
f 5447//5447 5446//5445 5444//5444
f 4043//4044 5446//5445 5448//5446
f 4049//4048 5448//5446 5450//5448
f 5448//5446 4049//4048 4047//4045
f 4043//4044 5448//5446 4047//4045
f 5448//5446 5447//5447 5449//5449
f 5449//5449 5450//5448 5448//5446
f 4049//4048 5450//5448 4050//4049
f 4050//4049 5450//5448 5449//5449
f 5449//5449 5452//5450 5451//5451
f 5449//5449 5451//5451 4050//4049
f 5449//5449 5453//5452 5452//5450
f 5447//5447 5453//5452 5449//5449
f 5453//5452 5431//5430 5454//5453
f 5454//5453 5452//5450 5453//5452
f 5453//5452 5447//5447 5455//5454
f 5453//5452 5455//5454 5431//5430
f 5455//5454 5447//5447 5432//5431
f 5431//5430 5455//5454 5432//5431
f 5454//5453 5458//5455 5456//5456
f 5459//5457 5454//5453 5456//5456
f 5431//5430 5457//5458 5454//5453
f 5458//5455 5454//5453 5457//5458
f 5452//5450 5454//5453 5459//5457
f 5459//5457 5461//5459 5460//5460
f 5459//5457 5460//5460 5451//5451
f 5456//5456 4571//4570 5459//5457
f 5461//5459 5459//5457 4571//4570
f 5451//5451 5452//5450 5459//5457
f 4571//4570 4568//4567 5461//5459
f 5460//5460 5461//5459 4568//4567
f 5463//5461 5462//5462 5460//5460
f 5460//5460 5462//5462 5451//5451
f 5463//5461 5460//5460 4568//4567
f 5465//5463 5463//5461 4568//4567
f 5467//5464 5462//5462 5463//5461
f 5464//5465 5463//5461 5466//5466
f 5467//5464 5463//5461 5464//5465
f 5465//5463 5466//5466 5463//5461
f 5467//5464 5468//5467 5462//5462
f 5468//5467 5467//5464 4050//4049
f 5469//5468 5467//5464 5464//5465
f 5467//5464 5469//5468 4050//4049
f 5470//5469 5471//5470 5469//5468
f 5470//5469 5469//5468 5464//5465
f 5472//5471 5469//5468 5471//5470
f 5472//5471 4050//4049 5469//5468
f 5473//5472 4051//4050 5472//5471
f 5473//5472 5472//5471 5471//5470
f 5472//5471 4051//4050 4050//4049
f 5475//5473 5473//5472 5474//5474
f 5471//5470 5474//5474 5473//5472
f 5473//5472 5475//5473 5476//5475
f 4054//4053 5473//5472 4119//4117
f 5476//5475 4119//4117 5473//5472
f 4054//4053 4051//4050 5473//5472
f 5475//5473 5479//5476 5476//5475
f 5477//5477 4119//4117 5476//5475
f 5478//5478 5477//5477 5476//5475
f 5479//5476 5478//5478 5476//5475
f 5479//5476 5480//5479 5478//5478
f 5481//5480 5480//5479 5479//5476
f 5479//5476 5482//5481 5481//5480
f 5475//5473 5482//5481 5479//5476
f 5483//5482 5482//5481 5485//5483
f 5483//5482 5481//5480 5482//5481
f 5475//5473 5484//5484 5482//5481
f 5487//5485 5482//5481 5484//5484
f 5485//5483 5482//5481 5486//5486
f 5482//5481 5488//5487 5486//5486
f 5488//5487 5482//5481 5487//5485
f 5490//5488 5489//5489 5488//5487
f 5491//5490 5488//5487 5489//5489
f 5492//5491 5490//5488 5488//5487
f 5488//5487 5491//5490 5493//5492
f 5488//5487 5494//5493 5492//5491
f 5493//5492 5486//5486 5488//5487
f 5494//5493 5488//5487 5487//5485
f 5496//5494 5494//5493 5495//5495
f 5497//5496 5495//5495 5494//5493
f 5492//5491 5494//5493 4417//4415
f 5496//5494 4417//4415 5494//5493
f 5494//5493 5487//5485 5497//5496
f 5497//5496 5498//5497 5499//5498
f 5487//5485 5498//5497 5497//5496
f 5495//5495 5497//5496 5499//5498
f 5500//5499 5499//5498 4422//4422
f 5501//5500 4422//4422 5499//5498
f 5499//5498 5500//5499 5495//5495
f 5499//5498 5502//5501 5501//5500
f 5498//5497 5502//5501 5499//5498
f 4429//4426 5501//5500 5502//5501
f 5503//5502 5502//5501 5498//5497
f 5504//5503 5502//5501 5503//5502
f 4429//4426 5502//5501 5504//5503
f 5504//5503 4430//4430 4429//4426
f 5504//5503 5503//5502 4430//4430
f 5503//5502 4431//4431 4430//4430
f 5498//5497 5474//5474 5503//5502
f 5503//5502 5506//5504 5505//5505
f 5503//5502 5505//5505 4431//4431
f 5503//5502 5474//5474 5506//5504
f 5505//5505 5506//5504 5507//5506
f 5506//5504 5474//5474 5507//5506
f 5508//5507 5507//5506 5509//5508
f 5505//5505 5507//5506 5508//5507
f 5507//5506 5464//5465 5509//5508
f 5470//5469 5464//5465 5507//5506
f 5474//5474 5470//5469 5507//5506
f 5509//5508 5510//5509 4433//4432
f 5509//5508 4433//4432 5508//5507
f 5509//5508 5511//5510 5510//5509
f 5464//5465 5466//5466 5509//5508
f 5466//5466 5511//5510 5509//5508
f 4568//4567 4567//4566 5511//5510
f 4567//4566 4443//4442 5511//5510
f 4443//4442 5510//5509 5511//5510
f 5465//5463 5511//5510 5466//5466
f 5465//5463 4568//4567 5511//5510
f 5510//5509 4443//4442 4444//4444
f 4444//4444 4437//4437 5510//5509
f 4433//4432 5510//5509 4437//4437
f 5505//5505 5508//5507 4431//4431
f 4433//4432 4431//4431 5508//5507
f 4421//4421 4422//4422 5501//5500
f 4429//4426 4421//4421 5501//5500
f 4416//4418 4418//4417 5500//5499
f 4418//4417 5496//5494 5500//5499
f 4422//4422 4416//4418 5500//5499
f 5495//5495 5500//5499 5496//5494
f 5498//5497 5487//5485 5474//5474
f 4417//4415 5496//5494 4418//4417
f 5493//5492 5513//5511 5486//5486
f 5493//5492 5491//5490 5512//5512
f 5512//5512 5513//5511 5493//5492
f 5512//5512 5517//5513 5513//5511
f 5517//5513 5514//5514 5513//5511
f 5514//5514 5515//5515 5513//5511
f 5515//5515 5516//5516 5513//5511
f 5513//5511 5516//5516 5486//5486
f 5518//5517 5519//5518 5517//5513
f 5518//5517 5517//5513 5512//5512
f 5517//5513 5519//5518 5520//5519
f 5517//5513 5520//5519 5521//5520
f 5521//5520 5514//5514 5517//5513
f 5524//5521 5522//5522 5521//5520
f 5522//5522 5515//5515 5521//5520
f 5520//5519 5523//5523 5521//5520
f 5523//5523 5524//5521 5521//5520
f 5521//5520 5515//5515 5514//5514
f 5524//5521 5523//5523 5527//5524
f 5524//5521 5526//5525 5522//5522
f 5527//5524 5525//5526 5524//5521
f 5525//5526 5526//5525 5524//5521
f 5528//5527 5527//5524 5523//5523
f 5527//5524 5528//5527 5529//5528
f 5529//5528 5525//5526 5527//5524
f 5531//5529 5530//5530 5529//5528
f 5532//5531 5529//5528 5530//5530
f 5533//5532 5531//5529 5529//5528
f 5533//5532 5529//5528 5528//5527
f 5529//5528 5532//5531 5525//5526
f 5531//5529 5533//5532 5534//5533
f 5534//5533 5533//5532 5536//5534
f 5533//5532 5528//5527 5535//5535
f 5536//5534 5533//5532 5535//5535
f 5536//5534 5520//5519 5519//5518
f 5537//5536 5536//5534 5519//5518
f 4369//4368 5536//5534 5537//5536
f 5534//5533 5536//5534 4369//4368
f 5536//5534 5523//5523 5520//5519
f 5535//5535 5523//5523 5536//5534
f 5538//5537 5537//5536 5518//5517
f 5537//5536 5519//5518 5518//5517
f 5538//5537 4369//4368 5537//5536
f 5538//5537 5540//5538 5539//5539
f 4373//4372 5538//5537 5539//5539
f 5538//5537 4373//4372 4368//4369
f 4368//4369 4369//4368 5538//5537
f 5540//5538 5538//5537 5518//5517
f 5540//5538 5541//5540 5539//5539
f 5541//5540 5540//5538 5542//5541
f 5540//5538 5518//5517 5542//5541
f 5541//5540 5542//5541 5543//5542
f 5543//5542 5542//5541 5544//5543
f 5512//5512 5542//5541 5518//5517
f 5542//5541 5512//5512 5491//5490
f 5544//5543 5542//5541 5491//5490
f 5543//5542 5544//5543 5545//5544
f 5544//5543 5491//5490 5489//5489
f 5544//5543 5489//5489 5545//5544
f 4396//4396 5545//5544 5546//5545
f 5545//5544 5490//5488 5546//5545
f 4396//4396 4384//4384 5545//5544
f 5548//5546 5545//5544 4384//4384
f 5545//5544 5489//5489 5490//5488
f 5547//5547 5545//5544 5548//5546
f 5543//5542 5545//5544 5547//5547
f 5550//5548 5547//5547 5548//5546
f 5549//5549 5548//5546 4384//4384
f 5549//5549 5550//5548 5548//5546
f 5550//5548 5541//5540 5547//5547
f 5541//5540 5550//5548 5539//5539
f 5550//5548 4373//4372 5539//5539
f 4377//4376 4373//4372 5550//5548
f 5550//5548 5549//5549 4377//4376
f 5549//5549 4380//4380 4377//4376
f 4380//4380 5549//5549 4384//4384
f 5541//5540 5543//5542 5547//5547
f 4396//4396 5546//5545 5551//5550
f 5546//5545 5490//5488 5551//5550
f 4403//4403 4396//4396 5551//5550
f 5492//5491 4417//4415 5551//5550
f 5551//5550 4417//4415 4403//4403
f 5490//5488 5492//5491 5551//5550
f 5535//5535 5528//5527 5523//5523
f 4369//4368 5552//5551 5534//5533
f 5531//5529 5534//5533 5552//5551
f 4370//4370 5552//5551 4369//4368
f 4370//4370 4251//4250 5552//5551
f 4251//4250 4253//4251 5552//5551
f 5552//5551 4253//4251 5531//5529
f 5532//5531 5553//5552 5525//5526
f 5532//5531 4248//4247 5553//5552
f 5530//5530 4247//4246 5532//5531
f 5532//5531 4247//4246 4248//4247
f 5526//5525 5553//5552 5554//5553
f 5525//5526 5553//5552 5526//5525
f 5554//5553 5553//5552 4235//4234
f 4248//4247 4235//4234 5553//5552
f 5555//5554 5526//5525 5554//5553
f 5554//5553 5556//5555 5555//5554
f 5554//5553 4233//4232 5556//5555
f 4235//4234 4233//4232 5554//5553
f 5555//5554 5556//5555 5559//5556
f 5556//5555 5557//5557 5559//5556
f 5556//5555 5558//5558 5557//5557
f 5556//5555 4231//4230 5558//5558
f 4233//4232 4231//4230 5556//5555
f 5559//5556 5557//5557 4215//4214
f 4215//4214 5560//5559 5559//5556
f 5555//5554 5559//5556 5560//5559
f 5555//5554 5560//5559 5561//5560
f 5561//5560 5560//5559 5562//5561
f 5562//5561 5560//5559 4215//4214
f 5562//5561 5566//5562 5561//5560
f 5562//5561 5563//5563 5565//5564
f 5562//5561 5564//5565 5563//5563
f 4213//4212 5564//5565 5562//5561
f 4213//4212 5562//5561 4215//4214
f 5562//5561 5565//5564 5566//5562
f 5565//5564 5561//5560 5566//5562
f 5486//5486 5565//5564 5485//5483
f 5485//5483 5565//5564 5567//5566
f 5561//5560 5565//5564 5516//5516
f 5516//5516 5565//5564 5486//5486
f 5563//5563 5567//5566 5565//5564
f 5485//5483 5567//5566 5483//5482
f 5483//5482 5567//5566 5481//5480
f 5563//5563 5480//5479 5567//5566
f 5567//5566 5480//5479 5481//5480
f 5563//5563 5564//5565 5568//5567
f 5564//5565 4209//4208 5568//5567
f 4213//4212 4209//4208 5564//5565
f 5480//5479 5563//5563 5568//5567
f 5478//5478 5480//5479 5568//5567
f 5478//5478 5568//5567 4210//4210
f 5568//5567 4209//4208 4210//4210
f 5515//5515 5561//5560 5516//5516
f 5555//5554 5561//5560 5515//5515
f 5558//5558 4229//4228 5557//5557
f 4231//4230 4229//4228 5558//5558
f 5557//5557 4229//4228 4217//4216
f 5557//5557 4217//4216 4215//4214
f 5515//5515 5522//5522 5555//5554
f 5522//5522 5526//5525 5555//5554
f 4253//4251 5530//5530 5531//5529
f 4253//4251 4247//4246 5530//5530
f 5487//5485 5484//5484 5474//5474
f 5475//5473 5474//5474 5484//5484
f 5478//5478 4210//4210 5569//5568
f 5478//5478 5569//5568 5477//5477
f 5569//5568 4118//4118 5477//5477
f 4207//4206 4118//4118 5569//5568
f 4207//4206 5569//5568 4210//4210
f 5477//5477 4118//4118 4119//4117
f 5474//5474 5471//5470 5470//5469
f 5462//5462 5468//5467 5451//5451
f 5468//5467 4050//4049 5451//5451
f 5458//5455 5572//5569 5456//5456
f 5457//5458 5570//5570 5458//5455
f 5458//5455 5570//5570 5571//5571
f 5571//5571 5572//5569 5458//5455
f 5456//5456 5572//5569 4582//4582
f 4590//4590 4583//4581 5572//5569
f 4592//4592 4590//4590 5572//5569
f 5572//5569 4583//4581 4582//4582
f 5571//5571 4592//4592 5572//5569
f 5570//5570 4592//4592 5571//5571
f 5573//5572 4592//4592 5570//5570
f 5427//5424 5573//5572 5570//5570
f 5570//5570 5426//5426 5427//5424
f 5457//5458 5426//5426 5570//5570
f 5573//5572 4593//4591 4592//4592
f 5425//5425 4593//4591 5573//5572
f 5573//5572 5427//5424 5425//5425
f 5457//5458 5431//5430 5426//5426
f 5456//5456 4576//4575 4575//4576
f 4575//4576 4570//4571 5456//5456
f 5456//5456 4570//4571 4571//4570
f 5456//5456 4582//4582 4576//4575
f 5432//5431 5447//5447 5444//5444
f 5432//5431 5444//5444 5433//5432
f 3998//3997 5421//5421 4000//3999
f 4589//4588 4596//4596 4588//4587
f 4449//4449 4443//4442 4567//4566
f 4557//4557 4559//4558 4553//4554
f 4556//4555 5575//5573 5574//5574
f 5574//5574 4451//4450 4556//4555
f 5575//5573 4556//4555 4551//4550
f 4519//4517 5575//5573 4517//4518
f 4511//4512 5575//5573 4519//4517
f 5575//5573 5576//5575 4517//4518
f 4511//4512 5574//5574 5575//5573
f 5575//5573 4551//4550 4547//4546
f 4547//4546 5576//5575 5575//5573
f 5576//5575 4547//4546 4548//4549
f 5576//5575 4548//4549 5577//5576
f 5577//5576 4517//4518 5576//5575
f 4527//4526 4517//4518 5577//5576
f 4527//4526 5577//5576 4528//4527
f 4528//4527 5577//5576 4548//4549
f 5574//5574 4511//4512 4459//4458
f 4453//4453 4451//4450 5574//5574
f 4453//4453 5574//5574 4459//4458
f 4543//4542 4528//4527 4548//4549
f 4531//4530 4528//4527 4543//4542
f 4530//4531 4531//4530 4543//4542
f 4530//4531 4543//4542 4541//4539
f 4522//4523 4533//4532 4523//4524
f 4518//4519 4517//4518 4527//4526
f 4512//4511 4459//4458 4511//4512
f 4457//4456 4459//4458 4512//4511
f 4467//4468 4458//4457 4508//4507
f 4508//4507 4458//4457 4456//4455
f 4498//4497 4477//4477 4503//4501
f 4503//4501 4477//4477 4468//4470
f 4482//4482 4498//4497 4495//4494
f 4482//4482 4477//4477 4498//4497
f 4485//4484 4495//4494 4486//4485
f 4485//4484 4482//4482 4495//4494
f 4489//4489 4400//4400 4399//4399
f 4394//4393 4400//4400 4489//4489
f 4481//4480 4482//4482 4485//4484
f 4477//4477 4470//4465 4468//4470
f 4412//4410 4475//4474 4476//4475
f 4420//4419 4473//4473 4475//4474
f 4420//4419 4475//4474 5578//5577
f 4411//4411 5578//5577 4475//4474
f 4411//4411 4475//4474 4412//4410
f 4411//4411 4413//4412 5578//5577
f 4413//4412 4415//4414 5578//5577
f 4415//4414 4420//4419 5578//5577
f 4424//4423 4473//4473 4420//4419
f 4424//4423 4471//4471 4473//4473
f 4454//4454 4453//4453 4459//4458
f 4427//4425 4426//4427 4435//4435
f 4417//4415 4402//4401 4403//4403
f 4396//4396 4403//4403 4397//4397
f 4393//4392 4400//4400 4394//4393
f 4389//4388 4386//4385 4396//4396
f 4396//4396 4386//4385 5579//5578
f 5579//5578 4384//4384 4396//4396
f 4386//4385 4384//4384 5579//5578
f 4336//4337 4391//4391 4329//4328
f 4340//4341 4383//4381 4382//4382
f 5580//5579 4383//4381 4340//4341
f 4359//4358 4383//4381 5580//5579
f 5581//5580 5580//5579 4340//4341
f 5581//5580 5582//5581 5580//5579
f 5582//5581 4359//4358 5580//5579
f 4348//4348 5582//5581 5581//5580
f 5582//5581 4357//4356 4359//4358
f 4348//4348 4357//4356 5582//5581
f 5583//5582 5581//5580 4340//4341
f 5583//5582 4348//4348 5581//5580
f 4340//4341 4343//4342 5583//5582
f 4343//4342 4348//4348 5583//5582
f 4340//4341 4382//4382 4341//4338
f 4378//4378 4362//4361 4364//4364
f 4378//4378 4360//4359 4362//4361
f 4373//4372 4377//4376 4372//4371
f 4374//4374 4365//4363 4367//4367
f 4364//4364 4365//4363 4374//4374
f 4275//4276 4353//4353 4352//4350
f 4277//4278 4353//4353 4275//4276
f 4272//4269 4353//4353 4277//4278
f 4270//4270 4353//4353 4272//4269
f 4352//4350 5585//5583 5584//5584
f 5584//5584 4275//4276 4352//4350
f 4351//4351 5585//5583 4352//4350
f 5585//5583 5586//5585 5584//5584
f 5587//5586 5586//5585 5585//5583
f 5585//5583 4351//4351 5587//5586
f 5589//5587 5587//5586 5588//5588
f 5588//5588 5587//5586 5590//5589
f 5589//5587 5586//5585 5587//5586
f 5590//5589 5587//5586 4351//4351
f 5588//5588 5590//5589 4347//4346
f 5590//5589 4349//4347 4347//4346
f 5590//5589 4351//4351 4349//4347
f 4308//4308 4305//4304 5589//5587
f 4305//4304 4298//4298 5589//5587
f 5589//5587 5588//5588 4308//4308
f 4298//4298 5591//5590 5589//5587
f 5591//5590 5586//5585 5589//5587
f 4285//4284 5591//5590 4291//4290
f 4291//4290 5591//5590 4298//4298
f 4285//4284 5586//5585 5591//5590
f 5588//5588 4347//4346 4333//4332
f 5592//5591 5588//5588 4333//4332
f 5592//5591 4308//4308 5588//5588
f 4311//4311 4308//4308 5592//5591
f 5592//5591 4315//4315 4311//4311
f 4331//4330 5592//5591 4333//4332
f 5592//5591 4331//4330 4315//4315
f 5593//5592 5586//5585 4285//4284
f 5586//5585 5593//5592 5584//5584
f 5584//5584 5593//5592 4281//4281
f 4281//4281 5593//5592 4285//4284
f 5584//5584 4281//4281 4275//4276
f 4345//4344 4333//4332 4347//4346
f 4333//4332 4345//4344 4335//4334
f 4343//4342 4340//4341 4339//4340
f 4331//4330 4318//4318 4315//4315
f 4310//4310 4313//4312 4320//4319
f 4305//4304 4296//4296 4298//4298
f 4283//4282 4285//4284 4291//4290
f 4281//4281 4276//4277 4275//4276
f 4263//4261 4271//4271 4262//4262
f 4260//4259 4252//4252 4251//4250
f 4243//4243 4255//4254 4245//4244
f 4248//4247 4236//4235 4235//4234
f 4229//4228 4218//4217 4217//4216
f 4186//4186 4221//4222 4187//4187
f 4209//4208 4213//4212 4211//4209
f 4118//4118 4207//4206 4121//4120
f 4169//4168 4180//4181 4173//4172
f 4167//4167 4171//4171 4174//4175
f 4167//4167 4174//4175 4165//4165
f 4111//4112 4116//4114 4107//4106
f 4058//4058 4112//4111 5594//5593
f 5595//5594 5594//5593 4112//4111
f 4112//4111 4108//4109 5595//5594
f 5596//5595 5595//5594 5599//5596
f 5595//5594 5596//5595 5594//5593
f 5597//5597 5595//5594 5598//5598
f 5599//5596 5595//5594 5597//5597
f 5598//5598 5595//5594 4108//4109
f 5599//5596 4065//4064 5596//5595
f 5597//5597 5600//5599 5599//5596
f 5599//5596 5600//5599 5601//5600
f 5601//5600 4065//4064 5599//5596
f 4065//4064 5601//5600 4068//4068
f 5601//5600 5600//5599 4070//4069
f 5601//5600 4070//4069 4068//4068
f 4084//4084 4070//4069 5600//5599
f 5597//5597 5598//5598 5600//5599
f 5598//5598 4084//4084 5600//5599
f 5598//5598 4090//4087 4084//4084
f 5598//5598 4108//4109 4105//4105
f 5602//5601 4090//4087 5598//5598
f 4105//4105 5602//5601 5598//5598
f 4090//4087 5602//5601 4088//4089
f 4088//4089 5602//5601 4100//4099
f 4105//4105 4100//4099 5602//5601
f 4065//4064 5594//5593 5596//5595
f 4058//4058 5594//5593 4059//4059
f 5594//5593 4065//4064 4059//4059
f 4100//4099 4092//4091 4089//4090
f 4100//4099 4089//4090 4088//4089
f 4096//4097 3875//3875 4098//4098
f 3735//3730 3875//3875 4096//4097
f 4090//4087 4083//4082 4084//4084
f 4080//4080 4086//4085 4078//4078
f 4076//4077 4078//4078 4086//4085
f 4086//4085 5603//5602 4076//4077
f 4086//4085 3874//3874 5603//5602
f 3873//3873 3874//3874 4086//4085
f 5604//5603 5603//5602 3880//3878
f 3874//3874 3880//3878 5603//5602
f 5604//5603 5605//5604 5603//5602
f 5605//5604 4076//4077 5603//5602
f 5607//5605 4076//4077 5605//5604
f 5606//5606 5607//5605 5605//5604
f 5606//5606 5605//5604 3928//3927
f 5605//5604 5604//5603 3928//3927
f 4077//4075 5607//5605 5606//5606
f 4077//4075 4076//4077 5607//5605
f 4073//4073 5606//5606 5608//5607
f 3930//3931 5608//5607 5606//5606
f 4077//4075 5606//5606 4073//4073
f 5606//5606 3928//3927 3930//3931
f 5609//5608 5608//5607 3930//3931
f 5608//5607 5609//5608 4073//4073
f 4033//4033 4073//4073 5609//5608
f 3935//3935 4033//4033 5609//5608
f 3935//3935 5609//5608 3932//3932
f 3932//3932 5609//5608 3930//3931
f 5610//5609 3928//3927 5604//5603
f 5604//5603 3880//3878 5610//5609
f 3928//3927 5610//5609 3927//3928
f 3879//3879 3927//3928 5610//5609
f 3880//3878 3879//3879 5610//5609
f 4033//4033 4032//4032 4073//4073
f 4046//4047 4066//4065 4035//4035
f 4063//4062 4066//4065 4046//4047
f 4035//4035 4066//4065 4036//4034
f 3935//3935 3934//3934 4033//4033
f 3949//3950 3950//3949 4023//4023
f 3957//3956 4016//4015 3951//3951
f 4016//4015 3950//3949 3951//3951
f 3991//3990 3995//3995 4008//4006
f 4001//4001 4008//4006 3995//3995
f 3989//3989 3991//3990 4008//4006
f 3987//3987 3965//3964 3980//3979
f 3964//3965 3965//3964 3987//3987
f 5611//5610 3982//3982 3314//3315
f 3982//3982 5611//5610 3310//3310
f 5611//5610 3314//3315 3310//3310
f 3967//3968 3319//3319 3317//3317
f 3954//3955 3961//3962 3956//3957
f 3953//3954 3947//3948 3946//3946
f 3941//3941 3949//3950 3940//3940
f 3927//3928 3879//3879 3885//3885
f 3834//3834 3921//3921 3835//3835
f 3887//3887 3916//3917 3886//3886
f 3890//3890 3870//3871 3891//3891
f 3876//3877 3890//3890 3889//3889
f 3876//3877 3871//3870 3890//3890
f 3871//3870 3870//3871 3890//3890
f 3883//3883 3889//3889 3882//3884
f 3889//3889 3883//3883 3876//3877
f 3878//3880 3885//3885 3879//3879
f 5612//5611 3851//3851 3852//3852
f 5612//5611 3852//3852 3752//3752
f 5612//5611 3753//3753 3851//3851
f 3753//3753 5612//5611 3752//3752
f 3851//3851 3753//3753 3756//3756
f 3823//3825 3824//3824 3838//3838
f 3830//3830 3824//3824 3822//3823
f 3816//3817 3793//3793 3794//3794
f 3796//3796 3801//3799 3794//3794
f 3778//3779 3791//3792 3756//3756
f 3778//3779 3777//3777 3791//3792
f 3791//3792 3777//3777 3788//3789
f 3776//3776 3788//3789 3777//3777
f 3370//3371 3785//3784 3368//3370
f 3784//3785 3785//3784 3370//3371
f 3368//3370 3785//3784 5613//5612
f 5613//5612 3785//3784 3782//3782
f 3367//3369 3368//3370 5613//5612
f 5614//5613 5613//5612 3782//3782
f 5614//5613 3367//3369 5613//5612
f 3782//3782 3380//3379 5614//5613
f 3373//3373 3367//3369 5614//5613
f 5614//5613 3380//3379 3373//3373
f 3380//3379 3782//3782 5615//5614
f 3782//3782 5616//5615 5615//5614
f 3780//3781 5616//5615 3782//3782
f 5615//5614 5616//5615 3780//3781
f 5615//5614 3379//3380 3380//3379
f 5615//5614 5617//5616 3379//3380
f 3770//3770 5617//5616 5615//5614
f 3770//3770 5615//5614 3780//3781
f 3379//3380 5617//5616 3382//3381
f 3382//3381 5617//5616 3770//3770
f 3772//3771 3770//3770 3780//3781
f 3774//3775 3778//3779 3756//3756
f 3382//3381 3770//3770 3768//3769
f 3768//3769 3766//3766 3382//3381
f 3766//3766 5618//5617 3382//3381
f 3766//3766 3764//3764 5618//5617
f 5622//5618 5619//5619 5618//5617
f 5618//5617 5619//5619 5620//5620
f 5620//5620 3382//3381 5618//5617
f 3764//3764 5621//5621 5618//5617
f 5622//5618 5618//5617 5621//5621
f 5622//5618 5621//5621 5624//5622
f 5622//5618 5623//5623 5619//5619
f 5623//5623 5622//5618 5625//5624
f 5625//5624 5622//5618 5624//5622
f 5625//5624 5624//5622 5628//5625
f 5626//5626 5623//5623 5625//5624
f 5626//5626 5625//5624 5627//5627
f 5628//5625 5627//5627 5625//5624
f 5630//5628 5628//5625 5629//5629
f 5629//5629 5628//5625 5631//5630
f 5630//5628 5627//5627 5628//5625
f 5631//5630 5628//5625 5624//5622
f 5631//5630 5632//5631 5629//5629
f 5624//5622 5632//5631 5631//5630
f 5624//5622 5634//5632 5632//5631
f 5633//5633 5629//5629 5632//5631
f 5632//5631 5634//5632 5633//5633
f 5634//5632 5635//5634 5633//5633
f 5634//5632 3761//3762 5635//5634
f 5634//5632 5624//5622 5621//5621
f 5621//5621 3761//3762 5634//5632
f 5637//5635 5636//5636 5635//5634
f 5633//5633 5635//5634 5636//5636
f 3757//3758 5637//5635 5635//5634
f 3761//3762 3762//3763 5635//5634
f 3757//3758 5635//5634 3762//3763
f 3757//3758 5638//5637 5637//5635
f 5641//5638 5637//5635 5638//5637
f 5637//5635 5641//5638 5639//5639
f 5637//5635 5639//5639 5640//5640
f 5640//5640 5636//5636 5637//5635
f 5638//5637 3750//3750 5641//5638
f 5642//5641 5641//5638 3750//3750
f 5643//5642 5641//5638 5642//5641
f 5639//5639 5641//5638 5643//5642
f 5643//5642 5642//5641 5644//5643
f 5643//5642 5644//5643 5645//5644
f 5639//5639 5643//5642 5645//5644
f 5645//5644 5648//5645 5639//5639
f 5646//5646 5645//5644 5644//5643
f 5645//5644 5646//5646 5649//5647
f 5647//5648 5648//5645 5645//5644
f 5645//5644 5649//5647 5647//5648
f 5649//5647 5646//5646 5650//5649
f 3731//3736 5649//5647 5650//5649
f 5651//5650 5647//5648 5649//5647
f 3731//3736 5651//5650 5649//5647
f 5652//5651 5651//5650 3731//3736
f 5647//5648 5651//5650 5652//5651
f 5653//5652 5655//5653 5652//5651
f 5654//5654 5653//5652 5652//5651
f 3733//3735 5652//5651 3731//3736
f 5652//5651 3733//3735 5654//5654
f 5655//5653 5647//5648 5652//5651
f 5648//5645 5647//5648 5655//5653
f 5648//5645 5655//5653 5656//5655
f 5655//5653 5653//5652 5656//5655
f 5658//5656 5657//5657 5656//5655
f 5640//5640 5656//5655 5657//5657
f 5658//5656 5656//5655 5659//5658
f 5640//5640 5648//5645 5656//5655
f 5656//5655 5653//5652 5659//5658
f 5658//5656 5659//5658 5629//5629
f 5662//5659 5659//5658 5653//5652
f 5660//5660 5629//5629 5659//5658
f 5661//5661 5660//5660 5659//5658
f 5659//5658 5662//5659 5661//5661
f 5663//5662 5662//5659 5653//5652
f 5662//5659 5663//5662 5661//5661
f 5663//5662 5653//5652 5665//5663
f 5664//5664 5661//5661 5663//5662
f 5665//5663 5664//5664 5663//5662
f 5666//5665 5665//5663 5653//5652
f 5666//5665 5667//5666 5665//5663
f 5664//5664 5665//5663 5667//5666
f 5669//5667 5667//5666 5666//5665
f 5664//5664 5667//5666 5668//5668
f 5668//5668 5667//5666 5669//5667
f 3723//3722 5669//5667 3722//3723
f 3722//3723 5669//5667 3733//3735
f 5669//5667 5666//5665 3733//3735
f 5668//5668 5669//5667 3723//3722
f 5668//5668 5670//5669 5664//5664
f 5671//5670 5670//5669 5668//5668
f 5671//5670 5668//5668 3724//3725
f 3724//3725 5668//5668 3723//3722
f 3710//3711 5670//5669 5671//5670
f 3712//3712 3710//3711 5671//5670
f 3712//3712 5671//5670 3724//3725
f 5670//5669 3709//3710 5661//5661
f 5664//5664 5670//5669 5661//5661
f 3709//3710 5670//5669 3710//3711
f 3733//3735 5666//5665 5654//5654
f 5654//5654 5666//5665 5653//5652
f 3709//3710 5660//5660 5661//5661
f 5629//5629 5660//5660 5630//5628
f 5673//5671 5630//5628 5660//5660
f 5672//5672 5660//5660 3709//3710
f 3705//3705 5660//5660 5672//5672
f 5660//5660 3705//3705 5673//5671
f 5627//5627 5673//5671 5674//5673
f 5673//5671 5627//5627 5630//5628
f 5675//5674 5674//5673 5673//5671
f 5675//5674 5673//5671 3705//3705
f 3698//3699 5674//5673 5675//5674
f 3698//3699 5675//5674 3701//3701
f 5675//5674 3705//3705 3701//3701
f 5626//5626 5674//5673 5676//5675
f 3699//3700 5676//5675 5674//5673
f 5627//5627 5674//5673 5626//5626
f 3699//3700 5674//5673 3698//3699
f 3694//3695 3693//3692 5676//5675
f 3693//3692 3688//3690 5676//5675
f 5676//5675 3699//3700 3694//3695
f 3688//3690 5677//5676 5676//5675
f 5677//5676 5626//5626 5676//5675
f 5677//5676 3688//3690 5623//5623
f 5623//5623 5626//5626 5677//5676
f 3709//3710 3706//3706 5672//5672
f 3706//3706 3705//3705 5672//5672
f 5658//5656 5633//5633 5678//5677
f 5633//5633 5658//5656 5629//5629
f 5657//5657 5658//5656 5678//5677
f 5633//5633 5636//5636 5678//5677
f 5678//5677 5636//5636 5657//5657
f 5636//5636 5640//5640 5657//5657
f 3734//3732 5650//5649 5646//5646
f 3734//3732 3731//3736 5650//5649
f 5639//5639 5648//5645 5640//5640
f 3734//3732 5646//5646 5644//5643
f 3729//3731 5644//5643 3742//3743
f 5644//5643 5642//5641 3742//3743
f 3734//3732 5644//5643 3729//3731
f 3741//3742 5642//5641 3750//3750
f 5642//5641 3741//3742 3742//3743
f 3749//3751 3750//3750 5638//5637
f 3749//3751 5638//5637 3757//3758
f 5680//5678 5619//5619 5623//5623
f 5623//5623 3688//3690 5679//5679
f 5623//5623 5679//5679 5680//5678
f 5620//5620 5680//5678 5681//5680
f 3689//3688 5681//5680 5680//5678
f 5680//5678 5620//5620 5619//5619
f 5680//5678 5679//5679 3689//3688
f 5620//5620 5681//5680 5682//5681
f 5682//5681 5681//5680 3381//3382
f 3686//3687 5681//5680 3689//3688
f 5681//5680 3686//3687 3386//3386
f 3381//3382 5681//5680 3386//3386
f 3382//3381 5682//5681 3381//3382
f 5620//5620 5682//5681 3382//3381
f 3688//3690 3689//3688 5679//5679
f 5621//5621 3764//3764 3761//3762
f 3745//3746 3741//3742 3750//3750
f 3737//3737 3738//3738 3744//3744
f 3726//3726 3712//3712 3724//3725
f 3714//3715 3712//3712 3726//3726
f 2944//2944 2946//2947 3720//3721
f 3703//3704 2951//2949 2949//2950
f 3697//3697 3698//3699 3701//3701
f 3690//3689 3692//3693 5683//5682
f 3692//3693 2957//2957 5683//5682
f 5683//5682 2961//2961 2967//2967
f 3690//3689 5683//5682 2967//2967
f 2958//2959 5683//5682 2957//2957
f 2958//2959 2961//2961 5683//5682
f 3683//3684 3690//3689 2967//2967
f 3683//3684 2967//2967 3680//3681
f 3394//3394 3681//3682 3401//3402
f 3392//3393 3388//3389 3681//3682
f 3681//3682 3394//3394 3392//3393
f 3680//3681 2967//2967 2966//2966
f 3336//3335 3358//3358 3350//3351
f 3353//3354 3350//3351 3358//3358
f 3355//3355 3349//3349 3352//3352
f 3355//3355 3347//3347 3349//3349
f 3350//3351 3334//3337 3336//3335
f 3286//3286 3295//3295 3344//3344
f 3344//3344 3295//3295 3341//3340
f 3339//3339 3341//3340 3294//3296
f 3295//3295 3294//3296 3341//3340
f 3334//3337 3340//3342 3335//3336
f 3339//3339 3294//3296 3298//3299
f 3331//3330 3305//3306 3312//3313
f 3331//3330 3312//3313 3330//3331
f 3311//3312 3328//3329 3330//3331
f 3311//3312 3330//3331 3312//3313
f 3311//3312 3315//3314 3328//3329
f 5684//5683 3206//3205 3291//3292
f 3291//3292 3289//3289 5684//5683
f 3206//3205 5684//5683 3212//3213
f 3287//3288 5684//5683 3289//3289
f 3287//3288 3212//3213 5684//5683
f 5685//5684 3212//3213 3287//3288
f 3287//3288 3282//3282 5685//5684
f 5687//5685 5686//5686 5685//5684
f 3212//3213 5685//5684 5686//5686
f 5687//5685 5685//5684 5688//5687
f 3273//3273 5688//5687 5685//5684
f 3273//3273 5685//5684 3282//3282
f 3274//3275 5688//5687 3273//3273
f 5688//5687 5689//5688 5690//5689
f 5688//5687 3274//3275 5689//5688
f 5687//5685 5688//5687 5690//5689
f 5687//5685 5690//5689 3225//3226
f 5692//5690 5690//5689 5689//5688
f 5691//5691 3225//3226 5690//5689
f 5690//5689 5692//5690 5691//5691
f 5691//5691 5692//5690 5693//5692
f 5693//5692 5692//5690 3257//3259
f 3257//3259 5692//5690 3258//3258
f 5692//5690 5694//5693 3258//3258
f 5692//5690 5689//5688 5694//5693
f 3258//3258 5694//5693 3265//3266
f 5694//5693 5689//5688 3265//3266
f 5693//5692 5695//5694 5691//5691
f 5695//5694 5693//5692 5696//5695
f 5696//5695 5693//5692 3257//3259
f 5695//5694 5696//5695 5697//5696
f 5696//5695 3240//3242 5697//5696
f 3252//3253 5696//5695 3254//3255
f 3252//3253 3244//3246 5696//5695
f 3244//3246 3240//3242 5696//5695
f 3254//3255 5696//5695 3257//3259
f 3240//3242 3241//3240 5697//5696
f 5697//5696 3241//3240 5698//5697
f 5695//5694 5697//5696 5698//5697
f 3241//3240 5699//5698 5698//5697
f 5698//5697 5699//5698 5695//5694
f 3241//3240 3235//3236 5699//5698
f 5699//5698 5700//5699 5695//5694
f 5701//5700 5700//5699 5699//5698
f 5699//5698 3235//3236 5701//5700
f 3227//3228 3228//3229 5701//5700
f 3235//3236 3227//3228 5701//5700
f 5701//5700 3228//3229 5700//5699
f 5700//5699 3228//3229 3225//3226
f 5691//5691 5695//5694 5700//5699
f 3225//3226 5691//5691 5700//5699
f 3265//3266 5689//5688 3274//3275
f 3225//3226 5686//5686 5687//5685
f 3210//3211 3211//3212 5686//5686
f 3212//3213 5686//5686 3211//3212
f 3216//3216 3210//3211 5686//5686
f 5686//5686 3225//3226 3216//3216
f 3275//3274 3273//3273 3282//3282
f 3278//3280 3279//3281 3269//3270
f 3271//3271 3278//3280 3268//3269
f 3268//3269 3278//3280 3269//3270
f 3256//3257 3258//3258 3265//3266
f 3259//3260 3248//3248 3249//3249
f 3241//3240 3236//3237 3235//3236
f 3234//3234 3175//3175 3231//3232
f 5702//5701 3232//3233 3231//3232
f 5702//5701 5703//5702 3232//3233
f 3222//3222 3221//3221 3232//3233
f 3222//3222 3232//3233 5703//5702
f 3183//3184 3222//3222 5703//5702
f 3184//3185 3183//3184 5703//5702
f 5702//5701 3184//3185 5703//5702
f 3175//3175 3176//3176 5702//5701
f 3176//3176 3184//3185 5702//5701
f 5702//5701 3231//3232 3175//3175
f 3189//3189 3222//3222 3183//3184
f 3189//3189 3194//3194 3222//3222
f 3222//3222 3194//3194 3198//3197
f 3218//3218 3197//3198 5704//5703
f 3198//3197 3197//3198 3218//3218
f 5704//5703 3214//3214 3218//3218
f 5704//5703 3197//3198 3196//3199
f 5704//5703 3196//3199 3205//3206
f 3214//3214 5704//5703 3205//3206
f 3212//3213 3208//3209 3206//3205
f 3165//3166 3173//3174 3164//3163
f 3165//3166 3167//3169 3173//3174
f 3157//3157 3155//3156 3163//3164
f 5705//5704 3160//3161 3161//3162
f 5705//5704 3161//3162 3133//3132
f 5706//5705 3160//3161 5705//5704
f 3134//3133 5706//5705 5705//5704
f 5705//5704 3131//3131 3134//3133
f 5705//5704 3133//3132 3131//3131
f 5706//5705 3134//3133 5707//5706
f 3160//3161 5706//5705 5707//5706
f 5707//5706 3145//3146 5709//5707
f 5708//5708 3145//3146 5707//5706
f 3134//3133 5708//5708 5707//5706
f 3160//3161 5707//5706 5709//5707
f 5709//5707 3152//3153 3150//3152
f 3145//3146 3152//3153 5709//5707
f 3160//3161 5709//5707 3150//3152
f 3134//3133 3138//3138 5708//5708
f 3138//3138 3145//3146 5708//5708
f 3127//3128 3126//3127 3136//3136
f 3100//3100 3116//3117 3119//3120
f 3113//3113 3116//3117 3100//3100
f 3100//3100 3099//3101 3113//3113
f 3086//3086 3104//3104 3087//3087
f 3088//3089 3087//3087 3093//3093
f 3084//3084 3090//3091 3081//3082
f 3084//3084 3081//3082 3082//3083
f 3059//3060 3067//3067 3060//3061
f 3056//3056 3042//3043 3046//3048
f 3047//3046 3038//3039 3045//3045
f 3047//3046 3039//3038 3038//3039
f 3013//3013 3017//3016 3010//3012
f 3011//3011 3000//3000 2999//2999
f 3011//3011 2999//2999 3004//3005
f 2990//2990 2989//2989 3003//3003
f 3001//3002 2996//2997 2995//2996
f 2981//2978 2977//2977 2978//2979
f 2933//2932 2964//2964 2955//2955
f 2932//2933 2964//2964 2933//2932
f 2955//2955 2934//2934 2933//2932
f 2929//2931 2928//2930 2939//2939
f 2914//2915 2921//2923 2929//2931
f 2925//2924 2920//2919 2924//2925
f 2922//2921 2917//2917 2912//2911
f 2914//2915 2913//2916 2921//2923
