# vtk DataFile Version 2.0
rectangle, Created by Gmsh 4.15.0 
ASCII
DATASET UNSTRUCTURED_GRID
POINTS 1000 double
-0.025 -0.0025 -0.0005
0.025 -0.0025 -0.0005
0.025 0.0025 -0.0005
-0.025 0.0025 -0.0005
-0.025 -0.0025 0.0005
0.025 -0.0025 0.0005
0.025 0.0025 0.0005
-0.025 0.0025 0.0005
-0.02410714285714404 -0.0025 -0.0005
-0.02321428571428944 -0.0025 -0.0005
-0.02232142857143484 -0.0025 -0.0005
-0.02142857142858024 -0.0025 -0.0005
-0.02053571428572467 -0.0025 -0.0005
-0.01964285714286852 -0.0025 -0.0005
-0.01875000000001305 -0.0025 -0.0005
-0.01785714285715777 -0.0025 -0.0005
-0.01696428571430317 -0.0025 -0.0005
-0.01607142857144857 -0.0025 -0.0005
-0.01517857142859397 -0.0025 -0.0005
-0.01428571428573937 -0.0025 -0.0005
-0.01339285714288477 -0.0025 -0.0005
-0.01250000000003016 -0.0025 -0.0005
-0.01160714285717556 -0.0025 -0.0005
-0.01071428571432096 -0.0025 -0.0005
-0.009821428571466362 -0.0025 -0.0005
-0.00892857142861176 -0.0025 -0.0005
-0.00803571428575716 -0.0025 -0.0005
-0.007142857142902557 -0.0025 -0.0005
-0.006250000000048633 -0.0025 -0.0005
-0.00535714285719471 -0.0025 -0.0005
-0.00446428571434011 -0.0025 -0.0005
-0.00357142857148551 -0.0025 -0.0005
-0.002678571428630906 -0.0025 -0.0005
-0.001785714285776306 -0.0025 -0.0005
-0.0008928571429217061 -0.0025 -0.0005
-6.64260313421039e-14 -0.0025 -0.0005
0.0008928571427923374 -0.0025 -0.0005
0.001785714285652069 -0.0025 -0.0005
0.002678571428511318 -0.0025 -0.0005
0.003571428571371243 -0.0025 -0.0005
0.004464285714230486 -0.0025 -0.0005
0.005357142857090418 -0.0025 -0.0005
0.006249999999949667 -0.0025 -0.0005
0.007142857142809787 -0.0025 -0.0005
0.008035714285668454 -0.0025 -0.0005
0.008928571428528674 -0.0025 -0.0005
0.009821428571387923 -0.0025 -0.0005
0.01071428571424756 -0.0025 -0.0005
0.01160714285710739 -0.0025 -0.0005
0.01249999999996644 -0.0025 -0.0005
0.0133928571428255 -0.0025 -0.0005
0.01428571428568533 -0.0025 -0.0005
0.01517857142854497 -0.0025 -0.0005
0.01607142857140421 -0.0025 -0.0005
0.01696428571426443 -0.0025 -0.0005
0.0178571428571231 -0.0025 -0.0005
0.0187499999999839 -0.0025 -0.0005
0.01964285714284199 -0.0025 -0.0005
0.02053571428570278 -0.0025 -0.0005
0.02142857142856107 -0.0025 -0.0005
0.02232142857142167 -0.0025 -0.0005
0.02321428571428053 -0.0025 -0.0005
0.02410714285714056 -0.0025 -0.0005
0.025 -0.001666666666668034 -0.0005
0.025 -0.0008333333333372967 -0.0005
0.025 -6.350388964682097e-15 -0.0005
0.025 0.0008333333333289308 -0.0005
0.025 0.001666666666664691 -0.0005
0.02410714285714404 0.0025 -0.0005
0.02321428571428944 0.0025 -0.0005
0.02232142857143484 0.0025 -0.0005
0.02142857142858024 0.0025 -0.0005
0.02053571428572467 0.0025 -0.0005
0.01964285714286852 0.0025 -0.0005
0.01875000000001305 0.0025 -0.0005
0.01785714285715777 0.0025 -0.0005
0.01696428571430317 0.0025 -0.0005
0.01607142857144857 0.0025 -0.0005
0.01517857142859397 0.0025 -0.0005
0.01428571428573937 0.0025 -0.0005
0.01339285714288477 0.0025 -0.0005
0.01250000000003016 0.0025 -0.0005
0.01160714285717556 0.0025 -0.0005
0.01071428571432096 0.0025 -0.0005
0.009821428571466362 0.0025 -0.0005
0.00892857142861176 0.0025 -0.0005
0.00803571428575716 0.0025 -0.0005
0.007142857142902557 0.0025 -0.0005
0.006250000000048633 0.0025 -0.0005
0.00535714285719471 0.0025 -0.0005
0.00446428571434011 0.0025 -0.0005
0.00357142857148551 0.0025 -0.0005
0.002678571428630906 0.0025 -0.0005
0.001785714285776306 0.0025 -0.0005
0.0008928571429217061 0.0025 -0.0005
6.64260313421039e-14 0.0025 -0.0005
-0.0008928571427923374 0.0025 -0.0005
-0.001785714285652069 0.0025 -0.0005
-0.002678571428511318 0.0025 -0.0005
-0.003571428571371243 0.0025 -0.0005
-0.004464285714230486 0.0025 -0.0005
-0.005357142857090418 0.0025 -0.0005
-0.006249999999949667 0.0025 -0.0005
-0.007142857142809787 0.0025 -0.0005
-0.008035714285668454 0.0025 -0.0005
-0.008928571428528674 0.0025 -0.0005
-0.009821428571387923 0.0025 -0.0005
-0.01071428571424756 0.0025 -0.0005
-0.01160714285710739 0.0025 -0.0005
-0.01249999999996644 0.0025 -0.0005
-0.0133928571428255 0.0025 -0.0005
-0.01428571428568533 0.0025 -0.0005
-0.01517857142854497 0.0025 -0.0005
-0.01607142857140421 0.0025 -0.0005
-0.01696428571426443 0.0025 -0.0005
-0.0178571428571231 0.0025 -0.0005
-0.0187499999999839 0.0025 -0.0005
-0.01964285714284199 0.0025 -0.0005
-0.02053571428570278 0.0025 -0.0005
-0.02142857142856107 0.0025 -0.0005
-0.02232142857142167 0.0025 -0.0005
-0.02321428571428053 0.0025 -0.0005
-0.02410714285714056 0.0025 -0.0005
-0.025 0.001666666666668034 -0.0005
-0.025 0.0008333333333372967 -0.0005
-0.025 6.350388964682097e-15 -0.0005
-0.025 -0.0008333333333289308 -0.0005
-0.025 -0.001666666666664691 -0.0005
-0.02410714285714404 -0.0025 0.0005
-0.02321428571428944 -0.0025 0.0005
-0.02232142857143484 -0.0025 0.0005
-0.02142857142858024 -0.0025 0.0005
-0.02053571428572467 -0.0025 0.0005
-0.01964285714286852 -0.0025 0.0005
-0.01875000000001305 -0.0025 0.0005
-0.01785714285715777 -0.0025 0.0005
-0.01696428571430317 -0.0025 0.0005
-0.01607142857144857 -0.0025 0.0005
-0.01517857142859397 -0.0025 0.0005
-0.01428571428573937 -0.0025 0.0005
-0.01339285714288477 -0.0025 0.0005
-0.01250000000003016 -0.0025 0.0005
-0.01160714285717556 -0.0025 0.0005
-0.01071428571432096 -0.0025 0.0005
-0.009821428571466362 -0.0025 0.0005
-0.00892857142861176 -0.0025 0.0005
-0.00803571428575716 -0.0025 0.0005
-0.007142857142902557 -0.0025 0.0005
-0.006250000000048633 -0.0025 0.0005
-0.00535714285719471 -0.0025 0.0005
-0.00446428571434011 -0.0025 0.0005
-0.00357142857148551 -0.0025 0.0005
-0.002678571428630906 -0.0025 0.0005
-0.001785714285776306 -0.0025 0.0005
-0.0008928571429217061 -0.0025 0.0005
-6.64260313421039e-14 -0.0025 0.0005
0.0008928571427923374 -0.0025 0.0005
0.001785714285652069 -0.0025 0.0005
0.002678571428511318 -0.0025 0.0005
0.003571428571371243 -0.0025 0.0005
0.004464285714230486 -0.0025 0.0005
0.005357142857090418 -0.0025 0.0005
0.006249999999949667 -0.0025 0.0005
0.007142857142809787 -0.0025 0.0005
0.008035714285668454 -0.0025 0.0005
0.008928571428528674 -0.0025 0.0005
0.009821428571387923 -0.0025 0.0005
0.01071428571424756 -0.0025 0.0005
0.01160714285710739 -0.0025 0.0005
0.01249999999996644 -0.0025 0.0005
0.0133928571428255 -0.0025 0.0005
0.01428571428568533 -0.0025 0.0005
0.01517857142854497 -0.0025 0.0005
0.01607142857140421 -0.0025 0.0005
0.01696428571426443 -0.0025 0.0005
0.0178571428571231 -0.0025 0.0005
0.0187499999999839 -0.0025 0.0005
0.01964285714284199 -0.0025 0.0005
0.02053571428570278 -0.0025 0.0005
0.02142857142856107 -0.0025 0.0005
0.02232142857142167 -0.0025 0.0005
0.02321428571428053 -0.0025 0.0005
0.02410714285714056 -0.0025 0.0005
0.025 -0.001666666666668034 0.0005
0.025 -0.0008333333333372967 0.0005
0.025 -6.350388964682097e-15 0.0005
0.025 0.0008333333333289308 0.0005
0.025 0.001666666666664691 0.0005
0.02410714285714404 0.0025 0.0005
0.02321428571428944 0.0025 0.0005
0.02232142857143484 0.0025 0.0005
0.02142857142858024 0.0025 0.0005
0.02053571428572467 0.0025 0.0005
0.01964285714286852 0.0025 0.0005
0.01875000000001305 0.0025 0.0005
0.01785714285715777 0.0025 0.0005
0.01696428571430317 0.0025 0.0005
0.01607142857144857 0.0025 0.0005
0.01517857142859397 0.0025 0.0005
0.01428571428573937 0.0025 0.0005
0.01339285714288477 0.0025 0.0005
0.01250000000003016 0.0025 0.0005
0.01160714285717556 0.0025 0.0005
0.01071428571432096 0.0025 0.0005
0.009821428571466362 0.0025 0.0005
0.00892857142861176 0.0025 0.0005
0.00803571428575716 0.0025 0.0005
0.007142857142902557 0.0025 0.0005
0.006250000000048633 0.0025 0.0005
0.00535714285719471 0.0025 0.0005
0.00446428571434011 0.0025 0.0005
0.00357142857148551 0.0025 0.0005
0.002678571428630906 0.0025 0.0005
0.001785714285776306 0.0025 0.0005
0.0008928571429217061 0.0025 0.0005
6.64260313421039e-14 0.0025 0.0005
-0.0008928571427923374 0.0025 0.0005
-0.001785714285652069 0.0025 0.0005
-0.002678571428511318 0.0025 0.0005
-0.003571428571371243 0.0025 0.0005
-0.004464285714230486 0.0025 0.0005
-0.005357142857090418 0.0025 0.0005
-0.006249999999949667 0.0025 0.0005
-0.007142857142809787 0.0025 0.0005
-0.008035714285668454 0.0025 0.0005
-0.008928571428528674 0.0025 0.0005
-0.009821428571387923 0.0025 0.0005
-0.01071428571424756 0.0025 0.0005
-0.01160714285710739 0.0025 0.0005
-0.01249999999996644 0.0025 0.0005
-0.0133928571428255 0.0025 0.0005
-0.01428571428568533 0.0025 0.0005
-0.01517857142854497 0.0025 0.0005
-0.01607142857140421 0.0025 0.0005
-0.01696428571426443 0.0025 0.0005
-0.0178571428571231 0.0025 0.0005
-0.0187499999999839 0.0025 0.0005
-0.01964285714284199 0.0025 0.0005
-0.02053571428570278 0.0025 0.0005
-0.02142857142856107 0.0025 0.0005
-0.02232142857142167 0.0025 0.0005
-0.02321428571428053 0.0025 0.0005
-0.02410714285714056 0.0025 0.0005
-0.025 0.001666666666668034 0.0005
-0.025 0.0008333333333372967 0.0005
-0.025 6.350388964682097e-15 0.0005
-0.025 -0.0008333333333289308 0.0005
-0.025 -0.001666666666664691 0.0005
-0.025 -0.0025 -1.281526967877866e-15
0.025 -0.0025 -1.281526967877866e-15
0.025 0.0025 -1.281526967877866e-15
-0.025 0.0025 -1.281526967877866e-15
-0.02187500000000756 -0.001726763032337524 -0.0005
0.02187271362095559 0.001737801216166479 -0.0005
0.01829481417278163 0.001728313361485718 -0.0005
-0.01830357142858541 -0.00172676303233723 -0.0005
-0.01562500000002126 -0.001726763032337525 -0.0005
0.01561623530357169 0.001727689203406545 -0.0005
-0.01295435963934941 -0.001708441247116456 -0.0005
0.01293208540576747 0.001711587491619444 -0.0005
-0.006696428571475594 -0.00172676303233811 -0.0005
0.006689960835482033 0.001700404805908619 -0.0005
-0.01025394268705336 -0.001679826110413733 -0.0005
0.01026362195589959 0.001714461298881875 -0.0005
-0.004031208438133531 -0.001688041998412565 -0.0005
0.004004841447327272 0.001674931681853155 -0.0005
0.001358573549610983 0.001664113523379315 -0.0005
-0.001366989969568324 -0.001646903490316761 -0.0005
0.02008928571427239 -0.001726763032334417 -0.0005
-0.02009268821186575 0.001756756668105009 -0.0005
0.008479647396011321 -0.001628093967232786 -0.0005
-0.00848898390158675 0.001650743578257551 -0.0005
0.0004446553564810605 -0.001622620055717813 -0.0005
0.003123059056031137 -0.001605183270571969 -0.0005
-0.003134261883432279 0.001668665658582972 -0.0005
0.005802467761635182 -0.00163011586368729 -0.0005
-0.005813025184476704 0.001660329951721354 -0.0005
0.01205357142853691 -0.001726763032333666 -0.0005
-0.0120634752045662 0.001612055981727606 -0.0005
-0.0147423476299307 0.001633350562005585 -0.0005
0.01473149465322694 -0.001734388626421228 -0.0005
0.01741006285969524 -0.001732055894664092 -0.0005
-0.01741419254314798 0.001760273083233239 -0.0005
0.02266680723707724 -0.00176635763110004 -0.0005
-0.02272899875671424 0.00168604611005136 -0.0005
-0.00045648663069623 0.001657149556100387 -0.0005
-0.008482142857184462 -0.001726763032337524 -0.0005
0.008477741054954226 0.001709575425496214 -0.0005
-0.02009246533949727 -0.001720466282733934 -0.0005
0.02008052873356218 0.001731158845786233 -0.0005
0.01041430007440536 -0.001829997887127095 -0.0005
-0.01027384022897158 0.001617648460814467 -0.0005
0.02429016774272511 0.0004257642738802576 -0.0005
-0.02433207971825159 -0.0004196458928347009 -0.0005
0.02433966943250361 -0.001234725772930856 -0.0005
-0.02427831216351522 0.001250000000002665 -0.0005
-0.02369072982839321 -0.001671696359015298 -0.0005
0.02369054223745685 0.00167348426876022 -0.0005
-0.02277391918227137 -0.001720652869480493 -0.0005
-0.02232806268466039 -0.0009572527701792018 -0.0005
-0.02143628428405555 -0.0009505037167184077 -0.0005
-0.02184867876766297 -0.0002056298079550723 -0.0005
-0.0209909906276002 -0.0001781014301650327 -0.0005
-0.0214025930877064 0.000566178802021423 -0.0005
-0.02268830636087831 -0.0002188226309422136 -0.0005
-0.02054958574217 0.0005470248023939497 -0.0005
-0.02010297212439253 -0.0001757381517589656 -0.0005
-0.01966446790067434 0.0005501036237219481 -0.0005
-0.01921243926106395 -0.0001692582441270208 -0.0005
-0.01877392094578378 0.000607751972671023 -0.0005
-0.01832040227804217 -0.0001578449198833835 -0.0005
-0.01788114985641287 0.0005722221009809979 -0.0005
-0.01742775827238566 -0.0001561385401077445 -0.0005
-0.0169883968894584 0.0005723495071784935 -0.0005
-0.01653497473358975 -0.0001528174837676119 -0.0005
-0.01609626939698865 0.0006458395911977556 -0.0005
-0.01564228734289394 -0.0001342746338125519 -0.0005
-0.01697313289391117 -0.0009428177668529539 -0.0005
-0.01519986181426433 0.0006979303630336185 -0.0005
-0.01474897277645303 -0.0001090479436260138 -0.0005
-0.014307040346265 0.0007064406672932428 -0.0005
-0.01385594514748194 -0.0001110280833549623 -0.0005
-0.01341799092757055 0.0006905982095075931 -0.0005
-0.01296372247792598 -0.0001082511784566161 -0.0005
-0.01431255437448941 -0.0008997951964833779 -0.0005
-0.01252134625423269 0.0007182210881629989 -0.0005
-0.01207049673354023 -8.40865667124895e-05 -0.0005
-0.01162229354316326 0.0007295101270762551 -0.0005
-0.01116073953849045 -8.231404758635955e-05 -0.0005
-0.01159840070316339 -0.0008669813878662257 -0.0005
-0.01072494757642136 0.0007354930330792476 -0.0005
-0.01025685247960531 -7.085066402977796e-05 -0.0005
-0.009829517860077623 0.0007435723785146888 -0.0005
-0.009377589862108533 -5.196155355235905e-05 -0.0005
-0.00893865458092276 0.0007564568755993973 -0.0005
-0.008499888500450383 -5.406852439046859e-05 -0.0005
-0.00805367395017267 0.0007568437606992966 -0.0005
-0.007604144113022166 -6.154873495622195e-05 -0.0005
-0.007166069930235034 0.0007440706981817984 -0.0005
-0.006713213907255611 -5.943745348436748e-05 -0.0005
-0.006270994605176786 0.0007716705435873764 -0.0005
-0.005820335975723169 -4.873779552435936e-05 -0.0005
-0.00537676606986544 0.0007744976826099074 -0.0005
-0.004927237103967659 -4.461371651707916e-05 -0.0005
-0.005398540800283187 -0.0008950246015589042 -0.0005
-0.004487640679664497 0.0007661226027014788 -0.0005
-0.00403498938371767 -3.957441298805307e-05 -0.0005
-0.003592528819903368 0.0007923223120333383 -0.0005
-0.003142134997172715 -2.812272839300184e-06 -0.0005
-0.002697851461106404 0.0007996662134210846 -0.0005
-0.002259862640238903 1.641747545144494e-05 -0.0005
-0.002701451373765633 -0.0007634874064928696 -0.0005
-0.001810477619424774 0.0007968978417790411 -0.0005
-0.001393582622880707 4.182298524312691e-06 -0.0005
-0.0009205505091352414 0.0008151722464331237 -0.0005
-0.0004948111477176198 4.805702551416398e-06 -0.0005
4.332847386786547e-06 0.0008286122924288146 -0.0005
0.0004542034221276861 4.672500413516184e-05 -0.0005
-3.449301534218498e-05 -0.0007886082461226109 -0.0005
0.0008850735837076459 -0.0007933323445775883 -0.0005
0.001364367306962732 3.982155290236866e-05 -0.0005
0.001784996427401197 -0.0007714613408120858 -0.0005
0.002235268376135568 3.496290260946268e-05 -0.0005
0.002673242585554457 -0.0007485923963490101 -0.0005
0.003111186728135401 5.075976002445667e-05 -0.0005
0.002673364552855438 0.000822721199789733 -0.0005
0.003565263995417396 -0.0007737250758211629 -0.0005
0.004001053698415646 5.495159340323391e-05 -0.0005
0.004457220296039796 -0.0007520015661898033 -0.0005
0.004893234586869096 6.501862095982423e-05 -0.0005
0.005347398988815763 -0.0007315626879992723 -0.0005
0.005785542650875582 7.193737005206878e-05 -0.0005
0.005342643402192583 0.0008606666298401547 -0.0005
0.006242953172531479 -0.0007620972000587665 -0.0005
0.006674655462429112 8.30831719339018e-05 -0.0005
0.007135212215551434 -0.0007316487161310451 -0.0005
0.007570790762460007 0.0001011221725793411 -0.0005
0.008025410216160699 -0.0007088837466035668 -0.0005
0.008463770657013573 0.0001094572828457581 -0.0005
0.008917816875324282 -0.0006979525962496995 -0.0005
0.009356545425936242 0.0001184161300040901 -0.0005
0.009809849518361346 -0.0006027947557789949 -0.0005
0.01024918347166118 0.0001349506677913492 -0.0005
0.0107025049764582 -0.0005784315556810791 -0.0005
0.01114194273226799 0.0001475147611604545 -0.0005
0.01159530064612272 -0.0005682074653854491 -0.0005
0.01203474556394988 0.0001570605954928235 -0.0005
0.01158099396369794 0.0009131207645435077 -0.0005
0.01248844830764888 -0.0005941592719569455 -0.0005
0.01292761432278769 0.0001600740705078924 -0.0005
0.01338099856239568 -0.0005580762360678053 -0.0005
0.01382039450168818 0.0001723379593801916 -0.0005
0.01427378007767918 -0.0005459378068627662 -0.0005
0.0147131984606886 0.0001821528161146596 -0.0005
0.01425944050856207 0.0009389858812906964 -0.0005
0.01516690912773079 -0.0005697856503176365 -0.0005
0.01560607834872663 0.0001841075509072099 -0.0005
0.01605947452413639 -0.000535263137496754 -0.0005
0.01649886290610376 0.0001959348958976655 -0.0005
0.01695225919309013 -0.0005234472299056833 -0.0005
0.01739168213013527 0.0002041724784531507 -0.0005
0.01784537119129611 -0.0005455276829454917 -0.0005
0.01828457694191622 0.000204582639567851 -0.0005
0.01873795630648428 -0.000513047069610148 -0.0005
0.01917738707986842 0.000213761157402022 -0.0005
0.01694919052474203 0.0009617153909783891 -0.0005
0.01963074843220127 -0.0005020033058123135 -0.0005
0.02007020797182514 0.0002218260507326717 -0.0005
0.02052364983003915 -0.0004930186683535729 -0.0005
0.02096302348677958 0.0002304477563150978 -0.0005
0.02141660688110411 -0.000528799583700162 -0.0005
0.02186035925509032 0.0002313055585766659 -0.0005
0.02227565823987452 -0.0004981303109367654 -0.0005
0.02273263840855596 0.0002306101944992319 -0.0005
0.02301364366769012 -0.0005376155972569614 -0.0005
-0.02101301888880676 0.001370516696674351 -0.0005
0.02196388368169683 -0.001201648393381487 -0.0005
-0.01833567463406604 0.001397363608366902 -0.0005
-0.007150663780933254 -0.0008832362391775023 -0.0005
-0.01576521109167913 0.001634359951983115 -0.0005
0.0191923256889873 -0.001333197488536837 -0.0005
-0.0129620183810686 0.00157856194293558 -0.0005
-0.008934216271773453 -0.000845436334876878 -0.0005
0.01651387914412378 -0.001359062605284256 -0.0005
0.01383543259925952 -0.00138492772203162 -0.0005
-0.006710376457122158 0.001612897283773538 -0.0005
-0.004031345761716127 0.001625414268446653 -0.0005
-0.001353808431865073 0.001636493772514155 -0.0005
0.008013001830107856 0.0008930450794656005 -0.0005
0.01116684603196704 -0.001341996541334128 -0.0005
0.007587745667678732 -0.001575744107772191 -0.0005
0.00944665819422753 -0.001490490024715332 -0.0005
0.009795362933788363 0.0008958773533788003 -0.0005
0.004909183966796096 -0.001589064615381762 -0.0005
0.002231525595794653 -0.001598357372320343 -0.0005
-0.01116766418741289 0.001615784600449596 -0.0005
-0.009380166095245885 0.001628070215531017 -0.0005
-0.02195929619140786 0.001153214023555053 -0.0005
-0.02267863708742779 0.0008977895545520341 -0.0005
-0.0004723608941443327 -0.001624477919163962 -0.0005
-0.0009372838069452842 -0.0007961371135851486 -0.0005
0.006698952309156462 -0.001640130097670548 -0.0005
-0.01875862388128867 -0.0009438340443589569 -0.0005
0.004019670806833411 -0.001643915591751353 -0.0005
0.000463554242669644 0.001644768654741526 -0.0005
0.001341060870423522 -0.001653013086659425 -0.0005
-0.0231474786711811 -0.0009032722199963077 -0.0005
-0.01385132811889095 0.001601491896957 -0.0005
0.02277422855935234 0.001730441571363258 -0.0005
0.0009133256405167945 0.0008333398337890149 -0.0005
-0.01670363135769823 0.001291771585634415 -0.0005
-0.02098473662578017 -0.001722085295683516 -0.0005
-0.01936351986963186 0.001237285607017473 -0.0005
-0.01965122993682436 -0.000946405330739684 -0.0005
0.02099044288070251 -0.001283183388530086 -0.0005
-0.015188534010745 -0.0008919280217144105 -0.0005
-0.01250879727440395 -0.0008797663098053434 -0.0005
-0.01205535037130032 -0.001680254029605062 -0.0005
-0.01114889810835294 -0.001671237486968458 -0.0005
-0.01070092022285709 -0.0008641455755743665 -0.0005
-0.01341765356254179 -0.0008994304562243062 -0.0005
-0.01385538971632864 -0.001691723951071898 -0.0005
-0.003583593342413586 -0.0008059448437821396 -0.0005
-0.003133583304057441 -0.001632932111863711 -0.0005
-0.004481118618497383 -0.0009193095425673821 -0.0005
-0.004933069100567182 -0.001710875092618161 -0.0005
-0.002249091376382654 -0.001603027172576655 -0.0005
0.01845046078443861 -0.001854817851892423 -0.0005
0.01069571068794156 0.0009131467750586888 -0.0005
0.009371326200278866 0.001693110661669644 -0.0005
0.008907977086033124 0.0009147106339796651 -0.0005
0.007579289263607292 0.001694444676651513 -0.0005
0.007125337628507912 0.0008850017006774933 -0.0005
0.004449690291613108 0.0008696428287826948 -0.0005
0.003556438776258351 0.0008526935980746694 -0.0005
0.003116550707794386 0.001657712183629734 -0.0005
0.01515225602351622 0.0009476075868730459 -0.0005
0.01337543832196178 0.0009385856071048686 -0.0005
0.01247846878054702 0.0009285101772409915 -0.0005
0.01204030834625874 0.001704362373000015 -0.0005
0.01577190754447023 -0.001863823650748616 -0.0005
0.01309346165361669 -0.001871169388055707 -0.0005
-0.01741376583049999 -0.001723996521620379 -0.0005
-0.01651967445854321 -0.001725045016472282 -0.0005
-0.01608088798271876 -0.0009467892143731507 -0.0005
0.01740236021627308 0.001730991137674135 -0.0005
-0.01919979128817954 -0.001722911448361634 -0.0005
-0.01786620909745217 -0.0009418991375267743 -0.0005
0.01918475241296734 0.001730727208315951 -0.0005
0.004907133454703195 0.001698096900086962 -0.0005
0.005797592808961188 0.001664382695861397 -0.0005
0.02097154545635907 0.001735153675285718 -0.0005
-0.007590586820668307 -0.001714955482634275 -0.0005
-0.006264616999093754 -0.0009222490232027668 -0.0005
-0.008041351979743858 -0.0009015640201260612 -0.0005
-0.009372387611575269 -0.001639840102004822 -0.0005
0.01383576070436368 0.00172433149087596 -0.0005
-0.02054311315635835 -0.0009488833679665901 -0.0005
-0.007599612611265807 0.001627425886818697 -0.0005
0.01472441917994607 0.001725401226454687 -0.0005
-0.004921701044507278 0.001637727417579898 -0.0005
-0.002243447518331986 0.001650287247716209 -0.0005
0.02432085975583909 -0.0003806432876301522 -0.0005
-0.02428776429012059 0.0004161701289759778 -0.0005
-0.02349990759126566 0.0008729743186547109 -0.0005
0.02314658889974673 0.0009456756088843365 -0.0005
0.01605343501956255 0.0009560642002261085 -0.0005
0.002221589750029659 0.001610893699562436 -0.0005
0.01650948922498352 0.001729409988714196 -0.0005
0.01783814792241487 0.0009624510581504238 -0.0005
0.01114829110644008 0.001697641088394623 -0.0005
0.0187283112514114 0.0009639293167614915 -0.0005
0.006235955464741401 0.0008775793957122724 -0.0005
0.01962093250984561 0.0009682167223096591 -0.0005
0.02229813831014261 0.0009748247941298989 -0.0005
0.02051259454600987 0.0009716919698855482 -0.0005
0.02140998778053671 0.0009781785770302408 -0.0005
-0.01475479181491567 -0.00167279154827083 -0.0005
0.02362399275194847 -0.001743707960724926 -0.0005
-0.02370202622066411 0.0017850242244769 -0.0005
-0.02356225702283749 -5.34863591512015e-05 -0.0005
0.02436569599707078 0.00122572106356583 -0.0005
-0.02437294006690344 -0.001224394613374705 -0.0005
-0.009807614274299768 -0.0008458158757437955 -0.0005
-0.005816633054777176 -0.001709151958286323 -0.0005
-0.00183044979174119 -0.000777491175447091 -0.0005
0.001794414862685196 0.0008343087853387216 -0.0005
0.02358565594645718 0.0001002455656804694 -0.0005
0.02315120595764559 -0.001199867594167733 -0.0005
0.02373335720026883 -0.0008331094902254354 -0.0005
0.02440540364624708 -0.001921050033804162 -0.0005
-0.02438351024106845 0.001901124918152661 -0.0005
-0.02441058380231229 -0.001908273263431877 -0.0005
0.02440982546958076 0.001908591055262085 -0.0005
0.02172554610943187 -0.001873857065269424 -0.0005
0.02098214285713192 -0.001991952978604933 -0.0005
0.02008253120068183 -0.001054298471542047 -0.0005
0.01919642857141295 -0.00200199521615897 -0.0005
-0.02222366348035138 0.0004326213429426442 -0.0005
0.01817335303126989 -0.001173995054019738 -0.0005
0.01737898508389503 -0.001066817693363852 -0.0005
0.01651785714283431 -0.002016864159746456 -0.0005
-0.02173890944900725 0.0018721397772323 -0.0005
0.01549483594311478 -0.001189764347191716 -0.0005
-0.02098214285713191 0.002023061833113037 -0.0005
0.02382744339594696 0.0008512611007238643 -0.0005
0.01472535066500055 -0.001076262412881805 -0.0005
-0.02382880824848006 -0.00085120869036759 -0.0005
-0.02011793895398827 0.001078242455423104 -0.0005
0.02260181117019826 -0.001061990935457633 -0.0005
0.01383928571425542 -0.002031822921783088 -0.0005
-0.0190813852144905 0.001904998993195572 -0.0005
0.0128164452695116 -0.001203700357731548 -0.0005
-0.02301633057791379 0.0003758916382902196 -0.0005
-0.01830357142855349 0.002038588075684047 -0.0005
0.01202412233675743 -0.001086965333748347 -0.0005
-0.01743986108208093 0.001089115875383777 -0.0005
0.01117628313035879 -0.002012629733201842 -0.0005
-0.01655147587385701 0.001991849371840336 -0.0005
0.01027815942701268 -0.001121416564806296 -0.0005
-0.007589285714329878 -0.0025 -2.103352214621879e-17
-0.004910714285767389 -0.0025 -2.103352214621879e-17
-0.00669642857147576 -0.0025 -1.040834085586084e-17
-0.005803571428621639 -0.0025 -3.903127820947816e-18
-0.02098214285715236 -0.0025 -1.084202172485504e-19
-0.0004464285714940626 -0.0025 0
-0.01830357142858546 -0.0025 8.673617379884035e-19
0.0004464285713629175 -0.0025 -1.192622389734055e-18
-0.02276785714286214 -0.0025 -3.252606517456513e-19
-0.01562500000002127 -0.0025 1.951563910473908e-18
-0.01473214285716666 -0.0025 1.843143693225358e-18
-0.009375000000039067 -0.0025 -2.059984127722458e-18
-0.003125000000058213 -0.0025 -5.746271514173174e-18
-0.01741071428573047 -0.0025 1.843143693225358e-18
-0.01383928571431206 -0.0025 6.505213034913027e-19
-0.01205357142860286 -0.0025 -5.421010862427522e-19
-0.01026785714289366 -0.0025 -2.927345865710862e-18
-0.008482142857184453 -0.0025 0
-0.02366071428571674 -0.0025 1.084202172485504e-18
-0.02441357142954328 -0.0025 2.168404344971009e-19
-0.02187500000000754 -0.0025 0
-0.01651785714287587 -0.0025 1.951563910473908e-18
-0.01116071428574826 -0.0025 -1.734723475976807e-18
-0.004017857142912813 -0.0025 -1.214306433183765e-17
-0.00223214285720361 -0.0025 0
-0.001339285714348971 -0.0025 0
-0.01294642857145746 -0.0025 -2.168404344971009e-19
-0.0200892857142966 -0.0025 -3.252606517456513e-19
-0.01919642857144102 -0.0025 3.252606517456513e-19
0.02008928571427227 -0.0025 1.517883041479706e-18
0.01830357142855343 -0.0025 0
0.02187499999426443 -0.0025 3.252606517456513e-19
0.008482142851441547 -0.0025 -1.084202172485504e-19
0.01651785714283422 -0.0025 0
0.006696428571379684 -0.0025 -1.084202172485504e-19
0.01919642857141303 -0.0025 -9.75781955236954e-19
0.02366071428571052 -0.0025 3.686287386450715e-18
0.0244135714375192 -0.0025 -1.084202172485504e-19
0.001339285714222233 -0.0025 -1.084202172485504e-19
0.02098214285461844 -0.0025 9.75781955236954e-19
0.007589285711688994 -0.0025 -1.084202172485504e-19
0.01741071428569383 -0.0025 0
0.004910714285660533 -0.0025 0
0.003124999999941286 -0.0025 0
0.01383928571425543 -0.0025 1.301042606982605e-18
0.01116071428567742 -0.0025 -1.084202172485504e-19
0.02276785713776968 -0.0025 5.421010862427522e-19
0.01294642857139619 -0.0025 6.505213034913027e-19
0.01205357142853697 -0.0025 0
0.01026785714586947 -0.0025 0
0.01473214285711507 -0.0025 2.168404344971009e-19
0.004017857142800847 -0.0025 0
0.002232142857081693 -0.0025 0
0.00580357142852005 -0.0025 0
0.009374999995262555 -0.0025 0
0.01562499999997466 -0.0025 0
0.025 0.00041666666666129 0
0.025 -0.0004166666666718236 0
0.025 -0.001250000000002666 0
0.025 -0.001965317125193053 3.51762889649887e-14
0.025 0.001249999999996811 0
0.025 0.001965317127289519 -4.214293844451156e-16
0.007589285714329878 0.0025 -2.103352214621879e-17
0.004910714285767389 0.0025 -2.103352214621879e-17
0.00669642857147576 0.0025 -1.040834085586084e-17
0.005803571428621639 0.0025 -3.903127820947816e-18
0.02098214285715236 0.0025 -1.084202172485504e-19
0.0004464285714940626 0.0025 0
0.01830357142858546 0.0025 8.673617379884035e-19
-0.0004464285713629175 0.0025 -1.192622389734055e-18
0.02276785714286214 0.0025 -3.252606517456513e-19
0.01562500000002127 0.0025 1.951563910473908e-18
0.01473214285716666 0.0025 1.843143693225358e-18
0.009375000000039067 0.0025 -2.059984127722458e-18
0.003125000000058213 0.0025 -5.746271514173174e-18
0.01741071428573047 0.0025 1.843143693225358e-18
0.01383928571431206 0.0025 6.505213034913027e-19
0.01205357142860286 0.0025 -5.421010862427522e-19
0.02366071428571674 0.0025 -3.252606517456513e-19
0.02441357142954328 0.0025 3.252606517456513e-19
0.01026785714289366 0.0025 -2.927345865710862e-18
0.008482142857184453 0.0025 0
0.02187500000000754 0.0025 0
0.01651785714287587 0.0025 1.951563910473908e-18
0.01116071428574826 0.0025 -1.734723475976807e-18
0.004017857142912813 0.0025 -1.214306433183765e-17
0.00223214285720361 0.0025 0
0.001339285714348971 0.0025 0
0.01294642857145746 0.0025 -2.168404344971009e-19
0.0200892857142966 0.0025 -3.252606517456513e-19
0.01919642857144102 0.0025 3.252606517456513e-19
-0.02008928571427227 0.0025 1.517883041479706e-18
-0.01830357142855343 0.0025 0
-0.02187499999426443 0.0025 3.252606517456513e-19
-0.008482142851441547 0.0025 -1.084202172485504e-19
-0.01651785714283422 0.0025 0
-0.006696428571379684 0.0025 0
-0.01919642857141303 0.0025 -9.75781955236954e-19
-0.02366071428571052 0.0025 4.98732999343332e-18
-0.0244135714375192 0.0025 0
-0.001339285714222233 0.0025 -1.084202172485504e-19
-0.02098214285461844 0.0025 9.75781955236954e-19
-0.007589285711688994 0.0025 -1.084202172485504e-19
-0.01741071428569383 0.0025 0
-0.004910714285660523 0.0025 2.38524477946811e-18
-0.003124999999941279 0.0025 0
-0.01383928571425543 0.0025 1.301042606982605e-18
-0.01116071428567742 0.0025 -1.084202172485504e-19
-0.02276785713776968 0.0025 6.505213034913027e-19
-0.01294642857139619 0.0025 6.505213034913027e-19
-0.01205357142853697 0.0025 0
-0.01026785714586947 0.0025 0
-0.01473214285711507 0.0025 2.168404344971009e-19
-0.00401785714280084 0.0025 0
-0.002232142857081669 0.0025 1.084202172485504e-19
-0.005803571428520043 0.0025 -1.192622389734055e-18
-0.009374999995262555 0.0025 0
-0.01562499999997466 0.0025 0
-0.025 -0.0004166666666612895 4.336808689942018e-19
-0.025 0.0004166666666718236 0
-0.025 0.001250000000002666 0
-0.025 0.001965317125193053 3.51762889649887e-14
-0.025 -0.001249999999996811 0
-0.025 -0.001965317127289519 -4.214293844451156e-16
-0.02187500000000756 -0.001726763032337524 0.0005
0.02187271362095559 0.001737801216166479 0.0005
0.01829481417278163 0.001728313361485718 0.0005
-0.01830357142858541 -0.00172676303233723 0.0005
-0.01562500000002126 -0.001726763032337525 0.0005
0.01561623530357169 0.001727689203406545 0.0005
-0.01295435963934941 -0.001708441247116456 0.0005
0.01293208540576747 0.001711587491619444 0.0005
-0.006696428571475594 -0.00172676303233811 0.0005
0.006689960835482033 0.001700404805908619 0.0005
-0.01025394268705336 -0.001679826110413733 0.0005
0.01026362195589959 0.001714461298881875 0.0005
-0.004031208438133531 -0.001688041998412565 0.0005
0.004004841447327272 0.001674931681853155 0.0005
0.001358573549610983 0.001664113523379315 0.0005
-0.001366989969568324 -0.001646903490316761 0.0005
0.02008928571427239 -0.001726763032334417 0.0005
-0.02009268821186575 0.001756756668105009 0.0005
0.008479647396011321 -0.001628093967232786 0.0005
-0.00848898390158675 0.001650743578257551 0.0005
0.0004446553564810605 -0.001622620055717813 0.0005
0.003123059056031137 -0.001605183270571969 0.0005
-0.003134261883432279 0.001668665658582972 0.0005
0.005802467761635182 -0.00163011586368729 0.0005
-0.005813025184476704 0.001660329951721354 0.0005
0.01205357142853691 -0.001726763032333666 0.0005
-0.0120634752045662 0.001612055981727606 0.0005
-0.0147423476299307 0.001633350562005585 0.0005
0.01473149465322694 -0.001734388626421228 0.0005
0.01741006285969524 -0.001732055894664092 0.0005
-0.01741419254314798 0.001760273083233239 0.0005
0.02266680723707724 -0.00176635763110004 0.0005
-0.02272899875671424 0.00168604611005136 0.0005
-0.00045648663069623 0.001657149556100387 0.0005
-0.008482142857184462 -0.001726763032337524 0.0005
0.008477741054954226 0.001709575425496214 0.0005
-0.02009246533949727 -0.001720466282733934 0.0005
0.02008052873356218 0.001731158845786233 0.0005
0.01041430007440536 -0.001829997887127095 0.0005
-0.01027384022897158 0.001617648460814467 0.0005
0.02429016774272511 0.0004257642738802576 0.0005
-0.02433207971825159 -0.0004196458928347009 0.0005
0.02433966943250361 -0.001234725772930856 0.0005
-0.02427831216351522 0.001250000000002665 0.0005
-0.02369072982839321 -0.001671696359015298 0.0005
0.02369054223745685 0.00167348426876022 0.0005
-0.02277391918227137 -0.001720652869480493 0.0005
-0.02232806268466039 -0.0009572527701792018 0.0005
-0.02143628428405555 -0.0009505037167184077 0.0005
-0.02184867876766297 -0.0002056298079550723 0.0005
-0.0209909906276002 -0.0001781014301650327 0.0005
-0.0214025930877064 0.000566178802021423 0.0005
-0.02268830636087831 -0.0002188226309422136 0.0005
-0.02054958574217 0.0005470248023939497 0.0005
-0.02010297212439253 -0.0001757381517589656 0.0005
-0.01966446790067434 0.0005501036237219481 0.0005
-0.01921243926106395 -0.0001692582441270208 0.0005
-0.01877392094578378 0.000607751972671023 0.0005
-0.01832040227804217 -0.0001578449198833835 0.0005
-0.01788114985641287 0.0005722221009809979 0.0005
-0.01742775827238566 -0.0001561385401077445 0.0005
-0.0169883968894584 0.0005723495071784935 0.0005
-0.01653497473358975 -0.0001528174837676119 0.0005
-0.01609626939698865 0.0006458395911977556 0.0005
-0.01564228734289394 -0.0001342746338125519 0.0005
-0.01697313289391117 -0.0009428177668529539 0.0005
-0.01519986181426433 0.0006979303630336185 0.0005
-0.01474897277645303 -0.0001090479436260138 0.0005
-0.014307040346265 0.0007064406672932428 0.0005
-0.01385594514748194 -0.0001110280833549623 0.0005
-0.01341799092757055 0.0006905982095075931 0.0005
-0.01296372247792598 -0.0001082511784566161 0.0005
-0.01431255437448941 -0.0008997951964833779 0.0005
-0.01252134625423269 0.0007182210881629989 0.0005
-0.01207049673354023 -8.40865667124895e-05 0.0005
-0.01162229354316326 0.0007295101270762551 0.0005
-0.01116073953849045 -8.231404758635955e-05 0.0005
-0.01159840070316339 -0.0008669813878662257 0.0005
-0.01072494757642136 0.0007354930330792476 0.0005
-0.01025685247960531 -7.085066402977796e-05 0.0005
-0.009829517860077623 0.0007435723785146888 0.0005
-0.009377589862108533 -5.196155355235905e-05 0.0005
-0.00893865458092276 0.0007564568755993973 0.0005
-0.008499888500450383 -5.406852439046859e-05 0.0005
-0.00805367395017267 0.0007568437606992966 0.0005
-0.007604144113022166 -6.154873495622195e-05 0.0005
-0.007166069930235034 0.0007440706981817984 0.0005
-0.006713213907255611 -5.943745348436748e-05 0.0005
-0.006270994605176786 0.0007716705435873764 0.0005
-0.005820335975723169 -4.873779552435936e-05 0.0005
-0.00537676606986544 0.0007744976826099074 0.0005
-0.004927237103967659 -4.461371651707916e-05 0.0005
-0.005398540800283187 -0.0008950246015589042 0.0005
-0.004487640679664497 0.0007661226027014788 0.0005
-0.00403498938371767 -3.957441298805307e-05 0.0005
-0.003592528819903368 0.0007923223120333383 0.0005
-0.003142134997172715 -2.812272839300184e-06 0.0005
-0.002697851461106404 0.0007996662134210846 0.0005
-0.002259862640238903 1.641747545144494e-05 0.0005
-0.002701451373765633 -0.0007634874064928696 0.0005
-0.001810477619424774 0.0007968978417790411 0.0005
-0.001393582622880707 4.182298524312691e-06 0.0005
-0.0009205505091352414 0.0008151722464331237 0.0005
-0.0004948111477176198 4.805702551416398e-06 0.0005
4.332847386786547e-06 0.0008286122924288146 0.0005
0.0004542034221276861 4.672500413516184e-05 0.0005
-3.449301534218498e-05 -0.0007886082461226109 0.0005
0.0008850735837076459 -0.0007933323445775883 0.0005
0.001364367306962732 3.982155290236866e-05 0.0005
0.001784996427401197 -0.0007714613408120858 0.0005
0.002235268376135568 3.496290260946268e-05 0.0005
0.002673242585554457 -0.0007485923963490101 0.0005
0.003111186728135401 5.075976002445667e-05 0.0005
0.002673364552855438 0.000822721199789733 0.0005
0.003565263995417396 -0.0007737250758211629 0.0005
0.004001053698415646 5.495159340323391e-05 0.0005
0.004457220296039796 -0.0007520015661898033 0.0005
0.004893234586869096 6.501862095982423e-05 0.0005
0.005347398988815763 -0.0007315626879992723 0.0005
0.005785542650875582 7.193737005206878e-05 0.0005
0.005342643402192583 0.0008606666298401547 0.0005
0.006242953172531479 -0.0007620972000587665 0.0005
0.006674655462429112 8.30831719339018e-05 0.0005
0.007135212215551434 -0.0007316487161310451 0.0005
0.007570790762460007 0.0001011221725793411 0.0005
0.008025410216160699 -0.0007088837466035668 0.0005
0.008463770657013573 0.0001094572828457581 0.0005
0.008917816875324282 -0.0006979525962496995 0.0005
0.009356545425936242 0.0001184161300040901 0.0005
0.009809849518361346 -0.0006027947557789949 0.0005
0.01024918347166118 0.0001349506677913492 0.0005
0.0107025049764582 -0.0005784315556810791 0.0005
0.01114194273226799 0.0001475147611604545 0.0005
0.01159530064612272 -0.0005682074653854491 0.0005
0.01203474556394988 0.0001570605954928235 0.0005
0.01158099396369794 0.0009131207645435077 0.0005
0.01248844830764888 -0.0005941592719569455 0.0005
0.01292761432278769 0.0001600740705078924 0.0005
0.01338099856239568 -0.0005580762360678053 0.0005
0.01382039450168818 0.0001723379593801916 0.0005
0.01427378007767918 -0.0005459378068627662 0.0005
0.0147131984606886 0.0001821528161146596 0.0005
0.01425944050856207 0.0009389858812906964 0.0005
0.01516690912773079 -0.0005697856503176365 0.0005
0.01560607834872663 0.0001841075509072099 0.0005
0.01605947452413639 -0.000535263137496754 0.0005
0.01649886290610376 0.0001959348958976655 0.0005
0.01695225919309013 -0.0005234472299056833 0.0005
0.01739168213013527 0.0002041724784531507 0.0005
0.01784537119129611 -0.0005455276829454917 0.0005
0.01828457694191622 0.000204582639567851 0.0005
0.01873795630648428 -0.000513047069610148 0.0005
0.01917738707986842 0.000213761157402022 0.0005
0.01694919052474203 0.0009617153909783891 0.0005
0.01963074843220127 -0.0005020033058123135 0.0005
0.02007020797182514 0.0002218260507326717 0.0005
0.02052364983003915 -0.0004930186683535729 0.0005
0.02096302348677958 0.0002304477563150978 0.0005
0.02141660688110411 -0.000528799583700162 0.0005
0.02186035925509032 0.0002313055585766659 0.0005
0.02227565823987452 -0.0004981303109367654 0.0005
0.02273263840855596 0.0002306101944992319 0.0005
0.02301364366769012 -0.0005376155972569614 0.0005
-0.02101301888880676 0.001370516696674351 0.0005
0.02196388368169683 -0.001201648393381487 0.0005
-0.01833567463406604 0.001397363608366902 0.0005
-0.007150663780933254 -0.0008832362391775023 0.0005
-0.01576521109167913 0.001634359951983115 0.0005
0.0191923256889873 -0.001333197488536837 0.0005
-0.0129620183810686 0.00157856194293558 0.0005
-0.008934216271773453 -0.000845436334876878 0.0005
0.01651387914412378 -0.001359062605284256 0.0005
0.01383543259925952 -0.00138492772203162 0.0005
-0.006710376457122158 0.001612897283773538 0.0005
-0.004031345761716127 0.001625414268446653 0.0005
-0.001353808431865073 0.001636493772514155 0.0005
0.008013001830107856 0.0008930450794656005 0.0005
0.01116684603196704 -0.001341996541334128 0.0005
0.007587745667678732 -0.001575744107772191 0.0005
0.00944665819422753 -0.001490490024715332 0.0005
0.009795362933788363 0.0008958773533788003 0.0005
0.004909183966796096 -0.001589064615381762 0.0005
0.002231525595794653 -0.001598357372320343 0.0005
-0.01116766418741289 0.001615784600449596 0.0005
-0.009380166095245885 0.001628070215531017 0.0005
-0.02195929619140786 0.001153214023555053 0.0005
-0.02267863708742779 0.0008977895545520341 0.0005
-0.0004723608941443327 -0.001624477919163962 0.0005
-0.0009372838069452842 -0.0007961371135851486 0.0005
0.006698952309156462 -0.001640130097670548 0.0005
-0.01875862388128867 -0.0009438340443589569 0.0005
0.004019670806833411 -0.001643915591751353 0.0005
0.000463554242669644 0.001644768654741526 0.0005
0.001341060870423522 -0.001653013086659425 0.0005
-0.0231474786711811 -0.0009032722199963077 0.0005
-0.01385132811889095 0.001601491896957 0.0005
0.02277422855935234 0.001730441571363258 0.0005
0.0009133256405167945 0.0008333398337890149 0.0005
-0.01670363135769823 0.001291771585634415 0.0005
-0.02098473662578017 -0.001722085295683516 0.0005
-0.01936351986963186 0.001237285607017473 0.0005
-0.01965122993682436 -0.000946405330739684 0.0005
0.02099044288070251 -0.001283183388530086 0.0005
-0.015188534010745 -0.0008919280217144105 0.0005
-0.01250879727440395 -0.0008797663098053434 0.0005
-0.01205535037130032 -0.001680254029605062 0.0005
-0.01114889810835294 -0.001671237486968458 0.0005
-0.01070092022285709 -0.0008641455755743665 0.0005
-0.01341765356254179 -0.0008994304562243062 0.0005
-0.01385538971632864 -0.001691723951071898 0.0005
-0.003583593342413586 -0.0008059448437821396 0.0005
-0.003133583304057441 -0.001632932111863711 0.0005
-0.004481118618497383 -0.0009193095425673821 0.0005
-0.004933069100567182 -0.001710875092618161 0.0005
-0.002249091376382654 -0.001603027172576655 0.0005
0.01845046078443861 -0.001854817851892423 0.0005
0.01069571068794156 0.0009131467750586888 0.0005
0.009371326200278866 0.001693110661669644 0.0005
0.008907977086033124 0.0009147106339796651 0.0005
0.007579289263607292 0.001694444676651513 0.0005
0.007125337628507912 0.0008850017006774933 0.0005
0.004449690291613108 0.0008696428287826948 0.0005
0.003556438776258351 0.0008526935980746694 0.0005
0.003116550707794386 0.001657712183629734 0.0005
0.01515225602351622 0.0009476075868730459 0.0005
0.01337543832196178 0.0009385856071048686 0.0005
0.01247846878054702 0.0009285101772409915 0.0005
0.01204030834625874 0.001704362373000015 0.0005
0.01577190754447023 -0.001863823650748616 0.0005
0.01309346165361669 -0.001871169388055707 0.0005
-0.01741376583049999 -0.001723996521620379 0.0005
-0.01651967445854321 -0.001725045016472282 0.0005
-0.01608088798271876 -0.0009467892143731507 0.0005
0.01740236021627308 0.001730991137674135 0.0005
-0.01919979128817954 -0.001722911448361634 0.0005
-0.01786620909745217 -0.0009418991375267743 0.0005
0.01918475241296734 0.001730727208315951 0.0005
0.004907133454703195 0.001698096900086962 0.0005
0.005797592808961188 0.001664382695861397 0.0005
0.02097154545635907 0.001735153675285718 0.0005
-0.007590586820668307 -0.001714955482634275 0.0005
-0.006264616999093754 -0.0009222490232027668 0.0005
-0.008041351979743858 -0.0009015640201260612 0.0005
-0.009372387611575269 -0.001639840102004822 0.0005
0.01383576070436368 0.00172433149087596 0.0005
-0.02054311315635835 -0.0009488833679665901 0.0005
-0.007599612611265807 0.001627425886818697 0.0005
0.01472441917994607 0.001725401226454687 0.0005
-0.004921701044507278 0.001637727417579898 0.0005
-0.002243447518331986 0.001650287247716209 0.0005
0.02432085975583909 -0.0003806432876301522 0.0005
-0.02428776429012059 0.0004161701289759778 0.0005
-0.02349990759126566 0.0008729743186547109 0.0005
0.02314658889974673 0.0009456756088843365 0.0005
0.01605343501956255 0.0009560642002261085 0.0005
0.002221589750029659 0.001610893699562436 0.0005
0.01650948922498352 0.001729409988714196 0.0005
0.01783814792241487 0.0009624510581504238 0.0005
0.01114829110644008 0.001697641088394623 0.0005
0.0187283112514114 0.0009639293167614915 0.0005
0.006235955464741401 0.0008775793957122724 0.0005
0.01962093250984561 0.0009682167223096591 0.0005
0.02229813831014261 0.0009748247941298989 0.0005
0.02051259454600987 0.0009716919698855482 0.0005
0.02140998778053671 0.0009781785770302408 0.0005
-0.01475479181491567 -0.00167279154827083 0.0005
0.02362399275194847 -0.001743707960724926 0.0005
-0.02370202622066411 0.0017850242244769 0.0005
-0.02356225702283749 -5.34863591512015e-05 0.0005
0.02436569599707078 0.00122572106356583 0.0005
-0.02437294006690344 -0.001224394613374705 0.0005
-0.009807614274299768 -0.0008458158757437955 0.0005
-0.005816633054777176 -0.001709151958286323 0.0005
-0.00183044979174119 -0.000777491175447091 0.0005
0.001794414862685196 0.0008343087853387216 0.0005
0.02358565594645718 0.0001002455656804694 0.0005
0.02315120595764559 -0.001199867594167733 0.0005
0.02373335720026883 -0.0008331094902254354 0.0005
0.02440540364624708 -0.001921050033804162 0.0005
-0.02438351024106845 0.001901124918152661 0.0005
-0.02441058380231229 -0.001908273263431877 0.0005
0.02440982546958076 0.001908591055262085 0.0005
0.02172554610943187 -0.001873857065269424 0.0005
0.02098214285713192 -0.001991952978604933 0.0005
0.02008253120068183 -0.001054298471542047 0.0005
0.01919642857141295 -0.00200199521615897 0.0005
-0.02222366348035138 0.0004326213429426442 0.0005
0.01817335303126989 -0.001173995054019738 0.0005
0.01737898508389503 -0.001066817693363852 0.0005
0.01651785714283431 -0.002016864159746456 0.0005
-0.02173890944900725 0.0018721397772323 0.0005
0.01549483594311478 -0.001189764347191716 0.0005
-0.02098214285713191 0.002023061833113037 0.0005
0.02382744339594696 0.0008512611007238643 0.0005
0.01472535066500055 -0.001076262412881805 0.0005
-0.02382880824848006 -0.00085120869036759 0.0005
-0.02011793895398827 0.001078242455423104 0.0005
0.02260181117019826 -0.001061990935457633 0.0005
0.01383928571425542 -0.002031822921783088 0.0005
-0.0190813852144905 0.001904998993195572 0.0005
0.0128164452695116 -0.001203700357731548 0.0005
-0.02301633057791379 0.0003758916382902196 0.0005
-0.01830357142855349 0.002038588075684047 0.0005
0.01202412233675743 -0.001086965333748347 0.0005
-0.01743986108208093 0.001089115875383777 0.0005
0.01117628313035879 -0.002012629733201842 0.0005
-0.01655147587385701 0.001991849371840336 0.0005
0.01027815942701268 -0.001121416564806296 0.0005
0.01961591735330451 -2.93094655497672e-05 -1.78808181338335e-05
0.01562163811458352 -0.0002999954824217552 1.416405009994535e-05
0.01961670627775306 0.001002827477244781 0
0.0156427461821518 -0.001316640140935308 0
0.01875206422365975 -0.0005570965966779044 0
0.01647256175092755 0.0002276582842265655 0
0.01475918888120194 0.000172588022643701 0
0.02044960157971634 -0.0005038352500864156 -1.084202172485504e-19

CELLS 2637 13185
4 846 960 981 549
4 715 981 960 549
4 283 528 960 518
4 844 846 981 549
4 960 414 528 549
4 960 283 549 528
4 848 981 715 549
4 843 845 844 412
4 538 553 304 985
4 529 960 528 518
4 734 497 300 302
4 845 411 413 412
4 497 734 300 929
4 734 300 929 732
4 306 302 497 734
4 412 844 843 410
4 738 306 497 734
4 497 738 734 929
4 300 451 497 929
4 686 941 917 509
4 299 300 731 684
4 300 929 732 883
4 735 970 538 733
4 497 738 885 306
4 738 497 885 929
4 300 732 731 684
4 521 616 953 292
4 941 837 917 509
4 686 485 509 917
4 485 917 837 509
4 306 740 738 885
4 686 943 941 509
4 485 686 509 254
4 929 300 451 883
4 509 254 943 511
4 405 485 837 509
4 306 497 453 885
4 940 917 837 485
4 300 299 252 684
4 885 497 288 929
4 451 929 288 497
4 300 732 684 883
4 400 941 402 509
4 834 832 941 400
4 402 834 941 400
4 485 837 508 405
4 943 686 254 509
4 740 306 308 885
4 943 254 488 511
4 306 453 308 885
4 402 941 943 509
4 943 402 509 511
4 941 402 943 834
4 508 940 837 485
4 506 508 837 405
4 411 514 845 413
4 300 252 451 883
4 288 453 497 885
4 929 451 288 883
4 252 300 684 883
4 254 920 943 488
4 885 288 486 918
4 288 486 453 885
4 920 254 943 686
4 908 396 938 828
4 837 940 508 506
4 821 818 478 386
4 836 511 402 943
4 511 836 402 404
4 929 288 885 720
4 834 943 836 402
4 288 929 883 720
4 842 409 843 410
4 885 288 918 720
4 941 400 837 509
4 918 486 874 687
4 816 382 900 384
4 486 874 885 918
4 874 453 486 885
4 400 941 837 832
4 821 391 477 823
4 940 837 938 506
4 874 740 308 885
4 874 308 453 885
4 409 411 843 410
4 409 842 843 841
4 386 478 821 389
4 837 400 405 509
4 733 301 300 731
4 382 816 900 814
4 740 308 310 874
4 400 834 832 401
4 400 402 834 401
4 845 843 411 412
4 833 832 834 401
4 299 300 301 731
4 724 953 616 292
4 391 821 477 389
4 506 396 938 476
4 732 733 300 731
4 821 386 820 818
4 255 874 486 687
4 874 255 486 442
4 820 386 389 388
4 442 453 486 874
4 515 923 948 516
4 948 947 923 515
4 253 946 948 514
4 453 442 308 874
4 299 731 730 684
4 508 940 689 506
4 821 818 910 478
4 506 689 476 938
4 923 289 515 721
4 253 948 923 516
4 386 821 820 389
4 396 908 938 476
4 442 310 308 874
4 477 821 478 389
4 970 985 538 736
4 721 923 947 515
4 515 491 923 516
4 309 308 310 740
4 742 740 310 874
4 818 816 819 384
4 384 387 818 386
4 940 938 689 506
4 948 253 514 516
4 483 914 749 482
4 914 483 749 915
4 482 919 687 914
4 442 310 874 919
4 310 442 487 919
4 310 742 874 919
4 923 491 253 516
4 919 874 255 687
4 874 255 442 919
4 923 685 948 253
4 299 298 252 684
4 255 487 442 919
4 553 538 438 985
4 289 923 515 491
4 482 749 919 914
4 255 482 919 687
4 478 818 387 386
4 689 938 908 476
4 689 506 476 257
4 255 482 487 919
4 514 843 845 946
4 844 842 843 410
4 382 468 900 384
4 685 946 948 253
4 946 253 880 514
4 386 817 820 818
4 310 744 742 919
4 312 310 487 919
4 839 515 841 407
4 309 741 740 742
4 823 821 909 477
4 317 482 483 749
4 817 386 820 385
4 386 820 385 388
4 487 317 312 919
4 317 487 482 919
4 909 821 910 478
4 846 844 845 414
4 257 508 689 506
4 309 307 308 739
4 948 843 841 409
4 843 516 411 409
4 843 948 516 409
4 310 312 744 919
4 749 744 317 919
4 744 312 317 919
4 843 411 412 410
4 740 310 309 742
4 843 514 845 411
4 749 317 482 919
4 515 841 407 409
4 515 839 841 947
4 412 845 844 414
4 515 948 841 409
4 947 948 841 515
4 948 515 516 409
4 843 948 946 514
4 821 477 478 909
4 739 308 309 740
4 300 302 301 733
4 253 946 880 685
4 734 300 733 302
4 725 679 293 678
4 303 301 302 733
4 734 303 302 733
4 317 314 744 749
4 317 314 312 744
4 516 514 843 411
4 843 948 514 516
4 300 734 733 732
4 909 910 691 478
4 734 735 303 733
4 818 478 387 910
4 309 741 739 740
4 387 910 478 479
4 259 496 928 477
4 909 259 928 477
4 391 823 826 477
4 292 934 724 527
4 744 314 746 749
4 816 900 819 384
4 259 909 928 691
4 478 259 909 477
4 298 299 730 684
4 908 499 689 476
4 689 476 499 257
4 387 818 819 384
4 412 413 845 414
4 499 908 826 476
4 259 909 691 478
4 953 620 616 521
4 483 916 749 915
4 314 317 916 749
4 816 818 817 384
4 384 818 817 386
4 981 848 844 549
4 816 817 815 384
4 817 384 386 385
4 387 818 910 819
4 384 817 383 385
4 846 845 527 414
4 817 815 384 383
4 479 691 910 478
4 387 910 479 819
4 499 908 689 931
4 916 317 483 749
4 928 496 499 394
4 908 826 931 499
4 394 499 826 476
4 307 306 308 739
4 253 448 880 514
4 528 414 960 529
4 739 306 740 738
4 954 725 522 678
4 382 816 815 384
4 916 746 314 749
4 545 521 953 292
4 928 826 909 477
4 477 496 928 394
4 815 382 384 383
4 928 931 826 499
4 499 826 928 394
4 910 819 911 479
4 684 568 252 580
4 564 684 252 580
4 870 438 538 985
4 588 918 486 587
4 538 970 736 733
4 288 720 564 587
4 883 451 288 564
4 928 826 477 394
4 301 303 538 733
4 739 306 308 740
4 635 686 917 485
4 814 816 815 382
4 918 288 486 587
4 479 259 691 478
4 720 883 288 564
4 382 900 432 814
4 953 297 521 545
4 735 538 303 733
4 564 252 883 451
4 288 918 720 587
4 909 826 823 477
4 684 564 252 883
4 485 635 686 254
4 468 387 900 384
4 917 940 643 485
4 299 736 301 304
4 721 488 650 289
4 488 721 650 920
4 314 317 484 916
4 935 293 952 725
4 687 918 486 588
4 477 826 391 394
4 733 736 301 731
4 910 911 691 479
4 508 643 940 485
4 387 819 900 384
4 413 527 845 414
4 736 299 301 731
4 575 582 457 889
4 317 916 483 484
4 263 900 432 468
4 538 870 985 970
4 642 630 685 253
4 861 385 383 817
4 573 581 483 915
4 815 817 861 383
4 643 635 917 485
4 566 573 482 914
4 628 920 254 488
4 920 686 628 254
4 687 255 566 588
4 553 520 304 985
4 387 900 510 468
4 934 724 616 292
4 960 846 414 549
4 954 522 682 678
4 486 255 687 588
4 510 479 819 387
4 635 628 686 254
4 900 382 432 468
4 314 748 746 916
4 285 629 717 627
4 545 953 724 292
4 510 819 900 387
4 650 649 721 289
4 568 252 298 684
4 573 483 482 914
4 479 819 911 510
4 914 573 483 915
4 940 631 643 508
4 902 470 380 378
4 491 626 923 253
4 979 522 296 954
4 923 721 649 289
4 685 923 626 253
4 414 527 846 529
4 631 940 689 508
4 400 832 831 401
4 685 626 642 253
4 832 833 831 401
4 527 845 505 413
4 916 483 688 915
4 724 977 953 545
4 482 687 566 914
4 819 942 911 510
4 920 628 650 488
4 748 314 484 916
4 324 461 460 756
4 649 923 289 491
4 687 482 566 255
4 902 812 810 380
4 979 725 522 954
4 942 819 900 510
4 745 313 314 744
4 380 810 902 378
4 928 648 636 496
4 729 953 977 545
4 380 432 814 382
4 324 753 751 756
4 304 538 985 736
4 892 460 456 690
4 900 263 510 468
4 390 820 389 388
4 928 259 648 496
4 689 631 508 257
4 630 880 685 253
4 753 324 460 756
4 902 428 287 470
4 878 952 547 979
4 446 304 520 736
4 259 928 648 691
4 822 389 820 821
4 261 903 904 472
4 903 261 471 472
4 952 293 547 979
4 902 428 470 378
4 725 293 522 678
4 730 568 298 684
4 923 649 626 491
4 632 631 689 257
4 298 878 296 730
4 761 329 889 888
4 258 456 460 690
4 690 456 892 888
4 527 292 934 502
4 944 472 261 904
4 350 781 348 782
4 563 524 562 956
4 329 456 457 889
4 313 312 314 744
4 622 903 624 471
4 753 319 324 751
4 637 648 691 259
4 637 911 644 479
4 756 461 892 893
4 483 916 688 484
4 309 743 741 742
4 428 903 287 471
4 640 644 942 510
4 892 460 461 756
4 272 704 565 567
4 900 263 432 695
4 695 900 864 432
4 258 690 586 575
4 302 306 305 734
4 822 821 823 391
4 902 287 901 470
4 484 316 314 748
4 262 459 891 955
4 568 298 578 730
4 484 887 916 688
4 263 942 900 510
4 931 636 632 499
4 518 726 962 530
4 306 737 734 738
4 309 310 311 742
4 428 902 810 378
4 846 844 414 549
4 499 689 257 632
4 746 745 314 744
4 889 890 329 761
4 329 456 889 888
4 937 977 959 545
4 522 979 296 547
4 903 471 428 472
4 428 904 903 472
4 321 319 324 753
4 505 845 514 413
4 691 479 637 259
4 680 503 295 727
4 901 287 469 470
4 329 457 458 889
4 905 801 799 369
4 739 306 737 307
4 695 864 901 469
4 880 630 448 253
4 903 904 693 261
4 907 646 634 475
4 814 864 900 432
4 293 952 725 979
4 953 297 533 521
4 306 739 737 738
4 822 821 391 389
4 935 679 293 725
4 690 457 456 889
4 844 412 414 549
4 892 753 460 756
4 641 633 719 287
4 603 705 273 612
4 892 461 690 893
4 324 517 461 756
4 472 944 261 512
4 693 904 944 261
4 888 761 326 758
4 324 753 460 321
4 496 636 928 499
4 758 328 761 326
4 461 892 690 460
4 625 921 623 489
4 864 902 901 470
4 499 689 632 931
4 428 902 287 860
4 902 860 719 287
4 313 745 743 744
4 582 576 458 890
4 459 329 458 891
4 479 691 637 911
4 903 719 860 287
4 903 428 287 860
4 878 547 296 979
4 782 781 348 780
4 293 522 547 979
4 582 458 457 889
4 931 928 636 499
4 911 644 479 510
4 697 634 645 265
4 761 326 329 888
4 891 328 763 459
4 328 326 329 761
4 891 329 890 761
4 456 690 889 888
4 457 690 456 258
4 864 470 380 902
4 956 524 344 897
4 864 469 470 901
4 522 532 296 954
4 860 902 810 428
4 638 880 630 448
4 328 758 761 760
4 893 570 461 574
4 688 483 581 915
4 731 878 299 730
4 671 667 291 723
4 864 380 814 812
4 756 751 324 887
4 331 328 459 763
4 369 799 473 367
4 903 860 904 428
4 382 815 381 383
4 891 328 760 763
4 629 660 285 717
4 459 262 523 955
4 891 694 262 955
4 461 258 460 690
4 674 665 501 933
4 644 911 942 510
4 890 329 458 889
4 484 483 256 688
4 459 458 262 891
4 301 736 538 304
4 298 296 578 730
4 804 489 372 473
4 814 815 813 382
4 937 946 880 514
4 484 256 455 688
4 887 484 455 688
4 456 329 326 888
4 695 942 900 263
4 902 864 812 380
4 736 301 538 733
4 287 902 901 719
4 625 624 693 261
4 664 675 500 932
4 489 804 905 473
4 921 804 905 489
4 633 901 287 469
4 667 670 435 867
4 878 298 296 446
4 935 293 503 952
4 680 679 503 935
4 662 654 498 930
4 313 311 312 744
4 571 262 576 694
4 350 348 351 782
4 522 293 725 979
4 469 263 695 432
4 695 864 469 432
4 801 905 804 369
4 458 582 890 889
4 893 756 461 949
4 292 616 934 502
4 638 729 880 448
4 473 905 799 369
4 645 623 921 489
4 329 328 891 459
4 946 937 845 514
4 527 934 961 502
4 303 302 305 734
4 890 458 329 891
4 906 265 473 474
4 784 350 353 782
4 622 641 719 287
4 751 319 324 887
4 412 848 844 410
4 761 328 891 329
4 266 958 881 526
4 676 671 436 868
4 492 260 418 924
4 303 737 735 734
4 799 474 473 367
4 328 761 891 760
4 474 799 473 906
4 870 716 438 936
4 538 869 970 735
4 399 400 831 401
4 748 484 887 916
4 380 864 814 432
4 697 265 489 473
4 755 460 456 892
4 460 755 753 892
4 310 744 311 742
4 303 737 415 735
4 457 690 575 889
4 808 806 904 472
4 427 660 674 859
4 728 296 878 730
4 469 864 470 432
4 460 323 321 753
4 806 944 904 472
4 489 905 697 473
4 697 921 905 489
4 526 881 266 449
4 729 965 953 533
4 426 673 664 858
4 810 376 428 378
4 977 937 729 545
4 744 310 311 312
4 694 262 458 891
4 765 333 523 763
4 794 958 365 362
4 954 532 296 964
4 265 697 906 473
4 890 694 458 891
4 326 328 327 758
4 799 474 367 364
4 474 796 799 906
4 698 647 646 266
4 323 460 456 755
4 471 622 903 287
4 755 460 753 323
4 470 864 380 432
4 258 690 574 586
4 697 905 906 473
4 598 877 445 567
4 627 647 876 444
4 617 726 934 294
4 261 624 903 471
4 524 465 344 897
4 502 617 934 294
4 875 603 443 611
4 888 326 755 758
4 633 901 719 287
4 428 808 904 472
4 690 258 457 575
4 389 822 820 390
4 783 782 348 780
4 799 906 905 473
4 743 309 311 742
4 656 662 425 857
4 633 695 901 469
4 669 278 670 710
4 456 755 892 888
4 371 801 804 369
4 298 299 878 730
4 955 459 891 763
4 758 328 759 760
4 633 640 695 263
4 475 906 797 474
4 796 474 799 364
4 804 489 490 372
4 461 570 893 949
4 769 337 926 767
4 385 861 383 429
4 473 372 804 369
4 331 459 523 763
4 455 324 319 887
4 265 906 475 474
4 804 921 922 489
4 256 581 569 688
4 569 570 256 688
4 893 461 690 574
4 328 331 330 763
4 627 717 285 444
4 956 563 524 897
4 806 376 472 808
4 261 944 490 512
4 944 261 490 693
4 473 804 905 369
4 512 806 472 944
4 756 517 461 949
4 877 445 612 598
4 810 808 860 428
4 376 810 428 808
4 514 448 880 505
4 729 448 505 880
4 762 328 763 760
4 611 443 875 602
4 364 367 799 366
4 692 418 260 924
4 924 692 418 850
4 350 784 781 782
4 263 640 942 510
4 333 331 523 763
4 456 326 323 755
4 736 520 446 952
4 446 736 952 878
4 489 922 804 490
4 698 958 881 266
4 719 903 622 287
4 526 365 958 362
4 294 617 726 618
4 846 845 959 527
4 813 382 380 814
4 369 799 800 801
4 316 484 455 887
4 285 786 356 717
4 285 786 354 356
4 624 903 693 261
4 474 797 475 365
4 950 283 960 518
4 283 950 960 715
4 484 316 748 887
4 808 904 860 428
4 823 824 822 391
4 472 428 808 376
4 755 456 326 888
4 842 848 886 410
4 576 262 458 694
4 799 798 796 364
4 788 786 717 356
4 466 572 584 898
4 756 324 517 887
4 907 697 906 265
4 694 458 576 890
4 389 391 822 390
4 613 707 275 602
4 518 294 726 530
4 581 256 483 688
4 376 806 472 374
4 690 461 258 574
4 333 764 763 765
4 806 512 472 374
4 727 680 503 935
4 794 958 362 360
4 669 666 421 853
4 525 353 350 782
4 944 693 490 922
4 737 306 734 305
4 627 876 717 444
4 265 645 697 489
4 955 523 459 763
4 958 797 794 365
4 728 578 296 730
4 490 625 693 261
4 921 697 645 489
4 418 494 492 924
4 804 372 371 369
4 311 313 743 744
4 926 337 494 767
4 337 335 494 767
4 697 907 634 265
4 751 748 319 887
4 926 850 337 769
4 695 633 263 469
4 293 520 503 952
4 307 305 306 737
4 799 369 800 367
4 362 365 794 364
4 743 849 309 741
4 512 944 804 371
4 594 613 873 441
4 869 303 415 735
4 523 955 765 763
4 583 572 264 696
4 489 922 625 921
4 490 944 804 512
4 570 461 517 949
4 937 959 845 505
4 505 959 845 527
4 906 475 797 907
4 692 562 524 956
4 448 638 729 297
4 755 326 757 758
4 358 355 787 789
4 842 844 848 410
4 786 353 355 785
4 512 804 372 371
4 475 907 906 265
4 782 353 784 785
4 294 961 518 726
4 922 489 625 490
4 372 490 804 512
4 804 803 801 371
4 942 695 640 263
4 512 806 944 371
4 331 333 332 763
4 444 266 881 449
4 362 795 364 794
4 781 350 348 349
4 358 787 790 789
4 358 355 789 357
4 961 846 527 529
4 449 881 444 356
4 796 797 906 474
4 693 922 625 490
4 299 446 298 878
4 744 743 311 742
4 958 526 362 360
4 352 933 781 784
4 465 524 563 897
4 785 353 355 872
4 679 293 503 935
4 256 517 455 688
4 887 455 517 688
4 563 561 465 897
4 524 692 956 925
4 494 418 337 850
4 757 323 326 755
4 897 344 956 776
4 585 565 439 871
4 600 594 873 441
4 736 520 985 304
4 803 804 944 371
4 658 519 668 951
4 475 634 907 265
4 806 371 374 373
4 490 944 922 804
4 356 788 355 357
4 789 355 787 788
4 698 647 266 444
4 786 355 354 356
4 474 796 797 364
4 319 753 752 751
4 778 348 347 780
4 319 316 455 887
4 803 806 805 371
4 316 319 748 887
4 934 959 724 527
4 745 314 313 747
4 724 545 292 527
4 355 786 787 788
4 355 786 788 356
4 494 850 924 418
4 371 512 806 374
4 850 337 494 926
4 961 846 959 527
4 440 525 267 872
4 789 355 788 357
4 560 562 260 692
4 564 252 11 580
4 564 131 684 580
4 811 810 812 380
4 495 262 571 694
4 933 352 781 501
4 365 474 797 364
4 806 803 944 371
4 784 353 786 785
4 796 794 797 364
4 414 846 960 529
4 781 347 348 780
4 791 789 792 360
4 811 810 380 378
4 688 517 887 949
4 850 339 337 769
4 720 132 564 587
4 564 12 288 587
4 321 752 319 753
4 813 814 380 812
4 324 455 517 887
4 791 358 790 789
4 789 791 358 357
4 937 880 729 505
4 850 494 924 926
4 933 352 427 784
4 514 880 937 505
4 676 271 654 703
4 526 958 881 360
4 977 724 959 545
4 266 881 698 444
4 717 660 285 859
4 448 729 505 297
4 365 797 794 364
4 262 955 495 523
4 955 262 495 694
4 737 303 305 734
4 451 252 11 564
4 684 883 131 564
4 568 684 130 580
4 568 10 252 580
4 444 717 285 356
4 501 427 674 933
4 352 350 353 784
4 815 813 382 381
4 482 15 573 566
4 566 573 914 135
4 588 133 918 587
4 486 13 588 587
4 907 939 646 475
4 617 934 616 502
4 861 991 815 383
4 737 303 415 305
4 806 808 807 376
4 440 355 353 872
4 350 351 525 782
4 592 270 702 614
4 501 349 352 781
4 344 896 775 776
4 444 788 717 356
4 446 299 304 736
4 791 789 360 357
4 794 796 795 364
4 357 791 358 359
4 741 849 309 884
4 809 378 376 810
4 483 16 581 573
4 915 573 581 136
4 134 687 566 588
4 255 14 566 588
4 274 665 673 706
4 449 526 881 360
4 630 685 190 642
4 70 630 642 253
4 354 353 355 786
4 704 565 439 272
4 12 288 451 564
4 883 720 132 564
4 585 267 584 699
4 333 523 422 765
4 464 344 465 897
4 514 937 845 505
4 787 786 355 785
4 878 299 736 731
4 517 756 887 949
4 362 793 794 360
4 647 698 876 444
4 427 501 352 933
4 881 788 444 356
4 418 339 337 850
4 357 360 791 359
4 333 335 334 765
4 881 449 360 357
4 799 798 364 366
4 344 524 956 925
4 782 525 353 785
4 958 794 792 360
4 374 376 806 375
4 782 348 351 783
4 802 801 371 369
4 785 355 787 872
4 341 339 925 771
4 344 464 343 775
4 788 444 717 876
4 494 286 492 924
4 133 720 918 587
4 13 486 288 587
4 14 255 486 588
4 918 687 134 588
4 747 745 314 746
4 501 933 706 781
4 635 75 628 254
4 628 686 195 635
4 270 702 600 592
4 961 527 502 529
4 385 817 861 555
4 795 793 794 362
4 353 784 786 352
4 869 538 303 735
4 817 987 861 555
4 917 196 635 643
4 76 635 643 485
4 871 565 439 704
4 538 870 869 438
4 322 321 323 753
4 859 674 427 933
4 858 664 500 932
4 376 809 810 808
4 881 876 698 444
4 582 575 142 889
4 582 457 22 575
4 276 675 656 708
4 914 687 566 135
4 15 482 255 566
4 859 786 285 717
4 786 427 285 354
4 642 626 71 253
4 191 685 626 642
4 517 256 570 688
4 339 418 925 850
4 871 358 440 872
4 352 427 784 786
4 791 793 877 359
4 896 344 775 464
4 881 788 876 444
4 796 798 795 364
4 427 285 660 859
4 417 309 311 743
4 215 717 629 627
4 629 285 95 627
4 915 914 573 136
4 16 483 482 573
4 547 446 952 878
4 547 446 520 952
4 529 961 960 518
4 755 322 323 753
4 352 353 354 786
4 643 631 77 508
4 631 197 940 643
4 73 649 650 289
4 721 193 649 650
4 352 350 784 781
4 829 831 855 397
4 925 341 771 773
4 341 339 493 925
4 356 449 881 357
4 274 349 501 781
4 75 635 485 254
4 686 917 195 635
4 927 495 571 694
4 427 859 933 784
4 335 333 422 765
4 762 328 330 763
4 759 327 328 758
4 392 822 391 390
4 427 352 354 786
4 959 934 961 527
4 274 347 349 781
4 560 260 492 924
4 561 264 465 897
4 399 855 831 397
4 339 850 771 769
4 932 774 345 777
4 898 463 572 895
4 792 881 958 360
4 791 790 358 704
4 520 293 547 952
4 391 824 822 392
4 524 260 562 692
4 148 563 562 956
4 524 562 28 563
4 861 991 383 559
4 694 927 495 955
4 345 932 777 858
4 342 932 345 500
4 688 570 517 949
4 390 392 822 424
4 800 799 367 366
4 650 628 74 488
4 628 194 920 650
4 823 391 826 998
4 870 538 869 970
4 957 699 525 872
4 699 267 525 872
4 644 942 203 640
4 83 644 640 510
4 500 426 664 858
4 508 76 643 485
4 196 917 940 643
4 345 932 858 500
4 624 207 903 622
4 622 624 87 471
4 933 665 501 706
4 789 360 881 792
4 785 525 353 872
4 493 692 418 260
4 925 418 692 850
4 662 498 425 930
4 435 291 667 723
4 856 822 824 392
4 632 636 79 499
4 199 931 636 632
4 704 359 358 791
4 348 894 783 780
4 507 475 797 365
4 747 314 748 746
4 632 78 631 257
4 631 689 198 632
4 719 205 633 641
4 641 85 633 287
4 894 348 778 780
4 795 362 364 363
4 371 806 805 373
4 359 793 877 445
4 793 359 361 445
4 769 768 337 767
4 850 925 339 771
4 191 685 923 626
4 491 71 626 253
4 193 721 920 650
4 488 73 650 289
4 358 871 790 872
4 283 960 549 715
4 759 328 762 760
4 950 960 961 518
4 346 343 464 775
4 382 813 380 381
4 355 358 872 440
4 410 842 409 999
4 871 440 267 872
4 200 928 648 636
4 636 648 80 496
4 260 524 493 692
4 331 332 330 763
4 684 730 568 130
4 252 298 10 568
4 523 854 765 955
4 723 667 435 867
4 626 649 72 491
4 192 923 649 626
4 854 494 926 718
4 427 786 285 859
4 764 333 334 765
4 953 729 297 545
4 21 258 586 575
4 575 690 586 141
4 273 705 434 612
4 360 789 881 357
4 630 70 448 253
4 880 685 190 630
4 704 272 445 567
4 350 352 349 781
4 367 369 800 368
4 436 723 671 291
4 494 718 924 926
4 842 841 409 999
4 723 436 671 868
4 775 896 464 778
4 775 464 346 778
4 579 578 532 964
4 706 274 501 781
4 932 342 345 774
4 877 704 445 567
4 802 801 803 371
4 347 706 779 781
4 347 274 706 781
4 266 646 698 507
4 339 418 493 925
4 272 565 35 567
4 704 155 565 567
4 342 500 708 932
4 427 859 784 786
4 547 878 296 446
4 254 74 628 488
4 686 194 920 628
4 603 158 705 612
4 273 38 603 612
4 798 800 875 366
4 344 897 896 776
4 965 638 639 533
4 260 560 692 924
4 426 500 345 858
4 576 582 143 890
4 576 458 23 582
4 665 674 218 933
4 665 501 98 674
4 412 848 549 844
4 434 705 866 612
4 776 344 341 775
4 583 264 561 696
4 581 17 256 569
4 581 569 688 137
4 881 788 356 357
4 359 704 358 272
4 939 907 797 475
4 787 358 872 355
4 757 326 327 758
4 670 278 435 867
4 675 664 221 932
4 675 500 101 664
4 525 440 353 872
4 508 631 77 257
4 940 689 197 631
4 930 425 662 857
4 503 727 936 295
4 366 795 364 363
4 654 662 224 930
4 654 498 104 662
4 790 871 358 704
4 708 500 675 932
4 792 793 791 360
4 475 939 646 507
4 400 832 837 997
4 943 511 488 994
4 667 671 227 723
4 667 291 107 671
4 764 333 763 332
4 793 792 794 360
4 289 72 649 491
4 192 923 721 649
4 788 881 789 357
4 943 836 511 994
4 644 202 911 637
4 637 644 82 479
4 358 787 872 790
4 511 836 404 994
4 954 296 979 728
4 768 338 930 770
4 768 335 337 767
4 959 505 545 527
4 505 937 959 545
4 336 338 498 930
4 648 691 201 637
4 637 81 648 259
4 802 369 800 801
4 837 405 400 997
4 338 337 339 769
4 623 209 921 625
4 625 623 89 489
4 488 920 943 994
4 775 341 776 773
4 826 391 394 998
4 463 264 572 895
4 596 962 597 530
4 925 344 341 776
4 296 878 979 728
4 271 498 654 930
4 705 875 603 443
4 932 708 342 774
4 344 343 341 775
4 692 493 418 925
4 660 97 427 674
4 217 674 660 859
4 670 278 867 710
4 520 736 985 952
4 800 366 368 443
4 366 800 875 443
4 673 100 426 664
4 220 664 673 858
4 338 425 930 770
4 820 385 388 555
4 820 817 385 555
4 772 342 708 774
4 348 349 347 781
4 665 274 501 706
4 338 425 498 930
4 726 961 934 294
4 961 294 518 529
4 765 335 766 767
4 817 820 987 555
4 335 854 494 767
4 494 767 854 926
4 410 848 886 416
4 502 934 961 294
4 871 267 585 699
4 515 407 839 994
4 670 667 228 867
4 670 435 108 667
4 496 79 636 499
4 199 931 928 636
4 464 344 897 896
4 488 721 920 994
4 721 488 289 994
4 572 466 463 898
4 647 876 214 627
4 627 94 647 444
4 327 330 867 762
4 692 524 493 925
4 256 483 17 581
4 915 581 688 137
4 791 877 704 359
4 930 336 271 498
4 662 656 223 857
4 662 425 103 656
4 445 434 877 612
4 463 351 462 783
4 723 330 764 762
4 264 463 462 895
4 715 950 606 283
4 283 950 606 518
4 291 330 332 723
4 737 847 415 735
4 806 374 375 373
4 552 390 822 424
4 330 723 867 762
4 323 757 326 325
4 723 330 332 764
4 793 791 360 359
4 768 338 336 930
4 341 493 344 925
4 341 925 776 773
4 958 266 507 526
4 641 719 206 622
4 86 641 622 287
4 962 950 726 518
4 273 705 603 443
4 291 435 330 723
4 415 437 303 869
4 332 436 291 723
4 492 286 560 924
4 315 314 316 748
4 436 764 723 332
4 764 436 723 868
4 785 782 525 957
4 798 795 364 366
4 671 436 106 676
4 671 676 226 868
4 439 358 440 871
4 362 795 361 363
4 515 839 947 994
4 837 506 405 997
4 365 958 507 526
4 696 572 264 895
4 363 366 795 273
4 327 330 435 867
4 867 327 762 759
4 345 858 777 779
4 257 632 78 499
4 689 931 198 632
4 494 422 286 718
4 854 494 718 422
4 938 828 396 997
4 679 125 293 678
4 725 245 679 678
4 439 358 704 272
4 346 348 347 778
4 666 447 421 879
4 723 435 330 867
4 342 500 276 708
4 560 286 577 718
4 571 577 286 718
4 873 162 613 594
4 42 613 594 441
4 286 494 718 924
4 715 416 549 283
4 446 299 736 878
4 267 871 585 439
4 634 211 697 645
4 645 634 91 265
4 768 337 338 769
4 152 584 572 898
4 572 584 32 466
4 895 462 783 463
4 496 648 80 259
4 200 928 691 648
4 205 901 719 633
4 287 85 633 469
4 279 672 677 711
4 699 871 267 872
4 336 930 271 768
4 347 779 778 780
4 772 276 342 340
4 276 772 342 708
4 375 873 805 373
4 938 506 837 997
4 443 433 875 602
4 623 921 210 645
4 90 623 645 489
4 351 463 898 783
4 666 421 110 669
4 669 666 853 230
4 695 204 640 633
4 633 84 640 263
4 462 696 895 894
4 696 264 462 895
4 854 335 765 767
4 748 319 750 751
4 930 654 271 703
4 961 726 950 518
4 718 495 927 854
4 272 359 704 445
4 857 930 425 770
4 271 334 336 768
4 797 958 507 365
4 562 560 147 692
4 260 27 562 560
4 757 322 323 755
4 877 704 359 445
4 675 276 500 708
4 925 956 344 776
4 781 779 347 780
4 673 426 706 858
4 660 629 216 717
4 660 285 96 629
4 396 506 938 997
4 278 669 853 710
4 410 412 848 416
4 598 156 877 567
4 598 445 36 567
4 673 426 274 706
4 376 807 806 375
4 679 503 124 680
4 679 680 244 935
4 271 930 703 768
4 359 360 793 361
4 439 358 871 704
4 574 20 258 586
4 574 690 140 586
4 908 396 828 998
4 805 371 802 803
4 332 334 436 764
4 766 868 436 764
4 799 800 798 366
4 464 465 264 897
4 757 327 710 759
4 360 362 793 361
4 434 363 795 273
4 782 351 525 783
4 436 703 868 766
4 327 435 278 867
4 327 867 710 759
4 721 289 515 994
4 895 898 463 783
4 267 439 440 871
4 705 366 795 798
4 462 895 783 894
4 897 561 264 696
4 768 703 271 766
4 271 334 768 766
4 706 426 347 858
4 771 770 339 769
4 802 805 707 373
4 426 345 347 858
4 985 520 936 553
4 624 693 208 625
4 88 624 625 261
4 274 426 347 706
4 347 706 858 779
4 866 877 434 612
4 947 721 515 994
4 858 345 347 779
4 957 525 785 872
4 19 461 570 574
4 570 893 139 574
4 436 703 676 868
4 275 707 433 602
4 813 811 812 380
4 524 344 493 925
4 266 958 507 698
4 570 256 18 569
4 688 569 570 138
4 854 523 765 422
4 362 795 793 361
4 335 768 337 336
4 826 476 908 998
4 884 307 309 739
4 383 861 559 429
4 505 729 937 545
4 443 603 39 611
4 875 159 603 611
4 890 582 142 889
4 457 22 458 582
4 327 757 710 325
4 325 327 278 710
4 505 297 729 545
4 854 335 494 422
4 766 436 334 764
4 867 278 327 710
4 716 438 869 870
4 141 575 690 889
4 258 21 457 575
4 316 319 750 748
4 416 886 410 454
4 334 271 436 766
4 703 436 271 766
4 839 407 841 999
4 939 698 646 507
4 584 267 466 699
4 795 361 363 434
4 836 402 404 996
4 836 834 402 996
4 873 805 807 375
4 373 375 873 441
4 565 439 34 585
4 565 585 154 871
4 297 953 533 729
4 572 583 151 696
4 31 572 264 583
4 967 268 454 535
4 854 523 495 955
4 366 367 800 368
4 853 666 421 879
4 416 848 715 549
4 207 903 693 624
4 261 87 624 471
4 942 695 203 640
4 263 83 640 510
4 875 705 798 366
4 707 865 433 602
4 348 462 351 783
4 475 797 939 507
4 646 212 907 634
4 634 646 92 475
4 703 436 676 271
4 927 571 495 718
4 826 394 476 998
4 415 847 869 735
4 770 338 339 769
4 728 954 296 964
4 9 298 578 568
4 578 568 730 129
4 409 841 407 999
4 865 875 433 602
4 422 718 495 286
4 718 422 495 854
4 783 525 782 957
4 396 908 476 998
4 144 571 576 694
4 576 24 262 571
4 376 807 809 808
4 330 327 328 762
4 752 321 319 320
4 561 563 149 897
4 465 29 561 563
4 873 707 805 373
4 338 425 770 772
4 309 741 884 739
4 279 111 672 666
4 666 672 711 231
4 656 425 276 857
4 259 637 81 479
4 911 201 691 637
4 873 275 613 707
4 708 656 276 857
4 275 873 613 441
4 766 334 335 765
4 555 861 385 429
4 755 754 322 753
4 727 503 936 935
4 764 330 763 762
4 707 370 373 275
4 370 707 373 802
4 339 341 772 771
4 330 764 763 332
4 150 583 561 696
4 264 561 30 583
4 613 161 707 602
4 275 41 613 602
4 366 705 795 273
4 854 335 422 765
4 752 321 322 753
4 202 911 942 644
4 479 644 82 510
4 619 962 618 530
4 793 361 434 445
4 434 877 793 445
4 328 759 762 327
4 369 371 802 370
4 811 378 809 810
4 670 109 278 669
4 229 669 670 710
4 366 875 705 443
4 669 421 278 853
4 846 961 960 529
4 692 148 562 956
4 260 562 28 524
4 779 777 345 778
4 375 805 806 373
4 654 105 271 676
4 225 676 654 703
4 600 873 862 441
4 437 538 303 869
4 620 953 533 521
4 378 380 811 379
4 399 972 855 540
4 771 341 772 773
4 612 157 877 598
4 612 445 37 598
4 121 519 668 658
4 668 658 951 241
4 630 189 880 638
4 638 630 69 448
4 980 847 548 737
4 40 443 611 602
4 611 875 160 602
4 348 346 462 778
4 769 338 768 770
4 146 560 577 718
4 286 577 26 560
4 462 464 264 896
4 809 378 377 376
4 361 795 793 434
4 462 896 778 464
4 464 462 346 778
4 425 276 857 772
4 276 425 340 772
4 276 708 857 772
4 341 775 774 773
4 777 774 345 775
4 462 348 894 783
4 273 366 705 443
4 415 305 548 737
4 894 348 462 778
4 351 463 466 898
4 503 936 935 952
4 596 606 950 518
4 696 462 264 896
4 894 462 696 896
4 719 903 206 622
4 471 86 622 287
4 536 700 454 968
4 775 341 774 343
4 772 770 339 771
4 896 462 778 894
4 425 857 770 772
4 401 402 834 996
4 425 338 340 772
4 705 434 795 273
4 458 23 262 576
4 694 576 143 890
4 286 495 571 718
4 833 401 834 996
4 966 416 534 454
4 215 876 717 627
4 627 285 95 444
4 334 332 333 764
4 898 584 466 699
4 827 395 824 998
4 373 873 707 275
4 263 633 84 469
4 204 695 901 633
4 345 777 775 778
4 275 373 873 441
4 433 875 800 443
4 443 800 433 368
4 646 647 93 266
4 647 213 698 646
4 495 927 854 955
4 754 879 322 752
4 320 322 447 879
4 244 680 727 935
4 295 124 503 680
4 718 560 286 924
4 346 347 345 778
4 525 466 267 699
4 898 525 957 699
4 380 813 811 381
4 371 805 802 373
4 342 341 343 774
4 327 759 757 758
4 709 861 987 555
4 434 705 795 866
4 774 343 345 775
4 337 768 338 336
4 779 345 347 778
4 397 399 855 423
4 954 532 682 522
4 866 877 793 434
4 972 831 833 401
4 209 922 921 625
4 89 625 489 490
4 807 805 806 375
4 518 962 596 530
4 334 766 764 765
4 343 346 345 775
4 370 800 369 368
4 339 338 770 772
4 936 553 438 985
4 862 600 441 430
4 351 898 525 783
4 342 343 345 774
4 309 417 849 743
4 406 968 852 536
4 392 856 822 424
4 341 774 772 773
4 327 325 326 757
4 766 335 768 767
4 339 341 340 772
4 897 264 464 896
4 322 853 879 754
4 322 421 447 879
4 534 416 966 283
4 701 544 847 976
4 838 968 852 406
4 775 346 345 778
4 698 939 958 507
4 295 519 727 936
4 866 793 795 434
4 702 270 431 614
4 534 966 591 283
4 264 897 696 896
4 692 560 147 924
4 260 492 27 560
4 797 958 939 507
4 873 163 594 600
4 600 43 594 441
4 320 322 879 752
4 600 862 270 430
4 862 702 600 270
4 665 99 274 673
4 219 673 665 706
4 447 279 320 879
4 294 961 502 529
4 774 341 772 342
4 370 707 433 275
4 370 865 707 802
4 461 20 258 574
4 140 893 690 574
4 831 832 400 997
4 270 600 44 592
4 702 164 600 592
4 701 847 548 980
4 370 371 802 373
4 379 809 377 270
4 953 965 620 533
4 495 422 523 854
4 710 325 853 278
4 325 710 853 757
4 875 433 800 865
4 831 972 855 399
4 369 802 800 370
4 416 715 966 283
4 956 149 563 897
4 465 524 29 563
4 702 809 811 379
4 702 809 379 270
4 525 783 898 957
4 391 823 824 998
4 750 279 419 711
4 338 339 340 772
4 921 697 210 645
4 265 90 645 489
4 545 724 959 527
4 214 698 876 647
4 266 647 94 444
4 715 591 966 283
4 392 978 856 546
4 898 525 699 466
4 865 370 707 433
4 578 296 532 964
4 97 501 427 674
4 859 217 674 933
4 431 609 863 614
4 972 399 401 540
4 882 851 558 990
4 222 656 675 708
4 675 102 276 656
4 991 383 381 815
4 519 284 951 936
4 325 322 323 757
4 965 729 638 533
4 532 954 682 964
4 848 966 886 416
4 277 989 429 557
4 616 620 66 521
4 186 953 620 616
4 714 558 663 990
4 824 978 856 392
4 341 772 342 340
4 651 661 544 976
4 886 842 410 999
4 936 503 520 952
4 452 309 417 849
4 452 309 849 884
4 322 757 754 755
4 863 722 609 290
4 322 325 853 757
4 879 279 320 752
4 421 322 853 879
4 663 652 554 986
4 314 315 313 747
4 991 861 722 559
4 274 501 98 665
4 933 218 665 706
4 862 873 375 441
4 807 862 873 375
4 853 322 757 754
4 18 517 256 570
4 949 688 570 138
4 100 500 426 664
4 220 664 858 932
4 965 621 620 533
4 417 311 556 743
4 697 907 211 634
4 475 91 634 265
4 953 186 724 616
4 521 66 616 292
4 438 870 936 985
4 856 984 822 552
4 552 822 856 424
4 964 682 532 683
4 599 589 967 535
4 419 279 677 711
4 433 800 370 368
4 554 417 282 986
4 153 585 584 699
4 267 584 33 585
4 335 336 334 768
4 693 922 208 625
4 490 88 625 261
4 848 715 966 416
4 313 882 745 747
4 743 556 417 988
4 268 967 589 535
4 820 390 552 388
4 897 150 561 696
4 30 561 264 465
4 595 969 589 537
4 184 726 617 618
4 64 617 294 618
4 608 49 277 607
4 709 169 608 607
4 898 572 152 895
4 32 572 466 463
4 718 146 560 924
4 26 492 286 560
4 871 155 565 704
4 35 439 565 272
4 898 351 525 466
4 325 278 421 853
4 882 558 714 990
4 679 935 245 725
4 503 125 293 679
4 395 824 978 827
4 589 969 700 537
4 269 657 651 701
4 104 271 498 654
4 930 224 654 703
4 708 675 221 932
4 276 500 101 675
4 807 376 809 375
4 335 766 768 334
4 714 417 556 988
4 498 425 103 662
4 930 662 223 857
4 663 554 282 986
4 279 879 711 752
4 268 967 454 700
4 700 886 967 454
4 973 601 593 541
4 175 590 601 713
4 601 590 55 281
4 847 415 548 737
4 291 107 435 667
4 723 227 667 867
4 682 246 954 678
4 126 682 522 678
4 701 657 651 237
4 657 117 269 651
4 969 852 700 537
4 461 517 19 570
4 949 570 893 139
4 383 991 381 559
4 158 866 705 612
4 273 434 38 612
4 739 980 307 737
4 314 747 748 315
4 752 319 751 750
4 800 802 865 370
4 610 615 52 280
4 615 610 172 712
4 968 700 852 536
4 610 604 982 550
4 745 556 313 743
4 441 375 862 430
4 558 113 655 677
4 655 677 233 990
4 416 966 886 454
4 395 392 824 998
4 450 851 882 747
4 322 325 421 853
4 831 972 399 401
4 291 436 106 671
4 723 671 226 868
4 322 754 752 753
4 433 800 865 370
4 658 659 531 963
4 577 571 145 718
4 286 25 577 571
4 618 962 726 530
4 377 809 862 270
4 270 862 377 430
4 848 412 549 416
4 700 536 454 268
4 886 700 968 454
4 531 519 963 727
4 809 376 377 375
4 702 862 809 270
4 730 728 578 129
4 9 298 296 578
4 156 704 877 567
4 445 272 36 567
4 609 166 863 614
4 46 609 431 614
4 717 216 660 859
4 96 427 285 660
4 278 435 108 670
4 867 228 670 710
4 696 151 572 895
4 264 572 31 463
4 519 531 295 727
4 381 811 380 379
4 279 750 419 318
4 419 711 851 750
4 519 284 668 951
4 400 399 831 997
4 429 861 989 277
4 869 538 438 437
4 617 934 185 616
4 616 65 617 502
4 707 873 162 613
4 613 42 275 441
4 322 320 321 752
4 711 672 677 232
4 672 112 279 677
4 415 548 269 847
4 429 555 861 277
4 701 651 544 976
4 277 709 608 607
4 590 601 713 281
4 729 880 189 638
4 69 638 448 297
4 722 863 991 559
4 713 855 972 540
4 447 421 110 666
4 879 853 666 230
4 655 663 558 990
4 571 144 927 694
4 495 262 24 571
4 605 989 608 557
4 824 392 391 998
4 615 610 712 280
4 750 320 279 752
4 415 269 544 847
4 379 809 378 377
4 831 397 829 997
4 862 807 809 375
4 680 531 681 963
4 293 126 522 678
4 954 246 725 678
4 701 551 657 983
4 657 269 551 701
4 61 606 596 518
4 950 181 606 596
4 809 379 378 811
4 831 399 397 997
4 861 559 429 290
4 967 454 966 535
4 871 585 154 699
4 439 267 34 585
4 711 677 419 851
4 724 185 934 616
4 65 616 292 502
4 282 417 556 714
4 705 875 159 603
4 273 603 39 443
4 390 822 820 552
4 813 815 991 381
4 277 608 989 557
4 381 991 863 559
4 279 711 750 752
4 714 282 417 986
4 315 851 450 747
4 601 973 281 541
4 392 395 978 546
4 847 548 269 701
4 711 879 666 231
4 111 279 447 666
4 750 315 316 748
4 315 750 851 747
4 415 542 437 869
4 862 377 375 809
4 980 548 307 737
4 436 271 105 676
4 703 225 676 868
4 556 311 313 743
4 281 899 590 467
4 713 899 590 281
4 824 395 978 392
4 377 862 375 430
4 536 852 406 420
4 280 610 982 550
4 454 534 966 535
4 847 269 544 701
4 305 307 548 737
4 475 646 92 507
4 907 939 212 646
4 863 811 813 381
4 913 277 481 607
4 913 277 607 709
4 743 745 556 988
4 536 968 454 999
4 714 663 282 986
4 281 973 855 541
4 540 855 399 423
4 502 64 617 294
4 184 617 726 934
4 431 863 702 614
4 45 270 592 614
4 702 165 592 614
4 546 856 392 424
4 726 294 618 530
4 700 967 589 268
4 268 700 852 537
4 268 589 700 537
4 536 700 852 268
4 865 707 161 602
4 275 433 41 602
4 316 319 318 750
4 309 452 307 884
4 445 37 434 612
4 877 866 157 612
4 963 680 531 727
4 270 379 702 431
4 702 811 863 379
4 520 985 936 952
4 869 438 284 437
4 519 951 727 936
4 542 847 869 415
4 716 284 438 936
4 504 438 284 936
4 712 546 856 978
4 680 295 531 727
4 663 282 558 714
4 982 424 280 550
4 851 558 450 882
4 939 698 213 646
4 93 646 266 507
4 443 40 433 602
4 875 865 160 602
4 99 426 274 673
4 706 219 673 858
4 431 863 609 290
4 417 849 743 988
4 847 542 869 974
4 417 714 849 988
4 712 615 280 995
4 813 991 863 381
4 542 869 284 437
4 852 838 406 996
4 410 454 886 999
4 752 319 750 320
4 420 268 852 537
4 315 851 419 450
4 282 450 558 714
4 279 318 320 750
4 559 861 722 290
4 419 750 315 318
4 750 419 315 851
4 962 518 596 950
4 421 278 109 669
4 229 853 669 710
4 849 714 417 986
4 852 536 268 420
4 313 450 882 747
4 653 284 542 974
4 558 882 714 450
4 861 709 989 277
4 297 638 729 533
4 708 222 656 857
4 102 425 276 656
4 296 578 728 964
4 284 519 504 936
4 284 716 951 936
4 927 145 571 718
4 25 286 495 571
4 709 861 555 277
4 454 967 966 886
4 852 539 971 996
4 539 852 420 996
4 120 284 653 668
4 653 668 716 240
4 441 600 43 430
4 163 873 862 600
4 270 44 600 430
4 862 702 164 600
4 715 606 591 283
4 713 972 971 540
4 651 544 269 701
4 381 863 811 379
4 429 989 290 557
4 984 709 987 555
4 886 454 968 999
4 869 542 284 974
4 559 722 863 290
4 899 539 281 971
4 712 912 615 995
4 280 615 480 995
4 822 984 820 552
4 551 849 983 884
4 450 313 315 747
4 33 584 267 466
4 898 153 584 699
4 519 951 963 727
4 503 504 295 936
4 950 606 181 715
4 283 606 61 518
4 315 750 747 748
4 423 540 855 281
4 833 971 972 401
4 882 556 313 745
4 983 701 551 884
4 452 551 269 701
4 539 899 281 467
4 899 713 971 281
4 269 551 117 657
4 657 701 983 237
4 504 503 520 936
4 58 589 599 535
4 178 589 967 599
4 855 423 281 541
4 388 552 820 555
4 984 987 820 555
4 417 551 452 849
4 849 551 452 884
4 407 992 839 994
4 836 992 404 994
4 913 552 277 984
4 716 668 284 951
4 595 589 57 537
4 177 969 589 595
4 601 973 713 281
4 713 855 540 281
4 544 118 661 651
4 976 651 661 238
4 971 852 899 539
4 539 852 899 420
4 319 320 318 750
4 610 982 712 280
4 989 429 290 861
4 609 46 431 290
4 863 722 166 609
4 701 452 551 884
4 401 971 972 540
4 652 554 115 663
4 235 652 663 986
4 174 601 593 973
4 601 54 593 541
4 855 713 973 281
4 424 546 856 280
4 863 702 379 431
4 984 277 913 709
4 552 913 277 481
4 424 982 280 856
4 558 450 419 851
4 608 989 709 277
4 604 610 51 550
4 610 604 171 982
4 899 539 420 467
4 121 519 284 668
4 951 716 668 241
4 49 277 607 481
4 169 709 913 607
4 590 175 899 713
4 281 590 55 467
4 974 847 544 976
4 546 712 856 280
4 280 615 52 480
4 912 615 172 712
4 552 856 913 424
4 984 856 913 552
4 980 307 884 739
4 856 712 982 280
4 406 420 852 996
4 60 591 606 283
4 606 591 180 715
4 855 829 397 995
4 318 315 316 750
4 913 552 424 481
4 658 531 519 963
4 284 653 668 716
4 745 882 556 988
4 284 653 716 974
4 608 168 989 605
4 605 608 48 557
4 986 417 551 554
4 233 677 851 990
4 113 558 419 677
4 519 295 504 936
4 381 863 379 431
4 438 716 869 284
4 989 722 861 290
4 969 899 852 537
4 714 556 882 988
4 234 663 655 990
4 663 558 114 655
4 884 548 307 980
4 974 716 284 869
4 884 701 548 980
4 431 559 863 290
4 971 540 539 281
4 663 714 235 986
4 282 115 554 663
4 839 992 836 994
4 589 58 268 535
4 178 967 589 700
4 544 542 415 847
4 504 520 553 936
4 828 993 396 997
4 268 57 589 537
4 177 589 969 700
4 112 419 279 677
4 851 711 677 232
4 540 971 713 281
4 556 313 450 882
4 544 542 847 974
4 407 404 992 994
4 863 381 559 431
4 555 552 984 277
4 855 541 973 995
4 836 404 992 996
4 284 542 120 653
4 974 653 716 240
4 976 701 651 238
4 118 544 269 651
4 282 556 450 714
4 984 709 555 277
4 481 424 982 550
4 397 423 855 995
4 714 556 450 882
4 401 971 540 539
4 973 541 480 995
4 967 966 599 535
4 395 827 978 995
4 827 993 395 998
4 828 396 993 998
4 290 989 605 557
4 552 984 820 555
4 973 174 601 713
4 54 601 281 541
4 983 849 551 986
4 438 504 553 936
4 982 171 610 712
4 280 51 610 550
4 534 599 966 535
4 701 452 548 269
4 833 971 401 996
4 431 270 45 614
4 165 702 863 614
4 417 986 551 849
4 551 554 652 986
4 974 544 661 976
4 951 658 519 963
4 420 852 899 537
4 282 558 114 663
4 234 714 663 990
4 452 701 548 884
4 966 180 591 715
4 591 60 534 283
4 452 548 307 884
4 978 546 395 995
4 467 420 899 537
4 168 989 709 608
4 277 48 608 557
4 599 966 591 534
4 423 541 855 995
4 829 397 993 997
4 838 992 406 996
4 395 993 827 995
4 982 913 856 424
4 407 839 992 999
4 842 840 841 999
4 410 409 408 999
4 595 899 969 537
4 597 62 596 530
4 182 962 597 596
4 982 913 424 481
4 578 532 8 579
4 128 578 579 964
4 188 965 638 639
4 639 638 68 533
4 618 63 619 530
4 619 962 183 618
4 480 973 593 541
4 973 480 912 995
4 722 989 605 290
4 542 544 661 974
4 978 712 546 995
4 481 982 604 550
4 968 536 406 999
4 825 823 826 998
4 393 394 391 998
4 983 551 652 986
4 406 838 968 999
4 480 541 423 995
4 855 973 912 995
4 396 395 993 998
4 828 993 827 998
4 680 531 123 681
4 243 680 681 963
4 396 993 397 997
4 621 187 965 620
4 620 621 67 533
4 912 480 615 995
4 964 247 682 683
4 127 532 682 683
4 722 605 609 290
4 945 839 836 994
4 513 404 407 994
4 653 542 661 974
4 659 531 122 658
4 963 658 659 242
4 829 993 828 997
4 836 992 838 996
4 401 971 539 996
4 599 591 59 534
4 591 179 966 599
4 605 167 722 609
4 609 605 47 290
4 406 992 404 996
4 652 657 551 983
4 829 993 397 995
4 962 619 597 530
4 406 992 838 999
4 840 842 886 999
4 410 408 454 999
4 532 579 964 683
4 639 621 965 533
4 661 119 542 653
4 661 653 974 239
4 899 595 467 537
4 513 407 515 994
4 945 947 839 994
4 973 480 593 912
4 657 551 116 652
4 983 652 657 236
4 712 280 546 995
4 511 404 513 994
4 943 945 836 994
4 681 531 659 963
4 837 832 830 997
4 400 405 398 997
4 395 397 993 995
4 913 982 604 481
4 595 56 590 467
4 899 176 590 595
4 829 827 993 995
4 590 899 595 467
4 173 593 615 912
4 53 615 593 480
4 825 826 908 998
4 393 476 394 998
4 912 593 615 480
4 400 398 399 997
4 831 830 832 997
4 391 392 393 998
4 824 823 825 998
4 607 604 50 481
4 604 170 913 607
4 607 913 604 481
4 402 403 404 996
4 834 836 835 996
4 67 620 533 521
4 953 965 187 620
4 722 989 167 605
4 605 47 290 557
4 838 992 839 999
4 682 532 127 522
4 682 954 247 964
4 296 532 8 578
4 128 728 578 964
4 297 68 638 533
4 188 965 729 638
4 518 596 62 530
4 962 182 950 596
4 289 513 515 994
4 947 945 721 994
4 835 833 834 996
4 401 403 402 996
4 534 59 599 535
4 966 179 967 599
4 249 1 597 619
4 3 659 251 681
4 249 597 5 619
4 251 659 7 681
4 2 621 250 639
4 0 248 579 683
4 250 621 6 639
4 579 248 4 683
4 407 992 406 999
4 488 511 513 994
4 943 920 945 994
4 726 183 962 618
4 618 294 63 530
4 542 544 119 661
4 976 661 974 239
4 398 397 399 997
4 831 829 830 997
4 236 983 652 986
4 551 554 116 652
4 975 978 827 995
4 395 546 543 995
4 398 405 506 997
4 938 837 830 997
4 839 841 840 999
4 409 407 408 999
4 123 295 531 680
4 963 243 680 727
4 488 513 289 994
4 945 920 721 994
4 396 398 506 997
4 938 830 828 997
4 908 828 825 998
4 396 476 393 998
4 969 176 899 595
4 595 56 467 537
4 395 543 397 995
4 975 827 829 995
4 395 393 392 998
4 825 827 824 998
4 593 173 973 912
4 480 593 53 541
4 825 828 827 998
4 393 395 396 998
4 396 397 398 997
4 828 830 829 997
4 481 604 50 550
4 604 170 982 913
4 519 122 531 658
4 963 951 658 242
4 403 406 404 996
4 836 838 835 996
4 403 420 406 996
4 852 835 838 996
4 852 971 835 996
4 539 420 403 996
4 536 454 408 999
4 886 968 840 999
4 659 3 531 681
4 681 659 7 963
4 621 965 6 639
4 2 621 639 533
4 964 579 4 683
4 579 532 0 683
4 619 1 597 530
4 619 597 5 962
4 829 827 828 993
4 395 397 396 993
4 978 975 712 995
4 546 280 543 995
4 836 839 838 992
4 404 406 407 992
4 406 408 407 999
4 840 838 839 999
4 185 724 186 616
4 66 65 616 292
4 11 12 451 564
4 132 131 883 564
4 720 133 132 587
4 12 13 288 587
4 123 124 295 680
4 727 243 680 244
4 13 14 486 588
4 133 918 134 588
4 15 16 482 573
4 136 914 573 135
4 75 74 628 254
4 686 195 194 628
4 901 205 204 633
4 85 84 633 469
4 148 149 563 956
4 524 28 29 563
4 76 75 635 485
4 196 195 917 635
4 16 17 483 581
4 581 915 136 137
4 942 203 202 644
4 83 82 644 510
4 73 72 649 289
4 193 192 721 649
4 77 76 643 508
4 940 197 196 643
4 684 131 130 580
4 10 11 252 580
4 74 73 650 488
4 194 193 920 650
4 922 209 208 625
4 625 89 88 490
4 903 207 206 622
4 87 86 622 471
4 14 15 255 566
4 566 687 134 135
4 144 145 571 927
4 495 24 25 571
4 97 98 501 674
4 217 218 674 933
4 158 157 866 612
4 37 38 434 612
4 517 18 19 570
4 570 949 138 139
4 582 142 143 890
4 458 22 23 582
4 100 101 500 664
4 664 220 221 932
4 865 161 160 602
4 40 41 433 602
4 862 164 163 600
4 44 43 600 430
4 575 141 142 889
4 457 21 22 575
4 96 97 427 660
4 217 660 216 859
4 215 214 876 627
4 627 95 94 444
4 78 77 631 257
4 198 197 689 631
4 729 189 188 638
4 638 69 68 297
4 939 213 212 646
4 646 93 92 507
4 99 100 426 673
4 219 220 673 858
4 199 198 931 632
4 632 79 78 499
4 8 9 296 578
4 129 728 578 128
4 103 104 498 662
4 223 224 662 930
4 222 223 656 857
4 425 102 103 656
4 72 71 626 491
4 192 191 923 626
4 584 33 32 466
4 152 153 584 898
4 705 159 158 603
4 39 38 603 273
4 109 110 421 669
4 230 853 669 229
4 202 201 911 637
4 637 82 81 479
4 291 106 107 671
4 226 227 671 723
4 201 200 691 648
4 81 80 648 259
4 155 704 156 567
4 272 35 36 567
4 191 190 685 642
4 71 70 642 253
4 110 111 447 666
4 231 879 666 230
4 154 155 565 871
4 439 34 35 565
4 80 79 636 496
4 200 199 928 636
4 107 108 435 667
4 227 228 667 867
4 151 152 572 895
4 572 32 31 463
4 146 147 560 924
4 26 27 492 560
4 697 211 210 645
4 645 91 90 265
4 863 166 165 614
4 45 46 431 614
4 225 226 676 868
4 436 105 106 676
4 461 19 20 574
4 140 139 893 574
4 149 150 561 897
4 561 30 29 465
4 576 143 144 694
4 262 23 24 576
4 95 96 285 629
4 629 216 717 215
4 86 85 641 287
4 206 205 719 641
4 693 208 207 624
4 88 87 624 261
4 212 211 907 634
4 634 92 91 475
4 228 229 670 710
4 108 109 278 670
4 401 539 403 996
4 833 835 971 996
4 695 204 203 640
4 84 83 640 263
4 647 94 93 266
4 214 213 698 647
4 935 244 679 245
4 125 503 124 679
4 298 9 10 568
4 130 730 568 129
4 690 140 586 141
4 20 21 258 586
4 42 41 613 275
4 707 162 161 613
4 147 148 562 692
4 28 27 562 260
4 138 688 569 137
4 17 18 256 569
4 210 209 921 623
4 623 90 89 489
4 855 975 829 995
4 397 543 423 995
4 271 104 105 654
4 224 225 654 703
4 153 154 585 699
4 267 33 34 585
4 190 189 880 630
4 630 70 69 448
4 3 123 531 681
4 243 681 7 963
4 112 113 419 677
4 233 851 677 232
4 150 151 583 696
4 264 30 31 583
4 280 480 543 995
4 912 712 975 995
4 219 665 218 706
4 98 99 274 665
4 589 58 57 268
4 177 178 589 700
4 877 157 156 598
4 36 37 445 598
4 873 163 162 594
4 43 42 594 441
4 934 184 617 185
4 617 65 64 502
4 126 293 125 678
4 245 725 246 678
4 221 222 675 708
4 101 102 276 675
4 39 40 443 611
4 160 159 875 611
4 531 122 3 659
4 963 659 7 242
4 596 62 61 518
4 182 181 950 596
4 63 1 619 530
4 5 619 962 183
4 187 965 6 621
4 621 2 67 533
4 4 247 964 683
4 0 532 127 683
4 962 597 5 182
4 597 1 62 530
4 186 953 187 620
4 620 67 66 521
4 61 60 606 283
4 606 180 181 715
4 709 169 168 608
4 49 48 608 277
4 639 68 2 533
4 965 188 6 639
4 174 175 601 713
4 601 55 54 281
4 294 63 64 618
4 183 726 184 618
4 0 8 532 579
4 128 579 4 964
4 232 711 672 231
4 111 112 279 672
4 52 51 610 280
4 171 172 610 712
4 126 682 127 522
4 954 246 682 247
4 114 115 282 663
4 235 714 663 234
4 26 25 577 286
4 145 146 577 718
4 284 120 121 668
4 240 668 716 241
4 117 118 269 651
4 238 701 651 237
4 165 164 702 592
4 44 45 270 592
4 519 121 122 658
4 241 658 951 242
4 838 840 968 999
4 406 536 408 999
4 591 60 59 534
4 179 180 591 966
4 175 176 590 899
4 56 55 590 467
4 119 120 542 653
4 240 974 653 239
4 172 173 615 912
4 615 53 52 480
4 912 975 855 995
4 543 480 423 995
4 913 170 169 607
4 50 49 607 481
4 237 983 657 236
4 116 117 551 657
4 167 166 722 609
4 47 46 609 290
4 113 114 558 655
4 233 234 655 990
4 59 58 599 535
4 967 179 178 599
4 168 167 989 605
4 48 47 605 557
4 969 177 176 595
4 595 57 56 537
4 118 119 544 661
4 238 661 976 239
4 593 173 174 973
4 54 53 593 541
4 115 116 554 652
4 652 235 236 986
4 604 51 50 550
4 604 170 171 982
4 666 879 279 447
4 711 666 279 672
4 711 279 666 879
4 677 851 558 419
4 990 677 558 655
4 990 558 677 851

CELL_TYPES 2637
10
10
10
10
10
10
10
10
10
10
10
10
10
10
10
10
10
10
10
10
10
10
10
10
10
10
10
10
10
10
10
10
10
10
10
10
10
10
10
10
10
10
10
10
10
10
10
10
10
10
10
10
10
10
10
10
10
10
10
10
10
10
10
10
10
10
10
10
10
10
10
10
10
10
10
10
10
10
10
10
10
10
10
10
10
10
10
10
10
10
10
10
10
10
10
10
10
10
10
10
10
10
10
10
10
10
10
10
10
10
10
10
10
10
10
10
10
10
10
10
10
10
10
10
10
10
10
10
10
10
10
10
10
10
10
10
10
10
10
10
10
10
10
10
10
10
10
10
10
10
10
10
10
10
10
10
10
10
10
10
10
10
10
10
10
10
10
10
10
10
10
10
10
10
10
10
10
10
10
10
10
10
10
10
10
10
10
10
10
10
10
10
10
10
10
10
10
10
10
10
10
10
10
10
10
10
10
10
10
10
10
10
10
10
10
10
10
10
10
10
10
10
10
10
10
10
10
10
10
10
10
10
10
10
10
10
10
10
10
10
10
10
10
10
10
10
10
10
10
10
10
10
10
10
10
10
10
10
10
10
10
10
10
10
10
10
10
10
10
10
10
10
10
10
10
10
10
10
10
10
10
10
10
10
10
10
10
10
10
10
10
10
10
10
10
10
10
10
10
10
10
10
10
10
10
10
10
10
10
10
10
10
10
10
10
10
10
10
10
10
10
10
10
10
10
10
10
10
10
10
10
10
10
10
10
10
10
10
10
10
10
10
10
10
10
10
10
10
10
10
10
10
10
10
10
10
10
10
10
10
10
10
10
10
10
10
10
10
10
10
10
10
10
10
10
10
10
10
10
10
10
10
10
10
10
10
10
10
10
10
10
10
10
10
10
10
10
10
10
10
10
10
10
10
10
10
10
10
10
10
10
10
10
10
10
10
10
10
10
10
10
10
10
10
10
10
10
10
10
10
10
10
10
10
10
10
10
10
10
10
10
10
10
10
10
10
10
10
10
10
10
10
10
10
10
10
10
10
10
10
10
10
10
10
10
10
10
10
10
10
10
10
10
10
10
10
10
10
10
10
10
10
10
10
10
10
10
10
10
10
10
10
10
10
10
10
10
10
10
10
10
10
10
10
10
10
10
10
10
10
10
10
10
10
10
10
10
10
10
10
10
10
10
10
10
10
10
10
10
10
10
10
10
10
10
10
10
10
10
10
10
10
10
10
10
10
10
10
10
10
10
10
10
10
10
10
10
10
10
10
10
10
10
10
10
10
10
10
10
10
10
10
10
10
10
10
10
10
10
10
10
10
10
10
10
10
10
10
10
10
10
10
10
10
10
10
10
10
10
10
10
10
10
10
10
10
10
10
10
10
10
10
10
10
10
10
10
10
10
10
10
10
10
10
10
10
10
10
10
10
10
10
10
10
10
10
10
10
10
10
10
10
10
10
10
10
10
10
10
10
10
10
10
10
10
10
10
10
10
10
10
10
10
10
10
10
10
10
10
10
10
10
10
10
10
10
10
10
10
10
10
10
10
10
10
10
10
10
10
10
10
10
10
10
10
10
10
10
10
10
10
10
10
10
10
10
10
10
10
10
10
10
10
10
10
10
10
10
10
10
10
10
10
10
10
10
10
10
10
10
10
10
10
10
10
10
10
10
10
10
10
10
10
10
10
10
10
10
10
10
10
10
10
10
10
10
10
10
10
10
10
10
10
10
10
10
10
10
10
10
10
10
10
10
10
10
10
10
10
10
10
10
10
10
10
10
10
10
10
10
10
10
10
10
10
10
10
10
10
10
10
10
10
10
10
10
10
10
10
10
10
10
10
10
10
10
10
10
10
10
10
10
10
10
10
10
10
10
10
10
10
10
10
10
10
10
10
10
10
10
10
10
10
10
10
10
10
10
10
10
10
10
10
10
10
10
10
10
10
10
10
10
10
10
10
10
10
10
10
10
10
10
10
10
10
10
10
10
10
10
10
10
10
10
10
10
10
10
10
10
10
10
10
10
10
10
10
10
10
10
10
10
10
10
10
10
10
10
10
10
10
10
10
10
10
10
10
10
10
10
10
10
10
10
10
10
10
10
10
10
10
10
10
10
10
10
10
10
10
10
10
10
10
10
10
10
10
10
10
10
10
10
10
10
10
10
10
10
10
10
10
10
10
10
10
10
10
10
10
10
10
10
10
10
10
10
10
10
10
10
10
10
10
10
10
10
10
10
10
10
10
10
10
10
10
10
10
10
10
10
10
10
10
10
10
10
10
10
10
10
10
10
10
10
10
10
10
10
10
10
10
10
10
10
10
10
10
10
10
10
10
10
10
10
10
10
10
10
10
10
10
10
10
10
10
10
10
10
10
10
10
10
10
10
10
10
10
10
10
10
10
10
10
10
10
10
10
10
10
10
10
10
10
10
10
10
10
10
10
10
10
10
10
10
10
10
10
10
10
10
10
10
10
10
10
10
10
10
10
10
10
10
10
10
10
10
10
10
10
10
10
10
10
10
10
10
10
10
10
10
10
10
10
10
10
10
10
10
10
10
10
10
10
10
10
10
10
10
10
10
10
10
10
10
10
10
10
10
10
10
10
10
10
10
10
10
10
10
10
10
10
10
10
10
10
10
10
10
10
10
10
10
10
10
10
10
10
10
10
10
10
10
10
10
10
10
10
10
10
10
10
10
10
10
10
10
10
10
10
10
10
10
10
10
10
10
10
10
10
10
10
10
10
10
10
10
10
10
10
10
10
10
10
10
10
10
10
10
10
10
10
10
10
10
10
10
10
10
10
10
10
10
10
10
10
10
10
10
10
10
10
10
10
10
10
10
10
10
10
10
10
10
10
10
10
10
10
10
10
10
10
10
10
10
10
10
10
10
10
10
10
10
10
10
10
10
10
10
10
10
10
10
10
10
10
10
10
10
10
10
10
10
10
10
10
10
10
10
10
10
10
10
10
10
10
10
10
10
10
10
10
10
10
10
10
10
10
10
10
10
10
10
10
10
10
10
10
10
10
10
10
10
10
10
10
10
10
10
10
10
10
10
10
10
10
10
10
10
10
10
10
10
10
10
10
10
10
10
10
10
10
10
10
10
10
10
10
10
10
10
10
10
10
10
10
10
10
10
10
10
10
10
10
10
10
10
10
10
10
10
10
10
10
10
10
10
10
10
10
10
10
10
10
10
10
10
10
10
10
10
10
10
10
10
10
10
10
10
10
10
10
10
10
10
10
10
10
10
10
10
10
10
10
10
10
10
10
10
10
10
10
10
10
10
10
10
10
10
10
10
10
10
10
10
10
10
10
10
10
10
10
10
10
10
10
10
10
10
10
10
10
10
10
10
10
10
10
10
10
10
10
10
10
10
10
10
10
10
10
10
10
10
10
10
10
10
10
10
10
10
10
10
10
10
10
10
10
10
10
10
10
10
10
10
10
10
10
10
10
10
10
10
10
10
10
10
10
10
10
10
10
10
10
10
10
10
10
10
10
10
10
10
10
10
10
10
10
10
10
10
10
10
10
10
10
10
10
10
10
10
10
10
10
10
10
10
10
10
10
10
10
10
10
10
10
10
10
10
10
10
10
10
10
10
10
10
10
10
10
10
10
10
10
10
10
10
10
10
10
10
10
10
10
10
10
10
10
10
10
10
10
10
10
10
10
10
10
10
10
10
10
10
10
10
10
10
10
10
10
10
10
10
10
10
10
10
10
10
10
10
10
10
10
10
10
10
10
10
10
10
10
10
10
10
10
10
10
10
10
10
10
10
10
10
10
10
10
10
10
10
10
10
10
10
10
10
10
10
10
10
10
10
10
10
10
10
10
10
10
10
10
10
10
10
10
10
10
10
10
10
10
10
10
10
10
10
10
10
10
10
10
10
10
10
10
10
10
10
10
10
10
10
10
10
10
10
10
10
10
10
10
10
10
10
10
10
10
10
10
10
10
10
10
10
10
10
10
10
10
10
10
10
10
10
10
10
10
10
10
10
10
10
10
10
10
10
10
10
10
10
10
10
10
10
10
10
10
10
10
10
10
10
10
10
10
10
10
10
10
10
10
10
10
10
10
10
10
10
10
10
10
10
10
10
10
10
10
10
10
10
10
10
10
10
10
10
10
10
10
10
10
10
10
10
10
10
10
10
10
10
10
10
10
10
10
10
10
10
10
10
10
10
10
10
10
10
10
10
10
10
10
10
10
10
10
10
10
10
10
10
10
10
10
10
10
10
10
10
10
10
10
10
10
10
10
10
10
10
10
10
10
10
10
10
10
10
10
10
10
10
10
10
10
10
10
10
10
10
10
10
10
10
10
10
10
10
10
10
10
10
10
10
10
10
10
10
10
10
10
10
10
10
10
10
10
10
10
10
10
10
10
10
10
10
10
10
10
10
10
10
10
10
10
10
10
10
10
10
10
10
10
10
10
10
10
10
10
10
10
10
10
10
10
10
10
10
10
10
10
10
10
10
10
10
10
10
10
10
10
10
10
10
10
10
10
10
10
10
10
10
10
10
10
10
10
10
10
10
10
10
10
10
10
10
10
10
10
10
10
10
10
10
10
10
10
10
10
10
10
10
10
10
10
10
10
10
10
10
10
10
10
10
10
10
10
10
10
10
10
10
10
10
10
10
10
10
10
10
10
10
10
10
10
10
10
10
10
10
10
10
10
10
10
10
10
10
10
10
10
10
10
10
10
10
10
10
10
10
10
10
10
10
10
10
10
10
10
10
10
10
10
10
10
10
10
10
10
10
10
10
10
10
10
10
10
10
10
10
10
10
10
10
10
10
10
10
10
10
10
10
10
10
10
10
10
10
10
10
10
10
10
10
10
10
10
10
10
10
10
10
10
10
10
10
10
10
10
10
10
10
10
10
10
10
10
10
10
10
10
10
10
10
10
10
10
10
10
10
10
10
10
10
10
10
10
10
10
10
10
10
10
10
10
10
10
10
10
10
10
10
10
10
10
10
10
10
10
10
10
10
10
10
10
10
10
10
10
10
10
10
10
10
10
10
10
10
10
10
10
10
10
10
10
10
10
10
10
10
10
10
10
10
10
10
10
10
10
10
10
10
10
10
10
10
10
10
10
10
10
10
10
10
10
10
10
10
10
10
10
10
10
10
10
10
10
10
10
10
10
10
10
10
10
10
10
10
10
10
10
10
10
10
10
10
10
10
10
10
10
10
10
10
10
10
10
10
10
10
10
10
10
10
10
10
10
10
10
10
10
10
10
10
10
10
10
10
10
10
10
10
10
10
10
10
10
10
10
10
10
10
10
10
10
10
10
10
10
10
10
10
10
10
10
10
10
10
10
10
10
10
10
10
10
10
10
10
10
10
10
10
10
10
10
10
10
10
10
10
10
10
10
10
10
10
10
10
10
10
10
10
10
10
10
10
10
10
10
10
10
10
10
10
10
10
10
10
10
10
10
10
10
10
10
10
10
10
10
10
10
10
10
10
10
10
10
10
10
10
10
10
10
10
10
10
10
10
10
10
10
10
10
10
10
10
10
10
10
10
10
10
10
10
10
10
10
10
10
10
10
10
10
10
10
10
10
10
10
10
10
10
10
10
10
10
10
10
10
10
10
10
10
10
10
10
10
10
10
10
10
10
10
10
10
10
10
10
10
10
10
10
10
10
10
10
10
10
10
10
10
10
10
10
10
10
10
10
10
10
10
10
10
10
10
10
10
10
10
10
10
10
10
10
10
10
10
10
10
10
10
10
10
10
10
10
10
10
10
10
10
10
10
10
10
10
10
10
10
10
10
10
10
10
10
10
10
10
10
10
10
10
10
10
10
10
10
10
10
10
10
10
10
10
10
10
10
10
10
10
10
10
10
10
10
10
10
10
10
10
10
10
10
10
10
10
10
10
10
10
10
10
10
10
10
10
10
10
10
10
10
10
10
10
10
10
10
10
10
10
10
10
10
10
10
10
10
10
10

CELL_DATA 2637
SCALARS CellEntityIds int 1
LOOKUP_TABLE default
1
1
1
1
1
1
1
1
1
1
1
1
1
1
1
1
1
1
1
1
1
1
1
1
1
1
1
1
1
1
1
1
1
1
1
1
1
1
1
1
1
1
1
1
1
1
1
1
1
1
1
1
1
1
1
1
1
1
1
1
1
1
1
1
1
1
1
1
1
1
1
1
1
1
1
1
1
1
1
1
1
1
1
1
1
1
1
1
1
1
1
1
1
1
1
1
1
1
1
1
1
1
1
1
1
1
1
1
1
1
1
1
1
1
1
1
1
1
1
1
1
1
1
1
1
1
1
1
1
1
1
1
1
1
1
1
1
1
1
1
1
1
1
1
1
1
1
1
1
1
1
1
1
1
1
1
1
1
1
1
1
1
1
1
1
1
1
1
1
1
1
1
1
1
1
1
1
1
1
1
1
1
1
1
1
1
1
1
1
1
1
1
1
1
1
1
1
1
1
1
1
1
1
1
1
1
1
1
1
1
1
1
1
1
1
1
1
1
1
1
1
1
1
1
1
1
1
1
1
1
1
1
1
1
1
1
1
1
1
1
1
1
1
1
1
1
1
1
1
1
1
1
1
1
1
1
1
1
1
1
1
1
1
1
1
1
1
1
1
1
1
1
1
1
1
1
1
1
1
1
1
1
1
1
1
1
1
1
1
1
1
1
1
1
1
1
1
1
1
1
1
1
1
1
1
1
1
1
1
1
1
1
1
1
1
1
1
1
1
1
1
1
1
1
1
1
1
1
1
1
1
1
1
1
1
1
1
1
1
1
1
1
1
1
1
1
1
1
1
1
1
1
1
1
1
1
1
1
1
1
1
1
1
1
1
1
1
1
1
1
1
1
1
1
1
1
1
1
1
1
1
1
1
1
1
1
1
1
1
1
1
1
1
1
1
1
1
1
1
1
1
1
1
1
1
1
1
1
1
1
1
1
1
1
1
1
1
1
1
1
1
1
1
1
1
1
1
1
1
1
1
1
1
1
1
1
1
1
1
1
1
1
1
1
1
1
1
1
1
1
1
1
1
1
1
1
1
1
1
1
1
1
1
1
1
1
1
1
1
1
1
1
1
1
1
1
1
1
1
1
1
1
1
1
1
1
1
1
1
1
1
1
1
1
1
1
1
1
1
1
1
1
1
1
1
1
1
1
1
1
1
1
1
1
1
1
1
1
1
1
1
1
1
1
1
1
1
1
1
1
1
1
1
1
1
1
1
1
1
1
1
1
1
1
1
1
1
1
1
1
1
1
1
1
1
1
1
1
1
1
1
1
1
1
1
1
1
1
1
1
1
1
1
1
1
1
1
1
1
1
1
1
1
1
1
1
1
1
1
1
1
1
1
1
1
1
1
1
1
1
1
1
1
1
1
1
1
1
1
1
1
1
1
1
1
1
1
1
1
1
1
1
1
1
1
1
1
1
1
1
1
1
1
1
1
1
1
1
1
1
1
1
1
1
1
1
1
1
1
1
1
1
1
1
1
1
1
1
1
1
1
1
1
1
1
1
1
1
1
1
1
1
1
1
1
1
1
1
1
1
1
1
1
1
1
1
1
1
1
1
1
1
1
1
1
1
1
1
1
1
1
1
1
1
1
1
1
1
1
1
1
1
1
1
1
1
1
1
1
1
1
1
1
1
1
1
1
1
1
1
1
1
1
1
1
1
1
1
1
1
1
1
1
1
1
1
1
1
1
1
1
1
1
1
1
1
1
1
1
1
1
1
1
1
1
1
1
1
1
1
1
1
1
1
1
1
1
1
1
1
1
1
1
1
1
1
1
1
1
1
1
1
1
1
1
1
1
1
1
1
1
1
1
1
1
1
1
1
1
1
1
1
1
1
1
1
1
1
1
1
1
1
1
1
1
1
1
1
1
1
1
1
1
1
1
1
1
1
1
1
1
1
1
1
1
1
1
1
1
1
1
1
1
1
1
1
1
1
1
1
1
1
1
1
1
1
1
1
1
1
1
1
1
1
1
1
1
1
1
1
1
1
1
1
1
1
1
1
1
1
1
1
1
1
1
1
1
1
1
1
1
1
1
1
1
1
1
1
1
1
1
1
1
1
1
1
1
1
1
1
1
1
1
1
1
1
1
1
1
1
1
1
1
1
1
1
1
1
1
1
1
1
1
1
1
1
1
1
1
1
1
1
1
1
1
1
1
1
1
1
1
1
1
1
1
1
1
1
1
1
1
1
1
1
1
1
1
1
1
1
1
1
1
1
1
1
1
1
1
1
1
1
1
1
1
1
1
1
1
1
1
1
1
1
1
1
1
1
1
1
1
1
1
1
1
1
1
1
1
1
1
1
1
1
1
1
1
1
1
1
1
1
1
1
1
1
1
1
1
1
1
1
1
1
1
1
1
1
1
1
1
1
1
1
1
1
1
1
1
1
1
1
1
1
1
1
1
1
1
1
1
1
1
1
1
1
1
1
1
1
1
1
1
1
1
1
1
1
1
1
1
1
1
1
1
1
1
1
1
1
1
1
1
1
1
1
1
1
1
1
1
1
1
1
1
1
1
1
1
1
1
1
1
1
1
1
1
1
1
1
1
1
1
1
1
1
1
1
1
1
1
1
1
1
1
1
1
1
1
1
1
1
1
1
1
1
1
1
1
1
1
1
1
1
1
1
1
1
1
1
1
1
1
1
1
1
1
1
1
1
1
1
1
1
1
1
1
1
1
1
1
1
1
1
1
1
1
1
1
1
1
1
1
1
1
1
1
1
1
1
1
1
1
1
1
1
1
1
1
1
1
1
1
1
1
1
1
1
1
1
1
1
1
1
1
1
1
1
1
1
1
1
1
1
1
1
1
1
1
1
1
1
1
1
1
1
1
1
1
1
1
1
1
1
1
1
1
1
1
1
1
1
1
1
1
1
1
1
1
1
1
1
1
1
1
1
1
1
1
1
1
1
1
1
1
1
1
1
1
1
1
1
1
1
1
1
1
1
1
1
1
1
1
1
1
1
1
1
1
1
1
1
1
1
1
1
1
1
1
1
1
1
1
1
1
1
1
1
1
1
1
1
1
1
1
1
1
1
1
1
1
1
1
1
1
1
1
1
1
1
1
1
1
1
1
1
1
1
1
1
1
1
1
1
1
1
1
1
1
1
1
1
1
1
1
1
1
1
1
1
1
1
1
1
1
1
1
1
1
1
1
1
1
1
1
1
1
1
1
1
1
1
1
1
1
1
1
1
1
1
1
1
1
1
1
1
1
1
1
1
1
1
1
1
1
1
1
1
1
1
1
1
1
1
1
1
1
1
1
1
1
1
1
1
1
1
1
1
1
1
1
1
1
1
1
1
1
1
1
1
1
1
1
1
1
1
1
1
1
1
1
1
1
1
1
1
1
1
1
1
1
1
1
1
1
1
1
1
1
1
1
1
1
1
1
1
1
1
1
1
1
1
1
1
1
1
1
1
1
1
1
1
1
1
1
1
1
1
1
1
1
1
1
1
1
1
1
1
1
1
1
1
1
1
1
1
1
1
1
1
1
1
1
1
1
1
1
1
1
1
1
1
1
1
1
1
1
1
1
1
1
1
1
1
1
1
1
1
1
1
1
1
1
1
1
1
1
1
1
1
1
1
1
1
1
1
1
1
1
1
1
1
1
1
1
1
1
1
1
1
1
1
1
1
1
1
1
1
1
1
1
1
1
1
1
1
1
1
1
1
1
1
1
1
1
1
1
1
1
1
1
1
1
1
1
1
1
1
1
1
1
1
1
1
1
1
1
1
1
1
1
1
1
1
1
1
1
1
1
1
1
1
1
1
1
1
1
1
1
1
1
1
1
1
1
1
1
1
1
1
1
1
1
1
1
1
1
1
1
1
1
1
1
1
1
1
1
1
1
1
1
1
1
1
1
1
1
1
1
1
1
1
1
1
1
1
1
1
1
1
1
1
1
1
1
1
1
1
1
1
1
1
1
1
1
1
1
1
1
1
1
1
1
1
1
1
1
1
1
1
1
1
1
1
1
1
1
1
1
1
1
1
1
1
1
1
1
1
1
1
1
1
1
1
1
1
1
1
1
1
1
1
1
1
1
1
1
1
1
1
1
1
1
1
1
1
1
1
1
1
1
1
1
1
1
1
1
1
1
1
1
1
1
1
1
1
1
1
1
1
1
1
1
1
1
1
1
1
1
1
1
1
1
1
1
1
1
1
1
1
1
1
1
1
1
1
1
1
1
1
1
1
1
1
1
1
1
1
1
1
1
1
1
1
1
1
1
1
1
1
1
1
1
1
1
1
1
1
1
1
1
1
1
1
1
1
1
1
1
1
1
1
1
1
1
1
1
1
1
1
1
1
1
1
1
1
1
1
1
1
1
1
1
1
1
1
1
1
1
1
1
1
1
1
1
1
1
1
1
1
1
1
1
1
1
1
1
1
1
1
1
1
1
1
1
1
1
1
1
1
1
1
1
1
1
1
1
1
1
1
1
1
1
1
1
1
1
1
1
1
1
1
1
1
1
1
1
1
1
1
1
1
1
1
1
1
1
1
1
1
1
1
1
1
1
1
1
1
1
1
1
1
1
1
1
1
1
1
1
1
1
1
1
1
1
1
1
1
1
1
1
1
1
1
1
1
1
1
1
1
1
1
1
1
1
1
1
1
1
1
1
1
1
1
1
1
1
1
1
1
1
1
1
1
1
1
1
1
1
1
1
1
1
1
1
1
1
1
1
1
1
1
1
1
1
1
1
1
1
1
1
1
1
1
1
1
1
1
1
1
1
1
1
1
1
1
1
1
1
1
1
1
1
1
1
1
1
1
1
1
1
1
1
1
1
1
1
1
1
1
1
1
1
1
1
1
1
1
1
1
1
1
1
1
1
1
1
1
1
1
1
1
1
1
1
1
1
1
1
1
1
1
1
1
1
1
1
1
1
1
1
1
1
1
1
1
1
1
1
1
1
1
1
1
1
1
1
1
1
1
1
1
1
1
1
1
1
1
1
1
1
1
1
1
1
1
1
1
1
1
1
1
1
1
1
1
1
1
1
1
1
1
1
1
1
1
1
1
1
1
1
1
1
1
1
1
1
1
1
1
1
1
1
1
1
1
1
1
1
1
1
1
1
1
1
1
1
1
1
1
1
1
1
1
1
1
1
1
1
1
1
1
1
1
1
1
1
1
1
1
1
1
1
1
1
1
1
1
1
1
1
1
1
1
1
1
1
1
1
1
1
1
1
1
1
1
1
1
1
1
1
1
1
1
1
1
1
1
1
1
1
1
1
1
1
1
1
1
1
1
1
1
1
1
1
1
1
1
1
1
1
1
1
1
1
1
1
1
1
1
1
1
1
1
1
1
1
1
1
1
1
1
1
1
1
1
1
1
1
1
1
1
1
1
1
1
1
1
1
1
1
1
1
1
1
1
1
1
1
1
1
1
1
1
1
1
1
1
1
1
1
1
1
1
1
1
1
1
1
1
1
1
1
1
1
1
1
1
1
1
1
1
1
1
1
1
1
1
1
1
1
1
1
1
1
1
1
1
1
1
1
1
1
1
1
1
1
1
1
1
1
1
1
1
1
1
1
1
1
1
1
1
1
1
1
1
1
1
1
1
1
1
1
1
1
1
1
1
1
1
1
1
1
1
1
1
1
1
1
1
1
1
1
1
1
1
1
1
1
1
1
1
1
1
1
1
1
1
1
1
1
1
1
1
1
1
1
1
1
1
1
1
1
1
1
1
1
1
1
1
1
1
1
1
1
1
1
1
1
1
1
1
1
1
1
1
1
1
1
1
1
1
1
1
1
1
1
1
1
1
1
1
1
1
1
1
1
1
1
1
1
1
1
1
1
1
1
1
1
1
1
1
1
1
1
1
1
1
1
1
1
1
1
1
1
1
1
1
1
1
1
1
1
1
1
1
1
1
1
1
1
1
1
1
1
1
1
1
1
1
1
1
1
1
1
1
1
1
1
1
1
1
1
1
1
1
1
