mtllib decomp.mtl
o /home/catherine/patient252/distal102000
usemtl Material000
v -0.435353816 0.005958974 -0.084445238
v -0.433268903 -0.133264809 -0.102619516
v -0.435353816 0.005958974 -0.255736589
v -0.520999491 0.005958974 -0.255736589
v -0.606645167 -0.026158154 -0.127268076
v -0.462038515 -0.139211992 -0.257623109
v -0.553116620 -0.047569573 -0.084445238
v -0.606645167 0.005958974 -0.127268076
v -0.435353816 -0.133215249 -0.255736589
v -0.520999491 -0.133215249 -0.255736589
v -0.456765234 -0.122509539 -0.084445238
v -0.603375269 -0.057821733 -0.160332235
v -0.553116620 0.005958974 -0.084445238
v -0.574528039 -0.004746735 -0.095150948
v -0.522002995 -0.131505996 -0.121421002
v -0.434320573 -0.115721040 -0.092544961
v -0.601244081 0.005565720 -0.158888837
v -0.574528039 -0.047569573 -0.095150948
v -0.595939457 0.005958974 -0.116562366
v -0.456765234 -0.133215249 -0.095150948
v -0.520999491 -0.079686701 -0.084445238
v -0.574528039 -0.058275282 -0.105856657
v -0.563822329 -0.058275282 -0.095150948
v -0.600019769 -0.058727194 -0.153135810
f 1 2 3
f 1 3 4
f 6 4 3
f 8 1 4
f 9 6 3
f 9 3 2
f 9 2 6
f 10 4 6
f 11 1 7
f 12 5 8
f 12 4 10
f 13 7 1
f 13 1 8
f 14 7 13
f 15 10 6
f 15 12 10
f 16 11 2
f 16 2 1
f 16 1 11
f 17 12 8
f 17 8 4
f 17 4 12
f 18 7 14
f 19 14 13
f 19 13 8
f 19 8 5
f 19 18 14
f 19 5 18
f 20 15 6
f 20 6 2
f 20 2 11
f 20 11 15
f 21 15 11
f 21 11 7
f 21 7 18
f 22 18 5
f 22 15 18
f 23 21 18
f 23 18 15
f 23 15 21
f 24 22 5
f 24 5 12
f 24 12 15
f 24 15 22
o /home/catherine/patient252/distal102001
usemtl Material001
v 0.057108819 0.005958974 -0.084445238
v 0.061667263 -0.275519357 -0.084566538
v 0.058028433 -0.132567737 -0.244252944
v -0.103476822 0.005958974 -0.234325171
v -0.103453948 -0.293016082 -0.083788106
v 0.057108819 0.005958974 -0.234325171
v -0.051831108 -0.284991300 -0.081031795
v -0.102547373 0.005786625 -0.091839056
v 0.057108819 -0.283095181 -0.202208042
v 0.014285982 -0.133215249 -0.245030880
v 0.061460489 -0.286647861 -0.156038296
v -0.103912550 -0.008402911 -0.091300570
v -0.103476822 -0.240272343 -0.170090914
v 0.057108819 -0.261683762 -0.223619461
v 0.057108819 -0.293800890 -0.127268076
v -0.103476822 -0.293800890 -0.116562366
v -0.103316773 -0.045149454 -0.234375003
v 0.024991691 -0.186743796 -0.245030880
v 0.058596116 -0.181561456 -0.236650078
v 0.046403110 -0.293800890 -0.159385204
v 0.046403110 -0.283095181 -0.202208042
v 0.014285982 -0.165332377 -0.245030880
v 0.046403110 -0.261683762 -0.223619461
v 0.024991691 -0.240272343 -0.223619461
f 30 28 25
f 30 25 26
f 31 29 26
f 31 26 25
f 32 25 28
f 34 30 27
f 34 28 30
f 35 30 26
f 35 27 30
f 36 32 28
f 36 29 31
f 36 31 25
f 36 25 32
f 37 36 28
f 38 35 33
f 39 35 26
f 39 26 29
f 39 33 35
f 40 29 36
f 40 36 37
f 40 39 29
f 41 37 28
f 41 28 34
f 42 34 27
f 42 37 41
f 43 27 35
f 43 35 38
f 43 42 27
f 43 38 42
f 44 33 39
f 44 39 40
f 45 38 33
f 45 44 40
f 45 33 44
f 46 42 41
f 46 41 34
f 46 34 42
f 47 42 38
f 47 38 45
f 47 45 40
f 47 40 37
f 48 47 37
f 48 37 42
f 48 42 47
o /home/catherine/patient252/distal102002
usemtl Material002
v 0.378280103 0.123721778 -0.020210981
v 0.399691522 -0.111803830 -0.020210981
v 0.399691522 0.134427488 -0.052328110
v 0.388985813 0.123721778 -0.427027941
v 0.232787881 -0.226564056 -0.093096931
v 0.406887246 0.122018332 -0.419289263
v 0.239105880 0.177250326 -0.159385204
v 0.395731168 0.095597474 -0.025284687
v 0.238383457 -0.221205388 -0.020250863
v 0.399691522 -0.133215249 -0.394910812
v 0.314045846 0.155838907 -0.020210981
v 0.239105880 -0.036863863 -0.405616522
v 0.367574394 0.187956035 -0.309265137
v 0.239076199 0.155245531 -0.020238208
v 0.388985813 -0.068980992 -0.427027941
v 0.405991566 -0.138354678 -0.350151848
v 0.245783092 -0.219752561 -0.019309193
v 0.239105880 0.155838907 -0.362793684
v 0.239105880 -0.101098120 -0.362793684
v 0.404381398 0.148999775 -0.400247339
v 0.399691522 0.166544616 -0.180796623
v 0.356868684 0.187956035 -0.255736589
v 0.233596425 0.044659800 -0.398131269
v 0.404071987 -0.068168998 -0.419243008
v 0.378280103 0.070193231 -0.427027941
v 0.388985813 -0.122509539 -0.405616522
v 0.249811590 -0.229566634 -0.095150948
v 0.303340137 0.187956035 -0.298559427
v 0.388985813 -0.133215249 -0.394910812
v 0.388985813 0.145133197 -0.416322231
v 0.378280103 0.155838907 -0.095150948
v 0.399691522 0.177250326 -0.277148008
v 0.399691522 0.155838907 -0.127268076
v 0.260517299 0.177250326 -0.159385204
v 0.346162975 0.155838907 -0.052328110
v 0.239105880 0.166544616 -0.330676556
v 0.239105880 0.123721778 -0.394910812
v 0.399691522 -0.122509539 -0.405616522
v 0.378280103 0.102310359 -0.427027941
v 0.260517299 -0.079686701 -0.394910812
v 0.399691522 -0.165332377 -0.180796623
v 0.303340137 0.187956035 -0.255736589
v 0.249811590 -0.111803830 -0.352087975
v 0.404880184 0.140183233 -0.410672099
v 0.367574394 0.177250326 -0.362793684
v 0.367574394 0.187956035 -0.266442299
v 0.238655649 0.166565921 -0.212707891
v 0.260517299 0.166544616 -0.352087975
v 0.367574394 0.155838907 -0.405616522
v 0.260517299 -0.090392411 -0.384205103
v 0.399691522 -0.154626667 -0.105856657
v 0.239105880 -0.111803830 -0.341382265
v 0.399169931 0.170217165 -0.356274295
v 0.324751556 0.187956035 -0.319970846
v 0.399691522 -0.143920958 -0.073739529
v 0.292634428 -0.197449505 -0.020210981
v 0.356868684 0.187956035 -0.319970846
v 0.335457265 0.177250326 -0.352087975
v 0.399691522 -0.133215249 -0.052328110
f 54 51 50
f 56 49 50
f 56 50 51
f 56 51 49
f 59 49 51
f 62 53 57
f 62 59 55
f 63 52 54
f 64 54 50
f 65 50 49
f 65 49 59
f 65 62 57
f 65 59 62
f 69 54 68
f 71 62 55
f 71 53 62
f 71 67 53
f 71 60 67
f 72 63 54
f 72 54 64
f 73 63 60
f 73 52 63
f 75 58 64
f 75 65 57
f 75 57 53
f 76 70 61
f 77 75 53
f 77 58 75
f 77 74 58
f 78 54 52
f 80 69 68
f 81 51 54
f 81 54 69
f 81 79 51
f 81 69 79
f 82 70 55
f 82 55 59
f 82 59 70
f 83 79 69
f 83 59 51
f 83 51 79
f 84 66 71
f 84 55 76
f 85 71 66
f 85 60 71
f 85 78 52
f 86 72 64
f 86 64 58
f 86 58 74
f 86 74 63
f 86 63 72
f 87 73 60
f 87 52 73
f 87 85 52
f 87 60 85
f 88 60 63
f 88 63 74
f 88 67 60
f 88 74 77
f 89 75 64
f 90 76 55
f 90 55 70
f 90 70 76
f 91 77 53
f 91 67 77
f 92 78 68
f 92 68 54
f 92 54 78
f 93 68 78
f 94 69 80
f 94 83 69
f 94 70 59
f 94 59 83
f 94 80 61
f 94 61 70
f 95 84 71
f 95 71 55
f 95 55 84
f 96 84 76
f 96 66 84
f 97 85 66
f 97 78 85
f 97 93 78
f 97 96 93
f 97 66 96
f 98 88 77
f 98 77 67
f 98 67 88
f 99 89 64
f 100 91 53
f 100 53 67
f 100 67 91
f 101 80 68
f 101 68 93
f 101 93 61
f 101 61 80
f 102 76 61
f 102 96 76
f 103 99 64
f 104 65 75
f 104 75 89
f 104 89 99
f 104 99 103
f 104 50 65
f 105 102 61
f 105 61 93
f 105 93 102
f 106 102 93
f 106 93 96
f 106 96 102
f 107 103 64
f 107 64 50
f 107 104 103
f 107 50 104
o /home/catherine/patient252/distal102003
usemtl Material003
v 0.603100002 -0.015452445 -0.020210981
v 0.699451387 -0.111803830 -0.180796623
v 0.688745677 0.091604650 -0.234325171
v 0.399333593 0.160001016 -0.234367940
v 0.399691522 -0.165332377 -0.137973785
v 0.532279288 -0.187848632 -0.236073950
v 0.410397232 0.134427488 -0.063033819
v 0.688745677 0.016664684 -0.105856657
v 0.624511421 -0.122509539 -0.073739529
v 0.699451387 -0.133215249 -0.234325171
v 0.711698344 0.003084423 -0.237894968
v 0.400969171 -0.154884554 -0.233486827
v 0.431808650 0.166544616 -0.223619461
v 0.396009010 -0.096959909 -0.024299910
v 0.635217130 0.059487522 -0.073739529
v 0.656628549 -0.047569573 -0.052328110
v 0.613805711 -0.197449505 -0.191502333
v 0.631150399 0.103729965 -0.235583673
v 0.658887285 -0.171721996 -0.236313552
v 0.720862806 -0.026158154 -0.223619461
v 0.528160036 -0.197449505 -0.212913752
v 0.624511421 0.113016069 -0.191502333
v 0.399691522 0.155838907 -0.137973785
v 0.421102941 0.102310359 -0.020210981
v 0.603100002 -0.090392411 -0.041622400
v 0.395946136 -0.104582657 -0.034328176
v 0.688745677 0.080898941 -0.170090914
v 0.656628549 0.016664684 -0.052328110
v 0.645922840 -0.079686701 -0.052328110
v 0.688745677 -0.036863863 -0.105856657
v 0.645922840 -0.197449505 -0.212913752
v 0.431808650 0.166544616 -0.234325171
v 0.699451387 -0.133215249 -0.212913752
v 0.720862806 -0.026158154 -0.234325171
v 0.581688583 -0.197449505 -0.191502333
v 0.645922840 0.070193231 -0.095150948
v 0.410397232 0.166544616 -0.202208042
v 0.431808650 0.155838907 -0.159385204
v 0.395731168 0.095597474 -0.025284687
v 0.410397232 -0.101098120 -0.020210981
v 0.396002929 0.158008908 -0.203593135
v 0.678039968 0.091604650 -0.180796623
v 0.720862806 0.005958974 -0.223619461
v 0.603100002 0.038076103 -0.041622400
v 0.667334259 0.016664684 -0.063033819
v 0.667334259 -0.133215249 -0.137973785
v 0.624511421 -0.101098120 -0.052328110
v 0.603100002 -0.036863863 -0.020210981
v 0.699451387 -0.068980992 -0.159385204
v 0.656628549 -0.068980992 -0.063033819
v 0.635217130 -0.186743796 -0.180796623
v 0.639959035 -0.189005375 -0.235976396
v 0.635217130 0.113016069 -0.212913752
v 0.667334259 -0.176038086 -0.212913752
v 0.613805711 0.113016069 -0.180796623
v 0.421102941 0.123721778 -0.052328110
v 0.410397232 0.155838907 -0.137973785
v 0.395414816 0.126255082 -0.067748038
v 0.399691522 0.113016069 -0.030916691
v 0.399691522 -0.143920958 -0.073739529
v 0.688745677 0.091604650 -0.223619461
v 0.699451387 0.038076103 -0.148679495
v 0.463925779 0.080898941 -0.020210981
v 0.635217130 0.016664684 -0.041622400
f 118 113 111
f 119 111 113
f 125 110 118
f 126 118 117
f 126 113 118
f 128 119 113
f 128 112 119
f 133 119 112
f 135 108 123
f 137 127 115
f 138 126 117
f 138 124 128
f 139 125 118
f 139 118 111
f 139 110 125
f 140 127 109
f 140 117 127
f 141 127 117
f 141 117 118
f 142 128 124
f 142 112 128
f 143 131 122
f 144 139 111
f 144 120 139
f 145 129 120
f 145 120 144
f 146 133 121
f 147 108 131
f 147 146 121
f 147 131 146
f 148 111 119
f 148 119 133
f 148 144 111
f 148 130 144
f 149 143 134
f 150 127 141
f 150 141 118
f 150 118 110
f 150 115 127
f 151 122 131
f 152 135 123
f 152 115 134
f 152 134 143
f 152 143 122
f 152 122 135
f 152 137 115
f 152 123 137
f 153 136 116
f 153 140 109
f 154 116 136
f 154 147 116
f 154 132 147
f 155 136 123
f 155 123 108
f 155 154 136
f 155 132 154
f 155 147 132
f 155 108 147
f 156 137 109
f 156 109 127
f 156 127 137
f 157 109 137
f 157 153 109
f 157 136 153
f 157 137 123
f 157 123 136
f 158 116 124
f 158 124 138
f 158 153 116
f 158 138 153
f 159 113 126
f 159 126 138
f 159 138 128
f 159 128 113
f 160 110 139
f 160 129 149
f 160 139 120
f 160 120 129
f 161 138 117
f 161 117 140
f 161 153 138
f 161 140 153
f 162 114 143
f 162 129 145
f 162 149 129
f 162 143 149
f 163 143 114
f 163 114 131
f 163 131 143
f 164 145 144
f 164 144 130
f 164 130 114
f 164 162 145
f 164 114 162
f 165 114 130
f 165 130 148
f 165 148 133
f 165 133 146
f 166 146 131
f 166 131 114
f 166 165 146
f 166 114 165
f 167 147 121
f 167 121 133
f 167 133 112
f 167 112 142
f 167 142 124
f 167 124 116
f 167 116 147
f 168 149 134
f 168 160 149
f 168 110 160
f 168 150 110
f 168 134 150
f 169 150 134
f 169 134 115
f 169 115 150
f 170 151 131
f 170 131 108
f 171 108 135
f 171 135 122
f 171 122 151
f 171 170 108
f 171 151 170
o /home/catherine/patient252/distal102004
usemtl Material004
v 0.206988752 -0.090392411 0.611425877
v 0.314045846 -0.090392411 0.408017397
v 0.303340137 -0.015452445 0.408017397
v 0.153405021 -0.026272590 0.396953375
v 0.046403110 -0.304506600 0.408017397
v 0.302110829 -0.017737750 0.391566032
v 0.153460205 -0.068980992 0.611425877
v 0.303340137 -0.068980992 0.440134525
v 0.153460205 -0.293800890 0.418723106
v 0.314045846 -0.026158154 0.408017397
v 0.228400171 -0.015452445 0.408017397
v 0.029301144 -0.287737779 0.391628635
v 0.174871624 -0.068980992 0.611425877
v 0.067814529 -0.197449505 0.611425877
v 0.292634428 -0.111803830 0.461545944
v 0.314045846 -0.090392411 0.397311687
v 0.206988752 -0.079686701 0.600720167
v 0.217694461 -0.101098120 0.600720167
v 0.230159537 -0.020272437 0.391785810
v 0.117251603 -0.309045806 0.391984520
v 0.089528811 -0.133439897 0.622141228
v 0.121343076 -0.304506600 0.429428816
v -0.007125437 -0.240272343 0.472251654
v 0.303340137 -0.090392411 0.440134525
v 0.239105880 -0.218860924 0.408017397
v 0.309866844 -0.028366066 0.392919724
v 0.271223009 -0.090392411 0.504368782
v 0.153460205 -0.186743796 0.611425877
v -0.003154897 -0.263800422 0.392686616
v 0.051566795 -0.298355074 0.391332917
v 0.089225948 -0.111803830 0.611425877
v 0.078520238 -0.304506600 0.429428816
v 0.121343076 -0.315212309 0.408017397
v 0.057108819 -0.304506600 0.418723106
v 0.292634428 -0.143920958 0.408017397
v 0.239105880 -0.218860924 0.397311687
v 0.271223009 -0.101098120 0.504368782
v 0.196283042 -0.197449505 0.536485910
v 0.132048786 -0.293800890 0.440134525
v 0.121343076 -0.197449505 0.611425877
v 0.196283042 -0.143920958 0.611425877
v -0.007125437 -0.229566634 0.397311687
v -0.007125437 -0.272389472 0.408017397
v 0.080179483 -0.310752618 0.392110233
v 0.067814529 -0.143920958 0.622131586
v 0.132048786 -0.079686701 0.611425877
v 0.024991691 -0.293800890 0.408017397
v 0.078520238 -0.315212309 0.408017397
v 0.292634428 -0.122509539 0.450840235
v 0.271223009 -0.176038086 0.408017397
v 0.292634428 -0.143920958 0.397311687
v 0.206988752 -0.250978053 0.397311687
v 0.217694461 -0.111803830 0.600720167
v 0.174871624 -0.186743796 0.590014458
v 0.206988752 -0.250978053 0.408017397
v 0.206988752 -0.122509539 0.611425877
v 0.089225948 -0.154626667 0.622131586
v 0.057108819 -0.143920958 0.536485910
v 0.057108819 -0.186743796 0.611425877
v 0.260517299 -0.165332377 0.472251654
v 0.271223009 -0.176038086 0.397311687
v 0.142754495 -0.304506600 0.408017397
v 0.196283042 -0.229566634 0.472251654
v 0.239105880 -0.133215249 0.547191620
f 181 177 174
f 181 179 173
f 182 174 177
f 182 178 174
f 182 175 178
f 184 174 178
f 187 181 173
f 188 181 174
f 188 172 181
f 188 184 172
f 188 174 184
f 189 181 172
f 190 182 177
f 190 175 182
f 192 184 178
f 192 172 184
f 195 186 173
f 195 173 179
f 195 179 186
f 197 177 181
f 197 181 187
f 198 179 181
f 198 181 189
f 198 186 179
f 200 190 183
f 200 175 190
f 201 190 177
f 201 183 190
f 201 177 191
f 201 176 183
f 203 193 185
f 204 180 193
f 204 193 203
f 205 185 194
f 205 203 185
f 206 187 173
f 208 198 189
f 208 186 198
f 210 199 193
f 210 193 180
f 210 180 199
f 211 185 193
f 211 193 199
f 213 175 200
f 214 200 183
f 214 213 200
f 214 194 213
f 215 201 191
f 215 176 201
f 215 191 204
f 216 192 178
f 217 178 175
f 217 175 202
f 217 216 178
f 217 202 216
f 218 205 194
f 218 176 205
f 218 194 214
f 218 214 183
f 218 183 176
f 219 204 203
f 219 203 205
f 219 205 176
f 219 215 204
f 219 176 215
f 220 206 173
f 220 173 186
f 221 196 207
f 222 187 206
f 222 206 221
f 222 197 187
f 222 177 197
f 222 191 177
f 223 191 207
f 223 207 196
f 224 208 189
f 224 186 208
f 224 189 172
f 225 199 180
f 225 180 209
f 225 212 199
f 226 196 209
f 226 223 196
f 227 172 192
f 227 224 172
f 228 199 212
f 228 192 216
f 228 211 199
f 228 216 185
f 228 185 211
f 228 227 192
f 228 212 227
f 229 202 175
f 229 175 213
f 229 216 202
f 229 213 194
f 229 194 216
f 230 216 194
f 230 194 185
f 230 185 216
f 231 209 196
f 231 196 221
f 231 221 206
f 231 206 220
f 231 225 209
f 231 212 225
f 231 220 186
f 232 222 221
f 232 221 207
f 232 207 191
f 232 191 222
f 233 204 191
f 233 191 223
f 233 180 204
f 233 226 180
f 233 223 226
f 234 226 209
f 234 209 180
f 234 180 226
f 235 186 224
f 235 224 227
f 235 231 186
f 235 227 212
f 235 212 231
o /home/catherine/patient252/distal102005
usemtl Material005
v 0.239105880 0.080898941 -0.020210981
v 0.239105880 -0.240272343 -0.041622400
v 0.239105880 0.080898941 -0.212913752
v 0.057108819 0.080898941 -0.212913752
v 0.055613902 -0.274141214 -0.020648306
v 0.110637367 -0.283095181 -0.212913752
v 0.228400171 -0.240272343 -0.020210981
v 0.057108819 0.080898941 -0.020210981
v 0.239105880 -0.176038086 -0.202208042
v 0.078520238 -0.197449505 -0.234325171
v 0.238383457 -0.221205388 -0.020250863
v 0.142754495 -0.315212309 -0.052328110
v 0.099931657 -0.293800890 -0.020210981
v 0.196283042 -0.293800890 -0.105856657
v 0.121343076 -0.250978053 -0.223619461
v 0.057108819 -0.283095181 -0.212913752
v 0.196283042 -0.293800890 -0.063033819
v 0.057108819 -0.047569573 -0.020210981
v 0.164165914 -0.293800890 -0.020210981
v 0.089225948 -0.315212309 -0.063033819
v 0.239105880 -0.240272343 -0.105856657
v 0.164165914 -0.283095181 -0.170090914
v 0.121343076 -0.315212309 -0.137973785
v 0.236011049 -0.159667522 -0.208907884
v 0.057108819 -0.208155215 -0.234325171
v 0.099931657 -0.261683762 -0.223619461
v 0.228400171 -0.261683762 -0.073739529
v 0.185577333 -0.304506600 -0.095150948
v 0.110637367 -0.315212309 -0.041622400
v 0.196283042 -0.283095181 -0.041622400
v 0.174871624 -0.304506600 -0.052328110
v 0.057108819 -0.293800890 -0.116562366
v 0.206988752 -0.272389472 -0.127268076
v 0.164165914 -0.272389472 -0.180796623
v 0.164165914 -0.304506600 -0.137973785
v 0.089225948 -0.315212309 -0.137973785
v 0.099931657 -0.293800890 -0.191502333
v 0.078520238 -0.208155215 -0.234325171
v 0.057108819 -0.261683762 -0.223619461
v 0.217694461 -0.272389472 -0.063033819
v 0.206988752 -0.283095181 -0.105856657
v 0.142754495 -0.315212309 -0.095150948
v 0.132048786 -0.315212309 -0.041622400
v 0.099931657 -0.304506600 -0.030916691
v 0.174871624 -0.293800890 -0.030916691
v 0.185577333 -0.304506600 -0.073739529
v 0.057108819 -0.293800890 -0.170090914
v 0.228400171 -0.250978053 -0.116562366
v 0.174871624 -0.272389472 -0.170090914
v 0.132048786 -0.304506600 -0.159385204
v 0.132048786 -0.293800890 -0.180796623
v 0.196283042 -0.283095181 -0.127268076
v 0.078520238 -0.293800890 -0.191502333
v 0.228400171 -0.261683762 -0.084445238
v 0.153460205 -0.304506600 -0.030916691
f 236 237 238
f 236 238 239
f 243 236 239
f 243 239 240
f 243 242 236
f 244 238 237
f 245 239 238
f 246 242 237
f 246 237 236
f 246 236 242
f 248 242 243
f 250 244 241
f 253 248 243
f 253 243 240
f 253 240 248
f 254 242 248
f 256 244 237
f 258 247 255
f 259 238 244
f 259 244 250
f 260 240 239
f 260 239 245
f 261 250 241
f 261 241 251
f 262 256 237
f 264 255 247
f 266 252 265
f 267 255 240
f 269 257 241
f 269 241 244
f 269 244 257
f 270 263 258
f 270 249 263
f 271 258 255
f 271 255 267
f 272 251 241
f 272 241 258
f 272 258 271
f 273 259 250
f 273 245 238
f 273 238 259
f 273 260 245
f 273 261 260
f 273 250 261
f 274 261 251
f 274 260 261
f 274 251 240
f 274 240 260
f 275 262 237
f 275 237 242
f 275 265 252
f 275 242 265
f 276 249 268
f 276 263 249
f 277 263 247
f 277 247 258
f 277 258 263
f 278 264 247
f 279 248 240
f 279 240 255
f 279 255 264
f 279 254 248
f 279 264 278
f 280 265 242
f 280 242 254
f 280 266 265
f 281 252 266
f 281 275 252
f 281 263 275
f 281 266 247
f 281 247 263
f 282 267 240
f 282 240 251
f 282 271 267
f 282 251 271
f 283 268 244
f 283 244 256
f 283 276 268
f 284 268 257
f 284 257 244
f 284 244 268
f 285 270 258
f 285 258 241
f 286 241 257
f 286 257 270
f 286 285 241
f 286 270 285
f 287 268 249
f 287 249 270
f 287 270 257
f 287 257 268
f 288 272 271
f 288 271 251
f 288 251 272
f 289 256 262
f 289 263 276
f 289 275 263
f 289 262 275
f 289 283 256
f 289 276 283
f 290 279 278
f 290 254 279
f 290 280 254
f 290 266 280
f 290 278 247
f 290 247 266
o /home/catherine/patient252/distal102006
usemtl Material006
v 0.279441095 0.140810045 0.398284812
v 0.271223009 -0.026158154 0.300960302
v 0.271695443 0.154350327 -0.020028352
v 0.174871624 0.145133197 -0.020210981
v 0.174871624 0.145133197 0.397311687
v 0.271223009 -0.026158154 -0.020210981
v 0.217694461 0.102310359 0.397311687
v 0.174871624 -0.026158154 0.300960302
v 0.260517299 0.102310359 0.397311687
v 0.181230258 0.121326701 0.395591584
v 0.174871624 -0.026158154 -0.020210981
v 0.271223009 0.113016069 0.397311687
f 295 291 293
f 295 293 294
f 296 294 293
f 296 291 292
f 296 293 291
f 297 291 295
f 298 295 294
f 298 292 297
f 298 296 292
f 299 297 292
f 299 291 297
f 300 298 297
f 300 297 295
f 300 295 298
f 301 298 294
f 301 294 296
f 301 296 298
f 302 299 292
f 302 292 291
f 302 291 299
o /home/catherine/patient252/distal102007
usemtl Material007
v 0.239105880 0.359247386 1.350119829
v 0.260517299 0.262896001 1.350119829
v 0.271223009 0.295013130 0.889774323
v 0.142754495 0.305718839 0.879068613
v 0.132048786 0.284307420 1.350119829
v 0.185577333 0.187956035 0.879068613
v 0.206988752 0.327130258 0.932597160
v 0.281928718 0.305718839 1.264474154
v 0.164165914 0.359247386 1.350119829
v 0.271223009 0.220073164 0.879068613
v 0.110637367 0.252190292 0.879068613
v 0.164165914 0.241484582 1.339414120
v 0.249811590 0.337835968 1.082477093
v 0.249811590 0.305718839 0.879068613
v 0.260517299 0.337835968 1.350119829
v 0.164165914 0.359247386 1.253768444
v 0.239105880 0.241484582 1.328708410
v 0.271223009 0.252190292 1.210945606
v 0.281928718 0.305718839 1.221651316
v 0.139111102 0.226434985 0.875887562
v 0.132048786 0.327130258 1.350119829
v 0.185577333 0.241484582 1.350119829
v 0.132048786 0.220073164 0.943302870
v 0.185577333 0.316424549 0.900480032
v 0.264201164 0.278082687 0.880713689
v 0.260517299 0.305718839 0.900480032
v 0.239105880 0.327130258 0.964714289
v 0.260517299 0.337835968 1.168122768
v 0.164165914 0.327130258 0.975419998
v 0.217694461 0.359247386 1.200239897
v 0.206988752 0.187956035 0.889774323
v 0.281928718 0.295013130 1.264474154
v 0.271223009 0.220073164 0.932597160
v 0.271223009 0.327130258 1.200239897
v 0.206988752 0.187956035 0.879068613
v 0.110637367 0.273601711 0.879068613
v 0.110637367 0.273601711 0.900480032
v 0.153460205 0.252190292 1.350119829
v 0.217694461 0.241484582 1.350119829
v 0.185577333 0.187956035 0.889774323
v 0.132048786 0.273601711 1.339414120
v 0.142754495 0.209367454 0.879068613
v 0.164165914 0.316424549 0.900480032
v 0.239105880 0.359247386 1.253768444
v 0.196283042 0.359247386 1.200239897
v 0.142754495 0.327130258 1.050359964
v 0.228400171 0.359247386 1.210945606
v 0.271223009 0.273601711 1.296591282
v 0.281928718 0.295013130 1.221651316
v 0.260517299 0.241484582 1.200239897
v 0.260517299 0.209367454 0.879068613
v 0.271223009 0.327130258 1.275179863
v 0.110637367 0.252190292 0.900480032
v 0.142754495 0.209367454 0.943302870
v 0.196283042 0.230778873 1.264474154
v 0.142754495 0.262896001 1.350119829
v 0.196283042 0.327130258 0.932597160
v 0.185577333 0.359247386 1.210945606
v 0.132048786 0.316424549 1.028948545
v 0.260517299 0.209367454 0.889774323
v 0.206988752 0.230778873 1.264474154
v 0.185577333 0.327130258 0.943302870
v 0.132048786 0.327130258 1.146711349
v 0.239105880 0.209367454 0.996831417
f 307 304 303
f 311 307 303
f 317 303 304
f 317 304 310
f 318 311 303
f 320 304 319
f 321 312 305
f 322 316 312
f 322 306 316
f 323 307 311
f 323 311 318
f 324 304 307
f 326 316 306
f 326 309 316
f 327 316 305
f 327 305 312
f 327 312 316
f 328 315 305
f 328 305 316
f 329 316 309
f 329 328 316
f 329 315 328
f 330 303 317
f 330 305 315
f 332 329 309
f 332 318 303
f 334 310 304
f 334 321 310
f 335 334 320
f 335 312 334
f 336 310 321
f 336 330 317
f 336 321 305
f 336 305 330
f 337 308 322
f 337 333 308
f 338 322 313
f 338 306 322
f 339 307 323
f 339 338 313
f 339 323 338
f 340 324 307
f 340 314 324
f 341 319 304
f 341 304 324
f 341 333 319
f 342 308 333
f 344 325 313
f 344 313 322
f 344 322 308
f 344 308 342
f 345 326 306
f 345 309 326
f 345 306 331
f 346 330 315
f 346 303 330
f 346 332 303
f 347 332 309
f 347 318 332
f 348 331 306
f 348 318 331
f 349 315 329
f 349 329 332
f 349 346 315
f 349 332 346
f 350 334 304
f 350 304 320
f 350 320 334
f 351 334 312
f 351 312 321
f 351 321 334
f 352 335 320
f 352 320 319
f 352 319 335
f 353 312 335
f 353 333 337
f 353 337 322
f 353 322 312
f 354 336 317
f 354 317 310
f 354 310 336
f 355 339 313
f 355 307 339
f 355 343 307
f 355 313 325
f 355 325 343
f 356 340 325
f 356 314 340
f 356 342 314
f 356 344 342
f 356 325 344
f 357 341 324
f 357 342 333
f 357 324 314
f 357 314 342
f 358 340 307
f 358 307 343
f 358 343 325
f 358 325 340
f 359 309 345
f 359 347 309
f 360 331 318
f 360 318 347
f 360 347 359
f 361 348 306
f 361 306 338
f 362 353 335
f 362 335 319
f 362 333 353
f 363 357 333
f 363 333 341
f 363 341 357
f 364 359 345
f 364 345 331
f 364 360 359
f 364 331 360
f 365 361 338
f 365 338 323
f 365 323 318
f 365 318 348
f 365 348 361
f 366 362 319
f 366 319 333
f 366 333 362
o /home/catherine/patient252/distal102008
usemtl Material008
v 0.057108819 0.080898941 0.290254593
v 0.057759885 -0.362886180 0.289765477
v 0.056676032 0.134846295 0.161975777
v -0.049948275 0.102310359 0.161786079
v -0.085723026 0.005719221 0.295214932
v 0.035697401 -0.315212309 0.161786079
v -0.060653985 0.134427488 0.290254593
v 0.057108819 0.145133197 0.193903208
v 0.057108819 -0.293800890 0.161786079
v -0.103476822 -0.186743796 0.172491789
v -0.007125437 0.134427488 0.290254593
v -0.082065403 0.113016069 0.279548883
v 0.024991691 0.145133197 0.161786079
v 0.057108819 -0.368740857 0.247431755
v -0.096963748 -0.183127528 0.156160440
v -0.082065403 -0.293800890 0.290254593
v -0.060653985 0.134427488 0.268843174
v -0.082065403 0.113016069 0.290254593
v -0.103476822 -0.133215249 0.172491789
v 0.024991691 0.145133197 0.172491789
v 0.057108819 -0.336623728 0.204608917
v -0.063526415 0.044091924 0.156673823
v 0.035697401 -0.368740857 0.290254593
v -0.092771113 0.005958974 0.279548883
v -0.039242566 -0.315212309 0.172491789
v 0.046403110 0.145133197 0.193903208
v 0.035697401 -0.325918019 0.172491789
v -0.021928253 0.116352342 0.159875872
v -0.096380139 -0.133740813 0.156272657
v -0.049948275 -0.325918019 0.290254593
v -0.083538863 -0.234998881 0.291118016
v -0.028536856 -0.336623728 0.215314627
v -0.028536856 -0.315212309 0.161786079
v -0.071359694 -0.293800890 0.204608917
v 0.046403110 -0.336623728 0.193903208
v -0.053558531 0.077682008 0.158992935
v 0.035697401 -0.368740857 0.247431755
v -0.049948275 -0.293800890 0.161786079
v -0.028536856 -0.325918019 0.183197498
v -0.082065403 -0.293800890 0.268843174
v -0.049948275 -0.325918019 0.226020336
v 0.003580272 -0.336623728 0.183197498
v -0.060653985 -0.304506600 0.193903208
v -0.071359694 -0.304506600 0.236726046
v 0.024991691 -0.336623728 0.183197498
v -0.017831147 -0.325918019 0.172491789
v -0.049948275 -0.304506600 0.172491789
v -0.049948275 -0.315212309 0.193903208
v -0.060653985 -0.315212309 0.226020336
f 371 368 367
f 374 367 368
f 375 374 368
f 375 369 374
f 377 373 371
f 377 371 367
f 377 374 373
f 377 367 374
f 379 374 369
f 381 375 372
f 383 378 373
f 383 370 378
f 383 379 370
f 383 373 379
f 384 371 373
f 384 373 378
f 385 381 376
f 386 379 373
f 386 374 379
f 387 375 368
f 387 368 380
f 387 372 375
f 388 369 375
f 388 375 381
f 388 385 378
f 388 378 370
f 389 368 371
f 389 380 368
f 390 376 382
f 390 385 376
f 390 371 384
f 390 384 378
f 390 378 385
f 392 386 373
f 392 373 374
f 392 374 386
f 393 372 387
f 394 370 379
f 394 379 369
f 394 369 388
f 395 388 381
f 395 381 385
f 395 385 388
f 396 389 371
f 396 371 382
f 397 390 382
f 397 382 371
f 397 371 390
f 398 389 396
f 399 381 372
f 399 372 393
f 400 376 381
f 401 393 387
f 401 387 380
f 401 380 393
f 402 394 388
f 402 388 370
f 402 370 394
f 403 380 389
f 403 389 398
f 404 381 399
f 404 400 381
f 405 398 391
f 405 391 399
f 405 403 398
f 406 382 376
f 406 376 400
f 406 396 382
f 407 391 398
f 407 398 396
f 407 396 406
f 408 399 393
f 408 380 403
f 409 400 404
f 410 406 400
f 410 400 409
f 411 408 393
f 411 393 380
f 411 380 408
f 412 405 399
f 412 399 408
f 412 408 403
f 412 403 405
f 413 409 404
f 413 391 409
f 413 404 399
f 413 399 391
f 414 409 391
f 414 391 407
f 414 407 409
f 415 410 409
f 415 409 407
f 415 407 406
f 415 406 410
o /home/catherine/patient252/distal102009
usemtl Material009
v -0.242651045 -0.015452445 0.076140404
v -0.231945336 -0.283095181 -0.063033819
v -0.232570435 0.050609130 -0.085187572
v -0.497430137 0.015789839 -0.089566402
v -0.499588072 -0.068980992 -0.063033819
v -0.248508891 -0.275927628 -0.088492129
v -0.285473883 0.059487522 -0.063033819
v -0.224795175 -0.088122125 0.071244137
v -0.510293782 -0.004746735 -0.063033819
v -0.231433979 -0.281966024 -0.085135003
v -0.466446769 0.034932242 -0.091609008
v -0.509063348 -0.065833300 -0.091334071
v -0.403236687 -0.186743796 -0.073739529
v -0.231945336 0.059487522 -0.063033819
v -0.242651045 -0.090392411 0.076140404
v -0.253356755 -0.283095181 -0.073739529
v -0.293339540 0.049834138 -0.087651508
v -0.467470944 0.038076103 -0.073739529
v -0.364715983 -0.202804728 -0.091070543
v -0.531326667 -0.025573934 -0.090253005
v -0.510293782 -0.068980992 -0.073739529
v -0.242651045 -0.004746735 0.065434694
v -0.225576997 -0.011426000 0.060408000
v -0.242651045 -0.122509539 0.065434694
v -0.510293782 -0.047569573 -0.063033819
v -0.531705201 -0.015452445 -0.073739529
v -0.296179593 0.059487522 -0.073739529
v -0.499588072 0.005958974 -0.063033819
v -0.408713118 -0.170940640 -0.090363979
v -0.371119559 -0.208155215 -0.073739529
v -0.529961079 -0.015659064 -0.089308803
v -0.413942397 -0.165332377 -0.063033819
v -0.413942397 -0.176038086 -0.073739529
v -0.225822229 -0.021214883 0.070095466
v -0.231945336 -0.122509539 0.065434694
v -0.328296721 -0.218860924 -0.052328110
v -0.531705201 -0.026158154 -0.073739529
v -0.499588072 0.016664684 -0.073739529
v -0.397026055 -0.181134308 -0.090475401
v -0.242651045 -0.283095181 -0.063033819
v -0.403236687 -0.176038086 -0.063033819
v -0.296179593 -0.186743796 -0.009505272
f 425 421 418
f 425 423 417
f 425 418 423
f 430 423 416
f 431 425 417
f 431 421 425
f 432 418 421
f 433 426 419
f 434 427 426
f 434 421 431
f 434 432 421
f 434 426 432
f 435 426 427
f 436 435 427
f 437 429 422
f 437 433 416
f 437 422 433
f 438 423 418
f 438 418 429
f 438 429 437
f 438 437 416
f 439 430 420
f 440 420 430
f 441 430 416
f 441 416 424
f 442 432 426
f 442 422 429
f 442 429 418
f 442 418 432
f 442 433 422
f 442 426 433
f 443 424 416
f 443 416 433
f 443 441 424
f 445 434 431
f 445 428 434
f 446 419 426
f 446 426 435
f 446 435 441
f 447 420 436
f 447 439 420
f 448 436 427
f 448 447 436
f 448 428 447
f 448 444 428
f 448 427 444
f 449 438 416
f 449 416 423
f 449 423 438
f 450 439 417
f 450 417 423
f 450 423 430
f 450 430 439
f 451 428 445
f 452 440 430
f 452 430 441
f 452 436 420
f 452 420 440
f 452 441 435
f 452 435 436
f 453 433 419
f 453 446 441
f 453 419 446
f 453 443 433
f 453 441 443
f 454 434 428
f 454 428 444
f 454 444 427
f 454 427 434
f 455 431 417
f 455 417 439
f 455 451 445
f 455 445 431
f 456 447 428
f 456 428 451
f 456 439 447
f 457 455 439
f 457 451 455
f 457 456 451
f 457 439 456
o /home/catherine/patient252/distal102010
usemtl Material010
v 0.057108819 0.209367454 -0.191502333
v 0.057108819 0.005958974 -0.191502333
v 0.057108819 0.145133197 -0.394910812
v -0.103476822 0.166544616 -0.469850779
v -0.103476822 0.005958974 -0.191502333
v 0.058228777 0.006839554 -0.391300918
v -0.092771113 0.220073164 -0.384205103
v -0.092771113 0.102310359 -0.469850779
v 0.035697401 0.005958974 -0.394910812
v 0.057108819 0.198661745 -0.309265137
v -0.092771113 0.198661745 -0.437733650
v -0.103476822 0.187956035 -0.212913752
v -0.092771113 0.166544616 -0.469850779
v -0.104560779 0.005877446 -0.346670228
v 0.057108819 0.177250326 -0.362793684
v 0.057108819 0.209367454 -0.255736589
v -0.103476822 0.198661745 -0.437733650
v 0.046403110 0.198661745 -0.319970846
v -0.082065403 0.187956035 -0.191502333
v -0.071359694 0.187956035 -0.437733650
v -0.109042612 0.108086043 -0.463975752
v -0.103476822 0.091604650 -0.459145069
v -0.082065403 0.220073164 -0.330676556
v -0.103476822 0.220073164 -0.277148008
v -0.095241710 0.160554447 -0.194253899
v -0.071359694 0.177250326 -0.448439360
v -0.103476822 0.220073164 -0.384205103
v -0.039242566 0.209367454 -0.191502333
v -0.082065403 0.220073164 -0.287853718
v -0.092771113 0.220073164 -0.277148008
f 462 459 458
f 463 458 459
f 465 460 463
f 466 463 459
f 466 465 463
f 470 465 461
f 470 460 465
f 470 461 468
f 471 466 459
f 471 459 462
f 472 467 463
f 472 463 460
f 473 467 464
f 473 458 463
f 473 463 467
f 474 468 461
f 474 464 468
f 475 468 464
f 475 464 467
f 475 472 468
f 475 467 472
f 476 462 458
f 477 468 472
f 478 461 465
f 478 474 461
f 478 471 462
f 478 462 469
f 479 465 466
f 479 466 471
f 479 478 465
f 479 471 478
f 480 473 464
f 480 458 473
f 481 480 464
f 481 469 476
f 481 478 469
f 482 476 469
f 482 469 462
f 482 462 476
f 483 460 470
f 483 470 468
f 483 468 477
f 483 477 472
f 483 472 460
f 484 481 464
f 484 464 474
f 484 474 478
f 484 478 481
f 485 481 476
f 485 476 458
f 485 458 481
f 486 458 480
f 486 480 481
f 487 486 481
f 487 481 458
f 487 458 486
o /home/catherine/patient252/distal102011
usemtl Material011
v 0.570982873 0.091604650 -0.234325171
v 0.570982873 -0.111803830 -0.234325171
v 0.570982873 -0.015452445 -0.341382265
v 0.399601122 0.175407217 -0.330630120
v 0.399333593 0.160001016 -0.234367940
v 0.421102941 -0.165332377 -0.341382265
v 0.570982873 0.091604650 -0.330676556
v 0.400969171 -0.154884554 -0.233486827
v 0.485337198 0.166544616 -0.309265137
v 0.498006150 -0.189054177 -0.340350687
v 0.399691522 -0.015452445 -0.341382265
v 0.485337198 0.166544616 -0.330676556
v 0.431808650 0.166544616 -0.234325171
v 0.485337198 -0.197449505 -0.341382265
v 0.570982873 -0.111803830 -0.341382265
v 0.442514360 0.177250326 -0.330676556
v 0.403226682 -0.139320401 -0.340011804
v 0.395982396 0.169795201 -0.293123255
v 0.496042907 0.145133197 -0.234325171
v 0.399691522 -0.165332377 -0.255736589
v 0.496042907 -0.186743796 -0.255736589
v 0.499769466 -0.188123587 -0.310285837
v 0.442514360 0.177250326 -0.319970846
v 0.410397232 0.177250326 -0.287853718
v 0.496042907 0.155838907 -0.287853718
v 0.463925779 0.166544616 -0.277148008
v 0.496149503 -0.174929958 -0.234345902
v 0.485337198 -0.197449505 -0.309265137
v 0.463925779 -0.176038086 -0.234325171
v 0.485337198 -0.186743796 -0.255736589
f 488 489 490
f 494 488 490
f 495 489 488
f 496 488 494
f 498 490 493
f 499 494 490
f 499 496 494
f 500 492 495
f 501 493 490
f 502 490 489
f 502 501 490
f 502 497 501
f 503 498 491
f 503 490 498
f 503 499 490
f 503 496 499
f 504 498 493
f 505 491 498
f 506 500 495
f 506 495 488
f 507 493 501
f 507 504 493
f 507 498 504
f 507 505 498
f 507 495 492
f 507 492 505
f 509 502 489
f 509 497 502
f 509 489 508
f 509 501 497
f 510 496 503
f 511 491 505
f 511 500 510
f 511 510 503
f 511 503 491
f 511 505 492
f 511 492 500
f 512 506 488
f 512 488 496
f 512 496 506
f 513 506 496
f 513 500 506
f 513 510 500
f 513 496 510
f 514 508 489
f 514 489 495
f 515 507 501
f 515 509 508
f 515 501 509
f 516 495 507
f 516 514 495
f 516 508 514
f 517 515 508
f 517 508 516
f 517 516 507
f 517 507 515
o /home/catherine/patient252/distal102012
usemtl Material012
v 0.278568988 -0.019405277 0.244294916
v 0.378280103 -0.090392411 0.108257532
v 0.378280103 0.113016069 -0.009505272
v 0.271148362 0.154382559 -0.020239838
v 0.271223009 -0.240272343 0.011906147
v 0.281928718 0.070193231 0.151080370
v 0.378280103 -0.026158154 0.108257532
v 0.281928718 -0.208155215 0.183197498
v 0.265198886 0.020205139 0.213837002
v 0.376730306 -0.106765758 -0.021678061
v 0.281928718 0.016664684 0.226020336
v 0.292634428 0.155838907 0.011906147
v 0.367574394 -0.036863863 0.129668951
v 0.292634428 -0.186743796 0.193903208
v 0.264855205 -0.203628884 -0.018634891
v 0.269811682 0.149154904 0.007196355
v 0.266637509 -0.193301216 0.190878892
v 0.378280103 -0.111803830 0.086846113
v 0.373868246 0.107243961 -0.025755106
v 0.281928718 0.027370393 0.215314627
v 0.378280103 0.070193231 0.033317566
v 0.266448657 0.014079444 0.223087300
v 0.303340137 0.155838907 0.001200438
v 0.367574394 -0.090392411 0.129668951
v 0.314045846 -0.229566634 0.011906147
v 0.265699144 0.064509410 0.147604566
v 0.281928718 -0.197449505 0.193903208
v 0.265032617 -0.222300188 0.148335326
v 0.335457265 -0.208155215 0.086846113
v 0.299303631 0.148198361 -0.023111224
v 0.281928718 -0.208155215 -0.020210981
v 0.303340137 0.145133197 0.022611856
v 0.266974768 -0.016991555 0.233023551
v 0.335457265 -0.176038086 0.129668951
v 0.335457265 -0.122509539 0.161786079
v 0.265758351 -0.202264469 0.179969011
v 0.281928718 -0.240272343 0.129668951
v 0.292634428 -0.208155215 0.172491789
v 0.335457265 -0.208155215 0.033317566
v 0.367574394 0.123721778 -0.009505272
v 0.292634428 -0.240272343 0.011906147
v 0.271122506 -0.026430467 0.240146090
v 0.367574394 -0.111803830 0.118963242
v 0.280229939 -0.027534044 0.241617863
v 0.271223009 -0.240272343 0.129668951
v 0.303340137 -0.240272343 0.086846113
v 0.314045846 -0.229566634 0.097551823
v 0.281928718 -0.229566634 0.151080370
v 0.362951595 0.115363960 -0.025011941
v 0.324751556 0.145133197 0.001200438
v 0.292634428 -0.229566634 0.001200438
v 0.303340137 -0.240272343 0.022611856
f 524 519 520
f 530 519 524
f 530 528 518
f 530 524 528
f 533 521 532
f 533 529 521
f 533 523 529
f 535 527 520
f 535 520 519
f 536 520 527
f 537 528 520
f 537 523 526
f 538 528 524
f 538 524 520
f 538 520 528
f 539 518 528
f 539 537 526
f 539 528 537
f 540 521 529
f 541 530 518
f 541 519 530
f 543 526 523
f 543 523 533
f 543 533 532
f 543 532 526
f 544 518 534
f 544 534 525
f 544 525 531
f 545 526 532
f 545 532 522
f 547 532 521
f 547 521 540
f 548 536 527
f 548 547 536
f 548 532 547
f 548 527 542
f 548 522 532
f 549 529 523
f 549 523 537
f 550 539 526
f 551 546 535
f 553 526 545
f 553 550 526
f 553 534 550
f 553 525 534
f 555 531 525
f 555 551 531
f 555 546 551
f 556 546 542
f 556 542 527
f 556 527 535
f 556 535 546
f 557 547 540
f 557 520 536
f 557 549 537
f 557 537 520
f 558 522 548
f 558 554 522
f 559 550 534
f 559 534 518
f 559 518 539
f 559 539 550
f 560 531 551
f 560 552 531
f 560 541 552
f 560 519 541
f 560 551 535
f 560 535 519
f 561 552 541
f 561 541 518
f 561 531 552
f 561 544 531
f 561 518 544
f 562 553 545
f 562 525 553
f 562 545 522
f 562 522 554
f 563 554 558
f 564 546 555
f 564 554 563
f 564 563 542
f 564 542 546
f 565 555 525
f 565 564 555
f 565 554 564
f 565 562 554
f 565 525 562
f 566 557 536
f 566 536 547
f 566 547 557
f 567 557 540
f 567 549 557
f 567 540 529
f 567 529 549
f 568 558 548
f 568 548 542
f 568 542 558
f 569 563 558
f 569 558 542
f 569 542 563
o /home/catherine/patient252/distal102013
usemtl Material013
v 0.292634428 0.230778873 0.643543005
v 0.292634428 0.209367454 0.643543005
v 0.303340137 0.209367454 0.397311687
v 0.099931657 0.230778873 0.397311687
v 0.110637367 0.198661745 0.643543005
v 0.260517299 0.273601711 0.397311687
v 0.303340137 0.166544616 0.440134525
v 0.181743780 0.278426942 0.645775746
v 0.271223009 0.262896001 0.408017397
v 0.264901996 0.255757004 0.392471999
v 0.303340137 0.198661745 0.440134525
v 0.249811590 0.113016069 0.450840235
v 0.228400171 0.155838907 0.643543005
v 0.217694461 0.284307420 0.643543005
v 0.164165914 0.273601711 0.397311687
v 0.142754495 0.273601711 0.643543005
v 0.260517299 0.273601711 0.408017397
v 0.292634428 0.230778873 0.440134525
v 0.181230258 0.121326701 0.395591584
v 0.303340137 0.209367454 0.418723106
v 0.281928718 0.123721778 0.429428816
v 0.174871624 0.155838907 0.643543005
v 0.245492162 0.265949299 0.644047624
v 0.121343076 0.252190292 0.397311687
v 0.185577333 0.284307420 0.611425877
v 0.119640709 0.237228085 0.644505696
v 0.294094841 0.160242176 0.394918059
v 0.126093849 0.153224738 0.393686449
v 0.281928718 0.166544616 0.590014458
v 0.271223009 0.113016069 0.397311687
v 0.174871624 0.113016069 0.418723106
v 0.228400171 0.123721778 0.504368782
v 0.142754495 0.273601711 0.579308748
v 0.217694461 0.284307420 0.622131586
v 0.174871624 0.284307420 0.622131586
v 0.099931657 0.230778873 0.418723106
v 0.303340137 0.155838907 0.418723106
v 0.117770035 0.160948378 0.394118697
v 0.260517299 0.166544616 0.632837296
v 0.271223009 0.113016069 0.429428816
v 0.153460205 0.123721778 0.397311687
v 0.121343076 0.166544616 0.579308748
v 0.206988752 0.113016069 0.450840235
v 0.206988752 0.284307420 0.611425877
v 0.292634428 0.134427488 0.397311687
v 0.292634428 0.134427488 0.408017397
v 0.099931657 0.177250326 0.429428816
v 0.239105880 0.155838907 0.632837296
v 0.153460205 0.145133197 0.568603039
v 0.164165914 0.155838907 0.632837296
v 0.132048786 0.145133197 0.482957363
v 0.206988752 0.123721778 0.504368782
v 0.105744083 0.182098759 0.395744120
v 0.099931657 0.220073164 0.429428816
v 0.110637367 0.177250326 0.579308748
v 0.110637367 0.155838907 0.418723106
v 0.164165914 0.145133197 0.579308748
v 0.153460205 0.123721778 0.408017397
v 0.142754495 0.145133197 0.536485910
v 0.121343076 0.145133197 0.418723106
f 576 570 571
f 577 571 570
f 578 572 575
f 579 575 572
f 580 576 572
f 580 570 576
f 582 571 577
f 584 575 579
f 585 577 583
f 586 578 575
f 586 570 578
f 586 575 583
f 587 578 570
f 587 570 572
f 587 572 578
f 589 580 572
f 589 572 570
f 589 570 580
f 591 582 577
f 592 583 577
f 592 577 570
f 592 586 583
f 592 570 586
f 593 584 579
f 594 575 584
f 595 577 585
f 595 591 577
f 595 574 591
f 596 579 572
f 597 596 588
f 597 579 596
f 599 588 596
f 600 599 581
f 600 588 599
f 601 581 582
f 601 582 591
f 602 584 593
f 602 593 573
f 602 573 585
f 603 594 583
f 603 583 575
f 604 585 583
f 604 583 594
f 604 602 585
f 604 594 584
f 604 584 602
f 605 595 585
f 605 585 573
f 605 574 595
f 606 572 576
f 606 576 571
f 606 571 598
f 607 593 579
f 607 579 597
f 607 573 593
f 608 598 571
f 608 571 582
f 609 599 590
f 609 581 599
f 609 590 598
f 609 598 608
f 610 597 588
f 610 588 600
f 610 607 597
f 612 600 581
f 612 581 601
f 613 603 575
f 613 575 594
f 613 594 603
f 614 596 572
f 614 572 606
f 614 599 596
f 614 590 599
f 615 606 598
f 615 598 590
f 615 614 606
f 615 590 614
f 616 605 573
f 617 609 608
f 617 608 582
f 617 582 581
f 617 581 609
f 619 591 574
f 619 574 611
f 619 611 618
f 621 612 601
f 621 601 591
f 621 591 612
f 622 616 573
f 622 573 607
f 623 616 574
f 623 574 605
f 623 605 616
f 624 611 574
f 624 574 616
f 625 624 616
f 625 611 624
f 625 622 607
f 625 616 622
f 626 612 591
f 626 619 618
f 626 591 619
f 626 618 600
f 626 600 612
f 627 610 600
f 628 618 611
f 628 611 620
f 628 600 618
f 628 627 600
f 628 620 627
f 629 620 611
f 629 611 625
f 629 627 620
f 629 610 627
f 629 625 607
f 629 607 610
o /home/catherine/patient252/distal102014
usemtl Material014
v -0.102547373 0.005786625 -0.091839056
v -0.103453948 -0.293016082 -0.083788106
v -0.103476822 -0.068980992 -0.212913752
v -0.274768174 -0.186743796 -0.298559427
v -0.274768174 0.005958974 -0.084445238
v -0.189122498 -0.315212309 -0.277148008
v -0.103476822 -0.240272343 -0.170090914
v -0.274768174 -0.283095181 -0.095150948
v -0.274768174 0.005958974 -0.212913752
v -0.135593951 -0.068980992 -0.245030880
v -0.103476822 -0.293800890 -0.116562366
v -0.157005370 -0.304506600 -0.245030880
v -0.274768174 -0.272389472 -0.084445238
v -0.210533917 -0.347329438 -0.170090914
v -0.103476822 0.005958974 -0.212913752
v -0.231945336 -0.229566634 -0.298559427
v -0.135593951 -0.090392411 -0.245030880
v -0.103476822 -0.122509539 -0.202208042
v -0.210533917 -0.315212309 -0.084445238
v -0.178416789 -0.347329438 -0.170090914
v -0.274768174 -0.336623728 -0.255736589
v -0.242651045 -0.101098120 -0.277148008
v -0.189122498 -0.250978053 -0.277148008
v -0.264062464 -0.283095181 -0.084445238
v -0.274768174 -0.336623728 -0.191502333
v -0.146299660 -0.325918019 -0.137973785
v -0.189122498 -0.336623728 -0.127268076
v -0.167711079 -0.336623728 -0.234325171
v -0.242651045 -0.347329438 -0.255736589
v -0.264062464 -0.325918019 -0.287853718
v -0.167711079 -0.068980992 -0.255736589
v -0.274768174 -0.101098120 -0.277148008
v -0.199828207 -0.133215249 -0.277148008
v -0.210533917 -0.229566634 -0.287853718
v -0.264062464 -0.315212309 -0.137973785
v -0.221239626 -0.325918019 -0.116562366
v -0.167711079 -0.315212309 -0.084445238
v -0.157005370 -0.325918019 -0.223619461
v -0.146299660 -0.325918019 -0.191502333
v -0.167711079 -0.325918019 -0.245030880
v -0.264062464 -0.347329438 -0.245030880
v -0.189122498 -0.347329438 -0.245030880
v -0.231945336 -0.293800890 -0.298559427
v -0.274768174 -0.315212309 -0.287853718
v -0.264062464 -0.186743796 -0.298559427
v -0.210533917 -0.122509539 -0.277148008
v -0.274768174 -0.325918019 -0.170090914
v -0.242651045 -0.347329438 -0.191502333
v -0.157005370 -0.325918019 -0.116562366
v -0.178416789 -0.347329438 -0.223619461
v -0.199828207 -0.325918019 -0.277148008
v -0.274768174 -0.325918019 -0.277148008
v -0.274455954 -0.287375107 -0.290316017
v -0.242651045 -0.208155215 -0.298559427
v -0.264062464 -0.347329438 -0.212913752
v -0.167711079 -0.336623728 -0.137973785
v -0.210533917 -0.315212309 -0.287853718
v -0.199828207 -0.347329438 -0.255736589
v -0.178416789 -0.336623728 -0.127268076
v -0.242651045 -0.325918019 -0.287853718
f 634 631 630
f 637 634 633
f 638 633 634
f 640 636 630
f 640 630 631
f 642 631 634
f 642 634 637
f 644 638 634
f 644 634 630
f 644 630 632
f 644 632 639
f 646 639 632
f 646 635 639
f 646 641 635
f 646 632 641
f 647 641 632
f 647 636 641
f 647 632 630
f 647 630 636
f 650 637 633
f 651 638 644
f 652 639 635
f 652 635 645
f 653 642 637
f 653 648 631
f 653 631 642
f 654 637 650
f 655 640 631
f 656 643 649
f 658 649 643
f 660 651 644
f 660 644 639
f 661 651 633
f 661 633 638
f 661 638 651
f 662 660 639
f 662 639 645
f 663 652 645
f 663 645 639
f 663 639 652
f 664 653 637
f 664 648 653
f 665 664 654
f 665 648 664
f 665 656 648
f 665 643 656
f 666 631 648
f 666 648 656
f 667 641 636
f 667 636 640
f 668 655 649
f 668 640 655
f 668 667 640
f 668 657 667
f 669 635 641
f 669 667 657
f 669 641 667
f 670 654 650
f 670 659 658
f 670 658 643
f 671 649 658
f 671 669 657
f 671 635 669
f 672 645 635
f 672 633 645
f 673 650 633
f 673 672 659
f 674 645 633
f 674 633 651
f 675 651 660
f 675 660 662
f 675 674 651
f 675 662 674
f 676 664 637
f 676 637 654
f 676 654 664
f 677 665 654
f 677 643 665
f 677 670 643
f 678 631 666
f 679 668 649
f 679 657 668
f 679 671 657
f 679 649 671
f 680 635 671
f 681 673 659
f 681 650 673
f 681 670 650
f 681 659 670
f 682 673 633
f 682 633 672
f 682 672 673
f 683 674 662
f 683 662 645
f 683 645 674
f 684 677 654
f 684 654 670
f 684 670 677
f 685 655 631
f 685 631 678
f 685 649 655
f 686 672 635
f 686 635 680
f 687 680 671
f 687 671 658
f 687 658 659
f 688 656 649
f 688 649 685
f 688 666 656
f 688 685 678
f 688 678 666
f 689 686 680
f 689 659 672
f 689 672 686
f 689 687 659
f 689 680 687
o /home/catherine/patient252/distal102015
usemtl Material015
v -0.178533232 0.227781759 -0.319898782
v -0.178416789 0.177250326 -0.319970846
v -0.210533917 0.295013130 -0.576907873
v -0.349708140 0.327130258 -0.576907873
v -0.349708140 0.177250326 -0.319970846
v -0.264062464 0.327130258 -0.512673616
v -0.178416789 0.230778873 -0.480556488
v -0.178416789 0.252190292 -0.352087975
v -0.296179593 0.337835968 -0.576907873
v -0.349708140 0.241484582 -0.330676556
v -0.349708140 0.177250326 -0.555496454
v -0.242651045 0.327130258 -0.534085035
v -0.178416789 0.252190292 -0.416322231
v -0.349708140 0.327130258 -0.501967907
v -0.328296721 0.241484582 -0.319970846
v -0.180874176 0.174483174 -0.476891346
v -0.349708140 0.198661745 -0.576907873
v -0.221239626 0.305718839 -0.523379326
v -0.296179593 0.337835968 -0.544790745
v -0.242651045 0.327130258 -0.566202164
v -0.317591012 0.337835968 -0.544790745
v -0.221239626 0.252190292 -0.330676556
v -0.349708140 0.230778873 -0.319970846
v -0.349708140 0.316424549 -0.469850779
v -0.210533917 0.241484582 -0.576907873
v -0.231945336 0.316424549 -0.523379326
v -0.210533917 0.295013130 -0.544790745
v -0.285473883 0.327130258 -0.501967907
v -0.231945336 0.316424549 -0.576907873
v -0.317591012 0.337835968 -0.576907873
v -0.210533917 0.241484582 -0.319970846
v -0.306885302 0.252190292 -0.330676556
v -0.285473883 0.198661745 -0.576907873
v -0.339002430 0.316424549 -0.469850779
v -0.231945336 0.220073164 -0.576907873
v -0.317591012 0.177250326 -0.555496454
v -0.296179593 0.187956035 -0.566202164
f 694 691 690
f 697 690 691
f 697 691 696
f 698 692 693
f 699 693 694
f 700 694 693
f 701 695 697
f 702 697 696
f 702 696 692
f 702 692 697
f 703 693 699
f 705 696 691
f 705 691 694
f 705 694 700
f 706 700 693
f 706 693 692
f 707 692 701
f 708 701 698
f 708 695 701
f 709 701 692
f 709 698 701
f 710 693 703
f 710 708 698
f 710 703 708
f 711 697 695
f 712 704 699
f 712 699 694
f 712 694 690
f 712 690 704
f 713 703 699
f 713 699 704
f 714 692 696
f 714 696 705
f 714 706 692
f 715 707 701
f 715 701 697
f 715 697 707
f 716 707 697
f 716 697 692
f 716 692 707
f 717 708 703
f 717 695 708
f 717 703 713
f 717 711 695
f 718 709 692
f 718 692 698
f 718 698 709
f 719 710 698
f 719 698 693
f 719 693 710
f 720 711 704
f 720 704 690
f 720 690 697
f 720 697 711
f 721 713 704
f 721 704 711
f 721 711 713
f 722 700 706
f 722 706 714
f 723 717 713
f 723 713 711
f 723 711 717
f 724 722 714
f 724 714 705
f 724 705 722
f 725 705 700
f 725 700 722
f 726 725 722
f 726 722 705
f 726 705 725
o /home/catherine/patient252/distal102016
usemtl Material016
v 0.156682737 -0.074947766 0.461486675
v 0.153460205 -0.154626667 0.461545944
v 0.152922693 -0.017073097 0.393589486
v -0.146299660 -0.015452445 0.397311687
v -0.103476822 -0.101098120 0.493663073
v -0.014071711 -0.257117501 0.393180230
v -0.082065403 -0.047569573 0.472251654
v 0.153460205 -0.154626667 0.397311687
v 0.035697401 -0.240272343 0.493663073
v 0.046238576 -0.007417655 0.391285780
v -0.103476822 -0.186743796 0.397311687
v 0.153460205 -0.015452445 0.408017397
v -0.092771113 -0.058275282 0.482957363
v 0.153405021 -0.026272590 0.396953375
v 0.091735244 -0.134858518 0.483029227
v 0.089225948 -0.229566634 0.397311687
v -0.045547816 -0.232384728 0.393262753
v -0.135593951 -0.004746735 0.408017397
v -0.146299660 -0.101098120 0.461545944
v -0.039242566 -0.229566634 0.472251654
v 0.046403110 -0.004746735 0.408017397
v 0.089225948 -0.154626667 0.482957363
v -0.028536856 -0.133215249 0.493663073
v -0.071359694 -0.101098120 0.493663073
v 0.089225948 -0.229566634 0.472251654
v -0.146299660 -0.101098120 0.397311687
v -0.049948275 -0.240272343 0.408017397
v -0.135593951 -0.004746735 0.397311687
v -0.124888241 -0.047569573 0.472251654
v -0.017831147 -0.261683762 0.408017397
v -0.124888241 -0.143920958 0.472251654
v -0.092771113 -0.154626667 0.493663073
v -0.146299660 -0.058275282 0.461545944
v -0.114182532 -0.058275282 0.482957363
v 0.035697401 -0.250978053 0.482957363
v -0.006176177 -0.260123427 0.396148649
v -0.049948275 -0.229566634 0.450840235
v -0.124888241 -0.133215249 0.482957363
v -0.146299660 -0.026158154 0.429428816
v -0.135593951 -0.058275282 0.472251654
v -0.028536856 -0.240272343 0.461545944
v 0.047541761 -0.248314058 0.470579945
v -0.103476822 -0.186743796 0.408017397
v -0.135593951 -0.122509539 0.472251654
v -0.103476822 -0.143920958 0.493663073
v -0.146299660 -0.015452445 0.408017397
v -0.124888241 -0.068980992 0.482957363
f 734 727 728
f 734 732 729
f 736 729 732
f 738 733 727
f 739 727 733
f 740 734 729
f 740 727 734
f 740 738 727
f 740 729 738
f 741 728 727
f 742 734 728
f 742 732 734
f 743 736 732
f 743 730 736
f 747 738 729
f 747 729 736
f 747 744 733
f 747 733 738
f 748 741 735
f 748 735 728
f 748 728 741
f 749 731 735
f 749 735 741
f 750 739 731
f 750 749 741
f 750 731 749
f 750 741 727
f 750 727 739
f 751 742 728
f 751 728 735
f 752 743 737
f 752 730 743
f 752 745 730
f 752 737 745
f 753 743 732
f 753 737 743
f 754 736 730
f 754 730 744
f 754 747 736
f 754 744 747
f 755 739 733
f 755 733 744
f 756 753 732
f 758 746 735
f 758 735 731
f 759 730 745
f 760 731 739
f 760 739 755
f 761 735 746
f 761 751 735
f 762 756 732
f 762 732 742
f 762 761 756
f 763 753 756
f 763 746 757
f 764 759 745
f 764 757 746
f 764 746 758
f 765 759 755
f 765 755 744
f 765 730 759
f 766 755 759
f 767 761 746
f 767 756 761
f 767 763 756
f 767 746 763
f 768 742 751
f 768 751 761
f 768 762 742
f 768 761 762
f 769 763 757
f 769 737 753
f 769 753 763
f 769 757 745
f 769 745 737
f 770 764 745
f 770 745 757
f 770 757 764
f 771 764 758
f 771 758 731
f 771 731 764
f 772 765 744
f 772 744 730
f 772 730 765
f 773 764 731
f 773 731 760
f 773 760 755
f 773 755 766
f 773 766 759
f 773 759 764
o /home/catherine/patient252/distal102017
usemtl Material017
v -0.349708140 0.230778873 -0.319970846
v -0.349708140 0.005958974 -0.319970846
v -0.349708140 0.327130258 -0.576907873
v -0.435623909 0.320349213 -0.569946325
v -0.435706269 0.192246387 -0.319860360
v -0.381825268 0.187956035 -0.576907873
v -0.424648106 0.316424549 -0.469850779
v -0.349708140 0.187956035 -0.576907873
v -0.435353816 0.198661745 -0.576907873
v -0.349708140 0.316424549 -0.469850779
v -0.403236687 0.327130258 -0.501967907
v -0.435353816 0.273601711 -0.373499393
v -0.381825268 0.005958974 -0.373499393
v -0.435353816 0.005958974 -0.373499393
v -0.435655546 0.319598406 -0.518077446
v -0.349708140 0.327130258 -0.501967907
v -0.371119559 0.230778873 -0.319970846
v -0.435353816 0.284307420 -0.394910812
v -0.349708140 0.241484582 -0.330676556
v -0.349710699 0.006006170 -0.360194877
v -0.413942397 0.113016069 -0.501967907
v -0.435353816 0.005958974 -0.319970846
v -0.435353816 0.316424549 -0.480556488
v -0.435353816 0.262896001 -0.362793684
v -0.413942397 0.284307420 -0.394910812
v -0.360413849 0.241484582 -0.330676556
v -0.349708140 0.177250326 -0.566202164
v -0.435353816 0.113016069 -0.501967907
v -0.413942397 0.273601711 -0.373499393
v -0.435353816 0.123721778 -0.512673616
f 774 775 776
f 778 775 774
f 781 779 776
f 781 776 775
f 782 777 776
f 782 776 779
f 783 774 776
f 784 776 777
f 784 780 783
f 787 778 777
f 787 786 775
f 788 784 777
f 788 777 778
f 788 778 785
f 789 784 783
f 789 783 776
f 789 776 784
f 790 778 774
f 791 783 780
f 791 788 785
f 792 774 783
f 792 790 774
f 793 775 786
f 794 779 781
f 794 786 787
f 795 787 775
f 795 775 778
f 795 778 787
f 796 780 784
f 796 784 788
f 796 791 780
f 796 788 791
f 797 790 785
f 797 785 778
f 797 778 790
f 798 791 785
f 798 783 791
f 799 792 785
f 799 785 790
f 799 790 792
f 800 793 786
f 800 781 775
f 800 775 793
f 800 794 781
f 800 786 794
f 801 794 787
f 801 779 794
f 801 787 777
f 802 792 783
f 802 783 798
f 802 798 785
f 802 785 792
f 803 782 779
f 803 779 801
f 803 801 777
f 803 777 782
o /home/catherine/patient252/distal102018
usemtl Material018
v -0.103476822 0.177250326 -0.319970846
v -0.103476822 0.005958974 -0.319970846
v -0.103476822 0.102310359 -0.480556488
v -0.352526360 0.180285972 -0.532243944
v -0.349708140 0.177250326 -0.319970846
v -0.274768174 0.027370393 -0.437733650
v -0.103476822 0.177250326 -0.469850779
v -0.338554677 0.184463426 -0.531978590
v -0.114182532 0.005958974 -0.362793684
v -0.167711079 0.070193231 -0.480556488
v -0.349708140 0.005958974 -0.319970846
v -0.124888241 0.155838907 -0.491262197
v -0.104560779 0.005877446 -0.346670228
v -0.349708140 0.166544616 -0.534085035
v -0.199828207 0.027370393 -0.437733650
v -0.124888241 0.080898941 -0.480556488
v -0.231945336 0.005958974 -0.384205103
v -0.124888241 0.177250326 -0.480556488
v -0.103476822 0.155838907 -0.480556488
v -0.103476822 0.091604650 -0.469850779
v -0.253356755 0.059487522 -0.469850779
v -0.124888241 0.123721778 -0.491262197
v -0.349710699 0.006006170 -0.360194877
v -0.157005370 0.059487522 -0.469850779
v -0.339002430 0.166544616 -0.534085035
v -0.199828207 0.005958974 -0.384205103
v -0.114182532 0.080898941 -0.469850779
v -0.199828207 0.070193231 -0.480556488
v -0.274768174 0.038076103 -0.448439360
v -0.296179593 0.038076103 -0.437733650
v -0.328296721 0.070193231 -0.448439360
f 804 805 806
f 808 805 804
f 810 804 806
f 811 808 804
f 811 807 808
f 811 804 810
f 814 808 807
f 814 805 808
f 816 805 814
f 817 807 811
f 820 816 814
f 820 809 818
f 821 815 811
f 821 811 810
f 821 810 815
f 822 815 810
f 822 810 806
f 822 806 815
f 823 816 812
f 823 806 805
f 823 805 816
f 823 819 806
f 825 815 806
f 825 806 819
f 826 814 807
f 826 807 817
f 826 820 814
f 826 809 820
f 827 818 813
f 827 813 819
f 827 819 812
f 827 812 818
f 828 819 813
f 828 813 817
f 828 825 819
f 828 817 811
f 828 811 815
f 828 815 825
f 829 820 818
f 829 818 812
f 829 812 816
f 829 816 820
f 830 823 812
f 830 812 819
f 830 819 823
f 831 824 817
f 831 817 813
f 832 817 824
f 832 824 831
f 832 831 813
f 832 818 809
f 832 813 818
f 833 809 826
f 833 832 809
f 833 817 832
f 834 833 826
f 834 826 817
f 834 817 833
o /home/catherine/patient252/distal102019
usemtl Material019
v -0.435353816 0.048781812 -0.084445238
v -0.435353816 0.005958974 -0.084445238
v -0.432633476 0.212159256 -0.568647605
v -0.520999491 0.327130258 -0.576907873
v -0.617350876 0.005958974 -0.170090914
v -0.435353816 0.316424549 -0.480556488
v -0.431473502 0.009016305 -0.358286121
v -0.542410910 0.016664684 -0.084445238
v -0.606645167 0.059487522 -0.469850779
v -0.435623909 0.320349213 -0.569946325
v -0.435353816 0.166544616 -0.202208042
v -0.520999491 0.005958974 -0.384205103
v -0.542410910 0.005958974 -0.084445238
v -0.595939457 0.155838907 -0.266442299
v -0.542410910 0.166544616 -0.566202164
v -0.446059525 0.209367454 -0.576907873
v -0.467470944 0.337835968 -0.534085035
v -0.499588072 0.059487522 -0.095150948
v -0.435353816 0.273601711 -0.373499393
v -0.559051297 0.003797875 -0.103779190
v -0.617350876 0.005958974 -0.373499393
v -0.606645167 0.016664684 -0.127268076
v -0.606645167 0.145133197 -0.448439360
v -0.585233748 0.187956035 -0.523379326
v -0.435353816 0.113016069 -0.501967907
v -0.531705201 0.230778873 -0.576907873
v -0.478176653 0.337835968 -0.566202164
v -0.435655546 0.319598406 -0.518077446
v -0.531705201 0.262896001 -0.373499393
v -0.488882363 0.048781812 -0.084445238
v -0.499588072 0.327130258 -0.501967907
v -0.585233748 0.027370393 -0.427027941
v -0.563822329 0.016664684 -0.095150948
v -0.606645167 0.005958974 -0.127268076
v -0.617350876 0.080898941 -0.180796623
v -0.553116620 0.284307420 -0.523379326
v -0.617350876 0.080898941 -0.448439360
v -0.563822329 0.166544616 -0.555496454
v -0.467470944 0.134427488 -0.534085035
v -0.510293782 0.027370393 -0.427027941
v -0.435353816 0.134427488 -0.523379326
v -0.520999491 0.220073164 -0.576907873
v -0.467470944 0.337835968 -0.555496454
v -0.467470944 0.273601711 -0.373499393
v -0.510293782 0.166544616 -0.212913752
v -0.531705201 0.048781812 -0.095150948
v -0.435353816 0.284307420 -0.394910812
v -0.456765234 0.327130258 -0.501967907
v -0.510293782 0.337835968 -0.544790745
v -0.606645167 0.048781812 -0.459145069
v -0.617350876 0.070193231 -0.170090914
v -0.606645167 0.145133197 -0.277148008
v -0.585233748 0.209367454 -0.469850779
v -0.542410910 0.295013130 -0.566202164
v -0.563822329 0.252190292 -0.416322231
v -0.585233748 0.166544616 -0.523379326
v -0.553116620 0.155838907 -0.555496454
v -0.553116620 0.177250326 -0.566202164
v -0.563822329 0.059487522 -0.469850779
v -0.510293782 0.166544616 -0.566202164
v -0.499588072 0.038076103 -0.437733650
v -0.510293782 0.016664684 -0.405616522
v -0.467470944 0.166544616 -0.202208042
v -0.563822329 0.198661745 -0.298559427
f 841 835 836
f 842 836 835
f 844 840 837
f 845 835 841
f 846 841 836
f 847 836 842
f 850 844 837
f 850 838 844
f 852 835 845
f 853 845 841
f 853 841 837
f 854 846 836
f 854 836 847
f 855 854 839
f 855 846 854
f 860 838 850
f 861 844 838
f 862 851 840
f 862 840 844
f 862 844 851
f 864 842 835
f 864 835 852
f 866 846 855
f 867 847 842
f 868 854 847
f 868 867 856
f 868 847 867
f 868 856 839
f 868 839 854
f 869 855 839
f 871 869 857
f 871 855 869
f 871 857 858
f 874 846 866
f 875 850 837
f 875 837 841
f 875 841 859
f 875 873 850
f 875 859 873
f 876 860 850
f 876 850 849
f 876 849 860
f 877 861 851
f 877 851 844
f 877 844 861
f 878 845 853
f 878 865 863
f 879 878 863
f 880 864 852
f 880 842 864
f 880 867 842
f 880 879 869
f 880 852 879
f 881 853 837
f 881 837 840
f 881 878 853
f 881 865 878
f 882 840 851
f 882 851 865
f 882 881 840
f 882 865 881
f 883 861 838
f 883 838 870
f 883 863 865
f 883 865 851
f 883 851 861
f 884 866 855
f 884 874 866
f 884 871 843
f 884 855 871
f 885 869 839
f 885 839 856
f 885 856 867
f 885 880 869
f 885 867 880
f 886 869 848
f 886 857 869
f 887 870 858
f 887 858 857
f 887 857 886
f 888 870 838
f 888 858 870
f 888 872 858
f 888 838 860
f 889 848 863
f 889 883 870
f 889 863 883
f 889 886 848
f 889 887 886
f 889 870 887
f 890 871 858
f 890 843 871
f 890 872 843
f 890 858 872
f 891 872 849
f 891 849 843
f 891 843 872
f 892 860 849
f 892 849 872
f 892 888 860
f 892 872 888
f 893 843 849
f 893 884 843
f 893 874 884
f 894 849 850
f 894 850 873
f 894 893 849
f 894 873 893
f 895 859 841
f 895 841 874
f 895 873 859
f 895 893 873
f 895 874 893
f 896 874 841
f 896 841 846
f 896 846 874
f 897 879 852
f 897 852 845
f 897 845 878
f 897 878 879
f 898 879 863
f 898 863 848
f 898 848 869
f 898 869 879
o /home/catherine/patient252/distal102020
usemtl Material020
v -0.274768174 -0.229566634 -0.084445238
v -0.271205418 -0.268350329 -0.099707666
v -0.274815456 -0.229559932 -0.294271749
v -0.352436494 -0.229597340 -0.309619647
v -0.435353816 -0.250978053 -0.191502333
v -0.274768174 -0.325918019 -0.277148008
v -0.418484233 -0.222973513 -0.164729678
v -0.271524412 -0.257246060 -0.090217034
v -0.274455954 -0.287375107 -0.290316017
v -0.435353816 -0.283095181 -0.245030880
v -0.326857989 -0.223658270 -0.089696132
v -0.342825697 -0.228834231 -0.300022603
v -0.435353816 -0.229566634 -0.255736589
v -0.271083984 -0.275477212 -0.109378830
v -0.296179593 -0.293800890 -0.298559427
v -0.328296721 -0.240272343 -0.084445238
v -0.437812922 -0.228461590 -0.195959385
v -0.434499343 -0.273992457 -0.256939658
v -0.274768174 -0.315212309 -0.287853718
v -0.285473883 -0.325918019 -0.170090914
v -0.339002430 -0.250978053 -0.309265137
v -0.285473883 -0.261683762 -0.084445238
v -0.371119559 -0.240272343 -0.105856657
v -0.424648106 -0.240272343 -0.159385204
v -0.435353816 -0.261683762 -0.202208042
v -0.354072111 -0.249461456 -0.309507083
v -0.296179593 -0.325918019 -0.277148008
v -0.274768174 -0.325918019 -0.170090914
v -0.364605995 -0.224006158 -0.110826133
v -0.285473883 -0.283095181 -0.105856657
v -0.317591012 -0.315212309 -0.180796623
v -0.371119559 -0.250978053 -0.116562366
v -0.317591012 -0.325918019 -0.202208042
v -0.296179593 -0.315212309 -0.287853718
v -0.413942397 -0.250978053 -0.159385204
v -0.296179593 -0.315212309 -0.159385204
v -0.317591012 -0.325918019 -0.234325171
f 906 900 901
f 906 901 899
f 909 899 901
f 909 901 905
f 910 905 901
f 910 901 902
f 910 902 905
f 911 905 902
f 912 907 901
f 912 901 900
f 913 901 907
f 914 899 909
f 915 905 911
f 915 911 908
f 916 908 911
f 917 912 904
f 917 907 912
f 917 913 907
f 919 902 901
f 919 901 913
f 920 906 899
f 920 899 914
f 920 900 906
f 921 914 909
f 922 915 903
f 922 905 915
f 922 921 905
f 923 915 908
f 923 903 915
f 923 922 903
f 924 916 911
f 924 911 902
f 924 902 919
f 924 919 913
f 925 908 916
f 925 904 918
f 925 917 904
f 926 918 904
f 926 904 912
f 926 912 900
f 927 921 909
f 927 909 905
f 927 905 921
f 928 918 926
f 928 926 900
f 928 900 920
f 930 928 920
f 930 920 914
f 930 914 921
f 931 925 918
f 931 929 923
f 931 923 908
f 932 913 917
f 932 917 925
f 932 924 913
f 932 925 916
f 932 916 924
f 933 922 923
f 933 923 929
f 933 930 921
f 933 921 922
f 934 918 928
f 934 928 930
f 934 931 918
f 934 929 931
f 934 933 929
f 934 930 933
f 935 931 908
f 935 908 925
f 935 925 931
o /home/catherine/patient252/distal102021
usemtl Material021
v 0.324751556 -0.026158154 0.397311687
v 0.335457265 -0.058275282 0.365194559
v 0.296377742 -0.030757096 0.189803260
v 0.057108819 -0.026158154 0.193903208
v 0.067814529 -0.325918019 0.397311687
v 0.335457265 -0.026158154 0.279548883
v 0.260517299 -0.197449505 0.397311687
v 0.057629114 -0.023431873 0.402241257
v 0.067814529 -0.315212309 0.193903208
v 0.335457265 -0.047569573 0.375900269
v 0.281928718 -0.197449505 0.193903208
v 0.052723398 -0.310994096 0.198217583
v 0.326568983 -0.025406219 0.370716787
v 0.314045846 -0.101098120 0.397311687
v 0.121343076 -0.325918019 0.397311687
v 0.295845447 -0.108158709 0.189026170
v 0.335457265 -0.079686701 0.279548883
v 0.057108819 -0.315212309 0.397311687
v 0.057108819 -0.368740857 0.247431755
v 0.281928718 -0.165332377 0.397311687
v 0.324751556 -0.068980992 0.397311687
v 0.164165914 -0.293800890 0.397311687
v 0.260517299 -0.218860924 0.193903208
v 0.324751556 -0.101098120 0.354488850
v 0.057108819 -0.368740857 0.311666012
v 0.303340137 -0.143920958 0.375900269
v 0.121343076 -0.325918019 0.215314627
v 0.196283042 -0.293800890 0.300960302
v 0.335457265 -0.079686701 0.322371721
v 0.324751556 -0.090392411 0.375900269
v 0.057108819 -0.347329438 0.354488850
v 0.239105880 -0.240272343 0.343783140
v 0.281928718 -0.197449505 0.204608917
v 0.078520238 -0.358035147 0.236726046
v 0.132048786 -0.304506600 0.204608917
v 0.196283042 -0.293800890 0.279548883
v 0.142754495 -0.325918019 0.365194559
v 0.057108819 -0.325918019 0.386605978
v 0.078520238 -0.368740857 0.322371721
v 0.271223009 -0.186743796 0.386605978
v 0.217694461 -0.250978053 0.375900269
v 0.078520238 -0.325918019 0.204608917
v 0.110637367 -0.315212309 0.204608917
v 0.164165914 -0.315212309 0.236726046
v 0.132048786 -0.325918019 0.386605978
v 0.067814529 -0.368740857 0.322371721
v 0.089225948 -0.368740857 0.311666012
v 0.228400171 -0.240272343 0.375900269
v 0.153460205 -0.315212309 0.226020336
v 0.110637367 -0.347329438 0.236726046
v 0.110637367 -0.347329438 0.354488850
v 0.132048786 -0.336623728 0.343783140
v 0.153460205 -0.325918019 0.247431755
v 0.089225948 -0.368740857 0.268843174
v 0.153460205 -0.325918019 0.290254593
v 0.067814529 -0.368740857 0.247431755
f 941 938 939
f 943 941 939
f 945 941 936
f 945 937 941
f 947 943 939
f 947 939 944
f 948 943 936
f 948 936 941
f 948 941 943
f 950 943 940
f 951 944 939
f 951 939 938
f 952 941 937
f 952 946 951
f 952 951 938
f 952 938 941
f 953 940 943
f 953 943 947
f 954 947 944
f 955 949 943
f 955 943 942
f 956 936 943
f 956 943 949
f 956 945 936
f 957 942 943
f 957 943 950
f 958 951 946
f 958 944 951
f 960 947 954
f 961 949 955
f 964 952 937
f 964 937 959
f 964 946 952
f 965 956 949
f 965 961 959
f 965 949 961
f 965 959 937
f 965 937 945
f 965 945 956
f 966 947 960
f 968 959 961
f 968 964 959
f 968 946 964
f 968 961 967
f 968 967 963
f 968 963 946
f 969 954 944
f 970 944 958
f 970 958 962
f 971 958 946
f 971 946 963
f 972 963 967
f 973 953 947
f 973 947 966
f 973 966 940
f 973 940 953
f 974 950 940
f 974 960 954
f 975 967 961
f 975 942 967
f 975 961 955
f 975 955 942
f 976 942 957
f 976 972 967
f 976 957 972
f 977 969 944
f 977 944 962
f 977 962 969
f 978 970 962
f 978 962 944
f 978 944 970
f 979 958 971
f 980 972 957
f 980 957 950
f 981 966 960
f 981 960 974
f 981 974 940
f 981 940 966
f 982 974 954
f 983 976 967
f 983 967 942
f 983 942 976
f 984 962 958
f 984 958 979
f 985 969 962
f 985 984 979
f 985 962 984
f 986 980 950
f 986 950 974
f 986 974 982
f 986 982 972
f 986 972 980
f 987 963 972
f 987 972 982
f 988 979 971
f 988 971 963
f 988 985 979
f 989 982 954
f 989 988 982
f 989 985 988
f 990 987 982
f 990 963 987
f 990 988 963
f 990 982 988
f 991 989 954
f 991 954 969
f 991 969 985
f 991 985 989
o /home/catherine/patient252/distal102022
usemtl Material022
v -0.092771113 -0.058275282 0.161786079
v -0.077613207 -0.204645366 0.157916815
v -0.078369454 0.061204608 0.044749567
v -0.199828207 0.038076103 0.044023275
v -0.231945336 -0.090392411 0.086846113
v -0.092771113 0.059487522 0.108257532
v -0.077057813 0.033502475 0.125205939
v -0.114182532 -0.176038086 0.161786079
v -0.081536971 -0.271830973 0.043728683
v -0.092771113 0.070193231 0.044023275
v -0.231945336 -0.015452445 0.086846113
v -0.075502547 -0.061589159 0.155877708
v -0.092771113 0.038076103 0.129668951
v -0.082065403 0.059487522 0.108257532
v -0.092771113 -0.208155215 0.161786079
v -0.231945336 -0.143920958 0.044023275
v -0.092771113 0.070193231 0.076140404
v -0.114182532 -0.133215249 0.161786079
v -0.199828207 0.027370393 0.076140404
v -0.077881869 0.061518606 0.075482296
v -0.077713515 -0.221430603 0.137419381
v -0.199828207 -0.004746735 0.097551823
v -0.231945336 0.005958974 0.044023275
v -0.124888241 -0.272389472 0.054728985
v -0.231945336 -0.122509539 0.076140404
v -0.199828207 0.038076103 0.054728985
v -0.199828207 0.016664684 0.086846113
v -0.092771113 -0.229566634 0.140374660
v -0.231945336 0.005958974 0.065434694
v -0.124888241 -0.272389472 0.044023275
v -0.124888241 -0.197449505 0.140374660
v -0.189122498 -0.208155215 0.054728985
v -0.189122498 0.038076103 0.065434694
v -0.082065403 -0.261683762 0.086846113
v -0.189122498 -0.208155215 0.044023275
v -0.103476822 -0.272389472 0.065434694
v -0.103476822 -0.197449505 0.161786079
v -0.231945336 -0.143920958 0.054728985
v -0.114182532 -0.229566634 0.118963242
v -0.080950789 -0.264515062 0.058396298
v -0.092771113 -0.261683762 0.086846113
v -0.124888241 -0.208155215 0.129668951
f 1001 1000 995
f 1001 994 1000
f 1002 996 999
f 1003 998 992
f 1003 992 993
f 1003 1000 994
f 1004 992 998
f 1005 1004 998
f 1005 997 1004
f 1006 993 992
f 1006 992 999
f 1007 996 1002
f 1008 1001 995
f 1008 997 1005
f 1009 1002 999
f 1009 999 992
f 1009 992 1002
f 1011 1003 994
f 1011 998 1003
f 1011 1005 998
f 1011 1008 1005
f 1011 994 1001
f 1011 1001 1008
f 1012 1003 993
f 1012 1000 1003
f 1013 1004 1002
f 1013 1002 992
f 1013 992 1004
f 1014 995 1000
f 1014 1000 1007
f 1014 1007 1002
f 1016 999 996
f 1016 996 1007
f 1017 1008 995
f 1017 995 1014
f 1017 997 1008
f 1018 1002 1004
f 1018 1004 997
f 1018 997 1010
f 1019 1012 993
f 1019 993 1006
f 1020 1014 1002
f 1020 1017 1014
f 1020 1010 1017
f 1020 1018 1010
f 1020 1002 1018
f 1023 1022 1016
f 1023 1021 1015
f 1024 1017 1010
f 1024 1010 997
f 1024 997 1017
f 1025 1012 1019
f 1026 1007 1000
f 1026 1000 1021
f 1026 1023 1007
f 1026 1021 1023
f 1027 1021 1000
f 1027 1015 1021
f 1027 1000 1025
f 1027 1019 1015
f 1028 1006 999
f 1028 999 1016
f 1028 1016 1022
f 1029 1023 1016
f 1029 1016 1007
f 1029 1007 1023
f 1030 1023 1015
f 1030 1015 1019
f 1030 1019 1006
f 1030 1006 1028
f 1031 1025 1000
f 1031 1000 1012
f 1031 1012 1025
f 1032 1027 1025
f 1032 1025 1019
f 1032 1019 1027
f 1033 1022 1023
f 1033 1023 1030
f 1033 1030 1028
f 1033 1028 1022
o /home/catherine/patient252/distal102023
usemtl Material023
v -0.103476822 0.145133197 -0.148679495
v -0.100578509 0.131908332 -0.151990788
v -0.103476822 0.230778873 -0.319970846
v -0.435706269 0.192246387 -0.319860360
v -0.435353816 0.134427488 -0.170090914
v -0.103476822 0.134427488 -0.319970846
v -0.103476822 0.198661745 -0.223619461
v -0.114182532 0.134427488 -0.148679495
v -0.242997353 0.231118216 -0.322079223
v -0.435353816 0.134427488 -0.319970846
v -0.103476822 0.220073164 -0.266442299
v -0.424648106 0.155838907 -0.180796623
v -0.435353816 0.145133197 -0.170090914
v -0.103476822 0.230778873 -0.309265137
v -0.242651045 0.220073164 -0.255736589
v -0.114182532 0.145133197 -0.148679495
v -0.435353816 0.198661745 -0.277148008
v -0.242651045 0.241484582 -0.309265137
v -0.114182532 0.220073164 -0.255736589
v -0.189122498 0.198661745 -0.223619461
v -0.306885302 0.241484582 -0.309265137
v -0.306885302 0.241484582 -0.319970846
v -0.264062464 0.230778873 -0.277148008
v -0.135593951 0.230778873 -0.287853718
v -0.189122498 0.230778873 -0.277148008
v -0.306885302 0.230778873 -0.287853718
v -0.114182532 0.230778873 -0.298559427
f 1039 1036 1035
f 1040 1034 1035
f 1041 1038 1035
f 1041 1035 1034
f 1042 1036 1039
f 1043 1038 1037
f 1043 1042 1039
f 1043 1037 1042
f 1043 1039 1035
f 1043 1035 1038
f 1044 1040 1035
f 1046 1038 1041
f 1046 1037 1038
f 1047 1044 1035
f 1047 1035 1036
f 1049 1046 1041
f 1049 1041 1034
f 1049 1045 1046
f 1049 1034 1040
f 1050 1046 1045
f 1050 1037 1046
f 1051 1047 1036
f 1052 1048 1040
f 1052 1040 1044
f 1052 1044 1047
f 1053 1048 1045
f 1053 1045 1049
f 1053 1049 1040
f 1053 1040 1048
f 1054 1050 1045
f 1055 1051 1036
f 1055 1036 1042
f 1055 1054 1051
f 1055 1042 1037
f 1055 1037 1050
f 1055 1050 1054
f 1056 1048 1052
f 1056 1051 1054
f 1056 1045 1048
f 1058 1056 1052
f 1058 1051 1056
f 1058 1057 1051
f 1058 1052 1057
f 1059 1056 1054
f 1059 1054 1045
f 1059 1045 1056
f 1060 1057 1052
f 1060 1052 1047
f 1060 1047 1051
f 1060 1051 1057
o /home/catherine/patient252/distal102024
usemtl Material024
v 0.271223009 -0.026158154 0.193903208
v 0.271223009 -0.229566634 0.172491789
v 0.271223009 -0.026158154 -0.020210981
v 0.057108819 -0.026158154 -0.020210981
v 0.056243434 -0.303572438 0.194631416
v 0.271223009 -0.208155215 0.193903208
v 0.057108819 -0.026158154 0.193903208
v 0.158564876 -0.277234932 -0.024948998
v 0.228400171 -0.240272343 0.193903208
v 0.063642073 -0.299836295 0.197893090
v 0.055613902 -0.274141214 -0.020648306
v 0.271223009 -0.218860924 -0.020210981
v 0.249811590 -0.261683762 0.086846113
v 0.249811590 -0.229566634 0.193903208
v 0.271223009 -0.240272343 0.151080370
v 0.057108819 -0.304506600 0.172491789
v 0.271223009 -0.250978053 0.044023275
v 0.217694461 -0.272389472 0.097551823
v 0.271223009 -0.240272343 0.011906147
v 0.271223009 -0.250978053 0.097551823
v 0.067814529 -0.304506600 0.172491789
v 0.249811590 -0.261683762 0.054728985
v 0.260517299 -0.229566634 -0.020210981
v 0.217694461 -0.272389472 0.065434694
f 1061 1062 1063
f 1061 1063 1064
f 1066 1062 1061
f 1067 1061 1064
f 1068 1064 1063
f 1070 1066 1061
f 1070 1067 1065
f 1070 1061 1067
f 1071 1067 1064
f 1071 1065 1067
f 1071 1064 1068
f 1072 1068 1063
f 1072 1063 1062
f 1074 1069 1062
f 1074 1062 1066
f 1074 1070 1069
f 1074 1066 1070
f 1075 1070 1065
f 1075 1069 1070
f 1075 1062 1069
f 1075 1072 1062
f 1076 1071 1068
f 1076 1065 1071
f 1077 1072 1075
f 1078 1075 1065
f 1079 1077 1068
f 1079 1072 1077
f 1080 1077 1075
f 1080 1073 1077
f 1080 1078 1073
f 1080 1075 1078
f 1081 1078 1065
f 1081 1065 1076
f 1081 1076 1068
f 1082 1077 1073
f 1082 1073 1078
f 1082 1068 1077
f 1083 1079 1068
f 1083 1068 1072
f 1083 1072 1079
f 1084 1081 1068
f 1084 1078 1081
f 1084 1082 1078
f 1084 1068 1082
o /home/catherine/patient252/distal102025
usemtl Material025
v 0.495692659 0.153895389 -0.330979318
v 0.498006150 -0.189054177 -0.340350687
v 0.500424568 -0.041369573 -0.441455514
v 0.421102941 0.145133197 -0.437733650
v 0.399691522 -0.015452445 -0.330676556
v 0.496042907 0.155838907 -0.437733650
v 0.500089550 -0.188434887 -0.351044743
v 0.496042907 -0.015452445 -0.330676556
v 0.399601122 0.175407217 -0.330630120
v 0.399691522 -0.090392411 -0.427027941
v 0.485337198 -0.036863863 -0.448439360
v 0.442514360 0.177250326 -0.405616522
v 0.453220069 0.177250326 -0.330676556
v 0.399691522 -0.143920958 -0.373499393
v 0.399691522 0.145133197 -0.427027941
v 0.496042907 -0.154626667 -0.448439360
v 0.431808650 0.155838907 -0.437733650
v 0.474631488 0.177250326 -0.362793684
v 0.474631488 -0.186743796 -0.405616522
v 0.403226682 -0.139320401 -0.340011804
v 0.399169931 0.170217165 -0.356274295
v 0.463925779 -0.122509539 -0.448439360
v 0.410397232 0.166544616 -0.405616522
v 0.474631488 0.177250326 -0.405616522
v 0.485337198 -0.197449505 -0.352087975
v 0.496042907 -0.186743796 -0.416322231
v 0.463925779 -0.154626667 -0.437733650
v 0.485337198 -0.197449505 -0.341382265
v 0.421102941 0.123721778 -0.437733650
v 0.463925779 -0.068980992 -0.448439360
v 0.410397232 0.155838907 -0.427027941
v 0.399691522 0.166544616 -0.394910812
v 0.421102941 -0.165332377 -0.352087975
v 0.485337198 -0.186743796 -0.416322231
v 0.474631488 -0.176038086 -0.427027941
v 0.399691522 -0.133215249 -0.394910812
v 0.485337198 -0.154626667 -0.448439360
v 0.474631488 -0.143920958 -0.448439360
v 0.474631488 -0.047569573 -0.448439360
v 0.399691522 0.155838907 -0.416322231
v 0.442514360 -0.176038086 -0.362793684
v 0.421102941 -0.165332377 -0.341382265
v 0.399691522 -0.122509539 -0.405616522
v 0.474631488 -0.165332377 -0.437733650
f 1090 1085 1087
f 1091 1087 1085
f 1092 1089 1086
f 1092 1091 1085
f 1092 1086 1091
f 1093 1089 1092
f 1097 1093 1092
f 1097 1092 1085
f 1097 1096 1093
f 1099 1088 1094
f 1100 1095 1090
f 1100 1090 1087
f 1100 1087 1091
f 1101 1095 1088
f 1101 1090 1095
f 1101 1096 1090
f 1101 1088 1099
f 1102 1097 1085
f 1102 1085 1090
f 1102 1096 1097
f 1104 1089 1098
f 1105 1098 1089
f 1105 1089 1093
f 1105 1099 1094
f 1106 1095 1100
f 1108 1102 1090
f 1108 1090 1096
f 1108 1096 1102
f 1110 1100 1091
f 1110 1091 1109
f 1112 1086 1089
f 1112 1089 1104
f 1112 1109 1091
f 1112 1091 1086
f 1113 1106 1094
f 1113 1094 1088
f 1113 1088 1106
f 1114 1106 1088
f 1114 1095 1106
f 1115 1101 1099
f 1115 1107 1096
f 1115 1096 1101
f 1116 1105 1093
f 1116 1093 1096
f 1116 1096 1107
f 1116 1107 1115
f 1117 1098 1103
f 1117 1109 1112
f 1118 1110 1109
f 1118 1109 1103
f 1119 1103 1098
f 1119 1118 1103
f 1120 1098 1105
f 1120 1119 1098
f 1120 1111 1119
f 1121 1106 1100
f 1122 1111 1094
f 1122 1094 1106
f 1122 1121 1111
f 1122 1106 1121
f 1123 1114 1088
f 1123 1088 1095
f 1123 1095 1114
f 1124 1099 1105
f 1124 1105 1116
f 1124 1116 1115
f 1124 1115 1099
f 1125 1117 1103
f 1125 1103 1109
f 1125 1109 1117
f 1126 1117 1112
f 1126 1112 1104
f 1126 1104 1098
f 1126 1098 1117
f 1127 1094 1111
f 1127 1111 1120
f 1127 1120 1105
f 1127 1105 1094
f 1128 1119 1111
f 1128 1111 1121
f 1128 1118 1119
f 1128 1121 1100
f 1128 1100 1110
f 1128 1110 1118
o /home/catherine/patient252/distal102026
usemtl Material026
v 0.056676032 0.134846295 0.161975777
v 0.057108819 -0.176038086 0.161786079
v 0.057108819 0.038076103 -0.084445238
v -0.082065403 0.016664684 -0.084445238
v -0.087157668 -0.179885688 0.167843312
v 0.057108819 -0.176038086 -0.084445238
v 0.046403110 0.145133197 0.001200438
v 0.060385998 0.138615996 0.004852000
v -0.071359694 0.080898941 0.151080370
v -0.082065403 -0.176038086 -0.084445238
v 0.046403110 0.113016069 -0.041622400
v -0.060653985 0.091604650 0.161786079
v -0.082065403 0.070193231 0.108257532
v -0.007125437 0.048781812 -0.084445238
v 0.046403110 0.134427488 -0.020210981
v 0.057108819 0.113016069 -0.041622400
v -0.071359694 0.070193231 0.161786079
v 0.014285982 0.145133197 0.161786079
v -0.082065403 0.070193231 0.022611856
v -0.039242566 0.123721778 0.151080370
v -0.007125437 0.123721778 0.022611856
v 0.057108819 0.134427488 -0.020210981
v 0.035697401 0.048781812 -0.084445238
v -0.082065403 0.027370393 0.151080370
v 0.003580272 0.145133197 0.086846113
v 0.024991691 0.134427488 0.001200438
v -0.082065403 -0.036863863 0.161786079
v 0.003580272 0.145133197 0.151080370
v 0.014285982 0.145133197 0.054728985
v -0.028536856 0.123721778 0.076140404
v -0.028536856 0.113016069 0.033317566
v -0.039242566 0.123721778 0.129668951
v -0.017831147 0.134427488 0.097551823
f 1133 1130 1129
f 1134 1132 1131
f 1134 1130 1133
f 1136 1129 1130
f 1136 1135 1129
f 1136 1134 1131
f 1136 1130 1134
f 1138 1134 1133
f 1138 1133 1132
f 1138 1132 1134
f 1142 1131 1132
f 1143 1142 1132
f 1143 1139 1142
f 1144 1136 1131
f 1144 1142 1139
f 1144 1139 1143
f 1145 1140 1137
f 1145 1133 1140
f 1145 1137 1141
f 1146 1140 1133
f 1146 1133 1129
f 1146 1129 1135
f 1147 1132 1133
f 1147 1133 1141
f 1148 1141 1137
f 1148 1137 1140
f 1148 1147 1141
f 1148 1140 1146
f 1149 1132 1147
f 1150 1143 1135
f 1150 1135 1136
f 1150 1144 1143
f 1150 1136 1144
f 1151 1144 1131
f 1151 1131 1142
f 1151 1142 1144
f 1152 1145 1141
f 1152 1141 1133
f 1153 1146 1135
f 1154 1143 1132
f 1154 1132 1149
f 1154 1135 1143
f 1155 1152 1133
f 1155 1133 1145
f 1155 1145 1152
f 1156 1153 1148
f 1156 1148 1146
f 1156 1146 1153
f 1157 1153 1135
f 1157 1154 1149
f 1157 1135 1154
f 1159 1149 1147
f 1159 1147 1158
f 1159 1158 1157
f 1159 1157 1149
f 1160 1158 1147
f 1160 1147 1148
f 1160 1148 1153
f 1161 1160 1153
f 1161 1158 1160
f 1161 1153 1157
f 1161 1157 1158
o /home/catherine/patient252/distal102027
usemtl Material027
v 0.260517299 0.295013130 0.879068613
v 0.292634428 0.230778873 0.836245775
v 0.260517299 0.273601711 0.643543005
v 0.110637367 0.252190292 0.643543005
v 0.132048786 0.209367454 0.868362904
v 0.217694461 0.155838907 0.643543005
v 0.164165914 0.305718839 0.772011518
v 0.292634428 0.252190292 0.772011518
v 0.260517299 0.209367454 0.879068613
v 0.263766515 0.184527470 0.642126557
v 0.110637367 0.198661745 0.643543005
v 0.217694461 0.305718839 0.761305809
v 0.185577333 0.295013130 0.643543005
v 0.142754495 0.305718839 0.879068613
v 0.292634428 0.252190292 0.836245775
v 0.271223009 0.273601711 0.718482971
v 0.281928718 0.241484582 0.879068613
v 0.185577333 0.187956035 0.879068613
v 0.292634428 0.230778873 0.643543005
v 0.271223009 0.177250326 0.664954424
v 0.110637367 0.273601711 0.879068613
v 0.174871624 0.155838907 0.643543005
v 0.249811590 0.295013130 0.761305809
v 0.153460205 0.295013130 0.697071552
v 0.206988752 0.295013130 0.643543005
v 0.185577333 0.305718839 0.750600100
v 0.239105880 0.305718839 0.836245775
v 0.264201164 0.278082687 0.880713689
v 0.271223009 0.284307420 0.857657194
v 0.281928718 0.220073164 0.857657194
v 0.281928718 0.262896001 0.879068613
v 0.217694461 0.187956035 0.868362904
v 0.271223009 0.262896001 0.643543005
v 0.249811590 0.166544616 0.643543005
v 0.292634428 0.209367454 0.643543005
v 0.110637367 0.230778873 0.836245775
v 0.110637367 0.273601711 0.761305809
v 0.142754495 0.209367454 0.879068613
v 0.137798745 0.185611677 0.643414347
v 0.206988752 0.155838907 0.664954424
v 0.142754495 0.177250326 0.729188681
v 0.260517299 0.295013130 0.868362904
v 0.164165914 0.295013130 0.664954424
v 0.142754495 0.305718839 0.846951485
v 0.228400171 0.295013130 0.686365843
v 0.206988752 0.305718839 0.750600100
v 0.234526638 0.299290399 0.879534710
v 0.271223009 0.220073164 0.879068613
v 0.206988752 0.187956035 0.879068613
v 0.281928718 0.262896001 0.739894390
v 0.281928718 0.198661745 0.750600100
v 0.271223009 0.187956035 0.739894390
v 0.249811590 0.166544616 0.654248714
v 0.110637367 0.198661745 0.686365843
v 0.110637367 0.252190292 0.879068613
v 0.132048786 0.284307420 0.707777262
v 0.185577333 0.155838907 0.664954424
v 0.217694461 0.155838907 0.654248714
v 0.174871624 0.187956035 0.868362904
v 0.142754495 0.273601711 0.643543005
v 0.292634428 0.209367454 0.664954424
v 0.228400171 0.187956035 0.846951485
v 0.132048786 0.177250326 0.686365843
v 0.121343076 0.284307420 0.761305809
f 1172 1165 1171
f 1175 1173 1168
f 1176 1163 1169
f 1178 1163 1176
f 1180 1169 1163
f 1182 1165 1172
f 1183 1171 1167
f 1184 1177 1164
f 1186 1164 1171
f 1186 1171 1174
f 1187 1174 1168
f 1187 1168 1173
f 1187 1186 1174
f 1188 1173 1175
f 1188 1184 1173
f 1189 1175 1182
f 1190 1176 1169
f 1191 1163 1178
f 1192 1178 1176
f 1192 1189 1178
f 1192 1162 1189
f 1192 1190 1162
f 1192 1176 1190
f 1194 1180 1171
f 1194 1171 1164
f 1194 1164 1177
f 1195 1167 1171
f 1196 1180 1163
f 1196 1171 1180
f 1196 1195 1171
f 1196 1181 1195
f 1197 1182 1172
f 1198 1182 1175
f 1198 1165 1182
f 1199 1166 1179
f 1199 1179 1189
f 1200 1183 1172
f 1200 1172 1171
f 1200 1171 1183
f 1201 1183 1167
f 1203 1177 1184
f 1203 1190 1177
f 1203 1162 1190
f 1203 1188 1162
f 1203 1184 1188
f 1204 1185 1168
f 1204 1168 1174
f 1205 1175 1168
f 1205 1168 1185
f 1205 1198 1175
f 1206 1184 1164
f 1206 1164 1186
f 1206 1186 1173
f 1206 1173 1184
f 1207 1187 1173
f 1207 1173 1186
f 1207 1186 1187
f 1208 1188 1175
f 1208 1162 1188
f 1208 1189 1162
f 1208 1175 1189
f 1209 1189 1170
f 1209 1178 1189
f 1209 1191 1178
f 1209 1170 1191
f 1210 1189 1179
f 1210 1170 1189
f 1210 1193 1170
f 1210 1201 1193
f 1210 1179 1201
f 1211 1190 1169
f 1211 1177 1190
f 1211 1194 1177
f 1211 1169 1180
f 1211 1180 1194
f 1212 1163 1191
f 1213 1181 1212
f 1213 1212 1191
f 1213 1191 1170
f 1214 1167 1195
f 1214 1195 1181
f 1214 1181 1213
f 1215 1197 1172
f 1215 1166 1197
f 1216 1197 1166
f 1216 1182 1197
f 1216 1166 1199
f 1216 1199 1189
f 1216 1189 1182
f 1217 1204 1165
f 1217 1185 1204
f 1218 1201 1179
f 1218 1183 1201
f 1219 1201 1167
f 1219 1193 1201
f 1219 1167 1214
f 1220 1179 1166
f 1220 1166 1202
f 1220 1218 1179
f 1220 1202 1183
f 1220 1183 1218
f 1221 1204 1174
f 1221 1165 1204
f 1221 1174 1171
f 1221 1171 1165
f 1222 1196 1163
f 1222 1163 1212
f 1222 1212 1181
f 1222 1181 1196
f 1223 1213 1170
f 1223 1170 1193
f 1223 1214 1213
f 1223 1219 1214
f 1223 1193 1219
f 1224 1202 1166
f 1224 1166 1215
f 1224 1183 1202
f 1224 1215 1172
f 1224 1172 1183
f 1225 1217 1165
f 1225 1165 1198
f 1225 1198 1205
f 1225 1205 1185
f 1225 1185 1217
o /home/catherine/patient252/distal102028
usemtl Material028
v 0.239141286 0.154088327 -0.105778494
v 0.239105880 0.080898941 -0.105856657
v 0.239105880 0.123721778 -0.394910812
v 0.057108819 0.134427488 -0.394910812
v 0.054005584 0.096747272 -0.125163769
v 0.057085763 0.080932592 -0.392142956
v 0.099931657 0.198661745 -0.287853718
v 0.089225948 0.091604650 -0.105856657
v 0.239099936 0.080909784 -0.392042129
v 0.239105880 0.177250326 -0.255736589
v 0.067814529 0.166544616 -0.373499393
v 0.057108819 0.198661745 -0.180796623
v 0.135668197 0.125861749 -0.104115054
v 0.098681589 0.078321490 -0.105704099
v 0.239105880 0.155838907 -0.362793684
v 0.067814529 0.155838907 -0.384205103
v 0.110637367 0.198661745 -0.191502333
v 0.057108819 0.166544616 -0.137973785
v 0.057108819 0.177250326 -0.352087975
v 0.223517086 0.149712350 -0.105473531
v 0.057207143 0.081222132 -0.122989486
v 0.228400171 0.177250326 -0.277148008
v 0.067814529 0.134427488 -0.394910812
v 0.110637367 0.198661745 -0.255736589
v 0.239105880 0.177250326 -0.159385204
v 0.054634312 0.168840751 -0.153906681
v 0.057108819 0.145133197 -0.127268076
v 0.153460205 0.145133197 -0.105856657
v 0.055834624 0.188107230 -0.286751747
v 0.057108819 0.155838907 -0.384205103
v 0.110637367 0.177250326 -0.352087975
v 0.239105880 0.166544616 -0.319970846
v 0.174871624 0.187956035 -0.266442299
v 0.067814529 0.198661745 -0.180796623
v 0.057108819 0.166544616 -0.373499393
v 0.217694461 0.177250326 -0.287853718
f 1231 1229 1228
f 1234 1231 1228
f 1234 1226 1227
f 1234 1228 1226
f 1239 1238 1233
f 1239 1227 1238
f 1239 1234 1227
f 1239 1231 1234
f 1240 1228 1236
f 1240 1226 1228
f 1241 1236 1228
f 1242 1232 1237
f 1243 1226 1237
f 1245 1238 1227
f 1245 1227 1226
f 1246 1239 1233
f 1246 1233 1230
f 1246 1230 1231
f 1246 1231 1239
f 1248 1241 1228
f 1248 1228 1229
f 1248 1229 1241
f 1249 1242 1235
f 1249 1232 1242
f 1250 1226 1235
f 1250 1235 1242
f 1251 1243 1237
f 1252 1230 1233
f 1252 1233 1238
f 1252 1251 1230
f 1252 1243 1251
f 1253 1226 1243
f 1253 1245 1226
f 1253 1238 1245
f 1253 1252 1238
f 1253 1243 1252
f 1254 1237 1232
f 1254 1232 1244
f 1254 1251 1237
f 1254 1230 1251
f 1254 1231 1230
f 1254 1229 1231
f 1255 1241 1229
f 1255 1229 1254
f 1255 1236 1241
f 1256 1240 1236
f 1256 1236 1244
f 1256 1244 1232
f 1256 1232 1240
f 1257 1240 1232
f 1257 1247 1235
f 1257 1235 1226
f 1257 1226 1240
f 1258 1247 1232
f 1258 1235 1247
f 1258 1249 1235
f 1258 1232 1249
f 1259 1250 1242
f 1259 1242 1237
f 1259 1237 1226
f 1259 1226 1250
f 1260 1255 1254
f 1260 1254 1244
f 1260 1244 1236
f 1260 1236 1255
f 1261 1257 1232
f 1261 1232 1247
f 1261 1247 1257
o /home/catherine/patient252/distal102029
usemtl Material029
v 0.239105880 0.080898941 -0.212913752
v 0.239105880 -0.165332377 -0.223619461
v 0.239105880 0.059487522 -0.405616522
v 0.067814529 0.059487522 -0.405616522
v 0.054438858 -0.198993356 -0.220497673
v 0.099931657 0.080898941 -0.405616522
v 0.239710571 -0.052797030 -0.386685780
v 0.236011049 -0.159667522 -0.208907884
v 0.057108819 0.080898941 -0.212913752
v 0.239099936 0.080909784 -0.392042129
v 0.239105880 -0.101098120 -0.352087975
v 0.078520238 -0.036863863 -0.394910812
v 0.142021986 -0.195163327 -0.208487901
v 0.057108819 0.048781812 -0.405616522
v 0.057085763 0.080932592 -0.392142956
v 0.217694461 0.080898941 -0.405616522
v 0.239105880 -0.036863863 -0.405616522
v 0.153460205 -0.068980992 -0.384205103
v 0.142754495 -0.197449505 -0.223619461
v 0.057108819 -0.036863863 -0.384205103
v 0.078520238 0.070193231 -0.405616522
v 0.089225948 -0.026158154 -0.405616522
v 0.099931657 -0.197449505 -0.234325171
v 0.153460205 -0.058275282 -0.394910812
v 0.057108819 0.005958974 -0.405616522
v 0.174871624 -0.090392411 -0.362793684
v 0.121343076 -0.036863863 -0.405616522
v 0.228400171 -0.101098120 -0.352087975
f 1267 1264 1265
f 1268 1262 1263
f 1269 1263 1262
f 1270 1269 1262
f 1271 1268 1264
f 1271 1262 1268
f 1272 1268 1263
f 1274 1263 1269
f 1274 1270 1266
f 1274 1269 1270
f 1275 1265 1264
f 1276 1265 1275
f 1276 1275 1266
f 1276 1266 1270
f 1276 1270 1262
f 1276 1262 1271
f 1277 1271 1264
f 1277 1264 1267
f 1277 1276 1271
f 1277 1267 1276
f 1278 1264 1268
f 1278 1268 1272
f 1278 1275 1264
f 1279 1266 1273
f 1280 1272 1263
f 1280 1263 1274
f 1280 1274 1266
f 1281 1273 1266
f 1282 1276 1267
f 1282 1267 1265
f 1282 1265 1276
f 1283 1275 1278
f 1283 1273 1281
f 1284 1266 1279
f 1284 1280 1266
f 1284 1272 1280
f 1285 1278 1272
f 1285 1279 1273
f 1286 1281 1266
f 1286 1266 1275
f 1286 1283 1281
f 1286 1275 1283
f 1287 1284 1279
f 1288 1283 1278
f 1288 1278 1285
f 1288 1285 1273
f 1288 1273 1283
f 1289 1272 1284
f 1289 1284 1287
f 1289 1287 1279
f 1289 1285 1272
f 1289 1279 1285
o /home/catherine/patient252/distal102030
usemtl Material030
v 0.046403110 0.038076103 -0.084445238
v 0.057108819 0.005958974 -0.084445238
v 0.057108819 0.070193231 -0.191502333
v -0.435353816 0.080898941 -0.191502333
v -0.435353816 0.005958974 -0.084445238
v 0.035697401 0.070193231 -0.095150948
v 0.057101506 0.070695130 -0.123621170
v 0.021777187 0.039101548 -0.082489314
v 0.057108819 0.005958974 -0.191502333
v -0.435353816 0.059487522 -0.095150948
v 0.057108819 0.048781812 -0.095150948
v -0.103476822 0.080898941 -0.191502333
v 0.057063134 0.025519874 -0.084272758
v -0.435353816 0.005958974 -0.191502333
v -0.424648106 0.080898941 -0.127268076
v -0.435598297 0.075712877 -0.145017981
v -0.317591012 0.059487522 -0.084445238
v -0.101108594 0.079219269 -0.135028133
v -0.199828207 0.059487522 -0.084445238
v -0.306885302 0.070193231 -0.095150948
v -0.435353816 0.048781812 -0.084445238
f 1297 1294 1291
f 1297 1290 1295
f 1298 1292 1291
f 1298 1291 1294
f 1298 1293 1292
f 1300 1291 1292
f 1300 1292 1296
f 1300 1296 1295
f 1300 1295 1290
f 1301 1296 1292
f 1301 1292 1293
f 1302 1297 1291
f 1302 1290 1297
f 1302 1300 1290
f 1302 1291 1300
f 1303 1298 1294
f 1303 1293 1298
f 1304 1301 1293
f 1305 1303 1294
f 1305 1293 1303
f 1305 1304 1293
f 1305 1299 1304
f 1307 1295 1296
f 1307 1296 1301
f 1307 1304 1295
f 1307 1301 1304
f 1308 1306 1297
f 1308 1297 1295
f 1308 1295 1306
f 1309 1304 1299
f 1309 1299 1306
f 1309 1306 1295
f 1309 1295 1304
f 1310 1306 1299
f 1310 1294 1297
f 1310 1297 1306
f 1310 1305 1294
f 1310 1299 1305
o /home/catherine/patient252/distal102031
usemtl Material031
v -0.103476822 0.005958974 -0.212913752
v -0.013761040 -0.045127708 -0.241846852
v -0.014966585 0.010203653 -0.337874149
v -0.231945336 -0.004746735 -0.362793684
v -0.274768174 -0.068980992 -0.212913752
v -0.124888241 -0.047569573 -0.341382265
v -0.228269033 0.011449181 -0.358985709
v -0.017831147 0.005958974 -0.234325171
v -0.128072151 -0.067353592 -0.207119977
v -0.017831147 -0.015452445 -0.330676556
v -0.124888241 -0.015452445 -0.362793684
v -0.274782095 -0.068951265 -0.252830869
v -0.274768174 0.005958974 -0.212913752
v -0.103192008 -0.052739255 -0.206345089
v -0.114182532 -0.068980992 -0.277148008
v -0.014435655 -0.017937261 -0.307441969
v -0.157005370 -0.036863863 -0.352087975
v -0.092771113 -0.026158154 -0.352087975
v -0.114182532 0.005958974 -0.362793684
v -0.280109070 -0.002543026 -0.316295962
v -0.017742607 -0.047391432 -0.234226675
v -0.082065403 -0.047569573 -0.319970846
v -0.146299660 -0.047569573 -0.341382265
v -0.114182532 -0.068980992 -0.266442299
v -0.017831147 -0.004746735 -0.341382265
v -0.124888241 -0.036863863 -0.352087975
v -0.199828207 -0.015452445 -0.362793684
v -0.092771113 -0.047569573 -0.330676556
v -0.278310594 0.006718331 -0.316560383
v -0.092771113 -0.058275282 -0.298559427
v -0.124888241 -0.068980992 -0.277148008
v -0.189122498 -0.036863863 -0.341382265
v -0.114182532 -0.004746735 -0.362793684
v -0.103476822 -0.058275282 -0.309265137
v -0.199828207 -0.026158154 -0.352087975
f 1317 1311 1313
f 1318 1312 1313
f 1318 1313 1311
f 1323 1311 1317
f 1323 1315 1319
f 1324 1318 1311
f 1324 1323 1319
f 1324 1311 1323
f 1326 1313 1312
f 1326 1312 1320
f 1329 1317 1313
f 1329 1321 1314
f 1329 1314 1317
f 1330 1322 1315
f 1330 1315 1323
f 1330 1314 1322
f 1331 1324 1319
f 1331 1312 1318
f 1331 1318 1324
f 1331 1325 1312
f 1332 1320 1312
f 1333 1327 1316
f 1334 1319 1315
f 1334 1315 1325
f 1334 1331 1319
f 1334 1325 1331
f 1335 1326 1320
f 1335 1313 1326
f 1335 1328 1321
f 1335 1329 1313
f 1336 1327 1321
f 1336 1316 1327
f 1336 1328 1316
f 1336 1321 1328
f 1337 1314 1321
f 1337 1321 1327
f 1338 1316 1328
f 1338 1320 1332
f 1338 1335 1320
f 1338 1328 1335
f 1339 1330 1323
f 1339 1323 1317
f 1339 1317 1314
f 1339 1314 1330
f 1340 1332 1312
f 1340 1312 1325
f 1341 1322 1333
f 1341 1325 1315
f 1341 1315 1322
f 1342 1333 1322
f 1342 1327 1333
f 1343 1335 1321
f 1343 1321 1329
f 1343 1329 1335
f 1344 1316 1338
f 1344 1333 1316
f 1344 1341 1333
f 1344 1325 1341
f 1344 1340 1325
f 1344 1338 1332
f 1344 1332 1340
f 1345 1337 1327
f 1345 1327 1342
f 1345 1314 1337
f 1345 1342 1322
f 1345 1322 1314
o /home/catherine/patient252/distal102032
usemtl Material032
v 0.260517299 0.273601711 0.397311687
v 0.279441095 0.140810045 0.398284812
v 0.271223009 0.273601711 0.011906147
v 0.089225948 0.155838907 -0.020210981
v 0.054046424 0.144015489 0.368152554
v 0.271695443 0.154350327 -0.020028352
v 0.271223009 0.284307420 0.322371721
v 0.099931657 0.166544616 0.397311687
v 0.059420576 0.141147478 0.013140974
v 0.217694461 0.177250326 -0.020210981
v 0.271223009 0.273601711 0.375900269
v 0.271223009 0.295013130 0.086846113
v 0.089225948 0.273601711 0.226020336
v 0.110637367 0.145133197 0.397311687
v 0.132048786 0.262896001 0.397311687
v 0.090068923 0.142889478 -0.019403456
v 0.271148362 0.154382559 -0.020239838
v 0.196283042 0.252190292 0.001200438
v 0.271223009 0.295013130 0.129668951
v 0.271223009 0.284307420 0.033317566
v 0.046403110 0.220073164 0.183197498
v 0.099931657 0.230778873 0.397311687
v 0.164165914 0.273601711 0.397311687
v 0.057108819 0.155838907 0.011906147
v 0.249811590 0.252190292 0.001200438
v 0.099931657 0.166544616 -0.020210981
v 0.196283042 0.305718839 0.226020336
v 0.206988752 0.273601711 0.011906147
v 0.067814529 0.252190292 0.247431755
v 0.132048786 0.284307420 0.290254593
v 0.046403110 0.177250326 0.183197498
v 0.121343076 0.273601711 0.097551823
v 0.228400171 0.305718839 0.215314627
v 0.249811590 0.284307420 0.354488850
v 0.206988752 0.295013130 0.086846113
v 0.185577333 0.262896001 0.011906147
v 0.099931657 0.241484582 0.375900269
v 0.099931657 0.273601711 0.279548883
v 0.067814529 0.252190292 0.161786079
v 0.053671941 0.191452518 0.352818607
v 0.110637367 0.284307420 0.204608917
v 0.046403110 0.209367454 0.236726046
v 0.046403110 0.209367454 0.172491789
v 0.206988752 0.284307420 0.354488850
v 0.217694461 0.305718839 0.226020336
v 0.260517299 0.284307420 0.343783140
v 0.206988752 0.284307420 0.033317566
v 0.196283042 0.305718839 0.172491789
v 0.174871624 0.273601711 0.033317566
v 0.099931657 0.252190292 0.097551823
v 0.053895586 0.185762061 0.363529096
v 0.078520238 0.241484582 0.311666012
v 0.089225948 0.273601711 0.172491789
v 0.046403110 0.187956035 0.236726046
v 0.046403110 0.220073164 0.226020336
v 0.046403110 0.187956035 0.172491789
v 0.142754495 0.284307420 0.097551823
v 0.228400171 0.305718839 0.183197498
v 0.142754495 0.273601711 0.065434694
v 0.053032730 0.153495072 0.366821047
v 0.099931657 0.273601711 0.140374660
v 0.046403110 0.177250326 0.215314627
v 0.196283042 0.295013130 0.097551823
v 0.110637367 0.284307420 0.161786079
f 1351 1348 1347
f 1354 1347 1350
f 1356 1346 1347
f 1356 1347 1352
f 1359 1353 1350
f 1359 1350 1347
f 1359 1347 1353
f 1361 1351 1347
f 1361 1347 1354
f 1362 1361 1349
f 1362 1351 1361
f 1362 1348 1351
f 1364 1352 1347
f 1364 1347 1357
f 1365 1357 1347
f 1365 1347 1348
f 1367 1353 1347
f 1367 1347 1360
f 1367 1350 1353
f 1368 1360 1347
f 1368 1347 1346
f 1369 1361 1354
f 1369 1349 1361
f 1370 1362 1355
f 1370 1348 1362
f 1370 1363 1348
f 1370 1355 1363
f 1371 1363 1355
f 1371 1349 1369
f 1371 1362 1349
f 1371 1355 1362
f 1373 1365 1348
f 1373 1348 1363
f 1375 1360 1368
f 1375 1368 1372
f 1376 1369 1354
f 1376 1354 1350
f 1378 1364 1357
f 1378 1352 1364
f 1379 1368 1346
f 1380 1357 1365
f 1381 1373 1363
f 1381 1363 1371
f 1382 1367 1360
f 1383 1358 1374
f 1383 1360 1375
f 1383 1382 1360
f 1384 1374 1358
f 1384 1366 1374
f 1384 1369 1366
f 1385 1367 1382
f 1386 1375 1372
f 1386 1383 1375
f 1386 1358 1383
f 1387 1366 1376
f 1388 1376 1366
f 1388 1366 1369
f 1389 1379 1372
f 1389 1372 1368
f 1389 1368 1379
f 1390 1379 1378
f 1390 1378 1372
f 1390 1372 1379
f 1391 1379 1346
f 1391 1352 1378
f 1391 1378 1379
f 1391 1356 1352
f 1391 1346 1356
f 1392 1380 1365
f 1392 1365 1373
f 1393 1357 1380
f 1393 1372 1378
f 1393 1386 1372
f 1394 1373 1381
f 1394 1392 1373
f 1394 1381 1371
f 1395 1377 1369
f 1395 1369 1384
f 1396 1367 1385
f 1397 1385 1382
f 1397 1374 1385
f 1397 1383 1374
f 1397 1382 1383
f 1398 1384 1358
f 1398 1358 1386
f 1399 1387 1376
f 1400 1385 1374
f 1400 1374 1366
f 1400 1366 1387
f 1400 1396 1385
f 1400 1387 1396
f 1401 1388 1369
f 1401 1369 1376
f 1401 1376 1388
f 1402 1392 1394
f 1403 1393 1378
f 1403 1378 1357
f 1403 1357 1393
f 1404 1369 1377
f 1404 1402 1394
f 1404 1377 1402
f 1404 1394 1371
f 1404 1371 1369
f 1405 1350 1367
f 1405 1367 1396
f 1405 1396 1387
f 1405 1387 1399
f 1406 1384 1398
f 1406 1395 1384
f 1406 1377 1395
f 1406 1402 1377
f 1407 1399 1376
f 1407 1376 1350
f 1407 1405 1399
f 1407 1350 1405
f 1408 1402 1393
f 1408 1393 1380
f 1408 1380 1392
f 1408 1392 1402
f 1409 1386 1393
f 1409 1393 1402
f 1409 1398 1386
f 1409 1406 1398
f 1409 1402 1406
o /home/catherine/patient252/distal102033
usemtl Material033
v 0.046403110 0.177250326 0.397311687
v 0.057108819 0.080898941 0.397311687
v 0.057110449 0.112710154 0.236475350
v -0.007125437 0.123721778 0.236726046
v -0.092771113 0.102310359 0.397311687
v 0.057108819 0.187956035 0.290254593
v -0.007125437 0.166544616 0.408017397
v -0.092771113 0.080898941 0.290254593
v 0.035697401 0.166544616 0.258137465
v 0.057108819 0.198661745 0.375900269
v -0.039242566 0.123721778 0.408017397
v 0.003580272 0.155838907 0.408017397
v 0.057108819 0.080898941 0.236726046
v -0.087310639 0.079271575 0.389431908
v -0.017831147 0.177250326 0.290254593
v 0.057108819 0.177250326 0.268843174
v 0.035697401 0.123721778 0.236726046
v 0.057108819 0.187956035 0.386605978
v -0.039242566 0.155838907 0.408017397
v 0.057108819 0.091604650 0.397311687
v -0.007125437 0.123721778 0.408017397
v -0.007083910 0.080976091 0.239002187
v -0.092771113 0.102310359 0.300960302
v 0.024991691 0.198661745 0.322371721
v -0.017831147 0.145133197 0.247431755
v 0.046403110 0.145133197 0.247431755
v 0.003580272 0.187956035 0.290254593
v -0.082065403 0.123721778 0.386605978
v 0.003580272 0.187956035 0.386605978
v 0.003580272 0.145133197 0.408017397
v 0.057108819 0.198661745 0.322371721
v -0.049948275 0.145133197 0.268843174
v 0.003580272 0.177250326 0.268843174
v -0.007125437 0.187956035 0.365194559
v -0.017831147 0.166544616 0.408017397
v 0.024991691 0.198661745 0.375900269
v -0.071359694 0.134427488 0.365194559
v -0.092771113 0.091604650 0.290254593
v 0.014285982 0.166544616 0.258137465
v -0.028536856 0.166544616 0.279548883
v -0.017831147 0.166544616 0.268843174
v -0.017831147 0.177250326 0.386605978
v -0.007125437 0.187956035 0.311666012
v -0.071359694 0.134427488 0.375900269
v -0.082065403 0.113016069 0.290254593
v -0.082065403 0.123721778 0.375900269
f 1421 1410 1416
f 1421 1416 1420
f 1422 1412 1411
f 1422 1413 1412
f 1423 1414 1417
f 1423 1420 1414
f 1423 1411 1420
f 1423 1422 1411
f 1425 1415 1412
f 1426 1412 1413
f 1427 1412 1419
f 1427 1416 1410
f 1428 1420 1416
f 1428 1414 1420
f 1429 1421 1411
f 1429 1410 1421
f 1429 1427 1410
f 1429 1411 1412
f 1429 1412 1427
f 1430 1421 1420
f 1430 1420 1411
f 1431 1417 1413
f 1431 1413 1422
f 1431 1423 1417
f 1431 1422 1423
f 1432 1417 1414
f 1434 1426 1413
f 1435 1425 1412
f 1435 1418 1425
f 1435 1412 1426
f 1435 1434 1418
f 1435 1426 1434
f 1436 1415 1425
f 1436 1433 1415
f 1437 1414 1428
f 1437 1432 1414
f 1438 1427 1419
f 1438 1416 1427
f 1439 1430 1411
f 1439 1411 1421
f 1439 1421 1430
f 1440 1433 1419
f 1440 1415 1433
f 1440 1419 1412
f 1440 1412 1415
f 1441 1434 1413
f 1442 1436 1425
f 1442 1425 1418
f 1442 1424 1436
f 1444 1438 1428
f 1444 1428 1416
f 1444 1416 1438
f 1445 1438 1419
f 1445 1419 1433
f 1445 1443 1438
f 1445 1433 1443
f 1447 1417 1432
f 1447 1441 1413
f 1447 1413 1417
f 1448 1442 1418
f 1448 1418 1434
f 1448 1434 1442
f 1449 1424 1442
f 1449 1446 1424
f 1449 1441 1446
f 1450 1442 1434
f 1450 1434 1441
f 1450 1449 1442
f 1450 1441 1449
f 1451 1437 1428
f 1451 1428 1438
f 1451 1438 1443
f 1452 1436 1424
f 1452 1446 1443
f 1452 1424 1446
f 1452 1443 1433
f 1452 1433 1436
f 1453 1446 1437
f 1453 1443 1446
f 1453 1451 1443
f 1453 1437 1451
f 1454 1446 1441
f 1454 1447 1432
f 1454 1441 1447
f 1455 1432 1437
f 1455 1437 1446
f 1455 1454 1432
f 1455 1446 1454
o /home/catherine/patient252/distal102034
usemtl Material034
v 0.035697401 0.080898941 -0.105856657
v 0.057101506 0.070695130 -0.123621170
v 0.046403110 0.209367454 -0.191502333
v -0.178315903 0.136950982 -0.189521480
v -0.178416789 0.080898941 -0.159385204
v 0.057108819 0.070193231 -0.191502333
v -0.049948275 0.166544616 -0.116562366
v 0.057108819 0.155838907 -0.127268076
v -0.060653985 0.070193231 -0.105856657
v -0.178416789 0.080898941 -0.191502333
v -0.039242566 0.209367454 -0.180796623
v -0.178416789 0.134427488 -0.170090914
v 0.057108819 0.113016069 -0.116562366
v 0.024991691 0.198661745 -0.148679495
v 0.057108819 0.198661745 -0.170090914
v 0.030786318 0.065704209 -0.112608301
v -0.114182532 0.102310359 -0.127268076
v -0.060653985 0.080898941 -0.105856657
v -0.082065403 0.187956035 -0.191502333
v 0.054291245 0.190504334 -0.193529494
v -0.088459998 0.066969998 -0.124792002
v -0.060653985 0.198661745 -0.159385204
v -0.007125437 0.166544616 -0.116562366
v 0.003580272 0.209367454 -0.159385204
v -0.092771113 0.080898941 -0.116562366
v -0.178416789 0.091604650 -0.159385204
v -0.060653985 0.155838907 -0.116562366
v -0.039242566 0.209367454 -0.191502333
v -0.103476822 0.070193231 -0.191502333
v -0.082065403 0.187956035 -0.170090914
v -0.060653985 0.187956035 -0.137973785
v 0.014285982 0.155838907 -0.116562366
v 0.024991691 0.187956035 -0.137973785
v -0.017831147 0.209367454 -0.159385204
v 0.046403110 0.209367454 -0.180796623
v -0.060653985 0.177250326 -0.127268076
v -0.082065403 0.155838907 -0.127268076
v -0.071359694 0.187956035 -0.148679495
v 0.014285982 0.177250326 -0.127268076
v -0.049948275 0.198661745 -0.148679495
f 1467 1465 1460
f 1467 1459 1465
f 1468 1456 1457
f 1468 1457 1461
f 1468 1461 1463
f 1470 1463 1461
f 1471 1457 1456
f 1471 1456 1464
f 1471 1461 1457
f 1473 1464 1456
f 1473 1456 1462
f 1474 1465 1459
f 1475 1470 1461
f 1475 1458 1470
f 1475 1465 1474
f 1476 1464 1460
f 1476 1460 1465
f 1476 1471 1464
f 1477 1459 1467
f 1478 1462 1456
f 1479 1458 1466
f 1480 1460 1464
f 1480 1464 1473
f 1481 1472 1467
f 1481 1467 1460
f 1481 1480 1472
f 1481 1460 1480
f 1482 1472 1480
f 1482 1480 1473
f 1482 1473 1462
f 1483 1474 1466
f 1483 1466 1458
f 1483 1475 1474
f 1483 1458 1475
f 1484 1475 1461
f 1484 1465 1475
f 1484 1476 1465
f 1484 1461 1471
f 1484 1471 1476
f 1485 1474 1459
f 1485 1459 1477
f 1485 1477 1466
f 1485 1466 1474
f 1486 1462 1478
f 1487 1468 1463
f 1487 1478 1456
f 1487 1456 1468
f 1488 1469 1479
f 1488 1486 1478
f 1488 1479 1486
f 1488 1470 1469
f 1488 1463 1470
f 1489 1479 1466
f 1489 1466 1477
f 1489 1486 1479
f 1490 1470 1458
f 1490 1458 1479
f 1490 1479 1469
f 1490 1469 1470
f 1491 1482 1462
f 1491 1486 1467
f 1491 1462 1486
f 1492 1467 1472
f 1492 1472 1482
f 1492 1491 1467
f 1492 1482 1491
f 1493 1486 1477
f 1493 1477 1467
f 1493 1467 1486
f 1494 1488 1478
f 1494 1463 1488
f 1494 1487 1463
f 1494 1478 1487
f 1495 1489 1477
f 1495 1477 1486
f 1495 1486 1489
o /home/catherine/patient252/distal102035
usemtl Material035
v -0.349965387 -0.068301121 -0.254378383
v -0.348865936 -0.279877254 -0.254519886
v -0.349708140 -0.186743796 -0.362793684
v -0.435353816 -0.133215249 -0.405616522
v -0.435353816 -0.068980992 -0.255736589
v -0.435353816 -0.250978053 -0.394910812
v -0.371119559 -0.165332377 -0.384205103
v -0.413942397 -0.068980992 -0.298559427
v -0.349708140 -0.261683762 -0.352087975
v -0.440557998 -0.127023378 -0.390385382
v -0.434499343 -0.273992457 -0.256939658
v -0.360413849 -0.154626667 -0.362793684
v -0.413942397 -0.229566634 -0.405616522
v -0.353274468 -0.062432800 -0.261513802
v -0.349708140 -0.250978053 -0.362793684
v -0.435353816 -0.283095181 -0.352087975
v -0.436572730 -0.224637783 -0.397783514
v -0.435722335 -0.067839625 -0.295503759
v -0.381825268 -0.176038086 -0.394910812
v -0.424648106 -0.122509539 -0.394910812
v -0.381825268 -0.261683762 -0.373499393
v -0.371119559 -0.283095181 -0.330676556
v -0.349708140 -0.283095181 -0.287853718
v -0.413942397 -0.165332377 -0.405616522
v -0.424648106 -0.133215249 -0.405616522
v -0.381825268 -0.229566634 -0.394910812
v -0.381825268 -0.068980992 -0.287853718
v -0.360413849 -0.068980992 -0.277148008
v -0.360413849 -0.261683762 -0.362793684
v -0.413942397 -0.250978053 -0.394910812
v -0.392530978 -0.283095181 -0.352087975
v -0.392530978 -0.154626667 -0.394910812
v -0.392530978 -0.240272343 -0.394910812
f 1496 1497 1498
f 1500 1497 1496
f 1506 1497 1500
f 1506 1500 1505
f 1507 1498 1502
f 1509 1500 1496
f 1509 1496 1498
f 1509 1498 1507
f 1510 1498 1497
f 1510 1497 1504
f 1510 1502 1498
f 1511 1506 1505
f 1512 1505 1499
f 1512 1511 1505
f 1512 1501 1511
f 1512 1508 1501
f 1512 1499 1508
f 1513 1499 1505
f 1513 1505 1500
f 1513 1509 1503
f 1513 1500 1509
f 1514 1502 1510
f 1515 1513 1503
f 1515 1499 1513
f 1518 1497 1506
f 1518 1506 1511
f 1518 1511 1517
f 1518 1517 1504
f 1518 1504 1497
f 1519 1514 1508
f 1519 1508 1499
f 1520 1499 1515
f 1520 1515 1507
f 1520 1507 1502
f 1520 1519 1499
f 1520 1514 1519
f 1521 1514 1510
f 1521 1508 1514
f 1522 1515 1503
f 1522 1503 1509
f 1523 1509 1507
f 1523 1507 1515
f 1523 1522 1509
f 1523 1515 1522
f 1524 1510 1504
f 1524 1521 1510
f 1525 1501 1508
f 1525 1511 1501
f 1526 1517 1511
f 1526 1516 1524
f 1526 1524 1504
f 1526 1504 1517
f 1526 1525 1516
f 1526 1511 1525
f 1527 1520 1502
f 1527 1502 1514
f 1527 1514 1520
f 1528 1524 1516
f 1528 1521 1524
f 1528 1516 1525
f 1528 1525 1508
f 1528 1508 1521
o /home/catherine/patient252/distal102036
usemtl Material036
v -0.081941985 0.059287523 0.044044848
v -0.082065403 -0.176038086 0.044023275
v -0.081030782 0.003131900 -0.087130264
v -0.232570435 0.050609130 -0.085187572
v -0.231945336 0.005958974 0.044023275
v -0.231945336 -0.176038086 -0.084445238
v -0.082065403 0.048781812 -0.020210981
v -0.078859368 0.051554967 0.016935052
v -0.199828207 0.038076103 0.044023275
v -0.082065403 -0.176038086 -0.084445238
v -0.231945336 -0.154626667 0.044023275
v -0.210533917 0.059487522 -0.084445238
v -0.231945336 0.059487522 -0.063033819
v -0.231945336 -0.176038086 0.022611856
v -0.103476822 0.059487522 0.044023275
v -0.210533917 -0.176038086 0.044023275
v -0.157005370 0.048781812 0.044023275
f 1534 1532 1531
f 1536 1529 1530
f 1536 1535 1529
f 1536 1531 1535
f 1537 1533 1529
f 1538 1534 1531
f 1538 1530 1534
f 1538 1536 1530
f 1538 1531 1536
f 1539 1533 1532
f 1539 1529 1533
f 1540 1535 1531
f 1540 1531 1532
f 1540 1529 1535
f 1541 1532 1533
f 1541 1533 1537
f 1541 1540 1532
f 1542 1539 1532
f 1542 1532 1534
f 1542 1534 1530
f 1543 1529 1540
f 1543 1540 1541
f 1544 1542 1530
f 1544 1539 1542
f 1544 1530 1529
f 1544 1529 1539
f 1545 1543 1541
f 1545 1541 1537
f 1545 1537 1529
f 1545 1529 1543
o /home/catherine/patient252/distal102037
usemtl Material037
v 0.057108819 0.005958974 -0.234325171
v 0.061746903 -0.129262419 -0.251491623
v 0.058848896 -0.000395696 -0.388715505
v 0.046403110 -0.004746735 -0.394910812
v -0.017831147 -0.068980992 -0.234325171
v 0.063786867 -0.051946987 -0.346679078
v -0.017831147 0.005958974 -0.352087975
v 0.016978178 -0.133186204 -0.232237180
v 0.060357074 -0.030999737 -0.368495502
v 0.058228777 0.006839554 -0.391300918
v -0.017831147 0.005958974 -0.234325171
v 0.054883618 -0.135506154 -0.240219993
v -0.017831147 -0.026158154 -0.330676556
v 0.035697401 -0.047569573 -0.362793684
v 0.024991691 0.005958974 -0.384205103
v 0.050909973 0.009509123 -0.388848663
v 0.035697401 -0.133215249 -0.255736589
v 0.014285982 -0.133215249 -0.245030880
v 0.046403110 -0.058275282 -0.352087975
v -0.007125437 -0.004746735 -0.362793684
v -0.007125437 0.005958974 -0.362793684
v -0.017831147 -0.068980992 -0.245030880
v 0.024991691 -0.058275282 -0.341382265
v 0.035697401 -0.036863863 -0.373499393
v -0.017831147 -0.004746735 -0.352087975
v 0.024991691 -0.004746735 -0.384205103
v -0.007125437 -0.036863863 -0.330676556
v 0.014285982 -0.015452445 -0.373499393
f 1551 1546 1547
f 1554 1549 1548
f 1554 1548 1551
f 1555 1551 1548
f 1555 1546 1551
f 1555 1548 1549
f 1556 1552 1550
f 1556 1553 1546
f 1556 1550 1553
f 1557 1547 1546
f 1557 1546 1553
f 1558 1550 1552
f 1561 1552 1556
f 1561 1555 1549
f 1561 1549 1560
f 1561 1556 1546
f 1561 1546 1555
f 1562 1547 1557
f 1563 1553 1550
f 1563 1559 1562
f 1563 1562 1557
f 1563 1557 1553
f 1564 1551 1547
f 1564 1562 1559
f 1564 1547 1562
f 1564 1554 1551
f 1566 1561 1560
f 1566 1552 1561
f 1566 1565 1552
f 1566 1560 1565
f 1567 1563 1550
f 1567 1550 1558
f 1567 1558 1563
f 1568 1559 1563
f 1569 1564 1559
f 1569 1549 1554
f 1569 1554 1564
f 1569 1559 1568
f 1570 1558 1552
f 1570 1552 1565
f 1571 1565 1560
f 1571 1560 1549
f 1572 1568 1563
f 1572 1563 1558
f 1572 1570 1568
f 1572 1558 1570
f 1573 1565 1571
f 1573 1569 1568
f 1573 1570 1565
f 1573 1568 1570
f 1573 1571 1549
f 1573 1549 1569
o /home/catherine/patient252/distal102038
usemtl Material038
v 0.281928718 0.252190292 0.397311687
v 0.303340137 0.134427488 0.386605978
v 0.324751556 0.252190292 0.086846113
v 0.271223009 0.262896001 0.011906147
v 0.267581057 0.100907696 0.299323344
v 0.292634428 0.284307420 0.129668951
v 0.303340137 0.220073164 0.386605978
v 0.268126836 0.127154508 0.396170826
v 0.314045846 0.123721778 0.193903208
v 0.292634428 0.262896001 0.333077431
v 0.292634428 0.284307420 0.076140404
v 0.271223009 0.284307420 0.193903208
v 0.303340137 0.209367454 0.397311687
v 0.281928718 0.113016069 0.386605978
v 0.324751556 0.198661745 0.226020336
v 0.271223009 0.102310359 0.161786079
v 0.324751556 0.252190292 0.129668951
v 0.292634428 0.241484582 0.386605978
v 0.303340137 0.262896001 0.044023275
v 0.281928718 0.273601711 0.333077431
v 0.267494476 0.250271861 0.396245914
v 0.271223009 0.284307420 0.054728985
v 0.303340137 0.145133197 0.397311687
v 0.267596348 0.117713052 0.383531556
v 0.292634428 0.091604650 0.247431755
v 0.324751556 0.187956035 0.183197498
v 0.314045846 0.134427488 0.300960302
v 0.324751556 0.209367454 0.226020336
v 0.267803243 0.100752902 0.184916448
v 0.324751556 0.230778873 0.204608917
v 0.314045846 0.262896001 0.065434694
v 0.281928718 0.230778873 0.011906147
v 0.281928718 0.284307420 0.193903208
v 0.314045846 0.262896001 0.140374660
v 0.281928718 0.123721778 0.397311687
v 0.268040170 0.264799917 0.330882502
v 0.281928718 0.273601711 0.022611856
v 0.314045846 0.198661745 0.322371721
v 0.281928718 0.091604650 0.300960302
v 0.292634428 0.102310359 0.172491789
v 0.324751556 0.230778873 0.086846113
v 0.324751556 0.187956035 0.215314627
v 0.314045846 0.123721778 0.268843174
v 0.271223009 0.230778873 0.011906147
v 0.281928718 0.091604650 0.183197498
v 0.303340137 0.273601711 0.140374660
v 0.271223009 0.273601711 0.022611856
v 0.281928718 0.262896001 0.011906147
v 0.281928718 0.284307420 0.054728985
v 0.303340137 0.273601711 0.065434694
v 0.314045846 0.145133197 0.311666012
v 0.292634428 0.102310359 0.322371721
v 0.292634428 0.091604650 0.226020336
v 0.281928718 0.102310359 0.161786079
v 0.324751556 0.209367454 0.129668951
v 0.303340137 0.220073164 0.044023275
v 0.271223009 0.220073164 0.022611856
v 0.314045846 0.177250326 0.322371721
v 0.303340137 0.113016069 0.311666012
v 0.281928718 0.220073164 0.022611856
v 0.314045846 0.134427488 0.172491789
f 1584 1579 1576
f 1585 1579 1584
f 1586 1580 1574
f 1590 1576 1579
f 1590 1588 1576
f 1591 1583 1574
f 1591 1574 1580
f 1591 1580 1583
f 1593 1574 1583
f 1594 1574 1593
f 1595 1585 1584
f 1596 1587 1575
f 1596 1586 1574
f 1597 1587 1581
f 1597 1594 1578
f 1597 1581 1594
f 1599 1576 1588
f 1601 1588 1590
f 1602 1578 1594
f 1603 1590 1583
f 1603 1583 1580
f 1603 1601 1590
f 1604 1584 1576
f 1606 1593 1579
f 1606 1579 1585
f 1606 1585 1593
f 1607 1590 1579
f 1607 1593 1583
f 1607 1583 1590
f 1608 1594 1581
f 1608 1574 1594
f 1608 1596 1574
f 1608 1581 1587
f 1608 1587 1596
f 1609 1594 1593
f 1609 1593 1585
f 1609 1585 1595
f 1609 1602 1594
f 1610 1604 1592
f 1611 1586 1596
f 1611 1588 1601
f 1611 1580 1586
f 1611 1603 1580
f 1611 1601 1603
f 1612 1597 1578
f 1612 1587 1597
f 1612 1578 1602
f 1614 1576 1599
f 1614 1604 1576
f 1615 1599 1588
f 1615 1588 1600
f 1615 1582 1599
f 1616 1598 1582
f 1616 1615 1600
f 1616 1582 1615
f 1616 1600 1575
f 1617 1602 1577
f 1617 1577 1605
f 1618 1602 1589
f 1618 1612 1602
f 1618 1598 1612
f 1619 1607 1579
f 1619 1579 1593
f 1619 1593 1607
f 1620 1609 1595
f 1620 1577 1602
f 1620 1602 1609
f 1620 1610 1577
f 1620 1595 1610
f 1621 1605 1577
f 1621 1577 1610
f 1621 1610 1592
f 1621 1592 1605
f 1622 1610 1595
f 1622 1595 1584
f 1623 1584 1604
f 1623 1604 1610
f 1623 1622 1584
f 1623 1610 1622
f 1624 1600 1588
f 1624 1596 1575
f 1624 1575 1600
f 1625 1612 1598
f 1625 1575 1587
f 1625 1587 1612
f 1626 1613 1582
f 1626 1582 1598
f 1626 1618 1613
f 1626 1598 1618
f 1627 1618 1589
f 1627 1613 1618
f 1628 1614 1599
f 1628 1599 1582
f 1628 1582 1614
f 1629 1605 1592
f 1629 1592 1604
f 1629 1604 1614
f 1629 1613 1627
f 1630 1589 1602
f 1630 1602 1617
f 1630 1617 1605
f 1630 1627 1589
f 1631 1624 1588
f 1631 1588 1611
f 1631 1611 1596
f 1631 1596 1624
f 1632 1616 1575
f 1632 1575 1625
f 1632 1625 1598
f 1632 1598 1616
f 1633 1629 1627
f 1633 1605 1629
f 1633 1630 1605
f 1633 1627 1630
f 1634 1629 1614
f 1634 1614 1582
f 1634 1582 1613
f 1634 1613 1629
o /home/catherine/patient252/distal102039
usemtl Material039
v 0.142754495 -0.079686701 0.814834356
v 0.206988752 -0.122509539 0.622131586
v 0.196283042 -0.079686701 0.632837296
v 0.089225948 -0.111803830 0.611425877
v 0.078520238 -0.186743796 0.632837296
v 0.189979295 -0.087639841 0.609273234
v 0.142754495 -0.068980992 0.686365843
v 0.164165914 -0.079686701 0.793422937
v 0.099931657 -0.101098120 0.782717228
v 0.206988752 -0.090392411 0.611425877
v 0.142754495 -0.186743796 0.611425877
v 0.132048786 -0.079686701 0.611425877
v 0.153460205 -0.068980992 0.793422937
v 0.132048786 -0.122509539 0.793422937
v 0.067814529 -0.143920958 0.632837296
v 0.132048786 -0.068980992 0.729188681
v 0.206988752 -0.090392411 0.622131586
v 0.072368184 -0.181270594 0.607985887
v 0.185577333 -0.154626667 0.611425877
v 0.164165914 -0.068980992 0.686365843
v 0.164165914 -0.068980992 0.772011518
v 0.099931657 -0.122509539 0.782717228
v 0.132048786 -0.186743796 0.632837296
v 0.164165914 -0.101098120 0.793422937
v 0.078520238 -0.122509539 0.686365843
v 0.121343076 -0.079686701 0.814834356
v 0.067814529 -0.186743796 0.622131586
v 0.067814529 -0.143920958 0.622131586
v 0.206988752 -0.122509539 0.611425877
v 0.164165914 -0.176038086 0.611425877
v 0.110637367 -0.122509539 0.793422937
v 0.142754495 -0.101098120 0.814834356
v 0.185577333 -0.154626667 0.622131586
v 0.067814529 -0.176038086 0.632837296
v 0.132048786 -0.068980992 0.793422937
v 0.110637367 -0.111803830 0.804128647
v 0.072877066 -0.159228532 0.609863300
v 0.078520238 -0.122509539 0.632837296
v 0.164165914 -0.176038086 0.622131586
v 0.142754495 -0.111803830 0.804128647
v 0.078520238 -0.143920958 0.686365843
v 0.110637367 -0.090392411 0.804128647
v 0.121343076 -0.101098120 0.814834356
v 0.142754495 -0.186743796 0.622131586
v 0.164165914 -0.111803830 0.772011518
v 0.153460205 -0.122509539 0.772011518
v 0.153460205 -0.111803830 0.793422937
f 1644 1640 1637
f 1646 1637 1640
f 1647 1635 1642
f 1650 1646 1638
f 1650 1641 1646
f 1650 1647 1641
f 1651 1642 1636
f 1651 1636 1644
f 1651 1644 1637
f 1652 1646 1640
f 1652 1638 1646
f 1653 1652 1640
f 1654 1646 1641
f 1654 1637 1646
f 1654 1641 1647
f 1655 1647 1642
f 1655 1654 1647
f 1655 1637 1654
f 1655 1651 1637
f 1655 1642 1651
f 1657 1648 1639
f 1657 1639 1645
f 1658 1642 1635
f 1658 1636 1642
f 1659 1656 1643
f 1660 1635 1647
f 1661 1652 1645
f 1661 1645 1639
f 1661 1639 1656
f 1662 1649 1659
f 1662 1661 1649
f 1662 1652 1661
f 1663 1653 1640
f 1663 1640 1644
f 1663 1644 1636
f 1663 1636 1653
f 1664 1645 1652
f 1664 1652 1653
f 1665 1656 1639
f 1665 1639 1648
f 1666 1658 1635
f 1666 1635 1660
f 1667 1653 1636
f 1667 1664 1653
f 1668 1659 1649
f 1668 1661 1656
f 1668 1649 1661
f 1669 1660 1647
f 1669 1647 1650
f 1670 1643 1656
f 1670 1656 1665
f 1670 1665 1648
f 1671 1662 1638
f 1671 1638 1652
f 1671 1652 1662
f 1672 1662 1659
f 1672 1638 1662
f 1673 1645 1664
f 1673 1664 1667
f 1674 1658 1666
f 1674 1670 1648
f 1674 1666 1670
f 1675 1668 1656
f 1675 1656 1659
f 1675 1659 1668
f 1676 1670 1660
f 1676 1643 1670
f 1676 1660 1669
f 1676 1669 1650
f 1676 1650 1638
f 1676 1659 1643
f 1676 1672 1659
f 1676 1638 1672
f 1677 1670 1666
f 1677 1666 1660
f 1677 1660 1670
f 1678 1657 1645
f 1678 1645 1673
f 1679 1673 1667
f 1679 1667 1636
f 1679 1636 1658
f 1680 1674 1648
f 1680 1673 1679
f 1680 1679 1658
f 1680 1678 1673
f 1680 1648 1657
f 1680 1657 1678
f 1681 1680 1658
f 1681 1658 1674
f 1681 1674 1680
o /home/catherine/patient252/distal102040
usemtl Material040
v -0.435353816 -0.058275282 -0.255736589
v -0.435353816 -0.133215249 -0.255736589
v -0.435353816 -0.122509539 -0.405616522
v -0.606645167 -0.079686701 -0.437733650
v -0.606645167 -0.090392411 -0.255736589
v -0.606645167 -0.133215249 -0.427027941
v -0.520999491 -0.058275282 -0.405616522
v -0.603974947 -0.057980449 -0.255556721
v -0.435353816 -0.133215249 -0.405616522
v -0.617350876 -0.068980992 -0.373499393
v -0.595939457 -0.133215249 -0.255736589
v -0.435384338 -0.058228344 -0.297032828
v -0.510293782 -0.090392411 -0.437733650
v -0.523858346 -0.134751729 -0.442322888
v -0.606645167 -0.133215249 -0.352087975
v -0.617350876 -0.068980992 -0.416322231
v -0.446059525 -0.090392411 -0.384205103
v -0.610066685 -0.054347743 -0.373869555
v -0.574528039 -0.068980992 -0.437733650
v -0.478176653 -0.133215249 -0.437733650
v -0.574528039 -0.133215249 -0.448439360
v -0.606645167 -0.101098120 -0.437733650
v -0.435353816 -0.111803830 -0.394910812
v -0.488882363 -0.068980992 -0.394910812
v -0.488882363 -0.090392411 -0.427027941
v -0.604137464 -0.054952391 -0.420249288
v -0.531705201 -0.079686701 -0.437733650
v -0.456765234 -0.122509539 -0.427027941
v -0.456765234 -0.133215249 -0.427027941
v -0.595939457 -0.133215249 -0.437733650
v -0.563822329 -0.101098120 -0.448439360
v -0.510293782 -0.133215249 -0.448439360
v -0.510293782 -0.058275282 -0.394910812
v -0.478176653 -0.079686701 -0.405616522
v -0.585233748 -0.058275282 -0.427027941
v -0.610139012 -0.054822002 -0.415576011
v -0.595939457 -0.068980992 -0.437733650
v -0.510293782 -0.068980992 -0.416322231
v -0.478176653 -0.122509539 -0.437733650
v -0.574528039 -0.111803830 -0.448439360
v -0.542410910 -0.101098120 -0.448439360
v -0.488882363 -0.079686701 -0.416322231
v -0.510293782 -0.122509539 -0.448439360
f 1682 1683 1684
f 1689 1683 1682
f 1690 1684 1683
f 1691 1686 1689
f 1692 1689 1686
f 1692 1683 1689
f 1695 1690 1683
f 1695 1683 1692
f 1696 1691 1687
f 1696 1686 1691
f 1696 1692 1686
f 1696 1695 1692
f 1696 1687 1695
f 1697 1687 1691
f 1699 1689 1682
f 1699 1682 1693
f 1699 1697 1691
f 1699 1691 1689
f 1703 1697 1685
f 1703 1687 1697
f 1703 1685 1702
f 1704 1698 1693
f 1704 1684 1698
f 1704 1693 1682
f 1704 1682 1684
f 1707 1699 1693
f 1708 1700 1688
f 1709 1684 1690
f 1709 1694 1706
f 1709 1706 1698
f 1709 1698 1684
f 1710 1690 1695
f 1710 1695 1701
f 1710 1709 1690
f 1710 1701 1709
f 1711 1702 1695
f 1711 1695 1687
f 1711 1703 1702
f 1711 1687 1703
f 1713 1701 1695
f 1713 1695 1702
f 1713 1702 1712
f 1714 1705 1688
f 1714 1693 1705
f 1714 1707 1693
f 1714 1688 1707
f 1715 1705 1693
f 1715 1693 1698
f 1715 1688 1705
f 1716 1707 1688
f 1716 1688 1700
f 1717 1697 1699
f 1717 1699 1707
f 1717 1685 1697
f 1718 1717 1707
f 1718 1685 1717
f 1718 1700 1712
f 1718 1716 1700
f 1718 1707 1716
f 1719 1708 1688
f 1719 1694 1708
f 1719 1688 1715
f 1720 1709 1701
f 1720 1694 1709
f 1720 1701 1713
f 1721 1712 1702
f 1721 1702 1685
f 1721 1718 1712
f 1721 1685 1718
f 1722 1712 1700
f 1722 1700 1708
f 1722 1708 1694
f 1722 1713 1712
f 1723 1719 1715
f 1723 1706 1694
f 1723 1694 1719
f 1723 1715 1698
f 1723 1698 1706
f 1724 1720 1713
f 1724 1694 1720
f 1724 1722 1694
f 1724 1713 1722
o /home/catherine/patient252/distal102041
usemtl Material041
v 0.174871624 0.145133197 0.397311687
v 0.177966944 0.125579294 0.396876889
v 0.174871624 0.145133197 0.193903208
v 0.057571714 0.132593418 0.193248822
v 0.057108819 0.080898941 0.397311687
v 0.080877171 0.148732457 0.194374947
v 0.174871624 0.070193231 0.193903208
v 0.134060888 0.150238387 0.396582048
v 0.173098198 0.068339021 0.358968783
v 0.057108819 0.070193231 0.193903208
v 0.054046424 0.144015489 0.368152554
v 0.153460205 0.070193231 0.375900269
v 0.064370160 0.066526783 0.388113187
v 0.057108819 0.145133197 0.258137465
v 0.056125559 0.068641654 0.389514783
f 1725 1726 1727
f 1729 1726 1725
f 1730 1727 1728
f 1731 1727 1726
f 1731 1728 1727
f 1732 1725 1727
f 1732 1727 1730
f 1732 1729 1725
f 1733 1731 1726
f 1734 1728 1731
f 1735 1732 1730
f 1735 1729 1732
f 1735 1728 1734
f 1736 1733 1726
f 1736 1726 1729
f 1737 1734 1731
f 1737 1731 1733
f 1737 1733 1736
f 1737 1736 1729
f 1738 1735 1730
f 1738 1730 1728
f 1738 1728 1735
f 1739 1735 1734
f 1739 1729 1735
f 1739 1737 1729
f 1739 1734 1737
o /home/catherine/patient252/distal102042
usemtl Material042
v 0.570982873 0.091604650 -0.330676556
v 0.570982873 -0.111803830 -0.341382265
v 0.570982873 0.038076103 -0.448439360
v 0.495984671 0.091534531 -0.436368746
v 0.496042907 -0.015452445 -0.330676556
v 0.506748617 -0.111803830 -0.459145069
v 0.570982873 0.080898941 -0.437733650
v 0.571079188 -0.111834968 -0.446190384
v 0.570982873 -0.015452445 -0.330676556
v 0.496042907 0.091604650 -0.330676556
v 0.517454326 -0.079686701 -0.459145069
v 0.495789497 -0.111859175 -0.445886354
v 0.549571455 0.091604650 -0.437733650
v 0.506748617 -0.090392411 -0.459145069
v 0.560277164 0.038076103 -0.448439360
v 0.549571455 -0.111803830 -0.459145069
v 0.496042907 -0.111803830 -0.341382265
v 0.567079011 0.086125519 -0.420824809
v 0.496042907 -0.026158154 -0.448439360
v 0.549571455 -0.079686701 -0.459145069
f 1747 1746 1740
f 1747 1742 1746
f 1748 1744 1741
f 1748 1740 1744
f 1748 1747 1740
f 1748 1741 1747
f 1749 1744 1740
f 1751 1749 1743
f 1751 1744 1749
f 1751 1747 1741
f 1752 1746 1742
f 1752 1749 1740
f 1752 1743 1749
f 1753 1750 1745
f 1753 1743 1750
f 1754 1750 1743
f 1754 1742 1750
f 1754 1752 1742
f 1754 1743 1752
f 1755 1745 1750
f 1755 1751 1745
f 1755 1747 1751
f 1755 1742 1747
f 1756 1751 1741
f 1756 1741 1744
f 1756 1744 1751
f 1757 1752 1740
f 1757 1740 1746
f 1757 1746 1752
f 1758 1751 1743
f 1758 1743 1753
f 1758 1753 1745
f 1758 1745 1751
f 1759 1755 1750
f 1759 1750 1742
f 1759 1742 1755
o /home/catherine/patient252/distal102043
usemtl Material043
v -0.446059525 -0.154626667 -0.095150948
v -0.430367884 -0.153975822 -0.101090077
v -0.547671394 -0.128997896 -0.124587117
v -0.574528039 -0.133215249 -0.448439360
v -0.435353816 -0.283095181 -0.352087975
v -0.435353816 -0.133215249 -0.405616522
v -0.442963739 -0.128740162 -0.103350659
v -0.435353816 -0.261683762 -0.202208042
v -0.563822329 -0.250978053 -0.287853718
v -0.456765234 -0.208155215 -0.427027941
v -0.435353816 -0.240272343 -0.405616522
v -0.433268903 -0.133264809 -0.102619516
v -0.553116620 -0.143920958 -0.116562366
v -0.601240141 -0.128947672 -0.404342542
v -0.435353816 -0.283095181 -0.245030880
v -0.435353816 -0.176038086 -0.105856657
v -0.553116620 -0.240272343 -0.394910812
v -0.467470944 -0.143920958 -0.437733650
v -0.435353816 -0.143920958 -0.416322231
v -0.435353816 -0.261683762 -0.384205103
v -0.510293782 -0.218860924 -0.159385204
v -0.510293782 -0.133215249 -0.448439360
v -0.602495299 -0.128774371 -0.384378416
v -0.499588072 -0.283095181 -0.341382265
v -0.435353816 -0.218860924 -0.148679495
v -0.488882363 -0.197449505 -0.127268076
v -0.553116620 -0.197449505 -0.437733650
v -0.585233748 -0.208155215 -0.373499393
v -0.435353816 -0.197449505 -0.416322231
v -0.456765234 -0.133215249 -0.427027941
v -0.563822329 -0.176038086 -0.148679495
v -0.478176653 -0.261683762 -0.212913752
v -0.510293782 -0.154626667 -0.448439360
v -0.585233748 -0.133215249 -0.148679495
v -0.499588072 -0.283095181 -0.298559427
v -0.553116620 -0.261683762 -0.352087975
v -0.488882363 -0.261683762 -0.394910812
v -0.446059525 -0.176038086 -0.105856657
v -0.478176653 -0.218860924 -0.148679495
v -0.585233748 -0.186743796 -0.427027941
v -0.606645167 -0.143920958 -0.405616522
v -0.446059525 -0.197449505 -0.427027941
v -0.446059525 -0.143920958 -0.427027941
v -0.478176653 -0.133215249 -0.437733650
v -0.553116620 -0.218860924 -0.202208042
v -0.542410910 -0.186743796 -0.137973785
v -0.456765234 -0.261683762 -0.202208042
v -0.510293782 -0.197449505 -0.437733650
v -0.563822329 -0.154626667 -0.448439360
v -0.563822329 -0.154626667 -0.127268076
v -0.585233748 -0.208155215 -0.298559427
v -0.585233748 -0.154626667 -0.159385204
v -0.520999491 -0.261683762 -0.255736589
v -0.467470944 -0.283095181 -0.255736589
v -0.563822329 -0.250978053 -0.362793684
v -0.553116620 -0.261683762 -0.298559427
v -0.446059525 -0.261683762 -0.394910812
v -0.488882363 -0.283095181 -0.352087975
v -0.563822329 -0.218860924 -0.416322231
v -0.531705201 -0.261683762 -0.373499393
v -0.488882363 -0.208155215 -0.137973785
v -0.595939457 -0.165332377 -0.427027941
v -0.595939457 -0.133215249 -0.437733650
v -0.606645167 -0.143920958 -0.384205103
f 1771 1766 1760
f 1771 1760 1761
f 1771 1761 1765
f 1771 1765 1766
f 1772 1766 1762
f 1772 1760 1766
f 1773 1766 1765
f 1774 1764 1761
f 1774 1761 1767
f 1775 1761 1760
f 1778 1765 1761
f 1779 1770 1761
f 1779 1761 1764
f 1781 1763 1773
f 1782 1762 1766
f 1782 1766 1773
f 1783 1764 1774
f 1784 1767 1761
f 1784 1761 1775
f 1788 1778 1761
f 1788 1761 1770
f 1789 1765 1778
f 1789 1773 1765
f 1792 1781 1777
f 1792 1763 1781
f 1793 1772 1762
f 1793 1762 1782
f 1794 1783 1774
f 1795 1783 1794
f 1797 1775 1760
f 1797 1760 1772
f 1797 1772 1785
f 1798 1767 1784
f 1800 1782 1773
f 1801 1788 1770
f 1801 1770 1769
f 1801 1778 1788
f 1801 1792 1777
f 1801 1769 1792
f 1802 1789 1778
f 1802 1777 1789
f 1802 1801 1777
f 1802 1778 1801
f 1803 1789 1777
f 1803 1777 1781
f 1803 1781 1773
f 1803 1773 1789
f 1805 1785 1772
f 1805 1804 1780
f 1805 1790 1804
f 1806 1774 1767
f 1806 1767 1798
f 1806 1798 1780
f 1806 1780 1791
f 1807 1792 1769
f 1807 1786 1792
f 1807 1796 1786
f 1808 1792 1786
f 1808 1763 1792
f 1808 1786 1799
f 1809 1772 1793
f 1809 1805 1772
f 1809 1790 1805
f 1810 1787 1768
f 1810 1800 1787
f 1811 1809 1793
f 1811 1790 1809
f 1811 1804 1790
f 1811 1768 1804
f 1811 1810 1768
f 1812 1804 1768
f 1812 1791 1780
f 1812 1780 1804
f 1813 1794 1774
f 1813 1812 1794
f 1813 1791 1812
f 1813 1806 1791
f 1813 1774 1806
f 1814 1795 1768
f 1814 1768 1787
f 1814 1787 1799
f 1815 1795 1794
f 1815 1768 1795
f 1815 1812 1768
f 1815 1794 1812
f 1816 1779 1764
f 1816 1764 1796
f 1816 1770 1779
f 1816 1796 1807
f 1816 1807 1769
f 1816 1769 1770
f 1817 1796 1764
f 1817 1764 1783
f 1817 1783 1795
f 1818 1796 1776
f 1818 1786 1796
f 1818 1799 1786
f 1818 1814 1799
f 1818 1776 1814
f 1819 1776 1796
f 1819 1814 1776
f 1819 1795 1814
f 1819 1817 1795
f 1819 1796 1817
f 1820 1780 1798
f 1820 1805 1780
f 1820 1785 1805
f 1820 1797 1785
f 1820 1798 1784
f 1820 1784 1775
f 1820 1775 1797
f 1821 1799 1787
f 1821 1787 1800
f 1822 1800 1773
f 1822 1773 1763
f 1822 1821 1800
f 1822 1799 1821
f 1822 1808 1799
f 1822 1763 1808
f 1823 1793 1782
f 1823 1782 1800
f 1823 1811 1793
f 1823 1800 1810
f 1823 1810 1811
o /home/catherine/patient252/distal102044
usemtl Material044
v -0.328296721 0.091604650 -0.127268076
v -0.177914143 0.079381885 -0.171981036
v -0.178416789 0.134427488 -0.170090914
v -0.435327052 0.134353799 -0.191547775
v -0.435353816 0.080898941 -0.191502333
v -0.178416789 0.080898941 -0.191502333
v -0.424648106 0.134427488 -0.159385204
v -0.221239626 0.091604650 -0.148679495
v -0.435598297 0.075712877 -0.145017981
v -0.178315903 0.136950982 -0.189521480
v -0.349708140 0.102310359 -0.127268076
v -0.221432566 0.076376400 -0.152446905
v -0.435353816 0.123721778 -0.159385204
v -0.328296721 0.134427488 -0.159385204
v -0.435353816 0.134427488 -0.170090914
v -0.413942397 0.080898941 -0.127268076
v -0.328296721 0.113016069 -0.137973785
v -0.328821908 0.075926564 -0.135095794
v -0.392530978 0.102310359 -0.127268076
v -0.435353816 0.091604650 -0.137973785
v -0.281594633 0.075529256 -0.143161405
v -0.413942397 0.091604650 -0.127268076
v -0.413942397 0.113016069 -0.137973785
f 1829 1828 1827
f 1831 1825 1826
f 1831 1826 1824
f 1832 1827 1828
f 1833 1826 1825
f 1833 1825 1829
f 1833 1829 1827
f 1834 1824 1826
f 1835 1831 1824
f 1835 1825 1831
f 1835 1829 1825
f 1835 1832 1828
f 1835 1828 1829
f 1837 1833 1830
f 1837 1826 1833
f 1838 1833 1827
f 1838 1830 1833
f 1838 1836 1830
f 1838 1827 1832
f 1838 1832 1836
f 1839 1824 1834
f 1840 1834 1826
f 1840 1826 1837
f 1840 1837 1830
f 1841 1835 1824
f 1841 1824 1839
f 1841 1839 1832
f 1842 1839 1834
f 1842 1834 1840
f 1843 1836 1832
f 1843 1832 1839
f 1844 1841 1832
f 1844 1832 1835
f 1844 1835 1841
f 1845 1843 1839
f 1845 1839 1842
f 1846 1845 1842
f 1846 1843 1845
f 1846 1830 1836
f 1846 1836 1843
f 1846 1842 1840
f 1846 1840 1830
o /home/catherine/patient252/distal102045
usemtl Material045
v 0.057108819 0.080898941 0.397311687
v 0.057108819 -0.315212309 0.397311687
v 0.057759885 -0.362886180 0.289765477
v -0.092771113 0.080898941 0.290254593
v -0.146299660 -0.101098120 0.397311687
v 0.057108819 0.080898941 0.290254593
v -0.103476822 0.080898941 0.397311687
v -0.082065403 -0.293800890 0.300960302
v -0.146299660 -0.015452445 0.375900269
v 0.035697401 -0.368740857 0.300960302
v -0.092771113 -0.208155215 0.397311687
v -0.082065403 -0.293800890 0.290254593
v -0.103476822 0.080898941 0.354488850
v -0.146299660 -0.015452445 0.397311687
v 0.057108819 -0.368740857 0.311666012
v -0.028536856 -0.304506600 0.354488850
v -0.103476822 -0.229566634 0.343783140
v -0.103476822 -0.218860924 0.290254593
v -0.060653985 -0.315212309 0.300960302
v 0.035697401 -0.368740857 0.290254593
v -0.124888241 0.027370393 0.343783140
v 0.057108819 -0.358035147 0.333077431
v 0.024991691 -0.304506600 0.397311687
v -0.103476822 -0.197449505 0.386605978
v -0.082065403 -0.283095181 0.322371721
v -0.124888241 0.016664684 0.333077431
v -0.103476822 -0.229566634 0.300960302
v -0.146299660 -0.090392411 0.375900269
v -0.028536856 -0.325918019 0.322371721
v -0.060653985 -0.315212309 0.290254593
v -0.103476822 0.070193231 0.322371721
v 0.046403110 -0.368740857 0.311666012
v -0.060653985 -0.240272343 0.397311687
v 0.046403110 -0.315212309 0.397311687
v -0.114182532 -0.176038086 0.386605978
v -0.060653985 -0.304506600 0.322371721
v -0.114182532 -0.036863863 0.311666012
v -0.146299660 -0.101098120 0.386605978
v -0.017831147 -0.336623728 0.311666012
v 0.035697401 -0.325918019 0.375900269
v -0.082065403 -0.240272343 0.375900269
v -0.103476822 0.048781812 0.300960302
v -0.017831147 -0.325918019 0.333077431
v 0.046403110 -0.358035147 0.333077431
v -0.103476822 -0.186743796 0.290254593
f 1847 1848 1849
f 1851 1848 1847
f 1852 1847 1849
f 1852 1849 1850
f 1852 1850 1847
f 1853 1851 1847
f 1853 1847 1850
f 1857 1848 1851
f 1858 1854 1851
f 1859 1855 1853
f 1859 1853 1850
f 1860 1855 1851
f 1860 1851 1853
f 1860 1853 1855
f 1863 1851 1854
f 1864 1849 1858
f 1865 1854 1858
f 1866 1856 1865
f 1866 1861 1856
f 1866 1849 1861
f 1867 1855 1859
f 1868 1861 1849
f 1868 1849 1848
f 1869 1848 1857
f 1870 1857 1851
f 1871 1863 1854
f 1871 1870 1863
f 1871 1857 1870
f 1871 1854 1865
f 1872 1867 1850
f 1872 1855 1867
f 1873 1864 1858
f 1873 1858 1851
f 1874 1851 1855
f 1874 1872 1864
f 1874 1855 1872
f 1876 1858 1849
f 1876 1849 1866
f 1876 1866 1865
f 1876 1865 1858
f 1877 1867 1859
f 1877 1859 1850
f 1877 1850 1867
f 1878 1856 1861
f 1878 1861 1868
f 1878 1875 1856
f 1879 1869 1857
f 1879 1862 1869
f 1880 1868 1848
f 1880 1848 1869
f 1881 1870 1851
f 1881 1851 1863
f 1881 1863 1870
f 1882 1871 1865
f 1882 1875 1862
f 1882 1865 1875
f 1883 1864 1872
f 1884 1873 1851
f 1884 1851 1874
f 1884 1874 1864
f 1884 1864 1873
f 1885 1875 1865
f 1885 1865 1856
f 1885 1856 1875
f 1886 1869 1862
f 1886 1880 1869
f 1887 1879 1857
f 1887 1857 1871
f 1887 1871 1882
f 1887 1882 1862
f 1887 1862 1879
f 1888 1883 1872
f 1888 1872 1850
f 1889 1886 1862
f 1889 1862 1875
f 1889 1875 1878
f 1890 1878 1868
f 1890 1868 1880
f 1890 1880 1886
f 1890 1889 1878
f 1890 1886 1889
f 1891 1888 1850
f 1891 1864 1883
f 1891 1883 1888
f 1891 1850 1849
f 1891 1849 1864
o /home/catherine/patient252/distal102046
usemtl Material046
v 0.688745677 0.091604650 -0.234325171
v 0.720862806 -0.068980992 -0.245030880
v 0.688745677 0.016664684 -0.394910812
v 0.570982873 0.038076103 -0.448439360
v 0.571072587 -0.191652610 -0.234556653
v 0.581688583 0.123721778 -0.394910812
v 0.720862806 0.027370393 -0.319970846
v 0.699451387 -0.133215249 -0.234325171
v 0.581688583 -0.176038086 -0.437733650
v 0.656628549 0.027370393 -0.427027941
v 0.570725380 0.109301399 -0.234286651
v 0.720862806 0.016664684 -0.234325171
v 0.699451387 -0.079686701 -0.362793684
v 0.678039968 0.091604650 -0.341382265
v 0.570982873 -0.176038086 -0.437733650
v 0.624511421 -0.218860924 -0.287853718
v 0.603100002 0.080898941 -0.427027941
v 0.624511421 -0.090392411 -0.448439360
v 0.645922840 0.113016069 -0.234325171
v 0.581688583 -0.208155215 -0.234325171
v 0.567557141 0.116756528 -0.391087266
v 0.710157096 0.059487522 -0.245030880
v 0.720862806 -0.036863863 -0.234325171
v 0.720862806 -0.047569573 -0.319970846
v 0.699451387 0.048781812 -0.362793684
v 0.570982873 -0.218860924 -0.352087975
v 0.667334259 -0.165332377 -0.362793684
v 0.613805711 0.016664684 -0.448439360
v 0.581688583 0.091604650 -0.427027941
v 0.678039968 0.080898941 -0.362793684
v 0.570982873 -0.154626667 -0.448439360
v 0.667334259 -0.079686701 -0.427027941
v 0.581688583 0.123721778 -0.266442299
v 0.656628549 0.113016069 -0.309265137
v 0.667334259 -0.186743796 -0.234325171
v 0.565289909 0.118064124 -0.268054864
v 0.720862806 0.027370393 -0.245030880
v 0.699451387 0.080898941 -0.234325171
v 0.699451387 -0.133215249 -0.298559427
v 0.720862806 -0.026158154 -0.330676556
v 0.699451387 0.080898941 -0.298559427
v 0.720862806 0.005958974 -0.330676556
v 0.678039968 0.027370393 -0.405616522
v 0.570982873 -0.197449505 -0.416322231
v 0.581688583 -0.218860924 -0.255736589
v 0.624511421 0.038076103 -0.437733650
v 0.581688583 0.070193231 -0.437733650
v 0.570982873 0.070193231 -0.437733650
v 0.624511421 0.091604650 -0.405616522
v 0.699451387 0.059487522 -0.352087975
v 0.645922840 0.102310359 -0.362793684
v 0.567079011 0.086125519 -0.420824809
v 0.592394292 -0.154626667 -0.448439360
v 0.667334259 -0.122509539 -0.405616522
v 0.645922840 0.005958974 -0.437733650
v 0.592394292 0.123721778 -0.277148008
v 0.656628549 0.113016069 -0.277148008
v 0.667334259 -0.186743796 -0.298559427
v 0.570982873 -0.218860924 -0.287853718
v 0.720862806 -0.068980992 -0.298559427
v 0.699451387 -0.122509539 -0.319970846
v 0.699451387 -0.047569573 -0.373499393
v 0.688745677 0.091604650 -0.309265137
v 0.710157096 0.059487522 -0.298559427
f 1903 1893 1898
f 1910 1902 1892
f 1911 1902 1896
f 1914 1899 1893
f 1914 1893 1903
f 1914 1903 1902
f 1914 1902 1899
f 1915 1898 1893
f 1919 1909 1895
f 1920 1897 1908
f 1920 1912 1897
f 1922 1895 1909
f 1922 1900 1906
f 1924 1902 1910
f 1926 1899 1902
f 1926 1902 1911
f 1927 1896 1902
f 1927 1902 1924
f 1927 1924 1897
f 1927 1897 1912
f 1928 1913 1903
f 1928 1903 1898
f 1928 1898 1913
f 1929 1903 1913
f 1929 1892 1902
f 1929 1902 1903
f 1930 1893 1899
f 1930 1899 1926
f 1931 1915 1904
f 1931 1898 1915
f 1932 1892 1929
f 1932 1929 1913
f 1933 1916 1898
f 1933 1894 1916
f 1933 1931 1894
f 1933 1898 1931
f 1934 1916 1894
f 1934 1921 1916
f 1934 1901 1921
f 1934 1923 1901
f 1934 1894 1923
f 1935 1906 1900
f 1935 1900 1918
f 1935 1918 1907
f 1935 1907 1917
f 1935 1917 1927
f 1936 1917 1907
f 1936 1926 1911
f 1936 1907 1926
f 1937 1908 1901
f 1938 1919 1895
f 1938 1937 1919
f 1938 1908 1937
f 1938 1920 1908
f 1939 1938 1895
f 1939 1920 1938
f 1940 1921 1901
f 1940 1901 1908
f 1940 1908 1897
f 1941 1921 1905
f 1941 1916 1921
f 1941 1898 1916
f 1942 1905 1921
f 1942 1925 1905
f 1942 1897 1925
f 1942 1940 1897
f 1942 1921 1940
f 1943 1895 1922
f 1943 1939 1895
f 1943 1912 1920
f 1943 1920 1939
f 1943 1927 1912
f 1943 1922 1906
f 1943 1935 1927
f 1943 1906 1935
f 1944 1922 1909
f 1944 1900 1922
f 1944 1909 1923
f 1944 1918 1900
f 1945 1923 1904
f 1945 1904 1918
f 1945 1944 1923
f 1945 1918 1944
f 1946 1901 1923
f 1946 1937 1901
f 1946 1919 1937
f 1946 1923 1909
f 1946 1909 1919
f 1947 1924 1910
f 1947 1925 1897
f 1947 1897 1924
f 1948 1910 1892
f 1948 1892 1925
f 1948 1947 1910
f 1948 1925 1947
f 1949 1926 1907
f 1949 1907 1918
f 1949 1930 1926
f 1949 1918 1930
f 1950 1927 1917
f 1950 1896 1927
f 1950 1917 1936
f 1950 1936 1911
f 1950 1911 1896
f 1951 1915 1893
f 1951 1893 1930
f 1952 1930 1918
f 1952 1918 1904
f 1952 1951 1930
f 1952 1904 1915
f 1952 1915 1951
f 1953 1923 1894
f 1953 1894 1931
f 1953 1931 1904
f 1953 1904 1923
f 1954 1925 1892
f 1954 1892 1932
f 1954 1905 1925
f 1954 1941 1905
f 1954 1932 1941
f 1955 1932 1913
f 1955 1913 1898
f 1955 1941 1932
f 1955 1898 1941
o /home/catherine/patient252/distal102047
usemtl Material047
v -0.274768174 0.005958974 -0.255736589
v -0.274685854 -0.047581108 -0.252691426
v -0.317591012 -0.004746735 -0.362793684
v -0.523203907 0.006922243 -0.350425578
v -0.520999491 0.005958974 -0.255736589
v -0.519109795 -0.063062054 -0.303095937
v -0.317591012 0.005958974 -0.362793684
v -0.274768174 -0.015452445 -0.330676556
v -0.403236687 -0.015452445 -0.362793684
v -0.526782521 -0.002486313 -0.349023772
v -0.520999491 -0.058275282 -0.255736589
v -0.274768174 0.005958974 -0.330676556
v -0.296179593 0.005958974 -0.352087975
v -0.403236687 -0.068980992 -0.298559427
v -0.446059525 0.005958974 -0.362793684
v -0.520999491 -0.047569573 -0.319970846
v -0.339511588 -0.068912251 -0.252547951
v -0.296179593 -0.004746735 -0.352087975
v -0.317591012 -0.026158154 -0.352087975
v -0.446059525 -0.004746735 -0.362793684
v -0.392530978 -0.026158154 -0.352087975
v -0.296299724 -0.058059192 -0.252510051
v -0.435353816 -0.068980992 -0.255736589
v -0.328296721 -0.015452445 -0.362793684
v -0.349708140 -0.068980992 -0.277148008
v -0.296179593 -0.058275282 -0.266442299
v -0.435722335 -0.067839625 -0.295503759
v -0.371119559 -0.068980992 -0.287853718
v -0.339002430 -0.068980992 -0.266442299
v -0.285473883 -0.026158154 -0.330676556
v -0.317591012 -0.036863863 -0.330676556
v -0.274768174 -0.047569573 -0.266442299
f 1960 1957 1956
f 1960 1956 1959
f 1964 1962 1958
f 1965 1960 1959
f 1966 1960 1965
f 1967 1959 1956
f 1967 1956 1957
f 1967 1957 1963
f 1968 1958 1962
f 1968 1967 1963
f 1968 1962 1959
f 1968 1959 1967
f 1970 1959 1962
f 1970 1962 1964
f 1971 1966 1965
f 1971 1961 1966
f 1972 1960 1966
f 1973 1968 1963
f 1973 1958 1968
f 1975 1965 1959
f 1975 1959 1970
f 1975 1970 1964
f 1975 1971 1965
f 1975 1964 1971
f 1976 1971 1964
f 1976 1961 1971
f 1976 1964 1974
f 1976 1974 1969
f 1976 1969 1961
f 1977 1957 1960
f 1977 1960 1972
f 1978 1972 1966
f 1978 1966 1961
f 1979 1974 1964
f 1979 1964 1958
f 1979 1958 1973
f 1979 1973 1974
f 1980 1978 1969
f 1981 1957 1977
f 1981 1977 1972
f 1982 1978 1961
f 1982 1961 1969
f 1982 1969 1978
f 1983 1980 1969
f 1983 1969 1974
f 1984 1972 1978
f 1984 1978 1980
f 1984 1981 1972
f 1984 1980 1981
f 1985 1974 1973
f 1985 1973 1963
f 1986 1981 1980
f 1986 1985 1981
f 1986 1974 1985
f 1986 1983 1974
f 1986 1980 1983
f 1987 1985 1963
f 1987 1963 1957
f 1987 1957 1981
f 1987 1981 1985
o /home/catherine/patient252/distal102048
usemtl Material048
v 0.388985813 -0.036863863 0.065434694
v 0.474631488 -0.026158154 -0.009505272
v 0.474631488 0.038076103 -0.009505272
v 0.377873994 0.101124277 -0.021237559
v 0.376730306 -0.106765758 -0.021678061
v 0.388985813 0.059487522 0.033317566
v 0.453220069 -0.068980992 -0.009505272
v 0.376164642 -0.037479074 0.065269344
v 0.472374640 0.036594785 -0.026378140
v 0.388985813 0.016664684 0.054728985
v 0.399691522 0.102310359 -0.009505272
v 0.388985813 -0.058275282 0.065434694
v 0.373384515 0.097766467 -0.016109291
v 0.449035130 -0.063807065 -0.026014370
v 0.410397232 0.059487522 0.022611856
v 0.378280103 0.059487522 0.033317566
v 0.395731168 0.095597474 -0.025284687
v 0.442514360 0.070193231 -0.009505272
v 0.388985813 -0.111803830 -0.009505272
v 0.376617132 -0.068906505 0.054722042
v 0.377246220 -0.058215562 0.065422363
v 0.373926450 -0.104464734 -0.013320504
v 0.471729490 -0.026075074 -0.025548090
v 0.442514360 0.038076103 0.011906147
v 0.399691522 0.070193231 0.022611856
v 0.374824239 0.013381061 0.049839293
v 0.385926831 -0.104619463 -0.024163445
v 0.440733769 0.067543233 -0.025131835
v 0.388985813 -0.068980992 0.054728985
f 1988 1989 1990
f 1996 1990 1989
f 1997 1988 1990
f 1997 1995 1988
f 1999 1994 1989
f 1999 1989 1988
f 2000 1991 1992
f 2000 1998 1991
f 2003 1997 1993
f 2003 1993 1998
f 2003 1998 2000
f 2004 1991 1998
f 2004 1996 2001
f 2005 1990 1996
f 2006 2001 1994
f 2008 1999 1988
f 2008 1988 1995
f 2008 1995 2007
f 2009 2000 1992
f 2009 2007 1995
f 2009 1992 2006
f 2009 2006 2007
f 2010 2001 1996
f 2010 1996 1989
f 2010 1989 1994
f 2010 1994 2001
f 2011 2002 1997
f 2011 1997 1990
f 2011 1990 2002
f 2012 1998 1993
f 2012 1993 1997
f 2012 1997 2002
f 2012 2005 1998
f 2012 2002 1990
f 2012 1990 2005
f 2013 1995 1997
f 2013 1997 2003
f 2013 2003 2000
f 2013 2009 1995
f 2013 2000 2009
f 2014 2004 2001
f 2014 1992 1991
f 2014 1991 2004
f 2014 2006 1992
f 2014 2001 2006
f 2015 2004 1998
f 2015 1998 2005
f 2015 2005 1996
f 2015 1996 2004
f 2016 2006 1994
f 2016 1994 1999
f 2016 2007 2006
f 2016 2008 2007
f 2016 1999 2008
o /home/catherine/patient252/distal102049
usemtl Material049
v 0.271223009 0.005958974 0.397311687
v 0.271279493 -0.024761111 0.398666542
v 0.271223009 -0.026158154 0.300960302
v 0.057108819 0.070193231 0.300960302
v 0.057629114 -0.023431873 0.402241257
v 0.260517299 0.070193231 0.311666012
v 0.271223009 0.059487522 0.300960302
v 0.078520238 0.070193231 0.397311687
v 0.057108819 -0.026158154 0.300960302
v 0.271223009 0.059487522 0.354488850
v 0.249811590 0.070193231 0.300960302
v 0.056125559 0.068641654 0.389514783
v 0.271223009 0.038076103 0.375900269
v 0.249811590 0.070193231 0.354488850
v 0.260517299 0.070193231 0.343783140
f 2021 2018 2017
f 2023 2018 2019
f 2023 2019 2020
f 2024 2021 2017
f 2024 2022 2020
f 2025 2019 2018
f 2025 2018 2021
f 2025 2020 2019
f 2026 2018 2023
f 2026 2023 2022
f 2027 2023 2020
f 2027 2020 2022
f 2027 2022 2023
f 2028 2024 2020
f 2028 2021 2024
f 2028 2025 2021
f 2028 2020 2025
f 2029 2024 2017
f 2029 2017 2018
f 2029 2018 2026
f 2030 2022 2024
f 2030 2029 2026
f 2030 2024 2029
f 2031 2030 2026
f 2031 2026 2022
f 2031 2022 2030
o /home/catherine/patient252/distal102050
usemtl Material050
v -0.274831984 -0.091128081 -0.252298115
v -0.274768174 -0.229566634 -0.255736589
v -0.274768174 -0.186743796 -0.298559427
v -0.353808897 -0.155172375 -0.306570886
v -0.349708140 -0.229566634 -0.255736589
v -0.274768174 -0.101098120 -0.277148008
v -0.350478957 -0.112574869 -0.254619585
v -0.352436494 -0.229597340 -0.309619647
v -0.339002430 -0.154626667 -0.309265137
v -0.274768174 -0.090392411 -0.266442299
v -0.285426575 -0.090779876 -0.252280364
v -0.355002023 -0.130034920 -0.283845376
v -0.274815456 -0.229559932 -0.294271749
v -0.339002430 -0.133215249 -0.298559427
v -0.328296721 -0.208155215 -0.309265137
v -0.285473883 -0.090392411 -0.266442299
v -0.353577469 -0.116432962 -0.263400611
v -0.355401749 -0.137683500 -0.293638840
v -0.328296721 -0.176038086 -0.309265137
v -0.285473883 -0.101098120 -0.277148008
f 2037 2033 2034
f 2039 2033 2036
f 2040 2037 2034
f 2040 2039 2035
f 2041 2032 2033
f 2041 2033 2037
f 2042 2038 2036
f 2042 2032 2041
f 2042 2036 2033
f 2042 2033 2032
f 2044 2034 2033
f 2044 2033 2039
f 2045 2040 2035
f 2045 2037 2040
f 2046 2044 2039
f 2046 2034 2044
f 2047 2042 2041
f 2047 2038 2042
f 2047 2045 2043
f 2047 2041 2037
f 2048 2043 2036
f 2048 2036 2038
f 2048 2047 2043
f 2048 2038 2047
f 2049 2039 2036
f 2049 2036 2043
f 2049 2035 2039
f 2049 2045 2035
f 2049 2043 2045
f 2050 2040 2034
f 2050 2034 2046
f 2050 2046 2039
f 2050 2039 2040
f 2051 2047 2037
f 2051 2037 2045
f 2051 2045 2047
o /home/catherine/patient252/distal102051
usemtl Material051
v 0.057108819 -0.176038086 0.044023275
v 0.057431331 -0.274338254 0.044078520
v 0.057328368 -0.272229573 -0.084471883
v -0.231945336 -0.176038086 -0.084445238
v -0.199828207 -0.186743796 0.044023275
v -0.210533917 -0.304506600 -0.073739529
v 0.057108819 -0.176038086 -0.084445238
v -0.194976254 -0.170308953 0.039316536
v -0.039242566 -0.304506600 -0.063033819
v -0.228481475 -0.287057376 -0.089882996
v -0.082065403 -0.293800890 0.044023275
v 0.061771657 -0.275444600 -0.073785851
v -0.231945336 -0.176038086 0.022611856
v -0.060653985 -0.304506600 -0.084445238
v -0.135593951 -0.272389472 0.044023275
v 0.024991691 -0.293800890 0.022611856
v -0.103476822 -0.304506600 0.011906147
v -0.221239626 -0.176038086 0.033317566
v -0.231945336 -0.293800890 -0.073739529
v -0.205892678 -0.297021898 -0.088630146
v 0.024991691 -0.293800890 -0.041622400
v -0.017831147 -0.293800890 -0.084445238
v -0.017831147 -0.293800890 0.044023275
v -0.039242566 -0.304506600 -0.009505272
v -0.178416789 -0.229566634 0.044023275
v -0.221239626 -0.293800890 -0.063033819
v -0.060653985 -0.304506600 0.011906147
v -0.221239626 -0.186743796 0.033317566
v -0.231945336 -0.208155215 0.011906147
v -0.231945336 -0.186743796 0.022611856
v -0.221239626 -0.208155215 0.022611856
f 2056 2053 2052
f 2059 2056 2052
f 2059 2058 2055
f 2059 2052 2058
f 2061 2058 2054
f 2061 2055 2058
f 2063 2058 2052
f 2063 2052 2053
f 2063 2054 2058
f 2064 2059 2055
f 2065 2060 2057
f 2066 2062 2053
f 2067 2063 2053
f 2068 2057 2060
f 2068 2066 2057
f 2068 2062 2066
f 2069 2056 2059
f 2069 2059 2064
f 2070 2064 2055
f 2070 2055 2061
f 2070 2061 2057
f 2071 2065 2057
f 2071 2057 2061
f 2071 2061 2054
f 2072 2060 2065
f 2072 2067 2060
f 2072 2063 2067
f 2073 2054 2063
f 2073 2072 2065
f 2073 2063 2072
f 2073 2071 2054
f 2073 2065 2071
f 2074 2067 2053
f 2074 2053 2062
f 2074 2062 2068
f 2075 2068 2060
f 2075 2060 2067
f 2076 2066 2053
f 2076 2053 2056
f 2077 2070 2057
f 2077 2057 2066
f 2078 2074 2068
f 2078 2068 2075
f 2078 2075 2067
f 2078 2067 2074
f 2079 2076 2056
f 2079 2056 2069
f 2079 2069 2064
f 2080 2064 2070
f 2080 2070 2077
f 2081 2080 2079
f 2081 2079 2064
f 2081 2064 2080
f 2082 2076 2079
f 2082 2079 2080
f 2082 2066 2076
f 2082 2080 2077
f 2082 2077 2066
o /home/catherine/patient252/distal102052
usemtl Material052
v 0.570982873 -0.111803830 -0.234325171
v 0.571072587 -0.191652610 -0.234556653
v 0.570982873 -0.154626667 -0.448439360
v 0.506748617 -0.111803830 -0.459145069
v 0.496042907 -0.186743796 -0.234325171
v 0.571079188 -0.111834968 -0.446190384
v 0.517454326 -0.197449505 -0.234325171
v 0.496042907 -0.111803830 -0.234325171
v 0.496042907 -0.197449505 -0.405616522
v 0.538865745 -0.111803830 -0.459145069
v 0.570982873 -0.197449505 -0.427027941
v 0.496042907 -0.197449505 -0.266442299
v 0.495789497 -0.111859175 -0.445886354
v 0.560277164 -0.165332377 -0.448439360
v 0.570982873 -0.218860924 -0.298559427
v 0.496042907 -0.154626667 -0.448439360
v 0.538865745 -0.122509539 -0.459145069
v 0.570982873 -0.186743796 -0.437733650
v 0.560277164 -0.218860924 -0.352087975
v 0.560277164 -0.218860924 -0.298559427
v 0.496042907 -0.176038086 -0.437733650
v 0.506748617 -0.122509539 -0.459145069
v 0.517454326 -0.197449505 -0.427027941
v 0.570982873 -0.218860924 -0.352087975
v 0.506748617 -0.186743796 -0.437733650
v 0.506748617 -0.165332377 -0.448439360
v 0.496042907 -0.186743796 -0.427027941
f 2088 2083 2084
f 2089 2084 2083
f 2089 2083 2087
f 2090 2087 2083
f 2090 2083 2086
f 2092 2088 2085
f 2092 2086 2083
f 2092 2083 2088
f 2093 2088 2084
f 2094 2089 2087
f 2095 2090 2086
f 2095 2087 2090
f 2095 2094 2087
f 2095 2091 2094
f 2097 2084 2089
f 2098 2095 2086
f 2099 2092 2085
f 2099 2085 2096
f 2099 2086 2092
f 2100 2096 2085
f 2100 2085 2088
f 2100 2088 2093
f 2101 2094 2091
f 2102 2097 2089
f 2102 2089 2094
f 2102 2101 2097
f 2102 2094 2101
f 2103 2095 2098
f 2104 2098 2086
f 2104 2086 2099
f 2104 2099 2096
f 2105 2101 2091
f 2105 2093 2101
f 2105 2100 2093
f 2106 2101 2093
f 2106 2097 2101
f 2106 2093 2084
f 2106 2084 2097
f 2107 2103 2098
f 2107 2096 2100
f 2107 2100 2105
f 2107 2105 2091
f 2108 2104 2096
f 2108 2098 2104
f 2108 2107 2098
f 2108 2096 2107
f 2109 2107 2091
f 2109 2103 2107
f 2109 2091 2095
f 2109 2095 2103
o /home/catherine/patient252/distal102053
usemtl Material053
v 0.570982873 0.123721778 -0.234325171
v 0.570982873 0.091604650 -0.234325171
v 0.570982873 0.102310359 -0.427027941
v 0.496042907 0.155838907 -0.437733650
v 0.496042907 0.145133197 -0.234325171
v 0.495984671 0.091534531 -0.436368746
v 0.560277164 0.145133197 -0.384205103
v 0.567079011 0.086125519 -0.420824809
v 0.549571455 0.091604650 -0.437733650
v 0.489943063 0.149822763 -0.312654770
v 0.496042907 0.091604650 -0.234325171
v 0.570982873 0.134427488 -0.384205103
v 0.528160036 0.155838907 -0.427027941
v 0.528160036 0.155838907 -0.330676556
v 0.570982873 0.134427488 -0.341382265
v 0.528160036 0.145133197 -0.437733650
v 0.549571455 0.145133197 -0.416322231
v 0.549571455 0.134427488 -0.234325171
v 0.560277164 0.145133197 -0.341382265
v 0.538865745 0.155838907 -0.405616522
v 0.506748617 0.155838907 -0.309265137
v 0.517454326 0.155838907 -0.437733650
v 0.549571455 0.102310359 -0.437733650
v 0.570982873 0.123721778 -0.405616522
v 0.506748617 0.145133197 -0.234325171
v 0.549571455 0.145133197 -0.298559427
v 0.538865745 0.155838907 -0.362793684
f 2110 2111 2112
f 2114 2111 2110
f 2117 2112 2111
f 2118 2115 2113
f 2118 2117 2115
f 2118 2112 2117
f 2119 2113 2115
f 2120 2111 2114
f 2120 2119 2115
f 2120 2114 2119
f 2120 2117 2111
f 2120 2115 2117
f 2121 2110 2112
f 2123 2122 2113
f 2124 2121 2116
f 2124 2110 2121
f 2125 2118 2113
f 2126 2112 2125
f 2126 2116 2121
f 2127 2114 2110
f 2128 2124 2116
f 2128 2110 2124
f 2129 2122 2123
f 2129 2126 2122
f 2129 2116 2126
f 2129 2128 2116
f 2130 2119 2114
f 2130 2123 2113
f 2130 2113 2119
f 2131 2125 2113
f 2131 2113 2122
f 2131 2126 2125
f 2131 2122 2126
f 2132 2125 2112
f 2132 2112 2118
f 2132 2118 2125
f 2133 2126 2121
f 2133 2121 2112
f 2133 2112 2126
f 2134 2127 2123
f 2134 2114 2127
f 2134 2130 2114
f 2134 2123 2130
f 2135 2127 2110
f 2135 2110 2128
f 2135 2123 2127
f 2136 2129 2123
f 2136 2128 2129
f 2136 2135 2128
f 2136 2123 2135
o /home/catherine/patient252/distal102054
usemtl Material054
v -0.103476822 0.230778873 -0.319970846
v -0.103476822 0.177250326 -0.319970846
v -0.103476822 0.187956035 -0.448439360
v -0.178416789 0.187956035 -0.480556488
v -0.178533232 0.227781759 -0.319898782
v -0.116774396 0.172357967 -0.456695858
v -0.157005370 0.252190292 -0.394910812
v -0.178416789 0.177250326 -0.319970846
v -0.104237707 0.174307470 -0.445539946
v -0.114182532 0.187956035 -0.459145069
v -0.103476822 0.230778873 -0.362793684
v -0.178416789 0.252190292 -0.352087975
v -0.186580532 0.216748463 -0.467258877
v -0.180874176 0.174483174 -0.476891346
v -0.167711079 0.187956035 -0.480556488
v -0.157005370 0.230778873 -0.448439360
v -0.146299660 0.252190292 -0.384205103
v -0.180816194 0.242020619 -0.392966995
v -0.172703085 0.172805258 -0.472611156
v -0.167711079 0.220073164 -0.469850779
v -0.103476822 0.198661745 -0.437733650
v -0.157005370 0.252190292 -0.352087975
v -0.103476822 0.220073164 -0.394910812
v -0.146299660 0.252190292 -0.362793684
v -0.135593951 0.241484582 -0.394910812
f 2137 2138 2139
f 2141 2138 2137
f 2144 2138 2141
f 2144 2142 2138
f 2145 2139 2138
f 2145 2138 2142
f 2146 2145 2142
f 2146 2139 2145
f 2147 2137 2139
f 2148 2141 2137
f 2149 2144 2141
f 2149 2141 2148
f 2150 2149 2140
f 2150 2144 2149
f 2151 2146 2142
f 2151 2150 2140
f 2151 2142 2150
f 2153 2137 2147
f 2153 2143 2148
f 2153 2152 2143
f 2154 2149 2148
f 2154 2148 2143
f 2154 2143 2149
f 2155 2150 2142
f 2155 2142 2144
f 2155 2144 2150
f 2156 2151 2140
f 2156 2140 2149
f 2156 2149 2143
f 2156 2143 2152
f 2156 2152 2146
f 2156 2146 2151
f 2157 2139 2146
f 2157 2146 2152
f 2157 2147 2139
f 2158 2153 2148
f 2158 2148 2137
f 2159 2153 2147
f 2159 2147 2157
f 2159 2157 2152
f 2160 2158 2137
f 2160 2137 2153
f 2160 2153 2158
f 2161 2159 2152
f 2161 2152 2153
f 2161 2153 2159
o /home/catherine/patient252/distal102055
usemtl Material055
v 0.314045846 0.016664684 0.397311687
v 0.335457265 -0.004746735 0.375900269
v 0.292634428 0.038076103 0.268843174
v 0.264750281 -0.006830911 0.230403462
v 0.271279493 -0.024761111 0.398666542
v 0.335457265 -0.026158154 0.279548883
v 0.324751556 0.027370393 0.311666012
v 0.324751556 -0.026158154 0.397311687
v 0.271223009 0.048781812 0.365194559
v 0.314045846 -0.015452445 0.247431755
v 0.271122506 -0.026430467 0.240146090
v 0.324751556 0.027370393 0.386605978
v 0.335457265 0.005958974 0.311666012
v 0.324751556 -0.015452445 0.397311687
v 0.281928718 0.016664684 0.397311687
v 0.265845823 0.050872222 0.315021822
v 0.292634428 0.016664684 0.247431755
v 0.324751556 0.016664684 0.279548883
v 0.314045846 -0.026158154 0.247431755
v 0.287674041 -0.029516860 0.244651239
v 0.281928718 0.059487522 0.343783140
v 0.335457265 0.005958974 0.365194559
v 0.271223009 0.005958974 0.397311687
v 0.292634428 0.038076103 0.386605978
v 0.271223009 0.038076103 0.268843174
v 0.292634428 -0.015452445 0.236726046
v 0.314045846 0.027370393 0.279548883
v 0.335457265 -0.015452445 0.279548883
v 0.303340137 0.005958974 0.247431755
v 0.314045846 0.038076103 0.386605978
v 0.267990767 0.050296855 0.340511161
v 0.271223009 0.027370393 0.386605978
v 0.281928718 0.059487522 0.311666012
v 0.281928718 -0.004746735 0.236726046
v 0.335457265 -0.004746735 0.290254593
v 0.324751556 0.005958974 0.268843174
v 0.314045846 0.038076103 0.311666012
f 2169 2167 2163
f 2172 2166 2165
f 2174 2163 2167
f 2174 2168 2173
f 2175 2162 2166
f 2175 2166 2169
f 2175 2173 2162
f 2175 2169 2163
f 2175 2163 2173
f 2176 2166 2162
f 2177 2165 2166
f 2179 2168 2174
f 2180 2171 2167
f 2181 2169 2166
f 2181 2166 2172
f 2181 2167 2169
f 2181 2180 2167
f 2183 2174 2173
f 2183 2173 2163
f 2183 2163 2174
f 2184 2166 2176
f 2184 2177 2166
f 2185 2176 2162
f 2186 2165 2177
f 2186 2178 2165
f 2186 2164 2178
f 2187 2171 2180
f 2187 2172 2165
f 2187 2181 2172
f 2187 2180 2181
f 2188 2168 2179
f 2188 2179 2178
f 2188 2178 2164
f 2189 2174 2167
f 2189 2167 2171
f 2190 2178 2179
f 2190 2187 2178
f 2190 2171 2187
f 2191 2173 2168
f 2191 2182 2170
f 2191 2170 2185
f 2191 2185 2162
f 2191 2162 2173
f 2192 2182 2177
f 2192 2170 2182
f 2192 2177 2184
f 2193 2184 2176
f 2193 2192 2184
f 2193 2170 2192
f 2193 2185 2170
f 2193 2176 2185
f 2194 2164 2186
f 2194 2188 2164
f 2194 2182 2191
f 2194 2186 2177
f 2194 2177 2182
f 2195 2187 2165
f 2195 2165 2178
f 2195 2178 2187
f 2196 2189 2179
f 2196 2179 2174
f 2196 2174 2189
f 2197 2189 2171
f 2197 2179 2189
f 2197 2190 2179
f 2197 2171 2190
f 2198 2168 2188
f 2198 2188 2194
f 2198 2194 2191
f 2198 2191 2168
o /home/catherine/patient252/distal102056
usemtl Material056
v -0.520999491 0.005958974 -0.159385204
v -0.520999491 -0.058275282 -0.159385204
v -0.520999491 -0.015452445 -0.362793684
v -0.617350876 -0.036863863 -0.427027941
v -0.617350876 -0.036863863 -0.159385204
v -0.531970927 -0.060530210 -0.362784120
v -0.617350876 0.005958974 -0.373499393
v -0.519109795 -0.063062054 -0.303095937
v -0.601244081 0.005565720 -0.158888837
v -0.585233748 -0.058275282 -0.427027941
v -0.532390651 0.015941770 -0.371205158
v -0.617350876 -0.058275282 -0.159385204
v -0.617350876 0.005958974 -0.180796623
v -0.522300608 0.014375230 -0.360838048
v -0.574528039 0.005958974 -0.384205103
v -0.595939457 -0.036863863 -0.427027941
v -0.585233748 -0.047569573 -0.427027941
v -0.617350876 -0.058275282 -0.427027941
v -0.601368486 0.007672376 -0.376113880
f 2205 2202 2203
f 2206 2199 2200
f 2206 2201 2199
f 2206 2204 2201
f 2207 2200 2199
f 2208 2201 2204
f 2208 2204 2206
f 2209 2207 2199
f 2210 2207 2203
f 2210 2200 2207
f 2210 2203 2202
f 2210 2206 2200
f 2211 2205 2203
f 2211 2203 2207
f 2211 2209 2205
f 2211 2207 2209
f 2212 2209 2199
f 2212 2199 2201
f 2212 2201 2209
f 2214 2208 2202
f 2214 2213 2209
f 2214 2202 2213
f 2215 2209 2201
f 2215 2201 2208
f 2215 2214 2209
f 2215 2208 2214
f 2216 2210 2202
f 2216 2202 2208
f 2216 2208 2206
f 2216 2206 2210
f 2217 2213 2202
f 2217 2202 2205
f 2217 2205 2209
f 2217 2209 2213
o /home/catherine/patient252/distal102057
usemtl Material057
v 0.057108819 -0.176038086 0.161786079
v 0.057158811 -0.258397204 0.161300208
v 0.057108819 -0.176038086 0.044023275
v -0.082065403 -0.176038086 0.044023275
v -0.087157668 -0.179885688 0.167843312
v -0.077574439 -0.278050343 0.040993715
v 0.057431331 -0.274338254 0.044078520
v 0.042760165 -0.290095445 0.167797677
v -0.082065403 -0.283095181 0.054728985
v 0.057108819 -0.283095181 0.076140404
v -0.023300462 -0.297175567 0.167515681
v 0.035697401 -0.304506600 0.151080370
v -0.082065403 -0.229566634 0.161786079
v -0.028536856 -0.304506600 0.151080370
v 0.031710282 -0.299991621 0.167282364
v -0.033071018 -0.288677112 0.166979546
f 2218 2220 2221
f 2222 2218 2221
f 2223 2221 2220
f 2224 2218 2219
f 2224 2220 2218
f 2224 2223 2220
f 2225 2219 2218
f 2225 2218 2222
f 2226 2222 2221
f 2226 2221 2223
f 2226 2223 2224
f 2227 2224 2219
f 2227 2219 2225
f 2228 2225 2222
f 2229 2226 2224
f 2229 2224 2227
f 2229 2227 2225
f 2230 2222 2226
f 2231 2226 2229
f 2231 2230 2226
f 2232 2229 2225
f 2232 2225 2228
f 2232 2231 2229
f 2232 2228 2231
f 2233 2228 2222
f 2233 2222 2230
f 2233 2231 2228
f 2233 2230 2231
o /home/catherine/patient252/distal102058
usemtl Material058
v 0.239105880 0.166544616 -0.020210981
v 0.239105880 0.080898941 -0.020210981
v 0.239105880 0.080898941 -0.105856657
v 0.121343076 0.134427488 -0.105856657
v 0.057108819 0.134427488 -0.020210981
v 0.239141286 0.154088327 -0.105778494
v 0.137362862 0.168973016 -0.018048276
v 0.057108819 0.080898941 -0.020210981
v 0.206988752 0.155838907 -0.105856657
v 0.203306115 0.168421834 -0.018592970
v 0.132048786 0.177250326 -0.041622400
v 0.098681589 0.078321490 -0.105704099
v 0.067814529 0.145133197 -0.030916691
v 0.142754495 0.177250326 -0.052328110
v 0.206988752 0.177250326 -0.041622400
v 0.089225948 0.091604650 -0.105856657
v 0.110637367 0.155838907 -0.063033819
v 0.099931657 0.166544616 -0.020210981
v 0.132048786 0.145133197 -0.095150948
v 0.196283042 0.177250326 -0.052328110
v 0.239105880 0.166544616 -0.030916691
v 0.099931657 0.113016069 -0.105856657
v 0.057108819 0.134427488 -0.030916691
v 0.060707562 0.080290299 -0.047464281
v 0.099931657 0.166544616 -0.030916691
v 0.099931657 0.134427488 -0.084445238
v 0.132048786 0.166544616 -0.063033819
v 0.067814529 0.145133197 -0.020210981
v 0.057108819 0.102310359 -0.052328110
f 2239 2234 2235
f 2239 2235 2236
f 2241 2240 2238
f 2241 2235 2240
f 2242 2239 2236
f 2242 2236 2237
f 2243 2240 2235
f 2243 2235 2234
f 2245 2236 2235
f 2245 2235 2241
f 2248 2244 2240
f 2248 2240 2243
f 2248 2243 2234
f 2248 2247 2244
f 2249 2237 2236
f 2249 2236 2245
f 2250 2244 2247
f 2251 2240 2244
f 2252 2247 2242
f 2252 2242 2237
f 2252 2237 2247
f 2253 2239 2242
f 2253 2242 2247
f 2253 2248 2239
f 2253 2247 2248
f 2254 2248 2234
f 2254 2234 2239
f 2254 2239 2248
f 2255 2237 2249
f 2256 2238 2246
f 2256 2255 2249
f 2256 2241 2238
f 2257 2249 2245
f 2257 2245 2241
f 2258 2250 2246
f 2258 2244 2250
f 2258 2251 2244
f 2258 2246 2251
f 2259 2250 2237
f 2259 2246 2250
f 2259 2237 2255
f 2259 2256 2246
f 2259 2255 2256
f 2260 2250 2247
f 2260 2247 2237
f 2260 2237 2250
f 2261 2251 2246
f 2261 2246 2238
f 2261 2238 2240
f 2261 2240 2251
f 2262 2256 2249
f 2262 2249 2257
f 2262 2257 2241
f 2262 2241 2256
o /home/catherine/patient252/distal102059
usemtl Material059
v -0.531705201 -0.068980992 -0.084445238
v -0.522002995 -0.131505996 -0.121421002
v -0.520999491 -0.058275282 -0.255736589
v -0.603974947 -0.057980449 -0.255556721
v -0.606645167 -0.079686701 -0.137973785
v -0.595939457 -0.133215249 -0.255736589
v -0.527466654 -0.053943814 -0.092607857
v -0.563822329 -0.133215249 -0.116562366
v -0.520999491 -0.133215249 -0.255736589
v -0.606645167 -0.090392411 -0.255736589
v -0.606645167 -0.058275282 -0.137973785
v -0.517649754 -0.064638872 -0.092598077
v -0.553116620 -0.079686701 -0.095150948
v -0.595939457 -0.133215249 -0.170090914
v -0.549998543 -0.056185715 -0.103449982
v -0.519606234 -0.056958875 -0.090584336
v -0.585233748 -0.133215249 -0.137973785
v -0.606645167 -0.090392411 -0.148679495
f 2269 2265 2266
f 2270 2264 2263
f 2271 2268 2265
f 2271 2270 2268
f 2271 2264 2270
f 2272 2266 2265
f 2272 2265 2268
f 2273 2269 2266
f 2273 2272 2267
f 2273 2266 2272
f 2274 2263 2264
f 2274 2271 2265
f 2274 2264 2271
f 2275 2270 2263
f 2275 2267 2270
f 2275 2273 2267
f 2275 2263 2273
f 2276 2268 2270
f 2276 2272 2268
f 2277 2273 2263
f 2277 2263 2269
f 2277 2269 2273
f 2278 2269 2263
f 2278 2263 2274
f 2278 2274 2265
f 2278 2265 2269
f 2279 2276 2270
f 2279 2270 2267
f 2280 2267 2272
f 2280 2272 2276
f 2280 2279 2267
f 2280 2276 2279
o /home/catherine/patient252/distal102060
usemtl Material060
v -0.274768174 0.005958974 -0.084445238
v -0.274768174 -0.229566634 -0.084445238
v -0.274768174 0.005958974 -0.255736589
v -0.435353816 0.005958974 -0.255736589
v -0.435353816 0.005958974 -0.084445238
v -0.435353816 -0.229566634 -0.255736589
v -0.274768174 -0.229566634 -0.255736589
v -0.435353816 -0.176038086 -0.095150948
v -0.424648106 -0.229566634 -0.137973785
v -0.424648106 -0.176038086 -0.084445238
v -0.435353816 -0.229566634 -0.159385204
v -0.435353816 -0.133215249 -0.084445238
v -0.349708140 -0.229566634 -0.084445238
v -0.435353816 -0.208155215 -0.127268076
v -0.392530978 -0.218860924 -0.095150948
v -0.403236687 -0.197449505 -0.084445238
v -0.403236687 -0.229566634 -0.116562366
v -0.371119559 -0.218860924 -0.084445238
v -0.371119559 -0.229566634 -0.095150948
f 2281 2282 2283
f 2281 2283 2284
f 2285 2282 2281
f 2285 2281 2284
f 2286 2284 2283
f 2286 2285 2284
f 2287 2286 2283
f 2287 2283 2282
f 2287 2282 2286
f 2288 2285 2286
f 2289 2286 2282
f 2290 2282 2285
f 2291 2288 2286
f 2291 2286 2289
f 2292 2290 2285
f 2292 2285 2288
f 2292 2288 2290
f 2293 2289 2282
f 2293 2282 2290
f 2294 2291 2289
f 2294 2289 2288
f 2294 2288 2291
f 2295 2290 2288
f 2295 2288 2289
f 2296 2293 2290
f 2296 2290 2295
f 2297 2295 2289
f 2297 2289 2293
f 2298 2296 2295
f 2298 2295 2293
f 2298 2293 2296
f 2299 2297 2293
f 2299 2293 2295
f 2299 2295 2297
o /home/catherine/patient252/distal102061
usemtl Material061
v -0.103476822 0.134427488 -0.191502333
v -0.103476822 0.005958974 -0.191502333
v -0.103476822 0.134427488 -0.319970846
v -0.435353816 0.134427488 -0.319970846
v -0.435353816 0.005958974 -0.191502333
v -0.435353816 0.005958974 -0.319970846
v -0.435327052 0.134353799 -0.191547775
v -0.103476822 0.005958974 -0.319970846
f 2300 2301 2302
f 2300 2302 2303
f 2304 2301 2300
f 2305 2303 2302
f 2305 2304 2303
f 2305 2301 2304
f 2306 2304 2300
f 2306 2300 2303
f 2306 2303 2304
f 2307 2305 2302
f 2307 2302 2301
f 2307 2301 2305
o /home/catherine/patient252/distal102062
usemtl Material062
v 0.174871624 0.145133197 0.193903208
v 0.174871624 -0.026158154 0.193903208
v 0.174871624 0.145133197 -0.020210981
v 0.057108819 0.134427488 -0.020210981
v 0.057108819 -0.026158154 0.193903208
v 0.174871624 -0.026158154 -0.020210981
v 0.057108819 0.145133197 0.193903208
v 0.057108819 -0.026158154 -0.020210981
v 0.057108819 0.145133197 -0.009505272
v 0.067814529 0.145133197 -0.020210981
f 2308 2309 2310
f 2312 2309 2308
f 2313 2310 2309
f 2313 2311 2310
f 2313 2309 2312
f 2314 2308 2310
f 2314 2312 2308
f 2314 2311 2312
f 2315 2313 2312
f 2315 2312 2311
f 2315 2311 2313
f 2316 2314 2310
f 2316 2311 2314
f 2317 2316 2310
f 2317 2310 2311
f 2317 2311 2316
o /home/catherine/patient252/distal102063
usemtl Material063
v 0.174871624 0.070193231 0.300960302
v 0.174871624 -0.026158154 0.300960302
v 0.174871624 -0.026158154 0.193903208
v 0.057108819 0.070193231 0.193903208
v 0.057108819 -0.026158154 0.300960302
v 0.174871624 0.070193231 0.193903208
v 0.057108819 0.070193231 0.300960302
v 0.057108819 -0.026158154 0.193903208
f 2318 2319 2320
f 2322 2319 2318
f 2322 2320 2319
f 2323 2318 2320
f 2323 2320 2321
f 2323 2321 2318
f 2324 2322 2318
f 2324 2318 2321
f 2324 2321 2322
f 2325 2322 2321
f 2325 2321 2320
f 2325 2320 2322
