mtllib decomp.mtl
o /home/catherine/patient252/proximal102000
usemtl Material000
v 0.136196758 0.070312302 -0.162449118
v 0.208522151 -0.040957533 -0.268155461
v 0.202958659 0.059185318 -0.279282444
v 0.130084958 0.101295646 -0.285174095
v 0.125069775 -0.046521024 -0.257028478
v 0.196906200 0.058286660 -0.296407543
v 0.175141200 0.087002777 -0.279282444
v 0.175141200 0.003550401 -0.168012610
v 0.125069775 0.003550401 -0.162449118
v 0.214085642 0.014677384 -0.279282444
v 0.130633267 0.003550401 -0.284845936
v 0.180704692 0.075875793 -0.262591969
v 0.136196758 0.103693252 -0.268155461
v 0.197395167 0.070312302 -0.295972920
v 0.158450725 0.042494843 -0.162449118
v 0.158450725 -0.068774991 -0.162449118
v 0.128065313 0.067598317 -0.162716744
v 0.125069775 0.003550401 -0.273718953
v 0.209296199 0.003578850 -0.286655803
v 0.208522151 -0.013140074 -0.251464986
v 0.197395167 0.025804368 -0.234774511
v 0.190147874 0.068710650 -0.296745918
v 0.167092588 -0.059047759 -0.273205283
v 0.169577709 0.075875793 -0.240338002
v 0.147323742 0.059185318 -0.162449118
v 0.197395167 0.070312302 -0.290409428
v 0.141760250 0.103693252 -0.284845936
v 0.136196758 0.087002777 -0.206957052
v 0.208522151 0.048058335 -0.284845936
v 0.133334085 -0.059893467 -0.161243141
v 0.169577709 -0.040957533 -0.162449118
v 0.128165495 0.099043825 -0.269319378
v 0.124902355 -0.055241142 -0.161636880
v 0.126916019 -0.037681532 -0.273375554
v 0.214085642 0.003550401 -0.279282444
v 0.209353775 0.014526655 -0.286934764
v 0.208522151 0.003550401 -0.251464986
v 0.191831675 0.031367860 -0.223647527
v 0.141760250 -0.068774991 -0.173576102
v 0.191831675 -0.063211500 -0.245901494
v 0.188871209 -0.059008796 -0.274020492
v 0.136196758 0.081439285 -0.190266577
v 0.180704692 0.070312302 -0.251464986
v 0.141760250 0.103693252 -0.279282444
v 0.175141200 0.087002777 -0.284845936
v 0.169577709 0.014677384 -0.162449118
v 0.164014217 -0.063211500 -0.162449118
v 0.180704692 -0.018703566 -0.179139594
v 0.127695257 0.077999663 -0.191882477
v 0.130633267 -0.046521024 -0.273718953
v 0.208522151 0.048058335 -0.279282444
v 0.191831675 0.048058335 -0.240338002
v 0.144342798 -0.064079940 -0.161962724
v 0.125069775 -0.057648008 -0.184703085
v 0.130633267 -0.063211500 -0.173576102
v 0.158450725 -0.063211500 -0.268155461
v 0.158450725 -0.068774991 -0.179139594
v 0.199000718 -0.049215446 -0.274772232
v 0.164014217 0.031367860 -0.162449118
v 0.191831675 -0.057648008 -0.229211019
v 0.175141200 -0.029830549 -0.168012610
v 0.180704692 -0.002013091 -0.179139594
v 0.128058343 0.083018346 -0.207865079
v 0.147323742 -0.068774991 -0.179139594
f 18 4 11
f 19 11 6
f 22 11 4
f 22 6 11
f 22 14 6
f 24 12 7
f 26 12 3
f 26 7 12
f 26 14 7
f 26 3 14
f 27 4 13
f 27 22 4
f 27 14 22
f 28 7 13
f 29 14 3
f 30 1 17
f 30 25 1
f 30 15 25
f 32 13 4
f 32 4 18
f 32 18 9
f 33 18 5
f 33 9 18
f 33 30 17
f 33 17 9
f 34 18 11
f 34 5 18
f 35 2 19
f 35 20 2
f 35 10 20
f 36 19 6
f 36 6 14
f 36 14 29
f 36 29 10
f 36 35 19
f 36 10 35
f 37 20 10
f 38 37 21
f 38 8 37
f 41 23 11
f 41 11 19
f 42 24 7
f 42 1 24
f 42 7 28
f 42 17 1
f 43 25 3
f 43 3 12
f 43 12 24
f 43 24 1
f 43 1 25
f 44 27 13
f 44 13 7
f 44 7 27
f 45 27 7
f 45 7 14
f 45 14 27
f 46 31 8
f 46 30 31
f 46 8 38
f 47 31 30
f 47 30 16
f 48 20 37
f 49 32 9
f 49 9 17
f 49 42 28
f 49 17 42
f 50 5 34
f 50 34 11
f 50 11 23
f 51 21 37
f 51 38 21
f 51 29 3
f 51 37 10
f 51 10 29
f 52 25 15
f 52 3 25
f 52 51 3
f 52 38 51
f 53 39 16
f 53 16 30
f 53 30 39
f 54 33 5
f 55 39 30
f 55 30 33
f 55 33 54
f 55 54 5
f 56 41 40
f 56 23 41
f 56 50 23
f 56 39 55
f 56 55 5
f 56 5 50
f 57 40 16
f 57 16 39
f 57 56 40
f 58 41 19
f 58 19 2
f 58 2 40
f 58 40 41
f 59 46 38
f 59 15 30
f 59 30 46
f 59 52 15
f 59 38 52
f 60 40 2
f 60 2 20
f 60 47 16
f 60 16 40
f 61 48 8
f 61 8 31
f 61 31 47
f 61 47 60
f 61 60 20
f 61 20 48
f 62 48 37
f 62 37 8
f 62 8 48
f 63 49 28
f 63 28 13
f 63 13 32
f 63 32 49
f 64 57 39
f 64 39 56
f 64 56 57
o /home/catherine/patient252/proximal102001
usemtl Material001
v -0.064088943 0.025804368 0.087908009
v -0.063776294 -0.108815811 0.087634153
v -0.064088943 0.025804368 -0.034488809
v -0.136660248 0.024375451 -0.034490572
v -0.141977827 -0.040957533 0.087908009
v -0.091906402 -0.129973400 -0.034488809
v -0.075215927 -0.113282925 0.087908009
v -0.136659224 0.024362426 0.087909321
v -0.064088943 -0.129973400 -0.028925317
v -0.065881005 -0.126037487 -0.036400358
v -0.141977827 -0.068774991 -0.034488809
v -0.103033385 -0.096592450 0.087908009
v -0.086342910 -0.129973400 -0.023361825
v -0.064088943 -0.018703566 -0.034488809
v -0.119723861 -0.107719433 -0.034488809
v -0.103033385 -0.124409908 -0.023361825
v -0.069652435 -0.129973400 -0.023361825
v -0.136414336 -0.079901975 -0.034488809
v -0.103033385 -0.124409908 -0.034488809
v -0.136414336 -0.057648008 0.082344517
v -0.097469894 -0.102155942 0.087908009
v -0.091906402 -0.129973400 -0.028925317
v -0.114160369 -0.113282925 -0.023361825
v -0.136414336 -0.052084516 0.087908009
v -0.119723861 -0.107719433 -0.028925317
v -0.141977827 -0.052084516 0.060090550
v -0.136414336 -0.079901975 -0.028925317
v -0.141977827 -0.046521024 0.082344517
v -0.141977827 -0.068774991 -0.028925317
f 65 66 67
f 65 67 68
f 71 66 65
f 72 65 68
f 72 68 69
f 72 71 65
f 73 66 71
f 74 68 67
f 74 73 70
f 75 69 68
f 75 68 74
f 77 70 73
f 78 74 67
f 78 73 74
f 78 67 66
f 78 66 73
f 81 77 73
f 81 73 71
f 81 71 77
f 82 75 74
f 82 74 79
f 83 79 74
f 83 74 70
f 83 80 79
f 83 70 80
f 85 80 71
f 85 76 80
f 85 71 72
f 85 72 76
f 86 77 71
f 86 71 80
f 86 80 70
f 86 70 77
f 87 80 76
f 87 76 84
f 88 84 76
f 88 76 72
f 88 72 69
f 89 82 79
f 89 87 84
f 89 79 80
f 89 80 87
f 90 69 75
f 91 89 84
f 91 82 89
f 91 84 90
f 91 75 82
f 92 90 84
f 92 69 90
f 92 88 69
f 92 84 88
f 93 91 90
f 93 90 75
f 93 75 91
o /home/catherine/patient252/proximal102002
usemtl Material002
v 0.225212626 0.064748810 -0.346044345
v 0.258593576 0.003550401 -0.357171328
v 0.236339609 0.064748810 -0.412806246
v 0.102815808 0.087002777 -0.412806246
v 0.036053907 0.003550401 -0.346044345
v 0.169577709 0.103693252 -0.346044345
v 0.253030084 0.053621826 -0.384988787
v 0.253030084 0.003550401 -0.346044345
v 0.147323742 0.003550401 -0.396115770
v 0.158450725 0.103693252 -0.384988787
v 0.036053907 0.087002777 -0.346044345
v 0.253030084 0.036931351 -0.401679262
v 0.208522151 0.081439285 -0.346044345
v 0.253030084 0.025804368 -0.351607837
v 0.036048993 0.003550349 -0.377757745
v 0.191831675 0.042494843 -0.418369737
v 0.169577709 0.103693252 -0.368298312
v 0.191831675 0.081439285 -0.412806246
v 0.036230081 0.087271887 -0.389487021
v 0.152777270 0.103397474 -0.346045322
v 0.258593576 0.009113893 -0.373861804
v 0.247466593 0.053621826 -0.407242754
v 0.230776118 0.070312302 -0.396115770
v 0.253030084 0.048058335 -0.373861804
v 0.247466593 0.025804368 -0.346044345
v 0.258593576 0.009113893 -0.357171328
v 0.208522151 0.009113893 -0.401679262
v 0.230776118 0.042494843 -0.418369737
v 0.158450725 0.059185318 -0.418369737
v 0.180704692 0.031367860 -0.412806246
v 0.230776118 0.070312302 -0.407242754
v 0.147323742 0.087002777 -0.412806246
v 0.041617399 0.087002777 -0.396115770
v 0.036053907 0.070312302 -0.390552279
v 0.152887233 0.103693252 -0.384988787
v 0.253030084 0.042494843 -0.401679262
v 0.247466593 0.059185318 -0.396115770
v 0.253030084 0.009113893 -0.346044345
v 0.247466593 0.003550401 -0.384988787
v 0.247466593 0.036931351 -0.407242754
v 0.230776118 0.059185318 -0.418369737
v 0.102815808 0.081439285 -0.412806246
v 0.169577709 0.009113893 -0.401679262
v 0.164014217 0.103693252 -0.379425295
v 0.186268184 0.087002777 -0.407242754
v 0.186268184 0.075875793 -0.418369737
v 0.041617399 0.081439285 -0.396115770
v 0.253030084 0.053621826 -0.390552279
v 0.247466593 0.059185318 -0.384988787
v 0.258593576 0.003550401 -0.373861804
v 0.214085642 0.003550401 -0.396115770
v 0.247466593 0.025804368 -0.401679262
v 0.130633267 0.059185318 -0.412806246
v 0.080561841 0.081439285 -0.407242754
v 0.225212626 0.070312302 -0.412806246
v 0.158450725 0.075875793 -0.418369737
v 0.225212626 0.014677384 -0.401679262
v 0.253030084 0.009113893 -0.384988787
v 0.225212626 0.064748810 -0.418369737
v 0.219649134 0.020240876 -0.407242754
v 0.253030084 0.025804368 -0.396115770
f 99 98 94
f 101 94 98
f 104 98 99
f 106 99 94
f 106 94 100
f 108 98 104
f 108 101 98
f 108 95 101
f 110 103 99
f 113 104 99
f 116 110 99
f 116 99 106
f 117 100 94
f 117 94 107
f 118 107 94
f 118 94 101
f 119 101 95
f 119 117 107
f 119 100 117
f 119 114 100
f 119 95 114
f 121 120 109
f 122 121 109
f 123 102 108
f 123 122 109
f 123 108 122
f 123 109 120
f 124 110 116
f 125 97 103
f 127 108 104
f 127 104 112
f 127 112 126
f 128 113 99
f 128 99 103
f 128 112 104
f 128 104 113
f 128 126 112
f 128 103 97
f 128 97 126
f 129 114 105
f 129 105 115
f 130 115 96
f 130 96 124
f 130 124 116
f 131 118 101
f 131 107 118
f 131 119 107
f 131 101 119
f 133 121 115
f 133 115 105
f 134 96 115
f 134 115 121
f 134 121 122
f 135 97 122
f 136 123 120
f 136 120 102
f 136 102 123
f 137 103 110
f 137 110 124
f 138 137 124
f 138 103 137
f 138 125 103
f 138 111 125
f 139 97 125
f 139 134 122
f 139 125 111
f 140 127 126
f 140 108 127
f 141 100 114
f 141 114 129
f 141 129 115
f 141 130 100
f 141 115 130
f 142 130 116
f 142 116 106
f 142 106 100
f 142 100 130
f 143 105 114
f 143 114 95
f 143 95 108
f 143 108 132
f 144 102 120
f 144 132 108
f 144 108 102
f 145 121 133
f 145 133 105
f 146 135 122
f 146 122 108
f 146 108 135
f 147 126 97
f 147 97 135
f 147 140 126
f 147 135 108
f 147 108 140
f 148 138 124
f 148 124 96
f 148 111 138
f 149 139 122
f 149 122 97
f 149 97 139
f 150 145 132
f 150 132 144
f 151 143 132
f 151 132 145
f 152 139 111
f 152 111 148
f 152 134 139
f 152 148 96
f 152 96 134
f 153 120 121
f 153 121 145
f 153 145 150
f 153 150 144
f 153 144 120
f 154 151 145
f 154 145 105
f 154 105 143
f 154 143 151
o /home/catherine/patient252/proximal102003
usemtl Material003
v 0.082802350 0.095137259 -0.034487792
v 0.091688825 -0.085465466 -0.034488809
v 0.089345152 0.099041240 -0.162909135
v -0.097469894 0.114820235 -0.162449118
v -0.141977827 -0.068774991 -0.034488809
v -0.002890535 0.148201186 -0.156885627
v 0.087887399 0.089103495 -0.034485929
v -0.080779419 0.114820235 -0.034488809
v -0.019581010 -0.191171809 -0.162449118
v 0.024926924 0.137074202 -0.034488809
v -0.002890535 0.148201186 -0.162449118
v 0.091688825 0.103693252 -0.140195152
v -0.158668303 0.014677384 -0.156885627
v -0.047398468 0.148201186 -0.156885627
v 0.091688825 -0.085465466 -0.156885627
v -0.014017518 -0.157790859 -0.034488809
v 0.017432681 -0.186329946 -0.163756035
v -0.047398468 0.148201186 -0.162449118
v 0.066451521 0.110375002 -0.034511153
v 0.024926924 0.137074202 -0.162449118
v -0.119723861 0.075875793 -0.034488809
v -0.136414336 -0.129973400 -0.162449118
v -0.075215927 0.131510710 -0.123504676
v -0.019581010 0.148201186 -0.140195152
v -0.036271485 0.137074202 -0.034488809
v 0.087402927 -0.077329407 -0.162064135
v 0.052744383 -0.163354350 -0.123504676
v 0.024926924 -0.185608317 -0.129068168
v -0.097469894 0.114820235 -0.129068168
v -0.136660248 0.024375451 -0.034490572
v -0.158668303 -0.074338483 -0.156885627
v -0.097469894 -0.129973400 -0.034488809
v -0.158668303 0.014677384 -0.162449118
v -0.097469894 -0.163354350 -0.162449118
v -0.069652435 0.137074202 -0.162449118
v -0.030707993 0.148201186 -0.140195152
v -0.058525452 0.131510710 -0.040052301
v 0.041617399 -0.174481334 -0.162449118
v -0.014017518 -0.185608317 -0.129068168
v 0.019363432 -0.191171809 -0.151322135
v 0.047180891 -0.157790859 -0.034488809
v -0.125287352 0.081439285 -0.162449118
v -0.080779419 0.125947219 -0.112377693
v -0.158668303 -0.029830549 -0.095687218
v -0.153104811 -0.096592450 -0.156885627
v -0.125287352 -0.102155942 -0.034488809
v -0.158668303 -0.074338483 -0.162449118
v -0.114160369 -0.152227367 -0.162449118
v -0.047398468 -0.185608317 -0.162449118
v -0.069652435 0.137074202 -0.156885627
v -0.064088943 0.125947219 -0.034488809
v -0.047398468 0.137074202 -0.051179284
v 0.047180891 -0.168917842 -0.151322135
v 0.030490416 -0.185608317 -0.134631660
v 0.030490416 -0.185608317 -0.162449118
v -0.008454026 -0.191171809 -0.151322135
v 0.058307874 -0.146663875 -0.034488809
v -0.108596877 0.103693252 -0.145758643
v -0.136414336 0.059185318 -0.145758643
v -0.158668303 -0.007576582 -0.112377693
v -0.158668303 -0.040957533 -0.095687218
v -0.125287352 -0.141100384 -0.151322135
v -0.136414336 -0.129973400 -0.156885627
v -0.153104811 -0.096592450 -0.162449118
f 164 161 155
f 165 160 164
f 166 161 156
f 166 155 161
f 168 160 165
f 169 166 156
f 169 157 166
f 172 165 157
f 172 168 165
f 173 166 164
f 173 164 155
f 173 155 166
f 174 165 164
f 174 164 166
f 174 166 157
f 174 157 165
f 175 159 161
f 175 161 162
f 178 164 160
f 178 160 168
f 179 164 178
f 179 161 164
f 180 171 157
f 180 157 169
f 181 169 156
f 183 175 162
f 184 175 167
f 184 159 175
f 186 170 161
f 187 185 167
f 189 158 183
f 189 171 158
f 189 172 157
f 189 157 171
f 189 168 172
f 190 179 178
f 190 178 168
f 190 168 179
f 191 168 177
f 192 180 169
f 192 171 180
f 193 182 170
f 194 182 193
f 195 170 182
f 195 161 170
f 196 158 171
f 196 171 187
f 197 183 162
f 197 177 183
f 197 191 177
f 197 162 191
f 198 159 184
f 198 167 185
f 200 186 161
f 200 161 159
f 201 187 171
f 201 185 187
f 201 199 185
f 202 176 171
f 202 171 188
f 202 188 186
f 203 188 171
f 203 171 163
f 203 163 193
f 203 186 188
f 203 193 170
f 203 170 186
f 204 189 183
f 204 183 177
f 204 177 168
f 204 168 189
f 205 191 162
f 205 179 191
f 205 162 161
f 205 161 179
f 206 191 179
f 206 179 168
f 206 168 191
f 207 192 169
f 207 169 181
f 208 182 194
f 208 195 182
f 208 181 195
f 208 207 181
f 209 194 163
f 209 163 171
f 209 171 192
f 209 208 194
f 209 192 207
f 209 207 208
f 210 194 193
f 210 193 163
f 210 163 194
f 211 195 181
f 211 181 156
f 211 156 161
f 211 161 195
f 212 183 158
f 212 158 196
f 212 196 175
f 212 175 183
f 213 167 175
f 213 175 196
f 213 196 187
f 213 187 167
f 214 198 184
f 214 184 167
f 214 167 198
f 215 198 185
f 215 159 198
f 215 199 159
f 215 185 199
f 216 186 200
f 216 202 186
f 216 176 202
f 217 199 176
f 217 216 200
f 217 176 216
f 217 200 159
f 217 159 199
f 218 176 199
f 218 199 201
f 218 201 171
f 218 171 176
o /home/catherine/patient252/proximal102004
usemtl Material004
v 0.130633267 0.075875793 -0.162449118
v 0.124902355 -0.055241142 -0.161636880
v 0.130633267 0.003550401 -0.284845936
v 0.036053907 0.075875793 -0.284845936
v 0.036053907 0.075875793 -0.162449118
v 0.036053907 -0.079901975 -0.273718953
v 0.130633267 0.075875793 -0.284845936
v 0.130633267 0.003550401 -0.162449118
v 0.080561841 -0.079901975 -0.273718953
v 0.036053907 0.003550401 -0.284845936
v 0.036053907 -0.079901975 -0.162449118
v 0.125069775 -0.057648008 -0.179139594
v 0.126916019 -0.037681532 -0.273375554
v 0.102815808 -0.074338483 -0.162449118
v 0.119506283 -0.046521024 -0.273718953
v 0.091688825 -0.079901975 -0.190266577
v 0.087402927 -0.077329407 -0.162064135
v 0.102815808 -0.074338483 -0.173576102
f 223 220 219
f 223 219 222
f 224 223 222
f 225 219 221
f 225 221 222
f 225 222 219
f 226 219 220
f 226 221 219
f 227 224 221
f 228 224 222
f 228 222 221
f 228 221 224
f 229 220 223
f 229 223 224
f 229 224 227
f 230 226 220
f 231 221 226
f 231 226 230
f 232 230 220
f 233 231 230
f 233 230 227
f 233 227 221
f 233 221 231
f 234 229 227
f 235 232 220
f 235 220 229
f 235 234 232
f 235 229 234
f 236 234 227
f 236 227 230
f 236 230 232
f 236 232 234
o /home/catherine/patient252/proximal102005
usemtl Material005
v 0.164014217 0.092566268 -0.284845936
v 0.185841571 0.085335010 -0.340614320
v 0.041617399 0.164891661 -0.373861804
v 0.036053907 0.148201186 -0.412806246
v 0.036053907 0.087002777 -0.396115770
v 0.136196758 0.109256744 -0.401679262
v 0.147323742 0.114820235 -0.318226886
v 0.036053907 0.087002777 -0.284845936
v 0.041617399 0.164891661 -0.401679262
v 0.141760250 0.087002777 -0.412806246
v 0.186268184 0.092566268 -0.340480853
v 0.058307874 0.137074202 -0.284845936
v 0.168225627 0.084387436 -0.291031965
v 0.036053907 0.142637694 -0.290409428
v 0.035433995 0.134027270 -0.285637628
v 0.036053907 0.164891661 -0.373861804
v 0.136196758 0.120383727 -0.323790378
v 0.091688825 0.087002777 -0.412806246
v 0.052744383 0.148201186 -0.412806246
v 0.169577709 0.092566268 -0.290409428
v 0.147323742 0.114820235 -0.368298312
v 0.152887233 0.092566268 -0.401679262
v 0.147323742 0.103693252 -0.284845936
v 0.163250951 0.085276463 -0.285305839
v 0.041617399 0.142637694 -0.290409428
v 0.036053907 0.164891661 -0.401679262
v 0.063871366 0.137074202 -0.290409428
v 0.036053907 0.137074202 -0.412806246
v 0.152300340 0.084809908 -0.400435831
v 0.047180891 0.159328169 -0.407242754
v 0.136196758 0.098129760 -0.412806246
v 0.164014217 0.103693252 -0.318226886
v 0.152887233 0.103693252 -0.390552279
v 0.136196758 0.120383727 -0.368298312
v 0.169577709 0.103693252 -0.340480853
v 0.186268184 0.092566268 -0.346044345
v 0.158450725 0.103693252 -0.301536411
v 0.119506283 0.114820235 -0.284845936
v 0.052744383 0.103693252 -0.407242754
v 0.136196758 0.114820235 -0.390552279
v 0.036053907 0.159328169 -0.407242754
v 0.141760250 0.092566268 -0.412806246
v 0.130633267 0.109256744 -0.407242754
v 0.185890159 0.085630881 -0.346103669
v 0.152887233 0.109256744 -0.373861804
v 0.169577709 0.103693252 -0.346044345
v 0.074998349 0.131510710 -0.284845936
v 0.047180891 0.125947219 -0.412806246
v 0.047180891 0.092566268 -0.401679262
v 0.052744383 0.159328169 -0.401679262
f 248 244 237
f 249 244 241
f 251 241 244
f 251 244 248
f 251 248 250
f 252 239 245
f 252 250 239
f 252 251 250
f 253 245 239
f 254 240 246
f 255 246 240
f 256 249 238
f 256 238 247
f 257 253 243
f 259 248 237
f 259 237 256
f 260 237 244
f 260 244 249
f 260 256 237
f 260 249 256
f 261 250 248
f 261 248 239
f 261 239 250
f 262 252 245
f 262 251 252
f 263 243 253
f 263 253 239
f 263 239 248
f 264 240 254
f 264 251 240
f 264 241 251
f 265 254 246
f 265 238 249
f 265 249 241
f 265 241 254
f 265 246 258
f 266 255 240
f 266 262 245
f 267 246 255
f 267 242 258
f 267 255 266
f 269 258 242
f 270 245 253
f 270 253 257
f 271 257 243
f 271 268 247
f 271 243 268
f 272 258 269
f 272 271 247
f 273 259 256
f 273 243 259
f 273 268 243
f 273 256 247
f 273 247 268
f 274 259 243
f 274 248 259
f 276 269 242
f 276 257 269
f 277 266 240
f 277 262 266
f 277 240 251
f 277 251 262
f 278 267 258
f 278 258 246
f 278 246 267
f 279 267 266
f 279 266 242
f 279 242 267
f 280 272 247
f 280 247 238
f 280 238 265
f 280 265 258
f 280 258 272
f 281 272 269
f 281 269 257
f 281 257 272
f 282 272 257
f 282 257 271
f 282 271 272
f 283 274 243
f 283 243 263
f 283 263 248
f 283 248 274
f 284 264 254
f 284 254 275
f 285 275 254
f 285 254 241
f 285 284 275
f 285 241 264
f 285 264 284
f 286 266 245
f 286 257 276
f 286 270 257
f 286 245 270
f 286 276 242
f 286 242 266
o /home/catherine/patient252/proximal102006
usemtl Material006
v -0.097469894 0.070312302 0.215868318
v -0.097469894 0.014677384 0.215868318
v -0.097273686 0.086778779 -0.034487903
v -0.119723861 0.075875793 -0.034488809
v -0.141977827 0.042494843 0.215868318
v -0.097469894 0.025804368 -0.034488809
v -0.103033385 0.092566268 0.188050860
v -0.094441487 0.089820115 0.160300294
v -0.131989494 0.051064093 0.216164335
v -0.120252221 0.062398094 -0.034613463
v -0.138003007 0.014586000 0.087908009
v -0.108596877 0.087002777 -0.034488809
v -0.125287352 0.070312302 0.215868318
v -0.096083670 0.091527067 0.188481996
v -0.097469894 0.014677384 0.087908009
v -0.137991139 0.014699244 0.215855753
v -0.136285673 0.025769807 -0.034488846
v -0.103033385 0.092566268 0.160233401
v -0.136414336 0.053621826 0.199177843
v -0.141977827 0.042494843 0.204741335
v -0.125287352 0.070312302 0.182487368
v -0.136414336 0.042494843 0.010019125
f 294 287 288
f 294 292 289
f 295 288 287
f 296 289 292
f 298 296 290
f 298 289 296
f 299 293 290
f 299 291 295
f 299 295 287
f 299 287 293
f 300 293 287
f 300 287 294
f 300 294 289
f 301 294 288
f 301 292 294
f 301 297 292
f 301 288 297
f 302 295 291
f 302 288 295
f 302 297 288
f 302 291 297
f 303 296 292
f 303 292 297
f 303 290 296
f 304 289 298
f 304 300 289
f 304 293 300
f 304 298 290
f 304 290 293
f 305 291 299
f 306 303 297
f 306 297 291
f 306 305 290
f 306 291 305
f 307 305 299
f 307 299 290
f 307 290 305
f 308 306 290
f 308 290 303
f 308 303 306
o /home/catherine/patient252/proximal102007
usemtl Material007
v 0.125069775 0.059185318 -0.034488809
v 0.164014217 -0.046521024 -0.129068168
v 0.164014217 0.031367860 -0.162449118
v 0.091489146 0.097801090 -0.162485538
v 0.088570826 -0.081331401 -0.051531035
v 0.089090316 -0.073530665 -0.162343723
v 0.113942791 0.087002777 -0.123504676
v 0.147323742 0.003550401 -0.040052301
v 0.091688825 0.064748810 -0.034488809
v 0.164014217 -0.063211500 -0.162449118
v 0.088498367 0.095090058 -0.141556071
v 0.147323742 0.053621826 -0.134631660
v 0.102815808 0.098129760 -0.162449118
v 0.169577709 0.009113893 -0.151322135
v 0.136196758 0.042494843 -0.040052301
v 0.136196758 -0.068774991 -0.034488809
v 0.102815808 0.087002777 -0.095687218
v 0.097252316 -0.085465466 -0.112377693
v 0.151114442 -0.063896240 -0.162796120
v 0.088792303 -0.081661903 -0.112071926
v 0.136196758 0.064748810 -0.123504676
v 0.097252316 0.098129760 -0.140195152
v 0.152887233 0.048058335 -0.162449118
v 0.164014217 -0.029830549 -0.117941185
v 0.169577709 -0.035394041 -0.162449118
v 0.136196758 0.036931351 -0.034488809
v 0.130633267 0.053621826 -0.040052301
v 0.164014217 0.020240876 -0.134631660
v 0.164014217 -0.063211500 -0.156885627
v 0.090668081 -0.078389384 -0.034628917
v 0.115094428 0.061633727 -0.034870389
v 0.102815808 -0.074338483 -0.162449118
v 0.125069775 -0.079901975 -0.034488809
v 0.097252316 -0.085465466 -0.051179284
v 0.119506283 0.081439285 -0.117941185
v 0.091457864 0.086689829 -0.095700307
v 0.102815808 0.098129760 -0.151322135
v 0.152887233 0.048058335 -0.156885627
v 0.164014217 -0.002013091 -0.117941185
v 0.147323742 -0.029830549 -0.040052301
v 0.169577709 0.014677384 -0.162449118
v 0.169577709 -0.029830549 -0.151322135
v 0.141760250 0.014677384 -0.034488809
v 0.164014217 0.031367860 -0.156885627
v 0.147323742 0.009113893 -0.045615792
v 0.164014217 0.009113893 -0.123504676
v 0.164014217 -0.057648008 -0.145758643
v 0.152887233 -0.068774991 -0.145758643
v 0.147323742 -0.046521024 -0.056742776
v 0.169577709 0.014677384 -0.156885627
v 0.169577709 -0.035394041 -0.156885627
v 0.141760250 -0.035394041 -0.034488809
v 0.125069775 -0.079901975 -0.112377693
f 319 312 314
f 319 313 317
f 324 309 317
f 325 309 315
f 328 319 314
f 328 313 319
f 328 314 326
f 329 309 320
f 329 320 321
f 330 321 312
f 330 312 319
f 331 321 320
f 331 311 327
f 331 327 312
f 331 312 321
f 333 318 327
f 334 323 309
f 334 309 324
f 335 320 309
f 335 309 323
f 337 318 333
f 338 317 313
f 339 325 317
f 339 317 309
f 339 309 325
f 340 326 314
f 340 327 318
f 340 314 312
f 340 312 327
f 341 324 317
f 341 317 338
f 341 337 324
f 342 328 326
f 342 313 328
f 342 326 341
f 342 341 338
f 342 338 313
f 343 315 309
f 343 309 329
f 344 330 319
f 344 319 317
f 344 317 325
f 344 325 330
f 345 330 325
f 345 325 315
f 345 321 330
f 345 329 321
f 345 343 329
f 345 315 343
f 346 331 320
f 346 311 331
f 347 332 322
f 347 316 332
f 348 310 332
f 348 332 316
f 349 322 333
f 349 333 327
f 349 327 311
f 350 332 310
f 350 333 322
f 350 322 332
f 351 334 324
f 351 316 334
f 351 348 316
f 352 335 323
f 352 320 335
f 352 346 320
f 352 311 346
f 352 323 336
f 352 349 311
f 353 336 323
f 353 334 316
f 353 323 334
f 354 322 336
f 354 347 322
f 354 316 347
f 354 353 316
f 354 336 353
f 355 310 324
f 355 324 337
f 356 340 318
f 356 326 340
f 356 318 337
f 356 337 341
f 357 348 324
f 357 324 310
f 357 310 348
f 358 336 322
f 358 322 349
f 358 352 336
f 358 349 352
f 359 337 333
f 359 333 350
f 359 355 337
f 359 350 310
f 359 310 355
f 360 351 324
f 360 324 348
f 360 348 351
f 361 356 341
f 361 341 326
f 361 326 356
o /home/catherine/patient252/proximal102008
usemtl Material008
v 0.036053907 -0.124409908 -0.162449118
v 0.036053907 -0.180044826 -0.162449118
v 0.036053907 -0.129973400 -0.323790378
v 0.008236449 -0.124409908 -0.329353870
v -0.075215927 -0.124409908 -0.162449118
v -0.052961960 -0.230116251 -0.290409428
v 0.035079438 -0.121336442 -0.321849445
v 0.024926924 -0.230116251 -0.262591969
v -0.002890535 -0.224552759 -0.295972920
v -0.074662404 -0.123879340 -0.294457264
v -0.069652435 -0.174481334 -0.162449118
v 0.030490416 -0.129973400 -0.329353870
v 0.030490416 -0.218989268 -0.268155461
v 0.008236449 -0.235679743 -0.284845936
v -0.069652435 -0.218989268 -0.301536411
v 0.028207784 -0.121362920 -0.326513781
v -0.014017518 -0.196735301 -0.168012610
v 0.036053907 -0.163354350 -0.284845936
v 0.030490416 -0.218989268 -0.245901494
v 0.024926924 -0.224552759 -0.279282444
v 0.008236449 -0.230116251 -0.290409428
v -0.075215927 -0.191171809 -0.301536411
v -0.075215927 -0.218989268 -0.273718953
v 0.008236449 -0.129973400 -0.329353870
v -0.052961960 -0.218989268 -0.301536411
v -0.068621422 -0.123263699 -0.296263462
v 0.019363432 -0.196735301 -0.168012610
v -0.025144501 -0.191171809 -0.162449118
v 0.002672957 -0.235679743 -0.251464986
v 0.036053907 -0.180044826 -0.179139594
v 0.013799941 -0.235679743 -0.279282444
v 0.030490416 -0.213425776 -0.273718953
v 0.019363432 -0.224552759 -0.284845936
v -0.075215927 -0.218989268 -0.295972920
v -0.075215927 -0.174481334 -0.168012610
v 0.024926924 -0.224552759 -0.240338002
v -0.064088943 -0.196735301 -0.201393560
v 0.024926924 -0.191171809 -0.162449118
v -0.008454026 -0.202298792 -0.179139594
v -0.030707993 -0.235679743 -0.279282444
v 0.013799941 -0.235679743 -0.257028478
v -0.064088943 -0.224552759 -0.295972920
v -0.074534341 -0.166397326 -0.162939320
v 0.030490416 -0.213425776 -0.229211019
v 0.024926924 -0.230116251 -0.257028478
v -0.047398468 -0.185608317 -0.162449118
v -0.075215927 -0.191171809 -0.201393560
v 0.013799941 -0.202298792 -0.179139594
v -0.025144501 -0.235679743 -0.284845936
v -0.052961960 -0.230116251 -0.273718953
v 0.013799941 -0.230116251 -0.240338002
v 0.019363432 -0.230116251 -0.245901494
v -0.014017518 -0.235679743 -0.257028478
v -0.064088943 -0.224552759 -0.268155461
v 0.008236449 -0.235679743 -0.251464986
v -0.002890535 -0.230116251 -0.240338002
v -0.041834977 -0.230116251 -0.262591969
v -0.030707993 -0.235679743 -0.273718953
v -0.075215927 -0.202298792 -0.229211019
v -0.069652435 -0.196735301 -0.206957052
v -0.069652435 -0.218989268 -0.262591969
f 362 363 364
f 366 363 362
f 368 362 364
f 368 366 362
f 372 363 366
f 373 368 364
f 377 373 365
f 377 368 373
f 377 366 368
f 379 374 364
f 379 364 363
f 380 374 363
f 380 369 374
f 381 374 369
f 382 375 370
f 382 370 373
f 383 371 365
f 383 366 371
f 384 366 383
f 385 365 373
f 385 373 376
f 385 383 365
f 385 376 383
f 386 376 373
f 386 373 370
f 386 370 376
f 387 377 365
f 387 365 371
f 387 371 366
f 387 366 377
f 389 363 372
f 389 378 388
f 391 379 363
f 391 363 374
f 391 374 379
f 392 381 369
f 392 375 381
f 392 390 375
f 393 381 364
f 393 364 374
f 393 374 381
f 394 382 373
f 394 381 375
f 394 375 382
f 394 373 364
f 394 364 381
f 395 384 383
f 395 383 376
f 396 366 384
f 398 372 396
f 399 389 388
f 399 363 389
f 399 397 363
f 399 388 397
f 400 388 378
f 400 378 390
f 401 375 390
f 402 392 369
f 402 390 392
f 403 395 376
f 403 384 395
f 403 376 370
f 403 370 375
f 404 396 372
f 404 372 366
f 404 366 396
f 405 397 380
f 405 380 363
f 405 363 397
f 406 369 380
f 406 380 397
f 406 402 369
f 407 389 372
f 407 372 398
f 407 378 389
f 408 398 396
f 408 396 384
f 409 400 390
f 409 388 400
f 410 401 367
f 410 375 401
f 410 403 375
f 410 367 403
f 411 367 401
f 411 403 367
f 413 406 397
f 413 402 406
f 413 397 388
f 413 388 412
f 414 378 407
f 414 401 390
f 415 384 403
f 415 403 411
f 416 390 402
f 416 413 412
f 416 402 413
f 416 409 390
f 416 412 388
f 416 388 409
f 417 414 390
f 417 390 378
f 417 378 414
f 418 414 407
f 418 407 398
f 418 398 415
f 418 415 411
f 418 411 414
f 419 414 411
f 419 411 401
f 419 401 414
f 420 408 384
f 421 415 398
f 421 398 408
f 421 420 415
f 421 408 420
f 422 420 384
f 422 384 415
f 422 415 420
o /home/catherine/patient252/proximal102009
usemtl Material009
v 0.097252316 0.103693252 -0.162449118
v 0.130633267 0.081439285 -0.184703085
v 0.102815808 0.120383727 -0.284845936
v -0.125287352 0.137074202 -0.279282444
v -0.122691120 0.074382792 -0.163015346
v -0.036271485 0.164891661 -0.257028478
v 0.130633267 0.103693252 -0.257028478
v 0.118551856 0.074865797 -0.162452693
v -0.155100605 0.073912402 -0.279950585
v 0.002672957 0.148201186 -0.173576102
v -0.019581010 0.164891661 -0.279282444
v 0.130633267 0.087002777 -0.190266577
v 0.119506283 0.087002777 -0.168012610
v -0.125287352 0.081439285 -0.162449118
v 0.035433995 0.134027270 -0.285637628
v 0.130633267 0.075875793 -0.284845936
v 0.128897363 0.073742085 -0.185918095
v 0.052744383 0.131510710 -0.190266577
v -0.052961960 0.148201186 -0.168012610
v -0.080779419 0.164891661 -0.273718953
v -0.019581010 0.164891661 -0.273718953
v -0.158668303 0.081439285 -0.273718953
v 0.058307874 0.137074202 -0.284845936
v -0.079545897 0.159786957 -0.280396563
v 0.130084958 0.101295646 -0.285174095
v 0.036053907 0.075875793 -0.284845936
v -0.154233435 0.073598819 -0.275023712
v 0.102815808 0.120383727 -0.279282444
v 0.041617399 0.131510710 -0.162449118
v 0.086125333 0.114820235 -0.190266577
v -0.002890535 0.148201186 -0.162449118
v -0.103033385 0.114820235 -0.168012610
v -0.064088943 0.164891661 -0.257028478
v 0.058307874 0.137074202 -0.268155461
v -0.125287352 0.125947219 -0.245901494
v -0.158668303 0.081439285 -0.279282444
v -0.114160369 0.148201186 -0.279282444
v 0.125069775 0.109256744 -0.284845936
v -0.069652435 0.137074202 -0.162449118
v -0.047398468 0.148201186 -0.162449118
v 0.041617399 0.137074202 -0.201393560
v -0.125287352 0.087002777 -0.168012610
v -0.147541319 0.103693252 -0.273718953
v -0.147541319 0.103693252 -0.279282444
v -0.114160369 0.148201186 -0.273718953
v 0.125069775 0.109256744 -0.279282444
v -0.108596877 0.103693252 -0.162449118
v -0.108596877 0.109256744 -0.168012610
v -0.125287352 0.137074202 -0.273718953
v -0.153104811 0.087002777 -0.262591969
v -0.119723861 0.131510710 -0.245901494
v -0.080779419 0.131510710 -0.168012610
v -0.064088943 0.142637694 -0.168012610
v -0.091906402 0.159328169 -0.268155461
v -0.091906402 0.120383727 -0.162449118
f 434 429 423
f 434 424 429
f 435 430 424
f 435 423 430
f 435 434 423
f 435 424 434
f 436 430 423
f 436 427 430
f 437 431 426
f 438 429 424
f 439 430 427
f 439 438 424
f 439 424 430
f 442 428 433
f 443 433 428
f 444 427 436
f 445 437 433
f 445 425 437
f 445 433 443
f 446 437 426
f 446 433 437
f 446 442 433
f 447 429 438
f 447 438 437
f 447 437 425
f 448 438 431
f 448 431 437
f 448 437 438
f 449 439 427
f 449 431 438
f 449 438 439
f 449 444 431
f 449 427 444
f 450 440 429
f 450 425 445
f 451 440 432
f 451 436 423
f 452 423 429
f 452 429 440
f 452 451 423
f 452 440 451
f 453 443 428
f 453 432 443
f 453 451 432
f 453 436 451
f 455 428 442
f 455 453 428
f 456 440 450
f 456 450 445
f 456 445 443
f 458 431 444
f 459 446 426
f 459 442 446
f 460 447 425
f 460 429 447
f 460 425 450
f 461 436 453
f 462 453 455
f 462 461 453
f 462 441 461
f 462 455 442
f 462 442 441
f 463 456 443
f 463 443 432
f 463 432 440
f 463 440 456
f 464 444 436
f 465 464 457
f 465 458 444
f 466 426 431
f 466 431 458
f 466 465 426
f 466 458 465
f 467 459 426
f 468 460 450
f 468 450 429
f 468 429 460
f 469 436 461
f 469 464 436
f 470 454 457
f 470 457 464
f 470 469 454
f 470 464 469
f 471 465 457
f 471 426 465
f 471 467 426
f 471 457 467
f 472 465 444
f 472 444 464
f 472 464 465
f 473 467 457
f 473 457 454
f 473 454 467
f 474 467 454
f 474 461 467
f 475 467 461
f 475 461 441
f 476 441 442
f 476 442 459
f 476 459 467
f 476 475 441
f 476 467 475
f 477 469 461
f 477 454 469
f 477 474 454
f 477 461 474
o /home/catherine/patient252/proximal102010
usemtl Material010
v -0.063776409 0.130594553 0.338269992
v -0.064088943 0.075875793 0.338265136
v -0.064088943 0.070312302 0.087908009
v -0.091906402 0.103693252 0.087908009
v -0.125287352 0.087002777 0.338265136
v -0.064007578 0.114431583 0.087908009
v -0.061679451 0.127558353 0.300263122
v -0.075215927 0.131510710 0.310447677
v -0.118152014 0.068588667 0.215971206
v -0.064088943 0.070312302 0.215868318
v -0.069652435 0.131510710 0.299320694
v -0.075215927 0.131510710 0.338265136
v -0.108596877 0.103693252 0.254812760
v -0.125052714 0.075701519 0.338263517
v -0.119723861 0.075875793 0.087908009
v -0.116673853 0.067894501 0.088039413
v -0.108596877 0.103693252 0.338265136
v -0.125287352 0.087002777 0.316011169
v -0.125287352 0.081439285 0.254812760
f 482 479 478
f 483 480 481
f 484 478 479
f 484 480 483
f 485 483 481
f 487 484 479
f 487 480 484
f 487 479 486
f 488 484 483
f 488 478 484
f 488 483 485
f 489 488 485
f 489 478 488
f 490 485 481
f 490 489 485
f 491 486 479
f 491 479 482
f 492 481 480
f 492 490 481
f 493 487 486
f 493 480 487
f 493 492 480
f 493 486 491
f 493 491 492
f 494 490 482
f 494 489 490
f 494 482 478
f 494 478 489
f 495 482 490
f 495 490 492
f 496 495 492
f 496 492 491
f 496 491 482
f 496 482 495
o /home/catherine/patient252/proximal102011
usemtl Material011
v 0.036053907 0.081439285 -0.279282444
v 0.036053907 -0.068774991 -0.312663395
v 0.036720391 0.082436150 -0.388086864
v 0.024926924 0.081439285 -0.390552279
v -0.014017518 -0.024267058 -0.279282444
v 0.024926924 -0.068774991 -0.362734820
v -0.014017518 0.081439285 -0.279282444
v 0.036053907 -0.024267058 -0.279282444
v 0.035901872 -0.069342998 -0.358695432
v 0.036053907 -0.013140074 -0.379425295
v -0.014017518 -0.013140074 -0.379425295
v -0.014017518 -0.068774991 -0.312663395
v -0.013862204 0.081308069 -0.377134633
v 0.036053907 0.070312302 -0.390552279
v -0.014017518 -0.068774991 -0.334917362
v -0.002890535 0.081439285 -0.384988787
v 0.024926924 0.075875793 -0.390552279
v -0.014017518 -0.052084516 -0.351607837
v 0.030490416 0.070312302 -0.390552279
v -0.002890535 0.075875793 -0.384988787
v -0.014017518 -0.024267058 -0.373861804
f 503 497 499
f 503 501 497
f 504 498 499
f 504 499 497
f 504 501 498
f 504 497 501
f 505 499 498
f 506 505 502
f 506 499 505
f 507 506 502
f 507 501 503
f 508 498 501
f 508 501 507
f 508 505 498
f 509 503 499
f 509 507 503
f 510 500 499
f 510 499 506
f 510 506 507
f 511 508 507
f 511 502 505
f 511 505 508
f 512 509 499
f 512 499 500
f 512 507 509
f 513 500 510
f 513 512 500
f 514 511 507
f 514 502 511
f 515 513 510
f 515 510 507
f 515 507 513
f 516 513 507
f 516 507 512
f 516 512 513
f 517 514 507
f 517 507 502
f 517 502 514
o /home/catherine/patient252/proximal102012
usemtl Material012
v -0.080779419 0.131510710 0.583058772
v -0.080779419 -0.052084516 0.577495280
v -0.079421233 0.118638018 0.338220778
v -0.108596877 0.103693252 0.338265136
v -0.158668303 0.014677384 0.577495280
v -0.080454533 -0.061837338 0.338146622
v -0.091906402 0.131510710 0.449534970
v -0.078126517 0.128260608 0.439428922
v -0.130850844 -0.024267058 0.583058772
v -0.089047347 -0.058924727 0.337665108
v -0.091906402 0.120383727 0.360519103
v -0.136414336 0.103693252 0.577495280
v -0.079829327 -0.043398333 0.578695803
v -0.086342910 0.131510710 0.438407987
v -0.078696887 -0.058674983 0.409468318
v -0.083675097 0.115793992 0.338179777
v -0.153104811 0.020240876 0.371646086
v -0.091906402 -0.063211500 0.399463545
v -0.114160369 0.103693252 0.343828628
v -0.091906402 0.131510710 0.577495280
v -0.153104811 0.064748810 0.583058772
v -0.091906402 -0.046521024 0.583058772
v -0.136414336 -0.035394041 0.338265136
v -0.086342910 -0.063211500 0.410590528
v -0.108596877 0.114820235 0.388336561
v -0.153104811 0.070312302 0.460661954
v -0.125287352 0.109256744 0.583058772
v -0.125287352 0.114820235 0.571931788
v -0.153104811 0.003550401 0.583058772
v -0.086342910 -0.052084516 0.577495280
v -0.141977827 0.059185318 0.338265136
v -0.125287352 -0.046521024 0.338265136
v -0.158668303 0.014677384 0.416154020
v -0.136414336 0.103693252 0.510733379
v -0.158668303 0.064748810 0.571931788
v -0.086342910 0.131510710 0.583058772
v -0.136414336 0.098129760 0.583058772
v -0.130850844 0.109256744 0.577495280
v -0.153104811 -0.002013091 0.571931788
v -0.119723861 -0.035394041 0.571931788
v -0.125287352 0.087002777 0.338265136
v -0.158668303 0.036931351 0.410590528
v -0.125287352 -0.046521024 0.360519103
v -0.153104811 0.014677384 0.377209578
v -0.125287352 0.098129760 0.360519103
v -0.125287352 0.114820235 0.516296871
v -0.158668303 0.064748810 0.555241313
v -0.158668303 0.059185318 0.577495280
v -0.136414336 -0.018703566 0.583058772
v -0.153104811 -0.002013091 0.427281004
v -0.097469894 -0.052084516 0.516296871
v -0.153104811 0.031367860 0.371646086
v -0.158668303 0.042494843 0.421717512
v -0.158668303 0.020240876 0.410590528
v -0.136414336 -0.035394041 0.349392119
v -0.119723861 0.103693252 0.366082595
v -0.125287352 0.092566268 0.343828628
v -0.136414336 0.087002777 0.388336561
v -0.130850844 0.109256744 0.505169888
v -0.130850844 -0.040957533 0.360519103
v -0.108596877 -0.046521024 0.505169888
v -0.153104811 0.036931351 0.377209578
v -0.158668303 0.059185318 0.477352429
v -0.141977827 0.064748810 0.354955611
f 527 520 523
f 530 525 518
f 531 524 518
f 531 518 525
f 531 525 520
f 531 528 524
f 531 520 528
f 532 523 520
f 532 520 525
f 532 525 530
f 532 530 519
f 533 521 520
f 533 520 527
f 535 527 523
f 536 528 520
f 536 520 521
f 537 518 524
f 538 526 518
f 539 519 530
f 539 530 518
f 539 518 526
f 541 532 519
f 541 535 523
f 541 523 532
f 542 524 528
f 542 528 536
f 544 538 518
f 545 537 524
f 546 538 522
f 546 526 538
f 547 519 539
f 547 541 519
f 547 535 541
f 548 527 540
f 548 540 534
f 549 540 527
f 549 527 535
f 552 529 551
f 552 550 522
f 553 544 518
f 553 518 537
f 554 538 544
f 554 552 538
f 554 529 552
f 555 537 545
f 555 553 537
f 555 544 553
f 555 554 544
f 555 529 554
f 555 551 529
f 556 546 522
f 556 522 550
f 557 547 539
f 557 539 526
f 558 536 521
f 558 521 533
f 558 533 527
f 558 527 548
f 559 550 552
f 560 540 549
f 560 557 526
f 560 549 535
f 561 550 534
f 561 534 540
f 561 540 550
f 563 545 524
f 563 524 542
f 563 555 545
f 564 552 551
f 564 551 543
f 564 559 552
f 565 552 522
f 565 522 538
f 565 538 552
f 566 526 546
f 566 546 556
f 567 556 550
f 567 550 540
f 567 540 556
f 568 535 547
f 568 547 557
f 569 548 534
f 569 534 559
f 570 543 548
f 570 548 559
f 570 559 564
f 571 559 534
f 571 534 550
f 571 550 559
f 572 556 540
f 572 540 560
f 573 542 536
f 573 536 562
f 574 562 536
f 574 536 558
f 574 558 548
f 575 543 551
f 575 551 562
f 575 574 548
f 575 562 574
f 576 562 551
f 576 551 555
f 576 555 563
f 576 573 562
f 576 563 542
f 576 542 573
f 577 566 556
f 577 560 526
f 577 526 566
f 577 572 560
f 577 556 572
f 578 560 535
f 578 535 568
f 578 568 557
f 578 557 560
f 579 569 559
f 579 559 548
f 579 548 569
f 580 570 564
f 580 564 543
f 580 543 570
f 581 575 548
f 581 548 543
f 581 543 575
o /home/catherine/patient252/proximal102013
usemtl Material013
v 0.036053907 0.148201186 0.338265136
v 0.052744383 0.087002777 0.338265136
v 0.050608430 0.128246584 0.282634296
v -0.061154111 0.123366285 0.254804960
v -0.064088943 0.087002777 0.338265136
v 0.002672957 0.087002777 0.254812760
v -0.019581010 0.148201186 0.254812760
v 0.050630583 0.128263195 0.338282105
v -0.064088943 0.137074202 0.338265136
v 0.052744383 0.087002777 0.282630219
v -0.064088943 0.087002777 0.254812760
v 0.036053907 0.148201186 0.282630219
v 0.002698304 0.146393999 0.254823650
v -0.064088943 0.131510710 0.265939744
v -0.041834977 0.148201186 0.338265136
v -0.047398468 0.137074202 0.254812760
v -0.064088943 0.137074202 0.310447677
v -0.030707993 0.148201186 0.277066727
v -0.025144501 0.148201186 0.260376252
v -0.041834977 0.148201186 0.327138153
f 587 583 586
f 588 587 585
f 589 586 583
f 590 586 589
f 591 583 587
f 591 589 583
f 591 584 589
f 592 587 586
f 592 585 587
f 592 586 590
f 593 588 582
f 593 589 584
f 593 582 589
f 594 587 588
f 594 591 587
f 594 584 591
f 594 593 584
f 594 588 593
f 595 592 590
f 595 585 592
f 596 582 588
f 596 590 589
f 596 589 582
f 597 588 585
f 597 585 595
f 598 595 590
f 598 590 596
f 599 595 598
f 599 596 588
f 600 597 595
f 600 595 599
f 600 599 588
f 600 588 597
f 601 599 598
f 601 598 596
f 601 596 599
o /home/catherine/patient252/proximal102014
usemtl Material014
v -0.014017518 -0.024267058 -0.262591969
v -0.014017518 -0.068774991 -0.262591969
v -0.014020835 -0.023542428 -0.367161276
v -0.180922269 -0.024267058 -0.368298312
v -0.180922269 -0.024267058 -0.262591969
v -0.164231794 -0.079901975 -0.318226886
v -0.013944918 -0.026787863 -0.364749045
v -0.197612745 -0.024267058 -0.318226886
v -0.186485761 -0.068774991 -0.268155461
v -0.014017518 -0.063211500 -0.340480853
v -0.197612745 -0.024267058 -0.351607837
v -0.176728691 -0.068293601 -0.264990572
v -0.186485761 -0.024267058 -0.268155461
v -0.014017518 -0.068774991 -0.312663395
v -0.175358778 -0.040957533 -0.362734820
v -0.014017518 -0.052084516 -0.351607837
v -0.197612745 -0.052084516 -0.323790378
v -0.180922269 -0.079901975 -0.318226886
v -0.075215927 -0.074338483 -0.318226886
v -0.180922269 -0.029830549 -0.368298312
v -0.064088943 -0.046521024 -0.357171328
v -0.197612745 -0.046521024 -0.318226886
v -0.186485761 -0.074338483 -0.318226886
v -0.180922269 -0.057648008 -0.346044345
v -0.153104811 -0.040957533 -0.362734820
v -0.192049253 -0.063211500 -0.312663395
v -0.030707993 -0.063211500 -0.340480853
v -0.192049253 -0.057648008 -0.340480853
v -0.197612745 -0.052084516 -0.334917362
v -0.192049253 -0.040957533 -0.357171328
v -0.192049253 -0.063211500 -0.329353870
v -0.180922269 -0.046521024 -0.357171328
v -0.197612745 -0.046521024 -0.346044345
v -0.197612745 -0.035394041 -0.351607837
f 606 603 602
f 606 602 604
f 608 602 603
f 608 604 602
f 612 609 604
f 612 604 605
f 613 603 606
f 613 606 610
f 614 610 606
f 614 609 610
f 614 606 604
f 614 604 609
f 615 611 608
f 615 608 603
f 617 604 608
f 617 608 611
f 618 609 612
f 619 613 610
f 619 607 603
f 619 603 613
f 619 611 607
f 620 615 603
f 620 603 607
f 620 607 611
f 620 611 615
f 621 605 604
f 622 604 617
f 623 618 610
f 623 610 609
f 623 609 618
f 624 619 610
f 625 617 611
f 625 622 617
f 626 621 604
f 626 616 621
f 626 622 616
f 626 604 622
f 627 624 610
f 627 610 618
f 627 618 624
f 628 625 611
f 628 611 619
f 628 619 625
f 629 625 619
f 629 619 624
f 630 624 618
f 630 618 612
f 631 625 629
f 631 612 605
f 631 605 621
f 632 629 624
f 632 624 630
f 633 625 631
f 633 616 622
f 633 622 625
f 633 631 621
f 633 621 616
f 634 630 612
f 634 631 629
f 634 632 630
f 634 629 632
f 635 634 612
f 635 612 631
f 635 631 634
o /home/catherine/patient252/proximal102015
usemtl Material015
v 0.036053907 0.148201186 0.282630219
v 0.052744383 0.087002777 0.282630219
v 0.050113508 0.126854294 0.087911840
v -0.064088943 0.120383727 0.087908009
v -0.064088943 0.087002777 0.254812760
v 0.052744383 0.087002777 0.087908009
v -0.030707993 0.137074202 0.087908009
v 0.050608430 0.128246584 0.282634296
v 0.002672957 0.087002777 0.282630219
v -0.064088943 0.131510710 0.254812760
v -0.064088943 0.087002777 0.087908009
v 0.041617399 0.137074202 0.087908009
v 0.036053907 0.148201186 0.254812760
v -0.047398468 0.131510710 0.087908009
v 0.002670524 0.146211808 0.282614436
v 0.019363432 0.148201186 0.210304827
v -0.019581010 0.148201186 0.249249269
v -0.064088943 0.131510710 0.215868318
v 0.024926924 0.148201186 0.221431810
v -0.047398468 0.137074202 0.204741335
v -0.019581010 0.148201186 0.254812760
v -0.008454026 0.148201186 0.215868318
v -0.002890535 0.148201186 0.210304827
f 641 637 640
f 642 641 639
f 643 641 638
f 643 637 641
f 644 640 637
f 644 643 636
f 644 637 643
f 645 639 640
f 645 640 644
f 646 641 640
f 646 640 639
f 646 639 641
f 647 638 641
f 647 641 642
f 648 643 638
f 648 636 643
f 648 638 647
f 649 642 639
f 650 645 644
f 650 644 636
f 651 647 642
f 651 636 648
f 652 636 651
f 653 649 639
f 653 639 645
f 653 645 652
f 654 651 648
f 654 648 647
f 654 647 651
f 655 652 642
f 655 642 649
f 655 653 652
f 655 649 653
f 656 652 645
f 656 645 650
f 656 650 636
f 656 636 652
f 657 652 651
f 657 642 652
f 658 657 651
f 658 651 642
f 658 642 657
o /home/catherine/patient252/proximal102016
usemtl Material016
v 0.083603376 -0.080910292 -0.161540036
v 0.085701355 -0.079391030 -0.162367477
v 0.036053907 -0.079901975 -0.162449118
v 0.036053907 -0.068774991 -0.312663395
v 0.041617399 -0.146663875 -0.284845936
v 0.036053907 -0.068774991 -0.273718953
v 0.047180891 -0.163354350 -0.162449118
v 0.080561841 -0.074338483 -0.312663395
v 0.032725560 -0.167871076 -0.177997965
v 0.084849824 -0.077992091 -0.173230134
v 0.037698859 -0.166434419 -0.161734878
v 0.041617399 -0.129973400 -0.312663395
v 0.074998349 -0.091028958 -0.312663395
v 0.080561841 -0.068774991 -0.312663395
v 0.041617399 -0.168917842 -0.179139594
v 0.035946788 -0.168847023 -0.162428681
v 0.035114001 -0.127769141 -0.311147083
v 0.041617399 -0.141100384 -0.301536411
v 0.086125333 -0.085465466 -0.173576102
v 0.076506960 -0.068653759 -0.273688793
v 0.047180891 -0.163354350 -0.168012610
v 0.034459717 -0.143376371 -0.283802527
v 0.058307874 -0.113282925 -0.312663395
v 0.036053907 -0.141100384 -0.301536411
v 0.080561841 -0.079901975 -0.290409428
f 659 660 661
f 665 660 659
f 667 664 662
f 667 661 664
f 668 664 661
f 668 661 660
f 669 665 659
f 669 659 661
f 670 662 666
f 671 670 666
f 672 666 662
f 672 668 660
f 673 667 663
f 674 669 661
f 674 661 667
f 674 667 673
f 674 673 665
f 674 665 669
f 675 662 670
f 676 671 663
f 677 660 665
f 677 672 660
f 677 666 672
f 678 672 662
f 678 662 664
f 678 664 668
f 678 668 672
f 679 665 673
f 679 677 665
f 679 671 677
f 679 673 663
f 679 663 671
f 680 667 662
f 680 662 675
f 681 676 670
f 681 670 671
f 681 671 676
f 682 675 670
f 682 670 676
f 682 680 675
f 682 676 663
f 682 663 667
f 682 667 680
f 683 677 671
f 683 671 666
f 683 666 677
o /home/catherine/patient252/proximal102017
usemtl Material017
v -0.097469894 0.075875793 0.338265136
v -0.094496336 -0.064887927 0.276430940
v -0.097469894 0.075875793 0.215868318
v -0.119723861 0.075875793 0.215868318
v -0.137729913 0.014648668 0.338351711
v -0.108596877 -0.074338483 0.215868318
v -0.093973754 -0.070634089 0.237014301
v -0.097469894 0.014677384 0.338265136
v -0.141977827 0.059185318 0.338265136
v -0.130850844 -0.040957533 0.282630219
v -0.097429529 -0.074267454 0.215858410
v -0.108596877 -0.063211500 0.282630219
v -0.130850844 0.075875793 0.293757202
v -0.141977827 -0.035394041 0.215868318
v -0.103033385 -0.068774991 0.277066727
v -0.119723861 -0.063211500 0.249249269
v -0.127696105 0.072766066 0.338198769
v -0.141977827 0.042494843 0.215868318
v -0.141977827 -0.018703566 0.282630219
v -0.103033385 -0.074338483 0.238122285
v -0.097088852 -0.062311701 0.282507526
v -0.136414336 -0.046521024 0.215868318
v -0.136414336 0.070312302 0.304884186
v -0.132301966 0.067566998 0.338268657
v -0.108596877 -0.074338483 0.226995302
v -0.125287352 -0.057648008 0.249249269
v -0.136414336 -0.046521024 0.226995302
v -0.141977827 0.059185318 0.310447677
v -0.130850844 0.064748810 0.215868318
v -0.141977827 -0.035394041 0.221431810
v -0.125287352 0.075875793 0.232558793
f 684 686 687
f 690 684 685
f 690 686 684
f 691 685 684
f 691 684 688
f 694 686 690
f 694 687 686
f 695 691 688
f 695 688 693
f 696 684 687
f 698 690 685
f 699 695 693
f 699 698 695
f 700 684 696
f 701 697 692
f 701 694 697
f 702 693 688
f 702 688 692
f 702 692 697
f 703 694 690
f 703 690 698
f 703 689 694
f 704 698 685
f 704 685 691
f 704 691 695
f 704 695 698
f 705 697 694
f 705 694 689
f 706 700 696
f 706 692 700
f 707 700 692
f 707 684 700
f 707 692 688
f 707 688 684
f 708 689 703
f 708 705 689
f 708 703 698
f 708 698 699
f 709 699 693
f 710 697 705
f 710 693 702
f 710 709 693
f 710 699 709
f 710 708 699
f 710 705 708
f 711 706 701
f 711 701 692
f 711 692 706
f 712 701 706
f 712 687 694
f 712 694 701
f 713 710 702
f 713 702 697
f 713 697 710
f 714 712 706
f 714 706 696
f 714 696 687
f 714 687 712
o /home/catherine/patient252/proximal102018
usemtl Material018
v -0.014017518 0.164891661 -0.279282444
v -0.014017518 -0.024267058 -0.279282444
v -0.014017518 -0.013140074 -0.379425295
v -0.164231794 0.059185318 -0.373861804
v -0.186485761 -0.002013091 -0.279282444
v -0.064088943 0.170455153 -0.351607837
v -0.013862204 0.081308069 -0.377134633
v -0.180922269 -0.024267058 -0.368298312
v -0.119723861 0.148201186 -0.284845936
v -0.014292206 0.160366986 -0.339610333
v -0.147541319 0.036931351 -0.379425295
v -0.052961960 0.120383727 -0.373861804
v -0.014017518 -0.024267058 -0.373861804
v -0.182268086 -0.024641787 -0.280141217
v -0.186485761 0.048058335 -0.351607837
v -0.114160369 0.148201186 -0.279282444
v -0.041834977 0.176018644 -0.334917362
v -0.030707993 0.081439285 -0.379425295
v -0.175358778 -0.018703566 -0.373861804
v -0.119723861 0.120383727 -0.368298312
v -0.039200798 0.128820289 -0.365059794
v -0.197612745 -0.024267058 -0.346044345
v -0.193492858 -0.026599728 -0.329914454
v -0.169795286 0.070312302 -0.284845936
v -0.047398468 0.176018644 -0.340480853
v -0.080779419 0.176018644 -0.307099903
v -0.103033385 0.075875793 -0.379425295
v -0.175358778 0.031367860 -0.373861804
v -0.136414336 -0.013140074 -0.379425295
v -0.169795286 -0.024267058 -0.373861804
v -0.091906402 0.148201186 -0.362734820
v -0.153104811 0.114820235 -0.351607837
v -0.186485761 0.048058335 -0.323790378
v -0.197612745 -0.018703566 -0.329353870
v -0.153104811 0.098129760 -0.279282444
v -0.086342910 0.164891661 -0.279282444
v -0.047398468 0.176018644 -0.307099903
v -0.086342910 0.176018644 -0.340480853
v -0.091906402 0.109256744 -0.373861804
v -0.119723861 0.064748810 -0.379425295
v -0.169795286 0.048058335 -0.373861804
v -0.186485761 0.025804368 -0.362734820
v -0.147541319 0.003550401 -0.379425295
v -0.064088943 0.159328169 -0.357171328
v -0.164231794 0.075875793 -0.368298312
v -0.130850844 0.131510710 -0.357171328
v -0.175358778 0.048058335 -0.279282444
v -0.164231794 0.103693252 -0.318226886
v -0.186485761 0.020240876 -0.295972920
v -0.197612745 -0.018703566 -0.346044345
v -0.125287352 0.137074202 -0.279282444
v -0.097469894 0.170455153 -0.307099903
v -0.097469894 0.159328169 -0.279282444
v -0.041834977 0.176018644 -0.312663395
v -0.086342910 0.170455153 -0.351607837
v -0.108596877 0.125947219 -0.368298312
v -0.180922269 0.053621826 -0.362734820
v -0.192049253 -0.013140074 -0.357171328
v -0.141977827 -0.007576582 -0.379425295
v -0.080779419 0.148201186 -0.362734820
v -0.119723861 0.131510710 -0.362734820
v -0.153104811 0.109256744 -0.357171328
v -0.125287352 0.153764677 -0.329353870
v -0.175358778 0.059185318 -0.290409428
f 719 716 715
f 721 715 716
f 724 715 721
f 727 721 716
f 727 717 721
f 728 716 719
f 730 719 715
f 731 715 724
f 732 721 717
f 732 717 725
f 732 726 721
f 735 724 721
f 735 721 726
f 735 726 720
f 735 720 724
f 737 727 716
f 737 716 728
f 737 736 722
f 739 731 724
f 739 724 720
f 740 731 739
f 741 732 725
f 741 726 732
f 742 725 733
f 743 725 717
f 743 717 727
f 744 722 733
f 744 737 722
f 744 727 737
f 744 743 727
f 748 737 728
f 748 728 719
f 748 736 737
f 748 747 729
f 749 719 730
f 750 730 715
f 750 715 740
f 751 740 715
f 751 731 740
f 752 740 739
f 752 739 720
f 753 741 734
f 753 726 741
f 754 741 725
f 754 725 718
f 754 718 734
f 754 734 741
f 755 718 725
f 755 725 742
f 756 742 733
f 757 733 725
f 757 725 743
f 758 745 720
f 758 720 726
f 759 734 718
f 759 718 755
f 760 734 759
f 761 749 738
f 761 719 749
f 762 746 729
f 762 729 747
f 762 738 749
f 762 749 723
f 763 748 719
f 763 747 748
f 763 761 747
f 763 719 761
f 764 748 729
f 764 736 748
f 764 729 756
f 765 749 730
f 765 730 723
f 765 723 749
f 766 750 740
f 766 740 752
f 767 723 730
f 767 730 750
f 767 766 723
f 767 750 766
f 768 751 715
f 768 715 731
f 768 731 751
f 769 752 720
f 769 720 745
f 770 745 726
f 770 726 753
f 770 753 734
f 770 734 745
f 771 755 742
f 771 742 756
f 771 759 755
f 771 756 729
f 771 729 746
f 772 722 736
f 772 764 756
f 772 736 764
f 772 756 733
f 772 733 722
f 773 757 743
f 773 733 757
f 773 744 733
f 773 743 744
f 774 758 726
f 774 726 745
f 774 745 758
f 775 745 734
f 775 734 760
f 775 769 745
f 775 760 769
f 776 760 759
f 776 746 760
f 776 771 746
f 776 759 771
f 777 760 746
f 777 769 760
f 777 752 769
f 777 766 752
f 777 723 766
f 777 762 723
f 777 746 762
f 778 761 738
f 778 747 761
f 778 762 747
f 778 738 762
o /home/catherine/patient252/proximal102019
usemtl Material019
v 0.041617399 0.148201186 0.466225446
v 0.052744383 0.036931351 0.466225446
v 0.052744383 0.142637694 0.405027037
v -0.014026890 0.146117571 0.405021992
v -0.041834977 0.098129760 0.466225446
v -0.014017518 0.036931351 0.405027037
v 0.008236449 0.159328169 0.460661954
v 0.052744383 0.137074202 0.466225446
v -0.006807712 0.154405540 0.468193913
v 0.052744383 0.036931351 0.405027037
v -0.041834977 0.098129760 0.438407987
v -0.014017518 0.036931351 0.466225446
v 0.047180891 0.148201186 0.405027037
v 0.008236449 0.159328169 0.466225446
v -0.041620926 0.146158292 0.438413175
v 0.002672957 0.153764677 0.410590528
v 0.052744383 0.142637694 0.449534970
v 0.047180891 0.148201186 0.443971479
v -0.041604685 0.146107037 0.466223920
v -0.008454026 0.159328169 0.460661954
v 0.008236449 0.153764677 0.410590528
v -0.002890535 0.153764677 0.416154020
f 786 780 781
f 787 786 779
f 787 780 786
f 788 781 780
f 788 780 784
f 788 784 782
f 788 782 781
f 789 784 783
f 789 782 784
f 790 784 780
f 790 783 784
f 790 787 783
f 790 780 787
f 791 781 782
f 792 787 779
f 792 791 785
f 793 789 783
f 793 782 789
f 794 791 782
f 795 786 781
f 795 781 791
f 795 779 786
f 796 792 779
f 796 791 792
f 796 795 791
f 796 779 795
f 797 793 783
f 797 783 787
f 798 792 785
f 798 785 794
f 798 793 797
f 798 797 787
f 798 787 792
f 799 794 785
f 799 785 791
f 799 791 794
f 800 794 782
f 800 782 793
f 800 798 794
f 800 793 798
o /home/catherine/patient252/proximal102020
usemtl Material020
v -0.064088943 0.070312302 0.215868318
v -0.064088943 0.014677384 0.215868318
v -0.064088943 0.025804368 -0.034488809
v -0.097469894 0.064748810 -0.034488809
v -0.097469894 0.014677384 0.215868318
v -0.064088943 0.064748810 -0.034488809
v -0.097469894 0.070312302 0.215868318
v -0.097469894 0.014677384 0.087908009
v -0.097469894 0.070312302 0.087908009
v -0.064088943 0.014677384 0.087908009
v -0.097469894 0.025804368 -0.034488809
v -0.064088943 0.070312302 0.087908009
f 801 802 803
f 805 802 801
f 806 801 803
f 806 803 804
f 807 805 801
f 807 804 805
f 808 802 805
f 808 805 804
f 809 806 804
f 809 807 801
f 809 804 807
f 810 808 803
f 810 803 802
f 810 802 808
f 811 808 804
f 811 804 803
f 811 803 808
f 812 809 801
f 812 801 806
f 812 806 809
o /home/catherine/patient252/proximal102021
usemtl Material021
v -0.025144501 -0.085465466 0.087908009
v -0.025144501 -0.107719433 0.087908009
v -0.024316727 -0.135384089 -0.034338002
v -0.064088943 -0.085465466 -0.034488809
v -0.064162336 -0.108768062 0.087972295
v -0.025144501 -0.085465466 -0.034488809
v -0.023399306 -0.136538420 0.032075893
v -0.064088943 -0.085465466 0.087908009
v -0.064177200 -0.124238687 -0.034576251
v -0.030707993 -0.141100384 0.032273092
v -0.066176981 -0.120813995 -0.025017136
v -0.030707993 -0.135536892 -0.034488809
v -0.024287444 -0.140534477 -0.029216811
v -0.025144501 -0.091028958 -0.034488809
v -0.030707993 -0.141100384 -0.028925317
f 817 814 813
f 818 816 813
f 819 813 814
f 819 818 813
f 819 815 818
f 820 817 813
f 820 813 816
f 821 816 818
f 822 819 814
f 822 814 817
f 822 817 821
f 823 820 816
f 823 817 820
f 823 821 817
f 823 816 821
f 825 815 819
f 825 819 822
f 825 824 815
f 826 818 815
f 826 815 824
f 826 824 821
f 826 821 818
f 827 825 822
f 827 822 821
f 827 821 824
f 827 824 825
o /home/catherine/patient252/proximal102022
usemtl Material022
v 0.091688825 0.087002777 0.338265136
v 0.117203385 0.014465722 0.338267687
v 0.130633267 0.025804368 0.087908009
v 0.069434858 0.087002777 0.087908009
v 0.063871366 0.014677384 0.338265136
v 0.102815808 0.081439285 0.087908009
v 0.119506283 0.031367860 0.338265136
v 0.063871366 0.087002777 0.338265136
v 0.069434858 0.014677384 0.087908009
v 0.102815808 0.081439285 0.277066727
v 0.093696656 0.083505878 0.087864010
v 0.130633267 0.020240876 0.188050860
v 0.063871366 0.014677384 0.215868318
v 0.097252316 0.087002777 0.293757202
v 0.119506283 0.048058335 0.249249269
v 0.130052397 0.014443878 0.087902056
v 0.063871366 0.087002777 0.215868318
v 0.126924870 0.012421052 0.186329031
v 0.130633267 0.025804368 0.182487368
f 834 828 829
f 835 828 831
f 835 832 829
f 835 829 828
f 837 828 834
f 838 833 830
f 838 836 831
f 839 834 829
f 840 832 835
f 840 831 836
f 841 837 833
f 841 828 837
f 841 833 838
f 841 838 831
f 841 831 828
f 842 837 834
f 842 830 833
f 842 833 837
f 843 830 839
f 843 838 830
f 843 836 838
f 844 840 835
f 844 835 831
f 844 831 840
f 845 829 832
f 845 832 840
f 845 840 836
f 845 836 843
f 845 843 839
f 845 839 829
f 846 842 834
f 846 834 839
f 846 839 830
f 846 830 842
o /home/catherine/patient252/proximal102023
usemtl Material023
v 0.101047320 0.036967387 0.466229710
v 0.119506283 -0.007576582 0.410590528
v 0.119506283 0.031367860 0.338265136
v -0.080779419 0.036931351 0.338265136
v -0.075215927 -0.063211500 0.466225446
v 0.110498312 0.034361438 0.338262937
v 0.119506283 0.025804368 0.416154020
v 0.052744383 -0.079901975 0.466225446
v -0.080779419 0.036931351 0.466225446
v 0.113942791 0.036931351 0.410590528
v -0.056150344 -0.075290202 0.337657890
v 0.102815808 -0.029830549 0.466225446
v 0.052744383 -0.096592450 0.338265136
v -0.080779419 -0.063211500 0.421717512
v 0.119506283 0.031367860 0.405027037
v 0.119506283 0.014677384 0.421717512
v 0.119506283 -0.024267058 0.338265136
v 0.097252316 -0.052084516 0.449534970
v 0.013799941 -0.096592450 0.399463545
v -0.080779419 -0.057648008 0.466225446
v -0.014017518 -0.096592450 0.349392119
v -0.080454533 -0.061837338 0.338146622
v 0.119506283 0.003550401 0.421717512
v 0.099325834 -0.045832942 0.338216779
v 0.080561841 -0.063211500 0.466225446
v 0.102815808 -0.046521024 0.388336561
v 0.119506283 -0.024267058 0.354955611
v 0.102815808 -0.040957533 0.449534970
v 0.030490416 -0.096592450 0.399463545
v -0.030707993 -0.079901975 0.466225446
v -0.058525452 -0.079901975 0.360519103
v -0.014017518 -0.096592450 0.338265136
v 0.091688825 -0.052084516 0.466225446
v 0.052744383 -0.096592450 0.349392119
v 0.102815808 -0.035394041 0.460661954
v 0.119506283 -0.013140074 0.393900053
v 0.002672957 -0.096592450 0.388336561
v -0.075215927 -0.068774991 0.338265136
v -0.041834977 -0.079901975 0.432844495
v 0.058307874 -0.091028958 0.366082595
v 0.047180891 -0.096592450 0.366082595
v 0.097252316 -0.046521024 0.460661954
v -0.008454026 -0.096592450 0.366082595
v -0.075215927 -0.068774991 0.349392119
v 0.086125333 -0.063211500 0.438407987
v 0.091688825 -0.057648008 0.449534970
f 853 848 849
f 855 847 850
f 856 849 852
f 856 852 850
f 856 850 847
f 857 852 849
f 857 850 852
f 860 855 850
f 861 853 849
f 861 849 856
f 861 856 847
f 861 847 853
f 862 853 847
f 862 847 858
f 862 848 853
f 863 849 848
f 863 857 849
f 866 860 851
f 866 855 860
f 866 851 847
f 866 847 855
f 867 859 865
f 868 860 850
f 868 850 857
f 869 862 858
f 869 848 862
f 870 863 859
f 870 859 857
f 870 857 863
f 871 847 854
f 872 864 859
f 872 859 863
f 873 863 848
f 873 872 863
f 873 864 872
f 874 864 873
f 875 865 859
f 875 854 865
f 876 865 854
f 876 854 847
f 876 847 851
f 877 851 860
f 878 857 859
f 878 859 867
f 878 867 877
f 879 858 847
f 879 847 871
f 880 859 864
f 880 875 859
f 881 874 848
f 881 864 874
f 881 869 858
f 881 848 869
f 882 874 873
f 882 873 848
f 882 848 874
f 883 867 865
f 883 865 876
f 884 868 857
f 884 878 877
f 884 857 878
f 884 860 868
f 885 876 851
f 885 851 877
f 885 877 867
f 885 867 876
f 886 871 854
f 886 854 880
f 887 880 854
f 887 854 875
f 887 875 880
f 888 879 864
f 888 864 881
f 888 881 858
f 888 858 879
f 889 883 876
f 889 876 867
f 889 867 883
f 890 884 877
f 890 877 860
f 890 860 884
f 891 871 886
f 891 886 880
f 891 880 864
f 892 891 864
f 892 871 891
f 892 879 871
f 892 864 879
o /home/catherine/patient252/proximal102024
usemtl Material024
v 0.130633267 0.003550401 -0.273718953
v 0.131148085 -0.039678176 -0.273616209
v 0.130633267 -0.013140074 -0.384988787
v 0.036048993 0.003550349 -0.377757745
v 0.036053907 -0.068774991 -0.273718953
v 0.130697133 0.003709788 -0.384544083
v 0.036053907 0.003550401 -0.273718953
v 0.074998349 -0.068774991 -0.346044345
v 0.102815808 -0.002013091 -0.384988787
v 0.130633267 -0.029830549 -0.379425295
v 0.035901872 -0.069342998 -0.358695432
v 0.104388363 0.005728652 -0.380387873
v 0.076506960 -0.068653759 -0.273688793
v 0.130633267 -0.040957533 -0.368298312
v 0.036053907 -0.013140074 -0.379425295
v 0.080561841 -0.068774991 -0.323790378
v 0.058307874 -0.068774991 -0.357171328
v 0.108379300 -0.007576582 -0.384988787
v 0.125069775 -0.029830549 -0.379425295
v 0.091688825 -0.063211500 -0.273718953
v 0.069434858 -0.068774991 -0.351607837
v 0.125069775 -0.013140074 -0.384988787
v 0.091688825 -0.063211500 -0.284845936
f 898 893 894
f 899 897 894
f 899 894 893
f 901 898 895
f 901 896 898
f 902 898 894
f 902 895 898
f 903 899 896
f 903 897 899
f 904 898 896
f 904 896 899
f 904 899 893
f 904 893 898
f 905 894 897
f 905 897 903
f 906 902 894
f 907 903 896
f 907 896 901
f 908 905 903
f 908 903 900
f 908 900 906
f 909 903 902
f 909 902 906
f 910 907 901
f 910 901 895
f 911 895 902
f 911 902 903
f 911 903 907
f 912 906 894
f 912 894 905
f 912 905 908
f 913 909 906
f 913 906 900
f 913 900 903
f 913 903 909
f 914 910 895
f 914 907 910
f 914 911 907
f 914 895 911
f 915 912 908
f 915 908 906
f 915 906 912
o /home/catherine/patient252/proximal102025
usemtl Material025
v 0.108379300 -0.091028958 0.087908009
v 0.102815808 -0.102155942 0.087908009
v 0.080561841 -0.107719433 0.026709600
v -0.062498095 -0.105093511 0.033062073
v -0.064162336 -0.108768062 0.087972295
v 0.084827062 -0.085202346 0.032371944
v 0.102815808 -0.102155942 0.060090550
v 0.030490416 -0.141100384 0.060090550
v -0.025144501 -0.085465466 0.032273092
v 0.102815808 -0.085465466 0.048963567
v 0.052744383 -0.129973400 0.087908009
v 0.041617399 -0.141100384 0.032273092
v -0.030707993 -0.141100384 0.032273092
v 0.069360964 -0.101901464 0.026797080
v -0.025144501 -0.085465466 0.087908009
v 0.108379300 -0.091028958 0.065654042
v 0.086125333 -0.107719433 0.032273092
v -0.030707993 -0.129973400 0.087908009
v 0.041617399 -0.141100384 0.043400075
v 0.091688825 -0.113282925 0.082344517
v -0.064088943 -0.118846417 0.037836583
v -0.064088943 -0.113282925 0.032273092
v 0.104758785 -0.083229186 0.086651307
v 0.102815808 -0.091028958 0.048963567
v 0.091688825 -0.113282925 0.048963567
v -0.019581010 -0.141100384 0.060090550
v 0.036053907 -0.141100384 0.054527059
v 0.069434858 -0.124409908 0.087908009
v -0.058525452 -0.124409908 0.065654042
v -0.058525452 -0.118846417 0.032273092
v 0.104909703 -0.082647814 0.067861999
v 0.097252316 -0.107719433 0.087908009
v -0.047398468 -0.124409908 0.087908009
v -0.064088943 -0.118846417 0.071217534
v -0.058525452 -0.124409908 0.043400075
v -0.025144501 -0.141100384 0.054527059
v -0.030707993 -0.141100384 0.037836583
f 920 917 916
f 922 916 917
f 925 918 921
f 928 927 923
f 928 918 927
f 929 924 921
f 929 921 918
f 929 918 928
f 930 924 919
f 930 919 920
f 930 920 916
f 931 916 922
f 932 918 925
f 932 927 918
f 933 926 920
f 933 923 926
f 934 923 927
f 935 922 917
f 935 934 927
f 937 919 924
f 937 924 929
f 937 936 920
f 937 920 919
f 938 930 916
f 939 931 922
f 939 925 931
f 939 932 925
f 939 922 932
f 940 932 922
f 940 927 932
f 940 935 927
f 940 922 935
f 941 928 923
f 941 923 933
f 942 934 926
f 942 926 923
f 942 923 934
f 943 926 934
f 943 934 935
f 943 920 926
f 945 937 929
f 945 929 928
f 945 928 936
f 945 936 937
f 946 925 921
f 946 921 924
f 946 924 930
f 946 930 938
f 946 931 925
f 946 938 916
f 946 916 931
f 947 943 935
f 947 935 917
f 947 917 920
f 947 920 943
f 948 933 920
f 949 920 936
f 949 936 944
f 949 948 920
f 949 944 948
f 950 944 936
f 950 936 928
f 950 928 944
f 951 928 941
f 951 948 944
f 951 941 933
f 951 933 948
f 952 951 944
f 952 944 928
f 952 928 951
o /home/catherine/patient252/proximal102026
usemtl Material026
v 0.041617399 0.142637694 0.583058772
v 0.102815808 -0.018703566 0.577495280
v 0.097873219 0.062939760 0.466258238
v -0.080779419 0.137074202 0.466225446
v -0.075215927 -0.052084516 0.583058772
v 0.008236449 0.159328169 0.466225446
v 0.102815808 0.053621826 0.571931788
v 0.091688825 -0.035394041 0.583058772
v -0.080779419 0.131510710 0.583058772
v -0.075215927 -0.063211500 0.466225446
v 0.069434858 0.120383727 0.466225446
v 0.102815808 -0.029830549 0.466225446
v 0.102815808 0.042494843 0.583058772
v -0.019581010 0.159328169 0.577495280
v 0.036053907 -0.079901975 0.577495280
v 0.033733124 0.143197813 0.465602064
v -0.080779419 -0.057648008 0.466225446
v 0.102815808 0.064748810 0.510733379
v 0.091688825 -0.052084516 0.471788937
v 0.069434858 0.114820235 0.583058772
v 0.102815808 -0.002013091 0.583058772
v -0.019581010 0.159328169 0.482915921
v -0.058525452 0.148201186 0.577495280
v -0.014017518 0.159328169 0.583058772
v 0.024926924 -0.079901975 0.583058772
v -0.058525452 0.148201186 0.466225446
v 0.052744383 0.137074202 0.466225446
v 0.052744383 -0.079901975 0.466225446
v -0.080779419 -0.057648008 0.532987346
v 0.102815808 -0.029830549 0.499606396
v 0.091688825 -0.040957533 0.571931788
v 0.091688825 0.075875793 0.577495280
v 0.086125333 0.098129760 0.527423854
v 0.097252316 -0.024267058 0.583058772
v -0.080779419 0.137074202 0.571931788
v 0.008236449 0.159328169 0.577495280
v -0.047398468 0.148201186 0.583058772
v 0.069434858 -0.057648008 0.583058772
v -0.014017518 0.159328169 0.466225446
v 0.058307874 0.131510710 0.571931788
v 0.091688825 -0.052084516 0.466225446
v -0.030707993 -0.079901975 0.466225446
v -0.080779419 -0.052084516 0.577495280
v 0.097252316 -0.029830549 0.577495280
v 0.086125333 0.081439285 0.583058772
v 0.074998349 0.109256744 0.577495280
v 0.091688825 0.087002777 0.527423854
v 0.002672957 0.159328169 0.583058772
v 0.036053907 0.148201186 0.577495280
v 0.086125333 -0.046521024 0.577495280
v 0.052744383 -0.079901975 0.516296871
v 0.069434858 0.120383727 0.527423854
v 0.080561841 -0.063211500 0.494042904
v -0.075215927 -0.063211500 0.521860363
v -0.008454026 -0.079901975 0.583058772
v 0.052744383 0.137074202 0.477352429
v 0.069434858 -0.063211500 0.571931788
v 0.080561841 -0.063211500 0.466225446
v 0.086125333 -0.057648008 0.494042904
v -0.064088943 -0.063211500 0.577495280
v -0.030707993 -0.079901975 0.510733379
v 0.074998349 -0.057648008 0.577495280
v -0.058525452 -0.063211500 0.583058772
v -0.014017518 -0.079901975 0.577495280
f 960 953 957
f 961 957 953
f 964 959 954
f 965 953 960
f 965 954 959
f 968 963 955
f 968 955 964
f 969 961 956
f 969 968 962
f 969 956 968
f 970 955 963
f 970 964 955
f 970 959 964
f 972 953 965
f 973 965 960
f 973 954 965
f 974 966 958
f 975 966 974
f 976 961 953
f 976 958 966
f 976 966 975
f 977 960 957
f 978 968 956
f 978 975 974
f 978 956 975
f 979 968 958
f 979 963 968
f 980 967 977
f 981 969 962
f 981 961 969
f 982 971 964
f 982 964 954
f 983 971 982
f 984 965 959
f 985 970 963
f 986 973 960
f 986 954 973
f 987 975 956
f 987 956 961
f 987 961 975
f 988 958 976
f 989 976 975
f 989 975 961
f 989 961 976
f 990 977 967
f 990 960 977
f 991 958 968
f 991 968 978
f 991 978 974
f 991 974 958
f 992 963 979
f 992 953 972
f 993 964 971
f 993 968 964
f 994 980 977
f 994 962 968
f 994 968 980
f 995 957 961
f 995 961 981
f 996 960 983
f 996 986 960
f 996 954 986
f 996 983 982
f 996 982 954
f 997 984 972
f 997 972 965
f 997 965 984
f 998 972 984
f 998 984 985
f 998 992 972
f 999 985 984
f 999 984 959
f 999 959 970
f 999 970 985
f 1000 988 976
f 1000 976 953
f 1001 979 958
f 1001 958 988
f 1001 953 992
f 1001 1000 953
f 1001 988 1000
f 1002 983 960
f 1002 960 990
f 1003 967 980
f 1004 985 963
f 1004 963 992
f 1004 998 985
f 1004 992 998
f 1005 1003 980
f 1006 981 962
f 1006 962 994
f 1006 995 981
f 1007 977 957
f 1007 994 977
f 1008 1001 992
f 1008 992 979
f 1008 979 1001
f 1009 967 1003
f 1009 1003 1005
f 1010 1005 980
f 1010 980 968
f 1010 968 993
f 1011 971 983
f 1011 983 1002
f 1011 993 971
f 1011 1010 993
f 1011 1005 1010
f 1012 995 1006
f 1013 1006 994
f 1013 994 1007
f 1013 1012 1006
f 1014 990 967
f 1014 967 1009
f 1014 1002 990
f 1014 1009 1005
f 1014 1011 1002
f 1014 1005 1011
f 1015 1012 1007
f 1015 1007 957
f 1015 957 995
f 1015 995 1012
f 1016 1013 1007
f 1016 1007 1012
f 1016 1012 1013
o /home/catherine/patient252/proximal102027
usemtl Material027
v -0.014017518 -0.068774991 -0.262591969
v -0.014017518 -0.124409908 -0.262591969
v -0.014017518 -0.068774991 -0.334917362
v -0.030707993 -0.068774991 -0.334917362
v -0.130850844 -0.118846417 -0.262591969
v -0.030707993 -0.124409908 -0.312663395
v -0.029967429 -0.060028043 -0.331743507
v -0.012778140 -0.111632668 -0.313227877
v -0.025144501 -0.113282925 -0.318226886
v -0.130850844 -0.102155942 -0.295972920
v -0.075215927 -0.124409908 -0.262591969
v -0.013826224 -0.061597069 -0.332810705
v -0.013342374 -0.123599559 -0.308963652
v -0.125287352 -0.118846417 -0.290409428
v -0.058525452 -0.124409908 -0.307099903
v -0.125287352 -0.074338483 -0.307099903
v -0.014017518 -0.063211500 -0.312663395
v -0.130909346 -0.118914358 -0.283246827
v -0.075215927 -0.068774991 -0.323790378
v -0.130850844 -0.068774991 -0.262591969
v -0.130850844 -0.113282925 -0.290409428
v -0.075215927 -0.124409908 -0.301536411
v -0.074752035 -0.060631270 -0.321897190
v -0.130079357 -0.067305436 -0.299742565
v -0.130850844 -0.079901975 -0.301536411
v -0.123998022 -0.065686355 -0.303784511
f 1021 1018 1017
f 1024 1017 1018
f 1025 1020 1019
f 1027 1022 1018
f 1027 1018 1021
f 1028 1019 1020
f 1028 1020 1023
f 1028 1024 1019
f 1028 1017 1024
f 1029 1024 1018
f 1029 1018 1022
f 1029 1022 1025
f 1029 1025 1019
f 1029 1019 1024
f 1031 1030 1026
f 1031 1022 1027
f 1031 1025 1022
f 1031 1020 1025
f 1033 1028 1023
f 1033 1023 1017
f 1033 1017 1028
f 1034 1027 1021
f 1035 1031 1026
f 1035 1020 1031
f 1035 1026 1032
f 1036 1021 1017
f 1036 1034 1021
f 1037 1034 1026
f 1037 1026 1030
f 1037 1030 1034
f 1038 1031 1027
f 1038 1027 1034
f 1038 1034 1030
f 1038 1030 1031
f 1039 1035 1032
f 1039 1023 1020
f 1039 1020 1035
f 1039 1036 1017
f 1039 1017 1023
f 1041 1026 1034
f 1041 1034 1036
f 1041 1036 1040
f 1041 1040 1032
f 1041 1032 1026
f 1042 1039 1032
f 1042 1032 1040
f 1042 1040 1036
f 1042 1036 1039
o /home/catherine/patient252/proximal102028
usemtl Material028
v 0.084827062 -0.085202346 0.032371944
v 0.086125333 -0.102155942 0.032273092
v 0.086125333 -0.091028958 -0.034488809
v -0.025144501 -0.085465466 -0.034488809
v -0.023399306 -0.136538420 0.032075893
v 0.085008651 -0.084274039 -0.034465222
v 0.041617399 -0.141100384 0.032273092
v -0.025144501 -0.085465466 0.032273092
v 0.039812064 -0.152977407 -0.035563785
v 0.052744383 -0.135536892 0.032273092
v -0.025144501 -0.152227367 -0.034488809
v 0.058307874 -0.146663875 -0.034488809
v -0.025144501 -0.152227367 -0.028925317
v 0.086125333 -0.102155942 0.026709600
v 0.052744383 -0.152227367 -0.023361825
v -0.002890535 -0.157790859 -0.017798334
v 0.058307874 -0.146663875 -0.028925317
v 0.052744383 -0.152227367 -0.034488809
v -0.014017518 -0.157790859 -0.023361825
v 0.041617399 -0.157790859 -0.023361825
v -0.014017518 -0.157790859 -0.034488809
v 0.030490416 -0.157790859 -0.017798334
f 1043 1044 1045
f 1048 1043 1045
f 1050 1048 1046
f 1050 1043 1048
f 1050 1049 1043
f 1050 1047 1049
f 1051 1048 1045
f 1051 1046 1048
f 1052 1044 1043
f 1052 1043 1049
f 1053 1050 1046
f 1053 1046 1051
f 1054 1051 1045
f 1055 1047 1050
f 1055 1050 1053
f 1056 1054 1045
f 1056 1045 1044
f 1056 1044 1054
f 1057 1044 1052
f 1057 1052 1049
f 1058 1049 1047
f 1059 1057 1054
f 1059 1054 1044
f 1059 1044 1057
f 1060 1051 1054
f 1060 1054 1057
f 1061 1058 1047
f 1061 1047 1055
f 1061 1055 1053
f 1062 1057 1049
f 1062 1060 1057
f 1062 1051 1060
f 1062 1058 1061
f 1063 1061 1053
f 1063 1053 1051
f 1063 1062 1061
f 1063 1051 1062
f 1064 1062 1049
f 1064 1049 1058
f 1064 1058 1062
o /home/catherine/patient252/proximal102029
usemtl Material029
v -0.041604685 0.146107037 0.466223920
v -0.014017518 0.036931351 0.466225446
v -0.014066006 0.146266856 0.338259610
v -0.080779419 0.125947219 0.338265136
v -0.080779419 0.036931351 0.466225446
v -0.014017518 0.036931351 0.338265136
v -0.041834977 0.148201186 0.338265136
v -0.013968399 0.145867095 0.438440326
v -0.080779419 0.137074202 0.466225446
v -0.080779419 0.036931351 0.338265136
v -0.014017518 0.098129760 0.466225446
v -0.058525452 0.148201186 0.466225446
v -0.075215927 0.131510710 0.338265136
v -0.080779419 0.137074202 0.449534970
v -0.058525452 0.148201186 0.421717512
f 1070 1066 1069
f 1072 1067 1071
f 1072 1070 1067
f 1072 1066 1070
f 1073 1068 1069
f 1073 1069 1066
f 1074 1070 1069
f 1074 1069 1068
f 1074 1068 1067
f 1074 1067 1070
f 1075 1072 1065
f 1075 1066 1072
f 1075 1073 1066
f 1076 1072 1071
f 1076 1065 1072
f 1076 1075 1065
f 1076 1073 1075
f 1077 1071 1067
f 1077 1067 1068
f 1078 1077 1068
f 1078 1068 1073
f 1078 1073 1076
f 1079 1078 1076
f 1079 1076 1071
f 1079 1071 1077
f 1079 1077 1078
o /home/catherine/patient252/proximal102030
usemtl Material030
v 0.036053907 0.075875793 -0.162449118
v 0.036053907 -0.024267058 -0.162449118
v 0.036053907 -0.024267058 -0.279282444
v -0.169795286 0.064748810 -0.279282444
v -0.158668303 0.014677384 -0.162449118
v 0.036053907 0.075875793 -0.279282444
v -0.154113019 -0.024249401 -0.162376157
v -0.130850844 0.075875793 -0.162449118
v -0.182268086 -0.024641787 -0.280141217
v -0.153104811 0.031367860 -0.162449118
v -0.158668303 0.075875793 -0.262591969
v -0.155100605 0.073912402 -0.279950585
v -0.186485761 -0.024267058 -0.273718953
v -0.169795286 0.064748810 -0.273718953
v -0.186485761 -0.013140074 -0.279282444
v -0.158668303 0.020240876 -0.168012610
v -0.175358778 0.042494843 -0.279282444
v -0.186485761 -0.013140074 -0.273718953
v -0.175358778 0.042494843 -0.273718953
f 1080 1081 1082
f 1085 1080 1082
f 1086 1081 1080
f 1087 1080 1085
f 1087 1086 1080
f 1088 1085 1082
f 1088 1082 1081
f 1088 1081 1086
f 1089 1084 1086
f 1089 1086 1087
f 1090 1087 1085
f 1091 1088 1083
f 1091 1085 1088
f 1091 1090 1085
f 1091 1083 1090
f 1092 1088 1086
f 1092 1086 1084
f 1093 1089 1087
f 1093 1090 1083
f 1093 1087 1090
f 1094 1088 1092
f 1095 1084 1089
f 1095 1089 1093
f 1096 1083 1088
f 1096 1088 1094
f 1096 1093 1083
f 1097 1094 1092
f 1097 1092 1084
f 1097 1084 1095
f 1097 1096 1094
f 1098 1097 1095
f 1098 1095 1093
f 1098 1093 1096
f 1098 1096 1097
o /home/catherine/patient252/proximal102031
usemtl Material031
v 0.063871366 -0.085465466 0.215868318
v 0.063871366 -0.107719433 0.210304827
v 0.069434858 -0.085465466 0.087908009
v -0.064088943 -0.085465466 0.087908009
v -0.065906575 -0.088261358 0.216829858
v -0.025144501 -0.129973400 0.087908009
v 0.069434858 -0.113282925 0.149106418
v 0.047180891 -0.113282925 0.215868318
v -0.039564161 -0.119914053 0.086515932
v 0.069434858 -0.085465466 0.154669909
v 0.052744383 -0.129973400 0.087908009
v 0.058307874 -0.107719433 0.215868318
v -0.014017518 -0.113282925 0.215868318
v -0.064088943 -0.113282925 0.126852451
v 0.069434858 -0.118846417 0.104598484
v 0.061318705 -0.120097090 0.087024269
v 0.008236449 -0.129973400 0.160233401
v 0.052744383 -0.129973400 0.099034992
v -0.063776294 -0.108815811 0.087634153
v -0.064088943 -0.096592450 0.215868318
v 0.067147363 -0.116054308 0.087201192
v -0.019581010 -0.129973400 0.121288959
v 0.063871366 -0.124409908 0.099034992
v 0.052744383 -0.113282925 0.210304827
v -0.041834977 -0.124409908 0.099034992
v -0.019581010 -0.113282925 0.210304827
v -0.058525452 -0.113282925 0.137979434
v 0.058307874 -0.113282925 0.193614351
v 0.024926924 -0.129973400 0.160233401
v -0.025144501 -0.129973400 0.104598484
v 0.002672957 -0.129973400 0.154669909
v 0.052744383 -0.124409908 0.137979434
v 0.036053907 -0.129973400 0.143542926
v 0.030490416 -0.129973400 0.154669909
f 1099 1101 1102
f 1103 1099 1102
f 1105 1099 1100
f 1107 1102 1101
f 1108 1105 1101
f 1108 1101 1099
f 1108 1099 1105
f 1109 1104 1107
f 1110 1106 1100
f 1110 1100 1099
f 1110 1099 1103
f 1110 1103 1106
f 1111 1106 1103
f 1113 1101 1105
f 1114 1109 1107
f 1114 1107 1101
f 1115 1104 1109
f 1115 1106 1111
f 1116 1115 1109
f 1117 1107 1104
f 1117 1102 1107
f 1117 1112 1103
f 1117 1103 1102
f 1118 1111 1103
f 1118 1103 1112
f 1119 1109 1114
f 1119 1114 1101
f 1119 1101 1113
f 1120 1104 1115
f 1121 1105 1100
f 1121 1113 1105
f 1121 1116 1109
f 1121 1119 1113
f 1121 1109 1119
f 1122 1100 1106
f 1123 1117 1104
f 1123 1112 1117
f 1124 1115 1111
f 1124 1111 1118
f 1125 1118 1112
f 1125 1112 1120
f 1125 1124 1118
f 1125 1120 1124
f 1126 1121 1100
f 1126 1100 1122
f 1127 1122 1106
f 1127 1106 1115
f 1127 1115 1116
f 1128 1120 1112
f 1128 1112 1123
f 1128 1123 1104
f 1128 1104 1120
f 1129 1124 1120
f 1129 1120 1115
f 1129 1115 1124
f 1130 1116 1121
f 1130 1121 1126
f 1130 1126 1122
f 1131 1127 1116
f 1131 1116 1130
f 1131 1130 1122
f 1132 1131 1122
f 1132 1122 1127
f 1132 1127 1131
o /home/catherine/patient252/proximal102032
usemtl Material032
v 0.112802874 -0.051478237 0.215730283
v 0.113942791 -0.063211500 0.215868318
v 0.125069775 -0.057648008 0.087908009
v 0.069434858 -0.052084516 0.087908009
v 0.062040973 -0.097636450 0.214575941
v 0.122582114 -0.048826373 0.092749997
v 0.119506283 -0.057648008 0.176923876
v 0.063871366 -0.052084516 0.215868318
v 0.097252316 -0.107719433 0.093471501
v 0.123366566 -0.050059072 0.087062342
v 0.069434858 -0.102155942 0.215868318
v 0.063871366 -0.052084516 0.154669909
v 0.114350913 -0.050574243 0.176727221
v 0.119506283 -0.074338483 0.104598484
v 0.067147363 -0.116054308 0.087201192
v 0.125069775 -0.057648008 0.093471501
v 0.086125333 -0.096592450 0.199177843
v 0.061627081 -0.103244109 0.198356418
v 0.119506283 -0.068774991 0.149106418
v 0.119506283 -0.074338483 0.087908009
v 0.066382275 -0.115270846 0.092109591
v 0.074998349 -0.118846417 0.093471501
v 0.102815808 -0.091028958 0.160233401
v 0.074998349 -0.102155942 0.210304827
v 0.113942791 -0.079901975 0.143542926
v 0.102815808 -0.102155942 0.087908009
v 0.063455462 -0.106856998 0.154517813
v 0.069434858 -0.107719433 0.199177843
v 0.097252316 -0.096592450 0.154669909
v 0.086125333 -0.107719433 0.137979434
v 0.108379300 -0.085465466 0.154669909
v 0.074998349 -0.118846417 0.087908009
v 0.102815808 -0.102155942 0.093471501
v 0.086125333 -0.113282925 0.099034992
v 0.097252316 -0.107719433 0.087908009
v 0.074998349 -0.113282925 0.137979434
f 1139 1133 1134
f 1139 1138 1133
f 1140 1134 1133
f 1142 1136 1138
f 1142 1138 1139
f 1143 1140 1137
f 1143 1134 1140
f 1144 1140 1138
f 1144 1138 1136
f 1145 1140 1133
f 1145 1133 1138
f 1145 1138 1140
f 1147 1136 1142
f 1148 1142 1139
f 1148 1135 1142
f 1148 1146 1135
f 1150 1137 1140
f 1150 1140 1144
f 1150 1143 1137
f 1151 1139 1134
f 1151 1148 1139
f 1151 1146 1148
f 1152 1135 1146
f 1152 1142 1135
f 1153 1144 1136
f 1153 1136 1147
f 1155 1134 1149
f 1156 1149 1134
f 1156 1134 1143
f 1157 1146 1151
f 1157 1151 1134
f 1158 1152 1146
f 1158 1147 1142
f 1158 1142 1152
f 1159 1153 1150
f 1159 1150 1144
f 1159 1144 1153
f 1160 1143 1150
f 1160 1150 1153
f 1160 1153 1147
f 1160 1147 1154
f 1160 1156 1143
f 1161 1155 1149
f 1161 1149 1141
f 1161 1141 1155
f 1162 1141 1149
f 1162 1149 1156
f 1162 1156 1160
f 1163 1157 1134
f 1163 1134 1155
f 1164 1154 1147
f 1165 1158 1146
f 1165 1146 1157
f 1165 1157 1163
f 1165 1163 1155
f 1165 1155 1141
f 1165 1141 1158
f 1166 1162 1160
f 1166 1141 1162
f 1166 1154 1164
f 1167 1164 1147
f 1167 1147 1158
f 1167 1158 1141
f 1167 1166 1164
f 1167 1141 1166
f 1168 1166 1160
f 1168 1160 1154
f 1168 1154 1166
o /home/catherine/patient252/proximal102033
usemtl Material033
v 0.113942791 0.059185318 0.087908009
v 0.136196758 -0.046521024 0.087908009
v 0.141760250 0.014677384 -0.034488809
v -0.064088943 0.064748810 -0.034488809
v -0.064088943 -0.085465466 0.087908009
v 0.115094428 0.061633727 -0.034870389
v 0.136196758 0.014677384 0.087908009
v -0.064088943 0.064748810 0.087908009
v 0.125069775 -0.079901975 -0.034488809
v 0.119506283 0.064748810 0.054527059
v 0.141760250 0.009113893 -0.023361825
v 0.113942791 -0.085465466 0.082344517
v -0.064088943 -0.085465466 -0.034488809
v 0.136196758 -0.068774991 -0.034488809
v 0.136196758 0.036931351 -0.034488809
v 0.119506283 0.053621826 0.082344517
v 0.100776088 0.064491620 0.087680909
v 0.141760250 0.014677384 -0.028925317
v 0.119506283 -0.074338483 0.087908009
v 0.091688825 -0.085465466 -0.034488809
v 0.141760250 -0.029830549 -0.034488809
v 0.130633267 -0.074338483 0.021146108
v 0.136196758 0.031367860 0.037836583
v 0.119506283 0.059185318 0.071217534
v 0.113942791 0.064748810 0.076781025
v 0.130633267 -0.063211500 0.071217534
v 0.104758785 -0.083229186 0.086651307
v 0.113942791 -0.085465466 0.065654042
v 0.141760250 -0.029830549 -0.028925317
v 0.125069775 -0.079901975 -0.001107859
v 0.136196758 -0.068774991 0.010019125
v 0.136196758 0.036931351 -0.028925317
v 0.136196758 0.020240876 0.076781025
v 0.141760250 -0.007576582 -0.023361825
v 0.136196758 -0.057648008 0.054527059
f 1173 1170 1169
f 1175 1169 1170
f 1176 1173 1169
f 1176 1172 1173
f 1178 1174 1172
f 1178 1172 1176
f 1179 1175 1170
f 1181 1173 1172
f 1181 1172 1174
f 1181 1180 1173
f 1182 1177 1174
f 1183 1171 1174
f 1183 1174 1178
f 1184 1169 1175
f 1185 1176 1169
f 1186 1179 1171
f 1186 1175 1179
f 1186 1171 1183
f 1187 1170 1173
f 1188 1180 1181
f 1188 1181 1174
f 1188 1174 1177
f 1189 1182 1174
f 1189 1174 1171
f 1189 1171 1179
f 1193 1178 1176
f 1193 1176 1185
f 1193 1185 1169
f 1193 1192 1178
f 1193 1169 1184
f 1193 1184 1192
f 1194 1187 1180
f 1194 1170 1187
f 1195 1187 1173
f 1195 1173 1180
f 1195 1180 1187
f 1196 1188 1177
f 1196 1177 1180
f 1196 1180 1188
f 1197 1189 1179
f 1197 1182 1189
f 1198 1190 1180
f 1198 1180 1177
f 1198 1177 1182
f 1199 1194 1180
f 1199 1180 1190
f 1199 1182 1197
f 1199 1198 1182
f 1199 1190 1198
f 1200 1183 1178
f 1200 1178 1191
f 1200 1191 1186
f 1200 1186 1183
f 1201 1175 1186
f 1201 1186 1191
f 1201 1191 1178
f 1201 1178 1192
f 1201 1192 1184
f 1201 1184 1175
f 1202 1197 1179
f 1202 1179 1170
f 1202 1170 1197
f 1203 1170 1194
f 1203 1194 1199
f 1203 1199 1197
f 1203 1197 1170
o /home/catherine/patient252/proximal102034
usemtl Material034
v 0.069434858 0.120383727 0.377209578
v 0.085629347 0.086859993 0.338266914
v 0.090938931 0.086197959 0.087906998
v 0.052222451 0.125348758 0.087908630
v 0.052744383 0.087002777 0.338265136
v 0.058307874 0.131510710 0.249249269
v 0.091688825 0.092566268 0.310447677
v 0.066818504 0.112749208 0.377205736
v 0.086537922 0.085536907 0.310074755
v 0.052744383 0.087002777 0.087908009
v 0.054739024 0.122906427 0.087912810
v 0.051420148 0.129679415 0.377483683
v 0.074998349 0.114820235 0.254812760
v 0.058307874 0.131510710 0.377209578
v 0.052744383 0.114820235 0.377209578
v 0.050011375 0.128183131 0.249379694
v 0.074998349 0.114820235 0.321574661
f 1210 1204 1205
f 1211 1208 1205
f 1211 1205 1204
f 1212 1205 1208
f 1212 1210 1205
f 1212 1206 1210
f 1213 1207 1206
f 1213 1212 1208
f 1213 1206 1212
f 1214 1209 1206
f 1214 1206 1207
f 1214 1207 1209
f 1215 1211 1204
f 1216 1209 1204
f 1216 1210 1206
f 1216 1206 1209
f 1217 1215 1204
f 1217 1204 1209
f 1217 1209 1215
f 1218 1215 1208
f 1218 1208 1211
f 1218 1211 1215
f 1219 1215 1209
f 1219 1209 1207
f 1219 1207 1213
f 1219 1213 1208
f 1219 1208 1215
f 1220 1216 1204
f 1220 1204 1210
f 1220 1210 1216
o /home/catherine/patient252/proximal102035
usemtl Material035
v -0.075215927 -0.118846417 -0.262591969
v -0.073235110 -0.210036001 -0.269885110
v -0.075215927 -0.196735301 -0.307099903
v -0.164231794 -0.129973400 -0.295972920
v -0.169795286 -0.129973400 -0.262591969
v -0.097469894 -0.207862284 -0.301536411
v -0.075157692 -0.118792381 -0.295739170
v -0.086342910 -0.207862284 -0.262591969
v -0.075215927 -0.218989268 -0.295972920
v -0.097469894 -0.202298792 -0.307099903
v -0.141977827 -0.168917842 -0.290409428
v -0.097469894 -0.191171809 -0.307099903
v -0.166794936 -0.117035695 -0.288502796
v -0.073616797 -0.205934260 -0.264138025
v -0.075215927 -0.207862284 -0.307099903
v -0.091906402 -0.213425776 -0.279282444
v -0.075215927 -0.218989268 -0.279282444
v -0.091906402 -0.207862284 -0.307099903
v -0.164231794 -0.141100384 -0.284845936
v -0.108596877 -0.196735301 -0.301536411
v -0.080779419 -0.191171809 -0.307099903
v -0.167952658 -0.118222557 -0.262900486
v -0.162598530 -0.116648916 -0.292932174
v -0.169795286 -0.129973400 -0.290409428
v -0.080779419 -0.218989268 -0.295972920
v -0.125287352 -0.185608317 -0.290409428
v -0.125287352 -0.185608317 -0.262591969
v -0.080779419 -0.218989268 -0.279282444
v -0.080779419 -0.213425776 -0.268155461
v -0.136414336 -0.168917842 -0.295972920
v -0.091906402 -0.213425776 -0.295972920
v -0.108596877 -0.196735301 -0.262591969
v -0.153104811 -0.157790859 -0.262591969
v -0.153104811 -0.157790859 -0.279282444
v -0.164231794 -0.141100384 -0.262591969
f 1227 1221 1222
f 1227 1222 1223
f 1228 1221 1225
f 1232 1224 1227
f 1232 1230 1224
f 1232 1223 1230
f 1234 1222 1221
f 1234 1221 1228
f 1235 1223 1222
f 1235 1222 1229
f 1235 1230 1223
f 1237 1229 1222
f 1237 1222 1234
f 1238 1226 1230
f 1238 1235 1229
f 1238 1230 1235
f 1240 1230 1226
f 1240 1226 1231
f 1241 1232 1227
f 1241 1227 1223
f 1241 1223 1232
f 1242 1225 1221
f 1243 1221 1227
f 1243 1227 1224
f 1243 1242 1221
f 1243 1233 1242
f 1244 1242 1233
f 1244 1225 1242
f 1244 1239 1225
f 1244 1224 1231
f 1244 1231 1239
f 1244 1243 1224
f 1244 1233 1243
f 1245 1229 1237
f 1245 1238 1229
f 1246 1231 1226
f 1247 1228 1225
f 1247 1246 1236
f 1247 1231 1246
f 1248 1245 1237
f 1248 1236 1245
f 1249 1237 1234
f 1249 1234 1228
f 1249 1248 1237
f 1249 1228 1236
f 1249 1236 1248
f 1250 1240 1231
f 1250 1231 1224
f 1250 1224 1230
f 1250 1230 1240
f 1251 1245 1236
f 1251 1226 1238
f 1251 1238 1245
f 1251 1246 1226
f 1251 1236 1246
f 1252 1247 1236
f 1252 1236 1228
f 1252 1228 1247
f 1253 1231 1247
f 1253 1247 1225
f 1254 1253 1239
f 1254 1239 1231
f 1254 1231 1253
f 1255 1253 1225
f 1255 1225 1239
f 1255 1239 1253
o /home/catherine/patient252/proximal102036
usemtl Material036
v 0.041617399 0.137074202 0.087908009
v 0.091688825 0.064748810 0.087908009
v 0.087887399 0.089103495 -0.034485929
v -0.080779419 0.114820235 -0.034488809
v -0.097469894 0.064748810 0.087908009
v 0.024926924 0.137074202 -0.034488809
v 0.087955283 0.089106439 0.087915058
v -0.047398468 0.131510710 0.087908009
v -0.097469894 0.064748810 -0.034488809
v 0.052744383 0.131510710 0.015582617
v 0.091688825 0.064748810 -0.034488809
v -0.097469894 0.098129760 0.087908009
v -0.036271485 0.137074202 -0.034488809
v -0.109328999 0.063669427 0.003024832
v 0.041617399 0.137074202 0.026709600
v 0.066451521 0.110375002 -0.034511153
v 0.082786965 0.095143169 0.087908009
v -0.091906402 0.103693252 0.087908009
v -0.052961960 0.131510710 -0.034488809
v -0.030707993 0.137074202 0.087908009
v -0.114160369 0.075875793 0.065654042
v -0.097469894 0.098129760 -0.034488809
v -0.080779419 0.114820235 -0.028925317
v -0.036271485 0.137074202 -0.017798334
v -0.114054169 0.064698216 0.065702632
v -0.114160369 0.070312302 0.004455633
v -0.108596877 0.087002777 0.060090550
v -0.052961960 0.131510710 -0.028925317
v -0.108596877 0.087002777 0.065654042
v -0.114160369 0.075875793 0.054527059
f 1262 1260 1257
f 1265 1262 1258
f 1266 1262 1257
f 1266 1258 1262
f 1267 1260 1262
f 1268 1256 1261
f 1269 1257 1260
f 1269 1266 1257
f 1269 1264 1266
f 1270 1265 1261
f 1270 1261 1256
f 1270 1256 1265
f 1271 1265 1258
f 1271 1261 1265
f 1271 1258 1266
f 1271 1266 1264
f 1271 1268 1261
f 1272 1265 1256
f 1272 1256 1262
f 1272 1262 1265
f 1273 1267 1262
f 1273 1262 1263
f 1274 1271 1259
f 1274 1268 1271
f 1275 1256 1268
f 1275 1263 1262
f 1275 1262 1256
f 1276 1260 1267
f 1277 1271 1264
f 1277 1259 1271
f 1277 1273 1259
f 1277 1267 1273
f 1278 1273 1263
f 1278 1259 1273
f 1278 1274 1259
f 1279 1268 1274
f 1279 1275 1268
f 1279 1263 1275
f 1280 1269 1260
f 1280 1260 1276
f 1281 1277 1264
f 1281 1264 1269
f 1281 1280 1276
f 1281 1269 1280
f 1282 1267 1277
f 1283 1278 1263
f 1283 1274 1278
f 1283 1279 1274
f 1283 1263 1279
f 1284 1282 1276
f 1284 1276 1267
f 1284 1267 1282
f 1285 1281 1276
f 1285 1276 1282
f 1285 1282 1277
f 1285 1277 1281
o /home/catherine/patient252/proximal102037
usemtl Material037
v 0.117203385 0.014465722 0.338267687
v 0.119506283 -0.024267058 0.338265136
v 0.125069775 0.003550401 0.215868318
v 0.002672957 0.014677384 0.215868318
v 0.002672957 -0.046521024 0.338265136
v 0.116899185 0.014598080 0.215803169
v 0.125069775 0.003550401 0.221431810
v 0.002672957 0.014677384 0.338265136
v 0.115192526 -0.045225446 0.215584361
v 0.119506283 -0.046521024 0.238122285
v 0.002672957 -0.046521024 0.215868318
v 0.120105138 -0.017072844 0.214903680
v 0.125069775 -0.018703566 0.221431810
v 0.099325834 -0.045832942 0.338216779
v 0.119506283 -0.040957533 0.277066727
v 0.113942791 -0.046521024 0.293757202
f 1290 1287 1286
f 1291 1286 1288
f 1292 1286 1287
f 1292 1288 1286
f 1293 1290 1286
f 1293 1289 1290
f 1293 1291 1289
f 1293 1286 1291
f 1296 1290 1289
f 1296 1295 1290
f 1296 1294 1295
f 1297 1291 1288
f 1297 1288 1294
f 1297 1289 1291
f 1297 1296 1289
f 1297 1294 1296
f 1298 1292 1287
f 1298 1288 1292
f 1298 1295 1294
f 1298 1294 1288
f 1299 1287 1290
f 1300 1298 1287
f 1300 1295 1298
f 1301 1299 1290
f 1301 1290 1295
f 1301 1295 1300
f 1301 1300 1287
f 1301 1287 1299
o /home/catherine/patient252/proximal102038
usemtl Material038
v -0.064088943 0.014677384 0.215868318
v -0.062125027 -0.092025821 0.209571576
v -0.064088943 0.014677384 0.087908009
v -0.138003007 0.014586000 0.087908009
v -0.141977827 -0.035394041 0.215868318
v -0.075215927 -0.113282925 0.087908009
v -0.137991139 0.014699244 0.215855753
v -0.063471256 -0.090136196 0.215611519
v -0.063776294 -0.108815811 0.087634153
v -0.141977827 -0.040957533 0.087908009
v -0.075215927 -0.091028958 0.215868318
v -0.064088943 -0.113282925 0.110161976
v -0.119723861 -0.079901975 0.137979434
v -0.108596877 -0.091028958 0.087908009
v -0.069652435 -0.096592450 0.210304827
v -0.136414336 -0.052084516 0.099034992
v -0.125287352 -0.063211500 0.215868318
v -0.097469894 -0.102155942 0.087908009
v -0.075215927 -0.113282925 0.099034992
v -0.136414336 -0.046521024 0.215868318
v -0.141977827 -0.040957533 0.104598484
v -0.119723861 -0.079901975 0.121288959
v -0.136414336 -0.052084516 0.087908009
v -0.103033385 -0.079901975 0.215868318
v -0.069652435 -0.113282925 0.110161976
v -0.097469894 -0.102155942 0.110161976
v -0.086342910 -0.096592450 0.171360385
v -0.103033385 -0.096592450 0.121288959
v -0.075215927 -0.107719433 0.132415943
f 1302 1303 1304
f 1308 1302 1304
f 1308 1304 1305
f 1308 1306 1302
f 1308 1305 1306
f 1309 1303 1302
f 1310 1304 1303
f 1310 1305 1304
f 1311 1306 1305
f 1311 1305 1310
f 1312 1309 1302
f 1312 1302 1306
f 1313 1310 1303
f 1313 1307 1310
f 1316 1303 1309
f 1316 1309 1312
f 1316 1313 1303
f 1318 1312 1306
f 1319 1315 1310
f 1319 1310 1307
f 1320 1307 1313
f 1320 1319 1307
f 1321 1317 1314
f 1321 1318 1306
f 1321 1314 1318
f 1322 1306 1311
f 1322 1311 1317
f 1322 1321 1306
f 1322 1317 1321
f 1323 1314 1317
f 1323 1319 1314
f 1323 1315 1319
f 1324 1317 1311
f 1324 1323 1317
f 1324 1315 1323
f 1324 1311 1310
f 1324 1310 1315
f 1325 1316 1312
f 1325 1312 1318
f 1326 1320 1313
f 1326 1313 1316
f 1326 1316 1320
f 1327 1319 1320
f 1327 1314 1319
f 1328 1327 1320
f 1328 1316 1325
f 1328 1325 1327
f 1329 1327 1325
f 1329 1325 1318
f 1329 1318 1314
f 1329 1314 1327
f 1330 1328 1320
f 1330 1320 1316
f 1330 1316 1328
o /home/catherine/patient252/proximal102039
usemtl Material039
v 0.102815808 0.081439285 0.087908009
v 0.113942791 0.070312302 0.065654042
v 0.102815808 0.087002777 -0.095687218
v 0.091457864 0.086689829 -0.095700307
v 0.091688825 0.064748810 0.087908009
v 0.090938931 0.086197959 0.087906998
v 0.119506283 0.070312302 -0.078996743
v 0.100776088 0.064491620 0.087680909
v 0.102815808 0.087002777 -0.084560234
v 0.091688825 0.064748810 -0.095687218
v 0.115642475 0.062091828 -0.079109754
v 0.115908473 0.062781021 -0.095901448
v 0.110036290 0.062204645 0.064019455
v 0.119506283 0.070312302 -0.095687218
f 1336 1335 1331
f 1337 1331 1332
f 1338 1332 1331
f 1338 1331 1335
f 1339 1336 1331
f 1339 1333 1334
f 1339 1334 1336
f 1339 1337 1333
f 1339 1331 1337
f 1340 1336 1334
f 1340 1335 1336
f 1341 1337 1332
f 1342 1340 1334
f 1342 1334 1333
f 1342 1341 1340
f 1343 1341 1332
f 1343 1332 1338
f 1343 1338 1335
f 1343 1335 1340
f 1343 1340 1341
f 1344 1342 1333
f 1344 1333 1337
f 1344 1337 1341
f 1344 1341 1342
o /home/catherine/patient252/proximal102040
usemtl Material040
v 0.206119735 0.003442926 -0.274068472
v 0.258593576 -0.024267058 -0.351607837
v 0.258593576 0.003550401 -0.373861804
v 0.158450725 0.003550401 -0.396115770
v 0.167092588 -0.059047759 -0.273205283
v 0.247466593 -0.024267058 -0.373861804
v 0.202064321 0.006395924 -0.391707477
v 0.258593576 0.003550401 -0.351607837
v 0.202958659 -0.057648008 -0.273718953
v 0.130633267 0.003550401 -0.273718953
v 0.258593576 -0.018703566 -0.373861804
v 0.136196758 -0.040957533 -0.373861804
v 0.202958659 -0.002013091 -0.396115770
v 0.214085642 -0.024267058 -0.279282444
v 0.214085642 0.003550401 -0.279282444
v 0.208522151 -0.046521024 -0.273718953
v 0.225212626 -0.057648008 -0.334917362
v 0.130633267 0.003550401 -0.390552279
v 0.130633267 -0.046521024 -0.273718953
v 0.141760250 -0.024267058 -0.384988787
v 0.169577709 -0.035394041 -0.379425295
v 0.241903101 0.003550401 -0.384988787
v 0.236339609 -0.046521024 -0.318226886
v 0.258593576 -0.024267058 -0.368298312
v 0.197395167 -0.063211500 -0.279282444
v 0.164014217 -0.063211500 -0.323790378
v 0.130633267 -0.040957533 -0.368298312
v 0.158450725 -0.002013091 -0.396115770
v 0.130633267 -0.029830549 -0.379425295
v 0.141760250 -0.035394041 -0.379425295
v 0.186268184 -0.057648008 -0.351607837
v 0.253030084 0.003550401 -0.379425295
v 0.241903101 -0.002013091 -0.384988787
v 0.230776118 -0.035394041 -0.307099903
v 0.241903101 -0.040957533 -0.357171328
v 0.188871209 -0.059008796 -0.274020492
v 0.230776118 -0.052084516 -0.318226886
v 0.197395167 -0.063211500 -0.329353870
v 0.136196758 -0.046521024 -0.357171328
v 0.130633267 -0.002013091 -0.390552279
v 0.175141200 -0.046521024 -0.368298312
v 0.175141200 -0.063211500 -0.340480853
v 0.247466593 -0.013140074 -0.379425295
v 0.253030084 -0.007576582 -0.379425295
v 0.247466593 -0.029830549 -0.368298312
v 0.219649134 -0.052084516 -0.351607837
v 0.225212626 -0.057648008 -0.323790378
v 0.130633267 -0.046521024 -0.284845936
v 0.169577709 -0.057648008 -0.351607837
v 0.141760250 -0.046521024 -0.362734820
v 0.169577709 -0.063211500 -0.334917362
v 0.186268184 -0.063211500 -0.340480853
v 0.225212626 -0.046521024 -0.357171328
v 0.230776118 -0.052084516 -0.346044345
v 0.158450725 -0.046521024 -0.368298312
v 0.219649134 -0.057648008 -0.340480853
f 1352 1346 1347
f 1352 1347 1351
f 1354 1349 1345
f 1354 1345 1351
f 1355 1347 1346
f 1357 1348 1351
f 1357 1355 1350
f 1358 1346 1352
f 1359 1352 1351
f 1359 1351 1345
f 1359 1358 1352
f 1360 1345 1349
f 1360 1349 1353
f 1360 1359 1345
f 1360 1358 1359
f 1362 1354 1351
f 1362 1351 1348
f 1363 1349 1354
f 1363 1354 1362
f 1365 1357 1350
f 1366 1357 1351
f 1367 1360 1353
f 1368 1355 1346
f 1368 1346 1367
f 1368 1350 1355
f 1370 1349 1363
f 1370 1369 1349
f 1371 1363 1362
f 1372 1348 1357
f 1372 1357 1365
f 1372 1362 1348
f 1373 1371 1362
f 1373 1356 1371
f 1374 1372 1365
f 1374 1364 1372
f 1374 1373 1364
f 1374 1356 1373
f 1376 1366 1351
f 1376 1351 1347
f 1376 1347 1355
f 1377 1357 1366
f 1377 1366 1376
f 1378 1367 1346
f 1378 1346 1358
f 1378 1358 1360
f 1378 1360 1367
f 1379 1368 1367
f 1379 1367 1361
f 1380 1369 1353
f 1380 1353 1349
f 1380 1349 1369
f 1381 1367 1353
f 1381 1353 1369
f 1382 1361 1369
f 1382 1369 1370
f 1384 1372 1364
f 1384 1362 1372
f 1384 1373 1362
f 1384 1364 1373
f 1385 1365 1350
f 1385 1374 1365
f 1386 1382 1370
f 1387 1377 1355
f 1387 1355 1357
f 1387 1357 1377
f 1388 1377 1376
f 1388 1376 1355
f 1388 1355 1377
f 1389 1350 1368
f 1389 1368 1379
f 1390 1375 1385
f 1391 1381 1369
f 1391 1369 1361
f 1391 1361 1367
f 1391 1367 1381
f 1392 1383 1370
f 1392 1370 1363
f 1392 1363 1371
f 1392 1371 1383
f 1393 1385 1375
f 1393 1375 1386
f 1394 1386 1383
f 1394 1393 1386
f 1394 1356 1393
f 1394 1383 1371
f 1394 1371 1356
f 1395 1386 1370
f 1395 1370 1383
f 1395 1383 1386
f 1396 1386 1375
f 1396 1361 1382
f 1396 1382 1386
f 1396 1375 1390
f 1397 1385 1350
f 1397 1350 1389
f 1397 1390 1385
f 1397 1389 1379
f 1398 1379 1361
f 1398 1397 1379
f 1398 1390 1397
f 1399 1393 1356
f 1399 1385 1393
f 1399 1356 1374
f 1399 1374 1385
f 1400 1396 1390
f 1400 1390 1398
f 1400 1398 1361
f 1400 1361 1396
o /home/catherine/patient252/proximal102041
usemtl Material041
v 0.058307874 0.131510710 0.466225446
v 0.101047320 0.036967387 0.466229710
v 0.097849266 0.062910058 0.338290504
v 0.052744383 0.114820235 0.338265136
v 0.052744383 0.036931351 0.466225446
v 0.058307874 0.137074202 0.388336561
v 0.097873219 0.062939760 0.466258238
v 0.049823125 0.133479721 0.454346120
v 0.108178416 0.036695367 0.338264871
v 0.066781737 0.112752863 0.338266833
v 0.069434858 0.120383727 0.466225446
v 0.051431621 0.129907551 0.465957666
v 0.052744383 0.036931351 0.338265136
v 0.049838950 0.133436114 0.389250555
v 0.058307874 0.137074202 0.455098462
v 0.108379300 0.042494843 0.421717512
v 0.081759351 0.095294612 0.338281197
v 0.108379300 0.036931351 0.421717512
f 1407 1405 1402
f 1407 1401 1405
f 1409 1402 1405
f 1410 1404 1406
f 1410 1409 1404
f 1411 1401 1407
f 1412 1408 1405
f 1412 1405 1401
f 1413 1405 1408
f 1413 1409 1405
f 1413 1404 1409
f 1414 1408 1406
f 1414 1406 1404
f 1414 1413 1408
f 1414 1404 1413
f 1415 1406 1408
f 1415 1411 1406
f 1415 1401 1411
f 1415 1412 1401
f 1415 1408 1412
f 1416 1407 1402
f 1416 1409 1403
f 1416 1411 1407
f 1417 1410 1406
f 1417 1403 1409
f 1417 1409 1410
f 1417 1406 1411
f 1417 1416 1403
f 1417 1411 1416
f 1418 1416 1402
f 1418 1402 1409
f 1418 1409 1416
o /home/catherine/patient252/proximal102042
usemtl Material042
v 0.095238082 -0.044818209 0.376976908
v 0.102815808 -0.052084516 0.360519103
v 0.107277349 -0.045625824 0.282430099
v 0.058307874 -0.046521024 0.282630219
v 0.058307874 -0.085465466 0.371646086
v 0.098273485 -0.044187452 0.359878780
v 0.069434858 -0.079901975 0.377209578
v 0.058307874 -0.046521024 0.377209578
v 0.063871366 -0.096592450 0.282630219
v 0.108379300 -0.046521024 0.299320694
v 0.097252316 -0.052084516 0.377209578
v 0.056844500 -0.092687748 0.282307487
v 0.057759827 -0.078426089 0.376987752
v 0.063871366 -0.096592450 0.299320694
v 0.102815808 -0.063211500 0.282630219
v 0.091688825 -0.068774991 0.360519103
v 0.083072085 -0.075901911 0.281810890
v 0.063871366 -0.085465466 0.371646086
v 0.058307874 -0.096592450 0.299320694
v 0.108379300 -0.052084516 0.299320694
v 0.086125333 -0.079901975 0.304884186
v 0.102815808 -0.057648008 0.343828628
v 0.104657241 -0.048749088 0.282188775
v 0.074998349 -0.079901975 0.366082595
v 0.080561841 -0.079901975 0.349392119
v 0.102815808 -0.063211500 0.299320694
v 0.097252316 -0.063211500 0.354955611
f 1424 1421 1422
f 1424 1419 1420
f 1426 1424 1422
f 1426 1419 1424
f 1428 1424 1420
f 1428 1421 1424
f 1429 1420 1419
f 1429 1426 1425
f 1429 1419 1426
f 1430 1426 1422
f 1431 1423 1425
f 1431 1425 1426
f 1431 1430 1423
f 1431 1426 1430
f 1434 1429 1425
f 1434 1420 1429
f 1435 1430 1422
f 1435 1433 1427
f 1435 1427 1430
f 1436 1425 1423
f 1436 1423 1432
f 1437 1430 1427
f 1437 1427 1432
f 1437 1432 1423
f 1437 1423 1430
f 1438 1433 1421
f 1438 1421 1428
f 1438 1428 1420
f 1439 1432 1427
f 1439 1427 1433
f 1440 1438 1420
f 1441 1435 1422
f 1441 1422 1421
f 1441 1421 1433
f 1441 1433 1435
f 1442 1434 1425
f 1442 1425 1436
f 1443 1439 1434
f 1443 1432 1439
f 1443 1434 1442
f 1443 1442 1436
f 1443 1436 1432
f 1444 1439 1433
f 1444 1434 1439
f 1444 1433 1438
f 1444 1438 1440
f 1445 1440 1420
f 1445 1420 1434
f 1445 1444 1440
f 1445 1434 1444
o /home/catherine/patient252/proximal102043
usemtl Material043
v 0.063871366 -0.052084516 0.215868318
v 0.063871366 -0.085465466 0.215868318
v 0.069434858 -0.052084516 0.087908009
v 0.002672957 -0.052084516 0.087908009
v 0.002672957 -0.085465466 0.215868318
v 0.002672957 -0.085465466 0.087908009
v 0.069434858 -0.085465466 0.154669909
v 0.002672957 -0.052084516 0.215868318
v 0.069434858 -0.052084516 0.154669909
v 0.069434858 -0.085465466 0.087908009
f 1446 1448 1449
f 1450 1447 1446
f 1451 1449 1448
f 1451 1450 1449
f 1451 1447 1450
f 1452 1446 1447
f 1452 1447 1451
f 1453 1450 1446
f 1453 1446 1449
f 1453 1449 1450
f 1454 1452 1448
f 1454 1448 1446
f 1454 1446 1452
f 1455 1452 1451
f 1455 1451 1448
f 1455 1448 1452
o /home/catherine/patient252/proximal102044
usemtl Material044
v -0.075215927 -0.024267058 -0.162449118
v -0.074534341 -0.166397326 -0.162939320
v -0.073616797 -0.205934260 -0.264138025
v -0.176795111 -0.030286495 -0.265097925
v -0.158668303 -0.079901975 -0.162449118
v -0.075215927 -0.024267058 -0.262591969
v -0.091906402 -0.168917842 -0.162449118
v -0.154113019 -0.024249401 -0.162376157
v -0.169795286 -0.129973400 -0.262591969
v -0.075215927 -0.196735301 -0.218084036
v -0.175358778 -0.029830549 -0.218084036
v -0.174470558 -0.024540810 -0.263067239
v -0.130850844 -0.141100384 -0.162449118
v -0.176728691 -0.068293601 -0.264990572
v -0.114160369 -0.191171809 -0.257028478
v -0.169795286 -0.024267058 -0.201393560
v -0.175358778 -0.068774991 -0.218084036
v -0.180922269 -0.029830549 -0.257028478
v -0.153104811 -0.102155942 -0.162449118
v -0.141977827 -0.168917842 -0.262591969
v -0.080779419 -0.207862284 -0.257028478
v -0.119723861 -0.168917842 -0.201393560
v -0.175358778 -0.024267058 -0.223647527
v -0.180922269 -0.068774991 -0.257028478
v -0.169795286 -0.129973400 -0.257028478
v -0.175358778 -0.107719433 -0.251464986
v -0.158668303 -0.146663875 -0.262591969
v -0.114160369 -0.191171809 -0.262591969
v -0.075215927 -0.207862284 -0.257028478
v -0.086342910 -0.196735301 -0.223647527
v -0.125287352 -0.146663875 -0.162449118
v -0.136414336 -0.168917842 -0.240338002
v -0.175358778 -0.113282925 -0.262591969
v -0.141977827 -0.129973400 -0.173576102
v -0.175358778 -0.113282925 -0.257028478
v -0.153104811 -0.152227367 -0.245901494
v -0.080779419 -0.207862284 -0.262591969
v -0.080779419 -0.196735301 -0.218084036
v -0.097469894 -0.191171809 -0.223647527
v -0.125287352 -0.152227367 -0.173576102
v -0.141977827 -0.168917842 -0.257028478
v -0.125287352 -0.180044826 -0.245901494
v -0.153104811 -0.113282925 -0.179139594
v -0.158668303 -0.146663875 -0.257028478
v -0.136414336 -0.157790859 -0.212520544
v -0.141977827 -0.163354350 -0.240338002
v -0.125287352 -0.168917842 -0.212520544
f 1456 1457 1458
f 1461 1456 1458
f 1461 1458 1459
f 1462 1457 1456
f 1463 1456 1461
f 1463 1462 1456
f 1465 1458 1457
f 1465 1457 1462
f 1467 1461 1459
f 1469 1459 1458
f 1471 1466 1460
f 1471 1460 1463
f 1472 1460 1466
f 1473 1467 1459
f 1473 1472 1466
f 1474 1468 1463
f 1474 1463 1460
f 1475 1469 1458
f 1478 1461 1467
f 1478 1467 1473
f 1478 1473 1466
f 1478 1466 1471
f 1478 1471 1463
f 1478 1463 1461
f 1479 1473 1459
f 1479 1459 1469
f 1479 1472 1473
f 1481 1474 1460
f 1481 1460 1472
f 1481 1472 1479
f 1482 1464 1469
f 1482 1469 1475
f 1482 1480 1464
f 1483 1475 1458
f 1483 1470 1475
f 1483 1476 1470
f 1484 1458 1465
f 1484 1465 1476
f 1485 1470 1476
f 1486 1462 1463
f 1486 1463 1468
f 1488 1479 1469
f 1488 1469 1464
f 1488 1464 1480
f 1489 1468 1474
f 1490 1480 1474
f 1490 1474 1481
f 1490 1488 1480
f 1490 1481 1479
f 1490 1479 1488
f 1491 1489 1480
f 1491 1468 1489
f 1492 1483 1458
f 1492 1476 1483
f 1492 1484 1476
f 1492 1458 1484
f 1493 1485 1476
f 1493 1476 1465
f 1493 1465 1462
f 1493 1462 1485
f 1494 1485 1462
f 1494 1462 1477
f 1494 1470 1485
f 1495 1477 1462
f 1495 1462 1486
f 1495 1486 1468
f 1496 1475 1470
f 1496 1482 1475
f 1497 1494 1477
f 1497 1470 1494
f 1497 1496 1470
f 1497 1487 1496
f 1498 1489 1474
f 1498 1474 1480
f 1498 1480 1489
f 1499 1491 1480
f 1499 1480 1482
f 1499 1496 1491
f 1499 1482 1496
f 1500 1468 1491
f 1500 1495 1468
f 1501 1496 1487
f 1501 1491 1496
f 1501 1500 1491
f 1501 1487 1500
f 1502 1497 1477
f 1502 1487 1497
f 1502 1500 1487
f 1502 1477 1495
f 1502 1495 1500
o /home/catherine/patient252/proximal102045
usemtl Material045
v -0.025144501 -0.046521024 0.338265136
v -0.022410199 -0.086935866 0.324965312
v -0.025144501 -0.046521024 0.215868318
v -0.064088943 -0.046521024 0.215868318
v -0.064088943 -0.079901975 0.338265136
v -0.041834977 -0.102155942 0.215868318
v -0.024574489 -0.080134785 0.337290334
v -0.064088943 -0.046521024 0.338265136
v -0.024858751 -0.101563179 0.215643663
v -0.064088943 -0.096592450 0.215868318
v -0.030707993 -0.096592450 0.304884186
v -0.041834977 -0.085465466 0.338265136
v -0.058525452 -0.096592450 0.243685777
v -0.025144501 -0.102155942 0.232558793
v -0.030707993 -0.091028958 0.327138153
v -0.064088943 -0.096592450 0.226995302
v -0.041834977 -0.102155942 0.221431810
v -0.023130391 -0.091839164 0.304346425
v -0.036271485 -0.102155942 0.232558793
f 1503 1504 1505
f 1503 1505 1506
f 1509 1504 1503
f 1510 1507 1503
f 1510 1503 1506
f 1510 1506 1507
f 1511 1505 1504
f 1511 1506 1505
f 1512 1507 1506
f 1512 1511 1508
f 1512 1506 1511
f 1514 1507 1513
f 1514 1509 1503
f 1514 1503 1507
f 1515 1513 1507
f 1516 1508 1511
f 1517 1504 1509
f 1517 1509 1514
f 1517 1514 1513
f 1517 1513 1504
f 1518 1512 1508
f 1518 1515 1507
f 1518 1507 1512
f 1519 1513 1515
f 1519 1508 1516
f 1519 1518 1508
f 1519 1515 1518
f 1520 1516 1511
f 1520 1511 1504
f 1520 1504 1513
f 1520 1513 1516
f 1521 1519 1516
f 1521 1516 1513
f 1521 1513 1519
o /home/catherine/patient252/proximal102046
usemtl Material046
v 0.034281734 0.143793238 -0.341071783
v 0.036053907 0.081439285 -0.340480853
v 0.036053907 0.159328169 -0.407242754
v 0.024926924 0.159328169 -0.407242754
v -0.041834977 0.081439285 -0.340480853
v 0.036053907 0.087002777 -0.396115770
v -0.002890535 0.164891661 -0.340480853
v 0.036053907 0.164891661 -0.368298312
v 0.036720391 0.082436150 -0.388086864
v 0.036053907 0.120383727 -0.407242754
v -0.041834977 0.159328169 -0.346044345
v -0.024749453 0.160247710 -0.338423194
v 0.013799941 0.159328169 -0.340480853
v 0.036053907 0.164891661 -0.401679262
v -0.041869033 0.080944390 -0.371174141
v -0.041858306 0.159305538 -0.340238737
v -0.025144501 0.164891661 -0.346044345
v 0.019363432 0.081439285 -0.390552279
v 0.019363432 0.131510710 -0.407242754
v -0.041834977 0.131510710 -0.373861804
v 0.019363432 0.164891661 -0.396115770
v -0.008454026 0.081439285 -0.384988787
v -0.002890535 0.153764677 -0.390552279
v -0.025144501 0.109256744 -0.384988787
v -0.014017518 0.142637694 -0.390552279
v 0.030490416 0.164891661 -0.401679262
v 0.030490416 0.087002777 -0.396115770
v -0.014017518 0.087002777 -0.384988787
v 0.019363432 0.148201186 -0.407242754
v -0.025144501 0.137074202 -0.384988787
v 0.030490416 0.120383727 -0.407242754
v 0.008236449 0.148201186 -0.401679262
f 1529 1522 1523
f 1530 1529 1523
f 1531 1525 1524
f 1531 1530 1527
f 1531 1524 1530
f 1533 1526 1523
f 1533 1523 1522
f 1534 1529 1528
f 1534 1522 1529
f 1534 1533 1522
f 1534 1528 1533
f 1535 1524 1525
f 1535 1528 1529
f 1535 1530 1524
f 1535 1529 1530
f 1536 1523 1526
f 1537 1526 1533
f 1537 1536 1526
f 1537 1533 1528
f 1538 1528 1535
f 1538 1537 1528
f 1538 1532 1537
f 1539 1530 1523
f 1539 1523 1536
f 1539 1527 1530
f 1540 1525 1531
f 1541 1537 1532
f 1541 1536 1537
f 1542 1538 1535
f 1542 1532 1538
f 1543 1539 1536
f 1544 1541 1532
f 1544 1542 1525
f 1544 1532 1542
f 1545 1536 1541
f 1546 1544 1525
f 1546 1541 1544
f 1547 1542 1535
f 1547 1535 1525
f 1547 1525 1542
f 1548 1527 1539
f 1548 1539 1543
f 1548 1531 1527
f 1549 1543 1536
f 1549 1536 1545
f 1549 1545 1540
f 1549 1540 1543
f 1550 1525 1540
f 1551 1545 1541
f 1551 1541 1546
f 1552 1548 1543
f 1552 1543 1540
f 1552 1540 1531
f 1552 1531 1548
f 1553 1546 1525
f 1553 1525 1550
f 1553 1551 1546
f 1553 1545 1551
f 1553 1550 1540
f 1553 1540 1545
o /home/catherine/patient252/proximal102047
usemtl Material047
v -0.130850844 -0.068774991 -0.262591969
v -0.130850844 -0.118846417 -0.262591969
v -0.130079357 -0.067305436 -0.299742565
v -0.183352317 -0.067624612 -0.311761107
v -0.180922269 -0.079901975 -0.262591969
v -0.147541319 -0.118846417 -0.295972920
v -0.176728691 -0.068293601 -0.264990572
v -0.129238871 -0.072179813 -0.297154741
v -0.164231794 -0.085465466 -0.312663395
v -0.175358778 -0.118846417 -0.290409428
v -0.161717032 -0.066293627 -0.311261879
v -0.186485761 -0.068774991 -0.268155461
v -0.130850844 -0.113282925 -0.290409428
v -0.175358778 -0.102155942 -0.307099903
v -0.130909346 -0.118914358 -0.283246827
v -0.175358778 -0.118846417 -0.262591969
v -0.158668303 -0.074338483 -0.312663395
v -0.186485761 -0.091028958 -0.301536411
v -0.130850844 -0.096592450 -0.295972920
v -0.169795286 -0.091028958 -0.312663395
v -0.169795286 -0.113282925 -0.301536411
v -0.169795286 -0.118846417 -0.295972920
v -0.136414336 -0.118846417 -0.290409428
v -0.186485761 -0.074338483 -0.268155461
v -0.186485761 -0.079901975 -0.312663395
v -0.180922269 -0.107719433 -0.279282444
v -0.180922269 -0.107719433 -0.295972920
v -0.158668303 -0.113282925 -0.301536411
v -0.175358778 -0.091028958 -0.312663395
v -0.186485761 -0.091028958 -0.279282444
v -0.180922269 -0.096592450 -0.307099903
v -0.186485761 -0.085465466 -0.273718953
f 1558 1555 1554
f 1560 1558 1554
f 1561 1554 1555
f 1561 1556 1554
f 1564 1560 1554
f 1564 1554 1556
f 1565 1558 1560
f 1565 1564 1557
f 1565 1560 1564
f 1568 1566 1561
f 1568 1561 1555
f 1569 1555 1558
f 1569 1568 1555
f 1569 1563 1568
f 1570 1557 1564
f 1570 1564 1556
f 1572 1556 1561
f 1572 1561 1566
f 1572 1570 1556
f 1572 1562 1570
f 1572 1566 1559
f 1572 1559 1562
f 1573 1570 1562
f 1575 1568 1563
f 1575 1559 1568
f 1575 1574 1559
f 1575 1567 1574
f 1576 1568 1559
f 1576 1559 1566
f 1576 1566 1568
f 1577 1569 1558
f 1577 1558 1565
f 1577 1565 1571
f 1578 1571 1565
f 1578 1565 1557
f 1578 1557 1570
f 1578 1570 1573
f 1579 1563 1569
f 1580 1579 1571
f 1580 1563 1579
f 1580 1575 1563
f 1580 1571 1578
f 1581 1559 1574
f 1581 1573 1562
f 1581 1562 1559
f 1581 1574 1567
f 1581 1567 1573
f 1582 1578 1573
f 1582 1573 1567
f 1582 1567 1578
f 1583 1577 1571
f 1583 1571 1579
f 1583 1579 1569
f 1584 1580 1578
f 1584 1578 1567
f 1584 1567 1575
f 1584 1575 1580
f 1585 1583 1569
f 1585 1569 1577
f 1585 1577 1583
o /home/catherine/patient252/proximal102048
usemtl Material048
v 0.125069775 0.009113893 0.215868318
v 0.136196758 -0.007576582 0.193614351
v 0.136196758 0.014677384 0.087908009
v 0.002672957 0.014677384 0.087908009
v 0.002672957 -0.052084516 0.215868318
v 0.002672957 0.014677384 0.215868318
v 0.136196758 0.014677384 0.182487368
v 0.119506283 -0.052084516 0.215868318
v 0.002672957 -0.052084516 0.087908009
v 0.130633267 0.003550401 0.210304827
v 0.116899185 0.014598080 0.215803169
v 0.130633267 -0.052084516 0.087908009
v 0.131043285 -0.039015327 0.087371075
v 0.130633267 0.014677384 0.199177843
v 0.136196758 0.003550401 0.193614351
v 0.130633267 -0.013140074 0.210304827
v 0.136196758 -0.040957533 0.121288959
v 0.125069775 0.014677384 0.210304827
v 0.125069775 -0.024267058 0.215868318
v 0.136196758 -0.035394041 0.143542926
v 0.130633267 -0.052084516 0.099034992
v 0.136196758 -0.013140074 0.188050860
f 1591 1588 1589
f 1591 1590 1586
f 1591 1589 1590
f 1592 1587 1588
f 1592 1588 1591
f 1593 1586 1590
f 1594 1590 1589
f 1594 1593 1590
f 1596 1591 1586
f 1597 1593 1594
f 1598 1594 1589
f 1598 1589 1588
f 1598 1597 1594
f 1598 1588 1597
f 1599 1595 1592
f 1599 1592 1591
f 1600 1595 1587
f 1600 1587 1592
f 1600 1592 1595
f 1601 1593 1587
f 1601 1587 1595
f 1601 1595 1586
f 1602 1597 1588
f 1602 1588 1587
f 1603 1596 1586
f 1603 1586 1595
f 1603 1595 1599
f 1603 1599 1591
f 1603 1591 1596
f 1604 1601 1586
f 1604 1586 1593
f 1604 1593 1601
f 1605 1602 1587
f 1605 1593 1602
f 1606 1602 1593
f 1606 1593 1597
f 1606 1597 1602
f 1607 1605 1587
f 1607 1587 1593
f 1607 1593 1605
o /home/catherine/patient252/proximal102049
usemtl Material049
v 0.208522151 0.053621826 -0.284845936
v 0.247466593 0.003550401 -0.340480853
v 0.197395167 0.087002777 -0.346044345
v 0.036053907 0.087002777 -0.346044345
v 0.036053907 0.003550401 -0.284845936
v 0.244707414 0.008574748 -0.349072551
v 0.153100613 0.088171659 -0.284397531
v 0.219649134 0.070312302 -0.340480853
v 0.209296199 0.003578850 -0.286655803
v 0.036053907 0.003550401 -0.346044345
v 0.175141200 0.087002777 -0.284845936
v 0.214085642 0.025804368 -0.284845936
v 0.036053907 0.087002777 -0.284845936
v 0.225212626 0.053621826 -0.323790378
v 0.219649134 0.070312302 -0.346044345
v 0.245432460 0.003038812 -0.348655660
v 0.197395167 0.087002777 -0.329353870
v 0.219649134 0.003550401 -0.290409428
v 0.225212626 0.025804368 -0.301536411
v 0.208522151 0.070312302 -0.307099903
v 0.241903101 0.025804368 -0.340480853
v 0.208522151 0.081439285 -0.346044345
v 0.247466593 0.009113893 -0.340480853
v 0.219649134 0.020240876 -0.290409428
v 0.219649134 0.053621826 -0.307099903
v 0.214085642 0.075875793 -0.334917362
v 0.191831675 0.081439285 -0.301536411
v 0.191831675 0.075875793 -0.290409428
v 0.225212626 0.059185318 -0.334917362
v 0.238646793 0.023323056 -0.348462021
v 0.225212626 0.036931351 -0.307099903
v 0.197395167 0.081439285 -0.312663395
v 0.208522151 0.081439285 -0.340480853
f 1613 1611 1610
f 1614 1610 1611
f 1617 1612 1611
f 1617 1611 1613
f 1618 1614 1608
f 1619 1614 1612
f 1619 1608 1614
f 1619 1612 1616
f 1620 1614 1611
f 1620 1611 1612
f 1620 1612 1614
f 1623 1616 1612
f 1623 1612 1617
f 1623 1617 1613
f 1624 1610 1614
f 1624 1614 1618
f 1625 1619 1616
f 1625 1623 1609
f 1625 1616 1623
f 1627 1621 1615
f 1628 1622 1615
f 1628 1613 1622
f 1629 1615 1622
f 1629 1610 1624
f 1630 1623 1613
f 1630 1609 1623
f 1630 1613 1628
f 1630 1625 1609
f 1631 1626 1608
f 1631 1608 1619
f 1631 1619 1625
f 1631 1630 1626
f 1631 1625 1630
f 1632 1627 1608
f 1632 1621 1627
f 1632 1628 1621
f 1632 1630 1628
f 1633 1627 1615
f 1633 1615 1629
f 1634 1624 1618
f 1635 1618 1608
f 1635 1608 1627
f 1635 1634 1618
f 1635 1627 1634
f 1636 1628 1615
f 1636 1615 1621
f 1636 1621 1628
f 1637 1629 1622
f 1637 1622 1613
f 1637 1613 1610
f 1637 1610 1629
f 1638 1632 1608
f 1638 1608 1626
f 1638 1626 1630
f 1638 1630 1632
f 1639 1633 1624
f 1639 1627 1633
f 1639 1634 1627
f 1639 1624 1634
f 1640 1633 1629
f 1640 1629 1624
f 1640 1624 1633
o /home/catherine/patient252/proximal102050
usemtl Material050
v 0.107277349 -0.045625824 0.282430099
v 0.119506283 -0.052084516 0.226995302
v 0.115192526 -0.045225446 0.215584361
v -0.025144501 -0.046521024 0.215868318
v 0.002672957 -0.113282925 0.249249269
v -0.025144501 -0.046521024 0.282630219
v 0.119506283 -0.046521024 0.226995302
v 0.069434858 -0.096592450 0.271503235
v 0.047180891 -0.113282925 0.215868318
v -0.025144501 -0.107719433 0.226995302
v 0.119506283 -0.052084516 0.215868318
v 0.097252316 -0.074338483 0.282630219
v -0.024333041 -0.093616327 0.282316839
v 0.036053907 -0.113282925 0.249249269
v -0.022668247 -0.103299893 0.214095171
v -0.014017518 -0.113282925 0.215868318
v 0.077603883 -0.092085626 0.215586250
v 0.102815808 -0.068774991 0.277066727
v 0.102815808 -0.074338483 0.254812760
v -0.002890535 -0.113282925 0.243685777
v 0.063871366 -0.096592450 0.282630219
v 0.047180891 -0.113282925 0.232558793
v 0.113942791 -0.063211500 0.215868318
v 0.080561841 -0.096592450 0.243685777
v -0.014017518 -0.113282925 0.221431810
v 0.091688825 -0.079901975 0.282630219
v 0.002672957 -0.102155942 0.277066727
v 0.041617399 -0.113282925 0.243685777
v 0.113942791 -0.063211500 0.221431810
v 0.058307874 -0.107719433 0.238122285
v 0.097252316 -0.079901975 0.260376252
v 0.030490416 -0.102155942 0.277066727
f 1646 1641 1643
f 1646 1643 1644
f 1647 1641 1642
f 1647 1643 1641
f 1650 1646 1644
f 1651 1647 1642
f 1651 1643 1647
f 1652 1641 1646
f 1653 1646 1650
f 1654 1645 1649
f 1655 1644 1643
f 1655 1650 1644
f 1656 1649 1645
f 1656 1655 1649
f 1656 1650 1655
f 1657 1655 1643
f 1657 1649 1655
f 1658 1642 1641
f 1658 1641 1652
f 1659 1658 1652
f 1659 1642 1658
f 1660 1653 1650
f 1660 1645 1653
f 1660 1656 1645
f 1661 1652 1646
f 1661 1646 1653
f 1662 1654 1649
f 1662 1648 1661
f 1663 1657 1643
f 1663 1643 1651
f 1663 1651 1642
f 1664 1663 1659
f 1664 1657 1663
f 1664 1662 1649
f 1664 1649 1657
f 1665 1660 1650
f 1665 1650 1656
f 1665 1656 1660
f 1666 1661 1648
f 1666 1652 1661
f 1666 1648 1664
f 1667 1661 1653
f 1667 1653 1645
f 1667 1645 1654
f 1668 1662 1661
f 1668 1661 1654
f 1668 1654 1662
f 1669 1663 1642
f 1669 1642 1659
f 1669 1659 1663
f 1670 1664 1648
f 1670 1648 1662
f 1670 1662 1664
f 1671 1666 1664
f 1671 1664 1659
f 1671 1659 1652
f 1671 1652 1666
f 1672 1667 1654
f 1672 1654 1661
f 1672 1661 1667
o /home/catherine/patient252/proximal102051
usemtl Material051
v 0.074641960 -0.068714642 -0.312637228
v 0.074998349 -0.085465466 -0.334917362
v 0.069434858 -0.068774991 -0.351607837
v 0.024926924 -0.068774991 -0.362734820
v -0.007736406 -0.123724857 -0.310231109
v 0.047180891 -0.107719433 -0.351607837
v -0.007832821 -0.066270894 -0.330323981
v 0.074998349 -0.079901975 -0.340480853
v 0.041617399 -0.129973400 -0.312663395
v 0.047180891 -0.079901975 -0.362734820
v 0.024926924 -0.107719433 -0.351607837
v 0.070800318 -0.067510395 -0.338616694
v -0.014017518 -0.068774991 -0.312663395
v 0.058307874 -0.096592450 -0.351607837
v 0.058307874 -0.113282925 -0.312663395
v 0.047180891 -0.068774991 -0.362734820
v 0.041617399 -0.085465466 -0.362734820
v -0.014017518 -0.085465466 -0.329353870
v 0.013799941 -0.124409908 -0.334917362
v -0.013460122 -0.118055927 -0.310468931
v 0.069434858 -0.074338483 -0.351607837
v 0.047180891 -0.096592450 -0.357171328
v 0.063871366 -0.096592450 -0.346044345
v 0.070333698 -0.083310977 -0.312422838
v 0.035114001 -0.127769141 -0.311147083
v 0.024926924 -0.079901975 -0.362734820
v -0.013885402 -0.068313345 -0.328472960
v -0.008454026 -0.124409908 -0.318226886
v 0.030490416 -0.124409908 -0.334917362
v -0.014017518 -0.118846417 -0.318226886
v 0.052744383 -0.091028958 -0.357171328
v 0.069434858 -0.096592450 -0.329353870
v 0.058307874 -0.107719433 -0.340480853
v 0.069434858 -0.085465466 -0.346044345
v 0.064887061 -0.093502091 -0.312216438
v 0.030490416 -0.085465466 -0.362734820
v -0.008454026 -0.074338483 -0.334917362
v 0.036053907 -0.129973400 -0.318226886
v 0.019363432 -0.102155942 -0.351607837
v 0.058307874 -0.079901975 -0.357171328
v 0.058307874 -0.113282925 -0.318226886
v 0.041617399 -0.124409908 -0.329353870
v 0.019363432 -0.091028958 -0.357171328
v 0.008236449 -0.118846417 -0.334917362
v 0.041617399 -0.129973400 -0.318226886
v 0.024926924 -0.096592450 -0.357171328
f 1680 1673 1674
f 1684 1679 1673
f 1684 1680 1675
f 1684 1673 1680
f 1685 1673 1679
f 1688 1682 1676
f 1688 1675 1682
f 1688 1684 1675
f 1688 1676 1679
f 1688 1679 1684
f 1689 1676 1682
f 1691 1683 1678
f 1692 1677 1673
f 1692 1673 1685
f 1693 1675 1680
f 1693 1682 1675
f 1694 1686 1678
f 1694 1689 1682
f 1694 1678 1683
f 1695 1678 1686
f 1695 1686 1693
f 1696 1674 1673
f 1697 1677 1681
f 1697 1681 1687
f 1697 1696 1673
f 1697 1673 1677
f 1698 1676 1689
f 1699 1679 1676
f 1699 1690 1685
f 1699 1685 1679
f 1700 1677 1692
f 1701 1691 1678
f 1702 1692 1685
f 1702 1685 1690
f 1702 1700 1692
f 1702 1691 1700
f 1703 1694 1682
f 1703 1686 1694
f 1704 1695 1674
f 1704 1696 1687
f 1704 1674 1696
f 1705 1678 1695
f 1705 1695 1704
f 1706 1695 1693
f 1706 1693 1680
f 1706 1680 1674
f 1706 1674 1695
f 1707 1697 1687
f 1707 1687 1696
f 1707 1696 1697
f 1708 1698 1689
f 1708 1689 1694
f 1709 1698 1690
f 1709 1676 1698
f 1709 1699 1676
f 1709 1690 1699
f 1710 1700 1691
f 1710 1681 1677
f 1710 1677 1700
f 1710 1691 1701
f 1711 1683 1691
f 1712 1703 1682
f 1712 1682 1693
f 1712 1693 1686
f 1712 1686 1703
f 1713 1687 1681
f 1713 1705 1704
f 1713 1704 1687
f 1714 1678 1705
f 1714 1701 1678
f 1715 1690 1698
f 1715 1711 1702
f 1715 1702 1690
f 1716 1711 1691
f 1716 1691 1702
f 1716 1702 1711
f 1717 1713 1681
f 1717 1705 1713
f 1717 1714 1705
f 1717 1681 1710
f 1717 1710 1701
f 1717 1701 1714
f 1718 1683 1711
f 1718 1711 1715
f 1718 1708 1694
f 1718 1694 1683
f 1718 1715 1698
f 1718 1698 1708
o /home/catherine/patient252/proximal102052
usemtl Material052
v -0.064088943 0.014677384 0.338265136
v -0.061321681 -0.071519039 0.337722581
v -0.064088943 0.014677384 0.282630219
v -0.137883390 0.014712061 0.282633450
v -0.136414336 -0.035394041 0.338265136
v -0.080779419 -0.079901975 0.282630219
v -0.069652435 -0.074338483 0.338265136
v -0.137729913 0.014648668 0.338351711
v -0.063855479 -0.077842799 0.282532872
v -0.130850844 -0.040957533 0.282630219
v -0.097469894 -0.063211500 0.338265136
v -0.141977827 -0.018703566 0.282630219
v -0.061682036 -0.075078456 0.320625972
v -0.108596877 -0.063211500 0.293757202
v -0.108596877 -0.063211500 0.282630219
v -0.069652435 -0.079901975 0.321574661
v -0.136414336 -0.035394041 0.327138153
v -0.125287352 -0.046521024 0.338265136
v -0.103033385 -0.063211500 0.321574661
v -0.080779419 -0.079901975 0.288193711
v -0.119723861 -0.052084516 0.327138153
f 1719 1720 1721
f 1719 1721 1722
f 1725 1720 1719
f 1726 1719 1722
f 1726 1725 1719
f 1727 1722 1721
f 1729 1725 1726
f 1730 1726 1722
f 1730 1723 1726
f 1730 1722 1727
f 1730 1727 1728
f 1731 1727 1721
f 1731 1721 1720
f 1733 1728 1727
f 1733 1727 1724
f 1733 1724 1732
f 1734 1725 1729
f 1734 1724 1727
f 1734 1727 1731
f 1734 1731 1720
f 1734 1720 1725
f 1735 1730 1728
f 1735 1728 1723
f 1735 1723 1730
f 1736 1723 1728
f 1736 1729 1726
f 1736 1726 1723
f 1737 1729 1736
f 1737 1734 1729
f 1738 1737 1732
f 1738 1732 1724
f 1738 1724 1734
f 1738 1734 1737
f 1739 1737 1736
f 1739 1732 1737
f 1739 1733 1732
f 1739 1736 1728
f 1739 1728 1733
o /home/catherine/patient252/proximal102053
usemtl Material053
v 0.047180891 0.148201186 0.405027037
v 0.052744383 0.036931351 0.405027037
v 0.050630583 0.128263195 0.338282105
v -0.014066006 0.146266856 0.338259610
v -0.014017518 0.036931351 0.405027037
v 0.036053907 0.148201186 0.338265136
v 0.052744383 0.142637694 0.405027037
v -0.014026890 0.146117571 0.405021992
v -0.014017518 0.036931351 0.338265136
v 0.052744383 0.036931351 0.338265136
v 0.052744383 0.142637694 0.393900053
v 0.047180891 0.148201186 0.399463545
f 1744 1741 1740
f 1746 1740 1741
f 1747 1744 1740
f 1747 1743 1744
f 1747 1745 1743
f 1747 1740 1745
f 1748 1741 1744
f 1748 1744 1743
f 1749 1746 1741
f 1749 1741 1748
f 1749 1745 1742
f 1749 1748 1743
f 1749 1743 1745
f 1750 1740 1746
f 1750 1742 1745
f 1750 1749 1742
f 1750 1746 1749
f 1751 1750 1745
f 1751 1745 1740
f 1751 1740 1750
o /home/catherine/patient252/proximal102054
usemtl Material054
v -0.064088943 0.075875793 0.282630219
v -0.063855479 -0.077842799 0.282532872
v -0.063471256 -0.090136196 0.215611519
v -0.097469894 0.075875793 0.215868318
v -0.097469894 -0.068774991 0.282630219
v -0.064088943 0.075875793 0.215868318
v -0.060803911 -0.087565079 0.231472787
v -0.080779419 -0.079901975 0.282630219
v -0.097469894 0.075875793 0.282630219
v -0.095591161 -0.075253185 0.215326255
v -0.064088943 -0.085465466 0.260376252
v -0.097469894 -0.079901975 0.232558793
v -0.069652435 -0.091028958 0.232558793
v -0.086342910 -0.079901975 0.277066727
v -0.075215927 -0.091028958 0.215868318
v -0.069652435 -0.085465466 0.260376252
v -0.091906402 -0.074338483 0.282630219
v -0.075215927 -0.091028958 0.221431810
v -0.097469894 -0.074338483 0.265939744
f 1757 1755 1752
f 1758 1752 1753
f 1758 1757 1752
f 1758 1754 1757
f 1759 1753 1752
f 1759 1752 1756
f 1760 1756 1752
f 1760 1752 1755
f 1760 1755 1756
f 1761 1757 1754
f 1761 1755 1757
f 1762 1758 1753
f 1762 1753 1759
f 1763 1756 1755
f 1763 1755 1761
f 1764 1754 1758
f 1764 1758 1762
f 1765 1764 1759
f 1766 1763 1761
f 1766 1761 1754
f 1766 1754 1764
f 1767 1764 1762
f 1767 1762 1759
f 1767 1759 1764
f 1768 1765 1759
f 1768 1759 1756
f 1769 1765 1763
f 1769 1763 1766
f 1769 1766 1764
f 1769 1764 1765
f 1770 1768 1756
f 1770 1756 1763
f 1770 1763 1765
f 1770 1765 1768
o /home/catherine/patient252/proximal102055
usemtl Material055
v 0.024926924 0.148201186 -0.279282444
v 0.036053907 0.081439285 -0.279282444
v 0.034281734 0.143793238 -0.341071783
v -0.014292206 0.160366986 -0.339610333
v -0.014017518 0.081439285 -0.279282444
v 0.013799941 0.159328169 -0.340480853
v 0.036053907 0.142637694 -0.284845936
v -0.015189325 0.156821490 -0.280234709
v -0.014017518 0.081439285 -0.340480853
v 0.035594294 0.132986685 -0.279906583
v 0.036053907 0.081439285 -0.340480853
v 0.036053907 0.148201186 -0.307099903
v -0.002890535 0.159328169 -0.279282444
v -0.002890535 0.164891661 -0.340480853
v -0.015751427 0.159690371 -0.296342097
v 0.030490416 0.148201186 -0.290409428
v -0.008454026 0.164891661 -0.295972920
v -0.002890535 0.164891661 -0.318226886
v 0.013799941 0.159328169 -0.334917362
f 1775 1772 1771
f 1779 1772 1775
f 1780 1777 1771
f 1780 1771 1772
f 1780 1772 1777
f 1781 1777 1772
f 1781 1779 1773
f 1781 1772 1779
f 1782 1773 1776
f 1782 1781 1773
f 1782 1777 1781
f 1783 1778 1775
f 1783 1775 1771
f 1784 1776 1773
f 1784 1773 1779
f 1784 1779 1774
f 1785 1774 1779
f 1785 1779 1775
f 1785 1775 1778
f 1786 1771 1777
f 1786 1777 1782
f 1786 1783 1771
f 1787 1784 1774
f 1787 1774 1785
f 1787 1785 1778
f 1787 1778 1783
f 1787 1786 1782
f 1787 1783 1786
f 1788 1787 1782
f 1788 1776 1784
f 1788 1784 1787
f 1789 1788 1782
f 1789 1782 1776
f 1789 1776 1788
o /home/catherine/patient252/proximal102056
usemtl Material056
v 0.063871366 0.087002777 0.338265136
v 0.063871366 0.014677384 0.338265136
v 0.063871366 0.087002777 0.215868318
v 0.002672957 0.087002777 0.215868318
v 0.002672957 0.087002777 0.338265136
v 0.002672957 0.014677384 0.215868318
v 0.063871366 0.014677384 0.215868318
v 0.002672957 0.014677384 0.338265136
f 1790 1791 1792
f 1790 1792 1793
f 1794 1791 1790
f 1794 1790 1793
f 1795 1793 1792
f 1795 1794 1793
f 1796 1795 1792
f 1796 1792 1791
f 1796 1791 1795
f 1797 1795 1791
f 1797 1791 1794
f 1797 1794 1795
o /home/catherine/patient252/proximal102057
usemtl Material057
v 0.002672957 0.087002777 0.338265136
v 0.002672957 -0.046521024 0.338265136
v 0.002672957 0.087002777 0.215868318
v -0.064088943 0.087002777 0.215868318
v -0.064088943 0.087002777 0.338265136
v -0.064088943 -0.046521024 0.215868318
v 0.002672957 -0.046521024 0.215868318
v -0.064088943 -0.046521024 0.338265136
f 1798 1799 1800
f 1798 1800 1801
f 1802 1799 1798
f 1802 1798 1801
f 1803 1801 1800
f 1803 1802 1801
f 1804 1803 1800
f 1804 1800 1799
f 1804 1799 1803
f 1805 1803 1799
f 1805 1799 1802
f 1805 1802 1803
o /home/catherine/patient252/proximal102058
usemtl Material058
v 0.058307874 -0.046521024 0.338265136
v 0.058307874 -0.091028958 0.338265136
v 0.058307874 -0.046521024 0.282630219
v -0.025144501 -0.046521024 0.282630219
v -0.025144501 -0.046521024 0.338265136
v -0.024333041 -0.093616327 0.282316839
v 0.056844500 -0.092687748 0.282307487
v -0.025144501 -0.096592450 0.321574661
v 0.058307874 -0.096592450 0.310447677
v -0.014017518 -0.096592450 0.338265136
v -0.024574489 -0.080134785 0.337290334
v 0.052744383 -0.096592450 0.338265136
v -0.025144501 -0.091028958 0.332701644
v -0.019581010 -0.096592450 0.332701644
f 1806 1807 1808
f 1806 1808 1809
f 1810 1807 1806
f 1810 1806 1809
f 1812 1811 1809
f 1812 1809 1808
f 1813 1810 1809
f 1813 1809 1811
f 1814 1812 1808
f 1814 1808 1807
f 1814 1813 1811
f 1814 1811 1812
f 1815 1807 1810
f 1815 1813 1814
f 1816 1815 1810
f 1817 1815 1814
f 1817 1814 1807
f 1817 1807 1815
f 1818 1816 1810
f 1818 1810 1813
f 1818 1815 1816
f 1819 1818 1813
f 1819 1813 1815
f 1819 1815 1818
o /home/catherine/patient252/proximal102059
usemtl Material059
v 0.002672957 0.014677384 0.215868318
v 0.002672957 -0.085465466 0.215868318
v 0.002672957 0.014677384 0.087908009
v -0.064088943 0.014677384 0.087908009
v -0.065906575 -0.088261358 0.216829858
v -0.064088943 0.014677384 0.215868318
v 0.002672957 -0.085465466 0.087908009
v -0.064088943 -0.085465466 0.087908009
f 1820 1821 1822
f 1820 1822 1823
f 1824 1821 1820
f 1825 1824 1820
f 1825 1820 1823
f 1825 1823 1824
f 1826 1822 1821
f 1826 1821 1824
f 1826 1823 1822
f 1827 1826 1824
f 1827 1824 1823
f 1827 1823 1826
o /home/catherine/patient252/proximal102060
usemtl Material060
v 0.069434858 0.087002777 0.215868318
v 0.069434858 0.014677384 0.215868318
v 0.069434858 0.087002777 0.087908009
v -0.064088943 0.087002777 0.087908009
v -0.064088943 0.014677384 0.215868318
v -0.064088943 0.014677384 0.087908009
v -0.064088943 0.087002777 0.215868318
v 0.069434858 0.014677384 0.087908009
f 1828 1829 1830
f 1828 1830 1831
f 1832 1829 1828
f 1833 1831 1830
f 1833 1832 1831
f 1833 1829 1832
f 1834 1832 1828
f 1834 1828 1831
f 1834 1831 1832
f 1835 1833 1830
f 1835 1830 1829
f 1835 1829 1833
o /home/catherine/patient252/proximal102061
usemtl Material061
v -0.064088943 0.075875793 0.338265136
v -0.064088943 0.014677384 0.338265136
v -0.064088943 0.075875793 0.282630219
v -0.097469894 0.075875793 0.282630219
v -0.097469894 0.075875793 0.338265136
v -0.097469894 0.014677384 0.282630219
v -0.064088943 0.014677384 0.282630219
v -0.097469894 0.014677384 0.338265136
f 1836 1837 1838
f 1836 1838 1839
f 1840 1837 1836
f 1840 1836 1839
f 1841 1839 1838
f 1841 1840 1839
f 1842 1841 1838
f 1842 1838 1837
f 1842 1837 1841
f 1843 1841 1837
f 1843 1837 1840
f 1843 1840 1841
o /home/catherine/patient252/proximal102062
usemtl Material062
v 0.036053907 -0.024267058 -0.162449118
v 0.036053907 -0.124409908 -0.162449118
v 0.038632250 -0.124517650 -0.262580071
v -0.075215927 -0.024267058 -0.262591969
v -0.075215927 -0.124409908 -0.162449118
v 0.036053907 -0.024267058 -0.262591969
v -0.075215927 -0.024267058 -0.162449118
v -0.075215927 -0.124409908 -0.262591969
f 1844 1845 1846
f 1848 1845 1844
f 1848 1846 1845
f 1849 1844 1846
f 1849 1847 1844
f 1850 1848 1844
f 1850 1844 1847
f 1850 1847 1848
f 1851 1848 1847
f 1851 1846 1848
f 1851 1849 1846
f 1851 1847 1849
o /home/catherine/patient252/proximal102063
usemtl Material063
v 0.036053907 -0.024267058 -0.262591969
v 0.038632250 -0.124517650 -0.262580071
v 0.036053907 -0.024267058 -0.312663395
v -0.014017518 -0.024267058 -0.312663395
v -0.014017518 -0.124409908 -0.262591969
v 0.036795644 -0.124705843 -0.312878204
v -0.014017518 -0.024267058 -0.262591969
v -0.013342374 -0.123599559 -0.308963652
v -0.014017518 -0.124409908 -0.268155461
f 1852 1853 1854
f 1852 1854 1855
f 1857 1854 1853
f 1857 1855 1854
f 1857 1853 1856
f 1858 1852 1855
f 1858 1855 1856
f 1858 1856 1853
f 1858 1853 1852
f 1859 1855 1857
f 1860 1859 1857
f 1860 1857 1856
f 1860 1856 1855
f 1860 1855 1859
