mtllib decomp.mtl
o distal000
usemtl Material000
v -0.003188501 -0.011108199 0.014775212
v -0.002926475 -0.018577107 0.014585419
v -0.003188501 -0.011108199 -0.003134754
v -0.017028021 -0.011108199 -0.003134754
v -0.018282360 -0.017170742 0.015133934
v -0.003214305 -0.020118352 -0.003140442
v -0.018372509 -0.010543054 0.000213469
v -0.017028021 -0.020063183 0.011518855
v -0.018440928 -0.010810173 0.015015375
v -0.007258948 -0.019249093 -0.002320665
v -0.018656200 -0.012736378 0.000121603
v -0.003157485 -0.019941346 0.011013620
v -0.016649919 -0.020072435 0.014844213
v -0.006444859 -0.019249093 -0.003134754
v -0.005630770 -0.020063183 -0.002320665
v -0.012957574 -0.016806825 0.000121603
v -0.018656200 -0.017620914 0.013961123
v -0.017028021 -0.011922289 -0.003134754
v -0.004816680 -0.020063183 -0.003134754
f 1 2 3
f 5 2 1
f 6 3 2
f 6 4 3
f 7 1 3
f 7 3 4
f 9 5 1
f 9 1 7
f 11 7 4
f 11 9 7
f 12 6 2
f 13 2 5
f 13 12 2
f 13 8 6
f 13 6 12
f 15 6 8
f 15 8 10
f 15 10 14
f 16 10 8
f 16 8 11
f 17 11 8
f 17 5 9
f 17 9 11
f 17 13 5
f 17 8 13
f 18 4 6
f 18 6 14
f 18 11 4
f 18 14 10
f 18 16 11
f 18 10 16
f 19 15 14
f 19 14 6
f 19 6 15
o distal001
usemtl Material001
v 0.027746896 -0.024133630 -0.021858811
v 0.027126042 -0.038312006 -0.021995711
v 0.027912192 -0.041684509 -0.037483362
v 0.025304627 -0.028204077 -0.038954688
v 0.012315859 -0.024155704 -0.021519386
v 0.027746896 -0.028204077 -0.038954688
v 0.027746896 -0.042043596 -0.031627883
v 0.024490538 -0.039601328 -0.021858811
v 0.026118717 -0.024133630 -0.034884241
v 0.019606002 -0.036344971 -0.038140598
v 0.012278315 -0.025588961 -0.021458635
v 0.025304627 -0.040415417 -0.024301079
v 0.023253015 -0.024026692 -0.032674794
v 0.027701459 -0.024026123 -0.034263879
v 0.017977823 -0.024133630 -0.029999705
v 0.015535555 -0.038787239 -0.025115168
v 0.026118717 -0.042043596 -0.038140598
v 0.013093287 -0.030646345 -0.025929258
v 0.012279197 -0.024133630 -0.022672900
v 0.019606002 -0.033902702 -0.038140598
v 0.017163733 -0.039601328 -0.024301079
v 0.027746896 -0.032274524 -0.038954688
v 0.021234180 -0.040415417 -0.037326509
v 0.012279197 -0.034716792 -0.022672900
v 0.022862359 -0.029832255 -0.038140598
v 0.014721465 -0.030646345 -0.029185615
v 0.024490538 -0.040415417 -0.024301079
v 0.025304627 -0.042043596 -0.034070151
v 0.022048270 -0.040415417 -0.038140598
v 0.025304627 -0.031460434 -0.038954688
v 0.017163733 -0.039601328 -0.025929258
v 0.012279197 -0.032274524 -0.023486989
v 0.016349644 -0.038787239 -0.021858811
v 0.013093287 -0.035530881 -0.025115168
v 0.013093287 -0.032274524 -0.025929258
v 0.026932806 -0.042043596 -0.031627883
v 0.025304627 -0.042043596 -0.037326509
v 0.021234180 -0.039601328 -0.038140598
v 0.026932806 -0.032274524 -0.038954688
v 0.014721465 -0.037973149 -0.023486989
v 0.015535555 -0.038787239 -0.023486989
v 0.012686889 -0.034389621 -0.021565802
v 0.022048270 -0.039601328 -0.021858811
v 0.014721465 -0.037973149 -0.025929258
v 0.012279197 -0.033902702 -0.023486989
v 0.014721465 -0.031460434 -0.029185615
v 0.017977823 -0.039601328 -0.023486989
f 25 20 22
f 26 20 21
f 26 22 20
f 27 21 20
f 28 25 23
f 30 27 20
f 30 20 24
f 31 26 21
f 31 21 27
f 33 20 25
f 33 25 28
f 33 32 20
f 33 28 32
f 34 32 28
f 34 28 23
f 36 22 26
f 38 24 20
f 38 20 32
f 38 32 34
f 38 30 24
f 39 23 29
f 39 38 34
f 41 25 22
f 41 22 36
f 41 23 25
f 44 39 34
f 44 34 23
f 44 23 39
f 45 39 29
f 45 37 38
f 45 38 39
f 46 26 31
f 46 31 27
f 47 36 26
f 48 36 42
f 49 29 23
f 49 23 41
f 50 40 35
f 50 35 42
f 50 47 40
f 51 38 37
f 51 30 38
f 53 29 42
f 54 37 45
f 54 29 53
f 54 51 37
f 55 26 46
f 55 47 26
f 55 40 47
f 56 42 36
f 56 36 47
f 56 50 42
f 56 47 50
f 57 48 42
f 57 42 29
f 57 49 48
f 57 29 49
f 58 49 41
f 58 41 36
f 58 36 48
f 58 48 49
f 59 52 43
f 60 35 40
f 60 40 52
f 60 59 35
f 60 52 59
f 61 27 30
f 61 30 43
f 61 43 52
f 62 46 27
f 62 61 52
f 62 27 61
f 63 53 42
f 63 42 35
f 63 35 59
f 63 59 43
f 63 43 53
f 64 53 43
f 64 54 53
f 64 51 54
f 64 43 30
f 64 30 51
f 65 54 45
f 65 45 29
f 65 29 54
f 66 55 46
f 66 40 55
f 66 46 62
f 66 62 52
f 66 52 40
o distal002
usemtl Material002
v 0.048913220 -0.026575898 -0.025115168
v 0.052983667 -0.028204077 -0.030813794
v 0.050541399 -0.026575898 -0.041396956
v 0.029375074 -0.026575898 -0.038954688
v 0.039958237 -0.046114043 -0.034070151
v 0.052482290 -0.026282887 -0.035272705
v 0.046470952 -0.040415417 -0.027557436
v 0.042400505 -0.041229507 -0.040582867
v 0.048913220 -0.026575898 -0.041396956
v 0.027746896 -0.026575898 -0.025115168
v 0.052983667 -0.026575898 -0.030813794
v 0.049727309 -0.036344971 -0.035698330
v 0.052169577 -0.029832255 -0.028371526
v 0.027746896 -0.042857686 -0.038140598
v 0.035073700 -0.026575898 -0.039768777
v 0.048913220 -0.032274524 -0.041396956
v 0.027746896 -0.026575898 -0.036512420
v 0.031817343 -0.039601328 -0.025115168
v 0.049727309 -0.026575898 -0.025929258
v 0.052983667 -0.027389987 -0.035698330
v 0.044842773 -0.044485864 -0.034070151
v 0.049727309 -0.034716792 -0.027557436
v 0.050541399 -0.034716792 -0.028371526
v 0.039958237 -0.046114043 -0.038140598
v 0.027746896 -0.033088613 -0.038954688
v 0.046470952 -0.033902702 -0.025115168
v 0.039958237 -0.042857686 -0.026743347
v 0.028560985 -0.042857686 -0.031627883
v 0.052169577 -0.028204077 -0.028371526
v 0.052169577 -0.030646345 -0.034070151
v 0.051355488 -0.026575898 -0.040582867
v 0.046470952 -0.039601328 -0.040582867
v 0.048913220 -0.027389987 -0.025115168
v 0.052169577 -0.030646345 -0.029185615
v 0.048099131 -0.040415417 -0.030813794
v 0.039958237 -0.045299954 -0.038954688
v 0.029375074 -0.043671775 -0.037326509
v 0.042400505 -0.046114043 -0.038140598
v 0.039958237 -0.038787239 -0.040582867
v 0.027746896 -0.029018166 -0.038954688
v 0.042400505 -0.040415417 -0.025929258
v 0.043214594 -0.044485864 -0.029999705
v 0.027756048 -0.039187669 -0.025243541
v 0.039958237 -0.045299954 -0.029999705
v 0.052983667 -0.028204077 -0.034884241
v 0.050541399 -0.029018166 -0.041396956
v 0.048099131 -0.040415417 -0.033256062
v 0.043214594 -0.041229507 -0.040582867
v 0.047285041 -0.032274524 -0.025115168
v 0.030189164 -0.043671775 -0.038140598
v 0.027746896 -0.042857686 -0.033256062
v 0.047285041 -0.032274524 -0.041396956
v 0.041586415 -0.036344971 -0.025115168
v 0.044028684 -0.042857686 -0.027557436
v 0.043214594 -0.039601328 -0.025929258
v 0.044842773 -0.043671775 -0.029999705
v 0.042400505 -0.046114043 -0.034070151
v 0.039144147 -0.042857686 -0.026743347
v 0.029375074 -0.043671775 -0.034070151
v 0.050541399 -0.029832255 -0.040582867
v 0.051355488 -0.027389987 -0.040582867
v 0.048913220 -0.038787239 -0.034070151
v 0.041586415 -0.045299954 -0.038954688
v 0.046470952 -0.029018166 -0.041396956
f 75 72 69
f 76 67 72
f 79 68 77
f 81 70 72
f 81 72 75
f 82 75 69
f 83 76 72
f 83 72 70
f 83 80 76
f 84 67 76
f 85 77 72
f 85 72 67
f 86 77 68
f 86 72 77
f 89 79 88
f 89 88 73
f 91 80 83
f 92 67 84
f 92 73 88
f 95 79 77
f 95 77 85
f 95 85 67
f 95 67 79
f 97 69 72
f 97 72 86
f 99 88 79
f 99 79 67
f 99 67 92
f 100 68 79
f 100 79 89
f 100 96 68
f 100 89 96
f 101 89 73
f 102 80 74
f 103 90 71
f 104 71 90
f 104 98 87
f 104 90 102
f 105 74 80
f 105 80 91
f 106 70 81
f 106 105 91
f 106 91 83
f 106 83 70
f 107 84 93
f 109 84 76
f 110 109 94
f 111 86 68
f 111 68 96
f 111 96 78
f 112 82 69
f 112 69 97
f 112 98 82
f 113 87 98
f 113 101 87
f 114 74 82
f 114 82 98
f 114 102 74
f 115 99 92
f 115 92 88
f 115 88 99
f 116 102 90
f 116 80 102
f 116 103 80
f 116 90 103
f 117 80 103
f 117 94 109
f 117 109 76
f 117 76 80
f 118 82 74
f 118 74 105
f 118 75 82
f 119 107 92
f 119 92 84
f 119 84 107
f 120 107 93
f 120 110 108
f 120 93 110
f 121 73 92
f 121 92 107
f 121 120 73
f 121 107 120
f 122 87 101
f 122 120 108
f 122 101 73
f 122 73 120
f 123 104 87
f 123 122 108
f 123 87 122
f 123 71 104
f 123 110 71
f 123 108 110
f 124 93 84
f 124 84 109
f 124 110 93
f 124 109 110
f 125 110 94
f 125 71 110
f 125 94 117
f 125 117 103
f 125 103 71
f 126 78 98
f 126 98 112
f 126 111 78
f 127 112 97
f 127 97 86
f 127 86 111
f 127 126 112
f 127 111 126
f 128 113 98
f 128 98 78
f 128 78 96
f 128 96 89
f 128 89 101
f 128 101 113
f 129 114 98
f 129 98 104
f 129 104 102
f 129 102 114
f 130 81 75
f 130 75 118
f 130 106 81
f 130 118 105
f 130 105 106
o distal003
usemtl Material003
v 0.017977823 -0.000525037 0.007448408
v 0.031817343 -0.017620914 -0.002320665
v 0.031817343 -0.007037752 -0.004762933
v 0.017163733 0.000289052 -0.004762933
v 0.017163733 -0.028204077 -0.003134754
v 0.022048270 0.000289052 0.000935693
v 0.031003253 -0.008665931 -0.001506576
v 0.017977823 -0.020877272 0.006634318
v 0.016881571 -0.000416539 0.007416059
v 0.030189164 -0.021691361 -0.004762933
v 0.025304627 -0.001339127 -0.004762933
v 0.026932806 -0.014364557 0.001749782
v 0.031817343 -0.012736378 -0.001506576
v 0.031003253 -0.007037752 -0.002320665
v 0.017045663 -0.028012808 -0.004817966
v 0.017262900 0.000565696 0.007366368
v 0.016921980 -0.020388142 0.006287071
v 0.031817343 -0.018435004 -0.004762933
v 0.018791912 -0.025761808 0.000935693
v 0.028560985 -0.021691361 -0.002320665
v 0.029375074 -0.004595484 -0.003134754
v 0.022048270 0.000289052 -0.004762933
v 0.025304627 -0.016806825 0.002563871
v 0.019606002 -0.020063183 0.005820229
v 0.029375074 -0.009480020 0.000121603
v 0.031817343 -0.007851842 -0.003134754
v 0.022048270 -0.026575898 -0.004762933
v 0.024859677 -0.024491460 -0.004903392
v 0.017149424 0.000294380 0.007445725
v 0.017163733 -0.024947719 0.002563871
v 0.031817343 -0.018435004 -0.003134754
v 0.031003253 -0.019249093 -0.002320665
v 0.017977823 -0.024947719 0.002563871
v 0.025304627 -0.001339127 -0.003134754
v 0.029375074 -0.004595484 -0.004762933
v 0.031817343 -0.007037752 -0.003948844
v 0.031817343 -0.013550467 -0.001506576
v 0.026932806 -0.011922289 0.001749782
v 0.017977823 -0.028204077 -0.004762933
v 0.025304627 -0.024947719 -0.003948844
v 0.017163733 -0.026575898 0.000121603
v 0.026118717 -0.020063183 0.000935693
v 0.030189164 -0.021691361 -0.003948844
v 0.026118717 -0.024133630 -0.003134754
v 0.017977823 -0.028204077 -0.003134754
v 0.017977823 -0.026575898 0.000121603
v 0.025304627 -0.023319540 -0.001506576
v 0.022048270 -0.026575898 -0.003948844
f 139 138 131
f 143 132 133
f 144 131 137
f 145 139 134
f 146 131 144
f 147 138 139
f 147 139 145
f 148 133 132
f 151 146 144
f 151 136 146
f 152 136 141
f 152 146 136
f 152 134 146
f 154 142 131
f 154 131 138
f 154 153 142
f 154 132 153
f 155 143 137
f 155 137 131
f 156 143 133
f 156 144 137
f 156 137 143
f 158 133 148
f 158 148 140
f 158 140 157
f 158 152 141
f 158 145 134
f 158 134 152
f 159 146 134
f 159 134 139
f 159 139 131
f 159 131 146
f 160 138 147
f 161 148 132
f 161 140 148
f 162 154 138
f 162 132 154
f 162 161 132
f 163 150 138
f 163 138 160
f 164 151 141
f 164 141 136
f 164 136 151
f 165 151 133
f 165 141 151
f 165 158 141
f 165 133 158
f 166 151 144
f 166 133 151
f 166 156 133
f 166 144 156
f 167 142 153
f 167 155 142
f 167 143 155
f 167 153 132
f 167 132 143
f 168 155 131
f 168 131 142
f 168 142 155
f 169 135 145
f 169 158 157
f 169 145 158
f 170 157 140
f 171 160 147
f 171 147 145
f 171 145 135
f 171 163 160
f 172 162 138
f 172 138 150
f 172 150 162
f 173 162 150
f 173 140 161
f 173 161 162
f 173 170 140
f 174 149 170
f 174 173 150
f 174 170 173
f 175 169 157
f 175 135 169
f 175 171 135
f 176 149 163
f 176 163 171
f 176 171 175
f 177 174 150
f 177 150 163
f 177 163 149
f 177 149 174
f 178 175 157
f 178 157 170
f 178 176 175
f 178 170 149
f 178 149 176
o distal004
usemtl Material004
v -0.004816680 0.021455377 -0.008019291
v -0.004816680 0.015756751 -0.008019291
v -0.004816680 0.019013108 -0.038954688
v -0.010515306 0.020641287 -0.040582867
v -0.012143485 0.015756751 -0.008019291
v -0.011329395 0.023897645 -0.031627883
v -0.005357126 0.016425427 -0.039338930
v -0.008073038 0.022269466 -0.035698330
v -0.012143485 0.022269466 -0.008019291
v -0.012112968 0.016607142 -0.039227384
v -0.004816680 0.015756751 -0.022672900
v -0.008887127 0.020641287 -0.040582867
v -0.004816680 0.021455377 -0.012089738
v -0.009701217 0.023083555 -0.012089738
v -0.012400547 0.022423506 -0.038757846
v -0.010515306 0.019827198 -0.040582867
v -0.012143485 0.015756751 -0.022672900
v -0.005217000 0.017750001 -0.039338998
v -0.008887127 0.022269466 -0.038954688
v -0.007258948 0.022269466 -0.009647470
v -0.012143485 0.023083555 -0.012903827
v -0.012243686 0.021995574 -0.039469006
v -0.012432892 0.023166870 -0.031549326
v -0.008887127 0.019827198 -0.040582867
v -0.008073038 0.021455377 -0.039768777
v -0.011329395 0.023083555 -0.038954688
v -0.011329395 0.022269466 -0.008019291
v -0.011329395 0.023897645 -0.029185615
v -0.011329395 0.023083555 -0.012089738
v -0.012143485 0.023897645 -0.029185615
v -0.009701217 0.022269466 -0.039768777
f 179 180 181
f 183 180 179
f 187 183 179
f 189 185 181
f 189 181 180
f 189 180 183
f 191 186 184
f 191 184 179
f 191 179 181
f 191 181 186
f 194 185 188
f 194 182 190
f 195 188 185
f 195 185 189
f 195 189 183
f 195 193 188
f 196 190 181
f 196 181 185
f 197 186 181
f 197 184 186
f 200 188 193
f 200 194 188
f 200 182 194
f 201 183 187
f 201 187 199
f 201 195 183
f 201 193 195
f 202 194 190
f 202 185 194
f 202 196 185
f 202 190 196
f 203 197 181
f 203 181 190
f 204 184 197
f 204 200 193
f 205 198 192
f 205 192 187
f 205 187 179
f 205 179 198
f 206 198 179
f 206 179 184
f 206 192 198
f 207 199 187
f 207 187 192
f 207 192 206
f 208 193 201
f 208 204 193
f 208 184 204
f 208 206 184
f 208 201 199
f 208 207 206
f 208 199 207
f 209 204 197
f 209 197 203
f 209 203 190
f 209 190 182
f 209 182 200
f 209 200 204
o distal005
usemtl Material005
v 0.000881946 0.030410360 0.103510956
v 0.003324214 0.025525824 0.101882778
v 0.000881946 0.029596271 0.087229168
v -0.010515306 0.028782181 0.087229168
v -0.008073038 0.021455377 0.104325046
v -0.005630770 0.032038539 0.091299615
v 0.003324214 0.027968092 0.096184152
v -0.000746233 0.021455377 0.104325046
v -0.002374412 0.032038539 0.097812331
v -0.004002591 0.031224449 0.087229168
v 0.003324214 0.027968092 0.101882778
v 0.000881946 0.020641287 0.087229168
v 0.000881946 0.030410360 0.093741884
v 0.002510124 0.023897645 0.103510956
v -0.006444859 0.027154002 0.104325046
v -0.003607868 0.019396811 0.087226187
v -0.008073038 0.030410360 0.087229168
v -0.002374412 0.031224449 0.088857347
v 0.002510124 0.023897645 0.088857347
v 0.000067856 0.031224449 0.099440509
v 0.002510124 0.026339913 0.103510956
v 0.001696035 0.021455377 0.103510956
v -0.000746233 0.023083555 0.104325046
v -0.005630770 0.032038539 0.101882778
v -0.010515306 0.027968092 0.101882778
v -0.009701217 0.020641287 0.087229168
v -0.001560323 0.019827198 0.103510956
v -0.009701217 0.030410360 0.093741884
v -0.003188501 0.031224449 0.087229168
v -0.000746233 0.030410360 0.087229168
v -0.003188501 0.032038539 0.093741884
v 0.003324214 0.025525824 0.093741884
v 0.001696035 0.022269466 0.087229168
v -0.002374412 0.032038539 0.102696867
v 0.001696035 0.028782181 0.103510956
v 0.002510124 0.023083555 0.102696867
v -0.008887127 0.026339913 0.104325046
v -0.011329395 0.024711734 0.087229168
v -0.002374412 0.020641287 0.104325046
v -0.004816680 0.019013108 0.093741884
v -0.003188501 0.019013108 0.095370062
v -0.000746233 0.019827198 0.102696867
v -0.009701217 0.030410360 0.098626420
v -0.004002591 0.032038539 0.091299615
v 0.003324214 0.027154002 0.092927794
v 0.002510124 0.025525824 0.088857347
v 0.000067856 0.031224449 0.102696867
v -0.004002591 0.031224449 0.103510956
v 0.001696035 0.021455377 0.092927794
v -0.010515306 0.025525824 0.102696867
v -0.007258948 0.030410360 0.103510956
v -0.011329395 0.027154002 0.091299615
v -0.005630770 0.020641287 0.104325046
v -0.005630770 0.019013108 0.087229168
v -0.008887127 0.020641287 0.094555973
v -0.004816680 0.019827198 0.102696867
v 0.000881946 0.020641287 0.092113705
v -0.000746233 0.019827198 0.101068688
v 0.003324214 0.026339913 0.092927794
v 0.002510124 0.027154002 0.089671437
v -0.000746233 0.031224449 0.103510956
v -0.004002591 0.032038539 0.102696867
v 0.002510124 0.023083555 0.099440509
v -0.010515306 0.027154002 0.102696867
f 220 211 216
f 222 216 212
f 223 211 220
f 224 214 217
f 226 215 219
f 226 225 213
f 226 219 225
f 229 216 222
f 229 220 216
f 230 217 223
f 230 223 220
f 231 223 217
f 232 224 217
f 232 210 224
f 232 217 230
f 233 218 215
f 236 231 217
f 237 226 213
f 237 215 226
f 237 233 215
f 238 219 215
f 238 225 219
f 239 227 222
f 239 222 212
f 239 238 227
f 239 212 225
f 239 225 238
f 240 222 227
f 240 229 222
f 240 218 229
f 240 215 218
f 241 216 211
f 242 225 212
f 242 221 225
f 243 229 218
f 243 218 233
f 244 230 220
f 244 220 210
f 244 232 230
f 244 210 232
f 245 211 223
f 245 223 231
f 245 241 211
f 246 214 224
f 247 213 225
f 247 225 235
f 248 236 217
f 248 217 214
f 250 225 221
f 251 231 236
f 251 236 250
f 252 233 237
f 252 237 213
f 253 240 227
f 253 227 238
f 253 238 215
f 253 215 240
f 254 212 216
f 254 216 241
f 255 242 212
f 255 228 242
f 255 254 228
f 256 229 243
f 256 210 220
f 256 220 229
f 258 228 241
f 258 242 228
f 258 221 242
f 258 245 231
f 258 231 221
f 259 214 246
f 259 247 235
f 260 252 234
f 260 233 252
f 260 246 224
f 260 224 257
f 261 213 247
f 261 252 213
f 261 234 252
f 261 247 259
f 262 248 214
f 262 236 248
f 263 235 225
f 263 250 249
f 263 225 250
f 264 263 249
f 264 235 263
f 264 259 235
f 264 214 259
f 265 250 236
f 265 249 250
f 265 236 262
f 265 262 214
f 265 264 249
f 265 214 264
f 266 251 221
f 266 221 231
f 266 231 251
f 267 251 250
f 267 250 221
f 267 221 251
f 268 254 241
f 268 241 228
f 268 228 254
f 269 255 212
f 269 212 254
f 269 254 255
f 270 256 243
f 270 210 256
f 270 243 257
f 270 257 224
f 270 224 210
f 271 257 243
f 271 243 233
f 271 260 257
f 271 233 260
f 272 258 241
f 272 241 245
f 272 245 258
f 273 259 246
f 273 261 259
f 273 234 261
f 273 260 234
f 273 246 260
o distal006
usemtl Material006
v 0.000881946 -0.007851842 -0.003134754
v 0.001132233 -0.023512786 -0.003208462
v 0.000881946 -0.007851842 -0.021044721
v -0.014525885 -0.007682603 -0.021036525
v -0.018203834 -0.008533310 -0.002652443
v -0.003188501 -0.019249093 -0.019416542
v -0.015648747 -0.007526789 -0.019181353
v 0.001243031 -0.023758992 -0.007831629
v 0.000067856 -0.024133630 -0.003134754
v -0.003188501 -0.017620914 -0.021044721
v -0.018268542 -0.007686716 -0.002949403
v -0.008887127 -0.020063183 -0.015346095
v -0.014585753 -0.008665931 -0.021044721
v 0.000881946 -0.016806825 -0.021044721
v -0.017028021 -0.008665931 -0.017788364
v -0.017842111 -0.010294110 -0.003134754
v 0.000067856 -0.024133630 -0.008019291
v -0.008887127 -0.015178646 -0.021044721
v 0.000067856 -0.019249093 -0.019416542
v -0.016666793 -0.007561788 -0.017528655
v -0.018656200 -0.008665931 -0.003948844
v -0.013771664 -0.010294110 -0.021044721
v -0.016213932 -0.008665931 -0.019416542
v -0.002374412 -0.023319540 -0.004762933
v -0.013771664 -0.014364557 -0.016160185
v -0.008073038 -0.020063183 -0.016160185
v -0.005630770 -0.016806825 -0.021044721
v -0.001560323 -0.017620914 -0.021044721
v 0.000881946 -0.020063183 -0.016160185
v -0.018656200 -0.007851842 -0.003948844
v -0.017028021 -0.009480020 -0.016160185
v -0.009701217 -0.015992736 -0.019416542
v -0.008887127 -0.020063183 -0.012903827
v -0.000746233 -0.024133630 -0.004762933
v -0.017842111 -0.010294110 -0.003948844
v -0.007258948 -0.018435004 -0.018602453
v -0.008887127 -0.016806825 -0.019416542
v -0.000746233 -0.024133630 -0.006391112
v -0.005630770 -0.019249093 -0.018602453
f 280 274 276
f 280 276 277
f 281 274 275
f 281 276 274
f 282 275 274
f 282 274 278
f 282 281 275
f 284 278 274
f 284 274 280
f 286 277 276
f 286 276 283
f 287 283 276
f 287 276 281
f 289 282 278
f 290 281 282
f 291 286 283
f 292 279 283
f 292 290 279
f 292 281 290
f 293 284 280
f 294 289 278
f 295 286 291
f 296 280 277
f 296 277 286
f 296 286 295
f 296 293 280
f 296 288 293
f 297 282 289
f 298 288 296
f 298 296 295
f 299 290 285
f 299 279 290
f 300 291 283
f 300 283 279
f 301 292 283
f 301 283 287
f 301 287 292
f 302 292 287
f 302 287 281
f 302 281 292
f 303 294 278
f 303 278 284
f 303 284 293
f 303 293 288
f 303 288 294
f 304 294 288
f 304 288 298
f 305 295 291
f 305 298 295
f 305 285 298
f 306 297 289
f 306 289 285
f 306 285 297
f 307 290 282
f 307 282 297
f 307 297 285
f 308 298 285
f 308 285 289
f 308 304 298
f 308 289 294
f 308 294 304
f 309 291 300
f 310 299 285
f 310 285 305
f 310 305 291
f 310 309 299
f 310 291 309
f 311 307 285
f 311 285 290
f 311 290 307
f 312 309 300
f 312 300 279
f 312 279 299
f 312 299 309
o distal007
usemtl Material007
v 0.007394661 0.012500393 0.019659749
v 0.013907376 0.012500393 0.006634318
v 0.006255377 0.016691708 0.013978615
v 0.000881946 0.016570840 0.000935693
v 0.000881946 0.011686304 0.000935693
v 0.005766482 0.016570840 0.000935693
v 0.000881946 0.016570840 0.013961123
v 0.011465108 0.012500393 0.013961123
v 0.005985258 0.016885934 0.008600824
v 0.012919441 0.011424197 0.000962142
v 0.006580571 0.012500393 0.019659749
v 0.013907376 0.012500393 0.004192050
v 0.013093287 0.012500393 0.000935693
v 0.011347371 0.011425218 0.013912342
v 0.000881946 0.011686304 0.013961123
v 0.013396776 0.011403514 0.004242744
v 0.007394661 0.011686304 0.019659749
v 0.006484956 0.011459893 0.019196940
v 0.013364139 0.011435126 0.006450647
f 318 317 316
f 319 316 317
f 320 314 315
f 320 315 313
f 321 315 314
f 321 318 316
f 321 319 315
f 321 316 319
f 323 313 315
f 323 315 319
f 324 321 314
f 324 318 321
f 325 322 317
f 325 317 318
f 325 324 322
f 325 318 324
f 326 314 320
f 327 323 319
f 327 319 317
f 328 324 314
f 328 322 324
f 329 326 320
f 329 320 313
f 329 313 323
f 330 327 317
f 330 326 329
f 330 329 323
f 330 323 327
f 330 328 326
f 330 317 322
f 330 322 328
f 331 328 314
f 331 314 326
f 331 326 328
o distal008
usemtl Material008
v 0.001237747 0.012011196 0.023687785
v 0.016349644 -0.001339127 0.019659749
v 0.012279197 0.011686304 0.014775212
v 0.000881946 0.011686304 0.013961123
v 0.000881946 -0.020877272 0.015589302
v 0.014721465 0.008429946 0.019659749
v 0.008208750 -0.017620914 0.020473838
v 0.000871188 0.011751355 0.023716264
v 0.011084070 -0.016654482 0.013444855
v 0.016349644 0.004359499 0.019659749
v 0.009216510 0.011676282 0.021124762
v 0.003324214 -0.003781395 0.022916106
v 0.015535555 0.005173589 0.013961123
v 0.008011727 -0.023569906 0.017856277
v 0.001108568 -0.020304710 0.013874751
v 0.001696035 0.010872214 0.023730196
v 0.000881946 -0.015178646 0.021287927
v 0.016349644 -0.001339127 0.018845659
v 0.014721465 0.009244036 0.013961123
v 0.011465108 -0.016806825 0.019659749
v 0.004322390 -0.023049030 0.013628666
v 0.000881946 -0.003781395 0.022916106
v 0.002510124 -0.015178646 0.021287927
v 0.002510124 -0.017620914 0.020473838
v 0.016349644 0.004359499 0.018845659
v 0.014721465 0.009244036 0.014775212
v 0.011758572 0.011206132 0.013757618
v 0.010434265 -0.018244816 0.013627506
v 0.010015519 -0.018122564 0.019943318
v 0.004138303 -0.023319540 0.014775212
v 0.000881946 0.010872214 0.023730196
v 0.004138303 -0.014364557 0.021287927
v 0.006580571 -0.023319540 0.018031570
v 0.000881946 -0.019249093 0.018031570
v 0.014953293 0.006515324 0.013842846
v 0.007394661 -0.023319540 0.014775212
v 0.005401479 -0.023681470 0.014351929
v 0.000881946 -0.016806825 0.020473838
f 332 334 335
f 339 332 335
f 339 335 336
f 342 337 334
f 342 334 332
f 342 341 337
f 343 338 333
f 346 336 335
f 347 333 341
f 347 343 333
f 347 332 339
f 347 342 332
f 347 341 342
f 349 340 344
f 349 341 333
f 351 349 333
f 351 340 349
f 352 346 335
f 352 335 340
f 352 336 346
f 353 343 347
f 353 348 343
f 353 339 348
f 354 348 338
f 354 343 348
f 355 338 348
f 356 349 344
f 356 341 349
f 356 350 341
f 356 344 350
f 357 350 334
f 357 334 337
f 357 337 341
f 357 341 350
f 358 335 334
f 358 334 350
f 358 340 335
f 359 351 345
f 359 340 351
f 359 352 340
f 360 338 345
f 360 345 351
f 360 351 333
f 360 333 338
f 361 336 352
f 362 353 347
f 362 347 339
f 362 339 353
f 363 354 338
f 363 338 343
f 363 343 354
f 364 345 338
f 364 338 355
f 364 336 361
f 365 336 364
f 365 339 336
f 366 358 350
f 366 350 344
f 366 344 340
f 366 340 358
f 367 359 345
f 367 352 359
f 368 364 361
f 368 345 364
f 368 367 345
f 368 361 352
f 368 352 367
f 369 355 348
f 369 348 339
f 369 339 365
f 369 365 364
f 369 364 355
o distal009
usemtl Material009
v -0.000746233 0.002731320 0.022916106
v 0.000829716 -0.011141682 0.020969720
v 0.000881946 0.007615857 0.014775212
v -0.012653159 0.007473325 0.014246567
v -0.012143485 -0.008665931 0.018845659
v -0.005071038 0.007620710 0.021590928
v 0.000851709 0.007570715 0.021520484
v -0.004002591 -0.013550467 0.021287927
v -0.003184309 -0.018424170 0.014772171
v -0.015424882 0.007618570 0.017161766
v -0.005630770 0.006801767 0.022102017
v 0.000881946 0.000289052 0.022916106
v 0.000881946 -0.011108199 0.014775212
v -0.009701217 -0.016806825 0.015589302
v -0.002978034 -0.016280693 0.020053368
v -0.002374412 0.001103142 0.022916106
v -0.010515306 0.007615857 0.020473838
v 0.000955805 -0.002658776 0.022234917
v -0.000746233 -0.002967305 0.022916106
v -0.015157858 -0.009205705 0.014327106
v -0.004816680 -0.016806825 0.020473838
v -0.002374412 0.002731320 0.022916106
v -0.008887127 -0.009480020 0.020473838
v -0.010515306 0.006801767 0.020473838
v -0.001560323 -0.001339127 0.022916106
v -0.013708771 -0.013465349 0.014425062
v -0.015391628 0.005616264 0.014956704
v -0.015399842 -0.009480020 0.015589302
v -0.005630770 -0.018435004 0.015589302
v -0.007258948 -0.013550467 0.020473838
v -0.006444859 -0.007851842 0.021287927
v -0.008073038 -0.017620914 0.014775212
v -0.013771664 -0.013550467 0.015589302
v -0.014585753 -0.006223663 0.017217480
v -0.015770187 0.006436600 0.016887458
v -0.008073038 -0.017620914 0.015589302
v -0.008073038 -0.011922289 0.020473838
v -0.004816680 -0.011922289 0.021287927
v -0.005630770 -0.018435004 0.014775212
v -0.009701217 -0.016806825 0.014775212
v -0.010515306 -0.014364557 0.018031570
v -0.011329395 -0.014364557 0.017217480
v -0.010515306 -0.012736378 0.018845659
f 376 372 375
f 379 375 372
f 379 372 373
f 380 376 375
f 380 370 376
f 381 376 370
f 382 371 378
f 382 373 372
f 384 378 371
f 385 381 370
f 386 380 375
f 386 375 379
f 387 372 376
f 387 376 381
f 387 382 372
f 387 381 371
f 387 371 382
f 388 377 371
f 388 371 381
f 388 381 385
f 389 373 382
f 390 378 384
f 390 384 371
f 390 371 377
f 391 385 370
f 391 370 380
f 391 380 385
f 392 385 380
f 393 386 379
f 393 374 392
f 393 392 380
f 393 380 386
f 394 388 385
f 394 377 388
f 395 389 382
f 395 382 378
f 396 379 373
f 396 373 389
f 397 396 389
f 397 389 395
f 398 378 390
f 399 390 377
f 400 394 385
f 400 385 392
f 402 397 395
f 402 374 397
f 403 397 374
f 404 379 396
f 404 396 397
f 404 397 403
f 404 403 374
f 404 393 379
f 404 374 393
f 405 398 390
f 405 390 383
f 405 401 398
f 405 383 401
f 406 392 374
f 406 400 392
f 406 399 377
f 407 377 394
f 407 394 400
f 407 406 377
f 407 400 406
f 408 401 395
f 408 395 378
f 408 378 398
f 408 398 401
f 409 401 383
f 409 395 401
f 409 402 395
f 409 383 402
f 410 383 390
f 411 410 402
f 411 402 383
f 411 383 410
f 412 410 390
f 412 390 399
f 412 399 406
f 412 406 374
f 412 374 402
f 412 402 410
o distal010
usemtl Material010
v 0.027746896 -0.015178646 -0.021858811
v 0.027746896 -0.024133630 -0.021858811
v 0.028209795 -0.015209613 -0.039175108
v 0.026932806 -0.015178646 -0.039768777
v 0.010651018 -0.016806825 -0.021858811
v 0.026118717 -0.024133630 -0.034884241
v 0.021509329 -0.014798141 -0.037628312
v 0.012315859 -0.024155704 -0.021519386
v 0.027701459 -0.024026123 -0.034263879
v 0.011465108 -0.015178646 -0.022672900
v 0.026932806 -0.017620914 -0.039768777
v 0.012000196 -0.015367251 -0.021611491
v 0.017977823 -0.024133630 -0.029999705
v 0.017981172 -0.015135954 -0.034070693
v 0.021234180 -0.015992736 -0.038140598
v 0.027834511 -0.017323658 -0.039235266
v 0.010688787 -0.020068935 -0.021732058
v 0.022048270 -0.024133630 -0.033256062
v 0.010651018 -0.016806825 -0.022672900
v 0.010651018 -0.020063183 -0.022672900
v 0.017977823 -0.015992736 -0.034070151
v 0.012279197 -0.024133630 -0.022672900
f 413 414 415
f 419 413 415
f 419 415 416
f 420 414 413
f 420 418 414
f 421 415 414
f 421 414 418
f 422 413 419
f 423 421 418
f 423 416 415
f 424 420 413
f 424 422 417
f 424 413 422
f 426 422 419
f 427 419 416
f 427 416 423
f 427 426 419
f 428 423 415
f 428 415 421
f 428 421 423
f 429 424 417
f 429 420 424
f 430 418 420
f 430 420 425
f 430 425 427
f 430 427 423
f 430 423 418
f 431 417 422
f 431 422 426
f 432 420 429
f 432 429 417
f 432 417 431
f 433 427 425
f 433 425 432
f 433 426 427
f 433 432 431
f 433 431 426
f 434 432 425
f 434 425 420
f 434 420 432
o distal011
usemtl Material011
v 0.026690905 -0.003595013 -0.012507406
v 0.029998383 -0.007946341 -0.012877522
v 0.022474000 0.000101000 -0.022066999
v 0.007394661 0.000289052 -0.021858811
v 0.007148000 -0.007231000 -0.013000000
v 0.023521832 -0.008183106 -0.022488803
v 0.017163733 0.000289052 -0.017788364
v 0.030189164 -0.005409573 -0.013717917
v 0.022983937 -0.003199932 -0.022742262
v 0.007394661 -0.007851842 -0.021858811
v 0.022862359 0.000289052 -0.021044721
v 0.008208750 -0.000525037 -0.015346095
v 0.030189164 -0.005409573 -0.012903827
v 0.028560985 -0.007037752 -0.020230632
v 0.006868916 -0.001024562 -0.015593670
v 0.023103978 -0.007834605 -0.022718495
v 0.030050715 -0.008276284 -0.014494584
v 0.022048270 -0.002153216 -0.012903827
v 0.007354240 0.000281207 -0.017925471
v 0.007394661 -0.005409573 -0.012903827
v 0.028376731 -0.008315558 -0.019920406
v 0.030189164 -0.006223663 -0.014532006
v 0.013939436 -0.003640160 -0.012656304
v 0.019606002 -0.002153216 -0.012903827
f 439 436 435
f 443 438 437
f 444 438 443
f 445 437 438
f 445 438 441
f 447 435 436
f 447 445 435
f 447 442 445
f 448 443 437
f 448 445 442
f 448 437 445
f 449 444 439
f 449 438 444
f 450 444 443
f 450 440 444
f 450 448 440
f 450 443 448
f 451 436 439
f 451 439 444
f 451 447 436
f 452 445 441
f 452 435 445
f 452 441 446
f 453 446 441
f 453 441 438
f 453 449 446
f 453 438 449
f 454 449 439
f 454 446 449
f 455 451 444
f 455 444 440
f 455 440 448
f 455 448 451
f 456 451 448
f 456 448 442
f 456 442 447
f 456 447 451
f 457 446 454
f 457 454 439
f 457 439 435
f 458 452 446
f 458 446 457
f 458 457 435
f 458 435 452
o distal012
usemtl Material012
v 0.027746896 -0.008665931 -0.021858811
v 0.027746896 -0.015178646 -0.021858811
v 0.027746896 -0.008665931 -0.040582867
v 0.015535555 -0.007851842 -0.039768777
v 0.008234996 -0.010003943 -0.021737562
v 0.015535555 -0.015178646 -0.038140598
v 0.027746896 -0.007851842 -0.040582867
v 0.028209795 -0.015209613 -0.039175108
v 0.025011164 -0.008589897 -0.021690264
v 0.007723168 -0.008290501 -0.029528869
v 0.012000196 -0.015367251 -0.021611491
v 0.026118717 -0.008665931 -0.040582867
v 0.008208750 -0.007851842 -0.021858811
v 0.012279197 -0.011922289 -0.037326509
v 0.011465108 -0.015178646 -0.022672900
v 0.026118717 -0.007851842 -0.040582867
v 0.026932806 -0.015178646 -0.039768777
v 0.008150145 -0.007674432 -0.029926386
v 0.007899829 -0.009769443 -0.022481723
v 0.027296067 -0.007890647 -0.031221415
v 0.015535555 -0.011922289 -0.039768777
v 0.008208750 -0.009480020 -0.029185615
v 0.014721465 -0.015178646 -0.037326509
v 0.018791912 -0.015178646 -0.038954688
v 0.012279197 -0.010294110 -0.037326509
v 0.013093287 -0.009480020 -0.038140598
v 0.013093287 -0.012736378 -0.038140598
v 0.017977823 -0.014364557 -0.039768777
v 0.013907376 -0.007851842 -0.038140598
f 466 459 460
f 466 465 459
f 466 461 465
f 467 460 459
f 469 467 463
f 469 460 467
f 469 466 460
f 469 464 466
f 470 465 461
f 471 463 467
f 471 467 459
f 473 469 463
f 474 470 462
f 474 465 470
f 475 470 461
f 475 461 466
f 476 468 471
f 476 474 462
f 476 465 474
f 477 471 468
f 477 463 471
f 477 473 463
f 478 471 459
f 478 459 465
f 478 476 471
f 478 465 476
f 479 462 470
f 480 468 472
f 480 477 468
f 480 473 477
f 481 464 469
f 481 469 473
f 481 473 480
f 482 475 466
f 482 466 464
f 483 472 468
f 483 468 476
f 484 462 479
f 484 472 483
f 484 483 476
f 485 479 464
f 485 484 479
f 485 472 484
f 485 464 481
f 485 481 480
f 485 480 472
f 486 479 470
f 486 470 475
f 486 475 482
f 486 482 464
f 486 464 479
f 487 484 476
f 487 476 462
f 487 462 484
o distal013
usemtl Material013
v -0.011329395 0.007615857 -0.021044721
v -0.011329395 -0.001339127 -0.021044721
v -0.011329395 -0.001339127 -0.039768777
v -0.030053451 0.007615857 -0.039768777
v -0.034123898 0.007615857 -0.021858811
v -0.011312379 0.007636669 -0.038660468
v -0.025168915 0.007615857 -0.021044721
v -0.034123898 0.001103142 -0.034070151
v -0.011329395 0.003545410 -0.039768777
v -0.033826223 0.008038054 -0.037796898
v -0.025065034 -0.000253395 -0.021050257
v -0.032495720 0.002731320 -0.038140598
v -0.022726647 0.007615857 -0.039768777
v -0.034123898 0.006801767 -0.038140598
v -0.034123898 0.001917231 -0.024301079
v -0.022726647 -0.001339127 -0.029999705
v -0.023540736 0.001917231 -0.039768777
v -0.032495720 0.001917231 -0.037326509
v -0.015399842 0.005173589 -0.039768777
v -0.032340284 0.008009033 -0.038572934
v -0.034123898 0.002731320 -0.037326509
v -0.032495720 0.006801767 -0.038954688
v -0.033962189 0.003160903 -0.021934618
v -0.024354826 -0.001339127 -0.022672900
v -0.015399842 -0.001339127 -0.038140598
v -0.027611183 0.004359499 -0.039768777
v -0.012143485 -0.001339127 -0.039768777
v -0.034123898 0.001917231 -0.036512420
v -0.034123898 0.001103142 -0.031627883
v -0.024093179 -0.000613872 -0.021061722
v -0.019470289 -0.001339127 -0.034070151
v -0.030053451 0.006801767 -0.039768777
v -0.033309809 0.001103142 -0.028371526
f 493 488 489
f 493 489 490
f 494 489 488
f 496 493 490
f 496 490 491
f 497 492 494
f 497 494 488
f 497 488 493
f 498 494 492
f 498 489 494
f 500 496 491
f 501 495 492
f 501 492 497
f 502 492 495
f 503 490 489
f 504 491 490
f 506 500 493
f 506 493 496
f 506 496 500
f 507 497 493
f 507 493 500
f 507 500 491
f 507 501 497
f 508 495 501
f 508 499 505
f 509 508 501
f 509 499 508
f 509 507 491
f 509 501 507
f 510 502 498
f 510 498 492
f 510 492 502
f 511 498 502
f 511 495 503
f 511 503 489
f 512 490 503
f 513 504 499
f 513 491 504
f 514 504 490
f 514 490 512
f 514 505 499
f 514 499 504
f 515 508 505
f 515 495 508
f 515 512 495
f 515 514 512
f 515 505 514
f 516 502 495
f 516 495 511
f 517 511 489
f 517 489 498
f 517 498 511
f 518 512 503
f 518 503 495
f 518 495 512
f 519 509 491
f 519 491 513
f 519 513 499
f 519 499 509
f 520 516 511
f 520 511 502
f 520 502 516
o distal014
usemtl Material014
v 0.000829716 -0.011141682 0.020969720
v 0.000881946 -0.018435004 0.018845659
v 0.000881946 -0.011108199 -0.003134754
v -0.003188501 -0.011108199 -0.003134754
v -0.003105715 -0.011084190 0.021063694
v 0.000067856 -0.024133630 -0.003134754
v 0.001421766 -0.022957159 0.002307190
v 0.000881946 -0.015178646 0.021287927
v 0.001132233 -0.023512786 -0.003208462
v -0.004002591 -0.020877272 -0.001506576
v -0.001560323 -0.020063183 0.015589302
v -0.002978034 -0.016280693 0.020053368
v 0.000881946 -0.016806825 0.020473838
v -0.004002591 -0.020877272 -0.003134754
v 0.000067856 -0.024133630 -0.002320665
v 0.000845527 -0.019663338 0.015077311
v -0.002374412 -0.014364557 0.021287927
v 0.000067856 -0.018435004 0.018845659
v -0.003188501 -0.019249093 0.015589302
v -0.001123370 -0.022669816 -0.003199701
v -0.001560323 -0.023319540 0.000121603
v 0.000067856 -0.023319540 0.002563871
v -0.000746233 -0.015178646 0.021287927
v -0.003188501 -0.020063183 0.012332944
v -0.000746233 -0.023319540 0.001749782
f 525 521 523
f 525 523 524
f 527 523 521
f 528 521 525
f 528 527 521
f 529 524 523
f 529 523 527
f 530 525 524
f 533 522 527
f 533 527 528
f 534 530 524
f 535 529 527
f 535 526 529
f 536 527 522
f 536 522 531
f 537 528 525
f 537 525 532
f 538 532 531
f 538 531 522
f 538 533 532
f 538 522 533
f 539 532 525
f 539 525 530
f 539 531 532
f 540 529 526
f 540 526 534
f 540 534 524
f 540 524 529
f 541 534 526
f 541 530 534
f 541 526 535
f 542 535 527
f 542 536 531
f 542 527 536
f 543 533 528
f 543 528 537
f 543 537 532
f 543 532 533
f 544 539 530
f 544 530 541
f 544 541 531
f 544 531 539
f 545 541 535
f 545 535 542
f 545 542 531
f 545 531 541
o distal015
usemtl Material015
v 0.005025872 -0.024233873 0.028703204
v 0.005277565 -0.024472411 0.028332214
v 0.001025647 -0.028663143 0.014600257
v -0.009040781 -0.029404751 0.014813577
v -0.005630770 -0.029018166 0.024544285
v -0.008073038 -0.023319540 0.026986553
v 0.004952393 -0.024947719 0.025358374
v 0.000881946 -0.027389987 0.028614732
v -0.002374412 -0.030646345 0.019659749
v -0.002374412 -0.028204077 0.014775212
v -0.008887127 -0.025761808 0.027800643
v 0.004952393 -0.029832255 0.021287927
v -0.006444859 -0.023319540 0.026986553
v 0.004952393 -0.025761808 0.028614732
v -0.008073038 -0.030646345 0.018031570
v 0.000067856 -0.029018166 0.025358374
v -0.008758903 -0.029525608 0.014744658
v -0.008887127 -0.026575898 0.019659749
v -0.000746233 -0.027389987 0.028614732
v -0.008957980 -0.023501052 0.028886586
v 0.005166008 -0.027459604 0.019650264
v -0.002714211 -0.030029712 0.014807065
v 0.002510124 -0.028204077 0.026172464
v -0.003188501 -0.030646345 0.019659749
v -0.008887127 -0.029832255 0.019659749
v 0.001696035 -0.029832255 0.022102017
v -0.001560323 -0.029018166 0.025358374
v -0.008887127 -0.023319540 0.027800643
v -0.008845463 -0.024685887 0.028369712
v 0.004952393 -0.029832255 0.019659749
v -0.007787811 -0.029944483 0.014719580
v -0.004816680 -0.029832255 0.022102017
v -0.008073038 -0.028204077 0.024544285
v 0.000650000 -0.029495001 0.015081000
f 552 546 547
f 555 552 548
f 558 546 552
f 558 555 551
f 558 552 555
f 559 547 546
f 559 546 553
f 559 557 547
f 562 555 548
f 562 549 555
f 562 560 549
f 563 555 549
f 563 551 555
f 564 556 550
f 564 561 553
f 565 549 556
f 565 564 553
f 565 553 546
f 566 552 547
f 566 547 557
f 566 548 552
f 567 554 560
f 568 559 553
f 568 557 559
f 568 561 557
f 568 553 561
f 569 560 554
f 569 554 561
f 570 556 549
f 570 549 560
f 570 560 550
f 571 561 554
f 571 554 557
f 571 557 561
f 572 564 550
f 572 561 564
f 572 569 561
f 573 551 563
f 573 563 549
f 573 549 565
f 573 558 551
f 573 565 546
f 573 546 558
f 574 565 556
f 574 556 564
f 574 564 565
f 575 566 557
f 575 548 566
f 575 557 554
f 575 554 567
f 576 562 548
f 576 548 567
f 576 567 560
f 576 560 562
f 577 550 560
f 577 560 569
f 577 572 550
f 577 569 572
f 578 570 550
f 578 550 556
f 578 556 570
f 579 575 567
f 579 567 548
f 579 548 575
o distal016
usemtl Material016
v 0.005766482 0.012500393 0.046524699
v 0.011465108 0.007615857 0.044082430
v 0.011465108 0.012500393 0.031871090
v 0.003283869 0.013135323 0.031824265
v 0.006580571 0.008429946 0.045710609
v 0.013279057 0.008990375 0.031909687
v 0.004138303 0.014942661 0.044082430
v 0.011465108 0.012500393 0.034313358
v 0.008809060 0.007294596 0.046517118
v 0.013907376 0.010058125 0.031871090
v 0.005766482 0.014942661 0.031871090
v 0.003324214 0.011686304 0.046524699
v 0.011465108 0.008429946 0.044082430
v 0.005766482 0.014128572 0.044896520
v 0.011184127 0.007415354 0.041630412
v 0.010651018 0.009244036 0.031871090
v 0.013276091 0.008944861 0.033309673
v 0.003324214 0.014942661 0.032685179
v 0.008208750 0.014128572 0.033499268
v 0.002510124 0.014942661 0.044896520
v 0.006600726 0.008618140 0.046868159
v 0.005766482 0.009244036 0.043268341
v 0.013907376 0.010058125 0.033499268
v 0.008470000 0.008717000 0.046298999
v 0.009022840 0.007615857 0.041640162
v 0.004314334 0.014202443 0.031926494
v 0.009836929 0.013314483 0.031871090
v 0.005766482 0.014942661 0.035941537
v 0.009836929 0.013314483 0.035941537
v 0.004138303 0.013314483 0.046524699
v 0.002510124 0.014942661 0.042454252
v 0.003324214 0.014942661 0.044896520
v 0.008411238 0.007724982 0.046574606
v 0.003324214 0.011686304 0.044896520
v 0.008208750 0.007615857 0.044082430
v 0.003913322 0.013776857 0.031866060
v 0.008208750 0.014128572 0.035127447
v 0.003126449 0.012819483 0.046513639
v 0.002707106 0.013951087 0.042460660
f 589 583 582
f 589 582 587
f 592 588 581
f 593 592 587
f 593 580 592
f 594 581 588
f 595 589 585
f 595 583 589
f 596 585 589
f 596 594 585
f 596 581 594
f 597 586 590
f 599 586 597
f 600 591 584
f 600 584 588
f 601 584 591
f 602 589 587
f 602 587 592
f 602 592 581
f 602 596 589
f 602 581 596
f 603 592 580
f 603 580 588
f 603 588 592
f 604 594 588
f 604 601 583
f 604 583 595
f 604 595 585
f 604 585 594
f 605 597 590
f 606 590 598
f 606 582 583
f 606 583 590
f 606 587 582
f 607 598 590
f 607 590 586
f 608 593 587
f 608 606 598
f 608 587 606
f 608 586 593
f 609 580 593
f 609 600 580
f 610 599 597
f 610 597 583
f 611 593 586
f 611 586 599
f 611 609 593
f 611 599 609
f 612 600 588
f 612 588 580
f 612 580 600
f 613 601 591
f 613 583 601
f 614 604 588
f 614 588 584
f 614 584 601
f 614 601 604
f 615 605 590
f 615 590 583
f 615 583 597
f 615 597 605
f 616 607 586
f 616 586 608
f 616 608 598
f 616 598 607
f 617 609 599
f 617 599 591
f 617 591 600
f 617 600 609
f 618 591 599
f 618 599 610
f 618 613 591
f 618 610 583
f 618 583 613
o distal017
usemtl Material017
v 0.000881946 0.015756751 -0.004762933
v 0.000881946 0.007615857 -0.004762933
v 0.000881946 0.014128572 -0.040582867
v -0.012112968 0.016607142 -0.039227384
v -0.012143485 0.007615857 -0.004762933
v 0.000881946 0.016570840 -0.038954688
v 0.001057520 0.017002108 -0.022714905
v -0.012143485 0.015756751 -0.004762933
v -0.007258948 0.007615857 -0.039768777
v -0.004002591 0.016570840 -0.039768777
v 0.000906237 0.007645684 -0.039346086
v -0.012143485 0.011686304 -0.039768777
v -0.012143485 0.016570840 -0.022672900
v 0.000067856 0.014128572 -0.040582867
v 0.000881946 0.012500393 -0.040582867
v -0.012123831 0.007639892 -0.038614836
v 0.000067856 0.012500393 -0.040582867
v -0.009701217 0.009244036 -0.039768777
f 623 620 619
f 625 619 620
f 625 621 624
f 626 623 619
f 626 619 625
f 627 620 623
f 628 624 621
f 628 625 624
f 628 622 625
f 629 625 620
f 629 621 625
f 629 620 627
f 630 623 626
f 631 626 625
f 631 625 622
f 631 630 626
f 631 622 630
f 632 628 621
f 632 622 628
f 632 630 622
f 633 629 627
f 633 621 629
f 633 632 621
f 634 627 623
f 634 623 630
f 635 633 627
f 635 630 632
f 635 632 633
f 636 634 630
f 636 627 634
f 636 635 627
f 636 630 635
o distal018
usemtl Material018
v 0.014721465 0.009244036 0.013961123
v 0.017163733 -0.022505451 0.005820229
v 0.017163733 0.007615857 0.005006140
v 0.009839744 0.011816353 0.005163539
v 0.009662142 -0.018756257 0.013592920
v 0.011983361 -0.025111754 0.004766131
v 0.013907376 0.011686304 0.007448408
v 0.017163733 0.007615857 0.011518855
v 0.009924821 0.011900195 0.014052111
v 0.017163733 -0.022505451 0.005006140
v 0.013434487 0.011461364 0.005041704
v 0.009984381 -0.024573475 0.004920587
v 0.010651018 -0.022505451 0.010704765
v 0.016349644 0.010058125 0.011518855
v 0.013907376 -0.018435004 0.012332944
v 0.011465108 -0.019249093 0.013961123
v 0.016349644 -0.024133630 0.005006140
v 0.016349644 0.010058125 0.005820229
v 0.009836929 -0.024947719 0.006634318
v 0.015535555 0.007615857 0.013961123
v 0.014721465 0.010872214 0.012332944
v 0.016349644 -0.020063183 0.009076586
v 0.009836929 -0.022505451 0.010704765
v 0.016349644 -0.024133630 0.005820229
v 0.010651018 -0.025761808 0.005006140
v 0.015535555 0.003545410 0.013961123
v 0.011758572 0.011206132 0.013757618
v 0.013093287 0.011686304 0.012332944
v 0.017163733 -0.020877272 0.007448408
v 0.013093287 -0.020063183 0.012332944
v 0.010651018 -0.025761808 0.005820229
v 0.012279197 -0.025761808 0.005820229
v 0.012279197 -0.017620914 0.013961123
v 0.016349644 0.003545410 0.013147033
v 0.015535555 -0.021691361 0.009076586
v 0.011465108 -0.020877272 0.012332944
v 0.013093287 -0.024947719 0.006634318
v 0.017163733 0.005173589 0.011518855
v 0.016349644 0.005173589 0.013147033
v 0.016349644 -0.023319540 0.006634318
v 0.013093287 -0.020877272 0.011518855
f 644 638 639
f 645 640 641
f 645 643 640
f 646 642 639
f 646 639 638
f 647 642 640
f 647 639 642
f 647 640 643
f 648 640 642
f 650 644 639
f 652 645 641
f 653 646 638
f 653 642 646
f 654 647 643
f 654 639 647
f 654 650 639
f 654 643 650
f 655 641 640
f 655 640 648
f 656 650 637
f 656 644 650
f 656 637 645
f 657 637 650
f 657 650 643
f 659 652 641
f 659 649 652
f 659 641 655
f 660 653 638
f 661 655 648
f 661 648 642
f 661 642 653
f 662 656 645
f 663 657 645
f 663 645 637
f 663 637 657
f 664 657 643
f 664 643 645
f 664 645 657
f 665 638 644
f 666 658 651
f 666 651 652
f 667 659 655
f 667 649 659
f 667 655 661
f 668 661 653
f 668 653 660
f 668 667 661
f 668 649 667
f 669 652 651
f 669 651 662
f 669 662 645
f 669 645 652
f 670 662 651
f 670 651 658
f 670 658 665
f 670 656 662
f 671 665 658
f 671 658 666
f 672 652 649
f 673 668 660
f 673 649 668
f 673 672 649
f 674 670 665
f 674 665 644
f 674 644 670
f 675 670 644
f 675 644 656
f 675 656 670
f 676 671 660
f 676 665 671
f 676 660 638
f 676 638 665
f 677 671 666
f 677 666 652
f 677 652 672
f 677 660 671
f 677 673 660
f 677 672 673
o distal019
usemtl Material019
v 0.011465108 -0.007851842 0.064434665
v 0.011465108 -0.009480020 0.064434665
v 0.013093287 -0.011922289 0.051409235
v 0.012740864 -0.009106850 0.048533261
v 0.005769094 -0.018858349 0.048902402
v 0.013093287 -0.008665931 0.049781056
v 0.005695000 -0.012486000 0.062650003
v 0.009022840 -0.018435004 0.049781056
v 0.013093287 -0.010294110 0.051409235
v 0.012279197 -0.014364557 0.048966967
v 0.009836929 -0.007851842 0.052223324
v 0.009022840 -0.010294110 0.064434665
v 0.006580571 -0.019249093 0.050595146
v 0.012279197 -0.014364557 0.051409235
v 0.009022840 -0.018435004 0.048966967
v 0.012233766 -0.007839609 0.048962994
v 0.008208750 -0.008665931 0.063620576
v 0.005766482 -0.013550467 0.054665593
v 0.007394661 -0.013550467 0.061992397
v 0.005766482 -0.019249093 0.050595146
v 0.009836929 -0.016806825 0.052223324
v 0.011465108 -0.015992736 0.048966967
v 0.005766482 -0.016806825 0.049781056
v 0.009836929 -0.007851842 0.063620576
v 0.012279197 -0.007851842 0.052223324
v 0.005766482 -0.011108199 0.061178308
v 0.009022840 -0.009480020 0.064434665
v 0.006580571 -0.011922289 0.063620576
v 0.010651018 -0.010294110 0.064434665
v 0.005409812 -0.012945982 0.061683194
v 0.011465108 -0.015992736 0.049781056
v 0.008208750 -0.008665931 0.061992397
v 0.006580571 -0.011108199 0.063620576
f 678 679 680
f 686 683 678
f 686 678 680
f 686 680 683
f 687 683 680
f 687 681 683
f 689 679 678
f 691 687 680
f 691 680 679
f 692 682 681
f 692 690 682
f 692 685 690
f 693 683 681
f 693 681 682
f 696 690 685
f 697 682 690
f 697 690 696
f 698 691 679
f 698 696 685
f 699 687 691
f 699 685 692
f 699 692 681
f 699 681 687
f 700 693 682
f 700 688 693
f 700 695 688
f 701 693 688
f 701 678 693
f 701 694 678
f 701 688 694
f 702 693 678
f 702 678 683
f 702 683 693
f 703 688 695
f 704 689 678
f 704 678 694
f 705 684 696
f 705 689 704
f 706 679 689
f 706 705 696
f 706 689 705
f 706 698 679
f 706 696 698
f 707 682 697
f 707 700 682
f 707 695 700
f 707 703 695
f 707 684 703
f 707 697 696
f 707 696 684
f 708 698 685
f 708 685 699
f 708 699 691
f 708 691 698
f 709 703 694
f 709 694 688
f 709 688 703
f 710 703 684
f 710 694 703
f 710 684 705
f 710 705 704
f 710 704 694
o distal020
usemtl Material020
v 0.041586415 -0.014364557 -0.022672900
v 0.048913220 -0.016806825 -0.037326509
v 0.044028684 -0.007851842 -0.037326509
v 0.028560985 -0.007851842 -0.041396956
v 0.027804256 -0.016836470 -0.039318267
v 0.048099131 -0.012736378 -0.041396956
v 0.031817343 -0.008665931 -0.022672900
v 0.048099131 -0.011922289 -0.037326509
v 0.043044999 -0.018137001 -0.027122000
v 0.041586415 -0.007851842 -0.042211045
v 0.048913220 -0.016806825 -0.040582867
v 0.042400505 -0.007851842 -0.033256062
v 0.027640795 -0.009776456 -0.022635988
v 0.048913220 -0.014364557 -0.036512420
v 0.046470952 -0.009480020 -0.039768777
v 0.041542221 -0.016873213 -0.022664322
v 0.043299001 -0.007798000 -0.040247001
v 0.038330058 -0.012736378 -0.042211045
v 0.045520051 -0.017756091 -0.031813634
v 0.039144147 -0.011922289 -0.022672900
v 0.027630700 -0.007852777 -0.031697500
v 0.046470952 -0.009480020 -0.038140598
v 0.044028684 -0.011108199 -0.029185615
v 0.048913220 -0.013550467 -0.039768777
v 0.043214594 -0.007851842 -0.041396956
v 0.047285041 -0.016806825 -0.033256062
v 0.027746896 -0.016806825 -0.022672900
v 0.043214594 -0.007851842 -0.034884241
v 0.029375074 -0.009480020 -0.041396956
v 0.037515968 -0.010294110 -0.042211045
v 0.036701879 -0.016806825 -0.040582867
v 0.042400505 -0.011922289 -0.042211045
v 0.036701879 -0.009480020 -0.024301079
v 0.038330058 -0.007851842 -0.030813794
v 0.029089997 -0.009108357 -0.022679675
v 0.027746896 -0.007851842 -0.040582867
v 0.048913220 -0.013550467 -0.037326509
v 0.044842773 -0.013550467 -0.029185615
v 0.048099131 -0.011922289 -0.040582867
v 0.048913220 -0.015992736 -0.036512420
v 0.047285041 -0.015992736 -0.033256062
v 0.028560985 -0.008665931 -0.041396956
v 0.039958237 -0.007851842 -0.042211045
v 0.048099131 -0.015992736 -0.041396956
v 0.042400505 -0.010294110 -0.042211045
v 0.034259611 -0.008665931 -0.024301079
v 0.035887790 -0.010294110 -0.022672900
v 0.037515968 -0.007851842 -0.030813794
v 0.027746896 -0.009480020 -0.040582867
v 0.037515968 -0.011922289 -0.042211045
v 0.047285041 -0.015992736 -0.041396956
v 0.039958237 -0.012736378 -0.042211045
f 724 712 721
f 726 711 723
f 729 719 715
f 729 721 712
f 730 723 711
f 732 725 713
f 732 718 725
f 733 718 732
f 733 730 711
f 734 724 721
f 734 721 716
f 735 725 716
f 735 716 720
f 735 720 727
f 735 727 713
f 735 713 725
f 736 726 719
f 736 711 726
f 736 729 712
f 736 719 729
f 737 726 723
f 737 715 719
f 737 719 726
f 737 731 715
f 737 723 731
f 738 727 722
f 738 713 727
f 738 732 713
f 738 733 732
f 738 722 733
f 739 728 715
f 740 720 728
f 741 715 728
f 741 729 715
f 741 721 729
f 742 728 720
f 743 733 722
f 743 730 733
f 744 717 722
f 744 722 727
f 745 731 723
f 745 723 717
f 745 717 731
f 746 731 727
f 746 727 714
f 747 733 724
f 747 718 733
f 747 734 718
f 747 724 734
f 748 733 711
f 748 711 724
f 748 724 733
f 749 725 718
f 749 718 734
f 749 734 716
f 749 716 725
f 750 736 712
f 750 712 724
f 750 724 736
f 751 736 724
f 751 724 711
f 751 711 736
f 752 739 715
f 752 728 739
f 752 714 740
f 752 746 714
f 753 740 714
f 753 720 740
f 753 727 720
f 753 714 727
f 754 721 741
f 754 742 716
f 754 716 721
f 755 742 720
f 755 720 716
f 755 716 742
f 756 743 722
f 756 722 717
f 756 717 743
f 757 743 717
f 757 730 743
f 757 717 723
f 757 723 730
f 758 731 717
f 758 717 744
f 758 744 727
f 758 727 731
f 759 715 731
f 759 731 746
f 759 752 715
f 759 746 752
f 760 752 740
f 760 740 728
f 760 728 752
f 761 754 741
f 761 741 728
f 761 728 754
f 762 754 728
f 762 728 742
f 762 742 754
o distal021
usemtl Material021
v -0.000261403 0.009860191 0.060880756
v -0.000516000 0.009570000 0.060720999
v -0.003188501 0.010058125 0.044896520
v -0.016896313 0.003463486 0.041001889
v -0.011329395 0.004359499 0.058736040
v -0.010515306 0.002731320 0.053851503
v -0.008887127 0.010872214 0.045710609
v -0.001560323 0.009244036 0.052223324
v -0.008887127 0.003545410 0.059550129
v -0.015399842 0.002731320 0.041640162
v -0.002989736 0.012051781 0.045844017
v -0.004002591 0.010058125 0.060364218
v -0.015399842 0.006801767 0.044896520
v -0.000746233 0.009244036 0.059550129
v -0.012143485 0.002731320 0.048966967
v -0.004002591 0.006801767 0.060364218
v -0.011014470 0.002507526 0.058584014
v -0.004818611 0.011687488 0.041640166
v -0.001560323 0.010872214 0.047338788
v -0.005630770 0.011686304 0.049781056
v -0.007258948 0.006801767 0.060364218
v -0.017028021 0.003545410 0.046524699
v -0.006444859 0.009244036 0.057921950
v -0.002374412 0.008429946 0.053037414
v -0.009701217 0.002731320 0.057921950
v -0.009701217 0.003545410 0.059550129
v -0.016625060 0.002550571 0.041404621
v -0.005124958 0.011158133 0.041629989
v -0.010515306 0.010058125 0.041640162
v -0.001652000 0.011879000 0.047541000
v -0.002374412 0.010872214 0.045710609
v -0.007258948 0.011686304 0.041640162
v -0.000616150 0.010490968 0.059610309
v -0.008887127 0.006801767 0.059550129
v -0.007258948 0.005987678 0.060364218
v -0.002374412 0.010058125 0.061178308
v -0.012957574 0.003545410 0.056293771
v -0.010515306 0.010058125 0.044896520
v -0.009701217 0.002731320 0.058736040
v -0.004002591 0.006801767 0.057921950
v -0.009701217 0.005173589 0.059550129
v -0.017028021 0.002731320 0.046524699
v -0.014585753 0.007615857 0.042454252
v -0.004816680 0.011686304 0.050595146
v -0.007258948 0.011686304 0.045710609
v -0.014215839 0.007258560 0.041349692
v -0.006444859 0.005987678 0.060364218
v -0.012957574 0.002731320 0.056293771
f 776 770 763
f 776 763 764
f 777 772 765
f 778 764 763
f 778 776 764
f 779 777 768
f 781 770 765
f 781 763 770
f 782 769 774
f 784 775 766
f 785 774 769
f 786 768 777
f 786 770 776
f 786 777 765
f 786 765 770
f 787 768 786
f 787 779 768
f 788 779 771
f 788 767 779
f 789 772 777
f 789 777 779
f 789 766 772
f 790 772 766
f 790 766 780
f 790 780 765
f 790 765 772
f 792 780 773
f 792 763 781
f 793 781 765
f 793 765 780
f 793 792 781
f 793 780 792
f 794 791 769
f 794 780 766
f 794 773 780
f 795 763 792
f 796 783 774
f 796 774 785
f 796 785 775
f 796 775 767
f 797 788 771
f 797 783 788
f 798 774 783
f 798 795 774
f 798 763 795
f 798 783 797
f 798 778 763
f 799 767 775
f 799 775 784
f 800 785 769
f 800 775 785
f 800 769 791
f 801 787 778
f 801 778 771
f 801 771 779
f 801 779 787
f 802 787 786
f 802 786 776
f 802 776 778
f 802 778 787
f 803 788 783
f 803 767 788
f 803 796 767
f 803 783 796
f 804 789 779
f 804 784 766
f 804 766 789
f 804 799 784
f 805 766 775
f 805 800 791
f 805 775 800
f 806 792 773
f 806 773 782
f 806 795 792
f 806 782 774
f 806 774 795
f 807 794 769
f 807 769 782
f 807 782 773
f 807 773 794
f 808 794 766
f 808 791 794
f 808 805 791
f 808 766 805
f 809 797 771
f 809 771 778
f 809 798 797
f 809 778 798
f 810 779 767
f 810 767 799
f 810 804 779
f 810 799 804
o distal022
usemtl Material022
v 0.027746896 -0.023319540 -0.012903827
v 0.027746896 -0.031460434 -0.012903827
v 0.027746896 -0.031460434 -0.021858811
v 0.009836929 -0.023319540 -0.021858811
v 0.002552303 -0.023184264 -0.012865400
v 0.027746896 -0.023319540 -0.021858811
v 0.022862359 -0.039601328 -0.021858811
v 0.018008498 -0.037869268 -0.022173257
v 0.002564798 -0.022905436 -0.013379969
v 0.027746896 -0.038787239 -0.021044721
v 0.009836929 -0.030646345 -0.012903827
v 0.027126042 -0.038312006 -0.021995711
v 0.013907376 -0.036344971 -0.021858811
v 0.022048270 -0.036344971 -0.016160185
v 0.023520571 -0.038829296 -0.021998412
v 0.002510124 -0.024133630 -0.013717917
v 0.017977823 -0.037973149 -0.021044721
v 0.009836929 -0.024133630 -0.021858811
v 0.026118717 -0.034716792 -0.015346095
v 0.023676449 -0.039601328 -0.021044721
v 0.020420091 -0.034716792 -0.014532006
v 0.005766482 -0.023319540 -0.018602453
v 0.006580571 -0.029018166 -0.012903827
v 0.014721465 -0.036344971 -0.018602453
v 0.022862359 -0.035530881 -0.015346095
v 0.027746896 -0.035530881 -0.016974274
v 0.016349644 -0.031460434 -0.012903827
v 0.005766482 -0.024133630 -0.018602453
v 0.006580571 -0.029018166 -0.013717917
v 0.002510124 -0.024133630 -0.012903827
v 0.013907376 -0.036344971 -0.021044721
v 0.014721465 -0.035530881 -0.016974274
v 0.017163733 -0.037159060 -0.017788364
v 0.026118717 -0.033088613 -0.013717917
v 0.012686889 -0.034389621 -0.021565802
v 0.013907376 -0.035530881 -0.017788364
v 0.022862359 -0.039601328 -0.021044721
v 0.019606002 -0.036344971 -0.016160185
v 0.022862359 -0.034716792 -0.014532006
v 0.019606002 -0.035530881 -0.015346095
v 0.019606002 -0.037973149 -0.018602453
f 811 812 813
f 815 812 811
f 816 811 813
f 818 814 816
f 819 815 811
f 819 811 816
f 819 816 814
f 820 813 812
f 822 818 816
f 822 816 813
f 822 820 817
f 822 813 820
f 825 822 817
f 825 817 818
f 825 818 822
f 826 815 819
f 827 823 818
f 827 818 817
f 828 814 818
f 828 818 823
f 830 817 820
f 830 820 824
f 832 826 819
f 832 819 814
f 832 814 828
f 833 821 815
f 835 824 820
f 835 820 829
f 836 829 820
f 836 820 812
f 837 831 812
f 837 821 831
f 837 812 815
f 837 815 821
f 838 832 828
f 838 826 832
f 839 833 826
f 839 826 823
f 839 823 833
f 840 833 815
f 840 815 826
f 840 826 833
f 841 823 827
f 841 827 834
f 841 834 833
f 841 833 823
f 842 821 833
f 843 834 827
f 843 821 842
f 844 836 812
f 844 829 836
f 845 838 828
f 845 828 823
f 845 823 826
f 845 826 838
f 846 842 833
f 846 833 834
f 846 843 842
f 846 834 843
f 847 843 827
f 847 827 817
f 847 817 830
f 847 830 824
f 848 824 831
f 848 821 843
f 848 847 824
f 849 835 829
f 849 829 844
f 849 831 824
f 849 824 835
f 849 844 812
f 849 812 831
f 850 848 831
f 850 831 821
f 850 821 848
f 851 848 843
f 851 843 847
f 851 847 848
o distal023
usemtl Material023
v 0.010334452 -0.018849411 0.028824372
v 0.012279197 -0.020063183 0.028614732
v 0.012279197 -0.018435004 0.022102017
v 0.007437758 -0.018352173 0.016784765
v 0.004591628 -0.028798824 0.021178720
v 0.011734567 -0.018373305 0.028082481
v 0.004952393 -0.025761808 0.028614732
v 0.008208750 -0.025761808 0.017217480
v 0.007394661 -0.018435004 0.018845659
v 0.006580571 -0.026575898 0.026986553
v 0.005287137 -0.023927740 0.028926494
v 0.011465108 -0.021691361 0.021287927
v 0.004701336 -0.028856920 0.019669724
v 0.009836929 -0.019249093 0.018031570
v 0.005766482 -0.028204077 0.023730196
v 0.006580571 -0.025761808 0.028614732
v 0.004952393 -0.023319540 0.027800643
v 0.012279197 -0.020063183 0.022916106
v 0.007092223 -0.022642458 0.016573561
v 0.009022840 -0.018435004 0.017217480
v 0.009836929 -0.021691361 0.018031570
v 0.005766482 -0.029018166 0.021287927
v 0.010651018 -0.023319540 0.026986553
v 0.011465108 -0.020877272 0.020473838
v 0.007127111 -0.025756604 0.017265399
v 0.008208750 -0.022505451 0.016403391
v 0.005766482 -0.029018166 0.019659749
v 0.011465108 -0.022505451 0.026986553
v 0.012279197 -0.019249093 0.022102017
v 0.009022840 -0.023319540 0.017217480
v 0.011465108 -0.020063183 0.020473838
v 0.006968112 -0.023868817 0.016805494
v 0.008208750 -0.024133630 0.016403391
v 0.011465108 -0.022505451 0.024544285
v 0.007394661 -0.027389987 0.022102017
v 0.007394661 -0.027389987 0.019659749
f 857 854 855
f 857 852 853
f 857 853 854
f 860 857 855
f 860 852 857
f 862 853 852
f 866 858 856
f 867 866 861
f 867 858 866
f 867 862 858
f 867 853 862
f 868 862 852
f 868 852 860
f 868 860 855
f 868 856 858
f 868 858 862
f 868 864 856
f 868 855 864
f 869 854 853
f 870 864 855
f 871 855 854
f 871 854 865
f 873 866 856
f 873 856 864
f 873 861 866
f 874 867 861
f 874 853 867
f 874 861 873
f 875 869 863
f 875 863 859
f 875 872 865
f 877 870 855
f 877 855 871
f 877 871 865
f 877 865 872
f 878 873 864
f 878 876 859
f 878 864 876
f 879 869 853
f 879 853 874
f 880 875 854
f 880 854 869
f 880 869 875
f 881 875 859
f 881 872 875
f 882 875 865
f 882 865 854
f 882 854 875
f 883 876 864
f 883 864 870
f 884 859 876
f 884 876 883
f 884 883 870
f 884 870 877
f 884 881 859
f 884 877 872
f 884 872 881
f 885 863 869
f 885 869 879
f 885 859 863
f 886 879 874
f 886 874 873
f 886 873 878
f 886 885 879
f 887 886 878
f 887 878 859
f 887 859 885
f 887 885 886
o distal024
usemtl Material024
v 0.007921409 -0.021932750 0.036782774
v 0.009022840 -0.023319540 0.029428821
v 0.009041444 -0.020529131 0.029333053
v -0.008887127 -0.022505451 0.028614732
v -0.005630770 -0.024947719 0.036755626
v 0.005671410 -0.024705030 0.028091456
v -0.010541217 -0.021762378 0.036779327
v 0.008139027 -0.021150925 0.035823852
v 0.008446258 -0.022954543 0.028304292
v -0.004816680 -0.025761808 0.028614732
v 0.004138303 -0.024947719 0.035941537
v 0.006580571 -0.020063183 0.032685179
v 0.006580571 -0.020877272 0.035941537
v 0.009016437 -0.020853177 0.028599332
v 0.007394661 -0.020877272 0.028614732
v -0.008845463 -0.024685887 0.028369712
v 0.005766482 -0.024947719 0.029428821
v 0.006580571 -0.023319540 0.036755626
v 0.001696035 -0.025761808 0.029428821
v -0.010699020 -0.022255234 0.031907465
v 0.007394661 -0.020063183 0.034313358
v 0.001448257 -0.025362557 0.028301622
v -0.008887127 -0.024947719 0.029428821
v 0.000881946 -0.024947719 0.036755626
v -0.004816680 -0.025761808 0.029428821
v 0.007394661 -0.020063183 0.032685179
v 0.006580571 -0.020063183 0.034313358
v -0.009701217 -0.023319540 0.036755626
v -0.010515306 -0.023319540 0.031871090
v 0.004138303 -0.024133630 0.036755626
v -0.008073038 -0.024133630 0.035941537
v -0.010515306 -0.023319540 0.033499268
f 894 892 888
f 895 888 889
f 895 889 890
f 896 889 893
f 899 890 891
f 900 894 888
f 900 888 895
f 901 890 889
f 901 889 896
f 902 896 893
f 902 893 891
f 902 901 896
f 902 891 890
f 902 890 901
f 903 891 893
f 904 893 889
f 904 889 898
f 905 898 889
f 905 889 888
f 906 904 898
f 906 893 904
f 907 899 891
f 907 894 899
f 907 891 903
f 908 895 890
f 908 900 895
f 909 903 893
f 909 897 903
f 909 906 897
f 909 893 906
f 910 903 897
f 911 888 892
f 911 906 898
f 911 892 906
f 912 906 892
f 912 897 906
f 912 910 897
f 912 892 910
f 913 908 890
f 913 890 899
f 913 899 908
f 914 908 899
f 914 899 894
f 914 894 900
f 914 900 908
f 915 892 894
f 916 907 903
f 916 903 910
f 917 905 888
f 917 888 911
f 917 911 898
f 917 898 905
f 918 915 910
f 918 910 892
f 918 892 915
f 919 916 910
f 919 910 915
f 919 915 894
f 919 894 907
f 919 907 916
o distal025
usemtl Material025
v 0.009836929 0.005987678 0.050595146
v 0.014721465 0.002731320 0.040826073
v 0.012279197 0.009244036 0.040826073
v 0.012387300 0.009481163 0.031803573
v 0.006580571 0.005987678 0.049781056
v 0.015535555 0.005987678 0.032685179
v 0.011465108 0.006801767 0.047338788
v 0.010261695 0.002174695 0.050651138
v 0.006947856 0.008201900 0.049745029
v 0.014721465 0.003545410 0.040826073
v 0.013907376 0.009244036 0.034313358
v 0.014246036 0.002664853 0.031853309
v 0.007017604 0.007487676 0.050739457
v 0.010651018 0.004359499 0.050595146
v 0.009307643 0.009754371 0.040862293
v 0.009022840 0.007615857 0.049781056
v 0.015535555 0.005173589 0.033499268
v 0.013279057 0.008990375 0.031909687
v 0.014721465 0.007615857 0.034313358
v 0.009836929 0.008429946 0.035941537
v 0.009836929 0.002731320 0.047338788
v 0.011943572 0.002311393 0.046999458
v 0.006580571 0.005987678 0.050595146
v 0.012279197 0.004359499 0.047338788
v 0.008208750 0.007615857 0.050595146
v 0.015535555 0.003545410 0.031871090
v 0.015535555 0.005987678 0.031871090
v 0.013093287 0.003545410 0.032685179
v 0.009836929 0.009244036 0.035941537
v 0.009022840 0.003545410 0.047338788
v 0.015535555 0.004359499 0.033499268
v 0.012279197 0.008429946 0.031871090
v 0.015535555 0.003545410 0.032685179
f 929 922 926
f 933 926 920
f 933 932 927
f 933 920 932
f 934 928 922
f 934 930 923
f 934 922 930
f 935 926 922
f 935 920 926
f 936 929 921
f 936 925 929
f 937 923 930
f 938 929 925
f 938 925 930
f 938 930 922
f 938 922 929
f 940 931 927
f 941 931 921
f 941 927 931
f 942 924 927
f 942 927 932
f 942 932 928
f 942 928 924
f 943 929 926
f 943 926 933
f 943 921 929
f 943 941 921
f 943 933 927
f 943 927 941
f 944 935 922
f 944 922 928
f 944 928 932
f 944 932 920
f 944 920 935
f 945 925 936
f 945 931 923
f 945 921 931
f 946 937 930
f 946 930 925
f 946 925 945
f 946 945 923
f 946 923 937
f 947 924 939
f 947 931 940
f 948 934 923
f 948 928 934
f 948 939 924
f 948 924 928
f 949 940 927
f 949 927 924
f 949 947 940
f 949 924 947
f 950 945 936
f 950 936 921
f 951 947 939
f 951 923 931
f 951 931 947
f 951 948 923
f 951 939 948
f 952 950 921
f 952 921 945
f 952 945 950
o distal026
usemtl Material026
v 0.037515968 -0.007037752 -0.032441973
v 0.044028684 -0.007851842 -0.037326509
v 0.030189164 0.003545410 -0.034884241
v 0.029375074 -0.001339127 -0.042211045
v 0.029520942 -0.007944491 -0.041088017
v 0.034259611 0.001103142 -0.041396956
v 0.041586415 -0.007037752 -0.033256062
v 0.031817343 -0.007851842 -0.031627883
v 0.029078237 0.000060119 -0.032912229
v 0.035073700 0.001103142 -0.038954688
v 0.029375074 0.003545410 -0.038954688
v 0.043214594 -0.007851842 -0.041396956
v 0.041370902 -0.008089098 -0.033345532
v 0.028909579 0.002920301 -0.035054471
v 0.029414177 -0.007804060 -0.032346774
v 0.030189164 0.000289052 -0.032441973
v 0.044028684 -0.007037752 -0.037326509
v 0.029375074 0.001917231 -0.040582867
v 0.030189164 0.003545410 -0.038954688
v 0.031817343 -0.007037752 -0.042211045
v 0.035073700 -0.002153216 -0.042211045
v 0.037507819 -0.008071893 -0.032505232
v 0.029375074 -0.002153216 -0.042211045
v 0.029227245 -0.006294554 -0.032407368
v 0.031817343 -0.007037752 -0.031627883
v 0.030189164 0.001917231 -0.033256062
v 0.044028684 -0.007037752 -0.040582867
v 0.033445521 0.001917231 -0.036512420
v 0.032631432 0.001103142 -0.041396956
v 0.035073700 0.001103142 -0.040582867
v 0.033445521 -0.001339127 -0.042211045
v 0.037515968 -0.001339127 -0.041396956
v 0.036701879 -0.006223663 -0.042211045
v 0.030189164 -0.006223663 -0.031627883
v 0.029081457 0.001591922 -0.033430768
v 0.033445521 0.001917231 -0.040582867
v 0.043214594 -0.007037752 -0.041396956
v 0.034259611 -0.007037752 -0.042211045
v 0.036701879 -0.004595484 -0.042211045
v 0.035887790 -0.002967305 -0.042211045
f 965 954 959
f 965 964 954
f 965 957 964
f 966 955 963
f 968 953 959
f 969 959 954
f 970 966 963
f 970 956 966
f 971 958 963
f 971 963 955
f 971 955 962
f 972 964 957
f 973 972 956
f 974 957 965
f 974 967 957
f 974 960 967
f 974 953 960
f 974 965 959
f 974 959 953
f 975 966 956
f 975 957 966
f 975 972 957
f 975 956 972
f 976 966 957
f 976 957 967
f 976 961 966
f 977 960 953
f 977 953 968
f 978 968 959
f 978 959 955
f 979 969 954
f 979 954 964
f 979 962 969
f 980 969 962
f 980 962 955
f 980 955 959
f 980 959 969
f 981 958 956
f 981 956 970
f 981 970 963
f 981 963 958
f 982 971 962
f 982 962 979
f 983 973 956
f 983 956 958
f 983 958 973
f 984 973 958
f 984 982 979
f 984 958 982
f 985 972 973
f 986 968 961
f 986 961 976
f 986 977 968
f 986 976 967
f 986 967 960
f 986 960 977
f 987 978 955
f 987 955 966
f 987 966 961
f 987 961 968
f 987 968 978
f 988 982 958
f 988 958 971
f 988 971 982
f 989 964 985
f 989 984 979
f 989 979 964
f 990 985 964
f 990 964 972
f 990 972 985
f 991 989 985
f 991 985 973
f 992 991 973
f 992 989 991
f 992 973 984
f 992 984 989
o distal027
usemtl Material027
v 0.012279197 0.000289052 0.064434665
v 0.013093287 -0.005409573 0.064434665
v 0.013093287 -0.007851842 0.048966967
v 0.011350004 -0.002129046 0.048934024
v 0.010912443 -0.007996078 0.063739805
v 0.011878737 -0.003247485 0.048688217
v 0.013093287 -0.003781395 0.062806487
v 0.011465108 -0.007851842 0.064434665
v 0.010716079 0.001214196 0.061168502
v 0.010651018 -0.007037752 0.048966967
v 0.012279197 0.000289052 0.062806487
v 0.013093287 -0.003781395 0.064434665
v 0.011119000 0.001060000 0.063954003
v 0.013093287 -0.007851842 0.049781056
v 0.010572308 -0.008119502 0.053080902
v 0.012454673 -0.006224516 0.048482492
v 0.009836929 -0.002967305 0.052223324
v 0.012279197 -0.007037752 0.064434665
v 0.012166128 -0.008057678 0.049032037
v 0.011214965 -0.002359496 0.049095241
v 0.009836929 -0.004595484 0.052223324
v 0.009836929 -0.002967305 0.054665593
v 0.010542509 -0.008142381 0.054642137
f 999 994 995
f 1000 994 993
f 1002 996 998
f 1003 995 998
f 1003 999 995
f 1003 993 999
f 1003 998 996
f 1003 996 1001
f 1004 999 993
f 1004 993 994
f 1004 994 999
f 1005 1000 993
f 1005 997 1000
f 1005 1001 997
f 1005 1003 1001
f 1005 993 1003
f 1006 1000 997
f 1006 995 994
f 1008 1002 998
f 1008 998 995
f 1009 1001 996
f 1010 1006 994
f 1010 994 1000
f 1010 1000 1006
f 1011 1007 1002
f 1011 995 1006
f 1011 1006 997
f 1011 1008 995
f 1011 1002 1008
f 1012 1009 996
f 1012 996 1002
f 1012 1002 1009
f 1013 1009 1002
f 1013 1002 1007
f 1014 997 1001
f 1014 1001 1009
f 1014 1013 997
f 1014 1009 1013
f 1015 1011 997
f 1015 1007 1011
f 1015 1013 1007
f 1015 997 1013
o distal028
usemtl Material028
v -0.016213932 0.002731320 0.047338788
v -0.015718120 -0.010688052 0.047367835
v -0.016213932 0.001103142 0.040826073
v -0.021098468 0.001917231 0.035127447
v -0.018656200 -0.007037752 0.047338788
v -0.019969400 -0.006012842 0.035127221
v -0.017842111 0.002731320 0.037569715
v -0.014864621 0.002505631 0.047085683
v -0.017842111 0.000289052 0.047338788
v -0.015399842 -0.008665931 0.044896520
v -0.021098468 -0.005409573 0.036755626
v -0.020284379 0.002731320 0.038383805
v -0.019799075 0.002862546 0.035127378
v -0.018656200 -0.001339127 0.035941537
v -0.016053334 0.003042134 0.045878430
v -0.016550976 0.002888930 0.041280690
v -0.015781745 -0.010946887 0.045074890
v -0.020722193 -0.004818887 0.035053561
v -0.017028021 0.002731320 0.046524699
v -0.018656200 -0.000525037 0.045710609
v -0.021098468 0.001917231 0.036755626
v -0.018656200 0.001103142 0.035941537
v -0.017842111 -0.010294110 0.044896520
v -0.020124786 -0.006313536 0.035130672
v -0.017842111 0.001103142 0.046524699
v -0.017028021 0.001917231 0.047338788
v -0.018656200 -0.005409573 0.047338788
v -0.021098468 -0.003781395 0.037569715
v -0.017028021 -0.010294110 0.047338788
v -0.016690545 -0.010503886 0.044298807
v -0.021098468 -0.002153216 0.037569715
f 1023 1016 1017
f 1025 1023 1017
f 1025 1018 1023
f 1028 1019 1027
f 1029 1022 1018
f 1029 1021 1028
f 1029 1025 1021
f 1029 1018 1025
f 1030 1016 1023
f 1030 1028 1027
f 1031 1023 1018
f 1031 1018 1022
f 1031 1030 1023
f 1031 1022 1028
f 1031 1028 1030
f 1032 1025 1017
f 1032 1021 1025
f 1033 1026 1019
f 1033 1028 1021
f 1033 1019 1028
f 1034 1030 1027
f 1034 1016 1030
f 1035 1024 1027
f 1036 1035 1027
f 1036 1027 1019
f 1036 1019 1026
f 1037 1029 1028
f 1037 1028 1022
f 1037 1022 1029
f 1038 1020 1026
f 1039 1033 1021
f 1039 1026 1033
f 1039 1038 1026
f 1039 1021 1032
f 1040 1034 1027
f 1040 1027 1024
f 1040 1024 1034
f 1041 1034 1024
f 1041 1016 1034
f 1041 1024 1017
f 1041 1017 1016
f 1042 1024 1035
f 1042 1020 1017
f 1042 1017 1024
f 1042 1035 1036
f 1043 1036 1026
f 1043 1026 1020
f 1043 1020 1042
f 1044 1038 1032
f 1044 1032 1017
f 1044 1017 1020
f 1044 1020 1038
f 1045 1039 1032
f 1045 1032 1038
f 1045 1038 1039
f 1046 1043 1042
f 1046 1042 1036
f 1046 1036 1043
o distal029
usemtl Material029
v 0.000630536 0.020013204 -0.007621280
v 0.000881946 0.015756751 -0.008019291
v 0.000881946 0.017384930 -0.031627883
v -0.005077033 0.017876922 -0.038816460
v -0.004816680 0.015756751 -0.008019291
v -0.000871289 0.016262992 -0.037952639
v -0.004002591 0.019013108 -0.034884241
v 0.000881946 0.020641287 -0.008833380
v 0.000751050 0.016247610 -0.031533322
v -0.004915024 0.016574251 -0.038779323
v 0.000881946 0.015756751 -0.022672900
v -0.004840212 0.020580071 -0.008015181
v -0.000746233 0.017384930 -0.038140598
v -0.004816680 0.015756751 -0.022672900
v -0.004816680 0.020641287 -0.017788364
v -0.005128044 0.018320717 -0.034820951
v -0.004002591 0.018199019 -0.038954688
v -0.004002591 0.020641287 -0.017788364
v -0.003188501 0.018199019 -0.038140598
v -0.003188501 0.016570840 -0.038954688
v -0.003188501 0.017384930 -0.038954688
f 1051 1048 1047
f 1054 1047 1048
f 1054 1048 1049
f 1057 1048 1051
f 1057 1052 1055
f 1057 1055 1049
f 1057 1049 1048
f 1058 1051 1047
f 1058 1047 1054
f 1059 1055 1052
f 1059 1049 1055
f 1059 1054 1049
f 1059 1053 1054
f 1060 1056 1052
f 1060 1051 1050
f 1060 1050 1056
f 1060 1057 1051
f 1060 1052 1057
f 1061 1053 1050
f 1061 1058 1054
f 1062 1050 1051
f 1062 1051 1058
f 1062 1061 1050
f 1062 1058 1061
f 1063 1050 1053
f 1063 1056 1050
f 1064 1061 1054
f 1064 1054 1053
f 1064 1053 1061
f 1065 1063 1053
f 1065 1053 1059
f 1065 1059 1063
f 1066 1059 1052
f 1066 1052 1056
f 1066 1056 1063
f 1067 1066 1063
f 1067 1063 1059
f 1067 1059 1066
o distal030
usemtl Material030
v -0.009717858 -0.025838060 0.024378116
v -0.008736517 -0.026997658 0.023612370
v -0.008887127 -0.026575898 0.018845659
v -0.017842111 -0.020063183 0.014775212
v -0.016213932 -0.027389987 0.018031570
v -0.015399842 -0.020063183 0.022916106
v -0.012957574 -0.026575898 0.023730196
v -0.010515306 -0.029832255 0.014775212
v -0.015399842 -0.020063183 0.023730196
v -0.016617005 -0.020041048 0.014688189
v -0.010515306 -0.027389987 0.023730196
v -0.008758903 -0.029525608 0.014744658
v -0.016213932 -0.027389987 0.014775212
v -0.017028021 -0.021691361 0.023730196
v -0.018656200 -0.020063183 0.019659749
v -0.008988956 -0.026841103 0.023809263
v -0.013771664 -0.028204077 0.019659749
v -0.008617817 -0.029177718 0.018626024
v -0.008887127 -0.028204077 0.015589302
v -0.014585753 -0.028204077 0.014775212
v -0.017842111 -0.023319540 0.014775212
v -0.016213932 -0.023319540 0.023730196
v -0.016385528 -0.020202344 0.023712022
v -0.017842111 -0.022505451 0.022916106
v -0.014585753 -0.028204077 0.017217480
v -0.009701217 -0.029832255 0.018845659
v -0.018656200 -0.020877272 0.016403391
v -0.017842111 -0.021691361 0.022916106
v -0.017028021 -0.024947719 0.021287927
v -0.011329395 -0.029018166 0.019659749
v -0.010515306 -0.029832255 0.016403391
v -0.012143485 -0.029018166 0.018845659
v -0.018656200 -0.020877272 0.019659749
v -0.015399842 -0.025761808 0.022102017
v -0.017842111 -0.023319540 0.019659749
f 1068 1069 1070
f 1076 1068 1070
f 1076 1070 1073
f 1077 1073 1070
f 1077 1076 1073
f 1078 1068 1074
f 1080 1077 1079
f 1082 1077 1071
f 1082 1076 1077
f 1083 1078 1069
f 1083 1069 1068
f 1083 1068 1078
f 1084 1074 1072
f 1085 1079 1070
f 1085 1070 1069
f 1086 1079 1077
f 1086 1077 1070
f 1086 1070 1079
f 1087 1072 1080
f 1087 1080 1079
f 1087 1079 1075
f 1088 1071 1077
f 1088 1077 1080
f 1088 1080 1072
f 1089 1074 1068
f 1089 1068 1081
f 1090 1081 1068
f 1090 1068 1076
f 1090 1076 1082
f 1091 1089 1081
f 1091 1074 1089
f 1092 1087 1075
f 1092 1072 1087
f 1093 1085 1069
f 1093 1069 1078
f 1093 1075 1079
f 1093 1079 1085
f 1094 1082 1071
f 1094 1071 1088
f 1095 1090 1082
f 1095 1081 1090
f 1095 1091 1081
f 1095 1082 1091
f 1097 1093 1078
f 1097 1078 1074
f 1097 1074 1084
f 1098 1092 1075
f 1098 1075 1093
f 1099 1098 1093
f 1099 1092 1098
f 1099 1084 1072
f 1099 1072 1092
f 1099 1097 1084
f 1099 1093 1097
f 1100 1091 1082
f 1100 1082 1094
f 1100 1094 1088
f 1101 1096 1072
f 1101 1072 1074
f 1101 1074 1091
f 1101 1091 1096
f 1102 1096 1091
f 1102 1091 1100
f 1102 1072 1096
f 1102 1100 1088
f 1102 1088 1072
o distal031
usemtl Material031
v -0.003188501 0.029596271 0.068505112
v 0.000881946 0.021455377 0.068505112
v 0.000067856 0.023083555 0.050595146
v -0.012143485 0.027154002 0.050595146
v -0.012957574 0.021455377 0.066876934
v -0.003188501 0.027968092 0.050595146
v 0.000881946 0.024711734 0.068505112
v -0.010515306 0.019013108 0.068505112
v -0.012143485 0.026339913 0.068505112
v -0.010046287 0.017214080 0.050139715
v -0.006444859 0.028782181 0.052223324
v -0.000527356 0.025799077 0.068575768
v 0.000881946 0.023083555 0.059550129
v -0.000746233 0.027968092 0.064434665
v -0.009701217 0.028782181 0.065248755
v -0.013771664 0.023083555 0.059550129
v -0.012349168 0.022626161 0.068445431
v -0.001560323 0.016570840 0.050595146
v -0.012957574 0.019013108 0.057107861
v -0.009396422 0.027466751 0.050611847
v -0.004816680 0.028782181 0.052223324
v -0.002374412 0.018199019 0.068505112
v -0.005630770 0.029596271 0.068505112
v -0.002374412 0.028782181 0.061992397
v -0.000746233 0.027968092 0.065248755
v -0.000746233 0.025525824 0.051409235
v 0.000881946 0.023897645 0.061178308
v -0.012143485 0.027154002 0.061992397
v -0.009701217 0.028782181 0.056293771
v -0.012957574 0.024711734 0.066876934
v -0.012236863 0.023588758 0.068484785
v 0.000067856 0.020641287 0.050595146
v -0.010515306 0.017384930 0.051409235
v -0.012143485 0.019827198 0.066876934
v -0.013771664 0.021455377 0.059550129
v -0.013771664 0.020641287 0.050595146
v -0.005630770 0.029596271 0.063620576
v -0.008073038 0.018199019 0.068505112
v 0.000067856 0.019827198 0.066062844
v -0.010877010 0.027006536 0.068489876
v -0.002374412 0.027968092 0.054665593
v -0.003188501 0.029596271 0.066876934
v 0.000067856 0.026339913 0.064434665
v -0.011329395 0.027968092 0.057107861
v -0.012957574 0.025525824 0.054665593
v 0.000881946 0.022269466 0.059550129
v 0.000881946 0.021455377 0.065248755
v -0.012143485 0.019013108 0.061992397
v -0.012957574 0.025525824 0.050595146
v -0.012143485 0.018199019 0.050595146
v -0.013771664 0.020641287 0.053851503
v -0.005630770 0.015756751 0.052223324
v -0.001560323 0.016570840 0.052223324
v -0.004002591 0.029596271 0.063620576
v -0.003188501 0.028782181 0.057921950
v 0.000881946 0.024711734 0.067691023
v -0.000746233 0.018199019 0.054665593
v -0.007258948 0.017384930 0.065248755
v -0.012143485 0.018199019 0.053037414
v -0.005333524 0.016433525 0.050537237
v -0.008073038 0.016570840 0.052223324
v -0.000746233 0.019013108 0.066062844
v -0.004002591 0.015756751 0.052223324
v -0.004002591 0.028782181 0.054665593
f 1112 1108 1105
f 1112 1106 1108
f 1114 1109 1103
f 1114 1104 1109
f 1114 1111 1110
f 1115 1109 1104
f 1119 1107 1110
f 1122 1113 1108
f 1122 1108 1106
f 1122 1106 1113
f 1123 1108 1113
f 1124 1104 1114
f 1125 1114 1103
f 1125 1111 1114
f 1127 1116 1103
f 1127 1103 1109
f 1128 1105 1108
f 1129 1109 1115
f 1129 1115 1105
f 1129 1105 1128
f 1130 1111 1117
f 1131 1113 1106
f 1131 1117 1125
f 1132 1118 1107
f 1132 1111 1130
f 1132 1119 1111
f 1132 1107 1119
f 1133 1119 1110
f 1133 1110 1111
f 1133 1111 1119
f 1134 1120 1112
f 1134 1112 1105
f 1134 1105 1115
f 1136 1110 1107
f 1136 1107 1121
f 1137 1121 1107
f 1137 1107 1118
f 1138 1137 1118
f 1139 1123 1113
f 1139 1125 1103
f 1139 1131 1125
f 1139 1113 1131
f 1140 1124 1114
f 1140 1114 1110
f 1141 1104 1124
f 1142 1125 1117
f 1142 1117 1111
f 1142 1111 1125
f 1143 1126 1116
f 1143 1108 1126
f 1143 1128 1108
f 1143 1116 1128
f 1144 1103 1116
f 1144 1116 1126
f 1144 1139 1103
f 1145 1127 1109
f 1145 1116 1127
f 1145 1129 1128
f 1145 1128 1116
f 1146 1130 1117
f 1146 1106 1130
f 1146 1131 1106
f 1146 1117 1131
f 1147 1130 1106
f 1147 1132 1130
f 1147 1118 1132
f 1148 1134 1115
f 1148 1115 1104
f 1149 1104 1120
f 1149 1148 1104
f 1149 1134 1148
f 1150 1136 1121
f 1150 1110 1136
f 1151 1106 1112
f 1151 1112 1138
f 1151 1147 1106
f 1151 1138 1118
f 1151 1118 1147
f 1152 1121 1138
f 1152 1138 1112
f 1152 1112 1135
f 1153 1138 1121
f 1153 1121 1137
f 1153 1137 1138
f 1155 1120 1104
f 1155 1104 1141
f 1156 1123 1139
f 1156 1139 1144
f 1157 1144 1126
f 1157 1126 1108
f 1157 1156 1144
f 1158 1145 1109
f 1158 1109 1129
f 1158 1129 1145
f 1159 1149 1120
f 1159 1120 1134
f 1159 1134 1149
f 1160 1150 1135
f 1160 1110 1150
f 1160 1140 1110
f 1160 1124 1140
f 1161 1150 1121
f 1161 1135 1150
f 1161 1152 1135
f 1161 1121 1152
f 1162 1154 1112
f 1162 1112 1120
f 1163 1135 1112
f 1163 1112 1154
f 1163 1160 1135
f 1163 1154 1160
f 1164 1155 1141
f 1164 1141 1124
f 1164 1124 1155
f 1165 1120 1155
f 1165 1162 1120
f 1165 1154 1162
f 1165 1155 1124
f 1165 1160 1154
f 1165 1124 1160
f 1166 1157 1108
f 1166 1108 1123
f 1166 1123 1156
f 1166 1156 1157
o distal032
usemtl Material032
v 0.013907376 0.010872214 0.023730196
v 0.016349644 -0.002153216 0.023730196
v 0.016349644 0.004359499 0.019659749
v 0.009072988 0.009448126 0.019535399
v 0.010651018 0.010058125 0.023730196
v 0.014865451 -0.002088313 0.019506999
v 0.013093287 0.010872214 0.020473838
v 0.015535555 0.006801767 0.023730196
v 0.014316000 -0.001309000 0.024125000
v 0.016349644 -0.002153216 0.019659749
v 0.014721465 0.008429946 0.019659749
v 0.008877058 0.011748748 0.020822703
v 0.016349644 0.004359499 0.022102017
v 0.015535555 0.006801767 0.021287927
v 0.011090927 0.011792739 0.023756683
v 0.016349644 -0.000525037 0.023730196
v 0.015192175 -0.002118477 0.023821442
v 0.013907376 -0.001339127 0.022916106
v 0.011465108 0.010058125 0.019659749
v 0.013907376 0.010872214 0.022102017
v 0.009022840 0.009244036 0.021287927
v 0.009022840 0.010872214 0.022102017
v 0.011465108 0.011686304 0.021287927
v 0.010651018 0.011686304 0.020473838
v 0.013907376 0.010058125 0.020473838
v 0.008986200 0.009645405 0.019868860
f 1175 1174 1167
f 1176 1172 1169
f 1176 1169 1168
f 1177 1172 1170
f 1177 1169 1172
f 1179 1168 1169
f 1179 1169 1174
f 1180 1174 1169
f 1180 1167 1174
f 1180 1169 1177
f 1181 1175 1167
f 1181 1171 1175
f 1182 1175 1168
f 1182 1174 1175
f 1182 1179 1174
f 1182 1168 1179
f 1183 1168 1175
f 1183 1176 1168
f 1183 1172 1176
f 1184 1170 1172
f 1184 1183 1175
f 1184 1172 1183
f 1185 1177 1170
f 1185 1173 1177
f 1186 1180 1177
f 1186 1167 1180
f 1187 1184 1175
f 1187 1170 1184
f 1188 1181 1178
f 1188 1171 1181
f 1188 1178 1187
f 1188 1187 1175
f 1188 1175 1171
f 1189 1186 1173
f 1189 1181 1167
f 1189 1167 1186
f 1190 1173 1185
f 1190 1189 1173
f 1190 1178 1181
f 1190 1181 1189
f 1190 1185 1170
f 1190 1170 1178
f 1191 1186 1177
f 1191 1177 1173
f 1191 1173 1186
f 1192 1187 1178
f 1192 1178 1170
f 1192 1170 1187
o distal033
usemtl Material033
v -0.007206267 0.030038725 0.087248429
v -0.004816680 0.027154002 0.074203738
v -0.004754900 0.029078177 0.068536569
v -0.009701217 0.028782181 0.065248755
v -0.010599894 0.026882232 0.078250391
v -0.005950844 0.027763188 0.065225632
v -0.008887127 0.029596271 0.067691023
v -0.004689384 0.029369743 0.074212222
v -0.007258948 0.027968092 0.087229168
v -0.004816680 0.027154002 0.068505112
v -0.005331068 0.028603680 0.065244432
v -0.010973965 0.027026963 0.065237351
v -0.010515306 0.028782181 0.087229168
v -0.008073038 0.030410360 0.083158721
v -0.007258948 0.029596271 0.067691023
v -0.009355955 0.029109083 0.087243397
v -0.009986948 0.027785522 0.087212087
v -0.010515306 0.028782181 0.069319202
v -0.011329395 0.027968092 0.078274185
v -0.008073038 0.030410360 0.087229168
v -0.010732632 0.027489737 0.065248244
v -0.009701217 0.029596271 0.081530543
f 1201 1197 1194
f 1201 1200 1193
f 1201 1194 1200
f 1202 1194 1197
f 1202 1200 1194
f 1202 1195 1200
f 1203 1198 1196
f 1203 1202 1198
f 1203 1195 1202
f 1204 1196 1198
f 1204 1202 1197
f 1204 1198 1202
f 1207 1195 1203
f 1207 1199 1206
f 1207 1206 1200
f 1207 1200 1195
f 1207 1203 1196
f 1207 1196 1199
f 1208 1201 1193
f 1209 1197 1201
f 1209 1208 1205
f 1209 1201 1208
f 1210 1199 1196
f 1211 1204 1197
f 1211 1209 1205
f 1211 1197 1209
f 1211 1210 1204
f 1211 1205 1210
f 1212 1193 1200
f 1212 1200 1206
f 1212 1208 1193
f 1212 1205 1208
f 1213 1210 1196
f 1213 1196 1204
f 1213 1204 1210
f 1214 1206 1199
f 1214 1199 1210
f 1214 1210 1205
f 1214 1212 1206
f 1214 1205 1212
o distal034
usemtl Material034
v -0.003188501 -0.013550467 0.061178308
v -0.002365000 -0.014732000 0.060536999
v -0.002374412 -0.018435004 0.047338788
v -0.014261501 -0.012862711 0.047149055
v -0.008887127 -0.015178646 0.057921950
v -0.002374412 -0.014364557 0.056293771
v -0.004002591 -0.015178646 0.061178308
v -0.008887127 -0.011922289 0.059550129
v -0.007258948 -0.020063183 0.048152877
v -0.012143485 -0.012736378 0.048152877
v -0.002374412 -0.020877272 0.048152877
v -0.014585753 -0.013550467 0.051409235
v -0.007258948 -0.011922289 0.057921950
v -0.004002591 -0.013550467 0.061178308
v -0.008887127 -0.014364557 0.058736040
v -0.003739109 -0.020237954 0.046990801
v -0.008073038 -0.019249093 0.049781056
v -0.002374412 -0.015992736 0.052223324
v -0.002374412 -0.017620914 0.056293771
v -0.014078970 -0.012512383 0.051228084
v -0.010515306 -0.018435004 0.047338788
v -0.007258948 -0.011922289 0.059550129
v -0.003188501 -0.013550467 0.057921950
v -0.008887127 -0.012736378 0.059550129
v -0.002861789 -0.020368011 0.046956072
v -0.007258948 -0.020063183 0.047338788
v -0.006444859 -0.015992736 0.057921950
v -0.004002591 -0.019249093 0.052223324
v -0.014577863 -0.012711838 0.047337247
v -0.008073038 -0.011922289 0.057107861
v -0.008887127 -0.019249093 0.048966967
v -0.004816680 -0.012736378 0.060364218
v -0.004002591 -0.020877272 0.048152877
v -0.003188501 -0.017620914 0.056293771
v -0.013771664 -0.015178646 0.049781056
v -0.013381500 -0.014763558 0.047271860
v -0.004816680 -0.012736378 0.058736040
v -0.006444859 -0.020063183 0.048966967
v -0.010515306 -0.018435004 0.048152877
f 1220 1215 1216
f 1221 1216 1215
f 1224 1217 1218
f 1225 1217 1216
f 1228 1222 1221
f 1228 1221 1215
f 1229 1219 1221
f 1229 1226 1219
f 1232 1224 1220
f 1232 1217 1224
f 1232 1220 1216
f 1232 1216 1217
f 1233 1225 1216
f 1233 1216 1221
f 1234 1226 1222
f 1235 1218 1230
f 1236 1227 1222
f 1237 1215 1220
f 1237 1220 1224
f 1237 1224 1227
f 1238 1229 1221
f 1238 1221 1222
f 1238 1222 1226
f 1238 1226 1229
f 1239 1230 1218
f 1239 1218 1217
f 1239 1217 1225
f 1240 1235 1230
f 1240 1223 1235
f 1240 1230 1239
f 1241 1231 1221
f 1241 1221 1219
f 1241 1219 1231
f 1243 1226 1234
f 1243 1224 1218
f 1244 1234 1222
f 1244 1222 1227
f 1244 1243 1234
f 1244 1227 1224
f 1244 1224 1243
f 1245 1235 1223
f 1245 1223 1231
f 1245 1231 1219
f 1246 1227 1236
f 1246 1215 1237
f 1246 1236 1222
f 1246 1228 1215
f 1246 1222 1228
f 1247 1223 1240
f 1247 1225 1233
f 1247 1240 1239
f 1247 1239 1225
f 1248 1233 1221
f 1248 1221 1231
f 1248 1231 1242
f 1248 1247 1233
f 1248 1242 1247
f 1249 1226 1243
f 1249 1219 1226
f 1250 1243 1218
f 1250 1218 1235
f 1250 1249 1243
f 1250 1235 1249
f 1251 1246 1237
f 1251 1237 1227
f 1251 1227 1246
f 1252 1247 1242
f 1252 1242 1231
f 1252 1231 1223
f 1252 1223 1247
f 1253 1249 1235
f 1253 1235 1245
f 1253 1245 1219
f 1253 1219 1249
o distal035
usemtl Material035
v 0.000067856 0.024711734 0.031871090
v 0.000745442 0.020389542 0.031865553
v 0.000881946 0.028782181 0.023730196
v -0.015399842 0.025525824 0.023730196
v -0.016126019 0.020596772 0.031871138
v 0.000881946 0.020641287 0.023730196
v -0.012143485 0.028782181 0.031057000
v 0.000881946 0.025525824 0.031057000
v -0.014016623 0.025805277 0.031890944
v -0.000319889 0.029811070 0.023651223
v -0.016412961 0.020368926 0.023710166
v 0.000881946 0.023083555 0.031871090
v -0.005630770 0.028782181 0.031871090
v -0.014585753 0.027154002 0.029428821
v -0.007130137 0.030808273 0.023722317
v 0.000067856 0.030410360 0.024544285
v -0.017028021 0.021455377 0.026986553
v -0.014123561 0.026179264 0.023714792
v -0.016352375 0.020326033 0.026970327
v -0.004002591 0.027968092 0.031871090
v -0.011329395 0.027968092 0.031871090
v -0.016213932 0.023083555 0.031871090
v -0.007258948 0.031224449 0.025358374
v 0.000881946 0.028782181 0.026172464
v -0.001560323 0.031224449 0.023730196
v -0.017028021 0.021455377 0.023730196
v -0.015399842 0.025525824 0.027800643
v -0.001560323 0.029596271 0.028614732
v -0.007258948 0.028782181 0.031871090
v -0.013771664 0.027968092 0.028614732
v -0.001560323 0.031224449 0.024544285
v 0.000881946 0.027154002 0.029428821
v -0.009701217 0.029596271 0.029428821
v -0.002374412 0.030410360 0.027800643
v -0.013771664 0.027968092 0.029428821
v -0.014585753 0.027154002 0.028614732
v -0.004816680 0.030410360 0.027800643
v -0.002374412 0.031224449 0.025358374
f 1261 1259 1256
f 1262 1258 1255
f 1263 1256 1259
f 1264 1263 1259
f 1264 1259 1255
f 1265 1261 1254
f 1265 1255 1259
f 1265 1259 1261
f 1265 1262 1255
f 1265 1254 1262
f 1267 1262 1260
f 1271 1264 1257
f 1271 1263 1264
f 1271 1268 1263
f 1271 1257 1268
f 1272 1264 1255
f 1272 1255 1258
f 1272 1270 1264
f 1272 1258 1270
f 1273 1254 1261
f 1273 1266 1262
f 1273 1262 1254
f 1274 1260 1262
f 1275 1258 1262
f 1275 1262 1267
f 1275 1270 1258
f 1276 1268 1257
f 1277 1261 1256
f 1277 1256 1269
f 1278 1269 1256
f 1278 1256 1263
f 1278 1263 1268
f 1278 1268 1276
f 1279 1270 1257
f 1279 1257 1264
f 1279 1264 1270
f 1280 1267 1257
f 1280 1257 1270
f 1280 1275 1267
f 1280 1270 1275
f 1281 1266 1273
f 1281 1273 1261
f 1282 1260 1274
f 1282 1274 1262
f 1282 1262 1266
f 1283 1260 1276
f 1283 1276 1257
f 1284 1269 1278
f 1284 1278 1276
f 1285 1277 1269
f 1285 1269 1281
f 1285 1281 1261
f 1285 1261 1277
f 1286 1276 1260
f 1286 1260 1282
f 1287 1282 1266
f 1287 1266 1281
f 1287 1281 1269
f 1287 1269 1284
f 1288 1283 1267
f 1288 1267 1260
f 1288 1260 1283
f 1289 1283 1257
f 1289 1257 1267
f 1289 1267 1283
f 1290 1287 1276
f 1290 1282 1287
f 1290 1286 1282
f 1290 1276 1286
f 1291 1287 1284
f 1291 1284 1276
f 1291 1276 1287
o distal036
usemtl Material036
v 0.000650000 -0.029495001 0.015081000
v 0.001025647 -0.028663143 0.014600257
v -0.016155132 -0.024834064 0.014786232
v -0.008887127 -0.024947719 0.006634318
v -0.001560323 -0.027389987 0.007448408
v 0.000881946 -0.024947719 0.011518855
v -0.014585753 -0.024947719 0.014775212
v 0.000881946 -0.027389987 0.009890676
v -0.008887127 -0.030646345 0.012332944
v 0.000704155 -0.024839188 0.010151905
v 0.000881946 -0.029832255 0.013961123
v -0.008887127 -0.030646345 0.014775212
v -0.014585753 -0.028204077 0.011518855
v -0.011329395 -0.028204077 0.008262497
v -0.000746233 -0.024947719 0.007448408
v 0.000067856 -0.029018166 0.010704765
v -0.016213932 -0.027389987 0.014775212
v -0.002374412 -0.030646345 0.013147033
v -0.015399842 -0.024947719 0.011518855
v -0.012957574 -0.029018166 0.014775212
v -0.006444859 -0.026575898 0.006634318
v -0.003188501 -0.029018166 0.008262497
v -0.010515306 -0.029832255 0.011518855
v -0.004002591 -0.024947719 0.006634318
v -0.000746233 -0.025761808 0.007448408
v -0.002714211 -0.030029712 0.014807065
v -0.000746233 -0.029832255 0.011518855
v -0.012143485 -0.024947719 0.008262497
v -0.014585753 -0.026575898 0.010704765
v -0.016213932 -0.024947719 0.013147033
v -0.012957574 -0.029018166 0.012332944
v -0.008887127 -0.025761808 0.006634318
v -0.005630770 -0.029832255 0.009890676
v -0.001560323 -0.028204077 0.008262497
v -0.004002591 -0.026575898 0.006634318
v -0.004816680 -0.029018166 0.008262497
v 0.000067856 -0.029832255 0.012332944
v -0.004002591 -0.029832255 0.009890676
v -0.012143485 -0.025761808 0.008262497
v -0.016213932 -0.027389987 0.013961123
v -0.007258948 -0.030646345 0.012332944
v -0.015399842 -0.025761808 0.011518855
v -0.016213932 -0.025761808 0.013147033
f 1298 1292 1293
f 1298 1294 1292
f 1298 1297 1294
f 1298 1293 1297
f 1299 1297 1293
f 1301 1295 1294
f 1301 1294 1297
f 1301 1297 1299
f 1302 1299 1293
f 1302 1293 1292
f 1306 1301 1299
f 1307 1296 1299
f 1307 1299 1302
f 1308 1292 1294
f 1309 1302 1292
f 1309 1303 1300
f 1311 1300 1303
f 1311 1303 1292
f 1311 1292 1308
f 1314 1305 1300
f 1314 1304 1305
f 1315 1295 1301
f 1315 1301 1306
f 1315 1312 1295
f 1316 1306 1299
f 1316 1299 1296
f 1316 1315 1306
f 1317 1309 1292
f 1317 1292 1303
f 1317 1303 1309
f 1318 1313 1307
f 1319 1310 1294
f 1319 1294 1295
f 1320 1305 1304
f 1320 1310 1319
f 1321 1308 1294
f 1321 1294 1310
f 1322 1300 1311
f 1322 1314 1300
f 1322 1304 1314
f 1322 1311 1308
f 1323 1312 1305
f 1323 1295 1312
f 1323 1319 1295
f 1324 1300 1305
f 1325 1313 1296
f 1325 1296 1307
f 1325 1307 1313
f 1326 1313 1312
f 1326 1296 1313
f 1326 1312 1315
f 1326 1316 1296
f 1326 1315 1316
f 1327 1305 1312
f 1327 1312 1313
f 1327 1324 1305
f 1327 1313 1324
f 1328 1318 1307
f 1328 1307 1302
f 1328 1302 1309
f 1328 1309 1318
f 1329 1318 1309
f 1329 1313 1318
f 1329 1324 1313
f 1329 1300 1324
f 1330 1320 1319
f 1330 1305 1320
f 1330 1323 1305
f 1330 1319 1323
f 1331 1308 1321
f 1331 1322 1308
f 1331 1304 1322
f 1332 1329 1309
f 1332 1309 1300
f 1332 1300 1329
f 1333 1320 1304
f 1333 1304 1331
f 1333 1310 1320
f 1333 1321 1310
f 1334 1333 1331
f 1334 1331 1321
f 1334 1321 1333
o distal037
usemtl Material037
v -0.025051171 0.007588369 -0.005905339
v -0.024735688 0.000812904 -0.008088793
v -0.025168915 0.007615857 -0.021858811
v -0.034937988 0.007615857 -0.021858811
v -0.034937988 0.006801767 -0.010461559
v -0.026797094 -0.000525037 -0.021858811
v -0.034792770 0.007922390 -0.010796768
v -0.024789587 0.006212679 -0.005771459
v -0.025049185 -0.000214505 -0.021746973
v -0.034693809 0.003428972 -0.021916631
v -0.025568518 0.007841842 -0.006181661
v -0.025983004 0.003545410 -0.006391112
v -0.025983004 0.005987678 -0.005577023
v -0.025983004 -0.001339127 -0.010461559
v -0.034937988 0.002731320 -0.020230632
v -0.025168915 0.003545410 -0.006391112
v -0.030867541 0.005987678 -0.008019291
v -0.029239362 0.007615857 -0.007205201
v -0.024906142 -0.001168976 -0.015977665
v -0.025983004 0.000289052 -0.008019291
v -0.034937988 0.005173589 -0.011275648
v -0.030867541 0.007615857 -0.008019291
v -0.024887512 -0.000904869 -0.010789083
v -0.026797094 0.001103142 -0.008019291
f 1341 1337 1338
f 1341 1338 1339
f 1342 1336 1337
f 1342 1337 1335
f 1343 1340 1337
f 1343 1337 1336
f 1344 1338 1337
f 1344 1337 1340
f 1345 1335 1337
f 1345 1337 1341
f 1347 1342 1335
f 1349 1339 1338
f 1349 1338 1344
f 1349 1344 1340
f 1349 1340 1348
f 1350 1336 1342
f 1350 1347 1346
f 1350 1342 1347
f 1351 1346 1347
f 1352 1347 1335
f 1352 1335 1345
f 1352 1345 1341
f 1352 1351 1347
f 1353 1343 1336
f 1353 1348 1340
f 1353 1340 1343
f 1354 1348 1336
f 1354 1350 1346
f 1354 1336 1350
f 1355 1349 1348
f 1355 1339 1349
f 1355 1348 1354
f 1355 1351 1339
f 1356 1352 1341
f 1356 1341 1339
f 1356 1339 1351
f 1356 1351 1352
f 1357 1353 1336
f 1357 1336 1348
f 1357 1348 1353
f 1358 1354 1346
f 1358 1346 1351
f 1358 1355 1354
f 1358 1351 1355
o distal038
usemtl Material038
v -0.033309809 0.019827198 -0.007205201
v -0.031681630 0.008429946 -0.008019291
v -0.031831108 0.026011162 -0.013737933
v -0.042264792 0.026339913 -0.014532006
v -0.043078882 0.015756751 -0.008019291
v -0.040337290 0.007991333 -0.014789976
v -0.039822524 0.027154002 -0.012089738
v -0.031681630 0.022269466 -0.008019291
v -0.039822524 0.014128572 -0.007205201
v -0.031681630 0.007615857 -0.013717917
v -0.038265341 0.026986787 -0.014537513
v -0.045977960 0.017334720 -0.015012185
v -0.039822524 0.022269466 -0.007205201
v -0.031681630 0.013314483 -0.007205201
v -0.031681630 0.026339913 -0.012089738
v -0.044707061 0.009244036 -0.013717917
v -0.034937988 0.007615857 -0.009647470
v -0.039298182 0.026821996 -0.014617707
v -0.044707061 0.023897645 -0.012089738
v -0.034937988 0.021455377 -0.007205201
v -0.041450703 0.019013108 -0.007205201
v -0.031681630 0.017384930 -0.007205201
v -0.033309809 0.008429946 -0.008019291
v -0.032495720 0.023897645 -0.008833380
v -0.036566167 0.027154002 -0.012903827
v -0.041450703 0.013314483 -0.008019291
v -0.044143204 0.009656354 -0.014831760
v -0.046335239 0.017384930 -0.013717917
v -0.031681630 0.007615857 -0.008833380
v -0.038329506 0.007269999 -0.014414436
v -0.045521150 0.022269466 -0.014532006
v -0.040636614 0.026339913 -0.011275648
v -0.041450703 0.016570840 -0.007205201
v -0.043078882 0.018199019 -0.008019291
v -0.033309809 0.013314483 -0.007205201
v -0.037380256 0.022269466 -0.007205201
v -0.037380256 0.027154002 -0.012089738
v -0.042264792 0.014128572 -0.008019291
v -0.042264792 0.010058125 -0.011275648
v -0.044864065 0.012138521 -0.014838780
v -0.044707061 0.012500393 -0.011275648
v -0.045521150 0.012500393 -0.013717917
v -0.032495720 0.007615857 -0.008833380
v -0.040636614 0.007615857 -0.012903827
v -0.044707061 0.023897645 -0.014532006
v -0.046335239 0.019827198 -0.013717917
v -0.043892971 0.023897645 -0.011275648
v -0.042264792 0.026339913 -0.013717917
v -0.043892971 0.015756751 -0.008833380
v -0.040636614 0.014942661 -0.007205201
v -0.045521150 0.022269466 -0.013717917
v -0.044707061 0.019013108 -0.010461559
v -0.046335239 0.019827198 -0.014532006
v -0.043892971 0.024711734 -0.012089738
v -0.041450703 0.023083555 -0.008833380
v -0.044707061 0.022269466 -0.011275648
v -0.041450703 0.026339913 -0.012089738
v -0.045521150 0.015756751 -0.012089738
v -0.043892971 0.017384930 -0.008833380
f 1368 1366 1360
f 1369 1368 1364
f 1369 1361 1368
f 1371 1367 1359
f 1372 1360 1366
f 1372 1359 1367
f 1373 1368 1361
f 1373 1366 1368
f 1376 1362 1365
f 1376 1365 1369
f 1376 1370 1362
f 1376 1369 1364
f 1376 1364 1370
f 1378 1371 1359
f 1378 1359 1366
f 1379 1367 1371
f 1380 1372 1366
f 1380 1366 1359
f 1380 1359 1372
f 1381 1360 1372
f 1382 1366 1373
f 1382 1365 1371
f 1383 1369 1365
f 1383 1373 1361
f 1383 1361 1369
f 1384 1381 1367
f 1385 1370 1364
f 1385 1364 1374
f 1387 1368 1360
f 1387 1360 1381
f 1388 1364 1368
f 1388 1368 1387
f 1390 1371 1365
f 1391 1379 1363
f 1391 1367 1379
f 1392 1363 1379
f 1392 1379 1371
f 1393 1381 1372
f 1393 1372 1367
f 1393 1367 1381
f 1394 1378 1366
f 1394 1366 1382
f 1394 1382 1371
f 1394 1371 1378
f 1395 1382 1373
f 1395 1365 1382
f 1395 1383 1365
f 1395 1373 1383
f 1396 1384 1367
f 1396 1374 1384
f 1396 1391 1363
f 1397 1384 1374
f 1397 1375 1381
f 1397 1381 1384
f 1398 1385 1374
f 1398 1370 1385
f 1399 1374 1396
f 1400 1386 1370
f 1400 1374 1399
f 1400 1398 1374
f 1400 1370 1398
f 1401 1387 1381
f 1401 1381 1375
f 1401 1388 1387
f 1401 1375 1388
f 1402 1388 1375
f 1402 1374 1364
f 1402 1364 1388
f 1402 1397 1374
f 1402 1375 1397
f 1403 1389 1377
f 1403 1362 1370
f 1403 1370 1389
f 1406 1365 1362
f 1407 1363 1392
f 1407 1399 1396
f 1407 1396 1363
f 1408 1396 1367
f 1408 1367 1391
f 1408 1391 1396
f 1409 1404 1377
f 1409 1377 1389
f 1409 1389 1404
f 1410 1404 1386
f 1410 1386 1407
f 1411 1404 1389
f 1411 1389 1370
f 1411 1370 1386
f 1411 1386 1404
f 1412 1405 1390
f 1412 1377 1405
f 1412 1406 1362
f 1412 1403 1377
f 1412 1362 1403
f 1413 1371 1390
f 1413 1390 1405
f 1413 1405 1392
f 1413 1392 1371
f 1414 1405 1377
f 1414 1392 1405
f 1414 1377 1404
f 1414 1404 1410
f 1415 1390 1365
f 1415 1365 1406
f 1415 1412 1390
f 1415 1406 1412
f 1416 1407 1386
f 1416 1399 1407
f 1416 1400 1399
f 1416 1386 1400
f 1417 1410 1407
f 1417 1407 1392
f 1417 1414 1410
f 1417 1392 1414
o distal039
usemtl Material039
v 0.007065777 -0.019162663 0.017812380
v 0.009836929 -0.020063183 0.013961123
v 0.009836929 -0.018435004 0.005006140
v 0.000881946 -0.018435004 0.005006140
v 0.000821018 -0.023418868 0.010868095
v 0.009590999 -0.018111673 0.014357749
v 0.004905711 -0.023339674 0.013991916
v 0.000881946 -0.018435004 0.013961123
v 0.007501440 -0.024697244 0.004447325
v 0.009022840 -0.019249093 0.017217480
v 0.009836929 -0.019249093 0.014775212
v 0.007437758 -0.018352173 0.016784765
v 0.003324214 -0.023319540 0.013961123
v 0.001098579 -0.021093985 0.004968231
v 0.009984381 -0.024573475 0.004920587
v 0.009022840 -0.020063183 0.016403391
v 0.009022840 -0.018435004 0.017217480
v 0.001108568 -0.020304710 0.013874751
v 0.009022840 -0.024947719 0.006634318
v 0.009836929 -0.024947719 0.006634318
v 0.007394661 -0.024947719 0.005820229
v 0.009836929 -0.022505451 0.010704765
v 0.009836929 -0.020877272 0.013147033
f 1423 1420 1421
f 1425 1421 1422
f 1425 1423 1421
f 1426 1421 1420
f 1428 1420 1423
f 1428 1427 1419
f 1429 1425 1418
f 1429 1423 1425
f 1430 1424 1418
f 1431 1426 1422
f 1431 1422 1421
f 1431 1421 1426
f 1432 1426 1420
f 1432 1428 1419
f 1432 1420 1428
f 1433 1427 1418
f 1433 1418 1424
f 1433 1419 1427
f 1434 1428 1423
f 1434 1427 1428
f 1434 1423 1429
f 1434 1429 1418
f 1434 1418 1427
f 1435 1430 1418
f 1435 1418 1425
f 1435 1425 1422
f 1435 1422 1430
f 1436 1424 1430
f 1437 1433 1424
f 1437 1424 1436
f 1437 1426 1432
f 1438 1436 1430
f 1438 1430 1422
f 1438 1422 1426
f 1438 1437 1436
f 1438 1426 1437
f 1439 1437 1432
f 1439 1433 1437
f 1440 1439 1432
f 1440 1432 1419
f 1440 1419 1433
f 1440 1433 1439
o distal040
usemtl Material040
v 0.015535555 0.002731320 0.036755626
v 0.016349644 -0.010294110 0.036755626
v 0.016349644 -0.001339127 0.030242911
v 0.014865451 -0.002088313 0.019506999
v 0.012279197 -0.012736378 0.031057000
v 0.015535555 -0.003781395 0.019659749
v 0.015309777 0.002523074 0.023731933
v 0.016349644 -0.001339127 0.036755626
v 0.014485666 -0.012949076 0.036724879
v 0.016349644 -0.010294110 0.031871090
v 0.012367396 -0.009534236 0.019538513
v 0.015119891 -0.002174556 0.019881708
v 0.014324489 0.002670447 0.036847697
v 0.016349644 -0.006223663 0.029428821
v 0.014721465 -0.014364557 0.028614732
v 0.012279197 -0.007037752 0.019659749
v 0.015535555 -0.012736378 0.036755626
v 0.014455639 0.003123976 0.024544020
v 0.016349644 -0.004595484 0.029428821
v 0.013292541 -0.015251447 0.028605196
v 0.014721465 -0.013550467 0.023730196
v 0.012279197 -0.012736378 0.027800643
v 0.012279197 -0.011108199 0.030242911
v 0.015535555 -0.012736378 0.031871090
v 0.014791716 0.002870268 0.023733296
v 0.014721465 -0.009480020 0.020473838
v 0.015535555 -0.007851842 0.022916106
v 0.013195493 -0.015216356 0.023716552
v 0.012279197 -0.011922289 0.031057000
v 0.012279197 -0.007037752 0.021287927
v 0.014721465 -0.014364557 0.024544285
v 0.013907376 -0.002967305 0.019659749
f 1447 1441 1443
f 1447 1443 1446
f 1448 1442 1443
f 1448 1443 1441
f 1450 1443 1442
f 1451 1444 1446
f 1452 1447 1446
f 1452 1446 1444
f 1452 1444 1447
f 1453 1448 1441
f 1453 1442 1448
f 1453 1445 1449
f 1454 1450 1446
f 1454 1443 1450
f 1456 1444 1451
f 1457 1453 1449
f 1457 1442 1453
f 1457 1450 1442
f 1458 1453 1441
f 1458 1441 1447
f 1458 1456 1453
f 1459 1454 1446
f 1459 1446 1443
f 1459 1443 1454
f 1460 1449 1445
f 1460 1457 1449
f 1460 1455 1457
f 1462 1456 1451
f 1462 1445 1456
f 1463 1456 1445
f 1464 1457 1455
f 1464 1450 1457
f 1465 1458 1447
f 1465 1447 1444
f 1466 1451 1446
f 1467 1446 1450
f 1467 1466 1446
f 1467 1461 1466
f 1468 1466 1461
f 1468 1451 1466
f 1468 1462 1451
f 1468 1460 1445
f 1468 1445 1462
f 1469 1463 1445
f 1469 1445 1453
f 1469 1453 1463
f 1470 1463 1453
f 1470 1453 1456
f 1470 1456 1463
f 1471 1450 1464
f 1471 1467 1450
f 1471 1461 1467
f 1471 1464 1455
f 1471 1468 1461
f 1471 1455 1460
f 1471 1460 1468
f 1472 1465 1444
f 1472 1444 1456
f 1472 1456 1458
f 1472 1458 1465
o distal041
usemtl Material041
v 0.005973175 -0.012072966 0.062504768
v 0.005766482 -0.014364557 0.061992397
v 0.006429524 -0.018067027 0.049087168
v -0.002374412 -0.019249093 0.045710609
v -0.002568768 -0.014651886 0.060563996
v 0.000067856 -0.020063183 0.052223324
v 0.005766482 -0.012736378 0.057107861
v 0.006195105 -0.012251282 0.061727719
v -0.000746233 -0.014364557 0.061992397
v 0.005766482 -0.019249093 0.050595146
v -0.002374412 -0.021691361 0.046524699
v 0.005766482 -0.016806825 0.049781056
v 0.004138303 -0.011922289 0.061178308
v 0.005766482 -0.013550467 0.062806487
v 0.000881946 -0.015178646 0.061992397
v 0.005766482 -0.018435004 0.053037414
v -0.001560323 -0.020063183 0.052223324
v 0.002510124 -0.020877272 0.047338788
v 0.003348460 -0.019946705 0.045698898
v 0.004952393 -0.016806825 0.049781056
v 0.004138303 -0.011922289 0.062806487
v -0.002374412 -0.014364557 0.056293771
v 0.002510124 -0.015178646 0.061992397
v 0.003324214 -0.012736378 0.062806487
v -0.001560323 -0.015992736 0.060364218
v 0.004952393 -0.018435004 0.053851503
v -0.002374412 -0.020063183 0.051409235
v 0.000881946 -0.020877272 0.048966967
v 0.005769094 -0.018858349 0.048902402
v -0.000746233 -0.021691361 0.045710609
v 0.004952393 -0.012736378 0.057107861
v -0.000746233 -0.013550467 0.061992397
v -0.002374412 -0.018435004 0.047338788
v -0.000746233 -0.021691361 0.046524699
v 0.002053859 -0.020608162 0.045672204
v -0.002174264 -0.020990018 0.045551659
v -0.000746233 -0.013550467 0.059550129
f 1480 1474 1475
f 1480 1479 1473
f 1480 1475 1479
f 1483 1477 1476
f 1484 1479 1475
f 1485 1473 1479
f 1486 1480 1473
f 1486 1474 1480
f 1488 1482 1475
f 1488 1475 1474
f 1489 1483 1478
f 1491 1484 1475
f 1491 1476 1484
f 1491 1482 1490
f 1492 1484 1476
f 1492 1479 1484
f 1493 1473 1485
f 1493 1486 1473
f 1495 1474 1486
f 1495 1486 1487
f 1496 1487 1486
f 1496 1481 1487
f 1496 1486 1493
f 1497 1487 1481
f 1497 1481 1477
f 1497 1489 1478
f 1497 1495 1487
f 1497 1478 1495
f 1498 1478 1482
f 1498 1482 1488
f 1498 1495 1478
f 1498 1488 1474
f 1498 1474 1495
f 1499 1477 1483
f 1499 1483 1489
f 1499 1497 1477
f 1499 1489 1497
f 1500 1490 1482
f 1500 1482 1478
f 1501 1491 1475
f 1501 1475 1482
f 1501 1482 1491
f 1503 1492 1476
f 1503 1479 1492
f 1503 1494 1485
f 1503 1485 1479
f 1504 1477 1481
f 1504 1496 1493
f 1504 1481 1496
f 1504 1494 1477
f 1504 1493 1485
f 1505 1476 1477
f 1505 1477 1494
f 1505 1503 1476
f 1505 1494 1503
f 1506 1500 1478
f 1506 1478 1483
f 1506 1483 1502
f 1506 1502 1490
f 1506 1490 1500
f 1507 1491 1490
f 1507 1490 1502
f 1508 1502 1483
f 1508 1483 1476
f 1508 1507 1502
f 1508 1476 1491
f 1508 1491 1507
f 1509 1504 1485
f 1509 1485 1494
f 1509 1494 1504
o distal042
usemtl Material042
v -0.027611183 0.025525824 -0.013717917
v -0.025983004 0.007615857 -0.013717917
v -0.025983004 0.026339913 -0.039768777
v -0.047963418 0.027154002 -0.039768777
v -0.052033865 0.016570840 -0.020230632
v -0.030867541 0.007615857 -0.039768777
v -0.025983004 0.027154002 -0.017788364
v -0.045521150 0.010872214 -0.014532006
v -0.044707061 0.027154002 -0.016160185
v -0.026797094 0.007615857 -0.039768777
v -0.026797094 0.020641287 -0.040582867
v -0.052033865 0.007615857 -0.037326509
v -0.027611183 0.027154002 -0.039768777
v -0.025572051 0.024483209 -0.013925189
v -0.038210397 0.007570584 -0.013674991
v -0.050405686 0.027154002 -0.023486989
v -0.034937988 0.027154002 -0.013717917
v -0.046335239 0.019827198 -0.014532006
v -0.025983004 0.017384930 -0.040582867
v -0.051219776 0.012500393 -0.038954688
v -0.052847955 0.007615857 -0.030813794
v -0.025514617 0.026866951 -0.038590345
v -0.035752077 0.024711734 -0.040582867
v -0.030867541 0.023897645 -0.040582867
v -0.026797094 0.026339913 -0.014532006
v -0.043892971 0.025525824 -0.014532006
v -0.038283399 0.026965317 -0.013739630
v -0.052033865 0.022269466 -0.021044721
v -0.026539337 0.007806462 -0.038518763
v -0.025983004 0.018199019 -0.040582867
v -0.026797094 0.016570840 -0.040582867
v -0.044707061 0.007615857 -0.038954688
v -0.045521150 0.007615857 -0.016974274
v -0.053662044 0.019013108 -0.034070151
v -0.025627948 0.024956569 -0.014761227
v -0.048777508 0.022269466 -0.039768777
v -0.034123898 0.024711734 -0.040582867
v -0.030053451 0.026339913 -0.013717917
v -0.028425273 0.027154002 -0.015346095
v -0.045521150 0.022269466 -0.014532006
v -0.043078882 0.027154002 -0.015346095
v -0.052033865 0.017384930 -0.020230632
v -0.051219776 0.023897645 -0.021044721
v -0.046335239 0.008429946 -0.038954688
v -0.046335239 0.009244036 -0.016974274
v -0.052847955 0.010872214 -0.026743347
v -0.043078882 0.007615857 -0.014532006
v -0.052033865 0.019013108 -0.038954688
v -0.053662044 0.012500393 -0.034070151
v -0.052033865 0.023083555 -0.022672900
v -0.050405686 0.027154002 -0.038140598
v -0.048777508 0.026339913 -0.039768777
v -0.035752077 0.023083555 -0.040582867
v -0.053662044 0.014942661 -0.029185615
v -0.051219776 0.024711734 -0.021858811
v -0.050405686 0.007615857 -0.038140598
v -0.052847955 0.011686304 -0.025929258
v -0.050405686 0.008429946 -0.025115168
v -0.052847955 0.010872214 -0.037326509
v -0.052033865 0.016570840 -0.038954688
v -0.053662044 0.019013108 -0.029999705
v -0.052033865 0.023897645 -0.034070151
v -0.052033865 0.023897645 -0.037326509
v -0.052033865 0.022269466 -0.038140598
f 1518 1516 1513
f 1522 1513 1516
f 1523 1510 1511
f 1524 1511 1510
f 1524 1519 1511
f 1524 1515 1519
f 1525 1518 1513
f 1526 1516 1518
f 1527 1514 1517
f 1527 1517 1524
f 1530 1521 1524
f 1531 1522 1516
f 1531 1512 1522
f 1531 1523 1511
f 1531 1511 1528
f 1532 1513 1522
f 1532 1520 1528
f 1533 1522 1512
f 1533 1512 1520
f 1533 1520 1532
f 1534 1523 1516
f 1534 1510 1523
f 1536 1527 1524
f 1536 1524 1526
f 1537 1535 1518
f 1538 1528 1511
f 1538 1511 1519
f 1538 1519 1528
f 1539 1528 1520
f 1539 1520 1512
f 1539 1531 1528
f 1539 1512 1531
f 1540 1528 1519
f 1540 1519 1515
f 1540 1532 1528
f 1541 1515 1524
f 1542 1530 1524
f 1544 1531 1516
f 1544 1516 1523
f 1544 1523 1531
f 1546 1533 1532
f 1546 1532 1522
f 1546 1522 1533
f 1547 1534 1526
f 1547 1510 1534
f 1547 1526 1524
f 1547 1524 1510
f 1548 1534 1516
f 1548 1516 1526
f 1548 1526 1534
f 1549 1536 1535
f 1549 1527 1536
f 1549 1537 1527
f 1549 1535 1537
f 1550 1536 1526
f 1550 1526 1518
f 1550 1518 1535
f 1550 1535 1536
f 1551 1514 1527
f 1551 1527 1537
f 1552 1537 1518
f 1553 1515 1541
f 1554 1542 1517
f 1554 1517 1514
f 1554 1514 1542
f 1556 1542 1524
f 1556 1524 1517
f 1556 1517 1542
f 1558 1521 1530
f 1560 1525 1513
f 1561 1513 1532
f 1561 1532 1545
f 1561 1545 1557
f 1561 1560 1513
f 1562 1545 1532
f 1562 1532 1540
f 1562 1540 1515
f 1562 1515 1553
f 1562 1553 1529
f 1562 1529 1545
f 1563 1551 1537
f 1563 1543 1558
f 1563 1558 1530
f 1563 1530 1555
f 1563 1514 1551
f 1564 1552 1518
f 1564 1518 1525
f 1564 1537 1552
f 1564 1559 1537
f 1564 1525 1559
f 1565 1553 1541
f 1565 1521 1529
f 1565 1529 1553
f 1565 1541 1524
f 1565 1524 1521
f 1566 1555 1542
f 1566 1542 1514
f 1566 1563 1555
f 1566 1514 1563
f 1567 1555 1530
f 1567 1530 1542
f 1567 1542 1555
f 1568 1529 1521
f 1568 1521 1558
f 1568 1558 1543
f 1568 1543 1557
f 1569 1557 1545
f 1569 1545 1529
f 1569 1568 1557
f 1569 1529 1568
f 1570 1537 1559
f 1570 1563 1537
f 1570 1543 1563
f 1571 1525 1560
f 1571 1543 1570
f 1571 1570 1559
f 1571 1559 1525
f 1572 1571 1560
f 1572 1543 1571
f 1573 1561 1557
f 1573 1560 1561
f 1573 1572 1560
f 1573 1557 1543
f 1573 1543 1572
o distal043
usemtl Material043
v -0.003188501 0.027968092 0.050595146
v 0.000881946 0.019013108 0.046524699
v 0.000067856 0.024711734 0.031871090
v -0.014016623 0.025805277 0.031890944
v -0.012957574 0.018199019 0.049781056
v -0.004002591 0.027968092 0.031871090
v 0.000067856 0.023083555 0.050595146
v -0.012143485 0.027154002 0.050595146
v -0.005655716 0.013259285 0.031878050
v -0.003188501 0.027968092 0.048966967
v 0.001696035 0.020641287 0.034313358
v 0.000067856 0.024711734 0.032685179
v -0.001560323 0.016570840 0.050595146
v -0.017028021 0.019827198 0.035127447
v -0.009701217 0.028782181 0.035127447
v -0.001401899 0.024447609 0.050650299
v -0.010061276 0.027497733 0.031725746
v 0.000881946 0.020641287 0.046524699
v 0.000705502 0.013739839 0.032040612
v 0.000881946 0.023083555 0.031871090
v 0.000067856 0.020641287 0.050595146
v -0.008887127 0.014942661 0.048152877
v -0.013771664 0.020641287 0.050595146
v -0.015399842 0.024711734 0.040011984
v -0.016213932 0.016570840 0.031871090
v -0.014585753 0.026339913 0.034313358
v -0.008073038 0.028782181 0.049781056
v -0.009396422 0.027466751 0.050611847
v 0.001696035 0.018199019 0.034313358
v 0.000067856 0.017384930 0.046524699
v 0.000983177 0.018532760 0.031732430
v 0.000881946 0.023083555 0.035941537
v -0.006444859 0.015756751 0.050595146
v -0.005630770 0.013314483 0.040011984
v -0.014585753 0.019013108 0.045710609
v -0.015399842 0.023897645 0.044082430
v -0.017028021 0.020641287 0.031871090
v -0.013771664 0.014128572 0.033499268
v -0.012143485 0.027968092 0.041640162
v -0.014585753 0.025525824 0.042454252
v -0.005630770 0.028782181 0.049781056
v 0.000633132 0.013779025 0.032726403
v 0.000881946 0.015756751 0.031871090
v -0.013163050 0.014657343 0.031810806
v 0.001173885 0.020085886 0.031851695
v -0.010515306 0.015756751 0.049781056
v -0.006444859 0.014128572 0.044896520
v -0.016213932 0.020641287 0.040826073
v -0.016213932 0.016570840 0.034313358
v -0.013771664 0.023897645 0.049781056
v -0.017028021 0.019013108 0.035127447
v -0.016213932 0.023083555 0.031871090
v -0.016213932 0.022269466 0.040826073
v -0.010515306 0.013314483 0.036755626
v -0.012143485 0.027968092 0.036755626
v -0.009701217 0.028782181 0.039197894
v -0.005630770 0.028782181 0.047338788
v -0.016393539 0.019355611 0.031818323
v -0.010423833 0.013513443 0.031853969
v -0.012470436 0.019411112 0.050540076
v -0.007258948 0.014942661 0.048152877
v -0.012957574 0.025525824 0.050595146
v -0.017028021 0.020641287 0.034313358
v -0.007258948 0.014128572 0.044896520
f 1583 1574 1576
f 1583 1576 1579
f 1585 1576 1574
f 1585 1574 1580
f 1589 1580 1574
f 1590 1579 1576
f 1590 1588 1579
f 1590 1577 1588
f 1591 1584 1580
f 1591 1580 1575
f 1591 1575 1584
f 1593 1576 1585
f 1594 1586 1575
f 1594 1575 1580
f 1594 1589 1586
f 1594 1580 1589
f 1599 1588 1577
f 1601 1589 1574
f 1601 1596 1589
f 1601 1600 1581
f 1601 1574 1600
f 1602 1584 1575
f 1602 1575 1592
f 1603 1575 1586
f 1604 1590 1576
f 1604 1576 1593
f 1605 1593 1585
f 1605 1585 1580
f 1605 1580 1584
f 1605 1584 1593
f 1606 1586 1589
f 1606 1589 1596
f 1607 1582 1592
f 1608 1578 1596
f 1612 1599 1581
f 1612 1581 1600
f 1613 1599 1597
f 1613 1581 1599
f 1613 1609 1581
f 1613 1597 1609
f 1614 1600 1574
f 1614 1574 1583
f 1614 1588 1600
f 1615 1592 1575
f 1615 1575 1603
f 1615 1603 1586
f 1615 1607 1592
f 1615 1586 1607
f 1616 1592 1582
f 1616 1582 1604
f 1616 1602 1592
f 1617 1590 1604
f 1617 1611 1598
f 1618 1604 1593
f 1618 1593 1584
f 1618 1584 1602
f 1618 1616 1604
f 1618 1602 1616
f 1619 1595 1606
f 1619 1596 1578
f 1620 1607 1586
f 1620 1586 1606
f 1621 1608 1596
f 1621 1596 1609
f 1622 1578 1608
f 1622 1598 1611
f 1622 1619 1578
f 1622 1611 1619
f 1623 1609 1596
f 1624 1610 1598
f 1624 1587 1610
f 1624 1598 1622
f 1624 1621 1587
f 1624 1622 1608
f 1624 1608 1621
f 1625 1577 1590
f 1625 1599 1577
f 1625 1597 1599
f 1626 1609 1597
f 1626 1621 1609
f 1626 1587 1621
f 1627 1619 1611
f 1627 1595 1619
f 1627 1582 1607
f 1628 1612 1588
f 1628 1588 1599
f 1628 1599 1612
f 1629 1612 1600
f 1629 1600 1588
f 1629 1588 1612
f 1630 1614 1583
f 1630 1583 1579
f 1630 1579 1588
f 1630 1588 1614
f 1631 1590 1617
f 1631 1625 1590
f 1631 1610 1625
f 1631 1617 1598
f 1631 1598 1610
f 1632 1611 1617
f 1632 1627 1611
f 1632 1582 1627
f 1632 1617 1604
f 1632 1604 1582
f 1633 1619 1606
f 1633 1606 1596
f 1633 1596 1619
f 1634 1620 1606
f 1634 1606 1595
f 1634 1595 1620
f 1635 1623 1596
f 1635 1581 1609
f 1635 1609 1623
f 1635 1601 1581
f 1635 1596 1601
f 1636 1625 1610
f 1636 1610 1587
f 1636 1587 1626
f 1636 1626 1597
f 1636 1597 1625
f 1637 1620 1595
f 1637 1595 1627
f 1637 1627 1607
f 1637 1607 1620
o distal044
usemtl Material044
v -0.001082934 0.013013535 0.041639655
v -0.001565094 0.012666566 0.041625965
v -0.001849398 0.012073212 0.031841138
v -0.012130895 0.014166496 0.031868352
v -0.014585753 0.009244036 0.040826073
v -0.002508405 0.014215198 0.031874011
v -0.001560323 0.011686304 0.040011984
v -0.013795766 0.006397243 0.042069910
v -0.011197069 0.014487484 0.036510650
v -0.001256013 0.012983193 0.031884003
v -0.003188501 0.010872214 0.040826073
v -0.005630770 0.012500393 0.041640162
v -0.015351921 0.010027560 0.031871340
v -0.011650753 0.014390353 0.035037665
v -0.002456136 0.014215263 0.035127120
v -0.004816680 0.010058125 0.031871090
v -0.002670262 0.012727764 0.041651617
v -0.014585753 0.008429946 0.041640162
v -0.009140246 0.009862731 0.031826130
v -0.015399842 0.010872214 0.035941537
v -0.013771664 0.005987678 0.040826073
v -0.012957574 0.009244036 0.041640162
v -0.014945836 0.006145868 0.040872322
v -0.004816680 0.010058125 0.040826073
v -0.012143485 0.009244036 0.031871090
v -0.014859942 0.006174503 0.041653729
v -0.013771664 0.006801767 0.038383805
v -0.014585753 0.009244036 0.031871090
f 1643 1640 1641
f 1645 1639 1638
f 1647 1643 1638
f 1647 1640 1643
f 1647 1644 1640
f 1647 1638 1644
f 1648 1644 1638
f 1648 1638 1639
f 1648 1639 1645
f 1649 1646 1642
f 1649 1638 1646
f 1651 1646 1643
f 1651 1643 1641
f 1652 1646 1638
f 1652 1638 1643
f 1652 1643 1646
f 1653 1640 1644
f 1653 1644 1648
f 1654 1649 1645
f 1654 1645 1638
f 1654 1638 1649
f 1656 1650 1641
f 1656 1641 1640
f 1656 1640 1653
f 1657 1651 1641
f 1657 1641 1650
f 1657 1642 1646
f 1657 1646 1651
f 1657 1655 1642
f 1659 1649 1642
f 1659 1642 1655
f 1659 1655 1645
f 1659 1645 1649
f 1660 1657 1650
f 1661 1658 1653
f 1661 1653 1648
f 1661 1648 1645
f 1661 1645 1658
f 1662 1656 1653
f 1663 1655 1657
f 1663 1657 1660
f 1663 1645 1655
f 1663 1660 1658
f 1663 1658 1645
f 1664 1662 1653
f 1664 1653 1658
f 1664 1658 1660
f 1665 1650 1656
f 1665 1656 1662
f 1665 1662 1664
f 1665 1664 1660
f 1665 1660 1650
o distal045
usemtl Material045
v 0.000881946 0.007615857 -0.021044721
v 0.000881946 -0.015992736 -0.021858811
v 0.000906237 0.007645684 -0.039346086
v -0.006444859 0.007615857 -0.039768777
v -0.011329395 -0.003781395 -0.021044721
v -0.001560323 -0.004595484 -0.038954688
v -0.011329395 0.007615857 -0.021044721
v 0.000927532 0.001971447 -0.038960321
v 0.000378734 -0.015654077 -0.020763694
v -0.007258948 -0.001339127 -0.039768777
v -0.011312379 0.007636669 -0.038660468
v 0.000897000 -0.003395000 -0.038497001
v -0.009701217 -0.013550467 -0.022672900
v -0.007872227 -0.014661828 -0.020710567
v -0.011329395 -0.001339127 -0.039768777
v 0.000881946 -0.011108199 -0.029999705
v -0.010160646 -0.012140265 -0.020803919
v -0.004002591 -0.016806825 -0.021858811
v -0.011471143 0.002331560 -0.039236265
v -0.010515306 -0.012736378 -0.021858811
v -0.008073038 -0.015178646 -0.021858811
v -0.000746233 -0.016806825 -0.021858811
v -0.003781801 -0.016262376 -0.020735278
v -0.002374412 -0.015178646 -0.024301079
v -0.010515306 -0.002967305 -0.038954688
v -0.011329395 -0.011108199 -0.022672900
v -0.006444859 -0.015992736 -0.021044721
v 0.000881946 -0.014364557 -0.025115168
v -0.000699672 -0.016056871 -0.020791560
v -0.003188501 -0.004595484 -0.038954688
v -0.000746233 -0.015178646 -0.024301079
v -0.006444859 -0.015992736 -0.021858811
v -0.011329395 -0.002967305 -0.038140598
v -0.010917275 -0.010562024 -0.021002695
v -0.000746233 -0.011108199 -0.029999705
v -0.009701217 -0.003781395 -0.038140598
v -0.011329395 -0.010294110 -0.024301079
f 1672 1666 1668
f 1673 1666 1667
f 1673 1668 1666
f 1673 1671 1668
f 1674 1667 1666
f 1675 1669 1668
f 1675 1668 1671
f 1676 1672 1668
f 1676 1668 1669
f 1677 1671 1673
f 1679 1674 1666
f 1679 1666 1672
f 1680 1676 1669
f 1680 1669 1675
f 1680 1675 1671
f 1681 1671 1677
f 1682 1679 1672
f 1682 1672 1670
f 1684 1670 1672
f 1684 1672 1676
f 1684 1676 1680
f 1685 1679 1682
f 1686 1685 1678
f 1686 1679 1685
f 1687 1667 1674
f 1688 1674 1679
f 1688 1683 1687
f 1689 1687 1683
f 1691 1670 1684
f 1691 1678 1685
f 1692 1679 1686
f 1692 1688 1679
f 1692 1683 1688
f 1693 1667 1687
f 1693 1673 1667
f 1693 1681 1677
f 1693 1677 1673
f 1694 1688 1687
f 1694 1687 1674
f 1694 1674 1688
f 1695 1689 1683
f 1695 1671 1681
f 1695 1690 1680
f 1695 1680 1671
f 1696 1689 1681
f 1696 1687 1689
f 1696 1693 1687
f 1696 1681 1693
f 1697 1690 1683
f 1697 1686 1690
f 1697 1692 1686
f 1697 1683 1692
f 1698 1690 1686
f 1698 1686 1678
f 1698 1680 1690
f 1698 1684 1680
f 1699 1691 1685
f 1699 1685 1682
f 1699 1682 1670
f 1699 1670 1691
f 1700 1695 1681
f 1700 1681 1689
f 1700 1689 1695
f 1701 1695 1683
f 1701 1683 1690
f 1701 1690 1695
f 1702 1698 1678
f 1702 1678 1691
f 1702 1691 1684
f 1702 1684 1698
o distal046
usemtl Material046
v -0.011329395 -0.019249093 0.031871090
v -0.008752565 -0.022977672 0.031849235
v -0.008887127 -0.024133630 0.024544285
v -0.017507212 -0.015086966 0.023699220
v -0.016213932 -0.023319540 0.025358374
v -0.011329395 -0.019249093 0.030242911
v -0.016213932 -0.019249093 0.031871090
v -0.010515306 -0.027389987 0.024544285
v -0.016693387 -0.015712234 0.023794936
v -0.016213932 -0.015178646 0.030242911
v -0.008887127 -0.022505451 0.028614732
v -0.016537548 -0.018066650 0.032097323
v -0.008658230 -0.026780700 0.024133948
v -0.012143485 -0.022505451 0.031871090
v -0.016213932 -0.023319540 0.023730196
v -0.009028780 -0.022866144 0.031894195
v -0.017525623 -0.015106709 0.031895944
v -0.008887127 -0.024947719 0.029428821
v -0.008887127 -0.024947719 0.023730196
v -0.013771664 -0.025761808 0.024544285
v -0.010515306 -0.027389987 0.023730196
v -0.010515306 -0.023319540 0.031871090
v -0.014585753 -0.016806825 0.031871090
v -0.017842111 -0.019249093 0.027800643
v -0.008736517 -0.026997658 0.023612370
v -0.009701217 -0.024947719 0.029428821
v -0.011329395 -0.024947719 0.028614732
v -0.017452277 -0.016263288 0.031812445
v -0.017545122 -0.015223312 0.031856363
v -0.017842111 -0.019249093 0.023730196
v -0.013248359 -0.025177260 0.023586490
f 1712 1703 1708
f 1712 1711 1706
f 1712 1708 1711
f 1713 1708 1703
f 1713 1703 1704
f 1713 1711 1708
f 1713 1705 1711
f 1715 1713 1704
f 1715 1705 1713
f 1716 1709 1707
f 1716 1714 1709
f 1718 1704 1703
f 1718 1703 1714
f 1719 1712 1706
f 1720 1715 1704
f 1720 1710 1715
f 1721 1711 1705
f 1721 1705 1715
f 1721 1706 1711
f 1722 1716 1707
f 1722 1707 1717
f 1723 1722 1717
f 1723 1710 1722
f 1724 1704 1718
f 1724 1720 1704
f 1724 1718 1714
f 1724 1714 1716
f 1725 1719 1714
f 1725 1714 1703
f 1725 1703 1712
f 1725 1712 1719
f 1726 1707 1709
f 1726 1717 1707
f 1727 1715 1710
f 1727 1710 1723
f 1727 1721 1715
f 1727 1706 1721
f 1728 1710 1720
f 1728 1720 1724
f 1729 1722 1710
f 1729 1728 1724
f 1729 1710 1728
f 1729 1724 1716
f 1729 1716 1722
f 1730 1726 1709
f 1730 1709 1714
f 1730 1714 1719
f 1731 1719 1706
f 1731 1730 1719
f 1731 1726 1730
f 1732 1717 1726
f 1732 1731 1706
f 1732 1726 1731
f 1733 1727 1723
f 1733 1723 1717
f 1733 1717 1732
f 1733 1732 1706
f 1733 1706 1727
o distal047
usemtl Material047
v -0.017842111 -0.011108199 0.023730196
v -0.016341761 -0.020030347 0.023731188
v -0.013287745 -0.012136799 0.015134790
v -0.019470289 -0.011108199 0.014775212
v -0.019470289 -0.015178646 0.021287927
v -0.017842111 -0.020063183 0.014775212
v -0.013585973 -0.010824210 0.015170163
v -0.017028021 -0.012736378 0.023730196
v -0.017842111 -0.019249093 0.023730196
v -0.019007095 -0.011104428 0.023703755
v -0.016617005 -0.020041048 0.014688189
v -0.019470289 -0.015992736 0.015589302
v -0.013648812 -0.011953221 0.014666682
v -0.016693387 -0.015712234 0.023794936
v -0.018656200 -0.020063183 0.019659749
v -0.018656200 -0.016806825 0.022916106
v -0.016385528 -0.020202344 0.023712022
v -0.019470289 -0.011922289 0.014775212
v -0.013775639 -0.011115214 0.014782161
v -0.019470289 -0.015992736 0.020473838
v -0.018021341 -0.020120475 0.016649561
f 1741 1740 1734
f 1741 1736 1740
f 1743 1737 1738
f 1743 1740 1737
f 1743 1734 1740
f 1745 1738 1737
f 1746 1744 1737
f 1746 1736 1744
f 1747 1741 1734
f 1747 1735 1736
f 1747 1736 1741
f 1747 1742 1735
f 1747 1743 1742
f 1747 1734 1743
f 1748 1745 1739
f 1749 1743 1738
f 1749 1742 1743
f 1749 1748 1742
f 1749 1738 1748
f 1750 1744 1736
f 1750 1736 1735
f 1750 1735 1742
f 1750 1742 1748
f 1751 1744 1739
f 1751 1737 1744
f 1751 1745 1737
f 1751 1739 1745
f 1752 1746 1737
f 1752 1737 1740
f 1752 1740 1736
f 1752 1736 1746
f 1753 1748 1738
f 1753 1738 1745
f 1753 1745 1748
f 1754 1739 1744
f 1754 1744 1750
f 1754 1750 1748
f 1754 1748 1739
o distal048
usemtl Material048
v 0.001562010 0.017564989 -0.012588530
v 0.005717634 0.006756075 -0.012814279
v 0.008208750 0.014128572 -0.021044721
v 0.000793280 0.017158980 -0.021860469
v 0.000881946 0.006801767 -0.012903827
v 0.002510124 0.017384930 -0.021858811
v 0.004952393 0.015756751 -0.012903827
v 0.001119195 0.017558534 -0.012578883
v 0.006580571 0.006801767 -0.021858811
v 0.005340223 0.012992218 -0.012826119
v 0.001696035 0.018199019 -0.013717917
v 0.000881946 0.018199019 -0.013717917
v 0.006489606 0.006587974 -0.018227354
v 0.000881946 0.006801767 -0.021858811
v 0.008048051 0.013743247 -0.022157336
v 0.008206001 0.013308289 -0.021867942
f 1762 1759 1756
f 1762 1756 1755
f 1764 1761 1755
f 1764 1755 1756
f 1764 1756 1757
f 1764 1757 1761
f 1765 1755 1761
f 1765 1761 1757
f 1765 1757 1760
f 1766 1758 1759
f 1766 1759 1762
f 1766 1762 1755
f 1766 1755 1765
f 1766 1765 1760
f 1766 1760 1758
f 1767 1756 1759
f 1768 1759 1758
f 1768 1767 1759
f 1768 1763 1767
f 1769 1760 1757
f 1769 1758 1760
f 1769 1768 1758
f 1769 1763 1768
f 1770 1767 1763
f 1770 1757 1756
f 1770 1756 1767
f 1770 1769 1757
f 1770 1763 1769
o distal049
usemtl Material049
v 0.029375074 -0.004595484 -0.004762933
v 0.037515968 -0.023319540 -0.010461559
v 0.036701879 -0.015992736 -0.012089738
v 0.028560985 -0.003781395 -0.012903827
v 0.027384619 -0.026017478 -0.009264181
v 0.031003253 -0.005409573 -0.009647470
v 0.032631432 -0.009480020 -0.004762933
v 0.027643719 -0.004823420 -0.004750001
v 0.027746896 -0.026575898 -0.012903827
v 0.030189164 -0.005409573 -0.012903827
v 0.028560985 -0.002967305 -0.006391112
v 0.037515968 -0.018435004 -0.012089738
v 0.031003253 -0.005409573 -0.005577023
v 0.028560985 -0.023319540 -0.004762933
v 0.031817343 -0.007037752 -0.004762933
v 0.035887790 -0.026575898 -0.012089738
v 0.027553605 -0.004050573 -0.012713474
v 0.031003253 -0.006223663 -0.012089738
v 0.028560985 -0.002967305 -0.011275648
v 0.036983165 -0.018516635 -0.013380440
v 0.027746896 -0.002967305 -0.006391112
v 0.037515968 -0.021691361 -0.010461559
v 0.032631432 -0.015992736 -0.004762933
v 0.027746896 -0.023319540 -0.004762933
v 0.028560985 -0.026575898 -0.008833380
v 0.034259611 -0.025761808 -0.009647470
v 0.027435463 -0.003585285 -0.011188145
v 0.036196641 -0.016054146 -0.013230675
v 0.036419541 -0.025743815 -0.013323948
v 0.031003253 -0.020877272 -0.004762933
v 0.027746896 -0.024947719 -0.006391112
v 0.034259611 -0.026575898 -0.010461559
v 0.035835360 -0.026568722 -0.012999847
v 0.037515968 -0.024133630 -0.011275648
v 0.036701879 -0.023319540 -0.009647470
v 0.028560985 -0.024947719 -0.006391112
v 0.036701879 -0.025761808 -0.012089738
v 0.037503795 -0.024095723 -0.012929839
f 1782 1773 1777
f 1783 1781 1771
f 1783 1776 1781
f 1783 1773 1776
f 1785 1778 1777
f 1785 1771 1778
f 1785 1783 1771
f 1785 1777 1773
f 1785 1773 1783
f 1787 1774 1779
f 1787 1779 1775
f 1788 1780 1776
f 1788 1776 1773
f 1788 1773 1780
f 1789 1780 1774
f 1789 1776 1780
f 1789 1781 1776
f 1789 1774 1787
f 1790 1779 1774
f 1790 1774 1780
f 1790 1773 1782
f 1791 1778 1771
f 1791 1771 1781
f 1791 1781 1789
f 1792 1782 1777
f 1792 1777 1772
f 1792 1772 1782
f 1793 1772 1777
f 1793 1777 1778
f 1794 1784 1778
f 1794 1778 1775
f 1795 1775 1779
f 1795 1779 1786
f 1797 1787 1775
f 1797 1775 1778
f 1797 1778 1791
f 1797 1791 1789
f 1797 1789 1787
f 1798 1790 1780
f 1798 1780 1773
f 1798 1773 1790
f 1799 1779 1790
f 1800 1784 1796
f 1800 1793 1778
f 1800 1778 1784
f 1801 1794 1775
f 1801 1775 1795
f 1801 1784 1794
f 1802 1795 1786
f 1802 1796 1784
f 1803 1786 1779
f 1803 1779 1799
f 1804 1782 1772
f 1805 1772 1793
f 1805 1793 1800
f 1805 1800 1796
f 1805 1796 1802
f 1806 1801 1795
f 1806 1795 1802
f 1806 1802 1784
f 1806 1784 1801
f 1807 1803 1799
f 1807 1786 1803
f 1807 1804 1772
f 1807 1802 1786
f 1807 1805 1802
f 1807 1772 1805
f 1808 1799 1790
f 1808 1790 1782
f 1808 1782 1804
f 1808 1807 1799
f 1808 1804 1807
o distal050
usemtl Material050
v 0.000881946 0.007615857 0.014775212
v 0.000881946 -0.011108199 0.014775212
v 0.000881946 -0.011108199 -0.003134754
v -0.023540736 0.006801767 -0.003134754
v -0.019349518 -0.005563093 0.015200659
v 0.000881946 0.007615857 -0.003134754
v -0.013771664 0.007615857 0.014775212
v -0.019470289 -0.011108199 0.014775212
v -0.023227922 0.004322752 -0.003541450
v -0.017657001 0.004665000 0.015071000
v -0.022726647 0.007615857 -0.001506576
v -0.023540736 0.001917231 0.004192050
v -0.022326631 0.007448172 -0.003199214
v -0.017028021 -0.011108199 -0.003134754
v -0.021098468 0.007615857 0.005006140
v -0.022726647 0.002731320 0.006634318
v -0.023540736 0.000289052 0.000121603
v -0.016213932 0.007615857 0.012332944
v -0.021912557 0.006801767 0.005006140
v -0.023540736 0.001103142 0.004192050
v -0.018022157 0.004128209 0.015072726
v -0.022726647 -0.002153216 -0.003134754
v -0.021098468 0.006801767 0.006634318
v -0.023540736 0.006801767 -0.001506576
v -0.022726647 -0.002967305 0.003377961
v -0.022726647 0.003545410 0.006634318
v -0.018656200 -0.009480020 -0.003134754
v -0.023540736 0.000289052 0.003377961
v -0.019470289 -0.011108199 -0.000692486
v -0.022726647 -0.002967305 0.001749782
v -0.022726647 0.004359499 0.005820229
v -0.021098468 -0.005409573 -0.003134754
v -0.021098468 -0.007037752 0.000121603
v -0.023540736 0.002731320 0.003377961
v -0.019470289 -0.009480020 -0.002320665
f 1809 1810 1811
f 1813 1810 1809
f 1814 1809 1811
f 1815 1809 1814
f 1816 1811 1810
f 1816 1810 1813
f 1817 1814 1811
f 1818 1813 1809
f 1818 1809 1815
f 1819 1815 1814
f 1821 1817 1812
f 1821 1814 1817
f 1821 1819 1814
f 1821 1812 1819
f 1822 1817 1811
f 1822 1811 1816
f 1823 1815 1819
f 1824 1816 1813
f 1825 1820 1812
f 1826 1818 1815
f 1826 1815 1823
f 1827 1823 1819
f 1828 1824 1820
f 1828 1816 1824
f 1828 1820 1825
f 1829 1813 1818
f 1830 1825 1812
f 1830 1812 1817
f 1831 1826 1823
f 1831 1818 1826
f 1831 1823 1827
f 1831 1829 1818
f 1832 1827 1819
f 1832 1819 1812
f 1832 1812 1820
f 1834 1824 1813
f 1834 1813 1829
f 1834 1820 1824
f 1834 1831 1827
f 1834 1829 1831
f 1835 1817 1822
f 1836 1828 1825
f 1836 1825 1833
f 1836 1833 1816
f 1836 1816 1828
f 1837 1816 1833
f 1837 1822 1816
f 1838 1833 1825
f 1838 1825 1830
f 1838 1837 1833
f 1839 1834 1827
f 1839 1827 1832
f 1840 1830 1817
f 1840 1817 1835
f 1841 1838 1830
f 1841 1830 1837
f 1841 1837 1838
f 1842 1839 1832
f 1842 1832 1820
f 1842 1820 1834
f 1842 1834 1839
f 1843 1840 1835
f 1843 1837 1830
f 1843 1830 1840
f 1843 1835 1822
f 1843 1822 1837
o distal051
usemtl Material051
v 0.010651018 0.003545410 0.064434665
v 0.011680615 -0.001880160 0.061193528
v 0.012279197 0.000289052 0.048966967
v 0.010046515 0.002822197 0.048751757
v 0.005766482 0.007615857 0.063620576
v 0.011214965 -0.002359496 0.049095241
v 0.009022840 0.007615857 0.057921950
v 0.011465108 0.001917231 0.064434665
v 0.011975725 -0.002545082 0.048323070
v 0.006580571 0.005987678 0.050595146
v 0.009836929 -0.001339127 0.057921950
v 0.009836929 0.005987678 0.050595146
v 0.008208750 0.008429946 0.063620576
v 0.012279197 0.000289052 0.052223324
v 0.009836929 0.005987678 0.063620576
v 0.009836929 0.001103142 0.064434665
v 0.011300000 -0.002498041 0.057910295
v 0.009836929 0.001103142 0.048966967
v 0.009836929 -0.001339127 0.051409235
v 0.006974000 0.006938000 0.050673999
v 0.005766482 0.008429946 0.063620576
v 0.011760266 -0.000911758 0.061234064
v 0.011465108 0.002731320 0.050595146
v 0.011527169 -0.002185060 0.061176968
v 0.005766482 0.006801767 0.057921950
v 0.009022840 0.006801767 0.050595146
v 0.009022840 0.003545410 0.064434665
v 0.006580571 0.008429946 0.057921950
v 0.011465108 0.002731320 0.053037414
v 0.011119000 0.001060000 0.063954003
v 0.010651018 -0.001339127 0.061178308
v 0.005766482 0.006801767 0.059550129
v 0.005518978 0.008106129 0.057836613
v 0.009022840 0.002731320 0.064434665
v 0.007394661 0.008429946 0.058736040
v 0.008208750 0.008429946 0.061992397
f 1852 1847 1846
f 1855 1846 1847
f 1857 1852 1846
f 1857 1845 1852
f 1858 1844 1851
f 1858 1856 1844
f 1858 1850 1856
f 1858 1855 1850
f 1859 1848 1854
f 1859 1851 1844
f 1860 1849 1852
f 1861 1852 1849
f 1861 1849 1853
f 1861 1853 1847
f 1861 1847 1852
f 1862 1853 1849
f 1862 1860 1854
f 1862 1849 1860
f 1863 1847 1853
f 1864 1844 1856
f 1865 1857 1851
f 1865 1851 1845
f 1865 1845 1857
f 1866 1857 1846
f 1866 1846 1855
f 1866 1855 1858
f 1867 1845 1851
f 1867 1854 1860
f 1867 1860 1852
f 1867 1852 1845
f 1868 1862 1854
f 1868 1853 1862
f 1869 1850 1855
f 1869 1855 1847
f 1869 1847 1863
f 1870 1859 1844
f 1870 1844 1864
f 1870 1864 1848
f 1871 1864 1856
f 1871 1869 1863
f 1872 1866 1858
f 1872 1858 1851
f 1872 1851 1857
f 1872 1857 1866
f 1873 1867 1851
f 1873 1851 1859
f 1873 1859 1867
f 1874 1867 1859
f 1874 1859 1854
f 1874 1854 1867
f 1875 1868 1854
f 1875 1854 1848
f 1876 1848 1864
f 1876 1864 1871
f 1876 1871 1863
f 1876 1863 1853
f 1876 1853 1868
f 1876 1875 1848
f 1876 1868 1875
f 1877 1870 1848
f 1877 1848 1859
f 1877 1859 1870
f 1878 1871 1856
f 1878 1850 1869
f 1878 1869 1871
f 1879 1878 1856
f 1879 1856 1850
f 1879 1850 1878
o distal052
usemtl Material052
v 0.005766482 0.009244036 0.062806487
v 0.008191280 0.006796896 0.057923204
v 0.004952393 0.011686304 0.050595146
v -0.005630770 0.010872214 0.050595146
v -0.002394343 0.009486229 0.060186300
v 0.007346028 0.006712494 0.050562254
v 0.006580571 0.010058125 0.057107861
v 0.004952393 0.007615857 0.062806487
v 0.001696035 0.011686304 0.060364218
v 0.000649833 0.012112540 0.050461669
v -0.005242663 0.009708649 0.051390061
v 0.007394661 0.009244036 0.050595146
v 0.006325403 0.008052486 0.062596663
v 0.000067856 0.010872214 0.061992397
v 0.004952393 0.006801767 0.055479682
v 0.003324214 0.011686304 0.059550129
v -0.005245959 0.009784031 0.050550214
v 0.000067856 0.012500393 0.051409235
v -0.005630770 0.010872214 0.051409235
v 0.008208750 0.007615857 0.053037414
v 0.003324214 0.008429946 0.062806487
v 0.001696035 0.010872214 0.061992397
v 0.007855382 0.006439853 0.053085612
v 0.005766482 0.006801767 0.057921950
v 0.004952393 0.011686304 0.051409235
v 0.004952393 0.010872214 0.058736040
v 0.004952393 0.006801767 0.052223324
v 0.002510124 0.012500393 0.051409235
v -0.002374412 0.010872214 0.060364218
v 0.007394661 0.009244036 0.052223324
v 0.002510124 0.011686304 0.060364218
v 0.004138303 0.007615857 0.061178308
f 1886 1880 1881
f 1891 1882 1886
f 1891 1889 1882
f 1891 1885 1889
f 1892 1887 1881
f 1892 1881 1880
f 1892 1880 1887
f 1894 1884 1890
f 1896 1889 1885
f 1896 1883 1889
f 1896 1890 1883
f 1897 1889 1883
f 1898 1890 1884
f 1898 1883 1890
f 1898 1897 1883
f 1899 1886 1881
f 1899 1885 1891
f 1900 1887 1880
f 1900 1880 1893
f 1900 1893 1884
f 1900 1884 1887
f 1901 1893 1880
f 1901 1888 1893
f 1902 1899 1881
f 1902 1885 1899
f 1903 1881 1887
f 1903 1902 1881
f 1903 1894 1902
f 1904 1886 1882
f 1905 1895 1880
f 1905 1880 1886
f 1905 1904 1895
f 1905 1886 1904
f 1906 1894 1890
f 1906 1890 1896
f 1906 1896 1885
f 1906 1902 1894
f 1906 1885 1902
f 1907 1897 1888
f 1907 1895 1904
f 1907 1904 1882
f 1907 1882 1889
f 1907 1889 1897
f 1908 1898 1884
f 1908 1884 1893
f 1908 1893 1888
f 1908 1888 1897
f 1908 1897 1898
f 1909 1899 1891
f 1909 1891 1886
f 1909 1886 1899
f 1910 1888 1901
f 1910 1907 1888
f 1910 1895 1907
f 1910 1901 1880
f 1910 1880 1895
f 1911 1903 1887
f 1911 1887 1884
f 1911 1884 1894
f 1911 1894 1903
o distal053
usemtl Material053
v -0.017978585 0.007666024 0.031873586
v -0.017842111 0.005173589 0.031871090
v -0.014799829 0.004300946 0.015389492
v -0.018656200 0.005173589 0.014775212
v -0.020284379 0.004359499 0.031871090
v -0.016213932 0.007615857 0.016403391
v -0.015127861 0.007315114 0.016940370
v -0.019470289 0.007615857 0.018031570
v -0.018656200 0.003545410 0.031871090
v -0.015391628 0.005616264 0.014956704
v -0.015722725 0.007600864 0.017291193
v -0.019470289 0.006801767 0.030242911
v -0.020284379 0.005173589 0.016403391
v -0.017028021 0.005987678 0.014775212
v -0.016222255 0.003540374 0.014561358
v -0.020284379 0.005173589 0.025358374
v -0.019470289 0.007615857 0.020473838
v -0.019768667 0.003389540 0.016941883
v -0.015206587 0.004321093 0.014571103
v -0.016213932 0.003545410 0.015589302
v -0.019675163 0.003299980 0.031852473
v -0.018196938 0.003431595 0.015039969
f 1918 1912 1913
f 1918 1913 1914
f 1919 1912 1917
f 1920 1914 1913
f 1920 1913 1912
f 1920 1912 1916
f 1921 1918 1914
f 1921 1917 1918
f 1922 1918 1917
f 1922 1917 1912
f 1922 1912 1918
f 1923 1916 1912
f 1924 1919 1915
f 1925 1919 1917
f 1925 1915 1919
f 1925 1917 1921
f 1927 1916 1923
f 1927 1924 1916
f 1927 1919 1924
f 1928 1923 1912
f 1928 1912 1919
f 1928 1927 1923
f 1928 1919 1927
f 1929 1916 1924
f 1930 1921 1914
f 1930 1914 1926
f 1930 1925 1921
f 1930 1926 1915
f 1930 1915 1925
f 1931 1926 1914
f 1931 1914 1920
f 1932 1920 1916
f 1932 1916 1929
f 1932 1931 1920
f 1932 1926 1931
f 1933 1929 1924
f 1933 1924 1915
f 1933 1915 1926
f 1933 1932 1929
f 1933 1926 1932
o distal054
usemtl Material054
v 0.009727822 0.012208870 0.031902278
v 0.011186779 0.011184440 0.026959046
v 0.004952393 0.017384930 0.021287927
v 0.000881946 0.017384930 0.019659749
v 0.000882441 0.011298483 0.022761877
v 0.000716757 0.017627618 0.030903418
v 0.011465108 0.013314483 0.026986553
v 0.008208750 0.011686304 0.031871090
v 0.009836929 0.011686304 0.020473838
v 0.004808767 0.017365407 0.019650108
v 0.000536467 0.012987012 0.031429899
v 0.010006797 0.012079605 0.031811761
v 0.002510124 0.017384930 0.031057000
v 0.001588872 0.011472636 0.019420585
v 0.011465108 0.011686304 0.021287927
v 0.011465108 0.013314483 0.022102017
v 0.001045344 0.012373120 0.030669586
v 0.000897690 0.013876320 0.031954181
v 0.009836929 0.014128572 0.028614732
v 0.004138303 0.017384930 0.028614732
v 0.004895312 0.011561399 0.019594989
v 0.000960409 0.014473541 0.019645617
v 0.009836929 0.013314483 0.020473838
v 0.008749018 0.012557847 0.031969741
v 0.007394661 0.014128572 0.031871090
v 0.011465108 0.012500393 0.021287927
v 0.004715302 0.014193411 0.031953098
f 1941 1938 1935
f 1943 1939 1936
f 1943 1937 1939
f 1944 1939 1937
f 1944 1937 1938
f 1945 1935 1940
f 1945 1941 1935
f 1945 1934 1941
f 1947 1935 1938
f 1947 1937 1943
f 1948 1940 1935
f 1948 1935 1942
f 1949 1943 1936
f 1949 1936 1940
f 1949 1940 1948
f 1950 1944 1938
f 1950 1938 1941
f 1950 1941 1944
f 1951 1944 1941
f 1951 1946 1939
f 1951 1939 1944
f 1952 1945 1940
f 1953 1936 1939
f 1953 1939 1946
f 1953 1946 1952
f 1953 1952 1940
f 1953 1940 1936
f 1954 1942 1935
f 1954 1935 1947
f 1954 1947 1943
f 1955 1947 1938
f 1955 1938 1937
f 1955 1937 1947
f 1956 1948 1942
f 1956 1943 1949
f 1956 1954 1943
f 1956 1942 1954
f 1957 1951 1941
f 1957 1941 1934
f 1958 1952 1946
f 1958 1934 1945
f 1958 1945 1952
f 1958 1957 1934
f 1959 1956 1949
f 1959 1949 1948
f 1959 1948 1956
f 1960 1958 1946
f 1960 1946 1951
f 1960 1951 1957
f 1960 1957 1958
o distal055
usemtl Material055
v 0.000881946 0.028782181 0.087229168
v 0.001696035 0.022269466 0.087229168
v 0.000881946 0.024711734 0.068505112
v -0.008073038 0.027154002 0.068505112
v -0.006996383 0.020475807 0.087170599
v -0.003188501 0.029596271 0.068505112
v 0.001696035 0.024711734 0.074203738
v -0.001854091 0.029664291 0.087295971
v -0.004002591 0.017384930 0.068505112
v -0.000746233 0.028782181 0.070133291
v 0.001696035 0.025525824 0.080716453
v -0.005630770 0.019013108 0.087229168
v 0.001317763 0.025045028 0.087271480
v -0.008073038 0.030410360 0.083158721
v -0.001560323 0.030410360 0.083972811
v 0.000881946 0.021455377 0.068505112
v -0.008073038 0.018199019 0.068505112
v -0.001560323 0.028782181 0.068505112
v 0.000067856 0.028782181 0.075831917
v 0.000881946 0.028782181 0.086415079
v -0.007206267 0.030038725 0.087248429
v -0.003188501 0.018199019 0.083158721
v -0.000268863 0.029093310 0.087281994
v 0.000881946 0.020641287 0.087229168
v -0.008073038 0.030410360 0.079902364
v -0.000746233 0.029596271 0.077460096
v 0.001696035 0.023083555 0.074203738
v -0.008073038 0.022269466 0.083158721
v -0.008073038 0.019013108 0.079088274
v 0.000067856 0.029596271 0.081530543
v -0.005630770 0.017384930 0.071761470
v -0.003607868 0.019396811 0.087226187
v -0.002374412 0.018199019 0.069319202
v 0.000881946 0.020641287 0.079902364
v -0.007938925 0.029157006 0.074226521
v -0.003188501 0.030410360 0.075831917
v -0.002374412 0.029596271 0.070947381
v -0.006444859 0.019013108 0.086415079
v -0.005630770 0.017384930 0.068505112
v -0.004002591 0.017384930 0.071761470
v -0.008073038 0.018199019 0.070133291
v -0.004002591 0.018199019 0.083972811
v -0.002374412 0.018199019 0.068505112
v 0.001696035 0.022269466 0.083158721
v -0.004754900 0.029078177 0.068536569
v -0.004816680 0.030410360 0.075831917
v -0.005630770 0.018199019 0.081530543
v -0.004816680 0.018199019 0.083972811
f 1966 1963 1964
f 1969 1964 1963
f 1971 1961 1962
f 1971 1962 1967
f 1973 1962 1961
f 1973 1968 1972
f 1975 1968 1961
f 1976 1969 1963
f 1976 1963 1967
f 1977 1964 1969
f 1977 1974 1964
f 1978 1970 1963
f 1978 1963 1966
f 1978 1966 1970
f 1979 1967 1963
f 1979 1963 1970
f 1980 1971 1967
f 1980 1961 1971
f 1980 1967 1979
f 1981 1972 1968
f 1981 1965 1972
f 1981 1975 1974
f 1981 1968 1975
f 1983 1973 1961
f 1983 1961 1968
f 1983 1968 1973
f 1984 1973 1972
f 1984 1962 1973
f 1985 1964 1974
f 1985 1974 1975
f 1987 1976 1967
f 1987 1967 1962
f 1988 1974 1977
f 1988 1981 1974
f 1988 1965 1981
f 1989 1988 1977
f 1989 1965 1988
f 1990 1975 1961
f 1990 1961 1980
f 1990 1980 1979
f 1990 1979 1970
f 1990 1970 1986
f 1992 1984 1972
f 1993 1984 1982
f 1994 1962 1984
f 1994 1984 1993
f 1995 1964 1985
f 1996 1985 1975
f 1996 1990 1986
f 1996 1975 1990
f 1997 1986 1970
f 1997 1970 1966
f 1997 1996 1986
f 1997 1966 1996
f 1998 1972 1965
f 1998 1965 1989
f 1999 1991 1977
f 1999 1977 1969
f 1999 1969 1991
f 2000 1991 1969
f 2000 1993 1982
f 2000 1969 1993
f 2001 1989 1977
f 2001 1977 1991
f 2002 1992 1972
f 2002 1982 1984
f 2002 1984 1992
f 2002 2000 1982
f 2002 1991 2000
f 2003 1993 1969
f 2003 1969 1976
f 2003 1994 1993
f 2003 1976 1994
f 2004 1987 1962
f 2004 1962 1994
f 2004 1994 1976
f 2004 1976 1987
f 2005 1995 1985
f 2005 1985 1966
f 2005 1966 1964
f 2005 1964 1995
f 2006 1996 1966
f 2006 1966 1985
f 2006 1985 1996
f 2007 1998 1989
f 2007 1989 2001
f 2007 2001 1991
f 2008 2002 1972
f 2008 1972 1998
f 2008 1998 2007
f 2008 2007 1991
f 2008 1991 2002
o distal056
usemtl Material056
v -0.011226999 0.014078924 0.005003071
v -0.011329395 0.007615857 0.005006140
v -0.011329395 0.007615857 -0.004762933
v -0.020784585 0.017208960 -0.005415499
v -0.021098468 0.008429946 0.003377961
v -0.011396509 0.020465894 -0.004748780
v -0.010852946 0.020101474 -0.002526864
v -0.019470289 0.008429946 0.005006140
v -0.023446631 0.007553483 -0.005005986
v -0.012376275 0.020291469 -0.004871055
v -0.010940055 0.018703262 0.000723010
v -0.013771664 0.014128572 0.005006140
v -0.020487858 0.007311802 0.003229032
v -0.024354826 0.014128572 -0.003948844
v -0.012143485 0.020641287 -0.002320665
v -0.011329395 0.016570840 0.003377961
v -0.018916408 0.007338445 0.004870906
v -0.024354826 0.008429946 -0.003948844
v -0.024253034 0.014197420 -0.005201824
v -0.023540736 0.014128572 -0.003134754
v -0.012957574 0.020641287 -0.003134754
v -0.012143485 0.019013108 0.000935693
v -0.023540736 0.007615857 -0.003948844
v -0.021098468 0.017384930 -0.003948844
v -0.024354826 0.008429946 -0.004762933
v -0.012143485 0.016570840 0.003377961
f 2015 2010 2011
f 2015 2011 2014
f 2017 2012 2011
f 2018 2014 2011
f 2018 2011 2012
f 2019 2009 2010
f 2019 2010 2015
f 2020 2016 2010
f 2020 2010 2009
f 2021 2017 2011
f 2022 2013 2016
f 2023 2015 2014
f 2023 2019 2015
f 2024 2020 2009
f 2024 2009 2019
f 2025 2021 2011
f 2025 2011 2010
f 2025 2010 2016
f 2025 2016 2013
f 2025 2013 2021
f 2026 2021 2013
f 2026 2013 2022
f 2027 2012 2017
f 2028 2022 2016
f 2028 2016 2020
f 2029 2023 2014
f 2029 2014 2018
f 2029 2018 2012
f 2030 2024 2019
f 2030 2019 2023
f 2031 2017 2021
f 2031 2021 2026
f 2032 2027 2022
f 2032 2012 2027
f 2032 2022 2028
f 2032 2028 2020
f 2032 2020 2030
f 2032 2029 2012
f 2032 2030 2023
f 2032 2023 2029
f 2033 2026 2022
f 2033 2022 2027
f 2033 2027 2017
f 2033 2031 2026
f 2033 2017 2031
f 2034 2030 2020
f 2034 2020 2024
f 2034 2024 2030
o distal057
usemtl Material057
v 0.021234180 0.005173589 -0.021858811
v 0.024490538 -0.005409573 -0.024301079
v 0.022743587 0.004770331 -0.030934000
v 0.000881946 0.005173589 -0.030813794
v 0.000881946 -0.007851842 -0.021858811
v 0.000956339 -0.008397671 -0.031038059
v 0.022862359 0.005173589 -0.024301079
v 0.023226000 -0.007676622 -0.021940894
v 0.000881946 0.005173589 -0.021858811
v 0.022862359 -0.007851842 -0.030813794
v 0.022862359 0.001103142 -0.021858811
v 0.024490538 0.000289052 -0.026743347
v 0.023521832 -0.008183106 -0.022488803
v 0.023676449 0.001917231 -0.023486989
v 0.023676449 -0.002153216 -0.022672900
v 0.024490538 -0.006223663 -0.026743347
v 0.024490538 0.000289052 -0.025115168
v 0.024490538 -0.006223663 -0.025115168
v 0.024490538 -0.002967305 -0.024301079
f 2040 2038 2037
f 2040 2039 2038
f 2041 2037 2038
f 2041 2038 2035
f 2043 2039 2035
f 2043 2035 2038
f 2043 2038 2039
f 2044 2040 2037
f 2045 2035 2039
f 2045 2039 2042
f 2046 2037 2041
f 2046 2044 2037
f 2047 2042 2039
f 2047 2039 2040
f 2047 2040 2044
f 2048 2041 2035
f 2048 2035 2045
f 2049 2045 2042
f 2049 2048 2045
f 2049 2047 2036
f 2049 2042 2047
f 2050 2046 2036
f 2050 2044 2046
f 2050 2047 2044
f 2051 2046 2041
f 2051 2041 2048
f 2051 2036 2046
f 2052 2050 2036
f 2052 2036 2047
f 2052 2047 2050
f 2053 2049 2036
f 2053 2036 2051
f 2053 2051 2048
f 2053 2048 2049
o distal058
usemtl Material058
v 0.017977823 0.005173589 -0.030813794
v 0.017977823 -0.007851842 -0.030813794
v 0.017977823 -0.000525037 -0.040582867
v 0.011465108 0.005173589 -0.040582867
v 0.007356473 -0.007417871 -0.030561391
v 0.017977823 0.005173589 -0.039768777
v 0.007394661 0.005173589 -0.030813794
v 0.015535555 -0.007851842 -0.039768777
v 0.017163733 0.005173589 -0.040582867
v 0.007407398 0.005188741 -0.039542804
v 0.017965212 -0.007801613 -0.039262532
v 0.007394661 -0.007851842 -0.031627883
v 0.007394661 -0.002967305 -0.039768777
v 0.017977823 0.004359499 -0.040582867
v 0.007219151 -0.004081565 -0.037539642
v 0.014721465 0.001103142 -0.040582867
v 0.007394661 -0.006223663 -0.035698330
v 0.011465108 0.004359499 -0.040582867
v 0.017163733 -0.000525037 -0.040582867
f 2054 2055 2056
f 2058 2055 2054
f 2059 2054 2056
f 2060 2058 2054
f 2062 2056 2057
f 2063 2054 2059
f 2063 2060 2054
f 2063 2062 2057
f 2063 2059 2062
f 2064 2061 2056
f 2064 2056 2055
f 2064 2055 2061
f 2065 2061 2055
f 2065 2055 2058
f 2066 2063 2057
f 2067 2062 2059
f 2067 2059 2056
f 2067 2056 2062
f 2068 2058 2060
f 2068 2060 2063
f 2068 2063 2066
f 2068 2065 2058
f 2069 2057 2056
f 2070 2066 2061
f 2070 2061 2065
f 2070 2068 2066
f 2070 2065 2068
f 2071 2069 2066
f 2071 2066 2057
f 2071 2057 2069
f 2072 2069 2056
f 2072 2056 2061
f 2072 2061 2066
f 2072 2066 2069
o distal059
usemtl Material059
v -0.024354826 0.039365343 -0.031627883
v -0.020284379 0.037737164 -0.038954688
v -0.021912557 0.043435790 -0.040582867
v -0.037380256 0.043435790 -0.041396956
v -0.040636614 0.037737164 -0.034884241
v -0.023540736 0.039365343 -0.042211045
v -0.033309809 0.044249880 -0.036512420
v -0.021912557 0.040179433 -0.034070151
v -0.025983004 0.036923075 -0.031627883
v -0.020284379 0.039365343 -0.040582867
v -0.027611183 0.043435790 -0.042211045
v -0.040636614 0.037737164 -0.039768777
v -0.035752077 0.041807611 -0.033256062
v -0.023540736 0.042621701 -0.035698330
v -0.023540736 0.037737164 -0.032441973
v -0.023540736 0.041807611 -0.042211045
v -0.021098468 0.036923075 -0.040582867
v -0.020284379 0.039365343 -0.038954688
v -0.030053451 0.041807611 -0.042211045
v -0.030053451 0.045063969 -0.039768777
v -0.043078882 0.040993522 -0.038140598
v -0.024354826 0.036108986 -0.038140598
v -0.027611183 0.042621701 -0.034070151
v -0.030053451 0.039365343 -0.031627883
v -0.024354826 0.040179433 -0.032441973
v -0.021912557 0.043435790 -0.038954688
v -0.024354826 0.037737164 -0.031627883
v -0.021912557 0.038551254 -0.034070151
v -0.020284379 0.037737164 -0.040582867
v -0.032495720 0.037737164 -0.041396956
v -0.022726647 0.036108986 -0.037326509
v -0.021098468 0.041807611 -0.038954688
v -0.030053451 0.043435790 -0.042211045
v -0.024354826 0.044249880 -0.040582867
v -0.038194345 0.044249880 -0.038140598
v -0.043078882 0.039365343 -0.035698330
v -0.041450703 0.041807611 -0.039768777
v -0.028425273 0.036923075 -0.031627883
v -0.025983004 0.040179433 -0.031627883
v -0.035752077 0.043435790 -0.034884241
v -0.027611183 0.044249880 -0.037326509
v -0.039822524 0.038551254 -0.034070151
v -0.021912557 0.037737164 -0.034884241
v -0.026797094 0.037737164 -0.041396956
v -0.025983004 0.039365343 -0.042211045
v -0.037380256 0.040179433 -0.041396956
v -0.029239362 0.036923075 -0.040582867
v -0.021098468 0.036923075 -0.038954688
v -0.022726647 0.036108986 -0.038140598
v -0.024354826 0.036923075 -0.033256062
v -0.021098468 0.041807611 -0.038140598
v -0.028425273 0.044249880 -0.041396956
v -0.038194345 0.044249880 -0.039768777
v -0.031681630 0.045063969 -0.038954688
v -0.043078882 0.039365343 -0.038140598
v -0.042264792 0.038551254 -0.035698330
v -0.043078882 0.040993522 -0.035698330
v -0.024354826 0.036108986 -0.037326509
v -0.028425273 0.040179433 -0.031627883
v -0.030053451 0.043435790 -0.034884241
v -0.037380256 0.044249880 -0.037326509
v -0.024354826 0.044249880 -0.038954688
v -0.036566167 0.040993522 -0.033256062
v -0.030053451 0.037737164 -0.031627883
f 2088 2082 2078
f 2088 2075 2082
f 2088 2083 2075
f 2088 2078 2083
f 2090 2080 2074
f 2090 2074 2082
f 2091 2083 2078
f 2094 2077 2084
f 2096 2081 2073
f 2097 2073 2080
f 2097 2080 2086
f 2098 2086 2080
f 2099 2073 2081
f 2099 2080 2073
f 2100 2074 2080
f 2100 2099 2087
f 2100 2080 2099
f 2101 2082 2074
f 2101 2074 2089
f 2101 2089 2078
f 2101 2078 2082
f 2104 2090 2082
f 2104 2082 2075
f 2104 2075 2098
f 2105 2091 2076
f 2105 2083 2091
f 2106 2075 2083
f 2106 2098 2075
f 2110 2081 2096
f 2110 2103 2081
f 2111 2073 2097
f 2111 2097 2086
f 2111 2086 2095
f 2111 2096 2073
f 2112 2085 2111
f 2113 2095 2086
f 2114 2077 2110
f 2114 2108 2077
f 2115 2100 2087
f 2115 2074 2100
f 2115 2087 2103
f 2116 2102 2078
f 2116 2078 2089
f 2116 2089 2102
f 2117 2091 2078
f 2117 2078 2102
f 2118 2102 2084
f 2118 2076 2091
f 2118 2117 2102
f 2118 2091 2117
f 2118 2109 2076
f 2118 2084 2109
f 2119 2094 2084
f 2119 2084 2102
f 2119 2102 2089
f 2119 2089 2094
f 2120 2103 2089
f 2120 2089 2074
f 2120 2115 2103
f 2120 2074 2115
f 2121 2103 2094
f 2121 2094 2089
f 2121 2089 2103
f 2122 2103 2087
f 2122 2081 2103
f 2122 2099 2081
f 2122 2087 2099
f 2123 2104 2098
f 2123 2098 2080
f 2123 2080 2090
f 2123 2090 2104
f 2124 2083 2105
f 2124 2106 2083
f 2124 2092 2106
f 2124 2105 2076
f 2124 2076 2092
f 2125 2092 2076
f 2125 2076 2109
f 2125 2109 2093
f 2125 2093 2107
f 2126 2125 2107
f 2126 2092 2125
f 2126 2113 2092
f 2126 2079 2113
f 2127 2108 2093
f 2127 2109 2084
f 2127 2093 2109
f 2128 2084 2077
f 2128 2077 2108
f 2128 2127 2084
f 2128 2108 2127
f 2129 2107 2093
f 2129 2093 2108
f 2129 2085 2112
f 2129 2108 2114
f 2130 2110 2077
f 2130 2077 2094
f 2130 2094 2103
f 2130 2103 2110
f 2131 2111 2085
f 2131 2085 2096
f 2131 2096 2111
f 2132 2079 2112
f 2132 2113 2079
f 2132 2095 2113
f 2132 2112 2111
f 2132 2111 2095
f 2133 2112 2079
f 2133 2129 2112
f 2133 2107 2129
f 2133 2126 2107
f 2133 2079 2126
f 2134 2113 2086
f 2134 2086 2098
f 2134 2098 2106
f 2134 2106 2092
f 2134 2092 2113
f 2135 2096 2085
f 2135 2129 2114
f 2135 2085 2129
f 2136 2114 2110
f 2136 2110 2096
f 2136 2135 2114
f 2136 2096 2135
o distal060
usemtl Material060
v -0.034937988 0.006801767 -0.010461559
v -0.034657912 0.005872192 -0.013012722
v -0.033826223 0.008038054 -0.037796898
v -0.049591597 0.005987678 -0.038140598
v -0.046335239 0.003545410 -0.023486989
v -0.052169442 0.007924039 -0.033316845
v -0.034123898 0.007615857 -0.021858811
v -0.036566167 0.003545410 -0.017788364
v -0.052033865 0.007615857 -0.037326509
v -0.043892971 0.006801767 -0.015346095
v -0.034792770 0.007922390 -0.010796768
v -0.033814817 0.002649125 -0.026805984
v -0.035752077 0.005173589 -0.012903827
v -0.049189188 0.007775457 -0.037663733
v -0.050405686 0.004359499 -0.036512420
v -0.051219776 0.006801767 -0.028371526
v -0.035752077 0.007615857 -0.010461559
v -0.043297999 0.007670000 -0.015804000
v -0.039822524 0.000289052 -0.032441973
v -0.033962189 0.003160903 -0.021934618
v -0.034937988 0.003545410 -0.017788364
v -0.036566167 0.005987678 -0.011275648
v -0.043078882 0.004359499 -0.018602453
v -0.052152999 0.007766000 -0.036148001
v -0.043078882 0.007615857 -0.038954688
v -0.052033865 0.006801767 -0.037326509
v -0.047149329 0.004359499 -0.023486989
v -0.048777508 0.004359499 -0.027557436
v -0.051219776 0.007615857 -0.028371526
v -0.041450703 0.001103142 -0.028371526
v -0.034123898 0.001917231 -0.036512420
v -0.038194345 0.000289052 -0.032441973
v -0.035752077 0.006801767 -0.010461559
v -0.038194345 0.004359499 -0.016160185
v -0.043892971 0.005173589 -0.017788364
v -0.049591597 0.004359499 -0.037326509
v -0.052847955 0.006801767 -0.036512420
v -0.044707061 0.005173589 -0.018602453
v -0.046335239 0.005987678 -0.020230632
v -0.048777508 0.003545410 -0.032441973
v -0.042264792 0.001917231 -0.025929258
v -0.034937988 0.002731320 -0.021044721
v -0.039822524 0.003545410 -0.038954688
v -0.039008435 0.000289052 -0.037326509
v -0.052847955 0.006801767 -0.033256062
v -0.047149329 0.003545410 -0.025929258
v -0.040636614 0.000289052 -0.036512420
v -0.035752077 0.002731320 -0.021044721
v -0.039822524 0.001103142 -0.028371526
v -0.039008435 0.007615857 -0.038954688
v -0.034123898 0.002731320 -0.037326509
v -0.041450703 0.003545410 -0.038954688
v -0.038194345 0.000289052 -0.036512420
v -0.050405686 0.004359499 -0.034884241
v -0.040636614 0.000289052 -0.033256062
v -0.048777508 0.003545410 -0.036512420
v -0.039822524 0.000289052 -0.037326509
v -0.034123898 0.006801767 -0.038140598
v -0.034937988 0.001917231 -0.037326509
v -0.043078882 0.006801767 -0.038954688
v -0.036566167 0.001103142 -0.037326509
v -0.045521150 0.002731320 -0.027557436
v -0.043078882 0.002731320 -0.038140598
v -0.039008435 0.006801767 -0.038954688
f 2147 2137 2138
f 2147 2143 2139
f 2147 2139 2142
f 2148 2139 2143
f 2150 2142 2139
f 2153 2137 2147
f 2154 2147 2142
f 2154 2153 2147
f 2154 2146 2153
f 2156 2147 2138
f 2156 2148 2143
f 2156 2143 2147
f 2157 2138 2137
f 2157 2137 2149
f 2157 2156 2138
f 2157 2149 2144
f 2158 2149 2137
f 2160 2150 2145
f 2160 2142 2150
f 2161 2150 2139
f 2161 2140 2145
f 2161 2145 2150
f 2162 2145 2140
f 2164 2163 2152
f 2164 2141 2163
f 2165 2152 2146
f 2165 2146 2154
f 2165 2154 2142
f 2167 2139 2148
f 2168 2167 2148
f 2168 2166 2155
f 2169 2153 2146
f 2169 2146 2158
f 2169 2158 2137
f 2169 2137 2153
f 2170 2159 2144
f 2170 2144 2149
f 2170 2149 2158
f 2170 2158 2159
f 2171 2159 2158
f 2171 2158 2146
f 2171 2141 2159
f 2172 2162 2140
f 2172 2151 2162
f 2173 2160 2145
f 2173 2145 2162
f 2173 2142 2160
f 2173 2162 2151
f 2174 2163 2141
f 2174 2146 2163
f 2174 2171 2146
f 2174 2141 2171
f 2175 2163 2146
f 2175 2146 2152
f 2175 2152 2163
f 2177 2159 2141
f 2177 2141 2166
f 2177 2166 2144
f 2177 2144 2159
f 2178 2157 2144
f 2178 2156 2157
f 2178 2168 2148
f 2178 2148 2156
f 2180 2168 2155
f 2181 2165 2142
f 2181 2142 2173
f 2181 2152 2165
f 2181 2164 2152
f 2181 2173 2151
f 2182 2141 2164
f 2182 2164 2176
f 2182 2166 2141
f 2183 2180 2155
f 2184 2178 2144
f 2184 2144 2166
f 2184 2166 2178
f 2185 2178 2166
f 2185 2166 2168
f 2185 2168 2178
f 2186 2179 2161
f 2186 2161 2139
f 2187 2139 2167
f 2188 2161 2179
f 2188 2172 2140
f 2188 2179 2180
f 2189 2167 2168
f 2189 2168 2180
f 2190 2176 2164
f 2190 2164 2181
f 2190 2181 2151
f 2190 2151 2176
f 2191 2176 2183
f 2191 2183 2155
f 2191 2155 2166
f 2192 2183 2176
f 2192 2176 2151
f 2192 2151 2172
f 2193 2180 2183
f 2193 2188 2180
f 2193 2192 2172
f 2193 2183 2192
f 2194 2186 2139
f 2194 2187 2179
f 2194 2139 2187
f 2195 2179 2187
f 2195 2187 2167
f 2196 2188 2140
f 2196 2140 2161
f 2196 2161 2188
f 2197 2189 2180
f 2197 2167 2189
f 2197 2195 2167
f 2197 2180 2179
f 2197 2179 2195
f 2198 2182 2176
f 2198 2176 2191
f 2198 2191 2166
f 2198 2166 2182
f 2199 2193 2172
f 2199 2172 2188
f 2199 2188 2193
f 2200 2194 2179
f 2200 2179 2186
f 2200 2186 2194
o distal061
usemtl Material061
v 0.011783073 -0.015817270 0.040866449
v 0.014721465 -0.015178646 0.036755626
v 0.013265185 -0.012346631 0.030132302
v 0.012279197 -0.015178646 0.023730196
v 0.008208750 -0.022505451 0.035127447
v 0.014721465 -0.014364557 0.028614732
v 0.014587212 -0.012686136 0.036760899
v 0.010651018 -0.020063183 0.040826073
v 0.007403515 -0.020406104 0.040875950
v 0.013278024 -0.015007565 0.023802804
v 0.013093287 -0.018435004 0.023730196
v 0.013907376 -0.016806825 0.038383805
v 0.010651018 -0.015992736 0.040826073
v 0.014006629 -0.013049960 0.028626761
v 0.007394661 -0.020063183 0.028614732
v 0.011534245 -0.016535361 0.040867235
v 0.008208750 -0.022505451 0.038383805
v 0.013261543 -0.012461185 0.028634509
v 0.014721465 -0.015178646 0.035941537
v 0.013907376 -0.015992736 0.023730196
v 0.011465108 -0.019249093 0.040826073
v 0.007296000 -0.022152999 0.035494000
v 0.007394661 -0.020877272 0.028614732
v 0.008208750 -0.018435004 0.032685179
v 0.008559910 -0.020397060 0.040817230
v 0.013093287 -0.018435004 0.036755626
v 0.011815713 -0.018585466 0.023632651
v 0.007390858 -0.021958651 0.037821690
v 0.009474114 -0.020627899 0.028562553
v 0.011465108 -0.014364557 0.032685179
v 0.008208750 -0.018435004 0.031871090
v 0.011465108 -0.016806825 0.023730196
v 0.011465108 -0.014364557 0.031057000
f 2207 2202 2206
f 2212 2207 2201
f 2212 2202 2207
f 2213 2207 2203
f 2213 2201 2207
f 2213 2209 2201
f 2214 2207 2206
f 2216 2201 2209
f 2217 2205 2211
f 2218 2210 2204
f 2218 2214 2210
f 2218 2203 2207
f 2218 2207 2214
f 2218 2204 2215
f 2219 2211 2206
f 2219 2206 2202
f 2219 2202 2211
f 2220 2206 2211
f 2220 2214 2206
f 2220 2210 2214
f 2220 2204 2210
f 2221 2212 2201
f 2221 2201 2216
f 2221 2216 2209
f 2221 2209 2208
f 2222 2209 2215
f 2222 2205 2217
f 2223 2222 2215
f 2223 2205 2222
f 2224 2215 2209
f 2224 2209 2213
f 2225 2217 2208
f 2225 2208 2209
f 2225 2209 2217
f 2226 2217 2211
f 2226 2208 2217
f 2226 2221 2208
f 2226 2212 2221
f 2226 2211 2202
f 2226 2202 2212
f 2227 2220 2211
f 2227 2204 2220
f 2228 2222 2217
f 2228 2217 2209
f 2228 2209 2222
f 2229 2211 2205
f 2229 2205 2223
f 2229 2227 2211
f 2229 2223 2227
f 2230 2224 2213
f 2230 2213 2203
f 2231 2218 2215
f 2231 2215 2224
f 2231 2224 2230
f 2232 2227 2223
f 2232 2223 2215
f 2232 2215 2204
f 2232 2204 2227
f 2233 2230 2203
f 2233 2203 2218
f 2233 2231 2230
f 2233 2218 2231
o distal062
usemtl Material062
v 0.000881946 0.029596271 0.023730196
v 0.000851709 0.007570715 0.021520484
v 0.000881946 0.027968092 0.013961123
v -0.007304152 0.030159061 0.013967909
v -0.008496741 0.009506773 0.023116452
v -0.008073038 0.007615857 0.013961123
v -0.003188501 0.032038539 0.021287927
v 0.000881946 0.007615857 0.013961123
v 0.000881946 0.010872214 0.023730196
v -0.005630770 0.030410360 0.013961123
v -0.008073038 0.020641287 0.013961123
v -0.008116193 0.007656364 0.020121679
v 0.000881946 0.030410360 0.021287927
v -0.007130137 0.030808273 0.023722317
v -0.002374412 0.009244036 0.023730196
v -0.002374412 0.031224449 0.018031570
v -0.005630770 0.032038539 0.020473838
v -0.005071038 0.007620710 0.021590928
v -0.003188501 0.032038539 0.023730196
v -0.008073038 0.020641287 0.023730196
v -0.003188501 0.029596271 0.013961123
v 0.000067856 0.030410360 0.018845659
v -0.004002591 0.032038539 0.020473838
v -0.007258948 0.031224449 0.018845659
v 0.000881946 0.030410360 0.022102017
v -0.005630770 0.032038539 0.022916106
v -0.004816680 0.032038539 0.023730196
v -0.001560323 0.031224449 0.019659749
f 2241 2236 2234
f 2241 2239 2236
f 2241 2235 2239
f 2242 2241 2234
f 2242 2235 2241
f 2243 2236 2239
f 2244 2239 2238
f 2244 2243 2239
f 2244 2237 2243
f 2245 2238 2239
f 2246 2234 2236
f 2248 2235 2242
f 2248 2242 2234
f 2250 2243 2237
f 2251 2245 2239
f 2251 2239 2235
f 2251 2238 2245
f 2251 2248 2238
f 2251 2235 2248
f 2252 2246 2240
f 2252 2240 2250
f 2252 2248 2234
f 2253 2244 2238
f 2253 2238 2248
f 2253 2248 2252
f 2254 2249 2236
f 2254 2236 2243
f 2254 2243 2249
f 2255 2246 2236
f 2255 2236 2249
f 2256 2249 2243
f 2256 2243 2250
f 2256 2250 2240
f 2256 2240 2249
f 2257 2250 2237
f 2257 2253 2247
f 2257 2237 2244
f 2257 2244 2253
f 2258 2252 2234
f 2258 2234 2246
f 2258 2246 2252
f 2259 2252 2250
f 2259 2257 2247
f 2259 2250 2257
f 2260 2253 2252
f 2260 2247 2253
f 2260 2259 2247
f 2260 2252 2259
f 2261 2255 2249
f 2261 2249 2240
f 2261 2240 2246
f 2261 2246 2255
o distal063
usemtl Material063
v 0.011013539 -0.014896297 0.048903237
v 0.011465108 -0.015992736 0.048966967
v 0.012052657 -0.015090834 0.040838993
v 0.009022840 -0.017620914 0.040826073
v 0.003470503 -0.019485756 0.048610953
v 0.010651018 -0.020063183 0.040826073
v 0.012117660 -0.015018821 0.044027750
v 0.003447232 -0.018561537 0.049143026
v 0.011945222 -0.015360369 0.040791600
v 0.007474280 -0.020428188 0.040783452
v 0.007394661 -0.020063183 0.047338788
v 0.012279197 -0.016806825 0.043268341
v 0.004952393 -0.020063183 0.048966967
v 0.008208750 -0.015178646 0.048966967
v 0.004138303 -0.018435004 0.045710609
v 0.011465108 -0.019249093 0.040826073
v 0.009836929 -0.019249093 0.045710609
v 0.009022840 -0.020877272 0.042454252
v 0.012279197 -0.015992736 0.044082430
v 0.009022840 -0.018435004 0.048966967
v 0.003165072 -0.019890473 0.045765043
v 0.008208750 -0.015178646 0.046524699
v 0.009836929 -0.015178646 0.043268341
v 0.011465108 -0.019249093 0.041640162
v 0.008559910 -0.020397060 0.040817230
v 0.008208750 -0.020063183 0.046524699
v 0.003348460 -0.019946705 0.045698898
v 0.003324214 -0.018435004 0.048152877
v 0.010651018 -0.020063183 0.041640162
v 0.006869253 -0.020413615 0.042216568
f 2268 2262 2263
f 2268 2264 2262
f 2270 2265 2264
f 2271 2265 2270
f 2274 2269 2266
f 2275 2269 2263
f 2275 2263 2262
f 2277 2270 2264
f 2277 2271 2270
f 2277 2267 2271
f 2277 2264 2273
f 2279 2272 2274
f 2280 2273 2264
f 2280 2264 2268
f 2280 2268 2263
f 2280 2263 2273
f 2281 2263 2269
f 2281 2269 2274
f 2281 2274 2272
f 2281 2278 2263
f 2282 2274 2266
f 2282 2266 2269
f 2282 2276 2265
f 2282 2265 2271
f 2283 2275 2262
f 2283 2262 2264
f 2284 2264 2265
f 2284 2265 2276
f 2284 2283 2264
f 2284 2276 2283
f 2285 2277 2273
f 2285 2273 2263
f 2285 2263 2278
f 2285 2267 2277
f 2286 2279 2271
f 2286 2271 2267
f 2286 2267 2279
f 2287 2279 2278
f 2287 2272 2279
f 2287 2281 2272
f 2287 2278 2281
f 2288 2279 2274
f 2288 2274 2282
f 2288 2282 2271
f 2289 2282 2269
f 2289 2276 2282
f 2289 2283 2276
f 2289 2269 2275
f 2289 2275 2283
f 2290 2279 2267
f 2290 2267 2285
f 2290 2285 2278
f 2290 2278 2279
f 2291 2288 2271
f 2291 2271 2279
f 2291 2279 2288
o distal064
usemtl Material064
v -0.013212923 -0.015912538 0.044623822
v -0.010333588 -0.017972457 0.044045400
v -0.011329395 -0.016806825 0.040826073
v -0.017645470 -0.015949237 0.031857429
v -0.013771664 -0.021691361 0.035127447
v -0.013771664 -0.015992736 0.038383805
v -0.010515306 -0.016806825 0.044082430
v -0.012143485 -0.020063183 0.042454252
v -0.010459709 -0.022335704 0.031861088
v -0.011329395 -0.019249093 0.031871090
v -0.016918859 -0.015659438 0.039860430
v -0.012957574 -0.015992736 0.042454252
v -0.010515306 -0.016806825 0.043268341
v -0.012143485 -0.018435004 0.044082430
v -0.010515306 -0.022505451 0.037569715
v -0.016213932 -0.019249093 0.031871090
v -0.016213932 -0.015992736 0.031871090
v -0.017452277 -0.016263288 0.031812445
v -0.017028021 -0.018435004 0.037569715
v -0.010515306 -0.019249093 0.035941537
v -0.011329395 -0.022505451 0.037569715
v -0.010388305 -0.019569609 0.041892247
v -0.012143485 -0.022505451 0.031871090
v -0.017283951 -0.015735038 0.037527795
v -0.012957574 -0.021691361 0.036755626
v -0.013771664 -0.017620914 0.044082430
v -0.017842111 -0.016806825 0.037569715
v -0.013771664 -0.021691361 0.033499268
v -0.012143485 -0.022505451 0.035941537
v -0.013906346 -0.015914426 0.044238181
v -0.017028021 -0.016806825 0.040011984
f 2298 2292 2293
f 2302 2292 2297
f 2303 2297 2292
f 2303 2292 2298
f 2304 2294 2297
f 2304 2303 2298
f 2304 2297 2303
f 2304 2301 2294
f 2304 2298 2293
f 2305 2299 2293
f 2305 2293 2292
f 2308 2297 2294
f 2308 2294 2301
f 2308 2302 2297
f 2309 2301 2300
f 2309 2308 2301
f 2309 2295 2308
f 2309 2307 2295
f 2310 2307 2296
f 2311 2300 2301
f 2311 2301 2304
f 2311 2304 2293
f 2311 2293 2300
f 2312 2306 2299
f 2313 2306 2300
f 2313 2300 2293
f 2313 2293 2299
f 2313 2299 2306
f 2314 2300 2306
f 2314 2306 2312
f 2314 2309 2300
f 2314 2307 2309
f 2315 2308 2295
f 2315 2302 2308
f 2316 2310 2296
f 2316 2299 2310
f 2316 2312 2299
f 2316 2296 2312
f 2317 2310 2299
f 2317 2299 2305
f 2317 2305 2292
f 2318 2295 2307
f 2318 2307 2310
f 2318 2315 2295
f 2318 2302 2315
f 2319 2314 2296
f 2319 2296 2307
f 2319 2307 2314
f 2320 2314 2312
f 2320 2312 2296
f 2320 2296 2314
f 2321 2317 2292
f 2321 2292 2302
f 2322 2302 2318
f 2322 2321 2302
f 2322 2317 2321
f 2322 2318 2310
f 2322 2310 2317
o distal065
usemtl Material065
v -0.012104632 0.020557707 -0.004768976
v -0.012143485 0.007615857 -0.004762933
v -0.012143485 0.012500393 -0.039768777
v -0.025983004 0.027154002 -0.039768777
v -0.025983004 0.016570840 -0.004762933
v -0.012143485 0.023083555 -0.039768777
v -0.011845046 0.022530846 -0.015459677
v -0.025983004 0.025525824 -0.012903827
v -0.026106380 0.007654287 -0.037994862
v -0.016213932 0.012500393 -0.040582867
v -0.012123831 0.007639892 -0.038614836
v -0.016213932 0.026339913 -0.023486989
v -0.025983004 0.020641287 -0.006391112
v -0.025568518 0.007841842 -0.006181661
v -0.026423031 0.016807689 -0.039359687
v -0.014585753 0.012500393 -0.040582867
v -0.023968735 0.007317852 -0.005215045
v -0.024846898 0.007389357 -0.038649639
v -0.012957574 0.024711734 -0.022672900
v -0.023540736 0.027968092 -0.038954688
v -0.021912557 0.027154002 -0.019416542
v -0.023540736 0.018199019 -0.004762933
v -0.018656200 0.021455377 -0.006391112
v -0.025983004 0.010872214 -0.004762933
v -0.025983004 0.028782181 -0.033256062
v -0.014585753 0.014128572 -0.040582867
v -0.025983004 0.010872214 -0.038954688
v -0.012143485 0.023897645 -0.034884241
v -0.012957574 0.023897645 -0.015346095
v -0.022726647 0.027154002 -0.039768777
v -0.017028021 0.023083555 -0.008833380
v -0.025168915 0.017384930 -0.004762933
v -0.017028021 0.019827198 -0.004762933
v -0.025983004 0.021455377 -0.007205201
v -0.025168915 0.008429946 -0.004762933
v -0.025983004 0.027968092 -0.038954688
v -0.024354826 0.027968092 -0.021044721
v -0.025168915 0.028782181 -0.034884241
v -0.016213932 0.014128572 -0.040582867
v -0.012143485 0.023897645 -0.028371526
v -0.012957574 0.024711734 -0.029185615
v -0.012957574 0.023897645 -0.038954688
v -0.012143485 0.021455377 -0.006391112
v -0.017842111 0.025525824 -0.039768777
v -0.024354826 0.025525824 -0.012903827
v -0.025168915 0.023897645 -0.010461559
v -0.025983004 0.028782181 -0.034884241
v -0.025854363 0.027435454 -0.021359122
v -0.016213932 0.026339913 -0.025929258
v -0.025168915 0.028782181 -0.033256062
v -0.013771664 0.023083555 -0.010461559
v -0.013771664 0.023897645 -0.039768777
v -0.019470289 0.027154002 -0.030813794
v -0.021098468 0.027154002 -0.038140598
f 2329 2323 2324
f 2333 2329 2324
f 2333 2325 2328
f 2333 2328 2329
f 2337 2326 2332
f 2337 2327 2335
f 2338 2328 2325
f 2338 2325 2333
f 2339 2333 2324
f 2339 2336 2331
f 2340 2338 2333
f 2340 2332 2338
f 2340 2339 2331
f 2340 2333 2339
f 2344 2327 2324
f 2345 2335 2323
f 2345 2323 2330
f 2346 2331 2336
f 2346 2337 2331
f 2346 2327 2337
f 2346 2324 2327
f 2347 2337 2330
f 2348 2338 2332
f 2348 2328 2338
f 2349 2337 2332
f 2349 2332 2340
f 2349 2340 2331
f 2349 2331 2337
f 2350 2329 2328
f 2351 2341 2334
f 2351 2329 2341
f 2351 2334 2343
f 2352 2326 2342
f 2352 2348 2326
f 2353 2330 2323
f 2354 2344 2335
f 2354 2335 2327
f 2354 2327 2344
f 2355 2323 2335
f 2355 2335 2344
f 2355 2344 2324
f 2355 2324 2323
f 2356 2335 2345
f 2356 2337 2335
f 2356 2330 2337
f 2357 2346 2336
f 2357 2336 2339
f 2357 2339 2324
f 2357 2324 2346
f 2358 2326 2337
f 2358 2342 2326
f 2359 2343 2334
f 2360 2342 2358
f 2361 2348 2332
f 2361 2332 2326
f 2361 2326 2348
f 2362 2350 2341
f 2362 2341 2329
f 2362 2329 2350
f 2363 2334 2341
f 2363 2341 2350
f 2364 2350 2328
f 2364 2363 2350
f 2365 2323 2329
f 2365 2329 2351
f 2365 2353 2323
f 2366 2348 2352
f 2366 2352 2342
f 2366 2342 2364
f 2367 2330 2353
f 2367 2359 2330
f 2367 2343 2359
f 2368 2356 2345
f 2368 2345 2330
f 2368 2330 2356
f 2369 2358 2337
f 2369 2337 2347
f 2369 2360 2358
f 2369 2347 2360
f 2370 2359 2347
f 2370 2347 2330
f 2370 2330 2359
f 2371 2360 2334
f 2371 2334 2363
f 2371 2363 2364
f 2372 2359 2334
f 2372 2334 2360
f 2372 2360 2347
f 2372 2347 2359
f 2373 2365 2351
f 2373 2351 2343
f 2373 2353 2365
f 2373 2367 2353
f 2373 2343 2367
f 2374 2328 2348
f 2374 2348 2366
f 2374 2366 2364
f 2374 2364 2328
f 2375 2342 2360
f 2375 2360 2371
f 2376 2375 2371
f 2376 2371 2364
f 2376 2364 2342
f 2376 2342 2375
o distal066
usemtl Material066
v 0.029375074 -0.027389987 -0.010461559
v 0.048099131 -0.028204077 -0.024301079
v 0.047595362 -0.026367054 -0.024719760
v 0.027746896 -0.026575898 -0.025115168
v 0.027746896 -0.039601328 -0.024301079
v 0.033400669 -0.025979565 -0.011553811
v 0.045656862 -0.033088613 -0.023486989
v 0.027191820 -0.027085359 -0.010695973
v 0.041275238 -0.034895297 -0.025410478
v 0.041586415 -0.026575898 -0.016974274
v 0.030189164 -0.034716792 -0.016160185
v 0.027519260 -0.036613827 -0.019950462
v 0.027743175 -0.026510072 -0.010491188
v 0.046470952 -0.033088613 -0.025115168
v 0.028053373 -0.039144798 -0.025322502
v 0.047418824 -0.027963176 -0.025428646
v 0.044028684 -0.029832255 -0.020230632
v 0.032631432 -0.037973149 -0.021858811
v 0.028560985 -0.029832255 -0.011275648
v 0.027756048 -0.039187669 -0.025243541
v 0.028560985 -0.034716792 -0.016160185
v 0.028993681 -0.026359055 -0.010631790
v 0.046470952 -0.033088613 -0.024301079
v 0.031498240 -0.038667753 -0.025267829
v 0.047871912 -0.026481335 -0.025211057
v 0.041586415 -0.027389987 -0.016974274
v 0.031003253 -0.037159060 -0.019416542
v 0.032631432 -0.029018166 -0.011275648
v 0.028560985 -0.039601328 -0.024301079
v 0.027460406 -0.029419552 -0.011722607
v 0.041586415 -0.035530881 -0.024301079
v 0.046470952 -0.031460434 -0.023486989
v 0.035887790 -0.026575898 -0.012089738
v 0.038330058 -0.031460434 -0.016974274
v 0.031003253 -0.030646345 -0.012089738
v 0.031003253 -0.038787239 -0.022672900
v 0.031817343 -0.038787239 -0.024301079
v 0.042400505 -0.034716792 -0.023486989
v 0.033445521 -0.028204077 -0.011275648
v 0.036701879 -0.028204077 -0.012903827
v 0.037515968 -0.034716792 -0.020230632
v 0.032631432 -0.030646345 -0.012903827
v 0.035887790 -0.027389987 -0.012089738
v 0.034259611 -0.029018166 -0.012089738
v 0.035073700 -0.033088613 -0.016974274
v 0.031003253 -0.031460434 -0.012903827
f 2382 2379 2380
f 2386 2378 2379
f 2386 2379 2382
f 2388 2384 2380
f 2389 2380 2384
f 2389 2384 2377
f 2392 2390 2385
f 2392 2378 2390
f 2392 2391 2380
f 2392 2385 2391
f 2395 2377 2384
f 2396 2388 2380
f 2396 2381 2388
f 2396 2380 2391
f 2397 2388 2381
f 2397 2387 2395
f 2398 2382 2380
f 2398 2380 2389
f 2398 2389 2377
f 2398 2377 2382
f 2399 2390 2378
f 2400 2391 2385
f 2401 2392 2380
f 2401 2380 2379
f 2401 2379 2378
f 2401 2378 2392
f 2402 2393 2378
f 2402 2378 2386
f 2403 2397 2381
f 2403 2387 2397
f 2404 2377 2395
f 2405 2396 2391
f 2405 2381 2396
f 2405 2391 2400
f 2405 2403 2381
f 2406 2397 2395
f 2406 2395 2384
f 2406 2384 2388
f 2406 2388 2397
f 2407 2399 2383
f 2407 2390 2399
f 2407 2400 2385
f 2407 2385 2390
f 2408 2399 2378
f 2408 2378 2393
f 2408 2393 2383
f 2408 2383 2399
f 2409 2402 2386
f 2409 2386 2382
f 2411 2404 2395
f 2411 2395 2387
f 2412 2394 2403
f 2412 2403 2405
f 2412 2407 2394
f 2413 2405 2400
f 2413 2400 2407
f 2413 2412 2405
f 2413 2407 2412
f 2414 2403 2394
f 2414 2394 2407
f 2414 2407 2383
f 2415 2409 2382
f 2415 2382 2377
f 2415 2377 2404
f 2416 2393 2402
f 2416 2410 2383
f 2416 2383 2393
f 2417 2383 2410
f 2417 2414 2383
f 2417 2403 2414
f 2418 2404 2411
f 2419 2416 2402
f 2419 2402 2409
f 2419 2409 2415
f 2419 2415 2404
f 2419 2404 2416
f 2420 2416 2404
f 2420 2410 2416
f 2420 2418 2410
f 2420 2404 2418
f 2421 2417 2410
f 2421 2387 2403
f 2421 2403 2417
f 2422 2418 2411
f 2422 2411 2387
f 2422 2387 2421
f 2422 2421 2410
f 2422 2410 2418
o distal067
usemtl Material067
v 0.005766482 0.010872214 0.050595146
v 0.009022840 0.008429946 0.048152877
v 0.002510124 0.014128572 0.046524699
v -0.001650844 0.012997401 0.046492275
v -0.001869862 0.011046184 0.050761871
v 0.008809060 0.007294596 0.046517118
v 0.005766482 0.012500393 0.048152877
v 0.005766482 0.007615857 0.050595146
v 0.002510124 0.014128572 0.048152877
v 0.008470000 0.008717000 0.046298999
v -0.001560323 0.010872214 0.047338788
v 0.008208750 0.008429946 0.050595146
v 0.000649833 0.012112540 0.050461669
v 0.000881946 0.014128572 0.048152877
v 0.004952393 0.011686304 0.050595146
v 0.005766482 0.007615857 0.046524699
v 0.005766482 0.012500393 0.046524699
v 0.009022840 0.009244036 0.047338788
v -0.001560323 0.011686304 0.046524699
v 0.006580571 0.010872214 0.049781056
v 0.008208750 0.007615857 0.050595146
v -0.001560323 0.013314483 0.048152877
v -0.001502509 0.011530364 0.050564178
v 0.008630175 0.007171376 0.047997644
f 2431 2429 2425
f 2432 2426 2425
f 2433 2430 2427
f 2434 2423 2427
f 2436 2431 2425
f 2436 2425 2426
f 2436 2435 2431
f 2437 2429 2431
f 2437 2431 2435
f 2437 2435 2427
f 2437 2427 2423
f 2438 2432 2428
f 2438 2430 2433
f 2439 2432 2425
f 2439 2425 2429
f 2440 2424 2428
f 2440 2428 2432
f 2440 2432 2439
f 2440 2439 2429
f 2440 2434 2424
f 2441 2433 2427
f 2441 2427 2426
f 2441 2438 2433
f 2441 2426 2432
f 2441 2432 2438
f 2442 2423 2434
f 2442 2437 2423
f 2442 2429 2437
f 2442 2440 2429
f 2442 2434 2440
f 2443 2434 2427
f 2443 2427 2430
f 2443 2424 2434
f 2444 2436 2426
f 2444 2426 2427
f 2445 2427 2435
f 2445 2435 2436
f 2445 2444 2427
f 2445 2436 2444
f 2446 2438 2428
f 2446 2430 2438
f 2446 2443 2430
f 2446 2428 2424
f 2446 2424 2443
o distal068
usemtl Material068
v -0.008202569 0.014226299 0.032218172
v -0.008073038 0.009244036 0.031871090
v -0.008326705 0.014396524 0.014037846
v -0.013467673 0.015097620 0.014121726
v -0.018656200 0.008429946 0.031871090
v -0.013281644 0.014942888 0.031844554
v -0.008073038 0.007615857 0.013961123
v -0.018074585 0.007401262 0.031864877
v -0.017842111 0.010058125 0.031871090
v -0.013342526 0.007427810 0.013741342
v -0.017028021 0.007615857 0.031871090
v -0.008073038 0.007615857 0.021287927
v -0.016213932 0.014942661 0.020473838
v -0.018361340 0.007224658 0.018977108
v -0.015399842 0.007615857 0.030242911
v -0.014892226 0.015175920 0.028565755
v -0.018656200 0.009244036 0.026986553
v -0.016213932 0.014942661 0.017217480
v -0.018656200 0.008429946 0.018845659
v -0.018656200 0.009244036 0.019659749
f 2452 2447 2449
f 2452 2449 2450
f 2453 2447 2448
f 2453 2449 2447
f 2454 2447 2451
f 2455 2451 2447
f 2455 2447 2452
f 2456 2450 2449
f 2456 2449 2453
f 2457 2454 2448
f 2457 2448 2447
f 2457 2447 2454
f 2458 2453 2448
f 2460 2454 2451
f 2460 2458 2454
f 2460 2456 2453
f 2460 2453 2458
f 2461 2458 2448
f 2461 2448 2454
f 2461 2454 2458
f 2462 2459 2455
f 2462 2455 2452
f 2462 2452 2450
f 2463 2451 2455
f 2463 2455 2459
f 2464 2462 2450
f 2464 2459 2462
f 2464 2463 2459
f 2465 2450 2456
f 2465 2456 2460
f 2465 2464 2450
f 2465 2460 2451
f 2465 2451 2463
f 2466 2465 2463
f 2466 2463 2464
f 2466 2464 2465
o distal069
usemtl Material069
v 0.011465108 0.002731320 0.048966967
v 0.014721465 -0.010294110 0.044896520
v 0.015535555 0.001103142 0.040011984
v 0.014392441 0.002811679 0.036679161
v 0.011465108 -0.009480020 0.048152877
v 0.015340209 -0.010246988 0.036675911
v 0.014721465 0.002731320 0.040826073
v 0.013907376 -0.003781395 0.047338788
v 0.009836929 0.002731320 0.047338788
v 0.015535555 -0.008665931 0.041640162
v 0.014937472 0.000755263 0.036573869
v 0.012856227 -0.010544350 0.045159601
v 0.013093287 0.002731320 0.047338788
v 0.013907376 -0.009480020 0.048152877
v 0.009836929 0.001103142 0.048966967
v 0.014383000 -0.010138000 0.037292998
v 0.014721465 -0.006223663 0.045710609
v 0.014998302 -0.010438067 0.037205902
v 0.012643381 -0.010283196 0.049024678
v 0.012279197 0.001103142 0.048966967
v 0.009836929 0.001917231 0.047338788
v 0.009962532 0.002700571 0.048983900
v 0.015535555 -0.007037752 0.041640162
v 0.013907376 -0.007851842 0.048152877
v 0.014721465 -0.007851842 0.045710609
v 0.014721465 -0.001339127 0.044082430
v 0.013907376 -0.010294110 0.047338788
v 0.011910088 -0.009467044 0.049316603
v 0.009836929 0.001103142 0.048152877
v 0.012279197 0.001917231 0.040826073
v 0.013093287 -0.005409573 0.048966967
v 0.012279197 0.002731320 0.040826073
f 2473 2469 2470
f 2475 2467 2470
f 2476 2472 2469
f 2476 2468 2472
f 2477 2472 2470
f 2477 2470 2469
f 2477 2469 2472
f 2479 2469 2473
f 2479 2473 2470
f 2479 2470 2467
f 2482 2478 2471
f 2482 2470 2472
f 2484 2472 2468
f 2484 2468 2478
f 2484 2482 2472
f 2484 2478 2482
f 2485 2471 2478
f 2486 2479 2467
f 2487 2481 2475
f 2487 2482 2471
f 2488 2467 2475
f 2488 2475 2481
f 2489 2483 2476
f 2489 2476 2469
f 2489 2469 2483
f 2490 2483 2474
f 2490 2480 2483
f 2490 2474 2479
f 2490 2479 2486
f 2491 2483 2480
f 2491 2480 2468
f 2491 2468 2476
f 2491 2476 2483
f 2492 2479 2474
f 2492 2474 2483
f 2492 2483 2469
f 2492 2469 2479
f 2493 2485 2478
f 2493 2478 2468
f 2493 2468 2480
f 2493 2480 2485
f 2494 2481 2471
f 2494 2471 2485
f 2494 2488 2481
f 2494 2486 2467
f 2494 2467 2488
f 2495 2487 2471
f 2495 2471 2481
f 2495 2481 2487
f 2496 2487 2475
f 2496 2470 2482
f 2496 2482 2487
f 2497 2490 2486
f 2497 2485 2480
f 2497 2480 2490
f 2497 2494 2485
f 2497 2486 2494
f 2498 2496 2475
f 2498 2475 2470
f 2498 2470 2496
o distal070
usemtl Material070
v 0.041747236 -0.017079735 -0.022610707
v 0.052983667 -0.026575898 -0.031627883
v 0.048234060 -0.016529034 -0.039605452
v 0.027746896 -0.018435004 -0.039768777
v 0.027746896 -0.026575898 -0.022672900
v 0.051355488 -0.026575898 -0.040582867
v 0.027804256 -0.016836470 -0.039318267
v 0.052169577 -0.024133630 -0.029185615
v 0.053797756 -0.024133630 -0.037326509
v 0.042400505 -0.018435004 -0.041396956
v 0.029375074 -0.026575898 -0.038954688
v 0.027769113 -0.026670901 -0.035485019
v 0.027746896 -0.016806825 -0.022672900
v 0.047285041 -0.016806825 -0.033256062
v 0.046470952 -0.026575898 -0.022672900
v 0.052169577 -0.024133630 -0.040582867
v 0.053797756 -0.025761808 -0.037326509
v 0.053797756 -0.024133630 -0.035698330
v 0.037515968 -0.016806825 -0.040582867
v 0.041586415 -0.022505451 -0.041396956
v 0.034259611 -0.026575898 -0.039768777
v 0.048099131 -0.022505451 -0.024301079
v 0.048913220 -0.026575898 -0.024301079
v 0.045656862 -0.019249093 -0.041396956
v 0.052169577 -0.024947719 -0.040582867
v 0.052983667 -0.024947719 -0.031627883
v 0.053797756 -0.025761808 -0.035698330
v 0.048913220 -0.016806825 -0.037326509
v 0.047787809 -0.016656204 -0.040268536
v 0.039958237 -0.020063183 -0.041396956
v 0.048099131 -0.026575898 -0.040582867
v 0.031003253 -0.024947719 -0.039768777
v 0.046470952 -0.024947719 -0.022672900
v 0.052169577 -0.025761808 -0.029185615
v 0.048913220 -0.024133630 -0.024301079
v 0.044842773 -0.022505451 -0.041396956
v 0.044028684 -0.018435004 -0.041396956
v 0.039958237 -0.021691361 -0.041396956
v 0.051355488 -0.026575898 -0.028371526
v 0.045656862 -0.020877272 -0.041396956
f 2510 2504 2500
f 2510 2503 2502
f 2510 2502 2509
f 2511 2499 2501
f 2511 2501 2505
f 2511 2503 2499
f 2511 2505 2502
f 2511 2502 2503
f 2512 2501 2499
f 2513 2503 2510
f 2513 2499 2503
f 2514 2501 2507
f 2515 2500 2504
f 2515 2514 2507
f 2516 2515 2507
f 2517 2505 2501
f 2517 2508 2502
f 2517 2502 2505
f 2519 2510 2509
f 2520 2512 2499
f 2520 2506 2512
f 2521 2513 2510
f 2522 2518 2508
f 2523 2515 2504
f 2523 2514 2515
f 2523 2522 2514
f 2524 2516 2506
f 2524 2506 2500
f 2524 2500 2516
f 2525 2516 2500
f 2525 2500 2515
f 2525 2515 2516
f 2526 2512 2506
f 2526 2506 2516
f 2526 2501 2512
f 2526 2516 2507
f 2526 2507 2501
f 2527 2517 2501
f 2527 2501 2514
f 2527 2514 2522
f 2528 2502 2508
f 2528 2508 2518
f 2529 2504 2510
f 2529 2510 2519
f 2529 2519 2518
f 2529 2518 2504
f 2530 2519 2509
f 2530 2509 2502
f 2530 2518 2519
f 2531 2520 2499
f 2531 2499 2513
f 2531 2513 2521
f 2532 2500 2506
f 2532 2506 2521
f 2533 2521 2506
f 2533 2506 2520
f 2533 2531 2521
f 2533 2520 2531
f 2534 2504 2518
f 2534 2518 2522
f 2535 2508 2517
f 2535 2517 2527
f 2535 2527 2522
f 2535 2522 2508
f 2536 2528 2518
f 2536 2518 2530
f 2536 2530 2502
f 2536 2502 2528
f 2537 2532 2521
f 2537 2500 2532
f 2537 2521 2510
f 2537 2510 2500
f 2538 2534 2522
f 2538 2522 2523
f 2538 2523 2504
f 2538 2504 2534
o distal071
usemtl Material071
v 0.011465108 0.012500393 0.031871090
v 0.015535555 0.003545410 0.031871090
v 0.013907376 0.010872214 0.023730196
v 0.011033385 0.011603213 0.023701766
v 0.009022840 0.010058125 0.031057000
v 0.015309777 0.002523074 0.023731933
v 0.012279197 0.011686304 0.024544285
v 0.015535555 0.005987678 0.031871090
v 0.009836929 0.010058125 0.031871090
v 0.009234062 0.012276961 0.030990310
v 0.015535555 0.006801767 0.023730196
v 0.010651018 0.010058125 0.023730196
v 0.013093287 0.003545410 0.030242911
v 0.011465108 0.012500393 0.031057000
v 0.011090927 0.011792739 0.023756683
v 0.013279057 0.008990375 0.031909687
v 0.013907376 0.010872214 0.025358374
v 0.009727822 0.012208870 0.031902278
v 0.014428384 0.003139960 0.023714320
v 0.009022840 0.010872214 0.028614732
v 0.014246036 0.002664853 0.031853309
v 0.010651018 0.012500393 0.028614732
v 0.015535555 0.006801767 0.025358374
v 0.015237671 0.002459118 0.025116050
v 0.009022840 0.010058125 0.029428821
v 0.009354879 0.012139807 0.028746750
v 0.014305237 0.002880347 0.031884372
f 2549 2542 2541
f 2549 2546 2540
f 2549 2540 2544
f 2552 2539 2541
f 2552 2541 2545
f 2553 2545 2541
f 2553 2541 2542
f 2554 2546 2539
f 2554 2540 2546
f 2555 2541 2539
f 2555 2539 2546
f 2555 2549 2541
f 2556 2539 2548
f 2556 2554 2539
f 2556 2548 2543
f 2556 2543 2547
f 2557 2549 2544
f 2557 2542 2549
f 2557 2550 2542
f 2558 2542 2550
f 2558 2543 2548
f 2559 2547 2543
f 2559 2543 2551
f 2560 2548 2539
f 2560 2539 2552
f 2560 2552 2545
f 2560 2545 2553
f 2561 2555 2546
f 2561 2546 2549
f 2561 2549 2555
f 2562 2557 2544
f 2562 2551 2557
f 2562 2559 2551
f 2562 2544 2540
f 2562 2540 2559
f 2563 2557 2551
f 2563 2551 2543
f 2563 2543 2558
f 2563 2558 2550
f 2563 2550 2557
f 2564 2553 2542
f 2564 2542 2558
f 2564 2558 2548
f 2564 2560 2553
f 2564 2548 2560
f 2565 2556 2547
f 2565 2547 2559
f 2565 2554 2556
f 2565 2559 2540
f 2565 2540 2554
o distal072
usemtl Material072
v 0.030679399 -0.008394701 -0.012852393
v 0.045656862 -0.026575898 -0.021044721
v 0.039144147 -0.011922289 -0.022672900
v 0.027640795 -0.009776456 -0.022635988
v 0.027746896 -0.026575898 -0.012903827
v 0.027746896 -0.026575898 -0.022672900
v 0.030189164 -0.007851842 -0.021044721
v 0.036701879 -0.014364557 -0.012903827
v 0.027746896 -0.007851842 -0.012903827
v 0.045377440 -0.026453200 -0.023029353
v 0.036701879 -0.010294110 -0.018602453
v 0.031817343 -0.008665931 -0.022672900
v 0.043214594 -0.018435004 -0.020230632
v 0.038330058 -0.024133630 -0.012089738
v 0.027746896 -0.007851842 -0.021044721
v 0.031003253 -0.007851842 -0.019416542
v 0.029089997 -0.009108357 -0.022679675
v 0.036701879 -0.013550467 -0.013717917
v 0.035887790 -0.010294110 -0.022672900
v 0.041586415 -0.014364557 -0.021858811
v 0.045656862 -0.024133630 -0.022672900
v 0.037515968 -0.026575898 -0.012903827
v 0.039144147 -0.020877272 -0.012089738
v 0.039958237 -0.014364557 -0.017788364
v 0.036701879 -0.010294110 -0.021044721
v 0.039144147 -0.011922289 -0.021858811
v 0.045656862 -0.024133630 -0.021044721
v 0.041586415 -0.014364557 -0.022672900
v 0.038330058 -0.020063183 -0.012089738
v 0.039144147 -0.022505451 -0.012089738
v 0.039958237 -0.013550467 -0.018602453
v 0.041586415 -0.017620914 -0.017788364
v 0.032631432 -0.008665931 -0.021044721
v 0.042400505 -0.016806825 -0.020230632
v 0.042400505 -0.020063183 -0.017788364
f 2571 2570 2569
f 2571 2567 2570
f 2574 2569 2570
f 2575 2567 2571
f 2579 2574 2570
f 2580 2574 2572
f 2580 2569 2574
f 2580 2572 2577
f 2581 2574 2566
f 2581 2572 2574
f 2581 2566 2576
f 2581 2577 2572
f 2582 2575 2571
f 2582 2571 2569
f 2582 2577 2575
f 2582 2580 2577
f 2582 2569 2580
f 2583 2576 2566
f 2583 2566 2573
f 2584 2568 2575
f 2584 2575 2577
f 2586 2567 2575
f 2587 2579 2570
f 2587 2570 2567
f 2587 2567 2579
f 2588 2573 2566
f 2589 2583 2573
f 2590 2584 2577
f 2590 2581 2576
f 2590 2576 2568
f 2590 2568 2584
f 2591 2585 2568
f 2591 2568 2576
f 2591 2576 2585
f 2592 2567 2586
f 2592 2588 2567
f 2592 2586 2585
f 2592 2585 2578
f 2593 2586 2575
f 2593 2575 2568
f 2593 2568 2585
f 2593 2585 2586
f 2594 2588 2566
f 2594 2566 2574
f 2594 2574 2579
f 2594 2579 2588
f 2595 2588 2579
f 2595 2579 2567
f 2595 2567 2588
f 2596 2589 2578
f 2596 2585 2576
f 2596 2576 2583
f 2596 2583 2589
f 2597 2578 2589
f 2597 2592 2578
f 2597 2589 2573
f 2597 2573 2588
f 2598 2590 2577
f 2598 2577 2581
f 2598 2581 2590
f 2599 2596 2578
f 2599 2578 2585
f 2599 2585 2596
f 2600 2597 2588
f 2600 2588 2592
f 2600 2592 2597
o distal073
usemtl Material073
v -0.026239185 0.027298075 -0.027502577
v -0.025969263 0.027189113 -0.027560281
v -0.026315650 0.037148760 -0.032643066
v -0.034937988 0.036108986 -0.039768777
v -0.037436741 0.027015669 -0.038486999
v -0.037503098 0.030124558 -0.027520499
v -0.032495720 0.035294896 -0.028371526
v -0.025937498 0.027100253 -0.038040141
v -0.037380256 0.035294896 -0.038140598
v -0.037380256 0.027154002 -0.027557436
v -0.030053451 0.030410360 -0.027557436
v -0.034937988 0.036923075 -0.031627883
v -0.025983004 0.036108986 -0.039768777
v -0.027031717 0.026666273 -0.038412363
v -0.037380256 0.027968092 -0.038954688
v -0.030867541 0.036108986 -0.029999705
v -0.027463307 0.037214296 -0.039858333
v -0.036566167 0.036923075 -0.038140598
v -0.035752077 0.035294896 -0.029999705
v -0.026797094 0.036108986 -0.040582867
v -0.033309809 0.027154002 -0.039768777
v -0.032495720 0.036923075 -0.031627883
v -0.026542718 0.037181207 -0.039473364
v -0.036566167 0.036923075 -0.035698330
v -0.033309809 0.035294896 -0.028371526
v -0.029239362 0.027154002 -0.039768777
v -0.027611183 0.036108986 -0.040582867
v -0.034123898 0.027968092 -0.039768777
v -0.026999539 0.037163396 -0.039853227
v -0.037380256 0.035294896 -0.031627883
v -0.034937988 0.034480807 -0.039768777
v -0.036566167 0.036108986 -0.031627883
f 2607 2601 2602
f 2607 2602 2603
f 2609 2605 2606
f 2610 2606 2605
f 2610 2602 2601
f 2610 2601 2606
f 2611 2606 2601
f 2611 2601 2607
f 2613 2603 2602
f 2613 2602 2608
f 2614 2608 2602
f 2614 2610 2605
f 2614 2602 2610
f 2615 2609 2604
f 2615 2605 2609
f 2616 2607 2603
f 2617 2612 2603
f 2618 2604 2609
f 2618 2617 2604
f 2620 2613 2608
f 2621 2614 2605
f 2621 2605 2615
f 2622 2616 2603
f 2622 2603 2612
f 2622 2612 2616
f 2623 2617 2603
f 2623 2603 2613
f 2623 2613 2620
f 2624 2612 2617
f 2624 2617 2618
f 2624 2618 2609
f 2625 2619 2606
f 2625 2612 2619
f 2625 2616 2612
f 2625 2607 2616
f 2625 2611 2607
f 2625 2606 2611
f 2626 2620 2608
f 2626 2608 2614
f 2626 2621 2620
f 2626 2614 2621
f 2627 2604 2617
f 2627 2617 2620
f 2627 2620 2621
f 2628 2621 2615
f 2628 2627 2621
f 2629 2623 2620
f 2629 2620 2617
f 2629 2617 2623
f 2630 2606 2619
f 2630 2624 2609
f 2630 2609 2606
f 2631 2628 2615
f 2631 2615 2604
f 2631 2604 2627
f 2631 2627 2628
f 2632 2630 2619
f 2632 2619 2612
f 2632 2612 2624
f 2632 2624 2630
o distal074
usemtl Material074
v 0.025724743 -0.023080877 -0.004818518
v 0.027746896 -0.030646345 -0.011275648
v 0.027746896 -0.023319540 -0.012903827
v 0.002552303 -0.023184264 -0.012865400
v 0.009836929 -0.029832255 -0.004762933
v 0.016349644 -0.031460434 -0.012903827
v 0.001893907 -0.022958424 -0.012112237
v 0.027746896 -0.024133630 -0.005577023
v 0.027746896 -0.031460434 -0.012903827
v 0.002510124 -0.024133630 -0.012903827
v 0.027645729 -0.023024263 -0.005836526
v 0.000789850 -0.023551830 -0.004738835
v 0.015535555 -0.029832255 -0.004762933
v 0.012279197 -0.030646345 -0.004762933
v 0.006580571 -0.029018166 -0.012903827
v 0.001696035 -0.024133630 -0.012089738
v 0.021234180 -0.027389987 -0.004762933
v 0.013093287 -0.031460434 -0.008833380
v 0.027746896 -0.031460434 -0.012089738
v 0.003324214 -0.027389987 -0.004762933
v 0.000881946 -0.023319540 -0.008833380
v 0.026932806 -0.024947719 -0.005577023
v 0.026118717 -0.024133630 -0.004762933
v 0.009836929 -0.030646345 -0.012903827
v 0.011465108 -0.030646345 -0.005577023
v 0.013093287 -0.030646345 -0.004762933
v 0.019606002 -0.028204077 -0.004762933
v 0.003324214 -0.027389987 -0.008833380
v 0.013093287 -0.031460434 -0.010461559
v 0.009836929 -0.030646345 -0.012089738
v 0.014721465 -0.031460434 -0.008833380
v 0.001696035 -0.024947719 -0.011275648
v 0.004952393 -0.028204077 -0.011275648
v 0.000881946 -0.024133630 -0.008833380
f 2639 2635 2636
f 2640 2634 2635
f 2641 2638 2635
f 2641 2635 2634
f 2642 2636 2635
f 2642 2635 2638
f 2643 2639 2633
f 2643 2635 2639
f 2643 2640 2635
f 2643 2633 2640
f 2644 2633 2639
f 2646 2644 2637
f 2647 2642 2638
f 2648 2639 2636
f 2648 2636 2642
f 2648 2642 2647
f 2650 2638 2641
f 2651 2641 2634
f 2651 2634 2649
f 2651 2650 2641
f 2652 2637 2644
f 2653 2644 2639
f 2653 2639 2648
f 2654 2649 2634
f 2654 2634 2640
f 2655 2640 2633
f 2655 2633 2644
f 2655 2644 2649
f 2655 2654 2640
f 2655 2649 2654
f 2656 2647 2638
f 2657 2650 2646
f 2657 2646 2637
f 2657 2637 2652
f 2658 2651 2645
f 2658 2646 2650
f 2658 2645 2644
f 2658 2644 2646
f 2659 2651 2649
f 2659 2645 2651
f 2659 2649 2644
f 2659 2644 2645
f 2660 2647 2652
f 2661 2656 2638
f 2661 2638 2650
f 2661 2650 2656
f 2662 2656 2650
f 2662 2650 2657
f 2662 2657 2652
f 2662 2652 2647
f 2662 2647 2656
f 2663 2658 2650
f 2663 2650 2651
f 2663 2651 2658
f 2664 2648 2647
f 2665 2664 2647
f 2665 2647 2660
f 2665 2660 2664
f 2666 2653 2648
f 2666 2648 2664
f 2666 2644 2653
f 2666 2652 2644
f 2666 2664 2660
f 2666 2660 2652
o distal075
usemtl Material075
v -0.007258948 0.027968092 0.087229168
v -0.004748786 0.019170242 0.083144314
v -0.008364083 0.028637696 0.081501753
v -0.011329395 0.027154002 0.081530543
v -0.009701217 0.020641287 0.087229168
v -0.004803046 0.019044532 0.081527658
v -0.011329395 0.027154002 0.087229168
v -0.006996383 0.020475807 0.087170599
v -0.008629433 0.020554154 0.081465889
v -0.007258948 0.019013108 0.083158721
v -0.004816680 0.022269466 0.081530543
v -0.009986948 0.027785522 0.087212087
v -0.010159847 0.027853551 0.081518479
v -0.011329395 0.023897645 0.082344632
v -0.004816680 0.022269466 0.083158721
v -0.008073038 0.019827198 0.087229168
v -0.007258948 0.019013108 0.081530543
v -0.007258948 0.027968092 0.083158721
v -0.011329395 0.024711734 0.087229168
v -0.008887127 0.019827198 0.083158721
v -0.011329395 0.023897645 0.081530543
v -0.008887127 0.019827198 0.084786900
v -0.010515306 0.022269466 0.086415079
v -0.009315509 0.020959636 0.081487412
f 2673 2671 2667
f 2676 2672 2668
f 2677 2668 2672
f 2677 2675 2669
f 2677 2672 2675
f 2678 2673 2667
f 2678 2667 2669
f 2679 2670 2673
f 2679 2675 2670
f 2679 2669 2675
f 2679 2678 2669
f 2679 2673 2678
f 2680 2673 2670
f 2681 2674 2668
f 2681 2667 2674
f 2681 2677 2667
f 2681 2668 2677
f 2682 2674 2667
f 2682 2667 2671
f 2682 2676 2668
f 2682 2668 2674
f 2683 2675 2672
f 2683 2672 2676
f 2684 2677 2669
f 2684 2669 2667
f 2684 2667 2677
f 2685 2671 2673
f 2685 2673 2680
f 2686 2683 2676
f 2687 2680 2670
f 2687 2670 2675
f 2687 2686 2671
f 2687 2671 2680
f 2688 2682 2671
f 2688 2676 2682
f 2688 2686 2676
f 2688 2671 2686
f 2689 2685 2680
f 2689 2680 2671
f 2689 2671 2685
f 2690 2675 2683
f 2690 2683 2686
f 2690 2687 2675
f 2690 2686 2687
o distal076
usemtl Material076
v -0.019770393 0.003664337 0.023737677
v -0.014850106 -0.007977475 0.015032051
v -0.015345281 0.001947005 0.014656234
v -0.019470289 0.003545410 0.014775212
v -0.020284379 -0.011108199 0.016403391
v -0.020284379 -0.010294110 0.014775212
v -0.017892752 0.003551397 0.014709428
v -0.015399842 0.001917231 0.015589302
v -0.019004397 -0.011111034 0.023750072
v -0.015232077 -0.007886890 0.014597550
v -0.017858023 -0.011118745 0.014761663
v -0.021912557 0.001103142 0.023730196
v -0.018523162 0.003736837 0.016017468
v -0.021098468 -0.001339127 0.014775212
v -0.019036030 -0.009876922 0.023776884
v -0.019470289 -0.011108199 0.014775212
v -0.018151500 -0.011280754 0.015257641
v -0.021912557 -0.004595484 0.017217480
v -0.021098468 0.003545410 0.017217480
v -0.021098468 -0.003781395 0.014775212
v -0.021912557 -0.006223663 0.023730196
v -0.020284379 -0.011108199 0.018031570
v -0.021098468 -0.008665931 0.017217480
v -0.021098468 0.003545410 0.020473838
v -0.021098468 0.002731320 0.016403391
v -0.021912557 0.001103142 0.017217480
v -0.021098468 -0.007037752 0.015589302
v -0.020284379 -0.010294110 0.023730196
v -0.021912557 -0.006223663 0.020473838
v -0.021098468 0.002731320 0.023730196
v -0.021098468 -0.008665931 0.022102017
f 2698 2692 2693
f 2698 2697 2691
f 2698 2693 2697
f 2700 2693 2692
f 2700 2697 2693
f 2701 2692 2699
f 2701 2700 2692
f 2703 2697 2694
f 2703 2691 2697
f 2704 2694 2697
f 2704 2697 2700
f 2705 2698 2691
f 2705 2691 2702
f 2705 2699 2692
f 2705 2692 2698
f 2706 2695 2696
f 2706 2696 2700
f 2706 2700 2701
f 2707 2701 2699
f 2707 2706 2701
f 2707 2695 2706
f 2709 2703 2694
f 2709 2691 2703
f 2710 2704 2700
f 2710 2700 2696
f 2710 2708 2704
f 2711 2705 2702
f 2711 2702 2708
f 2712 2707 2699
f 2712 2695 2707
f 2712 2711 2695
f 2713 2696 2695
f 2714 2709 2702
f 2714 2691 2709
f 2715 2709 2694
f 2715 2694 2704
f 2716 2708 2702
f 2716 2702 2709
f 2716 2709 2715
f 2716 2715 2704
f 2716 2704 2708
f 2717 2710 2696
f 2717 2708 2710
f 2717 2713 2708
f 2717 2696 2713
f 2718 2699 2705
f 2718 2705 2711
f 2718 2712 2699
f 2719 2711 2708
f 2719 2708 2713
f 2719 2713 2695
f 2719 2695 2711
f 2720 2714 2702
f 2720 2702 2691
f 2720 2691 2714
f 2721 2718 2711
f 2721 2711 2712
f 2721 2712 2718
o distal077
usemtl Material077
v -0.002378204 -0.019362293 0.047371514
v -0.002374412 -0.021691361 0.046524699
v -0.003097497 -0.023107469 0.036743573
v -0.010299513 -0.021922741 0.036562200
v -0.010515306 -0.018435004 0.047338788
v -0.007258948 -0.024133630 0.037569715
v -0.009701217 -0.017620914 0.041640162
v -0.002352192 -0.023104916 0.039965332
v -0.004816680 -0.020877272 0.047338788
v -0.007258948 -0.024133630 0.036755626
v -0.010515306 -0.022505451 0.037569715
v -0.003188501 -0.020063183 0.041640162
v -0.008887127 -0.020063183 0.036755626
v -0.011057984 -0.016556530 0.047007472
v -0.002240757 -0.019601621 0.046780394
v -0.002374412 -0.023319540 0.042454252
v -0.009667622 -0.016909792 0.047691927
v -0.008073038 -0.021691361 0.043268341
v -0.004519000 -0.023789000 0.036616001
v -0.008887127 -0.017620914 0.042454252
v -0.002374412 -0.020877272 0.041640162
v -0.010983297 -0.020298057 0.037037143
v -0.006444859 -0.020877272 0.036755626
v -0.010515306 -0.020877272 0.041640162
v -0.002374412 -0.020063183 0.043268341
v -0.003188501 -0.023319540 0.042454252
v -0.007258948 -0.020063183 0.047338788
v -0.010649498 -0.016751251 0.047500114
v -0.004002591 -0.024133630 0.037569715
v -0.009701217 -0.016806825 0.046524699
v -0.010515306 -0.017620914 0.041640162
v -0.009701217 -0.020877272 0.043268341
v -0.006444859 -0.022505451 0.042454252
v -0.003188501 -0.021691361 0.046524699
f 2730 2723 2722
f 2732 2731 2727
f 2732 2725 2731
f 2736 2722 2723
f 2737 2736 2723
f 2737 2729 2736
f 2738 2730 2722
f 2739 2732 2727
f 2740 2731 2725
f 2741 2733 2728
f 2742 2729 2724
f 2742 2724 2733
f 2742 2736 2729
f 2743 2734 2725
f 2743 2725 2732
f 2743 2732 2735
f 2744 2733 2724
f 2744 2724 2740
f 2744 2740 2725
f 2744 2725 2734
f 2744 2734 2728
f 2744 2728 2733
f 2745 2735 2732
f 2745 2726 2735
f 2746 2722 2736
f 2746 2741 2722
f 2746 2733 2741
f 2746 2742 2733
f 2746 2736 2742
f 2747 2727 2737
f 2747 2737 2723
f 2748 2738 2726
f 2748 2730 2738
f 2748 2739 2730
f 2748 2726 2739
f 2749 2738 2735
f 2749 2735 2726
f 2749 2726 2738
f 2750 2740 2724
f 2750 2724 2729
f 2750 2729 2737
f 2750 2737 2727
f 2750 2727 2731
f 2750 2731 2740
f 2751 2738 2722
f 2751 2722 2741
f 2751 2735 2738
f 2751 2741 2728
f 2751 2728 2735
f 2752 2728 2734
f 2752 2734 2743
f 2752 2743 2735
f 2752 2735 2728
f 2753 2739 2726
f 2753 2726 2745
f 2753 2745 2732
f 2753 2732 2739
f 2754 2739 2727
f 2754 2727 2747
f 2754 2730 2739
f 2755 2747 2723
f 2755 2723 2730
f 2755 2754 2747
f 2755 2730 2754
o distal078
usemtl Material078
v -0.011329395 -0.001339127 -0.021044721
v -0.010917275 -0.010562024 -0.021002695
v -0.011220575 -0.000936339 -0.038544847
v -0.012143485 -0.001339127 -0.038954688
v -0.022726647 -0.002153216 -0.021044721
v -0.011329395 -0.002153216 -0.038954688
v -0.022658788 -0.001198578 -0.021053490
v -0.020284379 -0.002153216 -0.029999705
v -0.016875704 -0.000927062 -0.034467133
v -0.017028021 -0.002153216 -0.034884241
v -0.022726647 -0.002153216 -0.024301079
v -0.013591070 -0.000910172 -0.037838024
v -0.013771664 -0.002153216 -0.038140598
v -0.012143485 -0.011108199 -0.021858811
v -0.020174359 -0.001074575 -0.029772778
v -0.012143485 -0.002153216 -0.038954688
v -0.017028021 -0.003781395 -0.031627883
v -0.016213932 -0.007851842 -0.022672900
v -0.012143485 -0.011108199 -0.021044721
v -0.011329395 -0.010294110 -0.023486989
v -0.022525471 -0.001178983 -0.024094539
v -0.012143485 -0.010294110 -0.023486989
v -0.020284379 -0.004595484 -0.021858811
v -0.020284379 -0.004595484 -0.021044721
v -0.010952129 -0.010431496 -0.021692883
f 2756 2757 2758
f 2760 2757 2756
f 2761 2758 2757
f 2761 2759 2758
f 2762 2760 2756
f 2764 2762 2756
f 2764 2756 2758
f 2766 2760 2762
f 2767 2764 2758
f 2767 2758 2759
f 2767 2765 2764
f 2768 2767 2759
f 2768 2765 2767
f 2769 2765 2768
f 2770 2765 2763
f 2770 2764 2765
f 2770 2763 2766
f 2771 2768 2759
f 2771 2759 2761
f 2772 2769 2763
f 2772 2763 2765
f 2772 2765 2769
f 2773 2766 2763
f 2773 2763 2769
f 2774 2769 2757
f 2774 2773 2769
f 2775 2757 2769
f 2775 2771 2761
f 2776 2770 2766
f 2776 2766 2762
f 2776 2762 2764
f 2776 2764 2770
f 2777 2769 2768
f 2777 2768 2771
f 2777 2775 2769
f 2777 2771 2775
f 2778 2760 2766
f 2778 2766 2773
f 2779 2774 2757
f 2779 2757 2760
f 2779 2760 2778
f 2779 2778 2773
f 2779 2773 2774
f 2780 2775 2761
f 2780 2761 2757
f 2780 2757 2775
o distal079
usemtl Material079
v 0.027746896 -0.007851842 -0.004762933
v 0.027746896 -0.023319540 -0.004762933
v 0.027746896 -0.023319540 -0.021858811
v 0.000881946 -0.007851842 -0.021858811
v 0.000789850 -0.023551830 -0.004738835
v 0.027746896 -0.007851842 -0.021044721
v 0.000881946 -0.007851842 -0.004762933
v 0.009836929 -0.023319540 -0.021858811
v 0.027746896 -0.008665931 -0.021858811
v 0.000881946 -0.015992736 -0.021858811
v 0.026118717 -0.007851842 -0.021858811
v 0.000881946 -0.023319540 -0.013717917
v 0.005766482 -0.023319540 -0.018602453
f 2781 2782 2783
f 2785 2782 2781
f 2785 2783 2782
f 2786 2781 2783
f 2786 2784 2781
f 2787 2785 2781
f 2787 2781 2784
f 2787 2784 2785
f 2788 2784 2783
f 2788 2783 2785
f 2789 2786 2783
f 2789 2783 2784
f 2790 2785 2784
f 2790 2784 2788
f 2791 2789 2784
f 2791 2784 2786
f 2791 2786 2789
f 2792 2785 2790
f 2793 2792 2790
f 2793 2790 2788
f 2793 2788 2785
f 2793 2785 2792
o distal080
usemtl Material080
v 0.014373850 0.006974368 -0.004617548
v 0.019519376 0.000030885 -0.004740496
v 0.018791912 0.001917231 -0.006391112
v 0.007239995 0.005747173 -0.011968320
v 0.007394661 0.000289052 -0.004762933
v 0.013722700 -0.000154930 -0.009205013
v 0.013907376 0.007615857 -0.006391112
v 0.019606002 0.001917231 -0.005577023
v 0.007394661 0.006801767 -0.004762933
v 0.017163733 0.000289052 -0.008019291
v 0.006992655 0.000520315 -0.009967678
v 0.019499736 -0.000046361 -0.005529331
v 0.008208750 0.005987678 -0.012089738
v 0.018900580 0.001779984 -0.004718741
v 0.014721465 0.007615857 -0.005577023
v 0.008208750 0.000289052 -0.010461559
v 0.007208432 0.006637169 -0.010797176
v 0.017163733 0.001103142 -0.008019291
v 0.013907376 0.001103142 -0.009647470
v 0.013067052 0.007564983 -0.004752028
v 0.007266522 0.005240702 -0.012033366
v 0.008208750 0.006801767 -0.011275648
v 0.008208750 0.005173589 -0.012089738
f 2798 2795 2794
f 2801 2796 2800
f 2802 2798 2794
f 2804 2798 2802
f 2805 2795 2798
f 2805 2798 2799
f 2805 2799 2803
f 2805 2803 2801
f 2805 2801 2795
f 2806 2800 2796
f 2807 2801 2794
f 2807 2794 2795
f 2807 2795 2801
f 2808 2801 2800
f 2808 2794 2801
f 2809 2799 2798
f 2809 2798 2804
f 2810 2804 2802
f 2810 2797 2804
f 2811 2806 2796
f 2811 2796 2801
f 2811 2801 2803
f 2812 2803 2799
f 2812 2799 2809
f 2812 2811 2803
f 2812 2806 2811
f 2813 2802 2794
f 2813 2794 2808
f 2813 2808 2800
f 2814 2809 2804
f 2814 2804 2797
f 2814 2797 2806
f 2815 2806 2797
f 2815 2797 2810
f 2815 2800 2806
f 2815 2813 2800
f 2815 2810 2802
f 2815 2802 2813
f 2816 2812 2809
f 2816 2806 2812
f 2816 2814 2806
f 2816 2809 2814
o distal081
usemtl Material081
v 0.000881946 0.027968092 0.013961123
v 0.000881946 0.007615857 0.013961123
v 0.000881946 0.007615857 -0.004762933
v -0.011396509 0.020465894 -0.004748780
v -0.011329395 0.007615857 0.013961123
v 0.000067856 0.027968092 -0.001506576
v -0.011329395 0.027968092 0.013961123
v -0.011329395 0.007615857 -0.004762933
v 0.000881946 0.027968092 -0.000692486
v 0.000881946 0.021455377 -0.004762933
v -0.010515306 0.030410360 -0.000692486
v -0.009701217 0.021455377 -0.004762933
v -0.011329395 0.028782181 -0.000692486
v -0.005630770 0.028782181 -0.003134754
v -0.006444859 0.032038539 0.009076586
v -0.009701217 0.028782181 -0.003134754
v -0.011329395 0.028782181 0.011518855
v -0.001560323 0.027154002 -0.003134754
v -0.003188501 0.023083555 -0.004762933
v -0.008887127 0.030410360 0.013961123
v 0.000067856 0.029596271 0.010704765
v -0.006444859 0.031224449 -0.000692486
v -0.010515306 0.029596271 -0.001506576
v -0.000746233 0.028782181 -0.001506576
v -0.005630770 0.023083555 -0.004762933
v -0.005630770 0.030410360 0.013961123
v -0.010515306 0.030410360 0.011518855
v 0.000881946 0.028782181 0.010704765
v -0.008887127 0.031224449 -0.000692486
v 0.000067856 0.029596271 0.008262497
v -0.005630770 0.030410360 -0.001506576
v -0.002374412 0.030410360 0.011518855
v -0.008073038 0.032038539 0.009076586
v -0.008073038 0.032038539 0.007448408
v -0.009701217 0.029596271 -0.002320665
v -0.006444859 0.032038539 0.007448408
v 0.000067856 0.028782181 0.000121603
v 0.000881946 0.028782181 0.003377961
v -0.003188501 0.030410360 0.012332944
v -0.009701217 0.031224449 0.010704765
v -0.005630770 0.031224449 0.001749782
v -0.003188501 0.029596271 0.013961123
v -0.009701217 0.031224449 0.008262497
v -0.004002591 0.030410360 0.000121603
f 2817 2818 2819
f 2821 2818 2817
f 2821 2819 2818
f 2823 2821 2817
f 2823 2820 2821
f 2824 2821 2820
f 2824 2819 2821
f 2825 2817 2819
f 2826 2819 2824
f 2826 2825 2819
f 2826 2822 2825
f 2828 2826 2824
f 2828 2824 2820
f 2832 2820 2829
f 2832 2828 2820
f 2833 2829 2820
f 2833 2820 2823
f 2833 2827 2829
f 2834 2822 2826
f 2835 2826 2828
f 2835 2832 2830
f 2835 2834 2826
f 2835 2830 2834
f 2836 2823 2817
f 2839 2832 2829
f 2839 2829 2827
f 2840 2834 2830
f 2840 2822 2834
f 2840 2825 2822
f 2841 2835 2828
f 2841 2828 2832
f 2841 2832 2835
f 2842 2836 2817
f 2842 2831 2836
f 2843 2833 2823
f 2843 2823 2836
f 2843 2827 2833
f 2844 2837 2817
f 2844 2817 2825
f 2846 2831 2837
f 2846 2837 2844
f 2847 2840 2830
f 2847 2838 2840
f 2848 2837 2831
f 2848 2817 2837
f 2849 2836 2831
f 2850 2838 2845
f 2850 2849 2831
f 2850 2845 2827
f 2851 2827 2845
f 2851 2839 2827
f 2851 2832 2839
f 2851 2845 2838
f 2851 2830 2832
f 2851 2847 2830
f 2851 2838 2847
f 2852 2831 2846
f 2852 2850 2831
f 2852 2838 2850
f 2853 2840 2838
f 2853 2825 2840
f 2854 2846 2844
f 2854 2844 2825
f 2854 2853 2846
f 2854 2825 2853
f 2855 2848 2831
f 2855 2831 2842
f 2855 2817 2848
f 2856 2843 2836
f 2856 2836 2849
f 2856 2827 2843
f 2856 2849 2850
f 2857 2852 2846
f 2857 2838 2852
f 2857 2846 2853
f 2858 2855 2842
f 2858 2842 2817
f 2858 2817 2855
f 2859 2856 2850
f 2859 2850 2827
f 2859 2827 2856
f 2860 2857 2853
f 2860 2853 2838
f 2860 2838 2857
o distal082
usemtl Material082
v -0.016649919 -0.020072435 0.014844213
v -0.008073038 -0.024133630 0.009076586
v -0.008477024 -0.019808639 0.008906338
v -0.011329395 -0.020063183 0.007448408
v -0.015399842 -0.024947719 0.010704765
v -0.008887127 -0.024133630 0.006634318
v -0.015961304 -0.019872048 0.011864180
v -0.015399842 -0.023319540 0.014775212
v -0.007833080 -0.020034028 0.008094764
v -0.012957574 -0.024133630 0.008262497
v -0.008332404 -0.025356685 0.007956188
v -0.016617005 -0.020041048 0.014688189
v -0.017842111 -0.023319540 0.014775212
v -0.008887127 -0.024947719 0.006634318
v -0.012957574 -0.020877272 0.008262497
v -0.015675306 -0.025152754 0.014721934
v -0.007956162 -0.024845307 0.007243446
v -0.016300574 -0.019887823 0.012434180
v -0.016493340 -0.024601313 0.014837220
v -0.017842111 -0.021691361 0.013147033
v -0.011329395 -0.020877272 0.007448408
v -0.012143485 -0.024947719 0.008262497
v -0.017028021 -0.024947719 0.013961123
v -0.017842111 -0.020877272 0.013961123
v -0.017842111 -0.023319540 0.013147033
v -0.017842111 -0.020877272 0.014775212
f 2867 2863 2864
f 2868 2862 2863
f 2868 2863 2861
f 2869 2863 2862
f 2869 2866 2864
f 2869 2864 2863
f 2872 2861 2863
f 2874 2864 2866
f 2875 2867 2864
f 2875 2864 2870
f 2875 2870 2865
f 2876 2865 2871
f 2876 2871 2862
f 2876 2862 2868
f 2877 2869 2862
f 2877 2862 2871
f 2877 2871 2874
f 2877 2874 2866
f 2877 2866 2869
f 2878 2872 2863
f 2878 2863 2867
f 2879 2868 2861
f 2879 2861 2873
f 2879 2876 2868
f 2880 2875 2865
f 2880 2867 2875
f 2881 2874 2870
f 2881 2870 2864
f 2881 2864 2874
f 2882 2874 2871
f 2882 2871 2865
f 2882 2865 2870
f 2882 2870 2874
f 2883 2879 2873
f 2883 2865 2876
f 2883 2876 2879
f 2884 2878 2867
f 2884 2867 2880
f 2884 2872 2878
f 2884 2880 2873
f 2885 2880 2865
f 2885 2865 2883
f 2885 2883 2873
f 2885 2873 2880
f 2886 2861 2872
f 2886 2872 2884
f 2886 2884 2873
f 2886 2873 2861
o distal083
usemtl Material083
v 0.023676449 0.003545410 -0.026743347
v 0.029414177 -0.007804060 -0.032346774
v 0.029375074 0.003545410 -0.039768777
v 0.022862359 0.004359499 -0.040582867
v 0.022790314 -0.007757281 -0.026746400
v 0.028560985 -0.007851842 -0.041396956
v 0.024490538 0.007615857 -0.033256062
v 0.029375074 0.002731320 -0.032441973
v 0.024490538 -0.006223663 -0.026743347
v 0.022552965 0.003601558 -0.026759125
v 0.029520942 -0.007944491 -0.041088017
v 0.029375074 0.001917231 -0.040582867
v 0.022881278 -0.007842410 -0.039588895
v 0.026118717 0.006801767 -0.037326509
v 0.028560985 0.004359499 -0.032441973
v 0.022989789 -0.007513260 -0.026727054
v 0.024490538 0.000289052 -0.026743347
v 0.022862359 0.007615857 -0.032441973
v 0.029531078 -0.007513827 -0.040833167
v 0.028560985 -0.007037752 -0.041396956
v 0.028560985 0.002731320 -0.040582867
v 0.022862359 -0.005409573 -0.040582867
v 0.024490538 0.005173589 -0.039768777
v 0.025304627 0.006801767 -0.032441973
v 0.026118717 0.006801767 -0.034884241
v 0.029375074 0.003545410 -0.033256062
v 0.029375074 -0.000525037 -0.031627883
v 0.022862359 0.007615857 -0.036512420
v 0.023676449 0.007615857 -0.032441973
v 0.023676449 0.004359499 -0.040582867
v 0.023676449 -0.006223663 -0.040582867
v 0.022862359 0.005987678 -0.038954688
v 0.024490538 0.007615857 -0.035698330
v 0.023676449 0.007615857 -0.036512420
v 0.023676449 0.005987678 -0.038954688
f 2895 2891 2888
f 2897 2888 2891
f 2899 2891 2896
f 2899 2897 2891
f 2899 2892 2897
f 2901 2887 2894
f 2902 2891 2895
f 2902 2896 2891
f 2902 2887 2896
f 2903 2894 2887
f 2903 2902 2895
f 2903 2887 2902
f 2905 2894 2888
f 2905 2888 2897
f 2905 2898 2889
f 2905 2897 2898
f 2906 2892 2890
f 2906 2898 2897
f 2906 2897 2892
f 2907 2889 2898
f 2907 2898 2906
f 2908 2890 2892
f 2908 2899 2896
f 2908 2896 2890
f 2909 2900 2889
f 2910 2887 2901
f 2911 2900 2893
f 2911 2910 2901
f 2911 2893 2910
f 2911 2889 2900
f 2912 2901 2894
f 2912 2911 2901
f 2912 2889 2911
f 2912 2905 2889
f 2912 2894 2905
f 2913 2903 2895
f 2913 2895 2888
f 2913 2888 2894
f 2913 2894 2903
f 2914 2896 2904
f 2914 2904 2893
f 2915 2904 2896
f 2915 2896 2887
f 2915 2887 2910
f 2915 2910 2893
f 2915 2893 2904
f 2916 2907 2906
f 2916 2906 2890
f 2916 2890 2909
f 2916 2909 2889
f 2916 2889 2907
f 2917 2908 2892
f 2917 2892 2899
f 2917 2899 2908
f 2918 2890 2896
f 2918 2896 2914
f 2918 2909 2890
f 2919 2914 2893
f 2919 2893 2900
f 2920 2918 2914
f 2920 2919 2900
f 2920 2914 2919
f 2921 2900 2909
f 2921 2909 2918
f 2921 2920 2900
f 2921 2918 2920
o distal084
usemtl Material084
v 0.012643381 -0.010283196 0.049024678
v 0.014721465 -0.011108199 0.044896520
v 0.014721465 -0.010294110 0.044896520
v 0.015340209 -0.010246988 0.036675911
v 0.011803902 -0.016305310 0.038021160
v 0.015535555 -0.012736378 0.038383805
v 0.014383000 -0.010138000 0.037292998
v 0.010765994 -0.015250597 0.049026349
v 0.015535555 -0.010294110 0.038383805
v 0.014721465 -0.015178646 0.036755626
v 0.012677782 -0.010248151 0.048879564
v 0.013093287 -0.013550467 0.036755626
v 0.012279197 -0.014364557 0.048966967
v 0.010651018 -0.012736378 0.045710609
v 0.015535555 -0.012736378 0.036755626
v 0.013907376 -0.015992736 0.039197894
v 0.013301807 -0.016077588 0.036760474
v 0.011465108 -0.011108199 0.048966967
v 0.010651018 -0.014364557 0.043268341
v 0.011690071 -0.016071495 0.040808915
v 0.013093287 -0.015178646 0.044896520
v 0.014721465 -0.014364557 0.040011984
v 0.011465108 -0.015178646 0.037569715
v 0.013402076 -0.015811660 0.036752506
v 0.010651018 -0.013550467 0.048966967
v 0.012279197 -0.010294110 0.044082430
v 0.010905065 -0.015510844 0.043633669
v 0.014721465 -0.015178646 0.037569715
v 0.013093287 -0.010294110 0.038383805
v 0.011465108 -0.014364557 0.038383805
v 0.010651018 -0.012736378 0.047338788
v 0.011465108 -0.011108199 0.044896520
f 2922 2923 2924
f 2927 2924 2923
f 2930 2924 2927
f 2930 2928 2924
f 2930 2925 2928
f 2932 2922 2924
f 2932 2924 2928
f 2933 2928 2925
f 2934 2923 2922
f 2934 2922 2929
f 2936 2930 2927
f 2936 2925 2930
f 2936 2931 2925
f 2936 2927 2931
f 2938 2937 2926
f 2938 2931 2937
f 2939 2929 2922
f 2939 2922 2932
f 2941 2937 2929
f 2941 2929 2926
f 2941 2926 2937
f 2942 2934 2929
f 2942 2929 2937
f 2942 2923 2934
f 2943 2942 2937
f 2943 2927 2923
f 2943 2923 2942
f 2944 2938 2926
f 2944 2933 2938
f 2945 2938 2933
f 2945 2933 2925
f 2945 2925 2931
f 2945 2931 2938
f 2946 2929 2939
f 2946 2940 2929
f 2946 2935 2940
f 2947 2939 2932
f 2947 2932 2928
f 2948 2926 2929
f 2948 2929 2940
f 2948 2944 2926
f 2948 2940 2944
f 2949 2943 2937
f 2949 2937 2931
f 2949 2931 2927
f 2949 2927 2943
f 2950 2928 2933
f 2950 2933 2944
f 2950 2947 2928
f 2951 2944 2940
f 2951 2940 2935
f 2951 2950 2944
f 2952 2946 2939
f 2952 2939 2935
f 2952 2935 2946
f 2953 2935 2939
f 2953 2939 2947
f 2953 2947 2950
f 2953 2951 2935
f 2953 2950 2951
o distal085
usemtl Material085
v 0.007503727 -0.019308847 0.045714453
v 0.007228793 -0.019626551 0.045659616
v 0.007921409 -0.021932750 0.036782774
v -0.003369535 -0.023003858 0.036784288
v -0.002377317 -0.020889754 0.045715617
v 0.006580571 -0.020063183 0.038383805
v 0.007394661 -0.021691361 0.042454252
v 0.002510124 -0.021691361 0.045710609
v 0.007394661 -0.019249093 0.041640162
v 0.002510124 -0.021691361 0.036755626
v -0.001560323 -0.020063183 0.044082430
v 0.002510124 -0.024133630 0.039197894
v 0.005766482 -0.020877272 0.045710609
v -0.001363382 -0.020218489 0.045911364
v 0.003288777 -0.023772502 0.036341997
v -0.002374412 -0.020877272 0.041640162
v 0.001696035 -0.019249093 0.044082430
v 0.006580571 -0.023319540 0.038383805
v 0.004952393 -0.022505451 0.043268341
v -0.002374412 -0.023319540 0.042454252
v -0.003188501 -0.024133630 0.036755626
v -0.003314645 -0.022816246 0.040041546
v 0.006580571 -0.019249093 0.041640162
v 0.001696035 -0.019249093 0.045710609
v 0.006580571 -0.023319540 0.036755626
v 0.001696035 -0.023319540 0.042454252
v 0.003324214 -0.024133630 0.037569715
v -0.002374412 -0.024133630 0.040011984
v -0.003188501 -0.024133630 0.039197894
v 0.007399767 -0.022326439 0.036738578
v -0.000746233 -0.024133630 0.040011984
f 2960 2954 2955
f 2960 2956 2954
f 2962 2954 2956
f 2962 2956 2959
f 2963 2959 2956
f 2963 2957 2959
f 2966 2955 2954
f 2966 2960 2955
f 2967 2958 2961
f 2967 2964 2958
f 2967 2966 2954
f 2967 2961 2966
f 2968 2963 2956
f 2968 2957 2963
f 2969 2959 2957
f 2969 2958 2964
f 2970 2969 2964
f 2970 2959 2969
f 2971 2956 2960
f 2972 2966 2961
f 2972 2960 2966
f 2972 2971 2960
f 2972 2965 2971
f 2973 2961 2958
f 2974 2957 2968
f 2975 2969 2957
f 2975 2958 2969
f 2976 2970 2962
f 2976 2962 2959
f 2976 2959 2970
f 2977 2954 2962
f 2977 2962 2970
f 2977 2967 2954
f 2977 2970 2964
f 2977 2964 2967
f 2978 2956 2971
f 2979 2972 2961
f 2979 2961 2973
f 2979 2965 2972
f 2980 2974 2968
f 2980 2965 2974
f 2980 2968 2978
f 2980 2978 2971
f 2980 2971 2965
f 2981 2974 2965
f 2981 2979 2973
f 2982 2975 2957
f 2982 2957 2974
f 2982 2973 2958
f 2982 2958 2975
f 2982 2981 2973
f 2982 2974 2981
f 2983 2978 2968
f 2983 2968 2956
f 2983 2956 2978
f 2984 2981 2965
f 2984 2965 2979
f 2984 2979 2981
o distal086
usemtl Material086
v 0.000895829 -0.019975586 0.014726246
v 0.001033341 -0.025035974 0.010548709
v 0.001150336 -0.020995156 0.006572952
v -0.005472979 -0.019679604 0.007024206
v -0.008332404 -0.025356685 0.007956188
v 0.000584112 -0.020749209 0.006708789
v 0.001182557 -0.020182526 0.014576202
v 0.000067856 -0.020877272 0.014775212
v -0.001560323 -0.024947719 0.007448408
v -0.007956162 -0.024845307 0.007243446
v 0.000189817 -0.019773682 0.014686711
v -0.001560323 -0.024947719 0.010704765
v -0.005729718 -0.025297334 0.007229575
v -0.008090653 -0.020060700 0.008237498
v -0.006444859 -0.024947719 0.009076586
v -0.007991565 -0.024404999 0.007327565
v -0.008073038 -0.024133630 0.009076586
v -0.007833080 -0.020034028 0.008094764
v -0.008073038 -0.020877272 0.009076586
f 2990 2985 2987
f 2990 2987 2988
f 2991 2986 2987
f 2991 2987 2985
f 2992 2991 2985
f 2992 2986 2991
f 2993 2987 2986
f 2994 2988 2987
f 2995 2990 2988
f 2995 2985 2990
f 2995 2992 2985
f 2996 2989 2986
f 2996 2986 2992
f 2997 2993 2986
f 2997 2986 2989
f 2997 2989 2994
f 2997 2994 2987
f 2997 2987 2993
f 2998 2995 2988
f 2999 2996 2992
f 2999 2989 2996
f 3000 2994 2989
f 3000 2989 2998
f 3000 2988 2994
f 3001 2999 2992
f 3001 2989 2999
f 3002 3000 2998
f 3002 2998 2988
f 3002 2988 3000
f 3003 2998 2989
f 3003 2989 3001
f 3003 2995 2998
f 3003 3001 2992
f 3003 2992 2995
o distal087
usemtl Material087
v 0.011465108 0.013314483 0.000935693
v 0.012271147 0.011658224 0.000938063
v 0.011465108 0.012500393 -0.004762933
v 0.000777493 0.020358884 -0.004743497
v 0.000881946 0.011686304 0.000935693
v 0.009022840 0.016570840 -0.004762933
v 0.012279197 0.012500393 -0.002320665
v 0.002444793 0.020714590 0.001034757
v 0.011331076 0.011449975 -0.004714996
v 0.003846312 0.019144699 -0.004859159
v 0.011465108 0.014128572 0.000121603
v 0.011465108 0.013314483 -0.003948844
v 0.012062266 0.011723816 0.001004578
v 0.000881965 0.020643216 0.000936331
v 0.012191961 0.011453395 -0.002288158
v 0.000881946 0.011686304 -0.004762933
v 0.002510124 0.020641287 -0.004762933
v 0.010651018 0.014128572 0.000935693
v 0.009022840 0.016570840 -0.003134754
v 0.011465108 0.014128572 -0.002320665
v 0.004138303 0.019827198 -0.003134754
f 3013 3009 3006
f 3014 3004 3005
f 3014 3005 3010
f 3015 3010 3006
f 3015 3006 3009
f 3016 3011 3008
f 3016 3008 3005
f 3016 3005 3004
f 3017 3007 3008
f 3017 3008 3011
f 3018 3005 3008
f 3018 3008 3012
f 3018 3010 3005
f 3018 3012 3006
f 3018 3006 3010
f 3019 3012 3008
f 3019 3008 3007
f 3019 3007 3013
f 3019 3013 3006
f 3019 3006 3012
f 3020 3009 3013
f 3020 3013 3007
f 3020 3017 3011
f 3020 3007 3017
f 3021 3014 3011
f 3021 3004 3014
f 3021 3016 3004
f 3021 3011 3016
f 3022 3014 3009
f 3022 3011 3014
f 3023 3014 3010
f 3023 3010 3015
f 3023 3015 3009
f 3023 3009 3014
f 3024 3020 3011
f 3024 3009 3020
f 3024 3022 3009
f 3024 3011 3022
o distal088
usemtl Material088
v 0.017977823 0.005987678 0.010704765
v 0.021234180 0.001917231 0.000935693
v 0.017977823 0.006801767 0.000121603
v 0.017076222 0.002530315 -0.004702604
v 0.016676596 0.000439767 0.008627240
v 0.019606002 0.002731320 -0.004762933
v 0.018791912 0.006801767 0.008262497
v 0.017977823 0.000289052 0.009076586
v 0.016747327 0.007160684 0.008279625
v 0.021234180 0.001917231 -0.002320665
v 0.017977823 0.005173589 -0.003134754
v 0.018791912 0.001917231 0.008262497
v 0.017977823 0.003545410 0.010704765
v 0.019519376 0.000030885 -0.004740496
v 0.016579752 0.006087554 0.010527825
v 0.016517791 0.006443370 0.000367691
v 0.017977823 0.007615857 0.005006140
v 0.017977823 0.007615857 0.008262497
v 0.020777551 -0.000236624 0.000658253
v 0.017163733 0.000289052 -0.004762933
v 0.016769793 0.003740972 0.010076352
v 0.016808524 0.004479988 -0.002935646
v 0.017163733 0.007615857 0.005006140
v 0.018791912 0.006801767 0.005006140
v 0.021024910 -0.000299961 -0.002277892
f 3034 3030 3027
f 3034 3031 3026
f 3035 3030 3028
f 3035 3027 3030
f 3036 3031 3025
f 3036 3026 3031
f 3037 3029 3032
f 3037 3036 3025
f 3037 3032 3036
f 3038 3030 3034
f 3039 3037 3025
f 3040 3039 3033
f 3040 3029 3039
f 3040 3027 3035
f 3042 3025 3031
f 3042 3031 3041
f 3042 3039 3025
f 3042 3033 3039
f 3043 3036 3032
f 3043 3026 3036
f 3043 3032 3029
f 3044 3028 3030
f 3044 3030 3038
f 3044 3029 3040
f 3045 3039 3029
f 3045 3029 3037
f 3045 3037 3039
f 3046 3040 3035
f 3046 3035 3028
f 3046 3044 3040
f 3046 3028 3044
f 3047 3040 3033
f 3047 3042 3041
f 3047 3033 3042
f 3047 3041 3027
f 3047 3027 3040
f 3048 3034 3027
f 3048 3027 3041
f 3048 3041 3031
f 3048 3031 3034
f 3049 3038 3034
f 3049 3034 3026
f 3049 3026 3043
f 3049 3044 3038
f 3049 3043 3029
f 3049 3029 3044
o distal089
usemtl Material089
v -0.004234310 0.016689183 0.050592556
v -0.001502509 0.011530364 0.050564178
v -0.001261611 0.016444234 0.041635946
v -0.005630770 0.016570840 0.041640162
v -0.005778521 0.011202737 0.044085496
v -0.001686595 0.016800794 0.043518768
v -0.005629255 0.016574065 0.050594773
v -0.001565094 0.012666566 0.041625965
v -0.001560323 0.012500393 0.050595146
v -0.002791436 0.011289677 0.050079974
v -0.005027061 0.011318402 0.041640678
v -0.001560323 0.011686304 0.046524699
f 3055 3052 3053
f 3055 3053 3050
f 3056 3050 3053
f 3056 3053 3054
f 3057 3052 3051
f 3057 3053 3052
f 3058 3055 3050
f 3058 3051 3052
f 3058 3052 3055
f 3058 3056 3051
f 3058 3050 3056
f 3059 3056 3054
f 3059 3051 3056
f 3060 3054 3053
f 3060 3053 3057
f 3060 3059 3054
f 3061 3060 3057
f 3061 3057 3051
f 3061 3051 3059
f 3061 3059 3060
o distal090
usemtl Material090
v -0.037503098 0.030124558 -0.027520499
v -0.037380256 0.027154002 -0.027557436
v -0.037380256 0.027968092 -0.038954688
v -0.046335239 0.027968092 -0.039768777
v -0.049420774 0.027088439 -0.027559387
v -0.044846002 0.026825798 -0.039218984
v -0.044707061 0.032038539 -0.034884241
v -0.037380256 0.030410360 -0.036512420
v -0.037436741 0.027015669 -0.038486999
v -0.044707061 0.027968092 -0.039768777
v -0.049675275 0.026864065 -0.037169962
v -0.049682723 0.026864277 -0.034108735
v -0.048777508 0.031224449 -0.027557436
v -0.038194345 0.031224449 -0.031627883
v -0.042264792 0.030410360 -0.038954688
v -0.049314587 0.026866203 -0.037681469
v -0.050405686 0.027968092 -0.034070151
v -0.039008435 0.031224449 -0.034070151
v -0.043892971 0.032038539 -0.028371526
v -0.037380256 0.029596271 -0.038140598
v -0.038194345 0.028782181 -0.038954688
v -0.043892971 0.031224449 -0.037326509
v -0.045986479 0.026949709 -0.039137092
v -0.048777508 0.031224449 -0.034884241
v -0.049591597 0.029596271 -0.028371526
v -0.050405686 0.027968092 -0.037326509
v -0.038450963 0.030483252 -0.027574031
v -0.043892971 0.032038539 -0.032441973
v -0.046335239 0.032038539 -0.029185615
v -0.047149329 0.030410360 -0.038140598
v -0.049591597 0.027968092 -0.038140598
v -0.044707061 0.032038539 -0.028371526
v -0.046335239 0.032038539 -0.034884241
v -0.045521150 0.031224449 -0.037326509
v -0.047149329 0.029596271 -0.038954688
v -0.049591597 0.029596271 -0.036512420
v -0.043892971 0.030410360 -0.038954688
f 3066 3063 3062
f 3069 3062 3063
f 3069 3063 3064
f 3070 3067 3064
f 3070 3064 3063
f 3070 3063 3067
f 3071 3067 3065
f 3071 3064 3067
f 3073 3067 3063
f 3073 3063 3066
f 3073 3072 3067
f 3074 3066 3062
f 3075 3062 3069
f 3076 3071 3065
f 3077 3067 3072
f 3078 3073 3066
f 3079 3075 3069
f 3079 3069 3068
f 3079 3068 3075
f 3081 3076 3069
f 3081 3069 3064
f 3082 3064 3071
f 3082 3071 3076
f 3082 3081 3064
f 3082 3076 3081
f 3083 3068 3069
f 3083 3069 3076
f 3084 3077 3065
f 3084 3065 3067
f 3084 3067 3077
f 3085 3078 3074
f 3086 3078 3066
f 3086 3066 3074
f 3086 3074 3078
f 3087 3072 3073
f 3087 3073 3078
f 3087 3078 3085
f 3087 3077 3072
f 3088 3080 3074
f 3088 3074 3062
f 3088 3062 3075
f 3088 3075 3080
f 3089 3080 3075
f 3089 3075 3068
f 3089 3068 3080
f 3090 3080 3068
f 3090 3085 3074
f 3092 3065 3077
f 3092 3077 3087
f 3093 3090 3074
f 3093 3074 3080
f 3093 3080 3090
f 3094 3090 3068
f 3094 3085 3090
f 3094 3091 3085
f 3094 3068 3083
f 3095 3083 3076
f 3095 3094 3083
f 3095 3091 3094
f 3096 3065 3092
f 3096 3092 3087
f 3097 3087 3085
f 3097 3085 3091
f 3097 3096 3087
f 3097 3091 3096
f 3098 3095 3076
f 3098 3091 3095
f 3098 3096 3091
f 3098 3076 3065
f 3098 3065 3096
o distal091
usemtl Material091
v -0.015399842 0.007615857 0.041640162
v -0.014585753 0.004359499 0.041640162
v -0.014513809 0.010257593 0.031849448
v -0.017842111 0.010058125 0.031871090
v -0.020284379 0.002731320 0.038383805
v -0.015399842 0.010058125 0.036755626
v -0.014215839 0.007258560 0.041349692
v -0.017842111 0.004359499 0.041640162
v -0.019953039 0.002601327 0.031859974
v -0.017842111 0.010058125 0.034313358
v -0.014585753 0.005173589 0.038383805
v -0.014585753 0.010058125 0.036755626
v -0.015399842 0.002731320 0.041640162
v -0.020284379 0.004359499 0.031871090
v -0.019470289 0.005987678 0.037569715
v -0.014585753 0.004359499 0.040826073
v -0.014585753 0.009244036 0.031871090
v -0.017577077 0.002565936 0.040971125
v -0.018656200 0.003545410 0.031871090
v -0.018656200 0.008429946 0.035127447
v -0.017842111 0.005173589 0.040826073
v -0.017028021 0.007615857 0.039197894
v -0.020284379 0.003545410 0.038383805
v -0.015399842 0.002731320 0.040826073
v -0.018656200 0.003545410 0.040826073
v -0.017995685 0.002416669 0.040503790
v -0.018656200 0.008429946 0.031871090
v -0.020284379 0.004359499 0.036755626
v -0.019470289 0.005173589 0.038383805
f 3105 3099 3100
f 3106 3100 3099
f 3107 3102 3101
f 3108 3104 3101
f 3108 3101 3102
f 3108 3099 3104
f 3110 3104 3099
f 3110 3099 3105
f 3110 3105 3101
f 3110 3101 3104
f 3111 3100 3106
f 3112 3107 3103
f 3114 3109 3105
f 3114 3105 3100
f 3114 3100 3111
f 3115 3101 3105
f 3115 3105 3109
f 3116 3111 3106
f 3117 3115 3109
f 3117 3107 3101
f 3117 3101 3115
f 3118 3108 3102
f 3118 3113 3108
f 3119 3106 3099
f 3119 3099 3113
f 3120 3113 3099
f 3120 3099 3108
f 3120 3108 3113
f 3121 3112 3103
f 3122 3114 3111
f 3122 3109 3114
f 3122 3117 3109
f 3122 3107 3117
f 3123 3116 3106
f 3123 3121 3103
f 3123 3106 3121
f 3124 3103 3107
f 3124 3107 3122
f 3124 3122 3111
f 3124 3111 3116
f 3124 3123 3103
f 3124 3116 3123
f 3125 3118 3102
f 3125 3112 3118
f 3125 3102 3107
f 3125 3107 3112
f 3126 3118 3112
f 3126 3113 3118
f 3126 3121 3113
f 3126 3112 3121
f 3127 3121 3106
f 3127 3113 3121
f 3127 3119 3113
f 3127 3106 3119
o distal092
usemtl Material092
v 0.013907376 0.007615857 -0.017788364
v 0.022862359 0.000289052 -0.021044721
v 0.014721465 0.012500393 -0.021044721
v 0.006687730 0.013558565 -0.021565623
v 0.007354240 0.000281207 -0.017925471
v 0.018913444 0.007429479 -0.022222634
v 0.008208750 0.013314483 -0.020230632
v 0.018791912 0.007615857 -0.020230632
v 0.017163733 0.000289052 -0.017788364
v 0.007394661 0.000289052 -0.021858811
v 0.013093287 0.013314483 -0.021858811
v 0.013907376 0.012500393 -0.020230632
v 0.006580571 0.007615857 -0.017788364
v 0.019606002 0.007615857 -0.021044721
v 0.022474000 0.000101000 -0.022066999
v 0.017163733 0.001103142 -0.017788364
v 0.014721465 0.012500393 -0.021858811
v 0.013093287 0.013314483 -0.021044721
v 0.006580571 0.006801767 -0.021858811
v 0.006409249 0.012901837 -0.020697952
v 0.022862359 0.001103142 -0.021044721
v 0.006489606 0.006587974 -0.018227354
v 0.022862359 0.001103142 -0.021858811
v 0.019606002 0.005987678 -0.020230632
f 3139 3134 3128
f 3139 3135 3130
f 3139 3128 3135
f 3140 3128 3134
f 3140 3136 3128
f 3140 3132 3136
f 3141 3130 3135
f 3142 3136 3132
f 3142 3129 3136
f 3142 3132 3137
f 3142 3137 3133
f 3143 3135 3128
f 3143 3128 3136
f 3143 3136 3129
f 3144 3138 3130
f 3144 3133 3138
f 3144 3141 3133
f 3144 3130 3141
f 3145 3138 3131
f 3145 3131 3134
f 3145 3134 3139
f 3145 3139 3130
f 3145 3130 3138
f 3146 3131 3138
f 3146 3138 3133
f 3146 3133 3137
f 3147 3140 3134
f 3147 3134 3131
f 3147 3131 3146
f 3148 3143 3129
f 3149 3146 3137
f 3149 3137 3132
f 3149 3132 3140
f 3149 3147 3146
f 3149 3140 3147
f 3150 3148 3129
f 3150 3129 3142
f 3150 3142 3133
f 3150 3133 3141
f 3150 3141 3148
f 3151 3135 3143
f 3151 3143 3148
f 3151 3148 3141
f 3151 3141 3135
o distal093
usemtl Material093
v -0.011394064 0.026850036 0.013990391
v -0.011349365 0.014216411 0.014017470
v -0.010797214 0.027734704 0.003358634
v -0.012143485 0.025525824 0.000121603
v -0.016213932 0.018199019 0.013961123
v -0.011329395 0.014942661 0.008262497
v -0.012957574 0.028782181 0.006634318
v -0.016213932 0.019827198 0.013961123
v -0.011329395 0.023897645 0.000121603
v -0.013771664 0.014128572 0.013147033
v -0.011329395 0.028782181 0.009890676
v -0.012957574 0.027968092 0.003377961
v -0.013771664 0.026339913 0.013961123
v -0.014585753 0.022269466 0.005006140
v -0.011071850 0.027071603 0.001756844
v -0.011142833 0.025393776 0.000819283
v -0.013771664 0.014128572 0.013961123
v -0.011329395 0.028782181 0.006634318
v -0.014585753 0.024711734 0.005006140
v -0.012957574 0.028782181 0.009076586
v -0.012480595 0.026835355 0.013953593
v -0.016213932 0.019827198 0.010704765
v -0.012143485 0.023897645 0.000121603
v -0.014585753 0.015756751 0.010704765
v -0.012143485 0.027154002 0.001749782
v -0.015399842 0.016570840 0.013961123
v -0.013771664 0.027154002 0.005006140
v -0.013771664 0.025525824 0.003377961
v -0.012143485 0.028782181 0.009890676
v -0.012143485 0.014942661 0.008262497
v -0.016213932 0.018199019 0.010704765
v -0.013771664 0.027154002 0.006634318
v -0.012957574 0.016570840 0.007448408
v -0.014585753 0.018199019 0.008262497
v -0.015399842 0.016570840 0.011518855
v -0.015399842 0.022269466 0.013961123
v -0.012957574 0.022269466 0.002563871
v -0.014585753 0.024711734 0.010704765
f 3152 3153 3154
f 3157 3154 3153
f 3159 3156 3153
f 3159 3153 3152
f 3161 3157 3153
f 3162 3152 3154
f 3166 3163 3154
f 3167 3154 3157
f 3167 3157 3160
f 3167 3166 3154
f 3167 3160 3155
f 3167 3155 3166
f 3168 3161 3153
f 3169 3162 3154
f 3169 3158 3162
f 3169 3163 3158
f 3169 3154 3163
f 3171 3162 3158
f 3172 3164 3152
f 3173 3156 3159
f 3173 3170 3165
f 3173 3159 3170
f 3174 3155 3160
f 3174 3160 3157
f 3176 3166 3155
f 3176 3155 3163
f 3176 3163 3166
f 3177 3168 3153
f 3177 3153 3156
f 3177 3161 3168
f 3178 3158 3163
f 3178 3171 3158
f 3179 3163 3155
f 3179 3165 3170
f 3179 3174 3165
f 3179 3155 3174
f 3179 3178 3163
f 3179 3170 3178
f 3180 3172 3152
f 3180 3152 3162
f 3180 3162 3171
f 3180 3171 3164
f 3180 3164 3172
f 3181 3157 3161
f 3181 3161 3175
f 3181 3174 3157
f 3182 3173 3165
f 3182 3156 3173
f 3182 3177 3156
f 3183 3164 3171
f 3183 3171 3178
f 3183 3178 3170
f 3184 3181 3175
f 3184 3174 3181
f 3184 3175 3182
f 3185 3182 3165
f 3185 3184 3182
f 3186 3182 3175
f 3186 3175 3161
f 3186 3161 3177
f 3186 3177 3182
f 3187 3159 3152
f 3187 3152 3164
f 3188 3185 3165
f 3188 3165 3174
f 3188 3174 3184
f 3188 3184 3185
f 3189 3187 3164
f 3189 3164 3183
f 3189 3159 3187
f 3189 3183 3170
f 3189 3170 3159
o distal094
usemtl Material094
v -0.010744000 0.002920000 0.058571000
v -0.010515306 0.001103142 0.058736040
v -0.012143485 0.002731320 0.049781056
v -0.015407159 0.002765188 0.046611877
v -0.017842111 -0.004595484 0.050595146
v -0.014489692 0.003065946 0.047452613
v -0.010515306 0.001917231 0.055479682
v -0.014585753 -0.003781395 0.057921950
v -0.015399842 0.002731320 0.051409235
v -0.016213932 -0.003781395 0.047338788
v -0.010972213 0.003067900 0.055531651
v -0.014585753 0.000289052 0.046524699
v -0.013771664 -0.002967305 0.058736040
v -0.017842111 -0.002967305 0.049781056
v -0.014785215 0.002976181 0.046684871
v -0.014585753 -0.004595484 0.050595146
v -0.013771664 0.002731320 0.055479682
v -0.017523045 -0.004679628 0.047319453
v -0.012143485 0.001917231 0.058736040
v -0.017028021 -0.000525037 0.048152877
v -0.015399842 -0.002153216 0.056293771
v -0.013771664 0.001917231 0.047338788
v -0.012143485 0.001917231 0.049781056
v -0.012957574 -0.004595484 0.055479682
v -0.014585753 -0.003781395 0.049781056
v -0.015399842 -0.001339127 0.046524699
v -0.017842111 -0.002967305 0.047338788
v -0.016213932 0.001103142 0.051409235
v -0.017842111 -0.003781395 0.050595146
v -0.016213932 -0.004595484 0.054665593
v -0.014585753 0.000289052 0.056293771
v -0.010515306 0.001103142 0.056293771
v -0.012957574 -0.004595484 0.058736040
v -0.013990392 -0.004850022 0.057467722
v -0.016923864 -0.000651905 0.046923108
v -0.016213932 0.000289052 0.052223324
v -0.016213932 -0.003781395 0.054665593
v -0.013771664 0.001917231 0.056293771
v -0.012957574 0.000289052 0.058736040
v -0.012143485 -0.002967305 0.057921950
v -0.013771664 -0.004595484 0.058736040
v -0.012143485 -0.002967305 0.056293771
f 3196 3190 3191
f 3200 3192 3195
f 3200 3196 3192
f 3200 3190 3196
f 3204 3198 3195
f 3204 3193 3198
f 3204 3201 3193
f 3204 3195 3192
f 3206 3190 3200
f 3206 3200 3195
f 3206 3195 3198
f 3207 3199 3205
f 3208 3202 3191
f 3208 3191 3190
f 3208 3190 3206
f 3210 3197 3202
f 3211 3204 3192
f 3211 3201 3204
f 3212 3192 3196
f 3212 3211 3192
f 3212 3201 3211
f 3213 3205 3212
f 3214 3205 3199
f 3214 3212 3205
f 3214 3201 3212
f 3215 3199 3207
f 3215 3214 3199
f 3215 3201 3214
f 3215 3193 3201
f 3216 3207 3194
f 3216 3194 3203
f 3216 3203 3209
f 3217 3209 3203
f 3217 3198 3193
f 3217 3193 3209
f 3217 3206 3198
f 3218 3203 3194
f 3218 3217 3203
f 3219 3197 3210
f 3219 3218 3194
f 3220 3206 3217
f 3221 3196 3191
f 3221 3213 3212
f 3221 3212 3196
f 3222 3191 3202
f 3223 3207 3205
f 3223 3205 3213
f 3223 3213 3222
f 3223 3219 3194
f 3223 3194 3207
f 3224 3216 3209
f 3224 3209 3193
f 3224 3193 3215
f 3224 3215 3207
f 3224 3207 3216
f 3225 3218 3210
f 3225 3217 3218
f 3225 3220 3217
f 3225 3210 3220
f 3226 3219 3210
f 3226 3210 3218
f 3226 3218 3219
f 3227 3208 3206
f 3227 3206 3220
f 3228 3220 3210
f 3228 3210 3202
f 3228 3202 3208
f 3228 3227 3220
f 3228 3208 3227
f 3229 3221 3191
f 3229 3222 3213
f 3229 3191 3222
f 3230 3222 3202
f 3230 3202 3197
f 3230 3223 3222
f 3230 3197 3219
f 3230 3219 3223
f 3231 3229 3213
f 3231 3213 3221
f 3231 3221 3229
o distal095
usemtl Material095
v -0.020068174 -0.005654745 0.031934225
v -0.016213932 -0.014364557 0.029428821
v -0.018656200 -0.007037752 0.027800643
v -0.021024805 -0.005326624 0.023472940
v -0.018656200 -0.015178646 0.031871090
v -0.017028021 -0.012736378 0.023730196
v -0.020091434 -0.005090241 0.024098261
v -0.017028021 -0.011108199 0.029428821
v -0.017606451 -0.014754137 0.031939613
v -0.021098468 -0.009480020 0.031871090
v -0.020284379 -0.010294110 0.023730196
v -0.017176070 -0.015440654 0.023777928
v -0.018656200 -0.007037752 0.028614732
v -0.020877250 -0.005041541 0.031833140
v -0.017028021 -0.011108199 0.026172464
v -0.021098468 -0.009480020 0.029428821
v -0.016213932 -0.014364557 0.026986553
v -0.018656200 -0.015178646 0.029428821
v -0.017507212 -0.015086966 0.023699220
v -0.016429454 -0.015529578 0.029307706
v -0.017525623 -0.015106709 0.031895944
v -0.016504441 -0.015514025 0.027026837
f 3238 3237 3235
f 3240 3239 3232
f 3240 3233 3239
f 3241 3240 3232
f 3241 3236 3240
f 3244 3238 3232
f 3244 3234 3238
f 3244 3239 3234
f 3244 3232 3239
f 3245 3238 3235
f 3245 3232 3238
f 3245 3241 3232
f 3245 3235 3241
f 3246 3238 3234
f 3246 3237 3238
f 3246 3234 3239
f 3246 3239 3233
f 3247 3241 3235
f 3247 3235 3242
f 3247 3236 3241
f 3248 3243 3237
f 3248 3246 3233
f 3248 3237 3246
f 3249 3243 3236
f 3249 3247 3242
f 3249 3236 3247
f 3250 3242 3235
f 3250 3235 3237
f 3250 3237 3243
f 3250 3249 3242
f 3250 3243 3249
f 3251 3236 3243
f 3251 3248 3233
f 3252 3240 3236
f 3252 3236 3251
f 3252 3251 3233
f 3252 3233 3240
f 3253 3251 3243
f 3253 3243 3248
f 3253 3248 3251
o distal096
usemtl Material096
v 0.007549563 -0.025008953 0.019658368
v 0.007394661 -0.027389987 0.019659749
v 0.007394661 -0.026575898 0.014775212
v 0.001696035 -0.023319540 0.009890676
v 0.000830348 -0.029486784 0.019642116
v 0.006580571 -0.023319540 0.013961123
v 0.008011727 -0.023569906 0.017856277
v 0.004952393 -0.029832255 0.019659749
v 0.003324214 -0.024947719 0.010704765
v 0.007394661 -0.027389987 0.015589302
v 0.007394661 -0.025761808 0.014775212
v 0.006580571 -0.023319540 0.018031570
v 0.006580571 -0.024947719 0.019659749
v 0.001696035 -0.029018166 0.011518855
v 0.006749533 -0.023121187 0.015897970
v 0.000993169 -0.023165837 0.011032378
v 0.001506641 -0.028625633 0.019642324
v 0.001696035 -0.029832255 0.014775212
v 0.001696035 -0.025761808 0.009890676
v 0.004952393 -0.029832255 0.017217480
v 0.001696035 -0.028204077 0.010704765
v 0.000643279 -0.027946460 0.011291266
v 0.005766482 -0.023319540 0.017217480
v 0.005766482 -0.028204077 0.014775212
v 0.000618984 -0.023807628 0.010398728
v 0.000650000 -0.029495001 0.015081000
v 0.000500326 -0.025510419 0.010327456
f 3260 3254 3255
f 3262 3257 3259
f 3263 3260 3255
f 3263 3256 3260
f 3263 3255 3261
f 3264 3260 3256
f 3264 3259 3260
f 3264 3262 3259
f 3264 3256 3262
f 3265 3254 3260
f 3266 3261 3255
f 3266 3255 3254
f 3266 3258 3261
f 3266 3254 3265
f 3267 3256 3263
f 3268 3265 3260
f 3268 3260 3259
f 3268 3259 3257
f 3269 3268 3257
f 3269 3265 3268
f 3270 3266 3265
f 3270 3258 3266
f 3270 3269 3258
f 3271 3261 3258
f 3272 3257 3262
f 3273 3263 3261
f 3273 3271 3267
f 3273 3261 3271
f 3274 3262 3256
f 3274 3256 3267
f 3274 3272 3262
f 3275 3274 3267
f 3276 3270 3265
f 3276 3265 3269
f 3276 3269 3270
f 3277 3273 3267
f 3277 3267 3263
f 3277 3263 3273
f 3278 3258 3269
f 3278 3269 3257
f 3279 3271 3258
f 3279 3275 3267
f 3279 3267 3271
f 3280 3272 3274
f 3280 3274 3275
f 3280 3275 3279
f 3280 3279 3258
f 3280 3258 3278
f 3280 3278 3257
f 3280 3257 3272
o distal097
usemtl Material097
v 0.002510124 0.027154002 0.013961123
v 0.007394661 0.017384930 0.013961123
v 0.005766482 0.024711734 0.004192050
v 0.001696035 0.026339913 -0.000692486
v 0.000881946 0.016570840 0.013961123
v 0.003280258 0.016487110 0.000916826
v 0.003324214 0.027968092 0.004192050
v 0.006580571 0.022269466 0.013961123
v 0.000810252 0.026944570 0.013985513
v 0.007394661 0.018199019 0.007448408
v 0.004952393 0.021455377 0.001749782
v 0.000881946 0.016570840 0.000935693
v 0.006255377 0.016691708 0.013978615
v 0.003324214 0.027154002 0.000935693
v 0.004952393 0.025525824 0.010704765
v 0.000490902 0.028230893 0.009817249
v 0.005766482 0.023897645 0.013961123
v 0.006580571 0.016570840 0.007448408
v 0.007394661 0.019827198 0.008262497
v 0.001696035 0.021455377 -0.001506576
v 0.004952393 0.020641287 0.001749782
v 0.006580571 0.021455377 0.005006140
v 0.001696035 0.027968092 0.000121603
v 0.004138303 0.024711734 0.000935693
v 0.003324214 0.027968092 0.007448408
v 0.000490516 0.027383364 0.000421512
v 0.001696035 0.028782181 0.009890676
v 0.006580571 0.023083555 0.009890676
v 0.007394661 0.017384930 0.008262497
v 0.001550965 0.020352954 -0.001471559
v 0.006580571 0.019827198 0.005006140
v 0.007394661 0.019013108 0.007448408
v 0.006580571 0.023083555 0.006634318
v 0.002510124 0.027968092 0.001749782
v 0.003324214 0.023897645 0.000121603
v 0.005766482 0.024711734 0.008262497
v 0.000663398 0.020702826 -0.001437694
v 0.001696035 0.028782181 0.006634318
v 0.004138303 0.019827198 0.000935693
v 0.000877234 0.020626874 -0.001505029
v 0.000558954 0.025926012 -0.000177331
v 0.000609392 0.028040836 0.006718600
f 3292 3286 3285
f 3293 3289 3285
f 3293 3282 3288
f 3293 3288 3289
f 3294 3287 3283
f 3296 3285 3289
f 3297 3289 3288
f 3297 3281 3289
f 3297 3295 3281
f 3298 3282 3293
f 3298 3293 3285
f 3298 3285 3286
f 3299 3288 3282
f 3299 3282 3290
f 3301 3300 3291
f 3302 3291 3283
f 3302 3301 3291
f 3303 3294 3284
f 3304 3294 3283
f 3304 3283 3291
f 3304 3291 3300
f 3304 3284 3294
f 3305 3281 3295
f 3305 3283 3287
f 3306 3303 3284
f 3307 3296 3289
f 3307 3289 3281
f 3307 3281 3305
f 3307 3305 3287
f 3308 3297 3288
f 3308 3288 3299
f 3309 3290 3282
f 3309 3282 3298
f 3309 3298 3286
f 3309 3286 3290
f 3310 3286 3292
f 3311 3290 3286
f 3311 3286 3301
f 3311 3302 3290
f 3311 3301 3302
f 3312 3302 3299
f 3312 3299 3290
f 3312 3290 3302
f 3313 3302 3283
f 3313 3299 3302
f 3313 3308 3299
f 3313 3283 3308
f 3314 3287 3294
f 3314 3294 3303
f 3315 3304 3300
f 3315 3300 3284
f 3315 3284 3304
f 3316 3305 3295
f 3316 3283 3305
f 3316 3308 3283
f 3316 3295 3297
f 3316 3297 3308
f 3317 3292 3285
f 3317 3285 3296
f 3317 3296 3306
f 3318 3303 3306
f 3318 3296 3307
f 3318 3314 3303
f 3318 3307 3287
f 3318 3287 3314
f 3319 3301 3286
f 3319 3286 3310
f 3319 3310 3300
f 3319 3300 3301
f 3320 3310 3292
f 3320 3292 3317
f 3320 3300 3310
f 3320 3317 3284
f 3320 3284 3300
f 3321 3317 3306
f 3321 3306 3284
f 3321 3284 3317
f 3322 3318 3306
f 3322 3306 3296
f 3322 3296 3318
o distal098
usemtl Material098
v -0.008364083 0.028637696 0.081501753
v -0.007901017 0.020311604 0.081487445
v -0.008073038 0.027154002 0.068505112
v -0.012143485 0.026339913 0.068505112
v -0.011329395 0.023897645 0.081530543
v -0.008005113 0.019183836 0.068489702
v -0.010877010 0.027006536 0.068489876
v -0.009701217 0.019827198 0.081530543
v -0.011329395 0.027154002 0.081530543
v -0.007778809 0.019754689 0.075764202
v -0.008466244 0.028451472 0.078262895
v -0.012349168 0.022626161 0.068445431
v -0.010258650 0.027876356 0.078265950
v -0.008887127 0.019013108 0.075831917
v -0.012957574 0.022269466 0.073389649
v -0.010159847 0.027853551 0.081518479
v -0.012143485 0.022269466 0.078274185
v -0.012957574 0.023897645 0.074203738
v -0.010515306 0.019013108 0.069319202
v -0.012143485 0.025525824 0.079088274
v -0.012957574 0.023083555 0.074203738
v -0.010515306 0.019827198 0.075831917
v -0.010515306 0.019013108 0.068505112
v -0.012143485 0.026339913 0.071761470
f 3323 3324 3325
f 3330 3324 3323
f 3331 3330 3323
f 3331 3327 3330
f 3332 3328 3325
f 3332 3325 3324
f 3333 3323 3325
f 3333 3325 3329
f 3334 3326 3329
f 3334 3329 3325
f 3334 3325 3328
f 3335 3329 3326
f 3335 3326 3331
f 3335 3333 3329
f 3335 3323 3333
f 3336 3328 3332
f 3336 3332 3324
f 3336 3324 3330
f 3337 3326 3334
f 3338 3335 3331
f 3338 3331 3323
f 3338 3323 3335
f 3339 3337 3330
f 3339 3330 3327
f 3340 3326 3337
f 3341 3336 3330
f 3342 3339 3327
f 3342 3327 3331
f 3343 3340 3337
f 3343 3337 3339
f 3343 3342 3340
f 3343 3339 3342
f 3344 3341 3330
f 3344 3330 3337
f 3344 3337 3341
f 3345 3328 3336
f 3345 3336 3341
f 3345 3334 3328
f 3345 3341 3337
f 3345 3337 3334
f 3346 3342 3331
f 3346 3331 3326
f 3346 3326 3340
f 3346 3340 3342
o distal099
usemtl Material099
v 0.007310563 0.013718885 -0.030742944
v 0.007356473 -0.007417871 -0.030561391
v 0.007394661 0.007615857 -0.040582867
v 0.000881946 0.011686304 -0.040582867
v 0.000804700 0.016364368 -0.030792281
v 0.000897000 -0.003395000 -0.038497001
v 0.004952393 0.013314483 -0.039768777
v 0.007394661 0.014128572 -0.034070151
v 0.007394661 -0.002967305 -0.039768777
v 0.000557311 -0.004876102 -0.036873475
v 0.003324214 0.013314483 -0.040582867
v 0.007394661 0.010058125 -0.040582867
v 0.001696035 0.016570840 -0.032441973
v 0.007394661 -0.007851842 -0.032441973
v 0.000881946 0.001103142 -0.039768777
v 0.000645011 0.016070799 -0.032044313
v 0.000956339 -0.008397671 -0.031038059
v 0.004952393 -0.005409573 -0.037326509
v 0.007394661 0.012500393 -0.038140598
v 0.002510124 0.016570840 -0.031627883
v 0.002510124 0.014128572 -0.039768777
v 0.004138303 -0.002153216 -0.039768777
v 0.000734439 0.013653392 -0.039523429
v 0.000881946 -0.007037752 -0.034884241
v 0.005766482 -0.002967305 -0.039768777
v 0.007394661 -0.006223663 -0.035698330
v 0.002510124 0.016570840 -0.030813794
v 0.003324214 0.014128572 -0.038954688
v 0.004952393 0.008429946 -0.040582867
v 0.003324214 -0.007851842 -0.033256062
v 0.006580571 0.007615857 -0.040582867
v 0.001696035 -0.007037752 -0.034884241
f 3351 3348 3347
f 3354 3347 3348
f 3355 3349 3354
f 3357 3349 3350
f 3358 3354 3349
f 3358 3357 3353
f 3358 3349 3357
f 3360 3355 3354
f 3360 3354 3348
f 3361 3356 3350
f 3361 3352 3356
f 3362 3351 3359
f 3363 3348 3351
f 3363 3362 3356
f 3363 3351 3362
f 3363 3360 3348
f 3365 3358 3353
f 3365 3353 3354
f 3365 3354 3358
f 3366 3354 3353
f 3367 3353 3357
f 3367 3359 3366
f 3368 3352 3361
f 3368 3361 3350
f 3369 3350 3356
f 3369 3356 3362
f 3369 3362 3359
f 3369 3359 3367
f 3369 3367 3357
f 3369 3357 3350
f 3370 3356 3352
f 3370 3352 3364
f 3370 3363 3356
f 3371 3364 3352
f 3371 3355 3364
f 3371 3352 3368
f 3371 3349 3355
f 3372 3364 3355
f 3372 3355 3360
f 3373 3347 3354
f 3373 3354 3366
f 3373 3351 3347
f 3373 3366 3359
f 3373 3359 3351
f 3374 3367 3366
f 3374 3366 3353
f 3374 3353 3367
f 3375 3368 3350
f 3375 3350 3349
f 3375 3371 3368
f 3376 3360 3363
f 3376 3363 3370
f 3376 3372 3360
f 3377 3375 3349
f 3377 3349 3371
f 3377 3371 3375
f 3378 3376 3370
f 3378 3370 3364
f 3378 3364 3372
f 3378 3372 3376
o distal100
usemtl Material100
v 0.003036277 0.026455227 0.019045043
v 0.006484956 0.011459893 0.019196940
v 0.006580571 0.022269466 0.013961123
v 0.000810252 0.026944570 0.013985513
v 0.000878675 0.011680058 0.019655226
v 0.002510124 0.027154002 0.013961123
v 0.006580571 0.020641287 0.018031570
v 0.004452247 0.020969032 0.019638447
v 0.000621415 0.027417449 0.018917979
v 0.000881946 0.011686304 0.013961123
v 0.004138303 0.026339913 0.018031570
v 0.007394661 0.017384930 0.013961123
v 0.006580571 0.012500393 0.019659749
v 0.005766482 0.021455377 0.018845659
v 0.000881946 0.027968092 0.015589302
v 0.000881946 0.021455377 0.019659749
v 0.006879957 0.019312983 0.013732581
v 0.006580571 0.022269466 0.015589302
v 0.001696035 0.027968092 0.018845659
v 0.006580571 0.011686304 0.013961123
v 0.007394661 0.018199019 0.017217480
v 0.003383174 0.026154052 0.018919064
v 0.003324214 0.027154002 0.018031570
v 0.001696035 0.027968092 0.015589302
v 0.007394661 0.017384930 0.017217480
v 0.007394661 0.019827198 0.014775212
f 3388 3380 3383
f 3388 3387 3382
f 3388 3383 3387
f 3389 3381 3384
f 3391 3383 3380
f 3392 3379 3386
f 3392 3385 3389
f 3392 3391 3385
f 3392 3386 3391
f 3393 3384 3382
f 3393 3382 3387
f 3394 3386 3379
f 3394 3379 3387
f 3394 3387 3383
f 3394 3391 3386
f 3394 3383 3391
f 3395 3384 3381
f 3395 3381 3390
f 3395 3388 3382
f 3395 3382 3384
f 3396 3389 3385
f 3396 3381 3389
f 3397 3387 3379
f 3397 3393 3387
f 3398 3380 3388
f 3398 3395 3390
f 3398 3388 3395
f 3399 3385 3391
f 3399 3396 3385
f 3400 3392 3389
f 3400 3389 3379
f 3400 3379 3392
f 3401 3397 3379
f 3401 3379 3389
f 3401 3389 3384
f 3402 3384 3393
f 3402 3393 3397
f 3402 3401 3384
f 3402 3397 3401
f 3403 3398 3390
f 3403 3380 3398
f 3403 3390 3399
f 3403 3399 3391
f 3403 3391 3380
f 3404 3399 3390
f 3404 3390 3381
f 3404 3381 3396
f 3404 3396 3399
o distal101
usemtl Material101
v -0.008073038 0.020641287 0.031871090
v -0.008202569 0.014226299 0.032218172
v -0.008073038 0.020641287 0.013961123
v -0.016213932 0.019827198 0.013961123
v -0.017028021 0.020641287 0.031871090
v -0.008326705 0.014396524 0.014037846
v -0.016213932 0.014942661 0.019659749
v -0.017028021 0.020641287 0.016403391
v -0.015430618 0.019090044 0.013903720
v -0.016213932 0.016570840 0.031871090
v -0.016213932 0.014942661 0.017217480
v -0.015006288 0.020464298 0.013939245
v -0.017842111 0.018199019 0.022102017
v -0.013281644 0.014942888 0.031844554
v -0.014585753 0.015756751 0.013961123
v -0.017028021 0.015756751 0.016403391
v -0.017842111 0.019827198 0.022102017
v -0.017028021 0.018199019 0.031057000
v -0.014799147 0.015215040 0.028991758
v -0.015399842 0.014942661 0.015589302
v -0.017842111 0.018199019 0.018845659
v -0.017028021 0.015756751 0.020473838
v -0.013467673 0.015097620 0.014121726
v -0.017842111 0.019827198 0.018845659
f 3405 3406 3407
f 3409 3406 3405
f 3409 3405 3407
f 3410 3407 3406
f 3412 3409 3407
f 3413 3407 3410
f 3414 3406 3409
f 3415 3410 3406
f 3415 3406 3411
f 3416 3412 3407
f 3416 3408 3412
f 3416 3413 3408
f 3416 3407 3413
f 3418 3411 3406
f 3418 3406 3414
f 3419 3413 3410
f 3419 3408 3413
f 3420 3412 3408
f 3420 3408 3419
f 3420 3415 3411
f 3421 3417 3409
f 3421 3409 3412
f 3422 3414 3409
f 3422 3409 3417
f 3423 3418 3414
f 3423 3414 3411
f 3423 3411 3418
f 3424 3410 3415
f 3424 3420 3419
f 3424 3415 3420
f 3425 3420 3417
f 3425 3412 3420
f 3425 3417 3421
f 3426 3420 3411
f 3426 3411 3414
f 3426 3417 3420
f 3426 3422 3417
f 3426 3414 3422
f 3427 3424 3419
f 3427 3419 3410
f 3427 3410 3424
f 3428 3425 3421
f 3428 3421 3412
f 3428 3412 3425
o distal102
usemtl Material102
v 0.013434487 0.011461364 0.005041704
v 0.017163733 -0.026575898 0.000935693
v 0.017163733 0.003545410 -0.004762933
v 0.000881946 0.011686304 -0.004762933
v 0.001098579 -0.021093985 0.004968231
v 0.005766482 -0.028204077 -0.004762933
v 0.012279197 0.011686304 -0.004762933
v 0.017163733 0.007615857 0.005006140
v 0.000881946 0.011686304 0.005006140
v 0.017045663 -0.028012808 -0.004817966
v 0.001067042 -0.023670507 -0.004812207
v 0.005766482 -0.027389987 0.002563871
v 0.013907376 0.011686304 -0.002320665
v 0.016349644 -0.024133630 0.005006140
v 0.002510124 -0.024133630 0.005006140
v 0.017163733 -0.028204077 -0.003134754
v 0.004382896 -0.026629471 -0.004838372
v 0.000881946 -0.024133630 0.002563871
v 0.016349644 0.009244036 0.000121603
v 0.017163733 0.005173589 -0.003948844
v 0.017163733 -0.022505451 0.005006140
v 0.011465108 -0.027389987 0.003377961
v 0.015699186 0.008912796 0.005066327
v 0.010651018 -0.029832255 -0.003134754
v 0.009836929 -0.029832255 -0.004762933
v 0.004138303 -0.027389987 -0.001506576
v 0.004952393 -0.027389987 0.001749782
v 0.016349644 0.005173589 -0.004762933
v 0.013093287 0.011686304 -0.003948844
v 0.017163733 0.006801767 -0.000692486
v 0.015535555 -0.026575898 0.003377961
v 0.006580571 -0.025761808 0.005006140
v 0.009022840 -0.029018166 0.000121603
v 0.013907376 -0.029832255 -0.004762933
v 0.009836929 -0.029832255 -0.003948844
v 0.003324214 -0.026575898 0.000121603
v 0.017163733 0.007615857 0.002563871
v 0.013093287 -0.025761808 0.005006140
v 0.016349644 -0.028204077 -0.001506576
v 0.004138303 -0.024947719 0.005006140
v 0.009836929 -0.027389987 0.003377961
v 0.010651018 -0.029018166 0.000121603
v 0.005766482 -0.028204077 -0.003948844
v 0.008208750 -0.029018166 -0.001506576
v 0.015535555 -0.025761808 0.004192050
v 0.015535555 -0.029018166 -0.003134754
v 0.013907376 -0.029832255 -0.003948844
v 0.013093287 -0.028204077 0.000935693
v 0.012279197 -0.029832255 -0.003134754
v 0.014721465 -0.029018166 -0.002320665
f 3436 3430 3431
f 3437 3435 3432
f 3441 3437 3429
f 3441 3435 3437
f 3443 3437 3433
f 3444 3438 3431
f 3444 3431 3430
f 3445 3434 3439
f 3445 3435 3438
f 3445 3439 3432
f 3445 3432 3435
f 3446 3437 3432
f 3446 3432 3439
f 3446 3433 3437
f 3446 3443 3433
f 3447 3441 3429
f 3447 3429 3436
f 3448 3441 3447
f 3448 3436 3431
f 3449 3442 3430
f 3449 3430 3436
f 3451 3429 3437
f 3451 3437 3443
f 3451 3442 3449
f 3451 3449 3436
f 3451 3436 3429
f 3453 3445 3438
f 3453 3434 3445
f 3454 3446 3439
f 3454 3439 3434
f 3455 3440 3443
f 3455 3443 3446
f 3456 3448 3431
f 3456 3435 3448
f 3456 3438 3435
f 3456 3431 3438
f 3457 3448 3435
f 3457 3435 3441
f 3457 3441 3448
f 3458 3448 3447
f 3458 3436 3448
f 3459 3430 3442
f 3461 3440 3455
f 3462 3453 3438
f 3462 3438 3444
f 3462 3452 3453
f 3463 3434 3453
f 3463 3453 3452
f 3463 3452 3461
f 3464 3455 3446
f 3464 3446 3454
f 3464 3454 3455
f 3465 3458 3447
f 3465 3447 3436
f 3465 3436 3458
f 3466 3450 3459
f 3466 3460 3450
f 3466 3442 3451
f 3466 3451 3460
f 3467 3444 3430
f 3467 3430 3459
f 3468 3443 3440
f 3468 3440 3460
f 3468 3460 3451
f 3468 3451 3443
f 3469 3460 3440
f 3469 3450 3460
f 3469 3461 3450
f 3469 3440 3461
f 3470 3461 3452
f 3470 3450 3461
f 3471 3454 3434
f 3471 3434 3463
f 3472 3455 3454
f 3472 3471 3463
f 3472 3454 3471
f 3472 3463 3461
f 3472 3461 3455
f 3473 3466 3459
f 3473 3459 3442
f 3473 3442 3466
f 3474 3462 3444
f 3474 3444 3467
f 3475 3452 3462
f 3475 3462 3474
f 3476 3459 3450
f 3476 3450 3470
f 3476 3470 3475
f 3477 3475 3470
f 3477 3470 3452
f 3477 3452 3475
f 3478 3467 3459
f 3478 3476 3475
f 3478 3459 3476
f 3478 3475 3474
f 3478 3474 3467
o distal103
usemtl Material103
v 0.004952393 0.019827198 -0.004762933
v 0.013397155 0.007362628 -0.004885547
v 0.012279197 0.011686304 -0.005577023
v 0.002510124 0.018199019 -0.012903827
v 0.000881946 0.006801767 -0.004762933
v 0.006580571 0.011686304 -0.012903827
v 0.005766482 0.017384930 -0.010461559
v 0.012279197 0.011686304 -0.004762933
v 0.000777493 0.020358884 -0.004743497
v 0.013093287 0.007615857 -0.007205201
v 0.000881946 0.006801767 -0.012903827
v 0.009022840 0.015756751 -0.005577023
v 0.003324214 0.019827198 -0.008833380
v 0.004952393 0.015756751 -0.012903827
v 0.013093287 0.010058125 -0.004762933
v 0.008300473 0.015551328 -0.004728370
v 0.001119195 0.017558534 -0.012578883
v 0.000630536 0.020013204 -0.007621280
v 0.006043122 0.006776522 -0.012517804
v 0.004952393 0.019827198 -0.005577023
v 0.009836929 0.014128572 -0.007205201
v 0.010651018 0.012500393 -0.008019291
v 0.013093287 0.010058125 -0.005577023
v 0.001696035 0.020641287 -0.008019291
v 0.012279197 0.006801767 -0.008019291
v 0.012279197 0.008429946 -0.008019291
v 0.005766482 0.014128572 -0.012903827
v 0.005766482 0.016570840 -0.011275648
v 0.013093287 0.009244036 -0.006391112
v 0.002510124 0.020641287 -0.007205201
v 0.012639238 0.006873339 -0.006569313
v 0.007394661 0.011686304 -0.012089738
v 0.007394661 0.014942661 -0.010461559
v 0.012279197 0.010058125 -0.007205201
v 0.002510124 0.020641287 -0.004762933
f 3489 3482 3484
f 3490 3486 3481
f 3490 3479 3486
f 3491 3485 3482
f 3492 3484 3482
f 3493 3481 3486
f 3493 3483 3480
f 3494 3486 3479
f 3494 3479 3487
f 3494 3493 3486
f 3494 3487 3483
f 3494 3483 3493
f 3495 3482 3489
f 3496 3489 3483
f 3496 3483 3487
f 3496 3495 3489
f 3497 3489 3484
f 3497 3483 3489
f 3498 3490 3485
f 3498 3479 3490
f 3498 3485 3491
f 3499 3490 3481
f 3499 3485 3490
f 3500 3499 3481
f 3500 3485 3499
f 3501 3481 3493
f 3501 3500 3481
f 3501 3493 3480
f 3502 3482 3495
f 3502 3495 3496
f 3502 3491 3482
f 3502 3496 3487
f 3503 3497 3484
f 3503 3488 3480
f 3503 3483 3497
f 3504 3503 3484
f 3504 3488 3503
f 3505 3484 3492
f 3505 3492 3500
f 3505 3500 3504
f 3506 3485 3500
f 3506 3492 3482
f 3506 3482 3485
f 3507 3501 3480
f 3507 3480 3488
f 3507 3488 3504
f 3508 3498 3491
f 3508 3491 3502
f 3508 3479 3498
f 3509 3503 3480
f 3509 3480 3483
f 3509 3483 3503
f 3510 3505 3504
f 3510 3504 3484
f 3510 3484 3505
f 3511 3506 3500
f 3511 3500 3492
f 3511 3492 3506
f 3512 3507 3504
f 3512 3504 3500
f 3512 3500 3501
f 3512 3501 3507
f 3513 3508 3502
f 3513 3502 3487
f 3513 3487 3479
f 3513 3479 3508
o distal104
usemtl Material104
v -0.007258948 0.029596271 0.028614732
v -0.007258948 0.026339913 0.028614732
v -0.007258948 0.026339913 0.013961123
v -0.012480595 0.026835355 0.013953593
v -0.014585753 0.027154002 0.028614732
v -0.014125443 0.026076942 0.019876716
v -0.008887127 0.030410360 0.013961123
v -0.007045076 0.030687201 0.024299267
v -0.012760101 0.026269074 0.013954821
v -0.014585753 0.027968092 0.021287927
v -0.014012559 0.026106158 0.028551946
v -0.007304152 0.030159061 0.013967909
v -0.012143485 0.029596271 0.026172464
v -0.014585753 0.027154002 0.019659749
v -0.013771664 0.028782181 0.021287927
v -0.007258948 0.031224449 0.018845659
v -0.009701217 0.029596271 0.028614732
v -0.013771664 0.028782181 0.025358374
v -0.008073038 0.031224449 0.024544285
v -0.012143485 0.028782181 0.028614732
v -0.014585753 0.027968092 0.024544285
v -0.013771664 0.027968092 0.028614732
v -0.008073038 0.030410360 0.027800643
v -0.012143485 0.029596271 0.019659749
v -0.009701217 0.030410360 0.026172464
v -0.007258948 0.030410360 0.027800643
v -0.008073038 0.031224449 0.018845659
f 3518 3515 3514
f 3519 3516 3515
f 3520 3516 3517
f 3521 3514 3515
f 3521 3515 3516
f 3522 3517 3516
f 3522 3516 3519
f 3524 3519 3515
f 3524 3515 3518
f 3524 3518 3519
f 3525 3521 3516
f 3525 3516 3520
f 3527 3519 3518
f 3527 3518 3523
f 3527 3522 3519
f 3527 3523 3517
f 3527 3517 3522
f 3528 3520 3517
f 3528 3517 3523
f 3529 3525 3520
f 3529 3521 3525
f 3530 3518 3514
f 3531 3528 3523
f 3531 3526 3528
f 3532 3521 3529
f 3533 3530 3526
f 3533 3518 3530
f 3534 3531 3523
f 3534 3523 3518
f 3534 3518 3531
f 3535 3531 3518
f 3535 3526 3531
f 3535 3533 3526
f 3535 3518 3533
f 3536 3530 3514
f 3537 3528 3526
f 3537 3526 3532
f 3537 3520 3528
f 3538 3536 3532
f 3538 3532 3526
f 3538 3526 3530
f 3538 3530 3536
f 3539 3536 3514
f 3539 3514 3521
f 3539 3521 3532
f 3539 3532 3536
f 3540 3537 3532
f 3540 3532 3529
f 3540 3529 3520
f 3540 3520 3537
o distal105
usemtl Material105
v 0.008208750 -0.007851842 -0.021858811
v 0.008234996 -0.010003943 -0.021737562
v 0.008208750 -0.008665931 -0.030813794
v 0.000885645 -0.007837522 -0.032428103
v 0.000881946 -0.007851842 -0.021858811
v 0.001696035 -0.015178646 -0.022672900
v 0.006509747 -0.007217137 -0.031399576
v 0.008208750 -0.010294110 -0.026743347
v 0.001696035 -0.014364557 -0.025115168
v 0.000672257 -0.014657334 -0.022224019
v 0.008125577 -0.007383538 -0.030573415
v 0.006580571 -0.008665931 -0.031627883
v 0.001434278 -0.007674290 -0.032276068
v 0.008208750 -0.009480020 -0.029999705
v 0.000881946 -0.014364557 -0.025115168
v 0.001636255 -0.014946911 -0.021531627
v 0.001696035 -0.008665931 -0.032441973
v 0.000825660 -0.014939467 -0.021750034
f 3541 3542 3543
f 3545 3542 3541
f 3547 3545 3541
f 3548 3542 3546
f 3550 3545 3544
f 3551 3547 3541
f 3551 3541 3543
f 3551 3543 3547
f 3552 3547 3543
f 3553 3547 3544
f 3553 3544 3545
f 3553 3545 3547
f 3554 3543 3542
f 3554 3542 3548
f 3554 3548 3546
f 3554 3546 3549
f 3554 3552 3543
f 3554 3549 3552
f 3555 3549 3546
f 3555 3550 3544
f 3556 3546 3542
f 3556 3542 3545
f 3557 3544 3547
f 3557 3547 3552
f 3557 3555 3544
f 3557 3552 3549
f 3557 3549 3555
f 3558 3555 3546
f 3558 3550 3555
f 3558 3546 3556
f 3558 3556 3545
f 3558 3545 3550
o distal106
usemtl Material106
v -0.011057113 0.009893256 0.013911320
v -0.011329395 0.007615857 0.013961123
v -0.011329395 0.007615857 0.005006140
v -0.019470289 0.008429946 0.005006140
v -0.017028021 0.008429946 0.010704765
v -0.018791084 0.007275974 0.005689013
v -0.011226999 0.014078924 0.005003071
v -0.010847034 0.010457915 0.013039784
v -0.013771664 0.009244036 0.013961123
v -0.013342526 0.007427810 0.013741342
v -0.018916408 0.007338445 0.004870906
v -0.019470289 0.008429946 0.005820229
v -0.011087978 0.014021133 0.007382315
v -0.012957574 0.010058125 0.013961123
v -0.017028021 0.007615857 0.010704765
v -0.013771664 0.014128572 0.005006140
v -0.012957574 0.010872214 0.013147033
v -0.012143485 0.014128572 0.007448408
v -0.016213932 0.011686304 0.006634318
v -0.013771664 0.010058125 0.013147033
v -0.017028021 0.009244036 0.009890676
v -0.013771664 0.014128572 0.005820229
v -0.017028021 0.010058125 0.008262497
v -0.013771664 0.012500393 0.009076586
v -0.016213932 0.010872214 0.008262497
f 3566 3559 3560
f 3566 3560 3561
f 3568 3564 3561
f 3568 3561 3560
f 3568 3560 3567
f 3569 3561 3564
f 3569 3565 3561
f 3570 3569 3564
f 3570 3562 3569
f 3571 3566 3561
f 3571 3561 3565
f 3572 3567 3560
f 3572 3560 3559
f 3573 3564 3568
f 3573 3570 3564
f 3573 3563 3570
f 3573 3568 3567
f 3573 3567 3563
f 3574 3569 3562
f 3574 3565 3569
f 3575 3572 3559
f 3575 3559 3566
f 3575 3566 3571
f 3576 3571 3565
f 3576 3565 3574
f 3576 3575 3571
f 3577 3574 3562
f 3577 3562 3570
f 3578 3563 3567
f 3578 3567 3572
f 3578 3572 3575
f 3579 3570 3563
f 3579 3578 3575
f 3579 3563 3578
f 3580 3576 3574
f 3580 3574 3577
f 3581 3577 3570
f 3581 3570 3579
f 3582 3580 3577
f 3582 3575 3576
f 3582 3576 3580
f 3583 3582 3577
f 3583 3579 3575
f 3583 3575 3582
f 3583 3581 3579
f 3583 3577 3581
o distal107
usemtl Material107
v 0.026932806 -0.002967305 -0.004762933
v 0.027746896 -0.007851842 -0.004762933
v 0.027746896 -0.002967305 -0.012903827
v 0.007394661 -0.005409573 -0.012903827
v 0.007394661 -0.007851842 -0.004762933
v 0.027746896 -0.007851842 -0.012903827
v 0.007323094 0.000327103 -0.009570743
v 0.027746896 -0.002967305 -0.005577023
v 0.020954748 -0.000455364 -0.004676485
v 0.007148000 -0.007231000 -0.013000000
v 0.015535555 -0.002153216 -0.012903827
v 0.027746896 -0.003781395 -0.004762933
v 0.007394661 0.000289052 -0.004762933
v 0.023676449 -0.000525037 -0.004762933
v 0.016349644 0.000289052 -0.009647470
v 0.012279197 -0.002967305 -0.012903827
v 0.022048270 -0.002153216 -0.012903827
v 0.025304627 -0.001339127 -0.004762933
v 0.021234180 0.000289052 -0.006391112
v 0.026118717 -0.002153216 -0.012089738
v 0.026932806 -0.002153216 -0.005577023
v 0.020420091 0.000289052 -0.007205201
v 0.026932806 -0.002153216 -0.010461559
v 0.023676449 -0.000525037 -0.006391112
f 3589 3586 3585
f 3589 3585 3588
f 3591 3585 3586
f 3592 3588 3585
f 3593 3586 3589
f 3593 3589 3588
f 3593 3590 3587
f 3595 3591 3584
f 3595 3585 3591
f 3595 3592 3585
f 3595 3584 3592
f 3596 3588 3592
f 3596 3593 3588
f 3596 3590 3593
f 3597 3596 3592
f 3598 3594 3590
f 3599 3587 3590
f 3599 3590 3594
f 3599 3594 3593
f 3599 3593 3587
f 3600 3586 3593
f 3600 3593 3594
f 3600 3594 3598
f 3601 3597 3592
f 3601 3592 3584
f 3602 3596 3597
f 3602 3590 3596
f 3603 3600 3598
f 3603 3586 3600
f 3604 3591 3586
f 3604 3597 3601
f 3604 3601 3584
f 3604 3584 3591
f 3605 3603 3598
f 3605 3602 3603
f 3605 3598 3590
f 3605 3590 3602
f 3606 3603 3602
f 3606 3586 3603
f 3606 3604 3586
f 3606 3597 3604
f 3607 3606 3602
f 3607 3602 3597
f 3607 3597 3606
o distal108
usemtl Material108
v 0.000881946 0.007615857 -0.003134754
v 0.000881946 -0.007851842 -0.003134754
v 0.000881946 -0.007851842 -0.021044721
v -0.025168915 0.007615857 -0.021044721
v -0.023540736 0.007615857 -0.003134754
v -0.020284379 -0.007037752 -0.011275648
v 0.000881946 0.007615857 -0.021044721
v -0.019078276 -0.006762671 -0.002658208
v -0.018656200 -0.007851842 -0.016160185
v -0.025168915 -0.002153216 -0.010461559
v -0.024093179 -0.000613872 -0.021061722
v -0.018268542 -0.007686716 -0.002949403
v -0.025168915 0.007615857 -0.004762933
v -0.025168915 -0.002153216 -0.017788364
v -0.016213932 -0.007851842 -0.021044721
v -0.025168915 0.000289052 -0.005577023
v -0.020284379 -0.007037752 -0.012903827
v -0.025065034 -0.000253395 -0.021050257
v -0.023540736 -0.002967305 -0.019416542
v -0.023540736 0.001917231 -0.003134754
v -0.022726647 -0.000525037 -0.003134754
v -0.024354826 0.001917231 -0.003948844
v -0.025168915 0.005173589 -0.004762933
f 3608 3609 3610
f 3612 3608 3611
f 3614 3608 3610
f 3614 3611 3608
f 3615 3609 3608
f 3615 3608 3612
f 3616 3610 3609
f 3618 3614 3610
f 3618 3611 3614
f 3619 3613 3616
f 3619 3617 3613
f 3619 3615 3617
f 3619 3616 3609
f 3619 3609 3615
f 3620 3612 3611
f 3620 3611 3617
f 3621 3613 3617
f 3621 3617 3611
f 3622 3618 3610
f 3622 3610 3616
f 3623 3620 3617
f 3623 3617 3615
f 3624 3621 3616
f 3624 3616 3613
f 3624 3613 3621
f 3625 3621 3611
f 3625 3611 3618
f 3625 3618 3622
f 3626 3622 3616
f 3626 3616 3621
f 3626 3625 3622
f 3626 3621 3625
f 3627 3615 3612
f 3627 3612 3620
f 3628 3623 3615
f 3628 3615 3627
f 3629 3627 3620
f 3629 3628 3627
f 3629 3623 3628
f 3630 3629 3620
f 3630 3620 3623
f 3630 3623 3629
o distal109
usemtl Material109
v 0.001696035 0.024711734 0.031057000
v 0.004952393 0.019013108 0.028614732
v 0.004138303 0.027154002 0.024544285
v 0.000621415 0.027417449 0.018917979
v 0.000881946 0.017384930 0.019659749
v 0.000356050 0.029283445 0.022496012
v 0.004138303 0.023897645 0.028614732
v 0.000487000 0.017558083 0.031861501
v 0.004808767 0.017365407 0.019650108
v 0.002510124 0.027968092 0.026172464
v 0.001696035 0.029596271 0.019659749
v 0.003324214 0.021455377 0.031057000
v 0.004952393 0.025525824 0.024544285
v 0.000556711 0.024956585 0.030031640
v 0.001696035 0.017384930 0.031871090
v 0.004110422 0.021388173 0.018816846
v 0.003324214 0.026339913 0.027800643
v 0.000881946 0.029596271 0.019659749
v 0.001696035 0.029596271 0.022916106
v 0.003324214 0.024711734 0.029428821
v 0.004952393 0.019827198 0.028614732
v 0.004952393 0.017384930 0.021287927
v 0.004138303 0.027154002 0.018845659
v 0.000745442 0.020389542 0.031865553
v 0.000445163 0.026554000 0.027745773
v 0.003324214 0.019013108 0.031057000
v 0.000881946 0.021455377 0.018845659
v 0.001696035 0.025525824 0.030242911
v 0.001696035 0.027968092 0.018845659
v 0.004138303 0.022269466 0.029428821
v 0.004952393 0.024711734 0.019659749
v 0.004138303 0.017384930 0.028614732
v 0.000633515 0.024524173 0.030458698
v 0.001173885 0.020085886 0.031851695
v 0.001696035 0.027154002 0.027800643
v 0.004952393 0.025525824 0.021287927
v 0.004952393 0.018199019 0.027800643
v 0.002510124 0.017384930 0.031057000
f 3636 3634 3635
f 3638 3636 3635
f 3645 3638 3635
f 3645 3635 3639
f 3646 3639 3635
f 3647 3633 3640
f 3647 3643 3633
f 3647 3637 3643
f 3648 3634 3636
f 3649 3640 3633
f 3649 3633 3641
f 3649 3648 3636
f 3649 3641 3648
f 3650 3631 3642
f 3650 3637 3647
f 3651 3642 3632
f 3651 3643 3637
f 3651 3632 3643
f 3652 3643 3632
f 3653 3641 3633
f 3653 3633 3643
f 3654 3638 3645
f 3655 3636 3638
f 3655 3638 3644
f 3656 3632 3642
f 3656 3642 3645
f 3657 3646 3635
f 3657 3635 3634
f 3658 3647 3640
f 3658 3650 3647
f 3658 3631 3650
f 3658 3655 3644
f 3658 3644 3631
f 3659 3648 3641
f 3659 3634 3648
f 3659 3641 3653
f 3659 3657 3634
f 3659 3653 3646
f 3659 3646 3657
f 3660 3651 3637
f 3660 3642 3651
f 3660 3650 3642
f 3660 3637 3650
f 3661 3652 3639
f 3661 3643 3652
f 3661 3639 3646
f 3661 3646 3653
f 3662 3639 3652
f 3662 3632 3656
f 3663 3644 3638
f 3663 3638 3654
f 3663 3654 3631
f 3663 3631 3644
f 3664 3654 3645
f 3664 3645 3642
f 3664 3642 3631
f 3664 3631 3654
f 3665 3649 3636
f 3665 3636 3655
f 3665 3655 3658
f 3665 3658 3640
f 3665 3640 3649
f 3666 3661 3653
f 3666 3653 3643
f 3666 3643 3661
f 3667 3662 3652
f 3667 3652 3632
f 3667 3632 3662
f 3668 3662 3656
f 3668 3656 3645
f 3668 3645 3639
f 3668 3639 3662
o distal110
usemtl Material110
v -0.013771664 -0.011922289 0.047338788
v -0.010515306 -0.018435004 0.047338788
v -0.010515306 -0.016806825 0.044082430
v -0.016987061 -0.010253946 0.044048949
v -0.016213932 -0.012736378 0.047338788
v -0.015399842 -0.010294110 0.044082430
v -0.010515306 -0.015178646 0.047338788
v -0.015718120 -0.010688052 0.047367835
v -0.013771664 -0.017620914 0.044082430
v -0.014128483 -0.016421574 0.043885758
v -0.010333588 -0.017972457 0.044045400
v -0.010515306 -0.015178646 0.046524699
v -0.014585753 -0.015178646 0.047338788
v -0.017028021 -0.011108199 0.046524699
v -0.016165230 -0.010273925 0.047336780
v -0.017028021 -0.014364557 0.044082430
v -0.011329395 -0.018435004 0.047338788
v -0.016251287 -0.010196236 0.046483618
v -0.017028021 -0.014364557 0.044896520
v -0.015399842 -0.015178646 0.046524699
v -0.013771664 -0.017620914 0.044896520
v -0.012957574 -0.017620914 0.046524699
f 3675 3674 3669
f 3676 3675 3669
f 3676 3670 3675
f 3678 3674 3671
f 3678 3672 3674
f 3679 3675 3670
f 3679 3678 3671
f 3679 3677 3678
f 3680 3671 3674
f 3680 3674 3675
f 3680 3679 3671
f 3680 3675 3679
f 3681 3676 3673
f 3683 3672 3682
f 3683 3682 3673
f 3683 3673 3676
f 3683 3676 3669
f 3683 3669 3674
f 3684 3678 3677
f 3684 3672 3678
f 3684 3682 3672
f 3685 3679 3670
f 3685 3677 3679
f 3685 3670 3676
f 3685 3676 3681
f 3686 3683 3674
f 3686 3674 3672
f 3686 3672 3683
f 3687 3673 3682
f 3687 3682 3684
f 3687 3684 3677
f 3688 3681 3673
f 3688 3673 3687
f 3689 3688 3687
f 3689 3687 3677
f 3689 3677 3685
f 3690 3689 3685
f 3690 3688 3689
f 3690 3685 3681
f 3690 3681 3688
o distal111
usemtl Material111
v 0.002510124 0.014128572 0.046524699
v 0.003409106 0.012700599 0.046533929
v 0.003913322 0.013776857 0.031866060
v -0.001256013 0.012983193 0.031884003
v -0.001650844 0.012997401 0.046492275
v 0.001696035 0.011686304 0.035127447
v -0.001560323 0.014128572 0.037569715
v 0.003290212 0.013844859 0.044607019
v -0.001424575 0.012923095 0.046552853
v 0.003283869 0.013135323 0.031824265
v -0.001849398 0.012073212 0.031841138
v 0.000705502 0.013739839 0.032040612
v -0.001560323 0.014128572 0.044896520
v 0.000067856 0.014128572 0.046524699
v -0.000746233 0.011686304 0.046524699
v -0.000746233 0.011686304 0.031871090
v 0.000881946 0.011686304 0.046524699
v 0.001696035 0.011686304 0.036755626
f 3697 3691 3693
f 3698 3691 3692
f 3698 3692 3693
f 3698 3693 3691
f 3699 3692 3691
f 3700 3693 3692
f 3700 3692 3696
f 3700 3694 3693
f 3701 3694 3700
f 3701 3697 3694
f 3702 3697 3693
f 3702 3693 3694
f 3702 3694 3697
f 3703 3691 3697
f 3703 3701 3695
f 3703 3697 3701
f 3704 3699 3691
f 3704 3695 3699
f 3704 3703 3695
f 3704 3691 3703
f 3705 3699 3695
f 3705 3695 3701
f 3706 3701 3700
f 3706 3700 3696
f 3706 3705 3701
f 3706 3696 3705
f 3707 3705 3696
f 3707 3692 3699
f 3707 3699 3705
f 3708 3707 3696
f 3708 3696 3692
f 3708 3692 3707
o distal112
usemtl Material112
v -0.019799075 0.002862546 0.035127378
v -0.019969400 -0.006012842 0.035127221
v -0.019470289 0.001917231 0.023730196
v -0.021098468 0.002731320 0.023730196
v -0.021912557 0.000289052 0.035127447
v -0.021024805 -0.005326624 0.023472940
v -0.019770393 0.003664337 0.023737677
v -0.019562187 0.003581333 0.031874055
v -0.020124786 -0.006313536 0.035130672
v -0.020091434 -0.005090241 0.024098261
v -0.021912557 0.001103142 0.023730196
v -0.021272632 -0.004750926 0.023279539
v -0.021098468 0.002731320 0.030242911
v -0.019912673 0.002578986 0.035129159
v -0.020177998 -0.006272780 0.031866993
v -0.019880663 0.003386413 0.023720080
v -0.021912557 -0.005409573 0.029428821
v -0.021098468 0.001917231 0.035127447
v -0.021912557 0.001103142 0.026172464
v -0.020090704 -0.006043385 0.031903763
v -0.021912557 -0.005409573 0.033499268
v -0.021912557 -0.002153216 0.035127447
f 3716 3709 3710
f 3716 3710 3711
f 3716 3711 3715
f 3717 3710 3709
f 3718 3714 3711
f 3718 3711 3710
f 3720 3719 3712
f 3720 3715 3711
f 3720 3711 3714
f 3721 3716 3715
f 3721 3715 3712
f 3721 3712 3719
f 3722 3717 3709
f 3722 3713 3717
f 3723 3714 3718
f 3723 3710 3717
f 3724 3720 3712
f 3724 3712 3715
f 3724 3715 3720
f 3725 3713 3719
f 3725 3719 3720
f 3725 3720 3714
f 3725 3723 3717
f 3725 3714 3723
f 3726 3721 3713
f 3726 3709 3716
f 3726 3716 3721
f 3726 3722 3709
f 3726 3713 3722
f 3727 3721 3719
f 3727 3719 3713
f 3727 3713 3721
f 3728 3723 3718
f 3728 3718 3710
f 3728 3710 3723
f 3729 3725 3717
f 3729 3713 3725
f 3730 3729 3717
f 3730 3717 3713
f 3730 3713 3729
o distal113
usemtl Material113
v 0.000745442 0.020389542 0.031865553
v 0.001045344 0.012373120 0.030669586
v 0.000881946 0.020641287 0.023730196
v -0.008073038 0.020641287 0.023730196
v -0.008683689 0.010384976 0.031872043
v -0.008073038 0.020641287 0.031871090
v -0.000746233 0.011686304 0.031871090
v -0.008496741 0.009506773 0.023116452
v 0.000536467 0.012987012 0.031429899
v 0.000871188 0.011751355 0.023716264
v -0.002374412 0.009244036 0.025358374
v -0.005630770 0.009244036 0.030242911
v -0.002374412 0.009244036 0.023730196
v 0.000067856 0.010872214 0.030242911
v -0.004816680 0.010058125 0.031871090
v -0.007258948 0.009244036 0.029428821
v -0.000746233 0.010058125 0.023730196
v -0.006444859 0.009244036 0.030242911
v -0.008073038 0.009244036 0.026172464
v -0.000746233 0.010058125 0.024544285
f 3731 3732 3733
f 3736 3731 3733
f 3736 3733 3734
f 3736 3734 3735
f 3737 3736 3735
f 3737 3731 3736
f 3738 3735 3734
f 3738 3734 3733
f 3739 3737 3732
f 3739 3732 3731
f 3739 3731 3737
f 3740 3738 3733
f 3740 3733 3732
f 3743 3741 3742
f 3744 3740 3732
f 3744 3732 3737
f 3744 3742 3741
f 3745 3737 3735
f 3745 3744 3737
f 3745 3742 3744
f 3746 3743 3742
f 3747 3743 3738
f 3747 3738 3740
f 3747 3740 3744
f 3747 3741 3743
f 3748 3745 3735
f 3748 3742 3745
f 3748 3746 3742
f 3748 3735 3746
f 3749 3746 3735
f 3749 3735 3738
f 3749 3738 3743
f 3749 3743 3746
f 3750 3747 3744
f 3750 3744 3741
f 3750 3741 3747
o distal114
usemtl Material114
v 0.016349644 0.011686304 -0.021858811
v 0.017977823 0.005173589 -0.021858811
v 0.017977823 0.010058125 -0.038954688
v 0.013907376 0.008429946 -0.040582867
v 0.012279197 0.005173589 -0.021858811
v 0.017977823 0.005173589 -0.039768777
v 0.013093287 0.014942661 -0.031627883
v 0.017977823 0.012500393 -0.025115168
v 0.017163733 0.008429946 -0.040582867
v 0.012322498 0.005225314 -0.039810192
v 0.013093287 0.010872214 -0.038954688
v 0.012064957 0.012592987 -0.021926352
v 0.017977823 0.009244036 -0.021858811
v 0.017163733 0.014128572 -0.032441973
v 0.017977823 0.009244036 -0.039768777
v 0.017163733 0.005173589 -0.040582867
v 0.012075510 0.013373983 -0.032365723
v 0.012279197 0.009244036 -0.039768777
v 0.015535555 0.010058125 -0.039768777
v 0.013093287 0.013314483 -0.021858811
v 0.012182063 0.007334944 -0.039917688
v 0.017977823 0.010872214 -0.022672900
v 0.017977823 0.013314483 -0.033256062
v 0.016349644 0.014128572 -0.033256062
v 0.012279197 0.011686304 -0.037326509
v 0.012279197 0.014128572 -0.023486989
v 0.013093287 0.010058125 -0.039768777
v 0.015535555 0.013314483 -0.023486989
v 0.017163733 0.010872214 -0.021858811
v 0.017977823 0.013314483 -0.029185615
v 0.013907376 0.013314483 -0.034884241
v 0.014721465 0.014942661 -0.031627883
v 0.015535555 0.010872214 -0.038954688
v 0.017977823 0.011686304 -0.036512420
v 0.012205000 0.012860000 -0.034409001
v 0.016349644 0.013314483 -0.024301079
v 0.013093287 0.014128572 -0.023486989
v 0.014721465 0.014942661 -0.029999705
v 0.017163733 0.014128572 -0.029999705
v 0.013093287 0.014942661 -0.029999705
v 0.013907376 0.014128572 -0.024301079
f 3755 3752 3751
f 3756 3753 3752
f 3756 3752 3755
f 3758 3752 3753
f 3763 3751 3752
f 3763 3752 3758
f 3765 3753 3756
f 3765 3756 3759
f 3766 3756 3755
f 3766 3755 3760
f 3766 3759 3756
f 3766 3760 3754
f 3766 3754 3759
f 3769 3759 3754
f 3769 3765 3759
f 3769 3753 3765
f 3770 3762 3755
f 3770 3755 3751
f 3771 3760 3755
f 3771 3755 3762
f 3771 3762 3767
f 3771 3767 3768
f 3771 3768 3754
f 3771 3754 3760
f 3772 3763 3758
f 3772 3758 3751
f 3773 3758 3753
f 3775 3768 3767
f 3775 3761 3768
f 3776 3767 3762
f 3776 3757 3767
f 3776 3762 3770
f 3777 3768 3761
f 3777 3754 3768
f 3777 3769 3754
f 3777 3761 3769
f 3778 3770 3751
f 3779 3772 3751
f 3779 3751 3763
f 3779 3763 3772
f 3780 3773 3764
f 3780 3758 3773
f 3781 3757 3774
f 3781 3775 3757
f 3781 3761 3775
f 3782 3774 3757
f 3782 3764 3774
f 3783 3769 3761
f 3783 3781 3774
f 3783 3761 3781
f 3783 3753 3769
f 3784 3773 3753
f 3784 3783 3774
f 3784 3753 3783
f 3784 3774 3764
f 3784 3764 3773
f 3785 3775 3767
f 3785 3767 3757
f 3785 3757 3775
f 3786 3778 3751
f 3786 3751 3758
f 3787 3776 3770
f 3787 3770 3778
f 3787 3778 3786
f 3788 3782 3757
f 3788 3776 3787
f 3788 3764 3782
f 3789 3786 3758
f 3789 3758 3780
f 3789 3780 3764
f 3789 3764 3788
f 3790 3788 3757
f 3790 3757 3776
f 3790 3776 3788
f 3791 3788 3787
f 3791 3787 3786
f 3791 3789 3788
f 3791 3786 3789
o distal115
usemtl Material115
v 0.007394661 0.006801767 -0.004762933
v 0.007394661 -0.007851842 -0.004762933
v 0.007394661 0.006801767 -0.021858811
v 0.000881946 0.006801767 -0.021858811
v 0.000881946 -0.007851842 -0.004762933
v 0.000881946 -0.007851842 -0.021858811
v 0.000881946 0.006801767 -0.004762933
v 0.007394661 -0.007851842 -0.021858811
f 3792 3793 3794
f 3792 3794 3795
f 3796 3793 3792
f 3797 3795 3794
f 3797 3796 3795
f 3797 3793 3796
f 3798 3796 3792
f 3798 3792 3795
f 3798 3795 3796
f 3799 3797 3794
f 3799 3794 3793
f 3799 3793 3797
o distal116
usemtl Material116
v 0.019606002 0.013314483 -0.030813794
v 0.022862359 -0.007851842 -0.030813794
v 0.022862359 0.004359499 -0.040582867
v 0.018791912 0.005173589 -0.040582867
v 0.017977823 -0.007851842 -0.030813794
v 0.018791912 0.010872214 -0.037326509
v 0.022862359 0.005987678 -0.030813794
v 0.021317463 0.009776767 -0.030751414
v 0.022881278 -0.007842410 -0.039588895
v 0.022862359 0.007615857 -0.036512420
v 0.020420091 0.006801767 -0.039768777
v 0.017817716 0.012883557 -0.030883636
v 0.017965212 -0.007801613 -0.039262532
v 0.022048270 -0.004595484 -0.040582867
v 0.020420091 0.010872214 -0.035698330
v 0.022862359 0.008429946 -0.033256062
v 0.022048270 0.005987678 -0.039768777
v 0.021234180 0.005173589 -0.040582867
v 0.017977823 0.006801767 -0.039768777
v 0.017977823 0.013314483 -0.033256062
v 0.022862359 -0.004595484 -0.040582867
v 0.017977823 -0.001339127 -0.040582867
v 0.022048270 0.010058125 -0.033256062
v 0.022862359 0.005987678 -0.038954688
v 0.017867969 0.010435880 -0.037085564
v 0.018791912 0.013314483 -0.033256062
v 0.019606002 -0.002967305 -0.040582867
v 0.017977823 0.004359499 -0.040582867
v 0.022862359 0.008429946 -0.034884241
v 0.019606002 0.013314483 -0.031627883
f 3807 3804 3801
f 3807 3800 3804
f 3807 3801 3806
f 3808 3801 3804
f 3808 3806 3801
f 3811 3804 3800
f 3812 3808 3804
f 3812 3804 3811
f 3813 3803 3802
f 3813 3808 3812
f 3815 3800 3807
f 3815 3807 3806
f 3815 3806 3808
f 3816 3810 3805
f 3816 3805 3814
f 3817 3802 3803
f 3817 3803 3810
f 3817 3816 3802
f 3817 3810 3816
f 3818 3810 3803
f 3818 3805 3810
f 3819 3811 3800
f 3820 3813 3802
f 3820 3802 3808
f 3820 3808 3813
f 3821 3803 3813
f 3822 3800 3815
f 3823 3816 3814
f 3823 3814 3809
f 3823 3802 3816
f 3823 3809 3808
f 3823 3808 3802
f 3824 3811 3819
f 3824 3821 3812
f 3824 3812 3811
f 3824 3819 3805
f 3824 3805 3818
f 3825 3814 3805
f 3825 3805 3819
f 3825 3819 3800
f 3826 3821 3813
f 3826 3813 3812
f 3826 3812 3821
f 3827 3818 3803
f 3827 3803 3821
f 3827 3824 3818
f 3827 3821 3824
f 3828 3809 3814
f 3828 3814 3822
f 3828 3822 3815
f 3828 3815 3808
f 3828 3808 3809
f 3829 3822 3814
f 3829 3814 3825
f 3829 3825 3800
f 3829 3800 3822
o distal117
usemtl Material117
v 0.019606002 0.008429946 -0.021858811
v 0.022862359 0.005987678 -0.025115168
v 0.022048270 0.010872214 -0.027557436
v 0.017817716 0.012883557 -0.030883636
v 0.017977823 0.005173589 -0.030813794
v 0.019606002 0.011686304 -0.025115168
v 0.022862359 0.008429946 -0.026743347
v 0.017977823 0.005173589 -0.021858811
v 0.021975287 0.005015289 -0.030829050
v 0.020420091 0.010058125 -0.024301079
v 0.018791912 0.013314483 -0.029999705
v 0.022048270 0.006801767 -0.024301079
v 0.019889685 0.004909614 -0.022074440
v 0.017775876 0.012714565 -0.030290196
v 0.017900264 0.008050801 -0.022134715
v 0.018517453 0.012631662 -0.030907752
v 0.022862359 0.008429946 -0.029999705
v 0.020420091 0.011686304 -0.025929258
v 0.020420091 0.006801767 -0.021858811
v 0.022510610 0.004815366 -0.025479272
v 0.017831509 0.011267536 -0.025573246
v 0.022862359 0.006801767 -0.029999705
v 0.021317463 0.009776767 -0.030751414
v 0.022048270 0.010872214 -0.029999705
v 0.022539724 0.004827826 -0.028324794
f 3839 3835 3830
f 3839 3836 3832
f 3839 3830 3836
f 3841 3836 3830
f 3841 3831 3836
f 3842 3837 3834
f 3843 3833 3834
f 3843 3840 3833
f 3844 3837 3830
f 3844 3830 3835
f 3844 3843 3834
f 3844 3834 3837
f 3845 3838 3834
f 3845 3834 3833
f 3845 3833 3840
f 3846 3832 3836
f 3846 3836 3831
f 3847 3839 3832
f 3847 3835 3839
f 3847 3840 3835
f 3847 3832 3840
f 3848 3830 3837
f 3848 3837 3842
f 3848 3841 3830
f 3848 3842 3831
f 3848 3831 3841
f 3849 3831 3842
f 3850 3835 3840
f 3850 3840 3843
f 3850 3844 3835
f 3850 3843 3844
f 3851 3846 3831
f 3851 3838 3846
f 3852 3846 3838
f 3852 3838 3845
f 3853 3840 3832
f 3853 3832 3846
f 3853 3846 3852
f 3853 3852 3845
f 3853 3845 3840
f 3854 3849 3842
f 3854 3842 3834
f 3854 3834 3838
f 3854 3838 3851
f 3854 3851 3831
f 3854 3831 3849
o distal118
usemtl Material118
v 0.000777493 0.020358884 -0.004743497
v 0.000881946 0.015756751 -0.004762933
v 0.000881946 0.015756751 -0.008019291
v -0.011884391 0.021223176 -0.008248629
v -0.012143485 0.015756751 -0.004762933
v 0.000067856 0.021455377 -0.007205201
v -0.000209527 0.020740813 -0.004720218
v -0.012143485 0.015756751 -0.008019291
v 0.000630536 0.020013204 -0.007621280
v -0.010515306 0.021455377 -0.004762933
v -0.001560323 0.022269466 -0.004762933
v -0.012143485 0.021455377 -0.007205201
v -0.004816680 0.021455377 -0.008019291
v -0.005630770 0.023083555 -0.004762933
v -0.012104632 0.020557707 -0.004768976
v -0.004002591 0.023083555 -0.004762933
v -0.011329395 0.021455377 -0.005577023
v -0.005630770 0.023083555 -0.005577023
v -0.001560323 0.022269466 -0.005577023
v -0.004002591 0.023083555 -0.005577023
f 3855 3856 3857
f 3859 3857 3856
f 3861 3859 3856
f 3861 3856 3855
f 3862 3858 3857
f 3862 3857 3859
f 3863 3860 3855
f 3863 3855 3857
f 3864 3859 3861
f 3865 3861 3855
f 3865 3855 3860
f 3866 3862 3859
f 3866 3858 3862
f 3867 3863 3857
f 3867 3857 3858
f 3867 3860 3863
f 3868 3864 3861
f 3869 3866 3859
f 3869 3859 3864
f 3870 3868 3861
f 3870 3861 3865
f 3871 3868 3866
f 3871 3864 3868
f 3871 3869 3864
f 3871 3866 3869
f 3872 3867 3858
f 3872 3858 3866
f 3872 3866 3868
f 3872 3868 3870
f 3873 3870 3865
f 3873 3865 3860
f 3874 3872 3870
f 3874 3860 3867
f 3874 3867 3872
f 3874 3873 3860
f 3874 3870 3873
o distal119
usemtl Material119
v 0.012025653 0.013554067 -0.030755418
v 0.012279197 0.005173589 -0.030813794
v 0.012279197 0.008429946 -0.040582867
v 0.007394661 0.006801767 -0.040582867
v 0.007394661 0.005173589 -0.030813794
v 0.012322498 0.005225314 -0.039810192
v 0.007394661 0.014128572 -0.034070151
v 0.012279197 0.014128572 -0.033256062
v 0.010421450 0.014180930 -0.030681678
v 0.010651018 0.005173589 -0.040582867
v 0.007394661 0.010872214 -0.039768777
v 0.007160211 0.011111057 -0.038471296
v 0.012279197 0.012500393 -0.036512420
v 0.007310563 0.013718885 -0.030742944
v 0.010651018 0.014942661 -0.031627883
v 0.007407398 0.005188741 -0.039542804
v 0.010651018 0.009244036 -0.040582867
v 0.009022840 0.011686304 -0.038954688
v 0.009836929 0.013314483 -0.035698330
v 0.008208750 0.014942661 -0.030813794
v 0.009022840 0.010872214 -0.039768777
v 0.008208750 0.014128572 -0.034070151
v 0.008208750 0.014942661 -0.031627883
f 3882 3875 3876
f 3882 3876 3880
f 3883 3879 3876
f 3883 3876 3875
f 3884 3878 3877
f 3884 3877 3880
f 3884 3880 3876
f 3884 3876 3879
f 3886 3885 3878
f 3886 3881 3885
f 3887 3882 3880
f 3887 3880 3877
f 3888 3879 3883
f 3888 3886 3879
f 3888 3881 3886
f 3889 3883 3875
f 3889 3875 3882
f 3890 3884 3879
f 3890 3878 3884
f 3890 3886 3878
f 3890 3879 3886
f 3891 3877 3878
f 3891 3878 3885
f 3892 3885 3881
f 3892 3887 3877
f 3893 3889 3882
f 3893 3882 3887
f 3893 3887 3892
f 3894 3888 3883
f 3894 3883 3889
f 3894 3881 3888
f 3895 3891 3885
f 3895 3885 3892
f 3895 3892 3877
f 3895 3877 3891
f 3896 3881 3889
f 3896 3889 3893
f 3896 3893 3892
f 3896 3892 3881
f 3897 3894 3889
f 3897 3889 3881
f 3897 3881 3894
o distal120
usemtl Material120
v 0.009924821 0.011900195 0.014052111
v 0.009818558 -0.018408622 0.013937076
v 0.009836929 -0.018435004 0.005006140
v 0.000881946 0.011686304 0.005006140
v 0.000881946 -0.018435004 0.013961123
v 0.009839744 0.011816353 0.005163539
v 0.000881946 0.011686304 0.013961123
v 0.000881946 -0.018435004 0.005006140
f 3898 3899 3900
f 3902 3899 3898
f 3902 3900 3899
f 3903 3898 3900
f 3903 3900 3901
f 3903 3901 3898
f 3904 3902 3898
f 3904 3898 3901
f 3904 3901 3902
f 3905 3902 3901
f 3905 3901 3900
f 3905 3900 3902
o distal121
usemtl Material121
v -0.007258948 0.026339913 0.023730196
v -0.007258948 0.020641287 0.023730196
v -0.007258948 0.020641287 0.013961123
v -0.013771664 0.026339913 0.013961123
v -0.017028021 0.021455377 0.023730196
v -0.007258948 0.026339913 0.013961123
v -0.014123561 0.026179264 0.023714792
v -0.016412961 0.020368926 0.023710166
v -0.014703584 0.021163897 0.013921716
v -0.015399842 0.025525824 0.023730196
v -0.014585753 0.026339913 0.018845659
v -0.015006288 0.020464298 0.013939245
v -0.017028021 0.021455377 0.016403391
v -0.015399842 0.025525824 0.016403391
v -0.016213932 0.023897645 0.021287927
v -0.017028021 0.020641287 0.016403391
v -0.016213932 0.023897645 0.016403391
f 3906 3907 3908
f 3910 3907 3906
f 3911 3906 3908
f 3911 3909 3906
f 3913 3908 3907
f 3913 3907 3910
f 3914 3911 3908
f 3914 3909 3911
f 3915 3910 3906
f 3915 3906 3912
f 3916 3912 3906
f 3916 3906 3909
f 3916 3915 3912
f 3917 3914 3908
f 3917 3908 3913
f 3917 3909 3914
f 3918 3909 3917
f 3919 3916 3909
f 3919 3915 3916
f 3920 3918 3910
f 3920 3910 3915
f 3920 3915 3919
f 3921 3918 3917
f 3921 3917 3913
f 3921 3913 3910
f 3921 3910 3918
f 3922 3919 3909
f 3922 3909 3918
f 3922 3920 3919
f 3922 3918 3920
o distal122
usemtl Material122
v 0.013842662 -0.009454129 0.023730274
v 0.014721465 -0.013550467 0.023730196
v 0.013907376 -0.011108199 0.019659749
v 0.011726317 -0.009615847 0.019140456
v 0.008208750 -0.017620914 0.020473838
v 0.013407227 -0.009269518 0.020160490
v 0.014721465 -0.011108199 0.022916106
v 0.009836929 -0.017620914 0.022916106
v 0.011465108 -0.009480020 0.020473838
v 0.011465108 -0.017620914 0.019659749
v 0.014721465 -0.011108199 0.023730196
v 0.014721465 -0.013550467 0.022916106
v 0.011952704 -0.018303832 0.023773149
v 0.008206979 -0.015996728 0.019637923
v 0.012279197 -0.011108199 0.023730196
v 0.013093287 -0.017620914 0.022102017
v 0.012352326 -0.017323699 0.023823369
v 0.010369678 -0.018752894 0.022536259
v 0.009163909 -0.018466847 0.019482101
v 0.011465108 -0.013550467 0.023730196
v 0.008208750 -0.015992736 0.020473838
v 0.013907376 -0.015178646 0.022102017
v 0.013907376 -0.015992736 0.023730196
v 0.011815713 -0.018585466 0.023632651
v 0.008308466 -0.017354170 0.019409034
v 0.009022840 -0.018435004 0.020473838
v 0.013907376 -0.015992736 0.022916106
v 0.012279197 -0.018435004 0.022102017
f 3928 3925 3926
f 3929 3928 3923
f 3929 3925 3928
f 3931 3928 3926
f 3931 3923 3928
f 3932 3926 3925
f 3933 3929 3923
f 3933 3924 3929
f 3934 3929 3924
f 3934 3925 3929
f 3936 3931 3926
f 3937 3923 3931
f 3938 3932 3925
f 3939 3933 3923
f 3939 3923 3937
f 3939 3924 3933
f 3940 3930 3927
f 3941 3926 3932
f 3942 3930 3935
f 3942 3939 3937
f 3942 3935 3939
f 3943 3937 3931
f 3943 3931 3936
f 3943 3942 3937
f 3943 3936 3927
f 3943 3927 3930
f 3943 3930 3942
f 3944 3938 3925
f 3944 3925 3934
f 3945 3934 3924
f 3945 3939 3935
f 3945 3924 3939
f 3946 3935 3930
f 3946 3930 3940
f 3946 3945 3935
f 3946 3938 3945
f 3947 3941 3927
f 3947 3927 3936
f 3947 3936 3926
f 3947 3926 3941
f 3948 3941 3940
f 3948 3940 3927
f 3948 3927 3941
f 3949 3945 3938
f 3949 3934 3945
f 3949 3944 3934
f 3949 3938 3944
f 3950 3946 3940
f 3950 3940 3941
f 3950 3941 3932
f 3950 3932 3938
f 3950 3938 3946
o distal123
usemtl Material123
v -0.026797094 0.018199019 -0.005577023
v -0.025568518 0.007841842 -0.006181661
v -0.025572051 0.024483209 -0.013925189
v -0.031831108 0.026011162 -0.013737933
v -0.031681630 0.008429946 -0.008019291
v -0.027611183 0.023897645 -0.009647470
v -0.025618018 0.018869404 -0.006782180
v -0.027611183 0.010058125 -0.005577023
v -0.031681630 0.022269466 -0.008019291
v -0.025983004 0.007615857 -0.013717917
v -0.030053451 0.026339913 -0.012903827
v -0.025983004 0.017384930 -0.005577023
v -0.025983004 0.021455377 -0.008019291
v -0.026797094 0.007615857 -0.005577023
v -0.031887922 0.025895526 -0.013217962
v -0.028425273 0.018199019 -0.005577023
v -0.031681630 0.007615857 -0.013717917
v -0.025983004 0.024711734 -0.012089738
v -0.030053451 0.026339913 -0.013717917
v -0.030053451 0.023897645 -0.009647470
v -0.027611183 0.023083555 -0.008833380
v -0.025983004 0.023083555 -0.009647470
v -0.031681630 0.017384930 -0.007205201
v -0.031681630 0.023083555 -0.008833380
v -0.031681630 0.007615857 -0.008833380
v -0.030867541 0.022269466 -0.008019291
v -0.031681630 0.013314483 -0.007205201
v -0.030867541 0.007615857 -0.008019291
v -0.028425273 0.013314483 -0.005577023
f 3957 3952 3953
f 3960 3953 3952
f 3962 3952 3957
f 3962 3951 3958
f 3963 3962 3957
f 3963 3951 3962
f 3964 3958 3955
f 3964 3962 3958
f 3964 3952 3962
f 3964 3960 3952
f 3965 3961 3954
f 3966 3958 3951
f 3966 3951 3959
f 3967 3954 3953
f 3967 3953 3960
f 3967 3965 3954
f 3967 3960 3964
f 3968 3961 3956
f 3969 3953 3954
f 3969 3954 3961
f 3969 3968 3953
f 3969 3961 3968
f 3970 3956 3961
f 3971 3951 3963
f 3971 3956 3970
f 3972 3963 3957
f 3972 3957 3953
f 3972 3953 3968
f 3972 3968 3956
f 3972 3971 3963
f 3972 3956 3971
f 3973 3959 3965
f 3973 3966 3959
f 3974 3965 3959
f 3974 3961 3965
f 3974 3970 3961
f 3974 3971 3970
f 3974 3959 3971
f 3975 3955 3965
f 3975 3965 3967
f 3975 3967 3964
f 3976 3971 3959
f 3976 3959 3951
f 3976 3951 3971
f 3977 3973 3965
f 3977 3965 3955
f 3977 3955 3958
f 3977 3966 3973
f 3978 3975 3964
f 3978 3964 3955
f 3978 3955 3975
f 3979 3977 3958
f 3979 3958 3966
f 3979 3966 3977
o distal124
usemtl Material124
v 0.012064957 0.012592987 -0.021926352
v 0.012279197 0.005173589 -0.021858811
v 0.012279197 0.005173589 -0.030813794
v 0.000804700 0.016364368 -0.030792281
v 0.000881946 0.005173589 -0.021858811
v 0.011465108 0.014942661 -0.030813794
v 0.012279197 0.014942661 -0.024301079
v 0.002510124 0.017384930 -0.021858811
v 0.000881946 0.005173589 -0.030813794
v 0.012025653 0.013554067 -0.030755418
v 0.006580571 0.015756751 -0.021858811
v 0.000793280 0.017158980 -0.021860469
v 0.005766482 0.017384930 -0.026743347
v 0.002510124 0.016570840 -0.030813794
v 0.012279197 0.014942661 -0.027557436
v 0.011465108 0.014942661 -0.023486989
v 0.000604944 0.016682475 -0.027493697
v 0.005766482 0.017384930 -0.023486989
v 0.007394661 0.016570840 -0.028371526
v 0.008208750 0.016570840 -0.024301079
v 0.008208750 0.016570840 -0.027557436
v 0.001696035 0.017384930 -0.027557436
v 0.009836929 0.015756751 -0.023486989
f 3984 3982 3981
f 3986 3980 3981
f 3986 3981 3982
f 3987 3984 3981
f 3988 3982 3984
f 3988 3985 3982
f 3989 3982 3985
f 3990 3987 3981
f 3990 3981 3980
f 3991 3984 3987
f 3993 3988 3983
f 3993 3985 3988
f 3994 3986 3982
f 3994 3982 3989
f 3994 3989 3985
f 3995 3990 3980
f 3995 3980 3986
f 3996 3988 3984
f 3996 3984 3991
f 3996 3983 3988
f 3997 3992 3987
f 3998 3993 3992
f 3998 3992 3985
f 3998 3985 3993
f 3999 3986 3994
f 3999 3997 3986
f 3999 3992 3997
f 4000 3994 3985
f 4000 3985 3992
f 4000 3999 3994
f 4000 3992 3999
f 4001 3996 3991
f 4001 3991 3987
f 4001 3987 3992
f 4001 3992 3993
f 4001 3993 3983
f 4001 3983 3996
f 4002 3995 3986
f 4002 3986 3997
f 4002 3990 3995
f 4002 3997 3987
f 4002 3987 3990
o distal125
usemtl Material125
v -0.034937988 0.027968092 -0.014532006
v -0.025937477 0.027102975 -0.021141566
v -0.037380256 0.031224449 -0.025929258
v -0.047634002 0.030750999 -0.027988000
v -0.049420774 0.027088439 -0.027559387
v -0.043078882 0.030410360 -0.020230632
v -0.026797094 0.028782181 -0.022672900
v -0.042296211 0.026623910 -0.016453271
v -0.025969263 0.027189113 -0.027560281
v -0.036566167 0.028782181 -0.015346095
v -0.047963418 0.031224449 -0.026743347
v -0.025854363 0.027435454 -0.021359122
v -0.035086780 0.026821282 -0.014890337
v -0.031681630 0.030410360 -0.027557436
v -0.049297443 0.026909677 -0.024335081
v -0.040636614 0.031224449 -0.024301079
v -0.034937988 0.030410360 -0.023486989
v -0.039008435 0.027968092 -0.014532006
v -0.037380256 0.031224449 -0.027557436
v -0.048777508 0.030410360 -0.027557436
v -0.026797094 0.028782181 -0.026743347
v -0.029239362 0.029596271 -0.027557436
v -0.029239362 0.029596271 -0.024301079
v -0.044707061 0.027968092 -0.017788364
v -0.042264792 0.030410360 -0.020230632
v -0.042264792 0.031224449 -0.024301079
v -0.038978427 0.027086019 -0.014534456
v -0.039008435 0.028782181 -0.015346095
v -0.048777508 0.030410360 -0.025115168
v -0.031681630 0.030410360 -0.026743347
v -0.044225998 0.026835000 -0.017829999
v -0.042264792 0.027968092 -0.016160185
v -0.049591597 0.027968092 -0.024301079
v -0.043892971 0.029596271 -0.019416542
v -0.048777508 0.029596271 -0.024301079
v -0.049591597 0.028782181 -0.025115168
f 4011 4007 4006
f 4011 4004 4010
f 4012 4003 4009
f 4014 4009 4003
f 4014 4003 4004
f 4014 4004 4011
f 4015 4010 4004
f 4015 4004 4003
f 4017 4011 4010
f 4017 4007 4011
f 4018 4012 4005
f 4018 4005 4013
f 4019 4005 4012
f 4020 4003 4012
f 4021 4013 4005
f 4021 4006 4013
f 4021 4016 4006
f 4021 4005 4016
f 4022 4013 4006
f 4022 4006 4007
f 4023 4014 4011
f 4023 4009 4014
f 4024 4011 4006
f 4024 4006 4016
f 4024 4023 4011
f 4024 4009 4023
f 4025 4024 4016
f 4025 4009 4024
f 4025 4005 4019
f 4025 4019 4012
f 4025 4012 4009
f 4027 4018 4008
f 4027 4008 4012
f 4027 4012 4018
f 4028 4018 4013
f 4028 4013 4008
f 4028 4008 4018
f 4029 4015 4003
f 4029 4003 4020
f 4029 4010 4015
f 4030 4020 4012
f 4030 4012 4008
f 4031 4013 4022
f 4031 4008 4013
f 4032 4025 4016
f 4032 4016 4005
f 4032 4005 4025
f 4033 4026 4017
f 4033 4017 4010
f 4033 4010 4026
f 4034 4026 4010
f 4034 4010 4029
f 4034 4029 4020
f 4034 4020 4030
f 4035 4017 4026
f 4035 4007 4017
f 4036 4031 4026
f 4036 4008 4031
f 4036 4026 4034
f 4036 4034 4030
f 4036 4030 4008
f 4037 4035 4026
f 4037 4026 4031
f 4038 4031 4022
f 4038 4022 4007
f 4038 4007 4035
f 4038 4037 4031
f 4038 4035 4037
o distal126
usemtl Material126
v -0.008887127 -0.011922289 0.059550129
v -0.008732577 -0.013950582 0.057649815
v -0.015399842 -0.004595484 0.048966967
v -0.017523045 -0.004679628 0.047319453
v -0.015399842 -0.011108199 0.054665593
v -0.013879462 -0.012982472 0.047384777
v -0.008887127 -0.011922289 0.056293771
v -0.010515306 -0.012736378 0.059550129
v -0.014585753 -0.004595484 0.058736040
v -0.016213932 -0.004595484 0.047338788
v -0.016213932 -0.012736378 0.047338788
v -0.008884538 -0.014357496 0.053851216
v -0.008887127 -0.012736378 0.059550129
v -0.017842111 -0.005409573 0.050595146
v -0.014585753 -0.009480020 0.057921950
v -0.010515306 -0.011108199 0.059550129
v -0.013771664 -0.004595484 0.053851503
v -0.017842111 -0.004595484 0.050595146
v -0.013771664 -0.011922289 0.047338788
v -0.011329395 -0.014364557 0.056293771
v -0.010515306 -0.012736378 0.051409235
v -0.012143485 -0.014364557 0.051409235
v -0.009701217 -0.014364557 0.057921950
v -0.017842111 -0.008665931 0.049781056
v -0.013771664 -0.011108199 0.057921950
v -0.014585753 -0.006223663 0.058736040
v -0.009701217 -0.011108199 0.059550129
v -0.012957574 -0.005409573 0.058736040
v -0.016213932 -0.012736378 0.050595146
v -0.010410444 -0.014097923 0.051314538
v -0.017842111 -0.008665931 0.047338788
v -0.012957574 -0.011108199 0.058736040
v -0.012957574 -0.011922289 0.057921950
v -0.013771664 -0.004595484 0.058736040
v -0.012957574 -0.005409573 0.056293771
v -0.012143485 -0.014364557 0.052223324
v -0.012957574 -0.013550467 0.055479682
v -0.013771664 -0.013550467 0.053851503
v -0.014585753 -0.012736378 0.053851503
f 4045 4039 4040
f 4048 4047 4041
f 4050 4045 4040
f 4051 4040 4039
f 4051 4039 4046
f 4054 4047 4046
f 4054 4046 4039
f 4055 4045 4041
f 4055 4041 4047
f 4056 4048 4042
f 4056 4047 4048
f 4056 4052 4047
f 4057 4044 4049
f 4057 4049 4042
f 4057 4042 4048
f 4059 4048 4041
f 4059 4041 4045
f 4059 4045 4050
f 4059 4057 4048
f 4060 4049 4044
f 4061 4051 4046
f 4061 4040 4051
f 4061 4046 4058
f 4061 4050 4040
f 4061 4060 4050
f 4061 4058 4060
f 4062 4043 4053
f 4062 4052 4056
f 4063 4053 4043
f 4064 4046 4047
f 4064 4047 4052
f 4064 4062 4053
f 4064 4052 4062
f 4065 4054 4039
f 4065 4047 4054
f 4066 4039 4045
f 4067 4049 4060
f 4067 4062 4049
f 4067 4043 4062
f 4067 4063 4043
f 4068 4059 4050
f 4068 4044 4057
f 4068 4057 4059
f 4068 4060 4044
f 4068 4050 4060
f 4069 4042 4049
f 4069 4049 4062
f 4069 4062 4056
f 4069 4056 4042
f 4070 4053 4063
f 4070 4064 4053
f 4070 4046 4064
f 4071 4058 4046
f 4071 4070 4063
f 4071 4046 4070
f 4072 4066 4055
f 4072 4055 4047
f 4072 4047 4065
f 4072 4065 4039
f 4072 4039 4066
f 4073 4066 4045
f 4073 4045 4055
f 4073 4055 4066
f 4074 4067 4060
f 4074 4060 4058
f 4075 4058 4071
f 4075 4071 4063
f 4076 4074 4058
f 4076 4067 4074
f 4076 4075 4067
f 4076 4058 4075
f 4077 4075 4063
f 4077 4063 4067
f 4077 4067 4075
o distal127
usemtl Material127
v -0.017028021 -0.006223663 0.044082430
v -0.013484379 -0.016864962 0.043181069
v -0.013771664 -0.015992736 0.040011984
v -0.021098468 -0.006223663 0.031871090
v -0.017842111 -0.015992736 0.040826073
v -0.020090704 -0.006043385 0.031903763
v -0.013771664 -0.014364557 0.043268341
v -0.017842111 -0.012736378 0.044082430
v -0.017240464 -0.016391692 0.031904935
v -0.017842111 -0.006223663 0.039197894
v -0.021098468 -0.006223663 0.036755626
v -0.014059370 -0.014950852 0.044236951
v -0.013422025 -0.017774468 0.039660294
v -0.015399842 -0.016806825 0.044082430
v -0.020284379 -0.013550467 0.034313358
v -0.017645470 -0.015949237 0.031857429
v -0.017028021 -0.006223663 0.043268341
v -0.018200703 -0.006221406 0.044057065
v -0.013690559 -0.016601098 0.044015164
v -0.014585753 -0.017620914 0.043268341
v -0.017606451 -0.014754137 0.031939613
v -0.016213932 -0.016806825 0.043268341
v -0.017028021 -0.014364557 0.044082430
v -0.018656200 -0.015178646 0.031871090
v -0.021098468 -0.008665931 0.036755626
v -0.020760094 -0.008292292 0.031826106
v -0.018656200 -0.010294110 0.044082430
v -0.014585753 -0.017620914 0.040011984
v -0.020284379 -0.013550467 0.035941537
v -0.020284379 -0.011108199 0.031871090
v -0.019470289 -0.007037752 0.043268341
v -0.019470289 -0.008665931 0.043268341
v -0.020284379 -0.010294110 0.039197894
f 4087 4080 4083
f 4087 4084 4080
f 4088 4083 4081
f 4089 4084 4078
f 4090 4084 4079
f 4090 4080 4084
f 4093 4083 4086
f 4094 4087 4083
f 4094 4083 4078
f 4094 4078 4084
f 4094 4084 4087
f 4095 4078 4083
f 4095 4083 4088
f 4095 4089 4078
f 4096 4079 4084
f 4096 4084 4089
f 4096 4089 4091
f 4097 4090 4079
f 4097 4096 4091
f 4097 4079 4096
f 4098 4090 4086
f 4098 4086 4083
f 4098 4083 4080
f 4098 4080 4090
f 4099 4097 4091
f 4099 4082 4086
f 4099 4086 4097
f 4100 4091 4089
f 4100 4089 4085
f 4100 4099 4091
f 4100 4085 4082
f 4100 4082 4099
f 4101 4086 4082
f 4101 4093 4086
f 4102 4088 4081
f 4102 4081 4092
f 4103 4081 4083
f 4103 4083 4093
f 4103 4093 4101
f 4103 4092 4081
f 4104 4085 4089
f 4104 4089 4095
f 4104 4082 4085
f 4105 4097 4086
f 4105 4086 4090
f 4105 4090 4097
f 4106 4102 4092
f 4106 4082 4104
f 4106 4101 4082
f 4106 4092 4101
f 4107 4103 4101
f 4107 4101 4092
f 4107 4092 4103
f 4108 4104 4095
f 4108 4095 4088
f 4108 4088 4102
f 4109 4106 4104
f 4109 4108 4102
f 4109 4104 4108
f 4110 4109 4102
f 4110 4102 4106
f 4110 4106 4109
